intersect_bp,f_orig_query,f_match,f_unique_to_query,f_unique_weighted,average_abund,median_abund,std_abund,filename,name,md5,f_match_orig,unique_intersect_bp,gather_result_rank,remaining_bp,query_filename,query_name,query_md5,query_bp,ksize,moltype,scaled,query_n_hashes,query_abundance,query_containment_ani,match_containment_ani,average_containment_ani,max_containment_ani,potential_false_negative,n_unique_weighted_found,sum_weighted_found,total_weighted_hashes,lineage
1160000,0.09764309764309764,0.4233576642335766,0.09764309764309764,0.05687347931873479,1.6120689655172413,1.0,0.8785916603226923,/group/ctbrowngrp5/sourmash-db.new/gtdb-rs226/gtdb-rs226-k51.dna.rocksdb,GCA_034104765.1 Bariatricus sp.,5fb309ac99bb26cd210eba81e4539c8d,0.4233576642335766,1160000,0,10720000,outputs.mapping/bams.cds.rand/ERR1135289.x.s__Bariatricus sp004560705.fastq.gz,ERR1135289.x.s__Bariatricus sp004560705,443b4598,11880000,51,DNA,10000,1188,True,0.9554083882713034,0.9832875442074208,0.969347966239362,0.9832875442074208,False,187,187,3288,d__Bacteria;p__Bacillota;c__Clostridia;o__Lachnospirales;f__Lachnospiraceae;g__Bariatricus;s__Bariatricus sp004560705
1090000,0.09175084175084175,0.10822510822510822,0.021043771043771045,0.010948905109489052,1.44,1.0,0.5713142742834281,/group/ctbrowngrp5/sourmash-db.new/gtdb-rs226/gtdb-rs226-k51.dna.rocksdb,GCA_945829055.1 uncultured bacterium,d1ff92fc097a416645f4b64ba1a58b7b,0.47186147186147187,250000,1,10470000,outputs.mapping/bams.cds.rand/ERR1135289.x.s__Bariatricus sp004560705.fastq.gz,ERR1135289.x.s__Bariatricus sp004560705,443b4598,11880000,51,DNA,10000,1188,True,0.9542430833498213,0.9853810504415803,0.9698120668957009,0.9853810504415803,False,36,223,3288,d__Bacteria;p__Bacillota;c__Clostridia;o__Lachnospirales;f__Lachnospiraceae;g__Bariatricus;s__Bariatricus sp004560705
250000,0.021043771043771045,0.06613756613756613,0.021043771043771045,0.13381995133819952,17.6,5.0,52.52808772456884,/group/ctbrowngrp5/sourmash-db.new/gtdb-rs226/gtdb-rs226-k51.dna.rocksdb,GCF_040096555.1 Coprococcus intestinihominis,b0eaca5ba589f9715c39079e7665ea4d,0.06613756613756613,250000,2,10220000,outputs.mapping/bams.cds.rand/ERR1135289.x.s__Bariatricus sp004560705.fastq.gz,ERR1135289.x.s__Bariatricus sp004560705,443b4598,11880000,51,DNA,10000,1188,True,0.9270861006533306,0.9481379578358256,0.9376120292445781,0.9481379578358256,False,440,663,3288,d__Bacteria;p__Bacillota;c__Clostridia;o__Lachnospirales;f__Lachnospiraceae;g__Coprococcus_A;s__Coprococcus_A intestinihominis
200000,0.016835016835016835,0.04455445544554455,0.015151515151515152,0.0340632603406326,6.222222222222222,4.0,6.1513824602961815,/group/ctbrowngrp5/sourmash-db.new/gtdb-rs226/gtdb-rs226-k51.dna.rocksdb,GCA_022775705.1 Eubacterium sp.,895622936599ee0e13c179c7da9ce09a,0.04950495049504951,180000,3,10040000,outputs.mapping/bams.cds.rand/ERR1135289.x.s__Bariatricus sp004560705.fastq.gz,ERR1135289.x.s__Bariatricus sp004560705,443b4598,11880000,51,DNA,10000,1188,True,0.9230386227852195,0.9427680913726931,0.9329033570789563,0.9427680913726931,False,112,775,3288,d__Bacteria;p__Bacillota;c__Clostridia;o__Lachnospirales;f__Lachnospiraceae;g__Oliverpabstia;s__Oliverpabstia sp022764165
240000,0.020202020202020204,0.05723905723905724,0.01430976430976431,0.015815085158150853,3.0588235294117645,2.0,3.7647058823529416,/group/ctbrowngrp5/sourmash-db.new/gtdb-rs226/gtdb-rs226-k51.dna.rocksdb,GCF_009696065.1 Oliverpabstia intestinalis,73677b2e91ab00f52564bad2dbf630bb,0.08080808080808081,170000,4,9870000,outputs.mapping/bams.cds.rand/ERR1135289.x.s__Bariatricus sp004560705.fastq.gz,ERR1135289.x.s__Bariatricus sp004560705,443b4598,11880000,51,DNA,10000,1188,True,0.926344328861196,0.9518697929502845,0.9391070609057403,0.9518697929502845,False,52,827,3288,d__Bacteria;p__Bacillota;c__Clostridia;o__Lachnospirales;f__Lachnospiraceae;g__Oliverpabstia;s__Oliverpabstia intestinalis
170000,0.01430976430976431,0.04,0.010942760942760943,0.010644768856447688,2.6923076923076925,3.0,1.635407048113023,/group/ctbrowngrp5/sourmash-db.new/gtdb-rs226/gtdb-rs226-k51.dna.rocksdb,GCA_034086425.1 Oliverpabstia sp.,3e5d4b4fde161cf88ed9a189925e3d4b,0.052307692307692305,130000,5,9740000,outputs.mapping/bams.cds.rand/ERR1135289.x.s__Bariatricus sp004560705.fastq.gz,ERR1135289.x.s__Bariatricus sp004560705,443b4598,11880000,51,DNA,10000,1188,True,0.9201019073696112,0.9437866600532713,0.9319442837114412,0.9437866600532713,False,35,862,3288,d__Bacteria;p__Bacillota;c__Clostridia;o__Lachnospirales;f__Lachnospiraceae;g__Oliverpabstia;s__Oliverpabstia sp022764165
1140000,0.09595959595959595,0.0449438202247191,0.010101010101010102,0.008819951338199513,2.4166666666666665,1.0,2.2157893000513886,/group/ctbrowngrp5/sourmash-db.new/gtdb-rs226/gtdb-rs226-k51.dna.rocksdb,GCA_034089445.1 Bariatricus sp.,9d20418ff58b4b6be00dd7d677cf98ec,0.42696629213483145,120000,6,9620000,outputs.mapping/bams.cds.rand/ERR1135289.x.s__Bariatricus sp004560705.fastq.gz,ERR1135289.x.s__Bariatricus sp004560705,443b4598,11880000,51,DNA,10000,1188,True,0.9550826356436636,0.9834512020387385,0.9692669188412011,0.9834512020387385,False,29,891,3288,d__Bacteria;p__Bacillota;c__Clostridia;o__Lachnospirales;f__Lachnospiraceae;g__Bariatricus;s__Bariatricus sp004560705
110000,0.009259259259259259,0.04700854700854701,0.009259259259259259,0.009428223844282239,2.8181818181818183,2.0,2.442732516826255,/group/ctbrowngrp5/sourmash-db.new/gtdb-rs226/gtdb-rs226-k51.dna.rocksdb,GCA_022779605.1 Lachnobacterium sp.,50cd1a9ae18f4e55f69ca9d51073c99b,0.04700854700854701,110000,7,9510000,outputs.mapping/bams.cds.rand/ERR1135289.x.s__Bariatricus sp004560705.fastq.gz,ERR1135289.x.s__Bariatricus sp004560705,443b4598,11880000,51,DNA,10000,1188,True,0.9122816638494313,0.9418120691011688,0.9270468664753,0.9418120691011688,False,31,922,3288,d__Bacteria;p__Bacillota;c__Clostridia;o__Lachnospirales;f__Lachnospiraceae;g__Agathobacter;s__Agathobacter sp900549895
160000,0.013468013468013467,0.035842293906810034,0.008417508417508417,0.00851581508515815,2.8,2.0,1.6,/group/ctbrowngrp5/sourmash-db.new/gtdb-rs226/gtdb-rs226-k51.dna.rocksdb,GCA_022777285.1 Blautia sp.,43ee762ae656d5fd432ed4634f8d6505,0.05734767025089606,100000,8,9410000,outputs.mapping/bams.cds.rand/ERR1135289.x.s__Bariatricus sp004560705.fastq.gz,ERR1135289.x.s__Bariatricus sp004560705,443b4598,11880000,51,DNA,10000,1188,True,0.9190088154194289,0.945490505660796,0.9322496605401125,0.945490505660796,False,28,950,3288,d__Bacteria;p__Bacillota;c__Clostridia;o__Lachnospirales;f__Lachnospiraceae;g__Blautia;s__Blautia sp022777285
90000,0.007575757575757576,0.039473684210526314,0.007575757575757576,0.01338199513381995,4.888888888888889,5.0,2.5141574442188355,/group/ctbrowngrp5/sourmash-db.new/gtdb-rs226/gtdb-rs226-k51.dna.rocksdb,GCA_945867955.1 uncultured Clostridia bacterium,63ab50c3aef8bec83975bc071f715940,0.039473684210526314,90000,9,9320000,outputs.mapping/bams.cds.rand/ERR1135289.x.s__Bariatricus sp004560705.fastq.gz,ERR1135289.x.s__Bariatricus sp004560705,443b4598,11880000,51,DNA,10000,1188,True,0.9086991441072096,0.9385915085627595,0.9236453263349846,0.9385915085627595,False,44,994,3288,d__Bacteria;p__Bacillota;c__Clostridia;o__Oscillospirales;f__Oscillospiraceae;g__Vescimonas;s__Vescimonas sp003487665
80000,0.006734006734006734,0.025396825396825397,0.006734006734006734,0.003953771289537713,1.625,1.5,0.6959705453537527,/group/ctbrowngrp5/sourmash-db.new/gtdb-rs226/gtdb-rs226-k51.dna.rocksdb,GCA_028727045.1 Lachnospiraceae bacterium,1fa4a523766f9aee9cac3c30ff79928c,0.025396825396825397,80000,10,9240000,outputs.mapping/bams.cds.rand/ERR1135289.x.s__Bariatricus sp004560705.fastq.gz,ERR1135289.x.s__Bariatricus sp004560705,443b4598,11880000,51,DNA,10000,1188,True,0.9066029510056156,0.9305102583765231,0.9185566046910694,0.9305102583765231,False,13,1007,3288,d__Bacteria;p__Bacillota;c__Clostridia;o__Lachnospirales;f__Lachnospiraceae;g__Suilimivivens;s__Suilimivivens sp017622575
230000,0.01936026936026936,0.019851116625310174,0.006734006734006734,0.009124087591240875,3.75,1.0,4.264680527307995,/group/ctbrowngrp5/sourmash-db.new/gtdb-rs226/gtdb-rs226-k51.dna.rocksdb,GCA_022782205.1 Lachnospiraceae bacterium,5d1fe08c84b2c770dab5488addf16ba5,0.05707196029776675,80000,11,9160000,outputs.mapping/bams.cds.rand/ERR1135289.x.s__Bariatricus sp004560705.fastq.gz,ERR1135289.x.s__Bariatricus sp004560705,443b4598,11880000,51,DNA,10000,1188,True,0.925571614901112,0.9454011649885073,0.9354863899448096,0.9454011649885073,False,30,1037,3288,d__Bacteria;p__Bacillota;c__Clostridia;o__Lachnospirales;f__Lachnospiraceae;g__Oliverpabstia;s__Oliverpabstia sp004556655
90000,0.007575757575757576,0.0221606648199446,0.006734006734006734,0.005474452554744526,2.25,1.0,1.984313483298443,/group/ctbrowngrp5/sourmash-db.new/gtdb-rs226/gtdb-rs226-k51.dna.rocksdb,GCF_022773175.1 Blautia sp.,c0d5f5a2ddcc47af637d94899fac95d6,0.024930747922437674,80000,12,9080000,outputs.mapping/bams.cds.rand/ERR1135289.x.s__Bariatricus sp004560705.fastq.gz,ERR1135289.x.s__Bariatricus sp004560705,443b4598,11880000,51,DNA,10000,1188,True,0.9086991441072096,0.9301723751263732,0.9194357596167915,0.9301723751263732,False,18,1055,3288,d__Bacteria;p__Bacillota;c__Clostridia;o__Lachnospirales;f__Lachnospiraceae;g__Blautia_A;s__Blautia_A sp018919065
120000,0.010101010101010102,0.014893617021276596,0.005892255892255892,0.004562043795620438,2.142857142857143,2.0,1.1248582677159729,/group/ctbrowngrp5/sourmash-db.new/gtdb-rs226/gtdb-rs226-k51.dna.rocksdb,GCA_041406145.1 Roseburia sp.,501af97347bcd81b477739a9bc0edd26,0.02553191489361702,70000,13,9010000,outputs.mapping/bams.cds.rand/ERR1135289.x.s__Bariatricus sp004560705.fastq.gz,ERR1135289.x.s__Bariatricus sp004560705,443b4598,11880000,51,DNA,10000,1188,True,0.9138394410390787,0.9306070556760107,0.9222232483575447,0.9306070556760107,False,15,1070,3288,d__Bacteria;p__Bacillota;c__Clostridia;o__Lachnospirales;f__Lachnospiraceae;g__Roseburia;s__Roseburia intestinalis
90000,0.007575757575757576,0.021604938271604937,0.005892255892255892,0.0030413625304136255,1.4285714285714286,1.0,0.4948716593053935,/group/ctbrowngrp5/sourmash-db.new/gtdb-rs226/gtdb-rs226-k51.dna.rocksdb,GCA_034115705.1 Lachnospiraceae bacterium,5164d208e4d209cf107bbe1e3bd2ae80,0.027777777777777776,70000,14,8940000,outputs.mapping/bams.cds.rand/ERR1135289.x.s__Bariatricus sp004560705.fastq.gz,ERR1135289.x.s__Bariatricus sp004560705,443b4598,11880000,51,DNA,10000,1188,True,0.9086991441072096,0.9321466962947733,0.9204229202009915,0.9321466962947733,False,10,1080,3288,d__Bacteria;p__Bacillota;c__Clostridia;o__Lachnospirales;f__Lachnospiraceae;g__JALFVM01;s__JALFVM01 sp022787145
100000,0.008417508417508417,0.030837004405286344,0.005892255892255892,0.002737226277372263,1.2857142857142858,1.0,0.45175395145262565,/group/ctbrowngrp5/sourmash-db.new/gtdb-rs226/gtdb-rs226-k51.dna.rocksdb,GCA_034176745.1 Bariatricus sp.,1eb43ecf72dc30a33425b9da308da439,0.04405286343612335,70000,15,8870000,outputs.mapping/bams.cds.rand/ERR1135289.x.s__Bariatricus sp004560705.fastq.gz,ERR1135289.x.s__Bariatricus sp004560705,443b4598,11880000,51,DNA,10000,1188,True,0.9105783592808262,0.9406136085248314,0.9255959839028288,0.9406136085248314,False,9,1089,3288,d__Bacteria;p__Bacillota;c__Clostridia;o__Lachnospirales;f__Lachnospiraceae;g__Bariatricus;s__Bariatricus sp034176745
180000,0.015151515151515152,0.018666666666666668,0.005892255892255892,0.008211678832116789,3.857142857142857,1.0,4.763809143009447,/group/ctbrowngrp5/sourmash-db.new/gtdb-rs226/gtdb-rs226-k51.dna.rocksdb,GCA_022764165.1 Eubacterium sp.,86b632b7ed836955f537e7b9656a4752,0.048,70000,16,8800000,outputs.mapping/bams.cds.rand/ERR1135289.x.s__Bariatricus sp004560705.fastq.gz,ERR1135289.x.s__Bariatricus sp004560705,443b4598,11880000,51,DNA,10000,1188,True,0.9211336926184823,0.9421975813286271,0.9316656369735548,0.9421975813286271,False,27,1116,3288,d__Bacteria;p__Bacillota;c__Clostridia;o__Lachnospirales;f__Lachnospiraceae;g__Oliverpabstia;s__Oliverpabstia sp022764165
1040000,0.08754208754208755,0.03056768558951965,0.005892255892255892,0.006082725060827251,2.857142857142857,3.0,0.989743318610787,/group/ctbrowngrp5/sourmash-db.new/gtdb-rs226/gtdb-rs226-k51.dna.rocksdb,GCA_034171565.1 Bariatricus sp.,4ec87acad20ef2555254de0e78e21518,0.45414847161572053,70000,17,8730000,outputs.mapping/bams.cds.rand/ERR1135289.x.s__Bariatricus sp004560705.fastq.gz,ERR1135289.x.s__Bariatricus sp004560705,443b4598,11880000,51,DNA,10000,1188,True,0.9533648920840123,0.984642074018121,0.9690034830510666,0.984642074018121,False,20,1136,3288,d__Bacteria;p__Bacillota;c__Clostridia;o__Lachnospirales;f__Lachnospiraceae;g__Bariatricus;s__Bariatricus sp004560705
70000,0.005892255892255892,0.017241379310344827,0.005050505050505051,0.0036496350364963502,2.0,1.0,1.5275252316519468,/group/ctbrowngrp5/sourmash-db.new/gtdb-rs226/gtdb-rs226-k51.dna.rocksdb,GCA_003478205.1 Firmicutes bacterium AM59-13,76d4aa44d2e64cbef7265983c0dc43f0,0.020114942528735632,60000,18,8670000,outputs.mapping/bams.cds.rand/ERR1135289.x.s__Bariatricus sp004560705.fastq.gz,ERR1135289.x.s__Bariatricus sp004560705,443b4598,11880000,51,DNA,10000,1188,True,0.9042323312123598,0.9262658715249827,0.9152491013686712,0.9262658715249827,False,12,1148,3288,d__Bacteria;p__Bacillota;c__Clostridia;o__Lachnospirales;f__Lachnospiraceae;g__Acetatifactor;s__Acetatifactor intestinalis
120000,0.010101010101010102,0.016129032258064516,0.005050505050505051,0.0076034063260340635,4.166666666666667,4.0,2.1147629234082532,/group/ctbrowngrp5/sourmash-db.new/gtdb-rs226/gtdb-rs226-k51.dna.rocksdb,GCA_004556565.1 Lachnospiraceae bacterium,edb00f169e376430fe98e2e4c3b24f96,0.03225806451612903,60000,19,8610000,outputs.mapping/bams.cds.rand/ERR1135289.x.s__Bariatricus sp004560705.fastq.gz,ERR1135289.x.s__Bariatricus sp004560705,443b4598,11880000,51,DNA,10000,1188,True,0.9138394410390787,0.9348837561077591,0.9243615985734188,0.9348837561077591,False,25,1173,3288,d__Bacteria;p__Bacillota;c__Clostridia;o__Lachnospirales;f__Lachnospiraceae;g__Schaedlerella;s__Schaedlerella sp004556565
60000,0.005050505050505051,0.031746031746031744,0.005050505050505051,0.010340632603406326,5.666666666666667,4.0,4.307615994440028,/group/ctbrowngrp5/sourmash-db.new/gtdb-rs226/gtdb-rs226-k51.dna.rocksdb,GCA_022785515.1 Lachnospiraceae bacterium,6ea6c07acb39cd4c9d8bedfe3e95d7e8,0.031746031746031744,60000,20,8550000,outputs.mapping/bams.cds.rand/ERR1135289.x.s__Bariatricus sp004560705.fastq.gz,ERR1135289.x.s__Bariatricus sp004560705,443b4598,11880000,51,DNA,10000,1188,True,0.901503358934848,0.9345904989903611,0.9180469289626045,0.9345904989903611,True,34,1207,3288,d__Bacteria;p__Bacillota;c__Clostridia;o__Lachnospirales;f__Lachnospiraceae;g__Weimeria;s__Weimeria sp900315505
90000,0.007575757575757576,0.014367816091954023,0.004208754208754209,0.0015206812652068127,1.0,1.0,0.0,/group/ctbrowngrp5/sourmash-db.new/gtdb-rs226/gtdb-rs226-k51.dna.rocksdb,GCA_003461025.1 Ruminococcus sp. AF25-13,493fdb2c271f7be316a6542ec3210356,0.02586206896551724,50000,21,8500000,outputs.mapping/bams.cds.rand/ERR1135289.x.s__Bariatricus sp004560705.fastq.gz,ERR1135289.x.s__Bariatricus sp004560705,443b4598,11880000,51,DNA,10000,1188,True,0.9086991441072096,0.9308415277984536,0.9197703359528316,0.9308415277984536,False,5,1212,3288,d__Bacteria;p__Bacillota;c__Clostridia;o__Lachnospirales;f__Lachnospiraceae;g__Mediterraneibacter;s__Mediterraneibacter faecis
50000,0.004208754208754209,0.015873015873015872,0.004208754208754209,0.013990267639902677,9.2,10.0,3.655133376499413,/group/ctbrowngrp5/sourmash-db.new/gtdb-rs226/gtdb-rs226-k51.dna.rocksdb,GCA_019422245.1 Prevotella sp.,33522f000c2fba9741d6f14014de7665,0.015873015873015872,50000,22,8450000,outputs.mapping/bams.cds.rand/ERR1135289.x.s__Bariatricus sp004560705.fastq.gz,ERR1135289.x.s__Bariatricus sp004560705,443b4598,11880000,51,DNA,10000,1188,True,0.8982862991026712,0.9219742946423962,0.9101302968725338,0.9219742946423962,True,46,1258,3288,d__Bacteria;p__Bacteroidota;c__Bacteroidia;o__Bacteroidales;f__Bacteroidaceae;g__Prevotella;s__Prevotella sp945863825
100000,0.008417508417508417,0.01592356687898089,0.004208754208754209,0.0024330900243309003,1.6,1.0,0.8,/group/ctbrowngrp5/sourmash-db.new/gtdb-rs226/gtdb-rs226-k51.dna.rocksdb,GCF_900209925.1 Anaerobutyricum hallii,84b0ba7d93d1acab2a2022439c432f48,0.03184713375796178,50000,23,8400000,outputs.mapping/bams.cds.rand/ERR1135289.x.s__Bariatricus sp004560705.fastq.gz,ERR1135289.x.s__Bariatricus sp004560705,443b4598,11880000,51,DNA,10000,1188,True,0.9105783592808262,0.9346487689128076,0.9226135640968169,0.9346487689128076,False,8,1266,3288,d__Bacteria;p__Bacillota;c__Clostridia;o__Lachnospirales;f__Lachnospiraceae;g__Anaerobutyricum;s__Anaerobutyricum soehngenii
60000,0.005050505050505051,0.012254901960784314,0.004208754208754209,0.0024330900243309003,1.6,1.0,0.8,/group/ctbrowngrp5/sourmash-db.new/gtdb-rs226/gtdb-rs226-k51.dna.rocksdb,GCA_008661915.1 Blautia wexlerae,4ff6bc621776a2eef727a62615ac5f5e,0.014705882352941176,50000,24,8350000,outputs.mapping/bams.cds.rand/ERR1135289.x.s__Bariatricus sp004560705.fastq.gz,ERR1135289.x.s__Bariatricus sp004560705,443b4598,11880000,51,DNA,10000,1188,True,0.901503358934848,0.9205946627444187,0.9110490108396334,0.9205946627444187,True,8,1274,3288,d__Bacteria;p__Bacillota;c__Clostridia;o__Lachnospirales;f__Lachnospiraceae;g__Blautia_A;s__Blautia_A wexlerae
50000,0.004208754208754209,0.011940298507462687,0.003367003367003367,0.0024330900243309003,2.0,1.5,1.224744871391589,/group/ctbrowngrp5/sourmash-db.new/gtdb-rs226/gtdb-rs226-k51.dna.rocksdb,GCA_963558015.1 uncultured Acetatifactor sp.,c4b24070efc5d3de83ee68bb02d1dae6,0.014925373134328358,40000,25,8310000,outputs.mapping/bams.cds.rand/ERR1135289.x.s__Bariatricus sp004560705.fastq.gz,ERR1135289.x.s__Bariatricus sp004560705,443b4598,11880000,51,DNA,10000,1188,True,0.8982862991026712,0.9208621268632012,0.9095742129829363,0.9208621268632012,True,8,1282,3288,d__Bacteria;p__Bacillota;c__Clostridia;o__Lachnospirales;f__Lachnospiraceae;g__Acetatifactor;s__Acetatifactor sp945929965
40000,0.003367003367003367,0.017094017094017096,0.003367003367003367,0.005474452554744526,4.5,4.0,3.570714214271425,/group/ctbrowngrp5/sourmash-db.new/gtdb-rs226/gtdb-rs226-k51.dna.rocksdb,GCA_004555205.1 Clostridiales bacterium,c3f0b2f9898965f036921b709be1c833,0.017094017094017096,40000,26,8270000,outputs.mapping/bams.cds.rand/ERR1135289.x.s__Bariatricus sp004560705.fastq.gz,ERR1135289.x.s__Bariatricus sp004560705,443b4598,11880000,51,DNA,10000,1188,True,0.8943645555749845,0.9233149870212076,0.908839771298096,0.9233149870212076,True,18,1300,3288,d__Bacteria;p__Bacillota;c__Clostridia;o__Oscillospirales;f__Oscillospiraceae;g__Vescimonas;s__Vescimonas sp004555205
70000,0.005892255892255892,0.011363636363636364,0.003367003367003367,0.0012165450121654502,1.0,1.0,0.0,/group/ctbrowngrp5/sourmash-db.new/gtdb-rs226/gtdb-rs226-k51.dna.rocksdb,GCF_039757995.1 Fusicatenibacter saccharivorans,0a6e808590cef4b9bda50e9e04a656d0,0.019886363636363636,40000,27,8230000,outputs.mapping/bams.cds.rand/ERR1135289.x.s__Bariatricus sp004560705.fastq.gz,ERR1135289.x.s__Bariatricus sp004560705,443b4598,11880000,51,DNA,10000,1188,True,0.9042323312123598,0.926058325939385,0.9151453285758724,0.926058325939385,False,4,1304,3288,d__Bacteria;p__Bacillota;c__Clostridia;o__Lachnospirales;f__Lachnospiraceae;g__Fusicatenibacter;s__Fusicatenibacter saccharivorans
50000,0.004208754208754209,0.013245033112582781,0.003367003367003367,0.007907542579075427,6.5,6.5,1.118033988749895,/group/ctbrowngrp5/sourmash-db.new/gtdb-rs226/gtdb-rs226-k51.dna.rocksdb,GCA_963559005.1 Roseburia porci,ef39ee806e793411e61ca7e61bce1827,0.016556291390728478,40000,28,8190000,outputs.mapping/bams.cds.rand/ERR1135289.x.s__Bariatricus sp004560705.fastq.gz,ERR1135289.x.s__Bariatricus sp004560705,443b4598,11880000,51,DNA,10000,1188,True,0.8982862991026712,0.9227365150251989,0.9105114070639351,0.9227365150251989,True,26,1330,3288,d__Bacteria;p__Bacillota;c__Clostridia;o__Lachnospirales;f__Lachnospiraceae;g__Roseburia_A;s__Roseburia_A porci
60000,0.005050505050505051,0.012944983818770227,0.003367003367003367,0.0012165450121654502,1.0,1.0,0.0,/group/ctbrowngrp5/sourmash-db.new/gtdb-rs226/gtdb-rs226-k51.dna.rocksdb,GCF_003470265.1 Mediterraneibacter gnavus,19e928602d4ac7ee3af8c4f38ee1bff3,0.019417475728155338,40000,29,8150000,outputs.mapping/bams.cds.rand/ERR1135289.x.s__Bariatricus sp004560705.fastq.gz,ERR1135289.x.s__Bariatricus sp004560705,443b4598,11880000,51,DNA,10000,1188,True,0.901503358934848,0.9256251630605478,0.9135642609976979,0.9256251630605478,True,4,1334,3288,d__Bacteria;p__Bacillota;c__Clostridia;o__Lachnospirales;f__Lachnospiraceae;g__Ruminococcus_B;s__Ruminococcus_B gnavus
50000,0.004208754208754209,0.01694915254237288,0.003367003367003367,0.010948905109489052,9.0,8.5,6.59545297913646,/group/ctbrowngrp5/sourmash-db.new/gtdb-rs226/gtdb-rs226-k51.dna.rocksdb,GCA_022775645.1 Lachnospiraceae bacterium,737b1838efa2bfb429f3f0316c003db1,0.0211864406779661,40000,30,8110000,outputs.mapping/bams.cds.rand/ERR1135289.x.s__Bariatricus sp004560705.fastq.gz,ERR1135289.x.s__Bariatricus sp004560705,443b4598,11880000,51,DNA,10000,1188,True,0.8982862991026712,0.9272089346548723,0.9127476168787718,0.9272089346548723,True,36,1370,3288,d__Bacteria;p__Bacillota;c__Clostridia;o__Lachnospirales;f__Lachnospiraceae;g__UBA2868;s__UBA2868 sp004552595
90000,0.007575757575757576,0.010050251256281407,0.003367003367003367,0.002737226277372263,2.25,2.0,1.299038105676658,/group/ctbrowngrp5/sourmash-db.new/gtdb-rs226/gtdb-rs226-k51.dna.rocksdb,GCA_004556655.1 Lachnospiraceae bacterium,a06449d157aac9233dd04a949482b8be,0.022613065326633167,40000,31,8070000,outputs.mapping/bams.cds.rand/ERR1135289.x.s__Bariatricus sp004560705.fastq.gz,ERR1135289.x.s__Bariatricus sp004560705,443b4598,11880000,51,DNA,10000,1188,True,0.9086991441072096,0.9283944552062909,0.9185467996567502,0.9283944552062909,False,9,1379,3288,d__Bacteria;p__Bacillota;c__Clostridia;o__Lachnospirales;f__Lachnospiraceae;g__Oliverpabstia;s__Oliverpabstia sp004556655
130000,0.010942760942760943,0.009900990099009901,0.003367003367003367,0.0015206812652068127,1.25,1.0,0.4330127018922193,/group/ctbrowngrp5/sourmash-db.new/gtdb-rs226/gtdb-rs226-k51.dna.rocksdb,GCA_945911275.1 uncultured bacterium,811f3fa8e4fa634b338d9e5ecb3d78ab,0.03217821782178218,40000,32,8030000,outputs.mapping/bams.cds.rand/ERR1135289.x.s__Bariatricus sp004560705.fastq.gz,ERR1135289.x.s__Bariatricus sp004560705,443b4598,11880000,51,DNA,10000,1188,True,0.9152748060089335,0.9348383270667746,0.9250565665378541,0.9348383270667746,False,5,1384,3288,d__Bacteria;p__Bacillota;c__Clostridia;o__Lachnospirales;f__Lachnospiraceae;g__Oliverpabstia;s__Oliverpabstia sp004562915
50000,0.004208754208754209,0.017094017094017096,0.003367003367003367,0.006690997566909975,5.5,5.0,4.55521678957215,/group/ctbrowngrp5/sourmash-db.new/gtdb-rs226/gtdb-rs226-k51.dna.rocksdb,GCA_945910065.1 uncultured Lachnospiraceae bacterium,e6beae4c738df1c59cb705d0eaf060e0,0.021367521367521368,40000,33,7990000,outputs.mapping/bams.cds.rand/ERR1135289.x.s__Bariatricus sp004560705.fastq.gz,ERR1135289.x.s__Bariatricus sp004560705,443b4598,11880000,51,DNA,10000,1188,True,0.8982862991026712,0.9273636767325731,0.9128249879176222,0.9273636767325731,True,22,1406,3288,d__Bacteria;p__Bacillota;c__Clostridia;o__Lachnospirales;f__Lachnospiraceae;g__Colinaster;s__Colinaster sp900766815
40000,0.003367003367003367,0.01568627450980392,0.003367003367003367,0.012165450121654502,10.0,8.5,7.968688725254614,/group/ctbrowngrp5/sourmash-db.new/gtdb-rs226/gtdb-rs226-k51.dna.rocksdb,GCA_016294105.1 Treponema sp.,82f1114d15806cf08a212a40cdd23ab5,0.01568627450980392,40000,34,7950000,outputs.mapping/bams.cds.rand/ERR1135289.x.s__Bariatricus sp004560705.fastq.gz,ERR1135289.x.s__Bariatricus sp004560705,443b4598,11880000,51,DNA,10000,1188,True,0.8943645555749845,0.9217603769974362,0.9080624662862103,0.9217603769974362,True,40,1446,3288,d__Bacteria;p__Spirochaetota;c__Spirochaetia;o__Treponematales;f__Treponemataceae;g__Treponema_F;s__Treponema_F sp016294105
80000,0.006734006734006734,0.007168458781362007,0.003367003367003367,0.0012165450121654502,1.0,1.0,0.0,/group/ctbrowngrp5/sourmash-db.new/gtdb-rs226/gtdb-rs226-k51.dna.rocksdb,GCF_020559415.1 Blautia producta,a9aa4c8cf4ad65f5c64fa8ef30e3c630,0.014336917562724014,40000,35,7910000,outputs.mapping/bams.cds.rand/ERR1135289.x.s__Bariatricus sp004560705.fastq.gz,ERR1135289.x.s__Bariatricus sp004560705,443b4598,11880000,51,DNA,10000,1188,True,0.9066029510056156,0.9201361093688241,0.9133695301872198,0.9201361093688241,False,4,1450,3288,d__Bacteria;p__Bacillota;c__Clostridia;o__Lachnospirales;f__Lachnospiraceae;g__Blautia;s__Blautia coccoides
40000,0.003367003367003367,0.009230769230769232,0.0025252525252525255,0.0012165450121654502,1.3333333333333333,1.0,0.4714045207910317,/group/ctbrowngrp5/sourmash-db.new/gtdb-rs226/gtdb-rs226-k51.dna.rocksdb,GCF_001406295.1 Eubacterium ramulus,9bb222123fd174995e18dc755b081a0c,0.012307692307692308,30000,36,7880000,outputs.mapping/bams.cds.rand/ERR1135289.x.s__Bariatricus sp004560705.fastq.gz,ERR1135289.x.s__Bariatricus sp004560705,443b4598,11880000,51,DNA,10000,1188,True,0.8943645555749845,0.9173867916318389,0.9058756736034117,0.9173867916318389,True,4,1454,3288,d__Bacteria;p__Bacillota;c__Clostridia;o__Lachnospirales;f__Lachnospiraceae;g__Eubacterium_I;s__Eubacterium_I ramulus
40000,0.003367003367003367,0.014634146341463415,0.0025252525252525255,0.0015206812652068127,1.6666666666666667,2.0,0.4714045207910317,/group/ctbrowngrp5/sourmash-db.new/gtdb-rs226/gtdb-rs226-k51.dna.rocksdb,GCF_021531795.1 Lacrimispora saccharolytica,b9f95aaa82634ee90dd5ff5803ed0dee,0.01951219512195122,30000,37,7850000,outputs.mapping/bams.cds.rand/ERR1135289.x.s__Bariatricus sp004560705.fastq.gz,ERR1135289.x.s__Bariatricus sp004560705,443b4598,11880000,51,DNA,10000,1188,True,0.8943645555749845,0.9257134862465207,0.9100390209107526,0.9257134862465207,True,5,1459,3288,d__Bacteria;p__Bacillota;c__Clostridia;o__Lachnospirales;f__Lachnospiraceae;g__Colinaster;s__Colinaster sp018056665
970000,0.08164983164983165,0.013392857142857142,0.0025252525252525255,0.0033454987834549877,3.6666666666666665,1.0,3.7712361663282534,/group/ctbrowngrp5/sourmash-db.new/gtdb-rs226/gtdb-rs226-k51.dna.rocksdb,GCA_945947505.1 uncultured bacterium,e11b17d6f92655e869f92e5918a7ee33,0.4330357142857143,30000,38,7820000,outputs.mapping/bams.cds.rand/ERR1135289.x.s__Bariatricus sp004560705.fastq.gz,ERR1135289.x.s__Bariatricus sp004560705,443b4598,11880000,51,DNA,10000,1188,True,0.9520632248358274,0.9837234269263176,0.9678933258810725,0.9837234269263176,False,11,1470,3288,d__Bacteria;p__Bacillota;c__Clostridia;o__Lachnospirales;f__Lachnospiraceae;g__Bariatricus;s__Bariatricus sp004560705
30000,0.0025252525252525255,0.012605042016806723,0.0025252525252525255,0.0012165450121654502,1.3333333333333333,1.0,0.4714045207910317,/group/ctbrowngrp5/sourmash-db.new/gtdb-rs226/gtdb-rs226-k51.dna.rocksdb,GCA_945827805.1 uncultured Lachnospiraceae bacterium,590d38b6ec0dded3aebc2bcd23bca850,0.012605042016806723,30000,39,7790000,outputs.mapping/bams.cds.rand/ERR1135289.x.s__Bariatricus sp004560705.fastq.gz,ERR1135289.x.s__Bariatricus sp004560705,443b4598,11880000,51,DNA,10000,1188,True,0.8893338038099182,0.9178163089665942,0.9035750563882562,0.9178163089665942,True,4,1474,3288,d__Bacteria;p__Bacillota;c__Clostridia;o__Lachnospirales;f__Lachnospiraceae;g__UBA11957;s__UBA11957 sp945827805
30000,0.0025252525252525255,0.012195121951219513,0.0025252525252525255,0.0012165450121654502,1.3333333333333333,1.0,0.4714045207910317,/group/ctbrowngrp5/sourmash-db.new/gtdb-rs226/gtdb-rs226-k51.dna.rocksdb,GCA_946406425.1 uncultured Clostridia bacterium,9262c773bd22c4815428e752ec6416de,0.012195121951219513,30000,40,7760000,outputs.mapping/bams.cds.rand/ERR1135289.x.s__Bariatricus sp004560705.fastq.gz,ERR1135289.x.s__Bariatricus sp004560705,443b4598,11880000,51,DNA,10000,1188,True,0.8893338038099182,0.9172215253297448,0.9032776645698315,0.9172215253297448,True,4,1478,3288,d__Bacteria;p__Bacillota;c__Clostridia;o__Oscillospirales;f__Ruminococcaceae;g__Gemmiger;s__Gemmiger qucibialis
50000,0.004208754208754209,0.008620689655172414,0.0025252525252525255,0.0012165450121654502,1.3333333333333333,1.0,0.4714045207910317,/group/ctbrowngrp5/sourmash-db.new/gtdb-rs226/gtdb-rs226-k51.dna.rocksdb,GCA_022715405.1 Lachnospiraceae bacterium,52f1ee48996ce72c646b1b7ff91a4980,0.014367816091954023,30000,41,7730000,outputs.mapping/bams.cds.rand/ERR1135289.x.s__Bariatricus sp004560705.fastq.gz,ERR1135289.x.s__Bariatricus sp004560705,443b4598,11880000,51,DNA,10000,1188,True,0.8982862991026712,0.9201749517203216,0.9092306254114964,0.9201749517203216,True,4,1482,3288,d__Bacteria;p__Bacillota;c__Clostridia;o__Lachnospirales;f__Lachnospiraceae;g__Mediterraneibacter;s__Mediterraneibacter faecis
60000,0.005050505050505051,0.012048192771084338,0.0025252525252525255,0.017944038929440388,19.666666666666668,13.0,15.434449203720302,/group/ctbrowngrp5/sourmash-db.new/gtdb-rs226/gtdb-rs226-k51.dna.rocksdb,GCA_958353315.1 uncultured Butyricicoccus sp.,40b18dc3e976ec6f5bceb3caa4923d65,0.024096385542168676,30000,42,7700000,outputs.mapping/bams.cds.rand/ERR1135289.x.s__Bariatricus sp004560705.fastq.gz,ERR1135289.x.s__Bariatricus sp004560705,443b4598,11880000,51,DNA,10000,1188,True,0.901503358934848,0.9295517369654019,0.915527547950125,0.9295517369654019,True,59,1541,3288,d__Bacteria;p__Bacillota;c__Clostridia;o__Oscillospirales;f__Butyricicoccaceae;g__Butyricicoccus_A;s__Butyricicoccus_A intestinisimiae
1030000,0.0867003367003367,0.012396694214876033,0.0025252525252525255,0.0009124087591240876,1.0,1.0,0.0,/group/ctbrowngrp5/sourmash-db.new/gtdb-rs226/gtdb-rs226-k51.dna.rocksdb,GCA_022770955.1 bacterium,ee6b74b7821cf8c4643c3d691c9f29a6,0.4256198347107438,30000,43,7670000,outputs.mapping/bams.cds.rand/ERR1135289.x.s__Bariatricus sp004560705.fastq.gz,ERR1135289.x.s__Bariatricus sp004560705,443b4598,11880000,51,DNA,10000,1188,True,0.9531842949434358,0.9833902969035504,0.9682872959234932,0.9833902969035504,False,3,1544,3288,d__Bacteria;p__Bacillota;c__Clostridia;o__Lachnospirales;f__Lachnospiraceae;g__Bariatricus;s__Bariatricus sp004560705
30000,0.0025252525252525255,0.011857707509881422,0.0025252525252525255,0.0036496350364963502,4.0,5.0,2.160246899469287,/group/ctbrowngrp5/sourmash-db.new/gtdb-rs226/gtdb-rs226-k51.dna.rocksdb,GCF_003435415.1 Faecalicoccus pleomorphus,8c1715b0824d8b3e115ca7dbb1d46701,0.011857707509881422,30000,44,7640000,outputs.mapping/bams.cds.rand/ERR1135289.x.s__Bariatricus sp004560705.fastq.gz,ERR1135289.x.s__Bariatricus sp004560705,443b4598,11880000,51,DNA,10000,1188,True,0.8893338038099182,0.9167170492448745,0.9030254265273964,0.9167170492448745,True,12,1556,3288,d__Bacteria;p__Bacillota;c__Bacilli;o__Erysipelotrichales;f__Erysipelotrichaceae;g__Faecalicoccus;s__Faecalicoccus sp900546545
30000,0.0025252525252525255,0.014354066985645933,0.0025252525252525255,0.0009124087591240876,1.0,1.0,0.0,/group/ctbrowngrp5/sourmash-db.new/gtdb-rs226/gtdb-rs226-k51.dna.rocksdb,GCA_945636165.1 uncultured Lachnospiraceae bacterium,0235041542b773aaf2f4e4019fbbeac7,0.014354066985645933,30000,45,7610000,outputs.mapping/bams.cds.rand/ERR1135289.x.s__Bariatricus sp004560705.fastq.gz,ERR1135289.x.s__Bariatricus sp004560705,443b4598,11880000,51,DNA,10000,1188,True,0.8893338038099182,0.9201576779260288,0.9047457408679735,0.9201576779260288,True,3,1559,3288,d__Bacteria;p__Bacillota;c__Clostridia;o__Lachnospirales;f__Lachnospiraceae;g__CALZKI01;s__CALZKI01 sp945787995
30000,0.0025252525252525255,0.010714285714285714,0.0025252525252525255,0.0030413625304136255,3.3333333333333335,3.0,0.4714045207910317,/group/ctbrowngrp5/sourmash-db.new/gtdb-rs226/gtdb-rs226-k51.dna.rocksdb,GCA_963598665.1 Lachnospiraceae bacterium,f082b0fbd1ad9334ad30e5807b2083cd,0.010714285714285714,30000,46,7580000,outputs.mapping/bams.cds.rand/ERR1135289.x.s__Bariatricus sp004560705.fastq.gz,ERR1135289.x.s__Bariatricus sp004560705,443b4598,11880000,51,DNA,10000,1188,True,0.8893338038099182,0.9148962087273368,0.9021150062686275,0.9148962087273368,True,10,1569,3288,d__Bacteria;p__Bacillota;c__Clostridia;o__Lachnospirales;f__Lachnospiraceae;g__Roseburia_D;s__Roseburia_D yibonii
30000,0.0025252525252525255,0.013043478260869565,0.0025252525252525255,0.0033454987834549877,3.6666666666666665,2.0,3.091206165165235,/group/ctbrowngrp5/sourmash-db.new/gtdb-rs226/gtdb-rs226-k51.dna.rocksdb,GCA_037325705.1 bacterium,dff73d987f78192d59a26177435ceb32,0.013043478260869565,30000,47,7550000,outputs.mapping/bams.cds.rand/ERR1135289.x.s__Bariatricus sp004560705.fastq.gz,ERR1135289.x.s__Bariatricus sp004560705,443b4598,11880000,51,DNA,10000,1188,True,0.8893338038099182,0.9184318366897796,0.9038828202498489,0.9184318366897796,True,11,1580,3288,d__Bacteria;p__Bacillota;c__Clostridia;o__Christensenellales;f__CAG-138;g__PeH17;s__PeH17 sp000435055
40000,0.003367003367003367,0.008595988538681949,0.0025252525252525255,0.0012165450121654502,1.3333333333333333,1.0,0.4714045207910317,/group/ctbrowngrp5/sourmash-db.new/gtdb-rs226/gtdb-rs226-k51.dna.rocksdb,GCF_037572415.1 Pseudoflavonifractor sp. P01024,853b74ff0e971a8d04e588dd92eaa919,0.011461318051575931,30000,48,7520000,outputs.mapping/bams.cds.rand/ERR1135289.x.s__Bariatricus sp004560705.fastq.gz,ERR1135289.x.s__Bariatricus sp004560705,443b4598,11880000,51,DNA,10000,1188,True,0.8943645555749845,0.9161061017300057,0.9052353286524951,0.9161061017300057,True,4,1584,3288,d__Bacteria;p__Bacillota;c__Clostridia;o__Oscillospirales;f__Oscillospiraceae;g__Flavonifractor;s__Flavonifractor sp022785125
110000,0.009259259259259259,0.009966777408637873,0.0025252525252525255,0.0015206812652068127,1.6666666666666667,2.0,0.4714045207910317,/group/ctbrowngrp5/sourmash-db.new/gtdb-rs226/gtdb-rs226-k51.dna.rocksdb,GCA_946011575.1 uncultured Dorea sp.,e2c514ba810774e7b9eaa90ac20edc27,0.036544850498338874,30000,49,7490000,outputs.mapping/bams.cds.rand/ERR1135289.x.s__Bariatricus sp004560705.fastq.gz,ERR1135289.x.s__Bariatricus sp004560705,443b4598,11880000,51,DNA,10000,1188,True,0.9122816638494313,0.9371737624025623,0.9247277131259968,0.9371737624025623,False,5,1589,3288,d__Bacteria;p__Bacillota;c__Clostridia;o__Lachnospirales;f__Lachnospiraceae;g__Dorea_A;s__Dorea_A sp022769185
40000,0.003367003367003367,0.008450704225352112,0.0025252525252525255,0.0012165450121654502,1.3333333333333333,1.0,0.4714045207910317,/group/ctbrowngrp5/sourmash-db.new/gtdb-rs226/gtdb-rs226-k51.dna.rocksdb,GCA_900766915.1 Lachnospiraceae bacterium,a460395f50841e7e1603909550d8ee50,0.011267605633802818,30000,50,7460000,outputs.mapping/bams.cds.rand/ERR1135289.x.s__Bariatricus sp004560705.fastq.gz,ERR1135289.x.s__Bariatricus sp004560705,443b4598,11880000,51,DNA,10000,1188,True,0.8943645555749845,0.9157999602858978,0.9050822579304412,0.9157999602858978,True,4,1593,3288,d__Bacteria;p__Bacillota;c__Clostridia;o__Lachnospirales;f__Lachnospiraceae;g__HGM12587;s__HGM12587 sp900766915
40000,0.003367003367003367,0.016042780748663103,0.0025252525252525255,0.0024330900243309003,2.6666666666666665,2.0,1.699673171197595,/group/ctbrowngrp5/sourmash-db.new/gtdb-rs226/gtdb-rs226-k51.dna.rocksdb,GCA_900316665.1 uncultured Lachnospiraceae bacterium,8a1f960d0d3ab118ab948f784289e5ab,0.0213903743315508,30000,51,7430000,outputs.mapping/bams.cds.rand/ERR1135289.x.s__Bariatricus sp004560705.fastq.gz,ERR1135289.x.s__Bariatricus sp004560705,443b4598,11880000,51,DNA,10000,1188,True,0.8943645555749845,0.9273831142459876,0.9108738349104861,0.9273831142459876,True,8,1601,3288,d__Bacteria;p__Bacillota;c__Clostridia;o__Lachnospirales;f__Lachnospiraceae;g__UBA629;s__UBA629 sp900316665
50000,0.004208754208754209,0.014705882352941176,0.0025252525252525255,0.0018248175182481751,2.0,2.0,0.0,/group/ctbrowngrp5/sourmash-db.new/gtdb-rs226/gtdb-rs226-k51.dna.rocksdb,GCA_004562525.1 bacterium,e89df9c0e0c9928c590770ee81e732a4,0.024509803921568627,30000,52,7400000,outputs.mapping/bams.cds.rand/ERR1135289.x.s__Bariatricus sp004560705.fastq.gz,ERR1135289.x.s__Bariatricus sp004560705,443b4598,11880000,51,DNA,10000,1188,True,0.8982862991026712,0.9298618460556182,0.9140740725791447,0.9298618460556182,True,6,1607,3288,d__Bacteria;p__Bacteroidota;c__Bacteroidia;o__Bacteroidales;f__Bacteroidaceae;g__Prevotella;s__Prevotella sp900546535
40000,0.003367003367003367,0.010526315789473684,0.0025252525252525255,0.0009124087591240876,1.0,1.0,0.0,/group/ctbrowngrp5/sourmash-db.new/gtdb-rs226/gtdb-rs226-k51.dna.rocksdb,GCA_938016435.1 uncultured Clostridia bacterium,0c312d78d957fd5af8aa7fe2a4317e77,0.014035087719298246,30000,53,7370000,outputs.mapping/bams.cds.rand/ERR1135289.x.s__Bariatricus sp004560705.fastq.gz,ERR1135289.x.s__Bariatricus sp004560705,443b4598,11880000,51,DNA,10000,1188,True,0.8943645555749845,0.9197523050715226,0.9070584303232536,0.9197523050715226,True,3,1610,3288,d__Bacteria;p__Bacillota;c__Clostridia;o__Oscillospirales;f__Acutalibacteraceae;g__Eubacterium_R;s__Eubacterium_R sp900548085
30000,0.0025252525252525255,0.014084507042253521,0.0025252525252525255,0.0033454987834549877,3.6666666666666665,3.0,2.494438257849294,/group/ctbrowngrp5/sourmash-db.new/gtdb-rs226/gtdb-rs226-k51.dna.rocksdb,GCA_945937085.1 uncultured Treponema sp.,5b7f48e2b1f7c96cd0fb59e3e9deed01,0.014084507042253521,30000,54,7340000,outputs.mapping/bams.cds.rand/ERR1135289.x.s__Bariatricus sp004560705.fastq.gz,ERR1135289.x.s__Bariatricus sp004560705,443b4598,11880000,51,DNA,10000,1188,True,0.8893338038099182,0.9198156969835556,0.904574750396737,0.9198156969835556,True,11,1621,3288,d__Bacteria;p__Spirochaetota;c__Spirochaetia;o__Treponematales;f__Treponemataceae;g__Treponema_F;s__Treponema_F excrementipullorum
110000,0.009259259259259259,0.008620689655172414,0.0025252525252525255,0.0015206812652068127,1.6666666666666667,1.0,0.9428090415820634,/group/ctbrowngrp5/sourmash-db.new/gtdb-rs226/gtdb-rs226-k51.dna.rocksdb,GCA_039946535.1 Blautia sp. RTP21358sp1,cc94241c97e48a6e03af9589bf717775,0.031609195402298854,30000,55,7310000,outputs.mapping/bams.cds.rand/ERR1135289.x.s__Bariatricus sp004560705.fastq.gz,ERR1135289.x.s__Bariatricus sp004560705,443b4598,11880000,51,DNA,10000,1188,True,0.9122816638494313,0.9345113432393983,0.9233965035444148,0.9345113432393983,False,5,1626,3288,d__Bacteria;p__Bacillota;c__Clostridia;o__Lachnospirales;f__Lachnospiraceae;g__Oliverpabstia;s__Oliverpabstia intestinalis
40000,0.003367003367003367,0.005571030640668524,0.0016835016835016834,0.0012165450121654502,2.0,2.0,1.0,/group/ctbrowngrp5/sourmash-db.new/gtdb-rs226/gtdb-rs226-k51.dna.rocksdb,GCA_900553325.1 uncultured Lachnospiraceae bacterium,a6acc648514483c8178adca926583521,0.011142061281337047,20000,56,7290000,outputs.mapping/bams.cds.rand/ERR1135289.x.s__Bariatricus sp004560705.fastq.gz,ERR1135289.x.s__Bariatricus sp004560705,443b4598,11880000,51,DNA,10000,1188,True,0.8943645555749845,0.9155987829479756,0.90498166926148,0.9155987829479756,True,4,1630,3288,d__Bacteria;p__Bacillota;c__Clostridia;o__Lachnospirales;f__Lachnospiraceae;g__Faecalimonas;s__Faecalimonas phoceensis
20000,0.0016835016835016834,0.006666666666666667,0.0016835016835016834,0.029197080291970802,48.0,48.0,42.0,/group/ctbrowngrp5/sourmash-db.new/gtdb-rs226/gtdb-rs226-k51.dna.rocksdb,GCA_937966125.1 uncultured Ruminococcus sp.,9d5958087ed9331cdeacd48c5dc570ea,0.006666666666666667,20000,57,7270000,outputs.mapping/bams.cds.rand/ERR1135289.x.s__Bariatricus sp004560705.fastq.gz,ERR1135289.x.s__Bariatricus sp004560705,443b4598,11880000,51,DNA,10000,1188,True,0.882291368433771,0.9064243085270774,0.8943578384804243,0.9064243085270774,True,96,1726,3288,d__Bacteria;p__Bacillota;c__Clostridia;o__Oscillospirales;f__Ruminococcaceae;g__UMGS363;s__UMGS363 sp900543105
40000,0.003367003367003367,0.005291005291005291,0.0016835016835016834,0.0006082725060827251,1.0,1.0,0.0,/group/ctbrowngrp5/sourmash-db.new/gtdb-rs226/gtdb-rs226-k51.dna.rocksdb,GCA_003478775.1 Ruminococcus sp. AF21-3,fbbeb59569b9aa0a127fcb9963045dcb,0.010582010582010581,20000,58,7250000,outputs.mapping/bams.cds.rand/ERR1135289.x.s__Bariatricus sp004560705.fastq.gz,ERR1135289.x.s__Bariatricus sp004560705,443b4598,11880000,51,DNA,10000,1188,True,0.8943645555749845,0.9146733865236761,0.9045189710493303,0.9146733865236761,True,2,1728,3288,d__Bacteria;p__Bacillota;c__Clostridia;o__Lachnospirales;f__Lachnospiraceae;g__Blautia_A;s__Blautia_A sp003471165
20000,0.0016835016835016834,0.0061162079510703364,0.0016835016835016834,0.0009124087591240876,1.5,1.5,0.5,/group/ctbrowngrp5/sourmash-db.new/gtdb-rs226/gtdb-rs226-k51.dna.rocksdb,GCF_026015395.1 Segatella copri,62b1697792fea779b6999a2961912e82,0.0061162079510703364,20000,59,7230000,outputs.mapping/bams.cds.rand/ERR1135289.x.s__Bariatricus sp004560705.fastq.gz,ERR1135289.x.s__Bariatricus sp004560705,443b4598,11880000,51,DNA,10000,1188,True,0.882291368433771,0.90489396344182,0.8935926659377955,0.90489396344182,True,3,1731,3288,d__Bacteria;p__Bacteroidota;c__Bacteroidia;o__Bacteroidales;f__Bacteroidaceae;g__Prevotella;s__Prevotella copri
20000,0.0016835016835016834,0.004219409282700422,0.0016835016835016834,0.02037712895377129,33.5,33.5,29.5,/group/ctbrowngrp5/sourmash-db.new/gtdb-rs226/gtdb-rs226-k51.dna.rocksdb,GCA_900766925.1 Lachnospiraceae bacterium,dd03feabaa3849fbef4c95c67fdcaa5b,0.004219409282700422,20000,60,7210000,outputs.mapping/bams.cds.rand/ERR1135289.x.s__Bariatricus sp004560705.fastq.gz,ERR1135289.x.s__Bariatricus sp004560705,443b4598,11880000,51,DNA,10000,1188,True,0.882291368433771,0.898330834887376,0.8903111016605735,0.898330834887376,True,67,1798,3288,d__Bacteria;p__Bacillota;c__Clostridia;o__Lachnospirales;f__Lachnospiraceae;g__Wujia;s__Wujia sp900766925
80000,0.006734006734006734,0.006993006993006993,0.0016835016835016834,0.0009124087591240876,1.5,1.5,0.5,/group/ctbrowngrp5/sourmash-db.new/gtdb-rs226/gtdb-rs226-k51.dna.rocksdb,GCF_034116265.1 Frisingicoccus sp.,0bc88f9b1977bc6cdc6271b3344f45f1,0.027972027972027972,20000,61,7190000,outputs.mapping/bams.cds.rand/ERR1135289.x.s__Bariatricus sp004560705.fastq.gz,ERR1135289.x.s__Bariatricus sp004560705,443b4598,11880000,51,DNA,10000,1188,True,0.9066029510056156,0.9322740740574638,0.9194385125315396,0.9322740740574638,False,3,1801,3288,d__Bacteria;p__Bacillota;c__Clostridia;o__Lachnospirales;f__Lachnospiraceae;g__Frisingicoccus;s__Frisingicoccus sp016298055
20000,0.0016835016835016834,0.00909090909090909,0.0016835016835016834,0.0006082725060827251,1.0,1.0,0.0,/group/ctbrowngrp5/sourmash-db.new/gtdb-rs226/gtdb-rs226-k51.dna.rocksdb,GCA_948751085.1 uncultured Oscillospiraceae bacterium,ba40cdb1cebfa775676263524ca95551,0.00909090909090909,20000,62,7170000,outputs.mapping/bams.cds.rand/ERR1135289.x.s__Bariatricus sp004560705.fastq.gz,ERR1135289.x.s__Bariatricus sp004560705,443b4598,11880000,51,DNA,10000,1188,True,0.882291368433771,0.9119534957754483,0.8971224321046096,0.9119534957754483,True,2,1803,3288,d__Bacteria;p__Bacillota;c__Clostridia;o__Oscillospirales;f__Ruminococcaceae;g__Porcipelethomonas;s__Porcipelethomonas sp910588145
40000,0.003367003367003367,0.00684931506849315,0.0016835016835016834,0.0009124087591240876,1.5,1.5,0.5,/group/ctbrowngrp5/sourmash-db.new/gtdb-rs226/gtdb-rs226-k51.dna.rocksdb,GCA_902786155.1 uncultured Lachnospiraceae bacterium,fed25767c028f7a04849310030a905dc,0.0136986301369863,20000,63,7150000,outputs.mapping/bams.cds.rand/ERR1135289.x.s__Bariatricus sp004560705.fastq.gz,ERR1135289.x.s__Bariatricus sp004560705,443b4598,11880000,51,DNA,10000,1188,True,0.8943645555749845,0.9193148122519929,0.9068396839134887,0.9193148122519929,True,3,1806,3288,d__Bacteria;p__Bacillota;c__Clostridia;o__Lachnospirales;f__Lachnospiraceae;g__Agathobacter;s__Agathobacter sp900317585
20000,0.0016835016835016834,0.008097165991902834,0.0016835016835016834,0.0012165450121654502,2.0,2.0,1.0,/group/ctbrowngrp5/sourmash-db.new/gtdb-rs226/gtdb-rs226-k51.dna.rocksdb,GCA_029218745.1 Lachnospiraceae bacterium,d0c6e60106842c938954f65ad11de8dc,0.008097165991902834,20000,64,7130000,outputs.mapping/bams.cds.rand/ERR1135289.x.s__Bariatricus sp004560705.fastq.gz,ERR1135289.x.s__Bariatricus sp004560705,443b4598,11880000,51,DNA,10000,1188,True,0.882291368433771,0.9098858734755169,0.8960886209546439,0.9098858734755169,True,4,1810,3288,d__Bacteria;p__Bacillota;c__Clostridia;o__Lachnospirales;f__Lachnospiraceae;g__UBA2821;s__UBA2821 sp902763335
20000,0.0016835016835016834,0.007168458781362007,0.0016835016835016834,0.0006082725060827251,1.0,1.0,0.0,/group/ctbrowngrp5/sourmash-db.new/gtdb-rs226/gtdb-rs226-k51.dna.rocksdb,GCA_037229885.1 Roseburia faecis,4baad6dac9efc9a3c7ea008cf1b8a3f9,0.007168458781362007,20000,65,7110000,outputs.mapping/bams.cds.rand/ERR1135289.x.s__Bariatricus sp004560705.fastq.gz,ERR1135289.x.s__Bariatricus sp004560705,443b4598,11880000,51,DNA,10000,1188,True,0.882291368433771,0.9077150274123102,0.8950031979230406,0.9077150274123102,True,2,1812,3288,d__Bacteria;p__Bacillota;c__Clostridia;o__Lachnospirales;f__Lachnospiraceae;g__Agathobacter;s__Agathobacter faecis
40000,0.003367003367003367,0.007352941176470588,0.0016835016835016834,0.0012165450121654502,2.0,2.0,0.0,/group/ctbrowngrp5/sourmash-db.new/gtdb-rs226/gtdb-rs226-k51.dna.rocksdb,GCF_030053595.1 Fusibacillus kribbianus,590b60dd682af06b2549e2e3047fd201,0.014705882352941176,20000,66,7090000,outputs.mapping/bams.cds.rand/ERR1135289.x.s__Bariatricus sp004560705.fastq.gz,ERR1135289.x.s__Bariatricus sp004560705,443b4598,11880000,51,DNA,10000,1188,True,0.8943645555749845,0.9205946627444187,0.9074796091597016,0.9205946627444187,True,4,1816,3288,d__Bacteria;p__Bacillota;c__Clostridia;o__Lachnospirales;f__Lachnospiraceae;g__Lientehia;s__Lientehia kribbianus
40000,0.003367003367003367,0.009708737864077669,0.0016835016835016834,0.0009124087591240876,1.5,1.5,0.5,/group/ctbrowngrp5/sourmash-db.new/gtdb-rs226/gtdb-rs226-k51.dna.rocksdb,GCA_945827955.1 uncultured Clostridia bacterium,473b5f84b81326f05c2d54fd795db5bc,0.019417475728155338,20000,67,7070000,outputs.mapping/bams.cds.rand/ERR1135289.x.s__Bariatricus sp004560705.fastq.gz,ERR1135289.x.s__Bariatricus sp004560705,443b4598,11880000,51,DNA,10000,1188,True,0.8943645555749845,0.9256251630605478,0.9099948593177661,0.9256251630605478,True,3,1819,3288,d__Bacteria;p__Bacillota;c__Clostridia;o__Oscillospirales;f__Oscillospiraceae;g__Vescimonas;s__Vescimonas sp900313295
20000,0.0016835016835016834,0.008695652173913044,0.0016835016835016834,0.0012165450121654502,2.0,2.0,1.0,/group/ctbrowngrp5/sourmash-db.new/gtdb-rs226/gtdb-rs226-k51.dna.rocksdb,GCF_019042175.1 Holdemanella porci,ad39e701190bc89ecfb7f49c64909d3a,0.008695652173913044,20000,68,7050000,outputs.mapping/bams.cds.rand/ERR1135289.x.s__Bariatricus sp004560705.fastq.gz,ERR1135289.x.s__Bariatricus sp004560705,443b4598,11880000,51,DNA,10000,1188,True,0.882291368433771,0.9111589805028507,0.8967251744683109,0.9111589805028507,True,4,1823,3288,d__Bacteria;p__Bacillota;c__Bacilli;o__Erysipelotrichales;f__Erysipelotrichaceae;g__Holdemanella;s__Holdemanella hominis
20000,0.0016835016835016834,0.013986013986013986,0.0016835016835016834,0.014598540145985401,24.0,24.0,21.0,/group/ctbrowngrp5/sourmash-db.new/gtdb-rs226/gtdb-rs226-k51.dna.rocksdb,GCA_037069385.1 Clostridia bacterium,5b1fb4e19f497615f5ef9e5c92dec758,0.013986013986013986,20000,69,7030000,outputs.mapping/bams.cds.rand/ERR1135289.x.s__Bariatricus sp004560705.fastq.gz,ERR1135289.x.s__Bariatricus sp004560705,443b4598,11880000,51,DNA,10000,1188,True,0.882291368433771,0.919689139544086,0.9009902539889285,0.919689139544086,True,48,1871,3288,d__Bacteria;p__Bacillota;c__Clostridia;o__TANB77;f__CAG-508;g__CAG-269;s__CAG-269 sp000437215
30000,0.0025252525252525255,0.005434782608695652,0.0016835016835016834,0.0030413625304136255,5.0,5.0,1.0,/group/ctbrowngrp5/sourmash-db.new/gtdb-rs226/gtdb-rs226-k51.dna.rocksdb,GCF_001461035.1 Acetivibrio ethanolgignens,2c87d6e0353c52133f9d0ebfd5aafc8e,0.008152173913043478,20000,70,7010000,outputs.mapping/bams.cds.rand/ERR1135289.x.s__Bariatricus sp004560705.fastq.gz,ERR1135289.x.s__Bariatricus sp004560705,443b4598,11880000,51,DNA,10000,1188,True,0.8893338038099182,0.9100066734208334,0.8996702386153759,0.9100066734208334,True,10,1881,3288,d__Bacteria;p__Bacillota;c__Clostridia;o__Lachnospirales;f__Lachnospiraceae;g__Velocimicrobium;s__Velocimicrobium ethanolgignens
20000,0.0016835016835016834,0.009216589861751152,0.0016835016835016834,0.0015206812652068127,2.5,2.5,1.5,/group/ctbrowngrp5/sourmash-db.new/gtdb-rs226/gtdb-rs226-k51.dna.rocksdb,GCA_945917585.1 uncultured Firmicutes bacterium,b70fcd2c576dbcd8467b57ad6ab73a3d,0.009216589861751152,20000,71,6990000,outputs.mapping/bams.cds.rand/ERR1135289.x.s__Bariatricus sp004560705.fastq.gz,ERR1135289.x.s__Bariatricus sp004560705,443b4598,11880000,51,DNA,10000,1188,True,0.882291368433771,0.9121990444611786,0.8972452064474747,0.9121990444611786,True,5,1886,3288,d__Bacteria;p__Bacillota;c__Clostridia;o__Peptostreptococcales;f__Anaerovoracaceae;g__Fimisoma;s__Fimisoma sp002320005
20000,0.0016835016835016834,0.008097165991902834,0.0016835016835016834,0.0006082725060827251,1.0,1.0,0.0,/group/ctbrowngrp5/sourmash-db.new/gtdb-rs226/gtdb-rs226-k51.dna.rocksdb,GCA_030267245.1 Desulfovibrio sp. OttesenSCG-928-A18,1576c10eaf2091555499da2fa09a274d,0.008097165991902834,20000,72,6970000,outputs.mapping/bams.cds.rand/ERR1135289.x.s__Bariatricus sp004560705.fastq.gz,ERR1135289.x.s__Bariatricus sp004560705,443b4598,11880000,51,DNA,10000,1188,True,0.882291368433771,0.9098858734755169,0.8960886209546439,0.9098858734755169,True,2,1888,3288,d__Bacteria;p__Desulfobacterota_I;c__Desulfovibrionia;o__Desulfovibrionales;f__Desulfovibrionaceae;g__Frigididesulfovibrio;s__Frigididesulfovibrio sp030267245
70000,0.005892255892255892,0.008547008547008548,0.0016835016835016834,0.0006082725060827251,1.0,1.0,0.0,/group/ctbrowngrp5/sourmash-db.new/gtdb-rs226/gtdb-rs226-k51.dna.rocksdb,GCA_945989015.1 uncultured Lachnobacterium sp.,b61b4c58264e7fab102afe65ed0eddc4,0.029914529914529916,20000,73,6950000,outputs.mapping/bams.cds.rand/ERR1135289.x.s__Bariatricus sp004560705.fastq.gz,ERR1135289.x.s__Bariatricus sp004560705,443b4598,11880000,51,DNA,10000,1188,True,0.9042323312123598,0.9335021809096035,0.9188672560609816,0.9335021809096035,False,2,1890,3288,d__Bacteria;p__Bacillota;c__Clostridia;o__Lachnospirales;f__Lachnospiraceae;g__Agathobacter;s__Agathobacter sp900549895
20000,0.0016835016835016834,0.006622516556291391,0.0016835016835016834,0.0006082725060827251,1.0,1.0,0.0,/group/ctbrowngrp5/sourmash-db.new/gtdb-rs226/gtdb-rs226-k51.dna.rocksdb,GCA_028722045.1 bacterium,39f8c9df71787001b6251961aced0198,0.006622516556291391,20000,74,6930000,outputs.mapping/bams.cds.rand/ERR1135289.x.s__Bariatricus sp004560705.fastq.gz,ERR1135289.x.s__Bariatricus sp004560705,443b4598,11880000,51,DNA,10000,1188,True,0.882291368433771,0.9063062225914459,0.8942987955126085,0.9063062225914459,True,2,1892,3288,d__Bacteria;p__Bacillota;c__Clostridia;o__Lachnospirales;f__Lachnospiraceae;g__W0P33-017;s__W0P33-017 sp022773965
30000,0.0025252525252525255,0.006622516556291391,0.0016835016835016834,0.0009124087591240876,1.5,1.5,0.5,/group/ctbrowngrp5/sourmash-db.new/gtdb-rs226/gtdb-rs226-k51.dna.rocksdb,GCA_945915475.1 uncultured Clostridium sp.,f738d8d9837bac1ca032f9dacf10eb9e,0.009933774834437087,20000,75,6910000,outputs.mapping/bams.cds.rand/ERR1135289.x.s__Bariatricus sp004560705.fastq.gz,ERR1135289.x.s__Bariatricus sp004560705,443b4598,11880000,51,DNA,10000,1188,True,0.8893338038099182,0.9135403441435254,0.9014370739767218,0.9135403441435254,True,3,1895,3288,d__Bacteria;p__Bacillota;c__Clostridia;o__Lachnospirales;f__Lachnospiraceae;g__CAG-590;s__CAG-590 sp945915475
100000,0.008417508417508417,0.006097560975609756,0.0016835016835016834,0.0015206812652068127,2.5,2.5,1.5,/group/ctbrowngrp5/sourmash-db.new/gtdb-rs226/gtdb-rs226-k51.dna.rocksdb,GCA_902468175.1 uncultured Lachnospiraceae bacterium,6175d94329675bef8e176f58388e4458,0.03048780487804878,20000,76,6890000,outputs.mapping/bams.cds.rand/ERR1135289.x.s__Bariatricus sp004560705.fastq.gz,ERR1135289.x.s__Bariatricus sp004560705,443b4598,11880000,51,DNA,10000,1188,True,0.9105783592808262,0.9338496996841144,0.9222140294824703,0.9338496996841144,False,5,1900,3288,d__Bacteria;p__Bacillota;c__Clostridia;o__Lachnospirales;f__Lachnospiraceae;g__Hominisplanchenecus_A;s__Hominisplanchenecus_A sp900539525
30000,0.0025252525252525255,0.006968641114982578,0.0016835016835016834,0.0006082725060827251,1.0,1.0,0.0,/group/ctbrowngrp5/sourmash-db.new/gtdb-rs226/gtdb-rs226-k51.dna.rocksdb,GCA_034094575.1 Lachnospiraceae bacterium,df501f54e1dc601a12b6cbbdf7f9304f,0.010452961672473868,20000,77,6870000,outputs.mapping/bams.cds.rand/ERR1135289.x.s__Bariatricus sp004560705.fastq.gz,ERR1135289.x.s__Bariatricus sp004560705,443b4598,11880000,51,DNA,10000,1188,True,0.8893338038099182,0.9144533516772876,0.9018935777436029,0.9144533516772876,True,2,1902,3288,d__Bacteria;p__Bacillota;c__Clostridia;o__Lachnospirales;f__Lachnospiraceae;g__Muricoprocola;s__Muricoprocola aceti
30000,0.0025252525252525255,0.007874015748031496,0.0016835016835016834,0.0012165450121654502,2.0,2.0,1.0,/group/ctbrowngrp5/sourmash-db.new/gtdb-rs226/gtdb-rs226-k51.dna.rocksdb,GCA_902472655.1 uncultured Lachnospiraceae bacterium,3a5be416ec89c81852c83ab1d06d01b3,0.011811023622047244,20000,78,6850000,outputs.mapping/bams.cds.rand/ERR1135289.x.s__Bariatricus sp004560705.fastq.gz,ERR1135289.x.s__Bariatricus sp004560705,443b4598,11880000,51,DNA,10000,1188,True,0.8893338038099182,0.9166461452122722,0.9029899745110952,0.9166461452122722,True,4,1906,3288,d__Bacteria;p__Bacillota;c__Clostridia;o__Lachnospirales;f__Lachnospiraceae;g__CAG-632;s__CAG-632 sp002406015
20000,0.0016835016835016834,0.006369426751592357,0.0016835016835016834,0.0015206812652068127,2.5,2.5,0.5,/group/ctbrowngrp5/sourmash-db.new/gtdb-rs226/gtdb-rs226-k51.dna.rocksdb,GCA_037068395.1 Eubacterium sp.,310ed0ca90c0217ff9712cbbdf5f8690,0.006369426751592357,20000,79,6830000,outputs.mapping/bams.cds.rand/ERR1135289.x.s__Bariatricus sp004560705.fastq.gz,ERR1135289.x.s__Bariatricus sp004560705,443b4598,11880000,51,DNA,10000,1188,True,0.882291368433771,0.9056140341181776,0.8939527012759743,0.9056140341181776,True,5,1911,3288,d__Bacteria;p__Bacillota;c__Clostridia;o__Lachnospirales;f__Lachnospiraceae;g__Eubacterium_F;s__Eubacterium_F sp900539115
70000,0.005892255892255892,0.00408997955010225,0.0016835016835016834,0.0006082725060827251,1.0,1.0,0.0,/group/ctbrowngrp5/sourmash-db.new/gtdb-rs226/gtdb-rs226-k51.dna.rocksdb,GCF_964240875.1 Ruminococcus sp. 5_1_39BFAA,42fdf71e72afc12cb6ee744e5537d9bc,0.014314928425357873,20000,80,6810000,outputs.mapping/bams.cds.rand/ERR1135289.x.s__Bariatricus sp004560705.fastq.gz,ERR1135289.x.s__Bariatricus sp004560705,443b4598,11880000,51,DNA,10000,1188,True,0.9042323312123598,0.9201084169412818,0.9121703740768208,0.9201084169412818,False,2,1913,3288,d__Bacteria;p__Bacillota;c__Clostridia;o__Lachnospirales;f__Lachnospiraceae;g__Blautia_A;s__Blautia_A sp964240875
20000,0.0016835016835016834,0.010810810810810811,0.0016835016835016834,0.0006082725060827251,1.0,1.0,0.0,/group/ctbrowngrp5/sourmash-db.new/gtdb-rs226/gtdb-rs226-k51.dna.rocksdb,GCA_945831455.1 uncultured Prevotella sp.,f9e2608e706c796a7267cf39fde2cf08,0.010810810810810811,20000,81,6790000,outputs.mapping/bams.cds.rand/ERR1135289.x.s__Bariatricus sp004560705.fastq.gz,ERR1135289.x.s__Bariatricus sp004560705,443b4598,11880000,51,DNA,10000,1188,True,0.882291368433771,0.9150571131134657,0.8986742407736183,0.9150571131134657,True,2,1915,3288,d__Bacteria;p__Bacteroidota;c__Bacteroidia;o__Bacteroidales;f__Bacteroidaceae;g__Prevotella;s__Prevotella sp002299275
50000,0.004208754208754209,0.005917159763313609,0.0016835016835016834,0.0018248175182481751,3.0,3.0,2.0,/group/ctbrowngrp5/sourmash-db.new/gtdb-rs226/gtdb-rs226-k51.dna.rocksdb,GCA_022773565.1 Lachnospiraceae bacterium,22fb3c10dc1e4d51a67e4ee1e26e7869,0.014792899408284023,20000,82,6770000,outputs.mapping/bams.cds.rand/ERR1135289.x.s__Bariatricus sp004560705.fastq.gz,ERR1135289.x.s__Bariatricus sp004560705,443b4598,11880000,51,DNA,10000,1188,True,0.8982862991026712,0.9207011640553986,0.9094937315790349,0.9207011640553986,True,6,1921,3288,d__Bacteria;p__Bacillota;c__Clostridia;o__Lachnospirales;f__Lachnospiraceae;g__Agathobacter;s__Agathobacter sp000434275
20000,0.0016835016835016834,0.009174311926605505,0.0016835016835016834,0.0015206812652068127,2.5,2.5,1.5,/group/ctbrowngrp5/sourmash-db.new/gtdb-rs226/gtdb-rs226-k51.dna.rocksdb,GCA_934875665.1 uncultured bacterium,fca396f243969c22c524be8f60a13694,0.009174311926605505,20000,83,6750000,outputs.mapping/bams.cds.rand/ERR1135289.x.s__Bariatricus sp004560705.fastq.gz,ERR1135289.x.s__Bariatricus sp004560705,443b4598,11880000,51,DNA,10000,1188,True,0.882291368433771,0.9121168123642995,0.8972040903990353,0.9121168123642995,True,5,1926,3288,d__Bacteria;p__Bacillota;c__Clostridia;o__Oscillospirales;f__Ruminococcaceae;g__SFIE01;s__SFIE01 sp004555405
130000,0.010942760942760943,0.007194244604316547,0.0016835016835016834,0.0015206812652068127,2.5,2.5,0.5,/group/ctbrowngrp5/sourmash-db.new/gtdb-rs226/gtdb-rs226-k51.dna.rocksdb,GCA_034099995.1 Blautia sp.,0a4199b463d6243c8c712ed01dc18db9,0.046762589928057555,20000,84,6730000,outputs.mapping/bams.cds.rand/ERR1135289.x.s__Bariatricus sp004560705.fastq.gz,ERR1135289.x.s__Bariatricus sp004560705,443b4598,11880000,51,DNA,10000,1188,True,0.9152748060089335,0.9417151983028281,0.9284950021558809,0.9417151983028281,False,5,1931,3288,d__Bacteria;p__Bacillota;c__Clostridia;o__Lachnospirales;f__Lachnospiraceae;g__Blautia;s__Blautia sp022777285
50000,0.004208754208754209,0.006872852233676976,0.0016835016835016834,0.0006082725060827251,1.0,1.0,0.0,/group/ctbrowngrp5/sourmash-db.new/gtdb-rs226/gtdb-rs226-k51.dna.rocksdb,GCF_022783245.1 Blautia sp.,a33267882fa3828bed6a8490c5b5dbd5,0.01718213058419244,20000,85,6710000,outputs.mapping/bams.cds.rand/ERR1135289.x.s__Bariatricus sp004560705.fastq.gz,ERR1135289.x.s__Bariatricus sp004560705,443b4598,11880000,51,DNA,10000,1188,True,0.8982862991026712,0.9234080727173715,0.9108471859100213,0.9234080727173715,True,2,1933,3288,d__Bacteria;p__Bacillota;c__Clostridia;o__Lachnospirales;f__Lachnospiraceae;g__Blautia_A;s__Blautia_A obeum
20000,0.0016835016835016834,0.00966183574879227,0.0016835016835016834,0.008211678832116789,13.5,13.5,8.5,/group/ctbrowngrp5/sourmash-db.new/gtdb-rs226/gtdb-rs226-k51.dna.rocksdb,GCF_008680245.1 Phascolarctobacterium succinatutens,6c0a222886df268c09768425f760a85f,0.00966183574879227,20000,86,6690000,outputs.mapping/bams.cds.rand/ERR1135289.x.s__Bariatricus sp004560705.fastq.gz,ERR1135289.x.s__Bariatricus sp004560705,443b4598,11880000,51,DNA,10000,1188,True,0.882291368433771,0.9130432826867383,0.8976673255602546,0.9130432826867383,True,27,1960,3288,d__Bacteria;p__Bacillota;c__Negativicutes;o__Acidaminococcales;f__Acidaminococcaceae;g__Phascolarctobacterium_A;s__Phascolarctobacterium_A succinatutens
20000,0.0016835016835016834,0.008771929824561403,0.0016835016835016834,0.0021289537712895377,3.5,3.5,0.5,/group/ctbrowngrp5/sourmash-db.new/gtdb-rs226/gtdb-rs226-k51.dna.rocksdb,GCA_034172585.1 Agathobacter sp.,f02e3685fa9f1620bbf92db7053f8aff,0.008771929824561403,20000,87,6670000,outputs.mapping/bams.cds.rand/ERR1135289.x.s__Bariatricus sp004560705.fastq.gz,ERR1135289.x.s__Bariatricus sp004560705,443b4598,11880000,51,DNA,10000,1188,True,0.882291368433771,0.911315028588222,0.8968031985109965,0.911315028588222,True,7,1967,3288,d__Bacteria;p__Bacillota;c__Clostridia;o__Lachnospirales;f__Lachnospiraceae;g__Agathobacter;s__Agathobacter sp945868435
20000,0.0016835016835016834,0.007168458781362007,0.0016835016835016834,0.0006082725060827251,1.0,1.0,0.0,/group/ctbrowngrp5/sourmash-db.new/gtdb-rs226/gtdb-rs226-k51.dna.rocksdb,GCA_029226935.1 Bacillota bacterium,5efd7ffd59f7b38b9e76f8b52aa80639,0.007168458781362007,20000,88,6650000,outputs.mapping/bams.cds.rand/ERR1135289.x.s__Bariatricus sp004560705.fastq.gz,ERR1135289.x.s__Bariatricus sp004560705,443b4598,11880000,51,DNA,10000,1188,True,0.882291368433771,0.9077150274123102,0.8950031979230406,0.9077150274123102,True,2,1969,3288,d__Bacteria;p__Bacillota;c__Clostridia;o__Lachnospirales;f__Lachnospiraceae;g__Suilimivivens;s__Suilimivivens sp029226935
70000,0.005892255892255892,0.004106776180698152,0.0016835016835016834,0.0009124087591240876,1.5,1.5,0.5,/group/ctbrowngrp5/sourmash-db.new/gtdb-rs226/gtdb-rs226-k51.dna.rocksdb,GCF_005845085.1 [Clostridium] symbiosum,db924c876b56394f9c5214d70bd60078,0.014373716632443531,20000,89,6630000,outputs.mapping/bams.cds.rand/ERR1135289.x.s__Bariatricus sp004560705.fastq.gz,ERR1135289.x.s__Bariatricus sp004560705,443b4598,11880000,51,DNA,10000,1188,True,0.9042323312123598,0.920182359939987,0.9122073455761734,0.920182359939987,False,3,1972,3288,d__Bacteria;p__Bacillota;c__Clostridia;o__Lachnospirales;f__Lachnospiraceae;g__Otoolea;s__Otoolea symbiosa
20000,0.0016835016835016834,0.010050251256281407,0.0016835016835016834,0.0006082725060827251,1.0,1.0,0.0,/group/ctbrowngrp5/sourmash-db.new/gtdb-rs226/gtdb-rs226-k51.dna.rocksdb,GCA_004555725.1 [Eubacterium] saphenum,bb34aafb4ae5bd4a60ef4733f50c7afe,0.010050251256281407,20000,90,6610000,outputs.mapping/bams.cds.rand/ERR1135289.x.s__Bariatricus sp004560705.fastq.gz,ERR1135289.x.s__Bariatricus sp004560705,443b4598,11880000,51,DNA,10000,1188,True,0.882291368433771,0.9137491761859651,0.898020272309868,0.9137491761859651,True,2,1974,3288,d__Bacteria;p__Bacillota;c__Clostridia;o__Peptostreptococcales;f__Anaerovoracaceae;g__Eubacterium_T;s__Eubacterium_T saphenum_A
110000,0.009259259259259259,0.005208333333333333,0.0016835016835016834,0.0006082725060827251,1.0,1.0,0.0,/group/ctbrowngrp5/sourmash-db.new/gtdb-rs226/gtdb-rs226-k51.dna.rocksdb,GCA_900066745.1 uncultured Blautia sp.,b0c65a51d0945a7f1e9ea7f4aef6ada9,0.028645833333333332,20000,91,6590000,outputs.mapping/bams.cds.rand/ERR1135289.x.s__Bariatricus sp004560705.fastq.gz,ERR1135289.x.s__Bariatricus sp004560705,443b4598,11880000,51,DNA,10000,1188,True,0.9122816638494313,0.9327092914925962,0.9224954776710137,0.9327092914925962,False,2,1976,3288,d__Bacteria;p__Bacillota;c__Clostridia;o__Lachnospirales;f__Lachnospiraceae;g__Oliverpabstia;s__Oliverpabstia intestinalis
20000,0.0016835016835016834,0.008,0.0016835016835016834,0.007907542579075427,13.0,13.0,12.0,/group/ctbrowngrp5/sourmash-db.new/gtdb-rs226/gtdb-rs226-k51.dna.rocksdb,GCA_004557415.1 Clostridiales bacterium,9cb221740bfac2d7de4ab20631f9e5b7,0.008,20000,92,6570000,outputs.mapping/bams.cds.rand/ERR1135289.x.s__Bariatricus sp004560705.fastq.gz,ERR1135289.x.s__Bariatricus sp004560705,443b4598,11880000,51,DNA,10000,1188,True,0.882291368433771,0.9096705132580012,0.8959809408458861,0.9096705132580012,True,26,2002,3288,d__Bacteria;p__Bacillota;c__Clostridia;o__Christensenellales;f__CAG-138;g__PeH17;s__PeH17 sp900542285
30000,0.0025252525252525255,0.007220216606498195,0.0016835016835016834,0.0006082725060827251,1.0,1.0,0.0,/group/ctbrowngrp5/sourmash-db.new/gtdb-rs226/gtdb-rs226-k51.dna.rocksdb,GCA_937942335.1 uncultured Ruminococcus sp.,ca0d46f3d4db09c56721d5b72e6882fe,0.010830324909747292,20000,93,6550000,outputs.mapping/bams.cds.rand/ERR1135289.x.s__Bariatricus sp004560705.fastq.gz,ERR1135289.x.s__Bariatricus sp004560705,443b4598,11880000,51,DNA,10000,1188,True,0.8893338038099182,0.9150894713072147,0.9022116375585665,0.9150894713072147,True,2,2004,3288,d__Bacteria;p__Bacillota;c__Clostridia;o__Oscillospirales;f__CAG-272;g__Apopatosoma;s__Apopatosoma sp900551005
30000,0.0025252525252525255,0.007194244604316547,0.0016835016835016834,0.0009124087591240876,1.5,1.5,0.5,/group/ctbrowngrp5/sourmash-db.new/gtdb-rs226/gtdb-rs226-k51.dna.rocksdb,GCA_021152665.1 Lachnospiraceae bacterium,576277a8f54bfbff26321df1c076c312,0.01079136690647482,20000,94,6530000,outputs.mapping/bams.cds.rand/ERR1135289.x.s__Bariatricus sp004560705.fastq.gz,ERR1135289.x.s__Bariatricus sp004560705,443b4598,11880000,51,DNA,10000,1188,True,0.8893338038099182,0.9150248143114421,0.9021793090606802,0.9150248143114421,True,3,2007,3288,d__Bacteria;p__Bacillota;c__Clostridia;o__Lachnospirales;f__Lachnospiraceae;g__Suilimivivens;s__Suilimivivens sp018384375
20000,0.0016835016835016834,0.010752688172043012,0.0016835016835016834,0.0012165450121654502,2.0,2.0,1.0,/group/ctbrowngrp5/sourmash-db.new/gtdb-rs226/gtdb-rs226-k51.dna.rocksdb,GCA_937935985.1 uncultured Clostridia bacterium,848c73d694d8e41d81fec0858449fb24,0.010752688172043012,20000,95,6510000,outputs.mapping/bams.cds.rand/ERR1135289.x.s__Bariatricus sp004560705.fastq.gz,ERR1135289.x.s__Bariatricus sp004560705,443b4598,11880000,51,DNA,10000,1188,True,0.882291368433771,0.9149603940215936,0.8986258812276823,0.9149603940215936,True,4,2011,3288,d__Bacteria;p__Bacillota;c__Clostridia;o__Oscillospirales;f__Oscillospiraceae;g__Faecousia;s__Faecousia sp900546415
20000,0.0016835016835016834,0.0091324200913242,0.0016835016835016834,0.0076034063260340635,12.5,12.5,11.5,/group/ctbrowngrp5/sourmash-db.new/gtdb-rs226/gtdb-rs226-k51.dna.rocksdb,GCA_004557605.1 Clostridiales bacterium,50b04215bad350d905395eba071a9a15,0.0091324200913242,20000,96,6490000,outputs.mapping/bams.cds.rand/ERR1135289.x.s__Bariatricus sp004560705.fastq.gz,ERR1135289.x.s__Bariatricus sp004560705,443b4598,11880000,51,DNA,10000,1188,True,0.882291368433771,0.91203496397918,0.8971631662064755,0.91203496397918,True,25,2036,3288,d__Bacteria;p__Bacillota;c__Clostridia;o__Oscillospirales;f__Oscillospiraceae;g__Hominicoprocola;s__Hominicoprocola sp003522105
100000,0.008417508417508417,0.0061162079510703364,0.0016835016835016834,0.0006082725060827251,1.0,1.0,0.0,/group/ctbrowngrp5/sourmash-db.new/gtdb-rs226/gtdb-rs226-k51.dna.rocksdb,GCA_945828285.1 Blautia obeum,5ae75aa2df72670a81c6d330677c44ff,0.03058103975535168,20000,97,6470000,outputs.mapping/bams.cds.rand/ERR1135289.x.s__Bariatricus sp004560705.fastq.gz,ERR1135289.x.s__Bariatricus sp004560705,443b4598,11880000,51,DNA,10000,1188,True,0.9105783592808262,0.9339056121751327,0.9222419857279794,0.9339056121751327,False,2,2038,3288,d__Bacteria;p__Bacillota;c__Clostridia;o__Lachnospirales;f__Lachnospiraceae;g__Blautia_A;s__Blautia_A obeum
20000,0.0016835016835016834,0.00966183574879227,0.0016835016835016834,0.0018248175182481751,3.0,3.0,1.0,/group/ctbrowngrp5/sourmash-db.new/gtdb-rs226/gtdb-rs226-k51.dna.rocksdb,GCA_945834545.1 uncultured Lachnospiraceae bacterium,cf6e87e13842b5bf3771e6a39ca7ea4f,0.00966183574879227,20000,98,6450000,outputs.mapping/bams.cds.rand/ERR1135289.x.s__Bariatricus sp004560705.fastq.gz,ERR1135289.x.s__Bariatricus sp004560705,443b4598,11880000,51,DNA,10000,1188,True,0.882291368433771,0.9130432826867383,0.8976673255602546,0.9130432826867383,True,6,2044,3288,d__Bacteria;p__Bacillota;c__Clostridia;o__Lachnospirales;f__Lachnospiraceae;g__CAMAHO01;s__CAMAHO01 sp945834545
940000,0.07912457912457913,0.011049723756906077,0.0016835016835016834,0.0006082725060827251,1.0,1.0,0.0,/group/ctbrowngrp5/sourmash-db.new/gtdb-rs226/gtdb-rs226-k51.dna.rocksdb,GCA_945916035.1 uncultured bacterium,8dc915d11b53aa35863c6f638d2e8135,0.5193370165745856,20000,99,6430000,outputs.mapping/bams.cds.rand/ERR1135289.x.s__Bariatricus sp004560705.fastq.gz,ERR1135289.x.s__Bariatricus sp004560705,443b4598,11880000,51,DNA,10000,1188,True,0.9514769308242853,0.9872350688391549,0.96935599983172,0.9872350688391549,False,2,2046,3288,d__Bacteria;p__Bacillota;c__Clostridia;o__Lachnospirales;f__Lachnospiraceae;g__Bariatricus;s__Bariatricus sp004560705
90000,0.007575757575757576,0.006557377049180328,0.0016835016835016834,0.0006082725060827251,1.0,1.0,0.0,/group/ctbrowngrp5/sourmash-db.new/gtdb-rs226/gtdb-rs226-k51.dna.rocksdb,GCF_039832105.1 Dorea sp. YH-dor226,3c56cbfb20755d30fd6683468b687848,0.029508196721311476,20000,100,6410000,outputs.mapping/bams.cds.rand/ERR1135289.x.s__Bariatricus sp004560705.fastq.gz,ERR1135289.x.s__Bariatricus sp004560705,443b4598,11880000,51,DNA,10000,1188,True,0.9086991441072096,0.9332518851904813,0.9209755146488454,0.9332518851904813,False,2,2048,3288,d__Bacteria;p__Bacillota;c__Clostridia;o__Lachnospirales;f__Lachnospiraceae;g__Dorea_A;s__Dorea_A sp016295505
10000,0.0008417508417508417,0.00228310502283105,0.0008417508417508417,0.00030413625304136254,1.0,1.0,0.0,/group/ctbrowngrp5/sourmash-db.new/gtdb-rs226/gtdb-rs226-k51.dna.rocksdb,GCF_900684025.1 Clostridioides difficile,200ef76c1c4cf536c1d8feb4177423c8,0.00228310502283105,10000,101,6400000,outputs.mapping/bams.cds.rand/ERR1135289.x.s__Bariatricus sp004560705.fastq.gz,ERR1135289.x.s__Bariatricus sp004560705,443b4598,11880000,51,DNA,10000,1188,True,0.8703811594057197,0.8875777158413988,0.8789794376235592,0.8875777158413988,True,1,2049,3288,d__Bacteria;p__Bacillota;c__Clostridia;o__Peptostreptococcales;f__Peptostreptococcaceae;g__Clostridioides;s__Clostridioides difficile
10000,0.0008417508417508417,0.006896551724137931,0.0008417508417508417,0.010948905109489052,36.0,36.0,0.0,/group/ctbrowngrp5/sourmash-db.new/gtdb-rs226/gtdb-rs226-k51.dna.rocksdb,GCA_948615015.1 uncultured Eubacteriales bacterium,ad83bd1353708800df7a2bd077ca0204,0.006896551724137931,10000,102,6390000,outputs.mapping/bams.cds.rand/ERR1135289.x.s__Bariatricus sp004560705.fastq.gz,ERR1135289.x.s__Bariatricus sp004560705,443b4598,11880000,51,DNA,10000,1188,True,0.8703811594057197,0.907027041982046,0.8887041006938828,0.907027041982046,True,36,2085,3288,d__Bacteria;p__Bacillota;c__Clostridia;o__Christensenellales;f__UBA3700;g__MGBC100798;s__MGBC100798 sp910588545
10000,0.0008417508417508417,0.004347826086956522,0.0008417508417508417,0.0006082725060827251,2.0,2.0,0.0,/group/ctbrowngrp5/sourmash-db.new/gtdb-rs226/gtdb-rs226-k51.dna.rocksdb,GCF_037325065.1 Mitsuokella jalaludinii,0245bb611d843a840af35bd345dc230e,0.004347826086956522,10000,103,6380000,outputs.mapping/bams.cds.rand/ERR1135289.x.s__Bariatricus sp004560705.fastq.gz,ERR1135289.x.s__Bariatricus sp004560705,443b4598,11880000,51,DNA,10000,1188,True,0.8703811594057197,0.8988590824149439,0.8846201209103318,0.8988590824149439,True,2,2087,3288,d__Bacteria;p__Bacillota;c__Negativicutes;o__Selenomonadales;f__Selenomonadaceae;g__Mitsuokella;s__Mitsuokella jalaludinii
10000,0.0008417508417508417,0.0035842293906810036,0.0008417508417508417,0.00030413625304136254,1.0,1.0,0.0,/group/ctbrowngrp5/sourmash-db.new/gtdb-rs226/gtdb-rs226-k51.dna.rocksdb,GCA_905204405.1 uncultured Lachnospira sp.,2623766bc47bc3f0a056e2605185b564,0.0035842293906810036,10000,104,6370000,outputs.mapping/bams.cds.rand/ERR1135289.x.s__Bariatricus sp004560705.fastq.gz,ERR1135289.x.s__Bariatricus sp004560705,443b4598,11880000,51,DNA,10000,1188,True,0.8703811594057197,0.8954616198633102,0.8829213896345149,0.8954616198633102,True,1,2088,3288,d__Bacteria;p__Bacillota;c__Clostridia;o__Lachnospirales;f__Lachnospiraceae;g__Lachnospira;s__Lachnospira sp900551945
10000,0.0008417508417508417,0.004347826086956522,0.0008417508417508417,0.0006082725060827251,2.0,2.0,0.0,/group/ctbrowngrp5/sourmash-db.new/gtdb-rs226/gtdb-rs226-k51.dna.rocksdb,GCA_959027845.1 uncultured Eubacteriales bacterium,82cebae598d6bc458bd368775c81fc1c,0.004347826086956522,10000,105,6360000,outputs.mapping/bams.cds.rand/ERR1135289.x.s__Bariatricus sp004560705.fastq.gz,ERR1135289.x.s__Bariatricus sp004560705,443b4598,11880000,51,DNA,10000,1188,True,0.8703811594057197,0.8988590824149439,0.8846201209103318,0.8988590824149439,True,2,2090,3288,d__Bacteria;p__Bacillota;c__Clostridia;o__Oscillospirales;f__Oscillospiraceae;g__Evtepia;s__Evtepia excrementipullorum
10000,0.0008417508417508417,0.0028735632183908046,0.0008417508417508417,0.00030413625304136254,1.0,1.0,0.0,/group/ctbrowngrp5/sourmash-db.new/gtdb-rs226/gtdb-rs226-k51.dna.rocksdb,GCA_041323695.1 Lachnospiraceae bacterium,69eb6432cd98d9772054f7f183064e89,0.0028735632183908046,10000,106,6350000,outputs.mapping/bams.cds.rand/ERR1135289.x.s__Bariatricus sp004560705.fastq.gz,ERR1135289.x.s__Bariatricus sp004560705,443b4598,11880000,51,DNA,10000,1188,True,0.8703811594057197,0.891589844055826,0.8809855017307728,0.891589844055826,True,1,2091,3288,d__Bacteria;p__Bacillota;c__Clostridia;o__Lachnospirales;f__Lachnospiraceae;g__Jutongia;s__Jutongia sp003524945
10000,0.0008417508417508417,0.004098360655737705,0.0008417508417508417,0.061739659367396595,203.0,203.0,0.0,/group/ctbrowngrp5/sourmash-db.new/gtdb-rs226/gtdb-rs226-k51.dna.rocksdb,GCA_002391185.1 Prevotella sp. UBA4376,e36dae168239b0281e94c95776ea2fad,0.004098360655737705,10000,107,6340000,outputs.mapping/bams.cds.rand/ERR1135289.x.s__Bariatricus sp004560705.fastq.gz,ERR1135289.x.s__Bariatricus sp004560705,443b4598,11880000,51,DNA,10000,1188,True,0.8703811594057197,0.8978182617731918,0.8840997105894557,0.8978182617731918,True,203,2294,3288,d__Bacteria;p__Bacteroidota;c__Bacteroidia;o__Bacteroidales;f__Bacteroidaceae;g__Prevotella;s__Prevotella sp002391185
10000,0.0008417508417508417,0.007575757575757576,0.0008417508417508417,0.0018248175182481751,6.0,6.0,0.0,/group/ctbrowngrp5/sourmash-db.new/gtdb-rs226/gtdb-rs226-k51.dna.rocksdb,GCA_900758085.1 Eggerthellaceae bacterium,413174bcc691d8f4db87ebe090f797e3,0.007575757575757576,10000,108,6330000,outputs.mapping/bams.cds.rand/ERR1135289.x.s__Bariatricus sp004560705.fastq.gz,ERR1135289.x.s__Bariatricus sp004560705,443b4598,11880000,51,DNA,10000,1188,True,0.8703811594057197,0.9086991441072096,0.8895401517564647,0.9086991441072096,True,6,2300,3288,d__Bacteria;p__Actinomycetota;c__Coriobacteriia;o__Coriobacteriales;f__Eggerthellaceae;g__Anaerotardibacter;s__Anaerotardibacter sp900546175
20000,0.0016835016835016834,0.00558659217877095,0.0008417508417508417,0.00030413625304136254,1.0,1.0,0.0,/group/ctbrowngrp5/sourmash-db.new/gtdb-rs226/gtdb-rs226-k51.dna.rocksdb,GCA_017391545.1 Lachnospiraceae bacterium,ac7feeb2261eb624a6e67c30aa96c420,0.0111731843575419,10000,109,6320000,outputs.mapping/bams.cds.rand/ERR1135289.x.s__Bariatricus sp004560705.fastq.gz,ERR1135289.x.s__Bariatricus sp004560705,443b4598,11880000,51,DNA,10000,1188,True,0.882291368433771,0.9156488622225152,0.8989701153281431,0.9156488622225152,True,1,2301,3288,d__Bacteria;p__Bacillota;c__Clostridia;o__Lachnospirales;f__Lachnospiraceae;g__COE1;s__COE1 sp017391545
10000,0.0008417508417508417,0.00425531914893617,0.0008417508417508417,0.00030413625304136254,1.0,1.0,0.0,/group/ctbrowngrp5/sourmash-db.new/gtdb-rs226/gtdb-rs226-k51.dna.rocksdb,GCA_036727705.1 Clostridia bacterium,3cb1267421ff18323380f47e00f88c55,0.00425531914893617,10000,110,6310000,outputs.mapping/bams.cds.rand/ERR1135289.x.s__Bariatricus sp004560705.fastq.gz,ERR1135289.x.s__Bariatricus sp004560705,443b4598,11880000,51,DNA,10000,1188,True,0.8703811594057197,0.8984801221677612,0.8844306407867404,0.8984801221677612,True,1,2302,3288,d__Bacteria;p__Bacillota;c__Clostridia;o__Christensenellales;f__CAG-138;g__RUG472;s__RUG472 sp900545265
10000,0.0008417508417508417,0.002631578947368421,0.0008417508417508417,0.0006082725060827251,2.0,2.0,0.0,/group/ctbrowngrp5/sourmash-db.new/gtdb-rs226/gtdb-rs226-k51.dna.rocksdb,GCA_900008725.1 Clostridioides difficile,f5881c6c7f71ef5da4e0cfe22b0acad7,0.002631578947368421,10000,111,6300000,outputs.mapping/bams.cds.rand/ERR1135289.x.s__Bariatricus sp004560705.fastq.gz,ERR1135289.x.s__Bariatricus sp004560705,443b4598,11880000,51,DNA,10000,1188,True,0.8703811594057197,0.8900532860056227,0.8802172227056713,0.8900532860056227,True,2,2304,3288,d__Bacteria;p__Bacillota;c__Clostridia;o__Peptostreptococcales;f__Peptostreptococcaceae;g__Clostridioides;s__Clostridioides difficile
10000,0.0008417508417508417,0.0037593984962406013,0.0008417508417508417,0.00030413625304136254,1.0,1.0,0.0,/group/ctbrowngrp5/sourmash-db.new/gtdb-rs226/gtdb-rs226-k51.dna.rocksdb,GCA_023403145.1 Bacillota bacterium,518b0a7eaa531067c1ba91c2d9194af8,0.0037593984962406013,10000,112,6290000,outputs.mapping/bams.cds.rand/ERR1135289.x.s__Bariatricus sp004560705.fastq.gz,ERR1135289.x.s__Bariatricus sp004560705,443b4598,11880000,51,DNA,10000,1188,True,0.8703811594057197,0.896299803565827,0.8833404814857733,0.896299803565827,True,1,2305,3288,d__Bacteria;p__Bacillota;c__Clostridia;o__Lachnospirales;f__Lachnospiraceae;g__Blautia_A;s__Blautia_A sp900066355
10000,0.0008417508417508417,0.002512562814070352,0.0008417508417508417,0.00030413625304136254,1.0,1.0,0.0,/group/ctbrowngrp5/sourmash-db.new/gtdb-rs226/gtdb-rs226-k51.dna.rocksdb,GCA_021770725.1 Lachnospiraceae bacterium,2cfbed289a32d953a02118db7ce15f68,0.002512562814070352,10000,113,6280000,outputs.mapping/bams.cds.rand/ERR1135289.x.s__Bariatricus sp004560705.fastq.gz,ERR1135289.x.s__Bariatricus sp004560705,443b4598,11880000,51,DNA,10000,1188,True,0.8703811594057197,0.8892459595108382,0.879813559458279,0.8892459595108382,True,1,2306,3288,d__Bacteria;p__Bacillota;c__Clostridia;o__Lachnospirales;f__Lachnospiraceae;g__Kineothrix;s__Kineothrix sp021769135
10000,0.0008417508417508417,0.006535947712418301,0.0008417508417508417,0.0030413625304136255,10.0,10.0,0.0,/group/ctbrowngrp5/sourmash-db.new/gtdb-rs226/gtdb-rs226-k51.dna.rocksdb,GCA_028721105.1 bacterium,07affa8941d2a625424845a69dd9ec57,0.006535947712418301,10000,114,6270000,outputs.mapping/bams.cds.rand/ERR1135289.x.s__Bariatricus sp004560705.fastq.gz,ERR1135289.x.s__Bariatricus sp004560705,443b4598,11880000,51,DNA,10000,1188,True,0.8703811594057197,0.9060724242444924,0.8882267918251061,0.9060724242444924,True,10,2316,3288,d__Bacteria;p__Bacillota;c__Bacilli;o__RFN20;f__CAG-288;g__Enterosoma;s__Enterosoma sp022774485
20000,0.0016835016835016834,0.0034965034965034965,0.0008417508417508417,0.00030413625304136254,1.0,1.0,0.0,/group/ctbrowngrp5/sourmash-db.new/gtdb-rs226/gtdb-rs226-k51.dna.rocksdb,GCF_900545545.1 uncultured Subdoligranulum sp.,91ac6a5e938451e2cc8a5ae3c7551202,0.006993006993006993,10000,115,6260000,outputs.mapping/bams.cds.rand/ERR1135289.x.s__Bariatricus sp004560705.fastq.gz,ERR1135289.x.s__Bariatricus sp004560705,443b4598,11880000,51,DNA,10000,1188,True,0.882291368433771,0.9072740913132011,0.8947827298734861,0.9072740913132011,True,1,2317,3288,d__Bacteria;p__Bacillota;c__Clostridia;o__Oscillospirales;f__Ruminococcaceae;g__Gemmiger;s__Gemmiger sp900545545
20000,0.0016835016835016834,0.007692307692307693,0.0008417508417508417,0.00030413625304136254,1.0,1.0,0.0,/group/ctbrowngrp5/sourmash-db.new/gtdb-rs226/gtdb-rs226-k51.dna.rocksdb,GCA_035647315.1 Oscillospiraceae bacterium,a4676e5dd4d0ddeb3a953ce1c5b88f23,0.015384615384615385,10000,116,6250000,outputs.mapping/bams.cds.rand/ERR1135289.x.s__Bariatricus sp004560705.fastq.gz,ERR1135289.x.s__Bariatricus sp004560705,443b4598,11880000,51,DNA,10000,1188,True,0.882291368433771,0.9214094865050211,0.901850427469396,0.9214094865050211,True,1,2318,3288,d__Bacteria;p__Bacillota;c__Clostridia;o__Saccharofermentanales;f__DTU023;g__DTU032;s__DTU032 sp012728535
10000,0.0008417508417508417,0.0035335689045936395,0.0008417508417508417,0.0018248175182481751,6.0,6.0,0.0,/group/ctbrowngrp5/sourmash-db.new/gtdb-rs226/gtdb-rs226-k51.dna.rocksdb,GCA_022764385.1 Treponema sp.,2e625df7d285fbc203a236d45a080392,0.0035335689045936395,10000,117,6240000,outputs.mapping/bams.cds.rand/ERR1135289.x.s__Bariatricus sp004560705.fastq.gz,ERR1135289.x.s__Bariatricus sp004560705,443b4598,11880000,51,DNA,10000,1188,True,0.8703811594057197,0.8952117135678687,0.8827964364867942,0.8952117135678687,True,6,2324,3288,d__Bacteria;p__Spirochaetota;c__Spirochaetia;o__Treponematales;f__Treponemataceae;g__Treponema_D;s__Treponema_D sp002395155
20000,0.0016835016835016834,0.003676470588235294,0.0008417508417508417,0.00030413625304136254,1.0,1.0,0.0,/group/ctbrowngrp5/sourmash-db.new/gtdb-rs226/gtdb-rs226-k51.dna.rocksdb,GCA_000210635.1 [Eubacterium] siraeum V10Sc8a,fb411161d01713d819f0ea0850876a49,0.007352941176470588,10000,118,6230000,outputs.mapping/bams.cds.rand/ERR1135289.x.s__Bariatricus sp004560705.fastq.gz,ERR1135289.x.s__Bariatricus sp004560705,443b4598,11880000,51,DNA,10000,1188,True,0.882291368433771,0.9081673906938506,0.8952293795638108,0.9081673906938506,True,1,2325,3288,d__Bacteria;p__Bacillota;c__Clostridia;o__Oscillospirales;f__Ruminococcaceae;g__Ruminiclostridium_E;s__Ruminiclostridium_E siraeum
10000,0.0008417508417508417,0.004405286343612335,0.0008417508417508417,0.0009124087591240876,3.0,3.0,0.0,/group/ctbrowngrp5/sourmash-db.new/gtdb-rs226/gtdb-rs226-k51.dna.rocksdb,GCA_017473335.1 Erysipelotrichaceae bacterium,73c409e99273e52ad131a5dd0362937e,0.004405286343612335,10000,119,6220000,outputs.mapping/bams.cds.rand/ERR1135289.x.s__Bariatricus sp004560705.fastq.gz,ERR1135289.x.s__Bariatricus sp004560705,443b4598,11880000,51,DNA,10000,1188,True,0.8703811594057197,0.8990905118668127,0.8847358356362662,0.8990905118668127,True,3,2328,3288,d__Bacteria;p__Bacillota;c__Bacilli;o__Erysipelotrichales;f__Erysipelotrichaceae;g__RGIG1896;s__RGIG1896 sp017473335
10000,0.0008417508417508417,0.0024330900243309003,0.0008417508417508417,0.0012165450121654502,4.0,4.0,0.0,/group/ctbrowngrp5/sourmash-db.new/gtdb-rs226/gtdb-rs226-k51.dna.rocksdb,GCA_949098705.1 uncultured Lachnospiraceae bacterium,f5d4af68607a71b706f49f9095b88724,0.0024330900243309003,10000,120,6210000,outputs.mapping/bams.cds.rand/ERR1135289.x.s__Bariatricus sp004560705.fastq.gz,ERR1135289.x.s__Bariatricus sp004560705,443b4598,11880000,51,DNA,10000,1188,True,0.8703811594057197,0.8886857156672617,0.8795334375364907,0.8886857156672617,True,4,2332,3288,d__Bacteria;p__Bacillota;c__Clostridia;o__Lachnospirales;f__Lachnospiraceae;g__CAG-303;s__CAG-303 sp910577835
30000,0.0025252525252525255,0.004016064257028112,0.0008417508417508417,0.0006082725060827251,2.0,2.0,0.0,/group/ctbrowngrp5/sourmash-db.new/gtdb-rs226/gtdb-rs226-k51.dna.rocksdb,GCA_934343615.1 uncultured Agathobacter sp.,a99576c57b1a6de6309af9365df931a3,0.012048192771084338,10000,121,6200000,outputs.mapping/bams.cds.rand/ERR1135289.x.s__Bariatricus sp004560705.fastq.gz,ERR1135289.x.s__Bariatricus sp004560705,443b4598,11880000,51,DNA,10000,1188,True,0.8893338038099182,0.9170035517674673,0.9031686777886927,0.9170035517674673,True,2,2334,3288,d__Bacteria;p__Bacillota;c__Clostridia;o__Lachnospirales;f__Lachnospiraceae;g__Agathobacter;s__Agathobacter sp900548765
10000,0.0008417508417508417,0.0056179775280898875,0.0008417508417508417,0.00030413625304136254,1.0,1.0,0.0,/group/ctbrowngrp5/sourmash-db.new/gtdb-rs226/gtdb-rs226-k51.dna.rocksdb,GCA_945920375.1 uncultured Clostridia bacterium,90440f85cc2f5915115470554fd89ac6,0.0056179775280898875,10000,122,6190000,outputs.mapping/bams.cds.rand/ERR1135289.x.s__Bariatricus sp004560705.fastq.gz,ERR1135289.x.s__Bariatricus sp004560705,443b4598,11880000,51,DNA,10000,1188,True,0.8703811594057197,0.9033875844208873,0.8868843719133035,0.9033875844208873,True,1,2335,3288,d__Bacteria;p__Bacillota;c__Clostridia;o__Lachnospirales;f__Lachnospiraceae;g__Fimimorpha;s__Fimimorpha sp022778745
40000,0.003367003367003367,0.0031746031746031746,0.0008417508417508417,0.00030413625304136254,1.0,1.0,0.0,/group/ctbrowngrp5/sourmash-db.new/gtdb-rs226/gtdb-rs226-k51.dna.rocksdb,GCF_018917895.1 Anaerobutyricum soehngenii,ed5ec43049d310986907adc85ab8166d,0.012698412698412698,10000,123,6180000,outputs.mapping/bams.cds.rand/ERR1135289.x.s__Bariatricus sp004560705.fastq.gz,ERR1135289.x.s__Bariatricus sp004560705,443b4598,11880000,51,DNA,10000,1188,True,0.8943645555749845,0.9179491339265763,0.9061568447507804,0.9179491339265763,True,1,2336,3288,d__Bacteria;p__Bacillota;c__Clostridia;o__Lachnospirales;f__Lachnospiraceae;g__Anaerobutyricum;s__Anaerobutyricum soehngenii
10000,0.0008417508417508417,0.003952569169960474,0.0008417508417508417,0.0012165450121654502,4.0,4.0,0.0,/group/ctbrowngrp5/sourmash-db.new/gtdb-rs226/gtdb-rs226-k51.dna.rocksdb,GCA_034114025.1 Candidatus Cryptobacteroides sp.,e7a62e54ca1aa9669dc1ebcd3d0e3b86,0.003952569169960474,10000,124,6170000,outputs.mapping/bams.cds.rand/ERR1135289.x.s__Bariatricus sp004560705.fastq.gz,ERR1135289.x.s__Bariatricus sp004560705,443b4598,11880000,51,DNA,10000,1188,True,0.8703811594057197,0.8971808389049852,0.8837809991553525,0.8971808389049852,True,4,2340,3288,d__Bacteria;p__Bacteroidota;c__Bacteroidia;o__Bacteroidales;f__UBA932;g__Cryptobacteroides;s__Cryptobacteroides sp034089285
10000,0.0008417508417508417,0.0047169811320754715,0.0008417508417508417,0.0006082725060827251,2.0,2.0,0.0,/group/ctbrowngrp5/sourmash-db.new/gtdb-rs226/gtdb-rs226-k51.dna.rocksdb,GCA_017436575.1 Oscillospiraceae bacterium,ea675ee098406bd91b4416f043852ccf,0.0047169811320754715,10000,125,6160000,outputs.mapping/bams.cds.rand/ERR1135289.x.s__Bariatricus sp004560705.fastq.gz,ERR1135289.x.s__Bariatricus sp004560705,443b4598,11880000,51,DNA,10000,1188,True,0.8703811594057197,0.9002965198455473,0.8853388396256334,0.9002965198455473,True,2,2342,3288,d__Bacteria;p__Bacillota;c__Clostridia;o__Oscillospirales;f__Ruminococcaceae;g__RGIG3102;s__RGIG3102 sp017436575
10000,0.0008417508417508417,0.005376344086021506,0.0008417508417508417,0.0006082725060827251,2.0,2.0,0.0,/group/ctbrowngrp5/sourmash-db.new/gtdb-rs226/gtdb-rs226-k51.dna.rocksdb,GCA_902472625.1 uncultured Bacillales bacterium,a05f0ac0a6b942d4a80bfb4ba736b9ef,0.005376344086021506,10000,126,6150000,outputs.mapping/bams.cds.rand/ERR1135289.x.s__Bariatricus sp004560705.fastq.gz,ERR1135289.x.s__Bariatricus sp004560705,443b4598,11880000,51,DNA,10000,1188,True,0.8703811594057197,0.9026091799725088,0.8864951696891142,0.9026091799725088,True,2,2344,3288,d__Bacteria;p__Bacillota;c__Bacilli;o__ML615J-28;f__CAG-313;g__UMGS1109;s__UMGS1109 sp900548675
10000,0.0008417508417508417,0.004807692307692308,0.0008417508417508417,0.00030413625304136254,1.0,1.0,0.0,/group/ctbrowngrp5/sourmash-db.new/gtdb-rs226/gtdb-rs226-k51.dna.rocksdb,GCA_029003835.1 Bacillota bacterium,6c85b69d992de79d099fb93a1e8f1710,0.004807692307692308,10000,127,6140000,outputs.mapping/bams.cds.rand/ERR1135289.x.s__Bariatricus sp004560705.fastq.gz,ERR1135289.x.s__Bariatricus sp004560705,443b4598,11880000,51,DNA,10000,1188,True,0.8703811594057197,0.9006328380135685,0.8855069987096441,0.9006328380135685,True,1,2345,3288,d__Bacteria;p__Bacillota;c__Clostridia;o__Peptostreptococcales;f__Anaerovoracaceae;g__CAKQOE01;s__CAKQOE01 sp934255545
10000,0.0008417508417508417,0.0026455026455026454,0.0008417508417508417,0.00030413625304136254,1.0,1.0,0.0,/group/ctbrowngrp5/sourmash-db.new/gtdb-rs226/gtdb-rs226-k51.dna.rocksdb,GCA_946499895.1 uncultured Lachnospiraceae bacterium,99059f022634525976bdf634295abe3a,0.0026455026455026454,10000,128,6130000,outputs.mapping/bams.cds.rand/ERR1135289.x.s__Bariatricus sp004560705.fastq.gz,ERR1135289.x.s__Bariatricus sp004560705,443b4598,11880000,51,DNA,10000,1188,True,0.8703811594057197,0.890145386104007,0.8802632727548634,0.890145386104007,True,1,2346,3288,d__Bacteria;p__Bacillota;c__Clostridia;o__Lachnospirales;f__Lachnospiraceae;g__Fusicatenibacter;s__Fusicatenibacter sp017887445
10000,0.0008417508417508417,0.0038461538461538464,0.0008417508417508417,0.00030413625304136254,1.0,1.0,0.0,/group/ctbrowngrp5/sourmash-db.new/gtdb-rs226/gtdb-rs226-k51.dna.rocksdb,GCA_038211425.1 Candidatus Limnocylindria bacterium,b6d89644025723a1d0150e825f001981,0.0038461538461538464,10000,129,6120000,outputs.mapping/bams.cds.rand/ERR1135289.x.s__Bariatricus sp004560705.fastq.gz,ERR1135289.x.s__Bariatricus sp004560705,443b4598,11880000,51,DNA,10000,1188,True,0.8703811594057197,0.896700849952713,0.8835410046792164,0.896700849952713,True,1,2347,3288,d__Bacteria;p__Chloroflexota;c__Limnocylindria;o__P2-11E;f__P2-11E;g__JALYKU01;s__JALYKU01 sp038211425
10000,0.0008417508417508417,0.0035335689045936395,0.0008417508417508417,0.00030413625304136254,1.0,1.0,0.0,/group/ctbrowngrp5/sourmash-db.new/gtdb-rs226/gtdb-rs226-k51.dna.rocksdb,GCA_948440585.1 uncultured Eubacteriales bacterium,96e5a8245d7871f1c7c7b4dd3328462e,0.0035335689045936395,10000,130,6110000,outputs.mapping/bams.cds.rand/ERR1135289.x.s__Bariatricus sp004560705.fastq.gz,ERR1135289.x.s__Bariatricus sp004560705,443b4598,11880000,51,DNA,10000,1188,True,0.8703811594057197,0.8952117135678687,0.8827964364867942,0.8952117135678687,True,1,2348,3288,d__Bacteria;p__Bacillota;c__Clostridia;o__Monoglobales;f__Monoglobaceae;g__UMGS1820;s__UMGS1820 sp900545865
10000,0.0008417508417508417,0.001422475106685633,0.0008417508417508417,0.004257907542579075,14.0,14.0,0.0,/group/ctbrowngrp5/sourmash-db.new/gtdb-rs226/gtdb-rs226-k51.dna.rocksdb,GCF_028435945.1 Pseudomonas aeruginosa,04359910a96fab91ab19462b19baba79,0.001422475106685633,10000,131,6100000,outputs.mapping/bams.cds.rand/ERR1135289.x.s__Bariatricus sp004560705.fastq.gz,ERR1135289.x.s__Bariatricus sp004560705,443b4598,11880000,51,DNA,10000,1188,True,0.8703811594057197,0.8793815438671498,0.8748813516364348,0.8793815438671498,True,14,2362,3288,d__Bacteria;p__Pseudomonadota;c__Gammaproteobacteria;o__Pseudomonadales;f__Pseudomonadaceae;g__Pseudomonas;s__Pseudomonas aeruginosa
10000,0.0008417508417508417,0.005434782608695652,0.0008417508417508417,0.00030413625304136254,1.0,1.0,0.0,/group/ctbrowngrp5/sourmash-db.new/gtdb-rs226/gtdb-rs226-k51.dna.rocksdb,GCA_016303285.1 Sphaerochaetaceae bacterium,5cde783fad2fe05e12df199c61ebffe0,0.005434782608695652,10000,132,6090000,outputs.mapping/bams.cds.rand/ERR1135289.x.s__Bariatricus sp004560705.fastq.gz,ERR1135289.x.s__Bariatricus sp004560705,443b4598,11880000,51,DNA,10000,1188,True,0.8703811594057197,0.9028005342164377,0.8865908468110787,0.9028005342164377,True,1,2363,3288,d__Bacteria;p__Spirochaetota;c__Spirochaetia;o__Sphaerochaetales;f__Sphaerochaetaceae;g__Ornithospirochaeta;s__Ornithospirochaeta sp016302165
10000,0.0008417508417508417,0.002325581395348837,0.0008417508417508417,0.0015206812652068127,5.0,5.0,0.0,/group/ctbrowngrp5/sourmash-db.new/gtdb-rs226/gtdb-rs226-k51.dna.rocksdb,GCA_948971875.1 uncultured Kineothrix sp.,6ca565598475daaf48b58be9d6c3f921,0.002325581395348837,10000,133,6080000,outputs.mapping/bams.cds.rand/ERR1135289.x.s__Bariatricus sp004560705.fastq.gz,ERR1135289.x.s__Bariatricus sp004560705,443b4598,11880000,51,DNA,10000,1188,True,0.8703811594057197,0.8878985844700187,0.8791398719378691,0.8878985844700187,True,5,2368,3288,d__Bacteria;p__Bacillota;c__Clostridia;o__Lachnospirales;f__Lachnospiraceae;g__Kineothrix;s__Kineothrix sp910579935
10000,0.0008417508417508417,0.004098360655737705,0.0008417508417508417,0.0006082725060827251,2.0,2.0,0.0,/group/ctbrowngrp5/sourmash-db.new/gtdb-rs226/gtdb-rs226-k51.dna.rocksdb,GCF_034172645.1 Dysosmobacter sp.,72125f4ddcb345f2692a5cae382db862,0.004098360655737705,10000,134,6070000,outputs.mapping/bams.cds.rand/ERR1135289.x.s__Bariatricus sp004560705.fastq.gz,ERR1135289.x.s__Bariatricus sp004560705,443b4598,11880000,51,DNA,10000,1188,True,0.8703811594057197,0.8978182617731918,0.8840997105894557,0.8978182617731918,True,2,2370,3288,d__Bacteria;p__Bacillota;c__Clostridia;o__Oscillospirales;f__Oscillospiraceae;g__Oscillibacter;s__Oscillibacter sp018228705
60000,0.005050505050505051,0.002631578947368421,0.0008417508417508417,0.00030413625304136254,1.0,1.0,0.0,/group/ctbrowngrp5/sourmash-db.new/gtdb-rs226/gtdb-rs226-k51.dna.rocksdb,GCF_003474255.1 Blautia obeum,a6b5f71f23005575017d7a0c8d5fd305,0.015789473684210527,10000,135,6060000,outputs.mapping/bams.cds.rand/ERR1135289.x.s__Bariatricus sp004560705.fastq.gz,ERR1135289.x.s__Bariatricus sp004560705,443b4598,11880000,51,DNA,10000,1188,True,0.901503358934848,0.9218789013228668,0.9116911301288574,0.9218789013228668,True,1,2371,3288,d__Bacteria;p__Bacillota;c__Clostridia;o__Lachnospirales;f__Lachnospiraceae;g__Blautia_A;s__Blautia_A obeum
10000,0.0008417508417508417,0.005128205128205128,0.0008417508417508417,0.00030413625304136254,1.0,1.0,0.0,/group/ctbrowngrp5/sourmash-db.new/gtdb-rs226/gtdb-rs226-k51.dna.rocksdb,GCA_948645975.1 uncultured bacterium,e9f7ab09d3c3c34b8d5ee24e75c54e93,0.005128205128205128,10000,136,6050000,outputs.mapping/bams.cds.rand/ERR1135289.x.s__Bariatricus sp004560705.fastq.gz,ERR1135289.x.s__Bariatricus sp004560705,443b4598,11880000,51,DNA,10000,1188,True,0.8703811594057197,0.9017732753618344,0.886077217383777,0.9017732753618344,True,1,2372,3288,d__Bacteria;p__Cyanobacteriota;c__Vampirovibrionia;o__Gastranaerophilales;f__Gastranaerophilaceae;g__MGBC122484;s__MGBC122484 sp910587375
30000,0.0025252525252525255,0.003289473684210526,0.0008417508417508417,0.0018248175182481751,6.0,6.0,0.0,/group/ctbrowngrp5/sourmash-db.new/gtdb-rs226/gtdb-rs226-k51.dna.rocksdb,GCA_963636115.1 bacterium,3e334e77d7272e371f4d529250177c9d,0.009868421052631578,10000,137,6040000,outputs.mapping/bams.cds.rand/ERR1135289.x.s__Bariatricus sp004560705.fastq.gz,ERR1135289.x.s__Bariatricus sp004560705,443b4598,11880000,51,DNA,10000,1188,True,0.8893338038099182,0.9134221166736807,0.9013779602417995,0.9134221166736807,True,6,2378,3288,d__Bacteria;p__Bacillota;c__Clostridia;o__Lachnospirales;f__Lachnospiraceae;g__Roseburia_C;s__Roseburia_C amylophila
10000,0.0008417508417508417,0.0018115942028985507,0.0008417508417508417,0.00030413625304136254,1.0,1.0,0.0,/group/ctbrowngrp5/sourmash-db.new/gtdb-rs226/gtdb-rs226-k51.dna.rocksdb,GCA_030524175.1 Eubacteriales bacterium,3c83949464c83793ec2ed799c754b0c1,0.0018115942028985507,10000,138,6030000,outputs.mapping/bams.cds.rand/ERR1135289.x.s__Bariatricus sp004560705.fastq.gz,ERR1135289.x.s__Bariatricus sp004560705,443b4598,11880000,51,DNA,10000,1188,True,0.8703811594057197,0.8835608995375092,0.8769710294716144,0.8835608995375092,True,1,2379,3288,d__Bacteria;p__Bacillota;c__Clostridia;o__Lachnospirales;f__Lachnospiraceae;g__Blautia_A;s__Blautia_A sp030524175
50000,0.004208754208754209,0.003663003663003663,0.0008417508417508417,0.00030413625304136254,1.0,1.0,0.0,/group/ctbrowngrp5/sourmash-db.new/gtdb-rs226/gtdb-rs226-k51.dna.rocksdb,GCA_041331895.1 Agathobacter rectalis,ecd1a7c1527e27adb6b98b827eac76d9,0.018315018315018316,10000,139,6020000,outputs.mapping/bams.cds.rand/ERR1135289.x.s__Bariatricus sp004560705.fastq.gz,ERR1135289.x.s__Bariatricus sp004560705,443b4598,11880000,51,DNA,10000,1188,True,0.8982862991026712,0.9245648940772555,0.9114255965899634,0.9245648940772555,True,1,2380,3288,d__Bacteria;p__Bacillota;c__Clostridia;o__Lachnospirales;f__Lachnospiraceae;g__Agathobacter;s__Agathobacter rectalis
10000,0.0008417508417508417,0.006944444444444444,0.0008417508417508417,0.00030413625304136254,1.0,1.0,0.0,/group/ctbrowngrp5/sourmash-db.new/gtdb-rs226/gtdb-rs226-k51.dna.rocksdb,GCA_945788595.1 uncultured Lachnospiraceae bacterium,adfe17a2ed2c194797a895988f81486f,0.006944444444444444,10000,140,6010000,outputs.mapping/bams.cds.rand/ERR1135289.x.s__Bariatricus sp004560705.fastq.gz,ERR1135289.x.s__Bariatricus sp004560705,443b4598,11880000,51,DNA,10000,1188,True,0.8703811594057197,0.9071501293291512,0.8887656443674354,0.9071501293291512,True,1,2381,3288,d__Bacteria;p__Bacillota;c__Clostridia;o__Lachnospirales;f__Lachnospiraceae;g__UBA11957;s__UBA11957 sp945788595
110000,0.009259259259259259,0.0027100271002710027,0.0008417508417508417,0.00030413625304136254,1.0,1.0,0.0,/group/ctbrowngrp5/sourmash-db.new/gtdb-rs226/gtdb-rs226-k51.dna.rocksdb,GCF_020560805.1 Coprococcus catus,264ac19ce571e7c668b59e94f13b174f,0.02981029810298103,10000,141,6000000,outputs.mapping/bams.cds.rand/ERR1135289.x.s__Bariatricus sp004560705.fastq.gz,ERR1135289.x.s__Bariatricus sp004560705,443b4598,11880000,51,DNA,10000,1188,True,0.9122816638494313,0.9334382948482672,0.9228599793488492,0.9334382948482672,False,1,2382,3288,d__Bacteria;p__Bacillota;c__Clostridia;o__Lachnospirales;f__Lachnospiraceae;g__Coprococcus_A;s__Coprococcus_A intestinihominis
10000,0.0008417508417508417,0.003436426116838488,0.0008417508417508417,0.00030413625304136254,1.0,1.0,0.0,/group/ctbrowngrp5/sourmash-db.new/gtdb-rs226/gtdb-rs226-k51.dna.rocksdb,GCA_900771875.1 uncultured Roseburia sp.,0f64c2cbc89b83b610d8c9085a4bd6f9,0.003436426116838488,10000,142,5990000,outputs.mapping/bams.cds.rand/ERR1135289.x.s__Bariatricus sp004560705.fastq.gz,ERR1135289.x.s__Bariatricus sp004560705,443b4598,11880000,51,DNA,10000,1188,True,0.8703811594057197,0.8947225285960692,0.8825518440008944,0.8947225285960692,True,1,2383,3288,d__Bacteria;p__Bacillota;c__Clostridia;o__Lachnospirales;f__Lachnospiraceae;g__Roseburia;s__Roseburia sp900550935
10000,0.0008417508417508417,0.002898550724637681,0.0008417508417508417,0.00030413625304136254,1.0,1.0,0.0,/group/ctbrowngrp5/sourmash-db.new/gtdb-rs226/gtdb-rs226-k51.dna.rocksdb,GCF_017590995.1 Clostridium perfringens,88447983f8d5aca58786c124eec767dd,0.002898550724637681,10000,143,5980000,outputs.mapping/bams.cds.rand/ERR1135289.x.s__Bariatricus sp004560705.fastq.gz,ERR1135289.x.s__Bariatricus sp004560705,443b4598,11880000,51,DNA,10000,1188,True,0.8703811594057197,0.8917412184891021,0.8810611889474109,0.8917412184891021,True,1,2384,3288,d__Bacteria;p__Bacillota;c__Clostridia;o__Clostridiales;f__Clostridiaceae;g__Sarcina;s__Sarcina perfringens
10000,0.0008417508417508417,0.0030211480362537764,0.0008417508417508417,0.00030413625304136254,1.0,1.0,0.0,/group/ctbrowngrp5/sourmash-db.new/gtdb-rs226/gtdb-rs226-k51.dna.rocksdb,GCA_947642255.1 uncultured bacterium,d3297754f0c4fba4dc4336140c9296b0,0.0030211480362537764,10000,144,5970000,outputs.mapping/bams.cds.rand/ERR1135289.x.s__Bariatricus sp004560705.fastq.gz,ERR1135289.x.s__Bariatricus sp004560705,443b4598,11880000,51,DNA,10000,1188,True,0.8703811594057197,0.8924658521397282,0.881423505772724,0.8924658521397282,True,1,2385,3288,d__Bacteria;p__Bacillota;c__Clostridia;o__Lachnospirales;f__Lachnospiraceae;g__Choladousia;s__Choladousia sp003612585
30000,0.0025252525252525255,0.0035842293906810036,0.0008417508417508417,0.00030413625304136254,1.0,1.0,0.0,/group/ctbrowngrp5/sourmash-db.new/gtdb-rs226/gtdb-rs226-k51.dna.rocksdb,GCF_003482195.1 Roseburia sp. OM04-10AA,151f7b86bc5314a40f080b62c29019c4,0.010752688172043012,10000,145,5960000,outputs.mapping/bams.cds.rand/ERR1135289.x.s__Bariatricus sp004560705.fastq.gz,ERR1135289.x.s__Bariatricus sp004560705,443b4598,11880000,51,DNA,10000,1188,True,0.8893338038099182,0.9149603940215936,0.9021470989157558,0.9149603940215936,True,1,2386,3288,d__Bacteria;p__Bacillota;c__Clostridia;o__Lachnospirales;f__Lachnospiraceae;g__Roseburia_C;s__Roseburia_C amylophila
50000,0.004208754208754209,0.0029585798816568047,0.0008417508417508417,0.00030413625304136254,1.0,1.0,0.0,/group/ctbrowngrp5/sourmash-db.new/gtdb-rs226/gtdb-rs226-k51.dna.rocksdb,GCA_027664085.1 Lachnospiraceae bacterium AF98-36,9fd54babcc3fa7b9c4f49a3db350b453,0.014792899408284023,10000,146,5950000,outputs.mapping/bams.cds.rand/ERR1135289.x.s__Bariatricus sp004560705.fastq.gz,ERR1135289.x.s__Bariatricus sp004560705,443b4598,11880000,51,DNA,10000,1188,True,0.8982862991026712,0.9207011640553986,0.9094937315790349,0.9207011640553986,True,1,2387,3288,d__Bacteria;p__Bacillota;c__Clostridia;o__Lachnospirales;f__Lachnospiraceae;g__Blautia_A;s__Blautia_A sp900120195
10000,0.0008417508417508417,0.0029069767441860465,0.0008417508417508417,0.00030413625304136254,1.0,1.0,0.0,/group/ctbrowngrp5/sourmash-db.new/gtdb-rs226/gtdb-rs226-k51.dna.rocksdb,GCA_938027345.1 uncultured Prevotella sp.,eafc40cad3f2d017dfca9bfe49752eb7,0.0029069767441860465,10000,147,5940000,outputs.mapping/bams.cds.rand/ERR1135289.x.s__Bariatricus sp004560705.fastq.gz,ERR1135289.x.s__Bariatricus sp004560705,443b4598,11880000,51,DNA,10000,1188,True,0.8703811594057197,0.8917919750400964,0.881086567222908,0.8917919750400964,True,1,2388,3288,d__Bacteria;p__Bacteroidota;c__Bacteroidia;o__Bacteroidales;f__Bacteroidaceae;g__Prevotella;s__Prevotella sp000436035
20000,0.0016835016835016834,0.0030959752321981426,0.0008417508417508417,0.0006082725060827251,2.0,2.0,0.0,/group/ctbrowngrp5/sourmash-db.new/gtdb-rs226/gtdb-rs226-k51.dna.rocksdb,GCF_002161375.1 Anaerotignum lactatifermentans,8b458dc750da73a4850a6da04bba4461,0.006191950464396285,10000,148,5930000,outputs.mapping/bams.cds.rand/ERR1135289.x.s__Bariatricus sp004560705.fastq.gz,ERR1135289.x.s__Bariatricus sp004560705,443b4598,11880000,51,DNA,10000,1188,True,0.882291368433771,0.9051123681684023,0.8937018683010867,0.9051123681684023,True,2,2390,3288,d__Bacteria;p__Bacillota;c__Clostridia;o__Lachnospirales;f__Anaerotignaceae;g__Anaerotignum;s__Anaerotignum lactatifermentans
20000,0.0016835016835016834,0.0037174721189591076,0.0008417508417508417,0.0006082725060827251,2.0,2.0,0.0,/group/ctbrowngrp5/sourmash-db.new/gtdb-rs226/gtdb-rs226-k51.dna.rocksdb,GCF_020687425.1 Faecalibacterium hominis (ex Afrizal et al. 2022),85012c09a137f54891522c5f710dcc2e,0.007434944237918215,10000,149,5920000,outputs.mapping/bams.cds.rand/ERR1135289.x.s__Bariatricus sp004560705.fastq.gz,ERR1135289.x.s__Bariatricus sp004560705,443b4598,11880000,51,DNA,10000,1188,True,0.882291368433771,0.908364906286951,0.895328137360361,0.908364906286951,True,2,2392,3288,d__Bacteria;p__Bacillota;c__Clostridia;o__Oscillospirales;f__Ruminococcaceae;g__Faecalibacterium;s__Faecalibacterium duncaniae
10000,0.0008417508417508417,0.001890359168241966,0.0008417508417508417,0.00030413625304136254,1.0,1.0,0.0,/group/ctbrowngrp5/sourmash-db.new/gtdb-rs226/gtdb-rs226-k51.dna.rocksdb,GCA_900760285.1 Clostridia bacterium,a51b9616439caf6eec605048c221404e,0.001890359168241966,10000,150,5910000,outputs.mapping/bams.cds.rand/ERR1135289.x.s__Bariatricus sp004560705.fastq.gz,ERR1135289.x.s__Bariatricus sp004560705,443b4598,11880000,51,DNA,10000,1188,True,0.8703811594057197,0.8842985408292963,0.877339850117508,0.8842985408292963,True,1,2393,3288,d__Bacteria;p__Bacillota;c__Clostridia;o__Lachnospirales;f__Bianqueaceae;g__Bianquea;s__Bianquea renquensis
10000,0.0008417508417508417,0.00425531914893617,0.0008417508417508417,0.00030413625304136254,1.0,1.0,0.0,/group/ctbrowngrp5/sourmash-db.new/gtdb-rs226/gtdb-rs226-k51.dna.rocksdb,GCA_034088545.1 Treponema sp.,298c88aed489c1d7869384db6894fc98,0.00425531914893617,10000,151,5900000,outputs.mapping/bams.cds.rand/ERR1135289.x.s__Bariatricus sp004560705.fastq.gz,ERR1135289.x.s__Bariatricus sp004560705,443b4598,11880000,51,DNA,10000,1188,True,0.8703811594057197,0.8984801221677612,0.8844306407867404,0.8984801221677612,True,1,2394,3288,d__Bacteria;p__Spirochaetota;c__Spirochaetia;o__Treponematales;f__Treponemataceae;g__Treponema_D;s__Treponema_D sp017381365
10000,0.0008417508417508417,0.006896551724137931,0.0008417508417508417,0.00030413625304136254,1.0,1.0,0.0,/group/ctbrowngrp5/sourmash-db.new/gtdb-rs226/gtdb-rs226-k51.dna.rocksdb,GCA_947632395.1 uncultured Bacilli bacterium,152809a9690349752073edf29096935c,0.006896551724137931,10000,152,5890000,outputs.mapping/bams.cds.rand/ERR1135289.x.s__Bariatricus sp004560705.fastq.gz,ERR1135289.x.s__Bariatricus sp004560705,443b4598,11880000,51,DNA,10000,1188,True,0.8703811594057197,0.907027041982046,0.8887041006938828,0.907027041982046,True,1,2395,3288,d__Bacteria;p__Bacillota;c__Bacilli;o__RF39;f__UBA660;g__UMGS1613;s__UMGS1613 sp947632395
10000,0.0008417508417508417,0.0034602076124567475,0.0008417508417508417,0.0012165450121654502,4.0,4.0,0.0,/group/ctbrowngrp5/sourmash-db.new/gtdb-rs226/gtdb-rs226-k51.dna.rocksdb,GCA_945948915.1 uncultured Clostridia bacterium,f3c806b567e0c415539abfd22782b928,0.0034602076124567475,10000,153,5880000,outputs.mapping/bams.cds.rand/ERR1135289.x.s__Bariatricus sp004560705.fastq.gz,ERR1135289.x.s__Bariatricus sp004560705,443b4598,11880000,51,DNA,10000,1188,True,0.8703811594057197,0.8948435274565414,0.8826123434311306,0.8948435274565414,True,4,2399,3288,d__Bacteria;p__Bacillota;c__Clostridia;o__Christensenellales;f__Aristaeellaceae;g__Ventricola;s__Ventricola sp945948915
10000,0.0008417508417508417,0.0033112582781456954,0.0008417508417508417,0.00030413625304136254,1.0,1.0,0.0,/group/ctbrowngrp5/sourmash-db.new/gtdb-rs226/gtdb-rs226-k51.dna.rocksdb,GCF_945948365.1 Subdoligranulum variabile,263f68e7ff1bf79b2dc1a6615f964b0b,0.0033112582781456954,10000,154,5870000,outputs.mapping/bams.cds.rand/ERR1135289.x.s__Bariatricus sp004560705.fastq.gz,ERR1135289.x.s__Bariatricus sp004560705,443b4598,11880000,51,DNA,10000,1188,True,0.8703811594057197,0.8940718327507637,0.8822264960782418,0.8940718327507637,True,1,2400,3288,d__Bacteria;p__Bacillota;c__Clostridia;o__Oscillospirales;f__Ruminococcaceae;g__Gemmiger;s__Gemmiger sp900545545
10000,0.0008417508417508417,0.0037313432835820895,0.0008417508417508417,0.00030413625304136254,1.0,1.0,0.0,/group/ctbrowngrp5/sourmash-db.new/gtdb-rs226/gtdb-rs226-k51.dna.rocksdb,GCA_944366945.1 uncultured Clostridia bacterium,4db0e608be359ea342a7b4f482754a26,0.0037313432835820895,10000,155,5860000,outputs.mapping/bams.cds.rand/ERR1135289.x.s__Bariatricus sp004560705.fastq.gz,ERR1135289.x.s__Bariatricus sp004560705,443b4598,11880000,51,DNA,10000,1188,True,0.8703811594057197,0.8961681683781925,0.8832746638919561,0.8961681683781925,True,1,2401,3288,d__Bacteria;p__Bacillota;c__Clostridia;o__Christensenellales;f__CAG-138;g__UBA1685;s__UBA1685 sp944366945
10000,0.0008417508417508417,0.005649717514124294,0.0008417508417508417,0.0006082725060827251,2.0,2.0,0.0,/group/ctbrowngrp5/sourmash-db.new/gtdb-rs226/gtdb-rs226-k51.dna.rocksdb,GCF_026011995.1 Streptococcus alactolyticus,fc007214371b644c540f55d5bbed66d4,0.005649717514124294,10000,156,5850000,outputs.mapping/bams.cds.rand/ERR1135289.x.s__Bariatricus sp004560705.fastq.gz,ERR1135289.x.s__Bariatricus sp004560705,443b4598,11880000,51,DNA,10000,1188,True,0.8703811594057197,0.9034873844621032,0.8869342719339115,0.9034873844621032,True,2,2403,3288,d__Bacteria;p__Bacillota;c__Bacilli;o__Lactobacillales;f__Streptococcaceae;g__Streptococcus;s__Streptococcus faecavium
30000,0.0025252525252525255,0.004081632653061225,0.0008417508417508417,0.00030413625304136254,1.0,1.0,0.0,/group/ctbrowngrp5/sourmash-db.new/gtdb-rs226/gtdb-rs226-k51.dna.rocksdb,GCA_004559325.1 bacterium,1233462b0e3f0bfb40fa4e874dd5742d,0.012244897959183673,10000,157,5840000,outputs.mapping/bams.cds.rand/ERR1135289.x.s__Bariatricus sp004560705.fastq.gz,ERR1135289.x.s__Bariatricus sp004560705,443b4598,11880000,51,DNA,10000,1188,True,0.8893338038099182,0.9172947859362226,0.9033142948730704,0.9172947859362226,True,1,2404,3288,d__Bacteria;p__Bacillota;c__Clostridia;o__Oscillospirales;f__Ruminococcaceae;g__Faecalibacterium;s__Faecalibacterium prausnitzii_E
20000,0.0016835016835016834,0.0036231884057971015,0.0008417508417508417,0.00030413625304136254,1.0,1.0,0.0,/group/ctbrowngrp5/sourmash-db.new/gtdb-rs226/gtdb-rs226-k51.dna.rocksdb,GCA_019415925.1 Clostridiales bacterium,16b85c12db6ae31ce0216a9f26b763d5,0.007246376811594203,10000,158,5830000,outputs.mapping/bams.cds.rand/ERR1135289.x.s__Bariatricus sp004560705.fastq.gz,ERR1135289.x.s__Bariatricus sp004560705,443b4598,11880000,51,DNA,10000,1188,True,0.882291368433771,0.9079074641021062,0.8950994162679387,0.9079074641021062,True,1,2405,3288,d__Bacteria;p__Bacillota;c__Clostridia;o__Oscillospirales;f__Acutalibacteraceae;g__Ruminococcoides;s__Ruminococcoides sp019415925
20000,0.0016835016835016834,0.003246753246753247,0.0008417508417508417,0.0009124087591240876,3.0,3.0,0.0,/group/ctbrowngrp5/sourmash-db.new/gtdb-rs226/gtdb-rs226-k51.dna.rocksdb,GCA_900771365.1 Bacteroidales bacterium,4d1d84aefc669ee9b839977a8b9bf2b5,0.006493506493506494,10000,159,5820000,outputs.mapping/bams.cds.rand/ERR1135289.x.s__Bariatricus sp004560705.fastq.gz,ERR1135289.x.s__Bariatricus sp004560705,443b4598,11880000,51,DNA,10000,1188,True,0.882291368433771,0.9059566909928176,0.8941240297132943,0.9059566909928176,True,3,2408,3288,d__Bacteria;p__Bacteroidota;c__Bacteroidia;o__Bacteroidales;f__P3;g__Colimorpha;s__Colimorpha sp900771365
10000,0.0008417508417508417,0.0035587188612099642,0.0008417508417508417,0.0018248175182481751,6.0,6.0,0.0,/group/ctbrowngrp5/sourmash-db.new/gtdb-rs226/gtdb-rs226-k51.dna.rocksdb,GCA_022770185.1 Prevotella sp.,233597460e38494daf7d5b0c8e844464,0.0035587188612099642,10000,160,5810000,outputs.mapping/bams.cds.rand/ERR1135289.x.s__Bariatricus sp004560705.fastq.gz,ERR1135289.x.s__Bariatricus sp004560705,443b4598,11880000,51,DNA,10000,1188,True,0.8703811594057197,0.8953362133195951,0.8828586863626574,0.8953362133195951,True,6,2414,3288,d__Bacteria;p__Bacteroidota;c__Bacteroidia;o__Bacteroidales;f__Bacteroidaceae;g__Prevotella;s__Prevotella sp000434975
30000,0.0025252525252525255,0.004761904761904762,0.0008417508417508417,0.00030413625304136254,1.0,1.0,0.0,/group/ctbrowngrp5/sourmash-db.new/gtdb-rs226/gtdb-rs226-k51.dna.rocksdb,GCA_945910635.1 uncultured Lachnospiraceae bacterium,380905c3b9ce504165d0abe69c7e65a7,0.014285714285714285,10000,161,5800000,outputs.mapping/bams.cds.rand/ERR1135289.x.s__Bariatricus sp004560705.fastq.gz,ERR1135289.x.s__Bariatricus sp004560705,443b4598,11880000,51,DNA,10000,1188,True,0.8893338038099182,0.9200715609934823,0.9047026824017003,0.9200715609934823,True,1,2415,3288,d__Bacteria;p__Bacillota;c__Clostridia;o__Lachnospirales;f__Lachnospiraceae;g__UBA11957;s__UBA11957 sp945827805
120000,0.010101010101010102,0.0028169014084507044,0.0008417508417508417,0.00030413625304136254,1.0,1.0,0.0,/group/ctbrowngrp5/sourmash-db.new/gtdb-rs226/gtdb-rs226-k51.dna.rocksdb,GCF_034103665.1 Blautia sp.,feb8d436083d4d3ce1ba8a5398c30a0c,0.03380281690140845,10000,162,5790000,outputs.mapping/bams.cds.rand/ERR1135289.x.s__Bariatricus sp004560705.fastq.gz,ERR1135289.x.s__Bariatricus sp004560705,443b4598,11880000,51,DNA,10000,1188,True,0.9138394410390787,0.9357416040187754,0.924790522528927,0.9357416040187754,False,1,2416,3288,d__Bacteria;p__Bacillota;c__Clostridia;o__Lachnospirales;f__Lachnospiraceae;g__Blautia_A;s__Blautia_A sp018919065
10000,0.0008417508417508417,0.005376344086021506,0.0008417508417508417,0.00030413625304136254,1.0,1.0,0.0,/group/ctbrowngrp5/sourmash-db.new/gtdb-rs226/gtdb-rs226-k51.dna.rocksdb,GCA_945992195.1 uncultured Oribacterium sp.,8ed60d9be1ac596ad7d1ec6cba0e8ac7,0.005376344086021506,10000,163,5780000,outputs.mapping/bams.cds.rand/ERR1135289.x.s__Bariatricus sp004560705.fastq.gz,ERR1135289.x.s__Bariatricus sp004560705,443b4598,11880000,51,DNA,10000,1188,True,0.8703811594057197,0.9026091799725088,0.8864951696891142,0.9026091799725088,True,1,2417,3288,d__Bacteria;p__Bacillota;c__Clostridia;o__Lachnospirales;f__Lachnospiraceae;g__Oribacterium;s__Oribacterium sp004554245
10000,0.0008417508417508417,0.0038022813688212928,0.0008417508417508417,0.00030413625304136254,1.0,1.0,0.0,/group/ctbrowngrp5/sourmash-db.new/gtdb-rs226/gtdb-rs226-k51.dna.rocksdb,GCA_022776305.1 Lachnospiraceae bacterium,53c43c8f0fda61e91112b62695489b74,0.0038022813688212928,10000,164,5770000,outputs.mapping/bams.cds.rand/ERR1135289.x.s__Bariatricus sp004560705.fastq.gz,ERR1135289.x.s__Bariatricus sp004560705,443b4598,11880000,51,DNA,10000,1188,True,0.8703811594057197,0.896499160640959,0.8834401600233394,0.896499160640959,True,1,2418,3288,d__Bacteria;p__Bacillota;c__Clostridia;o__Lachnospirales;f__Lachnospiraceae;g__Choladousia;s__Choladousia sp022776305
10000,0.0008417508417508417,0.005434782608695652,0.0008417508417508417,0.0006082725060827251,2.0,2.0,0.0,/group/ctbrowngrp5/sourmash-db.new/gtdb-rs226/gtdb-rs226-k51.dna.rocksdb,GCA_945947805.1 uncultured Clostridia bacterium,85af47397eead35c6bbc601b7ba5dca1,0.005434782608695652,10000,165,5760000,outputs.mapping/bams.cds.rand/ERR1135289.x.s__Bariatricus sp004560705.fastq.gz,ERR1135289.x.s__Bariatricus sp004560705,443b4598,11880000,51,DNA,10000,1188,True,0.8703811594057197,0.9028005342164377,0.8865908468110787,0.9028005342164377,True,2,2420,3288,d__Bacteria;p__Bacillota;c__Clostridia;o__Christensenellales;f__CAG-138;g__CAG-1024;s__CAG-1024 sp004554165
10000,0.0008417508417508417,0.004098360655737705,0.0008417508417508417,0.0009124087591240876,3.0,3.0,0.0,/group/ctbrowngrp5/sourmash-db.new/gtdb-rs226/gtdb-rs226-k51.dna.rocksdb,GCA_037355105.1 Segatella copri,673e495e3d0408d7b02a671e5f227358,0.004098360655737705,10000,166,5750000,outputs.mapping/bams.cds.rand/ERR1135289.x.s__Bariatricus sp004560705.fastq.gz,ERR1135289.x.s__Bariatricus sp004560705,443b4598,11880000,51,DNA,10000,1188,True,0.8703811594057197,0.8978182617731918,0.8840997105894557,0.8978182617731918,True,3,2423,3288,d__Bacteria;p__Bacteroidota;c__Bacteroidia;o__Bacteroidales;f__Bacteroidaceae;g__Prevotella;s__Prevotella sinensis
10000,0.0008417508417508417,0.005050505050505051,0.0008417508417508417,0.00030413625304136254,1.0,1.0,0.0,/group/ctbrowngrp5/sourmash-db.new/gtdb-rs226/gtdb-rs226-k51.dna.rocksdb,GCA_021634985.1 Oscillospiraceae bacterium,40c4d0faed8406dd038f4f2fcb88c1aa,0.005050505050505051,10000,167,5740000,outputs.mapping/bams.cds.rand/ERR1135289.x.s__Bariatricus sp004560705.fastq.gz,ERR1135289.x.s__Bariatricus sp004560705,443b4598,11880000,51,DNA,10000,1188,True,0.8703811594057197,0.901503358934848,0.8859422591702839,0.901503358934848,True,1,2424,3288,d__Bacteria;p__Bacillota;c__Clostridia;o__Oscillospirales;f__Oscillospiraceae;g__Limivicinus;s__Limivicinus sp934573855
20000,0.0016835016835016834,0.002932551319648094,0.0008417508417508417,0.00030413625304136254,1.0,1.0,0.0,/group/ctbrowngrp5/sourmash-db.new/gtdb-rs226/gtdb-rs226-k51.dna.rocksdb,GCA_034184045.1 Lachnospiraceae bacterium,b49096a3ec5c734b6c25d44d91ad8d57,0.005865102639296188,10000,168,5730000,outputs.mapping/bams.cds.rand/ERR1135289.x.s__Bariatricus sp004560705.fastq.gz,ERR1135289.x.s__Bariatricus sp004560705,443b4598,11880000,51,DNA,10000,1188,True,0.882291368433771,0.9041504407995591,0.893220904616665,0.9041504407995591,True,1,2425,3288,d__Bacteria;p__Bacillota;c__Clostridia;o__Lachnospirales;f__Lachnospiraceae;g__Agathobacter;s__Agathobacter faecis
60000,0.005050505050505051,0.005,0.0008417508417508417,0.00030413625304136254,1.0,1.0,0.0,/group/ctbrowngrp5/sourmash-db.new/gtdb-rs226/gtdb-rs226-k51.dna.rocksdb,GCA_946055175.1 uncultured Roseburia sp.,631eed3ec165d2d427e4b4c64e607565,0.03,10000,169,5720000,outputs.mapping/bams.cds.rand/ERR1135289.x.s__Bariatricus sp004560705.fastq.gz,ERR1135289.x.s__Bariatricus sp004560705,443b4598,11880000,51,DNA,10000,1188,True,0.901503358934848,0.9335544048432487,0.9175288818890484,0.9335544048432487,True,1,2426,3288,d__Bacteria;p__Bacillota;c__Clostridia;o__Lachnospirales;f__Lachnospiraceae;g__Roseburia;s__Roseburia sp946055175
10000,0.0008417508417508417,0.00510204081632653,0.0008417508417508417,0.00030413625304136254,1.0,1.0,0.0,/group/ctbrowngrp5/sourmash-db.new/gtdb-rs226/gtdb-rs226-k51.dna.rocksdb,GCA_905201905.1 uncultured Eubacteriales bacterium,94b22a21dd103a0483a86a69ec4e31cb,0.00510204081632653,10000,170,5710000,outputs.mapping/bams.cds.rand/ERR1135289.x.s__Bariatricus sp004560705.fastq.gz,ERR1135289.x.s__Bariatricus sp004560705,443b4598,11880000,51,DNA,10000,1188,True,0.8703811594057197,0.9016828355623467,0.8860319974840332,0.9016828355623467,True,1,2427,3288,d__Bacteria;p__Bacillota;c__Clostridia;o__Oscillospirales;f__Oscillospiraceae;g__F23-B02;s__F23-B02 sp002472405
10000,0.0008417508417508417,0.005235602094240838,0.0008417508417508417,0.0006082725060827251,2.0,2.0,0.0,/group/ctbrowngrp5/sourmash-db.new/gtdb-rs226/gtdb-rs226-k51.dna.rocksdb,GCA_034175745.1 Bullifex sp.,24912f04e878494ccc59b78fa62c6dec,0.005235602094240838,10000,171,5700000,outputs.mapping/bams.cds.rand/ERR1135289.x.s__Bariatricus sp004560705.fastq.gz,ERR1135289.x.s__Bariatricus sp004560705,443b4598,11880000,51,DNA,10000,1188,True,0.8703811594057197,0.9021398257330133,0.8862604925693665,0.9021398257330133,True,2,2429,3288,d__Bacteria;p__Spirochaetota;c__Spirochaetia;o__Sphaerochaetales;f__Sphaerochaetaceae;g__Bullifex;s__Bullifex sp022788185
10000,0.0008417508417508417,0.0038022813688212928,0.0008417508417508417,0.00030413625304136254,1.0,1.0,0.0,/group/ctbrowngrp5/sourmash-db.new/gtdb-rs226/gtdb-rs226-k51.dna.rocksdb,GCA_934465285.1 uncultured Eubacteriales bacterium,593423d72cb360494fbf85d70b9e029b,0.0038022813688212928,10000,172,5690000,outputs.mapping/bams.cds.rand/ERR1135289.x.s__Bariatricus sp004560705.fastq.gz,ERR1135289.x.s__Bariatricus sp004560705,443b4598,11880000,51,DNA,10000,1188,True,0.8703811594057197,0.896499160640959,0.8834401600233394,0.896499160640959,True,1,2430,3288,d__Bacteria;p__Bacillota;c__Clostridia;o__Oscillospirales;f__CAG-382;g__UMGS882;s__UMGS882 sp900546385
30000,0.0025252525252525255,0.0029411764705882353,0.0008417508417508417,0.00030413625304136254,1.0,1.0,0.0,/group/ctbrowngrp5/sourmash-db.new/gtdb-rs226/gtdb-rs226-k51.dna.rocksdb,GCF_034113965.1 Anaerobutyricum hallii,0e2c9c5eec5699cdc6892c671870422e,0.008823529411764706,10000,173,5680000,outputs.mapping/bams.cds.rand/ERR1135289.x.s__Bariatricus sp004560705.fastq.gz,ERR1135289.x.s__Bariatricus sp004560705,443b4598,11880000,51,DNA,10000,1188,True,0.8893338038099182,0.9114198379775423,0.9003768208937303,0.9114198379775423,True,1,2431,3288,d__Bacteria;p__Bacillota;c__Clostridia;o__Lachnospirales;f__Lachnospiraceae;g__Anaerobutyricum;s__Anaerobutyricum hallii
20000,0.0016835016835016834,0.002976190476190476,0.0008417508417508417,0.00030413625304136254,1.0,1.0,0.0,/group/ctbrowngrp5/sourmash-db.new/gtdb-rs226/gtdb-rs226-k51.dna.rocksdb,GCA_905215155.1 uncultured bacterium,9e9d82f50f198057abdc18d5750204b6,0.005952380952380952,10000,174,5670000,outputs.mapping/bams.cds.rand/ERR1135289.x.s__Bariatricus sp004560705.fastq.gz,ERR1135289.x.s__Bariatricus sp004560705,443b4598,11880000,51,DNA,10000,1188,True,0.882291368433771,0.9044123511398208,0.8933518597867959,0.9044123511398208,True,1,2432,3288,d__Bacteria;p__Bacillota;c__Clostridia;o__Lachnospirales;f__Lachnospiraceae;g__Lacrimispora;s__Lacrimispora sp905215155
10000,0.0008417508417508417,0.002770083102493075,0.0008417508417508417,0.0006082725060827251,2.0,2.0,0.0,/group/ctbrowngrp5/sourmash-db.new/gtdb-rs226/gtdb-rs226-k51.dna.rocksdb,GCA_017937095.1 Roseburia sp.,dd00bb7c8bd28de57b90bd8f9e48a19e,0.002770083102493075,10000,175,5660000,outputs.mapping/bams.cds.rand/ERR1135289.x.s__Bariatricus sp004560705.fastq.gz,ERR1135289.x.s__Bariatricus sp004560705,443b4598,11880000,51,DNA,10000,1188,True,0.8703811594057197,0.890948908183572,0.8806650337946458,0.890948908183572,True,2,2434,3288,d__Bacteria;p__Bacillota;c__Clostridia;o__Lachnospirales;f__Lachnospiraceae;g__Roseburia;s__Roseburia sp017937095
10000,0.0008417508417508417,0.004545454545454545,0.0008417508417508417,0.00030413625304136254,1.0,1.0,0.0,/group/ctbrowngrp5/sourmash-db.new/gtdb-rs226/gtdb-rs226-k51.dna.rocksdb,GCA_945876375.1 uncultured Clostridia bacterium,a264d8d909b925906c9eae54ea5de49d,0.004545454545454545,10000,176,5650000,outputs.mapping/bams.cds.rand/ERR1135289.x.s__Bariatricus sp004560705.fastq.gz,ERR1135289.x.s__Bariatricus sp004560705,443b4598,11880000,51,DNA,10000,1188,True,0.8703811594057197,0.8996428723837347,0.8850120158947272,0.8996428723837347,True,1,2435,3288,d__Bacteria;p__Bacillota;c__Clostridia;o__Oscillospirales;f__Acutalibacteraceae;g__Pseudoruminococcus;s__Pseudoruminococcus sp902765855
10000,0.0008417508417508417,0.00392156862745098,0.0008417508417508417,0.00030413625304136254,1.0,1.0,0.0,/group/ctbrowngrp5/sourmash-db.new/gtdb-rs226/gtdb-rs226-k51.dna.rocksdb,GCA_018383995.1 Treponema sp.,21d2853dd5895d674aa549462b7beb94,0.00392156862745098,10000,177,5640000,outputs.mapping/bams.cds.rand/ERR1135289.x.s__Bariatricus sp004560705.fastq.gz,ERR1135289.x.s__Bariatricus sp004560705,443b4598,11880000,51,DNA,10000,1188,True,0.8703811594057197,0.8970423309200757,0.8837117451628977,0.8970423309200757,True,1,2436,3288,d__Bacteria;p__Spirochaetota;c__Spirochaetia;o__Treponematales;f__Treponemataceae;g__Treponema_D;s__Treponema_D sp016293915
30000,0.0025252525252525255,0.003937007874015748,0.0008417508417508417,0.00030413625304136254,1.0,1.0,0.0,/group/ctbrowngrp5/sourmash-db.new/gtdb-rs226/gtdb-rs226-k51.dna.rocksdb,GCA_029219845.1 Roseburia porci,bfc5c94b3f4b31d04b5ebfd98c031235,0.011811023622047244,10000,178,5630000,outputs.mapping/bams.cds.rand/ERR1135289.x.s__Bariatricus sp004560705.fastq.gz,ERR1135289.x.s__Bariatricus sp004560705,443b4598,11880000,51,DNA,10000,1188,True,0.8893338038099182,0.9166461452122722,0.9029899745110952,0.9166461452122722,True,1,2437,3288,d__Bacteria;p__Bacillota;c__Clostridia;o__Lachnospirales;f__Lachnospiraceae;g__Roseburia_A;s__Roseburia_A porci
20000,0.0016835016835016834,0.0043859649122807015,0.0008417508417508417,0.00030413625304136254,1.0,1.0,0.0,/group/ctbrowngrp5/sourmash-db.new/gtdb-rs226/gtdb-rs226-k51.dna.rocksdb,GCA_036843425.1 Lachnospiraceae bacterium,c222e3f35189f97d0cff1203fc46d99c,0.008771929824561403,10000,179,5620000,outputs.mapping/bams.cds.rand/ERR1135289.x.s__Bariatricus sp004560705.fastq.gz,ERR1135289.x.s__Bariatricus sp004560705,443b4598,11880000,51,DNA,10000,1188,True,0.882291368433771,0.911315028588222,0.8968031985109965,0.911315028588222,True,1,2438,3288,d__Bacteria;p__Bacillota;c__Clostridia;o__Lachnospirales;f__Lachnospiraceae;g__Butyribacter;s__Butyribacter sp003529475
30000,0.0025252525252525255,0.002967359050445104,0.0008417508417508417,0.00030413625304136254,1.0,1.0,0.0,/group/ctbrowngrp5/sourmash-db.new/gtdb-rs226/gtdb-rs226-k51.dna.rocksdb,GCA_905197975.1 Prevotellaceae bacterium,c8748771b5ac742389895808bccbb6e0,0.008902077151335312,10000,180,5610000,outputs.mapping/bams.cds.rand/ERR1135289.x.s__Bariatricus sp004560705.fastq.gz,ERR1135289.x.s__Bariatricus sp004560705,443b4598,11880000,51,DNA,10000,1188,True,0.8893338038099182,0.9115782366223087,0.9004560202161135,0.9115782366223087,True,1,2439,3288,d__Bacteria;p__Bacteroidota;c__Bacteroidia;o__Bacteroidales;f__Bacteroidaceae;g__Prevotella;s__Prevotella hominis
20000,0.0016835016835016834,0.004132231404958678,0.0008417508417508417,0.0015206812652068127,5.0,5.0,0.0,/group/ctbrowngrp5/sourmash-db.new/gtdb-rs226/gtdb-rs226-k51.dna.rocksdb,GCF_034104325.1 Treponema sp.,173331e44728bf8385b6e2d2062990bc,0.008264462809917356,10000,181,5600000,outputs.mapping/bams.cds.rand/ERR1135289.x.s__Bariatricus sp004560705.fastq.gz,ERR1135289.x.s__Bariatricus sp004560705,443b4598,11880000,51,DNA,10000,1188,True,0.882291368433771,0.9102508039235093,0.8962710861786402,0.9102508039235093,True,5,2444,3288,d__Bacteria;p__Spirochaetota;c__Spirochaetia;o__Treponematales;f__Treponemataceae;g__Treponema_D;s__Treponema_D sp018384055
10000,0.0008417508417508417,0.0055248618784530384,0.0008417508417508417,0.0015206812652068127,5.0,5.0,0.0,/group/ctbrowngrp5/sourmash-db.new/gtdb-rs226/gtdb-rs226-k51.dna.rocksdb,GCA_945938975.1 uncultured Spirochaetales bacterium,e22a92a8724a82d9b2ba7596adca6b54,0.0055248618784530384,10000,182,5590000,outputs.mapping/bams.cds.rand/ERR1135289.x.s__Bariatricus sp004560705.fastq.gz,ERR1135289.x.s__Bariatricus sp004560705,443b4598,11880000,51,DNA,10000,1188,True,0.8703811594057197,0.9030915789811151,0.8867363691934174,0.9030915789811151,True,5,2449,3288,d__Bacteria;p__Spirochaetota;c__Spirochaetia;o__Sphaerochaetales;f__Sphaerochaetaceae;g__Ornithospirochaeta;s__Ornithospirochaeta sp022785155
20000,0.0016835016835016834,0.0033333333333333335,0.0008417508417508417,0.0006082725060827251,2.0,2.0,0.0,/group/ctbrowngrp5/sourmash-db.new/gtdb-rs226/gtdb-rs226-k51.dna.rocksdb,GCA_945874845.1 uncultured Lachnospiraceae bacterium,ecc2291c662e1846adf66dcf0aba8826,0.006666666666666667,10000,183,5580000,outputs.mapping/bams.cds.rand/ERR1135289.x.s__Bariatricus sp004560705.fastq.gz,ERR1135289.x.s__Bariatricus sp004560705,443b4598,11880000,51,DNA,10000,1188,True,0.882291368433771,0.9064243085270774,0.8943578384804243,0.9064243085270774,True,2,2451,3288,d__Bacteria;p__Bacillota;c__Clostridia;o__Lachnospirales;f__Lachnospiraceae;g__Suilimivivens;s__Suilimivivens sp018384375
10000,0.0008417508417508417,0.004901960784313725,0.0008417508417508417,0.00030413625304136254,1.0,1.0,0.0,/group/ctbrowngrp5/sourmash-db.new/gtdb-rs226/gtdb-rs226-k51.dna.rocksdb,GCA_946410415.1 uncultured Clostridia bacterium,b4e2bebc4084a63436308f78b253fee3,0.004901960784313725,10000,184,5570000,outputs.mapping/bams.cds.rand/ERR1135289.x.s__Bariatricus sp004560705.fastq.gz,ERR1135289.x.s__Bariatricus sp004560705,443b4598,11880000,51,DNA,10000,1188,True,0.8703811594057197,0.9009758163577729,0.8856784878817463,0.9009758163577729,True,1,2452,3288,d__Bacteria;p__Bacillota;c__Clostridia;o__Oscillospirales;f__Ruminococcaceae;g__SFJ001;s__SFJ001 sp004555865
10000,0.0008417508417508417,0.005,0.0008417508417508417,0.00030413625304136254,1.0,1.0,0.0,/group/ctbrowngrp5/sourmash-db.new/gtdb-rs226/gtdb-rs226-k51.dna.rocksdb,GCA_945829915.1 uncultured Clostridia bacterium,9f5836214d63df6c33d309a7a60974b9,0.005,10000,185,5560000,outputs.mapping/bams.cds.rand/ERR1135289.x.s__Bariatricus sp004560705.fastq.gz,ERR1135289.x.s__Bariatricus sp004560705,443b4598,11880000,51,DNA,10000,1188,True,0.8703811594057197,0.9013257213104922,0.885853440358106,0.9013257213104922,True,1,2453,3288,d__Bacteria;p__Bacillota;c__Clostridia;o__Oscillospirales;f__Acutalibacteraceae;g__Hominenteromicrobium;s__Hominenteromicrobium mulieris
10000,0.0008417508417508417,0.0038022813688212928,0.0008417508417508417,0.0006082725060827251,2.0,2.0,0.0,/group/ctbrowngrp5/sourmash-db.new/gtdb-rs226/gtdb-rs226-k51.dna.rocksdb,GCA_022775085.1 Clostridiales bacterium,2d509dd1575226aef1b5363516e0a251,0.0038022813688212928,10000,186,5550000,outputs.mapping/bams.cds.rand/ERR1135289.x.s__Bariatricus sp004560705.fastq.gz,ERR1135289.x.s__Bariatricus sp004560705,443b4598,11880000,51,DNA,10000,1188,True,0.8703811594057197,0.896499160640959,0.8834401600233394,0.896499160640959,True,2,2455,3288,d__Bacteria;p__Bacillota;c__Clostridia;o__Oscillospirales;f__Oscillospiraceae;g__Faecousia;s__Faecousia sp022775085
110000,0.009259259259259259,0.003367003367003367,0.0008417508417508417,0.00030413625304136254,1.0,1.0,0.0,/group/ctbrowngrp5/sourmash-db.new/gtdb-rs226/gtdb-rs226-k51.dna.rocksdb,GCF_009697165.1 Anaerobutyricum soehngenii,8fc040aa30516b54078f0701c4492cd4,0.037037037037037035,10000,187,5540000,outputs.mapping/bams.cds.rand/ERR1135289.x.s__Bariatricus sp004560705.fastq.gz,ERR1135289.x.s__Bariatricus sp004560705,443b4598,11880000,51,DNA,10000,1188,True,0.9122816638494313,0.9374196305041738,0.9248506471768025,0.9374196305041738,False,1,2456,3288,d__Bacteria;p__Bacillota;c__Clostridia;o__Lachnospirales;f__Lachnospiraceae;g__Anaerobutyricum;s__Anaerobutyricum soehngenii
10000,0.0008417508417508417,0.005076142131979695,0.0008417508417508417,0.00030413625304136254,1.0,1.0,0.0,/group/ctbrowngrp5/sourmash-db.new/gtdb-rs226/gtdb-rs226-k51.dna.rocksdb,GCA_905212905.1 uncultured Erysipelotrichaceae bacterium,b8e7cd00cb96fe0d8e6c7b9fe1cb81a9,0.005076142131979695,10000,188,5530000,outputs.mapping/bams.cds.rand/ERR1135289.x.s__Bariatricus sp004560705.fastq.gz,ERR1135289.x.s__Bariatricus sp004560705,443b4598,11880000,51,DNA,10000,1188,True,0.8703811594057197,0.9015928650194664,0.885987012212593,0.9015928650194664,True,1,2457,3288,d__Bacteria;p__Bacillota;c__Bacilli;o__RFN20;f__CAG-826;g__RUG131;s__RUG131 sp900549975
10000,0.0008417508417508417,0.0044444444444444444,0.0008417508417508417,0.00030413625304136254,1.0,1.0,0.0,/group/ctbrowngrp5/sourmash-db.new/gtdb-rs226/gtdb-rs226-k51.dna.rocksdb,GCA_022770055.1 Lachnospiraceae bacterium,27aefc7879e18cb970a16685f1ff0a10,0.0044444444444444444,10000,189,5520000,outputs.mapping/bams.cds.rand/ERR1135289.x.s__Bariatricus sp004560705.fastq.gz,ERR1135289.x.s__Bariatricus sp004560705,443b4598,11880000,51,DNA,10000,1188,True,0.8703811594057197,0.8992465372686094,0.8848138483371646,0.8992465372686094,True,1,2458,3288,d__Bacteria;p__Bacillota;c__Clostridia;o__Lachnospirales;f__Lachnospiraceae;g__UBA2882;s__UBA2882 sp900317505
30000,0.0025252525252525255,0.0038461538461538464,0.0008417508417508417,0.0006082725060827251,2.0,2.0,0.0,/group/ctbrowngrp5/sourmash-db.new/gtdb-rs226/gtdb-rs226-k51.dna.rocksdb,GCA_004556945.1 Clostridiales bacterium,28452a50d39427fd210f60f99e1f2e64,0.011538461538461539,10000,190,5510000,outputs.mapping/bams.cds.rand/ERR1135289.x.s__Bariatricus sp004560705.fastq.gz,ERR1135289.x.s__Bariatricus sp004560705,443b4598,11880000,51,DNA,10000,1188,True,0.8893338038099182,0.9162266084809654,0.9027802061454417,0.9162266084809654,True,2,2460,3288,d__Bacteria;p__Bacillota;c__Clostridia;o__Oscillospirales;f__Oscillospiraceae;g__Hominicoprocola;s__Hominicoprocola sp003522105
10000,0.0008417508417508417,0.004098360655737705,0.0008417508417508417,0.00030413625304136254,1.0,1.0,0.0,/group/ctbrowngrp5/sourmash-db.new/gtdb-rs226/gtdb-rs226-k51.dna.rocksdb,GCA_945913405.1 uncultured Clostridia bacterium,091c626f7d24dc948f8f71413b1d2478,0.004098360655737705,10000,191,5500000,outputs.mapping/bams.cds.rand/ERR1135289.x.s__Bariatricus sp004560705.fastq.gz,ERR1135289.x.s__Bariatricus sp004560705,443b4598,11880000,51,DNA,10000,1188,True,0.8703811594057197,0.8978182617731918,0.8840997105894557,0.8978182617731918,True,1,2461,3288,d__Bacteria;p__Bacillota;c__Clostridia;o__Oscillospirales;f__Oscillospiraceae;g__Faecousia;s__Faecousia sp022786965
40000,0.003367003367003367,0.0029850746268656717,0.0008417508417508417,0.00030413625304136254,1.0,1.0,0.0,/group/ctbrowngrp5/sourmash-db.new/gtdb-rs226/gtdb-rs226-k51.dna.rocksdb,GCA_008662115.1 Fusicatenibacter saccharivorans,cd993a22c21ee0a9b06fb2e5b78cebd0,0.011940298507462687,10000,192,5490000,outputs.mapping/bams.cds.rand/ERR1135289.x.s__Bariatricus sp004560705.fastq.gz,ERR1135289.x.s__Bariatricus sp004560705,443b4598,11880000,51,DNA,10000,1188,True,0.8943645555749845,0.9168418216559137,0.9056031886154491,0.9168418216559137,True,1,2462,3288,d__Bacteria;p__Bacillota;c__Clostridia;o__Lachnospirales;f__Lachnospiraceae;g__Fusicatenibacter;s__Fusicatenibacter saccharivorans
20000,0.0016835016835016834,0.0034482758620689655,0.0008417508417508417,0.00030413625304136254,1.0,1.0,0.0,/group/ctbrowngrp5/sourmash-db.new/gtdb-rs226/gtdb-rs226-k51.dna.rocksdb,GCA_900765795.1 Lachnospiraceae bacterium,4da1e311e76f1a59ddcfc06bc8f871f3,0.006896551724137931,10000,193,5480000,outputs.mapping/bams.cds.rand/ERR1135289.x.s__Bariatricus sp004560705.fastq.gz,ERR1135289.x.s__Bariatricus sp004560705,443b4598,11880000,51,DNA,10000,1188,True,0.882291368433771,0.907027041982046,0.8946592052079085,0.907027041982046,True,1,2463,3288,d__Bacteria;p__Bacillota;c__Clostridia;o__Lachnospirales;f__Lachnospiraceae;g__Brotaphodocola;s__Brotaphodocola sp900540335
10000,0.0008417508417508417,0.0030581039755351682,0.0008417508417508417,0.00030413625304136254,1.0,1.0,0.0,/group/ctbrowngrp5/sourmash-db.new/gtdb-rs226/gtdb-rs226-k51.dna.rocksdb,GCA_041223905.1 Anaerovoracaceae bacterium 42-11,1069e263ad170bf700d1f6719d5263b5,0.0030581039755351682,10000,194,5470000,outputs.mapping/bams.cds.rand/ERR1135289.x.s__Bariatricus sp004560705.fastq.gz,ERR1135289.x.s__Bariatricus sp004560705,443b4598,11880000,51,DNA,10000,1188,True,0.8703811594057197,0.8926786379400576,0.8815298986728887,0.8926786379400576,True,1,2464,3288,d__Bacteria;p__Bacillota;c__Clostridia;o__Peptostreptococcales;f__Anaerovoracaceae;g__Emergencia;s__Emergencia sp022767345
90000,0.007575757575757576,0.0036900369003690036,0.0008417508417508417,0.00030413625304136254,1.0,1.0,0.0,/group/ctbrowngrp5/sourmash-db.new/gtdb-rs226/gtdb-rs226-k51.dna.rocksdb,GCA_022782135.1 Lachnospiraceae bacterium,ed16bb5af09b1b5f827e7a4b5dc1e149,0.033210332103321034,10000,195,5460000,outputs.mapping/bams.cds.rand/ERR1135289.x.s__Bariatricus sp004560705.fastq.gz,ERR1135289.x.s__Bariatricus sp004560705,443b4598,11880000,51,DNA,10000,1188,True,0.9086991441072096,0.9354172128878042,0.9220581784975069,0.9354172128878042,False,1,2465,3288,d__Bacteria;p__Bacillota;c__Clostridia;o__Lachnospirales;f__Lachnospiraceae;g__JAFBIX01;s__JAFBIX01 sp021531895
20000,0.0016835016835016834,0.002380952380952381,0.0008417508417508417,0.0015206812652068127,5.0,5.0,0.0,/group/ctbrowngrp5/sourmash-db.new/gtdb-rs226/gtdb-rs226-k51.dna.rocksdb,GCF_022739295.1 Prevotella sp.,84ad960184bf21e057d2377238c36408,0.004761904761904762,10000,196,5450000,outputs.mapping/bams.cds.rand/ERR1135289.x.s__Bariatricus sp004560705.fastq.gz,ERR1135289.x.s__Bariatricus sp004560705,443b4598,11880000,51,DNA,10000,1188,True,0.882291368433771,0.900463862458667,0.891377615446219,0.900463862458667,True,5,2470,3288,d__Bacteria;p__Bacteroidota;c__Bacteroidia;o__Bacteroidales;f__Bacteroidaceae;g__Prevotella;s__Prevotella sp002265625
80000,0.006734006734006734,0.002890173410404624,0.0008417508417508417,0.0015206812652068127,5.0,5.0,0.0,/group/ctbrowngrp5/sourmash-db.new/gtdb-rs226/gtdb-rs226-k51.dna.rocksdb,GCA_021771755.1 Lachnospiraceae bacterium,f2a63443a4c73b9fe05252039614e9ef,0.023121387283236993,10000,197,5440000,outputs.mapping/bams.cds.rand/ERR1135289.x.s__Bariatricus sp004560705.fastq.gz,ERR1135289.x.s__Bariatricus sp004560705,443b4598,11880000,51,DNA,10000,1188,True,0.9066029510056156,0.9287992177165868,0.9177010843611012,0.9287992177165868,False,5,2475,3288,d__Bacteria;p__Bacillota;c__Clostridia;o__Lachnospirales;f__Lachnospiraceae;g__Blautia_A;s__Blautia_A sp021771755
20000,0.0016835016835016834,0.0032258064516129032,0.0008417508417508417,0.0006082725060827251,2.0,2.0,0.0,/group/ctbrowngrp5/sourmash-db.new/gtdb-rs226/gtdb-rs226-k51.dna.rocksdb,GCA_945928535.1 uncultured Lachnobacterium sp.,8cb853e737d0b5af4be07af6c36af861,0.0064516129032258064,10000,198,5430000,outputs.mapping/bams.cds.rand/ERR1135289.x.s__Bariatricus sp004560705.fastq.gz,ERR1135289.x.s__Bariatricus sp004560705,443b4598,11880000,51,DNA,10000,1188,True,0.882291368433771,0.9058417214684041,0.8940665449510876,0.9058417214684041,True,2,2477,3288,d__Bacteria;p__Bacillota;c__Clostridia;o__Lachnospirales;f__Lachnospiraceae;g__Agathobacter;s__Agathobacter sp900550545
20000,0.0016835016835016834,0.0028735632183908046,0.0008417508417508417,0.0009124087591240876,3.0,3.0,0.0,/group/ctbrowngrp5/sourmash-db.new/gtdb-rs226/gtdb-rs226-k51.dna.rocksdb,GCA_028727145.1 Clostridiales bacterium,f455aa9c11b6c19b1251397fae766f23,0.005747126436781609,10000,199,5420000,outputs.mapping/bams.cds.rand/ERR1135289.x.s__Bariatricus sp004560705.fastq.gz,ERR1135289.x.s__Bariatricus sp004560705,443b4598,11880000,51,DNA,10000,1188,True,0.882291368433771,0.9037902706106046,0.8930408195221877,0.9037902706106046,True,3,2480,3288,d__Bacteria;p__Bacillota;c__Clostridia;o__Lachnospirales;f__Lachnospiraceae;g__Roseburia;s__Roseburia sp022771695
30000,0.0025252525252525255,0.002512562814070352,0.0008417508417508417,0.0009124087591240876,3.0,3.0,0.0,/group/ctbrowngrp5/sourmash-db.new/gtdb-rs226/gtdb-rs226-k51.dna.rocksdb,GCA_022784005.1 Parabacteroides sp.,cfe20a628244cf78707c28206eed0656,0.007537688442211055,10000,200,5410000,outputs.mapping/bams.cds.rand/ERR1135289.x.s__Bariatricus sp004560705.fastq.gz,ERR1135289.x.s__Bariatricus sp004560705,443b4598,11880000,51,DNA,10000,1188,True,0.8893338038099182,0.9086093869889635,0.8989715953994408,0.9086093869889635,True,3,2483,3288,d__Bacteria;p__Bacteroidota;c__Bacteroidia;o__Bacteroidales;f__Tannerellaceae;g__Parabacteroides;s__Parabacteroides faecalis
10000,0.0008417508417508417,0.005847953216374269,0.0008417508417508417,0.00030413625304136254,1.0,1.0,0.0,/group/ctbrowngrp5/sourmash-db.new/gtdb-rs226/gtdb-rs226-k51.dna.rocksdb,GCA_029219805.1 Coriobacteriaceae bacterium,3ebdf4e1b33e22fa104a3ecac7212b59,0.005847953216374269,10000,201,5400000,outputs.mapping/bams.cds.rand/ERR1135289.x.s__Bariatricus sp004560705.fastq.gz,ERR1135289.x.s__Bariatricus sp004560705,443b4598,11880000,51,DNA,10000,1188,True,0.8703811594057197,0.9040985288120411,0.8872398441088805,0.9040985288120411,True,1,2484,3288,d__Bacteria;p__Actinomycetota;c__Coriobacteriia;o__Coriobacteriales;f__QAMH01;g__W2P13-069;s__W2P13-069 sp004553405
10000,0.0008417508417508417,0.003134796238244514,0.0008417508417508417,0.00030413625304136254,1.0,1.0,0.0,/group/ctbrowngrp5/sourmash-db.new/gtdb-rs226/gtdb-rs226-k51.dna.rocksdb,GCA_035434925.1 Prevotella sp.,25f4e4a7be77d692aa158d27fa5005ed,0.003134796238244514,10000,202,5390000,outputs.mapping/bams.cds.rand/ERR1135289.x.s__Bariatricus sp004560705.fastq.gz,ERR1135289.x.s__Bariatricus sp004560705,443b4598,11880000,51,DNA,10000,1188,True,0.8703811594057197,0.8931122886873784,0.8817467240465491,0.8931122886873784,True,1,2485,3288,d__Bacteria;p__Bacteroidota;c__Bacteroidia;o__Bacteroidales;f__Bacteroidaceae;g__Prevotella;s__Prevotella sp000436035
10000,0.0008417508417508417,0.004081632653061225,0.0008417508417508417,0.00030413625304136254,1.0,1.0,0.0,/group/ctbrowngrp5/sourmash-db.new/gtdb-rs226/gtdb-rs226-k51.dna.rocksdb,GCA_946411645.1 uncultured Bacteroidales bacterium,6c1751babf68dc3c1f04424863bbb1ed,0.004081632653061225,10000,203,5380000,outputs.mapping/bams.cds.rand/ERR1135289.x.s__Bariatricus sp004560705.fastq.gz,ERR1135289.x.s__Bariatricus sp004560705,443b4598,11880000,51,DNA,10000,1188,True,0.8703811594057197,0.897746263416111,0.8840637114109153,0.897746263416111,True,1,2486,3288,d__Bacteria;p__Bacteroidota;c__Bacteroidia;o__Bacteroidales;f__Muribaculaceae;g__Sodaliphilus;s__Sodaliphilus sp004557565
10000,0.0008417508417508417,0.0047169811320754715,0.0008417508417508417,0.00030413625304136254,1.0,1.0,0.0,/group/ctbrowngrp5/sourmash-db.new/gtdb-rs226/gtdb-rs226-k51.dna.rocksdb,GCA_948468815.1 uncultured Eubacteriales bacterium,8c63aa94c592200aa8be1dcb7e18ae2d,0.0047169811320754715,10000,204,5370000,outputs.mapping/bams.cds.rand/ERR1135289.x.s__Bariatricus sp004560705.fastq.gz,ERR1135289.x.s__Bariatricus sp004560705,443b4598,11880000,51,DNA,10000,1188,True,0.8703811594057197,0.9002965198455473,0.8853388396256334,0.9002965198455473,True,1,2487,3288,d__Bacteria;p__Bacillota;c__Clostridia;o__Oscillospirales;f__Oscillospiraceae;g__CAG-170;s__CAG-170 sp002404795
10000,0.0008417508417508417,0.005319148936170213,0.0008417508417508417,0.00030413625304136254,1.0,1.0,0.0,/group/ctbrowngrp5/sourmash-db.new/gtdb-rs226/gtdb-rs226-k51.dna.rocksdb,GCA_902468495.1 uncultured Oscillospiraceae bacterium,0a789bcee45710d0240fe9687fff80c6,0.005319148936170213,10000,205,5360000,outputs.mapping/bams.cds.rand/ERR1135289.x.s__Bariatricus sp004560705.fastq.gz,ERR1135289.x.s__Bariatricus sp004560705,443b4598,11880000,51,DNA,10000,1188,True,0.8703811594057197,0.9024199122476589,0.8864005358266893,0.9024199122476589,True,1,2488,3288,d__Bacteria;p__Bacillota;c__Clostridia;o__Oscillospirales;f__Acutalibacteraceae;g__DTU089;s__DTU089 sp002440045
20000,0.0016835016835016834,0.003215434083601286,0.0008417508417508417,0.0006082725060827251,2.0,2.0,0.0,/group/ctbrowngrp5/sourmash-db.new/gtdb-rs226/gtdb-rs226-k51.dna.rocksdb,GCF_001940005.1 Intestinimonas butyriciproducens,2cc2f82316dae2cd941ac4ea80162618,0.006430868167202572,10000,206,5350000,outputs.mapping/bams.cds.rand/ERR1135289.x.s__Bariatricus sp004560705.fastq.gz,ERR1135289.x.s__Bariatricus sp004560705,443b4598,11880000,51,DNA,10000,1188,True,0.882291368433771,0.9057845199968129,0.8940379442152919,0.9057845199968129,True,2,2490,3288,d__Bacteria;p__Bacillota;c__Clostridia;o__Oscillospirales;f__Oscillospiraceae;g__Intestinimonas;s__Intestinimonas butyriciproducens
930000,0.07828282828282829,0.005128205128205128,0.0008417508417508417,0.0006082725060827251,2.0,2.0,0.0,/group/ctbrowngrp5/sourmash-db.new/gtdb-rs226/gtdb-rs226-k51.dna.rocksdb,GCA_016293335.1 Bariatricus sp.,7fe25ae8d3afc362b827c559628b6ae4,0.47692307692307695,10000,207,5340000,outputs.mapping/bams.cds.rand/ERR1135289.x.s__Bariatricus sp004560705.fastq.gz,ERR1135289.x.s__Bariatricus sp004560705,443b4598,11880000,51,DNA,10000,1188,True,0.9512774160420961,0.9855872245990924,0.9684323203205942,0.9855872245990924,False,2,2492,3288,d__Bacteria;p__Bacillota;c__Clostridia;o__Lachnospirales;f__Lachnospiraceae;g__Bariatricus;s__Bariatricus sp004560705
10000,0.0008417508417508417,0.004694835680751174,0.0008417508417508417,0.00030413625304136254,1.0,1.0,0.0,/group/ctbrowngrp5/sourmash-db.new/gtdb-rs226/gtdb-rs226-k51.dna.rocksdb,GCA_034113025.1 Candidatus Cryptobacteroides sp.,415be4f81e119b9d9caee287ad13f05a,0.004694835680751174,10000,208,5330000,outputs.mapping/bams.cds.rand/ERR1135289.x.s__Bariatricus sp004560705.fastq.gz,ERR1135289.x.s__Bariatricus sp004560705,443b4598,11880000,51,DNA,10000,1188,True,0.8703811594057197,0.9002134511815334,0.8852973052936266,0.9002134511815334,True,1,2493,3288,d__Bacteria;p__Bacteroidota;c__Bacteroidia;o__Bacteroidales;f__UBA932;g__Cryptobacteroides;s__Cryptobacteroides sp945874155
10000,0.0008417508417508417,0.0036363636363636364,0.0008417508417508417,0.00030413625304136254,1.0,1.0,0.0,/group/ctbrowngrp5/sourmash-db.new/gtdb-rs226/gtdb-rs226-k51.dna.rocksdb,GCA_902756215.1 uncultured Lachnospiraceae bacterium,367102f8450ae5b7712d9590fc9725f6,0.0036363636363636364,10000,209,5320000,outputs.mapping/bams.cds.rand/ERR1135289.x.s__Bariatricus sp004560705.fastq.gz,ERR1135289.x.s__Bariatricus sp004560705,443b4598,11880000,51,DNA,10000,1188,True,0.8703811594057197,0.8957152063205601,0.8830481828631399,0.8957152063205601,True,1,2494,3288,d__Bacteria;p__Bacillota;c__Clostridia;o__Lachnospirales;f__Lachnospiraceae;g__Roseburia_C;s__Roseburia_C sp900315735
10000,0.0008417508417508417,0.004672897196261682,0.0008417508417508417,0.00030413625304136254,1.0,1.0,0.0,/group/ctbrowngrp5/sourmash-db.new/gtdb-rs226/gtdb-rs226-k51.dna.rocksdb,GCA_934589235.1 uncultured Dysosmobacter sp.,c8b936eda56b95ba861f116639d29b8d,0.004672897196261682,10000,210,5310000,outputs.mapping/bams.cds.rand/ERR1135289.x.s__Bariatricus sp004560705.fastq.gz,ERR1135289.x.s__Bariatricus sp004560705,443b4598,11880000,51,DNA,10000,1188,True,0.8703811594057197,0.9001307792101635,0.8852559693079416,0.9001307792101635,True,1,2495,3288,d__Bacteria;p__Bacillota;c__Clostridia;o__Oscillospirales;f__Oscillospiraceae;g__Oscillibacter;s__Oscillibacter segnis
10000,0.0008417508417508417,0.0056179775280898875,0.0008417508417508417,0.0006082725060827251,2.0,2.0,0.0,/group/ctbrowngrp5/sourmash-db.new/gtdb-rs226/gtdb-rs226-k51.dna.rocksdb,GCA_018385135.1 Oscillospiraceae bacterium,1e28c0f6ee3db6e1cbd6f0b757c4a2b2,0.0056179775280898875,10000,211,5300000,outputs.mapping/bams.cds.rand/ERR1135289.x.s__Bariatricus sp004560705.fastq.gz,ERR1135289.x.s__Bariatricus sp004560705,443b4598,11880000,51,DNA,10000,1188,True,0.8703811594057197,0.9033875844208873,0.8868843719133035,0.9033875844208873,True,2,2497,3288,d__Bacteria;p__Bacillota;c__Clostridia;o__Oscillospirales;f__Oscillospiraceae;g__UBA2658;s__UBA2658 sp018385135
20000,0.0016835016835016834,0.004608294930875576,0.0008417508417508417,0.0012165450121654502,4.0,4.0,0.0,/group/ctbrowngrp5/sourmash-db.new/gtdb-rs226/gtdb-rs226-k51.dna.rocksdb,GCA_945828835.1 uncultured Roseburia sp.,d8ff9310482706ba0385ddde5009ea53,0.009216589861751152,10000,212,5290000,outputs.mapping/bams.cds.rand/ERR1135289.x.s__Bariatricus sp004560705.fastq.gz,ERR1135289.x.s__Bariatricus sp004560705,443b4598,11880000,51,DNA,10000,1188,True,0.882291368433771,0.9121990444611786,0.8972452064474747,0.9121990444611786,True,4,2501,3288,d__Bacteria;p__Bacillota;c__Clostridia;o__Lachnospirales;f__Lachnospiraceae;g__Pararoseburia;s__Pararoseburia lenta
80000,0.006734006734006734,0.002785515320334262,0.0008417508417508417,0.00030413625304136254,1.0,1.0,0.0,/group/ctbrowngrp5/sourmash-db.new/gtdb-rs226/gtdb-rs226-k51.dna.rocksdb,GCF_022784915.1 Blautia sp.,813296a744f98eca3e19a0bd99b06bcd,0.022284122562674095,10000,213,5280000,outputs.mapping/bams.cds.rand/ERR1135289.x.s__Bariatricus sp004560705.fastq.gz,ERR1135289.x.s__Bariatricus sp004560705,443b4598,11880000,51,DNA,10000,1188,True,0.9066029510056156,0.9281277454294079,0.9173653482175117,0.9281277454294079,False,1,2502,3288,d__Bacteria;p__Bacillota;c__Clostridia;o__Lachnospirales;f__Lachnospiraceae;g__Blautia_A;s__Blautia_A sp018919065
30000,0.0025252525252525255,0.0043859649122807015,0.0008417508417508417,0.00030413625304136254,1.0,1.0,0.0,/group/ctbrowngrp5/sourmash-db.new/gtdb-rs226/gtdb-rs226-k51.dna.rocksdb,GCA_945876335.1 uncultured Lachnospiraceae bacterium,50b8550f8713f790eaae5b5938041399,0.013157894736842105,10000,214,5270000,outputs.mapping/bams.cds.rand/ERR1135289.x.s__Bariatricus sp004560705.fastq.gz,ERR1135289.x.s__Bariatricus sp004560705,443b4598,11880000,51,DNA,10000,1188,True,0.8893338038099182,0.9185891303484345,0.9039614670791764,0.9185891303484345,True,1,2503,3288,d__Bacteria;p__Bacillota;c__Clostridia;o__Lachnospirales;f__Lachnospiraceae;g__UBA2882;s__UBA2882 sp017626095
10000,0.0008417508417508417,0.004694835680751174,0.0008417508417508417,0.00030413625304136254,1.0,1.0,0.0,/group/ctbrowngrp5/sourmash-db.new/gtdb-rs226/gtdb-rs226-k51.dna.rocksdb,GCA_945949045.1 uncultured Lachnospiraceae bacterium,81c27e52ce548b9536ddefd06431e4cf,0.004694835680751174,10000,215,5260000,outputs.mapping/bams.cds.rand/ERR1135289.x.s__Bariatricus sp004560705.fastq.gz,ERR1135289.x.s__Bariatricus sp004560705,443b4598,11880000,51,DNA,10000,1188,True,0.8703811594057197,0.9002134511815334,0.8852973052936266,0.9002134511815334,True,1,2504,3288,d__Bacteria;p__Bacillota;c__Clostridia;o__Lachnospirales;f__Lachnospiraceae;g__Agathobacter;s__Agathobacter sp945949045
10000,0.0008417508417508417,0.0038022813688212928,0.0008417508417508417,0.00030413625304136254,1.0,1.0,0.0,/group/ctbrowngrp5/sourmash-db.new/gtdb-rs226/gtdb-rs226-k51.dna.rocksdb,GCF_900115655.1 Ruminobacter amylophilus,c7d2052ba0271f224bfd5e8b25676757,0.0038022813688212928,10000,216,5250000,outputs.mapping/bams.cds.rand/ERR1135289.x.s__Bariatricus sp004560705.fastq.gz,ERR1135289.x.s__Bariatricus sp004560705,443b4598,11880000,51,DNA,10000,1188,True,0.8703811594057197,0.896499160640959,0.8834401600233394,0.896499160640959,True,1,2505,3288,d__Bacteria;p__Pseudomonadota;c__Gammaproteobacteria;o__Enterobacterales;f__Succinivibrionaceae;g__Ruminobacter;s__Ruminobacter amylophilus
40000,0.003367003367003367,0.003787878787878788,0.0008417508417508417,0.0012165450121654502,4.0,4.0,0.0,/group/ctbrowngrp5/sourmash-db.new/gtdb-rs226/gtdb-rs226-k51.dna.rocksdb,GCF_000765235.1 Oscillibacter sp. ER4,b86d494b379656b1b7a7b4d8bf763e29,0.015151515151515152,10000,217,5240000,outputs.mapping/bams.cds.rand/ERR1135289.x.s__Bariatricus sp004560705.fastq.gz,ERR1135289.x.s__Bariatricus sp004560705,443b4598,11880000,51,DNA,10000,1188,True,0.8943645555749845,0.9211336926184823,0.9077491240967335,0.9211336926184823,True,4,2509,3288,d__Bacteria;p__Bacillota;c__Clostridia;o__Oscillospirales;f__Oscillospiraceae;g__Hominicoprocola;s__Hominicoprocola fusiformis
10000,0.0008417508417508417,0.005128205128205128,0.0008417508417508417,0.00030413625304136254,1.0,1.0,0.0,/group/ctbrowngrp5/sourmash-db.new/gtdb-rs226/gtdb-rs226-k51.dna.rocksdb,GCF_000269845.1 Parascardovia denticolens IPLA 20019,8614c68920ae5fbd568927e184cd646a,0.005128205128205128,10000,218,5230000,outputs.mapping/bams.cds.rand/ERR1135289.x.s__Bariatricus sp004560705.fastq.gz,ERR1135289.x.s__Bariatricus sp004560705,443b4598,11880000,51,DNA,10000,1188,True,0.8703811594057197,0.9017732753618344,0.886077217383777,0.9017732753618344,True,1,2510,3288,d__Bacteria;p__Actinomycetota;c__Actinomycetes;o__Actinomycetales;f__Bifidobacteriaceae;g__Scardovia;s__Scardovia denticolens
10000,0.0008417508417508417,0.0053475935828877,0.0008417508417508417,0.00030413625304136254,1.0,1.0,0.0,/group/ctbrowngrp5/sourmash-db.new/gtdb-rs226/gtdb-rs226-k51.dna.rocksdb,GCA_934668315.1 uncultured Eubacteriales bacterium,17f9382742d1f45ef0d735682d6857e0,0.0053475935828877,10000,219,5220000,outputs.mapping/bams.cds.rand/ERR1135289.x.s__Bariatricus sp004560705.fastq.gz,ERR1135289.x.s__Bariatricus sp004560705,443b4598,11880000,51,DNA,10000,1188,True,0.8703811594057197,0.9025142881157426,0.8864477237607311,0.9025142881157426,True,1,2511,3288,d__Bacteria;p__Bacillota;c__Clostridia;o__Oscillospirales;f__Acutalibacteraceae;g__Hominenteromicrobium;s__Hominenteromicrobium mulieris
20000,0.0016835016835016834,0.004464285714285714,0.0008417508417508417,0.0006082725060827251,2.0,2.0,0.0,/group/ctbrowngrp5/sourmash-db.new/gtdb-rs226/gtdb-rs226-k51.dna.rocksdb,GCA_022774025.1 Spirochaetia bacterium,ad18e69fa32083580ecbed8950be85ba,0.008928571428571428,10000,220,5210000,outputs.mapping/bams.cds.rand/ERR1135289.x.s__Bariatricus sp004560705.fastq.gz,ERR1135289.x.s__Bariatricus sp004560705,443b4598,11880000,51,DNA,10000,1188,True,0.882291368433771,0.9116313558407262,0.8969613621372485,0.9116313558407262,True,2,2513,3288,d__Bacteria;p__Spirochaetota;c__Spirochaetia;o__Treponematales;f__Treponemataceae;g__Treponema_F;s__Treponema_F excrementipullorum
10000,0.0008417508417508417,0.0035587188612099642,0.0008417508417508417,0.00030413625304136254,1.0,1.0,0.0,/group/ctbrowngrp5/sourmash-db.new/gtdb-rs226/gtdb-rs226-k51.dna.rocksdb,GCA_945939025.1 uncultured bacterium,dad96407fecce8f8a4feb577cbbf7ccd,0.0035587188612099642,10000,221,5200000,outputs.mapping/bams.cds.rand/ERR1135289.x.s__Bariatricus sp004560705.fastq.gz,ERR1135289.x.s__Bariatricus sp004560705,443b4598,11880000,51,DNA,10000,1188,True,0.8703811594057197,0.8953362133195951,0.8828586863626574,0.8953362133195951,True,1,2514,3288,d__Bacteria;p__Bacillota;c__Clostridia;o__Lachnospirales;f__Lachnospiraceae;g__W0P33-017;s__W0P33-017 sp022768825
40000,0.003367003367003367,0.003125,0.0008417508417508417,0.00030413625304136254,1.0,1.0,0.0,/group/ctbrowngrp5/sourmash-db.new/gtdb-rs226/gtdb-rs226-k51.dna.rocksdb,GCF_018784565.1 Faecalibacterium prausnitzii,a1fd411daaa415fc8647eac00ba5366f,0.0125,10000,222,5190000,outputs.mapping/bams.cds.rand/ERR1135289.x.s__Bariatricus sp004560705.fastq.gz,ERR1135289.x.s__Bariatricus sp004560705,443b4598,11880000,51,DNA,10000,1188,True,0.8943645555749845,0.9176657229678244,0.9060151392714044,0.9176657229678244,True,1,2515,3288,d__Bacteria;p__Bacillota;c__Clostridia;o__Oscillospirales;f__Ruminococcaceae;g__Faecalibacterium;s__Faecalibacterium duncaniae
20000,0.0016835016835016834,0.003937007874015748,0.0008417508417508417,0.00030413625304136254,1.0,1.0,0.0,/group/ctbrowngrp5/sourmash-db.new/gtdb-rs226/gtdb-rs226-k51.dna.rocksdb,GCA_022783565.1 Lachnospiraceae bacterium,29d683012b3343f902bec23436ff5eb7,0.007874015748031496,10000,223,5180000,outputs.mapping/bams.cds.rand/ERR1135289.x.s__Bariatricus sp004560705.fastq.gz,ERR1135289.x.s__Bariatricus sp004560705,443b4598,11880000,51,DNA,10000,1188,True,0.882291368433771,0.9093874295165494,0.8958393989751602,0.9093874295165494,True,1,2516,3288,d__Bacteria;p__Bacillota;c__Clostridia;o__Lachnospirales;f__Lachnospiraceae;g__Agathobacter;s__Agathobacter sp900316805
20000,0.0016835016835016834,0.0027397260273972603,0.0008417508417508417,0.00030413625304136254,1.0,1.0,0.0,/group/ctbrowngrp5/sourmash-db.new/gtdb-rs226/gtdb-rs226-k51.dna.rocksdb,GCA_928721575.1 uncultured Lachnospira sp.,9d07afdf1903b43ea32600325f1f2c95,0.005479452054794521,10000,224,5170000,outputs.mapping/bams.cds.rand/ERR1135289.x.s__Bariatricus sp004560705.fastq.gz,ERR1135289.x.s__Bariatricus sp004560705,443b4598,11880000,51,DNA,10000,1188,True,0.882291368433771,0.9029454468285724,0.8926184076311716,0.9029454468285724,True,1,2517,3288,d__Bacteria;p__Bacillota;c__Clostridia;o__Lachnospirales;f__Lachnospiraceae;g__Lachnospira;s__Lachnospira sp000436475
40000,0.003367003367003367,0.004219409282700422,0.0008417508417508417,0.00030413625304136254,1.0,1.0,0.0,/group/ctbrowngrp5/sourmash-db.new/gtdb-rs226/gtdb-rs226-k51.dna.rocksdb,GCA_022786065.1 Lachnobacterium sp.,ceaa93bad278361f69aa5699fc0f8f44,0.016877637130801686,10000,225,5160000,outputs.mapping/bams.cds.rand/ERR1135289.x.s__Bariatricus sp004560705.fastq.gz,ERR1135289.x.s__Bariatricus sp004560705,443b4598,11880000,51,DNA,10000,1188,True,0.8943645555749845,0.9230843857556886,0.9087244706653366,0.9230843857556886,True,1,2518,3288,d__Bacteria;p__Bacillota;c__Clostridia;o__Lachnospirales;f__Lachnospiraceae;g__Agathobacter;s__Agathobacter sp900549895
20000,0.0016835016835016834,0.0028011204481792717,0.0008417508417508417,0.00030413625304136254,1.0,1.0,0.0,/group/ctbrowngrp5/sourmash-db.new/gtdb-rs226/gtdb-rs226-k51.dna.rocksdb,GCF_002251245.1 Prevotella sp. P5-92,89bbe07edc2e6138aa3281ac124654b9,0.0056022408963585435,10000,226,5150000,outputs.mapping/bams.cds.rand/ERR1135289.x.s__Bariatricus sp004560705.fastq.gz,ERR1135289.x.s__Bariatricus sp004560705,443b4598,11880000,51,DNA,10000,1188,True,0.882291368433771,0.9033378985680371,0.8928146335009041,0.9033378985680371,True,1,2519,3288,d__Bacteria;p__Bacteroidota;c__Bacteroidia;o__Bacteroidales;f__Bacteroidaceae;g__Prevotella;s__Prevotella sp002251245
10000,0.0008417508417508417,0.0035842293906810036,0.0008417508417508417,0.00030413625304136254,1.0,1.0,0.0,/group/ctbrowngrp5/sourmash-db.new/gtdb-rs226/gtdb-rs226-k51.dna.rocksdb,GCA_022770275.1 Blautia sp.,213ad9ed7309553d63d49606c44278d6,0.0035842293906810036,10000,227,5140000,outputs.mapping/bams.cds.rand/ERR1135289.x.s__Bariatricus sp004560705.fastq.gz,ERR1135289.x.s__Bariatricus sp004560705,443b4598,11880000,51,DNA,10000,1188,True,0.8703811594057197,0.8954616198633102,0.8829213896345149,0.8954616198633102,True,1,2520,3288,d__Bacteria;p__Bacillota;c__Clostridia;o__Lachnospirales;f__Lachnospiraceae;g__Hominisplanchenecus_A;s__Hominisplanchenecus_A sp900539525
10000,0.0008417508417508417,0.0035971223021582736,0.0008417508417508417,0.00030413625304136254,1.0,1.0,0.0,/group/ctbrowngrp5/sourmash-db.new/gtdb-rs226/gtdb-rs226-k51.dna.rocksdb,GCA_963927335.1 uncultured Lachnospiraceae bacterium,b44f7329c9fb5252bfe39c4ff9198588,0.0035971223021582736,10000,228,5130000,outputs.mapping/bams.cds.rand/ERR1135289.x.s__Bariatricus sp004560705.fastq.gz,ERR1135289.x.s__Bariatricus sp004560705,443b4598,11880000,51,DNA,10000,1188,True,0.8703811594057197,0.895524667288616,0.8829529133471679,0.895524667288616,True,1,2521,3288,d__Bacteria;p__Bacillota;c__Clostridia;o__Lachnospirales;f__Lachnospiraceae;g__Choladousia;s__Choladousia sp944382085
60000,0.005050505050505051,0.0024937655860349127,0.0008417508417508417,0.0006082725060827251,2.0,2.0,0.0,/group/ctbrowngrp5/sourmash-db.new/gtdb-rs226/gtdb-rs226-k51.dna.rocksdb,GCA_040096535.1 Sakamotonia hominis,f5601e07623d89aa3ebf9612edd86249,0.014962593516209476,10000,229,5120000,outputs.mapping/bams.cds.rand/ERR1135289.x.s__Bariatricus sp004560705.fastq.gz,ERR1135289.x.s__Bariatricus sp004560705,443b4598,11880000,51,DNA,10000,1188,True,0.901503358934848,0.9209070996412209,0.9112052292880344,0.9209070996412209,True,2,2523,3288,d__Bacteria;p__Bacillota;c__Clostridia;o__Lachnospirales;f__Lachnospiraceae;g__Pilosibacter;s__Pilosibacter fragilis
10000,0.0008417508417508417,0.004629629629629629,0.0008417508417508417,0.00030413625304136254,1.0,1.0,0.0,/group/ctbrowngrp5/sourmash-db.new/gtdb-rs226/gtdb-rs226-k51.dna.rocksdb,GCA_945486915.1 uncultured Clostridia bacterium,ccc6cf697d151ed5cd3355c2ad9c976e,0.004629629629629629,10000,230,5110000,outputs.mapping/bams.cds.rand/ERR1135289.x.s__Bariatricus sp004560705.fastq.gz,ERR1135289.x.s__Bariatricus sp004560705,443b4598,11880000,51,DNA,10000,1188,True,0.8703811594057197,0.8999666104581765,0.8851738849319482,0.8999666104581765,True,1,2524,3288,d__Bacteria;p__Bacillota;c__Clostridia;o__Oscillospirales;f__Oscillospiraceae;g__Faecousia;s__Faecousia sp945486915
10000,0.0008417508417508417,0.00392156862745098,0.0008417508417508417,0.0012165450121654502,4.0,4.0,0.0,/group/ctbrowngrp5/sourmash-db.new/gtdb-rs226/gtdb-rs226-k51.dna.rocksdb,GCF_033488895.1 Mitsuokella jalaludinii,3c244018b31ba4bfa6b4bcfd7b7002f1,0.00392156862745098,10000,231,5100000,outputs.mapping/bams.cds.rand/ERR1135289.x.s__Bariatricus sp004560705.fastq.gz,ERR1135289.x.s__Bariatricus sp004560705,443b4598,11880000,51,DNA,10000,1188,True,0.8703811594057197,0.8970423309200757,0.8837117451628977,0.8970423309200757,True,4,2528,3288,d__Bacteria;p__Bacillota;c__Negativicutes;o__Selenomonadales;f__Selenomonadaceae;g__Mitsuokella;s__Mitsuokella jalaludinii
10000,0.0008417508417508417,0.004201680672268907,0.0008417508417508417,0.0009124087591240876,3.0,3.0,0.0,/group/ctbrowngrp5/sourmash-db.new/gtdb-rs226/gtdb-rs226-k51.dna.rocksdb,GCA_018377555.1 Roseburia sp.,6c766075b182dc42261daf8389c6bf87,0.004201680672268907,10000,232,5090000,outputs.mapping/bams.cds.rand/ERR1135289.x.s__Bariatricus sp004560705.fastq.gz,ERR1135289.x.s__Bariatricus sp004560705,443b4598,11880000,51,DNA,10000,1188,True,0.8703811594057197,0.8982566722388579,0.8843189158222888,0.8982566722388579,True,3,2531,3288,d__Bacteria;p__Bacillota;c__Clostridia;o__Lachnospirales;f__Lachnospiraceae;g__Roseburia_C;s__Roseburia_C amylophila
10000,0.0008417508417508417,0.006535947712418301,0.0008417508417508417,0.0006082725060827251,2.0,2.0,0.0,/group/ctbrowngrp5/sourmash-db.new/gtdb-rs226/gtdb-rs226-k51.dna.rocksdb,GCA_945836565.1 uncultured Lachnospiraceae bacterium,ea355744b8ca0450b828a61a23a770fa,0.006535947712418301,10000,233,5080000,outputs.mapping/bams.cds.rand/ERR1135289.x.s__Bariatricus sp004560705.fastq.gz,ERR1135289.x.s__Bariatricus sp004560705,443b4598,11880000,51,DNA,10000,1188,True,0.8703811594057197,0.9060724242444924,0.8882267918251061,0.9060724242444924,True,2,2533,3288,d__Bacteria;p__Bacillota;c__Clostridia;o__Lachnospirales;f__Lachnospiraceae;g__Wujia;s__Wujia sp945836565
40000,0.003367003367003367,0.002717391304347826,0.0008417508417508417,0.00030413625304136254,1.0,1.0,0.0,/group/ctbrowngrp5/sourmash-db.new/gtdb-rs226/gtdb-rs226-k51.dna.rocksdb,GCA_004562765.1 bacterium,f21abf8b5f28158bda072c3feaf477c5,0.010869565217391304,10000,234,5070000,outputs.mapping/bams.cds.rand/ERR1135289.x.s__Bariatricus sp004560705.fastq.gz,ERR1135289.x.s__Bariatricus sp004560705,443b4598,11880000,51,DNA,10000,1188,True,0.8943645555749845,0.9151543667379227,0.9047594611564536,0.9151543667379227,True,1,2534,3288,d__Bacteria;p__Bacillota;c__Clostridia;o__Lachnospirales;f__Lachnospiraceae;g__W0P33-017;s__W0P33-017 sp004562765
10000,0.0008417508417508417,0.0035587188612099642,0.0008417508417508417,0.002737226277372263,9.0,9.0,0.0,/group/ctbrowngrp5/sourmash-db.new/gtdb-rs226/gtdb-rs226-k51.dna.rocksdb,GCA_022768725.1 Prevotella sp.,dd0c38e8bd3e859048d9d3b7b6abd04a,0.0035587188612099642,10000,235,5060000,outputs.mapping/bams.cds.rand/ERR1135289.x.s__Bariatricus sp004560705.fastq.gz,ERR1135289.x.s__Bariatricus sp004560705,443b4598,11880000,51,DNA,10000,1188,True,0.8703811594057197,0.8953362133195951,0.8828586863626574,0.8953362133195951,True,9,2543,3288,d__Bacteria;p__Bacteroidota;c__Bacteroidia;o__Bacteroidales;f__Bacteroidaceae;g__Prevotella;s__Prevotella sp900548195
10000,0.0008417508417508417,0.004694835680751174,0.0008417508417508417,0.00030413625304136254,1.0,1.0,0.0,/group/ctbrowngrp5/sourmash-db.new/gtdb-rs226/gtdb-rs226-k51.dna.rocksdb,GCA_958420345.1 uncultured Firmicutes bacterium,7d2936a92b3b64a2b84901312b052c7c,0.004694835680751174,10000,236,5050000,outputs.mapping/bams.cds.rand/ERR1135289.x.s__Bariatricus sp004560705.fastq.gz,ERR1135289.x.s__Bariatricus sp004560705,443b4598,11880000,51,DNA,10000,1188,True,0.8703811594057197,0.9002134511815334,0.8852973052936266,0.9002134511815334,True,1,2544,3288,d__Bacteria;p__Bacillota;c__Clostridia;o__Peptostreptococcales;f__Anaerovoracaceae;g__Fimisoma;s__Fimisoma sp000435715
50000,0.004208754208754209,0.003745318352059925,0.0008417508417508417,0.0012165450121654502,4.0,4.0,0.0,/group/ctbrowngrp5/sourmash-db.new/gtdb-rs226/gtdb-rs226-k51.dna.rocksdb,GCA_945877915.1 uncultured Anaerostipes sp.,d66ab7fb2264c17fa50b173e97b89ee4,0.018726591760299626,10000,237,5040000,outputs.mapping/bams.cds.rand/ERR1135289.x.s__Bariatricus sp004560705.fastq.gz,ERR1135289.x.s__Bariatricus sp004560705,443b4598,11880000,51,DNA,10000,1188,True,0.8982862991026712,0.9249678589665529,0.911627079034612,0.9249678589665529,True,4,2548,3288,d__Bacteria;p__Bacillota;c__Clostridia;o__Lachnospirales;f__Lachnospiraceae;g__Fimousia;s__Fimousia sp001940245
10000,0.0008417508417508417,0.004166666666666667,0.0008417508417508417,0.0006082725060827251,2.0,2.0,0.0,/group/ctbrowngrp5/sourmash-db.new/gtdb-rs226/gtdb-rs226-k51.dna.rocksdb,GCA_022786625.1 Oscillospiraceae bacterium,264b3b20f772cd935d787e7896d46c3b,0.004166666666666667,10000,238,5030000,outputs.mapping/bams.cds.rand/ERR1135289.x.s__Bariatricus sp004560705.fastq.gz,ERR1135289.x.s__Bariatricus sp004560705,443b4598,11880000,51,DNA,10000,1188,True,0.8703811594057197,0.8981092953870639,0.8842452273963918,0.8981092953870639,True,2,2550,3288,d__Bacteria;p__Bacillota;c__Clostridia;o__Oscillospirales;f__Acutalibacteraceae;g__CAG-177;s__CAG-177 sp003514385
10000,0.0008417508417508417,0.0035460992907801418,0.0008417508417508417,0.00030413625304136254,1.0,1.0,0.0,/group/ctbrowngrp5/sourmash-db.new/gtdb-rs226/gtdb-rs226-k51.dna.rocksdb,GCA_902755995.1 uncultured Prevotellaceae bacterium,fb3f191e51538490b22f4dfd75ede5bf,0.0035460992907801418,10000,239,5020000,outputs.mapping/bams.cds.rand/ERR1135289.x.s__Bariatricus sp004560705.fastq.gz,ERR1135289.x.s__Bariatricus sp004560705,443b4598,11880000,51,DNA,10000,1188,True,0.8703811594057197,0.8952738509072189,0.8828275051564693,0.8952738509072189,True,1,2551,3288,d__Bacteria;p__Bacteroidota;c__Bacteroidia;o__Bacteroidales;f__Bacteroidaceae;g__Prevotella;s__Prevotella sp900313215
10000,0.0008417508417508417,0.0036496350364963502,0.0008417508417508417,0.00030413625304136254,1.0,1.0,0.0,/group/ctbrowngrp5/sourmash-db.new/gtdb-rs226/gtdb-rs226-k51.dna.rocksdb,GCA_016296125.1 Bacteroidaceae bacterium,9aac2ede17ecb8d8db316d75c4d1b29a,0.0036496350364963502,10000,240,5010000,outputs.mapping/bams.cds.rand/ERR1135289.x.s__Bariatricus sp004560705.fastq.gz,ERR1135289.x.s__Bariatricus sp004560705,443b4598,11880000,51,DNA,10000,1188,True,0.8703811594057197,0.895779190619195,0.8830801750124573,0.895779190619195,True,1,2552,3288,d__Bacteria;p__Bacteroidota;c__Bacteroidia;o__Bacteroidales;f__Bacteroidaceae;g__Prevotella;s__Prevotella sp002251245
10000,0.0008417508417508417,0.004132231404958678,0.0008417508417508417,0.0006082725060827251,2.0,2.0,0.0,/group/ctbrowngrp5/sourmash-db.new/gtdb-rs226/gtdb-rs226-k51.dna.rocksdb,GCA_937944025.1 uncultured Clostridia bacterium,bfd932e1c4bb14e9daa109135f5d5415,0.004132231404958678,10000,241,5000000,outputs.mapping/bams.cds.rand/ERR1135289.x.s__Bariatricus sp004560705.fastq.gz,ERR1135289.x.s__Bariatricus sp004560705,443b4598,11880000,51,DNA,10000,1188,True,0.8703811594057197,0.8979631654737237,0.8841721624397216,0.8979631654737237,True,2,2554,3288,d__Bacteria;p__Bacillota;c__Clostridia;o__Oscillospirales;f__Oscillospiraceae;g__Faecousia;s__Faecousia sp900549705
30000,0.0025252525252525255,0.005494505494505495,0.0008417508417508417,0.0021289537712895377,7.0,7.0,0.0,/group/ctbrowngrp5/sourmash-db.new/gtdb-rs226/gtdb-rs226-k51.dna.rocksdb,GCA_028722585.1 Lachnospiraceae bacterium,3fb3d80f0a443a27b46afca3dba6576f,0.016483516483516484,10000,242,4990000,outputs.mapping/bams.cds.rand/ERR1135289.x.s__Bariatricus sp004560705.fastq.gz,ERR1135289.x.s__Bariatricus sp004560705,443b4598,11880000,51,DNA,10000,1188,True,0.8893338038099182,0.922656814052912,0.9059953089314151,0.922656814052912,True,7,2561,3288,d__Bacteria;p__Bacillota;c__Clostridia;o__Lachnospirales;f__Lachnospiraceae;g__UBA2868;s__UBA2868 sp004552595
10000,0.0008417508417508417,0.00641025641025641,0.0008417508417508417,0.011253041362530414,37.0,37.0,0.0,/group/ctbrowngrp5/sourmash-db.new/gtdb-rs226/gtdb-rs226-k51.dna.rocksdb,GCA_028726045.1 Peptoniphilaceae bacterium,6615d8d0e6a6cd80df59872283a7e6dc,0.00641025641025641,10000,243,4980000,outputs.mapping/bams.cds.rand/ERR1135289.x.s__Bariatricus sp004560705.fastq.gz,ERR1135289.x.s__Bariatricus sp004560705,443b4598,11880000,51,DNA,10000,1188,True,0.8703811594057197,0.9057275057526144,0.888054332579167,0.9057275057526144,True,37,2598,3288,d__Bacteria;p__Bacillota;c__Clostridia;o__Tissierellales;f__Peptoniphilaceae;g__JALFST01;s__JALFST01 sp022779285
20000,0.0016835016835016834,0.0033003300330033004,0.0008417508417508417,0.00030413625304136254,1.0,1.0,0.0,/group/ctbrowngrp5/sourmash-db.new/gtdb-rs226/gtdb-rs226-k51.dna.rocksdb,GCA_034090705.1 Roseburia inulinivorans,0ea1c2e8b8787c59883a4c44271e5379,0.006600660066006601,10000,244,4970000,outputs.mapping/bams.cds.rand/ERR1135289.x.s__Bariatricus sp004560705.fastq.gz,ERR1135289.x.s__Bariatricus sp004560705,443b4598,11880000,51,DNA,10000,1188,True,0.882291368433771,0.906247478292275,0.8942694233630231,0.906247478292275,True,1,2599,3288,d__Bacteria;p__Bacillota;c__Clostridia;o__Lachnospirales;f__Lachnospiraceae;g__Roseburia;s__Roseburia inulinivorans
10000,0.0008417508417508417,0.004201680672268907,0.0008417508417508417,0.00030413625304136254,1.0,1.0,0.0,/group/ctbrowngrp5/sourmash-db.new/gtdb-rs226/gtdb-rs226-k51.dna.rocksdb,GCA_945873365.1 uncultured Ruminococcus sp.,6e39a0714701975056a23ecfb0c9e60e,0.004201680672268907,10000,245,4960000,outputs.mapping/bams.cds.rand/ERR1135289.x.s__Bariatricus sp004560705.fastq.gz,ERR1135289.x.s__Bariatricus sp004560705,443b4598,11880000,51,DNA,10000,1188,True,0.8703811594057197,0.8982566722388579,0.8843189158222888,0.8982566722388579,True,1,2600,3288,d__Bacteria;p__Bacillota;c__Clostridia;o__Lachnospirales;f__Lachnospiraceae;g__Blautia_A;s__Blautia_A sp900066205
20000,0.0016835016835016834,0.004761904761904762,0.0008417508417508417,0.0009124087591240876,3.0,3.0,0.0,/group/ctbrowngrp5/sourmash-db.new/gtdb-rs226/gtdb-rs226-k51.dna.rocksdb,GCA_034093695.1 Lachnospiraceae bacterium,78e08225becd20575cdaf3095f96e443,0.009523809523809525,10000,246,4950000,outputs.mapping/bams.cds.rand/ERR1135289.x.s__Bariatricus sp004560705.fastq.gz,ERR1135289.x.s__Bariatricus sp004560705,443b4598,11880000,51,DNA,10000,1188,True,0.882291368433771,0.9127857201967318,0.8975385443152514,0.9127857201967318,True,3,2603,3288,d__Bacteria;p__Bacillota;c__Clostridia;o__Lachnospirales;f__Lachnospiraceae;g__UBA629;s__UBA629 sp900316625
10000,0.0008417508417508417,0.005681818181818182,0.0008417508417508417,0.0006082725060827251,2.0,2.0,0.0,/group/ctbrowngrp5/sourmash-db.new/gtdb-rs226/gtdb-rs226-k51.dna.rocksdb,GCA_945828215.1 uncultured Bacteroidales bacterium,a3d1eeed69d609dae0b90e275298f7e9,0.005681818181818182,10000,247,4940000,outputs.mapping/bams.cds.rand/ERR1135289.x.s__Bariatricus sp004560705.fastq.gz,ERR1135289.x.s__Bariatricus sp004560705,443b4598,11880000,51,DNA,10000,1188,True,0.8703811594057197,0.9035877610647627,0.8869844602352412,0.9035877610647627,True,2,2605,3288,d__Bacteria;p__Bacteroidota;c__Bacteroidia;o__Bacteroidales;f__UBA932;g__Cryptobacteroides;s__Cryptobacteroides sp945827785
10000,0.0008417508417508417,0.006134969325153374,0.0008417508417508417,0.00030413625304136254,1.0,1.0,0.0,/group/ctbrowngrp5/sourmash-db.new/gtdb-rs226/gtdb-rs226-k51.dna.rocksdb,GCA_002351275.1 Lachnospiraceae bacterium UBA2825,a78305eeac66fb6952792b81c77119f0,0.006134969325153374,10000,248,4930000,outputs.mapping/bams.cds.rand/ERR1135289.x.s__Bariatricus sp004560705.fastq.gz,ERR1135289.x.s__Bariatricus sp004560705,443b4598,11880000,51,DNA,10000,1188,True,0.8703811594057197,0.9049483082061326,0.8876647338059261,0.9049483082061326,True,1,2606,3288,d__Bacteria;p__Bacillota;c__Clostridia;o__Lachnospirales;f__Lachnospiraceae;g__Agathobacter;s__Agathobacter sp900316805
10000,0.0008417508417508417,0.0022727272727272726,0.0008417508417508417,0.00030413625304136254,1.0,1.0,0.0,/group/ctbrowngrp5/sourmash-db.new/gtdb-rs226/gtdb-rs226-k51.dna.rocksdb,GCA_011959805.1 Lachnospiraceae bacterium,70e1c3749594166fa5e2f0f019977c9f,0.0022727272727272726,10000,249,4920000,outputs.mapping/bams.cds.rand/ERR1135289.x.s__Bariatricus sp004560705.fastq.gz,ERR1135289.x.s__Bariatricus sp004560705,443b4598,11880000,51,DNA,10000,1188,True,0.8703811594057197,0.8874984322996072,0.8789397958526635,0.8874984322996072,True,1,2607,3288,d__Bacteria;p__Bacillota;c__Clostridia;o__Lachnospirales;f__Lachnospiraceae;g__COE1;s__COE1 sp011959805
10000,0.0008417508417508417,0.0037313432835820895,0.0008417508417508417,0.0006082725060827251,2.0,2.0,0.0,/group/ctbrowngrp5/sourmash-db.new/gtdb-rs226/gtdb-rs226-k51.dna.rocksdb,GCF_034170325.1 Intestinimonas sp.,d46fb497cc4a62d66c799c0b4442db88,0.0037313432835820895,10000,250,4910000,outputs.mapping/bams.cds.rand/ERR1135289.x.s__Bariatricus sp004560705.fastq.gz,ERR1135289.x.s__Bariatricus sp004560705,443b4598,11880000,51,DNA,10000,1188,True,0.8703811594057197,0.8961681683781925,0.8832746638919561,0.8961681683781925,True,2,2609,3288,d__Bacteria;p__Bacillota;c__Clostridia;o__Oscillospirales;f__Oscillospiraceae;g__Intestinimonas;s__Intestinimonas massiliensis
20000,0.0016835016835016834,0.0038022813688212928,0.0008417508417508417,0.00030413625304136254,1.0,1.0,0.0,/group/ctbrowngrp5/sourmash-db.new/gtdb-rs226/gtdb-rs226-k51.dna.rocksdb,GCA_036313205.1 Blautia sp.,6e3fff747ccc1033cd5daff9428d0221,0.0076045627376425855,10000,251,4900000,outputs.mapping/bams.cds.rand/ERR1135289.x.s__Bariatricus sp004560705.fastq.gz,ERR1135289.x.s__Bariatricus sp004560705,443b4598,11880000,51,DNA,10000,1188,True,0.882291368433771,0.9087667657945412,0.895529067114156,0.9087667657945412,True,1,2610,3288,d__Bacteria;p__Bacillota;c__Clostridia;o__Lachnospirales;f__Lachnospiraceae;g__Blautia;s__Blautia sp900555025
10000,0.0008417508417508417,0.003937007874015748,0.0008417508417508417,0.00030413625304136254,1.0,1.0,0.0,/group/ctbrowngrp5/sourmash-db.new/gtdb-rs226/gtdb-rs226-k51.dna.rocksdb,GCA_963587355.1 Dialister sp. CAG:486,183e47f41493ea266ac364ff4419aa70,0.003937007874015748,10000,252,4890000,outputs.mapping/bams.cds.rand/ERR1135289.x.s__Bariatricus sp004560705.fastq.gz,ERR1135289.x.s__Bariatricus sp004560705,443b4598,11880000,51,DNA,10000,1188,True,0.8703811594057197,0.8971114459123445,0.8837463026590321,0.8971114459123445,True,1,2611,3288,d__Bacteria;p__Bacillota;c__Clostridia;o__UMGS1810;f__UMGS1810;g__RGIG4708;s__RGIG4708 sp934454585
70000,0.005892255892255892,0.0035460992907801418,0.0008417508417508417,0.0009124087591240876,3.0,3.0,0.0,/group/ctbrowngrp5/sourmash-db.new/gtdb-rs226/gtdb-rs226-k51.dna.rocksdb,GCA_029225525.1 Clostridiales bacterium,7730a3ee293dcb64da1f3ac4eaf4a0bf,0.024822695035460994,10000,253,4880000,outputs.mapping/bams.cds.rand/ERR1135289.x.s__Bariatricus sp004560705.fastq.gz,ERR1135289.x.s__Bariatricus sp004560705,443b4598,11880000,51,DNA,10000,1188,True,0.9042323312123598,0.9300931580734552,0.9171627446429075,0.9300931580734552,False,3,2614,3288,d__Bacteria;p__Bacillota;c__Clostridia;o__Lachnospirales;f__Lachnospiraceae;g__JALFVM01;s__JALFVM01 sp022787145
30000,0.0025252525252525255,0.00411522633744856,0.0008417508417508417,0.0009124087591240876,3.0,3.0,0.0,/group/ctbrowngrp5/sourmash-db.new/gtdb-rs226/gtdb-rs226-k51.dna.rocksdb,GCA_945971355.1 uncultured Lachnobacterium sp.,da3371d9ffc149278b5035872af1f7f1,0.012345679012345678,10000,254,4870000,outputs.mapping/bams.cds.rand/ERR1135289.x.s__Bariatricus sp004560705.fastq.gz,ERR1135289.x.s__Bariatricus sp004560705,443b4598,11880000,51,DNA,10000,1188,True,0.8893338038099182,0.9174422262512953,0.9033880150306068,0.9174422262512953,True,3,2617,3288,d__Bacteria;p__Bacillota;c__Clostridia;o__Lachnospirales;f__Lachnospiraceae;g__Agathobacter;s__Agathobacter sp945971355
20000,0.0016835016835016834,0.003484320557491289,0.0008417508417508417,0.00030413625304136254,1.0,1.0,0.0,/group/ctbrowngrp5/sourmash-db.new/gtdb-rs226/gtdb-rs226-k51.dna.rocksdb,GCA_004554605.1 Subdoligranulum sp.,5665a6e77f793c29f9a9ef9a82abca3e,0.006968641114982578,10000,255,4860000,outputs.mapping/bams.cds.rand/ERR1135289.x.s__Bariatricus sp004560705.fastq.gz,ERR1135289.x.s__Bariatricus sp004560705,443b4598,11880000,51,DNA,10000,1188,True,0.882291368433771,0.9072120002228622,0.8947516843283165,0.9072120002228622,True,1,2618,3288,d__Bacteria;p__Bacillota;c__Clostridia;o__Oscillospirales;f__Ruminococcaceae;g__Gemmiger;s__Gemmiger qucibialis
10000,0.0008417508417508417,0.005434782608695652,0.0008417508417508417,0.00030413625304136254,1.0,1.0,0.0,/group/ctbrowngrp5/sourmash-db.new/gtdb-rs226/gtdb-rs226-k51.dna.rocksdb,GCA_029338695.1 Selenomonadaceae bacterium,bf2ddf4103fd4f2f152c4c9cfa084c08,0.005434782608695652,10000,256,4850000,outputs.mapping/bams.cds.rand/ERR1135289.x.s__Bariatricus sp004560705.fastq.gz,ERR1135289.x.s__Bariatricus sp004560705,443b4598,11880000,51,DNA,10000,1188,True,0.8703811594057197,0.9028005342164377,0.8865908468110787,0.9028005342164377,True,1,2619,3288,d__Bacteria;p__Bacillota;c__Negativicutes;o__Selenomonadales;f__Selenomonadaceae;g__Anaerovibrio;s__Anaerovibrio sp017390245
910000,0.0765993265993266,0.0058823529411764705,0.0008417508417508417,0.00030413625304136254,1.0,1.0,0.0,/group/ctbrowngrp5/sourmash-db.new/gtdb-rs226/gtdb-rs226-k51.dna.rocksdb,GCA_946414945.1 uncultured bacterium,5e14904ae4bc12af13ab02e519953f09,0.5352941176470588,10000,257,4840000,outputs.mapping/bams.cds.rand/ERR1135289.x.s__Bariatricus sp004560705.fastq.gz,ERR1135289.x.s__Bariatricus sp004560705,443b4598,11880000,51,DNA,10000,1188,True,0.9508719973930535,0.9878210663984484,0.9693465318957509,0.9878210663984484,False,1,2620,3288,d__Bacteria;p__Bacillota;c__Clostridia;o__Lachnospirales;f__Lachnospiraceae;g__Bariatricus;s__Bariatricus sp004560705
10000,0.0008417508417508417,0.005813953488372093,0.0008417508417508417,0.00030413625304136254,1.0,1.0,0.0,/group/ctbrowngrp5/sourmash-db.new/gtdb-rs226/gtdb-rs226-k51.dna.rocksdb,GCA_945949365.1 uncultured Pseudobutyrivibrio sp.,260d041116dc4c21f365f70d8daebccf,0.005813953488372093,10000,258,4830000,outputs.mapping/bams.cds.rand/ERR1135289.x.s__Bariatricus sp004560705.fastq.gz,ERR1135289.x.s__Bariatricus sp004560705,443b4598,11880000,51,DNA,10000,1188,True,0.8703811594057197,0.903995167535116,0.8871881634704178,0.903995167535116,True,1,2621,3288,d__Bacteria;p__Bacillota;c__Clostridia;o__Lachnospirales;f__Lachnospiraceae;g__Pararoseburia;s__Pararoseburia sp022768745
10000,0.0008417508417508417,0.00392156862745098,0.0008417508417508417,0.0009124087591240876,3.0,3.0,0.0,/group/ctbrowngrp5/sourmash-db.new/gtdb-rs226/gtdb-rs226-k51.dna.rocksdb,GCF_009695655.1 Sharpea porci,dfe0274f17f56aea7c1510d3a2dfc0bd,0.00392156862745098,10000,259,4820000,outputs.mapping/bams.cds.rand/ERR1135289.x.s__Bariatricus sp004560705.fastq.gz,ERR1135289.x.s__Bariatricus sp004560705,443b4598,11880000,51,DNA,10000,1188,True,0.8703811594057197,0.8970423309200757,0.8837117451628977,0.8970423309200757,True,3,2624,3288,d__Bacteria;p__Bacillota;c__Bacilli;o__Erysipelotrichales;f__Coprobacillaceae;g__Sharpea;s__Sharpea porci
20000,0.0016835016835016834,0.0037313432835820895,0.0008417508417508417,0.00030413625304136254,1.0,1.0,0.0,/group/ctbrowngrp5/sourmash-db.new/gtdb-rs226/gtdb-rs226-k51.dna.rocksdb,GCA_934351835.1 uncultured Lachnospiraceae bacterium,0a4f7e2dfcedf3c8dc9e67f1c8c267e9,0.007462686567164179,10000,260,4810000,outputs.mapping/bams.cds.rand/ERR1135289.x.s__Bariatricus sp004560705.fastq.gz,ERR1135289.x.s__Bariatricus sp004560705,443b4598,11880000,51,DNA,10000,1188,True,0.882291368433771,0.9084312442666432,0.895361306350207,0.9084312442666432,True,1,2625,3288,d__Bacteria;p__Bacillota;c__Clostridia;o__Lachnospirales;f__Lachnospiraceae;g__CAKRJP01;s__CAKRJP01 sp934351835
10000,0.0008417508417508417,0.0036496350364963502,0.0008417508417508417,0.00030413625304136254,1.0,1.0,0.0,/group/ctbrowngrp5/sourmash-db.new/gtdb-rs226/gtdb-rs226-k51.dna.rocksdb,GCA_959600525.1 uncultured Firmicutes bacterium,ed437a14a6aee44fd08186e031d72494,0.0036496350364963502,10000,261,4800000,outputs.mapping/bams.cds.rand/ERR1135289.x.s__Bariatricus sp004560705.fastq.gz,ERR1135289.x.s__Bariatricus sp004560705,443b4598,11880000,51,DNA,10000,1188,True,0.8703811594057197,0.895779190619195,0.8830801750124573,0.895779190619195,True,1,2626,3288,d__Bacteria;p__Bacillota;c__Clostridia;o__Lachnospirales;f__Lachnospiraceae;g__Suilimivivens;s__Suilimivivens sp000436115
100000,0.008417508417508417,0.003676470588235294,0.0008417508417508417,0.00030413625304136254,1.0,1.0,0.0,/group/ctbrowngrp5/sourmash-db.new/gtdb-rs226/gtdb-rs226-k51.dna.rocksdb,GCA_945871195.1 uncultured Blautia sp.,13faaa07a55ccf7c564673fc2d959dc7,0.03676470588235294,10000,262,4790000,outputs.mapping/bams.cds.rand/ERR1135289.x.s__Bariatricus sp004560705.fastq.gz,ERR1135289.x.s__Bariatricus sp004560705,443b4598,11880000,51,DNA,10000,1188,True,0.9105783592808262,0.9372839882116912,0.9239311737462588,0.9372839882116912,False,1,2627,3288,d__Bacteria;p__Bacillota;c__Clostridia;o__Lachnospirales;f__Lachnospiraceae;g__Oliverpabstia;s__Oliverpabstia intestinalis
30000,0.0025252525252525255,0.002898550724637681,0.0008417508417508417,0.0009124087591240876,3.0,3.0,0.0,/group/ctbrowngrp5/sourmash-db.new/gtdb-rs226/gtdb-rs226-k51.dna.rocksdb,GCA_937934525.1 Blautia obeum,0cd10316b4ceaab01d507ce56146283f,0.008695652173913044,10000,263,4780000,outputs.mapping/bams.cds.rand/ERR1135289.x.s__Bariatricus sp004560705.fastq.gz,ERR1135289.x.s__Bariatricus sp004560705,443b4598,11880000,51,DNA,10000,1188,True,0.8893338038099182,0.9111589805028507,0.9002463921563845,0.9111589805028507,True,3,2630,3288,d__Bacteria;p__Bacillota;c__Clostridia;o__Lachnospirales;f__Lachnospiraceae;g__Blautia_A;s__Blautia_A obeum
50000,0.004208754208754209,0.003484320557491289,0.0008417508417508417,0.00030413625304136254,1.0,1.0,0.0,/group/ctbrowngrp5/sourmash-db.new/gtdb-rs226/gtdb-rs226-k51.dna.rocksdb,GCA_002372715.1 Dorea longicatena,b2de1b94734879e0d233b5d9a26be918,0.017421602787456445,10000,264,4770000,outputs.mapping/bams.cds.rand/ERR1135289.x.s__Bariatricus sp004560705.fastq.gz,ERR1135289.x.s__Bariatricus sp004560705,443b4598,11880000,51,DNA,10000,1188,True,0.8982862991026712,0.9236587133662972,0.9109725062344842,0.9236587133662972,True,1,2631,3288,d__Bacteria;p__Bacillota;c__Clostridia;o__Lachnospirales;f__Lachnospiraceae;g__Dorea_A;s__Dorea_A longicatena
1030000,0.0867003367003367,0.0044444444444444444,0.0008417508417508417,0.00030413625304136254,1.0,1.0,0.0,/group/ctbrowngrp5/sourmash-db.new/gtdb-rs226/gtdb-rs226-k51.dna.rocksdb,GCA_029378305.1 bacterium,1e60959badd15eb0aa8919863d3ed04b,0.4577777777777778,10000,265,4760000,outputs.mapping/bams.cds.rand/ERR1135289.x.s__Bariatricus sp004560705.fastq.gz,ERR1135289.x.s__Bariatricus sp004560705,443b4598,11880000,51,DNA,10000,1188,True,0.9531842949434358,0.984795761424742,0.9689900281840889,0.984795761424742,False,1,2632,3288,d__Bacteria;p__Bacillota;c__Clostridia;o__Lachnospirales;f__Lachnospiraceae;g__Bariatricus;s__Bariatricus sp004560705
20000,0.0016835016835016834,0.0036363636363636364,0.0008417508417508417,0.00030413625304136254,1.0,1.0,0.0,/group/ctbrowngrp5/sourmash-db.new/gtdb-rs226/gtdb-rs226-k51.dna.rocksdb,GCA_937967235.1 uncultured Clostridia bacterium,cef4270d49a519404bd54ca72d4f5d48,0.007272727272727273,10000,266,4750000,outputs.mapping/bams.cds.rand/ERR1135289.x.s__Bariatricus sp004560705.fastq.gz,ERR1135289.x.s__Bariatricus sp004560705,443b4598,11880000,51,DNA,10000,1188,True,0.882291368433771,0.9079720839213643,0.8951317261775676,0.9079720839213643,True,1,2633,3288,d__Bacteria;p__Bacillota;c__Clostridia;o__Oscillospirales;f__Oscillospiraceae;g__CAG-170;s__CAG-170 sp937967235
10000,0.0008417508417508417,0.0029239766081871343,0.0008417508417508417,0.0009124087591240876,3.0,3.0,0.0,/group/ctbrowngrp5/sourmash-db.new/gtdb-rs226/gtdb-rs226-k51.dna.rocksdb,GCF_947631635.1 uncultured Dysosmobacter sp.,556b775dd60b253dee395469107db211,0.0029239766081871343,10000,267,4740000,outputs.mapping/bams.cds.rand/ERR1135289.x.s__Bariatricus sp004560705.fastq.gz,ERR1135289.x.s__Bariatricus sp004560705,443b4598,11880000,51,DNA,10000,1188,True,0.8703811594057197,0.8918939410246526,0.8811375502151861,0.8918939410246526,True,3,2636,3288,d__Bacteria;p__Bacillota;c__Clostridia;o__Oscillospirales;f__Oscillospiraceae;g__Oscillibacter;s__Oscillibacter sp947631635
10000,0.0008417508417508417,0.003134796238244514,0.0008417508417508417,0.00030413625304136254,1.0,1.0,0.0,/group/ctbrowngrp5/sourmash-db.new/gtdb-rs226/gtdb-rs226-k51.dna.rocksdb,GCA_022781515.1 Lachnospiraceae bacterium,6d7c17c94b4ad04753ffd58f7174f32c,0.003134796238244514,10000,268,4730000,outputs.mapping/bams.cds.rand/ERR1135289.x.s__Bariatricus sp004560705.fastq.gz,ERR1135289.x.s__Bariatricus sp004560705,443b4598,11880000,51,DNA,10000,1188,True,0.8703811594057197,0.8931122886873784,0.8817467240465491,0.8931122886873784,True,1,2637,3288,d__Bacteria;p__Bacillota;c__Clostridia;o__Lachnospirales;f__Lachnospiraceae;g__TWA4;s__TWA4 sp022781515
10000,0.0008417508417508417,0.0045871559633027525,0.0008417508417508417,0.0009124087591240876,3.0,3.0,0.0,/group/ctbrowngrp5/sourmash-db.new/gtdb-rs226/gtdb-rs226-k51.dna.rocksdb,GCA_034104445.1 Faecousia sp.,04a79d15329f61759efc8f3e5e3fc482,0.0045871559633027525,10000,269,4720000,outputs.mapping/bams.cds.rand/ERR1135289.x.s__Bariatricus sp004560705.fastq.gz,ERR1135289.x.s__Bariatricus sp004560705,443b4598,11880000,51,DNA,10000,1188,True,0.8703811594057197,0.8998039843327351,0.8850925718692274,0.8998039843327351,True,3,2640,3288,d__Bacteria;p__Bacillota;c__Clostridia;o__Oscillospirales;f__Oscillospiraceae;g__Faecousia;s__Faecousia sp022781505
10000,0.0008417508417508417,0.004878048780487805,0.0008417508417508417,0.00030413625304136254,1.0,1.0,0.0,/group/ctbrowngrp5/sourmash-db.new/gtdb-rs226/gtdb-rs226-k51.dna.rocksdb,GCF_029225725.1 Galactobacillus timonensis,0eeda0aa399ff96f78e160d77ec6124f,0.004878048780487805,10000,270,4710000,outputs.mapping/bams.cds.rand/ERR1135289.x.s__Bariatricus sp004560705.fastq.gz,ERR1135289.x.s__Bariatricus sp004560705,443b4598,11880000,51,DNA,10000,1188,True,0.8703811594057197,0.9008894330777228,0.8856352962417213,0.9008894330777228,True,1,2641,3288,d__Bacteria;p__Bacillota;c__Bacilli;o__Erysipelotrichales;f__Erysipelotrichaceae;g__Bulleidia;s__Bulleidia timonensis
10000,0.0008417508417508417,0.006666666666666667,0.0008417508417508417,0.0009124087591240876,3.0,3.0,0.0,/group/ctbrowngrp5/sourmash-db.new/gtdb-rs226/gtdb-rs226-k51.dna.rocksdb,GCA_945910805.1 uncultured Pseudobutyrivibrio sp.,18bbac12d1f8b59a1ecfdaadae33729a,0.006666666666666667,10000,271,4700000,outputs.mapping/bams.cds.rand/ERR1135289.x.s__Bariatricus sp004560705.fastq.gz,ERR1135289.x.s__Bariatricus sp004560705,443b4598,11880000,51,DNA,10000,1188,True,0.8703811594057197,0.9064243085270774,0.8884027339663986,0.9064243085270774,True,3,2644,3288,d__Bacteria;p__Bacillota;c__Clostridia;o__Lachnospirales;f__Lachnospiraceae;g__Pararoseburia;s__Pararoseburia sp945836255
10000,0.0008417508417508417,0.004366812227074236,0.0008417508417508417,0.0033454987834549877,11.0,11.0,0.0,/group/ctbrowngrp5/sourmash-db.new/gtdb-rs226/gtdb-rs226-k51.dna.rocksdb,GCA_029225625.1 Paraprevotella sp.,7e776dd532f21d2cd5dd2bd9630f368f,0.004366812227074236,10000,272,4690000,outputs.mapping/bams.cds.rand/ERR1135289.x.s__Bariatricus sp004560705.fastq.gz,ERR1135289.x.s__Bariatricus sp004560705,443b4598,11880000,51,DNA,10000,1188,True,0.8703811594057197,0.8989358818428389,0.8846585206242793,0.8989358818428389,True,11,2655,3288,d__Bacteria;p__Bacteroidota;c__Bacteroidia;o__Bacteroidales;f__Bacteroidaceae;g__Physcousia;s__Physcousia sp900766785
50000,0.004208754208754209,0.004405286343612335,0.0008417508417508417,0.00030413625304136254,1.0,1.0,0.0,/group/ctbrowngrp5/sourmash-db.new/gtdb-rs226/gtdb-rs226-k51.dna.rocksdb,GCA_022780205.1 Clostridiaceae bacterium,f3adff8e4906d8ae33f85fda16354405,0.022026431718061675,10000,273,4680000,outputs.mapping/bams.cds.rand/ERR1135289.x.s__Bariatricus sp004560705.fastq.gz,ERR1135289.x.s__Bariatricus sp004560705,443b4598,11880000,51,DNA,10000,1188,True,0.8982862991026712,0.9279160971437016,0.9131011981231865,0.9279160971437016,True,1,2656,3288,d__Bacteria;p__Bacillota;c__Clostridia;o__Lachnospirales;f__Lachnospiraceae;g__Otoolea;s__Otoolea sp016302185
30000,0.0025252525252525255,0.0019193857965451055,0.0008417508417508417,0.00030413625304136254,1.0,1.0,0.0,/group/ctbrowngrp5/sourmash-db.new/gtdb-rs226/gtdb-rs226-k51.dna.rocksdb,GCA_004555505.1 Bacteroides fragilis,ae21f80ad06fc1e69524b25773c27222,0.005758157389635317,10000,274,4670000,outputs.mapping/bams.cds.rand/ERR1135289.x.s__Bariatricus sp004560705.fastq.gz,ERR1135289.x.s__Bariatricus sp004560705,443b4598,11880000,51,DNA,10000,1188,True,0.8893338038099182,0.9038242528089594,0.8965790283094388,0.9038242528089594,True,1,2657,3288,d__Bacteria;p__Bacteroidota;c__Bacteroidia;o__Bacteroidales;f__Bacteroidaceae;g__Bacteroides;s__Bacteroides fragilis
10000,0.0008417508417508417,0.0036231884057971015,0.0008417508417508417,0.0018248175182481751,6.0,6.0,0.0,/group/ctbrowngrp5/sourmash-db.new/gtdb-rs226/gtdb-rs226-k51.dna.rocksdb,GCA_004556985.1 Clostridiales bacterium,b7003337dd5a9631fd3d0a4bf3c12821,0.0036231884057971015,10000,275,4660000,outputs.mapping/bams.cds.rand/ERR1135289.x.s__Bariatricus sp004560705.fastq.gz,ERR1135289.x.s__Bariatricus sp004560705,443b4598,11880000,51,DNA,10000,1188,True,0.8703811594057197,0.8956514588158029,0.8830163091107612,0.8956514588158029,True,6,2663,3288,d__Bacteria;p__Bacillota;c__Clostridia;o__Christensenellales;f__Aristaeellaceae;g__Ventricola;s__Ventricola sp004556985
10000,0.0008417508417508417,0.004032258064516129,0.0008417508417508417,0.00030413625304136254,1.0,1.0,0.0,/group/ctbrowngrp5/sourmash-db.new/gtdb-rs226/gtdb-rs226-k51.dna.rocksdb,GCA_945929845.1 uncultured Clostridia bacterium,d749e1095a208746fe1ad2a7b3eef21c,0.004032258064516129,10000,276,4650000,outputs.mapping/bams.cds.rand/ERR1135289.x.s__Bariatricus sp004560705.fastq.gz,ERR1135289.x.s__Bariatricus sp004560705,443b4598,11880000,51,DNA,10000,1188,True,0.8703811594057197,0.8975320526456187,0.8839566060256692,0.8975320526456187,True,1,2664,3288,d__Bacteria;p__Bacillota;c__Clostridia;o__Oscillospirales;f__CAG-272;g__CAG-448;s__CAG-448 sp945929845
30000,0.0025252525252525255,0.003115264797507788,0.0008417508417508417,0.0006082725060827251,2.0,2.0,0.0,/group/ctbrowngrp5/sourmash-db.new/gtdb-rs226/gtdb-rs226-k51.dna.rocksdb,GCF_963558355.1 uncultured Agathobacter sp.,05a3c94d2912ec77d7c2098589d060b9,0.009345794392523364,10000,277,4640000,outputs.mapping/bams.cds.rand/ERR1135289.x.s__Bariatricus sp004560705.fastq.gz,ERR1135289.x.s__Bariatricus sp004560705,443b4598,11880000,51,DNA,10000,1188,True,0.8893338038099182,0.9124480790702567,0.9008909414400874,0.9124480790702567,True,2,2666,3288,d__Bacteria;p__Bacillota;c__Clostridia;o__Lachnospirales;f__Lachnospiraceae;g__Agathobacter;s__Agathobacter sp905209075
1050000,0.08838383838383838,0.005263157894736842,0.0008417508417508417,0.0006082725060827251,2.0,2.0,0.0,/group/ctbrowngrp5/sourmash-db.new/gtdb-rs226/gtdb-rs226-k51.dna.rocksdb,GCA_946055285.1 uncultured bacterium,05f32cb42c99021f297a65800dc66052,0.5526315789473685,10000,278,4630000,outputs.mapping/bams.cds.rand/ERR1135289.x.s__Bariatricus sp004560705.fastq.gz,ERR1135289.x.s__Bariatricus sp004560705,443b4598,11880000,51,DNA,10000,1188,True,0.953543794723396,0.9884386515805101,0.9709912231519531,0.9884386515805101,False,2,2668,3288,d__Bacteria;p__Bacillota;c__Clostridia;o__Lachnospirales;f__Lachnospiraceae;g__Bariatricus;s__Bariatricus sp004560705
10000,0.0008417508417508417,0.002890173410404624,0.0008417508417508417,0.0024330900243309003,8.0,8.0,0.0,/group/ctbrowngrp5/sourmash-db.new/gtdb-rs226/gtdb-rs226-k51.dna.rocksdb,GCA_944325335.1 uncultured Parabacteroides sp.,7ee60719dd5954c9dce52ac9d50aa831,0.002890173410404624,10000,279,4620000,outputs.mapping/bams.cds.rand/ERR1135289.x.s__Bariatricus sp004560705.fastq.gz,ERR1135289.x.s__Bariatricus sp004560705,443b4598,11880000,51,DNA,10000,1188,True,0.8703811594057197,0.8916906117221329,0.8810358855639263,0.8916906117221329,True,8,2676,3288,d__Bacteria;p__Bacteroidota;c__Bacteroidia;o__Bacteroidales;f__Tannerellaceae;g__Parabacteroides;s__Parabacteroides sp944325335
10000,0.0008417508417508417,0.004273504273504274,0.0008417508417508417,0.0009124087591240876,3.0,3.0,0.0,/group/ctbrowngrp5/sourmash-db.new/gtdb-rs226/gtdb-rs226-k51.dna.rocksdb,GCA_902472755.1 uncultured Bacteroides sp.,c05bf258e14b04298f1152f9101f69e1,0.004273504273504274,10000,280,4610000,outputs.mapping/bams.cds.rand/ERR1135289.x.s__Bariatricus sp004560705.fastq.gz,ERR1135289.x.s__Bariatricus sp004560705,443b4598,11880000,51,DNA,10000,1188,True,0.8703811594057197,0.8985552523193859,0.8844682058625528,0.8985552523193859,True,3,2679,3288,d__Bacteria;p__Bacteroidota;c__Bacteroidia;o__Bacteroidales;f__UBA932;g__Cryptobacteroides;s__Cryptobacteroides sp900546925
10000,0.0008417508417508417,0.003484320557491289,0.0008417508417508417,0.0009124087591240876,3.0,3.0,0.0,/group/ctbrowngrp5/sourmash-db.new/gtdb-rs226/gtdb-rs226-k51.dna.rocksdb,GCA_945830505.1 uncultured Clostridia bacterium,15e12f3e219cd71609bbc435637dc6c0,0.003484320557491289,10000,281,4600000,outputs.mapping/bams.cds.rand/ERR1135289.x.s__Bariatricus sp004560705.fastq.gz,ERR1135289.x.s__Bariatricus sp004560705,443b4598,11880000,51,DNA,10000,1188,True,0.8703811594057197,0.8949653831278861,0.8826732712668028,0.8949653831278861,True,3,2682,3288,d__Bacteria;p__Bacillota;c__Clostridia;o__Oscillospirales;f__Oscillospiraceae;g__Faecousia;s__Faecousia sp945875335
10000,0.0008417508417508417,0.002770083102493075,0.0008417508417508417,0.00030413625304136254,1.0,1.0,0.0,/group/ctbrowngrp5/sourmash-db.new/gtdb-rs226/gtdb-rs226-k51.dna.rocksdb,GCA_948728155.1 uncultured Lachnospiraceae bacterium,a7c6708addc4ab92f084b6905c19708a,0.002770083102493075,10000,282,4590000,outputs.mapping/bams.cds.rand/ERR1135289.x.s__Bariatricus sp004560705.fastq.gz,ERR1135289.x.s__Bariatricus sp004560705,443b4598,11880000,51,DNA,10000,1188,True,0.8703811594057197,0.890948908183572,0.8806650337946458,0.890948908183572,True,1,2683,3288,d__Bacteria;p__Bacillota;c__Clostridia;o__Lachnospirales;f__Lachnospiraceae;g__Petralouisia;s__Petralouisia sp910583835
20000,0.0016835016835016834,0.0036496350364963502,0.0008417508417508417,0.00030413625304136254,1.0,1.0,0.0,/group/ctbrowngrp5/sourmash-db.new/gtdb-rs226/gtdb-rs226-k51.dna.rocksdb,GCA_945920195.1 uncultured Lachnospiraceae bacterium,f877cd44ae385eb150c28357a987bdc4,0.0072992700729927005,10000,283,4580000,outputs.mapping/bams.cds.rand/ERR1135289.x.s__Bariatricus sp004560705.fastq.gz,ERR1135289.x.s__Bariatricus sp004560705,443b4598,11880000,51,DNA,10000,1188,True,0.882291368433771,0.908036943774764,0.8951641561042675,0.908036943774764,True,1,2684,3288,d__Bacteria;p__Bacillota;c__Clostridia;o__Lachnospirales;f__Lachnospiraceae;g__UBA2882;s__UBA2882 sp017626095
90000,0.007575757575757576,0.003952569169960474,0.0008417508417508417,0.0015206812652068127,5.0,5.0,0.0,/group/ctbrowngrp5/sourmash-db.new/gtdb-rs226/gtdb-rs226-k51.dna.rocksdb,GCA_028724105.1 Bacillota bacterium,c5b3dacee8228fff1d62c1c5573a9d68,0.03557312252964427,10000,284,4570000,outputs.mapping/bams.cds.rand/ERR1135289.x.s__Bariatricus sp004560705.fastq.gz,ERR1135289.x.s__Bariatricus sp004560705,443b4598,11880000,51,DNA,10000,1188,True,0.9086991441072096,0.9366786626895717,0.9226889033983907,0.9366786626895717,False,5,2689,3288,d__Bacteria;p__Bacillota;c__Clostridia;o__Lachnospirales;f__Lachnospiraceae;g__Blautia;s__Blautia sp022777285
10000,0.0008417508417508417,0.001968503937007874,0.0008417508417508417,0.00030413625304136254,1.0,1.0,0.0,/group/ctbrowngrp5/sourmash-db.new/gtdb-rs226/gtdb-rs226-k51.dna.rocksdb,GCA_030524715.1 Eubacteriales bacterium,72a353951e79c123b57cb7d471f8e30a,0.001968503937007874,10000,285,4560000,outputs.mapping/bams.cds.rand/ERR1135289.x.s__Bariatricus sp004560705.fastq.gz,ERR1135289.x.s__Bariatricus sp004560705,443b4598,11880000,51,DNA,10000,1188,True,0.8703811594057197,0.8850011780070369,0.8776911687063783,0.8850011780070369,True,1,2690,3288,d__Bacteria;p__Bacillota;c__Clostridia;o__Lachnospirales;f__Lachnospiraceae;g__Blautia_A;s__Blautia_A sp030524715
10000,0.0008417508417508417,0.0024096385542168677,0.0008417508417508417,0.0009124087591240876,3.0,3.0,0.0,/group/ctbrowngrp5/sourmash-db.new/gtdb-rs226/gtdb-rs226-k51.dna.rocksdb,GCA_937889405.1 uncultured Fibrobacter sp.,da98c8c0ccd9653c12274d068f75918f,0.0024096385542168677,10000,286,4550000,outputs.mapping/bams.cds.rand/ERR1135289.x.s__Bariatricus sp004560705.fastq.gz,ERR1135289.x.s__Bariatricus sp004560705,443b4598,11880000,51,DNA,10000,1188,True,0.8703811594057197,0.888516963204073,0.8794490613048964,0.888516963204073,True,3,2693,3288,d__Bacteria;p__Fibrobacterota;c__Fibrobacteria;o__Fibrobacterales;f__Fibrobacteraceae;g__Fibrobacter;s__Fibrobacter sp002449765
20000,0.0016835016835016834,0.006211180124223602,0.0008417508417508417,0.00030413625304136254,1.0,1.0,0.0,/group/ctbrowngrp5/sourmash-db.new/gtdb-rs226/gtdb-rs226-k51.dna.rocksdb,GCA_947388215.1 uncultured Clostridium sp.,5ab5a1c117f62d0bc3ac16d7ae576705,0.012422360248447204,10000,287,4540000,outputs.mapping/bams.cds.rand/ERR1135289.x.s__Bariatricus sp004560705.fastq.gz,ERR1135289.x.s__Bariatricus sp004560705,443b4598,11880000,51,DNA,10000,1188,True,0.882291368433771,0.9175536207579207,0.8999224945958458,0.9175536207579207,True,1,2694,3288,d__Bacteria;p__Bacillota;c__Clostridia;o__TANB77;f__CAG-508;g__CAG-269;s__CAG-269 sp948441945
20000,0.0016835016835016834,0.003937007874015748,0.0008417508417508417,0.00030413625304136254,1.0,1.0,0.0,/group/ctbrowngrp5/sourmash-db.new/gtdb-rs226/gtdb-rs226-k51.dna.rocksdb,GCA_945990685.1 uncultured Subdoligranulum sp.,dfdb9cd2536572a72eeae339962a3ac5,0.007874015748031496,10000,288,4530000,outputs.mapping/bams.cds.rand/ERR1135289.x.s__Bariatricus sp004560705.fastq.gz,ERR1135289.x.s__Bariatricus sp004560705,443b4598,11880000,51,DNA,10000,1188,True,0.882291368433771,0.9093874295165494,0.8958393989751602,0.9093874295165494,True,1,2695,3288,d__Bacteria;p__Bacillota;c__Clostridia;o__Oscillospirales;f__Ruminococcaceae;g__Gemmiger;s__Gemmiger formicilis
40000,0.003367003367003367,0.002638522427440633,0.0008417508417508417,0.00030413625304136254,1.0,1.0,0.0,/group/ctbrowngrp5/sourmash-db.new/gtdb-rs226/gtdb-rs226-k51.dna.rocksdb,GCA_030536755.1 Eubacteriales bacterium,506c154fbaa3d5efaea6cbfe61023e73,0.010554089709762533,10000,289,4520000,outputs.mapping/bams.cds.rand/ERR1135289.x.s__Bariatricus sp004560705.fastq.gz,ERR1135289.x.s__Bariatricus sp004560705,443b4598,11880000,51,DNA,10000,1188,True,0.8943645555749845,0.9146260039129034,0.904495279743944,0.9146260039129034,True,1,2696,3288,d__Bacteria;p__Bacillota;c__Clostridia;o__Lachnospirales;f__Lachnospiraceae;g__JALFVM01;s__JALFVM01 sp030536755
40000,0.003367003367003367,0.0037313432835820895,0.0008417508417508417,0.00030413625304136254,1.0,1.0,0.0,/group/ctbrowngrp5/sourmash-db.new/gtdb-rs226/gtdb-rs226-k51.dna.rocksdb,GCA_021531315.1 Oscillibacter valericigenes,e3a0adb3601c06005d2da86cf1a2b756,0.014925373134328358,10000,290,4510000,outputs.mapping/bams.cds.rand/ERR1135289.x.s__Bariatricus sp004560705.fastq.gz,ERR1135289.x.s__Bariatricus sp004560705,443b4598,11880000,51,DNA,10000,1188,True,0.8943645555749845,0.9208621268632012,0.9076133412190929,0.9208621268632012,True,1,2697,3288,d__Bacteria;p__Bacillota;c__Clostridia;o__Oscillospirales;f__Oscillospiraceae;g__Hominicoprocola;s__Hominicoprocola sp900552375
10000,0.0008417508417508417,0.002570694087403599,0.0008417508417508417,0.00030413625304136254,1.0,1.0,0.0,/group/ctbrowngrp5/sourmash-db.new/gtdb-rs226/gtdb-rs226-k51.dna.rocksdb,GCA_937959105.1 uncultured Prevotella sp.,9b7cc064ae405e110ab0b1c5a221cfbb,0.002570694087403599,10000,291,4500000,outputs.mapping/bams.cds.rand/ERR1135289.x.s__Bariatricus sp004560705.fastq.gz,ERR1135289.x.s__Bariatricus sp004560705,443b4598,11880000,51,DNA,10000,1188,True,0.8703811594057197,0.8896448611500511,0.8800130102778854,0.8896448611500511,True,1,2698,3288,d__Bacteria;p__Bacteroidota;c__Bacteroidia;o__Bacteroidales;f__Bacteroidaceae;g__Prevotella;s__Prevotella sp900546535
20000,0.0016835016835016834,0.0035211267605633804,0.0008417508417508417,0.00030413625304136254,1.0,1.0,0.0,/group/ctbrowngrp5/sourmash-db.new/gtdb-rs226/gtdb-rs226-k51.dna.rocksdb,GCF_902801275.1 uncultured Blautia sp.,7f04c75b82367a59a7f65bd6b931b5eb,0.007042253521126761,10000,292,4490000,outputs.mapping/bams.cds.rand/ERR1135289.x.s__Bariatricus sp004560705.fastq.gz,ERR1135289.x.s__Bariatricus sp004560705,443b4598,11880000,51,DNA,10000,1188,True,0.882291368433771,0.9073989403311536,0.8948451543824623,0.9073989403311536,True,1,2699,3288,d__Bacteria;p__Bacillota;c__Clostridia;o__Lachnospirales;f__Lachnospiraceae;g__Blautia_A;s__Blautia_A sp900316115
20000,0.0016835016835016834,0.0038910505836575876,0.0008417508417508417,0.00030413625304136254,1.0,1.0,0.0,/group/ctbrowngrp5/sourmash-db.new/gtdb-rs226/gtdb-rs226-k51.dna.rocksdb,GCA_034088005.1 Blautia obeum,a4ab8f491889e708949d650b9815f8ae,0.007782101167315175,10000,293,4480000,outputs.mapping/bams.cds.rand/ERR1135289.x.s__Bariatricus sp004560705.fastq.gz,ERR1135289.x.s__Bariatricus sp004560705,443b4598,11880000,51,DNA,10000,1188,True,0.882291368433771,0.9091780837816509,0.8957347261077109,0.9091780837816509,True,1,2700,3288,d__Bacteria;p__Bacillota;c__Clostridia;o__Lachnospirales;f__Lachnospiraceae;g__Blautia_A;s__Blautia_A obeum
20000,0.0016835016835016834,0.004629629629629629,0.0008417508417508417,0.00030413625304136254,1.0,1.0,0.0,/group/ctbrowngrp5/sourmash-db.new/gtdb-rs226/gtdb-rs226-k51.dna.rocksdb,GCA_945949295.1 uncultured Clostridia bacterium,53ba41d1dc71e8035d6a85613a5217b4,0.009259259259259259,10000,294,4470000,outputs.mapping/bams.cds.rand/ERR1135289.x.s__Bariatricus sp004560705.fastq.gz,ERR1135289.x.s__Bariatricus sp004560705,443b4598,11880000,51,DNA,10000,1188,True,0.882291368433771,0.9122816638494313,0.8972865161416012,0.9122816638494313,True,1,2701,3288,d__Bacteria;p__Bacillota;c__Clostridia;o__Oscillospirales;f__Oscillospiraceae;g__Faecousia;s__Faecousia sp022774865
10000,0.0008417508417508417,0.005076142131979695,0.0008417508417508417,0.00030413625304136254,1.0,1.0,0.0,/group/ctbrowngrp5/sourmash-db.new/gtdb-rs226/gtdb-rs226-k51.dna.rocksdb,GCF_016939055.1 Mogibacterium sp.,676405471a902a422daeb078e0ab80b5,0.005076142131979695,10000,295,4460000,outputs.mapping/bams.cds.rand/ERR1135289.x.s__Bariatricus sp004560705.fastq.gz,ERR1135289.x.s__Bariatricus sp004560705,443b4598,11880000,51,DNA,10000,1188,True,0.8703811594057197,0.9015928650194664,0.885987012212593,0.9015928650194664,True,1,2702,3288,d__Bacteria;p__Bacillota;c__Clostridia;o__Peptostreptococcales;f__Anaerovoracaceae;g__Mogibacterium_A;s__Mogibacterium_A kristiansenii
10000,0.0008417508417508417,0.0018796992481203006,0.0008417508417508417,0.0006082725060827251,2.0,2.0,0.0,/group/ctbrowngrp5/sourmash-db.new/gtdb-rs226/gtdb-rs226-k51.dna.rocksdb,GCF_959018655.1 uncultured Blautia sp.,45f79474f63c05b0aeb97187ff301fc3,0.0018796992481203006,10000,296,4450000,outputs.mapping/bams.cds.rand/ERR1135289.x.s__Bariatricus sp004560705.fastq.gz,ERR1135289.x.s__Bariatricus sp004560705,443b4598,11880000,51,DNA,10000,1188,True,0.8703811594057197,0.8842004921657612,0.8772908257857405,0.8842004921657612,True,2,2704,3288,d__Bacteria;p__Bacillota;c__Clostridia;o__Lachnospirales;f__Lachnospiraceae;g__Blautia;s__Blautia celeris
10000,0.0008417508417508417,0.004132231404958678,0.0008417508417508417,0.00030413625304136254,1.0,1.0,0.0,/group/ctbrowngrp5/sourmash-db.new/gtdb-rs226/gtdb-rs226-k51.dna.rocksdb,GCA_019120395.1 Candidatus Gemmiger faecigallinarum,2f7d1040658ebfab8dcbc276c899616c,0.004132231404958678,10000,297,4440000,outputs.mapping/bams.cds.rand/ERR1135289.x.s__Bariatricus sp004560705.fastq.gz,ERR1135289.x.s__Bariatricus sp004560705,443b4598,11880000,51,DNA,10000,1188,True,0.8703811594057197,0.8979631654737237,0.8841721624397216,0.8979631654737237,True,1,2705,3288,d__Bacteria;p__Bacillota;c__Clostridia;o__Oscillospirales;f__Ruminococcaceae;g__Gemmiger;s__Gemmiger faecigallinarum
10000,0.0008417508417508417,0.004484304932735426,0.0008417508417508417,0.00030413625304136254,1.0,1.0,0.0,/group/ctbrowngrp5/sourmash-db.new/gtdb-rs226/gtdb-rs226-k51.dna.rocksdb,GCA_029219385.1 Prevotellaceae bacterium,a3281009c02ac51d15ea61cad4f839e0,0.004484304932735426,10000,298,4430000,outputs.mapping/bams.cds.rand/ERR1135289.x.s__Bariatricus sp004560705.fastq.gz,ERR1135289.x.s__Bariatricus sp004560705,443b4598,11880000,51,DNA,10000,1188,True,0.8703811594057197,0.8994039832126721,0.884892571309196,0.8994039832126721,True,1,2706,3288,d__Bacteria;p__Bacteroidota;c__Bacteroidia;o__Bacteroidales;f__Bacteroidaceae;g__UBA6382;s__UBA6382 sp029219385
10000,0.0008417508417508417,0.004608294930875576,0.0008417508417508417,0.0006082725060827251,2.0,2.0,0.0,/group/ctbrowngrp5/sourmash-db.new/gtdb-rs226/gtdb-rs226-k51.dna.rocksdb,GCA_934432595.1 uncultured Lachnospiraceae bacterium,ee9c2e80b74670fdca074523faea4f89,0.004608294930875576,10000,299,4420000,outputs.mapping/bams.cds.rand/ERR1135289.x.s__Bariatricus sp004560705.fastq.gz,ERR1135289.x.s__Bariatricus sp004560705,443b4598,11880000,51,DNA,10000,1188,True,0.8703811594057197,0.8998851063638268,0.8851331328847732,0.8998851063638268,True,2,2708,3288,d__Bacteria;p__Bacillota;c__Clostridia;o__Lachnospirales;f__Lachnospiraceae;g__SIG301;s__SIG301 sp934432595
10000,0.0008417508417508417,0.004784688995215311,0.0008417508417508417,0.00030413625304136254,1.0,1.0,0.0,/group/ctbrowngrp5/sourmash-db.new/gtdb-rs226/gtdb-rs226-k51.dna.rocksdb,GCA_945936195.1 uncultured Firmicutes bacterium,709cb201460207a15a23fa15a6fcb8c5,0.004784688995215311,10000,300,4410000,outputs.mapping/bams.cds.rand/ERR1135289.x.s__Bariatricus sp004560705.fastq.gz,ERR1135289.x.s__Bariatricus sp004560705,443b4598,11880000,51,DNA,10000,1188,True,0.8703811594057197,0.9005481441482567,0.8854646517769882,0.9005481441482567,True,1,2709,3288,d__Bacteria;p__Bacillota;c__Clostridia;o__Peptostreptococcales;f__Anaerovoracaceae;g__Fimisoma;s__Fimisoma sp002320005
10000,0.0008417508417508417,0.0043859649122807015,0.0008417508417508417,0.00030413625304136254,1.0,1.0,0.0,/group/ctbrowngrp5/sourmash-db.new/gtdb-rs226/gtdb-rs226-k51.dna.rocksdb,GCA_902802515.1 uncultured Lachnospiraceae bacterium,ba67ce117a77759cb10862507a360c66,0.0043859649122807015,10000,301,4400000,outputs.mapping/bams.cds.rand/ERR1135289.x.s__Bariatricus sp004560705.fastq.gz,ERR1135289.x.s__Bariatricus sp004560705,443b4598,11880000,51,DNA,10000,1188,True,0.8703811594057197,0.8990130239792933,0.8846970916925065,0.8990130239792933,True,1,2710,3288,d__Bacteria;p__Bacillota;c__Clostridia;o__Lachnospirales;f__Lachnospiraceae;g__Merdiplasma;s__Merdiplasma sp902802515
40000,0.003367003367003367,0.003787878787878788,0.0008417508417508417,0.00030413625304136254,1.0,1.0,0.0,/group/ctbrowngrp5/sourmash-db.new/gtdb-rs226/gtdb-rs226-k51.dna.rocksdb,GCA_945917315.1 uncultured Lachnobacterium sp.,b3c85573bddb32fae48404a53c1b9314,0.015151515151515152,10000,302,4390000,outputs.mapping/bams.cds.rand/ERR1135289.x.s__Bariatricus sp004560705.fastq.gz,ERR1135289.x.s__Bariatricus sp004560705,443b4598,11880000,51,DNA,10000,1188,True,0.8943645555749845,0.9211336926184823,0.9077491240967335,0.9211336926184823,True,1,2711,3288,d__Bacteria;p__Bacillota;c__Clostridia;o__Lachnospirales;f__Lachnospiraceae;g__Agathobacter;s__Agathobacter sp900543445
10000,0.0008417508417508417,0.003424657534246575,0.0008417508417508417,0.00030413625304136254,1.0,1.0,0.0,/group/ctbrowngrp5/sourmash-db.new/gtdb-rs226/gtdb-rs226-k51.dna.rocksdb,GCA_945910395.1 uncultured Agathobacter sp.,036ce82b67b1e81f0b363a6509fbba79,0.003424657534246575,10000,303,4380000,outputs.mapping/bams.cds.rand/ERR1135289.x.s__Bariatricus sp004560705.fastq.gz,ERR1135289.x.s__Bariatricus sp004560705,443b4598,11880000,51,DNA,10000,1188,True,0.8703811594057197,0.8946623467567137,0.8825217530812167,0.8946623467567137,True,1,2712,3288,d__Bacteria;p__Bacillota;c__Clostridia;o__Lachnospirales;f__Lachnospiraceae;g__Agathobacter;s__Agathobacter sp945910395
