intersect_bp,f_orig_query,f_match,f_unique_to_query,f_unique_weighted,average_abund,median_abund,std_abund,filename,name,md5,f_match_orig,unique_intersect_bp,gather_result_rank,remaining_bp,query_filename,query_name,query_md5,query_bp,ksize,moltype,scaled,query_n_hashes,query_abundance,query_containment_ani,match_containment_ani,average_containment_ani,max_containment_ani,potential_false_negative,n_unique_weighted_found,sum_weighted_found,total_weighted_hashes,lineage
1800000,0.0934094447327452,0.627177700348432,0.0934094447327452,0.11169049621530698,3.688888888888889,3.0,2.3671100262858946,/group/ctbrowngrp5/sourmash-db.new/gtdb-rs226/gtdb-rs226-k51.dna.rocksdb,GCA_004554605.1 Subdoligranulum sp.,5665a6e77f793c29f9a9ef9a82abca3e,0.627177700348432,1800000,0,17470000,outputs.mapping/bams.cds.rand/ERR1135282.x.s__Gemmiger qucibialis.fastq.gz,ERR1135282.x.s__Gemmiger qucibialis,d10ac2ba,19270000,51,DNA,10000,1927,True,0.9545783584788309,0.990894155434745,0.9727362569567879,0.990894155434745,False,664,664,5945,d__Bacteria;p__Bacillota;c__Clostridia;o__Oscillospirales;f__Ruminococcaceae;g__Gemmiger;s__Gemmiger qucibialis
570000,0.029579657498702647,0.168141592920354,0.029579657498702647,0.06593776282590412,6.87719298245614,2.0,22.972959066280588,/group/ctbrowngrp5/sourmash-db.new/gtdb-rs226/gtdb-rs226-k51.dna.rocksdb,GCF_024462815.1 Gemmiger formicilis,56f45cdd9e9b1b6477bb6ce51d95b91e,0.168141592920354,570000,1,16900000,outputs.mapping/bams.cds.rand/ERR1135282.x.s__Gemmiger qucibialis.fastq.gz,ERR1135282.x.s__Gemmiger qucibialis,d10ac2ba,19270000,51,DNA,10000,1927,True,0.9332961479741986,0.9656442525609699,0.9494702002675842,0.9656442525609699,False,392,1056,5945,d__Bacteria;p__Bacillota;c__Clostridia;o__Oscillospirales;f__Ruminococcaceae;g__Gemmiger;s__Gemmiger sp900554145
1690000,0.08770108977685522,0.12359550561797752,0.022833419823559936,0.02590412111017662,3.5,2.0,4.048007366144933,/group/ctbrowngrp5/sourmash-db.new/gtdb-rs226/gtdb-rs226-k51.dna.rocksdb,GCA_021620765.1 Oscillospiraceae bacterium,3e8edd2f7be55371f092d9fc5952f759,0.4747191011235955,440000,2,16460000,outputs.mapping/bams.cds.rand/ERR1135282.x.s__Gemmiger qucibialis.fastq.gz,ERR1135282.x.s__Gemmiger qucibialis,d10ac2ba,19270000,51,DNA,10000,1927,True,0.9533988146682537,0.9854977151098556,0.9694482648890547,0.9854977151098556,False,154,1210,5945,d__Bacteria;p__Bacillota;c__Clostridia;o__Oscillospirales;f__Ruminococcaceae;g__Gemmiger;s__Gemmiger qucibialis
390000,0.020238713025428127,0.08806818181818182,0.01608718214841723,0.038519764507989905,7.387096774193548,2.0,18.65765849734468,/group/ctbrowngrp5/sourmash-db.new/gtdb-rs226/gtdb-rs226-k51.dna.rocksdb,GCF_041330965.1 Gemmiger formicilis,46111ac4c050ac4b66ad8e0d8a4b4533,0.11079545454545454,310000,3,16150000,outputs.mapping/bams.cds.rand/ERR1135282.x.s__Gemmiger qucibialis.fastq.gz,ERR1135282.x.s__Gemmiger qucibialis,d10ac2ba,19270000,51,DNA,10000,1927,True,0.9263772900010421,0.9577786152932697,0.9420779526471559,0.9577786152932697,False,229,1439,5945,d__Bacteria;p__Bacillota;c__Clostridia;o__Oscillospirales;f__Ruminococcaceae;g__Gemmiger;s__Gemmiger formicilis
1760000,0.09133367929423974,0.09523809523809523,0.012454592631032694,0.009083263246425567,2.25,2.0,1.1989578808281798,/group/ctbrowngrp5/sourmash-db.new/gtdb-rs226/gtdb-rs226-k51.dna.rocksdb,GCA_029226675.1 Subdoligranulum sp.,34e53ffa83af88b73e6c655564c4bc99,0.6984126984126984,240000,4,15910000,outputs.mapping/bams.cds.rand/ERR1135282.x.s__Gemmiger qucibialis.fastq.gz,ERR1135282.x.s__Gemmiger qucibialis,d10ac2ba,19270000,51,DNA,10000,1927,True,0.9541578216911593,0.9929865706285895,0.9735721961598744,0.9929865706285895,False,54,1493,5945,d__Bacteria;p__Bacillota;c__Clostridia;o__Oscillospirales;f__Ruminococcaceae;g__Gemmiger;s__Gemmiger qucibialis
230000,0.011935651271406332,0.06451612903225806,0.010378827192527244,0.004709840201850294,1.4,1.0,0.5830951894845301,/group/ctbrowngrp5/sourmash-db.new/gtdb-rs226/gtdb-rs226-k51.dna.rocksdb,GCA_004555365.1 Subdoligranulum variabile,5d3f8307d7c941d3ac7e7948c432e38f,0.07419354838709677,200000,5,15710000,outputs.mapping/bams.cds.rand/ERR1135282.x.s__Gemmiger qucibialis.fastq.gz,ERR1135282.x.s__Gemmiger qucibialis,d10ac2ba,19270000,51,DNA,10000,1927,True,0.9168348234509291,0.9502772156466471,0.9335560195487882,0.9502772156466471,False,28,1521,5945,d__Bacteria;p__Bacillota;c__Clostridia;o__Oscillospirales;f__Ruminococcaceae;g__Gemmiger;s__Gemmiger variabilis_B
220000,0.011416709911779968,0.08163265306122448,0.010378827192527244,0.03582842724978974,10.65,2.5,21.822637329158912,/group/ctbrowngrp5/sourmash-db.new/gtdb-rs226/gtdb-rs226-k51.dna.rocksdb,GCA_004559325.1 bacterium,1233462b0e3f0bfb40fa4e874dd5742d,0.08979591836734693,200000,6,15510000,outputs.mapping/bams.cds.rand/ERR1135282.x.s__Gemmiger qucibialis.fastq.gz,ERR1135282.x.s__Gemmiger qucibialis,d10ac2ba,19270000,51,DNA,10000,1927,True,0.916036055451184,0.9538401945742319,0.934938125012708,0.9538401945742319,False,213,1734,5945,d__Bacteria;p__Bacillota;c__Clostridia;o__Oscillospirales;f__Ruminococcaceae;g__Faecalibacterium;s__Faecalibacterium prausnitzii_E
220000,0.011416709911779968,0.10526315789473684,0.010378827192527244,0.006055508830950378,1.8,1.0,1.32664991614216,/group/ctbrowngrp5/sourmash-db.new/gtdb-rs226/gtdb-rs226-k51.dna.rocksdb,GCA_945837085.1 Subdoligranulum variabile,78d2484700c771e23868384ccdccd03e,0.11578947368421053,200000,7,15310000,outputs.mapping/bams.cds.rand/ERR1135282.x.s__Gemmiger qucibialis.fastq.gz,ERR1135282.x.s__Gemmiger qucibialis,d10ac2ba,19270000,51,DNA,10000,1927,True,0.916036055451184,0.9586069430387232,0.9373214992449537,0.9586069430387232,False,36,1770,5945,d__Bacteria;p__Bacillota;c__Clostridia;o__Oscillospirales;f__Ruminococcaceae;g__Gemmiger;s__Gemmiger variabilis_A
390000,0.020238713025428127,0.05322128851540616,0.009859885832900882,0.005214465937762826,1.631578947368421,1.0,1.086303549502647,/group/ctbrowngrp5/sourmash-db.new/gtdb-rs226/gtdb-rs226-k51.dna.rocksdb,GCA_963617335.1 Oscillospiraceae bacterium,df3e78aea5eb7f45d576f19ad4470ac7,0.1092436974789916,190000,8,15120000,outputs.mapping/bams.cds.rand/ERR1135282.x.s__Gemmiger qucibialis.fastq.gz,ERR1135282.x.s__Gemmiger qucibialis,d10ac2ba,19270000,51,DNA,10000,1927,True,0.9263772900010421,0.9575137677970558,0.9419455288990489,0.9575137677970558,False,31,1801,5945,d__Bacteria;p__Bacillota;c__Clostridia;o__Oscillospirales;f__Ruminococcaceae;g__Gemmiger;s__Gemmiger formicilis
350000,0.01816294758692268,0.043596730245231606,0.008303061754021795,0.005887300252312868,2.1875,1.5,1.8103435447450298,/group/ctbrowngrp5/sourmash-db.new/gtdb-rs226/gtdb-rs226-k51.dna.rocksdb,GCF_018784445.1 Gemmiger formicilis,05a0256de479fcb370d77f1d0c2ed04a,0.09536784741144415,160000,9,14960000,outputs.mapping/bams.cds.rand/ERR1135282.x.s__Gemmiger qucibialis.fastq.gz,ERR1135282.x.s__Gemmiger qucibialis,d10ac2ba,19270000,51,DNA,10000,1927,True,0.9244137541366844,0.9549668017249109,0.9396902779307976,0.9549668017249109,False,35,1836,5945,d__Bacteria;p__Bacillota;c__Clostridia;o__Oscillospirales;f__Ruminococcaceae;g__Gemmiger;s__Gemmiger sp900540775
1660000,0.08614426569797613,0.06521739130434782,0.007784120394395433,0.004373423044575274,1.7333333333333334,1.0,0.9285592184789414,/group/ctbrowngrp5/sourmash-db.new/gtdb-rs226/gtdb-rs226-k51.dna.rocksdb,GCA_028719705.1 Subdoligranulum sp.,50f4d89ae67f6b49e05a9cf0acc786c3,0.7217391304347827,150000,10,14810000,outputs.mapping/bams.cds.rand/ERR1135282.x.s__Gemmiger qucibialis.fastq.gz,ERR1135282.x.s__Gemmiger qucibialis,d10ac2ba,19270000,51,DNA,10000,1927,True,0.9530640449042472,0.9936264464261326,0.9733452456651899,0.9936264464261326,False,26,1862,5945,d__Bacteria;p__Bacillota;c__Clostridia;o__Oscillospirales;f__Ruminococcaceae;g__Gemmiger;s__Gemmiger qucibialis
160000,0.008303061754021795,0.06302521008403361,0.007784120394395433,0.011101766190075694,4.4,1.0,10.371756521117016,/group/ctbrowngrp5/sourmash-db.new/gtdb-rs226/gtdb-rs226-k51.dna.rocksdb,GCA_022772255.1 Faecalibacterium sp.,20a653e08905c968feaa8457858996cf,0.06722689075630252,150000,11,14660000,outputs.mapping/bams.cds.rand/ERR1135282.x.s__Gemmiger qucibialis.fastq.gz,ERR1135282.x.s__Gemmiger qucibialis,d10ac2ba,19270000,51,DNA,10000,1927,True,0.9103339725094539,0.948441715880513,0.9293878441949834,0.948441715880513,False,66,1928,5945,d__Bacteria;p__Bacillota;c__Clostridia;o__Oscillospirales;f__Ruminococcaceae;g__Faecalibacterium;s__Faecalibacterium sp003449675
180000,0.00934094447327452,0.038011695906432746,0.006746237675142709,0.005719091673675358,2.6153846153846154,1.0,2.4349525832837564,/group/ctbrowngrp5/sourmash-db.new/gtdb-rs226/gtdb-rs226-k51.dna.rocksdb,GCA_902399795.1 Oscillospiraceae bacterium,d7d7f1fdc30e27310c1bbdbafdb544bc,0.05263157894736842,130000,12,14530000,outputs.mapping/bams.cds.rand/ERR1135282.x.s__Gemmiger qucibialis.fastq.gz,ERR1135282.x.s__Gemmiger qucibialis,d10ac2ba,19270000,51,DNA,10000,1927,True,0.9124387922557435,0.943900899556501,0.9281698459061223,0.943900899556501,False,34,1962,5945,d__Bacteria;p__Bacillota;c__Clostridia;o__Oscillospirales;f__Oscillospiraceae;g__Hominicoprocola;s__Hominicoprocola fusiformis
1690000,0.08770108977685522,0.038348082595870206,0.006746237675142709,0.007064760302775442,3.230769230769231,1.0,4.64350408393433,/group/ctbrowngrp5/sourmash-db.new/gtdb-rs226/gtdb-rs226-k51.dna.rocksdb,GCF_003324125.1 Subdoligranulum sp. APC924/74,894ad1cf5a0563cd03362d1a8ff68201,0.49852507374631266,130000,13,14400000,outputs.mapping/bams.cds.rand/ERR1135282.x.s__Gemmiger qucibialis.fastq.gz,ERR1135282.x.s__Gemmiger qucibialis,d10ac2ba,19270000,51,DNA,10000,1927,True,0.9533988146682537,0.9864436789771172,0.9699212468226854,0.9864436789771172,False,42,2004,5945,d__Bacteria;p__Bacillota;c__Clostridia;o__Oscillospirales;f__Ruminococcaceae;g__Gemmiger;s__Gemmiger qucibialis
130000,0.006746237675142709,0.05357142857142857,0.006227296315516347,0.003700588730025231,1.8333333333333333,1.0,1.6749792701868151,/group/ctbrowngrp5/sourmash-db.new/gtdb-rs226/gtdb-rs226-k51.dna.rocksdb,GCA_022772705.1 bacterium,4ef8a116b9144f88ec50b8e336624063,0.05803571428571429,120000,14,14280000,outputs.mapping/bams.cds.rand/ERR1135282.x.s__Gemmiger qucibialis.fastq.gz,ERR1135282.x.s__Gemmiger qucibialis,d10ac2ba,19270000,51,DNA,10000,1927,True,0.9066352097086938,0.9457116347516611,0.9261734222301774,0.9457116347516611,False,22,2026,5945,d__Bacteria;p__Bacillota;c__Clostridia;o__Oscillospirales;f__Ruminococcaceae;g__Gemmiger;s__Gemmiger sp004561545
1610000,0.08354955889984432,0.05333333333333334,0.006227296315516347,0.004205214465937763,2.0833333333333335,1.5,2.1392496088322392,/group/ctbrowngrp5/sourmash-db.new/gtdb-rs226/gtdb-rs226-k51.dna.rocksdb,GCA_945963285.1 uncultured Clostridia bacterium,3e565f3b974db11ccd55e6a7fb1a0249,0.7155555555555555,120000,15,14160000,outputs.mapping/bams.cds.rand/ERR1135282.x.s__Gemmiger qucibialis.fastq.gz,ERR1135282.x.s__Gemmiger qucibialis,d10ac2ba,19270000,51,DNA,10000,1927,True,0.9524926875850044,0.9934588198749085,0.9729757537299564,0.9934588198749085,False,25,2051,5945,d__Bacteria;p__Bacillota;c__Clostridia;o__Oscillospirales;f__Ruminococcaceae;g__Gemmiger;s__Gemmiger qucibialis
140000,0.007265179034769071,0.028277634961439587,0.005708354955889984,0.01951219512195122,10.545454545454545,1.0,19.085280555556356,/group/ctbrowngrp5/sourmash-db.new/gtdb-rs226/gtdb-rs226-k51.dna.rocksdb,GCF_900104675.1 Angelakisella massiliensis,81b55df77b553fa23ed30dba338c2196,0.03598971722365039,110000,16,14050000,outputs.mapping/bams.cds.rand/ERR1135282.x.s__Gemmiger qucibialis.fastq.gz,ERR1135282.x.s__Gemmiger qucibialis,d10ac2ba,19270000,51,DNA,10000,1927,True,0.9079535966996131,0.936892523444226,0.9224230600719195,0.936892523444226,False,116,2167,5945,d__Bacteria;p__Bacillota;c__Clostridia;o__Oscillospirales;f__Ruminococcaceae;g__Angelakisella;s__Angelakisella massiliensis
420000,0.021795537104307212,0.048034934497816595,0.005708354955889984,0.005214465937762826,2.8181818181818183,3.0,2.3284088136119445,/group/ctbrowngrp5/sourmash-db.new/gtdb-rs226/gtdb-rs226-k51.dna.rocksdb,GCA_022780085.1 Oscillospiraceae bacterium,b63a0429ec579b6988b208e9f98eda4a,0.18340611353711792,110000,17,13940000,outputs.mapping/bams.cds.rand/ERR1135282.x.s__Gemmiger qucibialis.fastq.gz,ERR1135282.x.s__Gemmiger qucibialis,d10ac2ba,19270000,51,DNA,10000,1927,True,0.9277243850120696,0.9672909699780955,0.9475076774950826,0.9672909699780955,False,31,2198,5945,d__Bacteria;p__Bacillota;c__Clostridia;o__Oscillospirales;f__Ruminococcaceae;g__Gemmiger;s__Gemmiger sp900554145
1680000,0.08718214841722885,0.04329004329004329,0.005189413596263622,0.0031959629941127,1.9,1.0,1.7578395831246945,/group/ctbrowngrp5/sourmash-db.new/gtdb-rs226/gtdb-rs226-k51.dna.rocksdb,GCA_022779075.1 Subdoligranulum sp.,d432a29543a80a8268becf6da5cbe2c7,0.7272727272727273,100000,18,13840000,outputs.mapping/bams.cds.rand/ERR1135282.x.s__Gemmiger qucibialis.fastq.gz,ERR1135282.x.s__Gemmiger qucibialis,d10ac2ba,19270000,51,DNA,10000,1927,True,0.9532878766170855,0.993775263639681,0.9735315701283833,0.993775263639681,False,19,2217,5945,d__Bacteria;p__Bacillota;c__Clostridia;o__Oscillospirales;f__Ruminococcaceae;g__Gemmiger;s__Gemmiger qucibialis
110000,0.005708354955889984,0.03169014084507042,0.00467047223663726,0.006223717409587889,4.111111111111111,2.0,4.067334492827361,/group/ctbrowngrp5/sourmash-db.new/gtdb-rs226/gtdb-rs226-k51.dna.rocksdb,GCA_037251415.1 bacterium,5678acd242ded8c82ad1b71074dc536d,0.03873239436619718,90000,19,13750000,outputs.mapping/bams.cds.rand/ERR1135282.x.s__Gemmiger qucibialis.fastq.gz,ERR1135282.x.s__Gemmiger qucibialis,d10ac2ba,19270000,51,DNA,10000,1927,True,0.903670320856021,0.938242676600156,0.9209564987280885,0.938242676600156,False,37,2254,5945,d__Bacteria;p__Bacillota;c__Clostridia;o__Oscillospirales;f__Oscillospiraceae;g__Hominicoprocola;s__Hominicoprocola sp900317525
130000,0.006746237675142709,0.018947368421052633,0.00467047223663726,0.03397813288477712,22.444444444444443,5.0,49.11915469574666,/group/ctbrowngrp5/sourmash-db.new/gtdb-rs226/gtdb-rs226-k51.dna.rocksdb,GCA_003479915.1 Ruminococcus sp. AM46-18,5cf0001cf5ff85a7a4fe8998694b3669,0.02736842105263158,90000,20,13660000,outputs.mapping/bams.cds.rand/ERR1135282.x.s__Gemmiger qucibialis.fastq.gz,ERR1135282.x.s__Gemmiger qucibialis,d10ac2ba,19270000,51,DNA,10000,1927,True,0.9066352097086938,0.9318753804251964,0.919255295066945,0.9318753804251964,False,202,2456,5945,d__Bacteria;p__Bacillota;c__Clostridia;o__Lachnospirales;f__Lachnospiraceae;g__Blautia_A;s__Blautia_A wexlerae
390000,0.020238713025428127,0.022670025188916875,0.00467047223663726,0.003027754415475189,2.0,1.0,2.211083193570267,/group/ctbrowngrp5/sourmash-db.new/gtdb-rs226/gtdb-rs226-k51.dna.rocksdb,GCA_030840085.1 Gemmiger formicilis,16ceb832bf0570c599b0e74557bd91ca,0.0982367758186398,90000,21,13570000,outputs.mapping/bams.cds.rand/ERR1135282.x.s__Gemmiger qucibialis.fastq.gz,ERR1135282.x.s__Gemmiger qucibialis,d10ac2ba,19270000,51,DNA,10000,1927,True,0.9263772900010421,0.9555219513814639,0.940949620691253,0.9555219513814639,False,18,2474,5945,d__Bacteria;p__Bacillota;c__Clostridia;o__Oscillospirales;f__Ruminococcaceae;g__Gemmiger;s__Gemmiger formicilis
80000,0.0041515308770108976,0.02952029520295203,0.0041515308770108976,0.003700588730025231,2.75,3.0,1.5612494995995996,/group/ctbrowngrp5/sourmash-db.new/gtdb-rs226/gtdb-rs226-k51.dna.rocksdb,GCA_946007515.1 uncultured Clostridia bacterium,e53bad5c730dc242c8228a7b80716706,0.02952029520295203,80000,22,13490000,outputs.mapping/bams.cds.rand/ERR1135282.x.s__Gemmiger qucibialis.fastq.gz,ERR1135282.x.s__Gemmiger qucibialis,d10ac2ba,19270000,51,DNA,10000,1927,True,0.8980452113520474,0.9332593863712025,0.9156522988616249,0.9332593863712025,False,22,2496,5945,d__Bacteria;p__Bacillota;c__Clostridia;o__Oscillospirales;f__Oscillospiraceae;g__Faecousia;s__Faecousia sp022786995
1660000,0.08614426569797613,0.022535211267605635,0.0041515308770108976,0.00656013456686291,4.875,1.0,9.518895681747962,/group/ctbrowngrp5/sourmash-db.new/gtdb-rs226/gtdb-rs226-k51.dna.rocksdb,GCA_041332835.1 Gemmiger qucibialis,b99db3ec0a91331f7c9e5decacac296e,0.4676056338028169,80000,23,13410000,outputs.mapping/bams.cds.rand/ERR1135282.x.s__Gemmiger qucibialis.fastq.gz,ERR1135282.x.s__Gemmiger qucibialis,d10ac2ba,19270000,51,DNA,10000,1927,True,0.9530640449042472,0.9852060126051747,0.9691350287547109,0.9852060126051747,False,39,2535,5945,d__Bacteria;p__Bacillota;c__Clostridia;o__Oscillospirales;f__Ruminococcaceae;g__Gemmiger;s__Gemmiger qucibialis
170000,0.008822003113648157,0.027237354085603113,0.0036325895173845357,0.0011774600504625735,1.0,1.0,0.0,/group/ctbrowngrp5/sourmash-db.new/gtdb-rs226/gtdb-rs226-k51.dna.rocksdb,GCF_040096475.1 Faecalibacterium faecis,bd6500dfb3d70d5a7ab69527093a15c9,0.06614785992217899,70000,24,13340000,outputs.mapping/bams.cds.rand/ERR1135282.x.s__Gemmiger qucibialis.fastq.gz,ERR1135282.x.s__Gemmiger qucibialis,d10ac2ba,19270000,51,DNA,10000,1927,True,0.9114167463856472,0.9481408511466579,0.9297787987661525,0.9481408511466579,False,7,2542,5945,d__Bacteria;p__Bacillota;c__Clostridia;o__Oscillospirales;f__Ruminococcaceae;g__Faecalibacterium;s__Faecalibacterium taiwanense
80000,0.0041515308770108976,0.029166666666666667,0.0036325895173845357,0.010260723296888142,8.714285714285714,7.0,7.024737630368141,/group/ctbrowngrp5/sourmash-db.new/gtdb-rs226/gtdb-rs226-k51.dna.rocksdb,GCA_034099845.1 Faecousia sp.,5f934a406218ceb63e362d93f2fbd61c,0.03333333333333333,70000,25,13270000,outputs.mapping/bams.cds.rand/ERR1135282.x.s__Gemmiger qucibialis.fastq.gz,ERR1135282.x.s__Gemmiger qucibialis,d10ac2ba,19270000,51,DNA,10000,1927,True,0.8980452113520474,0.9354850213892802,0.9167651163706638,0.9354850213892802,False,61,2603,5945,d__Bacteria;p__Bacillota;c__Clostridia;o__Oscillospirales;f__Oscillospiraceae;g__Faecousia;s__Faecousia sp034099845
90000,0.00467047223663726,0.023026315789473683,0.0036325895173845357,0.014465937762825905,12.285714285714286,11.0,11.485572138423876,/group/ctbrowngrp5/sourmash-db.new/gtdb-rs226/gtdb-rs226-k51.dna.rocksdb,GCA_034113565.1 Faecousia sp.,7a10c300c0f34698ff3d129eedc62947,0.029605263157894735,70000,26,13200000,outputs.mapping/bams.cds.rand/ERR1135282.x.s__Gemmiger qucibialis.fastq.gz,ERR1135282.x.s__Gemmiger qucibialis,d10ac2ba,19270000,51,DNA,10000,1927,True,0.9001216177600209,0.9333119826033003,0.9167168001816606,0.9333119826033003,False,86,2689,5945,d__Bacteria;p__Bacillota;c__Clostridia;o__Oscillospirales;f__Oscillospiraceae;g__Faecousia;s__Faecousia sp034113565
1700000,0.08822003113648158,0.029535864978902954,0.0036325895173845357,0.001345668629100084,1.1428571428571428,1.0,0.34992710611188266,/group/ctbrowngrp5/sourmash-db.new/gtdb-rs226/gtdb-rs226-k51.dna.rocksdb,GCA_004551995.1 Subdoligranulum sp.,4704c41733140d07785a90f985466f20,0.7172995780590717,70000,27,13130000,outputs.mapping/bams.cds.rand/ERR1135282.x.s__Gemmiger qucibialis.fastq.gz,ERR1135282.x.s__Gemmiger qucibialis,d10ac2ba,19270000,51,DNA,10000,1927,True,0.9535091110101271,0.9935062408051492,0.9735076759076382,0.9935062408051492,False,8,2697,5945,d__Bacteria;p__Bacillota;c__Clostridia;o__Oscillospirales;f__Ruminococcaceae;g__Gemmiger;s__Gemmiger qucibialis
110000,0.005708354955889984,0.013636363636363636,0.0031136481577581734,0.004709840201850294,4.666666666666667,4.0,2.9249881291307074,/group/ctbrowngrp5/sourmash-db.new/gtdb-rs226/gtdb-rs226-k51.dna.rocksdb,GCF_000169255.2 Pseudoflavonifractor capillosus ATCC 29799,d4725743bf7377b9b1586882d9ae2d62,0.025,60000,28,13070000,outputs.mapping/bams.cds.rand/ERR1135282.x.s__Gemmiger qucibialis.fastq.gz,ERR1135282.x.s__Gemmiger qucibialis,d10ac2ba,19270000,51,DNA,10000,1927,True,0.903670320856021,0.9302229692504613,0.9169466450532411,0.9302229692504613,False,28,2725,5945,d__Bacteria;p__Bacillota;c__Clostridia;o__Oscillospirales;f__Oscillospiraceae;g__Pseudoflavonifractor;s__Pseudoflavonifractor capillosus
170000,0.008822003113648157,0.02553191489361702,0.0031136481577581734,0.001009251471825063,1.0,1.0,0.0,/group/ctbrowngrp5/sourmash-db.new/gtdb-rs226/gtdb-rs226-k51.dna.rocksdb,GCA_004553285.1 Subdoligranulum variabile,88bd40466634bc6c8878e784fb41820e,0.07234042553191489,60000,29,13010000,outputs.mapping/bams.cds.rand/ERR1135282.x.s__Gemmiger qucibialis.fastq.gz,ERR1135282.x.s__Gemmiger qucibialis,d10ac2ba,19270000,51,DNA,10000,1927,True,0.9114167463856472,0.9498060306184585,0.9306113885020528,0.9498060306184585,False,6,2731,5945,d__Bacteria;p__Bacillota;c__Clostridia;o__Oscillospirales;f__Ruminococcaceae;g__Gemmiger;s__Gemmiger variabilis_A
120000,0.006227296315516347,0.02553191489361702,0.0031136481577581734,0.002018502943650126,2.0,1.5,1.4142135623730951,/group/ctbrowngrp5/sourmash-db.new/gtdb-rs226/gtdb-rs226-k51.dna.rocksdb,GCA_937957855.1 uncultured Faecalibacterium sp.,7843be860f84787bcef49485bbb45624,0.05106382978723404,60000,30,12950000,outputs.mapping/bams.cds.rand/ERR1135282.x.s__Gemmiger qucibialis.fastq.gz,ERR1135282.x.s__Gemmiger qucibialis,d10ac2ba,19270000,51,DNA,10000,1927,True,0.9052133936465567,0.9433413898654691,0.924277391756013,0.9433413898654691,False,12,2743,5945,d__Bacteria;p__Bacillota;c__Clostridia;o__Oscillospirales;f__Ruminococcaceae;g__Faecalibacterium;s__Faecalibacterium wellingii
1710000,0.08873897249610795,0.024,0.0031136481577581734,0.001345668629100084,1.3333333333333333,1.0,0.74535599249993,/group/ctbrowngrp5/sourmash-db.new/gtdb-rs226/gtdb-rs226-k51.dna.rocksdb,GCA_034104805.1 Gemmiger qucibialis,858d4e9d9469f78abb13b805c7f9789b,0.684,60000,31,12890000,outputs.mapping/bams.cds.rand/ERR1135282.x.s__Gemmiger qucibialis.fastq.gz,ERR1135282.x.s__Gemmiger qucibialis,d10ac2ba,19270000,51,DNA,10000,1927,True,0.9536187730967836,0.9925806531671617,0.9730997131319726,0.9925806531671617,False,8,2751,5945,d__Bacteria;p__Bacillota;c__Clostridia;o__Oscillospirales;f__Ruminococcaceae;g__Gemmiger;s__Gemmiger qucibialis
70000,0.0036325895173845357,0.029411764705882353,0.0031136481577581734,0.0015138772077375945,1.5,1.0,1.118033988749895,/group/ctbrowngrp5/sourmash-db.new/gtdb-rs226/gtdb-rs226-k51.dna.rocksdb,GCA_946410415.1 uncultured Clostridia bacterium,b4e2bebc4084a63436308f78b253fee3,0.03431372549019608,60000,32,12830000,outputs.mapping/bams.cds.rand/ERR1135282.x.s__Gemmiger qucibialis.fastq.gz,ERR1135282.x.s__Gemmiger qucibialis,d10ac2ba,19270000,51,DNA,10000,1927,True,0.8956969686611227,0.9360168863804502,0.9158569275207864,0.9360168863804502,False,9,2760,5945,d__Bacteria;p__Bacillota;c__Clostridia;o__Oscillospirales;f__Ruminococcaceae;g__SFJ001;s__SFJ001 sp004555865
110000,0.005708354955889984,0.021052631578947368,0.0031136481577581734,0.002523128679562658,2.5,1.0,2.29128784747792,/group/ctbrowngrp5/sourmash-db.new/gtdb-rs226/gtdb-rs226-k51.dna.rocksdb,GCA_945830575.1 uncultured Subdoligranulum sp.,322ba4af3fcd00dd066432d3d5e3eab3,0.03859649122807018,60000,33,12770000,outputs.mapping/bams.cds.rand/ERR1135282.x.s__Gemmiger qucibialis.fastq.gz,ERR1135282.x.s__Gemmiger qucibialis,d10ac2ba,19270000,51,DNA,10000,1927,True,0.903670320856021,0.9381780147364635,0.9209241677962422,0.9381780147364635,False,15,2775,5945,d__Bacteria;p__Bacillota;c__Clostridia;o__Oscillospirales;f__Ruminococcaceae;g__Gemmiger;s__Gemmiger sp945830575
240000,0.012454592631032694,0.023255813953488372,0.0031136481577581734,0.001345668629100084,1.3333333333333333,1.0,0.4714045207910317,/group/ctbrowngrp5/sourmash-db.new/gtdb-rs226/gtdb-rs226-k51.dna.rocksdb,GCF_034167675.1 Gemmiger sp.,f54175ed0d5e187df464de847f0c9f17,0.09302325581395349,60000,34,12710000,outputs.mapping/bams.cds.rand/ERR1135282.x.s__Gemmiger qucibialis.fastq.gz,ERR1135282.x.s__Gemmiger qucibialis,d10ac2ba,19270000,51,DNA,10000,1927,True,0.9176002434959761,0.9545008173529127,0.9360505304244444,0.9545008173529127,False,8,2783,5945,d__Bacteria;p__Bacillota;c__Clostridia;o__Oscillospirales;f__Ruminococcaceae;g__Gemmiger;s__Gemmiger variabilis_B
50000,0.002594706798131811,0.02631578947368421,0.002594706798131811,0.0008410428931875525,1.0,1.0,0.0,/group/ctbrowngrp5/sourmash-db.new/gtdb-rs226/gtdb-rs226-k51.dna.rocksdb,GCA_945865195.1 uncultured Subdoligranulum sp.,40d196e914db96b042b5f342c1e89358,0.02631578947368421,50000,35,12660000,outputs.mapping/bams.cds.rand/ERR1135282.x.s__Gemmiger qucibialis.fastq.gz,ERR1135282.x.s__Gemmiger qucibialis,d10ac2ba,19270000,51,DNA,10000,1927,True,0.88980706321053,0.9311590124456248,0.9104830378280775,0.9311590124456248,True,5,2788,5945,d__Bacteria;p__Bacillota;c__Clostridia;o__Oscillospirales;f__Ruminococcaceae;g__SFIE01;s__SFIE01 sp004555405
60000,0.0031136481577581734,0.017241379310344827,0.002594706798131811,0.0011774600504625735,1.4,1.0,0.4898979485566356,/group/ctbrowngrp5/sourmash-db.new/gtdb-rs226/gtdb-rs226-k51.dna.rocksdb,GCA_945877945.1 uncultured Clostridia bacterium,4ee1ded38b6064222e99ba5b00a3150b,0.020689655172413793,50000,36,12610000,outputs.mapping/bams.cds.rand/ERR1135282.x.s__Gemmiger qucibialis.fastq.gz,ERR1135282.x.s__Gemmiger qucibialis,d10ac2ba,19270000,51,DNA,10000,1927,True,0.8929937560993132,0.9267776544647602,0.9098857052820367,0.9267776544647602,True,7,2795,5945,d__Bacteria;p__Bacillota;c__Clostridia;o__Oscillospirales;f__Oscillospiraceae;g__Faecousia;s__Faecousia sp016302405
370000,0.019200830306175403,0.013966480446927373,0.002594706798131811,0.001009251471825063,1.2,1.0,0.4000000000000001,/group/ctbrowngrp5/sourmash-db.new/gtdb-rs226/gtdb-rs226-k51.dna.rocksdb,GCF_036313305.1 Gemmiger formicilis,ac868af366228061b008e533d1644c29,0.10335195530726257,50000,37,12560000,outputs.mapping/bams.cds.rand/ERR1135282.x.s__Gemmiger qucibialis.fastq.gz,ERR1135282.x.s__Gemmiger qucibialis,d10ac2ba,19270000,51,DNA,10000,1927,True,0.9254215488649051,0.9564734419540892,0.9409474954094972,0.9564734419540892,False,6,2801,5945,d__Bacteria;p__Bacillota;c__Clostridia;o__Oscillospirales;f__Ruminococcaceae;g__Gemmiger;s__Gemmiger formicilis
110000,0.005708354955889984,0.021929824561403508,0.002594706798131811,0.006055508830950378,7.2,3.0,8.565045242145542,/group/ctbrowngrp5/sourmash-db.new/gtdb-rs226/gtdb-rs226-k51.dna.rocksdb,GCA_945867955.1 uncultured Clostridia bacterium,63ab50c3aef8bec83975bc071f715940,0.04824561403508772,50000,38,12510000,outputs.mapping/bams.cds.rand/ERR1135282.x.s__Gemmiger qucibialis.fastq.gz,ERR1135282.x.s__Gemmiger qucibialis,d10ac2ba,19270000,51,DNA,10000,1927,True,0.903670320856021,0.9422918780757202,0.9229810994658706,0.9422918780757202,False,36,2837,5945,d__Bacteria;p__Bacillota;c__Clostridia;o__Oscillospirales;f__Oscillospiraceae;g__Vescimonas;s__Vescimonas sp003487665
50000,0.002594706798131811,0.029239766081871343,0.002594706798131811,0.002523128679562658,3.0,3.0,1.6733200530681511,/group/ctbrowngrp5/sourmash-db.new/gtdb-rs226/gtdb-rs226-k51.dna.rocksdb,GCA_945915575.1 uncultured Clostridia bacterium,da54064e765eb2981bbbbc5f10f1870c,0.029239766081871343,50000,39,12460000,outputs.mapping/bams.cds.rand/ERR1135282.x.s__Gemmiger qucibialis.fastq.gz,ERR1135282.x.s__Gemmiger qucibialis,d10ac2ba,19270000,51,DNA,10000,1927,True,0.88980706321053,0.9330846752533706,0.9114458692319503,0.9330846752533706,True,15,2852,5945,d__Bacteria;p__Bacillota;c__Clostridia;o__Oscillospirales;f__Oscillospiraceae;g__Oscillibacter;s__Oscillibacter sp945862785
50000,0.002594706798131811,0.03333333333333333,0.002594706798131811,0.0015138772077375945,1.8,2.0,0.7483314773547883,/group/ctbrowngrp5/sourmash-db.new/gtdb-rs226/gtdb-rs226-k51.dna.rocksdb,GCA_017938585.1 Oscillospiraceae bacterium,18517a25d3466bd16b750f248d1456e5,0.03333333333333333,50000,40,12410000,outputs.mapping/bams.cds.rand/ERR1135282.x.s__Gemmiger qucibialis.fastq.gz,ERR1135282.x.s__Gemmiger qucibialis,d10ac2ba,19270000,51,DNA,10000,1927,True,0.88980706321053,0.9354850213892802,0.9126460422999052,0.9354850213892802,True,9,2861,5945,d__Bacteria;p__Bacillota;c__Clostridia;o__Oscillospirales;f__Oscillospiraceae;g__Limivicinus;s__Limivicinus sp004560305
70000,0.0036325895173845357,0.022727272727272728,0.002594706798131811,0.001345668629100084,1.6,1.0,0.8,/group/ctbrowngrp5/sourmash-db.new/gtdb-rs226/gtdb-rs226-k51.dna.rocksdb,GCA_004557655.1 Clostridiales bacterium,b15598abb27a3ddb3b41bf9e0b3a99e8,0.031818181818181815,50000,41,12360000,outputs.mapping/bams.cds.rand/ERR1135282.x.s__Gemmiger qucibialis.fastq.gz,ERR1135282.x.s__Gemmiger qucibialis,d10ac2ba,19270000,51,DNA,10000,1927,True,0.8956969686611227,0.9346321010780627,0.9151645348695927,0.9346321010780627,False,8,2869,5945,d__Bacteria;p__Bacillota;c__Clostridia;o__Oscillospirales;f__Oscillospiraceae;g__Vescimonas;s__Vescimonas sp004557655
130000,0.006746237675142709,0.0125,0.002594706798131811,0.02994112699747687,35.6,2.0,68.20146625989797,/group/ctbrowngrp5/sourmash-db.new/gtdb-rs226/gtdb-rs226-k51.dna.rocksdb,GCF_003474885.1 Roseburia intestinalis,8d66266641138b6bc166b2e8e71e6af4,0.0325,50000,42,12310000,outputs.mapping/bams.cds.rand/ERR1135282.x.s__Gemmiger qucibialis.fastq.gz,ERR1135282.x.s__Gemmiger qucibialis,d10ac2ba,19270000,51,DNA,10000,1927,True,0.9066352097086938,0.9350207360497921,0.920827972879243,0.9350207360497921,False,178,3047,5945,d__Bacteria;p__Bacillota;c__Clostridia;o__Lachnospirales;f__Lachnospiraceae;g__Roseburia;s__Roseburia intestinalis
90000,0.00467047223663726,0.01597444089456869,0.002594706798131811,0.024053826745164004,28.6,4.0,48.836871316659916,/group/ctbrowngrp5/sourmash-db.new/gtdb-rs226/gtdb-rs226-k51.dna.rocksdb,GCA_004555915.1 Clostridiales bacterium,aa30eae138d93d9d3d0e4b8105d85617,0.02875399361022364,50000,43,12260000,outputs.mapping/bams.cds.rand/ERR1135282.x.s__Gemmiger qucibialis.fastq.gz,ERR1135282.x.s__Gemmiger qucibialis,d10ac2ba,19270000,51,DNA,10000,1927,True,0.9001216177600209,0.9327782169870622,0.9164499173735415,0.9327782169870622,False,143,3190,5945,d__Bacteria;p__Bacillota;c__Clostridia;o__Oscillospirales;f__Butyricicoccaceae;g__Butyricicoccus_A;s__Butyricicoccus_A sp004555915
1740000,0.09029579657498703,0.020833333333333332,0.002594706798131811,0.0015138772077375945,1.8,2.0,0.7483314773547883,/group/ctbrowngrp5/sourmash-db.new/gtdb-rs226/gtdb-rs226-k51.dna.rocksdb,GCA_022771505.1 Subdoligranulum sp.,6b262fff30ea1cf704e63fd93115d45e,0.725,50000,44,12210000,outputs.mapping/bams.cds.rand/ERR1135282.x.s__Gemmiger qucibialis.fastq.gz,ERR1135282.x.s__Gemmiger qucibialis,d10ac2ba,19270000,51,DNA,10000,1927,True,0.9539440264408501,0.99371427707481,0.97382915175783,0.99371427707481,False,9,3199,5945,d__Bacteria;p__Bacillota;c__Clostridia;o__Oscillospirales;f__Ruminococcaceae;g__Gemmiger;s__Gemmiger qucibialis
240000,0.012454592631032694,0.01968503937007874,0.002594706798131811,0.002354920100925147,2.8,3.0,1.16619037896906,/group/ctbrowngrp5/sourmash-db.new/gtdb-rs226/gtdb-rs226-k51.dna.rocksdb,GCA_945990685.1 uncultured Subdoligranulum sp.,dfdb9cd2536572a72eeae339962a3ac5,0.09448818897637795,50000,45,12160000,outputs.mapping/bams.cds.rand/ERR1135282.x.s__Gemmiger qucibialis.fastq.gz,ERR1135282.x.s__Gemmiger qucibialis,d10ac2ba,19270000,51,DNA,10000,1927,True,0.9176002434959761,0.9547933009542428,0.9361967722251094,0.9547933009542428,False,14,3213,5945,d__Bacteria;p__Bacillota;c__Clostridia;o__Oscillospirales;f__Ruminococcaceae;g__Gemmiger;s__Gemmiger formicilis
110000,0.005708354955889984,0.012618296529968454,0.0020757654385054488,0.0011774600504625735,1.75,1.0,1.299038105676658,/group/ctbrowngrp5/sourmash-db.new/gtdb-rs226/gtdb-rs226-k51.dna.rocksdb,GCA_022715465.1 Faecalibacterium prausnitzii,2d60d18aeb682dbb5c7c60e34b365e1b,0.03470031545741325,40000,46,12120000,outputs.mapping/bams.cds.rand/ERR1135282.x.s__Gemmiger qucibialis.fastq.gz,ERR1135282.x.s__Gemmiger qucibialis,d10ac2ba,19270000,51,DNA,10000,1927,True,0.903670320856021,0.9362225269840871,0.9199464239200541,0.9362225269840871,False,7,3220,5945,d__Bacteria;p__Bacillota;c__Clostridia;o__Oscillospirales;f__Ruminococcaceae;g__Faecalibacterium;s__Faecalibacterium longum
50000,0.002594706798131811,0.010101010101010102,0.0020757654385054488,0.0031959629941127,4.75,3.5,4.14578098794425,/group/ctbrowngrp5/sourmash-db.new/gtdb-rs226/gtdb-rs226-k51.dna.rocksdb,GCA_022738995.1 Prevotella sp.,5b83575aaf0d4236ef5ba6c7e086edd2,0.012626262626262626,40000,47,12080000,outputs.mapping/bams.cds.rand/ERR1135282.x.s__Gemmiger qucibialis.fastq.gz,ERR1135282.x.s__Gemmiger qucibialis,d10ac2ba,19270000,51,DNA,10000,1927,True,0.88980706321053,0.9178465809585891,0.9038268220845596,0.9178465809585891,True,19,3239,5945,d__Bacteria;p__Bacteroidota;c__Bacteroidia;o__Bacteroidales;f__Bacteroidaceae;g__Prevotella;s__Prevotella sp002265625
140000,0.007265179034769071,0.01020408163265306,0.0020757654385054488,0.020185029436501262,30.0,2.5,48.51288488638869,/group/ctbrowngrp5/sourmash-db.new/gtdb-rs226/gtdb-rs226-k51.dna.rocksdb,GCA_025993615.1 Clostridiales bacterium,d655f6c89889684f8448942f3eb4e49d,0.03571428571428571,40000,48,12040000,outputs.mapping/bams.cds.rand/ERR1135282.x.s__Gemmiger qucibialis.fastq.gz,ERR1135282.x.s__Gemmiger qucibialis,d10ac2ba,19270000,51,DNA,10000,1927,True,0.9079535966996131,0.9367514032259207,0.9223524999627668,0.9367514032259207,False,120,3359,5945,d__Bacteria;p__Bacillota;c__Clostridia;o__Oscillospirales;f__Oscillospiraceae;g__CAG-170;s__CAG-170 sp000432135
170000,0.008822003113648157,0.010582010582010581,0.0020757654385054488,0.008410428931875526,12.5,6.0,13.124404748406688,/group/ctbrowngrp5/sourmash-db.new/gtdb-rs226/gtdb-rs226-k51.dna.rocksdb,GCF_040096555.1 Coprococcus intestinihominis,b0eaca5ba589f9715c39079e7665ea4d,0.04497354497354497,40000,49,12000000,outputs.mapping/bams.cds.rand/ERR1135282.x.s__Gemmiger qucibialis.fastq.gz,ERR1135282.x.s__Gemmiger qucibialis,d10ac2ba,19270000,51,DNA,10000,1927,True,0.9114167463856472,0.9409951706098173,0.9262059584977322,0.9409951706098173,False,50,3409,5945,d__Bacteria;p__Bacillota;c__Clostridia;o__Lachnospirales;f__Lachnospiraceae;g__Coprococcus_A;s__Coprococcus_A intestinihominis
380000,0.019719771665801765,0.010362694300518135,0.0020757654385054488,0.0018502943650126156,2.75,2.5,1.479019945774904,/group/ctbrowngrp5/sourmash-db.new/gtdb-rs226/gtdb-rs226-k51.dna.rocksdb,GCF_041323915.1 Gemmiger formicilis,1637ee1fc59f1e558225bd547191b6c7,0.09844559585492228,40000,50,11960000,outputs.mapping/bams.cds.rand/ERR1135282.x.s__Gemmiger qucibialis.fastq.gz,ERR1135282.x.s__Gemmiger qucibialis,d10ac2ba,19270000,51,DNA,10000,1927,True,0.9259055846325623,0.9555617361121778,0.94073366037237,0.9555617361121778,False,11,3420,5945,d__Bacteria;p__Bacillota;c__Clostridia;o__Oscillospirales;f__Ruminococcaceae;g__Gemmiger;s__Gemmiger formicilis
1460000,0.07576543850544888,0.011142061281337047,0.0020757654385054488,0.001345668629100084,2.0,1.5,1.224744871391589,/group/ctbrowngrp5/sourmash-db.new/gtdb-rs226/gtdb-rs226-k51.dna.rocksdb,GCA_008667415.1 Subdoligranulum sp.,b17c438bf438bde6252d93fa2628a11c,0.40668523676880225,40000,51,11920000,outputs.mapping/bams.cds.rand/ERR1135282.x.s__Gemmiger qucibialis.fastq.gz,ERR1135282.x.s__Gemmiger qucibialis,d10ac2ba,19270000,51,DNA,10000,1927,True,0.9506679350658631,0.9825132143361756,0.9665905747010193,0.9825132143361756,False,8,3428,5945,d__Bacteria;p__Bacillota;c__Clostridia;o__Oscillospirales;f__Ruminococcaceae;g__Gemmiger;s__Gemmiger qucibialis
130000,0.006746237675142709,0.013793103448275862,0.0020757654385054488,0.001009251471825063,1.5,1.0,0.8660254037844386,/group/ctbrowngrp5/sourmash-db.new/gtdb-rs226/gtdb-rs226-k51.dna.rocksdb,GCA_004553895.1 Clostridiales bacterium,0055d01760f258498583dfd7c511040e,0.04482758620689655,40000,52,11880000,outputs.mapping/bams.cds.rand/ERR1135282.x.s__Gemmiger qucibialis.fastq.gz,ERR1135282.x.s__Gemmiger qucibialis,d10ac2ba,19270000,51,DNA,10000,1927,True,0.9066352097086938,0.9409351939696452,0.9237852018391695,0.9409351939696452,False,6,3434,5945,d__Bacteria;p__Bacillota;c__Clostridia;o__Oscillospirales;f__Butyricicoccaceae;g__Butyricicoccus_A;s__Butyricicoccus_A intestinisimiae
70000,0.0036325895173845357,0.011627906976744186,0.0020757654385054488,0.0015138772077375945,2.25,1.5,1.6393596310755,/group/ctbrowngrp5/sourmash-db.new/gtdb-rs226/gtdb-rs226-k51.dna.rocksdb,GCA_900549835.1 uncultured Eubacteriales bacterium,4a3a756d17612c9d8338e346ee600f3a,0.020348837209302327,40000,53,11840000,outputs.mapping/bams.cds.rand/ERR1135282.x.s__Gemmiger qucibialis.fastq.gz,ERR1135282.x.s__Gemmiger qucibialis,d10ac2ba,19270000,51,DNA,10000,1927,True,0.8956969686611227,0.9264758638589643,0.9110864162600435,0.9264758638589643,False,9,3443,5945,d__Bacteria;p__Bacillota;c__Clostridia;o__Oscillospirales;f__Oscillospiraceae;g__Oscillibacter;s__Oscillibacter segnis
40000,0.0020757654385054488,0.021739130434782608,0.0020757654385054488,0.001682085786375105,2.5,2.5,0.5,/group/ctbrowngrp5/sourmash-db.new/gtdb-rs226/gtdb-rs226-k51.dna.rocksdb,GCA_021621325.1 Clostridium sp.,a683d22707bd094722e57465a455606b,0.021739130434782608,40000,54,11800000,outputs.mapping/bams.cds.rand/ERR1135282.x.s__Gemmiger qucibialis.fastq.gz,ERR1135282.x.s__Gemmiger qucibialis,d10ac2ba,19270000,51,DNA,10000,1927,True,0.8859223383800148,0.9276772478722348,0.9067997931261248,0.9276772478722348,True,10,3453,5945,d__Bacteria;p__Bacillota;c__Clostridia;o__Christensenellales;f__CAG-138;g__PeH17;s__PeH17 sp000435055
60000,0.0031136481577581734,0.019230769230769232,0.0020757654385054488,0.004037005887300252,6.0,6.0,1.5811388300841898,/group/ctbrowngrp5/sourmash-db.new/gtdb-rs226/gtdb-rs226-k51.dna.rocksdb,GCF_958447615.1 Phascolarctobacterium succinatutens,0631b8dc3b3b2fb9acae5c751943ea07,0.028846153846153848,40000,55,11760000,outputs.mapping/bams.cds.rand/ERR1135282.x.s__Gemmiger qucibialis.fastq.gz,ERR1135282.x.s__Gemmiger qucibialis,d10ac2ba,19270000,51,DNA,10000,1927,True,0.8929937560993132,0.9328367461338701,0.9129152511165917,0.9328367461338701,True,24,3477,5945,d__Bacteria;p__Bacillota;c__Negativicutes;o__Acidaminococcales;f__Acidaminococcaceae;g__Phascolarctobacterium_A;s__Phascolarctobacterium_A succinatutens
50000,0.002594706798131811,0.014184397163120567,0.0020757654385054488,0.000672834314550042,1.0,1.0,0.0,/group/ctbrowngrp5/sourmash-db.new/gtdb-rs226/gtdb-rs226-k51.dna.rocksdb,GCA_963630515.1 Paratractidigestivibacter sp.,d4b9506453b49329dc3fb45d1fc59756,0.01773049645390071,40000,56,11720000,outputs.mapping/bams.cds.rand/ERR1135282.x.s__Gemmiger qucibialis.fastq.gz,ERR1135282.x.s__Gemmiger qucibialis,d10ac2ba,19270000,51,DNA,10000,1927,True,0.88980706321053,0.9239770708777102,0.9068920670441201,0.9239770708777102,True,4,3481,5945,d__Bacteria;p__Bacillota;c__Clostridia;o__Lachnospirales;f__Lachnospiraceae;g__Agathobacter;s__Agathobacter rectalis
160000,0.008303061754021795,0.010443864229765013,0.0020757654385054488,0.003700588730025231,5.5,2.0,6.689544080129826,/group/ctbrowngrp5/sourmash-db.new/gtdb-rs226/gtdb-rs226-k51.dna.rocksdb,GCA_024125025.1 Oscillibacter valericigenes,e26432925e20f68a491d4b443575bfd8,0.04177545691906005,40000,57,11680000,outputs.mapping/bams.cds.rand/ERR1135282.x.s__Gemmiger qucibialis.fastq.gz,ERR1135282.x.s__Gemmiger qucibialis,d10ac2ba,19270000,51,DNA,10000,1927,True,0.9103339725094539,0.939635117176823,0.9249845448431384,0.939635117176823,False,22,3503,5945,d__Bacteria;p__Bacillota;c__Clostridia;o__Oscillospirales;f__Oscillospiraceae;g__Oscillibacter;s__Oscillibacter segnis
60000,0.0031136481577581734,0.006896551724137931,0.0015568240788790867,0.003532380151387721,7.0,1.0,8.48528137423857,/group/ctbrowngrp5/sourmash-db.new/gtdb-rs226/gtdb-rs226-k51.dna.rocksdb,GCF_040908925.1 Ruminococcus sp. RTP21358st1_C8_RTP21358_211008,0f4119c6215dfc4c14a412393f71a346,0.013793103448275862,30000,58,11650000,outputs.mapping/bams.cds.rand/ERR1135282.x.s__Gemmiger qucibialis.fastq.gz,ERR1135282.x.s__Gemmiger qucibialis,d10ac2ba,19270000,51,DNA,10000,1927,True,0.8929937560993132,0.9194387096145087,0.906216232856911,0.9194387096145087,True,21,3524,5945,d__Bacteria;p__Bacillota;c__Clostridia;o__Lachnospirales;f__Lachnospiraceae;g__Blautia_A;s__Blautia_A faecis
1330000,0.06901920083030617,0.013574660633484163,0.0015568240788790867,0.0005046257359125315,1.0,1.0,0.0,/group/ctbrowngrp5/sourmash-db.new/gtdb-rs226/gtdb-rs226-k51.dna.rocksdb,GCA_963588015.1 Alloprevotella sp.,f381780231dd0b36dc0105214e68d9a6,0.6018099547511312,30000,59,11620000,outputs.mapping/bams.cds.rand/ERR1135282.x.s__Gemmiger qucibialis.fastq.gz,ERR1135282.x.s__Gemmiger qucibialis,d10ac2ba,19270000,51,DNA,10000,1927,True,0.9489311527110237,0.9900922791961563,0.96951171595359,0.9900922791961563,False,3,3527,5945,d__Bacteria;p__Bacillota;c__Clostridia;o__Oscillospirales;f__Ruminococcaceae;g__Gemmiger;s__Gemmiger qucibialis
40000,0.0020757654385054488,0.012987012987012988,0.0015568240788790867,0.0005046257359125315,1.0,1.0,0.0,/group/ctbrowngrp5/sourmash-db.new/gtdb-rs226/gtdb-rs226-k51.dna.rocksdb,GCA_034117885.1 Oscillospiraceae bacterium,b5576349c62150291d29f281ea6e356a,0.017316017316017316,30000,60,11590000,outputs.mapping/bams.cds.rand/ERR1135282.x.s__Gemmiger qucibialis.fastq.gz,ERR1135282.x.s__Gemmiger qucibialis,d10ac2ba,19270000,51,DNA,10000,1927,True,0.8859223383800148,0.9235486225967418,0.9047354804883783,0.9235486225967418,True,3,3530,5945,d__Bacteria;p__Bacillota;c__Clostridia;o__Oscillospirales;f__Oscillospiraceae;g__CAG-170;s__CAG-170 sp002404795
130000,0.006746237675142709,0.010309278350515464,0.0015568240788790867,0.000672834314550042,1.3333333333333333,1.0,0.4714045207910317,/group/ctbrowngrp5/sourmash-db.new/gtdb-rs226/gtdb-rs226-k51.dna.rocksdb,GCA_041331995.1 Faecalibacterium prausnitzii,d8ceee827e99576e905c777cc62b54b9,0.044673539518900345,30000,61,11560000,outputs.mapping/bams.cds.rand/ERR1135282.x.s__Gemmiger qucibialis.fastq.gz,ERR1135282.x.s__Gemmiger qucibialis,d10ac2ba,19270000,51,DNA,10000,1927,True,0.9066352097086938,0.9408716858620093,0.9237534477853515,0.9408716858620093,False,4,3534,5945,d__Bacteria;p__Bacillota;c__Clostridia;o__Oscillospirales;f__Ruminococcaceae;g__Faecalibacterium;s__Faecalibacterium longum
50000,0.002594706798131811,0.015625,0.0015568240788790867,0.001009251471825063,2.0,2.0,0.816496580927726,/group/ctbrowngrp5/sourmash-db.new/gtdb-rs226/gtdb-rs226-k51.dna.rocksdb,GCA_902465635.1 uncultured Oscillospiraceae bacterium,13aa665a3e8099e716ff2e88aaed35f0,0.026041666666666668,30000,62,11530000,outputs.mapping/bams.cds.rand/ERR1135282.x.s__Gemmiger qucibialis.fastq.gz,ERR1135282.x.s__Gemmiger qucibialis,d10ac2ba,19270000,51,DNA,10000,1927,True,0.88980706321053,0.9309678468704646,0.9103874550404973,0.9309678468704646,True,6,3540,5945,d__Bacteria;p__Bacillota;c__Clostridia;o__Oscillospirales;f__Oscillospiraceae;g__Hominicoprocola;s__Hominicoprocola sp900768135
40000,0.0020757654385054488,0.013043478260869565,0.0015568240788790867,0.001682085786375105,3.3333333333333335,2.0,1.8856180831641267,/group/ctbrowngrp5/sourmash-db.new/gtdb-rs226/gtdb-rs226-k51.dna.rocksdb,GCA_946614955.1 uncultured Clostridia bacterium,8cd5f84e3e6ec8ead76569542d6185bb,0.017391304347826087,30000,63,11500000,outputs.mapping/bams.cds.rand/ERR1135282.x.s__Gemmiger qucibialis.fastq.gz,ERR1135282.x.s__Gemmiger qucibialis,d10ac2ba,19270000,51,DNA,10000,1927,True,0.8859223383800148,0.9236271891701714,0.9047747637750931,0.9236271891701714,True,10,3550,5945,d__Bacteria;p__Bacillota;c__Clostridia;o__Oscillospirales;f__Ruminococcaceae;g__UBA3818;s__UBA3818 sp002369315
50000,0.002594706798131811,0.011538461538461539,0.0015568240788790867,0.0005046257359125315,1.0,1.0,0.0,/group/ctbrowngrp5/sourmash-db.new/gtdb-rs226/gtdb-rs226-k51.dna.rocksdb,GCA_004556945.1 Clostridiales bacterium,28452a50d39427fd210f60f99e1f2e64,0.019230769230769232,30000,64,11470000,outputs.mapping/bams.cds.rand/ERR1135282.x.s__Gemmiger qucibialis.fastq.gz,ERR1135282.x.s__Gemmiger qucibialis,d10ac2ba,19270000,51,DNA,10000,1927,True,0.88980706321053,0.925449820692602,0.907628441951566,0.925449820692602,True,3,3553,5945,d__Bacteria;p__Bacillota;c__Clostridia;o__Oscillospirales;f__Oscillospiraceae;g__Hominicoprocola;s__Hominicoprocola sp003522105
40000,0.0020757654385054488,0.011406844106463879,0.0015568240788790867,0.0008410428931875525,1.6666666666666667,1.0,0.9428090415820634,/group/ctbrowngrp5/sourmash-db.new/gtdb-rs226/gtdb-rs226-k51.dna.rocksdb,GCA_034113125.1 Candidatus Limivicinus sp.,61b25877af3739e651c6e873cfa2a74f,0.015209125475285171,30000,65,11440000,outputs.mapping/bams.cds.rand/ERR1135282.x.s__Gemmiger qucibialis.fastq.gz,ERR1135282.x.s__Gemmiger qucibialis,d10ac2ba,19270000,51,DNA,10000,1927,True,0.8859223383800148,0.921202239634243,0.9035622890071289,0.921202239634243,True,5,3558,5945,d__Bacteria;p__Bacillota;c__Clostridia;o__Oscillospirales;f__Oscillospiraceae;g__Limivicinus;s__Limivicinus sp946061515
1680000,0.08718214841722885,0.01327433628318584,0.0015568240788790867,0.0005046257359125315,1.0,1.0,0.0,/group/ctbrowngrp5/sourmash-db.new/gtdb-rs226/gtdb-rs226-k51.dna.rocksdb,GCA_029224605.1 Subdoligranulum sp.,ca965ca2ca503d23ad3beedfa84358f9,0.7433628318584071,30000,66,11410000,outputs.mapping/bams.cds.rand/ERR1135282.x.s__Gemmiger qucibialis.fastq.gz,ERR1135282.x.s__Gemmiger qucibialis,d10ac2ba,19270000,51,DNA,10000,1927,True,0.9532878766170855,0.9942017570362173,0.9737448168266514,0.9942017570362173,False,3,3561,5945,d__Bacteria;p__Bacillota;c__Clostridia;o__Oscillospirales;f__Ruminococcaceae;g__Gemmiger;s__Gemmiger qucibialis
30000,0.0015568240788790867,0.005067567567567568,0.0015568240788790867,0.0015138772077375945,3.0,2.0,1.4142135623730951,/group/ctbrowngrp5/sourmash-db.new/gtdb-rs226/gtdb-rs226-k51.dna.rocksdb,GCA_003473955.1 Bacteroides fragilis,6a22d73b5686a6881d95d215e52c5da3,0.005067567567567568,30000,67,11380000,outputs.mapping/bams.cds.rand/ERR1135282.x.s__Gemmiger qucibialis.fastq.gz,ERR1135282.x.s__Gemmiger qucibialis,d10ac2ba,19270000,51,DNA,10000,1927,True,0.8809390736254634,0.901562978286292,0.8912510259558777,0.901562978286292,True,9,3570,5945,d__Bacteria;p__Bacteroidota;c__Bacteroidia;o__Bacteroidales;f__Bacteroidaceae;g__Bacteroides;s__Bacteroides fragilis
110000,0.005708354955889984,0.010452961672473868,0.0015568240788790867,0.001682085786375105,3.3333333333333335,1.0,3.2998316455372216,/group/ctbrowngrp5/sourmash-db.new/gtdb-rs226/gtdb-rs226-k51.dna.rocksdb,GCA_022786995.1 Clostridiales bacterium,aab56f0703bf883b1a340e34616a3d4b,0.03832752613240418,30000,68,11350000,outputs.mapping/bams.cds.rand/ERR1135282.x.s__Gemmiger qucibialis.fastq.gz,ERR1135282.x.s__Gemmiger qucibialis,d10ac2ba,19270000,51,DNA,10000,1927,True,0.903670320856021,0.9380493821408268,0.9208598514984239,0.9380493821408268,False,10,3580,5945,d__Bacteria;p__Bacillota;c__Clostridia;o__Oscillospirales;f__Oscillospiraceae;g__Faecousia;s__Faecousia sp022786995
30000,0.0015568240788790867,0.01639344262295082,0.0015568240788790867,0.008578637510513036,17.0,14.0,14.445299120013633,/group/ctbrowngrp5/sourmash-db.new/gtdb-rs226/gtdb-rs226-k51.dna.rocksdb,GCA_004558665.1 Clostridiales bacterium,8f405cb74ab699d671bc77fe19eb2fa0,0.01639344262295082,30000,69,11320000,outputs.mapping/bams.cds.rand/ERR1135282.x.s__Gemmiger qucibialis.fastq.gz,ERR1135282.x.s__Gemmiger qucibialis,d10ac2ba,19270000,51,DNA,10000,1927,True,0.8809390736254634,0.9225576886638306,0.901748381144647,0.9225576886638306,True,51,3631,5945,d__Bacteria;p__Bacillota;c__Clostridia;o__Oscillospirales;f__Oscillospiraceae;g__Vescimonas;s__Vescimonas sp934591815
70000,0.0036325895173845357,0.00949367088607595,0.0015568240788790867,0.001345668629100084,2.6666666666666665,3.0,0.4714045207910317,/group/ctbrowngrp5/sourmash-db.new/gtdb-rs226/gtdb-rs226-k51.dna.rocksdb,GCF_000296385.1 Lachnoanaerobaculum sp. OBRC5-5,990f478918e5c0a7574d2683b0e53d47,0.022151898734177215,30000,70,11290000,outputs.mapping/bams.cds.rand/ERR1135282.x.s__Gemmiger qucibialis.fastq.gz,ERR1135282.x.s__Gemmiger qucibialis,d10ac2ba,19270000,51,DNA,10000,1927,True,0.8956969686611227,0.9280194480170364,0.9118582083390796,0.9280194480170364,False,8,3639,5945,d__Bacteria;p__Bacillota;c__Clostridia;o__Lachnospirales;f__Lachnospiraceae;g__Lachnoanaerobaculum;s__Lachnoanaerobaculum sp000296385
60000,0.0031136481577581734,0.01675977653631285,0.0015568240788790867,0.000672834314550042,1.3333333333333333,1.0,0.4714045207910317,/group/ctbrowngrp5/sourmash-db.new/gtdb-rs226/gtdb-rs226-k51.dna.rocksdb,GCA_945917815.1 uncultured Clostridia bacterium,21978f00bce7592dfabe68c0ee2a17f1,0.0335195530726257,30000,71,11260000,outputs.mapping/bams.cds.rand/ERR1135282.x.s__Gemmiger qucibialis.fastq.gz,ERR1135282.x.s__Gemmiger qucibialis,d10ac2ba,19270000,51,DNA,10000,1927,True,0.8929937560993132,0.93558721577863,0.9142904859389716,0.93558721577863,True,4,3643,5945,d__Bacteria;p__Bacillota;c__Clostridia;o__Christensenellales;f__CAG-138;g__SFDB01;s__SFDB01 sp004558825
60000,0.0031136481577581734,0.01195219123505976,0.0015568240788790867,0.000672834314550042,1.3333333333333333,1.0,0.4714045207910317,/group/ctbrowngrp5/sourmash-db.new/gtdb-rs226/gtdb-rs226-k51.dna.rocksdb,GCA_036839915.1 Oscillospiraceae bacterium,7b7c9534785051fc757e91121b28dc3f,0.02390438247011952,30000,72,11230000,outputs.mapping/bams.cds.rand/ERR1135282.x.s__Gemmiger qucibialis.fastq.gz,ERR1135282.x.s__Gemmiger qucibialis,d10ac2ba,19270000,51,DNA,10000,1927,True,0.8929937560993132,0.9294059355863215,0.9111998458428173,0.9294059355863215,True,4,3647,5945,d__Bacteria;p__Bacillota;c__Clostridia;o__Oscillospirales;f__Oscillospiraceae;g__Vescimonas;s__Vescimonas sp000435555
40000,0.0020757654385054488,0.014634146341463415,0.0015568240788790867,0.0005046257359125315,1.0,1.0,0.0,/group/ctbrowngrp5/sourmash-db.new/gtdb-rs226/gtdb-rs226-k51.dna.rocksdb,GCA_034087125.1 Faecalibacterium prausnitzii,6ca1807ea535f97c783dbf6c117cc708,0.01951219512195122,30000,73,11200000,outputs.mapping/bams.cds.rand/ERR1135282.x.s__Gemmiger qucibialis.fastq.gz,ERR1135282.x.s__Gemmiger qucibialis,d10ac2ba,19270000,51,DNA,10000,1927,True,0.8859223383800148,0.9257134862465207,0.9058179123132677,0.9257134862465207,True,3,3650,5945,d__Bacteria;p__Bacillota;c__Clostridia;o__Oscillospirales;f__Ruminococcaceae;g__Faecalibacterium;s__Faecalibacterium prausnitzii_M
120000,0.006227296315516347,0.007537688442211055,0.0015568240788790867,0.0008410428931875525,1.6666666666666667,1.0,0.9428090415820634,/group/ctbrowngrp5/sourmash-db.new/gtdb-rs226/gtdb-rs226-k51.dna.rocksdb,GCA_900760095.1 uncultured Oxalobacter sp.,c44885a6f7eeeec3b7e9264a1c9a1881,0.03015075376884422,30000,74,11170000,outputs.mapping/bams.cds.rand/ERR1135282.x.s__Gemmiger qucibialis.fastq.gz,ERR1135282.x.s__Gemmiger qucibialis,d10ac2ba,19270000,51,DNA,10000,1927,True,0.9052133936465567,0.933646163872034,0.9194297787592953,0.933646163872034,False,5,3655,5945,d__Bacteria;p__Pseudomonadota;c__Gammaproteobacteria;o__Burkholderiales;f__Burkholderiaceae;g__Oxalobacter;s__Oxalobacter aliiformigenes
340000,0.017644006227296314,0.015306122448979591,0.0015568240788790867,0.001682085786375105,3.3333333333333335,3.0,0.4714045207910317,/group/ctbrowngrp5/sourmash-db.new/gtdb-rs226/gtdb-rs226-k51.dna.rocksdb,GCA_945995495.1 uncultured Clostridia bacterium,8baa13c181a740c38519f3aad4febfb8,0.17346938775510204,30000,75,11140000,outputs.mapping/bams.cds.rand/ERR1135282.x.s__Gemmiger qucibialis.fastq.gz,ERR1135282.x.s__Gemmiger qucibialis,d10ac2ba,19270000,51,DNA,10000,1927,True,0.9238884822956147,0.9662350800498448,0.9450617811727298,0.9662350800498448,False,10,3665,5945,d__Bacteria;p__Bacillota;c__Clostridia;o__Oscillospirales;f__Ruminococcaceae;g__Gemmiger;s__Gemmiger sp900554145
40000,0.0020757654385054488,0.011320754716981131,0.0015568240788790867,0.000672834314550042,1.3333333333333333,1.0,0.4714045207910317,/group/ctbrowngrp5/sourmash-db.new/gtdb-rs226/gtdb-rs226-k51.dna.rocksdb,GCA_945940335.1 uncultured Clostridia bacterium,3cb94158a79e2e0792f27730d1dc4cf9,0.01509433962264151,30000,76,11110000,outputs.mapping/bams.cds.rand/ERR1135282.x.s__Gemmiger qucibialis.fastq.gz,ERR1135282.x.s__Gemmiger qucibialis,d10ac2ba,19270000,51,DNA,10000,1927,True,0.8859223383800148,0.9210654098320206,0.9034938741060177,0.9210654098320206,True,4,3669,5945,d__Bacteria;p__Bacillota;c__Clostridia;o__Oscillospirales;f__Oscillospiraceae;g__Faecousia;s__Faecousia sp945940335
220000,0.011416709911779968,0.011320754716981131,0.0015568240788790867,0.0008410428931875525,1.6666666666666667,2.0,0.4714045207910317,/group/ctbrowngrp5/sourmash-db.new/gtdb-rs226/gtdb-rs226-k51.dna.rocksdb,GCF_034112745.1 Gemmiger sp.,4a03f5630651a455252d20ba795a9753,0.0830188679245283,30000,77,11080000,outputs.mapping/bams.cds.rand/ERR1135282.x.s__Gemmiger qucibialis.fastq.gz,ERR1135282.x.s__Gemmiger qucibialis,d10ac2ba,19270000,51,DNA,10000,1927,True,0.916036055451184,0.9523736881698723,0.9342048718105282,0.9523736881698723,False,5,3674,5945,d__Bacteria;p__Bacillota;c__Clostridia;o__Oscillospirales;f__Ruminococcaceae;g__Gemmiger;s__Gemmiger variabilis_B
50000,0.002594706798131811,0.012,0.0015568240788790867,0.0015138772077375945,3.0,1.0,2.8284271247461903,/group/ctbrowngrp5/sourmash-db.new/gtdb-rs226/gtdb-rs226-k51.dna.rocksdb,GCA_004557415.1 Clostridiales bacterium,9cb221740bfac2d7de4ab20631f9e5b7,0.02,30000,78,11050000,outputs.mapping/bams.cds.rand/ERR1135282.x.s__Gemmiger qucibialis.fastq.gz,ERR1135282.x.s__Gemmiger qucibialis,d10ac2ba,19270000,51,DNA,10000,1927,True,0.88980706321053,0.9261617964232596,0.9079844298168949,0.9261617964232596,True,9,3683,5945,d__Bacteria;p__Bacillota;c__Clostridia;o__Christensenellales;f__CAG-138;g__PeH17;s__PeH17 sp900542285
140000,0.007265179034769071,0.00510204081632653,0.0015568240788790867,0.0005046257359125315,1.0,1.0,0.0,/group/ctbrowngrp5/sourmash-db.new/gtdb-rs226/gtdb-rs226-k51.dna.rocksdb,GCF_000371505.1 [Clostridium] clostridioforme 90A8,6f8afff09b4ee01a33b44dc24507f386,0.023809523809523808,30000,79,11020000,outputs.mapping/bams.cds.rand/ERR1135282.x.s__Gemmiger qucibialis.fastq.gz,ERR1135282.x.s__Gemmiger qucibialis,d10ac2ba,19270000,51,DNA,10000,1927,True,0.9079535966996131,0.9293334784911674,0.9186435375953903,0.9293334784911674,False,3,3686,5945,d__Bacteria;p__Bacillota;c__Clostridia;o__Lachnospirales;f__Lachnospiraceae;g__Enterocloster;s__Enterocloster clostridioformis
50000,0.002594706798131811,0.010714285714285714,0.0015568240788790867,0.0008410428931875525,1.6666666666666667,1.0,0.9428090415820634,/group/ctbrowngrp5/sourmash-db.new/gtdb-rs226/gtdb-rs226-k51.dna.rocksdb,GCA_945948535.1 uncultured Clostridia bacterium,b6f647c0344e7e83d64ac465df48596f,0.017857142857142856,30000,80,10990000,outputs.mapping/bams.cds.rand/ERR1135282.x.s__Gemmiger qucibialis.fastq.gz,ERR1135282.x.s__Gemmiger qucibialis,d10ac2ba,19270000,51,DNA,10000,1927,True,0.88980706321053,0.9241060284450854,0.9069565458278077,0.9241060284450854,True,5,3691,5945,d__Bacteria;p__Bacillota;c__Clostridia;o__Oscillospirales;f__Oscillospiraceae;g__Faecousia;s__Faecousia sp945948535
40000,0.0020757654385054488,0.01875,0.0015568240788790867,0.0031959629941127,6.333333333333333,1.0,7.542472332656507,/group/ctbrowngrp5/sourmash-db.new/gtdb-rs226/gtdb-rs226-k51.dna.rocksdb,GCA_004556165.1 Clostridiales bacterium,a132cc4b964bdc82914f51d071628d4a,0.025,30000,81,10960000,outputs.mapping/bams.cds.rand/ERR1135282.x.s__Gemmiger qucibialis.fastq.gz,ERR1135282.x.s__Gemmiger qucibialis,d10ac2ba,19270000,51,DNA,10000,1927,True,0.8859223383800148,0.9302229692504613,0.908072653815238,0.9302229692504613,True,19,3710,5945,d__Bacteria;p__Bacillota;c__Clostridia;o__Christensenellales;f__CAG-138;g__PeH17;s__PeH17 sp004556165
260000,0.013492475350285417,0.01079136690647482,0.0015568240788790867,0.0011774600504625735,2.3333333333333335,2.0,1.247219128924647,/group/ctbrowngrp5/sourmash-db.new/gtdb-rs226/gtdb-rs226-k51.dna.rocksdb,GCF_037234005.1 Gemmiger formicilis,d4ccbb703b08f5fa9713003dd520cc41,0.09352517985611511,30000,82,10930000,outputs.mapping/bams.cds.rand/ERR1135282.x.s__Gemmiger qucibialis.fastq.gz,ERR1135282.x.s__Gemmiger qucibialis,d10ac2ba,19270000,51,DNA,10000,1927,True,0.9190415155473847,0.954601535208762,0.9368215253780734,0.954601535208762,False,7,3717,5945,d__Bacteria;p__Bacillota;c__Clostridia;o__Oscillospirales;f__Ruminococcaceae;g__Gemmiger;s__Gemmiger formicilis
60000,0.0031136481577581734,0.009523809523809525,0.0015568240788790867,0.002018502943650126,4.0,3.0,2.160246899469287,/group/ctbrowngrp5/sourmash-db.new/gtdb-rs226/gtdb-rs226-k51.dna.rocksdb,GCA_034181885.1 Faecousia sp.,e5571fab3ba0b93106b9ccdc4138491e,0.01904761904761905,30000,83,10900000,outputs.mapping/bams.cds.rand/ERR1135282.x.s__Gemmiger qucibialis.fastq.gz,ERR1135282.x.s__Gemmiger qucibialis,d10ac2ba,19270000,51,DNA,10000,1927,True,0.8929937560993132,0.9252761890078747,0.909134972553594,0.9252761890078747,True,12,3729,5945,d__Bacteria;p__Bacillota;c__Clostridia;o__Oscillospirales;f__Oscillospiraceae;g__Faecousia;s__Faecousia sp004555705
100000,0.005189413596263622,0.009345794392523364,0.0015568240788790867,0.002018502943650126,4.0,4.0,1.632993161855452,/group/ctbrowngrp5/sourmash-db.new/gtdb-rs226/gtdb-rs226-k51.dna.rocksdb,GCA_928721625.1 uncultured Clostridia bacterium,03d09a822b63d7e32103b77c236eb9a2,0.03115264797507788,30000,84,10870000,outputs.mapping/bams.cds.rand/ERR1135282.x.s__Gemmiger qucibialis.fastq.gz,ERR1135282.x.s__Gemmiger qucibialis,d10ac2ba,19270000,51,DNA,10000,1927,True,0.9019830943699245,0.9342447922358732,0.9181139433028989,0.9342447922358732,False,12,3741,5945,d__Bacteria;p__Bacillota;c__Clostridia;o__Christensenellales;f__CAG-138;g__Phil1;s__Phil1 sp001940855
1060000,0.05500778412039439,0.013043478260869565,0.0015568240788790867,0.000672834314550042,1.3333333333333333,1.0,0.4714045207910317,/group/ctbrowngrp5/sourmash-db.new/gtdb-rs226/gtdb-rs226-k51.dna.rocksdb,GCA_958444925.1 uncultured Oscillospiraceae bacterium,199f2e463449167450e5865e4bd712d9,0.4608695652173913,30000,85,10840000,outputs.mapping/bams.cds.rand/ERR1135282.x.s__Gemmiger qucibialis.fastq.gz,ERR1135282.x.s__Gemmiger qucibialis,d10ac2ba,19270000,51,DNA,10000,1927,True,0.9447185310882893,0.9849257475792008,0.964822139333745,0.9849257475792008,False,4,3745,5945,d__Bacteria;p__Bacillota;c__Clostridia;o__Oscillospirales;f__Ruminococcaceae;g__Gemmiger;s__Gemmiger qucibialis
40000,0.0020757654385054488,0.015,0.0015568240788790867,0.001345668629100084,2.6666666666666665,2.0,1.699673171197595,/group/ctbrowngrp5/sourmash-db.new/gtdb-rs226/gtdb-rs226-k51.dna.rocksdb,GCA_004552135.1 Bacteroidales bacterium,a7d44adc74bf2a4bdcbed7985303d2cb,0.02,30000,86,10810000,outputs.mapping/bams.cds.rand/ERR1135282.x.s__Gemmiger qucibialis.fastq.gz,ERR1135282.x.s__Gemmiger qucibialis,d10ac2ba,19270000,51,DNA,10000,1927,True,0.8859223383800148,0.9261617964232596,0.9060420674016372,0.9261617964232596,True,8,3753,5945,d__Bacteria;p__Bacteroidota;c__Bacteroidia;o__Bacteroidales;f__UBA932;g__Cryptobacteroides;s__Cryptobacteroides sp004554455
90000,0.00467047223663726,0.005747126436781609,0.0010378827192527244,0.000336417157275021,1.0,1.0,0.0,/group/ctbrowngrp5/sourmash-db.new/gtdb-rs226/gtdb-rs226-k51.dna.rocksdb,GCA_003461025.1 Ruminococcus sp. AF25-13,493fdb2c271f7be316a6542ec3210356,0.02586206896551724,20000,87,10790000,outputs.mapping/bams.cds.rand/ERR1135282.x.s__Gemmiger qucibialis.fastq.gz,ERR1135282.x.s__Gemmiger qucibialis,d10ac2ba,19270000,51,DNA,10000,1927,True,0.9001216177600209,0.9308415277984536,0.9154815727792373,0.9308415277984536,False,2,3755,5945,d__Bacteria;p__Bacillota;c__Clostridia;o__Lachnospirales;f__Lachnospiraceae;g__Mediterraneibacter;s__Mediterraneibacter faecis
40000,0.0020757654385054488,0.011627906976744186,0.0010378827192527244,0.0011774600504625735,3.5,3.5,0.5,/group/ctbrowngrp5/sourmash-db.new/gtdb-rs226/gtdb-rs226-k51.dna.rocksdb,GCA_945910135.1 uncultured Clostridia bacterium,9aede7036cde457450b86734302f1b16,0.023255813953488372,20000,88,10770000,outputs.mapping/bams.cds.rand/ERR1135282.x.s__Gemmiger qucibialis.fastq.gz,ERR1135282.x.s__Gemmiger qucibialis,d10ac2ba,19270000,51,DNA,10000,1927,True,0.8859223383800148,0.9289047993714703,0.9074135688757425,0.9289047993714703,True,7,3762,5945,d__Bacteria;p__Bacillota;c__Clostridia;o__Oscillospirales;f__Oscillospiraceae;g__Faecousia;s__Faecousia sp017622995
20000,0.0010378827192527244,0.007067137809187279,0.0010378827192527244,0.002018502943650126,6.0,6.0,5.0,/group/ctbrowngrp5/sourmash-db.new/gtdb-rs226/gtdb-rs226-k51.dna.rocksdb,GCA_003480585.1 Coprobacillus sp. AM29-13,5258533c37f5403efe98e27d2b230dcc,0.007067137809187279,20000,89,10750000,outputs.mapping/bams.cds.rand/ERR1135282.x.s__Gemmiger qucibialis.fastq.gz,ERR1135282.x.s__Gemmiger qucibialis,d10ac2ba,19270000,51,DNA,10000,1927,True,0.8739631142390637,0.9074617014240318,0.8907124078315478,0.9074617014240318,True,12,3774,5945,d__Bacteria;p__Bacillota;c__Bacilli;o__Erysipelotrichales;f__Coprobacillaceae;g__Faecalibacillus;s__Faecalibacillus intestinalis
90000,0.00467047223663726,0.007352941176470588,0.0010378827192527244,0.0005046257359125315,1.5,1.5,0.5,/group/ctbrowngrp5/sourmash-db.new/gtdb-rs226/gtdb-rs226-k51.dna.rocksdb,GCA_959025545.1 uncultured Subdoligranulum sp.,500fa64ea25805a1dbad2632b840c00e,0.03308823529411765,20000,90,10730000,outputs.mapping/bams.cds.rand/ERR1135282.x.s__Gemmiger qucibialis.fastq.gz,ERR1135282.x.s__Gemmiger qucibialis,d10ac2ba,19270000,51,DNA,10000,1927,True,0.9001216177600209,0.9353496590299321,0.9177356383949764,0.9353496590299321,False,3,3777,5945,d__Bacteria;p__Bacillota;c__Clostridia;o__Oscillospirales;f__Ruminococcaceae;g__Gemmiger;s__Gemmiger sp900539695
40000,0.0020757654385054488,0.0071174377224199285,0.0010378827192527244,0.001009251471825063,3.0,3.0,2.0,/group/ctbrowngrp5/sourmash-db.new/gtdb-rs226/gtdb-rs226-k51.dna.rocksdb,GCA_958368665.1 uncultured Oscillospiraceae bacterium,1d1472d2aaf60f9bfeba55b2977757a7,0.014234875444839857,20000,91,10710000,outputs.mapping/bams.cds.rand/ERR1135282.x.s__Gemmiger qucibialis.fastq.gz,ERR1135282.x.s__Gemmiger qucibialis,d10ac2ba,19270000,51,DNA,10000,1927,True,0.8859223383800148,0.920007247241555,0.9029647928107849,0.920007247241555,True,6,3783,5945,d__Bacteria;p__Bacillota;c__Clostridia;o__Oscillospirales;f__Oscillospiraceae;g__Hominicoprocola;s__Hominicoprocola fusiformis
50000,0.002594706798131811,0.006944444444444444,0.0010378827192527244,0.000336417157275021,1.0,1.0,0.0,/group/ctbrowngrp5/sourmash-db.new/gtdb-rs226/gtdb-rs226-k51.dna.rocksdb,GCA_018228705.1 Dysosmobacter sp. Marseille-Q4140,b86222e5c361a571a645de84582534db,0.017361111111111112,20000,92,10690000,outputs.mapping/bams.cds.rand/ERR1135282.x.s__Gemmiger qucibialis.fastq.gz,ERR1135282.x.s__Gemmiger qucibialis,d10ac2ba,19270000,51,DNA,10000,1927,True,0.88980706321053,0.9235957208242387,0.9067013920173843,0.9235957208242387,True,2,3785,5945,d__Bacteria;p__Bacillota;c__Clostridia;o__Oscillospirales;f__Oscillospiraceae;g__Oscillibacter;s__Oscillibacter sp018228705
20000,0.0010378827192527244,0.009950248756218905,0.0010378827192527244,0.002523128679562658,7.5,7.5,6.5,/group/ctbrowngrp5/sourmash-db.new/gtdb-rs226/gtdb-rs226-k51.dna.rocksdb,GCA_945969395.1 uncultured Clostridia bacterium,0d65bf6a9c1921a2043ceddd9313765d,0.009950248756218905,20000,93,10670000,outputs.mapping/bams.cds.rand/ERR1135282.x.s__Gemmiger qucibialis.fastq.gz,ERR1135282.x.s__Gemmiger qucibialis,d10ac2ba,19270000,51,DNA,10000,1927,True,0.8739631142390637,0.9135700257522423,0.893766569995653,0.9135700257522423,True,15,3800,5945,d__Bacteria;p__Bacillota;c__Clostridia;o__Oscillospirales;f__Oscillospiraceae;g__F23-B02;s__F23-B02 sp022784505
20000,0.0010378827192527244,0.008583690987124463,0.0010378827192527244,0.002018502943650126,6.0,6.0,4.0,/group/ctbrowngrp5/sourmash-db.new/gtdb-rs226/gtdb-rs226-k51.dna.rocksdb,GCA_029225385.1 Bacteroides sp.,54922f6a9b1980e3e23edbf733b9dfab,0.008583690987124463,20000,94,10650000,outputs.mapping/bams.cds.rand/ERR1135282.x.s__Gemmiger qucibialis.fastq.gz,ERR1135282.x.s__Gemmiger qucibialis,d10ac2ba,19270000,51,DNA,10000,1927,True,0.8739631142390637,0.9109274836213538,0.8924452989302087,0.9109274836213538,True,12,3812,5945,d__Bacteria;p__Bacteroidota;c__Bacteroidia;o__Bacteroidales;f__UBA932;g__Cryptobacteroides;s__Cryptobacteroides sp000434935
20000,0.0010378827192527244,0.009174311926605505,0.0010378827192527244,0.000336417157275021,1.0,1.0,0.0,/group/ctbrowngrp5/sourmash-db.new/gtdb-rs226/gtdb-rs226-k51.dna.rocksdb,GCA_029010715.1 Clostridiales bacterium,a8d753b058aab5aa18ecca80d47de043,0.009174311926605505,20000,95,10630000,outputs.mapping/bams.cds.rand/ERR1135282.x.s__Gemmiger qucibialis.fastq.gz,ERR1135282.x.s__Gemmiger qucibialis,d10ac2ba,19270000,51,DNA,10000,1927,True,0.8739631142390637,0.9121168123642995,0.8930399633016817,0.9121168123642995,True,2,3814,5945,d__Bacteria;p__Bacillota;c__Clostridia;o__Oscillospirales;f__Oscillospiraceae;g__Limivicinus;s__Limivicinus sp029010715
20000,0.0010378827192527244,0.00510204081632653,0.0010378827192527244,0.025735912531539108,76.5,76.5,75.5,/group/ctbrowngrp5/sourmash-db.new/gtdb-rs226/gtdb-rs226-k51.dna.rocksdb,GCA_034116325.1 Prevotella sp.,e4dc07bb9206f79f367a8777c6d769f4,0.00510204081632653,20000,96,10610000,outputs.mapping/bams.cds.rand/ERR1135282.x.s__Gemmiger qucibialis.fastq.gz,ERR1135282.x.s__Gemmiger qucibialis,d10ac2ba,19270000,51,DNA,10000,1927,True,0.8739631142390637,0.9016828355623467,0.8878229749007052,0.9016828355623467,True,153,3967,5945,d__Bacteria;p__Bacteroidota;c__Bacteroidia;o__Bacteroidales;f__Bacteroidaceae;g__Prevotella;s__Prevotella sp022764085
20000,0.0010378827192527244,0.015748031496062992,0.0010378827192527244,0.002523128679562658,7.5,7.5,0.5,/group/ctbrowngrp5/sourmash-db.new/gtdb-rs226/gtdb-rs226-k51.dna.rocksdb,GCA_945947625.1 uncultured Clostridia bacterium,0abeac419aad501d47ae033ca74dbf3a,0.015748031496062992,20000,97,10590000,outputs.mapping/bams.cds.rand/ERR1135282.x.s__Gemmiger qucibialis.fastq.gz,ERR1135282.x.s__Gemmiger qucibialis,d10ac2ba,19270000,51,DNA,10000,1927,True,0.8739631142390637,0.921831396456757,0.8978972553479103,0.921831396456757,True,15,3982,5945,d__Bacteria;p__Bacillota;c__Clostridia;o__Oscillospirales;f__Oscillospiraceae;g__F23-B02;s__F23-B02 sp945613045
30000,0.0015568240788790867,0.0078125,0.0010378827192527244,0.000336417157275021,1.0,1.0,0.0,/group/ctbrowngrp5/sourmash-db.new/gtdb-rs226/gtdb-rs226-k51.dna.rocksdb,GCA_021615635.1 Oscillibacter sp.,cf29d989acb42023363dfbd329c6b6c9,0.01171875,20000,98,10570000,outputs.mapping/bams.cds.rand/ERR1135282.x.s__Gemmiger qucibialis.fastq.gz,ERR1135282.x.s__Gemmiger qucibialis,d10ac2ba,19270000,51,DNA,10000,1927,True,0.8809390736254634,0.9165051870634132,0.8987221303444384,0.9165051870634132,True,2,3984,5945,d__Bacteria;p__Bacillota;c__Clostridia;o__Oscillospirales;f__Oscillospiraceae;g__Vescimonas;s__Vescimonas sp900548615
30000,0.0015568240788790867,0.009174311926605505,0.0010378827192527244,0.000336417157275021,1.0,1.0,0.0,/group/ctbrowngrp5/sourmash-db.new/gtdb-rs226/gtdb-rs226-k51.dna.rocksdb,GCA_963656895.1 Pseudobutyrivibrio sp.,3fb0cae38b4115a08ba34da86201593d,0.013761467889908258,20000,99,10550000,outputs.mapping/bams.cds.rand/ERR1135282.x.s__Gemmiger qucibialis.fastq.gz,ERR1135282.x.s__Gemmiger qucibialis,d10ac2ba,19270000,51,DNA,10000,1927,True,0.8809390736254634,0.9193973139495932,0.9001681937875283,0.9193973139495932,True,2,3986,5945,d__Bacteria;p__Bacillota;c__Clostridia;o__Oscillospirales;f__Oscillospiraceae;g__F23-B02;s__F23-B02 sp004556755
1390000,0.07213284898806435,0.007352941176470588,0.0010378827192527244,0.000336417157275021,1.0,1.0,0.0,/group/ctbrowngrp5/sourmash-db.new/gtdb-rs226/gtdb-rs226-k51.dna.rocksdb,GCF_014868015.1 Gemmiger sp.,5b3125d34de2abe3cb165f960c69b53e,0.5110294117647058,20000,100,10530000,outputs.mapping/bams.cds.rand/ERR1135282.x.s__Gemmiger qucibialis.fastq.gz,ERR1135282.x.s__Gemmiger qucibialis,d10ac2ba,19270000,51,DNA,10000,1927,True,0.9497525158603705,0.9869229605700445,0.9683377382152074,0.9869229605700445,False,2,3988,5945,d__Bacteria;p__Bacillota;c__Clostridia;o__Oscillospirales;f__Ruminococcaceae;g__Gemmiger;s__Gemmiger qucibialis
20000,0.0010378827192527244,0.011494252873563218,0.0010378827192527244,0.0008410428931875525,2.5,2.5,0.5,/group/ctbrowngrp5/sourmash-db.new/gtdb-rs226/gtdb-rs226-k51.dna.rocksdb,GCA_034167795.1 Eubacteriales bacterium,958ed2a91103bceb40c948d692bb5595,0.011494252873563218,20000,101,10510000,outputs.mapping/bams.cds.rand/ERR1135282.x.s__Gemmiger qucibialis.fastq.gz,ERR1135282.x.s__Gemmiger qucibialis,d10ac2ba,19270000,51,DNA,10000,1927,True,0.8739631142390637,0.9161576465862531,0.8950603804126585,0.9161576465862531,True,5,3993,5945,d__Bacteria;p__Bacillota;c__Clostridia;o__Christensenellales;f__CAG-138;g__PeH17;s__PeH17 sp000435055
20000,0.0010378827192527244,0.01904761904761905,0.0010378827192527244,0.005382674516400336,16.0,16.0,15.0,/group/ctbrowngrp5/sourmash-db.new/gtdb-rs226/gtdb-rs226-k51.dna.rocksdb,GCA_004561445.1 bacterium,43e6a68934484b0b1d4221bb931d12f8,0.01904761904761905,20000,102,10490000,outputs.mapping/bams.cds.rand/ERR1135282.x.s__Gemmiger qucibialis.fastq.gz,ERR1135282.x.s__Gemmiger qucibialis,d10ac2ba,19270000,51,DNA,10000,1927,True,0.8739631142390637,0.9252761890078747,0.8996196516234691,0.9252761890078747,True,32,4025,5945,d__Bacteria;p__Patescibacteriota;c__Saccharimonadia;o__Saccharimonadales;f__Nanosyncoccaceae;g__UBA2834;s__UBA2834 sp004561445
60000,0.0031136481577581734,0.007017543859649123,0.0010378827192527244,0.002018502943650126,6.0,6.0,2.0,/group/ctbrowngrp5/sourmash-db.new/gtdb-rs226/gtdb-rs226-k51.dna.rocksdb,GCA_004553155.1 Bacteroidales bacterium,36b2fe2d609276794eb51314081e47b7,0.021052631578947368,20000,103,10470000,outputs.mapping/bams.cds.rand/ERR1135282.x.s__Gemmiger qucibialis.fastq.gz,ERR1135282.x.s__Gemmiger qucibialis,d10ac2ba,19270000,51,DNA,10000,1927,True,0.8929937560993132,0.9270937530356198,0.9100437545674664,0.9270937530356198,True,12,4037,5945,d__Bacteria;p__Bacteroidota;c__Bacteroidia;o__Bacteroidales;f__UBA932;g__Cryptobacteroides;s__Cryptobacteroides sp900546925
20000,0.0010378827192527244,0.012269938650306749,0.0010378827192527244,0.0005046257359125315,1.5,1.5,0.5,/group/ctbrowngrp5/sourmash-db.new/gtdb-rs226/gtdb-rs226-k51.dna.rocksdb,GCA_029100805.1 Eubacteriales bacterium,12fe8b6824e9dc3d7b4e2ca622c6e2f7,0.012269938650306749,20000,104,10450000,outputs.mapping/bams.cds.rand/ERR1135282.x.s__Gemmiger qucibialis.fastq.gz,ERR1135282.x.s__Gemmiger qucibialis,d10ac2ba,19270000,51,DNA,10000,1927,True,0.8739631142390637,0.9173315306528081,0.8956473224459359,0.9173315306528081,True,3,4040,5945,d__Bacteria;p__Bacillota;c__Clostridia;o__Oscillospirales;f__Acutalibacteraceae;g__Eubacterium_R;s__Eubacterium_R sp945980375
130000,0.006746237675142709,0.009478672985781991,0.0010378827192527244,0.000672834314550042,2.0,2.0,1.0,/group/ctbrowngrp5/sourmash-db.new/gtdb-rs226/gtdb-rs226-k51.dna.rocksdb,GCA_022787965.1 bacterium,cd35d48936ef990e28a9d9c097816d1e,0.061611374407582936,20000,105,10430000,outputs.mapping/bams.cds.rand/ERR1135282.x.s__Gemmiger qucibialis.fastq.gz,ERR1135282.x.s__Gemmiger qucibialis,d10ac2ba,19270000,51,DNA,10000,1927,True,0.9066352097086938,0.9468209540751082,0.926728081891901,0.9468209540751082,False,4,4044,5945,d__Bacteria;p__Bacillota;c__Clostridia;o__Oscillospirales;f__Ruminococcaceae;g__Gemmiger;s__Gemmiger sp004561545
20000,0.0010378827192527244,0.006756756756756757,0.0010378827192527244,0.000672834314550042,2.0,2.0,0.0,/group/ctbrowngrp5/sourmash-db.new/gtdb-rs226/gtdb-rs226-k51.dna.rocksdb,GCF_000834015.1 Prevotella pectinovora,998bf93c9b97aad01e78f3ba768ae63b,0.006756756756756757,20000,106,10410000,outputs.mapping/bams.cds.rand/ERR1135282.x.s__Gemmiger qucibialis.fastq.gz,ERR1135282.x.s__Gemmiger qucibialis,d10ac2ba,19270000,51,DNA,10000,1927,True,0.8739631142390637,0.9066629076096819,0.8903130109243729,0.9066629076096819,True,4,4048,5945,d__Bacteria;p__Bacteroidota;c__Bacteroidia;o__Bacteroidales;f__Bacteroidaceae;g__Prevotella;s__Prevotella pectinovora
20000,0.0010378827192527244,0.0076045627376425855,0.0010378827192527244,0.005719091673675358,17.0,17.0,16.0,/group/ctbrowngrp5/sourmash-db.new/gtdb-rs226/gtdb-rs226-k51.dna.rocksdb,GCA_948672045.1 Akkermansia muciniphila,dcdc78816df72d86235648d521c7111a,0.0076045627376425855,20000,107,10390000,outputs.mapping/bams.cds.rand/ERR1135282.x.s__Gemmiger qucibialis.fastq.gz,ERR1135282.x.s__Gemmiger qucibialis,d10ac2ba,19270000,51,DNA,10000,1927,True,0.8739631142390637,0.9087667657945412,0.8913649400168024,0.9087667657945412,True,34,4082,5945,d__Bacteria;p__Verrucomicrobiota;c__Verrucomicrobiia;o__Verrucomicrobiales;f__Akkermansiaceae;g__Akkermansia;s__Akkermansia muciniphila
20000,0.0010378827192527244,0.008583690987124463,0.0010378827192527244,0.002354920100925147,7.0,7.0,2.0,/group/ctbrowngrp5/sourmash-db.new/gtdb-rs226/gtdb-rs226-k51.dna.rocksdb,GCF_034087485.1 Candidatus Cryptobacteroides sp.,9c6f02a1c2aaca988d48e37a5dfed069,0.008583690987124463,20000,108,10370000,outputs.mapping/bams.cds.rand/ERR1135282.x.s__Gemmiger qucibialis.fastq.gz,ERR1135282.x.s__Gemmiger qucibialis,d10ac2ba,19270000,51,DNA,10000,1927,True,0.8739631142390637,0.9109274836213538,0.8924452989302087,0.9109274836213538,True,14,4096,5945,d__Bacteria;p__Bacteroidota;c__Bacteroidia;o__Bacteroidales;f__UBA932;g__Cryptobacteroides;s__Cryptobacteroides sp004552965
30000,0.0015568240788790867,0.007246376811594203,0.0010378827192527244,0.0011774600504625735,3.5,3.5,2.5,/group/ctbrowngrp5/sourmash-db.new/gtdb-rs226/gtdb-rs226-k51.dna.rocksdb,GCA_937920865.1 uncultured Clostridia bacterium,a167312c48af75b13c2a58189e2e7b1e,0.010869565217391304,20000,109,10350000,outputs.mapping/bams.cds.rand/ERR1135282.x.s__Gemmiger qucibialis.fastq.gz,ERR1135282.x.s__Gemmiger qucibialis,d10ac2ba,19270000,51,DNA,10000,1927,True,0.8809390736254634,0.9151543667379227,0.8980467201816931,0.9151543667379227,True,7,4103,5945,d__Bacteria;p__Bacillota;c__Clostridia;o__Oscillospirales;f__CAG-272;g__UMGS1865;s__UMGS1865 sp900547725
30000,0.0015568240788790867,0.0091324200913242,0.0010378827192527244,0.000336417157275021,1.0,1.0,0.0,/group/ctbrowngrp5/sourmash-db.new/gtdb-rs226/gtdb-rs226-k51.dna.rocksdb,GCA_902487525.1 uncultured Alistipes sp.,299734f86cd949d589eb8c8789ff5cc6,0.0136986301369863,20000,110,10330000,outputs.mapping/bams.cds.rand/ERR1135282.x.s__Gemmiger qucibialis.fastq.gz,ERR1135282.x.s__Gemmiger qucibialis,d10ac2ba,19270000,51,DNA,10000,1927,True,0.8809390736254634,0.9193148122519929,0.9001269429387282,0.9193148122519929,True,2,4105,5945,d__Bacteria;p__Bacteroidota;c__Bacteroidia;o__Bacteroidales;f__Rikenellaceae;g__Alistipes;s__Alistipes sp900770635
20000,0.0010378827192527244,0.012987012987012988,0.0010378827192527244,0.000336417157275021,1.0,1.0,0.0,/group/ctbrowngrp5/sourmash-db.new/gtdb-rs226/gtdb-rs226-k51.dna.rocksdb,GCA_004561845.1 bacterium,73acd773ec97f70f3abcf8e35351718b,0.012987012987012988,20000,111,10310000,outputs.mapping/bams.cds.rand/ERR1135282.x.s__Gemmiger qucibialis.fastq.gz,ERR1135282.x.s__Gemmiger qucibialis,d10ac2ba,19270000,51,DNA,10000,1927,True,0.8739631142390637,0.9183537120490333,0.8961584131440485,0.9183537120490333,True,2,4107,5945,d__Bacteria;p__Bacillota;c__Clostridia;o__Oscillospirales;f__Oscillospiraceae;g__Vescimonas;s__Vescimonas sp003487665
20000,0.0010378827192527244,0.0076045627376425855,0.0010378827192527244,0.000672834314550042,2.0,2.0,1.0,/group/ctbrowngrp5/sourmash-db.new/gtdb-rs226/gtdb-rs226-k51.dna.rocksdb,GCA_900113995.1 Ruminococcaceae bacterium D5,e2cb38b40088486e6114020b324fbfed,0.0076045627376425855,20000,112,10290000,outputs.mapping/bams.cds.rand/ERR1135282.x.s__Gemmiger qucibialis.fastq.gz,ERR1135282.x.s__Gemmiger qucibialis,d10ac2ba,19270000,51,DNA,10000,1927,True,0.8739631142390637,0.9087667657945412,0.8913649400168024,0.9087667657945412,True,4,4111,5945,d__Bacteria;p__Bacillota;c__Clostridia;o__Oscillospirales;f__Ruminococcaceae;g__Fimivivens;s__Fimivivens sp900113995
70000,0.0036325895173845357,0.008130081300813009,0.0010378827192527244,0.000336417157275021,1.0,1.0,0.0,/group/ctbrowngrp5/sourmash-db.new/gtdb-rs226/gtdb-rs226-k51.dna.rocksdb,GCA_037375005.1 bacterium,e0306142bd95b38a8c9096a57119cc20,0.028455284552845527,20000,113,10270000,outputs.mapping/bams.cds.rand/ERR1135282.x.s__Gemmiger qucibialis.fastq.gz,ERR1135282.x.s__Gemmiger qucibialis,d10ac2ba,19270000,51,DNA,10000,1927,True,0.8956969686611227,0.9325872406221268,0.9141421046416247,0.9325872406221268,False,2,4113,5945,d__Bacteria;p__Bacillota;c__Clostridia;o__Oscillospirales;f__Oscillospiraceae;g__Hominicoprocola;s__Hominicoprocola fusiformis
120000,0.006227296315516347,0.006622516556291391,0.0010378827192527244,0.000336417157275021,1.0,1.0,0.0,/group/ctbrowngrp5/sourmash-db.new/gtdb-rs226/gtdb-rs226-k51.dna.rocksdb,GCA_025993275.1 Oscillospiraceae bacterium,cb1e6e684657859f08b5c89349060ef0,0.039735099337748346,20000,114,10250000,outputs.mapping/bams.cds.rand/ERR1135282.x.s__Gemmiger qucibialis.fastq.gz,ERR1135282.x.s__Gemmiger qucibialis,d10ac2ba,19270000,51,DNA,10000,1927,True,0.9052133936465567,0.9387129937964204,0.9219631937214885,0.9387129937964204,False,2,4115,5945,d__Bacteria;p__Bacillota;c__Clostridia;o__Oscillospirales;f__Ruminococcaceae;g__Faecalibacterium;s__Faecalibacterium taiwanense
20000,0.0010378827192527244,0.008968609865470852,0.0010378827192527244,0.000336417157275021,1.0,1.0,0.0,/group/ctbrowngrp5/sourmash-db.new/gtdb-rs226/gtdb-rs226-k51.dna.rocksdb,GCA_004557075.1 Clostridiales bacterium,fab29a281c7b5b8db45ff492bc06d7ce,0.008968609865470852,20000,115,10230000,outputs.mapping/bams.cds.rand/ERR1135282.x.s__Gemmiger qucibialis.fastq.gz,ERR1135282.x.s__Gemmiger qucibialis,d10ac2ba,19270000,51,DNA,10000,1927,True,0.8739631142390637,0.9117113376687807,0.8928372259539221,0.9117113376687807,True,2,4117,5945,d__Bacteria;p__Bacillota;c__Clostridia;o__Oscillospirales;f__Oscillospiraceae;g__F23-B02;s__F23-B02 sp004557075
50000,0.002594706798131811,0.0078125,0.0010378827192527244,0.0008410428931875525,2.5,2.5,0.5,/group/ctbrowngrp5/sourmash-db.new/gtdb-rs226/gtdb-rs226-k51.dna.rocksdb,GCA_022787565.1 Clostridiales bacterium,f7bae6fb51e33f6dd4e15326694cd87e,0.01953125,20000,116,10210000,outputs.mapping/bams.cds.rand/ERR1135282.x.s__Gemmiger qucibialis.fastq.gz,ERR1135282.x.s__Gemmiger qucibialis,d10ac2ba,19270000,51,DNA,10000,1927,True,0.88980706321053,0.9257312035915363,0.9077691334010332,0.9257312035915363,True,5,4122,5945,d__Bacteria;p__Bacillota;c__Clostridia;o__Oscillospirales;f__Oscillospiraceae;g__Limivicinus;s__Limivicinus sp022787565
20000,0.0010378827192527244,0.013793103448275862,0.0010378827192527244,0.002691337258200168,8.0,8.0,7.0,/group/ctbrowngrp5/sourmash-db.new/gtdb-rs226/gtdb-rs226-k51.dna.rocksdb,GCA_004554845.1 Bacteroidales bacterium,1afd5445afb65eb502389bd9d2ed5afc,0.013793103448275862,20000,117,10190000,outputs.mapping/bams.cds.rand/ERR1135282.x.s__Gemmiger qucibialis.fastq.gz,ERR1135282.x.s__Gemmiger qucibialis,d10ac2ba,19270000,51,DNA,10000,1927,True,0.8739631142390637,0.9194387096145087,0.8967009119267861,0.9194387096145087,True,16,4138,5945,d__Bacteria;p__Bacteroidota;c__Bacteroidia;o__Bacteroidales;f__UBA932;g__Cryptobacteroides;s__Cryptobacteroides sp900546445
20000,0.0010378827192527244,0.013793103448275862,0.0010378827192527244,0.001345668629100084,4.0,4.0,2.0,/group/ctbrowngrp5/sourmash-db.new/gtdb-rs226/gtdb-rs226-k51.dna.rocksdb,GCA_021620605.1 Clostridiales bacterium,4f68f2951a640ef26aefab921c87b2a6,0.013793103448275862,20000,118,10170000,outputs.mapping/bams.cds.rand/ERR1135282.x.s__Gemmiger qucibialis.fastq.gz,ERR1135282.x.s__Gemmiger qucibialis,d10ac2ba,19270000,51,DNA,10000,1927,True,0.8739631142390637,0.9194387096145087,0.8967009119267861,0.9194387096145087,True,8,4146,5945,d__Bacteria;p__Bacillota;c__Clostridia;o__Christensenellales;f__CAG-917;g__CAG-349;s__CAG-349 sp003539515
60000,0.0031136481577581734,0.007407407407407408,0.0010378827192527244,0.000672834314550042,2.0,2.0,0.0,/group/ctbrowngrp5/sourmash-db.new/gtdb-rs226/gtdb-rs226-k51.dna.rocksdb,GCF_900625105.1 Agathobaculum sp. Marseille-P7918,3056edc1dbfa1a7d15d0fd9caf65bc75,0.022222222222222223,20000,119,10150000,outputs.mapping/bams.cds.rand/ERR1135282.x.s__Gemmiger qucibialis.fastq.gz,ERR1135282.x.s__Gemmiger qucibialis,d10ac2ba,19270000,51,DNA,10000,1927,True,0.8929937560993132,0.9280771248488988,0.910535440474106,0.9280771248488988,True,4,4150,5945,d__Bacteria;p__Bacillota;c__Clostridia;o__Oscillospirales;f__Butyricicoccaceae;g__Agathobaculum;s__Agathobaculum sp900625105
30000,0.0015568240788790867,0.008333333333333333,0.0010378827192527244,0.001009251471825063,3.0,3.0,2.0,/group/ctbrowngrp5/sourmash-db.new/gtdb-rs226/gtdb-rs226-k51.dna.rocksdb,GCA_934660955.1 uncultured Clostridia bacterium,84214eb67b5fab6151df258821e09b8b,0.0125,20000,120,10130000,outputs.mapping/bams.cds.rand/ERR1135282.x.s__Gemmiger qucibialis.fastq.gz,ERR1135282.x.s__Gemmiger qucibialis,d10ac2ba,19270000,51,DNA,10000,1927,True,0.8809390736254634,0.9176657229678244,0.8993023982966439,0.9176657229678244,True,6,4156,5945,d__Bacteria;p__Bacillota;c__Clostridia;o__Christensenellales;f__Aristaeellaceae;g__SFMI01;s__SFMI01 sp004556155
20000,0.0010378827192527244,0.00749063670411985,0.0010378827192527244,0.000672834314550042,2.0,2.0,1.0,/group/ctbrowngrp5/sourmash-db.new/gtdb-rs226/gtdb-rs226-k51.dna.rocksdb,GCA_034118985.1 Prevotella sp.,d9c8e40686e895146f7e1a16b42d38e7,0.00749063670411985,20000,121,10110000,outputs.mapping/bams.cds.rand/ERR1135282.x.s__Gemmiger qucibialis.fastq.gz,ERR1135282.x.s__Gemmiger qucibialis,d10ac2ba,19270000,51,DNA,10000,1927,True,0.8739631142390637,0.9084978351112296,0.8912304746751467,0.9084978351112296,True,4,4160,5945,d__Bacteria;p__Bacteroidota;c__Bacteroidia;o__Bacteroidales;f__Bacteroidaceae;g__Prevotella;s__Prevotella sp002251365
150000,0.007784120394395433,0.005249343832020997,0.0010378827192527244,0.000672834314550042,2.0,2.0,1.0,/group/ctbrowngrp5/sourmash-db.new/gtdb-rs226/gtdb-rs226-k51.dna.rocksdb,GCA_003481275.1 Clostridium sp. TF08-15,d8bc7ce00590e9bf18657a5b7c3ec57b,0.03937007874015748,20000,122,10090000,outputs.mapping/bams.cds.rand/ERR1135282.x.s__Gemmiger qucibialis.fastq.gz,ERR1135282.x.s__Gemmiger qucibialis,d10ac2ba,19270000,51,DNA,10000,1927,True,0.9091827087827389,0.9385431424879074,0.9238629256353231,0.9385431424879074,False,4,4164,5945,d__Bacteria;p__Bacillota;c__Clostridia;o__Lachnospirales;f__Lachnospiraceae;g__Acetatifactor;s__Acetatifactor acetigignens
30000,0.0015568240788790867,0.009852216748768473,0.0010378827192527244,0.000672834314550042,2.0,2.0,1.0,/group/ctbrowngrp5/sourmash-db.new/gtdb-rs226/gtdb-rs226-k51.dna.rocksdb,GCA_037069445.1 Christensenellales bacterium,3609a990a26558d1b179ef4a41c18b07,0.014778325123152709,20000,123,10070000,outputs.mapping/bams.cds.rand/ERR1135282.x.s__Gemmiger qucibialis.fastq.gz,ERR1135282.x.s__Gemmiger qucibialis,d10ac2ba,19270000,51,DNA,10000,1927,True,0.8809390736254634,0.9206833692885147,0.900811221456989,0.9206833692885147,True,4,4168,5945,d__Bacteria;p__Bacillota;c__Clostridia;o__Christensenellales;f__CAG-138;g__SFEL01;s__SFEL01 sp004557245
1660000,0.08614426569797613,0.0057306590257879654,0.0010378827192527244,0.000672834314550042,2.0,2.0,1.0,/group/ctbrowngrp5/sourmash-db.new/gtdb-rs226/gtdb-rs226-k51.dna.rocksdb,GCF_027689445.1 Gemmiger qucibialis,ee43016b06e74eedbf2511f0742ade31,0.47564469914040114,20000,124,10050000,outputs.mapping/bams.cds.rand/ERR1135282.x.s__Gemmiger qucibialis.fastq.gz,ERR1135282.x.s__Gemmiger qucibialis,d10ac2ba,19270000,51,DNA,10000,1927,True,0.9530640449042472,0.9855353556981233,0.9692997003011853,0.9855353556981233,False,4,4172,5945,d__Bacteria;p__Bacillota;c__Clostridia;o__Oscillospirales;f__Ruminococcaceae;g__Gemmiger;s__Gemmiger qucibialis
60000,0.0031136481577581734,0.01098901098901099,0.0010378827192527244,0.001009251471825063,3.0,3.0,2.0,/group/ctbrowngrp5/sourmash-db.new/gtdb-rs226/gtdb-rs226-k51.dna.rocksdb,GCA_945874525.1 uncultured Clostridia bacterium,6bbfea13319b95945e60999a55e8173d,0.03296703296703297,20000,125,10030000,outputs.mapping/bams.cds.rand/ERR1135282.x.s__Gemmiger qucibialis.fastq.gz,ERR1135282.x.s__Gemmiger qucibialis,d10ac2ba,19270000,51,DNA,10000,1927,True,0.8929937560993132,0.9352823579284587,0.914138057013886,0.9352823579284587,True,6,4178,5945,d__Bacteria;p__Bacillota;c__Clostridia;o__Oscillospirales;f__Ruminococcaceae;g__SFJ001;s__SFJ001 sp004555865
40000,0.0020757654385054488,0.0106951871657754,0.0010378827192527244,0.0005046257359125315,1.5,1.5,0.5,/group/ctbrowngrp5/sourmash-db.new/gtdb-rs226/gtdb-rs226-k51.dna.rocksdb,GCA_021627595.1 Oscillibacter sp.,45fede278fa23af2d90f4746441fdc76,0.0213903743315508,20000,126,10010000,outputs.mapping/bams.cds.rand/ERR1135282.x.s__Gemmiger qucibialis.fastq.gz,ERR1135282.x.s__Gemmiger qucibialis,d10ac2ba,19270000,51,DNA,10000,1927,True,0.8859223383800148,0.9273831142459876,0.9066527263130012,0.9273831142459876,True,3,4181,5945,d__Bacteria;p__Bacillota;c__Clostridia;o__Oscillospirales;f__Oscillospiraceae;g__Vescimonas;s__Vescimonas sp900545495
60000,0.0031136481577581734,0.004405286343612335,0.0010378827192527244,0.000336417157275021,1.0,1.0,0.0,/group/ctbrowngrp5/sourmash-db.new/gtdb-rs226/gtdb-rs226-k51.dna.rocksdb,GCA_021640335.1 Bacteroides sp.,77ff1f213b288ca8f72b8c2db7b65c66,0.013215859030837005,20000,127,9990000,outputs.mapping/bams.cds.rand/ERR1135282.x.s__Gemmiger qucibialis.fastq.gz,ERR1135282.x.s__Gemmiger qucibialis,d10ac2ba,19270000,51,DNA,10000,1927,True,0.8929937560993132,0.9186683055431318,0.9058310308212225,0.9186683055431318,True,2,4183,5945,d__Bacteria;p__Bacteroidota;c__Bacteroidia;o__Bacteroidales;f__UBA932;g__Cryptobacteroides;s__Cryptobacteroides sp934700615
30000,0.0015568240788790867,0.008333333333333333,0.0010378827192527244,0.000336417157275021,1.0,1.0,0.0,/group/ctbrowngrp5/sourmash-db.new/gtdb-rs226/gtdb-rs226-k51.dna.rocksdb,GCA_902486395.1 uncultured Eubacteriales bacterium,065cbdf4c1a37266e8592cb8b3230620,0.0125,20000,128,9970000,outputs.mapping/bams.cds.rand/ERR1135282.x.s__Gemmiger qucibialis.fastq.gz,ERR1135282.x.s__Gemmiger qucibialis,d10ac2ba,19270000,51,DNA,10000,1927,True,0.8809390736254634,0.9176657229678244,0.8993023982966439,0.9176657229678244,True,2,4185,5945,d__Bacteria;p__Bacillota;c__Clostridia;o__Oscillospirales;f__Acutalibacteraceae;g__RUG806;s__RUG806 sp900313475
20000,0.0010378827192527244,0.01098901098901099,0.0010378827192527244,0.0015138772077375945,4.5,4.5,1.5,/group/ctbrowngrp5/sourmash-db.new/gtdb-rs226/gtdb-rs226-k51.dna.rocksdb,GCA_004562395.1 bacterium,a8e7d1b2ea48ae1c8cac64f43d61b895,0.01098901098901099,20000,129,9950000,outputs.mapping/bams.cds.rand/ERR1135282.x.s__Gemmiger qucibialis.fastq.gz,ERR1135282.x.s__Gemmiger qucibialis,d10ac2ba,19270000,51,DNA,10000,1927,True,0.8739631142390637,0.915350501215715,0.8946568077273893,0.915350501215715,True,9,4194,5945,d__Bacteria;p__Bacillota;c__Clostridia;o__Oscillospirales;f__Oscillospiraceae;g__Faecousia;s__Faecousia sp004562395
20000,0.0010378827192527244,0.013071895424836602,0.0010378827192527244,0.0005046257359125315,1.5,1.5,0.5,/group/ctbrowngrp5/sourmash-db.new/gtdb-rs226/gtdb-rs226-k51.dna.rocksdb,GCA_945921325.1 uncultured Clostridia bacterium,ba74ff58af3780bd366f5c903be1cc51,0.013071895424836602,20000,130,9930000,outputs.mapping/bams.cds.rand/ERR1135282.x.s__Gemmiger qucibialis.fastq.gz,ERR1135282.x.s__Gemmiger qucibialis,d10ac2ba,19270000,51,DNA,10000,1927,True,0.8739631142390637,0.918471028982988,0.8962170716110258,0.918471028982988,True,3,4197,5945,d__Bacteria;p__Bacillota;c__Clostridia;o__Oscillospirales;f__Oscillospiraceae;g__F23-B02;s__F23-B02 sp016292445
220000,0.011416709911779968,0.008928571428571428,0.0010378827192527244,0.000336417157275021,1.0,1.0,0.0,/group/ctbrowngrp5/sourmash-db.new/gtdb-rs226/gtdb-rs226-k51.dna.rocksdb,GCA_029227515.1 Gemmiger formicilis,7418b7612e760bd6f9772611f9a40838,0.09821428571428571,20000,131,9910000,outputs.mapping/bams.cds.rand/ERR1135282.x.s__Gemmiger qucibialis.fastq.gz,ERR1135282.x.s__Gemmiger qucibialis,d10ac2ba,19270000,51,DNA,10000,1927,True,0.916036055451184,0.9555176615858001,0.935776858518492,0.9555176615858001,False,2,4199,5945,d__Bacteria;p__Bacillota;c__Clostridia;o__Oscillospirales;f__Ruminococcaceae;g__Gemmiger;s__Gemmiger formicilis
20000,0.0010378827192527244,0.004319654427645789,0.0010378827192527244,0.001682085786375105,5.0,5.0,2.0,/group/ctbrowngrp5/sourmash-db.new/gtdb-rs226/gtdb-rs226-k51.dna.rocksdb,GCA_001411625.1 Clostridium butyricum,5b943d805b1fdf0a1ed10c78bb824397,0.004319654427645789,20000,132,9890000,outputs.mapping/bams.cds.rand/ERR1135282.x.s__Gemmiger qucibialis.fastq.gz,ERR1135282.x.s__Gemmiger qucibialis,d10ac2ba,19270000,51,DNA,10000,1927,True,0.8739631142390637,0.8987445192940828,0.8863538167665732,0.8987445192940828,True,10,4209,5945,d__Bacteria;p__Bacillota;c__Clostridia;o__Clostridiales;f__Clostridiaceae;g__Clostridium;s__Clostridium butyricum
30000,0.0015568240788790867,0.008695652173913044,0.0010378827192527244,0.0005046257359125315,1.5,1.5,0.5,/group/ctbrowngrp5/sourmash-db.new/gtdb-rs226/gtdb-rs226-k51.dna.rocksdb,GCA_004563385.1 bacterium,0137849204f4000c69fd8e2589295ba8,0.013043478260869565,20000,133,9870000,outputs.mapping/bams.cds.rand/ERR1135282.x.s__Gemmiger qucibialis.fastq.gz,ERR1135282.x.s__Gemmiger qucibialis,d10ac2ba,19270000,51,DNA,10000,1927,True,0.8809390736254634,0.9184318366897796,0.8996854551576214,0.9184318366897796,True,3,4212,5945,d__Bacteria;p__Verrucomicrobiota;c__Verrucomicrobiia;o__Verrucomicrobiales;f__Akkermansiaceae;g__Akkermansia;s__Akkermansia muciniphila_D
30000,0.0015568240788790867,0.00881057268722467,0.0010378827192527244,0.001345668629100084,4.0,4.0,0.0,/group/ctbrowngrp5/sourmash-db.new/gtdb-rs226/gtdb-rs226-k51.dna.rocksdb,GCA_020860605.1 Ruminococcus sp.,9ce05dbe00e6a46bad4f22c19c640354,0.013215859030837005,20000,134,9850000,outputs.mapping/bams.cds.rand/ERR1135282.x.s__Gemmiger qucibialis.fastq.gz,ERR1135282.x.s__Gemmiger qucibialis,d10ac2ba,19270000,51,DNA,10000,1927,True,0.8809390736254634,0.9186683055431318,0.8998036895842976,0.9186683055431318,True,8,4220,5945,d__Bacteria;p__Bacillota;c__Clostridia;o__Oscillospirales;f__Ruminococcaceae;g__Faeciplasma;s__Faeciplasma sp020860605
1590000,0.08251167618059159,0.008888888888888889,0.0010378827192527244,0.000336417157275021,1.0,1.0,0.0,/group/ctbrowngrp5/sourmash-db.new/gtdb-rs226/gtdb-rs226-k51.dna.rocksdb,GCA_029218665.1 Subdoligranulum sp.,bb3e9077a14d8b9ceb3bc8e44b88c574,0.7066666666666667,20000,135,9830000,outputs.mapping/bams.cds.rand/ERR1135282.x.s__Gemmiger qucibialis.fastq.gz,ERR1135282.x.s__Gemmiger qucibialis,d10ac2ba,19270000,51,DNA,10000,1927,True,0.9522592590630495,0.9932153517339253,0.9727373053984874,0.9932153517339253,False,2,4222,5945,d__Bacteria;p__Bacillota;c__Clostridia;o__Oscillospirales;f__Ruminococcaceae;g__Gemmiger;s__Gemmiger qucibialis
40000,0.0020757654385054488,0.00749063670411985,0.0010378827192527244,0.001345668629100084,4.0,4.0,1.0,/group/ctbrowngrp5/sourmash-db.new/gtdb-rs226/gtdb-rs226-k51.dna.rocksdb,GCF_021531435.1 Oscillibacter valericigenes,617c99d9156a7335d3a3995071c8d7b4,0.0149812734082397,20000,136,9810000,outputs.mapping/bams.cds.rand/ERR1135282.x.s__Gemmiger qucibialis.fastq.gz,ERR1135282.x.s__Gemmiger qucibialis,d10ac2ba,19270000,51,DNA,10000,1927,True,0.8859223383800148,0.9209296289302672,0.903425983655141,0.9209296289302672,True,8,4230,5945,d__Bacteria;p__Bacillota;c__Clostridia;o__Oscillospirales;f__Oscillospiraceae;g__Oscillibacter;s__Oscillibacter valericigenes_B
20000,0.0010378827192527244,0.0072992700729927005,0.0010378827192527244,0.000336417157275021,1.0,1.0,0.0,/group/ctbrowngrp5/sourmash-db.new/gtdb-rs226/gtdb-rs226-k51.dna.rocksdb,GCA_034088685.1 Candidatus Aphodomonas sp.,823a89cfef8cc611843cfe22a8ea17fc,0.0072992700729927005,20000,137,9790000,outputs.mapping/bams.cds.rand/ERR1135282.x.s__Gemmiger qucibialis.fastq.gz,ERR1135282.x.s__Gemmiger qucibialis,d10ac2ba,19270000,51,DNA,10000,1927,True,0.8739631142390637,0.908036943774764,0.8910000290069138,0.908036943774764,True,2,4232,5945,d__Bacteria;p__Bacillota;c__Clostridia;o__Christensenellales;f__Aristaeellaceae;g__Aphodomonas;s__Aphodomonas sp004557805
1460000,0.07576543850544888,0.007434944237918215,0.0010378827192527244,0.000672834314550042,2.0,2.0,1.0,/group/ctbrowngrp5/sourmash-db.new/gtdb-rs226/gtdb-rs226-k51.dna.rocksdb,GCA_963652125.1 bacterium,d9ded6e75f04904a30a3f699434e369f,0.5427509293680297,20000,138,9770000,outputs.mapping/bams.cds.rand/ERR1135282.x.s__Gemmiger qucibialis.fastq.gz,ERR1135282.x.s__Gemmiger qucibialis,d10ac2ba,19270000,51,DNA,10000,1927,True,0.9506679350658631,0.9880890573945844,0.9693784962302238,0.9880890573945844,False,4,4236,5945,d__Bacteria;p__Bacillota;c__Clostridia;o__Oscillospirales;f__Ruminococcaceae;g__Gemmiger;s__Gemmiger qucibialis
410000,0.02127659574468085,0.006644518272425249,0.0010378827192527244,0.000336417157275021,1.0,1.0,0.0,/group/ctbrowngrp5/sourmash-db.new/gtdb-rs226/gtdb-rs226-k51.dna.rocksdb,GCA_937983685.1 uncultured Clostridia bacterium,3eb003c81b801112d24677c68316f595,0.1362126245847176,20000,139,9750000,outputs.mapping/bams.cds.rand/ERR1135282.x.s__Gemmiger qucibialis.fastq.gz,ERR1135282.x.s__Gemmiger qucibialis,d10ac2ba,19270000,51,DNA,10000,1927,True,0.9272861378461615,0.9616651322639685,0.944475635055065,0.9616651322639685,False,2,4238,5945,d__Bacteria;p__Bacillota;c__Clostridia;o__Oscillospirales;f__Ruminococcaceae;g__Gemmiger;s__Gemmiger sp900554145
20000,0.0010378827192527244,0.019230769230769232,0.0010378827192527244,0.006223717409587889,18.5,18.5,15.5,/group/ctbrowngrp5/sourmash-db.new/gtdb-rs226/gtdb-rs226-k51.dna.rocksdb,GCA_900546025.1 uncultured Mycoplasmatota bacterium,73374de2973acd459f3b1a08747e09d0,0.019230769230769232,20000,140,9730000,outputs.mapping/bams.cds.rand/ERR1135282.x.s__Gemmiger qucibialis.fastq.gz,ERR1135282.x.s__Gemmiger qucibialis,d10ac2ba,19270000,51,DNA,10000,1927,True,0.8739631142390637,0.925449820692602,0.8997064674658328,0.925449820692602,True,37,4275,5945,d__Bacteria;p__Bacillota;c__Bacilli;o__RF39;f__UBA660;g__CAG-710;s__CAG-710 sp000432595
100000,0.005189413596263622,0.00558659217877095,0.0010378827192527244,0.000672834314550042,2.0,2.0,0.0,/group/ctbrowngrp5/sourmash-db.new/gtdb-rs226/gtdb-rs226-k51.dna.rocksdb,GCA_959023455.1 uncultured Lachnospiraceae bacterium,8e490628b4fcb22b6ae99a2643802192,0.027932960893854747,20000,141,9710000,outputs.mapping/bams.cds.rand/ERR1135282.x.s__Gemmiger qucibialis.fastq.gz,ERR1135282.x.s__Gemmiger qucibialis,d10ac2ba,19270000,51,DNA,10000,1927,True,0.9019830943699245,0.9322485259983326,0.9171158101841286,0.9322485259983326,False,4,4279,5945,d__Bacteria;p__Bacillota;c__Clostridia;o__Lachnospirales;f__Lachnospiraceae;g__CAG-510;s__CAG-510 sp000434615
100000,0.005189413596263622,0.0057306590257879654,0.0010378827192527244,0.0008410428931875525,2.5,2.5,1.5,/group/ctbrowngrp5/sourmash-db.new/gtdb-rs226/gtdb-rs226-k51.dna.rocksdb,GCF_037572415.1 Pseudoflavonifractor sp. P01024,853b74ff0e971a8d04e588dd92eaa919,0.02865329512893983,20000,142,9690000,outputs.mapping/bams.cds.rand/ERR1135282.x.s__Gemmiger qucibialis.fastq.gz,ERR1135282.x.s__Gemmiger qucibialis,d10ac2ba,19270000,51,DNA,10000,1927,True,0.9019830943699245,0.9327140547337166,0.9173485745518206,0.9327140547337166,False,5,4284,5945,d__Bacteria;p__Bacillota;c__Clostridia;o__Oscillospirales;f__Oscillospiraceae;g__Flavonifractor;s__Flavonifractor sp022785125
20000,0.0010378827192527244,0.014388489208633094,0.0010378827192527244,0.000672834314550042,2.0,2.0,1.0,/group/ctbrowngrp5/sourmash-db.new/gtdb-rs226/gtdb-rs226-k51.dna.rocksdb,GCA_004552505.1 Clostridiales bacterium,b860b1b2a5fb379265989c13cf3d4a56,0.014388489208633094,20000,143,9670000,outputs.mapping/bams.cds.rand/ERR1135282.x.s__Gemmiger qucibialis.fastq.gz,ERR1135282.x.s__Gemmiger qucibialis,d10ac2ba,19270000,51,DNA,10000,1927,True,0.8739631142390637,0.9202008940690722,0.8970820041540679,0.9202008940690722,True,4,4288,5945,d__Bacteria;p__Bacillota;c__Clostridia;o__Oscillospirales;f__Oscillospiraceae;g__F23-B02;s__F23-B02 sp000431075
1780000,0.09237156201349248,0.008547008547008548,0.0010378827192527244,0.000672834314550042,2.0,2.0,1.0,/group/ctbrowngrp5/sourmash-db.new/gtdb-rs226/gtdb-rs226-k51.dna.rocksdb,GCA_034174305.1 Gemmiger qucibialis,085bbb933225d7a6722bd06e3adfb201,0.7606837606837606,20000,144,9650000,outputs.mapping/bams.cds.rand/ERR1135282.x.s__Gemmiger qucibialis.fastq.gz,ERR1135282.x.s__Gemmiger qucibialis,d10ac2ba,19270000,51,DNA,10000,1927,True,0.9543692482302965,0.9946508761191364,0.9745100621747165,0.9946508761191364,False,4,4292,5945,d__Bacteria;p__Bacillota;c__Clostridia;o__Oscillospirales;f__Ruminococcaceae;g__Gemmiger;s__Gemmiger qucibialis
30000,0.0015568240788790867,0.008130081300813009,0.0010378827192527244,0.000672834314550042,2.0,2.0,1.0,/group/ctbrowngrp5/sourmash-db.new/gtdb-rs226/gtdb-rs226-k51.dna.rocksdb,GCA_034104845.1 Faecousia sp.,c5f4e412987be8fd84e169a910538f11,0.012195121951219513,20000,145,9630000,outputs.mapping/bams.cds.rand/ERR1135282.x.s__Gemmiger qucibialis.fastq.gz,ERR1135282.x.s__Gemmiger qucibialis,d10ac2ba,19270000,51,DNA,10000,1927,True,0.8809390736254634,0.9172215253297448,0.8990802994776042,0.9172215253297448,True,4,4296,5945,d__Bacteria;p__Bacillota;c__Clostridia;o__Oscillospirales;f__Oscillospiraceae;g__Faecousia;s__Faecousia sp034104845
50000,0.002594706798131811,0.005291005291005291,0.0010378827192527244,0.001682085786375105,5.0,5.0,3.0,/group/ctbrowngrp5/sourmash-db.new/gtdb-rs226/gtdb-rs226-k51.dna.rocksdb,GCA_004552745.1 Bacteroidales bacterium,3e08b90199a5db83c0a22b1dda3b56da,0.013227513227513227,20000,146,9610000,outputs.mapping/bams.cds.rand/ERR1135282.x.s__Gemmiger qucibialis.fastq.gz,ERR1135282.x.s__Gemmiger qucibialis,d10ac2ba,19270000,51,DNA,10000,1927,True,0.88980706321053,0.9186841832521313,0.9042456232313307,0.9186841832521313,True,10,4306,5945,d__Bacteria;p__Bacteroidota;c__Bacteroidia;o__Bacteroidales;f__UBA932;g__Cryptobacteroides;s__Cryptobacteroides sp000433355
1580000,0.08199273482096522,0.005494505494505495,0.0010378827192527244,0.000672834314550042,2.0,2.0,1.0,/group/ctbrowngrp5/sourmash-db.new/gtdb-rs226/gtdb-rs226-k51.dna.rocksdb,GCA_021730695.1 Oscillospiraceae bacterium SCCA1,9d4b30c2bd096013dca607233e6287d5,0.4340659340659341,20000,147,9590000,outputs.mapping/bams.cds.rand/ERR1135282.x.s__Gemmiger qucibialis.fastq.gz,ERR1135282.x.s__Gemmiger qucibialis,d10ac2ba,19270000,51,DNA,10000,1927,True,0.9521414631184153,0.983769262537614,0.9679553628280146,0.983769262537614,False,4,4310,5945,d__Bacteria;p__Bacillota;c__Clostridia;o__Oscillospirales;f__Ruminococcaceae;g__Gemmiger;s__Gemmiger qucibialis
260000,0.013492475350285417,0.009433962264150943,0.0010378827192527244,0.000672834314550042,2.0,2.0,1.0,/group/ctbrowngrp5/sourmash-db.new/gtdb-rs226/gtdb-rs226-k51.dna.rocksdb,GCA_948467085.1 uncultured Subdoligranulum sp.,b5cdc944545a73a81165412e4ff5dd6d,0.12264150943396226,20000,148,9570000,outputs.mapping/bams.cds.rand/ERR1135282.x.s__Gemmiger qucibialis.fastq.gz,ERR1135282.x.s__Gemmiger qucibialis,d10ac2ba,19270000,51,DNA,10000,1927,True,0.9190415155473847,0.9596881821131162,0.9393648488302504,0.9596881821131162,False,4,4314,5945,d__Bacteria;p__Bacillota;c__Clostridia;o__Oscillospirales;f__Ruminococcaceae;g__Gemmiger;s__Gemmiger sp900554145
40000,0.0020757654385054488,0.00980392156862745,0.0010378827192527244,0.000336417157275021,1.0,1.0,0.0,/group/ctbrowngrp5/sourmash-db.new/gtdb-rs226/gtdb-rs226-k51.dna.rocksdb,GCA_945990605.1 uncultured bacterium,8c0a9ce99dd1b4d8b1e36aa8e20dfdda,0.0196078431372549,20000,149,9550000,outputs.mapping/bams.cds.rand/ERR1135282.x.s__Gemmiger qucibialis.fastq.gz,ERR1135282.x.s__Gemmiger qucibialis,d10ac2ba,19270000,51,DNA,10000,1927,True,0.8859223383800148,0.9258022498221521,0.9058622941010834,0.9258022498221521,True,2,4316,5945,d__Bacteria;p__Bacillota;c__Clostridia;o__Oscillospirales;f__Oscillospiraceae;g__Limivicinus;s__Limivicinus sp004560305
20000,0.0010378827192527244,0.006944444444444444,0.0010378827192527244,0.000336417157275021,1.0,1.0,0.0,/group/ctbrowngrp5/sourmash-db.new/gtdb-rs226/gtdb-rs226-k51.dna.rocksdb,GCA_945915995.1 uncultured Clostridia bacterium,30b05fa6b454528eca9ea1d29967bc3c,0.006944444444444444,20000,150,9530000,outputs.mapping/bams.cds.rand/ERR1135282.x.s__Gemmiger qucibialis.fastq.gz,ERR1135282.x.s__Gemmiger qucibialis,d10ac2ba,19270000,51,DNA,10000,1927,True,0.8739631142390637,0.9071501293291512,0.8905566217841074,0.9071501293291512,True,2,4318,5945,d__Bacteria;p__Bacillota;c__Clostridia;o__Oscillospirales;f__Ruminococcaceae;g__Negativibacillus;s__Negativibacillus massiliensis
1350000,0.0700570835495589,0.00881057268722467,0.0010378827192527244,0.000336417157275021,1.0,1.0,0.0,/group/ctbrowngrp5/sourmash-db.new/gtdb-rs226/gtdb-rs226-k51.dna.rocksdb,GCA_958450965.1 uncultured Oscillospiraceae bacterium,d2271e6d8764f2bcf13842fa962c8e9b,0.5947136563876652,20000,151,9510000,outputs.mapping/bams.cds.rand/ERR1135282.x.s__Gemmiger qucibialis.fastq.gz,ERR1135282.x.s__Gemmiger qucibialis,d10ac2ba,19270000,51,DNA,10000,1927,True,0.9492089073619717,0.9898620286462735,0.9695354680041226,0.9898620286462735,False,2,4320,5945,d__Bacteria;p__Bacillota;c__Clostridia;o__Oscillospirales;f__Ruminococcaceae;g__Gemmiger;s__Gemmiger qucibialis
80000,0.0041515308770108976,0.004464285714285714,0.0010378827192527244,0.0005046257359125315,1.5,1.5,0.5,/group/ctbrowngrp5/sourmash-db.new/gtdb-rs226/gtdb-rs226-k51.dna.rocksdb,GCA_017741545.1 Escherichia coli,45d4ccd9f42c3fd72d05858302da4102,0.017857142857142856,20000,152,9490000,outputs.mapping/bams.cds.rand/ERR1135282.x.s__Gemmiger qucibialis.fastq.gz,ERR1135282.x.s__Gemmiger qucibialis,d10ac2ba,19270000,51,DNA,10000,1927,True,0.8980452113520474,0.9241060284450854,0.9110756198985663,0.9241060284450854,False,3,4323,5945,d__Bacteria;p__Pseudomonadota;c__Gammaproteobacteria;o__Enterobacterales;f__Enterobacteriaceae;g__Escherichia;s__Escherichia coli
30000,0.0015568240788790867,0.010471204188481676,0.0010378827192527244,0.001682085786375105,5.0,5.0,3.0,/group/ctbrowngrp5/sourmash-db.new/gtdb-rs226/gtdb-rs226-k51.dna.rocksdb,GCA_022773205.1 Clostridiales bacterium,83c0fb229f8311376e46325e6a31ab9a,0.015706806282722512,20000,153,9470000,outputs.mapping/bams.cds.rand/ERR1135282.x.s__Gemmiger qucibialis.fastq.gz,ERR1135282.x.s__Gemmiger qucibialis,d10ac2ba,19270000,51,DNA,10000,1927,True,0.8809390736254634,0.9217840185503966,0.9013615460879301,0.9217840185503966,True,10,4333,5945,d__Bacteria;p__Bacillota;c__Clostridia;o__Oscillospirales;f__Oscillospiraceae;g__Faecousia;s__Faecousia sp945963595
20000,0.0010378827192527244,0.007722007722007722,0.0010378827192527244,0.000336417157275021,1.0,1.0,0.0,/group/ctbrowngrp5/sourmash-db.new/gtdb-rs226/gtdb-rs226-k51.dna.rocksdb,GCA_022776825.1 Clostridiales bacterium,4952d26558469a5eeb9b6296150bd0f0,0.007722007722007722,20000,154,9450000,outputs.mapping/bams.cds.rand/ERR1135282.x.s__Gemmiger qucibialis.fastq.gz,ERR1135282.x.s__Gemmiger qucibialis,d10ac2ba,19270000,51,DNA,10000,1927,True,0.8739631142390637,0.9090398996286563,0.89150150693386,0.9090398996286563,True,2,4335,5945,d__Bacteria;p__Bacillota;c__Clostridia;o__Oscillospirales;f__UMGS1384;g__JAAZKA01;s__JAAZKA01 sp016297585
20000,0.0010378827192527244,0.00975609756097561,0.0010378827192527244,0.001345668629100084,4.0,4.0,0.0,/group/ctbrowngrp5/sourmash-db.new/gtdb-rs226/gtdb-rs226-k51.dna.rocksdb,GCA_037308855.1 bacterium,f73f0b434d325ae1cc83b8c515ae82fd,0.00975609756097561,20000,155,9430000,outputs.mapping/bams.cds.rand/ERR1135282.x.s__Gemmiger qucibialis.fastq.gz,ERR1135282.x.s__Gemmiger qucibialis,d10ac2ba,19270000,51,DNA,10000,1927,True,0.8739631142390637,0.9132171142817191,0.8935901142603915,0.9132171142817191,True,8,4343,5945,d__Bacteria;p__Bacillota;c__Clostridia;o__Oscillospirales;f__Oscillospiraceae;g__Limivicinus;s__Limivicinus sp900547315
20000,0.0010378827192527244,0.012422360248447204,0.0010378827192527244,0.000336417157275021,1.0,1.0,0.0,/group/ctbrowngrp5/sourmash-db.new/gtdb-rs226/gtdb-rs226-k51.dna.rocksdb,GCA_016296825.1 Oscillospiraceae bacterium,bab30776ee40882223a30b4234345197,0.012422360248447204,20000,156,9410000,outputs.mapping/bams.cds.rand/ERR1135282.x.s__Gemmiger qucibialis.fastq.gz,ERR1135282.x.s__Gemmiger qucibialis,d10ac2ba,19270000,51,DNA,10000,1927,True,0.8739631142390637,0.9175536207579207,0.8957583674984921,0.9175536207579207,True,2,4345,5945,d__Bacteria;p__Bacillota;c__Clostridia;o__Oscillospirales;f__Ruminococcaceae;g__UMGS1668;s__UMGS1668 sp004556975
90000,0.00467047223663726,0.008333333333333333,0.0010378827192527244,0.0005046257359125315,1.5,1.5,0.5,/group/ctbrowngrp5/sourmash-db.new/gtdb-rs226/gtdb-rs226-k51.dna.rocksdb,GCA_037438225.1 Gemmiger sp.,ddc9272606e2a6a37c84b99cfe7ad161,0.0375,20000,157,9390000,outputs.mapping/bams.cds.rand/ERR1135282.x.s__Gemmiger qucibialis.fastq.gz,ERR1135282.x.s__Gemmiger qucibialis,d10ac2ba,19270000,51,DNA,10000,1927,True,0.9001216177600209,0.9376479938860117,0.9188848058230163,0.9376479938860117,False,3,4348,5945,d__Bacteria;p__Bacillota;c__Clostridia;o__Oscillospirales;f__Ruminococcaceae;g__Gemmiger;s__Gemmiger sp900539695
20000,0.0010378827192527244,0.002840909090909091,0.0005189413596263622,0.0001682085786375105,1.0,1.0,0.0,/group/ctbrowngrp5/sourmash-db.new/gtdb-rs226/gtdb-rs226-k51.dna.rocksdb,GCF_027697445.1 Mediterraneibacter gnavus,236040bd67007dd4d08974fe81001a8d,0.005681818181818182,10000,158,9380000,outputs.mapping/bams.cds.rand/ERR1135282.x.s__Gemmiger qucibialis.fastq.gz,ERR1135282.x.s__Gemmiger qucibialis,d10ac2ba,19270000,51,DNA,10000,1927,True,0.8739631142390637,0.9035877610647627,0.8887754376519132,0.9035877610647627,True,1,4349,5945,d__Bacteria;p__Bacillota;c__Clostridia;o__Lachnospirales;f__Lachnospiraceae;g__Ruminococcus_B;s__Ruminococcus_B gnavus
10000,0.0005189413596263622,0.004484304932735426,0.0005189413596263622,0.0005046257359125315,3.0,3.0,0.0,/group/ctbrowngrp5/sourmash-db.new/gtdb-rs226/gtdb-rs226-k51.dna.rocksdb,GCF_902388255.1 Megasphaera elsdenii,b1dd3dfb8483d5785afe8845a82cdde2,0.004484304932735426,10000,159,9370000,outputs.mapping/bams.cds.rand/ERR1135282.x.s__Gemmiger qucibialis.fastq.gz,ERR1135282.x.s__Gemmiger qucibialis,d10ac2ba,19270000,51,DNA,10000,1927,True,0.8621653298043457,0.8994039832126721,0.8807846565085089,0.8994039832126721,True,3,4352,5945,d__Bacteria;p__Bacillota;c__Negativicutes;o__Veillonellales;f__Megasphaeraceae;g__Megasphaera;s__Megasphaera elsdenii
10000,0.0005189413596263622,0.003278688524590164,0.0005189413596263622,0.0001682085786375105,1.0,1.0,0.0,/group/ctbrowngrp5/sourmash-db.new/gtdb-rs226/gtdb-rs226-k51.dna.rocksdb,GCA_949050245.1 uncultured Muribaculaceae bacterium,dc0d92f381bf4a0d0b432b67245f2d78,0.003278688524590164,10000,160,9360000,outputs.mapping/bams.cds.rand/ERR1135282.x.s__Gemmiger qucibialis.fastq.gz,ERR1135282.x.s__Gemmiger qucibialis,d10ac2ba,19270000,51,DNA,10000,1927,True,0.8621653298043457,0.8938985616055892,0.8780319457049675,0.8938985616055892,True,1,4353,5945,d__Bacteria;p__Bacteroidota;c__Bacteroidia;o__Bacteroidales;f__Muribaculaceae;g__UBA7173;s__UBA7173 sp910586565
20000,0.0010378827192527244,0.004291845493562232,0.0005189413596263622,0.0008410428931875525,5.0,5.0,0.0,/group/ctbrowngrp5/sourmash-db.new/gtdb-rs226/gtdb-rs226-k51.dna.rocksdb,GCF_900011445.1 Streptococcus suis,5db85f169dd5c99969d7d1df9a4078d3,0.008583690987124463,10000,161,9350000,outputs.mapping/bams.cds.rand/ERR1135282.x.s__Gemmiger qucibialis.fastq.gz,ERR1135282.x.s__Gemmiger qucibialis,d10ac2ba,19270000,51,DNA,10000,1927,True,0.8739631142390637,0.9109274836213538,0.8924452989302087,0.9109274836213538,True,5,4358,5945,d__Bacteria;p__Bacillota;c__Bacilli;o__Lactobacillales;f__Streptococcaceae;g__Streptococcus;s__Streptococcus suis
10000,0.0005189413596263622,0.010752688172043012,0.0005189413596263622,0.0001682085786375105,1.0,1.0,0.0,/group/ctbrowngrp5/sourmash-db.new/gtdb-rs226/gtdb-rs226-k51.dna.rocksdb,GCA_902491715.1 uncultured Clostridium sp.,3fab4be97fc3262e2efce0cd755f1a48,0.010752688172043012,10000,162,9340000,outputs.mapping/bams.cds.rand/ERR1135282.x.s__Gemmiger qucibialis.fastq.gz,ERR1135282.x.s__Gemmiger qucibialis,d10ac2ba,19270000,51,DNA,10000,1927,True,,,,,True,1,4359,5945,d__Bacteria;p__Bacillota;c__Bacilli;o__RF39;f__UBA660;g__CAG-1193;s__CAG-1193 sp900550145
10000,0.0005189413596263622,0.004608294930875576,0.0005189413596263622,0.0001682085786375105,1.0,1.0,0.0,/group/ctbrowngrp5/sourmash-db.new/gtdb-rs226/gtdb-rs226-k51.dna.rocksdb,GCA_949011185.1 uncultured Oscillibacter sp.,0145b578309fb385ab99432cdc7e53fe,0.004608294930875576,10000,163,9330000,outputs.mapping/bams.cds.rand/ERR1135282.x.s__Gemmiger qucibialis.fastq.gz,ERR1135282.x.s__Gemmiger qucibialis,d10ac2ba,19270000,51,DNA,10000,1927,True,0.8621653298043457,0.8998851063638268,0.8810252180840863,0.8998851063638268,True,1,4360,5945,d__Bacteria;p__Bacillota;c__Clostridia;o__Oscillospirales;f__Oscillospiraceae;g__Oscillibacter;s__Oscillibacter sp009774015
10000,0.0005189413596263622,0.004329004329004329,0.0005189413596263622,0.0005046257359125315,3.0,3.0,0.0,/group/ctbrowngrp5/sourmash-db.new/gtdb-rs226/gtdb-rs226-k51.dna.rocksdb,GCA_945948085.1 uncultured Treponema sp.,4fd6542dd0a8b4d731ac1fe98c8fe6f8,0.004329004329004329,10000,164,9320000,outputs.mapping/bams.cds.rand/ERR1135282.x.s__Gemmiger qucibialis.fastq.gz,ERR1135282.x.s__Gemmiger qucibialis,d10ac2ba,19270000,51,DNA,10000,1927,True,0.8621653298043457,0.8987826226929593,0.8804739762486524,0.8987826226929593,True,3,4363,5945,d__Bacteria;p__Spirochaetota;c__Spirochaetia;o__Treponematales;f__Treponemataceae;g__Treponema_D;s__Treponema_D sp022773305
50000,0.002594706798131811,0.0019120458891013384,0.0005189413596263622,0.0001682085786375105,1.0,1.0,0.0,/group/ctbrowngrp5/sourmash-db.new/gtdb-rs226/gtdb-rs226-k51.dna.rocksdb,GCF_002160525.1 Lachnoclostridium sp. An169,d5bf60706f9b2fa70b450a2a1ca490dd,0.009560229445506692,10000,165,9310000,outputs.mapping/bams.cds.rand/ERR1135282.x.s__Gemmiger qucibialis.fastq.gz,ERR1135282.x.s__Gemmiger qucibialis,d10ac2ba,19270000,51,DNA,10000,1927,True,0.88980706321053,0.9128540348940285,0.9013305490522793,0.9128540348940285,True,1,4364,5945,d__Bacteria;p__Bacillota;c__Clostridia;o__Lachnospirales;f__Lachnospiraceae;g__Mediterraneibacter;s__Mediterraneibacter cottocaccae
10000,0.0005189413596263622,0.004878048780487805,0.0005189413596263622,0.000336417157275021,2.0,2.0,0.0,/group/ctbrowngrp5/sourmash-db.new/gtdb-rs226/gtdb-rs226-k51.dna.rocksdb,GCA_945963175.1 uncultured Ruminococcus sp.,82155411308082a1fd7b8e1824ab1183,0.004878048780487805,10000,166,9300000,outputs.mapping/bams.cds.rand/ERR1135282.x.s__Gemmiger qucibialis.fastq.gz,ERR1135282.x.s__Gemmiger qucibialis,d10ac2ba,19270000,51,DNA,10000,1927,True,0.8621653298043457,0.9008894330777228,0.8815273814410343,0.9008894330777228,True,2,4366,5945,d__Bacteria;p__Bacillota;c__Clostridia;o__Oscillospirales;f__Acutalibacteraceae;g__CAG-177;s__CAG-177 sp003514385
10000,0.0005189413596263622,0.003861003861003861,0.0005189413596263622,0.000336417157275021,2.0,2.0,0.0,/group/ctbrowngrp5/sourmash-db.new/gtdb-rs226/gtdb-rs226-k51.dna.rocksdb,GCA_948876435.1 uncultured Oscillospiraceae bacterium,9bd36226b88d5d9b64fab28af1adee35,0.003861003861003861,10000,167,9290000,outputs.mapping/bams.cds.rand/ERR1135282.x.s__Gemmiger qucibialis.fastq.gz,ERR1135282.x.s__Gemmiger qucibialis,d10ac2ba,19270000,51,DNA,10000,1927,True,0.8621653298043457,0.8967686073925827,0.8794669685984642,0.8967686073925827,True,2,4368,5945,d__Bacteria;p__Bacillota;c__Clostridia;o__Oscillospirales;f__Ruminococcaceae;g__UBA7177;s__UBA7177 sp910579545
10000,0.0005189413596263622,0.004081632653061225,0.0005189413596263622,0.0001682085786375105,1.0,1.0,0.0,/group/ctbrowngrp5/sourmash-db.new/gtdb-rs226/gtdb-rs226-k51.dna.rocksdb,GCA_945836765.1 uncultured Bacteroidales bacterium,67af34fa7922e53181f00a05aa7bc684,0.004081632653061225,10000,168,9280000,outputs.mapping/bams.cds.rand/ERR1135282.x.s__Gemmiger qucibialis.fastq.gz,ERR1135282.x.s__Gemmiger qucibialis,d10ac2ba,19270000,51,DNA,10000,1927,True,0.8621653298043457,0.897746263416111,0.8799557966102283,0.897746263416111,True,1,4369,5945,d__Bacteria;p__Bacteroidota;c__Bacteroidia;o__Bacteroidales;f__Bacteroidaceae;g__Alloprevotella;s__Alloprevotella sp004555055
10000,0.0005189413596263622,0.004975124378109453,0.0005189413596263622,0.0001682085786375105,1.0,1.0,0.0,/group/ctbrowngrp5/sourmash-db.new/gtdb-rs226/gtdb-rs226-k51.dna.rocksdb,GCA_959607635.1 uncultured Oscillospiraceae bacterium,96cadcfe4f3abb76bd875a4c50178c43,0.004975124378109453,10000,169,9270000,outputs.mapping/bams.cds.rand/ERR1135282.x.s__Gemmiger qucibialis.fastq.gz,ERR1135282.x.s__Gemmiger qucibialis,d10ac2ba,19270000,51,DNA,10000,1927,True,0.8621653298043457,0.9012375805331682,0.881701455168757,0.9012375805331682,True,1,4370,5945,d__Bacteria;p__Bacillota;c__Clostridia;o__Oscillospirales;f__Oscillospiraceae;g__Hominicoprocola;s__Hominicoprocola sp003522105
40000,0.0020757654385054488,0.0049504950495049506,0.0005189413596263622,0.0001682085786375105,1.0,1.0,0.0,/group/ctbrowngrp5/sourmash-db.new/gtdb-rs226/gtdb-rs226-k51.dna.rocksdb,GCA_037071905.1 Acutalibacteraceae bacterium,c93073522e875d3c9e8f98bb4cb6401d,0.019801980198019802,10000,170,9260000,outputs.mapping/bams.cds.rand/ERR1135282.x.s__Gemmiger qucibialis.fastq.gz,ERR1135282.x.s__Gemmiger qucibialis,d10ac2ba,19270000,51,DNA,10000,1927,True,0.8859223383800148,0.9259811156908632,0.9059517270354389,0.9259811156908632,True,1,4371,5945,d__Bacteria;p__Bacillota;c__Clostridia;o__Oscillospirales;f__Acutalibacteraceae;g__Fimenecus;s__Fimenecus sp000432435
10000,0.0005189413596263622,0.005649717514124294,0.0005189413596263622,0.0001682085786375105,1.0,1.0,0.0,/group/ctbrowngrp5/sourmash-db.new/gtdb-rs226/gtdb-rs226-k51.dna.rocksdb,GCA_958429325.1 uncultured Oscillospiraceae bacterium,365c44566eafba8e2adcb84412623d0b,0.005649717514124294,10000,171,9250000,outputs.mapping/bams.cds.rand/ERR1135282.x.s__Gemmiger qucibialis.fastq.gz,ERR1135282.x.s__Gemmiger qucibialis,d10ac2ba,19270000,51,DNA,10000,1927,True,0.8621653298043457,0.9034873844621032,0.8828263571332244,0.9034873844621032,True,1,4372,5945,d__Bacteria;p__Bacillota;c__Clostridia;o__Oscillospirales;f__Oscillospiraceae;g__Vescimonas;s__Vescimonas sp900552475
10000,0.0005189413596263622,0.014285714285714285,0.0005189413596263622,0.0005046257359125315,3.0,3.0,0.0,/group/ctbrowngrp5/sourmash-db.new/gtdb-rs226/gtdb-rs226-k51.dna.rocksdb,GCA_948631615.1 uncultured Metamycoplasma sp.,8577eb61716f9e7e3ef685fe0031b889,0.014285714285714285,10000,172,9240000,outputs.mapping/bams.cds.rand/ERR1135282.x.s__Gemmiger qucibialis.fastq.gz,ERR1135282.x.s__Gemmiger qucibialis,d10ac2ba,19270000,51,DNA,10000,1927,True,,,,,True,3,4375,5945,d__Bacteria;p__Bacillota;c__Bacilli;o__Mycoplasmatales;f__Metamycoplasmataceae;g__UBA710;s__UBA710 sp002298905
30000,0.0015568240788790867,0.0036231884057971015,0.0005189413596263622,0.0001682085786375105,1.0,1.0,0.0,/group/ctbrowngrp5/sourmash-db.new/gtdb-rs226/gtdb-rs226-k51.dna.rocksdb,GCA_900759185.1 Clostridia bacterium,fd114736a73627142a6406139d9f0112,0.010869565217391304,10000,173,9230000,outputs.mapping/bams.cds.rand/ERR1135282.x.s__Gemmiger qucibialis.fastq.gz,ERR1135282.x.s__Gemmiger qucibialis,d10ac2ba,19270000,51,DNA,10000,1927,True,0.8809390736254634,0.9151543667379227,0.8980467201816931,0.9151543667379227,True,1,4376,5945,d__Bacteria;p__Bacillota;c__Clostridia;o__Christensenellales;f__Aristaeellaceae;g__Limiplasma;s__Limiplasma pullistercoris
10000,0.0005189413596263622,0.0026109660574412533,0.0005189413596263622,0.0005046257359125315,3.0,3.0,0.0,/group/ctbrowngrp5/sourmash-db.new/gtdb-rs226/gtdb-rs226-k51.dna.rocksdb,GCF_036938025.1 Segatella copri,3c862cb708a7bf48869d9fa8fea264e7,0.0026109660574412533,10000,174,9220000,outputs.mapping/bams.cds.rand/ERR1135282.x.s__Gemmiger qucibialis.fastq.gz,ERR1135282.x.s__Gemmiger qucibialis,d10ac2ba,19270000,51,DNA,10000,1927,True,0.8621653298043457,0.8899160584585208,0.8760406941314333,0.8899160584585208,True,3,4379,5945,d__Bacteria;p__Bacteroidota;c__Bacteroidia;o__Bacteroidales;f__Bacteroidaceae;g__Prevotella;s__Prevotella copri_K
10000,0.0005189413596263622,0.010526315789473684,0.0005189413596263622,0.001009251471825063,6.0,6.0,0.0,/group/ctbrowngrp5/sourmash-db.new/gtdb-rs226/gtdb-rs226-k51.dna.rocksdb,GCA_944350255.1 Candidatus Caccopulliclostridium gallistercoris,0a336fd0ee5111b1e16d0172dac309ec,0.010526315789473684,10000,175,9210000,outputs.mapping/bams.cds.rand/ERR1135282.x.s__Gemmiger qucibialis.fastq.gz,ERR1135282.x.s__Gemmiger qucibialis,d10ac2ba,19270000,51,DNA,10000,1927,True,0.8621653298043457,0.9145787486024968,0.8883720392034212,0.9145787486024968,True,6,4385,5945,d__Bacteria;p__Bacillota;c__Clostridia;o__Christensenellales;f__UBA1242;g__Caccopulliclostridium;s__Caccopulliclostridium gallistercoris
330000,0.017125064867669952,0.0029850746268656717,0.0005189413596263622,0.0001682085786375105,1.0,1.0,0.0,/group/ctbrowngrp5/sourmash-db.new/gtdb-rs226/gtdb-rs226-k51.dna.rocksdb,GCA_959028055.1 uncultured Subdoligranulum sp.,865e7485cdf73c237c83c0ebc75003dc,0.09850746268656717,10000,176,9200000,outputs.mapping/bams.cds.rand/ERR1135282.x.s__Gemmiger qucibialis.fastq.gz,ERR1135282.x.s__Gemmiger qucibialis,d10ac2ba,19270000,51,DNA,10000,1927,True,0.9233478403711564,0.9555735071947274,0.9394606737829418,0.9555735071947274,False,1,4386,5945,d__Bacteria;p__Bacillota;c__Clostridia;o__Oscillospirales;f__Ruminococcaceae;g__Gemmiger;s__Gemmiger formicilis
10000,0.0005189413596263622,0.005681818181818182,0.0005189413596263622,0.0001682085786375105,1.0,1.0,0.0,/group/ctbrowngrp5/sourmash-db.new/gtdb-rs226/gtdb-rs226-k51.dna.rocksdb,GCF_900198655.1 Helicobacter equorum,118cc974791b3caf0fb84977e2878694,0.005681818181818182,10000,177,9190000,outputs.mapping/bams.cds.rand/ERR1135282.x.s__Gemmiger qucibialis.fastq.gz,ERR1135282.x.s__Gemmiger qucibialis,d10ac2ba,19270000,51,DNA,10000,1927,True,0.8621653298043457,0.9035877610647627,0.8828765454345542,0.9035877610647627,True,1,4387,5945,d__Bacteria;p__Campylobacterota;c__Campylobacteria;o__Campylobacterales;f__Helicobacteraceae;g__Helicobacter_F;s__Helicobacter_F equorum_A
60000,0.0031136481577581734,0.005376344086021506,0.0005189413596263622,0.0001682085786375105,1.0,1.0,0.0,/group/ctbrowngrp5/sourmash-db.new/gtdb-rs226/gtdb-rs226-k51.dna.rocksdb,GCA_004551805.1 Faecalibacterium prausnitzii,767b22d8a49f276207a935d1d85c7c6a,0.03225806451612903,10000,178,9180000,outputs.mapping/bams.cds.rand/ERR1135282.x.s__Gemmiger qucibialis.fastq.gz,ERR1135282.x.s__Gemmiger qucibialis,d10ac2ba,19270000,51,DNA,10000,1927,True,0.8929937560993132,0.9348837561077591,0.9139387561035361,0.9348837561077591,True,1,4388,5945,d__Bacteria;p__Bacillota;c__Clostridia;o__Oscillospirales;f__Ruminococcaceae;g__Faecalibacterium;s__Faecalibacterium prausnitzii_E
70000,0.0036325895173845357,0.004807692307692308,0.0005189413596263622,0.0001682085786375105,1.0,1.0,0.0,/group/ctbrowngrp5/sourmash-db.new/gtdb-rs226/gtdb-rs226-k51.dna.rocksdb,GCA_028721965.1 Faecalibacterium sp.,9ec4b5d7b66ee293eb9a7c927b628705,0.03365384615384615,10000,179,9170000,outputs.mapping/bams.cds.rand/ERR1135282.x.s__Gemmiger qucibialis.fastq.gz,ERR1135282.x.s__Gemmiger qucibialis,d10ac2ba,19270000,51,DNA,10000,1927,True,0.8956969686611227,0.9356605688012104,0.9156787687311665,0.9356605688012104,False,1,4389,5945,d__Bacteria;p__Bacillota;c__Clostridia;o__Oscillospirales;f__Ruminococcaceae;g__Faecalibacterium;s__Faecalibacterium wellingii
10000,0.0005189413596263622,0.006369426751592357,0.0005189413596263622,0.0001682085786375105,1.0,1.0,0.0,/group/ctbrowngrp5/sourmash-db.new/gtdb-rs226/gtdb-rs226-k51.dna.rocksdb,GCA_938036455.1 uncultured Solobacterium sp.,c58c8cf99f5094ca7b6119157ee422bc,0.006369426751592357,10000,180,9160000,outputs.mapping/bams.cds.rand/ERR1135282.x.s__Gemmiger qucibialis.fastq.gz,ERR1135282.x.s__Gemmiger qucibialis,d10ac2ba,19270000,51,DNA,10000,1927,True,0.8621653298043457,0.9056140341181776,0.8838896819612616,0.9056140341181776,True,1,4390,5945,d__Bacteria;p__Bacillota;c__Bacilli;o__Erysipelotrichales;f__Erysipelotrichaceae;g__Holdemanella;s__Holdemanella porci
10000,0.0005189413596263622,0.005813953488372093,0.0005189413596263622,0.000336417157275021,2.0,2.0,0.0,/group/ctbrowngrp5/sourmash-db.new/gtdb-rs226/gtdb-rs226-k51.dna.rocksdb,GCA_958348405.1 uncultured Firmicutes bacterium,348ca1109c846ea5c2a87804d813867e,0.005813953488372093,10000,181,9150000,outputs.mapping/bams.cds.rand/ERR1135282.x.s__Gemmiger qucibialis.fastq.gz,ERR1135282.x.s__Gemmiger qucibialis,d10ac2ba,19270000,51,DNA,10000,1927,True,0.8621653298043457,0.903995167535116,0.8830802486697309,0.903995167535116,True,2,4392,5945,d__Bacteria;p__Bacillota;c__Clostridia;o__Christensenellales;f__CAG-917;g__CAG-475;s__CAG-475 sp000434435
20000,0.0010378827192527244,0.003676470588235294,0.0005189413596263622,0.000336417157275021,2.0,2.0,0.0,/group/ctbrowngrp5/sourmash-db.new/gtdb-rs226/gtdb-rs226-k51.dna.rocksdb,GCA_000210635.1 [Eubacterium] siraeum V10Sc8a,fb411161d01713d819f0ea0850876a49,0.007352941176470588,10000,182,9140000,outputs.mapping/bams.cds.rand/ERR1135282.x.s__Gemmiger qucibialis.fastq.gz,ERR1135282.x.s__Gemmiger qucibialis,d10ac2ba,19270000,51,DNA,10000,1927,True,0.8739631142390637,0.9081673906938506,0.8910652524664571,0.9081673906938506,True,2,4394,5945,d__Bacteria;p__Bacillota;c__Clostridia;o__Oscillospirales;f__Ruminococcaceae;g__Ruminiclostridium_E;s__Ruminiclostridium_E siraeum
10000,0.0005189413596263622,0.005,0.0005189413596263622,0.0001682085786375105,1.0,1.0,0.0,/group/ctbrowngrp5/sourmash-db.new/gtdb-rs226/gtdb-rs226-k51.dna.rocksdb,GCA_902489895.1 uncultured Eubacteriales bacterium,61ac6e4b90b97170022687bf32bd8780,0.005,10000,183,9130000,outputs.mapping/bams.cds.rand/ERR1135282.x.s__Gemmiger qucibialis.fastq.gz,ERR1135282.x.s__Gemmiger qucibialis,d10ac2ba,19270000,51,DNA,10000,1927,True,0.8621653298043457,0.9013257213104922,0.8817455255574189,0.9013257213104922,True,1,4395,5945,d__Bacteria;p__Bacillota;c__Clostridia;o__Oscillospirales;f__Oscillospiraceae;g__Onthomonas;s__Onthomonas sp900752305
10000,0.0005189413596263622,0.008264462809917356,0.0005189413596263622,0.0001682085786375105,1.0,1.0,0.0,/group/ctbrowngrp5/sourmash-db.new/gtdb-rs226/gtdb-rs226-k51.dna.rocksdb,GCA_928721785.1 uncultured Clostridia bacterium,2031887f3aad0c3600c75e01aa00b7b7,0.008264462809917356,10000,184,9120000,outputs.mapping/bams.cds.rand/ERR1135282.x.s__Gemmiger qucibialis.fastq.gz,ERR1135282.x.s__Gemmiger qucibialis,d10ac2ba,19270000,51,DNA,10000,1927,True,0.8621653298043457,0.9102508039235093,0.8862080668639275,0.9102508039235093,True,1,4396,5945,d__Bacteria;p__Bacillota;c__Clostridia;o__TANB77;f__CAG-508;g__CAG-273;s__CAG-273 sp000435755
120000,0.006227296315516347,0.002544529262086514,0.0005189413596263622,0.0001682085786375105,1.0,1.0,0.0,/group/ctbrowngrp5/sourmash-db.new/gtdb-rs226/gtdb-rs226-k51.dna.rocksdb,GCA_041335415.1 Blautia faecis,93a336a0f08178046cbad9469745726f,0.030534351145038167,10000,185,9110000,outputs.mapping/bams.cds.rand/ERR1135282.x.s__Gemmiger qucibialis.fastq.gz,ERR1135282.x.s__Gemmiger qucibialis,d10ac2ba,19270000,51,DNA,10000,1927,True,0.9052133936465567,0.9338776341705257,0.9195455139085412,0.9338776341705257,False,1,4397,5945,d__Bacteria;p__Bacillota;c__Clostridia;o__Lachnospirales;f__Lachnospiraceae;g__Blautia_A;s__Blautia_A faecis
20000,0.0010378827192527244,0.0026246719160104987,0.0005189413596263622,0.0001682085786375105,1.0,1.0,0.0,/group/ctbrowngrp5/sourmash-db.new/gtdb-rs226/gtdb-rs226-k51.dna.rocksdb,GCA_022771935.1 bacterium,46b1c2d1d8bb09a95671470ba00d748b,0.005249343832020997,10000,186,9100000,outputs.mapping/bams.cds.rand/ERR1135282.x.s__Gemmiger qucibialis.fastq.gz,ERR1135282.x.s__Gemmiger qucibialis,d10ac2ba,19270000,51,DNA,10000,1927,True,0.8739631142390637,0.9021861939660565,0.8880746541025601,0.9021861939660565,True,1,4398,5945,d__Bacteria;p__Bacillota;c__Clostridia;o__Lachnospirales;f__Lachnospiraceae;g__Oliverpabstia;s__Oliverpabstia sp004562915
10000,0.0005189413596263622,0.006097560975609756,0.0005189413596263622,0.004541631623212783,27.0,27.0,0.0,/group/ctbrowngrp5/sourmash-db.new/gtdb-rs226/gtdb-rs226-k51.dna.rocksdb,GCA_004558825.1 Clostridiales bacterium,12a92cec39cf7125a02fc53e50ee926b,0.006097560975609756,10000,187,9090000,outputs.mapping/bams.cds.rand/ERR1135282.x.s__Gemmiger qucibialis.fastq.gz,ERR1135282.x.s__Gemmiger qucibialis,d10ac2ba,19270000,51,DNA,10000,1927,True,0.8621653298043457,0.9048397878646056,0.8835025588344756,0.9048397878646056,True,27,4425,5945,d__Bacteria;p__Bacillota;c__Clostridia;o__Christensenellales;f__CAG-138;g__SFDB01;s__SFDB01 sp004558825
10000,0.0005189413596263622,0.003745318352059925,0.0005189413596263622,0.0008410428931875525,5.0,5.0,0.0,/group/ctbrowngrp5/sourmash-db.new/gtdb-rs226/gtdb-rs226-k51.dna.rocksdb,GCA_944385575.1 uncultured Flavonifractor sp.,1c29ba3e01d25017de55a854da1409e1,0.003745318352059925,10000,188,9080000,outputs.mapping/bams.cds.rand/ERR1135282.x.s__Gemmiger qucibialis.fastq.gz,ERR1135282.x.s__Gemmiger qucibialis,d10ac2ba,19270000,51,DNA,10000,1927,True,0.8621653298043457,0.8962338603010542,0.8791995950527,0.8962338603010542,True,5,4430,5945,d__Bacteria;p__Bacillota;c__Clostridia;o__Oscillospirales;f__Oscillospiraceae;g__Flavonifractor;s__Flavonifractor sp944385575
80000,0.0041515308770108976,0.0026455026455026454,0.0005189413596263622,0.0001682085786375105,1.0,1.0,0.0,/group/ctbrowngrp5/sourmash-db.new/gtdb-rs226/gtdb-rs226-k51.dna.rocksdb,GCA_003478775.1 Ruminococcus sp. AF21-3,fbbeb59569b9aa0a127fcb9963045dcb,0.021164021164021163,10000,189,9070000,outputs.mapping/bams.cds.rand/ERR1135282.x.s__Gemmiger qucibialis.fastq.gz,ERR1135282.x.s__Gemmiger qucibialis,d10ac2ba,19270000,51,DNA,10000,1927,True,0.8980452113520474,0.9271896859726793,0.9126174486623633,0.9271896859726793,False,1,4431,5945,d__Bacteria;p__Bacillota;c__Clostridia;o__Lachnospirales;f__Lachnospiraceae;g__Blautia_A;s__Blautia_A sp003471165
10000,0.0005189413596263622,0.004219409282700422,0.0005189413596263622,0.0001682085786375105,1.0,1.0,0.0,/group/ctbrowngrp5/sourmash-db.new/gtdb-rs226/gtdb-rs226-k51.dna.rocksdb,GCA_930981995.1 uncultured Selenomonadales bacterium,3f3c26284e557b8ce4f43aecbbceaccd,0.004219409282700422,10000,190,9060000,outputs.mapping/bams.cds.rand/ERR1135282.x.s__Gemmiger qucibialis.fastq.gz,ERR1135282.x.s__Gemmiger qucibialis,d10ac2ba,19270000,51,DNA,10000,1927,True,0.8621653298043457,0.898330834887376,0.8802480823458608,0.898330834887376,True,1,4432,5945,d__Bacteria;p__Bacillota;c__Clostridia;o__Christensenellales;f__QALW01;g__Neochristensenella;s__Neochristensenella gallicola
40000,0.0020757654385054488,0.00398406374501992,0.0005189413596263622,0.0001682085786375105,1.0,1.0,0.0,/group/ctbrowngrp5/sourmash-db.new/gtdb-rs226/gtdb-rs226-k51.dna.rocksdb,GCA_934524985.1 uncultured Faecalibacterium sp.,97abc1bb005f630422087118e9205a50,0.01593625498007968,10000,191,9050000,outputs.mapping/bams.cds.rand/ERR1135282.x.s__Gemmiger qucibialis.fastq.gz,ERR1135282.x.s__Gemmiger qucibialis,d10ac2ba,19270000,51,DNA,10000,1927,True,0.8859223383800148,0.9220461779660283,0.9039842581730215,0.9220461779660283,True,1,4433,5945,d__Bacteria;p__Bacillota;c__Clostridia;o__Oscillospirales;f__Ruminococcaceae;g__Faecalibacterium;s__Faecalibacterium sp934524985
10000,0.0005189413596263622,0.004291845493562232,0.0005189413596263622,0.0001682085786375105,1.0,1.0,0.0,/group/ctbrowngrp5/sourmash-db.new/gtdb-rs226/gtdb-rs226-k51.dna.rocksdb,GCA_034113585.1 Candidatus Ventricola sp.,d95c4745bfdb35ed0c5e996e7741ee88,0.004291845493562232,10000,192,9040000,outputs.mapping/bams.cds.rand/ERR1135282.x.s__Gemmiger qucibialis.fastq.gz,ERR1135282.x.s__Gemmiger qucibialis,d10ac2ba,19270000,51,DNA,10000,1927,True,0.8621653298043457,0.8986307105512661,0.8803980201778059,0.8986307105512661,True,1,4434,5945,d__Bacteria;p__Bacillota;c__Clostridia;o__Christensenellales;f__Aristaeellaceae;g__Ventricola;s__Ventricola sp004557905
10000,0.0005189413596263622,0.008771929824561403,0.0005189413596263622,0.0001682085786375105,1.0,1.0,0.0,/group/ctbrowngrp5/sourmash-db.new/gtdb-rs226/gtdb-rs226-k51.dna.rocksdb,GCA_022780765.1 Bacilli bacterium,9ce83249623a09edeafa0bcf6fab51a2,0.008771929824561403,10000,193,9030000,outputs.mapping/bams.cds.rand/ERR1135282.x.s__Gemmiger qucibialis.fastq.gz,ERR1135282.x.s__Gemmiger qucibialis,d10ac2ba,19270000,51,DNA,10000,1927,True,0.8621653298043457,0.911315028588222,0.8867401791962839,0.911315028588222,True,1,4435,5945,d__Bacteria;p__Bacillota;c__Bacilli;o__RFN20;f__CAG-288;g__Enterosoma;s__Enterosoma sp022780765
10000,0.0005189413596263622,0.008771929824561403,0.0005189413596263622,0.0001682085786375105,1.0,1.0,0.0,/group/ctbrowngrp5/sourmash-db.new/gtdb-rs226/gtdb-rs226-k51.dna.rocksdb,GCA_934096805.1 uncultured Bacilli bacterium,2853aa13e9e3cacba1148cd311aeee5a,0.008771929824561403,10000,194,9020000,outputs.mapping/bams.cds.rand/ERR1135282.x.s__Gemmiger qucibialis.fastq.gz,ERR1135282.x.s__Gemmiger qucibialis,d10ac2ba,19270000,51,DNA,10000,1927,True,0.8621653298043457,0.911315028588222,0.8867401791962839,0.911315028588222,True,1,4436,5945,d__Bacteria;p__Bacillota;c__Bacilli;o__RF39;f__UBA660;g__JAEDJI01;s__JAEDJI01 sp934096805
10000,0.0005189413596263622,0.005319148936170213,0.0005189413596263622,0.0001682085786375105,1.0,1.0,0.0,/group/ctbrowngrp5/sourmash-db.new/gtdb-rs226/gtdb-rs226-k51.dna.rocksdb,GCA_934519035.1 uncultured Faecalibacterium sp.,ed1bdae9a14c9578dc586a3ced340f23,0.005319148936170213,10000,195,9010000,outputs.mapping/bams.cds.rand/ERR1135282.x.s__Gemmiger qucibialis.fastq.gz,ERR1135282.x.s__Gemmiger qucibialis,d10ac2ba,19270000,51,DNA,10000,1927,True,0.8621653298043457,0.9024199122476589,0.8822926210260023,0.9024199122476589,True,1,4437,5945,d__Bacteria;p__Bacillota;c__Clostridia;o__Oscillospirales;f__Ruminococcaceae;g__Faecalibacterium;s__Faecalibacterium sp934547065
20000,0.0010378827192527244,0.004347826086956522,0.0005189413596263622,0.0001682085786375105,1.0,1.0,0.0,/group/ctbrowngrp5/sourmash-db.new/gtdb-rs226/gtdb-rs226-k51.dna.rocksdb,GCA_004552155.1 Bacteroidales bacterium,556a7ff8002ae193ea3c3c4aa52f29fe,0.008695652173913044,10000,196,9000000,outputs.mapping/bams.cds.rand/ERR1135282.x.s__Gemmiger qucibialis.fastq.gz,ERR1135282.x.s__Gemmiger qucibialis,d10ac2ba,19270000,51,DNA,10000,1927,True,0.8739631142390637,0.9111589805028507,0.8925610473709572,0.9111589805028507,True,1,4438,5945,d__Bacteria;p__Bacteroidota;c__Bacteroidia;o__Bacteroidales;f__Bacteroidaceae;g__Alloprevotella;s__Alloprevotella sp004552155
20000,0.0010378827192527244,0.004524886877828055,0.0005189413596263622,0.0001682085786375105,1.0,1.0,0.0,/group/ctbrowngrp5/sourmash-db.new/gtdb-rs226/gtdb-rs226-k51.dna.rocksdb,GCA_963657095.1 Bacteroidaceae bacterium,843b6de40a8d3c26250d943fa80ba31c,0.00904977375565611,10000,197,8990000,outputs.mapping/bams.cds.rand/ERR1135282.x.s__Gemmiger qucibialis.fastq.gz,ERR1135282.x.s__Gemmiger qucibialis,d10ac2ba,19270000,51,DNA,10000,1927,True,0.8739631142390637,0.9118724042710765,0.8929177592550701,0.9118724042710765,True,1,4439,5945,d__Bacteria;p__Bacillota;c__Clostridia;o__Oscillospirales;f__Oscillospiraceae;g__F23-B02;s__F23-B02 sp002472405
10000,0.0005189413596263622,0.005780346820809248,0.0005189413596263622,0.0001682085786375105,1.0,1.0,0.0,/group/ctbrowngrp5/sourmash-db.new/gtdb-rs226/gtdb-rs226-k51.dna.rocksdb,GCA_958407755.1 uncultured Eubacteriales bacterium,a6585cea41a2bdc2694326e950939b49,0.005780346820809248,10000,198,8980000,outputs.mapping/bams.cds.rand/ERR1135282.x.s__Gemmiger qucibialis.fastq.gz,ERR1135282.x.s__Gemmiger qucibialis,d10ac2ba,19270000,51,DNA,10000,1927,True,0.8621653298043457,0.9038924171716131,0.8830288734879794,0.9038924171716131,True,1,4440,5945,d__Bacteria;p__Bacillota;c__Clostridia;o__Peptostreptococcales;f__Anaerovoracaceae;g__Mogibacterium_A;s__Mogibacterium_A kristiansenii
10000,0.0005189413596263622,0.004651162790697674,0.0005189413596263622,0.0001682085786375105,1.0,1.0,0.0,/group/ctbrowngrp5/sourmash-db.new/gtdb-rs226/gtdb-rs226-k51.dna.rocksdb,GCA_900761025.1 Clostridia bacterium,af1a145c5be24b536d71a7bb59e75dd9,0.004651162790697674,10000,199,8970000,outputs.mapping/bams.cds.rand/ERR1135282.x.s__Gemmiger qucibialis.fastq.gz,ERR1135282.x.s__Gemmiger qucibialis,d10ac2ba,19270000,51,DNA,10000,1927,True,0.8621653298043457,0.90004850019656,0.8811069150004529,0.90004850019656,True,1,4441,5945,d__Bacteria;p__Bacillota;c__Clostridia;o__Oscillospirales;f__CAG-272;g__UMGS902;s__UMGS902 sp900761025
40000,0.0020757654385054488,0.0034129692832764505,0.0005189413596263622,0.0001682085786375105,1.0,1.0,0.0,/group/ctbrowngrp5/sourmash-db.new/gtdb-rs226/gtdb-rs226-k51.dna.rocksdb,GCF_020687265.1 Faecalibacterium longum CLA-AA-H236,0a08d1a41296538c27115fd3041ae274,0.013651877133105802,10000,200,8960000,outputs.mapping/bams.cds.rand/ERR1135282.x.s__Gemmiger qucibialis.fastq.gz,ERR1135282.x.s__Gemmiger qucibialis,d10ac2ba,19270000,51,DNA,10000,1927,True,0.8859223383800148,0.9192531876570533,0.902587763018534,0.9192531876570533,True,1,4442,5945,d__Bacteria;p__Bacillota;c__Clostridia;o__Oscillospirales;f__Ruminococcaceae;g__Faecalibacterium;s__Faecalibacterium longum
100000,0.005189413596263622,0.0028653295128939827,0.0005189413596263622,0.0001682085786375105,1.0,1.0,0.0,/group/ctbrowngrp5/sourmash-db.new/gtdb-rs226/gtdb-rs226-k51.dna.rocksdb,GCF_025567165.1 Laedolimicola ammoniilytica,e9b4c4dc99faf439ac298b177b82de44,0.02865329512893983,10000,201,8950000,outputs.mapping/bams.cds.rand/ERR1135282.x.s__Gemmiger qucibialis.fastq.gz,ERR1135282.x.s__Gemmiger qucibialis,d10ac2ba,19270000,51,DNA,10000,1927,True,0.9019830943699245,0.9327140547337166,0.9173485745518206,0.9327140547337166,False,1,4443,5945,d__Bacteria;p__Bacillota;c__Clostridia;o__Lachnospirales;f__Lachnospiraceae;g__Laedolimicola;s__Laedolimicola ammoniilytica
10000,0.0005189413596263622,0.004739336492890996,0.0005189413596263622,0.0001682085786375105,1.0,1.0,0.0,/group/ctbrowngrp5/sourmash-db.new/gtdb-rs226/gtdb-rs226-k51.dna.rocksdb,GCA_934838575.1 Ruminococcus bromii,ef08b97450104cba4a8be2e63d25f370,0.004739336492890996,10000,202,8940000,outputs.mapping/bams.cds.rand/ERR1135282.x.s__Gemmiger qucibialis.fastq.gz,ERR1135282.x.s__Gemmiger qucibialis,d10ac2ba,19270000,51,DNA,10000,1927,True,0.8621653298043457,0.900379988990409,0.8812726593973774,0.900379988990409,True,1,4444,5945,d__Bacteria;p__Bacillota;c__Clostridia;o__Oscillospirales;f__Acutalibacteraceae;g__Ruminococcoides;s__Ruminococcoides intestinale
10000,0.0005189413596263622,0.0033222591362126247,0.0005189413596263622,0.000336417157275021,2.0,2.0,0.0,/group/ctbrowngrp5/sourmash-db.new/gtdb-rs226/gtdb-rs226-k51.dna.rocksdb,GCA_022777665.1 Lachnospiraceae bacterium,b7870269a68b9fdab9ac049559ddefac,0.0033222591362126247,10000,203,8930000,outputs.mapping/bams.cds.rand/ERR1135282.x.s__Gemmiger qucibialis.fastq.gz,ERR1135282.x.s__Gemmiger qucibialis,d10ac2ba,19270000,51,DNA,10000,1927,True,0.8621653298043457,0.8941299800356292,0.8781476549199874,0.8941299800356292,True,2,4446,5945,d__Bacteria;p__Bacillota;c__Clostridia;o__Lachnospirales;f__Lachnospiraceae;g__Suilimivivens;s__Suilimivivens sp021628825
10000,0.0005189413596263622,0.0038461538461538464,0.0005189413596263622,0.0001682085786375105,1.0,1.0,0.0,/group/ctbrowngrp5/sourmash-db.new/gtdb-rs226/gtdb-rs226-k51.dna.rocksdb,GCA_038211425.1 Candidatus Limnocylindria bacterium,b6d89644025723a1d0150e825f001981,0.0038461538461538464,10000,204,8920000,outputs.mapping/bams.cds.rand/ERR1135282.x.s__Gemmiger qucibialis.fastq.gz,ERR1135282.x.s__Gemmiger qucibialis,d10ac2ba,19270000,51,DNA,10000,1927,True,0.8621653298043457,0.896700849952713,0.8794330898785294,0.896700849952713,True,1,4447,5945,d__Bacteria;p__Chloroflexota;c__Limnocylindria;o__P2-11E;f__P2-11E;g__JALYKU01;s__JALYKU01 sp038211425
10000,0.0005189413596263622,0.00392156862745098,0.0005189413596263622,0.0001682085786375105,1.0,1.0,0.0,/group/ctbrowngrp5/sourmash-db.new/gtdb-rs226/gtdb-rs226-k51.dna.rocksdb,GCA_029218345.1 bacterium,98430dce0f1c4fd7f54bcc73402face0,0.00392156862745098,10000,205,8910000,outputs.mapping/bams.cds.rand/ERR1135282.x.s__Gemmiger qucibialis.fastq.gz,ERR1135282.x.s__Gemmiger qucibialis,d10ac2ba,19270000,51,DNA,10000,1927,True,0.8621653298043457,0.8970423309200757,0.8796038303622107,0.8970423309200757,True,1,4448,5945,d__Bacteria;p__Bacteroidota;c__Bacteroidia;o__Bacteroidales;f__Muribaculaceae;g__Sodaliphilus;s__Sodaliphilus sp004559845
10000,0.0005189413596263622,0.004672897196261682,0.0005189413596263622,0.0001682085786375105,1.0,1.0,0.0,/group/ctbrowngrp5/sourmash-db.new/gtdb-rs226/gtdb-rs226-k51.dna.rocksdb,GCA_945877325.1 uncultured Bacteroidales bacterium,9f90d3ab28e20ec2ea75b877c54362ce,0.004672897196261682,10000,206,8900000,outputs.mapping/bams.cds.rand/ERR1135282.x.s__Gemmiger qucibialis.fastq.gz,ERR1135282.x.s__Gemmiger qucibialis,d10ac2ba,19270000,51,DNA,10000,1927,True,0.8621653298043457,0.9001307792101635,0.8811480545072545,0.9001307792101635,True,1,4449,5945,d__Bacteria;p__Bacteroidota;c__Bacteroidia;o__Bacteroidales;f__Muribaculaceae;g__CAG-873;s__CAG-873 sp004552485
10000,0.0005189413596263622,0.004048582995951417,0.0005189413596263622,0.0001682085786375105,1.0,1.0,0.0,/group/ctbrowngrp5/sourmash-db.new/gtdb-rs226/gtdb-rs226-k51.dna.rocksdb,GCA_034090015.1 Paludibacteraceae bacterium,942e04e0d9bf033977b7f313bde3fd1c,0.004048582995951417,10000,207,8890000,outputs.mapping/bams.cds.rand/ERR1135282.x.s__Gemmiger qucibialis.fastq.gz,ERR1135282.x.s__Gemmiger qucibialis,d10ac2ba,19270000,51,DNA,10000,1927,True,0.8621653298043457,0.8976031612871362,0.879884245545741,0.8976031612871362,True,1,4450,5945,d__Bacteria;p__Bacteroidota;c__Bacteroidia;o__Bacteroidales;f__Paludibacteraceae;g__Colicola;s__Colicola sp034090015
220000,0.011416709911779968,0.003289473684210526,0.0005189413596263622,0.0001682085786375105,1.0,1.0,0.0,/group/ctbrowngrp5/sourmash-db.new/gtdb-rs226/gtdb-rs226-k51.dna.rocksdb,GCA_963626055.1 Acutalibacteraceae bacterium,6195ee63193c9ac14e55bd200a7ce95f,0.07236842105263158,10000,208,8880000,outputs.mapping/bams.cds.rand/ERR1135282.x.s__Gemmiger qucibialis.fastq.gz,ERR1135282.x.s__Gemmiger qucibialis,d10ac2ba,19270000,51,DNA,10000,1927,True,0.916036055451184,0.9498132365455383,0.9329246459983611,0.9498132365455383,False,1,4451,5945,d__Bacteria;p__Bacillota;c__Clostridia;o__Oscillospirales;f__Ruminococcaceae;g__Gemmiger;s__Gemmiger sp963626055
10000,0.0005189413596263622,0.005952380952380952,0.0005189413596263622,0.0001682085786375105,1.0,1.0,0.0,/group/ctbrowngrp5/sourmash-db.new/gtdb-rs226/gtdb-rs226-k51.dna.rocksdb,GCA_016298075.1 Clostridia bacterium,2ba8b096608da7e45012c66a16eb165d,0.005952380952380952,10000,209,8870000,outputs.mapping/bams.cds.rand/ERR1135282.x.s__Gemmiger qucibialis.fastq.gz,ERR1135282.x.s__Gemmiger qucibialis,d10ac2ba,19270000,51,DNA,10000,1927,True,0.8621653298043457,0.9044123511398208,0.8832888404720832,0.9044123511398208,True,1,4452,5945,d__Bacteria;p__Bacillota;c__Clostridia;o__Christensenellales;f__CAG-138;g__SFEL01;s__SFEL01 sp004557245
70000,0.0036325895173845357,0.002857142857142857,0.0005189413596263622,0.0001682085786375105,1.0,1.0,0.0,/group/ctbrowngrp5/sourmash-db.new/gtdb-rs226/gtdb-rs226-k51.dna.rocksdb,GCF_040094645.1 Hominifimenecus microfluidus,a2a8b439ad2d9d788b26d702e75ae399,0.02,10000,210,8860000,outputs.mapping/bams.cds.rand/ERR1135282.x.s__Gemmiger qucibialis.fastq.gz,ERR1135282.x.s__Gemmiger qucibialis,d10ac2ba,19270000,51,DNA,10000,1927,True,0.8956969686611227,0.9261617964232596,0.9109293825421911,0.9261617964232596,False,1,4453,5945,d__Bacteria;p__Bacillota;c__Clostridia;o__Lachnospirales;f__Lachnospiraceae;g__Hominifimenecus;s__Hominifimenecus microfluidus
10000,0.0005189413596263622,0.003236245954692557,0.0005189413596263622,0.0008410428931875525,5.0,5.0,0.0,/group/ctbrowngrp5/sourmash-db.new/gtdb-rs226/gtdb-rs226-k51.dna.rocksdb,GCA_963926885.1 uncultured Eubacteriales bacterium,37b0717ae42fa4a42e835443c309243f,0.003236245954692557,10000,211,8850000,outputs.mapping/bams.cds.rand/ERR1135282.x.s__Gemmiger qucibialis.fastq.gz,ERR1135282.x.s__Gemmiger qucibialis,d10ac2ba,19270000,51,DNA,10000,1927,True,0.8621653298043457,0.8936702172154328,0.8779177735098893,0.8936702172154328,True,5,4458,5945,d__Bacteria;p__Bacillota;c__Clostridia;o__Christensenellales;f__Aristaeellaceae;g__Limiplasma;s__Limiplasma merdipullorum
70000,0.0036325895173845357,0.002932551319648094,0.0005189413596263622,0.0008410428931875525,5.0,5.0,0.0,/group/ctbrowngrp5/sourmash-db.new/gtdb-rs226/gtdb-rs226-k51.dna.rocksdb,GCA_022835175.1 Eubacteriales bacterium,68419b29d1eeee2ee9cb097926ec2f1c,0.020527859237536656,10000,212,8840000,outputs.mapping/bams.cds.rand/ERR1135282.x.s__Gemmiger qucibialis.fastq.gz,ERR1135282.x.s__Gemmiger qucibialis,d10ac2ba,19270000,51,DNA,10000,1927,True,0.8956969686611227,0.926634998483767,0.9111659835724448,0.926634998483767,False,5,4463,5945,d__Bacteria;p__Bacillota;c__Clostridia;o__Oscillospirales;f__Ruminococcaceae;g__Fimivivens;s__Fimivivens sp900113995
10000,0.0005189413596263622,0.0036496350364963502,0.0005189413596263622,0.0001682085786375105,1.0,1.0,0.0,/group/ctbrowngrp5/sourmash-db.new/gtdb-rs226/gtdb-rs226-k51.dna.rocksdb,GCA_004558465.1 Bacteroidales bacterium,1717ac675251252634bb28bfa942ff63,0.0036496350364963502,10000,213,8830000,outputs.mapping/bams.cds.rand/ERR1135282.x.s__Gemmiger qucibialis.fastq.gz,ERR1135282.x.s__Gemmiger qucibialis,d10ac2ba,19270000,51,DNA,10000,1927,True,0.8621653298043457,0.895779190619195,0.8789722602117703,0.895779190619195,True,1,4464,5945,d__Bacteria;p__Bacteroidota;c__Bacteroidia;o__Bacteroidales;f__UBA932;g__Cryptobacteroides;s__Cryptobacteroides sp000431015
70000,0.0036325895173845357,0.003663003663003663,0.0005189413596263622,0.0001682085786375105,1.0,1.0,0.0,/group/ctbrowngrp5/sourmash-db.new/gtdb-rs226/gtdb-rs226-k51.dna.rocksdb,GCA_041331895.1 Agathobacter rectalis,ecd1a7c1527e27adb6b98b827eac76d9,0.02564102564102564,10000,214,8820000,outputs.mapping/bams.cds.rand/ERR1135282.x.s__Gemmiger qucibialis.fastq.gz,ERR1135282.x.s__Gemmiger qucibialis,d10ac2ba,19270000,51,DNA,10000,1927,True,0.8956969686611227,0.9306848722547763,0.9131909204579495,0.9306848722547763,False,1,4465,5945,d__Bacteria;p__Bacillota;c__Clostridia;o__Lachnospirales;f__Lachnospiraceae;g__Agathobacter;s__Agathobacter rectalis
20000,0.0010378827192527244,0.00392156862745098,0.0005189413596263622,0.0005046257359125315,3.0,3.0,0.0,/group/ctbrowngrp5/sourmash-db.new/gtdb-rs226/gtdb-rs226-k51.dna.rocksdb,GCA_037423125.1 bacterium,75af1f101077c5dc209ee0419ba1bd19,0.00784313725490196,10000,215,8810000,outputs.mapping/bams.cds.rand/ERR1135282.x.s__Gemmiger qucibialis.fastq.gz,ERR1135282.x.s__Gemmiger qucibialis,d10ac2ba,19270000,51,DNA,10000,1927,True,0.8739631142390637,0.9093173687616155,0.8916402415003396,0.9093173687616155,True,3,4468,5945,d__Bacteria;p__Bacillota;c__Clostridia;o__Oscillospirales;f__Oscillospiraceae;g__Vescimonas;s__Vescimonas sp900552725
10000,0.0005189413596263622,0.006666666666666667,0.0005189413596263622,0.0005046257359125315,3.0,3.0,0.0,/group/ctbrowngrp5/sourmash-db.new/gtdb-rs226/gtdb-rs226-k51.dna.rocksdb,GCA_945915065.1 uncultured Clostridia bacterium,6d1f4f942ff3960496b8a9d2b1bcec92,0.006666666666666667,10000,216,8800000,outputs.mapping/bams.cds.rand/ERR1135282.x.s__Gemmiger qucibialis.fastq.gz,ERR1135282.x.s__Gemmiger qucibialis,d10ac2ba,19270000,51,DNA,10000,1927,True,0.8621653298043457,0.9064243085270774,0.8842948191657116,0.9064243085270774,True,3,4471,5945,d__Bacteria;p__Bacillota;c__Clostridia;o__Oscillospirales;f__Oscillospiraceae;g__Vescimonas;s__Vescimonas sp945915065
20000,0.0010378827192527244,0.005208333333333333,0.0005189413596263622,0.0001682085786375105,1.0,1.0,0.0,/group/ctbrowngrp5/sourmash-db.new/gtdb-rs226/gtdb-rs226-k51.dna.rocksdb,GCA_958438165.1 uncultured Oscillospiraceae bacterium,49f9b0e1f9225ae23b00fdd8fbd905c6,0.010416666666666666,10000,217,8790000,outputs.mapping/bams.cds.rand/ERR1135282.x.s__Gemmiger qucibialis.fastq.gz,ERR1135282.x.s__Gemmiger qucibialis,d10ac2ba,19270000,51,DNA,10000,1927,True,0.8739631142390637,0.9143909869311075,0.8941770505850857,0.9143909869311075,True,1,4472,5945,d__Bacteria;p__Bacillota;c__Clostridia;o__Oscillospirales;f__Oscillospiraceae;g__Hominicoprocola;s__Hominicoprocola fusiformis
10000,0.0005189413596263622,0.0045045045045045045,0.0005189413596263622,0.0001682085786375105,1.0,1.0,0.0,/group/ctbrowngrp5/sourmash-db.new/gtdb-rs226/gtdb-rs226-k51.dna.rocksdb,GCA_959024665.1 uncultured Eubacteriales bacterium,08db36e4885c16e498b2ec892279419a,0.0045045045045045045,10000,218,8780000,outputs.mapping/bams.cds.rand/ERR1135282.x.s__Gemmiger qucibialis.fastq.gz,ERR1135282.x.s__Gemmiger qucibialis,d10ac2ba,19270000,51,DNA,10000,1927,True,0.8621653298043457,0.8994832469384727,0.8808242883714092,0.8994832469384727,True,1,4473,5945,d__Bacteria;p__Bacillota;c__Clostridia;o__Oscillospirales;f__Oscillospiraceae;g__CAG-170;s__CAG-170 sp900553545
40000,0.0020757654385054488,0.0035460992907801418,0.0005189413596263622,0.0001682085786375105,1.0,1.0,0.0,/group/ctbrowngrp5/sourmash-db.new/gtdb-rs226/gtdb-rs226-k51.dna.rocksdb,GCA_963656025.1 uncultured Eubacteriales bacterium,52a5d5d77f21c29a52347102bdcaa344,0.014184397163120567,10000,219,8770000,outputs.mapping/bams.cds.rand/ERR1135282.x.s__Gemmiger qucibialis.fastq.gz,ERR1135282.x.s__Gemmiger qucibialis,d10ac2ba,19270000,51,DNA,10000,1927,True,0.8859223383800148,0.9199431664298017,0.9029327524049082,0.9199431664298017,True,1,4474,5945,d__Bacteria;p__Bacteroidota;c__Bacteroidia;o__Bacteroidales;f__Paludibacteraceae;g__Colicola;s__Colicola sp963635385
30000,0.0015568240788790867,0.005076142131979695,0.0005189413596263622,0.0001682085786375105,1.0,1.0,0.0,/group/ctbrowngrp5/sourmash-db.new/gtdb-rs226/gtdb-rs226-k51.dna.rocksdb,GCA_902796245.1 Oscillospiraceae bacterium,ac5bab2911dfa4ecaacc994a23a6967d,0.015228426395939087,10000,220,8760000,outputs.mapping/bams.cds.rand/ERR1135282.x.s__Gemmiger qucibialis.fastq.gz,ERR1135282.x.s__Gemmiger qucibialis,d10ac2ba,19270000,51,DNA,10000,1927,True,0.8809390736254634,0.9212251477078276,0.9010821106666456,0.9212251477078276,True,1,4475,5945,d__Bacteria;p__Bacillota;c__Clostridia;o__Oscillospirales;f__Oscillospiraceae;g__CAG-170;s__CAG-170 sp902796245
10000,0.0005189413596263622,0.00425531914893617,0.0005189413596263622,0.0001682085786375105,1.0,1.0,0.0,/group/ctbrowngrp5/sourmash-db.new/gtdb-rs226/gtdb-rs226-k51.dna.rocksdb,GCA_934590165.1 uncultured Dysosmobacter sp.,0f8ad8588a3dab83dce0f64c06809293,0.00425531914893617,10000,221,8750000,outputs.mapping/bams.cds.rand/ERR1135282.x.s__Gemmiger qucibialis.fastq.gz,ERR1135282.x.s__Gemmiger qucibialis,d10ac2ba,19270000,51,DNA,10000,1927,True,0.8621653298043457,0.8984801221677612,0.8803227259860534,0.8984801221677612,True,1,4476,5945,d__Bacteria;p__Bacillota;c__Clostridia;o__Oscillospirales;f__Oscillospiraceae;g__Oscillibacter;s__Oscillibacter sp934590165
10000,0.0005189413596263622,0.005263157894736842,0.0005189413596263622,0.0001682085786375105,1.0,1.0,0.0,/group/ctbrowngrp5/sourmash-db.new/gtdb-rs226/gtdb-rs226-k51.dna.rocksdb,GCA_944385195.1 uncultured Oscillospiraceae bacterium,ce1af992d6b053009a640bf68241f2fd,0.005263157894736842,10000,222,8740000,outputs.mapping/bams.cds.rand/ERR1135282.x.s__Gemmiger qucibialis.fastq.gz,ERR1135282.x.s__Gemmiger qucibialis,d10ac2ba,19270000,51,DNA,10000,1927,True,0.8621653298043457,0.9022326864532024,0.882199008128774,0.9022326864532024,True,1,4477,5945,d__Bacteria;p__Bacillota;c__Clostridia;o__Oscillospirales;f__Oscillospiraceae;g__RUG11142;s__RUG11142 sp944385195
10000,0.0005189413596263622,0.004291845493562232,0.0005189413596263622,0.0001682085786375105,1.0,1.0,0.0,/group/ctbrowngrp5/sourmash-db.new/gtdb-rs226/gtdb-rs226-k51.dna.rocksdb,GCA_004553105.1 Veillonellaceae bacterium,b54cd689867d4647f44b5f27ddf17060,0.004291845493562232,10000,223,8730000,outputs.mapping/bams.cds.rand/ERR1135282.x.s__Gemmiger qucibialis.fastq.gz,ERR1135282.x.s__Gemmiger qucibialis,d10ac2ba,19270000,51,DNA,10000,1927,True,0.8621653298043457,0.8986307105512661,0.8803980201778059,0.8986307105512661,True,1,4478,5945,d__Bacteria;p__Bacillota;c__Negativicutes;o__Selenomonadales;f__Selenomonadaceae;g__Anaerovibrio;s__Anaerovibrio slackiae
30000,0.0015568240788790867,0.004405286343612335,0.0005189413596263622,0.009419680403700588,56.0,56.0,0.0,/group/ctbrowngrp5/sourmash-db.new/gtdb-rs226/gtdb-rs226-k51.dna.rocksdb,GCA_028722805.1 Clostridiales bacterium,be34381d1a2c53e4ef24cbcf6879163b,0.013215859030837005,10000,224,8720000,outputs.mapping/bams.cds.rand/ERR1135282.x.s__Gemmiger qucibialis.fastq.gz,ERR1135282.x.s__Gemmiger qucibialis,d10ac2ba,19270000,51,DNA,10000,1927,True,0.8809390736254634,0.9186683055431318,0.8998036895842976,0.9186683055431318,True,56,4534,5945,d__Bacteria;p__Bacillota;c__Clostridia;o__Oscillospirales;f__Oscillospiraceae;g__CAG-170;s__CAG-170 sp002404795
1390000,0.07213284898806435,0.004329004329004329,0.0005189413596263622,0.0001682085786375105,1.0,1.0,0.0,/group/ctbrowngrp5/sourmash-db.new/gtdb-rs226/gtdb-rs226-k51.dna.rocksdb,GCA_037436065.1 Gemmiger qucibialis,087206f249d368b044195789b52868b3,0.6017316017316018,10000,225,8710000,outputs.mapping/bams.cds.rand/ERR1135282.x.s__Gemmiger qucibialis.fastq.gz,ERR1135282.x.s__Gemmiger qucibialis,d10ac2ba,19270000,51,DNA,10000,1927,True,0.9497525158603705,0.9900897514725343,0.9699211336664524,0.9900897514725343,False,1,4535,5945,d__Bacteria;p__Bacillota;c__Clostridia;o__Oscillospirales;f__Ruminococcaceae;g__Gemmiger;s__Gemmiger qucibialis
1650000,0.08562532433834977,0.0040650406504065045,0.0005189413596263622,0.000336417157275021,2.0,2.0,0.0,/group/ctbrowngrp5/sourmash-db.new/gtdb-rs226/gtdb-rs226-k51.dna.rocksdb,GCA_946406425.1 uncultured Clostridia bacterium,9262c773bd22c4815428e752ec6416de,0.6707317073170732,10000,226,8700000,outputs.mapping/bams.cds.rand/ERR1135282.x.s__Gemmiger qucibialis.fastq.gz,ERR1135282.x.s__Gemmiger qucibialis,d10ac2ba,19270000,51,DNA,10000,1927,True,0.9529511356585088,0.9921994839168923,0.9725753097877006,0.9921994839168923,False,2,4537,5945,d__Bacteria;p__Bacillota;c__Clostridia;o__Oscillospirales;f__Ruminococcaceae;g__Gemmiger;s__Gemmiger qucibialis
10000,0.0005189413596263622,0.0045662100456621,0.0005189413596263622,0.0005046257359125315,3.0,3.0,0.0,/group/ctbrowngrp5/sourmash-db.new/gtdb-rs226/gtdb-rs226-k51.dna.rocksdb,GCA_034170485.1 Sodaliphilus sp.,9e95baeb894c55e0bef9ad2966dd57b9,0.0045662100456621,10000,227,8690000,outputs.mapping/bams.cds.rand/ERR1135282.x.s__Gemmiger qucibialis.fastq.gz,ERR1135282.x.s__Gemmiger qucibialis,d10ac2ba,19270000,51,DNA,10000,1927,True,0.8621653298043457,0.8997232408336094,0.8809442853189775,0.8997232408336094,True,3,4540,5945,d__Bacteria;p__Bacteroidota;c__Bacteroidia;o__Bacteroidales;f__Muribaculaceae;g__Sodaliphilus;s__Sodaliphilus sp004557565
310000,0.01608718214841723,0.0031645569620253164,0.0005189413596263622,0.000336417157275021,2.0,2.0,0.0,/group/ctbrowngrp5/sourmash-db.new/gtdb-rs226/gtdb-rs226-k51.dna.rocksdb,GCF_037432325.1 Gemmiger formicilis,30781d56fa8ec30683fc36a66359acd2,0.0981012658227848,10000,228,8680000,outputs.mapping/bams.cds.rand/ERR1135282.x.s__Gemmiger qucibialis.fastq.gz,ERR1135282.x.s__Gemmiger qucibialis,d10ac2ba,19270000,51,DNA,10000,1927,True,0.9222166116072387,0.9554960894142394,0.938856350510739,0.9554960894142394,False,2,4542,5945,d__Bacteria;p__Bacillota;c__Clostridia;o__Oscillospirales;f__Ruminococcaceae;g__Gemmiger;s__Gemmiger formicilis
80000,0.0041515308770108976,0.004098360655737705,0.0005189413596263622,0.0001682085786375105,1.0,1.0,0.0,/group/ctbrowngrp5/sourmash-db.new/gtdb-rs226/gtdb-rs226-k51.dna.rocksdb,GCA_014868885.1 Faecalibacterium prausnitzii,719796ce9217d4367bdfe99b08d2b02b,0.03278688524590164,10000,229,8670000,outputs.mapping/bams.cds.rand/ERR1135282.x.s__Gemmiger qucibialis.fastq.gz,ERR1135282.x.s__Gemmiger qucibialis,d10ac2ba,19270000,51,DNA,10000,1927,True,0.8980452113520474,0.9351818761174336,0.9166135437347405,0.9351818761174336,False,1,4543,5945,d__Bacteria;p__Bacillota;c__Clostridia;o__Oscillospirales;f__Ruminococcaceae;g__Faecalibacterium;s__Faecalibacterium taiwanense
50000,0.002594706798131811,0.003937007874015748,0.0005189413596263622,0.0001682085786375105,1.0,1.0,0.0,/group/ctbrowngrp5/sourmash-db.new/gtdb-rs226/gtdb-rs226-k51.dna.rocksdb,GCA_958425825.1 Faecalibacterium prausnitzii,f324c3c0a5be5342bae2fe0526100ba1,0.01968503937007874,10000,230,8660000,outputs.mapping/bams.cds.rand/ERR1135282.x.s__Gemmiger qucibialis.fastq.gz,ERR1135282.x.s__Gemmiger qucibialis,d10ac2ba,19270000,51,DNA,10000,1927,True,0.88980706321053,0.9258735806982249,0.9078403219543775,0.9258735806982249,True,1,4544,5945,d__Bacteria;p__Bacillota;c__Clostridia;o__Oscillospirales;f__Ruminococcaceae;g__Faecalibacterium;s__Faecalibacterium duncaniae
20000,0.0010378827192527244,0.005319148936170213,0.0005189413596263622,0.0001682085786375105,1.0,1.0,0.0,/group/ctbrowngrp5/sourmash-db.new/gtdb-rs226/gtdb-rs226-k51.dna.rocksdb,GCA_036738835.1 Oscillospiraceae bacterium,e1e9589ddf8cf6bc57d6a95d2cfe4a34,0.010638297872340425,10000,231,8650000,outputs.mapping/bams.cds.rand/ERR1135282.x.s__Gemmiger qucibialis.fastq.gz,ERR1135282.x.s__Gemmiger qucibialis,d10ac2ba,19270000,51,DNA,10000,1927,True,0.8739631142390637,0.9147685363760626,0.8943658253075631,0.9147685363760626,True,1,4545,5945,d__Bacteria;p__Bacillota;c__Clostridia;o__Oscillospirales;f__Ruminococcaceae;g__Faecalibacterium;s__Faecalibacterium longum
10000,0.0005189413596263622,0.004784688995215311,0.0005189413596263622,0.0001682085786375105,1.0,1.0,0.0,/group/ctbrowngrp5/sourmash-db.new/gtdb-rs226/gtdb-rs226-k51.dna.rocksdb,GCF_037299525.1 Ruminococcus sp.,b092c17169ec3c6b811ce0232c71ba27,0.004784688995215311,10000,232,8640000,outputs.mapping/bams.cds.rand/ERR1135282.x.s__Gemmiger qucibialis.fastq.gz,ERR1135282.x.s__Gemmiger qucibialis,d10ac2ba,19270000,51,DNA,10000,1927,True,0.8621653298043457,0.9005481441482567,0.8813567369763011,0.9005481441482567,True,1,4546,5945,d__Bacteria;p__Bacillota;c__Clostridia;o__Oscillospirales;f__Acutalibacteraceae;g__Ruminococcoides;s__Ruminococcoides intestinalis
10000,0.0005189413596263622,0.006896551724137931,0.0005189413596263622,0.000672834314550042,4.0,4.0,0.0,/group/ctbrowngrp5/sourmash-db.new/gtdb-rs226/gtdb-rs226-k51.dna.rocksdb,GCA_947632395.1 uncultured Bacilli bacterium,152809a9690349752073edf29096935c,0.006896551724137931,10000,233,8630000,outputs.mapping/bams.cds.rand/ERR1135282.x.s__Gemmiger qucibialis.fastq.gz,ERR1135282.x.s__Gemmiger qucibialis,d10ac2ba,19270000,51,DNA,10000,1927,True,0.8621653298043457,0.907027041982046,0.8845961858931959,0.907027041982046,True,4,4550,5945,d__Bacteria;p__Bacillota;c__Bacilli;o__RF39;f__UBA660;g__UMGS1613;s__UMGS1613 sp947632395
30000,0.0015568240788790867,0.004694835680751174,0.0005189413596263622,0.0001682085786375105,1.0,1.0,0.0,/group/ctbrowngrp5/sourmash-db.new/gtdb-rs226/gtdb-rs226-k51.dna.rocksdb,GCA_963635105.1 Bacteroidaceae bacterium,50beaac478569220299b63a0bc6d8fca,0.014084507042253521,10000,234,8620000,outputs.mapping/bams.cds.rand/ERR1135282.x.s__Gemmiger qucibialis.fastq.gz,ERR1135282.x.s__Gemmiger qucibialis,d10ac2ba,19270000,51,DNA,10000,1927,True,0.8809390736254634,0.9198156969835556,0.9003773853045095,0.9198156969835556,True,1,4551,5945,d__Bacteria;p__Bacillota;c__Clostridia;o__Oscillospirales;f__Oscillospiraceae;g__CAG-170;s__CAG-170 sp002404795
1310000,0.06798131811105346,0.004166666666666667,0.0005189413596263622,0.000336417157275021,2.0,2.0,0.0,/group/ctbrowngrp5/sourmash-db.new/gtdb-rs226/gtdb-rs226-k51.dna.rocksdb,GCA_937966105.1 uncultured Clostridia bacterium,51d651c8d143517cf164e09328c3a8d7,0.5458333333333333,10000,235,8610000,outputs.mapping/bams.cds.rand/ERR1135282.x.s__Gemmiger qucibialis.fastq.gz,ERR1135282.x.s__Gemmiger qucibialis,d10ac2ba,19270000,51,DNA,10000,1927,True,0.9486492726286297,0.9881987831768817,0.9684240279027557,0.9881987831768817,False,2,4553,5945,d__Bacteria;p__Bacillota;c__Clostridia;o__Oscillospirales;f__Ruminococcaceae;g__Gemmiger;s__Gemmiger qucibialis
10000,0.0005189413596263622,0.006896551724137931,0.0005189413596263622,0.0001682085786375105,1.0,1.0,0.0,/group/ctbrowngrp5/sourmash-db.new/gtdb-rs226/gtdb-rs226-k51.dna.rocksdb,GCA_900769565.1 Clostridia bacterium,325570dc49f0f4f72f7754a40cfb8a5f,0.006896551724137931,10000,236,8600000,outputs.mapping/bams.cds.rand/ERR1135282.x.s__Gemmiger qucibialis.fastq.gz,ERR1135282.x.s__Gemmiger qucibialis,d10ac2ba,19270000,51,DNA,10000,1927,True,0.8621653298043457,0.907027041982046,0.8845961858931959,0.907027041982046,True,1,4554,5945,d__Bacteria;p__Bacillota;c__Clostridia;o__Christensenellales;f__Borkfalkiaceae;g__UBA1259;s__UBA1259 sp900769565
30000,0.0015568240788790867,0.0049261083743842365,0.0005189413596263622,0.0001682085786375105,1.0,1.0,0.0,/group/ctbrowngrp5/sourmash-db.new/gtdb-rs226/gtdb-rs226-k51.dna.rocksdb,GCA_902496055.1 uncultured Firmicutes bacterium,b3d423fff0bd59cfc17d0f79a1c846ac,0.014778325123152709,10000,237,8590000,outputs.mapping/bams.cds.rand/ERR1135282.x.s__Gemmiger qucibialis.fastq.gz,ERR1135282.x.s__Gemmiger qucibialis,d10ac2ba,19270000,51,DNA,10000,1927,True,0.8809390736254634,0.9206833692885147,0.900811221456989,0.9206833692885147,True,1,4555,5945,d__Bacteria;p__Bacillota;c__Clostridia;o__Oscillospirales;f__Oscillospiraceae;g__CAG-103;s__CAG-103 sp000432375
20000,0.0010378827192527244,0.0038314176245210726,0.0005189413596263622,0.0001682085786375105,1.0,1.0,0.0,/group/ctbrowngrp5/sourmash-db.new/gtdb-rs226/gtdb-rs226-k51.dna.rocksdb,GCA_937915335.1 uncultured Faecalibacterium sp.,ac747d7a2202d3f3a57c1f8799980c51,0.007662835249042145,10000,238,8580000,outputs.mapping/bams.cds.rand/ERR1135282.x.s__Gemmiger qucibialis.fastq.gz,ERR1135282.x.s__Gemmiger qucibialis,d10ac2ba,19270000,51,DNA,10000,1927,True,0.8739631142390637,0.9089027992018329,0.8914329567204483,0.9089027992018329,True,1,4556,5945,d__Bacteria;p__Bacillota;c__Clostridia;o__Oscillospirales;f__Ruminococcaceae;g__Faecalibacterium;s__Faecalibacterium sp937915335
10000,0.0005189413596263622,0.005405405405405406,0.0005189413596263622,0.0001682085786375105,1.0,1.0,0.0,/group/ctbrowngrp5/sourmash-db.new/gtdb-rs226/gtdb-rs226-k51.dna.rocksdb,GCA_037420545.1 bacterium,c962649bf7de69950b28e0770f8ba297,0.005405405405405406,10000,239,8570000,outputs.mapping/bams.cds.rand/ERR1135282.x.s__Gemmiger qucibialis.fastq.gz,ERR1135282.x.s__Gemmiger qucibialis,d10ac2ba,19270000,51,DNA,10000,1927,True,0.8621653298043457,0.9027045934360562,0.882434961620201,0.9027045934360562,True,1,4557,5945,d__Bacteria;p__Bacillota;c__Clostridia;o__Oscillospirales;f__Oscillospiraceae;g__Vescimonas;s__Vescimonas sp000435975
50000,0.002594706798131811,0.005025125628140704,0.0005189413596263622,0.000336417157275021,2.0,2.0,0.0,/group/ctbrowngrp5/sourmash-db.new/gtdb-rs226/gtdb-rs226-k51.dna.rocksdb,GCA_034090225.1 Oscillospiraceae bacterium,0791749672bad4183d1408476e6dd4ab,0.02512562814070352,10000,240,8560000,outputs.mapping/bams.cds.rand/ERR1135282.x.s__Gemmiger qucibialis.fastq.gz,ERR1135282.x.s__Gemmiger qucibialis,d10ac2ba,19270000,51,DNA,10000,1927,True,0.88980706321053,0.9303144008325623,0.9100607320215461,0.9303144008325623,True,2,4559,5945,d__Bacteria;p__Bacillota;c__Clostridia;o__Oscillospirales;f__Oscillospiraceae;g__CAG-103;s__CAG-103 sp004556965
10000,0.0005189413596263622,0.005714285714285714,0.0005189413596263622,0.0001682085786375105,1.0,1.0,0.0,/group/ctbrowngrp5/sourmash-db.new/gtdb-rs226/gtdb-rs226-k51.dna.rocksdb,GCA_946056385.1 uncultured Bacteroidales bacterium,9f56a6525051bcce0eb2ecb0a6a1a490,0.005714285714285714,10000,241,8550000,outputs.mapping/bams.cds.rand/ERR1135282.x.s__Gemmiger qucibialis.fastq.gz,ERR1135282.x.s__Gemmiger qucibialis,d10ac2ba,19270000,51,DNA,10000,1927,True,0.8621653298043457,0.9036887208642069,0.8829270253342762,0.9036887208642069,True,1,4560,5945,d__Bacteria;p__Bacteroidota;c__Bacteroidia;o__Bacteroidales;f__UBA932;g__Cryptobacteroides;s__Cryptobacteroides sp004556005
10000,0.0005189413596263622,0.0043859649122807015,0.0005189413596263622,0.000336417157275021,2.0,2.0,0.0,/group/ctbrowngrp5/sourmash-db.new/gtdb-rs226/gtdb-rs226-k51.dna.rocksdb,GCA_022775385.1 Clostridiales bacterium,288e7481bb6d08ca3b27d869e0eab0a6,0.0043859649122807015,10000,242,8540000,outputs.mapping/bams.cds.rand/ERR1135282.x.s__Gemmiger qucibialis.fastq.gz,ERR1135282.x.s__Gemmiger qucibialis,d10ac2ba,19270000,51,DNA,10000,1927,True,0.8621653298043457,0.8990130239792933,0.8805891768918195,0.8990130239792933,True,2,4562,5945,d__Bacteria;p__Bacillota;c__Clostridia;o__Oscillospirales;f__Butyricicoccaceae;g__Butyricicoccus_A;s__Butyricicoccus_A sp022775385
10000,0.0005189413596263622,0.003861003861003861,0.0005189413596263622,0.0001682085786375105,1.0,1.0,0.0,/group/ctbrowngrp5/sourmash-db.new/gtdb-rs226/gtdb-rs226-k51.dna.rocksdb,GCA_934464705.1 uncultured Clostridia bacterium,37307a01742c7e6c5bce5a1417061e0e,0.003861003861003861,10000,243,8530000,outputs.mapping/bams.cds.rand/ERR1135282.x.s__Gemmiger qucibialis.fastq.gz,ERR1135282.x.s__Gemmiger qucibialis,d10ac2ba,19270000,51,DNA,10000,1927,True,0.8621653298043457,0.8967686073925827,0.8794669685984642,0.8967686073925827,True,1,4563,5945,d__Bacteria;p__Bacillota;c__Clostridia;o__HGM11514;f__HGM11514;g__CAKSKB01;s__CAKSKB01 sp934464705
20000,0.0010378827192527244,0.005405405405405406,0.0005189413596263622,0.0001682085786375105,1.0,1.0,0.0,/group/ctbrowngrp5/sourmash-db.new/gtdb-rs226/gtdb-rs226-k51.dna.rocksdb,GCA_004558595.1 Phascolarctobacterium sp.,82f5ae137c37969242b7840b4f05f8d0,0.010810810810810811,10000,244,8520000,outputs.mapping/bams.cds.rand/ERR1135282.x.s__Gemmiger qucibialis.fastq.gz,ERR1135282.x.s__Gemmiger qucibialis,d10ac2ba,19270000,51,DNA,10000,1927,True,0.8739631142390637,0.9150571131134657,0.8945101136762648,0.9150571131134657,True,1,4564,5945,d__Bacteria;p__Bacillota;c__Negativicutes;o__Acidaminococcales;f__Acidaminococcaceae;g__Phascolarctobacterium_A;s__Phascolarctobacterium_A sp004558595
20000,0.0010378827192527244,0.004329004329004329,0.0005189413596263622,0.000336417157275021,2.0,2.0,0.0,/group/ctbrowngrp5/sourmash-db.new/gtdb-rs226/gtdb-rs226-k51.dna.rocksdb,GCA_946056135.1 uncultured bacterium,b7c6d2236e140c1224960cbaf34323d8,0.008658008658008658,10000,245,8510000,outputs.mapping/bams.cds.rand/ERR1135282.x.s__Gemmiger qucibialis.fastq.gz,ERR1135282.x.s__Gemmiger qucibialis,d10ac2ba,19270000,51,DNA,10000,1927,True,0.8739631142390637,0.9110814745136516,0.8925222943763577,0.9110814745136516,True,2,4566,5945,d__Bacteria;p__Bacillota;c__Clostridia;o__Oscillospirales;f__Oscillospiraceae;g__Faecousia;s__Faecousia sp946056135
10000,0.0005189413596263622,0.0037593984962406013,0.0005189413596263622,0.0001682085786375105,1.0,1.0,0.0,/group/ctbrowngrp5/sourmash-db.new/gtdb-rs226/gtdb-rs226-k51.dna.rocksdb,GCA_905193545.1 uncultured Eubacteriales bacterium,63aeb0e07ca111640c9b848c49ace4fa,0.0037593984962406013,10000,246,8500000,outputs.mapping/bams.cds.rand/ERR1135282.x.s__Gemmiger qucibialis.fastq.gz,ERR1135282.x.s__Gemmiger qucibialis,d10ac2ba,19270000,51,DNA,10000,1927,True,0.8621653298043457,0.896299803565827,0.8792325666850863,0.896299803565827,True,1,4567,5945,d__Bacteria;p__Bacillota;c__Clostridia;o__Oscillospirales;f__CAG-382;g__UMGS1387;s__UMGS1387 sp900551295
10000,0.0005189413596263622,0.0022172949002217295,0.0005189413596263622,0.024222035323801513,144.0,144.0,0.0,/group/ctbrowngrp5/sourmash-db.new/gtdb-rs226/gtdb-rs226-k51.dna.rocksdb,GCA_007113705.1 Acinetobacter baumannii,d580900fe3dc7f16aea62533f625dd80,0.0022172949002217295,10000,247,8490000,outputs.mapping/bams.cds.rand/ERR1135282.x.s__Gemmiger qucibialis.fastq.gz,ERR1135282.x.s__Gemmiger qucibialis,d10ac2ba,19270000,51,DNA,10000,1927,True,0.8621653298043457,0.8870688371893617,0.8746170834968536,0.8870688371893617,True,144,4711,5945,d__Bacteria;p__Pseudomonadota;c__Gammaproteobacteria;o__Pseudomonadales;f__Moraxellaceae;g__Acinetobacter;s__Acinetobacter baumannii
10000,0.0005189413596263622,0.0045662100456621,0.0005189413596263622,0.0001682085786375105,1.0,1.0,0.0,/group/ctbrowngrp5/sourmash-db.new/gtdb-rs226/gtdb-rs226-k51.dna.rocksdb,GCA_034113985.1 Candidatus Choladocola sp.,04ba8fe65af8dd87b1a78c218d68b453,0.0045662100456621,10000,248,8480000,outputs.mapping/bams.cds.rand/ERR1135282.x.s__Gemmiger qucibialis.fastq.gz,ERR1135282.x.s__Gemmiger qucibialis,d10ac2ba,19270000,51,DNA,10000,1927,True,0.8621653298043457,0.8997232408336094,0.8809442853189775,0.8997232408336094,True,1,4712,5945,d__Bacteria;p__Bacillota;c__Clostridia;o__Lachnospirales;f__Lachnospiraceae;g__Hominiventricola;s__Hominiventricola aquisgranensis
320000,0.01660612350804359,0.002824858757062147,0.0005189413596263622,0.0001682085786375105,1.0,1.0,0.0,/group/ctbrowngrp5/sourmash-db.new/gtdb-rs226/gtdb-rs226-k51.dna.rocksdb,GCA_022746185.1 Eubacteriales bacterium,f7fe222796ee26005de11b19e0b1cbd9,0.0903954802259887,10000,249,8470000,outputs.mapping/bams.cds.rand/ERR1135282.x.s__Gemmiger qucibialis.fastq.gz,ERR1135282.x.s__Gemmiger qucibialis,d10ac2ba,19270000,51,DNA,10000,1927,True,0.9227908918496276,0.9539646647542762,0.9383777783019519,0.9539646647542762,False,1,4713,5945,d__Bacteria;p__Bacillota;c__Clostridia;o__Oscillospirales;f__Ruminococcaceae;g__Gemmiger;s__Gemmiger formicilis
10000,0.0005189413596263622,0.0048543689320388345,0.0005189413596263622,0.0001682085786375105,1.0,1.0,0.0,/group/ctbrowngrp5/sourmash-db.new/gtdb-rs226/gtdb-rs226-k51.dna.rocksdb,GCA_946403195.1 uncultured Clostridia bacterium,247eb66cf55b29cc9c2181bf669fe0a2,0.0048543689320388345,10000,250,8460000,outputs.mapping/bams.cds.rand/ERR1135282.x.s__Gemmiger qucibialis.fastq.gz,ERR1135282.x.s__Gemmiger qucibialis,d10ac2ba,19270000,51,DNA,10000,1927,True,0.8621653298043457,0.900803478377785,0.8814844040910653,0.900803478377785,True,1,4714,5945,d__Bacteria;p__Bacillota;c__Clostridia;o__Oscillospirales;f__Oscillospiraceae;g__Oscillibacter;s__Oscillibacter sp945864305
250000,0.012973533990659055,0.003076923076923077,0.0005189413596263622,0.0001682085786375105,1.0,1.0,0.0,/group/ctbrowngrp5/sourmash-db.new/gtdb-rs226/gtdb-rs226-k51.dna.rocksdb,GCA_937921315.1 uncultured Subdoligranulum sp.,b2b8c0710d09155df9149cbfbaa4274c,0.07692307692307693,10000,251,8450000,outputs.mapping/bams.cds.rand/ERR1135282.x.s__Gemmiger qucibialis.fastq.gz,ERR1135282.x.s__Gemmiger qucibialis,d10ac2ba,19270000,51,DNA,10000,1927,True,0.9183350134469271,0.950950636564582,0.9346428250057546,0.950950636564582,False,1,4715,5945,d__Bacteria;p__Bacillota;c__Clostridia;o__Oscillospirales;f__Ruminococcaceae;g__Gemmiger;s__Gemmiger formicilis
20000,0.0010378827192527244,0.0048543689320388345,0.0005189413596263622,0.0001682085786375105,1.0,1.0,0.0,/group/ctbrowngrp5/sourmash-db.new/gtdb-rs226/gtdb-rs226-k51.dna.rocksdb,GCA_945827955.1 uncultured Clostridia bacterium,473b5f84b81326f05c2d54fd795db5bc,0.009708737864077669,10000,252,8440000,outputs.mapping/bams.cds.rand/ERR1135282.x.s__Gemmiger qucibialis.fastq.gz,ERR1135282.x.s__Gemmiger qucibialis,d10ac2ba,19270000,51,DNA,10000,1927,True,0.8739631142390637,0.913129983386235,0.8935465488126493,0.913129983386235,True,1,4716,5945,d__Bacteria;p__Bacillota;c__Clostridia;o__Oscillospirales;f__Oscillospiraceae;g__Vescimonas;s__Vescimonas sp900313295
10000,0.0005189413596263622,0.004545454545454545,0.0005189413596263622,0.001009251471825063,6.0,6.0,0.0,/group/ctbrowngrp5/sourmash-db.new/gtdb-rs226/gtdb-rs226-k51.dna.rocksdb,GCA_023401155.1 Spirochaetota bacterium,20f6c6299556026c0646e5553d2edfd9,0.004545454545454545,10000,253,8430000,outputs.mapping/bams.cds.rand/ERR1135282.x.s__Gemmiger qucibialis.fastq.gz,ERR1135282.x.s__Gemmiger qucibialis,d10ac2ba,19270000,51,DNA,10000,1927,True,0.8621653298043457,0.8996428723837347,0.8809041010940402,0.8996428723837347,True,6,4722,5945,d__Bacteria;p__Spirochaetota;c__Spirochaetia;o__Treponematales;f__Treponemataceae;g__Treponema_D;s__Treponema_D porcinum
50000,0.002594706798131811,0.004016064257028112,0.0005189413596263622,0.0001682085786375105,1.0,1.0,0.0,/group/ctbrowngrp5/sourmash-db.new/gtdb-rs226/gtdb-rs226-k51.dna.rocksdb,GCA_958353315.1 uncultured Butyricicoccus sp.,40b18dc3e976ec6f5bceb3caa4923d65,0.020080321285140562,10000,254,8420000,outputs.mapping/bams.cds.rand/ERR1135282.x.s__Gemmiger qucibialis.fastq.gz,ERR1135282.x.s__Gemmiger qucibialis,d10ac2ba,19270000,51,DNA,10000,1927,True,0.88980706321053,0.9262345850931617,0.9080208241518459,0.9262345850931617,True,1,4723,5945,d__Bacteria;p__Bacillota;c__Clostridia;o__Oscillospirales;f__Butyricicoccaceae;g__Butyricicoccus_A;s__Butyricicoccus_A intestinisimiae
320000,0.01660612350804359,0.004694835680751174,0.0005189413596263622,0.0001682085786375105,1.0,1.0,0.0,/group/ctbrowngrp5/sourmash-db.new/gtdb-rs226/gtdb-rs226-k51.dna.rocksdb,GCA_946405955.1 uncultured Clostridia bacterium,bc0823f96886ae283c7e424c1473a49e,0.15023474178403756,10000,255,8410000,outputs.mapping/bams.cds.rand/ERR1135282.x.s__Gemmiger qucibialis.fastq.gz,ERR1135282.x.s__Gemmiger qucibialis,d10ac2ba,19270000,51,DNA,10000,1927,True,0.9227908918496276,0.9635144730992073,0.9431526824744174,0.9635144730992073,False,1,4724,5945,d__Bacteria;p__Bacillota;c__Clostridia;o__Oscillospirales;f__Ruminococcaceae;g__Gemmiger;s__Gemmiger sp900554145
20000,0.0010378827192527244,0.004329004329004329,0.0005189413596263622,0.0001682085786375105,1.0,1.0,0.0,/group/ctbrowngrp5/sourmash-db.new/gtdb-rs226/gtdb-rs226-k51.dna.rocksdb,GCA_004555115.1 Clostridiales bacterium,feee3a63f79532b516c442607ff4880f,0.008658008658008658,10000,256,8400000,outputs.mapping/bams.cds.rand/ERR1135282.x.s__Gemmiger qucibialis.fastq.gz,ERR1135282.x.s__Gemmiger qucibialis,d10ac2ba,19270000,51,DNA,10000,1927,True,0.8739631142390637,0.9110814745136516,0.8925222943763577,0.9110814745136516,True,1,4725,5945,d__Bacteria;p__Bacillota;c__Clostridia;o__Oscillospirales;f__Oscillospiraceae;g__Evtepia;s__Evtepia sp004551945
90000,0.00467047223663726,0.0030581039755351682,0.0005189413596263622,0.0001682085786375105,1.0,1.0,0.0,/group/ctbrowngrp5/sourmash-db.new/gtdb-rs226/gtdb-rs226-k51.dna.rocksdb,GCF_958424275.1 uncultured Gemmiger sp.,f176d30586c580ae30b2d17cfcd4af8e,0.027522935779816515,10000,257,8390000,outputs.mapping/bams.cds.rand/ERR1135282.x.s__Gemmiger qucibialis.fastq.gz,ERR1135282.x.s__Gemmiger qucibialis,d10ac2ba,19270000,51,DNA,10000,1927,True,0.9001216177600209,0.9319782551506243,0.9160499364553225,0.9319782551506243,False,1,4726,5945,d__Bacteria;p__Bacillota;c__Clostridia;o__Oscillospirales;f__Ruminococcaceae;g__Gemmiger;s__Gemmiger sp900540775
50000,0.002594706798131811,0.0024813895781637717,0.0005189413596263622,0.0001682085786375105,1.0,1.0,0.0,/group/ctbrowngrp5/sourmash-db.new/gtdb-rs226/gtdb-rs226-k51.dna.rocksdb,GCA_022782205.1 Lachnospiraceae bacterium,5d1fe08c84b2c770dab5488addf16ba5,0.01240694789081886,10000,258,8380000,outputs.mapping/bams.cds.rand/ERR1135282.x.s__Gemmiger qucibialis.fastq.gz,ERR1135282.x.s__Gemmiger qucibialis,d10ac2ba,19270000,51,DNA,10000,1927,True,0.88980706321053,0.9175312855241493,0.9036691743673397,0.9175312855241493,True,1,4727,5945,d__Bacteria;p__Bacillota;c__Clostridia;o__Lachnospirales;f__Lachnospiraceae;g__Oliverpabstia;s__Oliverpabstia sp004556655
10000,0.0005189413596263622,0.005208333333333333,0.0005189413596263622,0.0001682085786375105,1.0,1.0,0.0,/group/ctbrowngrp5/sourmash-db.new/gtdb-rs226/gtdb-rs226-k51.dna.rocksdb,GCA_036779355.1 Oscillospiraceae bacterium,54cbb8a97ac307f6ff6df86c2eaa3073,0.005208333333333333,10000,259,8370000,outputs.mapping/bams.cds.rand/ERR1135282.x.s__Gemmiger qucibialis.fastq.gz,ERR1135282.x.s__Gemmiger qucibialis,d10ac2ba,19270000,51,DNA,10000,1927,True,0.8621653298043457,0.9020474594102066,0.8821063946072761,0.9020474594102066,True,1,4728,5945,d__Bacteria;p__Bacillota;c__Clostridia;o__Oscillospirales;f__Oscillospiraceae;g__Faecousia;s__Faecousia sp900553805
10000,0.0005189413596263622,0.002793296089385475,0.0005189413596263622,0.000336417157275021,2.0,2.0,0.0,/group/ctbrowngrp5/sourmash-db.new/gtdb-rs226/gtdb-rs226-k51.dna.rocksdb,GCA_963663605.1 uncultured Sporobacter sp.,52c3e24acb2563de764897c55a592f25,0.002793296089385475,10000,260,8360000,outputs.mapping/bams.cds.rand/ERR1135282.x.s__Gemmiger qucibialis.fastq.gz,ERR1135282.x.s__Gemmiger qucibialis,d10ac2ba,19270000,51,DNA,10000,1927,True,0.8621653298043457,0.8910947033197164,0.8766300165620311,0.8910947033197164,True,2,4730,5945,d__Bacteria;p__Bacillota;c__Clostridia;o__Oscillospirales;f__Oscillospiraceae;g__Sporobacter;s__Sporobacter sp963663605
20000,0.0010378827192527244,0.005494505494505495,0.0005189413596263622,0.0001682085786375105,1.0,1.0,0.0,/group/ctbrowngrp5/sourmash-db.new/gtdb-rs226/gtdb-rs226-k51.dna.rocksdb,GCA_022775205.1 Clostridium sp.,7ab7918abf758e7eb424477bbd7e85c4,0.01098901098901099,10000,261,8350000,outputs.mapping/bams.cds.rand/ERR1135282.x.s__Gemmiger qucibialis.fastq.gz,ERR1135282.x.s__Gemmiger qucibialis,d10ac2ba,19270000,51,DNA,10000,1927,True,0.8739631142390637,0.915350501215715,0.8946568077273893,0.915350501215715,True,1,4731,5945,d__Bacteria;p__Bacillota;c__Clostridia;o__Christensenellales;f__CAG-138;g__PeH17;s__PeH17 sp900542285
10000,0.0005189413596263622,0.003787878787878788,0.0005189413596263622,0.0001682085786375105,1.0,1.0,0.0,/group/ctbrowngrp5/sourmash-db.new/gtdb-rs226/gtdb-rs226-k51.dna.rocksdb,GCA_945914385.1 uncultured Veillonellaceae bacterium,2c5841ae7b8a0d92f5644c91683db360,0.003787878787878788,10000,262,8340000,outputs.mapping/bams.cds.rand/ERR1135282.x.s__Gemmiger qucibialis.fastq.gz,ERR1135282.x.s__Gemmiger qucibialis,d10ac2ba,19270000,51,DNA,10000,1927,True,0.8621653298043457,0.8964324517908826,0.8792988907976141,0.8964324517908826,True,1,4732,5945,d__Bacteria;p__Bacillota;c__Negativicutes;o__Selenomonadales;f__Selenomonadaceae;g__Anaerovibrio;s__Anaerovibrio sp016302095
50000,0.002594706798131811,0.002012072434607646,0.0005189413596263622,0.0001682085786375105,1.0,1.0,0.0,/group/ctbrowngrp5/sourmash-db.new/gtdb-rs226/gtdb-rs226-k51.dna.rocksdb,GCF_022781285.1 Eisenbergiella massiliensis,b33e211a1e1e6c6b3c428a27fa1830f6,0.01006036217303823,10000,263,8330000,outputs.mapping/bams.cds.rand/ERR1135282.x.s__Gemmiger qucibialis.fastq.gz,ERR1135282.x.s__Gemmiger qucibialis,d10ac2ba,19270000,51,DNA,10000,1927,True,0.88980706321053,0.9137671921021532,0.9017871276563416,0.9137671921021532,True,1,4733,5945,d__Bacteria;p__Bacillota;c__Clostridia;o__Lachnospirales;f__Lachnospiraceae;g__Eisenbergiella;s__Eisenbergiella porci
20000,0.0010378827192527244,0.005555555555555556,0.0005189413596263622,0.0001682085786375105,1.0,1.0,0.0,/group/ctbrowngrp5/sourmash-db.new/gtdb-rs226/gtdb-rs226-k51.dna.rocksdb,GCA_004552735.1 Oscillospiraceae bacterium,52b46a56f9c722bd0daf7bac3f819a07,0.011111111111111112,10000,264,8320000,outputs.mapping/bams.cds.rand/ERR1135282.x.s__Gemmiger qucibialis.fastq.gz,ERR1135282.x.s__Gemmiger qucibialis,d10ac2ba,19270000,51,DNA,10000,1927,True,0.8739631142390637,0.9155488457037391,0.8947559799714013,0.9155488457037391,True,1,4734,5945,d__Bacteria;p__Bacillota;c__Clostridia;o__Oscillospirales;f__Ruminococcaceae;g__Angelakisella;s__Angelakisella sp004557855
10000,0.0005189413596263622,0.004694835680751174,0.0005189413596263622,0.0001682085786375105,1.0,1.0,0.0,/group/ctbrowngrp5/sourmash-db.new/gtdb-rs226/gtdb-rs226-k51.dna.rocksdb,GCA_958350495.1 Faecalibacterium prausnitzii,77a5552ca60ffdee9e1b3bec50a955b6,0.004694835680751174,10000,265,8310000,outputs.mapping/bams.cds.rand/ERR1135282.x.s__Gemmiger qucibialis.fastq.gz,ERR1135282.x.s__Gemmiger qucibialis,d10ac2ba,19270000,51,DNA,10000,1927,True,0.8621653298043457,0.9002134511815334,0.8811893904929395,0.9002134511815334,True,1,4735,5945,d__Bacteria;p__Bacillota;c__Clostridia;o__Oscillospirales;f__Ruminococcaceae;g__Faecalibacterium;s__Faecalibacterium hattorii
10000,0.0005189413596263622,0.005154639175257732,0.0005189413596263622,0.0001682085786375105,1.0,1.0,0.0,/group/ctbrowngrp5/sourmash-db.new/gtdb-rs226/gtdb-rs226-k51.dna.rocksdb,GCA_945915295.1 uncultured Clostridia bacterium,5c881790e24491e07c5da0dcecb562de,0.005154639175257732,10000,266,8300000,outputs.mapping/bams.cds.rand/ERR1135282.x.s__Gemmiger qucibialis.fastq.gz,ERR1135282.x.s__Gemmiger qucibialis,d10ac2ba,19270000,51,DNA,10000,1927,True,0.8621653298043457,0.901864189290774,0.8820147595475598,0.901864189290774,True,1,4736,5945,d__Bacteria;p__Bacillota;c__Clostridia;o__Oscillospirales;f__Acutalibacteraceae;g__Heritagella;s__Heritagella sp022767925
60000,0.0031136481577581734,0.0029069767441860465,0.0005189413596263622,0.000336417157275021,2.0,2.0,0.0,/group/ctbrowngrp5/sourmash-db.new/gtdb-rs226/gtdb-rs226-k51.dna.rocksdb,GCA_964248825.1 butyrate-producing bacterium A2-232,d098eac5867eab045ca948d889a88127,0.01744186046511628,10000,267,8290000,outputs.mapping/bams.cds.rand/ERR1135282.x.s__Gemmiger qucibialis.fastq.gz,ERR1135282.x.s__Gemmiger qucibialis,d10ac2ba,19270000,51,DNA,10000,1927,True,0.8929937560993132,0.9236797606220173,0.9083367583606652,0.9236797606220173,True,2,4738,5945,d__Bacteria;p__Bacillota;c__Clostridia;o__Lachnospirales;f__Lachnospiraceae;g__Bariatricus;s__Bariatricus comes_A
1360000,0.07057602490918526,0.004484304932735426,0.0005189413596263622,0.0001682085786375105,1.0,1.0,0.0,/group/ctbrowngrp5/sourmash-db.new/gtdb-rs226/gtdb-rs226-k51.dna.rocksdb,GCA_021638445.1 Oscillospiraceae bacterium,601223a4096db258a6873610281ac89f,0.6098654708520179,10000,268,8280000,outputs.mapping/bams.cds.rand/ERR1135282.x.s__Gemmiger qucibialis.fastq.gz,ERR1135282.x.s__Gemmiger qucibialis,d10ac2ba,19270000,51,DNA,10000,1927,True,0.9493462754103527,0.9903504490791251,0.9698483622447389,0.9903504490791251,False,1,4739,5945,d__Bacteria;p__Bacillota;c__Clostridia;o__Oscillospirales;f__Ruminococcaceae;g__Gemmiger;s__Gemmiger qucibialis
40000,0.0020757654385054488,0.004672897196261682,0.0005189413596263622,0.0011774600504625735,7.0,7.0,0.0,/group/ctbrowngrp5/sourmash-db.new/gtdb-rs226/gtdb-rs226-k51.dna.rocksdb,GCA_958447185.1 uncultured Eubacteriales bacterium,1c429281ef67c33f88d0e9a24bb68c97,0.018691588785046728,10000,269,8270000,outputs.mapping/bams.cds.rand/ERR1135282.x.s__Gemmiger qucibialis.fastq.gz,ERR1135282.x.s__Gemmiger qucibialis,d10ac2ba,19270000,51,DNA,10000,1927,True,0.8859223383800148,0.9249339276338799,0.9054281330069474,0.9249339276338799,True,7,4746,5945,d__Bacteria;p__Bacillota;c__Clostridia;o__Christensenellales;f__CAG-138;g__Phil1;s__Phil1 sp001940855
10000,0.0005189413596263622,0.00390625,0.0005189413596263622,0.0001682085786375105,1.0,1.0,0.0,/group/ctbrowngrp5/sourmash-db.new/gtdb-rs226/gtdb-rs226-k51.dna.rocksdb,GCA_905199355.1 uncultured Eubacteriales bacterium,58ef6440c38d0bdd73b176a116635bff,0.00390625,10000,270,8260000,outputs.mapping/bams.cds.rand/ERR1135282.x.s__Gemmiger qucibialis.fastq.gz,ERR1135282.x.s__Gemmiger qucibialis,d10ac2ba,19270000,51,DNA,10000,1927,True,0.8621653298043457,0.896973491730792,0.8795694107675689,0.896973491730792,True,1,4747,5945,d__Bacteria;p__Bacillota;c__Clostridia;o__Christensenellales;f__Aristaeellaceae;g__Ventricola;s__Ventricola sp900542395
30000,0.0015568240788790867,0.003424657534246575,0.0005189413596263622,0.000336417157275021,2.0,2.0,0.0,/group/ctbrowngrp5/sourmash-db.new/gtdb-rs226/gtdb-rs226-k51.dna.rocksdb,GCA_959607435.1 uncultured Eubacteriales bacterium,be903e7c196ec8fb32679a577e014cd7,0.010273972602739725,10000,271,8250000,outputs.mapping/bams.cds.rand/ERR1135282.x.s__Gemmiger qucibialis.fastq.gz,ERR1135282.x.s__Gemmiger qucibialis,d10ac2ba,19270000,51,DNA,10000,1927,True,0.8809390736254634,0.9141437166561762,0.8975413951408198,0.9141437166561762,True,2,4749,5945,d__Bacteria;p__Bacillota;c__Clostridia;o__Oscillospirales;f__Oscillospiraceae;g__CAG-170;s__CAG-170 sp900545925
10000,0.0005189413596263622,0.004329004329004329,0.0005189413596263622,0.000336417157275021,2.0,2.0,0.0,/group/ctbrowngrp5/sourmash-db.new/gtdb-rs226/gtdb-rs226-k51.dna.rocksdb,GCA_944377715.1 uncultured Clostridia bacterium,cbfcb70e5e8f589350ecec38bf7fae85,0.004329004329004329,10000,272,8240000,outputs.mapping/bams.cds.rand/ERR1135282.x.s__Gemmiger qucibialis.fastq.gz,ERR1135282.x.s__Gemmiger qucibialis,d10ac2ba,19270000,51,DNA,10000,1927,True,0.8621653298043457,0.8987826226929593,0.8804739762486524,0.8987826226929593,True,2,4751,5945,d__Bacteria;p__Bacillota;c__Clostridia;o__Oscillospirales;f__CAG-382;g__UMGS882;s__UMGS882 sp003343885
10000,0.0005189413596263622,0.004629629629629629,0.0005189413596263622,0.0001682085786375105,1.0,1.0,0.0,/group/ctbrowngrp5/sourmash-db.new/gtdb-rs226/gtdb-rs226-k51.dna.rocksdb,GCA_022786885.1 [Eubacterium] saphenum,475e57126bdf5c9e1aa726be7cac3718,0.004629629629629629,10000,273,8230000,outputs.mapping/bams.cds.rand/ERR1135282.x.s__Gemmiger qucibialis.fastq.gz,ERR1135282.x.s__Gemmiger qucibialis,d10ac2ba,19270000,51,DNA,10000,1927,True,0.8621653298043457,0.8999666104581765,0.8810659701312611,0.8999666104581765,True,1,4752,5945,d__Bacteria;p__Bacillota;c__Clostridia;o__Oscillospirales;f__Ruminococcaceae;g__CAG-115;s__CAG-115 sp004554555
1560000,0.08095485210171251,0.003472222222222222,0.0005189413596263622,0.0001682085786375105,1.0,1.0,0.0,/group/ctbrowngrp5/sourmash-db.new/gtdb-rs226/gtdb-rs226-k51.dna.rocksdb,GCA_037299565.1 Gemmiger qucibialis,d1bcdd4b061fef366fa7f1a5b976faf8,0.5416666666666666,10000,274,8220000,outputs.mapping/bams.cds.rand/ERR1135282.x.s__Gemmiger qucibialis.fastq.gz,ERR1135282.x.s__Gemmiger qucibialis,d10ac2ba,19270000,51,DNA,10000,1927,True,0.9519036623359796,0.9880503150854598,0.9699769887107197,0.9880503150854598,False,1,4753,5945,d__Bacteria;p__Bacillota;c__Clostridia;o__Oscillospirales;f__Ruminococcaceae;g__Gemmiger;s__Gemmiger qucibialis
80000,0.0041515308770108976,0.002688172043010753,0.0005189413596263622,0.0001682085786375105,1.0,1.0,0.0,/group/ctbrowngrp5/sourmash-db.new/gtdb-rs226/gtdb-rs226-k51.dna.rocksdb,GCF_009707925.1 Blautia luti DSM 14534 = JCM 17040,1c6c4b2fe1822c673ff6fbdc03a3eda3,0.021505376344086023,10000,275,8210000,outputs.mapping/bams.cds.rand/ERR1135282.x.s__Gemmiger qucibialis.fastq.gz,ERR1135282.x.s__Gemmiger qucibialis,d10ac2ba,19270000,51,DNA,10000,1927,True,0.8980452113520474,0.9274806208525901,0.9127629161023187,0.9274806208525901,False,1,4754,5945,d__Bacteria;p__Bacillota;c__Clostridia;o__Lachnospirales;f__Lachnospiraceae;g__Blautia_A;s__Blautia_A luti
20000,0.0010378827192527244,0.0033333333333333335,0.0005189413596263622,0.0005046257359125315,3.0,3.0,0.0,/group/ctbrowngrp5/sourmash-db.new/gtdb-rs226/gtdb-rs226-k51.dna.rocksdb,GCA_945874845.1 uncultured Lachnospiraceae bacterium,ecc2291c662e1846adf66dcf0aba8826,0.006666666666666667,10000,276,8200000,outputs.mapping/bams.cds.rand/ERR1135282.x.s__Gemmiger qucibialis.fastq.gz,ERR1135282.x.s__Gemmiger qucibialis,d10ac2ba,19270000,51,DNA,10000,1927,True,0.8739631142390637,0.9064243085270774,0.8901937113830706,0.9064243085270774,True,3,4757,5945,d__Bacteria;p__Bacillota;c__Clostridia;o__Lachnospirales;f__Lachnospiraceae;g__Suilimivivens;s__Suilimivivens sp018384375
10000,0.0005189413596263622,0.004048582995951417,0.0005189413596263622,0.0001682085786375105,1.0,1.0,0.0,/group/ctbrowngrp5/sourmash-db.new/gtdb-rs226/gtdb-rs226-k51.dna.rocksdb,GCA_037248765.1 bacterium,c28b9ed28fc127a0585f492a747a84ba,0.004048582995951417,10000,277,8190000,outputs.mapping/bams.cds.rand/ERR1135282.x.s__Gemmiger qucibialis.fastq.gz,ERR1135282.x.s__Gemmiger qucibialis,d10ac2ba,19270000,51,DNA,10000,1927,True,0.8621653298043457,0.8976031612871362,0.879884245545741,0.8976031612871362,True,1,4758,5945,d__Bacteria;p__Bacillota;c__Clostridia;o__Oscillospirales;f__CAG-272;g__CAG-448;s__CAG-448 sp003150135
40000,0.0020757654385054488,0.0028653295128939827,0.0005189413596263622,0.001009251471825063,6.0,6.0,0.0,/group/ctbrowngrp5/sourmash-db.new/gtdb-rs226/gtdb-rs226-k51.dna.rocksdb,GCF_016937335.1 Ruthenibacterium lactatiformans,0ede28993cc5b30cd7ab23f1642fb834,0.011461318051575931,10000,278,8180000,outputs.mapping/bams.cds.rand/ERR1135282.x.s__Gemmiger qucibialis.fastq.gz,ERR1135282.x.s__Gemmiger qucibialis,d10ac2ba,19270000,51,DNA,10000,1927,True,0.8859223383800148,0.9161061017300057,0.9010142200550102,0.9161061017300057,True,6,4764,5945,d__Bacteria;p__Bacillota;c__Clostridia;o__Oscillospirales;f__Ruminococcaceae;g__Ruthenibacterium;s__Ruthenibacterium lactatiformans
10000,0.0005189413596263622,0.005,0.0005189413596263622,0.0001682085786375105,1.0,1.0,0.0,/group/ctbrowngrp5/sourmash-db.new/gtdb-rs226/gtdb-rs226-k51.dna.rocksdb,GCA_945829915.1 uncultured Clostridia bacterium,9f5836214d63df6c33d309a7a60974b9,0.005,10000,279,8170000,outputs.mapping/bams.cds.rand/ERR1135282.x.s__Gemmiger qucibialis.fastq.gz,ERR1135282.x.s__Gemmiger qucibialis,d10ac2ba,19270000,51,DNA,10000,1927,True,0.8621653298043457,0.9013257213104922,0.8817455255574189,0.9013257213104922,True,1,4765,5945,d__Bacteria;p__Bacillota;c__Clostridia;o__Oscillospirales;f__Acutalibacteraceae;g__Hominenteromicrobium;s__Hominenteromicrobium mulieris
50000,0.002594706798131811,0.0037735849056603774,0.0005189413596263622,0.0001682085786375105,1.0,1.0,0.0,/group/ctbrowngrp5/sourmash-db.new/gtdb-rs226/gtdb-rs226-k51.dna.rocksdb,GCA_963931365.1 uncultured Eubacteriales bacterium,91706e9b54a7969bf36acafe40db30a4,0.018867924528301886,10000,280,8160000,outputs.mapping/bams.cds.rand/ERR1135282.x.s__Gemmiger qucibialis.fastq.gz,ERR1135282.x.s__Gemmiger qucibialis,d10ac2ba,19270000,51,DNA,10000,1927,True,0.88980706321053,0.9251042352607212,0.9074556492356256,0.9251042352607212,True,1,4766,5945,d__Bacteria;p__Bacillota;c__Clostridia;o__Oscillospirales;f__Oscillospiraceae;g__Faecousia;s__Faecousia faecigallinarum
20000,0.0010378827192527244,0.004032258064516129,0.0005189413596263622,0.0001682085786375105,1.0,1.0,0.0,/group/ctbrowngrp5/sourmash-db.new/gtdb-rs226/gtdb-rs226-k51.dna.rocksdb,GCA_945918835.1 uncultured Clostridia bacterium,26d33d19417dc80efb74ff5314ed8e09,0.008064516129032258,10000,281,8150000,outputs.mapping/bams.cds.rand/ERR1135282.x.s__Gemmiger qucibialis.fastq.gz,ERR1135282.x.s__Gemmiger qucibialis,d10ac2ba,19270000,51,DNA,10000,1927,True,0.8739631142390637,0.9098137917904366,0.8918884530147502,0.9098137917904366,True,1,4767,5945,d__Bacteria;p__Bacillota;c__Clostridia;o__Oscillospirales;f__Oscillospiraceae;g__Vescimonas;s__Vescimonas sp945877515
10000,0.0005189413596263622,0.005291005291005291,0.0005189413596263622,0.000336417157275021,2.0,2.0,0.0,/group/ctbrowngrp5/sourmash-db.new/gtdb-rs226/gtdb-rs226-k51.dna.rocksdb,GCA_900761225.1 Candidatus Gastranaerophilales bacterium,58431ffbfe3d8223e935457e2fb18ba2,0.005291005291005291,10000,282,8140000,outputs.mapping/bams.cds.rand/ERR1135282.x.s__Gemmiger qucibialis.fastq.gz,ERR1135282.x.s__Gemmiger qucibialis,d10ac2ba,19270000,51,DNA,10000,1927,True,0.8621653298043457,0.9023260468401526,0.8822456883222491,0.9023260468401526,True,2,4769,5945,d__Bacteria;p__Cyanobacteriota;c__Vampirovibrionia;o__Gastranaerophilales;f__Gastranaerophilaceae;g__Stercorousia;s__Stercorousia sp900761225
100000,0.005189413596263622,0.004739336492890996,0.0005189413596263622,0.000336417157275021,2.0,2.0,0.0,/group/ctbrowngrp5/sourmash-db.new/gtdb-rs226/gtdb-rs226-k51.dna.rocksdb,GCA_022787215.1 bacterium,bf36dcaca48bee8f97da5774420c27a2,0.04739336492890995,10000,283,8130000,outputs.mapping/bams.cds.rand/ERR1135282.x.s__Gemmiger qucibialis.fastq.gz,ERR1135282.x.s__Gemmiger qucibialis,d10ac2ba,19270000,51,DNA,10000,1927,True,0.9019830943699245,0.9419626381434599,0.9219728662566922,0.9419626381434599,False,2,4771,5945,d__Bacteria;p__Bacillota;c__Clostridia;o__Oscillospirales;f__Ruminococcaceae;g__Gemmiger;s__Gemmiger sp004561545
30000,0.0015568240788790867,0.006024096385542169,0.0005189413596263622,0.000336417157275021,2.0,2.0,0.0,/group/ctbrowngrp5/sourmash-db.new/gtdb-rs226/gtdb-rs226-k51.dna.rocksdb,GCA_945837305.1 uncultured Clostridia bacterium,e6676efd9c547318c7e9ed1adf29f336,0.018072289156626505,10000,284,8120000,outputs.mapping/bams.cds.rand/ERR1135282.x.s__Gemmiger qucibialis.fastq.gz,ERR1135282.x.s__Gemmiger qucibialis,d10ac2ba,19270000,51,DNA,10000,1927,True,0.8809390736254634,0.9243230592273259,0.9026310664263947,0.9243230592273259,True,2,4773,5945,d__Bacteria;p__Bacillota;c__Clostridia;o__Oscillospirales;f__Ruminococcaceae;g__SFJ001;s__SFJ001 sp004555865
10000,0.0005189413596263622,0.005235602094240838,0.0005189413596263622,0.001009251471825063,6.0,6.0,0.0,/group/ctbrowngrp5/sourmash-db.new/gtdb-rs226/gtdb-rs226-k51.dna.rocksdb,GCA_963614625.1 Bacillota bacterium,0db02cb5a877c3d2d2cb98d134e0c08d,0.005235602094240838,10000,285,8110000,outputs.mapping/bams.cds.rand/ERR1135282.x.s__Gemmiger qucibialis.fastq.gz,ERR1135282.x.s__Gemmiger qucibialis,d10ac2ba,19270000,51,DNA,10000,1927,True,0.8621653298043457,0.9021398257330133,0.8821525777686795,0.9021398257330133,True,6,4779,5945,d__Bacteria;p__Bacillota;c__Clostridia;o__Oscillospirales;f__Oscillospiraceae;g__CAG-103;s__CAG-103 sp000432375
10000,0.0005189413596263622,0.003676470588235294,0.0005189413596263622,0.0001682085786375105,1.0,1.0,0.0,/group/ctbrowngrp5/sourmash-db.new/gtdb-rs226/gtdb-rs226-k51.dna.rocksdb,GCA_958368405.1 uncultured Eubacteriales bacterium,18cdf6815754921c618bef5da0223904,0.003676470588235294,10000,286,8100000,outputs.mapping/bams.cds.rand/ERR1135282.x.s__Gemmiger qucibialis.fastq.gz,ERR1135282.x.s__Gemmiger qucibialis,d10ac2ba,19270000,51,DNA,10000,1927,True,0.8621653298043457,0.8959078766119833,0.8790366032081645,0.8959078766119833,True,1,4780,5945,d__Bacteria;p__Bacillota;c__Clostridia;o__Oscillospirales;f__Ruminococcaceae;g__Negativibacillus;s__Negativibacillus massiliensis
10000,0.0005189413596263622,0.004608294930875576,0.0005189413596263622,0.0008410428931875525,5.0,5.0,0.0,/group/ctbrowngrp5/sourmash-db.new/gtdb-rs226/gtdb-rs226-k51.dna.rocksdb,GCA_004561455.1 bacterium,53ec677c015c1b83f30b1cf2b3f886a9,0.004608294930875576,10000,287,8090000,outputs.mapping/bams.cds.rand/ERR1135282.x.s__Gemmiger qucibialis.fastq.gz,ERR1135282.x.s__Gemmiger qucibialis,d10ac2ba,19270000,51,DNA,10000,1927,True,0.8621653298043457,0.8998851063638268,0.8810252180840863,0.8998851063638268,True,5,4785,5945,d__Bacteria;p__Bacteroidota;c__Bacteroidia;o__Bacteroidales;f__Paludibacteraceae;g__Aphodosoma;s__Aphodosoma sp900769035
50000,0.002594706798131811,0.005291005291005291,0.0005189413596263622,0.000336417157275021,2.0,2.0,0.0,/group/ctbrowngrp5/sourmash-db.new/gtdb-rs226/gtdb-rs226-k51.dna.rocksdb,GCA_958420595.1 uncultured Oscillospiraceae bacterium,87eb433907f82088274cce2fde6c7fd3,0.026455026455026454,10000,288,8080000,outputs.mapping/bams.cds.rand/ERR1135282.x.s__Gemmiger qucibialis.fastq.gz,ERR1135282.x.s__Gemmiger qucibialis,d10ac2ba,19270000,51,DNA,10000,1927,True,0.88980706321053,0.9312553660437812,0.9105312146271556,0.9312553660437812,True,2,4787,5945,d__Bacteria;p__Bacillota;c__Clostridia;o__Oscillospirales;f__Oscillospiraceae;g__Hominicoprocola;s__Hominicoprocola sp900768135
70000,0.0036325895173845357,0.002070393374741201,0.0005189413596263622,0.0001682085786375105,1.0,1.0,0.0,/group/ctbrowngrp5/sourmash-db.new/gtdb-rs226/gtdb-rs226-k51.dna.rocksdb,GCF_028321805.1 Flavonifractor plautii,9f5dd88dba1f217f7b894aa6c48e8c97,0.014492753623188406,10000,289,8070000,outputs.mapping/bams.cds.rand/ERR1135282.x.s__Gemmiger qucibialis.fastq.gz,ERR1135282.x.s__Gemmiger qucibialis,d10ac2ba,19270000,51,DNA,10000,1927,True,0.8956969686611227,0.9203311793431016,0.9080140740021121,0.9203311793431016,False,1,4788,5945,d__Bacteria;p__Bacillota;c__Clostridia;o__Oscillospirales;f__Oscillospiraceae;g__Flavonifractor;s__Flavonifractor plautii
40000,0.0020757654385054488,0.003215434083601286,0.0005189413596263622,0.0001682085786375105,1.0,1.0,0.0,/group/ctbrowngrp5/sourmash-db.new/gtdb-rs226/gtdb-rs226-k51.dna.rocksdb,GCF_027853465.1 Fournierella sp. CML151,df4d1f3b7e209dd758df9f2a6f389fc0,0.012861736334405145,10000,290,8060000,outputs.mapping/bams.cds.rand/ERR1135282.x.s__Gemmiger qucibialis.fastq.gz,ERR1135282.x.s__Gemmiger qucibialis,d10ac2ba,19270000,51,DNA,10000,1927,True,0.8859223383800148,0.9181791850822808,0.9020507617311477,0.9181791850822808,True,1,4789,5945,d__Bacteria;p__Bacillota;c__Clostridia;o__Oscillospirales;f__Ruminococcaceae;g__Fournierella;s__Fournierella sp002159185
10000,0.0005189413596263622,0.0036231884057971015,0.0005189413596263622,0.0001682085786375105,1.0,1.0,0.0,/group/ctbrowngrp5/sourmash-db.new/gtdb-rs226/gtdb-rs226-k51.dna.rocksdb,GCA_902465565.1 uncultured Eubacteriales bacterium,b60e8f2e04961970107bd0d74c77a87e,0.0036231884057971015,10000,291,8050000,outputs.mapping/bams.cds.rand/ERR1135282.x.s__Gemmiger qucibialis.fastq.gz,ERR1135282.x.s__Gemmiger qucibialis,d10ac2ba,19270000,51,DNA,10000,1927,True,0.8621653298043457,0.8956514588158029,0.8789083943100743,0.8956514588158029,True,1,4790,5945,d__Bacteria;p__Bacillota;c__Clostridia;o__Christensenellales;f__Aristaeellaceae;g__RUG563;s__RUG563 sp934632155
10000,0.0005189413596263622,0.003215434083601286,0.0005189413596263622,0.000336417157275021,2.0,2.0,0.0,/group/ctbrowngrp5/sourmash-db.new/gtdb-rs226/gtdb-rs226-k51.dna.rocksdb,GCF_041085325.1 Intestinimonas butyriciproducens,8249688c66a848ee095ff7cbdc42ced3,0.003215434083601286,10000,292,8040000,outputs.mapping/bams.cds.rand/ERR1135282.x.s__Gemmiger qucibialis.fastq.gz,ERR1135282.x.s__Gemmiger qucibialis,d10ac2ba,19270000,51,DNA,10000,1927,True,0.8621653298043457,0.8935571727127903,0.877861251258568,0.8935571727127903,True,2,4792,5945,d__Bacteria;p__Bacillota;c__Clostridia;o__Oscillospirales;f__Oscillospiraceae;g__Intestinimonas;s__Intestinimonas butyriciproducens
10000,0.0005189413596263622,0.008695652173913044,0.0005189413596263622,0.0001682085786375105,1.0,1.0,0.0,/group/ctbrowngrp5/sourmash-db.new/gtdb-rs226/gtdb-rs226-k51.dna.rocksdb,GCA_945867445.1 uncultured Clostridia bacterium,181f1795468125ec65cfcf6c34cf2de7,0.008695652173913044,10000,293,8030000,outputs.mapping/bams.cds.rand/ERR1135282.x.s__Gemmiger qucibialis.fastq.gz,ERR1135282.x.s__Gemmiger qucibialis,d10ac2ba,19270000,51,DNA,10000,1927,True,0.8621653298043457,0.9111589805028507,0.8866621551535983,0.9111589805028507,True,1,4793,5945,d__Bacteria;p__Bacillota;c__Clostridia;o__Oscillospirales;f__Oscillospiraceae;g__Oscillibacter;s__Oscillibacter sp945867445
140000,0.007265179034769071,0.003968253968253968,0.0005189413596263622,0.0001682085786375105,1.0,1.0,0.0,/group/ctbrowngrp5/sourmash-db.new/gtdb-rs226/gtdb-rs226-k51.dna.rocksdb,GCA_022786945.1 Subdoligranulum variabile,7fd79e622c5b1ac545709440b46a5a70,0.05555555555555555,10000,294,8020000,outputs.mapping/bams.cds.rand/ERR1135282.x.s__Gemmiger qucibialis.fastq.gz,ERR1135282.x.s__Gemmiger qucibialis,d10ac2ba,19270000,51,DNA,10000,1927,True,0.9079535966996131,0.9449020987729916,0.9264278477363024,0.9449020987729916,False,1,4794,5945,d__Bacteria;p__Bacillota;c__Clostridia;o__Oscillospirales;f__Ruminococcaceae;g__Gemmiger;s__Gemmiger variabilis_B
20000,0.0010378827192527244,0.0033222591362126247,0.0005189413596263622,0.004373423044575274,26.0,26.0,0.0,/group/ctbrowngrp5/sourmash-db.new/gtdb-rs226/gtdb-rs226-k51.dna.rocksdb,GCA_022771625.1 Prevotella sp.,f94923f2da488c81c7acffe33fea799e,0.006644518272425249,10000,295,8010000,outputs.mapping/bams.cds.rand/ERR1135282.x.s__Gemmiger qucibialis.fastq.gz,ERR1135282.x.s__Gemmiger qucibialis,d10ac2ba,19270000,51,DNA,10000,1927,True,0.8739631142390637,0.9063651655579615,0.8901641398985126,0.9063651655579615,True,26,4820,5945,d__Bacteria;p__Bacteroidota;c__Bacteroidia;o__Bacteroidales;f__Bacteroidaceae;g__Prevotella;s__Prevotella sp022771625
300000,0.015568240788790867,0.00398406374501992,0.0005189413596263622,0.0001682085786375105,1.0,1.0,0.0,/group/ctbrowngrp5/sourmash-db.new/gtdb-rs226/gtdb-rs226-k51.dna.rocksdb,GCA_037347665.1 Gemmiger formicilis,84992fa66c78a1c665690a68ea13bb53,0.11952191235059761,10000,296,8000000,outputs.mapping/bams.cds.rand/ERR1135282.x.s__Gemmiger qucibialis.fastq.gz,ERR1135282.x.s__Gemmiger qucibialis,d10ac2ba,19270000,51,DNA,10000,1927,True,0.9216238743448312,0.9592034584157682,0.9404136663802997,0.9592034584157682,False,1,4821,5945,d__Bacteria;p__Bacillota;c__Clostridia;o__Oscillospirales;f__Ruminococcaceae;g__Gemmiger;s__Gemmiger formicilis
10000,0.0005189413596263622,0.004291845493562232,0.0005189413596263622,0.0005046257359125315,3.0,3.0,0.0,/group/ctbrowngrp5/sourmash-db.new/gtdb-rs226/gtdb-rs226-k51.dna.rocksdb,GCA_963618855.1 bacterium,b7f42c02f58e9a729836cefc2cda65c3,0.004291845493562232,10000,297,7990000,outputs.mapping/bams.cds.rand/ERR1135282.x.s__Gemmiger qucibialis.fastq.gz,ERR1135282.x.s__Gemmiger qucibialis,d10ac2ba,19270000,51,DNA,10000,1927,True,0.8621653298043457,0.8986307105512661,0.8803980201778059,0.8986307105512661,True,3,4824,5945,d__Bacteria;p__Bacillota;c__Bacilli;o__RFN20;f__CAG-288;g__Enterosoma;s__Enterosoma sp963648975
20000,0.0010378827192527244,0.0038461538461538464,0.0005189413596263622,0.0001682085786375105,1.0,1.0,0.0,/group/ctbrowngrp5/sourmash-db.new/gtdb-rs226/gtdb-rs226-k51.dna.rocksdb,GCF_028721365.1 Flintibacter sp.,643f8e355c6e1fd2bfdb688d886c078c,0.007692307692307693,10000,298,7980000,outputs.mapping/bams.cds.rand/ERR1135282.x.s__Gemmiger qucibialis.fastq.gz,ERR1135282.x.s__Gemmiger qucibialis,d10ac2ba,19270000,51,DNA,10000,1927,True,0.8739631142390637,0.9089712150027334,0.8914671646208985,0.9089712150027334,True,1,4825,5945,d__Bacteria;p__Bacillota;c__Clostridia;o__Oscillospirales;f__Oscillospiraceae;g__Lawsonibacter;s__Lawsonibacter sp000177015
20000,0.0010378827192527244,0.005025125628140704,0.0005189413596263622,0.0001682085786375105,1.0,1.0,0.0,/group/ctbrowngrp5/sourmash-db.new/gtdb-rs226/gtdb-rs226-k51.dna.rocksdb,GCA_021637445.1 Clostridiales bacterium,a4a6341072c06c25e677ab4d9413b66d,0.010050251256281407,10000,299,7970000,outputs.mapping/bams.cds.rand/ERR1135282.x.s__Gemmiger qucibialis.fastq.gz,ERR1135282.x.s__Gemmiger qucibialis,d10ac2ba,19270000,51,DNA,10000,1927,True,0.8739631142390637,0.9137491761859651,0.8938561452125144,0.9137491761859651,True,1,4826,5945,d__Bacteria;p__Bacillota;c__Clostridia;o__Christensenellales;f__CAG-138;g__PeH17;s__PeH17 sp000435055
150000,0.007784120394395433,0.004166666666666667,0.0005189413596263622,0.0001682085786375105,1.0,1.0,0.0,/group/ctbrowngrp5/sourmash-db.new/gtdb-rs226/gtdb-rs226-k51.dna.rocksdb,GCA_029227615.1 Subdoligranulum variabile,918b5adb7901b002fdd3cfc4ff09339e,0.0625,10000,300,7960000,outputs.mapping/bams.cds.rand/ERR1135282.x.s__Gemmiger qucibialis.fastq.gz,ERR1135282.x.s__Gemmiger qucibialis,d10ac2ba,19270000,51,DNA,10000,1927,True,0.9091827087827389,0.9470868448726294,0.9281347768276842,0.9470868448726294,False,1,4827,5945,d__Bacteria;p__Bacillota;c__Clostridia;o__Oscillospirales;f__Ruminococcaceae;g__Gemmiger;s__Gemmiger variabilis_B
10000,0.0005189413596263622,0.004608294930875576,0.0005189413596263622,0.0005046257359125315,3.0,3.0,0.0,/group/ctbrowngrp5/sourmash-db.new/gtdb-rs226/gtdb-rs226-k51.dna.rocksdb,GCA_036311205.1 Succinivibrionaceae bacterium,6a9fd09dfb38d0a3821042329c46e25b,0.004608294930875576,10000,301,7950000,outputs.mapping/bams.cds.rand/ERR1135282.x.s__Gemmiger qucibialis.fastq.gz,ERR1135282.x.s__Gemmiger qucibialis,d10ac2ba,19270000,51,DNA,10000,1927,True,0.8621653298043457,0.8998851063638268,0.8810252180840863,0.8998851063638268,True,3,4830,5945,d__Bacteria;p__Pseudomonadota;c__Gammaproteobacteria;o__Enterobacterales;f__Succinivibrionaceae;g__HGM20899;s__HGM20899 sp900767005
30000,0.0015568240788790867,0.0048543689320388345,0.0005189413596263622,0.0001682085786375105,1.0,1.0,0.0,/group/ctbrowngrp5/sourmash-db.new/gtdb-rs226/gtdb-rs226-k51.dna.rocksdb,GCA_004558025.1 Clostridiales bacterium,b76ab06f47d32504dc05c528c49a64ad,0.014563106796116505,10000,302,7940000,outputs.mapping/bams.cds.rand/ERR1135282.x.s__Gemmiger qucibialis.fastq.gz,ERR1135282.x.s__Gemmiger qucibialis,d10ac2ba,19270000,51,DNA,10000,1927,True,0.8809390736254634,0.920418572086174,0.9006788228558187,0.920418572086174,True,1,4831,5945,d__Bacteria;p__Bacillota;c__Clostridia;o__Oscillospirales;f__Oscillospiraceae;g__F23-B02;s__F23-B02 sp004558025
40000,0.0020757654385054488,0.002824858757062147,0.0005189413596263622,0.0001682085786375105,1.0,1.0,0.0,/group/ctbrowngrp5/sourmash-db.new/gtdb-rs226/gtdb-rs226-k51.dna.rocksdb,GCF_002160935.1 Drancourtella sp. An12,d6df2a344e72a50bd6483db1e32eb402,0.011299435028248588,10000,303,7930000,outputs.mapping/bams.cds.rand/ERR1135282.x.s__Gemmiger qucibialis.fastq.gz,ERR1135282.x.s__Gemmiger qucibialis,d10ac2ba,19270000,51,DNA,10000,1927,True,0.8859223383800148,0.9158506157738865,0.9008864770769507,0.9158506157738865,True,1,4832,5945,d__Bacteria;p__Bacillota;c__Clostridia;o__Lachnospirales;f__Lachnospiraceae;g__Sellimonas;s__Sellimonas catena
30000,0.0015568240788790867,0.00558659217877095,0.0005189413596263622,0.0001682085786375105,1.0,1.0,0.0,/group/ctbrowngrp5/sourmash-db.new/gtdb-rs226/gtdb-rs226-k51.dna.rocksdb,GCA_022778755.1 Oscillibacter sp.,c61cd82893e497dfc5743239c4f1f089,0.01675977653631285,10000,304,7920000,outputs.mapping/bams.cds.rand/ERR1135282.x.s__Gemmiger qucibialis.fastq.gz,ERR1135282.x.s__Gemmiger qucibialis,d10ac2ba,19270000,51,DNA,10000,1927,True,0.8809390736254634,0.9229575565724236,0.9019483150989436,0.9229575565724236,True,1,4833,5945,d__Bacteria;p__Bacillota;c__Clostridia;o__Oscillospirales;f__Oscillospiraceae;g__Vescimonas;s__Vescimonas sp003487665
10000,0.0005189413596263622,0.005714285714285714,0.0005189413596263622,0.000336417157275021,2.0,2.0,0.0,/group/ctbrowngrp5/sourmash-db.new/gtdb-rs226/gtdb-rs226-k51.dna.rocksdb,GCA_028723625.1 Dialister sp.,cf978d202875a112450b3ae04a38332e,0.005714285714285714,10000,305,7910000,outputs.mapping/bams.cds.rand/ERR1135282.x.s__Gemmiger qucibialis.fastq.gz,ERR1135282.x.s__Gemmiger qucibialis,d10ac2ba,19270000,51,DNA,10000,1927,True,0.8621653298043457,0.9036887208642069,0.8829270253342762,0.9036887208642069,True,2,4835,5945,d__Bacteria;p__Bacillota;c__Negativicutes;o__Veillonellales;f__Dialisteraceae;g__Dialister;s__Dialister sp000434475
10000,0.0005189413596263622,0.004739336492890996,0.0005189413596263622,0.003532380151387721,21.0,21.0,0.0,/group/ctbrowngrp5/sourmash-db.new/gtdb-rs226/gtdb-rs226-k51.dna.rocksdb,GCA_034114425.1 Faecousia sp.,b90b6a2114905dad04cf476d19d9b717,0.004739336492890996,10000,306,7900000,outputs.mapping/bams.cds.rand/ERR1135282.x.s__Gemmiger qucibialis.fastq.gz,ERR1135282.x.s__Gemmiger qucibialis,d10ac2ba,19270000,51,DNA,10000,1927,True,0.8621653298043457,0.900379988990409,0.8812726593973774,0.900379988990409,True,21,4856,5945,d__Bacteria;p__Bacillota;c__Clostridia;o__Oscillospirales;f__Oscillospiraceae;g__Faecousia;s__Faecousia sp022772525
30000,0.0015568240788790867,0.002688172043010753,0.0005189413596263622,0.0001682085786375105,1.0,1.0,0.0,/group/ctbrowngrp5/sourmash-db.new/gtdb-rs226/gtdb-rs226-k51.dna.rocksdb,GCA_900758635.1 Lachnospiraceae bacterium,e91f1cadfb28b3336e6fc009e2f2a8d5,0.008064516129032258,10000,307,7890000,outputs.mapping/bams.cds.rand/ERR1135282.x.s__Gemmiger qucibialis.fastq.gz,ERR1135282.x.s__Gemmiger qucibialis,d10ac2ba,19270000,51,DNA,10000,1927,True,0.8809390736254634,0.9098137917904366,0.8953764327079501,0.9098137917904366,True,1,4857,5945,d__Bacteria;p__Bacillota;c__Clostridia;o__Lachnospirales;f__Lachnospiraceae;g__CABSIM01;s__CABSIM01 sp900541255
10000,0.0005189413596263622,0.0038022813688212928,0.0005189413596263622,0.0001682085786375105,1.0,1.0,0.0,/group/ctbrowngrp5/sourmash-db.new/gtdb-rs226/gtdb-rs226-k51.dna.rocksdb,GCF_900115655.1 Ruminobacter amylophilus,c7d2052ba0271f224bfd5e8b25676757,0.0038022813688212928,10000,308,7880000,outputs.mapping/bams.cds.rand/ERR1135282.x.s__Gemmiger qucibialis.fastq.gz,ERR1135282.x.s__Gemmiger qucibialis,d10ac2ba,19270000,51,DNA,10000,1927,True,0.8621653298043457,0.896499160640959,0.8793322452226524,0.896499160640959,True,1,4858,5945,d__Bacteria;p__Pseudomonadota;c__Gammaproteobacteria;o__Enterobacterales;f__Succinivibrionaceae;g__Ruminobacter;s__Ruminobacter amylophilus
70000,0.0036325895173845357,0.003472222222222222,0.0005189413596263622,0.0001682085786375105,1.0,1.0,0.0,/group/ctbrowngrp5/sourmash-db.new/gtdb-rs226/gtdb-rs226-k51.dna.rocksdb,GCA_025757845.1 Oscillospiraceae bacterium,7db8bfe75e578fab88eda4aeb98b26e2,0.024305555555555556,10000,309,7870000,outputs.mapping/bams.cds.rand/ERR1135282.x.s__Gemmiger qucibialis.fastq.gz,ERR1135282.x.s__Gemmiger qucibialis,d10ac2ba,19270000,51,DNA,10000,1927,True,0.8956969686611227,0.9297092837471931,0.9127031262041578,0.9297092837471931,False,1,4859,5945,d__Bacteria;p__Bacillota;c__Clostridia;o__Oscillospirales;f__Ruminococcaceae;g__Faecalibacterium;s__Faecalibacterium sp900539945
40000,0.0020757654385054488,0.0024449877750611247,0.0005189413596263622,0.0015138772077375945,9.0,9.0,0.0,/group/ctbrowngrp5/sourmash-db.new/gtdb-rs226/gtdb-rs226-k51.dna.rocksdb,GCA_021616595.1 Bacteroidales bacterium,58da32daf3e3c54075353a3fd64979fd,0.009779951100244499,10000,310,7860000,outputs.mapping/bams.cds.rand/ERR1135282.x.s__Gemmiger qucibialis.fastq.gz,ERR1135282.x.s__Gemmiger qucibialis,d10ac2ba,19270000,51,DNA,10000,1927,True,0.8859223383800148,0.9132608423782494,0.8995915903791321,0.9132608423782494,True,9,4868,5945,d__Bacteria;p__Bacteroidota;c__Bacteroidia;o__Bacteroidales;f__UBA932;g__Cryptobacteroides;s__Cryptobacteroides sp000433355
10000,0.0005189413596263622,0.0032258064516129032,0.0005189413596263622,0.000336417157275021,2.0,2.0,0.0,/group/ctbrowngrp5/sourmash-db.new/gtdb-rs226/gtdb-rs226-k51.dna.rocksdb,GCA_023408355.1 Bacillota bacterium,3e842122bad1b28016c2ac6cc87c2c01,0.0032258064516129032,10000,311,7850000,outputs.mapping/bams.cds.rand/ERR1135282.x.s__Gemmiger qucibialis.fastq.gz,ERR1135282.x.s__Gemmiger qucibialis,d10ac2ba,19270000,51,DNA,10000,1927,True,0.8621653298043457,0.893613602011483,0.8778894659079144,0.893613602011483,True,2,4870,5945,d__Bacteria;p__Bacillota;c__Clostridia;o__Oscillospirales;f__Acutalibacteraceae;g__CAG-177;s__CAG-177 sp000431775
10000,0.0005189413596263622,0.004484304932735426,0.0005189413596263622,0.0001682085786375105,1.0,1.0,0.0,/group/ctbrowngrp5/sourmash-db.new/gtdb-rs226/gtdb-rs226-k51.dna.rocksdb,GCA_904379225.1 uncultured Oscillospiraceae bacterium,cd261de008a6477d90b6aca3c50acd2a,0.004484304932735426,10000,312,7840000,outputs.mapping/bams.cds.rand/ERR1135282.x.s__Gemmiger qucibialis.fastq.gz,ERR1135282.x.s__Gemmiger qucibialis,d10ac2ba,19270000,51,DNA,10000,1927,True,0.8621653298043457,0.8994039832126721,0.8807846565085089,0.8994039832126721,True,1,4871,5945,d__Bacteria;p__Bacillota;c__Clostridia;o__Oscillospirales;f__Oscillospiraceae;g__Avoscillospira;s__Avoscillospira avicola
50000,0.002594706798131811,0.0027397260273972603,0.0005189413596263622,0.0001682085786375105,1.0,1.0,0.0,/group/ctbrowngrp5/sourmash-db.new/gtdb-rs226/gtdb-rs226-k51.dna.rocksdb,GCA_928721575.1 uncultured Lachnospira sp.,9d07afdf1903b43ea32600325f1f2c95,0.0136986301369863,10000,313,7830000,outputs.mapping/bams.cds.rand/ERR1135282.x.s__Gemmiger qucibialis.fastq.gz,ERR1135282.x.s__Gemmiger qucibialis,d10ac2ba,19270000,51,DNA,10000,1927,True,0.88980706321053,0.9193148122519929,0.9045609377312614,0.9193148122519929,True,1,4872,5945,d__Bacteria;p__Bacillota;c__Clostridia;o__Lachnospirales;f__Lachnospiraceae;g__Lachnospira;s__Lachnospira sp000436475
50000,0.002594706798131811,0.005025125628140704,0.0005189413596263622,0.0001682085786375105,1.0,1.0,0.0,/group/ctbrowngrp5/sourmash-db.new/gtdb-rs226/gtdb-rs226-k51.dna.rocksdb,GCA_029338535.1 Oscillibacter sp.,2730d12c5c77075f5a68ca857136a200,0.02512562814070352,10000,314,7820000,outputs.mapping/bams.cds.rand/ERR1135282.x.s__Gemmiger qucibialis.fastq.gz,ERR1135282.x.s__Gemmiger qucibialis,d10ac2ba,19270000,51,DNA,10000,1927,True,0.88980706321053,0.9303144008325623,0.9100607320215461,0.9303144008325623,True,1,4873,5945,d__Bacteria;p__Bacillota;c__Clostridia;o__Oscillospirales;f__Oscillospiraceae;g__Oscillibacter;s__Oscillibacter sp900544615
20000,0.0010378827192527244,0.0028011204481792717,0.0005189413596263622,0.000672834314550042,4.0,4.0,0.0,/group/ctbrowngrp5/sourmash-db.new/gtdb-rs226/gtdb-rs226-k51.dna.rocksdb,GCF_002251245.1 Prevotella sp. P5-92,89bbe07edc2e6138aa3281ac124654b9,0.0056022408963585435,10000,315,7810000,outputs.mapping/bams.cds.rand/ERR1135282.x.s__Gemmiger qucibialis.fastq.gz,ERR1135282.x.s__Gemmiger qucibialis,d10ac2ba,19270000,51,DNA,10000,1927,True,0.8739631142390637,0.9033378985680371,0.8886505064035504,0.9033378985680371,True,4,4877,5945,d__Bacteria;p__Bacteroidota;c__Bacteroidia;o__Bacteroidales;f__Bacteroidaceae;g__Prevotella;s__Prevotella sp002251245
30000,0.0015568240788790867,0.0035971223021582736,0.0005189413596263622,0.0001682085786375105,1.0,1.0,0.0,/group/ctbrowngrp5/sourmash-db.new/gtdb-rs226/gtdb-rs226-k51.dna.rocksdb,GCF_014281125.1 Lawsonibacter celer,6b84cef6d89ebcbe758f152b6f283d24,0.01079136690647482,10000,316,7800000,outputs.mapping/bams.cds.rand/ERR1135282.x.s__Gemmiger qucibialis.fastq.gz,ERR1135282.x.s__Gemmiger qucibialis,d10ac2ba,19270000,51,DNA,10000,1927,True,0.8809390736254634,0.9150248143114421,0.8979819439684528,0.9150248143114421,True,1,4878,5945,d__Bacteria;p__Bacillota;c__Clostridia;o__Oscillospirales;f__Oscillospiraceae;g__Instestinimonas_A;s__Instestinimonas_A celer
20000,0.0010378827192527244,0.00392156862745098,0.0005189413596263622,0.0008410428931875525,5.0,5.0,0.0,/group/ctbrowngrp5/sourmash-db.new/gtdb-rs226/gtdb-rs226-k51.dna.rocksdb,GCF_033488895.1 Mitsuokella jalaludinii,3c244018b31ba4bfa6b4bcfd7b7002f1,0.00784313725490196,10000,317,7790000,outputs.mapping/bams.cds.rand/ERR1135282.x.s__Gemmiger qucibialis.fastq.gz,ERR1135282.x.s__Gemmiger qucibialis,d10ac2ba,19270000,51,DNA,10000,1927,True,0.8739631142390637,0.9093173687616155,0.8916402415003396,0.9093173687616155,True,5,4883,5945,d__Bacteria;p__Bacillota;c__Negativicutes;o__Selenomonadales;f__Selenomonadaceae;g__Mitsuokella;s__Mitsuokella jalaludinii
110000,0.005708354955889984,0.004694835680751174,0.0005189413596263622,0.0001682085786375105,1.0,1.0,0.0,/group/ctbrowngrp5/sourmash-db.new/gtdb-rs226/gtdb-rs226-k51.dna.rocksdb,GCA_029100665.1 bacterium,1059fe0c6f4799fe4cce4fe81677a2c0,0.051643192488262914,10000,318,7780000,outputs.mapping/bams.cds.rand/ERR1135282.x.s__Gemmiger qucibialis.fastq.gz,ERR1135282.x.s__Gemmiger qucibialis,d10ac2ba,19270000,51,DNA,10000,1927,True,0.903670320856021,0.9435500943336841,0.9236102075948525,0.9435500943336841,False,1,4884,5945,d__Bacteria;p__Bacillota;c__Clostridia;o__Oscillospirales;f__Ruminococcaceae;g__Gemmiger;s__Gemmiger sp004561545
10000,0.0005189413596263622,0.005780346820809248,0.0005189413596263622,0.0001682085786375105,1.0,1.0,0.0,/group/ctbrowngrp5/sourmash-db.new/gtdb-rs226/gtdb-rs226-k51.dna.rocksdb,GCA_017503785.1 Clostridia bacterium,70204e26c4b0a8ac5e62850a840825b9,0.005780346820809248,10000,319,7770000,outputs.mapping/bams.cds.rand/ERR1135282.x.s__Gemmiger qucibialis.fastq.gz,ERR1135282.x.s__Gemmiger qucibialis,d10ac2ba,19270000,51,DNA,10000,1927,True,0.8621653298043457,0.9038924171716131,0.8830288734879794,0.9038924171716131,True,1,4885,5945,d__Bacteria;p__Bacillota;c__Clostridia;o__Oscillospirales;f__Acutalibacteraceae;g__RGIG3009;s__RGIG3009 sp017503785
1540000,0.07991696938245978,0.004048582995951417,0.0005189413596263622,0.0001682085786375105,1.0,1.0,0.0,/group/ctbrowngrp5/sourmash-db.new/gtdb-rs226/gtdb-rs226-k51.dna.rocksdb,GCA_037454635.1 Gemmiger qucibialis,807e519e759ab8c7d8d93cabcdebe1fe,0.6234817813765182,10000,320,7760000,outputs.mapping/bams.cds.rand/ERR1135282.x.s__Gemmiger qucibialis.fastq.gz,ERR1135282.x.s__Gemmiger qucibialis,d10ac2ba,19270000,51,DNA,10000,1927,True,0.9516628536177796,0.9907793277661796,0.9712210906919796,0.9907793277661796,False,1,4886,5945,d__Bacteria;p__Bacillota;c__Clostridia;o__Oscillospirales;f__Ruminococcaceae;g__Gemmiger;s__Gemmiger qucibialis
10000,0.0005189413596263622,0.003787878787878788,0.0005189413596263622,0.0001682085786375105,1.0,1.0,0.0,/group/ctbrowngrp5/sourmash-db.new/gtdb-rs226/gtdb-rs226-k51.dna.rocksdb,GCA_946007495.1 uncultured Lachnospiraceae bacterium,70ddd5713b3022a39fa788fd6f300db2,0.003787878787878788,10000,321,7750000,outputs.mapping/bams.cds.rand/ERR1135282.x.s__Gemmiger qucibialis.fastq.gz,ERR1135282.x.s__Gemmiger qucibialis,d10ac2ba,19270000,51,DNA,10000,1927,True,0.8621653298043457,0.8964324517908826,0.8792988907976141,0.8964324517908826,True,1,4887,5945,d__Bacteria;p__Bacillota;c__Clostridia;o__Lachnospirales;f__Lachnospiraceae;g__CAG-791;s__CAG-791 sp000431495
10000,0.0005189413596263622,0.002702702702702703,0.0005189413596263622,0.0001682085786375105,1.0,1.0,0.0,/group/ctbrowngrp5/sourmash-db.new/gtdb-rs226/gtdb-rs226-k51.dna.rocksdb,GCF_029225965.1 Anaerobutyricum hallii,c6c0affe981e0da03f5fd38c914ef6bc,0.002702702702702703,10000,322,7740000,outputs.mapping/bams.cds.rand/ERR1135282.x.s__Gemmiger qucibialis.fastq.gz,ERR1135282.x.s__Gemmiger qucibialis,d10ac2ba,19270000,51,DNA,10000,1927,True,0.8621653298043457,0.890518822631689,0.8763420762180174,0.890518822631689,True,1,4888,5945,d__Bacteria;p__Bacillota;c__Clostridia;o__Lachnospirales;f__Lachnospiraceae;g__Anaerobutyricum;s__Anaerobutyricum hallii
20000,0.0010378827192527244,0.0047169811320754715,0.0005189413596263622,0.0008410428931875525,5.0,5.0,0.0,/group/ctbrowngrp5/sourmash-db.new/gtdb-rs226/gtdb-rs226-k51.dna.rocksdb,GCA_902474085.1 uncultured Oscillospiraceae bacterium,d59c6ce3fb66ff03596fd6578890aa85,0.009433962264150943,10000,323,7730000,outputs.mapping/bams.cds.rand/ERR1135282.x.s__Gemmiger qucibialis.fastq.gz,ERR1135282.x.s__Gemmiger qucibialis,d10ac2ba,19270000,51,DNA,10000,1927,True,0.8739631142390637,0.9126160876839744,0.893289600961519,0.9126160876839744,True,5,4893,5945,d__Bacteria;p__Bacillota;c__Clostridia;o__Oscillospirales;f__Acutalibacteraceae;g__UBA5905;s__UBA5905 sp002437905
30000,0.0015568240788790867,0.004807692307692308,0.0005189413596263622,0.0001682085786375105,1.0,1.0,0.0,/group/ctbrowngrp5/sourmash-db.new/gtdb-rs226/gtdb-rs226-k51.dna.rocksdb,GCA_036750275.1 Oscillospiraceae bacterium,29c9ee78e9a848732290b9f00c2ea66a,0.014423076923076924,10000,324,7720000,outputs.mapping/bams.cds.rand/ERR1135282.x.s__Gemmiger qucibialis.fastq.gz,ERR1135282.x.s__Gemmiger qucibialis,d10ac2ba,19270000,51,DNA,10000,1927,True,0.8809390736254634,0.9202442160094686,0.900591644817466,0.9202442160094686,True,1,4894,5945,d__Bacteria;p__Bacillota;c__Clostridia;o__Oscillospirales;f__Ruminococcaceae;g__Faecalibacterium;s__Faecalibacterium duncaniae
10000,0.0005189413596263622,0.010869565217391304,0.0005189413596263622,0.0001682085786375105,1.0,1.0,0.0,/group/ctbrowngrp5/sourmash-db.new/gtdb-rs226/gtdb-rs226-k51.dna.rocksdb,GCA_945982115.1 uncultured Clostridia bacterium,17dc4d7a24f9ddb6ac538508bd12d138,0.010869565217391304,10000,325,7710000,outputs.mapping/bams.cds.rand/ERR1135282.x.s__Gemmiger qucibialis.fastq.gz,ERR1135282.x.s__Gemmiger qucibialis,d10ac2ba,19270000,51,DNA,10000,1927,True,,,,,True,1,4895,5945,d__Bacteria;p__Bacillota;c__Clostridia;o__Oscillospirales;f__Oscillospiraceae;g__Vescimonas;s__Vescimonas sp004555205
50000,0.002594706798131811,0.004149377593360996,0.0005189413596263622,0.0001682085786375105,1.0,1.0,0.0,/group/ctbrowngrp5/sourmash-db.new/gtdb-rs226/gtdb-rs226-k51.dna.rocksdb,GCF_934518605.1 uncultured Gemmiger sp.,fa7e9710633f1f2c2e5cc6e19fd09e35,0.02074688796680498,10000,326,7700000,outputs.mapping/bams.cds.rand/ERR1135282.x.s__Gemmiger qucibialis.fastq.gz,ERR1135282.x.s__Gemmiger qucibialis,d10ac2ba,19270000,51,DNA,10000,1927,True,0.88980706321053,0.9268278550575403,0.9083174591340352,0.9268278550575403,True,1,4896,5945,d__Bacteria;p__Bacillota;c__Clostridia;o__Oscillospirales;f__Ruminococcaceae;g__Gemmiger;s__Gemmiger sp900539695
10000,0.0005189413596263622,0.0045871559633027525,0.0005189413596263622,0.0001682085786375105,1.0,1.0,0.0,/group/ctbrowngrp5/sourmash-db.new/gtdb-rs226/gtdb-rs226-k51.dna.rocksdb,GCF_034093755.1 Dysosmobacter sp.,f5dcda5cf0fdea6b88de98f894f77cd9,0.0045871559633027525,10000,327,7690000,outputs.mapping/bams.cds.rand/ERR1135282.x.s__Gemmiger qucibialis.fastq.gz,ERR1135282.x.s__Gemmiger qucibialis,d10ac2ba,19270000,51,DNA,10000,1927,True,0.8621653298043457,0.8998039843327351,0.8809846570685405,0.8998039843327351,True,1,4897,5945,d__Bacteria;p__Bacillota;c__Clostridia;o__Oscillospirales;f__Oscillospiraceae;g__Oscillibacter;s__Oscillibacter sp034093755
40000,0.0020757654385054488,0.004761904761904762,0.0005189413596263622,0.0001682085786375105,1.0,1.0,0.0,/group/ctbrowngrp5/sourmash-db.new/gtdb-rs226/gtdb-rs226-k51.dna.rocksdb,GCA_945878665.1 uncultured Clostridia bacterium,b9ab3e1394c095d3c7888973d7ec963d,0.01904761904761905,10000,328,7680000,outputs.mapping/bams.cds.rand/ERR1135282.x.s__Gemmiger qucibialis.fastq.gz,ERR1135282.x.s__Gemmiger qucibialis,d10ac2ba,19270000,51,DNA,10000,1927,True,0.8859223383800148,0.9252761890078747,0.9055992636939447,0.9252761890078747,True,1,4898,5945,d__Bacteria;p__Bacillota;c__Clostridia;o__Oscillospirales;f__Oscillospiraceae;g__Vescimonas;s__Vescimonas sp945878665
60000,0.0031136481577581734,0.004310344827586207,0.0005189413596263622,0.0001682085786375105,1.0,1.0,0.0,/group/ctbrowngrp5/sourmash-db.new/gtdb-rs226/gtdb-rs226-k51.dna.rocksdb,GCA_946011705.1 uncultured Clostridia bacterium,b394ebe4dadd6e43b2743549ccc8c710,0.02586206896551724,10000,329,7670000,outputs.mapping/bams.cds.rand/ERR1135282.x.s__Gemmiger qucibialis.fastq.gz,ERR1135282.x.s__Gemmiger qucibialis,d10ac2ba,19270000,51,DNA,10000,1927,True,0.8929937560993132,0.9308415277984536,0.9119176419488835,0.9308415277984536,True,1,4899,5945,d__Bacteria;p__Bacillota;c__Clostridia;o__Oscillospirales;f__Oscillospiraceae;g__Faecousia;s__Faecousia sp946011705
10000,0.0005189413596263622,0.002512562814070352,0.0005189413596263622,0.0001682085786375105,1.0,1.0,0.0,/group/ctbrowngrp5/sourmash-db.new/gtdb-rs226/gtdb-rs226-k51.dna.rocksdb,GCF_002301855.1 Clostridioides difficile,1a4a95fabd24320bc52b1b3136cce7c0,0.002512562814070352,10000,330,7660000,outputs.mapping/bams.cds.rand/ERR1135282.x.s__Gemmiger qucibialis.fastq.gz,ERR1135282.x.s__Gemmiger qucibialis,d10ac2ba,19270000,51,DNA,10000,1927,True,0.8621653298043457,0.8892459595108382,0.8757056446575919,0.8892459595108382,True,1,4900,5945,d__Bacteria;p__Bacillota;c__Clostridia;o__Peptostreptococcales;f__Peptostreptococcaceae;g__Clostridioides;s__Clostridioides difficile
10000,0.0005189413596263622,0.007518796992481203,0.0005189413596263622,0.000336417157275021,2.0,2.0,0.0,/group/ctbrowngrp5/sourmash-db.new/gtdb-rs226/gtdb-rs226-k51.dna.rocksdb,GCA_945946615.1 uncultured Faecalibacterium sp.,5018e92009b16ab52f99398ec449273b,0.007518796992481203,10000,331,7650000,outputs.mapping/bams.cds.rand/ERR1135282.x.s__Gemmiger qucibialis.fastq.gz,ERR1135282.x.s__Gemmiger qucibialis,d10ac2ba,19270000,51,DNA,10000,1927,True,0.8621653298043457,0.9085646807370644,0.885365005270705,0.9085646807370644,True,2,4902,5945,d__Bacteria;p__Bacillota;c__Clostridia;o__Christensenellales;f__CAG-917;g__CAG-1138;s__CAG-1138 sp000434675
30000,0.0015568240788790867,0.005128205128205128,0.0005189413596263622,0.000336417157275021,2.0,2.0,0.0,/group/ctbrowngrp5/sourmash-db.new/gtdb-rs226/gtdb-rs226-k51.dna.rocksdb,GCA_037306825.1 bacterium,27e32318df3a786669ea395253320059,0.015384615384615385,10000,332,7640000,outputs.mapping/bams.cds.rand/ERR1135282.x.s__Gemmiger qucibialis.fastq.gz,ERR1135282.x.s__Gemmiger qucibialis,d10ac2ba,19270000,51,DNA,10000,1927,True,0.8809390736254634,0.9214094865050211,0.9011742800652423,0.9214094865050211,True,2,4904,5945,d__Bacteria;p__Bacillota;c__Clostridia;o__Oscillospirales;f__Oscillospiraceae;g__Vescimonas;s__Vescimonas sp003487665
10000,0.0005189413596263622,0.008,0.0005189413596263622,0.000336417157275021,2.0,2.0,0.0,/group/ctbrowngrp5/sourmash-db.new/gtdb-rs226/gtdb-rs226-k51.dna.rocksdb,GCA_022772105.1 Erysipelotrichaceae bacterium,53034fff1ef889771f43af366dd8f339,0.008,10000,333,7630000,outputs.mapping/bams.cds.rand/ERR1135282.x.s__Gemmiger qucibialis.fastq.gz,ERR1135282.x.s__Gemmiger qucibialis,d10ac2ba,19270000,51,DNA,10000,1927,True,0.8621653298043457,0.9096705132580012,0.8859179215311734,0.9096705132580012,True,2,4906,5945,d__Bacteria;p__Bacillota;c__Bacilli;o__RFN20;f__CAG-449;g__UBA3210;s__UBA3210 sp022772105
50000,0.002594706798131811,0.0035971223021582736,0.0005189413596263622,0.0001682085786375105,1.0,1.0,0.0,/group/ctbrowngrp5/sourmash-db.new/gtdb-rs226/gtdb-rs226-k51.dna.rocksdb,GCA_034118205.1 Lawsonibacter sp.,77cc48742d3d2ff3473b968a347e7b19,0.017985611510791366,10000,334,7620000,outputs.mapping/bams.cds.rand/ERR1135282.x.s__Gemmiger qucibialis.fastq.gz,ERR1135282.x.s__Gemmiger qucibialis,d10ac2ba,19270000,51,DNA,10000,1927,True,0.88980706321053,0.9242359286396974,0.9070214959251137,0.9242359286396974,True,1,4907,5945,d__Bacteria;p__Bacillota;c__Clostridia;o__Oscillospirales;f__Oscillospiraceae;g__Lawsonibacter;s__Lawsonibacter sp000177015
10000,0.0005189413596263622,0.0045662100456621,0.0005189413596263622,0.0005046257359125315,3.0,3.0,0.0,/group/ctbrowngrp5/sourmash-db.new/gtdb-rs226/gtdb-rs226-k51.dna.rocksdb,GCA_029218845.1 Clostridia bacterium,44407645c47400f97af3f80fe3ddec10,0.0045662100456621,10000,335,7610000,outputs.mapping/bams.cds.rand/ERR1135282.x.s__Gemmiger qucibialis.fastq.gz,ERR1135282.x.s__Gemmiger qucibialis,d10ac2ba,19270000,51,DNA,10000,1927,True,0.8621653298043457,0.8997232408336094,0.8809442853189775,0.8997232408336094,True,3,4910,5945,d__Bacteria;p__Bacillota;c__Clostridia;o__Lachnospirales;f__Lachnospiraceae;g__Lachnospira;s__Lachnospira sp945946665
10000,0.0005189413596263622,0.0043859649122807015,0.0005189413596263622,0.001682085786375105,10.0,10.0,0.0,/group/ctbrowngrp5/sourmash-db.new/gtdb-rs226/gtdb-rs226-k51.dna.rocksdb,GCA_963648635.1 Ruminococcus intestinalis,f5ff671b37960a8c0968508a01eb913b,0.0043859649122807015,10000,336,7600000,outputs.mapping/bams.cds.rand/ERR1135282.x.s__Gemmiger qucibialis.fastq.gz,ERR1135282.x.s__Gemmiger qucibialis,d10ac2ba,19270000,51,DNA,10000,1927,True,0.8621653298043457,0.8990130239792933,0.8805891768918195,0.8990130239792933,True,10,4920,5945,d__Bacteria;p__Spirochaetota;c__Spirochaetia;o__Sphaerochaetales;f__Sphaerochaetaceae;g__Ornithospirochaeta;s__Ornithospirochaeta sp963648635
110000,0.005708354955889984,0.004347826086956522,0.0005189413596263622,0.000336417157275021,2.0,2.0,0.0,/group/ctbrowngrp5/sourmash-db.new/gtdb-rs226/gtdb-rs226-k51.dna.rocksdb,GCF_934501215.1 uncultured Gemmiger sp.,851142e19108dff9be8b8288a1da19bd,0.04782608695652174,10000,337,7590000,outputs.mapping/bams.cds.rand/ERR1135282.x.s__Gemmiger qucibialis.fastq.gz,ERR1135282.x.s__Gemmiger qucibialis,d10ac2ba,19270000,51,DNA,10000,1927,True,0.903670320856021,0.9421305257015994,0.9229004232788102,0.9421305257015994,False,2,4922,5945,d__Bacteria;p__Bacillota;c__Clostridia;o__Oscillospirales;f__Ruminococcaceae;g__Gemmiger;s__Gemmiger variabilis_A
10000,0.0005189413596263622,0.003968253968253968,0.0005189413596263622,0.0001682085786375105,1.0,1.0,0.0,/group/ctbrowngrp5/sourmash-db.new/gtdb-rs226/gtdb-rs226-k51.dna.rocksdb,GCA_934631015.1 uncultured Oscillospiraceae bacterium,18b91388108e2bf6be109c1e02aa94af,0.003968253968253968,10000,338,7580000,outputs.mapping/bams.cds.rand/ERR1135282.x.s__Gemmiger qucibialis.fastq.gz,ERR1135282.x.s__Gemmiger qucibialis,d10ac2ba,19270000,51,DNA,10000,1927,True,0.8621653298043457,0.8972505121216641,0.8797079209630049,0.8972505121216641,True,1,4923,5945,d__Bacteria;p__Bacillota;c__Clostridia;o__Oscillospirales;f__Oscillospiraceae;g__Faecousia;s__Faecousia sp900752285
20000,0.0010378827192527244,0.005025125628140704,0.0005189413596263622,0.0001682085786375105,1.0,1.0,0.0,/group/ctbrowngrp5/sourmash-db.new/gtdb-rs226/gtdb-rs226-k51.dna.rocksdb,GCA_959019095.1 uncultured Eubacteriales bacterium,2f7a6f0f5a06d83453c64874eba48475,0.010050251256281407,10000,339,7570000,outputs.mapping/bams.cds.rand/ERR1135282.x.s__Gemmiger qucibialis.fastq.gz,ERR1135282.x.s__Gemmiger qucibialis,d10ac2ba,19270000,51,DNA,10000,1927,True,0.8739631142390637,0.9137491761859651,0.8938561452125144,0.9137491761859651,True,1,4924,5945,d__Bacteria;p__Bacillota;c__Clostridia;o__Oscillospirales;f__Oscillospiraceae;g__CAG-103;s__CAG-103 sp900317855
950000,0.04929942916450441,0.0036900369003690036,0.0005189413596263622,0.0001682085786375105,1.0,1.0,0.0,/group/ctbrowngrp5/sourmash-db.new/gtdb-rs226/gtdb-rs226-k51.dna.rocksdb,GCA_963660775.1 Clostridium sp. CAG:568,61546971ba619b3dc50065dfcbe4eab1,0.3505535055350554,10000,340,7560000,outputs.mapping/bams.cds.rand/ERR1135282.x.s__Gemmiger qucibialis.fastq.gz,ERR1135282.x.s__Gemmiger qucibialis,d10ac2ba,19270000,51,DNA,10000,1927,True,0.9426911910229269,0.979656025499043,0.961173608260985,0.979656025499043,False,1,4925,5945,d__Bacteria;p__Bacillota;c__Clostridia;o__Oscillospirales;f__Ruminococcaceae;g__Gemmiger;s__Gemmiger qucibialis
150000,0.007784120394395433,0.0031645569620253164,0.0005189413596263622,0.0001682085786375105,1.0,1.0,0.0,/group/ctbrowngrp5/sourmash-db.new/gtdb-rs226/gtdb-rs226-k51.dna.rocksdb,GCF_900148495.1 Negativibacillus massiliensis,14a3469a43c6145dca551886754a026f,0.04746835443037975,10000,341,7550000,outputs.mapping/bams.cds.rand/ERR1135282.x.s__Gemmiger qucibialis.fastq.gz,ERR1135282.x.s__Gemmiger qucibialis,d10ac2ba,19270000,51,DNA,10000,1927,True,0.9091827087827389,0.9419918399549826,0.9255872743688607,0.9419918399549826,False,1,4926,5945,d__Bacteria;p__Bacillota;c__Clostridia;o__Oscillospirales;f__Ruminococcaceae;g__Negativibacillus;s__Negativibacillus massiliensis
10000,0.0005189413596263622,0.005681818181818182,0.0005189413596263622,0.0001682085786375105,1.0,1.0,0.0,/group/ctbrowngrp5/sourmash-db.new/gtdb-rs226/gtdb-rs226-k51.dna.rocksdb,GCA_029097605.1 Clostridium sp.,f379c4b29ac43c3391ead168b5a3e36e,0.005681818181818182,10000,342,7540000,outputs.mapping/bams.cds.rand/ERR1135282.x.s__Gemmiger qucibialis.fastq.gz,ERR1135282.x.s__Gemmiger qucibialis,d10ac2ba,19270000,51,DNA,10000,1927,True,0.8621653298043457,0.9035877610647627,0.8828765454345542,0.9035877610647627,True,1,4927,5945,d__Bacteria;p__Bacillota;c__Clostridia;o__Christensenellales;f__CAG-138;g__PeH17;s__PeH17 sp900542285
10000,0.0005189413596263622,0.002570694087403599,0.0005189413596263622,0.0001682085786375105,1.0,1.0,0.0,/group/ctbrowngrp5/sourmash-db.new/gtdb-rs226/gtdb-rs226-k51.dna.rocksdb,GCA_037343375.1 Phocaeicola massiliensis,a1afb7b6e632ffcff00bb7884cd300d3,0.002570694087403599,10000,343,7530000,outputs.mapping/bams.cds.rand/ERR1135282.x.s__Gemmiger qucibialis.fastq.gz,ERR1135282.x.s__Gemmiger qucibialis,d10ac2ba,19270000,51,DNA,10000,1927,True,0.8621653298043457,0.8896448611500511,0.8759050954771984,0.8896448611500511,True,1,4928,5945,d__Bacteria;p__Bacteroidota;c__Bacteroidia;o__Bacteroidales;f__Bacteroidaceae;g__Phocaeicola;s__Phocaeicola massiliensis
20000,0.0010378827192527244,0.005649717514124294,0.0005189413596263622,0.0001682085786375105,1.0,1.0,0.0,/group/ctbrowngrp5/sourmash-db.new/gtdb-rs226/gtdb-rs226-k51.dna.rocksdb,GCF_022128265.1 Campylobacter jejuni,1cf2a0d7f9c812e9458693dbea54e815,0.011299435028248588,10000,344,7520000,outputs.mapping/bams.cds.rand/ERR1135282.x.s__Gemmiger qucibialis.fastq.gz,ERR1135282.x.s__Gemmiger qucibialis,d10ac2ba,19270000,51,DNA,10000,1927,True,0.8739631142390637,0.9158506157738865,0.8949068650064751,0.9158506157738865,True,1,4929,5945,d__Bacteria;p__Campylobacterota;c__Campylobacteria;o__Campylobacterales;f__Campylobacteraceae;g__Campylobacter_D;s__Campylobacter_D jejuni
30000,0.0015568240788790867,0.004098360655737705,0.0005189413596263622,0.000336417157275021,2.0,2.0,0.0,/group/ctbrowngrp5/sourmash-db.new/gtdb-rs226/gtdb-rs226-k51.dna.rocksdb,GCF_021531915.1 Oscillibacter valericigenes,aaee81d010245c821b78ff323bd4d76f,0.012295081967213115,10000,345,7510000,outputs.mapping/bams.cds.rand/ERR1135282.x.s__Gemmiger qucibialis.fastq.gz,ERR1135282.x.s__Gemmiger qucibialis,d10ac2ba,19270000,51,DNA,10000,1927,True,0.8809390736254634,0.917368352065359,0.8991537128454112,0.917368352065359,True,2,4931,5945,d__Bacteria;p__Bacillota;c__Clostridia;o__Oscillospirales;f__Oscillospiraceae;g__Oscillibacter;s__Oscillibacter valericigenes_A
20000,0.0010378827192527244,0.0036101083032490976,0.0005189413596263622,0.0001682085786375105,1.0,1.0,0.0,/group/ctbrowngrp5/sourmash-db.new/gtdb-rs226/gtdb-rs226-k51.dna.rocksdb,GCF_000833955.1 Prevotella pectinovora,f21257989e56fba1d557f96b9512fcd5,0.007220216606498195,10000,346,7500000,outputs.mapping/bams.cds.rand/ERR1135282.x.s__Gemmiger qucibialis.fastq.gz,ERR1135282.x.s__Gemmiger qucibialis,d10ac2ba,19270000,51,DNA,10000,1927,True,0.8739631142390637,0.9078430825637916,0.8909030984014277,0.9078430825637916,True,1,4932,5945,d__Bacteria;p__Bacteroidota;c__Bacteroidia;o__Bacteroidales;f__Bacteroidaceae;g__Prevotella;s__Prevotella pectinovora
10000,0.0005189413596263622,0.004166666666666667,0.0005189413596263622,0.0001682085786375105,1.0,1.0,0.0,/group/ctbrowngrp5/sourmash-db.new/gtdb-rs226/gtdb-rs226-k51.dna.rocksdb,GCF_013394775.1 Oribacterium sp. oral taxon 102,9809466f35c8ebbd69f64b0dee8a2fd3,0.004166666666666667,10000,347,7490000,outputs.mapping/bams.cds.rand/ERR1135282.x.s__Gemmiger qucibialis.fastq.gz,ERR1135282.x.s__Gemmiger qucibialis,d10ac2ba,19270000,51,DNA,10000,1927,True,0.8621653298043457,0.8981092953870639,0.8801373125957048,0.8981092953870639,True,1,4933,5945,d__Bacteria;p__Bacillota;c__Clostridia;o__Lachnospirales;f__Lachnospiraceae;g__Oribacterium;s__Oribacterium sp013394775
20000,0.0010378827192527244,0.005780346820809248,0.0005189413596263622,0.000336417157275021,2.0,2.0,0.0,/group/ctbrowngrp5/sourmash-db.new/gtdb-rs226/gtdb-rs226-k51.dna.rocksdb,GCA_963557795.1 uncultured Clostridia bacterium,3e39c9a7f7f5587738d539a159b680c8,0.011560693641618497,10000,348,7480000,outputs.mapping/bams.cds.rand/ERR1135282.x.s__Gemmiger qucibialis.fastq.gz,ERR1135282.x.s__Gemmiger qucibialis,d10ac2ba,19270000,51,DNA,10000,1927,True,0.8739631142390637,0.9162611909106207,0.8951121525748422,0.9162611909106207,True,2,4935,5945,d__Bacteria;p__Bacillota;c__Clostridia;o__Oscillospirales;f__Acutalibacteraceae;g__Scybalenecus;s__Scybalenecus sp900540085
10000,0.0005189413596263622,0.002793296089385475,0.0005189413596263622,0.0001682085786375105,1.0,1.0,0.0,/group/ctbrowngrp5/sourmash-db.new/gtdb-rs226/gtdb-rs226-k51.dna.rocksdb,GCA_034104265.1 Eubacteriales bacterium,d69b970d5c7ebf10b3e8fe8ca91edb7f,0.002793296089385475,10000,349,7470000,outputs.mapping/bams.cds.rand/ERR1135282.x.s__Gemmiger qucibialis.fastq.gz,ERR1135282.x.s__Gemmiger qucibialis,d10ac2ba,19270000,51,DNA,10000,1927,True,0.8621653298043457,0.8910947033197164,0.8766300165620311,0.8910947033197164,True,1,4936,5945,d__Bacteria;p__Bacillota;c__Clostridia;o__Christensenellales;f__Aristaeellaceae;g__UBA11524;s__UBA11524 sp034104265
1630000,0.08458744161909704,0.004545454545454545,0.0005189413596263622,0.0001682085786375105,1.0,1.0,0.0,/group/ctbrowngrp5/sourmash-db.new/gtdb-rs226/gtdb-rs226-k51.dna.rocksdb,GCA_028727545.1 Subdoligranulum sp.,ae069f184fa75d4d44df5ab8e9e4bc2d,0.740909090909091,10000,350,7460000,outputs.mapping/bams.cds.rand/ERR1135282.x.s__Gemmiger qucibialis.fastq.gz,ERR1135282.x.s__Gemmiger qucibialis,d10ac2ba,19270000,51,DNA,10000,1927,True,0.9527232903649546,0.9941373051098192,0.973430297737387,0.9941373051098192,False,1,4937,5945,d__Bacteria;p__Bacillota;c__Clostridia;o__Oscillospirales;f__Ruminococcaceae;g__Gemmiger;s__Gemmiger qucibialis
50000,0.002594706798131811,0.0036363636363636364,0.0005189413596263622,0.0001682085786375105,1.0,1.0,0.0,/group/ctbrowngrp5/sourmash-db.new/gtdb-rs226/gtdb-rs226-k51.dna.rocksdb,GCA_937967235.1 uncultured Clostridia bacterium,cef4270d49a519404bd54ca72d4f5d48,0.01818181818181818,10000,351,7450000,outputs.mapping/bams.cds.rand/ERR1135282.x.s__Gemmiger qucibialis.fastq.gz,ERR1135282.x.s__Gemmiger qucibialis,d10ac2ba,19270000,51,DNA,10000,1927,True,0.88980706321053,0.9244325765105641,0.907119819860547,0.9244325765105641,True,1,4938,5945,d__Bacteria;p__Bacillota;c__Clostridia;o__Oscillospirales;f__Oscillospiraceae;g__CAG-170;s__CAG-170 sp937967235
60000,0.0031136481577581734,0.005405405405405406,0.0005189413596263622,0.000336417157275021,2.0,2.0,0.0,/group/ctbrowngrp5/sourmash-db.new/gtdb-rs226/gtdb-rs226-k51.dna.rocksdb,GCA_028720245.1 Oscillospiraceae bacterium,351751ea26263f363dcfadda63e2827a,0.032432432432432434,10000,352,7440000,outputs.mapping/bams.cds.rand/ERR1135282.x.s__Gemmiger qucibialis.fastq.gz,ERR1135282.x.s__Gemmiger qucibialis,d10ac2ba,19270000,51,DNA,10000,1927,True,0.8929937560993132,0.9349825812683754,0.9139881686838442,0.9349825812683754,True,2,4940,5945,d__Bacteria;p__Bacillota;c__Clostridia;o__Oscillospirales;f__Ruminococcaceae;g__SFJ001;s__SFJ001 sp004555865
10000,0.0005189413596263622,0.008771929824561403,0.0005189413596263622,0.0001682085786375105,1.0,1.0,0.0,/group/ctbrowngrp5/sourmash-db.new/gtdb-rs226/gtdb-rs226-k51.dna.rocksdb,GCA_004553875.1 Oscillospiraceae bacterium,c3587c83cdb852b2f2684480f649a582,0.008771929824561403,10000,353,7430000,outputs.mapping/bams.cds.rand/ERR1135282.x.s__Gemmiger qucibialis.fastq.gz,ERR1135282.x.s__Gemmiger qucibialis,d10ac2ba,19270000,51,DNA,10000,1927,True,0.8621653298043457,0.911315028588222,0.8867401791962839,0.911315028588222,True,1,4941,5945,d__Bacteria;p__Bacillota;c__Clostridia;o__Oscillospirales;f__Ruminococcaceae;g__Angelakisella;s__Angelakisella sp004554485
1180000,0.06123508043591074,0.004032258064516129,0.0005189413596263622,0.0001682085786375105,1.0,1.0,0.0,/group/ctbrowngrp5/sourmash-db.new/gtdb-rs226/gtdb-rs226-k51.dna.rocksdb,GCF_934553375.1 uncultured Gemmiger sp.,020d21af919051471b0772fa69086d20,0.47580645161290325,10000,354,7420000,outputs.mapping/bams.cds.rand/ERR1135282.x.s__Gemmiger qucibialis.fastq.gz,ERR1135282.x.s__Gemmiger qucibialis,d10ac2ba,19270000,51,DNA,10000,1927,True,0.9467072260264978,0.9855419261904533,0.9661245761084756,0.9855419261904533,False,1,4942,5945,d__Bacteria;p__Bacillota;c__Clostridia;o__Oscillospirales;f__Ruminococcaceae;g__Gemmiger;s__Gemmiger qucibialis
10000,0.0005189413596263622,0.003472222222222222,0.0005189413596263622,0.000336417157275021,2.0,2.0,0.0,/group/ctbrowngrp5/sourmash-db.new/gtdb-rs226/gtdb-rs226-k51.dna.rocksdb,GCA_003450425.1 Prevotella sp.,c05303a02bf41a7527bbd667e7b932cb,0.003472222222222222,10000,355,7410000,outputs.mapping/bams.cds.rand/ERR1135282.x.s__Gemmiger qucibialis.fastq.gz,ERR1135282.x.s__Gemmiger qucibialis,d10ac2ba,19270000,51,DNA,10000,1927,True,0.8621653298043457,0.8949043474404382,0.8785348386223919,0.8949043474404382,True,2,4944,5945,d__Bacteria;p__Bacteroidota;c__Bacteroidia;o__Bacteroidales;f__Bacteroidaceae;g__Prevotella;s__Prevotella sp015074785
1260000,0.06538661131292164,0.004629629629629629,0.0005189413596263622,0.000336417157275021,2.0,2.0,0.0,/group/ctbrowngrp5/sourmash-db.new/gtdb-rs226/gtdb-rs226-k51.dna.rocksdb,GCA_021626365.1 Oscillospiraceae bacterium,1f31d8ed08946528f003b67b71aeae09,0.5833333333333334,10000,356,7400000,outputs.mapping/bams.cds.rand/ERR1135282.x.s__Gemmiger qucibialis.fastq.gz,ERR1135282.x.s__Gemmiger qucibialis,d10ac2ba,19270000,51,DNA,10000,1927,True,0.9479256843901982,0.9894870921572447,0.9687063882737215,0.9894870921572447,False,2,4946,5945,d__Bacteria;p__Bacillota;c__Clostridia;o__Oscillospirales;f__Ruminococcaceae;g__Gemmiger;s__Gemmiger qucibialis
30000,0.0015568240788790867,0.006535947712418301,0.0005189413596263622,0.0001682085786375105,1.0,1.0,0.0,/group/ctbrowngrp5/sourmash-db.new/gtdb-rs226/gtdb-rs226-k51.dna.rocksdb,GCA_945932795.1 uncultured Clostridia bacterium,35dab85d820af199a60f6b4c5dd6ecab,0.0196078431372549,10000,357,7390000,outputs.mapping/bams.cds.rand/ERR1135282.x.s__Gemmiger qucibialis.fastq.gz,ERR1135282.x.s__Gemmiger qucibialis,d10ac2ba,19270000,51,DNA,10000,1927,True,0.8809390736254634,0.9258022498221521,0.9033706617238078,0.9258022498221521,True,1,4947,5945,d__Bacteria;p__Bacillota;c__Clostridia;o__Oscillospirales;f__Oscillospiraceae;g__Vescimonas;s__Vescimonas sp945915065
20000,0.0010378827192527244,0.002277904328018223,0.0005189413596263622,0.0008410428931875525,5.0,5.0,0.0,/group/ctbrowngrp5/sourmash-db.new/gtdb-rs226/gtdb-rs226-k51.dna.rocksdb,GCA_016742315.1 Escherichia coli,52a7e233f7f49c3d683908733b2c6030,0.004555808656036446,10000,358,7380000,outputs.mapping/bams.cds.rand/ERR1135282.x.s__Gemmiger qucibialis.fastq.gz,ERR1135282.x.s__Gemmiger qucibialis,d10ac2ba,19270000,51,DNA,10000,1927,True,0.8739631142390637,0.8996830099433122,0.8868230620911879,0.8996830099433122,True,5,4952,5945,d__Bacteria;p__Pseudomonadota;c__Gammaproteobacteria;o__Enterobacterales;f__Enterobacteriaceae;g__Escherichia;s__Escherichia coli
20000,0.0010378827192527244,0.004878048780487805,0.0005189413596263622,0.0001682085786375105,1.0,1.0,0.0,/group/ctbrowngrp5/sourmash-db.new/gtdb-rs226/gtdb-rs226-k51.dna.rocksdb,GCA_021641665.1 Clostridium sp.,6d642309d47fa7b6c1eef261d848a8f1,0.00975609756097561,10000,359,7370000,outputs.mapping/bams.cds.rand/ERR1135282.x.s__Gemmiger qucibialis.fastq.gz,ERR1135282.x.s__Gemmiger qucibialis,d10ac2ba,19270000,51,DNA,10000,1927,True,0.8739631142390637,0.9132171142817191,0.8935901142603915,0.9132171142817191,True,1,4953,5945,d__Bacteria;p__Bacillota;c__Clostridia;o__Christensenellales;f__CAG-138;g__PeH17;s__PeH17 sp000435055
1390000,0.07213284898806435,0.004484304932735426,0.0005189413596263622,0.0001682085786375105,1.0,1.0,0.0,/group/ctbrowngrp5/sourmash-db.new/gtdb-rs226/gtdb-rs226-k51.dna.rocksdb,GCA_037267915.1 Gemmiger qucibialis,3e76338397a864b7c9b4932f8e095924,0.6233183856502242,10000,360,7360000,outputs.mapping/bams.cds.rand/ERR1135282.x.s__Gemmiger qucibialis.fastq.gz,ERR1135282.x.s__Gemmiger qucibialis,d10ac2ba,19270000,51,DNA,10000,1927,True,0.9497525158603705,0.9907742358706573,0.9702633758655139,0.9907742358706573,False,1,4954,5945,d__Bacteria;p__Bacillota;c__Clostridia;o__Oscillospirales;f__Ruminococcaceae;g__Gemmiger;s__Gemmiger qucibialis
10000,0.0005189413596263622,0.005555555555555556,0.0005189413596263622,0.0001682085786375105,1.0,1.0,0.0,/group/ctbrowngrp5/sourmash-db.new/gtdb-rs226/gtdb-rs226-k51.dna.rocksdb,GCA_016293865.1 Oscillospiraceae bacterium,f3175b50c78063e0e4092d0b18f43c4b,0.005555555555555556,10000,361,7350000,outputs.mapping/bams.cds.rand/ERR1135282.x.s__Gemmiger qucibialis.fastq.gz,ERR1135282.x.s__Gemmiger qucibialis,d10ac2ba,19270000,51,DNA,10000,1927,True,0.8621653298043457,0.9031896880401206,0.8826775089222332,0.9031896880401206,True,1,4955,5945,d__Bacteria;p__Bacillota;c__Clostridia;o__Oscillospirales;f__Oscillospiraceae;g__JAEDDG01;s__JAEDDG01 sp016293865
80000,0.0041515308770108976,0.0038022813688212928,0.0005189413596263622,0.001345668629100084,8.0,8.0,0.0,/group/ctbrowngrp5/sourmash-db.new/gtdb-rs226/gtdb-rs226-k51.dna.rocksdb,GCF_014385095.1 Zongyangia hominis,e68de0f488506ea8109d4077a90e9499,0.030418250950570342,10000,362,7340000,outputs.mapping/bams.cds.rand/ERR1135282.x.s__Gemmiger qucibialis.fastq.gz,ERR1135282.x.s__Gemmiger qucibialis,d10ac2ba,19270000,51,DNA,10000,1927,True,0.8980452113520474,0.9338078792584326,0.91592654530524,0.9338078792584326,False,8,4963,5945,d__Bacteria;p__Bacillota;c__Clostridia;o__Oscillospirales;f__Ruminococcaceae;g__Zongyangia;s__Zongyangia hominis
330000,0.017125064867669952,0.0025575447570332483,0.0005189413596263622,0.0001682085786375105,1.0,1.0,0.0,/group/ctbrowngrp5/sourmash-db.new/gtdb-rs226/gtdb-rs226-k51.dna.rocksdb,GCF_027662265.1 Gemmiger formicilis,9c4cd691dd5724bcf719cbe91336e9f6,0.08439897698209718,10000,363,7330000,outputs.mapping/bams.cds.rand/ERR1135282.x.s__Gemmiger qucibialis.fastq.gz,ERR1135282.x.s__Gemmiger qucibialis,d10ac2ba,19270000,51,DNA,10000,1927,True,0.9233478403711564,0.9526816230653739,0.9380147317182651,0.9526816230653739,False,1,4964,5945,d__Bacteria;p__Bacillota;c__Clostridia;o__Oscillospirales;f__Ruminococcaceae;g__Gemmiger;s__Gemmiger formicilis
10000,0.0005189413596263622,0.003484320557491289,0.0005189413596263622,0.000336417157275021,2.0,2.0,0.0,/group/ctbrowngrp5/sourmash-db.new/gtdb-rs226/gtdb-rs226-k51.dna.rocksdb,GCA_945830505.1 uncultured Clostridia bacterium,15e12f3e219cd71609bbc435637dc6c0,0.003484320557491289,10000,364,7320000,outputs.mapping/bams.cds.rand/ERR1135282.x.s__Gemmiger qucibialis.fastq.gz,ERR1135282.x.s__Gemmiger qucibialis,d10ac2ba,19270000,51,DNA,10000,1927,True,0.8621653298043457,0.8949653831278861,0.8785653564661159,0.8949653831278861,True,2,4966,5945,d__Bacteria;p__Bacillota;c__Clostridia;o__Oscillospirales;f__Oscillospiraceae;g__Faecousia;s__Faecousia sp945875335
10000,0.0005189413596263622,0.008,0.0005189413596263622,0.0005046257359125315,3.0,3.0,0.0,/group/ctbrowngrp5/sourmash-db.new/gtdb-rs226/gtdb-rs226-k51.dna.rocksdb,GCA_945499515.1 uncultured Bacillales bacterium,e0a32f92146f2a3849a44a969d2e0c45,0.008,10000,365,7310000,outputs.mapping/bams.cds.rand/ERR1135282.x.s__Gemmiger qucibialis.fastq.gz,ERR1135282.x.s__Gemmiger qucibialis,d10ac2ba,19270000,51,DNA,10000,1927,True,0.8621653298043457,0.9096705132580012,0.8859179215311734,0.9096705132580012,True,3,4969,5945,d__Bacteria;p__Bacillota;c__Bacilli;o__RFN20;f__CAG-826;g__UBA2450;s__UBA2450 sp016302705
10000,0.0005189413596263622,0.004166666666666667,0.0005189413596263622,0.000336417157275021,2.0,2.0,0.0,/group/ctbrowngrp5/sourmash-db.new/gtdb-rs226/gtdb-rs226-k51.dna.rocksdb,GCA_002431385.1 Clostridiales bacterium UBA5892,b5c4655b678bdd94a33b5f0129834f16,0.004166666666666667,10000,366,7300000,outputs.mapping/bams.cds.rand/ERR1135282.x.s__Gemmiger qucibialis.fastq.gz,ERR1135282.x.s__Gemmiger qucibialis,d10ac2ba,19270000,51,DNA,10000,1927,True,0.8621653298043457,0.8981092953870639,0.8801373125957048,0.8981092953870639,True,2,4971,5945,d__Bacteria;p__Bacillota;c__Clostridia;o__Oscillospirales;f__Oscillospiraceae;g__Faecousia;s__Faecousia sp002436765
1410000,0.07317073170731707,0.003968253968253968,0.0005189413596263622,0.0001682085786375105,1.0,1.0,0.0,/group/ctbrowngrp5/sourmash-db.new/gtdb-rs226/gtdb-rs226-k51.dna.rocksdb,GCA_963622035.1 Bacteroidaceae bacterium,12d69d0e51a6f75f990eca2c3eb06823,0.5595238095238095,10000,367,7290000,outputs.mapping/bams.cds.rand/ERR1135282.x.s__Gemmiger qucibialis.fastq.gz,ERR1135282.x.s__Gemmiger qucibialis,d10ac2ba,19270000,51,DNA,10000,1927,True,0.950018594769086,0.9886789009192766,0.9693487478441813,0.9886789009192766,False,1,4972,5945,d__Bacteria;p__Bacillota;c__Clostridia;o__Oscillospirales;f__Ruminococcaceae;g__Gemmiger;s__Gemmiger qucibialis
40000,0.0020757654385054488,0.004830917874396135,0.0005189413596263622,0.000672834314550042,4.0,4.0,0.0,/group/ctbrowngrp5/sourmash-db.new/gtdb-rs226/gtdb-rs226-k51.dna.rocksdb,GCA_958452365.1 uncultured Subdoligranulum sp.,05267c2f6afcd25f7b062057eb611b56,0.01932367149758454,10000,368,7280000,outputs.mapping/bams.cds.rand/ERR1135282.x.s__Gemmiger qucibialis.fastq.gz,ERR1135282.x.s__Gemmiger qucibialis,d10ac2ba,19270000,51,DNA,10000,1927,True,0.8859223383800148,0.9255372759573212,0.9057298071686679,0.9255372759573212,True,4,4976,5945,d__Bacteria;p__Bacillota;c__Clostridia;o__Oscillospirales;f__Ruminococcaceae;g__Gemmiger;s__Gemmiger sp900540595
10000,0.0005189413596263622,0.0028653295128939827,0.0005189413596263622,0.0001682085786375105,1.0,1.0,0.0,/group/ctbrowngrp5/sourmash-db.new/gtdb-rs226/gtdb-rs226-k51.dna.rocksdb,GCA_018369035.1 Prevotella sp.,937d8383a49a4e3922856d5d05683078,0.0028653295128939827,10000,369,7270000,outputs.mapping/bams.cds.rand/ERR1135282.x.s__Gemmiger qucibialis.fastq.gz,ERR1135282.x.s__Gemmiger qucibialis,d10ac2ba,19270000,51,DNA,10000,1927,True,0.8621653298043457,0.8915396814331433,0.8768525056187445,0.8915396814331433,True,1,4977,5945,d__Bacteria;p__Bacteroidota;c__Bacteroidia;o__Bacteroidales;f__Bacteroidaceae;g__Prevotella;s__Prevotella sp900545525
20000,0.0010378827192527244,0.004545454545454545,0.0005189413596263622,0.0001682085786375105,1.0,1.0,0.0,/group/ctbrowngrp5/sourmash-db.new/gtdb-rs226/gtdb-rs226-k51.dna.rocksdb,GCA_037310155.1 bacterium,ad57d17d25decf672a3aa56027fbb823,0.00909090909090909,10000,370,7260000,outputs.mapping/bams.cds.rand/ERR1135282.x.s__Gemmiger qucibialis.fastq.gz,ERR1135282.x.s__Gemmiger qucibialis,d10ac2ba,19270000,51,DNA,10000,1927,True,0.8739631142390637,0.9119534957754483,0.892958305007256,0.9119534957754483,True,1,4978,5945,d__Bacteria;p__Bacillota;c__Clostridia;o__Oscillospirales;f__Butyricicoccaceae;g__UBA4644;s__UBA4644 sp900555855
10000,0.0005189413596263622,0.007633587786259542,0.0005189413596263622,0.0001682085786375105,1.0,1.0,0.0,/group/ctbrowngrp5/sourmash-db.new/gtdb-rs226/gtdb-rs226-k51.dna.rocksdb,GCA_934122175.1 uncultured Clostridia bacterium,0e2fe41c4146e9106ed88fe191fba38a,0.007633587786259542,10000,371,7250000,outputs.mapping/bams.cds.rand/ERR1135282.x.s__Gemmiger qucibialis.fastq.gz,ERR1135282.x.s__Gemmiger qucibialis,d10ac2ba,19270000,51,DNA,10000,1927,True,0.8621653298043457,0.908834650149845,0.8854999899770953,0.908834650149845,True,1,4979,5945,d__Bacteria;p__Bacillota;c__Clostridia;o__TANB77;f__CAG-465;g__CAG-465;s__CAG-465 sp905204915
40000,0.0020757654385054488,0.004048582995951417,0.0005189413596263622,0.0001682085786375105,1.0,1.0,0.0,/group/ctbrowngrp5/sourmash-db.new/gtdb-rs226/gtdb-rs226-k51.dna.rocksdb,GCA_018375935.1 Faecalibacterium prausnitzii,61a74e90e5b60a0b19a7e9945d1d1d82,0.016194331983805668,10000,372,7240000,outputs.mapping/bams.cds.rand/ERR1135282.x.s__Gemmiger qucibialis.fastq.gz,ERR1135282.x.s__Gemmiger qucibialis,d10ac2ba,19270000,51,DNA,10000,1927,True,0.8859223383800148,0.9223366610731755,0.9041294997265952,0.9223366610731755,True,1,4980,5945,d__Bacteria;p__Bacillota;c__Clostridia;o__Oscillospirales;f__Ruminococcaceae;g__Faecalibacterium;s__Faecalibacterium duncaniae
180000,0.00934094447327452,0.003401360544217687,0.0005189413596263622,0.000336417157275021,2.0,2.0,0.0,/group/ctbrowngrp5/sourmash-db.new/gtdb-rs226/gtdb-rs226-k51.dna.rocksdb,GCA_959017845.1 uncultured Subdoligranulum sp.,17d55e8f21d7c28af3d633ba13374d95,0.061224489795918366,10000,373,7230000,outputs.mapping/bams.cds.rand/ERR1135282.x.s__Gemmiger qucibialis.fastq.gz,ERR1135282.x.s__Gemmiger qucibialis,d10ac2ba,19270000,51,DNA,10000,1927,True,0.9124387922557435,0.946704015293063,0.9295714037744033,0.946704015293063,False,2,4982,5945,d__Bacteria;p__Bacillota;c__Clostridia;o__Oscillospirales;f__Ruminococcaceae;g__Gemmiger;s__Gemmiger formicilis
100000,0.005189413596263622,0.004651162790697674,0.0005189413596263622,0.000336417157275021,2.0,2.0,0.0,/group/ctbrowngrp5/sourmash-db.new/gtdb-rs226/gtdb-rs226-k51.dna.rocksdb,GCA_022776645.1 bacterium,71935cf8587cd9fbb444ebb7a5d43e53,0.046511627906976744,10000,374,7220000,outputs.mapping/bams.cds.rand/ERR1135282.x.s__Gemmiger qucibialis.fastq.gz,ERR1135282.x.s__Gemmiger qucibialis,d10ac2ba,19270000,51,DNA,10000,1927,True,0.9019830943699245,0.9416158400553336,0.9217994672126291,0.9416158400553336,False,2,4984,5945,d__Bacteria;p__Bacillota;c__Clostridia;o__Oscillospirales;f__Ruminococcaceae;g__Gemmiger;s__Gemmiger sp004561545
20000,0.0010378827192527244,0.0045045045045045045,0.0005189413596263622,0.0001682085786375105,1.0,1.0,0.0,/group/ctbrowngrp5/sourmash-db.new/gtdb-rs226/gtdb-rs226-k51.dna.rocksdb,GCA_030839705.1 Oscillospiraceae bacterium,0762ed861d8f7cff37f0ab3c9e3493b7,0.009009009009009009,10000,375,7210000,outputs.mapping/bams.cds.rand/ERR1135282.x.s__Gemmiger qucibialis.fastq.gz,ERR1135282.x.s__Gemmiger qucibialis,d10ac2ba,19270000,51,DNA,10000,1927,True,0.8739631142390637,0.9117916860315043,0.8928774001352839,0.9117916860315043,True,1,4985,5945,d__Bacteria;p__Bacillota;c__Clostridia;o__Oscillospirales;f__Ruminococcaceae;g__Faecalibacterium;s__Faecalibacterium sp900540455
10000,0.0005189413596263622,0.003367003367003367,0.0005189413596263622,0.000336417157275021,2.0,2.0,0.0,/group/ctbrowngrp5/sourmash-db.new/gtdb-rs226/gtdb-rs226-k51.dna.rocksdb,GCA_034103025.1 Candidatus Limiplasma sp.,d911af25f19c8d987bc8a334d2770bf7,0.003367003367003367,10000,376,7200000,outputs.mapping/bams.cds.rand/ERR1135282.x.s__Gemmiger qucibialis.fastq.gz,ERR1135282.x.s__Gemmiger qucibialis,d10ac2ba,19270000,51,DNA,10000,1927,True,0.8621653298043457,0.8943645555749845,0.8782649426896652,0.8943645555749845,True,2,4987,5945,d__Bacteria;p__Bacillota;c__Clostridia;o__Christensenellales;f__Aristaeellaceae;g__Limiplasma;s__Limiplasma sp004556545
10000,0.0005189413596263622,0.003367003367003367,0.0005189413596263622,0.0001682085786375105,1.0,1.0,0.0,/group/ctbrowngrp5/sourmash-db.new/gtdb-rs226/gtdb-rs226-k51.dna.rocksdb,GCF_037432845.1 Waltera sp.,1be4c2e363be124bbe2c3da9e3ad9bda,0.003367003367003367,10000,377,7190000,outputs.mapping/bams.cds.rand/ERR1135282.x.s__Gemmiger qucibialis.fastq.gz,ERR1135282.x.s__Gemmiger qucibialis,d10ac2ba,19270000,51,DNA,10000,1927,True,0.8621653298043457,0.8943645555749845,0.8782649426896652,0.8943645555749845,True,1,4988,5945,d__Bacteria;p__Bacillota;c__Clostridia;o__Lachnospirales;f__Lachnospiraceae;g__Acetatifactor;s__Acetatifactor acetigignens
20000,0.0010378827192527244,0.004608294930875576,0.0005189413596263622,0.0001682085786375105,1.0,1.0,0.0,/group/ctbrowngrp5/sourmash-db.new/gtdb-rs226/gtdb-rs226-k51.dna.rocksdb,GCA_004554205.1 Clostridium sp.,d31851c6db6bcdf309820236292290c2,0.009216589861751152,10000,378,7180000,outputs.mapping/bams.cds.rand/ERR1135282.x.s__Gemmiger qucibialis.fastq.gz,ERR1135282.x.s__Gemmiger qucibialis,d10ac2ba,19270000,51,DNA,10000,1927,True,0.8739631142390637,0.9121990444611786,0.8930810793501212,0.9121990444611786,True,1,4989,5945,d__Bacteria;p__Bacillota;c__Clostridia;o__Lachnospirales;f__Lachnospiraceae;g__Brotaphodocola;s__Brotaphodocola sp004554205
380000,0.019719771665801765,0.003436426116838488,0.0005189413596263622,0.001009251471825063,6.0,6.0,0.0,/group/ctbrowngrp5/sourmash-db.new/gtdb-rs226/gtdb-rs226-k51.dna.rocksdb,GCA_019418285.1 Oscillospiraceae bacterium,0c62e98d1053433823091a402b9c1d57,0.13058419243986255,10000,379,7170000,outputs.mapping/bams.cds.rand/ERR1135282.x.s__Gemmiger qucibialis.fastq.gz,ERR1135282.x.s__Gemmiger qucibialis,d10ac2ba,19270000,51,DNA,10000,1927,True,0.9259055846325623,0.9608697511783107,0.9433876679054365,0.9608697511783107,False,6,4995,5945,d__Bacteria;p__Bacillota;c__Clostridia;o__Oscillospirales;f__Ruminococcaceae;g__Gemmiger;s__Gemmiger formicilis
10000,0.0005189413596263622,4.085568139105424e-06,0.0005189413596263622,0.0001682085786375105,1.0,1.0,0.0,/group/ctbrowngrp5/sourmash-db.new/ncbi-euks-2025.01/ncbi-euks-all-2025.01-k51.dna.rocksdb,GCA_910589775.1 Avena_eriantha_BYU132_v1_assembly Avena eriantha,9d6290c495bdf0c5163712ada33b16ce,4.085568139105424e-06,10000,380,7160000,outputs.mapping/bams.cds.rand/ERR1135282.x.s__Gemmiger qucibialis.fastq.gz,ERR1135282.x.s__Gemmiger qucibialis,d10ac2ba,19270000,51,DNA,10000,1927,True,0.8621653298043457,0.7840401146204399,0.8231027222123928,0.8621653298043457,True,1,4996,5945,Eukaryota;Streptophyta;Magnoliopsida;Poales;Poaceae;Avena;Avena eriantha;unclassified Avena eriantha subspecies/strain
