intersect_bp,f_orig_query,f_match,f_unique_to_query,f_unique_weighted,average_abund,median_abund,std_abund,filename,name,md5,f_match_orig,unique_intersect_bp,gather_result_rank,remaining_bp,query_filename,query_name,query_md5,query_bp,ksize,moltype,scaled,query_n_hashes,query_abundance,query_containment_ani,match_containment_ani,average_containment_ani,max_containment_ani,potential_false_negative,n_unique_weighted_found,sum_weighted_found,total_weighted_hashes,lineage
1880000,0.08366711170449488,0.704119850187266,0.08366711170449488,0.12612982744453574,3.265957446808511,3.0,2.6120650179051235,/group/ctbrowngrp5/sourmash-db.new/gtdb-rs226/gtdb-rs226-k51.dna.rocksdb,GCA_034089445.1 Bariatricus sp.,9d20418ff58b4b6be00dd7d677cf98ec,0.704119850187266,1880000,0,20590000,outputs.mapping/bams.cds.rand/ERR3211929.x.s__Bariatricus sp004560705.fastq.gz,ERR3211929.x.s__Bariatricus sp004560705,5ed9a646,22470000,51,DNA,10000,2247,True,0.9525189467523534,0.9931450405042624,0.9728319936283079,0.9931450405042624,False,614,614,4868,d__Bacteria;p__Bacillota;c__Clostridia;o__Lachnospirales;f__Lachnospiraceae;g__Bariatricus;s__Bariatricus sp004560705
1700000,0.07565643079661771,0.16593886462882096,0.016911437472185136,0.025267050123253903,3.236842105263158,2.0,3.1156161047072786,/group/ctbrowngrp5/sourmash-db.new/gtdb-rs226/gtdb-rs226-k51.dna.rocksdb,GCA_034171565.1 Bariatricus sp.,4ec87acad20ef2555254de0e78e21518,0.74235807860262,380000,1,20210000,outputs.mapping/bams.cds.rand/ERR3211929.x.s__Bariatricus sp004560705.fastq.gz,ERR3211929.x.s__Bariatricus sp004560705,5ed9a646,22470000,51,DNA,10000,2247,True,0.9506410969997434,0.9941753906360218,0.9724082438178826,0.9941753906360218,False,123,737,4868,d__Bacteria;p__Bacillota;c__Clostridia;o__Lachnospirales;f__Lachnospiraceae;g__Bariatricus;s__Bariatricus sp004560705
1590000,0.07076101468624833,0.09821428571428571,0.009790832220738763,0.013968775677896467,3.090909090909091,2.0,3.6044050184725474,/group/ctbrowngrp5/sourmash-db.new/gtdb-rs226/gtdb-rs226-k51.dna.rocksdb,GCA_945947505.1 uncultured bacterium,e11b17d6f92655e869f92e5918a7ee33,0.7098214285714286,220000,2,19990000,outputs.mapping/bams.cds.rand/ERR3211929.x.s__Bariatricus sp004560705.fastq.gz,ERR3211929.x.s__Bariatricus sp004560705,5ed9a646,22470000,51,DNA,10000,2247,True,0.9493950044219824,0.9933021031526861,0.9713485537873343,0.9933021031526861,False,68,805,4868,d__Bacteria;p__Bacillota;c__Clostridia;o__Lachnospirales;f__Lachnospiraceae;g__Bariatricus;s__Bariatricus sp004560705
250000,0.011125945705384957,0.0707070707070707,0.009345794392523364,0.036359901396877566,8.428571428571429,2.0,24.51932460145598,/group/ctbrowngrp5/sourmash-db.new/gtdb-rs226/gtdb-rs226-k51.dna.rocksdb,GCF_009696065.1 Oliverpabstia intestinalis,73677b2e91ab00f52564bad2dbf630bb,0.08417508417508418,210000,3,19780000,outputs.mapping/bams.cds.rand/ERR3211929.x.s__Bariatricus sp004560705.fastq.gz,ERR3211929.x.s__Bariatricus sp004560705,5ed9a646,22470000,51,DNA,10000,2247,True,0.9155727979060588,0.9526320043010719,0.9341024011035653,0.9526320043010719,False,177,982,4868,d__Bacteria;p__Bacillota;c__Clostridia;o__Lachnospirales;f__Lachnospiraceae;g__Oliverpabstia;s__Oliverpabstia intestinalis
200000,0.008900756564307966,0.08547008547008547,0.008900756564307966,0.019926047658175843,4.85,2.5,4.911975162803656,/group/ctbrowngrp5/sourmash-db.new/gtdb-rs226/gtdb-rs226-k51.dna.rocksdb,GCA_022779605.1 Lachnobacterium sp.,50cd1a9ae18f4e55f69ca9d51073c99b,0.08547008547008547,200000,4,19580000,outputs.mapping/bams.cds.rand/ERR3211929.x.s__Bariatricus sp004560705.fastq.gz,ERR3211929.x.s__Bariatricus sp004560705,5ed9a646,22470000,51,DNA,10000,2247,True,0.9115755848817693,0.9529172290029938,0.9322464069423815,0.9529172290029938,False,97,1079,4868,d__Bacteria;p__Bacillota;c__Clostridia;o__Lachnospirales;f__Lachnospiraceae;g__Agathobacter;s__Agathobacter sp900549895
1740000,0.0774365821094793,0.06493506493506493,0.006675567423230975,0.009860312243221035,3.2,3.0,2.1664102412362563,/group/ctbrowngrp5/sourmash-db.new/gtdb-rs226/gtdb-rs226-k51.dna.rocksdb,GCA_945829055.1 uncultured bacterium,d1ff92fc097a416645f4b64ba1a58b7b,0.7532467532467533,150000,5,19430000,outputs.mapping/bams.cds.rand/ERR3211929.x.s__Bariatricus sp004560705.fastq.gz,ERR3211929.x.s__Bariatricus sp004560705,5ed9a646,22470000,51,DNA,10000,2247,True,0.9510747042693443,0.9944592810074596,0.9727669926384019,0.9944592810074596,False,48,1127,4868,d__Bacteria;p__Bacillota;c__Clostridia;o__Lachnospirales;f__Lachnospiraceae;g__Bariatricus;s__Bariatricus sp004560705
180000,0.00801068090787717,0.05190311418685121,0.006675567423230975,0.02259654889071487,7.333333333333333,4.0,9.624043964063247,/group/ctbrowngrp5/sourmash-db.new/gtdb-rs226/gtdb-rs226-k51.dna.rocksdb,GCF_012843825.1 Dorea formicigenerans,071f2629301e97499cd33e1b6b44012d,0.06228373702422145,150000,6,19280000,outputs.mapping/bams.cds.rand/ERR3211929.x.s__Bariatricus sp004560705.fastq.gz,ERR3211929.x.s__Bariatricus sp004560705,5ed9a646,22470000,51,DNA,10000,2247,True,0.9096943116738696,0.9470224784329995,0.9283583950534345,0.9470224784329995,False,110,1237,4868,d__Bacteria;p__Bacillota;c__Clostridia;o__Lachnospirales;f__Lachnospiraceae;g__Dorea;s__Dorea formicigenerans
1720000,0.07654650645304852,0.057777777777777775,0.005785491766800178,0.005751848808545604,2.1538461538461537,2.0,1.2917581249035897,/group/ctbrowngrp5/sourmash-db.new/gtdb-rs226/gtdb-rs226-k51.dna.rocksdb,GCA_029378305.1 bacterium,1e60959badd15eb0aa8919863d3ed04b,0.7644444444444445,130000,7,19150000,outputs.mapping/bams.cds.rand/ERR3211929.x.s__Bariatricus sp004560705.fastq.gz,ERR3211929.x.s__Bariatricus sp004560705,5ed9a646,22470000,51,DNA,10000,2247,True,0.9508591364334932,0.994747062332806,0.9728030993831496,0.994747062332806,False,28,1265,4868,d__Bacteria;p__Bacillota;c__Clostridia;o__Lachnospirales;f__Lachnospiraceae;g__Bariatricus;s__Bariatricus sp004560705
130000,0.005785491766800178,0.03283582089552239,0.004895416110369382,0.004313886606409203,1.9090909090909092,1.0,1.3787046261911908,/group/ctbrowngrp5/sourmash-db.new/gtdb-rs226/gtdb-rs226-k51.dna.rocksdb,GCA_963558015.1 uncultured Acetatifactor sp.,c4b24070efc5d3de83ee68bb02d1dae6,0.03880597014925373,110000,8,19040000,outputs.mapping/bams.cds.rand/ERR3211929.x.s__Bariatricus sp004560705.fastq.gz,ERR3211929.x.s__Bariatricus sp004560705,5ed9a646,22470000,51,DNA,10000,2247,True,0.9039081854425103,0.9382775907498911,0.9210928880962007,0.9382775907498911,False,21,1286,4868,d__Bacteria;p__Bacillota;c__Clostridia;o__Lachnospirales;f__Lachnospiraceae;g__Acetatifactor;s__Acetatifactor sp945929965
120000,0.0053404539385847796,0.04417670682730924,0.004895416110369382,0.01828266228430567,8.090909090909092,3.0,10.824673377012733,/group/ctbrowngrp5/sourmash-db.new/gtdb-rs226/gtdb-rs226-k51.dna.rocksdb,GCA_958353315.1 uncultured Butyricicoccus sp.,40b18dc3e976ec6f5bceb3caa4923d65,0.04819277108433735,110000,9,18930000,outputs.mapping/bams.cds.rand/ERR3211929.x.s__Bariatricus sp004560705.fastq.gz,ERR3211929.x.s__Bariatricus sp004560705,5ed9a646,22470000,51,DNA,10000,2247,True,0.9024906459922475,0.9422716302788157,0.9223811381355316,0.9422716302788157,False,89,1375,4868,d__Bacteria;p__Bacillota;c__Clostridia;o__Oscillospirales;f__Butyricicoccaceae;g__Butyricicoccus_A;s__Butyricicoccus_A intestinisimiae
200000,0.008900756564307966,0.028169014084507043,0.004450378282153983,0.004724732949876746,2.3,1.0,2.9342801502242417,/group/ctbrowngrp5/sourmash-db.new/gtdb-rs226/gtdb-rs226-k51.dna.rocksdb,GCF_034103665.1 Blautia sp.,feb8d436083d4d3ce1ba8a5398c30a0c,0.056338028169014086,100000,10,18830000,outputs.mapping/bams.cds.rand/ERR3211929.x.s__Bariatricus sp004560705.fastq.gz,ERR3211929.x.s__Bariatricus sp004560705,5ed9a646,22470000,51,DNA,10000,2247,True,0.9115755848817693,0.9451612642963034,0.9283684245890363,0.9451612642963034,False,23,1398,4868,d__Bacteria;p__Bacillota;c__Clostridia;o__Lachnospirales;f__Lachnospiraceae;g__Blautia_A;s__Blautia_A sp018919065
100000,0.004450378282153983,0.043859649122807015,0.004450378282153983,0.006778964667214462,3.3,3.5,1.5524174696260025,/group/ctbrowngrp5/sourmash-db.new/gtdb-rs226/gtdb-rs226-k51.dna.rocksdb,GCA_945867955.1 uncultured Clostridia bacterium,63ab50c3aef8bec83975bc071f715940,0.043859649122807015,100000,11,18730000,outputs.mapping/bams.cds.rand/ERR3211929.x.s__Bariatricus sp004560705.fastq.gz,ERR3211929.x.s__Bariatricus sp004560705,5ed9a646,22470000,51,DNA,10000,2247,True,0.8992700629768193,0.9405325419797677,0.9199013024782935,0.9405325419797677,False,33,1431,4868,d__Bacteria;p__Bacillota;c__Clostridia;o__Oscillospirales;f__Oscillospiraceae;g__Vescimonas;s__Vescimonas sp003487665
120000,0.0053404539385847796,0.029585798816568046,0.004450378282153983,0.0045193097781429745,2.2,2.0,0.9797958971132712,/group/ctbrowngrp5/sourmash-db.new/gtdb-rs226/gtdb-rs226-k51.dna.rocksdb,GCA_022773565.1 Lachnospiraceae bacterium,22fb3c10dc1e4d51a67e4ee1e26e7869,0.03550295857988166,100000,12,18630000,outputs.mapping/bams.cds.rand/ERR3211929.x.s__Bariatricus sp004560705.fastq.gz,ERR3211929.x.s__Bariatricus sp004560705,5ed9a646,22470000,51,DNA,10000,2247,True,0.9024906459922475,0.936642402277415,0.9195665241348312,0.936642402277415,False,22,1453,4868,d__Bacteria;p__Bacillota;c__Clostridia;o__Lachnospirales;f__Lachnospiraceae;g__Agathobacter;s__Agathobacter sp000434275
120000,0.0053404539385847796,0.027624309392265192,0.004450378282153983,0.006162695152013147,3.0,1.0,5.019960159204453,/group/ctbrowngrp5/sourmash-db.new/gtdb-rs226/gtdb-rs226-k51.dna.rocksdb,GCA_003459375.1 Blautia obeum,425a8edba112f4b657f30e5eada2288d,0.03314917127071823,100000,13,18530000,outputs.mapping/bams.cds.rand/ERR3211929.x.s__Bariatricus sp004560705.fastq.gz,ERR3211929.x.s__Bariatricus sp004560705,5ed9a646,22470000,51,DNA,10000,2247,True,0.9024906459922475,0.93538340424686,0.9189370251195537,0.93538340424686,False,30,1483,4868,d__Bacteria;p__Bacillota;c__Clostridia;o__Lachnospirales;f__Lachnospiraceae;g__Blautia_A;s__Blautia_A obeum
120000,0.0053404539385847796,0.024390243902439025,0.004005340453938585,0.004724732949876746,2.5555555555555554,2.0,1.3425606637327303,/group/ctbrowngrp5/sourmash-db.new/gtdb-rs226/gtdb-rs226-k51.dna.rocksdb,GCF_020560805.1 Coprococcus catus,264ac19ce571e7c668b59e94f13b174f,0.032520325203252036,90000,14,18440000,outputs.mapping/bams.cds.rand/ERR3211929.x.s__Bariatricus sp004560705.fastq.gz,ERR3211929.x.s__Bariatricus sp004560705,5ed9a646,22470000,51,DNA,10000,2247,True,0.9024906459922475,0.9350321982898011,0.9187614221410243,0.9350321982898011,False,23,1506,4868,d__Bacteria;p__Bacillota;c__Clostridia;o__Lachnospirales;f__Lachnospiraceae;g__Coprococcus_A;s__Coprococcus_A intestinihominis
80000,0.0035603026257231864,0.03389830508474576,0.0035603026257231864,0.011298274445357435,6.875,2.0,8.267972847076846,/group/ctbrowngrp5/sourmash-db.new/gtdb-rs226/gtdb-rs226-k51.dna.rocksdb,GCA_022772635.1 Bacillota bacterium,3f95df69b0e58d1b3c0077667aa089c1,0.03389830508474576,80000,15,18360000,outputs.mapping/bams.cds.rand/ERR3211929.x.s__Bariatricus sp004560705.fastq.gz,ERR3211929.x.s__Bariatricus sp004560705,5ed9a646,22470000,51,DNA,10000,2247,True,0.8953440245271128,0.935793362535524,0.9155686935313184,0.935793362535524,False,55,1561,4868,d__Bacteria;p__Bacillota;c__Clostridia;o__Lachnospirales;f__Lachnospiraceae;g__CAG-791;s__CAG-791 sp000431495
120000,0.0053404539385847796,0.024615384615384615,0.0035603026257231864,0.0026705012325390306,1.625,1.0,0.8569568250501305,/group/ctbrowngrp5/sourmash-db.new/gtdb-rs226/gtdb-rs226-k51.dna.rocksdb,GCA_900066075.1 uncultured Clostridium sp.,ba6dfcb594b8671a45f3490d593843bc,0.036923076923076927,80000,16,18280000,outputs.mapping/bams.cds.rand/ERR3211929.x.s__Bariatricus sp004560705.fastq.gz,ERR3211929.x.s__Bariatricus sp004560705,5ed9a646,22470000,51,DNA,10000,2247,True,0.9024906459922475,0.9373629887898499,0.9199268173910486,0.9373629887898499,False,13,1574,4868,d__Bacteria;p__Bacillota;c__Clostridia;o__Lachnospirales;f__Lachnospiraceae;g__Muricoprocola;s__Muricoprocola aceti
110000,0.004895416110369382,0.026578073089700997,0.0035603026257231864,0.0024650780608052587,1.5,1.0,0.7071067811865476,/group/ctbrowngrp5/sourmash-db.new/gtdb-rs226/gtdb-rs226-k51.dna.rocksdb,GCF_025150085.1 Dorea longicatena,77e56408450c979b22420d0739bfd623,0.036544850498338874,80000,17,18200000,outputs.mapping/bams.cds.rand/ERR3211929.x.s__Bariatricus sp004560705.fastq.gz,ERR3211929.x.s__Bariatricus sp004560705,5ed9a646,22470000,51,DNA,10000,2247,True,0.900952214535844,0.9371737624025623,0.9190629884692032,0.9371737624025623,False,12,1586,4868,d__Bacteria;p__Bacillota;c__Clostridia;o__Lachnospirales;f__Lachnospiraceae;g__Dorea_A;s__Dorea_A longicatena
160000,0.007120605251446373,0.021505376344086023,0.0035603026257231864,0.005135579293344289,3.125,2.0,2.368411915187052,/group/ctbrowngrp5/sourmash-db.new/gtdb-rs226/gtdb-rs226-k51.dna.rocksdb,GCA_004556565.1 Lachnospiraceae bacterium,edb00f169e376430fe98e2e4c3b24f96,0.043010752688172046,80000,18,18120000,outputs.mapping/bams.cds.rand/ERR3211929.x.s__Bariatricus sp004560705.fastq.gz,ERR3211929.x.s__Bariatricus sp004560705,5ed9a646,22470000,51,DNA,10000,2247,True,0.9075958229132539,0.9401721732195595,0.9238839980664066,0.9401721732195595,False,25,1611,4868,d__Bacteria;p__Bacillota;c__Clostridia;o__Lachnospirales;f__Lachnospiraceae;g__Schaedlerella;s__Schaedlerella sp004556565
90000,0.004005340453938585,0.0273972602739726,0.0035603026257231864,0.0049301561216105174,3.0,2.0,1.8027756377319946,/group/ctbrowngrp5/sourmash-db.new/gtdb-rs226/gtdb-rs226-k51.dna.rocksdb,GCF_001940245.1 Anaerostipes sp. 992a,10f984c21c4f4aba09771b028dfed08d,0.030821917808219176,80000,19,18040000,outputs.mapping/bams.cds.rand/ERR3211929.x.s__Bariatricus sp004560705.fastq.gz,ERR3211929.x.s__Bariatricus sp004560705,5ed9a646,22470000,51,DNA,10000,2247,True,0.8974141854125206,0.9340492955038923,0.9157317404582064,0.9340492955038923,False,24,1635,4868,d__Bacteria;p__Bacillota;c__Clostridia;o__Lachnospirales;f__Lachnospiraceae;g__Fimousia;s__Fimousia sp001940245
190000,0.008455718736092568,0.030434782608695653,0.003115264797507788,0.004108463434675432,2.857142857142857,3.0,1.124858267715973,/group/ctbrowngrp5/sourmash-db.new/gtdb-rs226/gtdb-rs226-k51.dna.rocksdb,GCA_945829295.1 uncultured Lachnobacterium sp.,cb8bcd25e47853fd001c1ad2b356cf3a,0.08260869565217391,70000,20,17970000,outputs.mapping/bams.cds.rand/ERR3211929.x.s__Bariatricus sp004560705.fastq.gz,ERR3211929.x.s__Bariatricus sp004560705,5ed9a646,22470000,51,DNA,10000,2247,True,0.9106592278345828,0.9522812011698258,0.9314702145022042,0.9522812011698258,False,20,1655,4868,d__Bacteria;p__Bacillota;c__Clostridia;o__Lachnospirales;f__Lachnospiraceae;g__Agathobacter;s__Agathobacter sp900549895
160000,0.007120605251446373,0.025179856115107913,0.003115264797507788,0.0018488085456039441,1.2857142857142858,1.0,0.45175395145262565,/group/ctbrowngrp5/sourmash-db.new/gtdb-rs226/gtdb-rs226-k51.dna.rocksdb,GCA_034099995.1 Blautia sp.,0a4199b463d6243c8c712ed01dc18db9,0.05755395683453238,70000,21,17900000,outputs.mapping/bams.cds.rand/ERR3211929.x.s__Bariatricus sp004560705.fastq.gz,ERR3211929.x.s__Bariatricus sp004560705,5ed9a646,22470000,51,DNA,10000,2247,True,0.9075958229132539,0.945557075506684,0.926576449209969,0.945557075506684,False,9,1664,4868,d__Bacteria;p__Bacillota;c__Clostridia;o__Lachnospirales;f__Lachnospiraceae;g__Blautia;s__Blautia sp022777285
100000,0.004450378282153983,0.02631578947368421,0.003115264797507788,0.0026705012325390306,1.8571428571428572,1.0,1.1248582677159729,/group/ctbrowngrp5/sourmash-db.new/gtdb-rs226/gtdb-rs226-k51.dna.rocksdb,GCA_002299665.1 Lachnospiraceae bacterium UBA638,25ffe03a3273994669e9d1ef72a4ad72,0.03759398496240601,70000,22,17830000,outputs.mapping/bams.cds.rand/ERR3211929.x.s__Bariatricus sp004560705.fastq.gz,ERR3211929.x.s__Bariatricus sp004560705,5ed9a646,22470000,51,DNA,10000,2247,True,0.8992700629768193,0.9376940157022133,0.9184820393395163,0.9376940157022133,False,13,1677,4868,d__Bacteria;p__Bacillota;c__Clostridia;o__Lachnospirales;f__Lachnospiraceae;g__Roseburia_D;s__Roseburia_D sp002299665
150000,0.006675567423230975,0.024822695035460994,0.003115264797507788,0.004313886606409203,3.0,3.0,1.6903085094570331,/group/ctbrowngrp5/sourmash-db.new/gtdb-rs226/gtdb-rs226-k51.dna.rocksdb,GCA_945828465.1 uncultured Ruminococcus sp.,9323176e50fa9ee2158f3f64e4e0b5c1,0.05319148936170213,70000,23,17760000,outputs.mapping/bams.cds.rand/ERR3211929.x.s__Bariatricus sp004560705.fastq.gz,ERR3211929.x.s__Bariatricus sp004560705,5ed9a646,22470000,51,DNA,10000,2247,True,0.9064480220171084,0.9440967720830247,0.9252723970500665,0.9440967720830247,False,21,1698,4868,d__Bacteria;p__Bacillota;c__Clostridia;o__Lachnospirales;f__Lachnospiraceae;g__Mediterraneibacter;s__Mediterraneibacter faecis
80000,0.0035603026257231864,0.026515151515151516,0.003115264797507788,0.004724732949876746,3.2857142857142856,3.0,2.5475077857324298,/group/ctbrowngrp5/sourmash-db.new/gtdb-rs226/gtdb-rs226-k51.dna.rocksdb,GCA_945917315.1 uncultured Lachnobacterium sp.,b3c85573bddb32fae48404a53c1b9314,0.030303030303030304,70000,24,17690000,outputs.mapping/bams.cds.rand/ERR3211929.x.s__Bariatricus sp004560705.fastq.gz,ERR3211929.x.s__Bariatricus sp004560705,5ed9a646,22470000,51,DNA,10000,2247,True,0.8953440245271128,0.9337383942521409,0.9145412093896268,0.9337383942521409,False,23,1721,4868,d__Bacteria;p__Bacillota;c__Clostridia;o__Lachnospirales;f__Lachnospiraceae;g__Agathobacter;s__Agathobacter sp900543445
110000,0.004895416110369382,0.013513513513513514,0.0026702269692923898,0.0024650780608052587,2.0,2.0,1.0,/group/ctbrowngrp5/sourmash-db.new/gtdb-rs226/gtdb-rs226-k51.dna.rocksdb,GCF_020731525.1 Roseburia inulinivorans DSM 16841,b1e9f68d57ff5c0cb20a4cb3ad79b686,0.024774774774774775,60000,25,17630000,outputs.mapping/bams.cds.rand/ERR3211929.x.s__Bariatricus sp004560705.fastq.gz,ERR3211929.x.s__Bariatricus sp004560705,5ed9a646,22470000,51,DNA,10000,2247,True,0.900952214535844,0.9300579179170737,0.9155050662264588,0.9300579179170737,False,12,1733,4868,d__Bacteria;p__Bacillota;c__Clostridia;o__Lachnospirales;f__Lachnospiraceae;g__Roseburia;s__Roseburia inulinivorans
60000,0.0026702269692923898,0.02158273381294964,0.0026702269692923898,0.007395234182415777,6.0,7.5,2.6457513110645907,/group/ctbrowngrp5/sourmash-db.new/gtdb-rs226/gtdb-rs226-k51.dna.rocksdb,GCA_018383955.1 Prevotella sp.,8835624ac9b6c6bfdb9a6d3689d868fe,0.02158273381294964,60000,26,17570000,outputs.mapping/bams.cds.rand/ERR3211929.x.s__Bariatricus sp004560705.fastq.gz,ERR3211929.x.s__Bariatricus sp004560705,5ed9a646,22470000,51,DNA,10000,2247,True,0.8903077633027002,0.9275459226632637,0.908926842982982,0.9275459226632637,True,36,1769,4868,d__Bacteria;p__Bacteroidota;c__Bacteroidia;o__Bacteroidales;f__Bacteroidaceae;g__Prevotella;s__Prevotella sp945863825
210000,0.009345794392523364,0.015873015873015872,0.0026702269692923898,0.004313886606409203,3.5,2.0,2.8722813232690143,/group/ctbrowngrp5/sourmash-db.new/gtdb-rs226/gtdb-rs226-k51.dna.rocksdb,GCF_040096555.1 Coprococcus intestinihominis,b0eaca5ba589f9715c39079e7665ea4d,0.05555555555555555,60000,27,17510000,outputs.mapping/bams.cds.rand/ERR3211929.x.s__Bariatricus sp004560705.fastq.gz,ERR3211929.x.s__Bariatricus sp004560705,5ed9a646,22470000,51,DNA,10000,2247,True,0.9124480790702567,0.9449020987729916,0.9286750889216242,0.9449020987729916,False,21,1790,4868,d__Bacteria;p__Bacillota;c__Clostridia;o__Lachnospirales;f__Lachnospiraceae;g__Coprococcus_A;s__Coprococcus_A intestinihominis
1810000,0.08055184690698709,0.021897810218978103,0.0026702269692923898,0.0022596548890714873,1.8333333333333333,1.5,1.0671873729054748,/group/ctbrowngrp5/sourmash-db.new/gtdb-rs226/gtdb-rs226-k51.dna.rocksdb,GCA_034104765.1 Bariatricus sp.,5fb309ac99bb26cd210eba81e4539c8d,0.6605839416058394,60000,28,17450000,outputs.mapping/bams.cds.rand/ERR3211929.x.s__Bariatricus sp004560705.fastq.gz,ERR3211929.x.s__Bariatricus sp004560705,5ed9a646,22470000,51,DNA,10000,2247,True,0.9518105188316301,0.9919029381603025,0.9718567284959663,0.9919029381603025,False,11,1801,4868,d__Bacteria;p__Bacillota;c__Clostridia;o__Lachnospirales;f__Lachnospiraceae;g__Bariatricus;s__Bariatricus sp004560705
200000,0.008900756564307966,0.022058823529411766,0.0026702269692923898,0.0016433853738701725,1.3333333333333333,1.0,0.4714045207910317,/group/ctbrowngrp5/sourmash-db.new/gtdb-rs226/gtdb-rs226-k51.dna.rocksdb,GCA_945871195.1 uncultured Blautia sp.,13faaa07a55ccf7c564673fc2d959dc7,0.07352941176470588,60000,29,17390000,outputs.mapping/bams.cds.rand/ERR3211929.x.s__Bariatricus sp004560705.fastq.gz,ERR3211929.x.s__Bariatricus sp004560705,5ed9a646,22470000,51,DNA,10000,2247,True,0.9115755848817693,0.9501096888804292,0.9308426368810993,0.9501096888804292,False,8,1809,4868,d__Bacteria;p__Bacillota;c__Clostridia;o__Lachnospirales;f__Lachnospiraceae;g__Oliverpabstia;s__Oliverpabstia intestinalis
120000,0.0053404539385847796,0.010526315789473684,0.0022251891410769915,0.0018488085456039441,1.8,1.0,0.9797958971132713,/group/ctbrowngrp5/sourmash-db.new/gtdb-rs226/gtdb-rs226-k51.dna.rocksdb,GCA_003479915.1 Ruminococcus sp. AM46-18,5cf0001cf5ff85a7a4fe8998694b3669,0.02526315789473684,50000,30,17340000,outputs.mapping/bams.cds.rand/ERR3211929.x.s__Bariatricus sp004560705.fastq.gz,ERR3211929.x.s__Bariatricus sp004560705,5ed9a646,22470000,51,DNA,10000,2247,True,0.9024906459922475,0.930413981871941,0.9164523139320943,0.930413981871941,False,9,1818,4868,d__Bacteria;p__Bacillota;c__Clostridia;o__Lachnospirales;f__Lachnospiraceae;g__Blautia_A;s__Blautia_A wexlerae
50000,0.0022251891410769915,0.02577319587628866,0.0022251891410769915,0.004108463434675432,4.0,4.0,2.9664793948382653,/group/ctbrowngrp5/sourmash-db.new/gtdb-rs226/gtdb-rs226-k51.dna.rocksdb,GCA_016295165.1 Clostridia bacterium,ddd2b4ab37b12c15ef04525e8b8382f7,0.02577319587628866,50000,31,17290000,outputs.mapping/bams.cds.rand/ERR3211929.x.s__Bariatricus sp004560705.fastq.gz,ERR3211929.x.s__Bariatricus sp004560705,5ed9a646,22470000,51,DNA,10000,2247,True,0.887130655513573,0.9307787009594554,0.9089546782365141,0.9307787009594554,True,20,1838,4868,d__Bacteria;p__Bacillota;c__Clostridia;o__Christensenellales;f__CAG-138;g__PeH17;s__PeH17 sp000435055
50000,0.0022251891410769915,0.025906735751295335,0.0022251891410769915,0.0076006573541495485,7.4,8.0,4.029888335921977,/group/ctbrowngrp5/sourmash-db.new/gtdb-rs226/gtdb-rs226-k51.dna.rocksdb,GCA_938011965.1 uncultured Clostridium sp.,55f14fd72690679aa83ba701369e88fb,0.025906735751295335,50000,32,17240000,outputs.mapping/bams.cds.rand/ERR3211929.x.s__Bariatricus sp004560705.fastq.gz,ERR3211929.x.s__Bariatricus sp004560705,5ed9a646,22470000,51,DNA,10000,2247,True,0.887130655513573,0.9308730241021249,0.909001839807849,0.9308730241021249,True,37,1875,4868,d__Bacteria;p__Bacillota;c__Clostridia;o__Christensenellales;f__CAG-138;g__PeH17;s__PeH17 sp900542285
50000,0.0022251891410769915,0.023923444976076555,0.0022251891410769915,0.006778964667214462,6.6,2.0,8.754427451295715,/group/ctbrowngrp5/sourmash-db.new/gtdb-rs226/gtdb-rs226-k51.dna.rocksdb,GCA_945636165.1 uncultured Lachnospiraceae bacterium,0235041542b773aaf2f4e4019fbbeac7,0.023923444976076555,50000,33,17190000,outputs.mapping/bams.cds.rand/ERR3211929.x.s__Bariatricus sp004560705.fastq.gz,ERR3211929.x.s__Bariatricus sp004560705,5ed9a646,22470000,51,DNA,10000,2247,True,0.887130655513573,0.9294204623214186,0.9082755589174958,0.9294204623214186,True,33,1908,4868,d__Bacteria;p__Bacillota;c__Clostridia;o__Lachnospirales;f__Lachnospiraceae;g__CALZKI01;s__CALZKI01 sp945787995
110000,0.004895416110369382,0.015384615384615385,0.0022251891410769915,0.004313886606409203,4.2,4.0,2.0396078054371136,/group/ctbrowngrp5/sourmash-db.new/gtdb-rs226/gtdb-rs226-k51.dna.rocksdb,GCA_034086425.1 Oliverpabstia sp.,3e5d4b4fde161cf88ed9a189925e3d4b,0.033846153846153845,50000,34,17140000,outputs.mapping/bams.cds.rand/ERR3211929.x.s__Bariatricus sp004560705.fastq.gz,ERR3211929.x.s__Bariatricus sp004560705,5ed9a646,22470000,51,DNA,10000,2247,True,0.900952214535844,0.9357651121642842,0.918358663350064,0.9357651121642842,False,21,1929,4868,d__Bacteria;p__Bacillota;c__Clostridia;o__Lachnospirales;f__Lachnospiraceae;g__Oliverpabstia;s__Oliverpabstia sp022764165
130000,0.005785491766800178,0.015772870662460567,0.0022251891410769915,0.0024650780608052587,2.4,2.0,1.019803902718557,/group/ctbrowngrp5/sourmash-db.new/gtdb-rs226/gtdb-rs226-k51.dna.rocksdb,GCA_945875725.1 uncultured Lachnobacterium sp.,83b26b3ecba40384faa17471b2a815ba,0.04100946372239748,50000,35,17090000,outputs.mapping/bams.cds.rand/ERR3211929.x.s__Bariatricus sp004560705.fastq.gz,ERR3211929.x.s__Bariatricus sp004560705,5ed9a646,22470000,51,DNA,10000,2247,True,0.9039081854425103,0.9392942176989563,0.9216012015707333,0.9392942176989563,False,12,1941,4868,d__Bacteria;p__Bacillota;c__Clostridia;o__Lachnospirales;f__Lachnospiraceae;g__Agathobacter;s__Agathobacter sp905209075
70000,0.003115264797507788,0.018867924528301886,0.0022251891410769915,0.005341002465078061,5.2,4.0,5.1536394906900505,/group/ctbrowngrp5/sourmash-db.new/gtdb-rs226/gtdb-rs226-k51.dna.rocksdb,GCA_004555965.1 Clostridiales bacterium,a221d5b664f7e8efb223b2cf126ca5be,0.026415094339622643,50000,36,17040000,outputs.mapping/bams.cds.rand/ERR3211929.x.s__Bariatricus sp004560705.fastq.gz,ERR3211929.x.s__Bariatricus sp004560705,5ed9a646,22470000,51,DNA,10000,2247,True,0.8930028450019822,0.931227783502706,0.9121153142523442,0.931227783502706,False,26,1967,4868,d__Bacteria;p__Bacillota;c__Clostridia;o__Oscillospirales;f__Butyricicoccaceae;g__Butyricicoccus_A;s__Butyricicoccus_A porcorum
90000,0.004005340453938585,0.011019283746556474,0.0017801513128615932,0.0012325390304026294,1.5,1.5,0.5,/group/ctbrowngrp5/sourmash-db.new/gtdb-rs226/gtdb-rs226-k51.dna.rocksdb,GCF_900066205.1 uncultured Blautia sp.,2f76314b40fc0c69cc10a3224ec58068,0.024793388429752067,40000,37,17000000,outputs.mapping/bams.cds.rand/ERR3211929.x.s__Bariatricus sp004560705.fastq.gz,ERR3211929.x.s__Bariatricus sp004560705,5ed9a646,22470000,51,DNA,10000,2247,True,0.8974141854125206,0.9300716141730985,0.9137428997928095,0.9300716141730985,False,6,1973,4868,d__Bacteria;p__Bacillota;c__Clostridia;o__Lachnospirales;f__Lachnospiraceae;g__Blautia_A;s__Blautia_A sp900066205
80000,0.0035603026257231864,0.012658227848101266,0.0017801513128615932,0.001437962202136401,1.75,1.5,0.82915619758885,/group/ctbrowngrp5/sourmash-db.new/gtdb-rs226/gtdb-rs226-k51.dna.rocksdb,GCF_015549285.1 Coprococcus comes,a6e3719c523ab64e7872da1589b3c097,0.02531645569620253,40000,38,16960000,outputs.mapping/bams.cds.rand/ERR3211929.x.s__Bariatricus sp004560705.fastq.gz,ERR3211929.x.s__Bariatricus sp004560705,5ed9a646,22470000,51,DNA,10000,2247,True,0.8953440245271128,0.9304524303337004,0.9128982274304066,0.9304524303337004,False,7,1980,4868,d__Bacteria;p__Bacillota;c__Clostridia;o__Lachnospirales;f__Lachnospiraceae;g__Bariatricus;s__Bariatricus comes_A
40000,0.0017801513128615932,0.011204481792717087,0.0017801513128615932,0.0018488085456039441,2.25,2.0,1.299038105676658,/group/ctbrowngrp5/sourmash-db.new/gtdb-rs226/gtdb-rs226-k51.dna.rocksdb,GCF_036938235.1 Segatella copri,325bb3d595b9ee96ec4edc2aed5c772c,0.011204481792717087,40000,39,16920000,outputs.mapping/bams.cds.rand/ERR3211929.x.s__Bariatricus sp004560705.fastq.gz,ERR3211929.x.s__Bariatricus sp004560705,5ed9a646,22470000,51,DNA,10000,2247,True,0.8832576153592834,0.9156990843297464,0.8994783498445149,0.9156990843297464,True,9,1989,4868,d__Bacteria;p__Bacteroidota;c__Bacteroidia;o__Bacteroidales;f__Bacteroidaceae;g__Prevotella;s__Prevotella copri
70000,0.003115264797507788,0.011764705882352941,0.0017801513128615932,0.001027115858668858,1.25,1.0,0.4330127018922193,/group/ctbrowngrp5/sourmash-db.new/gtdb-rs226/gtdb-rs226-k51.dna.rocksdb,GCF_034113965.1 Anaerobutyricum hallii,0e2c9c5eec5699cdc6892c671870422e,0.020588235294117647,40000,40,16880000,outputs.mapping/bams.cds.rand/ERR3211929.x.s__Bariatricus sp004560705.fastq.gz,ERR3211929.x.s__Bariatricus sp004560705,5ed9a646,22470000,51,DNA,10000,2247,True,0.8930028450019822,0.9266883607448828,0.9098456028734325,0.9266883607448828,False,5,1994,4868,d__Bacteria;p__Bacillota;c__Clostridia;o__Lachnospirales;f__Lachnospiraceae;g__Anaerobutyricum;s__Anaerobutyricum hallii
1710000,0.07610146862483311,0.01652892561983471,0.0017801513128615932,0.0008216926869350862,1.0,1.0,0.0,/group/ctbrowngrp5/sourmash-db.new/gtdb-rs226/gtdb-rs226-k51.dna.rocksdb,GCA_022770955.1 bacterium,ee6b74b7821cf8c4643c3d691c9f29a6,0.7066115702479339,40000,41,16840000,outputs.mapping/bams.cds.rand/ERR3211929.x.s__Bariatricus sp004560705.fastq.gz,ERR3211929.x.s__Bariatricus sp004560705,5ed9a646,22470000,51,DNA,10000,2247,True,0.9507504292391049,0.9932138332905164,0.9719821312648107,0.9932138332905164,False,4,1998,4868,d__Bacteria;p__Bacillota;c__Clostridia;o__Lachnospirales;f__Lachnospiraceae;g__Bariatricus;s__Bariatricus sp004560705
1600000,0.07120605251446373,0.020512820512820513,0.0017801513128615932,0.0012325390304026294,1.5,1.0,0.8660254037844386,/group/ctbrowngrp5/sourmash-db.new/gtdb-rs226/gtdb-rs226-k51.dna.rocksdb,GCA_016293335.1 Bariatricus sp.,7fe25ae8d3afc362b827c559628b6ae4,0.8205128205128205,40000,42,16800000,outputs.mapping/bams.cds.rand/ERR3211929.x.s__Bariatricus sp004560705.fastq.gz,ERR3211929.x.s__Bariatricus sp004560705,5ed9a646,22470000,51,DNA,10000,2247,True,0.9495117241310211,0.9961285772113321,0.9728201506711767,0.9961285772113321,False,6,2004,4868,d__Bacteria;p__Bacillota;c__Clostridia;o__Lachnospirales;f__Lachnospiraceae;g__Bariatricus;s__Bariatricus sp004560705
90000,0.004005340453938585,0.015151515151515152,0.0017801513128615932,0.002054231717337716,2.5,2.0,0.8660254037844386,/group/ctbrowngrp5/sourmash-db.new/gtdb-rs226/gtdb-rs226-k51.dna.rocksdb,GCA_946007495.1 uncultured Lachnospiraceae bacterium,70ddd5713b3022a39fa788fd6f300db2,0.03409090909090909,40000,43,16760000,outputs.mapping/bams.cds.rand/ERR3211929.x.s__Bariatricus sp004560705.fastq.gz,ERR3211929.x.s__Bariatricus sp004560705,5ed9a646,22470000,51,DNA,10000,2247,True,0.8974141854125206,0.9358973283021059,0.9166557568573133,0.9358973283021059,False,10,2014,4868,d__Bacteria;p__Bacillota;c__Clostridia;o__Lachnospirales;f__Lachnospiraceae;g__CAG-791;s__CAG-791 sp000431495
60000,0.0026702269692923898,0.014285714285714285,0.0017801513128615932,0.008422350041084634,10.25,10.0,9.256754290786809,/group/ctbrowngrp5/sourmash-db.new/gtdb-rs226/gtdb-rs226-k51.dna.rocksdb,GCA_945987595.1 uncultured bacterium,ba02e8b93b7e9d5d0748658ae8e80105,0.02142857142857143,40000,44,16720000,outputs.mapping/bams.cds.rand/ERR3211929.x.s__Bariatricus sp004560705.fastq.gz,ERR3211929.x.s__Bariatricus sp004560705,5ed9a646,22470000,51,DNA,10000,2247,True,0.8903077633027002,0.9274155572531645,0.9088616602779324,0.9274155572531645,True,41,2055,4868,d__Bacteria;p__Bacillota;c__Clostridia;o__Lachnospirales;f__Lachnospiraceae;g__W0P33-017;s__W0P33-017 sp022771765
50000,0.0022251891410769915,0.01904761904761905,0.0017801513128615932,0.003492193919474117,4.25,3.0,3.491060010942235,/group/ctbrowngrp5/sourmash-db.new/gtdb-rs226/gtdb-rs226-k51.dna.rocksdb,GCA_034093695.1 Lachnospiraceae bacterium,78e08225becd20575cdaf3095f96e443,0.023809523809523808,40000,45,16680000,outputs.mapping/bams.cds.rand/ERR3211929.x.s__Bariatricus sp004560705.fastq.gz,ERR3211929.x.s__Bariatricus sp004560705,5ed9a646,22470000,51,DNA,10000,2247,True,0.887130655513573,0.9293334784911674,0.9082320670023702,0.9293334784911674,True,17,2072,4868,d__Bacteria;p__Bacillota;c__Clostridia;o__Lachnospirales;f__Lachnospiraceae;g__UBA629;s__UBA629 sp900316625
60000,0.0026702269692923898,0.017937219730941704,0.0017801513128615932,0.001027115858668858,1.25,1.0,0.4330127018922193,/group/ctbrowngrp5/sourmash-db.new/gtdb-rs226/gtdb-rs226-k51.dna.rocksdb,GCA_022778025.1 Oribacterium sp.,4c0de9ee4ebc55c0bfc51f6788176300,0.026905829596412557,40000,46,16640000,outputs.mapping/bams.cds.rand/ERR3211929.x.s__Bariatricus sp004560705.fastq.gz,ERR3211929.x.s__Bariatricus sp004560705,5ed9a646,22470000,51,DNA,10000,2247,True,0.8903077633027002,0.9315639511995132,0.9109358572511067,0.9315639511995132,True,5,2077,4868,d__Bacteria;p__Bacillota;c__Clostridia;o__Lachnospirales;f__Lachnospiraceae;g__Oribacterium;s__Oribacterium sp004554245
60000,0.0026702269692923898,0.01646090534979424,0.0017801513128615932,0.0012325390304026294,1.5,1.5,0.5,/group/ctbrowngrp5/sourmash-db.new/gtdb-rs226/gtdb-rs226-k51.dna.rocksdb,GCA_945949935.1 uncultured Lachnobacterium sp.,0a699fbdf707877a4828158df6723099,0.024691358024691357,40000,47,16600000,outputs.mapping/bams.cds.rand/ERR3211929.x.s__Bariatricus sp004560705.fastq.gz,ERR3211929.x.s__Bariatricus sp004560705,5ed9a646,22470000,51,DNA,10000,2247,True,0.8903077633027002,0.9299964142271407,0.9101520887649205,0.9299964142271407,True,6,2083,4868,d__Bacteria;p__Bacillota;c__Clostridia;o__Lachnospirales;f__Lachnospiraceae;g__Agathobacter;s__Agathobacter sp900543445
90000,0.004005340453938585,0.012345679012345678,0.0017801513128615932,0.001437962202136401,1.75,1.5,0.82915619758885,/group/ctbrowngrp5/sourmash-db.new/gtdb-rs226/gtdb-rs226-k51.dna.rocksdb,GCA_034115705.1 Lachnospiraceae bacterium,5164d208e4d209cf107bbe1e3bd2ae80,0.027777777777777776,40000,48,16560000,outputs.mapping/bams.cds.rand/ERR3211929.x.s__Bariatricus sp004560705.fastq.gz,ERR3211929.x.s__Bariatricus sp004560705,5ed9a646,22470000,51,DNA,10000,2247,True,0.8974141854125206,0.9321466962947733,0.914780440853647,0.9321466962947733,False,7,2090,4868,d__Bacteria;p__Bacillota;c__Clostridia;o__Lachnospirales;f__Lachnospiraceae;g__JALFVM01;s__JALFVM01 sp022787145
80000,0.0035603026257231864,0.009900990099009901,0.0017801513128615932,0.0012325390304026294,1.5,1.0,0.8660254037844386,/group/ctbrowngrp5/sourmash-db.new/gtdb-rs226/gtdb-rs226-k51.dna.rocksdb,GCA_022775705.1 Eubacterium sp.,895622936599ee0e13c179c7da9ce09a,0.019801980198019802,40000,49,16520000,outputs.mapping/bams.cds.rand/ERR3211929.x.s__Bariatricus sp004560705.fastq.gz,ERR3211929.x.s__Bariatricus sp004560705,5ed9a646,22470000,51,DNA,10000,2247,True,0.8953440245271128,0.9259811156908632,0.910662570108988,0.9259811156908632,False,6,2096,4868,d__Bacteria;p__Bacillota;c__Clostridia;o__Lachnospirales;f__Lachnospiraceae;g__Oliverpabstia;s__Oliverpabstia sp022764165
50000,0.0022251891410769915,0.013986013986013986,0.0017801513128615932,0.0012325390304026294,1.5,1.0,0.8660254037844386,/group/ctbrowngrp5/sourmash-db.new/gtdb-rs226/gtdb-rs226-k51.dna.rocksdb,GCA_022721435.1 Bacillota bacterium,2aa177f97a5207e49642dc53ca08acf1,0.017482517482517484,40000,50,16480000,outputs.mapping/bams.cds.rand/ERR3211929.x.s__Bariatricus sp004560705.fastq.gz,ERR3211929.x.s__Bariatricus sp004560705,5ed9a646,22470000,51,DNA,10000,2247,True,0.887130655513573,0.9237219300968958,0.9054262928052343,0.9237219300968958,True,6,2102,4868,d__Bacteria;p__Bacillota;c__Clostridia;o__Lachnospirales;f__Lachnospiraceae;g__Acetatifactor;s__Acetatifactor intestinalis
50000,0.0022251891410769915,0.0213903743315508,0.0017801513128615932,0.0024650780608052587,3.0,2.5,1.8708286933869707,/group/ctbrowngrp5/sourmash-db.new/gtdb-rs226/gtdb-rs226-k51.dna.rocksdb,GCA_900316665.1 uncultured Lachnospiraceae bacterium,8a1f960d0d3ab118ab948f784289e5ab,0.026737967914438502,40000,51,16440000,outputs.mapping/bams.cds.rand/ERR3211929.x.s__Bariatricus sp004560705.fastq.gz,ERR3211929.x.s__Bariatricus sp004560705,5ed9a646,22470000,51,DNA,10000,2247,True,0.887130655513573,0.9314496424903252,0.9092901490019492,0.9314496424903252,True,12,2114,4868,d__Bacteria;p__Bacillota;c__Clostridia;o__Lachnospirales;f__Lachnospiraceae;g__UBA629;s__UBA629 sp900316665
40000,0.0017801513128615932,0.017777777777777778,0.0017801513128615932,0.006984387838948234,8.5,2.0,11.863810517704673,/group/ctbrowngrp5/sourmash-db.new/gtdb-rs226/gtdb-rs226-k51.dna.rocksdb,GCA_004557745.1 Phascolarctobacterium sp.,bd60db0343f75cedcf2f5b5458e684ec,0.017777777777777778,40000,52,16400000,outputs.mapping/bams.cds.rand/ERR3211929.x.s__Bariatricus sp004560705.fastq.gz,ERR3211929.x.s__Bariatricus sp004560705,5ed9a646,22470000,51,DNA,10000,2247,True,0.8832576153592834,0.9240253203616146,0.903641467860449,0.9240253203616146,True,34,2148,4868,d__Bacteria;p__Bacillota;c__Negativicutes;o__Acidaminococcales;f__Acidaminococcaceae;g__Phascolarctobacterium_A;s__Phascolarctobacterium_A succinatutens
100000,0.004450378282153983,0.01556420233463035,0.0017801513128615932,0.001437962202136401,1.75,1.5,0.82915619758885,/group/ctbrowngrp5/sourmash-db.new/gtdb-rs226/gtdb-rs226-k51.dna.rocksdb,GCA_034088005.1 Blautia obeum,a4ab8f491889e708949d650b9815f8ae,0.038910505836575876,40000,53,16360000,outputs.mapping/bams.cds.rand/ERR3211929.x.s__Bariatricus sp004560705.fastq.gz,ERR3211929.x.s__Bariatricus sp004560705,5ed9a646,22470000,51,DNA,10000,2247,True,0.8992700629768193,0.9383270849556381,0.9187985739662288,0.9383270849556381,False,7,2155,4868,d__Bacteria;p__Bacillota;c__Clostridia;o__Lachnospirales;f__Lachnospiraceae;g__Blautia_A;s__Blautia_A obeum
110000,0.004895416110369382,0.0110803324099723,0.0017801513128615932,0.0030813475760065735,3.75,2.5,3.2691742076555053,/group/ctbrowngrp5/sourmash-db.new/gtdb-rs226/gtdb-rs226-k51.dna.rocksdb,GCF_022773175.1 Blautia sp.,c0d5f5a2ddcc47af637d94899fac95d6,0.030470914127423823,40000,54,16320000,outputs.mapping/bams.cds.rand/ERR3211929.x.s__Bariatricus sp004560705.fastq.gz,ERR3211929.x.s__Bariatricus sp004560705,5ed9a646,22470000,51,DNA,10000,2247,True,0.900952214535844,0.9338395524525206,0.9173958834941822,0.9338395524525206,False,15,2170,4868,d__Bacteria;p__Bacillota;c__Clostridia;o__Lachnospirales;f__Lachnospiraceae;g__Blautia_A;s__Blautia_A sp018919065
40000,0.0017801513128615932,0.009523809523809525,0.0013351134846461949,0.0018488085456039441,3.0,2.0,2.160246899469287,/group/ctbrowngrp5/sourmash-db.new/gtdb-rs226/gtdb-rs226-k51.dna.rocksdb,GCA_028727045.1 Lachnospiraceae bacterium,1fa4a523766f9aee9cac3c30ff79928c,0.012698412698412698,30000,55,16290000,outputs.mapping/bams.cds.rand/ERR3211929.x.s__Bariatricus sp004560705.fastq.gz,ERR3211929.x.s__Bariatricus sp004560705,5ed9a646,22470000,51,DNA,10000,2247,True,0.8832576153592834,0.9179491339265763,0.9006033746429298,0.9179491339265763,True,9,2179,4868,d__Bacteria;p__Bacillota;c__Clostridia;o__Lachnospirales;f__Lachnospiraceae;g__Suilimivivens;s__Suilimivivens sp017622575
60000,0.0026702269692923898,0.009009009009009009,0.0013351134846461949,0.0012325390304026294,2.0,1.0,1.4142135623730951,/group/ctbrowngrp5/sourmash-db.new/gtdb-rs226/gtdb-rs226-k51.dna.rocksdb,GCA_020558425.1 bacterium 210820-DFI.6.38,824c03b68f53927fa86104b90acda912,0.018018018018018018,30000,56,16260000,outputs.mapping/bams.cds.rand/ERR3211929.x.s__Bariatricus sp004560705.fastq.gz,ERR3211929.x.s__Bariatricus sp004560705,5ed9a646,22470000,51,DNA,10000,2247,True,0.8903077633027002,0.9242685525782128,0.9072881579404566,0.9242685525782128,True,6,2185,4868,d__Bacteria;p__Bacillota;c__Clostridia;o__Lachnospirales;f__Lachnospiraceae;g__Pilosibacter;s__Pilosibacter fragilis
30000,0.0013351134846461949,0.010309278350515464,0.0013351134846461949,0.02978635990139688,48.333333333333336,3.0,64.1110148275803,/group/ctbrowngrp5/sourmash-db.new/gtdb-rs226/gtdb-rs226-k51.dna.rocksdb,GCA_041331995.1 Faecalibacterium prausnitzii,d8ceee827e99576e905c777cc62b54b9,0.010309278350515464,30000,57,16230000,outputs.mapping/bams.cds.rand/ERR3211929.x.s__Bariatricus sp004560705.fastq.gz,ERR3211929.x.s__Bariatricus sp004560705,5ed9a646,22470000,51,DNA,10000,2247,True,0.8782893395261471,0.9142052089616286,0.8962472742438878,0.9142052089616286,True,145,2330,4868,d__Bacteria;p__Bacillota;c__Clostridia;o__Oscillospirales;f__Ruminococcaceae;g__Faecalibacterium;s__Faecalibacterium longum
30000,0.0013351134846461949,0.012605042016806723,0.0013351134846461949,0.0008216926869350862,1.3333333333333333,1.0,0.4714045207910317,/group/ctbrowngrp5/sourmash-db.new/gtdb-rs226/gtdb-rs226-k51.dna.rocksdb,GCA_945827805.1 uncultured Lachnospiraceae bacterium,590d38b6ec0dded3aebc2bcd23bca850,0.012605042016806723,30000,58,16200000,outputs.mapping/bams.cds.rand/ERR3211929.x.s__Bariatricus sp004560705.fastq.gz,ERR3211929.x.s__Bariatricus sp004560705,5ed9a646,22470000,51,DNA,10000,2247,True,0.8782893395261471,0.9178163089665942,0.8980528242463706,0.9178163089665942,True,4,2334,4868,d__Bacteria;p__Bacillota;c__Clostridia;o__Lachnospirales;f__Lachnospiraceae;g__UBA11957;s__UBA11957 sp945827805
50000,0.0022251891410769915,0.011029411764705883,0.0013351134846461949,0.001027115858668858,1.6666666666666667,1.0,0.9428090415820634,/group/ctbrowngrp5/sourmash-db.new/gtdb-rs226/gtdb-rs226-k51.dna.rocksdb,GCF_030053595.1 Fusibacillus kribbianus,590b60dd682af06b2549e2e3047fd201,0.01838235294117647,30000,59,16170000,outputs.mapping/bams.cds.rand/ERR3211929.x.s__Bariatricus sp004560705.fastq.gz,ERR3211929.x.s__Bariatricus sp004560705,5ed9a646,22470000,51,DNA,10000,2247,True,0.887130655513573,0.9246314239708513,0.9058810397422121,0.9246314239708513,True,5,2339,4868,d__Bacteria;p__Bacillota;c__Clostridia;o__Lachnospirales;f__Lachnospiraceae;g__Lientehia;s__Lientehia kribbianus
30000,0.0013351134846461949,0.010380622837370242,0.0013351134846461949,0.0016433853738701725,2.6666666666666665,2.0,0.9428090415820634,/group/ctbrowngrp5/sourmash-db.new/gtdb-rs226/gtdb-rs226-k51.dna.rocksdb,GCA_902363825.1 Lachnospiraceae bacterium,1baa5241695fdb60335365cbe03a030e,0.010380622837370242,30000,60,16140000,outputs.mapping/bams.cds.rand/ERR3211929.x.s__Bariatricus sp004560705.fastq.gz,ERR3211929.x.s__Bariatricus sp004560705,5ed9a646,22470000,51,DNA,10000,2247,True,0.8782893395261471,0.9143288425854469,0.8963090910557969,0.9143288425854469,True,8,2347,4868,d__Bacteria;p__Bacillota;c__Clostridia;o__Lachnospirales;f__Lachnospiraceae;g__Roseburia_D;s__Roseburia_D yibonii
30000,0.0013351134846461949,0.013824884792626729,0.0013351134846461949,0.001027115858668858,1.6666666666666667,2.0,0.4714045207910317,/group/ctbrowngrp5/sourmash-db.new/gtdb-rs226/gtdb-rs226-k51.dna.rocksdb,GCA_945917585.1 uncultured Firmicutes bacterium,b70fcd2c576dbcd8467b57ad6ab73a3d,0.013824884792626729,30000,61,16110000,outputs.mapping/bams.cds.rand/ERR3211929.x.s__Bariatricus sp004560705.fastq.gz,ERR3211929.x.s__Bariatricus sp004560705,5ed9a646,22470000,51,DNA,10000,2247,True,0.8782893395261471,0.9194802024217343,0.8988847709739407,0.9194802024217343,True,5,2352,4868,d__Bacteria;p__Bacillota;c__Clostridia;o__Peptostreptococcales;f__Anaerovoracaceae;g__Fimisoma;s__Fimisoma sp002320005
40000,0.0017801513128615932,0.01060070671378092,0.0013351134846461949,0.0026705012325390306,4.333333333333333,1.0,4.714045207910317,/group/ctbrowngrp5/sourmash-db.new/gtdb-rs226/gtdb-rs226-k51.dna.rocksdb,GCA_928721865.1 uncultured Oscillospiraceae bacterium,02e24d13a29fdf87f07da4fc7b0dfbad,0.014134275618374558,30000,62,16080000,outputs.mapping/bams.cds.rand/ERR3211929.x.s__Bariatricus sp004560705.fastq.gz,ERR3211929.x.s__Bariatricus sp004560705,5ed9a646,22470000,51,DNA,10000,2247,True,0.8832576153592834,0.9198793168929729,0.9015684661261281,0.9198793168929729,True,13,2365,4868,d__Bacteria;p__Bacillota;c__Clostridia;o__Oscillospirales;f__Oscillospiraceae;g__Faecousia;s__Faecousia sp000434635
40000,0.0017801513128615932,0.011363636363636364,0.0013351134846461949,0.0006162695152013147,1.0,1.0,0.0,/group/ctbrowngrp5/sourmash-db.new/gtdb-rs226/gtdb-rs226-k51.dna.rocksdb,GCF_017776395.1 Anaerostipes hadrus,5944d1c6253d43e5a56cd34f1947417a,0.015151515151515152,30000,63,16050000,outputs.mapping/bams.cds.rand/ERR3211929.x.s__Bariatricus sp004560705.fastq.gz,ERR3211929.x.s__Bariatricus sp004560705,5ed9a646,22470000,51,DNA,10000,2247,True,0.8832576153592834,0.9211336926184823,0.9021956539888829,0.9211336926184823,True,3,2368,4868,d__Bacteria;p__Bacillota;c__Clostridia;o__Lachnospirales;f__Lachnospiraceae;g__Anaerostipes;s__Anaerostipes hadrus
30000,0.0013351134846461949,0.01048951048951049,0.0013351134846461949,0.014790468364831553,24.0,3.0,29.698484809834994,/group/ctbrowngrp5/sourmash-db.new/gtdb-rs226/gtdb-rs226-k51.dna.rocksdb,GCA_022786845.1 Bacteroidales bacterium,10baaf963ff3bf496a29c55a3b4210fa,0.01048951048951049,30000,64,16020000,outputs.mapping/bams.cds.rand/ERR3211929.x.s__Bariatricus sp004560705.fastq.gz,ERR3211929.x.s__Bariatricus sp004560705,5ed9a646,22470000,51,DNA,10000,2247,True,0.8782893395261471,0.9145159383777013,0.8964026389519242,0.9145159383777013,True,72,2440,4868,d__Bacteria;p__Bacteroidota;c__Bacteroidia;o__Bacteroidales;f__Bacteroidaceae;g__Prevotella;s__Prevotella sp004556065
110000,0.004895416110369382,0.009287925696594427,0.0013351134846461949,0.0006162695152013147,1.0,1.0,0.0,/group/ctbrowngrp5/sourmash-db.new/gtdb-rs226/gtdb-rs226-k51.dna.rocksdb,GCA_020593055.1 Blautia sp. DFI.9.9,ec158e0a60fd201e0bc52f7464b7599b,0.034055727554179564,30000,65,15990000,outputs.mapping/bams.cds.rand/ERR3211929.x.s__Bariatricus sp004560705.fastq.gz,ERR3211929.x.s__Bariatricus sp004560705,5ed9a646,22470000,51,DNA,10000,2247,True,0.900952214535844,0.9358783807090497,0.9184152976224469,0.9358783807090497,False,3,2443,4868,d__Bacteria;p__Bacillota;c__Clostridia;o__Lachnospirales;f__Lachnospiraceae;g__Oliverpabstia;s__Oliverpabstia intestinalis
50000,0.0022251891410769915,0.00967741935483871,0.0013351134846461949,0.001027115858668858,1.6666666666666667,1.0,0.9428090415820634,/group/ctbrowngrp5/sourmash-db.new/gtdb-rs226/gtdb-rs226-k51.dna.rocksdb,GCA_945928535.1 uncultured Lachnobacterium sp.,8cb853e737d0b5af4be07af6c36af861,0.016129032258064516,30000,66,15960000,outputs.mapping/bams.cds.rand/ERR3211929.x.s__Bariatricus sp004560705.fastq.gz,ERR3211929.x.s__Bariatricus sp004560705,5ed9a646,22470000,51,DNA,10000,2247,True,0.887130655513573,0.9222635930295016,0.9046971242715373,0.9222635930295016,True,5,2448,4868,d__Bacteria;p__Bacillota;c__Clostridia;o__Lachnospirales;f__Lachnospiraceae;g__Agathobacter;s__Agathobacter sp900550545
40000,0.0017801513128615932,0.010067114093959731,0.0013351134846461949,0.0012325390304026294,2.0,2.0,0.816496580927726,/group/ctbrowngrp5/sourmash-db.new/gtdb-rs226/gtdb-rs226-k51.dna.rocksdb,GCA_022785005.1 Lachnobacterium sp.,dc6d59764f2a776e01aa991a0021552e,0.013422818791946308,30000,67,15930000,outputs.mapping/bams.cds.rand/ERR3211929.x.s__Bariatricus sp004560705.fastq.gz,ERR3211929.x.s__Bariatricus sp004560705,5ed9a646,22470000,51,DNA,10000,2247,True,0.8832576153592834,0.9189482466670165,0.90110293101315,0.9189482466670165,True,6,2454,4868,d__Bacteria;p__Bacillota;c__Clostridia;o__Lachnospirales;f__Lachnospiraceae;g__Agathobacter;s__Agathobacter sp900548765
40000,0.0017801513128615932,0.011857707509881422,0.0013351134846461949,0.001437962202136401,2.3333333333333335,1.0,1.8856180831641267,/group/ctbrowngrp5/sourmash-db.new/gtdb-rs226/gtdb-rs226-k51.dna.rocksdb,GCF_003435415.1 Faecalicoccus pleomorphus,8c1715b0824d8b3e115ca7dbb1d46701,0.015810276679841896,30000,68,15900000,outputs.mapping/bams.cds.rand/ERR3211929.x.s__Bariatricus sp004560705.fastq.gz,ERR3211929.x.s__Bariatricus sp004560705,5ed9a646,22470000,51,DNA,10000,2247,True,0.8832576153592834,0.9219027015767639,0.9025801584680236,0.9219027015767639,True,7,2461,4868,d__Bacteria;p__Bacillota;c__Bacilli;o__Erysipelotrichales;f__Erysipelotrichaceae;g__Faecalicoccus;s__Faecalicoccus sp900546545
30000,0.0013351134846461949,0.01090909090909091,0.0013351134846461949,0.0008216926869350862,1.3333333333333333,1.0,0.4714045207910317,/group/ctbrowngrp5/sourmash-db.new/gtdb-rs226/gtdb-rs226-k51.dna.rocksdb,GCA_902756215.1 uncultured Lachnospiraceae bacterium,367102f8450ae5b7712d9590fc9725f6,0.01090909090909091,30000,69,15870000,outputs.mapping/bams.cds.rand/ERR3211929.x.s__Bariatricus sp004560705.fastq.gz,ERR3211929.x.s__Bariatricus sp004560705,5ed9a646,22470000,51,DNA,10000,2247,True,0.8782893395261471,0.9152195023515288,0.896754420938838,0.9152195023515288,True,4,2465,4868,d__Bacteria;p__Bacillota;c__Clostridia;o__Lachnospirales;f__Lachnospiraceae;g__Roseburia_C;s__Roseburia_C sp900315735
40000,0.0017801513128615932,0.013824884792626729,0.0013351134846461949,0.0022596548890714873,3.6666666666666665,3.0,2.494438257849294,/group/ctbrowngrp5/sourmash-db.new/gtdb-rs226/gtdb-rs226-k51.dna.rocksdb,GCA_945828835.1 uncultured Roseburia sp.,d8ff9310482706ba0385ddde5009ea53,0.018433179723502304,30000,70,15840000,outputs.mapping/bams.cds.rand/ERR3211929.x.s__Bariatricus sp004560705.fastq.gz,ERR3211929.x.s__Bariatricus sp004560705,5ed9a646,22470000,51,DNA,10000,2247,True,0.8832576153592834,0.9246814852600344,0.9039695503096589,0.9246814852600344,True,11,2476,4868,d__Bacteria;p__Bacillota;c__Clostridia;o__Lachnospirales;f__Lachnospiraceae;g__Pararoseburia;s__Pararoseburia lenta
60000,0.0026702269692923898,0.012711864406779662,0.0013351134846461949,0.008833196384552178,14.333333333333334,19.0,8.055363982396381,/group/ctbrowngrp5/sourmash-db.new/gtdb-rs226/gtdb-rs226-k51.dna.rocksdb,GCA_022775645.1 Lachnospiraceae bacterium,737b1838efa2bfb429f3f0316c003db1,0.025423728813559324,30000,71,15810000,outputs.mapping/bams.cds.rand/ERR3211929.x.s__Bariatricus sp004560705.fastq.gz,ERR3211929.x.s__Bariatricus sp004560705,5ed9a646,22470000,51,DNA,10000,2247,True,0.8903077633027002,0.9305295759946025,0.9104186696486514,0.9305295759946025,True,43,2519,4868,d__Bacteria;p__Bacillota;c__Clostridia;o__Lachnospirales;f__Lachnospiraceae;g__UBA2868;s__UBA2868 sp004552595
70000,0.003115264797507788,0.007537688442211055,0.0013351134846461949,0.002054231717337716,3.3333333333333335,3.0,2.0548046676563256,/group/ctbrowngrp5/sourmash-db.new/gtdb-rs226/gtdb-rs226-k51.dna.rocksdb,GCA_004556655.1 Lachnospiraceae bacterium,a06449d157aac9233dd04a949482b8be,0.017587939698492462,30000,72,15780000,outputs.mapping/bams.cds.rand/ERR3211929.x.s__Bariatricus sp004560705.fastq.gz,ERR3211929.x.s__Bariatricus sp004560705,5ed9a646,22470000,51,DNA,10000,2247,True,0.8930028450019822,0.9238308277935053,0.9084168363977438,0.9238308277935053,False,10,2529,4868,d__Bacteria;p__Bacillota;c__Clostridia;o__Lachnospirales;f__Lachnospiraceae;g__Oliverpabstia;s__Oliverpabstia sp004556655
30000,0.0013351134846461949,0.010033444816053512,0.0013351134846461949,0.001027115858668858,1.6666666666666667,2.0,0.4714045207910317,/group/ctbrowngrp5/sourmash-db.new/gtdb-rs226/gtdb-rs226-k51.dna.rocksdb,GCA_945873845.1 uncultured Treponema sp.,123c481965d554255dc143635f0defac,0.010033444816053512,30000,73,15750000,outputs.mapping/bams.cds.rand/ERR3211929.x.s__Bariatricus sp004560705.fastq.gz,ERR3211929.x.s__Bariatricus sp004560705,5ed9a646,22470000,51,DNA,10000,2247,True,0.8782893395261471,0.9137191906450144,0.8960042650855807,0.9137191906450144,True,5,2534,4868,d__Bacteria;p__Spirochaetota;c__Spirochaetia;o__Treponematales;f__Treponemataceae;g__Treponema_D;s__Treponema_D sp017381365
40000,0.0017801513128615932,0.012048192771084338,0.0013351134846461949,0.0008216926869350862,1.3333333333333333,1.0,0.4714045207910317,/group/ctbrowngrp5/sourmash-db.new/gtdb-rs226/gtdb-rs226-k51.dna.rocksdb,GCA_945913035.1 uncultured Lachnospiraceae bacterium,a02b8b1755705a18eacc9ed0c26ba9d2,0.01606425702811245,30000,74,15720000,outputs.mapping/bams.cds.rand/ERR3211929.x.s__Bariatricus sp004560705.fastq.gz,ERR3211929.x.s__Bariatricus sp004560705,5ed9a646,22470000,51,DNA,10000,2247,True,0.8832576153592834,0.9221908247766154,0.9027242200679494,0.9221908247766154,True,4,2538,4868,d__Bacteria;p__Bacillota;c__Clostridia;o__Lachnospirales;f__Lachnospiraceae;g__CAG-194;s__CAG-194 sp000432915
40000,0.0017801513128615932,0.014285714285714285,0.0013351134846461949,0.001437962202136401,2.3333333333333335,2.0,0.4714045207910317,/group/ctbrowngrp5/sourmash-db.new/gtdb-rs226/gtdb-rs226-k51.dna.rocksdb,GCA_945917375.1 uncultured Lachnospiraceae bacterium,c7a9ae4954382698cad22e480ed4cee6,0.01904761904761905,30000,75,15690000,outputs.mapping/bams.cds.rand/ERR3211929.x.s__Bariatricus sp004560705.fastq.gz,ERR3211929.x.s__Bariatricus sp004560705,5ed9a646,22470000,51,DNA,10000,2247,True,0.8832576153592834,0.9252761890078747,0.904266902183579,0.9252761890078747,True,7,2545,4868,d__Bacteria;p__Bacillota;c__Clostridia;o__Lachnospirales;f__Lachnospiraceae;g__Frisingicoccus;s__Frisingicoccus sp016298055
140000,0.006230529595015576,0.011450381679389313,0.0013351134846461949,0.0008216926869350862,1.3333333333333333,1.0,0.4714045207910317,/group/ctbrowngrp5/sourmash-db.new/gtdb-rs226/gtdb-rs226-k51.dna.rocksdb,GCA_028727405.1 Lachnospiraceae bacterium,d0cea601d052d254b154ef85a203e2ac,0.05343511450381679,30000,76,15660000,outputs.mapping/bams.cds.rand/ERR3211929.x.s__Bariatricus sp004560705.fastq.gz,ERR3211929.x.s__Bariatricus sp004560705,5ed9a646,22470000,51,DNA,10000,2247,True,0.905222606920864,0.9441813687151411,0.9247019878180025,0.9441813687151411,False,4,2549,4868,d__Bacteria;p__Bacillota;c__Clostridia;o__Lachnospirales;f__Lachnospiraceae;g__Agathobacter;s__Agathobacter sp000434275
30000,0.0013351134846461949,0.007594936708860759,0.0013351134846461949,0.0012325390304026294,2.0,2.0,0.816496580927726,/group/ctbrowngrp5/sourmash-db.new/gtdb-rs226/gtdb-rs226-k51.dna.rocksdb,GCA_963636355.1 Oscillospiraceae bacterium,d6e43d61da476db801f22b1251768934,0.007594936708860759,30000,77,15630000,outputs.mapping/bams.cds.rand/ERR3211929.x.s__Bariatricus sp004560705.fastq.gz,ERR3211929.x.s__Bariatricus sp004560705,5ed9a646,22470000,51,DNA,10000,2247,True,0.8782893395261471,0.9087441961462798,0.8935167678362135,0.9087441961462798,True,6,2555,4868,d__Bacteria;p__Bacteroidota;c__Bacteroidia;o__Bacteroidales;f__Bacteroidaceae;g__Prevotella;s__Prevotella sinensis
70000,0.003115264797507788,0.013215859030837005,0.0013351134846461949,0.0006162695152013147,1.0,1.0,0.0,/group/ctbrowngrp5/sourmash-db.new/gtdb-rs226/gtdb-rs226-k51.dna.rocksdb,GCA_034176745.1 Bariatricus sp.,1eb43ecf72dc30a33425b9da308da439,0.030837004405286344,30000,78,15600000,outputs.mapping/bams.cds.rand/ERR3211929.x.s__Bariatricus sp004560705.fastq.gz,ERR3211929.x.s__Bariatricus sp004560705,5ed9a646,22470000,51,DNA,10000,2247,True,0.8930028450019822,0.9340582579606093,0.9135305514812957,0.9340582579606093,False,3,2558,4868,d__Bacteria;p__Bacillota;c__Clostridia;o__Lachnospirales;f__Lachnospiraceae;g__Bariatricus;s__Bariatricus sp034176745
100000,0.004450378282153983,0.00949367088607595,0.0013351134846461949,0.0012325390304026294,2.0,2.0,0.816496580927726,/group/ctbrowngrp5/sourmash-db.new/gtdb-rs226/gtdb-rs226-k51.dna.rocksdb,GCA_002395475.1 Dorea longicatena,fceea757afba69e750e29ea5f4766dd3,0.03164556962025317,30000,79,15570000,outputs.mapping/bams.cds.rand/ERR3211929.x.s__Bariatricus sp004560705.fastq.gz,ERR3211929.x.s__Bariatricus sp004560705,5ed9a646,22470000,51,DNA,10000,2247,True,0.8992700629768193,0.9345324173744832,0.9169012401756513,0.9345324173744832,False,6,2564,4868,d__Bacteria;p__Bacillota;c__Clostridia;o__Lachnospirales;f__Lachnospiraceae;g__Dorea_A;s__Dorea_A longicatena
70000,0.003115264797507788,0.008,0.0013351134846461949,0.00657354149548069,10.666666666666666,2.0,12.970050972229147,/group/ctbrowngrp5/sourmash-db.new/gtdb-rs226/gtdb-rs226-k51.dna.rocksdb,GCA_022764165.1 Eubacterium sp.,86b632b7ed836955f537e7b9656a4752,0.018666666666666668,30000,80,15540000,outputs.mapping/bams.cds.rand/ERR3211929.x.s__Bariatricus sp004560705.fastq.gz,ERR3211929.x.s__Bariatricus sp004560705,5ed9a646,22470000,51,DNA,10000,2247,True,0.8930028450019822,0.9249097305360438,0.9089562877690129,0.9249097305360438,False,32,2596,4868,d__Bacteria;p__Bacillota;c__Clostridia;o__Lachnospirales;f__Lachnospiraceae;g__Oliverpabstia;s__Oliverpabstia sp022764165
40000,0.0017801513128615932,0.013392857142857142,0.0013351134846461949,0.001027115858668858,1.6666666666666667,1.0,0.9428090415820634,/group/ctbrowngrp5/sourmash-db.new/gtdb-rs226/gtdb-rs226-k51.dna.rocksdb,GCA_945868435.1 uncultured Lachnospiraceae bacterium,531bbdb6d68dad49e318688bbf3f99ec,0.017857142857142856,30000,81,15510000,outputs.mapping/bams.cds.rand/ERR3211929.x.s__Bariatricus sp004560705.fastq.gz,ERR3211929.x.s__Bariatricus sp004560705,5ed9a646,22470000,51,DNA,10000,2247,True,0.8832576153592834,0.9241060284450854,0.9036818219021844,0.9241060284450854,True,5,2601,4868,d__Bacteria;p__Bacillota;c__Clostridia;o__Lachnospirales;f__Lachnospiraceae;g__Agathobacter;s__Agathobacter sp945868435
30000,0.0013351134846461949,0.005681818181818182,0.0008900756564307966,0.0008216926869350862,2.0,2.0,0.0,/group/ctbrowngrp5/sourmash-db.new/gtdb-rs226/gtdb-rs226-k51.dna.rocksdb,GCF_027697445.1 Mediterraneibacter gnavus,236040bd67007dd4d08974fe81001a8d,0.008522727272727272,20000,82,15490000,outputs.mapping/bams.cds.rand/ERR3211929.x.s__Bariatricus sp004560705.fastq.gz,ERR3211929.x.s__Bariatricus sp004560705,5ed9a646,22470000,51,DNA,10000,2247,True,0.8782893395261471,0.9108001839010786,0.8945447617136129,0.9108001839010786,True,4,2605,4868,d__Bacteria;p__Bacillota;c__Clostridia;o__Lachnospirales;f__Lachnospiraceae;g__Ruminococcus_B;s__Ruminococcus_B gnavus
50000,0.0022251891410769915,0.006060606060606061,0.0008900756564307966,0.0006162695152013147,1.5,1.5,0.5,/group/ctbrowngrp5/sourmash-db.new/gtdb-rs226/gtdb-rs226-k51.dna.rocksdb,GCF_021530965.1 Mediterraneibacter glycyrrhizinilyticus,5b8995a647bb7d0c8877d2d65fbd86d3,0.015151515151515152,20000,83,15470000,outputs.mapping/bams.cds.rand/ERR3211929.x.s__Bariatricus sp004560705.fastq.gz,ERR3211929.x.s__Bariatricus sp004560705,5ed9a646,22470000,51,DNA,10000,2247,True,0.887130655513573,0.9211336926184823,0.9041321740660276,0.9211336926184823,True,3,2608,4868,d__Bacteria;p__Bacillota;c__Clostridia;o__Lachnospirales;f__Lachnospiraceae;g__Mediterraneibacter;s__Mediterraneibacter ornithocaccae
60000,0.0026702269692923898,0.005698005698005698,0.0008900756564307966,0.0004108463434675431,1.0,1.0,0.0,/group/ctbrowngrp5/sourmash-db.new/gtdb-rs226/gtdb-rs226-k51.dna.rocksdb,GCA_028310265.1 Blautia wexlerae,3b3ebeefbb8978cf20f7e28e0f78ff7c,0.017094017094017096,20000,84,15450000,outputs.mapping/bams.cds.rand/ERR3211929.x.s__Bariatricus sp004560705.fastq.gz,ERR3211929.x.s__Bariatricus sp004560705,5ed9a646,22470000,51,DNA,10000,2247,True,0.8903077633027002,0.9233149870212076,0.906811375161954,0.9233149870212076,True,2,2610,4868,d__Bacteria;p__Bacillota;c__Clostridia;o__Lachnospirales;f__Lachnospiraceae;g__Fusicatenibacter;s__Fusicatenibacter saccharivorans
30000,0.0013351134846461949,0.00975609756097561,0.0008900756564307966,0.001027115858668858,2.5,2.5,0.5,/group/ctbrowngrp5/sourmash-db.new/gtdb-rs226/gtdb-rs226-k51.dna.rocksdb,GCF_021531795.1 Lacrimispora saccharolytica,b9f95aaa82634ee90dd5ff5803ed0dee,0.014634146341463415,20000,85,15430000,outputs.mapping/bams.cds.rand/ERR3211929.x.s__Bariatricus sp004560705.fastq.gz,ERR3211929.x.s__Bariatricus sp004560705,5ed9a646,22470000,51,DNA,10000,2247,True,0.8782893395261471,0.9205063984590509,0.899397868992599,0.9205063984590509,True,5,2615,4868,d__Bacteria;p__Bacillota;c__Clostridia;o__Lachnospirales;f__Lachnospiraceae;g__Colinaster;s__Colinaster sp018056665
20000,0.0008900756564307966,0.004219409282700422,0.0008900756564307966,0.008422350041084634,20.5,20.5,19.5,/group/ctbrowngrp5/sourmash-db.new/gtdb-rs226/gtdb-rs226-k51.dna.rocksdb,GCA_900766925.1 Lachnospiraceae bacterium,dd03feabaa3849fbef4c95c67fdcaa5b,0.004219409282700422,20000,86,15410000,outputs.mapping/bams.cds.rand/ERR3211929.x.s__Bariatricus sp004560705.fastq.gz,ERR3211929.x.s__Bariatricus sp004560705,5ed9a646,22470000,51,DNA,10000,2247,True,0.8713343627911191,0.898330834887376,0.8848325988392476,0.898330834887376,True,41,2656,4868,d__Bacteria;p__Bacillota;c__Clostridia;o__Lachnospirales;f__Lachnospiraceae;g__Wujia;s__Wujia sp900766925
20000,0.0008900756564307966,0.005235602094240838,0.0008900756564307966,0.0004108463434675431,1.0,1.0,0.0,/group/ctbrowngrp5/sourmash-db.new/gtdb-rs226/gtdb-rs226-k51.dna.rocksdb,GCF_036938535.1 Segatella copri,13fa8be3b14e40e33949672829ba1ad3,0.005235602094240838,20000,87,15390000,outputs.mapping/bams.cds.rand/ERR3211929.x.s__Bariatricus sp004560705.fastq.gz,ERR3211929.x.s__Bariatricus sp004560705,5ed9a646,22470000,51,DNA,10000,2247,True,0.8713343627911191,0.9021398257330133,0.8867370942620663,0.9021398257330133,True,2,2658,4868,d__Bacteria;p__Bacteroidota;c__Bacteroidia;o__Bacteroidales;f__Bacteroidaceae;g__Prevotella;s__Prevotella copri_I
20000,0.0008900756564307966,0.006896551724137931,0.0008900756564307966,0.0006162695152013147,1.5,1.5,0.5,/group/ctbrowngrp5/sourmash-db.new/gtdb-rs226/gtdb-rs226-k51.dna.rocksdb,GCA_945877945.1 uncultured Clostridia bacterium,4ee1ded38b6064222e99ba5b00a3150b,0.006896551724137931,20000,88,15370000,outputs.mapping/bams.cds.rand/ERR3211929.x.s__Bariatricus sp004560705.fastq.gz,ERR3211929.x.s__Bariatricus sp004560705,5ed9a646,22470000,51,DNA,10000,2247,True,0.8713343627911191,0.907027041982046,0.8891807023865825,0.907027041982046,True,3,2661,4868,d__Bacteria;p__Bacillota;c__Clostridia;o__Oscillospirales;f__Oscillospiraceae;g__Faecousia;s__Faecousia sp016302405
20000,0.0008900756564307966,0.00909090909090909,0.0008900756564307966,0.0006162695152013147,1.5,1.5,0.5,/group/ctbrowngrp5/sourmash-db.new/gtdb-rs226/gtdb-rs226-k51.dna.rocksdb,GCA_948751085.1 uncultured Oscillospiraceae bacterium,ba40cdb1cebfa775676263524ca95551,0.00909090909090909,20000,89,15350000,outputs.mapping/bams.cds.rand/ERR3211929.x.s__Bariatricus sp004560705.fastq.gz,ERR3211929.x.s__Bariatricus sp004560705,5ed9a646,22470000,51,DNA,10000,2247,True,0.8713343627911191,0.9119534957754483,0.8916439292832836,0.9119534957754483,True,3,2664,4868,d__Bacteria;p__Bacillota;c__Clostridia;o__Oscillospirales;f__Ruminococcaceae;g__Porcipelethomonas;s__Porcipelethomonas sp910588145
20000,0.0008900756564307966,0.015151515151515152,0.0008900756564307966,0.0018488085456039441,4.5,4.5,1.5,/group/ctbrowngrp5/sourmash-db.new/gtdb-rs226/gtdb-rs226-k51.dna.rocksdb,GCA_037067675.1 Holdemanella sp.,32dee53a8b11c83ff69abc9d8940b242,0.015151515151515152,20000,90,15330000,outputs.mapping/bams.cds.rand/ERR3211929.x.s__Bariatricus sp004560705.fastq.gz,ERR3211929.x.s__Bariatricus sp004560705,5ed9a646,22470000,51,DNA,10000,2247,True,0.8713343627911191,0.9211336926184823,0.8962340277048007,0.9211336926184823,True,9,2673,4868,d__Bacteria;p__Bacillota;c__Bacilli;o__Erysipelotrichales;f__Erysipelotrichaceae;g__Holdemanella;s__Holdemanella sp900556915
30000,0.0013351134846461949,0.006825938566552901,0.0008900756564307966,0.0006162695152013147,1.5,1.5,0.5,/group/ctbrowngrp5/sourmash-db.new/gtdb-rs226/gtdb-rs226-k51.dna.rocksdb,GCA_003481585.1 Clostridium sp. OM07-9AC,e7e3f95269477afdb4bd25c2c1981a13,0.010238907849829351,20000,91,15310000,outputs.mapping/bams.cds.rand/ERR3211929.x.s__Bariatricus sp004560705.fastq.gz,ERR3211929.x.s__Bariatricus sp004560705,5ed9a646,22470000,51,DNA,10000,2247,True,0.8782893395261471,0.9140824386962166,0.8961858891111818,0.9140824386962166,True,3,2676,4868,d__Bacteria;p__Bacillota;c__Clostridia;o__Lachnospirales;f__Lachnospiraceae;g__Jutongia;s__Jutongia huaianensis
40000,0.0017801513128615932,0.007518796992481203,0.0008900756564307966,0.001027115858668858,2.5,2.5,1.5,/group/ctbrowngrp5/sourmash-db.new/gtdb-rs226/gtdb-rs226-k51.dna.rocksdb,GCA_022774945.1 Lachnobacterium sp.,af426f33d2866d663b77828fd6516469,0.015037593984962405,20000,92,15290000,outputs.mapping/bams.cds.rand/ERR3211929.x.s__Bariatricus sp004560705.fastq.gz,ERR3211929.x.s__Bariatricus sp004560705,5ed9a646,22470000,51,DNA,10000,2247,True,0.8832576153592834,0.920997389264983,0.9021275023121331,0.920997389264983,True,5,2681,4868,d__Bacteria;p__Bacillota;c__Clostridia;o__Lachnospirales;f__Lachnospiraceae;g__Agathobacter;s__Agathobacter sp905209075
110000,0.004895416110369382,0.004228329809725159,0.0008900756564307966,0.0030813475760065735,7.5,7.5,6.5,/group/ctbrowngrp5/sourmash-db.new/gtdb-rs226/gtdb-rs226-k51.dna.rocksdb,GCF_039060295.1 Ruminococcus sp. 2227st1_E6_2227SCRN_220401,3b736584ca7d51c5e97ffcc914537695,0.023255813953488372,20000,93,15270000,outputs.mapping/bams.cds.rand/ERR3211929.x.s__Bariatricus sp004560705.fastq.gz,ERR3211929.x.s__Bariatricus sp004560705,5ed9a646,22470000,51,DNA,10000,2247,True,0.900952214535844,0.9289047993714703,0.9149285069536571,0.9289047993714703,False,15,2696,4868,d__Bacteria;p__Bacillota;c__Clostridia;o__Lachnospirales;f__Lachnospiraceae;g__Blautia_A;s__Blautia_A faecis
120000,0.0053404539385847796,0.006896551724137931,0.0008900756564307966,0.0004108463434675431,1.0,1.0,0.0,/group/ctbrowngrp5/sourmash-db.new/gtdb-rs226/gtdb-rs226-k51.dna.rocksdb,GCF_020562785.1 Dorea formicigenerans,28f06f96519ac8fcf9d042ef8e57dfa5,0.041379310344827586,20000,94,15250000,outputs.mapping/bams.cds.rand/ERR3211929.x.s__Bariatricus sp004560705.fastq.gz,ERR3211929.x.s__Bariatricus sp004560705,5ed9a646,22470000,51,DNA,10000,2247,True,0.9024906459922475,0.9394595875097482,0.9209751167509979,0.9394595875097482,False,2,2698,4868,d__Bacteria;p__Bacillota;c__Clostridia;o__Lachnospirales;f__Lachnospiraceae;g__Dorea;s__Dorea formicigenerans
40000,0.0017801513128615932,0.01904761904761905,0.0008900756564307966,0.0078060805258833195,19.0,19.0,17.0,/group/ctbrowngrp5/sourmash-db.new/gtdb-rs226/gtdb-rs226-k51.dna.rocksdb,GCA_004561445.1 bacterium,43e6a68934484b0b1d4221bb931d12f8,0.0380952380952381,20000,95,15230000,outputs.mapping/bams.cds.rand/ERR3211929.x.s__Bariatricus sp004560705.fastq.gz,ERR3211929.x.s__Bariatricus sp004560705,5ed9a646,22470000,51,DNA,10000,2247,True,0.8832576153592834,0.9379375761492127,0.910597595754248,0.9379375761492127,True,38,2736,4868,d__Bacteria;p__Patescibacteriota;c__Saccharimonadia;o__Saccharimonadales;f__Nanosyncoccaceae;g__UBA2834;s__UBA2834 sp004561445
30000,0.0013351134846461949,0.005780346820809248,0.0008900756564307966,0.0006162695152013147,1.5,1.5,0.5,/group/ctbrowngrp5/sourmash-db.new/gtdb-rs226/gtdb-rs226-k51.dna.rocksdb,GCA_003612585.1 bacterium 1XD42-54,4669902931a325c77771218a914f52bf,0.008670520231213872,20000,96,15210000,outputs.mapping/bams.cds.rand/ERR3211929.x.s__Bariatricus sp004560705.fastq.gz,ERR3211929.x.s__Bariatricus sp004560705,5ed9a646,22470000,51,DNA,10000,2247,True,0.8782893395261471,0.911107271768027,0.894698305647087,0.911107271768027,True,3,2739,4868,d__Bacteria;p__Bacillota;c__Clostridia;o__Lachnospirales;f__Lachnospiraceae;g__Choladousia;s__Choladousia sp003612585
30000,0.0013351134846461949,0.0057306590257879654,0.0008900756564307966,0.0008216926869350862,2.0,2.0,0.0,/group/ctbrowngrp5/sourmash-db.new/gtdb-rs226/gtdb-rs226-k51.dna.rocksdb,GCA_022737195.1 Prevotella sp.,5c7264a473ca1bc956846a23c939dcba,0.008595988538681949,20000,97,15190000,outputs.mapping/bams.cds.rand/ERR3211929.x.s__Bariatricus sp004560705.fastq.gz,ERR3211929.x.s__Bariatricus sp004560705,5ed9a646,22470000,51,DNA,10000,2247,True,0.8782893395261471,0.9109530549555802,0.8946211972408636,0.9109530549555802,True,4,2743,4868,d__Bacteria;p__Bacteroidota;c__Bacteroidia;o__Bacteroidales;f__Bacteroidaceae;g__Prevotella;s__Prevotella hominis
80000,0.0035603026257231864,0.004629629629629629,0.0008900756564307966,0.0004108463434675431,1.0,1.0,0.0,/group/ctbrowngrp5/sourmash-db.new/gtdb-rs226/gtdb-rs226-k51.dna.rocksdb,GCA_902364215.1 Oscillospiraceae bacterium,dfa72f929418f30ec9c2e12209ca3076,0.018518518518518517,20000,98,15170000,outputs.mapping/bams.cds.rand/ERR3211929.x.s__Bariatricus sp004560705.fastq.gz,ERR3211929.x.s__Bariatricus sp004560705,5ed9a646,22470000,51,DNA,10000,2247,True,0.8953440245271128,0.9247652352037607,0.9100546298654368,0.9247652352037607,False,2,2745,4868,d__Bacteria;p__Bacillota;c__Clostridia;o__Lachnospirales;f__Lachnospiraceae;g__Blautia_A;s__Blautia_A acetigignens
30000,0.0013351134846461949,0.010362694300518135,0.0008900756564307966,0.0006162695152013147,1.5,1.5,0.5,/group/ctbrowngrp5/sourmash-db.new/gtdb-rs226/gtdb-rs226-k51.dna.rocksdb,GCA_945871135.1 uncultured Clostridia bacterium,179b1dd146c2d001cf0f8c4e97660b77,0.015544041450777202,20000,99,15150000,outputs.mapping/bams.cds.rand/ERR3211929.x.s__Bariatricus sp004560705.fastq.gz,ERR3211929.x.s__Bariatricus sp004560705,5ed9a646,22470000,51,DNA,10000,2247,True,0.8782893395261471,0.9215957631946061,0.8999425513603766,0.9215957631946061,True,3,2748,4868,d__Bacteria;p__Bacillota;c__Clostridia;o__Oscillospirales;f__Butyricicoccaceae;g__Butyricicoccus_A;s__Butyricicoccus_A porcorum
20000,0.0008900756564307966,0.009433962264150943,0.0008900756564307966,0.0012325390304026294,3.0,3.0,1.0,/group/ctbrowngrp5/sourmash-db.new/gtdb-rs226/gtdb-rs226-k51.dna.rocksdb,GCA_022786145.1 Oscillospiraceae bacterium,0bc8664daf8f9dc84213507b47678a7d,0.009433962264150943,20000,100,15130000,outputs.mapping/bams.cds.rand/ERR3211929.x.s__Bariatricus sp004560705.fastq.gz,ERR3211929.x.s__Bariatricus sp004560705,5ed9a646,22470000,51,DNA,10000,2247,True,0.8713343627911191,0.9126160876839744,0.8919752252375468,0.9126160876839744,True,6,2754,4868,d__Bacteria;p__Bacillota;c__Clostridia;o__Oscillospirales;f__Acutalibacteraceae;g__CAG-177;s__CAG-177 sp003514385
20000,0.0008900756564307966,0.0076045627376425855,0.0008900756564307966,0.001027115858668858,2.5,2.5,1.5,/group/ctbrowngrp5/sourmash-db.new/gtdb-rs226/gtdb-rs226-k51.dna.rocksdb,GCA_022775085.1 Clostridiales bacterium,2d509dd1575226aef1b5363516e0a251,0.0076045627376425855,20000,101,15110000,outputs.mapping/bams.cds.rand/ERR3211929.x.s__Bariatricus sp004560705.fastq.gz,ERR3211929.x.s__Bariatricus sp004560705,5ed9a646,22470000,51,DNA,10000,2247,True,0.8713343627911191,0.9087667657945412,0.8900505642928301,0.9087667657945412,True,5,2759,4868,d__Bacteria;p__Bacillota;c__Clostridia;o__Oscillospirales;f__Oscillospiraceae;g__Faecousia;s__Faecousia sp022775085
90000,0.004005340453938585,0.004866180048661801,0.0008900756564307966,0.0004108463434675431,1.0,1.0,0.0,/group/ctbrowngrp5/sourmash-db.new/gtdb-rs226/gtdb-rs226-k51.dna.rocksdb,GCA_003464105.1 Blautia obeum,7bcff931b100de48bb59a884bc333a71,0.021897810218978103,20000,102,15090000,outputs.mapping/bams.cds.rand/ERR3211929.x.s__Bariatricus sp004560705.fastq.gz,ERR3211929.x.s__Bariatricus sp004560705,5ed9a646,22470000,51,DNA,10000,2247,True,0.8974141854125206,0.9278095469788463,0.9126118661956835,0.9278095469788463,False,2,2761,4868,d__Bacteria;p__Bacillota;c__Clostridia;o__Lachnospirales;f__Lachnospiraceae;g__Blautia_A;s__Blautia_A obeum
80000,0.0035603026257231864,0.009302325581395349,0.0008900756564307966,0.001027115858668858,2.5,2.5,1.5,/group/ctbrowngrp5/sourmash-db.new/gtdb-rs226/gtdb-rs226-k51.dna.rocksdb,GCA_016296735.1 Lachnospiraceae bacterium,5c8481d2fc4ca991ef622400182e0277,0.037209302325581395,20000,103,15070000,outputs.mapping/bams.cds.rand/ERR3211929.x.s__Bariatricus sp004560705.fastq.gz,ERR3211929.x.s__Bariatricus sp004560705,5ed9a646,22470000,51,DNA,10000,2247,True,0.8953440245271128,0.937504928166782,0.9164244763469473,0.937504928166782,False,5,2766,4868,d__Bacteria;p__Bacillota;c__Clostridia;o__Lachnospirales;f__Lachnospiraceae;g__Fimousia;s__Fimousia sp001940245
30000,0.0013351134846461949,0.006666666666666667,0.0008900756564307966,0.0006162695152013147,1.5,1.5,0.5,/group/ctbrowngrp5/sourmash-db.new/gtdb-rs226/gtdb-rs226-k51.dna.rocksdb,GCA_041334015.1 Faecalibacterium prausnitzii,a8697a2f5c5a15077a1fa3e1e1029041,0.01,20000,104,15050000,outputs.mapping/bams.cds.rand/ERR3211929.x.s__Bariatricus sp004560705.fastq.gz,ERR3211929.x.s__Bariatricus sp004560705,5ed9a646,22470000,51,DNA,10000,2247,True,0.8782893395261471,0.9136593726391776,0.8959743560826623,0.9136593726391776,True,3,2769,4868,d__Bacteria;p__Bacillota;c__Clostridia;o__Oscillospirales;f__Ruminococcaceae;g__Faecalibacterium;s__Faecalibacterium sp905215595
20000,0.0008900756564307966,0.007352941176470588,0.0008900756564307966,0.0004108463434675431,1.0,1.0,0.0,/group/ctbrowngrp5/sourmash-db.new/gtdb-rs226/gtdb-rs226-k51.dna.rocksdb,GCA_958368405.1 uncultured Eubacteriales bacterium,18cdf6815754921c618bef5da0223904,0.007352941176470588,20000,105,15030000,outputs.mapping/bams.cds.rand/ERR3211929.x.s__Bariatricus sp004560705.fastq.gz,ERR3211929.x.s__Bariatricus sp004560705,5ed9a646,22470000,51,DNA,10000,2247,True,0.8713343627911191,0.9081673906938506,0.8897508767424849,0.9081673906938506,True,2,2771,4868,d__Bacteria;p__Bacillota;c__Clostridia;o__Oscillospirales;f__Ruminococcaceae;g__Negativibacillus;s__Negativibacillus massiliensis
60000,0.0026702269692923898,0.005479452054794521,0.0008900756564307966,0.0016433853738701725,4.0,4.0,2.0,/group/ctbrowngrp5/sourmash-db.new/gtdb-rs226/gtdb-rs226-k51.dna.rocksdb,GCA_902363695.1 Lachnospiraceae bacterium,264938c6e9b9d7d0b492f277ce4af664,0.01643835616438356,20000,106,15010000,outputs.mapping/bams.cds.rand/ERR3211929.x.s__Bariatricus sp004560705.fastq.gz,ERR3211929.x.s__Bariatricus sp004560705,5ed9a646,22470000,51,DNA,10000,2247,True,0.8903077633027002,0.9226071821329266,0.9064574727178134,0.9226071821329266,True,8,2779,4868,d__Bacteria;p__Bacillota;c__Clostridia;o__Lachnospirales;f__Lachnospiraceae;g__Hominiventricola;s__Hominiventricola aquisgranensis
20000,0.0008900756564307966,0.00816326530612245,0.0008900756564307966,0.0006162695152013147,1.5,1.5,0.5,/group/ctbrowngrp5/sourmash-db.new/gtdb-rs226/gtdb-rs226-k51.dna.rocksdb,GCA_946411645.1 uncultured Bacteroidales bacterium,6c1751babf68dc3c1f04424863bbb1ed,0.00816326530612245,20000,107,14990000,outputs.mapping/bams.cds.rand/ERR3211929.x.s__Bariatricus sp004560705.fastq.gz,ERR3211929.x.s__Bariatricus sp004560705,5ed9a646,22470000,51,DNA,10000,2247,True,0.8713343627911191,0.9100309337997604,0.8906826482954397,0.9100309337997604,True,3,2782,4868,d__Bacteria;p__Bacteroidota;c__Bacteroidia;o__Bacteroidales;f__Muribaculaceae;g__Sodaliphilus;s__Sodaliphilus sp004557565
20000,0.0008900756564307966,0.009389671361502348,0.0008900756564307966,0.0004108463434675431,1.0,1.0,0.0,/group/ctbrowngrp5/sourmash-db.new/gtdb-rs226/gtdb-rs226-k51.dna.rocksdb,GCA_945949045.1 uncultured Lachnospiraceae bacterium,81c27e52ce548b9536ddefd06431e4cf,0.009389671361502348,20000,108,14970000,outputs.mapping/bams.cds.rand/ERR3211929.x.s__Bariatricus sp004560705.fastq.gz,ERR3211929.x.s__Bariatricus sp004560705,5ed9a646,22470000,51,DNA,10000,2247,True,0.8713343627911191,0.9125318823166422,0.8919331225538807,0.9125318823166422,True,2,2784,4868,d__Bacteria;p__Bacillota;c__Clostridia;o__Lachnospirales;f__Lachnospiraceae;g__Agathobacter;s__Agathobacter sp945949045
60000,0.0026702269692923898,0.007575757575757576,0.0008900756564307966,0.0004108463434675431,1.0,1.0,0.0,/group/ctbrowngrp5/sourmash-db.new/gtdb-rs226/gtdb-rs226-k51.dna.rocksdb,GCF_000765235.1 Oscillibacter sp. ER4,b86d494b379656b1b7a7b4d8bf763e29,0.022727272727272728,20000,109,14950000,outputs.mapping/bams.cds.rand/ERR3211929.x.s__Bariatricus sp004560705.fastq.gz,ERR3211929.x.s__Bariatricus sp004560705,5ed9a646,22470000,51,DNA,10000,2247,True,0.8903077633027002,0.9284861667955484,0.9093969650491243,0.9284861667955484,True,2,2786,4868,d__Bacteria;p__Bacillota;c__Clostridia;o__Oscillospirales;f__Oscillospiraceae;g__Hominicoprocola;s__Hominicoprocola fusiformis
20000,0.0008900756564307966,0.0071174377224199285,0.0008900756564307966,0.0006162695152013147,1.5,1.5,0.5,/group/ctbrowngrp5/sourmash-db.new/gtdb-rs226/gtdb-rs226-k51.dna.rocksdb,GCA_945939025.1 uncultured bacterium,dad96407fecce8f8a4feb577cbbf7ccd,0.0071174377224199285,20000,110,14930000,outputs.mapping/bams.cds.rand/ERR3211929.x.s__Bariatricus sp004560705.fastq.gz,ERR3211929.x.s__Bariatricus sp004560705,5ed9a646,22470000,51,DNA,10000,2247,True,0.8713343627911191,0.9075879048179513,0.8894611338045352,0.9075879048179513,True,3,2789,4868,d__Bacteria;p__Bacillota;c__Clostridia;o__Lachnospirales;f__Lachnospiraceae;g__W0P33-017;s__W0P33-017 sp022768825
20000,0.0008900756564307966,0.006666666666666667,0.0008900756564307966,0.0004108463434675431,1.0,1.0,0.0,/group/ctbrowngrp5/sourmash-db.new/gtdb-rs226/gtdb-rs226-k51.dna.rocksdb,GCA_016293615.1 Acetatifactor sp.,809062d8f4024187379d24557d4d59b6,0.006666666666666667,20000,111,14910000,outputs.mapping/bams.cds.rand/ERR3211929.x.s__Bariatricus sp004560705.fastq.gz,ERR3211929.x.s__Bariatricus sp004560705,5ed9a646,22470000,51,DNA,10000,2247,True,0.8713343627911191,0.9064243085270774,0.8888793356590983,0.9064243085270774,True,2,2791,4868,d__Bacteria;p__Bacillota;c__Clostridia;o__Lachnospirales;f__Lachnospiraceae;g__Acetatifactor;s__Acetatifactor sp016293615
20000,0.0008900756564307966,0.009174311926605505,0.0008900756564307966,0.0016433853738701725,4.0,4.0,2.0,/group/ctbrowngrp5/sourmash-db.new/gtdb-rs226/gtdb-rs226-k51.dna.rocksdb,GCA_934875665.1 uncultured bacterium,fca396f243969c22c524be8f60a13694,0.009174311926605505,20000,112,14890000,outputs.mapping/bams.cds.rand/ERR3211929.x.s__Bariatricus sp004560705.fastq.gz,ERR3211929.x.s__Bariatricus sp004560705,5ed9a646,22470000,51,DNA,10000,2247,True,0.8713343627911191,0.9121168123642995,0.8917255875777093,0.9121168123642995,True,8,2799,4868,d__Bacteria;p__Bacillota;c__Clostridia;o__Oscillospirales;f__Ruminococcaceae;g__SFIE01;s__SFIE01 sp004555405
20000,0.0008900756564307966,0.009900990099009901,0.0008900756564307966,0.0004108463434675431,1.0,1.0,0.0,/group/ctbrowngrp5/sourmash-db.new/gtdb-rs226/gtdb-rs226-k51.dna.rocksdb,GCA_934597725.1 uncultured Eubacteriales bacterium,cccc281f6aa33be6a3b18ffaffdbe266,0.009900990099009901,20000,113,14870000,outputs.mapping/bams.cds.rand/ERR3211929.x.s__Bariatricus sp004560705.fastq.gz,ERR3211929.x.s__Bariatricus sp004560705,5ed9a646,22470000,51,DNA,10000,2247,True,0.8713343627911191,0.9134811309483124,0.8924077468697158,0.9134811309483124,True,2,2801,4868,d__Bacteria;p__Bacillota;c__Clostridia;o__Oscillospirales;f__Oscillospiraceae;g__Evtepia;s__Evtepia sp934597725
70000,0.003115264797507788,0.005434782608695652,0.0008900756564307966,0.0006162695152013147,1.5,1.5,0.5,/group/ctbrowngrp5/sourmash-db.new/gtdb-rs226/gtdb-rs226-k51.dna.rocksdb,GCA_004562765.1 bacterium,f21abf8b5f28158bda072c3feaf477c5,0.019021739130434784,20000,114,14850000,outputs.mapping/bams.cds.rand/ERR3211929.x.s__Bariatricus sp004560705.fastq.gz,ERR3211929.x.s__Bariatricus sp004560705,5ed9a646,22470000,51,DNA,10000,2247,True,0.8930028450019822,0.9252515222079629,0.9091271836049726,0.9252515222079629,False,3,2804,4868,d__Bacteria;p__Bacillota;c__Clostridia;o__Lachnospirales;f__Lachnospiraceae;g__W0P33-017;s__W0P33-017 sp004562765
120000,0.0053404539385847796,0.008064516129032258,0.0008900756564307966,0.0008216926869350862,2.0,2.0,1.0,/group/ctbrowngrp5/sourmash-db.new/gtdb-rs226/gtdb-rs226-k51.dna.rocksdb,GCF_034176665.1 Oliverpabstia intestinalis,b8d38053cb9b9710c15ed870257f911e,0.04838709677419355,20000,115,14830000,outputs.mapping/bams.cds.rand/ERR3211929.x.s__Bariatricus sp004560705.fastq.gz,ERR3211929.x.s__Bariatricus sp004560705,5ed9a646,22470000,51,DNA,10000,2247,True,0.9024906459922475,0.9423459830683224,0.9224183145302849,0.9423459830683224,False,4,2808,4868,d__Bacteria;p__Bacillota;c__Clostridia;o__Lachnospirales;f__Lachnospiraceae;g__Oliverpabstia;s__Oliverpabstia intestinalis
20000,0.0008900756564307966,0.01092896174863388,0.0008900756564307966,0.011092851273623664,27.0,27.0,25.0,/group/ctbrowngrp5/sourmash-db.new/gtdb-rs226/gtdb-rs226-k51.dna.rocksdb,GCA_004558665.1 Clostridiales bacterium,8f405cb74ab699d671bc77fe19eb2fa0,0.01092896174863388,20000,116,14810000,outputs.mapping/bams.cds.rand/ERR3211929.x.s__Bariatricus sp004560705.fastq.gz,ERR3211929.x.s__Bariatricus sp004560705,5ed9a646,22470000,51,DNA,10000,2247,True,0.8713343627911191,0.9152521607784074,0.8932932617847633,0.9152521607784074,True,54,2862,4868,d__Bacteria;p__Bacillota;c__Clostridia;o__Oscillospirales;f__Oscillospiraceae;g__Vescimonas;s__Vescimonas sp934591815
50000,0.0022251891410769915,0.006230529595015576,0.0008900756564307966,0.0004108463434675431,1.0,1.0,0.0,/group/ctbrowngrp5/sourmash-db.new/gtdb-rs226/gtdb-rs226-k51.dna.rocksdb,GCF_029226265.1 Blautia massiliensis (ex Durand et al. 2017),fd6ee7494b88adeafed10e1a2392c805,0.01557632398753894,20000,117,14790000,outputs.mapping/bams.cds.rand/ERR3211929.x.s__Bariatricus sp004560705.fastq.gz,ERR3211929.x.s__Bariatricus sp004560705,5ed9a646,22470000,51,DNA,10000,2247,True,0.887130655513573,0.9216332546452355,0.9043819550794042,0.9216332546452355,True,2,2864,4868,d__Bacteria;p__Bacillota;c__Clostridia;o__Lachnospirales;f__Lachnospiraceae;g__Blautia_A;s__Blautia_A fusiformis
20000,0.0008900756564307966,0.004319654427645789,0.0008900756564307966,0.0004108463434675431,1.0,1.0,0.0,/group/ctbrowngrp5/sourmash-db.new/gtdb-rs226/gtdb-rs226-k51.dna.rocksdb,GCA_001411625.1 Clostridium butyricum,5b943d805b1fdf0a1ed10c78bb824397,0.004319654427645789,20000,118,14770000,outputs.mapping/bams.cds.rand/ERR3211929.x.s__Bariatricus sp004560705.fastq.gz,ERR3211929.x.s__Bariatricus sp004560705,5ed9a646,22470000,51,DNA,10000,2247,True,0.8713343627911191,0.8987445192940828,0.885039441042601,0.8987445192940828,True,2,2866,4868,d__Bacteria;p__Bacillota;c__Clostridia;o__Clostridiales;f__Clostridiaceae;g__Clostridium;s__Clostridium butyricum
30000,0.0013351134846461949,0.00966183574879227,0.0008900756564307966,0.007189811010682005,17.5,17.5,15.5,/group/ctbrowngrp5/sourmash-db.new/gtdb-rs226/gtdb-rs226-k51.dna.rocksdb,GCF_023497905.1 Phascolarctobacterium succinatutens,44ca03cd188471971178a61ff5969afd,0.014492753623188406,20000,119,14750000,outputs.mapping/bams.cds.rand/ERR3211929.x.s__Bariatricus sp004560705.fastq.gz,ERR3211929.x.s__Bariatricus sp004560705,5ed9a646,22470000,51,DNA,10000,2247,True,0.8782893395261471,0.9203311793431016,0.8993102594346243,0.9203311793431016,True,35,2901,4868,d__Bacteria;p__Bacillota;c__Negativicutes;o__Acidaminococcales;f__Acidaminococcaceae;g__Phascolarctobacterium_A;s__Phascolarctobacterium_A succinatutens
40000,0.0017801513128615932,0.010810810810810811,0.0008900756564307966,0.0008216926869350862,2.0,2.0,1.0,/group/ctbrowngrp5/sourmash-db.new/gtdb-rs226/gtdb-rs226-k51.dna.rocksdb,GCA_034180535.1 Eubacteriales bacterium,c0c7521497e693761a01128dda2c2bce,0.021621621621621623,20000,120,14730000,outputs.mapping/bams.cds.rand/ERR3211929.x.s__Bariatricus sp004560705.fastq.gz,ERR3211929.x.s__Bariatricus sp004560705,5ed9a646,22470000,51,DNA,10000,2247,True,0.8832576153592834,0.9275786634388747,0.905418139399079,0.9275786634388747,True,4,2905,4868,d__Bacteria;p__Bacillota;c__Clostridia;o__Christensenellales;f__CAG-138;g__PeH17;s__PeH17 sp900542285
20000,0.0008900756564307966,0.00904977375565611,0.0008900756564307966,0.0006162695152013147,1.5,1.5,0.5,/group/ctbrowngrp5/sourmash-db.new/gtdb-rs226/gtdb-rs226-k51.dna.rocksdb,GCA_900550985.1 uncultured Blautia sp.,5c7964a754721dbda73c4ac0458561cf,0.00904977375565611,20000,121,14710000,outputs.mapping/bams.cds.rand/ERR3211929.x.s__Bariatricus sp004560705.fastq.gz,ERR3211929.x.s__Bariatricus sp004560705,5ed9a646,22470000,51,DNA,10000,2247,True,0.8713343627911191,0.9118724042710765,0.8916033835310978,0.9118724042710765,True,3,2908,4868,d__Bacteria;p__Bacillota;c__Clostridia;o__Lachnospirales;f__Lachnospiraceae;g__Blautia_A;s__Blautia_A difficilis
20000,0.0008900756564307966,0.0111731843575419,0.0008900756564307966,0.0006162695152013147,1.5,1.5,0.5,/group/ctbrowngrp5/sourmash-db.new/gtdb-rs226/gtdb-rs226-k51.dna.rocksdb,GCA_945917815.1 uncultured Clostridia bacterium,21978f00bce7592dfabe68c0ee2a17f1,0.0111731843575419,20000,122,14690000,outputs.mapping/bams.cds.rand/ERR3211929.x.s__Bariatricus sp004560705.fastq.gz,ERR3211929.x.s__Bariatricus sp004560705,5ed9a646,22470000,51,DNA,10000,2247,True,0.8713343627911191,0.9156488622225152,0.8934916125068171,0.9156488622225152,True,3,2911,4868,d__Bacteria;p__Bacillota;c__Clostridia;o__Christensenellales;f__CAG-138;g__SFDB01;s__SFDB01 sp004558825
50000,0.0022251891410769915,0.006369426751592357,0.0008900756564307966,0.0004108463434675431,1.0,1.0,0.0,/group/ctbrowngrp5/sourmash-db.new/gtdb-rs226/gtdb-rs226-k51.dna.rocksdb,GCA_900550545.1 uncultured Lachnobacterium sp.,368228aeb537666637e8e5af2e971f3a,0.01592356687898089,20000,123,14670000,outputs.mapping/bams.cds.rand/ERR3211929.x.s__Bariatricus sp004560705.fastq.gz,ERR3211929.x.s__Bariatricus sp004560705,5ed9a646,22470000,51,DNA,10000,2247,True,0.887130655513573,0.9220317779687348,0.9045812167411539,0.9220317779687348,True,2,2913,4868,d__Bacteria;p__Bacillota;c__Clostridia;o__Lachnospirales;f__Lachnospiraceae;g__Agathobacter;s__Agathobacter sp900550545
30000,0.0013351134846461949,0.007722007722007722,0.0008900756564307966,0.0004108463434675431,1.0,1.0,0.0,/group/ctbrowngrp5/sourmash-db.new/gtdb-rs226/gtdb-rs226-k51.dna.rocksdb,GCA_945864225.1 uncultured Blautia sp.,b52b8bd5de3f6ddf5368a67c45b9ff92,0.011583011583011582,20000,124,14650000,outputs.mapping/bams.cds.rand/ERR3211929.x.s__Bariatricus sp004560705.fastq.gz,ERR3211929.x.s__Bariatricus sp004560705,5ed9a646,22470000,51,DNA,10000,2247,True,0.8782893395261471,0.9162958413464571,0.897292590436302,0.9162958413464571,True,2,2915,4868,d__Bacteria;p__Bacillota;c__Clostridia;o__Lachnospirales;f__Lachnospiraceae;g__Blautia_A;s__Blautia_A sp945864225
50000,0.0022251891410769915,0.007017543859649123,0.0008900756564307966,0.0008216926869350862,2.0,2.0,1.0,/group/ctbrowngrp5/sourmash-db.new/gtdb-rs226/gtdb-rs226-k51.dna.rocksdb,GCA_945871565.1 uncultured Coprococcus sp.,3011f2f6356c9b639d33706feaaaf452,0.017543859649122806,20000,125,14630000,outputs.mapping/bams.cds.rand/ERR3211929.x.s__Bariatricus sp004560705.fastq.gz,ERR3211929.x.s__Bariatricus sp004560705,5ed9a646,22470000,51,DNA,10000,2247,True,0.887130655513573,0.9237853726019886,0.9054580140577808,0.9237853726019886,True,4,2919,4868,d__Bacteria;p__Bacillota;c__Clostridia;o__Lachnospirales;f__Lachnospiraceae;g__Coprococcus_A;s__Coprococcus_A intestinihominis
20000,0.0008900756564307966,0.010256410256410256,0.0008900756564307966,0.001027115858668858,2.5,2.5,1.5,/group/ctbrowngrp5/sourmash-db.new/gtdb-rs226/gtdb-rs226-k51.dna.rocksdb,GCA_945947125.1 uncultured Spirochaetales bacterium,aed92f9b3ea48a4ff1eb383abdd6914b,0.010256410256410256,20000,126,14610000,outputs.mapping/bams.cds.rand/ERR3211929.x.s__Bariatricus sp004560705.fastq.gz,ERR3211929.x.s__Bariatricus sp004560705,5ed9a646,22470000,51,DNA,10000,2247,True,0.8713343627911191,0.9141130509755474,0.8927237068833332,0.9141130509755474,True,5,2924,4868,d__Bacteria;p__Spirochaetota;c__Spirochaetia;o__Sphaerochaetales;f__Sphaerochaetaceae;g__Ornithospirochaeta;s__Ornithospirochaeta sp022785155
20000,0.0008900756564307966,0.013157894736842105,0.0008900756564307966,0.0004108463434675431,1.0,1.0,0.0,/group/ctbrowngrp5/sourmash-db.new/gtdb-rs226/gtdb-rs226-k51.dna.rocksdb,GCA_016302545.1 Bacillota bacterium,a5ef0c9e01d4d67d86011e0553cf8dbe,0.013157894736842105,20000,127,14590000,outputs.mapping/bams.cds.rand/ERR3211929.x.s__Bariatricus sp004560705.fastq.gz,ERR3211929.x.s__Bariatricus sp004560705,5ed9a646,22470000,51,DNA,10000,2247,True,0.8713343627911191,0.9185891303484345,0.8949617465697768,0.9185891303484345,True,2,2926,4868,d__Bacteria;p__Bacillota;c__Clostridia;o__Peptostreptococcales;f__Anaerovoracaceae;g__CAG-238;s__CAG-238 sp016302545
60000,0.0026702269692923898,0.0056022408963585435,0.0008900756564307966,0.0004108463434675431,1.0,1.0,0.0,/group/ctbrowngrp5/sourmash-db.new/gtdb-rs226/gtdb-rs226-k51.dna.rocksdb,GCA_902469955.1 uncultured Lachnospiraceae bacterium,5196292d3b92960879aa9490b23c32d7,0.01680672268907563,20000,128,14570000,outputs.mapping/bams.cds.rand/ERR3211929.x.s__Bariatricus sp004560705.fastq.gz,ERR3211929.x.s__Bariatricus sp004560705,5ed9a646,22470000,51,DNA,10000,2247,True,0.8903077633027002,0.9230081795516992,0.9066579714271997,0.9230081795516992,True,2,2928,4868,d__Bacteria;p__Bacillota;c__Clostridia;o__Lachnospirales;f__Lachnospiraceae;g__Agathobacter;s__Agathobacter sp905209075
30000,0.0013351134846461949,0.007407407407407408,0.0008900756564307966,0.0004108463434675431,1.0,1.0,0.0,/group/ctbrowngrp5/sourmash-db.new/gtdb-rs226/gtdb-rs226-k51.dna.rocksdb,GCA_937969095.1 uncultured Collinsella sp.,55b2fc99cf689cfb7755ef3fef4bff57,0.011111111111111112,20000,129,14550000,outputs.mapping/bams.cds.rand/ERR3211929.x.s__Bariatricus sp004560705.fastq.gz,ERR3211929.x.s__Bariatricus sp004560705,5ed9a646,22470000,51,DNA,10000,2247,True,0.8782893395261471,0.9155488457037391,0.8969190926149431,0.9155488457037391,True,2,2930,4868,d__Bacteria;p__Actinomycetota;c__Coriobacteriia;o__Coriobacteriales;f__Coriobacteriaceae;g__Collinsella;s__Collinsella sp900549085
150000,0.006675567423230975,0.006430868167202572,0.0008900756564307966,0.0004108463434675431,1.0,1.0,0.0,/group/ctbrowngrp5/sourmash-db.new/gtdb-rs226/gtdb-rs226-k51.dna.rocksdb,GCF_039832125.1 Dorea sp. YH-dor228,a0060173516bc4642ee6172ac1d68a1d,0.04823151125401929,20000,130,14530000,outputs.mapping/bams.cds.rand/ERR3211929.x.s__Bariatricus sp004560705.fastq.gz,ERR3211929.x.s__Bariatricus sp004560705,5ed9a646,22470000,51,DNA,10000,2247,True,0.9064480220171084,0.9422864764506627,0.9243672492338855,0.9422864764506627,False,2,2932,4868,d__Bacteria;p__Bacillota;c__Clostridia;o__Lachnospirales;f__Lachnospiraceae;g__JAFBIX01;s__JAFBIX01 sp021531895
60000,0.0026702269692923898,0.008771929824561403,0.0008900756564307966,0.001027115858668858,2.5,2.5,1.5,/group/ctbrowngrp5/sourmash-db.new/gtdb-rs226/gtdb-rs226-k51.dna.rocksdb,GCA_022778915.1 Bacillota bacterium,71b0c6c6f11ccc87344812598740e81f,0.02631578947368421,20000,131,14510000,outputs.mapping/bams.cds.rand/ERR3211929.x.s__Bariatricus sp004560705.fastq.gz,ERR3211929.x.s__Bariatricus sp004560705,5ed9a646,22470000,51,DNA,10000,2247,True,0.8903077633027002,0.9311590124456248,0.9107333878741626,0.9311590124456248,True,5,2937,4868,d__Bacteria;p__Bacillota;c__Clostridia;o__Lachnospirales;f__Lachnospiraceae;g__CAG-791;s__CAG-791 sp000431495
1500000,0.06675567423230974,0.011049723756906077,0.0008900756564307966,0.0012325390304026294,3.0,3.0,1.0,/group/ctbrowngrp5/sourmash-db.new/gtdb-rs226/gtdb-rs226-k51.dna.rocksdb,GCA_945916035.1 uncultured bacterium,8dc915d11b53aa35863c6f638d2e8135,0.8287292817679558,20000,132,14490000,outputs.mapping/bams.cds.rand/ERR3211929.x.s__Bariatricus sp004560705.fastq.gz,ERR3211929.x.s__Bariatricus sp004560705,5ed9a646,22470000,51,DNA,10000,2247,True,0.9483109138360156,0.9963232125235278,0.9723170631797717,0.9963232125235278,False,6,2943,4868,d__Bacteria;p__Bacillota;c__Clostridia;o__Lachnospirales;f__Lachnospiraceae;g__Bariatricus;s__Bariatricus sp004560705
110000,0.004895416110369382,0.006557377049180328,0.0008900756564307966,0.001437962202136401,3.5,3.5,1.5,/group/ctbrowngrp5/sourmash-db.new/gtdb-rs226/gtdb-rs226-k51.dna.rocksdb,GCF_039832105.1 Dorea sp. YH-dor226,3c56cbfb20755d30fd6683468b687848,0.036065573770491806,20000,133,14470000,outputs.mapping/bams.cds.rand/ERR3211929.x.s__Bariatricus sp004560705.fastq.gz,ERR3211929.x.s__Bariatricus sp004560705,5ed9a646,22470000,51,DNA,10000,2247,True,0.900952214535844,0.936931203394798,0.9189417089653209,0.936931203394798,False,7,2950,4868,d__Bacteria;p__Bacillota;c__Clostridia;o__Lachnospirales;f__Lachnospiraceae;g__Dorea_A;s__Dorea_A sp016295505
20000,0.0008900756564307966,0.008264462809917356,0.0008900756564307966,0.0006162695152013147,1.5,1.5,0.5,/group/ctbrowngrp5/sourmash-db.new/gtdb-rs226/gtdb-rs226-k51.dna.rocksdb,GCF_937997555.1 uncultured Catenibacterium sp.,9cf7bff5685b5a09505d2e1e810cbb50,0.008264462809917356,20000,134,14450000,outputs.mapping/bams.cds.rand/ERR3211929.x.s__Bariatricus sp004560705.fastq.gz,ERR3211929.x.s__Bariatricus sp004560705,5ed9a646,22470000,51,DNA,10000,2247,True,0.8713343627911191,0.9102508039235093,0.8907925833573143,0.9102508039235093,True,3,2953,4868,d__Bacteria;p__Bacillota;c__Bacilli;o__Erysipelotrichales;f__Coprobacillaceae;g__Catenibacterium;s__Catenibacterium mitsuokai
30000,0.0013351134846461949,0.0033783783783783786,0.0004450378282153983,0.001437962202136401,7.0,7.0,0.0,/group/ctbrowngrp5/sourmash-db.new/gtdb-rs226/gtdb-rs226-k51.dna.rocksdb,GCA_902777075.1 uncultured Lachnospiraceae bacterium,d0acc0a7077ee2f25338f5bc92066577,0.010135135135135136,10000,135,14440000,outputs.mapping/bams.cds.rand/ERR3211929.x.s__Bariatricus sp004560705.fastq.gz,ERR3211929.x.s__Bariatricus sp004560705,5ed9a646,22470000,51,DNA,10000,2247,True,0.8782893395261471,0.9138998762157851,0.8960946078709661,0.9138998762157851,True,7,2960,4868,d__Bacteria;p__Bacillota;c__Clostridia;o__Lachnospirales;f__Lachnospiraceae;g__Roseburia_C;s__Roseburia_C sp900315735
10000,0.0004450378282153983,0.003875968992248062,0.0004450378282153983,0.00020542317173377156,1.0,1.0,0.0,/group/ctbrowngrp5/sourmash-db.new/gtdb-rs226/gtdb-rs226-k51.dna.rocksdb,GCA_014359945.1 Desulfomicrobiaceae bacterium,b5422d123fc0b29eea240e4e6a607cf7,0.003875968992248062,10000,136,14430000,outputs.mapping/bams.cds.rand/ERR3211929.x.s__Bariatricus sp004560705.fastq.gz,ERR3211929.x.s__Bariatricus sp004560705,5ed9a646,22470000,51,DNA,10000,2247,True,0.8595720643424913,0.8968366321005671,0.8782043482215292,0.8968366321005671,True,1,2961,4868,d__Bacteria;p__Desulfobacterota_I;c__Desulfovibrionia;o__Desulfovibrionales;f__Desulfomicrobiaceae;g__Thermodesulfomicrobium;s__Thermodesulfomicrobium sp003530935
10000,0.0004450378282153983,0.0072992700729927005,0.0004450378282153983,0.006162695152013147,30.0,30.0,0.0,/group/ctbrowngrp5/sourmash-db.new/gtdb-rs226/gtdb-rs226-k51.dna.rocksdb,GCA_900553225.1 uncultured Clostridium sp.,acb940ccac33cbd5887bec338e90277a,0.0072992700729927005,10000,137,14420000,outputs.mapping/bams.cds.rand/ERR3211929.x.s__Bariatricus sp004560705.fastq.gz,ERR3211929.x.s__Bariatricus sp004560705,5ed9a646,22470000,51,DNA,10000,2247,True,0.8595720643424913,0.908036943774764,0.8838045040586276,0.908036943774764,True,30,2991,4868,d__Bacteria;p__Bacillota;c__Clostridia;o__TANB77;f__CAG-508;g__CAG-492;s__CAG-492 sp900553225
10000,0.0004450378282153983,0.003278688524590164,0.0004450378282153983,0.0004108463434675431,2.0,2.0,0.0,/group/ctbrowngrp5/sourmash-db.new/gtdb-rs226/gtdb-rs226-k51.dna.rocksdb,GCA_934876475.1 Clostridiales bacterium KLE1615,30e4bca9ff9ba082642f064b7d6c948e,0.003278688524590164,10000,138,14410000,outputs.mapping/bams.cds.rand/ERR3211929.x.s__Bariatricus sp004560705.fastq.gz,ERR3211929.x.s__Bariatricus sp004560705,5ed9a646,22470000,51,DNA,10000,2247,True,0.8595720643424913,0.8938985616055892,0.8767353129740403,0.8938985616055892,True,2,2993,4868,d__Bacteria;p__Bacillota;c__Clostridia;o__Lachnospirales;f__Lachnospiraceae;g__Anthropogastromicrobium;s__Anthropogastromicrobium aceti
10000,0.0004450378282153983,0.003968253968253968,0.0004450378282153983,0.00020542317173377156,1.0,1.0,0.0,/group/ctbrowngrp5/sourmash-db.new/gtdb-rs226/gtdb-rs226-k51.dna.rocksdb,GCF_025595025.1 Turicibacter sp. H121,9c3fcbd0b50e60b4dc8bc0100b9d8897,0.003968253968253968,10000,139,14400000,outputs.mapping/bams.cds.rand/ERR3211929.x.s__Bariatricus sp004560705.fastq.gz,ERR3211929.x.s__Bariatricus sp004560705,5ed9a646,22470000,51,DNA,10000,2247,True,0.8595720643424913,0.8972505121216641,0.8784112882320777,0.8972505121216641,True,1,2994,4868,d__Bacteria;p__Bacillota;c__Bacilli;o__MOL361;f__Turicibacteraceae;g__Turicibacter;s__Turicibacter bilis
10000,0.0004450378282153983,0.0035335689045936395,0.0004450378282153983,0.00020542317173377156,1.0,1.0,0.0,/group/ctbrowngrp5/sourmash-db.new/gtdb-rs226/gtdb-rs226-k51.dna.rocksdb,GCA_029008875.1 Lachnospiraceae bacterium,025225a51598f0553c15472e72087e0c,0.0035335689045936395,10000,140,14390000,outputs.mapping/bams.cds.rand/ERR3211929.x.s__Bariatricus sp004560705.fastq.gz,ERR3211929.x.s__Bariatricus sp004560705,5ed9a646,22470000,51,DNA,10000,2247,True,0.8595720643424913,0.8952117135678687,0.8773918889551799,0.8952117135678687,True,1,2995,4868,d__Bacteria;p__Bacillota;c__Clostridia;o__Lachnospirales;f__Lachnospiraceae;g__Agathobacter;s__Agathobacter sp029008875
10000,0.0004450378282153983,0.003389830508474576,0.0004450378282153983,0.00020542317173377156,1.0,1.0,0.0,/group/ctbrowngrp5/sourmash-db.new/gtdb-rs226/gtdb-rs226-k51.dna.rocksdb,GCA_022721295.1 Prevotella sp.,d856161f27cfc7af5ceb7b986bf6c927,0.003389830508474576,10000,141,14380000,outputs.mapping/bams.cds.rand/ERR3211929.x.s__Bariatricus sp004560705.fastq.gz,ERR3211929.x.s__Bariatricus sp004560705,5ed9a646,22470000,51,DNA,10000,2247,True,0.8595720643424913,0.8944830541449889,0.8770275592437401,0.8944830541449889,True,1,2996,4868,d__Bacteria;p__Bacteroidota;c__Bacteroidia;o__Bacteroidales;f__Bacteroidaceae;g__Alloprevotella;s__Alloprevotella sp900540885
60000,0.0026702269692923898,0.0025906735751295338,0.0004450378282153983,0.00020542317173377156,1.0,1.0,0.0,/group/ctbrowngrp5/sourmash-db.new/gtdb-rs226/gtdb-rs226-k51.dna.rocksdb,GCF_014287635.1 Roseburia zhanii,e5d7e80cf6a3cbaa332274b1b372c3a7,0.015544041450777202,10000,142,14370000,outputs.mapping/bams.cds.rand/ERR3211929.x.s__Bariatricus sp004560705.fastq.gz,ERR3211929.x.s__Bariatricus sp004560705,5ed9a646,22470000,51,DNA,10000,2247,True,0.8903077633027002,0.9215957631946061,0.9059517632486531,0.9215957631946061,True,1,2997,4868,d__Bacteria;p__Bacillota;c__Clostridia;o__Lachnospirales;f__Lachnospiraceae;g__Roseburia_B;s__Roseburia_B zhanii
10000,0.0004450378282153983,0.003424657534246575,0.0004450378282153983,0.0004108463434675431,2.0,2.0,0.0,/group/ctbrowngrp5/sourmash-db.new/gtdb-rs226/gtdb-rs226-k51.dna.rocksdb,GCA_948500575.1 uncultured Lachnospiraceae bacterium,2b01961504ede0e8da691816b3b41c01,0.003424657534246575,10000,143,14360000,outputs.mapping/bams.cds.rand/ERR3211929.x.s__Bariatricus sp004560705.fastq.gz,ERR3211929.x.s__Bariatricus sp004560705,5ed9a646,22470000,51,DNA,10000,2247,True,0.8595720643424913,0.8946623467567137,0.8771172055496026,0.8946623467567137,True,2,2999,4868,d__Bacteria;p__Bacillota;c__Clostridia;o__Lachnospirales;f__Lachnospiraceae;g__Merdinaster;s__Merdinaster sp003979345
30000,0.0013351134846461949,0.003484320557491289,0.0004450378282153983,0.00020542317173377156,1.0,1.0,0.0,/group/ctbrowngrp5/sourmash-db.new/gtdb-rs226/gtdb-rs226-k51.dna.rocksdb,GCA_027684195.1 Lachnospiraceae bacterium AF22-4AC,a35074dd6ce4e08b4a97556ddbe73827,0.010452961672473868,10000,144,14350000,outputs.mapping/bams.cds.rand/ERR3211929.x.s__Bariatricus sp004560705.fastq.gz,ERR3211929.x.s__Bariatricus sp004560705,5ed9a646,22470000,51,DNA,10000,2247,True,0.8782893395261471,0.9144533516772876,0.8963713456017173,0.9144533516772876,True,1,3000,4868,d__Bacteria;p__Bacillota;c__Clostridia;o__Lachnospirales;f__Lachnospiraceae;g__Coprococcus;s__Coprococcus sp000154245
10000,0.0004450378282153983,0.010526315789473684,0.0004450378282153983,0.00020542317173377156,1.0,1.0,0.0,/group/ctbrowngrp5/sourmash-db.new/gtdb-rs226/gtdb-rs226-k51.dna.rocksdb,GCA_944350255.1 Candidatus Caccopulliclostridium gallistercoris,0a336fd0ee5111b1e16d0172dac309ec,0.010526315789473684,10000,145,14340000,outputs.mapping/bams.cds.rand/ERR3211929.x.s__Bariatricus sp004560705.fastq.gz,ERR3211929.x.s__Bariatricus sp004560705,5ed9a646,22470000,51,DNA,10000,2247,True,0.8595720643424913,0.9145787486024968,0.887075406472494,0.9145787486024968,True,1,3001,4868,d__Bacteria;p__Bacillota;c__Clostridia;o__Christensenellales;f__UBA1242;g__Caccopulliclostridium;s__Caccopulliclostridium gallistercoris
10000,0.0004450378282153983,0.00425531914893617,0.0004450378282153983,0.00020542317173377156,1.0,1.0,0.0,/group/ctbrowngrp5/sourmash-db.new/gtdb-rs226/gtdb-rs226-k51.dna.rocksdb,GCA_036727705.1 Clostridia bacterium,3cb1267421ff18323380f47e00f88c55,0.00425531914893617,10000,146,14330000,outputs.mapping/bams.cds.rand/ERR3211929.x.s__Bariatricus sp004560705.fastq.gz,ERR3211929.x.s__Bariatricus sp004560705,5ed9a646,22470000,51,DNA,10000,2247,True,0.8595720643424913,0.8984801221677612,0.8790260932551263,0.8984801221677612,True,1,3002,4868,d__Bacteria;p__Bacillota;c__Clostridia;o__Christensenellales;f__CAG-138;g__RUG472;s__RUG472 sp900545265
10000,0.0004450378282153983,0.005681818181818182,0.0004450378282153983,0.00020542317173377156,1.0,1.0,0.0,/group/ctbrowngrp5/sourmash-db.new/gtdb-rs226/gtdb-rs226-k51.dna.rocksdb,GCF_900198655.1 Helicobacter equorum,118cc974791b3caf0fb84977e2878694,0.005681818181818182,10000,147,14320000,outputs.mapping/bams.cds.rand/ERR3211929.x.s__Bariatricus sp004560705.fastq.gz,ERR3211929.x.s__Bariatricus sp004560705,5ed9a646,22470000,51,DNA,10000,2247,True,0.8595720643424913,0.9035877610647627,0.881579912703627,0.9035877610647627,True,1,3003,4868,d__Bacteria;p__Campylobacterota;c__Campylobacteria;o__Campylobacterales;f__Helicobacteraceae;g__Helicobacter_F;s__Helicobacter_F equorum_A
60000,0.0026702269692923898,0.002506265664160401,0.0004450378282153983,0.0004108463434675431,2.0,2.0,0.0,/group/ctbrowngrp5/sourmash-db.new/gtdb-rs226/gtdb-rs226-k51.dna.rocksdb,GCF_028596655.1 Clostridioides difficile,0b7dbb5a129f218bd25402ebb2da55dd,0.015037593984962405,10000,148,14310000,outputs.mapping/bams.cds.rand/ERR3211929.x.s__Bariatricus sp004560705.fastq.gz,ERR3211929.x.s__Bariatricus sp004560705,5ed9a646,22470000,51,DNA,10000,2247,True,0.8903077633027002,0.920997389264983,0.9056525762838417,0.920997389264983,True,2,3005,4868,d__Bacteria;p__Bacillota;c__Clostridia;o__Peptostreptococcales;f__Peptostreptococcaceae;g__Clostridioides;s__Clostridioides difficile
10000,0.0004450378282153983,0.002932551319648094,0.0004450378282153983,0.00020542317173377156,1.0,1.0,0.0,/group/ctbrowngrp5/sourmash-db.new/gtdb-rs226/gtdb-rs226-k51.dna.rocksdb,GCA_944384045.1 Candidatus Eisenbergiella pullistercoris,8005b269f78a1230aefe368d3d996b09,0.002932551319648094,10000,149,14300000,outputs.mapping/bams.cds.rand/ERR3211929.x.s__Bariatricus sp004560705.fastq.gz,ERR3211929.x.s__Bariatricus sp004560705,5ed9a646,22470000,51,DNA,10000,2247,True,0.8595720643424913,0.8919451522429638,0.8757586082927276,0.8919451522429638,True,1,3006,4868,d__Bacteria;p__Bacillota;c__Clostridia;o__Lachnospirales;f__Lachnospiraceae;g__Eisenbergiella;s__Eisenbergiella pullistercoris
40000,0.0017801513128615932,0.0027472527472527475,0.0004450378282153983,0.0004108463434675431,2.0,2.0,0.0,/group/ctbrowngrp5/sourmash-db.new/gtdb-rs226/gtdb-rs226-k51.dna.rocksdb,GCF_003435375.1 Clostridium sp. AM34-11AC,dbc6837b95ffa97bbc27800d0a9cc61b,0.01098901098901099,10000,150,14290000,outputs.mapping/bams.cds.rand/ERR3211929.x.s__Bariatricus sp004560705.fastq.gz,ERR3211929.x.s__Bariatricus sp004560705,5ed9a646,22470000,51,DNA,10000,2247,True,0.8832576153592834,0.915350501215715,0.8993040582874992,0.915350501215715,True,2,3008,4868,d__Bacteria;p__Bacillota;c__Clostridia;o__Lachnospirales;f__Lachnospiraceae;g__Pilosibacter;s__Pilosibacter fragilis
10000,0.0004450378282153983,0.004081632653061225,0.0004450378282153983,0.00020542317173377156,1.0,1.0,0.0,/group/ctbrowngrp5/sourmash-db.new/gtdb-rs226/gtdb-rs226-k51.dna.rocksdb,GCA_018716295.1 Candidatus Avimuribaculum pullicola,2045fd52a7f7fbab5e4886534ad22d2f,0.004081632653061225,10000,151,14280000,outputs.mapping/bams.cds.rand/ERR3211929.x.s__Bariatricus sp004560705.fastq.gz,ERR3211929.x.s__Bariatricus sp004560705,5ed9a646,22470000,51,DNA,10000,2247,True,0.8595720643424913,0.897746263416111,0.8786591638793011,0.897746263416111,True,1,3009,4868,d__Bacteria;p__Bacteroidota;c__Bacteroidia;o__Bacteroidales;f__Muribaculaceae;g__Avimuribaculum;s__Avimuribaculum pullicola
10000,0.0004450378282153983,0.006535947712418301,0.0004450378282153983,0.0016433853738701725,8.0,8.0,0.0,/group/ctbrowngrp5/sourmash-db.new/gtdb-rs226/gtdb-rs226-k51.dna.rocksdb,GCA_028721105.1 bacterium,07affa8941d2a625424845a69dd9ec57,0.006535947712418301,10000,152,14270000,outputs.mapping/bams.cds.rand/ERR3211929.x.s__Bariatricus sp004560705.fastq.gz,ERR3211929.x.s__Bariatricus sp004560705,5ed9a646,22470000,51,DNA,10000,2247,True,0.8595720643424913,0.9060724242444924,0.8828222442934919,0.9060724242444924,True,8,3017,4868,d__Bacteria;p__Bacillota;c__Bacilli;o__RFN20;f__CAG-288;g__Enterosoma;s__Enterosoma sp022774485
30000,0.0013351134846461949,0.002967359050445104,0.0004450378282153983,0.00020542317173377156,1.0,1.0,0.0,/group/ctbrowngrp5/sourmash-db.new/gtdb-rs226/gtdb-rs226-k51.dna.rocksdb,GCF_019969405.1 Faecalibacterium prausnitzii,0aa153a2bc2371bb0b11b602ba8a5167,0.008902077151335312,10000,153,14260000,outputs.mapping/bams.cds.rand/ERR3211929.x.s__Bariatricus sp004560705.fastq.gz,ERR3211929.x.s__Bariatricus sp004560705,5ed9a646,22470000,51,DNA,10000,2247,True,0.8782893395261471,0.9115782366223087,0.8949337880742279,0.9115782366223087,True,1,3018,4868,d__Bacteria;p__Bacillota;c__Clostridia;o__Oscillospirales;f__Ruminococcaceae;g__Faecalibacterium;s__Faecalibacterium prausnitzii
10000,0.0004450378282153983,0.004166666666666667,0.0004450378282153983,0.00020542317173377156,1.0,1.0,0.0,/group/ctbrowngrp5/sourmash-db.new/gtdb-rs226/gtdb-rs226-k51.dna.rocksdb,GCA_958425555.1 uncultured Eubacteriales bacterium,d9bff76e672db8e059a4871dbf8feb1b,0.004166666666666667,10000,154,14250000,outputs.mapping/bams.cds.rand/ERR3211929.x.s__Bariatricus sp004560705.fastq.gz,ERR3211929.x.s__Bariatricus sp004560705,5ed9a646,22470000,51,DNA,10000,2247,True,0.8595720643424913,0.8981092953870639,0.8788406798647777,0.8981092953870639,True,1,3019,4868,d__Bacteria;p__Bacillota;c__Clostridia;o__Oscillospirales;f__Ruminococcaceae;g__Negativibacillus;s__Negativibacillus massiliensis
10000,0.0004450378282153983,0.007142857142857143,0.0004450378282153983,0.00020542317173377156,1.0,1.0,0.0,/group/ctbrowngrp5/sourmash-db.new/gtdb-rs226/gtdb-rs226-k51.dna.rocksdb,GCA_902474495.1 uncultured Azospirillum sp.,c303f578ed1091234f36a875780b397e,0.007142857142857143,10000,155,14240000,outputs.mapping/bams.cds.rand/ERR3211929.x.s__Bariatricus sp004560705.fastq.gz,ERR3211929.x.s__Bariatricus sp004560705,5ed9a646,22470000,51,DNA,10000,2247,True,0.8595720643424913,0.9076513503870351,0.8836117073647632,0.9076513503870351,True,1,3020,4868,d__Bacteria;p__Pseudomonadota;c__Alphaproteobacteria;o__RF32;f__CAG-239;g__JAFUYI01;s__JAFUYI01 sp900542055
10000,0.0004450378282153983,0.0040650406504065045,0.0004450378282153983,0.00020542317173377156,1.0,1.0,0.0,/group/ctbrowngrp5/sourmash-db.new/gtdb-rs226/gtdb-rs226-k51.dna.rocksdb,GCA_029010475.1 Prevotellaceae bacterium,48895793e2c4c8741b61966344b93910,0.0040650406504065045,10000,156,14230000,outputs.mapping/bams.cds.rand/ERR3211929.x.s__Bariatricus sp004560705.fastq.gz,ERR3211929.x.s__Bariatricus sp004560705,5ed9a646,22470000,51,DNA,10000,2247,True,0.8595720643424913,0.8976745640706776,0.8786233142065845,0.8976745640706776,True,1,3021,4868,d__Bacteria;p__Bacteroidota;c__Bacteroidia;o__Bacteroidales;f__Bacteroidaceae;g__Prevotella;s__Prevotella sp945637645
10000,0.0004450378282153983,0.0021413276231263384,0.0004450378282153983,0.0004108463434675431,2.0,2.0,0.0,/group/ctbrowngrp5/sourmash-db.new/gtdb-rs226/gtdb-rs226-k51.dna.rocksdb,GCA_948649165.1 uncultured Lachnospiraceae bacterium,611f643f4ad504f798f861b97fae2f08,0.0021413276231263384,10000,157,14220000,outputs.mapping/bams.cds.rand/ERR3211929.x.s__Bariatricus sp004560705.fastq.gz,ERR3211929.x.s__Bariatricus sp004560705,5ed9a646,22470000,51,DNA,10000,2247,True,0.8595720643424913,0.8864626733856426,0.873017368864067,0.8864626733856426,True,2,3023,4868,d__Bacteria;p__Bacillota;c__Clostridia;o__Lachnospirales;f__Lachnospiraceae;g__COE1;s__COE1 sp003513705
30000,0.0013351134846461949,0.003484320557491289,0.0004450378282153983,0.00020542317173377156,1.0,1.0,0.0,/group/ctbrowngrp5/sourmash-db.new/gtdb-rs226/gtdb-rs226-k51.dna.rocksdb,GCA_027683945.1 Faecalibacterium prausnitzii,669bd72ce39d51434ebbdb1f2fa01059,0.010452961672473868,10000,158,14210000,outputs.mapping/bams.cds.rand/ERR3211929.x.s__Bariatricus sp004560705.fastq.gz,ERR3211929.x.s__Bariatricus sp004560705,5ed9a646,22470000,51,DNA,10000,2247,True,0.8782893395261471,0.9144533516772876,0.8963713456017173,0.9144533516772876,True,1,3024,4868,d__Bacteria;p__Bacillota;c__Clostridia;o__Oscillospirales;f__Ruminococcaceae;g__Faecalibacterium;s__Faecalibacterium prausnitzii_E
70000,0.003115264797507788,0.0025974025974025974,0.0004450378282153983,0.00020542317173377156,1.0,1.0,0.0,/group/ctbrowngrp5/sourmash-db.new/gtdb-rs226/gtdb-rs226-k51.dna.rocksdb,GCF_039837555.1 Blautia wexlerae,10fe3de07974b79348bff1ab2eef3cf1,0.01818181818181818,10000,159,14200000,outputs.mapping/bams.cds.rand/ERR3211929.x.s__Bariatricus sp004560705.fastq.gz,ERR3211929.x.s__Bariatricus sp004560705,5ed9a646,22470000,51,DNA,10000,2247,True,0.8930028450019822,0.9244325765105641,0.9087177107562732,0.9244325765105641,False,1,3025,4868,d__Bacteria;p__Bacillota;c__Clostridia;o__Lachnospirales;f__Lachnospiraceae;g__Blautia_A;s__Blautia_A wexlerae
10000,0.0004450378282153983,0.004405286343612335,0.0004450378282153983,0.0008216926869350862,4.0,4.0,0.0,/group/ctbrowngrp5/sourmash-db.new/gtdb-rs226/gtdb-rs226-k51.dna.rocksdb,GCA_017473335.1 Erysipelotrichaceae bacterium,73c409e99273e52ad131a5dd0362937e,0.004405286343612335,10000,160,14190000,outputs.mapping/bams.cds.rand/ERR3211929.x.s__Bariatricus sp004560705.fastq.gz,ERR3211929.x.s__Bariatricus sp004560705,5ed9a646,22470000,51,DNA,10000,2247,True,0.8595720643424913,0.8990905118668127,0.879331288104652,0.8990905118668127,True,4,3029,4868,d__Bacteria;p__Bacillota;c__Bacilli;o__Erysipelotrichales;f__Erysipelotrichaceae;g__RGIG1896;s__RGIG1896 sp017473335
10000,0.0004450378282153983,0.004291845493562232,0.0004450378282153983,0.00020542317173377156,1.0,1.0,0.0,/group/ctbrowngrp5/sourmash-db.new/gtdb-rs226/gtdb-rs226-k51.dna.rocksdb,GCA_036297625.1 Ruminococcus sp.,5be62d6f3630e94bb3ef727296c4bd66,0.004291845493562232,10000,161,14180000,outputs.mapping/bams.cds.rand/ERR3211929.x.s__Bariatricus sp004560705.fastq.gz,ERR3211929.x.s__Bariatricus sp004560705,5ed9a646,22470000,51,DNA,10000,2247,True,0.8595720643424913,0.8986307105512661,0.8791013874468787,0.8986307105512661,True,1,3030,4868,d__Bacteria;p__Bacillota;c__Clostridia;o__Oscillospirales;f__Ruminococcaceae;g__Ruminococcus_C;s__Ruminococcus_C sp000433635
20000,0.0008900756564307966,0.0034129692832764505,0.0004450378282153983,0.0004108463434675431,2.0,2.0,0.0,/group/ctbrowngrp5/sourmash-db.new/gtdb-rs226/gtdb-rs226-k51.dna.rocksdb,GCA_017622575.1 Lachnospiraceae bacterium,ff2fe3839f314dda53d5ebe2455bfe37,0.006825938566552901,10000,162,14170000,outputs.mapping/bams.cds.rand/ERR3211929.x.s__Bariatricus sp004560705.fastq.gz,ERR3211929.x.s__Bariatricus sp004560705,5ed9a646,22470000,51,DNA,10000,2247,True,0.8713343627911191,0.906844024418685,0.889089193604902,0.906844024418685,True,2,3032,4868,d__Bacteria;p__Bacillota;c__Clostridia;o__Lachnospirales;f__Lachnospiraceae;g__Suilimivivens;s__Suilimivivens sp017622575
40000,0.0017801513128615932,0.0026455026455026454,0.0004450378282153983,0.00020542317173377156,1.0,1.0,0.0,/group/ctbrowngrp5/sourmash-db.new/gtdb-rs226/gtdb-rs226-k51.dna.rocksdb,GCA_003478775.1 Ruminococcus sp. AF21-3,fbbeb59569b9aa0a127fcb9963045dcb,0.010582010582010581,10000,163,14160000,outputs.mapping/bams.cds.rand/ERR3211929.x.s__Bariatricus sp004560705.fastq.gz,ERR3211929.x.s__Bariatricus sp004560705,5ed9a646,22470000,51,DNA,10000,2247,True,0.8832576153592834,0.9146733865236761,0.8989655009414798,0.9146733865236761,True,1,3033,4868,d__Bacteria;p__Bacillota;c__Clostridia;o__Lachnospirales;f__Lachnospiraceae;g__Blautia_A;s__Blautia_A sp003471165
10000,0.0004450378282153983,0.004132231404958678,0.0004450378282153983,0.00020542317173377156,1.0,1.0,0.0,/group/ctbrowngrp5/sourmash-db.new/gtdb-rs226/gtdb-rs226-k51.dna.rocksdb,GCA_016296635.1 Oscillospiraceae bacterium,6694219051a4c6c6f838cb2ab6309085,0.004132231404958678,10000,164,14150000,outputs.mapping/bams.cds.rand/ERR3211929.x.s__Bariatricus sp004560705.fastq.gz,ERR3211929.x.s__Bariatricus sp004560705,5ed9a646,22470000,51,DNA,10000,2247,True,0.8595720643424913,0.8979631654737237,0.8787676149081075,0.8979631654737237,True,1,3034,4868,d__Bacteria;p__Bacillota;c__Clostridia;o__Oscillospirales;f__Oscillospiraceae;g__CAG-170;s__CAG-170 sp016296635
10000,0.0004450378282153983,0.003952569169960474,0.0004450378282153983,0.0006162695152013147,3.0,3.0,0.0,/group/ctbrowngrp5/sourmash-db.new/gtdb-rs226/gtdb-rs226-k51.dna.rocksdb,GCA_034114025.1 Candidatus Cryptobacteroides sp.,e7a62e54ca1aa9669dc1ebcd3d0e3b86,0.003952569169960474,10000,165,14140000,outputs.mapping/bams.cds.rand/ERR3211929.x.s__Bariatricus sp004560705.fastq.gz,ERR3211929.x.s__Bariatricus sp004560705,5ed9a646,22470000,51,DNA,10000,2247,True,0.8595720643424913,0.8971808389049852,0.8783764516237382,0.8971808389049852,True,3,3037,4868,d__Bacteria;p__Bacteroidota;c__Bacteroidia;o__Bacteroidales;f__UBA932;g__Cryptobacteroides;s__Cryptobacteroides sp034089285
10000,0.0004450378282153983,0.005813953488372093,0.0004450378282153983,0.00020542317173377156,1.0,1.0,0.0,/group/ctbrowngrp5/sourmash-db.new/gtdb-rs226/gtdb-rs226-k51.dna.rocksdb,GCA_028720885.1 Erysipelotrichaceae bacterium,bcf97a3c7d47222a9f955c4b9467e818,0.005813953488372093,10000,166,14130000,outputs.mapping/bams.cds.rand/ERR3211929.x.s__Bariatricus sp004560705.fastq.gz,ERR3211929.x.s__Bariatricus sp004560705,5ed9a646,22470000,51,DNA,10000,2247,True,0.8595720643424913,0.903995167535116,0.8817836159388037,0.903995167535116,True,1,3038,4868,d__Bacteria;p__Bacillota;c__Bacilli;o__Erysipelotrichales;f__Erysipelotrichaceae;g__Bulleidia;s__Bulleidia sp900539965
70000,0.003115264797507788,0.0025,0.0004450378282153983,0.0004108463434675431,2.0,2.0,0.0,/group/ctbrowngrp5/sourmash-db.new/gtdb-rs226/gtdb-rs226-k51.dna.rocksdb,GCA_040096245.1 Waltera hominis,98b5d2c6e18d858c9a095e5d97135167,0.0175,10000,167,14120000,outputs.mapping/bams.cds.rand/ERR3211929.x.s__Bariatricus sp004560705.fastq.gz,ERR3211929.x.s__Bariatricus sp004560705,5ed9a646,22470000,51,DNA,10000,2247,True,0.8930028450019822,0.9237400334189334,0.9083714392104578,0.9237400334189334,False,2,3040,4868,d__Bacteria;p__Bacillota;c__Clostridia;o__Lachnospirales;f__Lachnospiraceae;g__Acetatifactor;s__Acetatifactor hominis
20000,0.0008900756564307966,0.0037313432835820895,0.0004450378282153983,0.00020542317173377156,1.0,1.0,0.0,/group/ctbrowngrp5/sourmash-db.new/gtdb-rs226/gtdb-rs226-k51.dna.rocksdb,GCA_945936115.1 uncultured Lachnospiraceae bacterium,8b8d5bc2935828c0e22d48f7a472f5ff,0.007462686567164179,10000,168,14110000,outputs.mapping/bams.cds.rand/ERR3211929.x.s__Bariatricus sp004560705.fastq.gz,ERR3211929.x.s__Bariatricus sp004560705,5ed9a646,22470000,51,DNA,10000,2247,True,0.8713343627911191,0.9084312442666432,0.8898828035288812,0.9084312442666432,True,1,3041,4868,d__Bacteria;p__Bacillota;c__Clostridia;o__Lachnospirales;f__Lachnospiraceae;g__UBA3282;s__UBA3282 sp022781395
10000,0.0004450378282153983,0.008771929824561403,0.0004450378282153983,0.0008216926869350862,4.0,4.0,0.0,/group/ctbrowngrp5/sourmash-db.new/gtdb-rs226/gtdb-rs226-k51.dna.rocksdb,GCA_022780765.1 Bacilli bacterium,9ce83249623a09edeafa0bcf6fab51a2,0.008771929824561403,10000,169,14100000,outputs.mapping/bams.cds.rand/ERR3211929.x.s__Bariatricus sp004560705.fastq.gz,ERR3211929.x.s__Bariatricus sp004560705,5ed9a646,22470000,51,DNA,10000,2247,True,0.8595720643424913,0.911315028588222,0.8854435464653567,0.911315028588222,True,4,3045,4868,d__Bacteria;p__Bacillota;c__Bacilli;o__RFN20;f__CAG-288;g__Enterosoma;s__Enterosoma sp022780765
20000,0.0008900756564307966,0.00267379679144385,0.0004450378282153983,0.00020542317173377156,1.0,1.0,0.0,/group/ctbrowngrp5/sourmash-db.new/gtdb-rs226/gtdb-rs226-k51.dna.rocksdb,GCA_022788085.1 Lachnospiraceae bacterium,2d7df70a6e39a6d3d0410a7ec8b6ceba,0.0053475935828877,10000,170,14090000,outputs.mapping/bams.cds.rand/ERR3211929.x.s__Bariatricus sp004560705.fastq.gz,ERR3211929.x.s__Bariatricus sp004560705,5ed9a646,22470000,51,DNA,10000,2247,True,0.8713343627911191,0.9025142881157426,0.8869243254534309,0.9025142881157426,True,1,3046,4868,d__Bacteria;p__Bacillota;c__Clostridia;o__Lachnospirales;f__Lachnospiraceae;g__COE1;s__COE1 sp022788085
20000,0.0008900756564307966,0.005988023952095809,0.0004450378282153983,0.0004108463434675431,2.0,2.0,0.0,/group/ctbrowngrp5/sourmash-db.new/gtdb-rs226/gtdb-rs226-k51.dna.rocksdb,GCA_022774755.1 bacterium,32dadab5a35a86f575c5c08017f9c379,0.011976047904191617,10000,171,14080000,outputs.mapping/bams.cds.rand/ERR3211929.x.s__Bariatricus sp004560705.fastq.gz,ERR3211929.x.s__Bariatricus sp004560705,5ed9a646,22470000,51,DNA,10000,2247,True,0.8713343627911191,0.9168955670398317,0.8941149649154754,0.9168955670398317,True,2,3048,4868,d__Bacteria;p__Bacillota;c__Clostridia;o__Oscillospirales;f__Acutalibacteraceae;g__Ruminococcoides;s__Ruminococcoides sp004560275
10000,0.0004450378282153983,0.0047169811320754715,0.0004450378282153983,0.00020542317173377156,1.0,1.0,0.0,/group/ctbrowngrp5/sourmash-db.new/gtdb-rs226/gtdb-rs226-k51.dna.rocksdb,GCA_017436575.1 Oscillospiraceae bacterium,ea675ee098406bd91b4416f043852ccf,0.0047169811320754715,10000,172,14070000,outputs.mapping/bams.cds.rand/ERR3211929.x.s__Bariatricus sp004560705.fastq.gz,ERR3211929.x.s__Bariatricus sp004560705,5ed9a646,22470000,51,DNA,10000,2247,True,0.8595720643424913,0.9002965198455473,0.8799342920940193,0.9002965198455473,True,1,3049,4868,d__Bacteria;p__Bacillota;c__Clostridia;o__Oscillospirales;f__Ruminococcaceae;g__RGIG3102;s__RGIG3102 sp017436575
10000,0.0004450378282153983,0.00510204081632653,0.0004450378282153983,0.00020542317173377156,1.0,1.0,0.0,/group/ctbrowngrp5/sourmash-db.new/gtdb-rs226/gtdb-rs226-k51.dna.rocksdb,GCA_944386045.1 uncultured Clostridia bacterium,ed2ed44836dbb4180a4a3128d06e8a36,0.00510204081632653,10000,173,14060000,outputs.mapping/bams.cds.rand/ERR3211929.x.s__Bariatricus sp004560705.fastq.gz,ERR3211929.x.s__Bariatricus sp004560705,5ed9a646,22470000,51,DNA,10000,2247,True,0.8595720643424913,0.9016828355623467,0.880627449952419,0.9016828355623467,True,1,3050,4868,d__Bacteria;p__Bacillota;c__Clostridia;o__Oscillospirales;f__Ruminococcaceae;g__RGIG3102;s__RGIG3102 sp944386045
10000,0.0004450378282153983,0.003436426116838488,0.0004450378282153983,0.0006162695152013147,3.0,3.0,0.0,/group/ctbrowngrp5/sourmash-db.new/gtdb-rs226/gtdb-rs226-k51.dna.rocksdb,GCA_930990755.1 uncultured Clostridia bacterium,36258721f02f9658b18a3d7ef95192f8,0.003436426116838488,10000,174,14050000,outputs.mapping/bams.cds.rand/ERR3211929.x.s__Bariatricus sp004560705.fastq.gz,ERR3211929.x.s__Bariatricus sp004560705,5ed9a646,22470000,51,DNA,10000,2247,True,0.8595720643424913,0.8947225285960692,0.8771472964692802,0.8947225285960692,True,3,3053,4868,d__Bacteria;p__Bacillota;c__Clostridia;o__Oscillospirales;f__Acutalibacteraceae;g__Avimonas;s__Avimonas caecicola
10000,0.0004450378282153983,0.005076142131979695,0.0004450378282153983,0.00020542317173377156,1.0,1.0,0.0,/group/ctbrowngrp5/sourmash-db.new/gtdb-rs226/gtdb-rs226-k51.dna.rocksdb,GCA_945833935.1 uncultured bacterium,aedcd3828044476405fe1ee1f6c72f91,0.005076142131979695,10000,175,14040000,outputs.mapping/bams.cds.rand/ERR3211929.x.s__Bariatricus sp004560705.fastq.gz,ERR3211929.x.s__Bariatricus sp004560705,5ed9a646,22470000,51,DNA,10000,2247,True,0.8595720643424913,0.9015928650194664,0.8805824646809789,0.9015928650194664,True,1,3054,4868,d__Bacteria;p__Bacteroidota;c__Bacteroidia;o__Bacteroidales;f__Paludibacteraceae;g__UBA4363;s__UBA4363 sp017937025
10000,0.0004450378282153983,0.005434782608695652,0.0004450378282153983,0.00020542317173377156,1.0,1.0,0.0,/group/ctbrowngrp5/sourmash-db.new/gtdb-rs226/gtdb-rs226-k51.dna.rocksdb,GCA_016303285.1 Sphaerochaetaceae bacterium,5cde783fad2fe05e12df199c61ebffe0,0.005434782608695652,10000,176,14030000,outputs.mapping/bams.cds.rand/ERR3211929.x.s__Bariatricus sp004560705.fastq.gz,ERR3211929.x.s__Bariatricus sp004560705,5ed9a646,22470000,51,DNA,10000,2247,True,0.8595720643424913,0.9028005342164377,0.8811862992794646,0.9028005342164377,True,1,3055,4868,d__Bacteria;p__Spirochaetota;c__Spirochaetia;o__Sphaerochaetales;f__Sphaerochaetaceae;g__Ornithospirochaeta;s__Ornithospirochaeta sp016302165
10000,0.0004450378282153983,0.004784688995215311,0.0004450378282153983,0.00020542317173377156,1.0,1.0,0.0,/group/ctbrowngrp5/sourmash-db.new/gtdb-rs226/gtdb-rs226-k51.dna.rocksdb,GCA_905187985.1 uncultured Firmicutes bacterium,bc5f99b59a70672832106435031977e9,0.004784688995215311,10000,177,14020000,outputs.mapping/bams.cds.rand/ERR3211929.x.s__Bariatricus sp004560705.fastq.gz,ERR3211929.x.s__Bariatricus sp004560705,5ed9a646,22470000,51,DNA,10000,2247,True,0.8595720643424913,0.9005481441482567,0.880060104245374,0.9005481441482567,True,1,3056,4868,d__Bacteria;p__Bacillota;c__Clostridia;o__Oscillospirales;f__Oscillospiraceae;g__CAG-103;s__CAG-103 sp000432375
70000,0.003115264797507788,0.0028735632183908046,0.0004450378282153983,0.0016433853738701725,8.0,8.0,0.0,/group/ctbrowngrp5/sourmash-db.new/gtdb-rs226/gtdb-rs226-k51.dna.rocksdb,GCA_041329135.1 Roseburia faecis,9fc8e9f48449b695b4c09991ffd20741,0.020114942528735632,10000,178,14010000,outputs.mapping/bams.cds.rand/ERR3211929.x.s__Bariatricus sp004560705.fastq.gz,ERR3211929.x.s__Bariatricus sp004560705,5ed9a646,22470000,51,DNA,10000,2247,True,0.8930028450019822,0.9262658715249827,0.9096343582634825,0.9262658715249827,False,8,3064,4868,d__Bacteria;p__Bacillota;c__Clostridia;o__Lachnospirales;f__Lachnospiraceae;g__Agathobacter;s__Agathobacter faecis
30000,0.0013351134846461949,0.004132231404958678,0.0004450378282153983,0.0004108463434675431,2.0,2.0,0.0,/group/ctbrowngrp5/sourmash-db.new/gtdb-rs226/gtdb-rs226-k51.dna.rocksdb,GCA_948471145.1 uncultured Butyrivibrio sp.,66cc190b3b19429b023b9c51943380b2,0.012396694214876033,10000,179,14000000,outputs.mapping/bams.cds.rand/ERR3211929.x.s__Bariatricus sp004560705.fastq.gz,ERR3211929.x.s__Bariatricus sp004560705,5ed9a646,22470000,51,DNA,10000,2247,True,0.8782893395261471,0.9175164110597289,0.897902875292938,0.9175164110597289,True,2,3066,4868,d__Bacteria;p__Bacillota;c__Clostridia;o__Lachnospirales;f__Lachnospiraceae;g__Butyrivibrio_A;s__Butyrivibrio_A sp000431815
50000,0.0022251891410769915,0.0036101083032490976,0.0004450378282153983,0.00020542317173377156,1.0,1.0,0.0,/group/ctbrowngrp5/sourmash-db.new/gtdb-rs226/gtdb-rs226-k51.dna.rocksdb,GCF_027671265.1 [Ruminococcus] lactaris,0a3980d135633197a9c2b66f07c34063,0.018050541516245487,10000,180,13990000,outputs.mapping/bams.cds.rand/ERR3211929.x.s__Bariatricus sp004560705.fastq.gz,ERR3211929.x.s__Bariatricus sp004560705,5ed9a646,22470000,51,DNA,10000,2247,True,0.887130655513573,0.9243012365063217,0.9057159460099473,0.9243012365063217,True,1,3067,4868,d__Bacteria;p__Bacillota;c__Clostridia;o__Lachnospirales;f__Lachnospiraceae;g__Mediterraneibacter;s__Mediterraneibacter lactaris
60000,0.0026702269692923898,0.0029585798816568047,0.0004450378282153983,0.00020542317173377156,1.0,1.0,0.0,/group/ctbrowngrp5/sourmash-db.new/gtdb-rs226/gtdb-rs226-k51.dna.rocksdb,GCA_032620915.1 Oscillospiraceae bacterium NTUH-002-81,3db6e59291feaaa403527319d329a43d,0.01775147928994083,10000,181,13980000,outputs.mapping/bams.cds.rand/ERR3211929.x.s__Bariatricus sp004560705.fastq.gz,ERR3211929.x.s__Bariatricus sp004560705,5ed9a646,22470000,51,DNA,10000,2247,True,0.8903077633027002,0.9239984989198843,0.9071531311112923,0.9239984989198843,True,1,3068,4868,d__Bacteria;p__Bacillota;c__Clostridia;o__Lachnospirales;f__Lachnospiraceae;g__JAGTTR01;s__JAGTTR01 sp018223385
40000,0.0017801513128615932,0.003289473684210526,0.0004450378282153983,0.00020542317173377156,1.0,1.0,0.0,/group/ctbrowngrp5/sourmash-db.new/gtdb-rs226/gtdb-rs226-k51.dna.rocksdb,GCA_963636115.1 bacterium,3e334e77d7272e371f4d529250177c9d,0.013157894736842105,10000,182,13970000,outputs.mapping/bams.cds.rand/ERR3211929.x.s__Bariatricus sp004560705.fastq.gz,ERR3211929.x.s__Bariatricus sp004560705,5ed9a646,22470000,51,DNA,10000,2247,True,0.8832576153592834,0.9185891303484345,0.9009233728538589,0.9185891303484345,True,1,3069,4868,d__Bacteria;p__Bacillota;c__Clostridia;o__Lachnospirales;f__Lachnospiraceae;g__Roseburia_C;s__Roseburia_C amylophila
10000,0.0004450378282153983,0.004629629629629629,0.0004450378282153983,0.00020542317173377156,1.0,1.0,0.0,/group/ctbrowngrp5/sourmash-db.new/gtdb-rs226/gtdb-rs226-k51.dna.rocksdb,GCA_022743445.1 Dialister sp.,4907b07711cc456baba715c8cb387c05,0.004629629629629629,10000,183,13960000,outputs.mapping/bams.cds.rand/ERR3211929.x.s__Bariatricus sp004560705.fastq.gz,ERR3211929.x.s__Bariatricus sp004560705,5ed9a646,22470000,51,DNA,10000,2247,True,0.8595720643424913,0.8999666104581765,0.8797693374003339,0.8999666104581765,True,1,3070,4868,d__Bacteria;p__Bacillota;c__Negativicutes;o__Veillonellales;f__Dialisteraceae;g__Dialister;s__Dialister sp022722495
50000,0.0022251891410769915,0.0031545741324921135,0.0004450378282153983,0.00020542317173377156,1.0,1.0,0.0,/group/ctbrowngrp5/sourmash-db.new/gtdb-rs226/gtdb-rs226-k51.dna.rocksdb,GCA_041329295.1 Eubacterium sp.,185e7c9f55e922a6f3651a887b4fe64d,0.015772870662460567,10000,184,13950000,outputs.mapping/bams.cds.rand/ERR3211929.x.s__Bariatricus sp004560705.fastq.gz,ERR3211929.x.s__Bariatricus sp004560705,5ed9a646,22470000,51,DNA,10000,2247,True,0.887130655513573,0.9218598840981304,0.9044952698058517,0.9218598840981304,True,1,3071,4868,d__Bacteria;p__Bacillota;c__Clostridia;o__Lachnospirales;f__Lachnospiraceae;g__Eubacterium_F;s__Eubacterium_F sp003491505
60000,0.0026702269692923898,0.003424657534246575,0.0004450378282153983,0.00020542317173377156,1.0,1.0,0.0,/group/ctbrowngrp5/sourmash-db.new/gtdb-rs226/gtdb-rs226-k51.dna.rocksdb,GCA_902786155.1 uncultured Lachnospiraceae bacterium,fed25767c028f7a04849310030a905dc,0.02054794520547945,10000,185,13940000,outputs.mapping/bams.cds.rand/ERR3211929.x.s__Bariatricus sp004560705.fastq.gz,ERR3211929.x.s__Bariatricus sp004560705,5ed9a646,22470000,51,DNA,10000,2247,True,0.8903077633027002,0.9266527681555087,0.9084802657291045,0.9266527681555087,True,1,3072,4868,d__Bacteria;p__Bacillota;c__Clostridia;o__Lachnospirales;f__Lachnospiraceae;g__Agathobacter;s__Agathobacter sp900317585
20000,0.0008900756564307966,0.006944444444444444,0.0004450378282153983,0.00020542317173377156,1.0,1.0,0.0,/group/ctbrowngrp5/sourmash-db.new/gtdb-rs226/gtdb-rs226-k51.dna.rocksdb,GCA_945788595.1 uncultured Lachnospiraceae bacterium,adfe17a2ed2c194797a895988f81486f,0.013888888888888888,10000,186,13930000,outputs.mapping/bams.cds.rand/ERR3211929.x.s__Bariatricus sp004560705.fastq.gz,ERR3211929.x.s__Bariatricus sp004560705,5ed9a646,22470000,51,DNA,10000,2247,True,0.8713343627911191,0.9195634812766026,0.8954489220338608,0.9195634812766026,True,1,3073,4868,d__Bacteria;p__Bacillota;c__Clostridia;o__Lachnospirales;f__Lachnospiraceae;g__UBA11957;s__UBA11957 sp945788595
10000,0.0004450378282153983,0.004098360655737705,0.0004450378282153983,0.00020542317173377156,1.0,1.0,0.0,/group/ctbrowngrp5/sourmash-db.new/gtdb-rs226/gtdb-rs226-k51.dna.rocksdb,GCA_030539975.1 Eubacteriales bacterium,79e8ffd37a18bbdae0b0e5ad53da3d67,0.004098360655737705,10000,187,13920000,outputs.mapping/bams.cds.rand/ERR3211929.x.s__Bariatricus sp004560705.fastq.gz,ERR3211929.x.s__Bariatricus sp004560705,5ed9a646,22470000,51,DNA,10000,2247,True,0.8595720643424913,0.8978182617731918,0.8786951630578416,0.8978182617731918,True,1,3074,4868,d__Bacteria;p__Bacillota;c__Clostridia;o__Oscillospirales;f__Butyricicoccaceae;g__Butyricicoccus_A;s__Butyricicoccus_A intestinisimiae
10000,0.0004450378282153983,0.003663003663003663,0.0004450378282153983,0.0006162695152013147,3.0,3.0,0.0,/group/ctbrowngrp5/sourmash-db.new/gtdb-rs226/gtdb-rs226-k51.dna.rocksdb,GCA_028693195.1 Lachnospira sp.,a6c5b08cb5fe21dd852ae6c666d801f3,0.003663003663003663,10000,188,13910000,outputs.mapping/bams.cds.rand/ERR3211929.x.s__Bariatricus sp004560705.fastq.gz,ERR3211929.x.s__Bariatricus sp004560705,5ed9a646,22470000,51,DNA,10000,2247,True,0.8595720643424913,0.8958434134603346,0.877707738901413,0.8958434134603346,True,3,3077,4868,d__Bacteria;p__Bacillota;c__Clostridia;o__Lachnospirales;f__Lachnospiraceae;g__Lachnospira;s__Lachnospira sp028693195
30000,0.0013351134846461949,0.0035460992907801418,0.0004450378282153983,0.0006162695152013147,3.0,3.0,0.0,/group/ctbrowngrp5/sourmash-db.new/gtdb-rs226/gtdb-rs226-k51.dna.rocksdb,GCA_963656025.1 uncultured Eubacteriales bacterium,52a5d5d77f21c29a52347102bdcaa344,0.010638297872340425,10000,189,13900000,outputs.mapping/bams.cds.rand/ERR3211929.x.s__Bariatricus sp004560705.fastq.gz,ERR3211929.x.s__Bariatricus sp004560705,5ed9a646,22470000,51,DNA,10000,2247,True,0.8782893395261471,0.9147685363760626,0.8965289379511048,0.9147685363760626,True,3,3080,4868,d__Bacteria;p__Bacteroidota;c__Bacteroidia;o__Bacteroidales;f__Paludibacteraceae;g__Colicola;s__Colicola sp963635385
10000,0.0004450378282153983,0.003861003861003861,0.0004450378282153983,0.00020542317173377156,1.0,1.0,0.0,/group/ctbrowngrp5/sourmash-db.new/gtdb-rs226/gtdb-rs226-k51.dna.rocksdb,GCA_902468835.1 uncultured Dorea sp.,ef002b4a6e2ad53973c889a955ba6b4a,0.003861003861003861,10000,190,13890000,outputs.mapping/bams.cds.rand/ERR3211929.x.s__Bariatricus sp004560705.fastq.gz,ERR3211929.x.s__Bariatricus sp004560705,5ed9a646,22470000,51,DNA,10000,2247,True,0.8595720643424913,0.8967686073925827,0.878170335867537,0.8967686073925827,True,1,3081,4868,d__Bacteria;p__Bacillota;c__Clostridia;o__Lachnospirales;f__Lachnospiraceae;g__Dorea_D;s__Dorea_D sp900543415
10000,0.0004450378282153983,0.004901960784313725,0.0004450378282153983,0.00020542317173377156,1.0,1.0,0.0,/group/ctbrowngrp5/sourmash-db.new/gtdb-rs226/gtdb-rs226-k51.dna.rocksdb,GCA_945879155.1 uncultured Erysipelotrichaceae bacterium,23812d44742126b342c9fe1d7155401c,0.004901960784313725,10000,191,13880000,outputs.mapping/bams.cds.rand/ERR3211929.x.s__Bariatricus sp004560705.fastq.gz,ERR3211929.x.s__Bariatricus sp004560705,5ed9a646,22470000,51,DNA,10000,2247,True,0.8595720643424913,0.9009758163577729,0.8802739403501321,0.9009758163577729,True,1,3082,4868,d__Bacteria;p__Bacillota;c__Bacilli;o__Erysipelotrichales;f__Erysipelotrichaceae;g__Bulleidia;s__Bulleidia sp016293365
10000,0.0004450378282153983,0.00558659217877095,0.0004450378282153983,0.00020542317173377156,1.0,1.0,0.0,/group/ctbrowngrp5/sourmash-db.new/gtdb-rs226/gtdb-rs226-k51.dna.rocksdb,GCA_945966155.1 uncultured Bacteroidales bacterium,a0cca3163520c1ee58c1461acf3e6fe5,0.00558659217877095,10000,192,13870000,outputs.mapping/bams.cds.rand/ERR3211929.x.s__Bariatricus sp004560705.fastq.gz,ERR3211929.x.s__Bariatricus sp004560705,5ed9a646,22470000,51,DNA,10000,2247,True,0.8595720643424913,0.9032883544180165,0.881430209380254,0.9032883544180165,True,1,3083,4868,d__Bacteria;p__Bacteroidota;c__Bacteroidia;o__Bacteroidales;f__UBA3663;g__Liminaster;s__Liminaster sp016293065
10000,0.0004450378282153983,0.004291845493562232,0.0004450378282153983,0.0004108463434675431,2.0,2.0,0.0,/group/ctbrowngrp5/sourmash-db.new/gtdb-rs226/gtdb-rs226-k51.dna.rocksdb,GCA_004553105.1 Veillonellaceae bacterium,b54cd689867d4647f44b5f27ddf17060,0.004291845493562232,10000,193,13860000,outputs.mapping/bams.cds.rand/ERR3211929.x.s__Bariatricus sp004560705.fastq.gz,ERR3211929.x.s__Bariatricus sp004560705,5ed9a646,22470000,51,DNA,10000,2247,True,0.8595720643424913,0.8986307105512661,0.8791013874468787,0.8986307105512661,True,2,3085,4868,d__Bacteria;p__Bacillota;c__Negativicutes;o__Selenomonadales;f__Selenomonadaceae;g__Anaerovibrio;s__Anaerovibrio slackiae
60000,0.0026702269692923898,0.0029585798816568047,0.0004450378282153983,0.0006162695152013147,3.0,3.0,0.0,/group/ctbrowngrp5/sourmash-db.new/gtdb-rs226/gtdb-rs226-k51.dna.rocksdb,GCA_027664085.1 Lachnospiraceae bacterium AF98-36,9fd54babcc3fa7b9c4f49a3db350b453,0.01775147928994083,10000,194,13850000,outputs.mapping/bams.cds.rand/ERR3211929.x.s__Bariatricus sp004560705.fastq.gz,ERR3211929.x.s__Bariatricus sp004560705,5ed9a646,22470000,51,DNA,10000,2247,True,0.8903077633027002,0.9239984989198843,0.9071531311112923,0.9239984989198843,True,3,3088,4868,d__Bacteria;p__Bacillota;c__Clostridia;o__Lachnospirales;f__Lachnospiraceae;g__Blautia_A;s__Blautia_A sp900120195
20000,0.0008900756564307966,0.005128205128205128,0.0004450378282153983,0.00020542317173377156,1.0,1.0,0.0,/group/ctbrowngrp5/sourmash-db.new/gtdb-rs226/gtdb-rs226-k51.dna.rocksdb,GCA_958405305.1 uncultured Eubacteriales bacterium,e90673a7e764cd458210093d51337d82,0.010256410256410256,10000,195,13840000,outputs.mapping/bams.cds.rand/ERR3211929.x.s__Bariatricus sp004560705.fastq.gz,ERR3211929.x.s__Bariatricus sp004560705,5ed9a646,22470000,51,DNA,10000,2247,True,0.8713343627911191,0.9141130509755474,0.8927237068833332,0.9141130509755474,True,1,3089,4868,d__Bacteria;p__Bacillota;c__Clostridia;o__Christensenellales;f__CAG-138;g__PeH17;s__PeH17 sp000435055
10000,0.0004450378282153983,0.002967359050445104,0.0004450378282153983,0.00020542317173377156,1.0,1.0,0.0,/group/ctbrowngrp5/sourmash-db.new/gtdb-rs226/gtdb-rs226-k51.dna.rocksdb,GCA_041223735.1 Oscillospiraceae bacterium 44-5,18d1e2965f7744eb4951174acecb4b3f,0.002967359050445104,10000,196,13830000,outputs.mapping/bams.cds.rand/ERR3211929.x.s__Bariatricus sp004560705.fastq.gz,ERR3211929.x.s__Bariatricus sp004560705,5ed9a646,22470000,51,DNA,10000,2247,True,0.8595720643424913,0.8921515398170204,0.875861802079756,0.8921515398170204,True,1,3090,4868,d__Bacteria;p__Bacillota;c__Clostridia;o__Oscillospirales;f__Oscillospiraceae;g__Lawsonibacter;s__Lawsonibacter sp910584605
10000,0.0004450378282153983,0.0036496350364963502,0.0004450378282153983,0.00020542317173377156,1.0,1.0,0.0,/group/ctbrowngrp5/sourmash-db.new/gtdb-rs226/gtdb-rs226-k51.dna.rocksdb,GCA_934338785.1 uncultured Lachnospiraceae bacterium,e285fd4c8cd598af97729d808a8e1c0e,0.0036496350364963502,10000,197,13820000,outputs.mapping/bams.cds.rand/ERR3211929.x.s__Bariatricus sp004560705.fastq.gz,ERR3211929.x.s__Bariatricus sp004560705,5ed9a646,22470000,51,DNA,10000,2247,True,0.8595720643424913,0.895779190619195,0.8776756274808432,0.895779190619195,True,1,3091,4868,d__Bacteria;p__Bacillota;c__Clostridia;o__Lachnospirales;f__Lachnospiraceae;g__Butyribacter;s__Butyribacter sp934320895
30000,0.0013351134846461949,0.003952569169960474,0.0004450378282153983,0.00020542317173377156,1.0,1.0,0.0,/group/ctbrowngrp5/sourmash-db.new/gtdb-rs226/gtdb-rs226-k51.dna.rocksdb,GCA_959599145.1 uncultured Eubacteriales bacterium,e0b19a649a9a2a3931c201880958930e,0.011857707509881422,10000,198,13810000,outputs.mapping/bams.cds.rand/ERR3211929.x.s__Bariatricus sp004560705.fastq.gz,ERR3211929.x.s__Bariatricus sp004560705,5ed9a646,22470000,51,DNA,10000,2247,True,0.8782893395261471,0.9167170492448745,0.8975031943855107,0.9167170492448745,True,1,3092,4868,d__Bacteria;p__Bacillota;c__Clostridia;o__Lachnospirales;f__Lachnospiraceae;g__UBA3402;s__UBA3402 sp003478355
10000,0.0004450378282153983,0.004166666666666667,0.0004450378282153983,0.00020542317173377156,1.0,1.0,0.0,/group/ctbrowngrp5/sourmash-db.new/gtdb-rs226/gtdb-rs226-k51.dna.rocksdb,GCA_034099845.1 Faecousia sp.,5f934a406218ceb63e362d93f2fbd61c,0.004166666666666667,10000,199,13800000,outputs.mapping/bams.cds.rand/ERR3211929.x.s__Bariatricus sp004560705.fastq.gz,ERR3211929.x.s__Bariatricus sp004560705,5ed9a646,22470000,51,DNA,10000,2247,True,0.8595720643424913,0.8981092953870639,0.8788406798647777,0.8981092953870639,True,1,3093,4868,d__Bacteria;p__Bacillota;c__Clostridia;o__Oscillospirales;f__Oscillospiraceae;g__Faecousia;s__Faecousia sp034099845
10000,0.0004450378282153983,0.004761904761904762,0.0004450378282153983,0.00020542317173377156,1.0,1.0,0.0,/group/ctbrowngrp5/sourmash-db.new/gtdb-rs226/gtdb-rs226-k51.dna.rocksdb,GCA_934489945.1 uncultured Eubacteriales bacterium,f209c80986058b6f01e95026441ba71f,0.004761904761904762,10000,200,13790000,outputs.mapping/bams.cds.rand/ERR3211929.x.s__Bariatricus sp004560705.fastq.gz,ERR3211929.x.s__Bariatricus sp004560705,5ed9a646,22470000,51,DNA,10000,2247,True,0.8595720643424913,0.900463862458667,0.8800179634005791,0.900463862458667,True,1,3094,4868,d__Bacteria;p__Bacillota;c__Clostridia;o__Oscillospirales;f__CAG-272;g__RGIG8775;s__RGIG8775 sp934489945
10000,0.0004450378282153983,0.0033112582781456954,0.0004450378282153983,0.00020542317173377156,1.0,1.0,0.0,/group/ctbrowngrp5/sourmash-db.new/gtdb-rs226/gtdb-rs226-k51.dna.rocksdb,GCF_945948365.1 Subdoligranulum variabile,263f68e7ff1bf79b2dc1a6615f964b0b,0.0033112582781456954,10000,201,13780000,outputs.mapping/bams.cds.rand/ERR3211929.x.s__Bariatricus sp004560705.fastq.gz,ERR3211929.x.s__Bariatricus sp004560705,5ed9a646,22470000,51,DNA,10000,2247,True,0.8595720643424913,0.8940718327507637,0.8768219485466275,0.8940718327507637,True,1,3095,4868,d__Bacteria;p__Bacillota;c__Clostridia;o__Oscillospirales;f__Ruminococcaceae;g__Gemmiger;s__Gemmiger sp900545545
10000,0.0004450378282153983,0.002512562814070352,0.0004450378282153983,0.0004108463434675431,2.0,2.0,0.0,/group/ctbrowngrp5/sourmash-db.new/gtdb-rs226/gtdb-rs226-k51.dna.rocksdb,GCA_900016875.1 Eubacteriaceae bacterium CHKCI004,a5f95a9041bfe3ee5c4c92c92b342a81,0.002512562814070352,10000,202,13770000,outputs.mapping/bams.cds.rand/ERR3211929.x.s__Bariatricus sp004560705.fastq.gz,ERR3211929.x.s__Bariatricus sp004560705,5ed9a646,22470000,51,DNA,10000,2247,True,0.8595720643424913,0.8892459595108382,0.8744090119266648,0.8892459595108382,True,2,3097,4868,d__Bacteria;p__Bacillota;c__Clostridia;o__Lachnospirales;f__Lachnospiraceae;g__Anaerobutyricum;s__Anaerobutyricum stercoris
10000,0.0004450378282153983,0.005050505050505051,0.0004450378282153983,0.0004108463434675431,2.0,2.0,0.0,/group/ctbrowngrp5/sourmash-db.new/gtdb-rs226/gtdb-rs226-k51.dna.rocksdb,GCA_905203005.1 uncultured Eubacteriales bacterium,49320b9c1740ef6e497c79bdd18add42,0.005050505050505051,10000,203,13760000,outputs.mapping/bams.cds.rand/ERR3211929.x.s__Bariatricus sp004560705.fastq.gz,ERR3211929.x.s__Bariatricus sp004560705,5ed9a646,22470000,51,DNA,10000,2247,True,0.8595720643424913,0.901503358934848,0.8805377116386697,0.901503358934848,True,2,3099,4868,d__Bacteria;p__Bacillota;c__Clostridia;o__Oscillospirales;f__Oscillospiraceae;g__Vescimonas;s__Vescimonas sp902388735
10000,0.0004450378282153983,0.006756756756756757,0.0004450378282153983,0.00020542317173377156,1.0,1.0,0.0,/group/ctbrowngrp5/sourmash-db.new/gtdb-rs226/gtdb-rs226-k51.dna.rocksdb,GCA_938035045.1 uncultured Clostridia bacterium,62e28222e5585ecf925741b10e008d21,0.006756756756756757,10000,204,13750000,outputs.mapping/bams.cds.rand/ERR3211929.x.s__Bariatricus sp004560705.fastq.gz,ERR3211929.x.s__Bariatricus sp004560705,5ed9a646,22470000,51,DNA,10000,2247,True,0.8595720643424913,0.9066629076096819,0.8831174859760866,0.9066629076096819,True,1,3100,4868,d__Bacteria;p__Bacillota;c__Clostridia;o__Oscillospirales;f__Acutalibacteraceae;g__UMGS1279;s__UMGS1279 sp902490735
10000,0.0004450378282153983,0.0031847133757961785,0.0004450378282153983,0.00020542317173377156,1.0,1.0,0.0,/group/ctbrowngrp5/sourmash-db.new/gtdb-rs226/gtdb-rs226-k51.dna.rocksdb,GCA_902375945.1 Clostridiaceae bacterium,cc83538e580742ca11ee9ed5266d8f53,0.0031847133757961785,10000,205,13740000,outputs.mapping/bams.cds.rand/ERR3211929.x.s__Bariatricus sp004560705.fastq.gz,ERR3211929.x.s__Bariatricus sp004560705,5ed9a646,22470000,51,DNA,10000,2247,True,0.8595720643424913,0.8933889882535314,0.8764805262980113,0.8933889882535314,True,1,3101,4868,d__Bacteria;p__Bacillota;c__Clostridia;o__Lachnospirales;f__Lachnospiraceae;g__Enterocloster;s__Enterocloster sp001517625
10000,0.0004450378282153983,0.004524886877828055,0.0004450378282153983,0.0004108463434675431,2.0,2.0,0.0,/group/ctbrowngrp5/sourmash-db.new/gtdb-rs226/gtdb-rs226-k51.dna.rocksdb,GCA_934457145.1 uncultured Clostridia bacterium,c87e7fa6e8e306f9edc1d2bdc8ab42ef,0.004524886877828055,10000,206,13730000,outputs.mapping/bams.cds.rand/ERR3211929.x.s__Bariatricus sp004560705.fastq.gz,ERR3211929.x.s__Bariatricus sp004560705,5ed9a646,22470000,51,DNA,10000,2247,True,0.8595720643424913,0.8995628755480881,0.8795674699452898,0.8995628755480881,True,2,3103,4868,d__Bacteria;p__Bacillota;c__Clostridia;o__UBA1381;f__UMGS1253;g__CAKSHP01;s__CAKSHP01 sp934457145
20000,0.0008900756564307966,0.003246753246753247,0.0004450378282153983,0.0004108463434675431,2.0,2.0,0.0,/group/ctbrowngrp5/sourmash-db.new/gtdb-rs226/gtdb-rs226-k51.dna.rocksdb,GCA_900771365.1 Bacteroidales bacterium,4d1d84aefc669ee9b839977a8b9bf2b5,0.006493506493506494,10000,207,13720000,outputs.mapping/bams.cds.rand/ERR3211929.x.s__Bariatricus sp004560705.fastq.gz,ERR3211929.x.s__Bariatricus sp004560705,5ed9a646,22470000,51,DNA,10000,2247,True,0.8713343627911191,0.9059566909928176,0.8886455268919684,0.9059566909928176,True,2,3105,4868,d__Bacteria;p__Bacteroidota;c__Bacteroidia;o__Bacteroidales;f__P3;g__Colimorpha;s__Colimorpha sp900771365
10000,0.0004450378282153983,0.0038314176245210726,0.0004450378282153983,0.0008216926869350862,4.0,4.0,0.0,/group/ctbrowngrp5/sourmash-db.new/gtdb-rs226/gtdb-rs226-k51.dna.rocksdb,GCA_948589395.1 uncultured Muribaculaceae bacterium,f0bd91e504fffb2b30d81c977cdad474,0.0038314176245210726,10000,208,13710000,outputs.mapping/bams.cds.rand/ERR3211929.x.s__Bariatricus sp004560705.fastq.gz,ERR3211929.x.s__Bariatricus sp004560705,5ed9a646,22470000,51,DNA,10000,2247,True,0.8595720643424913,0.8966333577089488,0.87810271102572,0.8966333577089488,True,4,3109,4868,d__Bacteria;p__Bacteroidota;c__Bacteroidia;o__Bacteroidales;f__Muribaculaceae;g__CAG-873;s__CAG-873 sp900555715
40000,0.0017801513128615932,0.0026666666666666666,0.0004450378282153983,0.00020542317173377156,1.0,1.0,0.0,/group/ctbrowngrp5/sourmash-db.new/gtdb-rs226/gtdb-rs226-k51.dna.rocksdb,GCF_040929965.1 Blautia sp. 1033sp1_1033st1_G9_1033SCRN_220408,86bff8b6c17fc15fbbae446ed97b89e3,0.010666666666666666,10000,209,13700000,outputs.mapping/bams.cds.rand/ERR3211929.x.s__Bariatricus sp004560705.fastq.gz,ERR3211929.x.s__Bariatricus sp004560705,5ed9a646,22470000,51,DNA,10000,2247,True,0.8832576153592834,0.9148163049962623,0.8990369601777728,0.9148163049962623,True,1,3110,4868,d__Bacteria;p__Bacillota;c__Clostridia;o__Lachnospirales;f__Lachnospiraceae;g__Blautia_A;s__Blautia_A ammoniilytica
60000,0.0026702269692923898,0.0033112582781456954,0.0004450378282153983,0.001027115858668858,5.0,5.0,0.0,/group/ctbrowngrp5/sourmash-db.new/gtdb-rs226/gtdb-rs226-k51.dna.rocksdb,GCA_963559005.1 Roseburia porci,ef39ee806e793411e61ca7e61bce1827,0.019867549668874173,10000,210,13690000,outputs.mapping/bams.cds.rand/ERR3211929.x.s__Bariatricus sp004560705.fastq.gz,ERR3211929.x.s__Bariatricus sp004560705,5ed9a646,22470000,51,DNA,10000,2247,True,0.8903077633027002,0.9260411391535373,0.9081744512281187,0.9260411391535373,True,5,3115,4868,d__Bacteria;p__Bacillota;c__Clostridia;o__Lachnospirales;f__Lachnospiraceae;g__Roseburia_A;s__Roseburia_A porci
10000,0.0004450378282153983,0.0024875621890547263,0.0004450378282153983,0.00020542317173377156,1.0,1.0,0.0,/group/ctbrowngrp5/sourmash-db.new/gtdb-rs226/gtdb-rs226-k51.dna.rocksdb,GCA_021770065.1 Lachnoclostridium sp.,076a8d9aaf24bd7a2c113e02d71c561c,0.0024875621890547263,10000,211,13680000,outputs.mapping/bams.cds.rand/ERR3211929.x.s__Bariatricus sp004560705.fastq.gz,ERR3211929.x.s__Bariatricus sp004560705,5ed9a646,22470000,51,DNA,10000,2247,True,0.8595720643424913,0.8890716131984315,0.8743218387704614,0.8890716131984315,True,1,3116,4868,d__Bacteria;p__Bacillota;c__Clostridia;o__Lachnospirales;f__Lachnospiraceae;g__Laedolimicola;s__Laedolimicola sp021770065
30000,0.0013351134846461949,0.004761904761904762,0.0004450378282153983,0.0006162695152013147,3.0,3.0,0.0,/group/ctbrowngrp5/sourmash-db.new/gtdb-rs226/gtdb-rs226-k51.dna.rocksdb,GCA_945910635.1 uncultured Lachnospiraceae bacterium,380905c3b9ce504165d0abe69c7e65a7,0.014285714285714285,10000,212,13670000,outputs.mapping/bams.cds.rand/ERR3211929.x.s__Bariatricus sp004560705.fastq.gz,ERR3211929.x.s__Bariatricus sp004560705,5ed9a646,22470000,51,DNA,10000,2247,True,0.8782893395261471,0.9200715609934823,0.8991804502598146,0.9200715609934823,True,3,3119,4868,d__Bacteria;p__Bacillota;c__Clostridia;o__Lachnospirales;f__Lachnospiraceae;g__UBA11957;s__UBA11957 sp945827805
10000,0.0004450378282153983,0.005405405405405406,0.0004450378282153983,0.00020542317173377156,1.0,1.0,0.0,/group/ctbrowngrp5/sourmash-db.new/gtdb-rs226/gtdb-rs226-k51.dna.rocksdb,GCA_004558595.1 Phascolarctobacterium sp.,82f5ae137c37969242b7840b4f05f8d0,0.005405405405405406,10000,213,13660000,outputs.mapping/bams.cds.rand/ERR3211929.x.s__Bariatricus sp004560705.fastq.gz,ERR3211929.x.s__Bariatricus sp004560705,5ed9a646,22470000,51,DNA,10000,2247,True,0.8595720643424913,0.9027045934360562,0.8811383288892738,0.9027045934360562,True,1,3120,4868,d__Bacteria;p__Bacillota;c__Negativicutes;o__Acidaminococcales;f__Acidaminococcaceae;g__Phascolarctobacterium_A;s__Phascolarctobacterium_A sp004558595
10000,0.0004450378282153983,0.003076923076923077,0.0004450378282153983,0.0008216926869350862,4.0,4.0,0.0,/group/ctbrowngrp5/sourmash-db.new/gtdb-rs226/gtdb-rs226-k51.dna.rocksdb,GCA_034115605.1 Prevotella sp.,71e2ebfa22d8805797cfd978fe98c329,0.003076923076923077,10000,214,13650000,outputs.mapping/bams.cds.rand/ERR3211929.x.s__Bariatricus sp004560705.fastq.gz,ERR3211929.x.s__Bariatricus sp004560705,5ed9a646,22470000,51,DNA,10000,2247,True,0.8595720643424913,0.8927860281881085,0.8761790462652999,0.8927860281881085,True,4,3124,4868,d__Bacteria;p__Bacteroidota;c__Bacteroidia;o__Bacteroidales;f__Bacteroidaceae;g__Prevotella;s__Prevotella sp900548195
10000,0.0004450378282153983,0.006756756756756757,0.0004450378282153983,0.00020542317173377156,1.0,1.0,0.0,/group/ctbrowngrp5/sourmash-db.new/gtdb-rs226/gtdb-rs226-k51.dna.rocksdb,GCA_946410695.1 uncultured Bacteroidales bacterium,5cd40134a56535033794aa43b945202f,0.006756756756756757,10000,215,13640000,outputs.mapping/bams.cds.rand/ERR3211929.x.s__Bariatricus sp004560705.fastq.gz,ERR3211929.x.s__Bariatricus sp004560705,5ed9a646,22470000,51,DNA,10000,2247,True,0.8595720643424913,0.9066629076096819,0.8831174859760866,0.9066629076096819,True,1,3125,4868,d__Bacteria;p__Bacteroidota;c__Bacteroidia;o__Bacteroidales;f__UBA932;g__Cryptobacteroides;s__Cryptobacteroides sp945487035
10000,0.0004450378282153983,0.00423728813559322,0.0004450378282153983,0.00020542317173377156,1.0,1.0,0.0,/group/ctbrowngrp5/sourmash-db.new/gtdb-rs226/gtdb-rs226-k51.dna.rocksdb,GCA_018265815.1 Oscillospiraceae bacterium,55b981108a47e6fb73103e6bc9efe259,0.00423728813559322,10000,216,13630000,outputs.mapping/bams.cds.rand/ERR3211929.x.s__Bariatricus sp004560705.fastq.gz,ERR3211929.x.s__Bariatricus sp004560705,5ed9a646,22470000,51,DNA,10000,2247,True,0.8595720643424913,0.8984053172829363,0.8789886908127138,0.8984053172829363,True,1,3126,4868,d__Bacteria;p__Bacillota;c__Clostridia;o__Oscillospirales;f__Oscillospiraceae;g__Faecousia;s__Faecousia sp000434635
10000,0.0004450378282153983,0.005050505050505051,0.0004450378282153983,0.00020542317173377156,1.0,1.0,0.0,/group/ctbrowngrp5/sourmash-db.new/gtdb-rs226/gtdb-rs226-k51.dna.rocksdb,GCF_000524295.1 Shuttleworthella sp. MSX8B,329f7a94aa56b3c3a9ea71ca6eb14b6b,0.005050505050505051,10000,217,13620000,outputs.mapping/bams.cds.rand/ERR3211929.x.s__Bariatricus sp004560705.fastq.gz,ERR3211929.x.s__Bariatricus sp004560705,5ed9a646,22470000,51,DNA,10000,2247,True,0.8595720643424913,0.901503358934848,0.8805377116386697,0.901503358934848,True,1,3127,4868,d__Bacteria;p__Bacillota;c__Clostridia;o__Lachnospirales;f__Lachnospiraceae;g__Shuttleworthia;s__Shuttleworthia satelles
20000,0.0008900756564307966,0.0033112582781456954,0.0004450378282153983,0.00020542317173377156,1.0,1.0,0.0,/group/ctbrowngrp5/sourmash-db.new/gtdb-rs226/gtdb-rs226-k51.dna.rocksdb,GCA_018378905.1 Clostridiales bacterium,2b3658f948b6ec74b793e7e07637ea7f,0.006622516556291391,10000,218,13610000,outputs.mapping/bams.cds.rand/ERR3211929.x.s__Bariatricus sp004560705.fastq.gz,ERR3211929.x.s__Bariatricus sp004560705,5ed9a646,22470000,51,DNA,10000,2247,True,0.8713343627911191,0.9063062225914459,0.8888202926912825,0.9063062225914459,True,1,3128,4868,d__Bacteria;p__Bacillota;c__Clostridia;o__Lachnospirales;f__Lachnospiraceae;g__Anaerobutyricum;s__Anaerobutyricum stercoripullorum
10000,0.0004450378282153983,0.005208333333333333,0.0004450378282153983,0.00020542317173377156,1.0,1.0,0.0,/group/ctbrowngrp5/sourmash-db.new/gtdb-rs226/gtdb-rs226-k51.dna.rocksdb,GCA_958442645.1 uncultured Lachnospiraceae bacterium,522c4cf2fa04a47d523b384078b8c211,0.005208333333333333,10000,219,13600000,outputs.mapping/bams.cds.rand/ERR3211929.x.s__Bariatricus sp004560705.fastq.gz,ERR3211929.x.s__Bariatricus sp004560705,5ed9a646,22470000,51,DNA,10000,2247,True,0.8595720643424913,0.9020474594102066,0.880809761876349,0.9020474594102066,True,1,3129,4868,d__Bacteria;p__Bacillota;c__Clostridia;o__Lachnospirales;f__Lachnospiraceae;g__Eubacterium_I;s__Eubacterium_I ramulus_A
10000,0.0004450378282153983,0.005050505050505051,0.0004450378282153983,0.00020542317173377156,1.0,1.0,0.0,/group/ctbrowngrp5/sourmash-db.new/gtdb-rs226/gtdb-rs226-k51.dna.rocksdb,GCA_021634985.1 Oscillospiraceae bacterium,40c4d0faed8406dd038f4f2fcb88c1aa,0.005050505050505051,10000,220,13590000,outputs.mapping/bams.cds.rand/ERR3211929.x.s__Bariatricus sp004560705.fastq.gz,ERR3211929.x.s__Bariatricus sp004560705,5ed9a646,22470000,51,DNA,10000,2247,True,0.8595720643424913,0.901503358934848,0.8805377116386697,0.901503358934848,True,1,3130,4868,d__Bacteria;p__Bacillota;c__Clostridia;o__Oscillospirales;f__Oscillospiraceae;g__Limivicinus;s__Limivicinus sp934573855
60000,0.0026702269692923898,0.0028735632183908046,0.0004450378282153983,0.00020542317173377156,1.0,1.0,0.0,/group/ctbrowngrp5/sourmash-db.new/gtdb-rs226/gtdb-rs226-k51.dna.rocksdb,GCA_019419145.1 Blautia sp.,68f2f51d610feacb67fe8c455dbab67e,0.017241379310344827,10000,221,13580000,outputs.mapping/bams.cds.rand/ERR3211929.x.s__Bariatricus sp004560705.fastq.gz,ERR3211929.x.s__Bariatricus sp004560705,5ed9a646,22470000,51,DNA,10000,2247,True,0.8903077633027002,0.9234704020446912,0.9068890826736957,0.9234704020446912,True,1,3131,4868,d__Bacteria;p__Bacillota;c__Clostridia;o__Lachnospirales;f__Lachnospiraceae;g__Blautia_A;s__Blautia_A wexlerae
20000,0.0008900756564307966,0.00510204081632653,0.0004450378282153983,0.00020542317173377156,1.0,1.0,0.0,/group/ctbrowngrp5/sourmash-db.new/gtdb-rs226/gtdb-rs226-k51.dna.rocksdb,GCA_905201905.1 uncultured Eubacteriales bacterium,94b22a21dd103a0483a86a69ec4e31cb,0.01020408163265306,10000,222,13570000,outputs.mapping/bams.cds.rand/ERR3211929.x.s__Bariatricus sp004560705.fastq.gz,ERR3211929.x.s__Bariatricus sp004560705,5ed9a646,22470000,51,DNA,10000,2247,True,0.8713343627911191,0.9140213736068583,0.8926778681989886,0.9140213736068583,True,1,3132,4868,d__Bacteria;p__Bacillota;c__Clostridia;o__Oscillospirales;f__Oscillospiraceae;g__F23-B02;s__F23-B02 sp002472405
10000,0.0004450378282153983,0.005235602094240838,0.0004450378282153983,0.00020542317173377156,1.0,1.0,0.0,/group/ctbrowngrp5/sourmash-db.new/gtdb-rs226/gtdb-rs226-k51.dna.rocksdb,GCA_034175745.1 Bullifex sp.,24912f04e878494ccc59b78fa62c6dec,0.005235602094240838,10000,223,13560000,outputs.mapping/bams.cds.rand/ERR3211929.x.s__Bariatricus sp004560705.fastq.gz,ERR3211929.x.s__Bariatricus sp004560705,5ed9a646,22470000,51,DNA,10000,2247,True,0.8595720643424913,0.9021398257330133,0.8808559450377523,0.9021398257330133,True,1,3133,4868,d__Bacteria;p__Spirochaetota;c__Spirochaetia;o__Sphaerochaetales;f__Sphaerochaetaceae;g__Bullifex;s__Bullifex sp022788185
20000,0.0008900756564307966,0.0031446540880503146,0.0004450378282153983,0.00020542317173377156,1.0,1.0,0.0,/group/ctbrowngrp5/sourmash-db.new/gtdb-rs226/gtdb-rs226-k51.dna.rocksdb,GCF_902386895.1 Lachnoclostridium edouardi,6cd528a06abe977385d995605d696f97,0.006289308176100629,10000,224,13550000,outputs.mapping/bams.cds.rand/ERR3211929.x.s__Bariatricus sp004560705.fastq.gz,ERR3211929.x.s__Bariatricus sp004560705,5ed9a646,22470000,51,DNA,10000,2247,True,0.8713343627911191,0.9053892851119669,0.888361823951543,0.9053892851119669,True,1,3134,4868,d__Bacteria;p__Bacillota;c__Clostridia;o__Lachnospirales;f__Lachnospiraceae;g__Lachnoclostridium_A;s__Lachnoclostridium_A edouardi
40000,0.0017801513128615932,0.002717391304347826,0.0004450378282153983,0.00020542317173377156,1.0,1.0,0.0,/group/ctbrowngrp5/sourmash-db.new/gtdb-rs226/gtdb-rs226-k51.dna.rocksdb,GCF_001461035.1 Acetivibrio ethanolgignens,2c87d6e0353c52133f9d0ebfd5aafc8e,0.010869565217391304,10000,225,13540000,outputs.mapping/bams.cds.rand/ERR3211929.x.s__Bariatricus sp004560705.fastq.gz,ERR3211929.x.s__Bariatricus sp004560705,5ed9a646,22470000,51,DNA,10000,2247,True,0.8832576153592834,0.9151543667379227,0.899205991048603,0.9151543667379227,True,1,3135,4868,d__Bacteria;p__Bacillota;c__Clostridia;o__Lachnospirales;f__Lachnospiraceae;g__Velocimicrobium;s__Velocimicrobium ethanolgignens
40000,0.0017801513128615932,0.0032258064516129032,0.0004450378282153983,0.00020542317173377156,1.0,1.0,0.0,/group/ctbrowngrp5/sourmash-db.new/gtdb-rs226/gtdb-rs226-k51.dna.rocksdb,GCF_003478515.1 Roseburia sp. AF25-18LB,b14da9ee404f90b2486f24321e094921,0.012903225806451613,10000,226,13530000,outputs.mapping/bams.cds.rand/ERR3211929.x.s__Bariatricus sp004560705.fastq.gz,ERR3211929.x.s__Bariatricus sp004560705,5ed9a646,22470000,51,DNA,10000,2247,True,0.8832576153592834,0.9182371692931076,0.9007473923261955,0.9182371692931076,True,1,3136,4868,d__Bacteria;p__Bacillota;c__Clostridia;o__Lachnospirales;f__Lachnospiraceae;g__Roseburia_C;s__Roseburia_C amylophila
20000,0.0008900756564307966,0.0035460992907801418,0.0004450378282153983,0.00020542317173377156,1.0,1.0,0.0,/group/ctbrowngrp5/sourmash-db.new/gtdb-rs226/gtdb-rs226-k51.dna.rocksdb,GCF_902497445.1 Faecalibacterium sp. Marseille-P9312,815b0092e39adc1f8898e7e436566593,0.0070921985815602835,10000,227,13520000,outputs.mapping/bams.cds.rand/ERR3211929.x.s__Bariatricus sp004560705.fastq.gz,ERR3211929.x.s__Bariatricus sp004560705,5ed9a646,22470000,51,DNA,10000,2247,True,0.8713343627911191,0.9075246890445401,0.8894295259178295,0.9075246890445401,True,1,3137,4868,d__Bacteria;p__Bacillota;c__Clostridia;o__Oscillospirales;f__Ruminococcaceae;g__Faecalibacterium;s__Faecalibacterium longum
30000,0.0013351134846461949,0.0033444816053511705,0.0004450378282153983,0.00020542317173377156,1.0,1.0,0.0,/group/ctbrowngrp5/sourmash-db.new/gtdb-rs226/gtdb-rs226-k51.dna.rocksdb,GCA_934402205.1 uncultured Blautia sp.,c06a3b0c6571b67d8bc98c9ad33ef8f5,0.010033444816053512,10000,228,13510000,outputs.mapping/bams.cds.rand/ERR3211929.x.s__Bariatricus sp004560705.fastq.gz,ERR3211929.x.s__Bariatricus sp004560705,5ed9a646,22470000,51,DNA,10000,2247,True,0.8782893395261471,0.9137191906450144,0.8960042650855807,0.9137191906450144,True,1,3138,4868,d__Bacteria;p__Bacillota;c__Clostridia;o__Lachnospirales;f__Lachnospiraceae;g__Blautia_A;s__Blautia_A sp934416185
60000,0.0026702269692923898,0.0027247956403269754,0.0004450378282153983,0.00020542317173377156,1.0,1.0,0.0,/group/ctbrowngrp5/sourmash-db.new/gtdb-rs226/gtdb-rs226-k51.dna.rocksdb,GCF_036419255.1 Agathobacter rectalis,da2e49254fc1f7d6ed32685b3223fa06,0.01634877384196185,10000,229,13500000,outputs.mapping/bams.cds.rand/ERR3211929.x.s__Bariatricus sp004560705.fastq.gz,ERR3211929.x.s__Bariatricus sp004560705,5ed9a646,22470000,51,DNA,10000,2247,True,0.8903077633027002,0.922508332882706,0.906408048092703,0.922508332882706,True,1,3139,4868,d__Bacteria;p__Bacillota;c__Clostridia;o__Lachnospirales;f__Lachnospiraceae;g__Agathobacter;s__Agathobacter rectalis
40000,0.0017801513128615932,0.002012072434607646,0.0004450378282153983,0.00020542317173377156,1.0,1.0,0.0,/group/ctbrowngrp5/sourmash-db.new/gtdb-rs226/gtdb-rs226-k51.dna.rocksdb,GCF_022781285.1 Eisenbergiella massiliensis,b33e211a1e1e6c6b3c428a27fa1830f6,0.008048289738430584,10000,230,13490000,outputs.mapping/bams.cds.rand/ERR3211929.x.s__Bariatricus sp004560705.fastq.gz,ERR3211929.x.s__Bariatricus sp004560705,5ed9a646,22470000,51,DNA,10000,2247,True,0.8832576153592834,0.9097778620021408,0.8965177386807122,0.9097778620021408,True,1,3140,4868,d__Bacteria;p__Bacillota;c__Clostridia;o__Lachnospirales;f__Lachnospiraceae;g__Eisenbergiella;s__Eisenbergiella porci
10000,0.0004450378282153983,0.002898550724637681,0.0004450378282153983,0.00020542317173377156,1.0,1.0,0.0,/group/ctbrowngrp5/sourmash-db.new/gtdb-rs226/gtdb-rs226-k51.dna.rocksdb,GCA_902463765.1 uncultured Paraprevotella sp.,6d5ab3c479856cbe3a186f5ffae10380,0.002898550724637681,10000,231,13480000,outputs.mapping/bams.cds.rand/ERR3211929.x.s__Bariatricus sp004560705.fastq.gz,ERR3211929.x.s__Bariatricus sp004560705,5ed9a646,22470000,51,DNA,10000,2247,True,0.8595720643424913,0.8917412184891021,0.8756566414157967,0.8917412184891021,True,1,3141,4868,d__Bacteria;p__Bacteroidota;c__Bacteroidia;o__Bacteroidales;f__Bacteroidaceae;g__Paraprevotella;s__Paraprevotella stercorigallinarum
10000,0.0004450378282153983,0.005847953216374269,0.0004450378282153983,0.00020542317173377156,1.0,1.0,0.0,/group/ctbrowngrp5/sourmash-db.new/gtdb-rs226/gtdb-rs226-k51.dna.rocksdb,GCA_945947245.1 uncultured Mollicutes bacterium,36e527264aa6ef14bb2b2647adc0c794,0.005847953216374269,10000,232,13470000,outputs.mapping/bams.cds.rand/ERR3211929.x.s__Bariatricus sp004560705.fastq.gz,ERR3211929.x.s__Bariatricus sp004560705,5ed9a646,22470000,51,DNA,10000,2247,True,0.8595720643424913,0.9040985288120411,0.8818352965772662,0.9040985288120411,True,1,3142,4868,d__Bacteria;p__Bacillota;c__Bacilli;o__RFN20;f__CAG-288;g__Enterosoma;s__Enterosoma sp900549915
30000,0.0013351134846461949,0.003937007874015748,0.0004450378282153983,0.00020542317173377156,1.0,1.0,0.0,/group/ctbrowngrp5/sourmash-db.new/gtdb-rs226/gtdb-rs226-k51.dna.rocksdb,GCA_029219845.1 Roseburia porci,bfc5c94b3f4b31d04b5ebfd98c031235,0.011811023622047244,10000,233,13460000,outputs.mapping/bams.cds.rand/ERR3211929.x.s__Bariatricus sp004560705.fastq.gz,ERR3211929.x.s__Bariatricus sp004560705,5ed9a646,22470000,51,DNA,10000,2247,True,0.8782893395261471,0.9166461452122722,0.8974677423692097,0.9166461452122722,True,1,3143,4868,d__Bacteria;p__Bacillota;c__Clostridia;o__Lachnospirales;f__Lachnospiraceae;g__Roseburia_A;s__Roseburia_A porci
30000,0.0013351134846461949,0.0036101083032490976,0.0004450378282153983,0.0008216926869350862,4.0,4.0,0.0,/group/ctbrowngrp5/sourmash-db.new/gtdb-rs226/gtdb-rs226-k51.dna.rocksdb,GCF_041404205.1 Anaerostipes sp.,e2047df86d4bf5303f616432a538d064,0.010830324909747292,10000,234,13450000,outputs.mapping/bams.cds.rand/ERR3211929.x.s__Bariatricus sp004560705.fastq.gz,ERR3211929.x.s__Bariatricus sp004560705,5ed9a646,22470000,51,DNA,10000,2247,True,0.8782893395261471,0.9150894713072147,0.896689405416681,0.9150894713072147,True,4,3147,4868,d__Bacteria;p__Bacillota;c__Clostridia;o__Lachnospirales;f__Lachnospiraceae;g__Anaerostipes;s__Anaerostipes amylophilus
20000,0.0008900756564307966,0.0036231884057971015,0.0004450378282153983,0.00020542317173377156,1.0,1.0,0.0,/group/ctbrowngrp5/sourmash-db.new/gtdb-rs226/gtdb-rs226-k51.dna.rocksdb,GCA_958404325.1 uncultured Oscillospiraceae bacterium,c17d7e62c5b051430601030d2fa8f657,0.007246376811594203,10000,235,13440000,outputs.mapping/bams.cds.rand/ERR3211929.x.s__Bariatricus sp004560705.fastq.gz,ERR3211929.x.s__Bariatricus sp004560705,5ed9a646,22470000,51,DNA,10000,2247,True,0.8713343627911191,0.9079074641021062,0.8896209134466126,0.9079074641021062,True,1,3148,4868,d__Bacteria;p__Bacillota;c__Clostridia;o__Oscillospirales;f__Ruminococcaceae;g__Gemmiger;s__Gemmiger qucibialis
10000,0.0004450378282153983,0.0033112582781456954,0.0004450378282153983,0.00020542317173377156,1.0,1.0,0.0,/group/ctbrowngrp5/sourmash-db.new/gtdb-rs226/gtdb-rs226-k51.dna.rocksdb,GCA_028722045.1 bacterium,39f8c9df71787001b6251961aced0198,0.0033112582781456954,10000,236,13430000,outputs.mapping/bams.cds.rand/ERR3211929.x.s__Bariatricus sp004560705.fastq.gz,ERR3211929.x.s__Bariatricus sp004560705,5ed9a646,22470000,51,DNA,10000,2247,True,0.8595720643424913,0.8940718327507637,0.8768219485466275,0.8940718327507637,True,1,3149,4868,d__Bacteria;p__Bacillota;c__Clostridia;o__Lachnospirales;f__Lachnospiraceae;g__W0P33-017;s__W0P33-017 sp022773965
10000,0.0004450378282153983,0.004149377593360996,0.0004450378282153983,0.00020542317173377156,1.0,1.0,0.0,/group/ctbrowngrp5/sourmash-db.new/gtdb-rs226/gtdb-rs226-k51.dna.rocksdb,GCA_034100025.1 Wujia sp.,1ff32a5fac873a17345de6482db8bb9b,0.004149377593360996,10000,237,13420000,outputs.mapping/bams.cds.rand/ERR3211929.x.s__Bariatricus sp004560705.fastq.gz,ERR3211929.x.s__Bariatricus sp004560705,5ed9a646,22470000,51,DNA,10000,2247,True,0.8595720643424913,0.8980360758706126,0.878804070106552,0.8980360758706126,True,1,3150,4868,d__Bacteria;p__Bacillota;c__Clostridia;o__Lachnospirales;f__Lachnospiraceae;g__Wujia;s__Wujia sp900553925
10000,0.0004450378282153983,0.0033333333333333335,0.0004450378282153983,0.00020542317173377156,1.0,1.0,0.0,/group/ctbrowngrp5/sourmash-db.new/gtdb-rs226/gtdb-rs226-k51.dna.rocksdb,GCA_945874845.1 uncultured Lachnospiraceae bacterium,ecc2291c662e1846adf66dcf0aba8826,0.0033333333333333335,10000,238,13410000,outputs.mapping/bams.cds.rand/ERR3211929.x.s__Bariatricus sp004560705.fastq.gz,ERR3211929.x.s__Bariatricus sp004560705,5ed9a646,22470000,51,DNA,10000,2247,True,0.8595720643424913,0.8941883246232241,0.8768801944828577,0.8941883246232241,True,1,3151,4868,d__Bacteria;p__Bacillota;c__Clostridia;o__Lachnospirales;f__Lachnospiraceae;g__Suilimivivens;s__Suilimivivens sp018384375
10000,0.0004450378282153983,0.004901960784313725,0.0004450378282153983,0.00020542317173377156,1.0,1.0,0.0,/group/ctbrowngrp5/sourmash-db.new/gtdb-rs226/gtdb-rs226-k51.dna.rocksdb,GCA_945915855.1 uncultured Clostridia bacterium,b49b06493bf6e215065f701e60bea9be,0.004901960784313725,10000,239,13400000,outputs.mapping/bams.cds.rand/ERR3211929.x.s__Bariatricus sp004560705.fastq.gz,ERR3211929.x.s__Bariatricus sp004560705,5ed9a646,22470000,51,DNA,10000,2247,True,0.8595720643424913,0.9009758163577729,0.8802739403501321,0.9009758163577729,True,1,3152,4868,d__Bacteria;p__Bacillota;c__Clostridia;o__Oscillospirales;f__Oscillospiraceae;g__Limivicinus;s__Limivicinus sp022787565
10000,0.0004450378282153983,0.005,0.0004450378282153983,0.00020542317173377156,1.0,1.0,0.0,/group/ctbrowngrp5/sourmash-db.new/gtdb-rs226/gtdb-rs226-k51.dna.rocksdb,GCA_945829915.1 uncultured Clostridia bacterium,9f5836214d63df6c33d309a7a60974b9,0.005,10000,240,13390000,outputs.mapping/bams.cds.rand/ERR3211929.x.s__Bariatricus sp004560705.fastq.gz,ERR3211929.x.s__Bariatricus sp004560705,5ed9a646,22470000,51,DNA,10000,2247,True,0.8595720643424913,0.9013257213104922,0.8804488928264917,0.9013257213104922,True,1,3153,4868,d__Bacteria;p__Bacillota;c__Clostridia;o__Oscillospirales;f__Acutalibacteraceae;g__Hominenteromicrobium;s__Hominenteromicrobium mulieris
20000,0.0008900756564307966,0.004048582995951417,0.0004450378282153983,0.00020542317173377156,1.0,1.0,0.0,/group/ctbrowngrp5/sourmash-db.new/gtdb-rs226/gtdb-rs226-k51.dna.rocksdb,GCA_937890805.1 uncultured Lachnospiraceae bacterium,d5c45ad7e227cb3701b3e5e636263378,0.008097165991902834,10000,241,13380000,outputs.mapping/bams.cds.rand/ERR3211929.x.s__Bariatricus sp004560705.fastq.gz,ERR3211929.x.s__Bariatricus sp004560705,5ed9a646,22470000,51,DNA,10000,2247,True,0.8713343627911191,0.9098858734755169,0.8906101181333179,0.9098858734755169,True,1,3154,4868,d__Bacteria;p__Bacillota;c__Clostridia;o__Lachnospirales;f__Lachnospiraceae;g__Wujia;s__Wujia sp022174665
50000,0.0022251891410769915,0.00423728813559322,0.0004450378282153983,0.00020542317173377156,1.0,1.0,0.0,/group/ctbrowngrp5/sourmash-db.new/gtdb-rs226/gtdb-rs226-k51.dna.rocksdb,GCF_000156015.1 Eshraghiella crossota DSM 2876,e931dc31cf45af75361edfdd3b450e81,0.0211864406779661,10000,242,13370000,outputs.mapping/bams.cds.rand/ERR3211929.x.s__Bariatricus sp004560705.fastq.gz,ERR3211929.x.s__Bariatricus sp004560705,5ed9a646,22470000,51,DNA,10000,2247,True,0.887130655513573,0.9272089346548723,0.9071697950842226,0.9272089346548723,True,1,3155,4868,d__Bacteria;p__Bacillota;c__Clostridia;o__Lachnospirales;f__Lachnospiraceae;g__Butyrivibrio_A;s__Butyrivibrio_A crossota
10000,0.0004450378282153983,0.0044444444444444444,0.0004450378282153983,0.0004108463434675431,2.0,2.0,0.0,/group/ctbrowngrp5/sourmash-db.new/gtdb-rs226/gtdb-rs226-k51.dna.rocksdb,GCA_022770055.1 Lachnospiraceae bacterium,27aefc7879e18cb970a16685f1ff0a10,0.0044444444444444444,10000,243,13360000,outputs.mapping/bams.cds.rand/ERR3211929.x.s__Bariatricus sp004560705.fastq.gz,ERR3211929.x.s__Bariatricus sp004560705,5ed9a646,22470000,51,DNA,10000,2247,True,0.8595720643424913,0.8992465372686094,0.8794093008055504,0.8992465372686094,True,2,3157,4868,d__Bacteria;p__Bacillota;c__Clostridia;o__Lachnospirales;f__Lachnospiraceae;g__UBA2882;s__UBA2882 sp900317505
10000,0.0004450378282153983,0.0035211267605633804,0.0004450378282153983,0.0004108463434675431,2.0,2.0,0.0,/group/ctbrowngrp5/sourmash-db.new/gtdb-rs226/gtdb-rs226-k51.dna.rocksdb,GCF_018917435.1 Intestinibacter bartlettii,06a1e298df7ab81906158273d3a2b850,0.0035211267605633804,10000,244,13350000,outputs.mapping/bams.cds.rand/ERR3211929.x.s__Bariatricus sp004560705.fastq.gz,ERR3211929.x.s__Bariatricus sp004560705,5ed9a646,22470000,51,DNA,10000,2247,True,0.8595720643424913,0.8951497996982114,0.8773609320203514,0.8951497996982114,True,2,3159,4868,d__Bacteria;p__Bacillota;c__Clostridia;o__Peptostreptococcales;f__Peptostreptococcaceae;g__Intestinibacter;s__Intestinibacter bartlettii_A
30000,0.0013351134846461949,0.0024691358024691358,0.0004450378282153983,0.00020542317173377156,1.0,1.0,0.0,/group/ctbrowngrp5/sourmash-db.new/gtdb-rs226/gtdb-rs226-k51.dna.rocksdb,GCF_024622975.1 Blautia caecimuris,1248931c5307393cc9ef816719d4b9e7,0.007407407407407408,10000,245,13340000,outputs.mapping/bams.cds.rand/ERR3211929.x.s__Bariatricus sp004560705.fastq.gz,ERR3211929.x.s__Bariatricus sp004560705,5ed9a646,22470000,51,DNA,10000,2247,True,0.8782893395261471,0.9082988192772692,0.8932940794017081,0.9082988192772692,True,1,3160,4868,d__Bacteria;p__Bacillota;c__Clostridia;o__Lachnospirales;f__Lachnospiraceae;g__Blautia_A;s__Blautia_A caecimuris
30000,0.0013351134846461949,0.004032258064516129,0.0004450378282153983,0.0004108463434675431,2.0,2.0,0.0,/group/ctbrowngrp5/sourmash-db.new/gtdb-rs226/gtdb-rs226-k51.dna.rocksdb,GCA_022766215.1 Dorea formicigenerans,9e1773a03d3c8dd41d199934278d0d24,0.012096774193548387,10000,246,13330000,outputs.mapping/bams.cds.rand/ERR3211929.x.s__Bariatricus sp004560705.fastq.gz,ERR3211929.x.s__Bariatricus sp004560705,5ed9a646,22470000,51,DNA,10000,2247,True,0.8782893395261471,0.9170759107029064,0.8976826251145267,0.9170759107029064,True,2,3162,4868,d__Bacteria;p__Bacillota;c__Clostridia;o__Lachnospirales;f__Lachnospiraceae;g__Dorea;s__Dorea formicigenerans
30000,0.0013351134846461949,0.00423728813559322,0.0004450378282153983,0.00020542317173377156,1.0,1.0,0.0,/group/ctbrowngrp5/sourmash-db.new/gtdb-rs226/gtdb-rs226-k51.dna.rocksdb,GCA_945876625.1 uncultured Coprococcus sp.,262f158067906d62aaec715470d20340,0.012711864406779662,10000,247,13320000,outputs.mapping/bams.cds.rand/ERR3211929.x.s__Bariatricus sp004560705.fastq.gz,ERR3211929.x.s__Bariatricus sp004560705,5ed9a646,22470000,51,DNA,10000,2247,True,0.8782893395261471,0.9179681907726733,0.8981287651494102,0.9179681907726733,True,1,3163,4868,d__Bacteria;p__Bacillota;c__Clostridia;o__Lachnospirales;f__Lachnospiraceae;g__Faecalimonas;s__Faecalimonas umbilicata
10000,0.0004450378282153983,0.0045871559633027525,0.0004450378282153983,0.00020542317173377156,1.0,1.0,0.0,/group/ctbrowngrp5/sourmash-db.new/gtdb-rs226/gtdb-rs226-k51.dna.rocksdb,GCA_944377335.1 Candidatus Blautia excrementigallinarum,244f35677080afa6a749ec71a15c7586,0.0045871559633027525,10000,248,13310000,outputs.mapping/bams.cds.rand/ERR3211929.x.s__Bariatricus sp004560705.fastq.gz,ERR3211929.x.s__Bariatricus sp004560705,5ed9a646,22470000,51,DNA,10000,2247,True,0.8595720643424913,0.8998039843327351,0.8796880243376133,0.8998039843327351,True,1,3164,4868,d__Bacteria;p__Bacillota;c__Clostridia;o__Lachnospirales;f__Lachnospiraceae;g__Blautia_A;s__Blautia_A excrementigallinarum
10000,0.0004450378282153983,0.0036231884057971015,0.0004450378282153983,0.0004108463434675431,2.0,2.0,0.0,/group/ctbrowngrp5/sourmash-db.new/gtdb-rs226/gtdb-rs226-k51.dna.rocksdb,GCA_937921795.1 uncultured Lachnospiraceae bacterium,d3b7000b8f70e7d2f73098c44d49c49c,0.0036231884057971015,10000,249,13300000,outputs.mapping/bams.cds.rand/ERR3211929.x.s__Bariatricus sp004560705.fastq.gz,ERR3211929.x.s__Bariatricus sp004560705,5ed9a646,22470000,51,DNA,10000,2247,True,0.8595720643424913,0.8956514588158029,0.8776117615791471,0.8956514588158029,True,2,3166,4868,d__Bacteria;p__Bacillota;c__Clostridia;o__Lachnospirales;f__Lachnospiraceae;g__Hominisplanchenecus_A;s__Hominisplanchenecus_A sp900752065
20000,0.0008900756564307966,0.002380952380952381,0.0004450378282153983,0.0018488085456039441,9.0,9.0,0.0,/group/ctbrowngrp5/sourmash-db.new/gtdb-rs226/gtdb-rs226-k51.dna.rocksdb,GCF_022739295.1 Prevotella sp.,84ad960184bf21e057d2377238c36408,0.004761904761904762,10000,250,13290000,outputs.mapping/bams.cds.rand/ERR3211929.x.s__Bariatricus sp004560705.fastq.gz,ERR3211929.x.s__Bariatricus sp004560705,5ed9a646,22470000,51,DNA,10000,2247,True,0.8713343627911191,0.900463862458667,0.8858991126248931,0.900463862458667,True,9,3175,4868,d__Bacteria;p__Bacteroidota;c__Bacteroidia;o__Bacteroidales;f__Bacteroidaceae;g__Prevotella;s__Prevotella sp002265625
10000,0.0004450378282153983,0.004484304932735426,0.0004450378282153983,0.00020542317173377156,1.0,1.0,0.0,/group/ctbrowngrp5/sourmash-db.new/gtdb-rs226/gtdb-rs226-k51.dna.rocksdb,GCA_022779165.1 Lachnospiraceae bacterium,4d587a6ee61a27c1b7e09567c487925c,0.004484304932735426,10000,251,13280000,outputs.mapping/bams.cds.rand/ERR3211929.x.s__Bariatricus sp004560705.fastq.gz,ERR3211929.x.s__Bariatricus sp004560705,5ed9a646,22470000,51,DNA,10000,2247,True,0.8595720643424913,0.8994039832126721,0.8794880237775817,0.8994039832126721,True,1,3176,4868,d__Bacteria;p__Bacillota;c__Clostridia;o__Lachnospirales;f__Lachnospiraceae;g__VSOB01;s__VSOB01 sp022779165
20000,0.0008900756564307966,0.0036496350364963502,0.0004450378282153983,0.00020542317173377156,1.0,1.0,0.0,/group/ctbrowngrp5/sourmash-db.new/gtdb-rs226/gtdb-rs226-k51.dna.rocksdb,GCA_938014405.1 uncultured Bacteroidales bacterium,7eb2e86b4076d727698e6ad2224184d4,0.0072992700729927005,10000,252,13270000,outputs.mapping/bams.cds.rand/ERR3211929.x.s__Bariatricus sp004560705.fastq.gz,ERR3211929.x.s__Bariatricus sp004560705,5ed9a646,22470000,51,DNA,10000,2247,True,0.8713343627911191,0.908036943774764,0.8896856532829416,0.908036943774764,True,1,3177,4868,d__Bacteria;p__Bacteroidota;c__Bacteroidia;o__Bacteroidales;f__UBA932;g__Cryptobacteroides;s__Cryptobacteroides sp900546925
10000,0.0004450378282153983,0.004405286343612335,0.0004450378282153983,0.0006162695152013147,3.0,3.0,0.0,/group/ctbrowngrp5/sourmash-db.new/gtdb-rs226/gtdb-rs226-k51.dna.rocksdb,GCA_002329675.1 Firmicutes bacterium UBA1426,00df0bf2b5de33a90e65ae4fcdcca71a,0.004405286343612335,10000,253,13260000,outputs.mapping/bams.cds.rand/ERR3211929.x.s__Bariatricus sp004560705.fastq.gz,ERR3211929.x.s__Bariatricus sp004560705,5ed9a646,22470000,51,DNA,10000,2247,True,0.8595720643424913,0.8990905118668127,0.879331288104652,0.8990905118668127,True,3,3180,4868,d__Bacteria;p__Bacillota;c__Clostridia;o__Peptostreptococcales;f__Anaerovoracaceae;g__UBA1426;s__UBA1426 sp002329675
20000,0.0008900756564307966,0.0028735632183908046,0.0004450378282153983,0.00020542317173377156,1.0,1.0,0.0,/group/ctbrowngrp5/sourmash-db.new/gtdb-rs226/gtdb-rs226-k51.dna.rocksdb,GCA_028727145.1 Clostridiales bacterium,f455aa9c11b6c19b1251397fae766f23,0.005747126436781609,10000,254,13250000,outputs.mapping/bams.cds.rand/ERR3211929.x.s__Bariatricus sp004560705.fastq.gz,ERR3211929.x.s__Bariatricus sp004560705,5ed9a646,22470000,51,DNA,10000,2247,True,0.8713343627911191,0.9037902706106046,0.8875623167008618,0.9037902706106046,True,1,3181,4868,d__Bacteria;p__Bacillota;c__Clostridia;o__Lachnospirales;f__Lachnospiraceae;g__Roseburia;s__Roseburia sp022771695
10000,0.0004450378282153983,0.0037735849056603774,0.0004450378282153983,0.00020542317173377156,1.0,1.0,0.0,/group/ctbrowngrp5/sourmash-db.new/gtdb-rs226/gtdb-rs226-k51.dna.rocksdb,GCA_034093895.1 Candidatus Choladocola sp.,b60e00fae5b93a04b3b385f2aa7270ae,0.0037735849056603774,10000,255,13240000,outputs.mapping/bams.cds.rand/ERR3211929.x.s__Bariatricus sp004560705.fastq.gz,ERR3211929.x.s__Bariatricus sp004560705,5ed9a646,22470000,51,DNA,10000,2247,True,0.8595720643424913,0.8963660000844977,0.8779690322134945,0.8963660000844977,True,1,3182,4868,d__Bacteria;p__Bacillota;c__Clostridia;o__Lachnospirales;f__Lachnospiraceae;g__Choladousia;s__Choladousia sp034093895
10000,0.0004450378282153983,0.00398406374501992,0.0004450378282153983,0.00020542317173377156,1.0,1.0,0.0,/group/ctbrowngrp5/sourmash-db.new/gtdb-rs226/gtdb-rs226-k51.dna.rocksdb,GCA_034180035.1 Anaerobutyricum sp.,89e79d0aed333d99ff28cb4ecd878d94,0.00398406374501992,10000,256,13230000,outputs.mapping/bams.cds.rand/ERR3211929.x.s__Bariatricus sp004560705.fastq.gz,ERR3211929.x.s__Bariatricus sp004560705,5ed9a646,22470000,51,DNA,10000,2247,True,0.8595720643424913,0.8973204678127464,0.8784462660776189,0.8973204678127464,True,1,3183,4868,d__Bacteria;p__Bacillota;c__Clostridia;o__Lachnospirales;f__Lachnospiraceae;g__Anaerobutyricum;s__Anaerobutyricum sp022764265
10000,0.0004450378282153983,0.002183406113537118,0.0004450378282153983,0.00020542317173377156,1.0,1.0,0.0,/group/ctbrowngrp5/sourmash-db.new/gtdb-rs226/gtdb-rs226-k51.dna.rocksdb,GCA_021770565.1 Lachnospiraceae bacterium,97e9cb0ee8d687e881d6a8d07eb97c7d,0.002183406113537118,10000,257,13220000,outputs.mapping/bams.cds.rand/ERR3211929.x.s__Bariatricus sp004560705.fastq.gz,ERR3211929.x.s__Bariatricus sp004560705,5ed9a646,22470000,51,DNA,10000,2247,True,0.8595720643424913,0.8868009855505065,0.873186524946499,0.8868009855505065,True,1,3184,4868,d__Bacteria;p__Bacillota;c__Clostridia;o__Lachnospirales;f__Lachnospiraceae;g__UBA3282;s__UBA3282 sp910577735
10000,0.0004450378282153983,0.003676470588235294,0.0004450378282153983,0.00020542317173377156,1.0,1.0,0.0,/group/ctbrowngrp5/sourmash-db.new/gtdb-rs226/gtdb-rs226-k51.dna.rocksdb,GCA_963612285.1 bacterium,b30f8e8df03bb93ff677265dd9c13ea0,0.003676470588235294,10000,258,13210000,outputs.mapping/bams.cds.rand/ERR3211929.x.s__Bariatricus sp004560705.fastq.gz,ERR3211929.x.s__Bariatricus sp004560705,5ed9a646,22470000,51,DNA,10000,2247,True,0.8595720643424913,0.8959078766119833,0.8777399704772373,0.8959078766119833,True,1,3185,4868,d__Bacteria;p__Bacillota;c__Clostridia;o__Lachnospirales;f__Lachnospiraceae;g__Roseburia_C;s__Roseburia_C amylophila
150000,0.006675567423230975,0.0025,0.0004450378282153983,0.00020542317173377156,1.0,1.0,0.0,/group/ctbrowngrp5/sourmash-db.new/gtdb-rs226/gtdb-rs226-k51.dna.rocksdb,GCA_020687465.1 Fusicatenibacter sp. CLA-AA-H213,37590b194251caa9407731f357fe3a3b,0.0375,10000,259,13200000,outputs.mapping/bams.cds.rand/ERR3211929.x.s__Bariatricus sp004560705.fastq.gz,ERR3211929.x.s__Bariatricus sp004560705,5ed9a646,22470000,51,DNA,10000,2247,True,0.9064480220171084,0.9376479938860117,0.9220480079515601,0.9376479938860117,False,1,3186,4868,d__Bacteria;p__Bacillota;c__Clostridia;o__Lachnospirales;f__Lachnospiraceae;g__Oliverpabstia;s__Oliverpabstia intestinalis
10000,0.0004450378282153983,0.002421307506053269,0.0004450378282153983,0.00020542317173377156,1.0,1.0,0.0,/group/ctbrowngrp5/sourmash-db.new/gtdb-rs226/gtdb-rs226-k51.dna.rocksdb,GCA_029564375.1 Bacillota bacterium,89d9a25c6c315ebc57aec7299ea704d2,0.002421307506053269,10000,260,13190000,outputs.mapping/bams.cds.rand/ERR3211929.x.s__Bariatricus sp004560705.fastq.gz,ERR3211929.x.s__Bariatricus sp004560705,5ed9a646,22470000,51,DNA,10000,2247,True,0.8595720643424913,0.8886011311281603,0.8740865977353258,0.8886011311281603,True,1,3187,4868,d__Bacteria;p__Bacillota;c__Clostridia;o__Oscillospirales;f__Ruminococcaceae;g__Ruminococcus;s__Ruminococcus flavefaciens_A
10000,0.0004450378282153983,0.005847953216374269,0.0004450378282153983,0.00020542317173377156,1.0,1.0,0.0,/group/ctbrowngrp5/sourmash-db.new/gtdb-rs226/gtdb-rs226-k51.dna.rocksdb,GCA_029219805.1 Coriobacteriaceae bacterium,3ebdf4e1b33e22fa104a3ecac7212b59,0.005847953216374269,10000,261,13180000,outputs.mapping/bams.cds.rand/ERR3211929.x.s__Bariatricus sp004560705.fastq.gz,ERR3211929.x.s__Bariatricus sp004560705,5ed9a646,22470000,51,DNA,10000,2247,True,0.8595720643424913,0.9040985288120411,0.8818352965772662,0.9040985288120411,True,1,3188,4868,d__Bacteria;p__Actinomycetota;c__Coriobacteriia;o__Coriobacteriales;f__QAMH01;g__W2P13-069;s__W2P13-069 sp004553405
10000,0.0004450378282153983,0.003134796238244514,0.0004450378282153983,0.0006162695152013147,3.0,3.0,0.0,/group/ctbrowngrp5/sourmash-db.new/gtdb-rs226/gtdb-rs226-k51.dna.rocksdb,GCA_035434925.1 Prevotella sp.,25f4e4a7be77d692aa158d27fa5005ed,0.003134796238244514,10000,262,13170000,outputs.mapping/bams.cds.rand/ERR3211929.x.s__Bariatricus sp004560705.fastq.gz,ERR3211929.x.s__Bariatricus sp004560705,5ed9a646,22470000,51,DNA,10000,2247,True,0.8595720643424913,0.8931122886873784,0.8763421765149348,0.8931122886873784,True,3,3191,4868,d__Bacteria;p__Bacteroidota;c__Bacteroidia;o__Bacteroidales;f__Bacteroidaceae;g__Prevotella;s__Prevotella sp000436035
60000,0.0026702269692923898,0.0033333333333333335,0.0004450378282153983,0.00020542317173377156,1.0,1.0,0.0,/group/ctbrowngrp5/sourmash-db.new/gtdb-rs226/gtdb-rs226-k51.dna.rocksdb,GCF_027697605.1 Agathobacter rectalis,a503546527b38c89593f64fee0d763aa,0.02,10000,263,13160000,outputs.mapping/bams.cds.rand/ERR3211929.x.s__Bariatricus sp004560705.fastq.gz,ERR3211929.x.s__Bariatricus sp004560705,5ed9a646,22470000,51,DNA,10000,2247,True,0.8903077633027002,0.9261617964232596,0.90823477986298,0.9261617964232596,True,1,3192,4868,d__Bacteria;p__Bacillota;c__Clostridia;o__Lachnospirales;f__Lachnospiraceae;g__Agathobacter;s__Agathobacter rectalis
10000,0.0004450378282153983,0.0034965034965034965,0.0004450378282153983,0.0004108463434675431,2.0,2.0,0.0,/group/ctbrowngrp5/sourmash-db.new/gtdb-rs226/gtdb-rs226-k51.dna.rocksdb,GCA_945869265.1 uncultured Prevotella sp.,33193da5f8eacad67419eebc3e05da30,0.0034965034965034965,10000,264,13150000,outputs.mapping/bams.cds.rand/ERR3211929.x.s__Bariatricus sp004560705.fastq.gz,ERR3211929.x.s__Bariatricus sp004560705,5ed9a646,22470000,51,DNA,10000,2247,True,0.8595720643424913,0.8950266360394882,0.8772993501909898,0.8950266360394882,True,2,3194,4868,d__Bacteria;p__Bacteroidota;c__Bacteroidia;o__Bacteroidales;f__Bacteroidaceae;g__Prevotella;s__Prevotella sp945869265
20000,0.0008900756564307966,0.005025125628140704,0.0004450378282153983,0.0004108463434675431,2.0,2.0,0.0,/group/ctbrowngrp5/sourmash-db.new/gtdb-rs226/gtdb-rs226-k51.dna.rocksdb,GCA_029006955.1 Lachnospiraceae bacterium,26eafab903384516aa3d1da86dc3a69f,0.010050251256281407,10000,265,13140000,outputs.mapping/bams.cds.rand/ERR3211929.x.s__Bariatricus sp004560705.fastq.gz,ERR3211929.x.s__Bariatricus sp004560705,5ed9a646,22470000,51,DNA,10000,2247,True,0.8713343627911191,0.9137491761859651,0.892541769488542,0.9137491761859651,True,2,3196,4868,d__Bacteria;p__Bacillota;c__Clostridia;o__Lachnospirales;f__Lachnospiraceae;g__Agathobacter;s__Agathobacter sp022775045
10000,0.0004450378282153983,0.001451378809869376,0.0004450378282153983,0.0008216926869350862,4.0,4.0,0.0,/group/ctbrowngrp5/sourmash-db.new/gtdb-rs226/gtdb-rs226-k51.dna.rocksdb,GCA_902484955.1 uncultured Bacteroides sp.,bd6e9f7d5ed0dbcaeb858a439c01072e,0.001451378809869376,10000,266,13130000,outputs.mapping/bams.cds.rand/ERR3211929.x.s__Bariatricus sp004560705.fastq.gz,ERR3211929.x.s__Bariatricus sp004560705,5ed9a646,22470000,51,DNA,10000,2247,True,0.8595720643424913,0.8797284614097737,0.8696502628761325,0.8797284614097737,True,4,3200,4868,d__Bacteria;p__Bacteroidota;c__Bacteroidia;o__Bacteroidales;f__Bacteroidaceae;g__Bacteroides;s__Bacteroides sp900765785
30000,0.0013351134846461949,0.0033222591362126247,0.0004450378282153983,0.0006162695152013147,3.0,3.0,0.0,/group/ctbrowngrp5/sourmash-db.new/gtdb-rs226/gtdb-rs226-k51.dna.rocksdb,GCA_022771625.1 Prevotella sp.,f94923f2da488c81c7acffe33fea799e,0.009966777408637873,10000,267,13120000,outputs.mapping/bams.cds.rand/ERR3211929.x.s__Bariatricus sp004560705.fastq.gz,ERR3211929.x.s__Bariatricus sp004560705,5ed9a646,22470000,51,DNA,10000,2247,True,0.8782893395261471,0.9135997575918425,0.8959445485589947,0.9135997575918425,True,3,3203,4868,d__Bacteria;p__Bacteroidota;c__Bacteroidia;o__Bacteroidales;f__Bacteroidaceae;g__Prevotella;s__Prevotella sp022771625
10000,0.0004450378282153983,0.007352941176470588,0.0004450378282153983,0.00020542317173377156,1.0,1.0,0.0,/group/ctbrowngrp5/sourmash-db.new/gtdb-rs226/gtdb-rs226-k51.dna.rocksdb,GCA_945834095.1 uncultured Lachnospiraceae bacterium,f63d3ffe1ea20ca029ccc33464021f78,0.007352941176470588,10000,268,13110000,outputs.mapping/bams.cds.rand/ERR3211929.x.s__Bariatricus sp004560705.fastq.gz,ERR3211929.x.s__Bariatricus sp004560705,5ed9a646,22470000,51,DNA,10000,2247,True,0.8595720643424913,0.9081673906938506,0.883869727518171,0.9081673906938506,True,1,3204,4868,d__Bacteria;p__Bacillota;c__Clostridia;o__Lachnospirales;f__Lachnospiraceae;g__Colinaster;s__Colinaster sp900766815
10000,0.0004450378282153983,0.004694835680751174,0.0004450378282153983,0.00020542317173377156,1.0,1.0,0.0,/group/ctbrowngrp5/sourmash-db.new/gtdb-rs226/gtdb-rs226-k51.dna.rocksdb,GCA_034113025.1 Candidatus Cryptobacteroides sp.,415be4f81e119b9d9caee287ad13f05a,0.004694835680751174,10000,269,13100000,outputs.mapping/bams.cds.rand/ERR3211929.x.s__Bariatricus sp004560705.fastq.gz,ERR3211929.x.s__Bariatricus sp004560705,5ed9a646,22470000,51,DNA,10000,2247,True,0.8595720643424913,0.9002134511815334,0.8798927577620124,0.9002134511815334,True,1,3205,4868,d__Bacteria;p__Bacteroidota;c__Bacteroidia;o__Bacteroidales;f__UBA932;g__Cryptobacteroides;s__Cryptobacteroides sp945874155
50000,0.0022251891410769915,0.004424778761061947,0.0004450378282153983,0.0018488085456039441,9.0,9.0,0.0,/group/ctbrowngrp5/sourmash-db.new/gtdb-rs226/gtdb-rs226-k51.dna.rocksdb,GCA_022775045.1 Agathobacter sp.,8c2a7ae6737e3ba5c12890463865a54d,0.022123893805309734,10000,270,13090000,outputs.mapping/bams.cds.rand/ERR3211929.x.s__Bariatricus sp004560705.fastq.gz,ERR3211929.x.s__Bariatricus sp004560705,5ed9a646,22470000,51,DNA,10000,2247,True,0.887130655513573,0.9279964293750153,0.907563542444294,0.9279964293750153,True,9,3214,4868,d__Bacteria;p__Bacillota;c__Clostridia;o__Lachnospirales;f__Lachnospiraceae;g__Agathobacter;s__Agathobacter sp022775045
10000,0.0004450378282153983,0.004672897196261682,0.0004450378282153983,0.0004108463434675431,2.0,2.0,0.0,/group/ctbrowngrp5/sourmash-db.new/gtdb-rs226/gtdb-rs226-k51.dna.rocksdb,GCA_934589235.1 uncultured Dysosmobacter sp.,c8b936eda56b95ba861f116639d29b8d,0.004672897196261682,10000,271,13080000,outputs.mapping/bams.cds.rand/ERR3211929.x.s__Bariatricus sp004560705.fastq.gz,ERR3211929.x.s__Bariatricus sp004560705,5ed9a646,22470000,51,DNA,10000,2247,True,0.8595720643424913,0.9001307792101635,0.8798514217763274,0.9001307792101635,True,2,3216,4868,d__Bacteria;p__Bacillota;c__Clostridia;o__Oscillospirales;f__Oscillospiraceae;g__Oscillibacter;s__Oscillibacter segnis
20000,0.0008900756564307966,0.0053475935828877,0.0004450378282153983,0.00020542317173377156,1.0,1.0,0.0,/group/ctbrowngrp5/sourmash-db.new/gtdb-rs226/gtdb-rs226-k51.dna.rocksdb,GCA_934316545.1 uncultured Agathobacter sp.,a63087155136ee9516c65258683d87e9,0.0106951871657754,10000,272,13070000,outputs.mapping/bams.cds.rand/ERR3211929.x.s__Bariatricus sp004560705.fastq.gz,ERR3211929.x.s__Bariatricus sp004560705,5ed9a646,22470000,51,DNA,10000,2247,True,0.8713343627911191,0.9148642036741179,0.8930992832326186,0.9148642036741179,True,1,3217,4868,d__Bacteria;p__Bacillota;c__Clostridia;o__Lachnospirales;f__Lachnospiraceae;g__Agathobacter;s__Agathobacter sp934316545
10000,0.0004450378282153983,0.002173913043478261,0.0004450378282153983,0.0004108463434675431,2.0,2.0,0.0,/group/ctbrowngrp5/sourmash-db.new/gtdb-rs226/gtdb-rs226-k51.dna.rocksdb,GCA_910575375.1 Lachnospiraceae bacterium,bb044e2933db8d38e7e0092e89d198a9,0.002173913043478261,10000,273,13060000,outputs.mapping/bams.cds.rand/ERR3211929.x.s__Bariatricus sp004560705.fastq.gz,ERR3211929.x.s__Bariatricus sp004560705,5ed9a646,22470000,51,DNA,10000,2247,True,0.8595720643424913,0.8867252228518284,0.8731486435971598,0.8867252228518284,True,2,3219,4868,d__Bacteria;p__Bacillota;c__Clostridia;o__Lachnospirales;f__Lachnospiraceae;g__1XD8-76;s__1XD8-76 sp910573755
10000,0.0004450378282153983,0.003861003861003861,0.0004450378282153983,0.00020542317173377156,1.0,1.0,0.0,/group/ctbrowngrp5/sourmash-db.new/gtdb-rs226/gtdb-rs226-k51.dna.rocksdb,GCA_030526355.1 Bacillota bacterium,18117e7c547355503e154e6adf75476a,0.003861003861003861,10000,274,13050000,outputs.mapping/bams.cds.rand/ERR3211929.x.s__Bariatricus sp004560705.fastq.gz,ERR3211929.x.s__Bariatricus sp004560705,5ed9a646,22470000,51,DNA,10000,2247,True,0.8595720643424913,0.8967686073925827,0.878170335867537,0.8967686073925827,True,1,3220,4868,d__Bacteria;p__Bacillota;c__Clostridia;o__Peptostreptococcales;f__Anaerovoracaceae;g__Lentihominibacter;s__Lentihominibacter sp030526355
10000,0.0004450378282153983,0.003663003663003663,0.0004450378282153983,0.00020542317173377156,1.0,1.0,0.0,/group/ctbrowngrp5/sourmash-db.new/gtdb-rs226/gtdb-rs226-k51.dna.rocksdb,GCA_016303085.1 Acetatifactor sp.,adc1dc1736aa0165d04e2400d31df7c7,0.003663003663003663,10000,275,13040000,outputs.mapping/bams.cds.rand/ERR3211929.x.s__Bariatricus sp004560705.fastq.gz,ERR3211929.x.s__Bariatricus sp004560705,5ed9a646,22470000,51,DNA,10000,2247,True,0.8595720643424913,0.8958434134603346,0.877707738901413,0.8958434134603346,True,1,3221,4868,d__Bacteria;p__Bacillota;c__Clostridia;o__Lachnospirales;f__Lachnospiraceae;g__Acetatifactor;s__Acetatifactor sp016303085
10000,0.0004450378282153983,0.004464285714285714,0.0004450378282153983,0.0004108463434675431,2.0,2.0,0.0,/group/ctbrowngrp5/sourmash-db.new/gtdb-rs226/gtdb-rs226-k51.dna.rocksdb,GCA_022774025.1 Spirochaetia bacterium,ad18e69fa32083580ecbed8950be85ba,0.004464285714285714,10000,276,13030000,outputs.mapping/bams.cds.rand/ERR3211929.x.s__Bariatricus sp004560705.fastq.gz,ERR3211929.x.s__Bariatricus sp004560705,5ed9a646,22470000,51,DNA,10000,2247,True,0.8595720643424913,0.8993250810736236,0.8794485727080574,0.8993250810736236,True,2,3223,4868,d__Bacteria;p__Spirochaetota;c__Spirochaetia;o__Treponematales;f__Treponemataceae;g__Treponema_F;s__Treponema_F excrementipullorum
10000,0.0004450378282153983,0.00392156862745098,0.0004450378282153983,0.00020542317173377156,1.0,1.0,0.0,/group/ctbrowngrp5/sourmash-db.new/gtdb-rs226/gtdb-rs226-k51.dna.rocksdb,GCA_902788765.1 uncultured Erysipelotrichaceae bacterium,253b39ae42ac8002f4768f76d659e3a2,0.00392156862745098,10000,277,13020000,outputs.mapping/bams.cds.rand/ERR3211929.x.s__Bariatricus sp004560705.fastq.gz,ERR3211929.x.s__Bariatricus sp004560705,5ed9a646,22470000,51,DNA,10000,2247,True,0.8595720643424913,0.8970423309200757,0.8783071976312835,0.8970423309200757,True,1,3224,4868,d__Bacteria;p__Bacillota;c__Bacilli;o__Erysipelotrichales;f__Coprobacillaceae;g__Intestinibaculum;s__Intestinibaculum porci
20000,0.0008900756564307966,0.0024154589371980675,0.0004450378282153983,0.00020542317173377156,1.0,1.0,0.0,/group/ctbrowngrp5/sourmash-db.new/gtdb-rs226/gtdb-rs226-k51.dna.rocksdb,GCF_003990395.1 Cellulosilyticum sp. WCF-2,0b272c688dcf54e7f1d0b6c1f7f6dab0,0.004830917874396135,10000,278,13010000,outputs.mapping/bams.cds.rand/ERR3211929.x.s__Bariatricus sp004560705.fastq.gz,ERR3211929.x.s__Bariatricus sp004560705,5ed9a646,22470000,51,DNA,10000,2247,True,0.8713343627911191,0.9007179480665418,0.8860261554288305,0.9007179480665418,True,1,3225,4868,d__Bacteria;p__Bacillota;c__Clostridia;o__Lachnospirales;f__Cellulosilyticaceae;g__Cellulosilyticum;s__Cellulosilyticum lentocellum
130000,0.005785491766800178,0.004219409282700422,0.0004450378282153983,0.001437962202136401,7.0,7.0,0.0,/group/ctbrowngrp5/sourmash-db.new/gtdb-rs226/gtdb-rs226-k51.dna.rocksdb,GCA_022786065.1 Lachnobacterium sp.,ceaa93bad278361f69aa5699fc0f8f44,0.05485232067510549,10000,279,13000000,outputs.mapping/bams.cds.rand/ERR3211929.x.s__Bariatricus sp004560705.fastq.gz,ERR3211929.x.s__Bariatricus sp004560705,5ed9a646,22470000,51,DNA,10000,2247,True,0.9039081854425103,0.9446661060480478,0.924287145745279,0.9446661060480478,False,7,3232,4868,d__Bacteria;p__Bacillota;c__Clostridia;o__Lachnospirales;f__Lachnospiraceae;g__Agathobacter;s__Agathobacter sp900549895
30000,0.0013351134846461949,0.0028011204481792717,0.0004450378282153983,0.00020542317173377156,1.0,1.0,0.0,/group/ctbrowngrp5/sourmash-db.new/gtdb-rs226/gtdb-rs226-k51.dna.rocksdb,GCF_002251245.1 Prevotella sp. P5-92,89bbe07edc2e6138aa3281ac124654b9,0.008403361344537815,10000,280,12990000,outputs.mapping/bams.cds.rand/ERR3211929.x.s__Bariatricus sp004560705.fastq.gz,ERR3211929.x.s__Bariatricus sp004560705,5ed9a646,22470000,51,DNA,10000,2247,True,0.8782893395261471,0.9105483270059616,0.8944188332660543,0.9105483270059616,True,1,3233,4868,d__Bacteria;p__Bacteroidota;c__Bacteroidia;o__Bacteroidales;f__Bacteroidaceae;g__Prevotella;s__Prevotella sp002251245
90000,0.004005340453938585,0.0035714285714285713,0.0004450378282153983,0.00020542317173377156,1.0,1.0,0.0,/group/ctbrowngrp5/sourmash-db.new/gtdb-rs226/gtdb-rs226-k51.dna.rocksdb,GCA_946055295.1 uncultured Lachnospiraceae bacterium,f8fb263de90251262e89cbe7b29cbbba,0.03214285714285714,10000,281,12980000,outputs.mapping/bams.cds.rand/ERR3211929.x.s__Bariatricus sp004560705.fastq.gz,ERR3211929.x.s__Bariatricus sp004560705,5ed9a646,22470000,51,DNA,10000,2247,True,0.8974141854125206,0.9348181731717394,0.91611617929213,0.9348181731717394,False,1,3234,4868,d__Bacteria;p__Bacillota;c__Clostridia;o__Lachnospirales;f__Lachnospiraceae;g__Suilimivivens;s__Suilimivivens sp018384375
50000,0.0022251891410769915,0.0024937655860349127,0.0004450378282153983,0.00020542317173377156,1.0,1.0,0.0,/group/ctbrowngrp5/sourmash-db.new/gtdb-rs226/gtdb-rs226-k51.dna.rocksdb,GCA_040096535.1 Sakamotonia hominis,f5601e07623d89aa3ebf9612edd86249,0.012468827930174564,10000,282,12970000,outputs.mapping/bams.cds.rand/ERR3211929.x.s__Bariatricus sp004560705.fastq.gz,ERR3211929.x.s__Bariatricus sp004560705,5ed9a646,22470000,51,DNA,10000,2247,True,0.887130655513573,0.9176207965897019,0.9023757260516374,0.9176207965897019,True,1,3235,4868,d__Bacteria;p__Bacillota;c__Clostridia;o__Lachnospirales;f__Lachnospiraceae;g__Pilosibacter;s__Pilosibacter fragilis
10000,0.0004450378282153983,0.004629629629629629,0.0004450378282153983,0.00020542317173377156,1.0,1.0,0.0,/group/ctbrowngrp5/sourmash-db.new/gtdb-rs226/gtdb-rs226-k51.dna.rocksdb,GCA_945486915.1 uncultured Clostridia bacterium,ccc6cf697d151ed5cd3355c2ad9c976e,0.004629629629629629,10000,283,12960000,outputs.mapping/bams.cds.rand/ERR3211929.x.s__Bariatricus sp004560705.fastq.gz,ERR3211929.x.s__Bariatricus sp004560705,5ed9a646,22470000,51,DNA,10000,2247,True,0.8595720643424913,0.8999666104581765,0.8797693374003339,0.8999666104581765,True,1,3236,4868,d__Bacteria;p__Bacillota;c__Clostridia;o__Oscillospirales;f__Oscillospiraceae;g__Faecousia;s__Faecousia sp945486915
10000,0.0004450378282153983,0.002570694087403599,0.0004450378282153983,0.0004108463434675431,2.0,2.0,0.0,/group/ctbrowngrp5/sourmash-db.new/gtdb-rs226/gtdb-rs226-k51.dna.rocksdb,GCF_040919265.1 Roseburia hominis,0524da7fdaa87fdceba6c40f19e62a22,0.002570694087403599,10000,284,12950000,outputs.mapping/bams.cds.rand/ERR3211929.x.s__Bariatricus sp004560705.fastq.gz,ERR3211929.x.s__Bariatricus sp004560705,5ed9a646,22470000,51,DNA,10000,2247,True,0.8595720643424913,0.8896448611500511,0.8746084627462712,0.8896448611500511,True,2,3238,4868,d__Bacteria;p__Bacillota;c__Clostridia;o__Lachnospirales;f__Lachnospiraceae;g__Roseburia;s__Roseburia hominis
30000,0.0013351134846461949,0.00390625,0.0004450378282153983,0.00020542317173377156,1.0,1.0,0.0,/group/ctbrowngrp5/sourmash-db.new/gtdb-rs226/gtdb-rs226-k51.dna.rocksdb,GCA_034086885.1 Lachnospiraceae bacterium,27c058a131c82c8e30aede7d90a20361,0.01171875,10000,285,12940000,outputs.mapping/bams.cds.rand/ERR3211929.x.s__Bariatricus sp004560705.fastq.gz,ERR3211929.x.s__Bariatricus sp004560705,5ed9a646,22470000,51,DNA,10000,2247,True,0.8782893395261471,0.9165051870634132,0.8973972632947802,0.9165051870634132,True,1,3239,4868,d__Bacteria;p__Bacillota;c__Clostridia;o__Lachnospirales;f__Lachnospiraceae;g__JAFBIX01;s__JAFBIX01 sp021531895
30000,0.0013351134846461949,0.0030864197530864196,0.0004450378282153983,0.0004108463434675431,2.0,2.0,0.0,/group/ctbrowngrp5/sourmash-db.new/gtdb-rs226/gtdb-rs226-k51.dna.rocksdb,GCA_019409795.1 Prevotella sp.,2ca742dea9c4bc6ccd9b459481ba55e6,0.009259259259259259,10000,286,12930000,outputs.mapping/bams.cds.rand/ERR3211929.x.s__Bariatricus sp004560705.fastq.gz,ERR3211929.x.s__Bariatricus sp004560705,5ed9a646,22470000,51,DNA,10000,2247,True,0.8782893395261471,0.9122816638494313,0.8952855016877892,0.9122816638494313,True,2,3241,4868,d__Bacteria;p__Bacteroidota;c__Bacteroidia;o__Bacteroidales;f__Bacteroidaceae;g__Prevotella;s__Prevotella copri
10000,0.0004450378282153983,0.0035587188612099642,0.0004450378282153983,0.0016433853738701725,8.0,8.0,0.0,/group/ctbrowngrp5/sourmash-db.new/gtdb-rs226/gtdb-rs226-k51.dna.rocksdb,GCA_022768725.1 Prevotella sp.,dd0c38e8bd3e859048d9d3b7b6abd04a,0.0035587188612099642,10000,287,12920000,outputs.mapping/bams.cds.rand/ERR3211929.x.s__Bariatricus sp004560705.fastq.gz,ERR3211929.x.s__Bariatricus sp004560705,5ed9a646,22470000,51,DNA,10000,2247,True,0.8595720643424913,0.8953362133195951,0.8774541388310433,0.8953362133195951,True,8,3249,4868,d__Bacteria;p__Bacteroidota;c__Bacteroidia;o__Bacteroidales;f__Bacteroidaceae;g__Prevotella;s__Prevotella sp900548195
10000,0.0004450378282153983,0.005405405405405406,0.0004450378282153983,0.0004108463434675431,2.0,2.0,0.0,/group/ctbrowngrp5/sourmash-db.new/gtdb-rs226/gtdb-rs226-k51.dna.rocksdb,GCA_022779045.1 Clostridiales bacterium,4c4e8320753662a0d4f93410319d17f6,0.005405405405405406,10000,288,12910000,outputs.mapping/bams.cds.rand/ERR3211929.x.s__Bariatricus sp004560705.fastq.gz,ERR3211929.x.s__Bariatricus sp004560705,5ed9a646,22470000,51,DNA,10000,2247,True,0.8595720643424913,0.9027045934360562,0.8811383288892738,0.9027045934360562,True,2,3251,4868,d__Bacteria;p__Bacillota;c__Clostridia;o__Oscillospirales;f__Oscillospiraceae;g__Vescimonas;s__Vescimonas sp900313295
10000,0.0004450378282153983,0.0035460992907801418,0.0004450378282153983,0.001027115858668858,5.0,5.0,0.0,/group/ctbrowngrp5/sourmash-db.new/gtdb-rs226/gtdb-rs226-k51.dna.rocksdb,GCA_902755995.1 uncultured Prevotellaceae bacterium,fb3f191e51538490b22f4dfd75ede5bf,0.0035460992907801418,10000,289,12900000,outputs.mapping/bams.cds.rand/ERR3211929.x.s__Bariatricus sp004560705.fastq.gz,ERR3211929.x.s__Bariatricus sp004560705,5ed9a646,22470000,51,DNA,10000,2247,True,0.8595720643424913,0.8952738509072189,0.8774229576248551,0.8952738509072189,True,5,3256,4868,d__Bacteria;p__Bacteroidota;c__Bacteroidia;o__Bacteroidales;f__Bacteroidaceae;g__Prevotella;s__Prevotella sp900313215
30000,0.0013351134846461949,0.004347826086956522,0.0004450378282153983,0.0006162695152013147,3.0,3.0,0.0,/group/ctbrowngrp5/sourmash-db.new/gtdb-rs226/gtdb-rs226-k51.dna.rocksdb,GCA_037325705.1 bacterium,dff73d987f78192d59a26177435ceb32,0.013043478260869565,10000,290,12890000,outputs.mapping/bams.cds.rand/ERR3211929.x.s__Bariatricus sp004560705.fastq.gz,ERR3211929.x.s__Bariatricus sp004560705,5ed9a646,22470000,51,DNA,10000,2247,True,0.8782893395261471,0.9184318366897796,0.8983605881079633,0.9184318366897796,True,3,3259,4868,d__Bacteria;p__Bacillota;c__Clostridia;o__Christensenellales;f__CAG-138;g__PeH17;s__PeH17 sp000435055
60000,0.0026702269692923898,0.0030581039755351682,0.0004450378282153983,0.0008216926869350862,4.0,4.0,0.0,/group/ctbrowngrp5/sourmash-db.new/gtdb-rs226/gtdb-rs226-k51.dna.rocksdb,GCA_027693305.1 Lachnospiraceae bacterium OF27-10pH9A,8b3d116bae137cff92bd80ecd04c24cd,0.01834862385321101,10000,291,12880000,outputs.mapping/bams.cds.rand/ERR3211929.x.s__Bariatricus sp004560705.fastq.gz,ERR3211929.x.s__Bariatricus sp004560705,5ed9a646,22470000,51,DNA,10000,2247,True,0.8903077633027002,0.9245981279073383,0.9074529456050193,0.9245981279073383,True,4,3263,4868,d__Bacteria;p__Bacillota;c__Clostridia;o__Lachnospirales;f__Lachnospiraceae;g__Agathobacter;s__Agathobacter sp900543445
10000,0.0004450378282153983,0.005235602094240838,0.0004450378282153983,0.00020542317173377156,1.0,1.0,0.0,/group/ctbrowngrp5/sourmash-db.new/gtdb-rs226/gtdb-rs226-k51.dna.rocksdb,GCA_036312125.1 Clostridia bacterium,f32336d597db0115a67f672ecafa760a,0.005235602094240838,10000,292,12870000,outputs.mapping/bams.cds.rand/ERR3211929.x.s__Bariatricus sp004560705.fastq.gz,ERR3211929.x.s__Bariatricus sp004560705,5ed9a646,22470000,51,DNA,10000,2247,True,0.8595720643424913,0.9021398257330133,0.8808559450377523,0.9021398257330133,True,1,3264,4868,d__Bacteria;p__Bacillota;c__Clostridia;o__Peptostreptococcales;f__Anaerovoracaceae;g__Mogibacterium_A;s__Mogibacterium_A kristiansenii
10000,0.0004450378282153983,0.004310344827586207,0.0004450378282153983,0.00020542317173377156,1.0,1.0,0.0,/group/ctbrowngrp5/sourmash-db.new/gtdb-rs226/gtdb-rs226-k51.dna.rocksdb,GCA_946011705.1 uncultured Clostridia bacterium,b394ebe4dadd6e43b2743549ccc8c710,0.004310344827586207,10000,293,12860000,outputs.mapping/bams.cds.rand/ERR3211929.x.s__Bariatricus sp004560705.fastq.gz,ERR3211929.x.s__Bariatricus sp004560705,5ed9a646,22470000,51,DNA,10000,2247,True,0.8595720643424913,0.8987064997133993,0.8791392820279453,0.8987064997133993,True,1,3265,4868,d__Bacteria;p__Bacillota;c__Clostridia;o__Oscillospirales;f__Oscillospiraceae;g__Faecousia;s__Faecousia sp946011705
60000,0.0026702269692923898,0.005291005291005291,0.0004450378282153983,0.00020542317173377156,1.0,1.0,0.0,/group/ctbrowngrp5/sourmash-db.new/gtdb-rs226/gtdb-rs226-k51.dna.rocksdb,GCA_945990645.1 uncultured Clostridia bacterium,45fa0b50da34eca5205d017ac311b353,0.031746031746031744,10000,294,12850000,outputs.mapping/bams.cds.rand/ERR3211929.x.s__Bariatricus sp004560705.fastq.gz,ERR3211929.x.s__Bariatricus sp004560705,5ed9a646,22470000,51,DNA,10000,2247,True,0.8903077633027002,0.9345904989903611,0.9124491311465306,0.9345904989903611,True,1,3266,4868,d__Bacteria;p__Bacillota;c__Clostridia;o__Oscillospirales;f__Acutalibacteraceae;g__Fimenecus;s__Fimenecus sp004556705
60000,0.0026702269692923898,0.00425531914893617,0.0004450378282153983,0.00020542317173377156,1.0,1.0,0.0,/group/ctbrowngrp5/sourmash-db.new/gtdb-rs226/gtdb-rs226-k51.dna.rocksdb,GCA_022777965.1 Lachnospiraceae bacterium,898408548f040ce8051aa03096087edd,0.02553191489361702,10000,295,12840000,outputs.mapping/bams.cds.rand/ERR3211929.x.s__Bariatricus sp004560705.fastq.gz,ERR3211929.x.s__Bariatricus sp004560705,5ed9a646,22470000,51,DNA,10000,2247,True,0.8903077633027002,0.9306070556760107,0.9104574094893554,0.9306070556760107,True,1,3267,4868,d__Bacteria;p__Bacillota;c__Clostridia;o__Lachnospirales;f__Lachnospiraceae;g__Eubacterium_Q;s__Eubacterium_Q sp900314445
10000,0.0004450378282153983,0.00558659217877095,0.0004450378282153983,0.00020542317173377156,1.0,1.0,0.0,/group/ctbrowngrp5/sourmash-db.new/gtdb-rs226/gtdb-rs226-k51.dna.rocksdb,GCA_029099885.1 Bacteroidales bacterium,b572fe9fdb37767237613f45500f0b97,0.00558659217877095,10000,296,12830000,outputs.mapping/bams.cds.rand/ERR3211929.x.s__Bariatricus sp004560705.fastq.gz,ERR3211929.x.s__Bariatricus sp004560705,5ed9a646,22470000,51,DNA,10000,2247,True,0.8595720643424913,0.9032883544180165,0.881430209380254,0.9032883544180165,True,1,3268,4868,d__Bacteria;p__Bacteroidota;c__Bacteroidia;o__Bacteroidales;f__UBA932;g__Cryptobacteroides;s__Cryptobacteroides sp945870315
40000,0.0017801513128615932,0.003125,0.0004450378282153983,0.0004108463434675431,2.0,2.0,0.0,/group/ctbrowngrp5/sourmash-db.new/gtdb-rs226/gtdb-rs226-k51.dna.rocksdb,GCA_905208855.1 Lachnospiraceae bacterium,ac51e54f4519f4442c6683343405c5f9,0.0125,10000,297,12820000,outputs.mapping/bams.cds.rand/ERR3211929.x.s__Bariatricus sp004560705.fastq.gz,ERR3211929.x.s__Bariatricus sp004560705,5ed9a646,22470000,51,DNA,10000,2247,True,0.8832576153592834,0.9176657229678244,0.9004616691635539,0.9176657229678244,True,2,3270,4868,d__Bacteria;p__Bacillota;c__Clostridia;o__Lachnospirales;f__Lachnospiraceae;g__Agathobacter;s__Agathobacter faecis
10000,0.0004450378282153983,0.005128205128205128,0.0004450378282153983,0.00020542317173377156,1.0,1.0,0.0,/group/ctbrowngrp5/sourmash-db.new/gtdb-rs226/gtdb-rs226-k51.dna.rocksdb,GCA_037306825.1 bacterium,27e32318df3a786669ea395253320059,0.005128205128205128,10000,298,12810000,outputs.mapping/bams.cds.rand/ERR3211929.x.s__Bariatricus sp004560705.fastq.gz,ERR3211929.x.s__Bariatricus sp004560705,5ed9a646,22470000,51,DNA,10000,2247,True,0.8595720643424913,0.9017732753618344,0.8806726698521629,0.9017732753618344,True,1,3271,4868,d__Bacteria;p__Bacillota;c__Clostridia;o__Oscillospirales;f__Oscillospiraceae;g__Vescimonas;s__Vescimonas sp003487665
10000,0.0004450378282153983,0.0019157088122605363,0.0004450378282153983,0.00020542317173377156,1.0,1.0,0.0,/group/ctbrowngrp5/sourmash-db.new/gtdb-rs226/gtdb-rs226-k51.dna.rocksdb,GCA_016709845.1 Flammeovirgaceae bacterium,413cae90e0465009c67d61df9e9d3eab,0.0019157088122605363,10000,299,12800000,outputs.mapping/bams.cds.rand/ERR3211929.x.s__Bariatricus sp004560705.fastq.gz,ERR3211929.x.s__Bariatricus sp004560705,5ed9a646,22470000,51,DNA,10000,2247,True,0.8595720643424913,0.8845295436018308,0.8720508039721611,0.8845295436018308,True,1,3272,4868,d__Bacteria;p__Bacteroidota;c__Bacteroidia;o__Cytophagales;f__Cyclobacteriaceae;g__ELB16-189;s__ELB16-189 sp016709845
30000,0.0013351134846461949,0.004201680672268907,0.0004450378282153983,0.00020542317173377156,1.0,1.0,0.0,/group/ctbrowngrp5/sourmash-db.new/gtdb-rs226/gtdb-rs226-k51.dna.rocksdb,GCA_945873365.1 uncultured Ruminococcus sp.,6e39a0714701975056a23ecfb0c9e60e,0.012605042016806723,10000,300,12790000,outputs.mapping/bams.cds.rand/ERR3211929.x.s__Bariatricus sp004560705.fastq.gz,ERR3211929.x.s__Bariatricus sp004560705,5ed9a646,22470000,51,DNA,10000,2247,True,0.8782893395261471,0.9178163089665942,0.8980528242463706,0.9178163089665942,True,1,3273,4868,d__Bacteria;p__Bacillota;c__Clostridia;o__Lachnospirales;f__Lachnospiraceae;g__Blautia_A;s__Blautia_A sp900066205
10000,0.0004450378282153983,0.006289308176100629,0.0004450378282153983,0.00020542317173377156,1.0,1.0,0.0,/group/ctbrowngrp5/sourmash-db.new/gtdb-rs226/gtdb-rs226-k51.dna.rocksdb,GCA_034086705.1 Eubacteriales bacterium,89903deee54246dba13249b5a7a994ec,0.006289308176100629,10000,301,12780000,outputs.mapping/bams.cds.rand/ERR3211929.x.s__Bariatricus sp004560705.fastq.gz,ERR3211929.x.s__Bariatricus sp004560705,5ed9a646,22470000,51,DNA,10000,2247,True,0.8595720643424913,0.9053892851119669,0.8824806747272291,0.9053892851119669,True,1,3274,4868,d__Bacteria;p__Bacillota;c__Clostridia;o__Oscillospirales;f__CAG-272;g__UMGS1225;s__UMGS1225 sp034086705
10000,0.0004450378282153983,0.005076142131979695,0.0004450378282153983,0.00020542317173377156,1.0,1.0,0.0,/group/ctbrowngrp5/sourmash-db.new/gtdb-rs226/gtdb-rs226-k51.dna.rocksdb,GCA_034167515.1 Lachnospiraceae bacterium,f3dc280f93a02311f43da2648bd014a9,0.005076142131979695,10000,302,12770000,outputs.mapping/bams.cds.rand/ERR3211929.x.s__Bariatricus sp004560705.fastq.gz,ERR3211929.x.s__Bariatricus sp004560705,5ed9a646,22470000,51,DNA,10000,2247,True,0.8595720643424913,0.9015928650194664,0.8805824646809789,0.9015928650194664,True,1,3275,4868,d__Bacteria;p__Bacillota;c__Clostridia;o__Lachnospirales;f__Lachnospiraceae;g__UBA2868;s__UBA2868 sp004552595
60000,0.0026702269692923898,0.005291005291005291,0.0004450378282153983,0.0006162695152013147,3.0,3.0,0.0,/group/ctbrowngrp5/sourmash-db.new/gtdb-rs226/gtdb-rs226-k51.dna.rocksdb,GCA_022785515.1 Lachnospiraceae bacterium,6ea6c07acb39cd4c9d8bedfe3e95d7e8,0.031746031746031744,10000,303,12760000,outputs.mapping/bams.cds.rand/ERR3211929.x.s__Bariatricus sp004560705.fastq.gz,ERR3211929.x.s__Bariatricus sp004560705,5ed9a646,22470000,51,DNA,10000,2247,True,0.8903077633027002,0.9345904989903611,0.9124491311465306,0.9345904989903611,True,3,3278,4868,d__Bacteria;p__Bacillota;c__Clostridia;o__Lachnospirales;f__Lachnospiraceae;g__Weimeria;s__Weimeria sp900315505
20000,0.0008900756564307966,0.003246753246753247,0.0004450378282153983,0.00020542317173377156,1.0,1.0,0.0,/group/ctbrowngrp5/sourmash-db.new/gtdb-rs226/gtdb-rs226-k51.dna.rocksdb,GCA_902497165.1 uncultured Prevotella sp.,3406a311b6dd1e7286c87a71a0c322d0,0.006493506493506494,10000,304,12750000,outputs.mapping/bams.cds.rand/ERR3211929.x.s__Bariatricus sp004560705.fastq.gz,ERR3211929.x.s__Bariatricus sp004560705,5ed9a646,22470000,51,DNA,10000,2247,True,0.8713343627911191,0.9059566909928176,0.8886455268919684,0.9059566909928176,True,1,3279,4868,d__Bacteria;p__Bacteroidota;c__Bacteroidia;o__Bacteroidales;f__Bacteroidaceae;g__Prevotella;s__Prevotella faecis
10000,0.0004450378282153983,0.006134969325153374,0.0004450378282153983,0.0006162695152013147,3.0,3.0,0.0,/group/ctbrowngrp5/sourmash-db.new/gtdb-rs226/gtdb-rs226-k51.dna.rocksdb,GCA_002351275.1 Lachnospiraceae bacterium UBA2825,a78305eeac66fb6952792b81c77119f0,0.006134969325153374,10000,305,12740000,outputs.mapping/bams.cds.rand/ERR3211929.x.s__Bariatricus sp004560705.fastq.gz,ERR3211929.x.s__Bariatricus sp004560705,5ed9a646,22470000,51,DNA,10000,2247,True,0.8595720643424913,0.9049483082061326,0.882260186274312,0.9049483082061326,True,3,3282,4868,d__Bacteria;p__Bacillota;c__Clostridia;o__Lachnospirales;f__Lachnospiraceae;g__Agathobacter;s__Agathobacter sp900316805
130000,0.005785491766800178,0.003003003003003003,0.0004450378282153983,0.00020542317173377156,1.0,1.0,0.0,/group/ctbrowngrp5/sourmash-db.new/gtdb-rs226/gtdb-rs226-k51.dna.rocksdb,GCF_029227735.1 Blautia sp.,7c18473b051acfc786ffd79bb8f8b1fb,0.03903903903903904,10000,306,12730000,outputs.mapping/bams.cds.rand/ERR3211929.x.s__Bariatricus sp004560705.fastq.gz,ERR3211929.x.s__Bariatricus sp004560705,5ed9a646,22470000,51,DNA,10000,2247,True,0.9039081854425103,0.9383877628151126,0.9211479741288114,0.9383877628151126,False,1,3283,4868,d__Bacteria;p__Bacillota;c__Clostridia;o__Lachnospirales;f__Lachnospiraceae;g__Blautia_A;s__Blautia_A sp018919065
20000,0.0008900756564307966,0.0038022813688212928,0.0004450378282153983,0.00020542317173377156,1.0,1.0,0.0,/group/ctbrowngrp5/sourmash-db.new/gtdb-rs226/gtdb-rs226-k51.dna.rocksdb,GCA_036313205.1 Blautia sp.,6e3fff747ccc1033cd5daff9428d0221,0.0076045627376425855,10000,307,12720000,outputs.mapping/bams.cds.rand/ERR3211929.x.s__Bariatricus sp004560705.fastq.gz,ERR3211929.x.s__Bariatricus sp004560705,5ed9a646,22470000,51,DNA,10000,2247,True,0.8713343627911191,0.9087667657945412,0.8900505642928301,0.9087667657945412,True,1,3284,4868,d__Bacteria;p__Bacillota;c__Clostridia;o__Lachnospirales;f__Lachnospiraceae;g__Blautia;s__Blautia sp900555025
70000,0.003115264797507788,0.002898550724637681,0.0004450378282153983,0.0004108463434675431,2.0,2.0,0.0,/group/ctbrowngrp5/sourmash-db.new/gtdb-rs226/gtdb-rs226-k51.dna.rocksdb,GCF_964242535.1 Mediterraneibacter gnavus CC55_001C,8b944c66e21ec7eb2b3807f21dc4c203,0.020289855072463767,10000,308,12710000,outputs.mapping/bams.cds.rand/ERR3211929.x.s__Bariatricus sp004560705.fastq.gz,ERR3211929.x.s__Bariatricus sp004560705,5ed9a646,22470000,51,DNA,10000,2247,True,0.8930028450019822,0.9264231332662419,0.909712989134112,0.9264231332662419,False,2,3286,4868,d__Bacteria;p__Bacillota;c__Clostridia;o__Lachnospirales;f__Lachnospiraceae;g__Ruminococcus_B;s__Ruminococcus_B gnavus
30000,0.0013351134846461949,0.00411522633744856,0.0004450378282153983,0.00020542317173377156,1.0,1.0,0.0,/group/ctbrowngrp5/sourmash-db.new/gtdb-rs226/gtdb-rs226-k51.dna.rocksdb,GCA_945971355.1 uncultured Lachnobacterium sp.,da3371d9ffc149278b5035872af1f7f1,0.012345679012345678,10000,309,12700000,outputs.mapping/bams.cds.rand/ERR3211929.x.s__Bariatricus sp004560705.fastq.gz,ERR3211929.x.s__Bariatricus sp004560705,5ed9a646,22470000,51,DNA,10000,2247,True,0.8782893395261471,0.9174422262512953,0.8978657828887212,0.9174422262512953,True,1,3287,4868,d__Bacteria;p__Bacillota;c__Clostridia;o__Lachnospirales;f__Lachnospiraceae;g__Agathobacter;s__Agathobacter sp945971355
10000,0.0004450378282153983,0.008333333333333333,0.0004450378282153983,0.00020542317173377156,1.0,1.0,0.0,/group/ctbrowngrp5/sourmash-db.new/gtdb-rs226/gtdb-rs226-k51.dna.rocksdb,GCA_934131425.1 uncultured Bacilli bacterium,a58877af80ba583c21f1ce60605a1bf4,0.008333333333333333,10000,310,12690000,outputs.mapping/bams.cds.rand/ERR3211929.x.s__Bariatricus sp004560705.fastq.gz,ERR3211929.x.s__Bariatricus sp004560705,5ed9a646,22470000,51,DNA,10000,2247,True,0.8595720643424913,0.9103989334640178,0.8849854989032546,0.9103989334640178,True,1,3288,4868,d__Bacteria;p__Bacillota;c__Bacilli;o__RF39;f__UBA660;g__CAG-1193;s__CAG-1193 sp000436255
10000,0.0004450378282153983,0.005434782608695652,0.0004450378282153983,0.0008216926869350862,4.0,4.0,0.0,/group/ctbrowngrp5/sourmash-db.new/gtdb-rs226/gtdb-rs226-k51.dna.rocksdb,GCA_029338695.1 Selenomonadaceae bacterium,bf2ddf4103fd4f2f152c4c9cfa084c08,0.005434782608695652,10000,311,12680000,outputs.mapping/bams.cds.rand/ERR3211929.x.s__Bariatricus sp004560705.fastq.gz,ERR3211929.x.s__Bariatricus sp004560705,5ed9a646,22470000,51,DNA,10000,2247,True,0.8595720643424913,0.9028005342164377,0.8811862992794646,0.9028005342164377,True,4,3292,4868,d__Bacteria;p__Bacillota;c__Negativicutes;o__Selenomonadales;f__Selenomonadaceae;g__Anaerovibrio;s__Anaerovibrio sp017390245
10000,0.0004450378282153983,0.005714285714285714,0.0004450378282153983,0.00020542317173377156,1.0,1.0,0.0,/group/ctbrowngrp5/sourmash-db.new/gtdb-rs226/gtdb-rs226-k51.dna.rocksdb,GCA_945971775.1 uncultured Erysipelotrichaceae bacterium,c6b798769bfd170c70476c6186c18787,0.005714285714285714,10000,312,12670000,outputs.mapping/bams.cds.rand/ERR3211929.x.s__Bariatricus sp004560705.fastq.gz,ERR3211929.x.s__Bariatricus sp004560705,5ed9a646,22470000,51,DNA,10000,2247,True,0.8595720643424913,0.9036887208642069,0.8816303926033491,0.9036887208642069,True,1,3293,4868,d__Bacteria;p__Bacillota;c__Bacilli;o__Erysipelotrichales;f__Erysipelotrichaceae;g__Bulleidia;s__Bulleidia sp016293365
1310000,0.05829995549621718,0.0058823529411764705,0.0004450378282153983,0.00020542317173377156,1.0,1.0,0.0,/group/ctbrowngrp5/sourmash-db.new/gtdb-rs226/gtdb-rs226-k51.dna.rocksdb,GCA_946414945.1 uncultured bacterium,5e14904ae4bc12af13ab02e519953f09,0.7705882352941177,10000,313,12660000,outputs.mapping/bams.cds.rand/ERR3211929.x.s__Bariatricus sp004560705.fastq.gz,ERR3211929.x.s__Bariatricus sp004560705,5ed9a646,22470000,51,DNA,10000,2247,True,0.9457958762914338,0.9949032071897572,0.9703495417405955,0.9949032071897572,False,1,3294,4868,d__Bacteria;p__Bacillota;c__Clostridia;o__Lachnospirales;f__Lachnospiraceae;g__Bariatricus;s__Bariatricus sp004560705
10000,0.0004450378282153983,0.0035087719298245615,0.0004450378282153983,0.00020542317173377156,1.0,1.0,0.0,/group/ctbrowngrp5/sourmash-db.new/gtdb-rs226/gtdb-rs226-k51.dna.rocksdb,GCA_034089085.1 Eubacteriales bacterium,9f74fe8ceb65900662d516910de3c04e,0.0035087719298245615,10000,314,12650000,outputs.mapping/bams.cds.rand/ERR3211929.x.s__Bariatricus sp004560705.fastq.gz,ERR3211929.x.s__Bariatricus sp004560705,5ed9a646,22470000,51,DNA,10000,2247,True,0.8595720643424913,0.8950881077119309,0.8773300860272111,0.8950881077119309,True,1,3295,4868,d__Bacteria;p__Bacillota;c__Clostridia;o__Christensenellales;f__Aristaeellaceae;g__Firm-10;s__Firm-10 sp004552515
10000,0.0004450378282153983,0.0041841004184100415,0.0004450378282153983,0.0006162695152013147,3.0,3.0,0.0,/group/ctbrowngrp5/sourmash-db.new/gtdb-rs226/gtdb-rs226-k51.dna.rocksdb,GCA_945895835.1 uncultured Clostridia bacterium,c2ef00dfd2569b89d5f0f8feff499e81,0.0041841004184100415,10000,315,12640000,outputs.mapping/bams.cds.rand/ERR3211929.x.s__Bariatricus sp004560705.fastq.gz,ERR3211929.x.s__Bariatricus sp004560705,5ed9a646,22470000,51,DNA,10000,2247,True,0.8595720643424913,0.8981828266298771,0.8788774454861843,0.8981828266298771,True,3,3298,4868,d__Bacteria;p__Bacillota;c__Clostridia;o__Oscillospirales;f__Oscillospiraceae;g__Vescimonas;s__Vescimonas sp934591815
10000,0.0004450378282153983,0.005813953488372093,0.0004450378282153983,0.00020542317173377156,1.0,1.0,0.0,/group/ctbrowngrp5/sourmash-db.new/gtdb-rs226/gtdb-rs226-k51.dna.rocksdb,GCA_945949365.1 uncultured Pseudobutyrivibrio sp.,260d041116dc4c21f365f70d8daebccf,0.005813953488372093,10000,316,12630000,outputs.mapping/bams.cds.rand/ERR3211929.x.s__Bariatricus sp004560705.fastq.gz,ERR3211929.x.s__Bariatricus sp004560705,5ed9a646,22470000,51,DNA,10000,2247,True,0.8595720643424913,0.903995167535116,0.8817836159388037,0.903995167535116,True,1,3299,4868,d__Bacteria;p__Bacillota;c__Clostridia;o__Lachnospirales;f__Lachnospiraceae;g__Pararoseburia;s__Pararoseburia sp022768745
10000,0.0004450378282153983,0.0036496350364963502,0.0004450378282153983,0.0006162695152013147,3.0,3.0,0.0,/group/ctbrowngrp5/sourmash-db.new/gtdb-rs226/gtdb-rs226-k51.dna.rocksdb,GCA_959600525.1 uncultured Firmicutes bacterium,ed437a14a6aee44fd08186e031d72494,0.0036496350364963502,10000,317,12620000,outputs.mapping/bams.cds.rand/ERR3211929.x.s__Bariatricus sp004560705.fastq.gz,ERR3211929.x.s__Bariatricus sp004560705,5ed9a646,22470000,51,DNA,10000,2247,True,0.8595720643424913,0.895779190619195,0.8776756274808432,0.895779190619195,True,3,3302,4868,d__Bacteria;p__Bacillota;c__Clostridia;o__Lachnospirales;f__Lachnospiraceae;g__Suilimivivens;s__Suilimivivens sp000436115
10000,0.0004450378282153983,0.003278688524590164,0.0004450378282153983,0.00020542317173377156,1.0,1.0,0.0,/group/ctbrowngrp5/sourmash-db.new/gtdb-rs226/gtdb-rs226-k51.dna.rocksdb,GCA_034089395.1 Candidatus Limivivens sp.,87b49666d102752663969199e1ee6cb9,0.003278688524590164,10000,318,12610000,outputs.mapping/bams.cds.rand/ERR3211929.x.s__Bariatricus sp004560705.fastq.gz,ERR3211929.x.s__Bariatricus sp004560705,5ed9a646,22470000,51,DNA,10000,2247,True,0.8595720643424913,0.8938985616055892,0.8767353129740403,0.8938985616055892,True,1,3303,4868,d__Bacteria;p__Bacillota;c__Clostridia;o__Lachnospirales;f__Lachnospiraceae;g__Limivivens;s__Limivivens sp900066135
80000,0.0035603026257231864,0.002898550724637681,0.0004450378282153983,0.00020542317173377156,1.0,1.0,0.0,/group/ctbrowngrp5/sourmash-db.new/gtdb-rs226/gtdb-rs226-k51.dna.rocksdb,GCA_937934525.1 Blautia obeum,0cd10316b4ceaab01d507ce56146283f,0.02318840579710145,10000,319,12600000,outputs.mapping/bams.cds.rand/ERR3211929.x.s__Bariatricus sp004560705.fastq.gz,ERR3211929.x.s__Bariatricus sp004560705,5ed9a646,22470000,51,DNA,10000,2247,True,0.8953440245271128,0.9288519305353092,0.912097977531211,0.9288519305353092,False,1,3304,4868,d__Bacteria;p__Bacillota;c__Clostridia;o__Lachnospirales;f__Lachnospiraceae;g__Blautia_A;s__Blautia_A obeum
100000,0.004450378282153983,0.0033222591362126247,0.0004450378282153983,0.0006162695152013147,3.0,3.0,0.0,/group/ctbrowngrp5/sourmash-db.new/gtdb-rs226/gtdb-rs226-k51.dna.rocksdb,GCA_946011575.1 uncultured Dorea sp.,e2c514ba810774e7b9eaa90ac20edc27,0.03322259136212625,10000,320,12590000,outputs.mapping/bams.cds.rand/ERR3211929.x.s__Bariatricus sp004560705.fastq.gz,ERR3211929.x.s__Bariatricus sp004560705,5ed9a646,22470000,51,DNA,10000,2247,True,0.8992700629768193,0.9354239822476685,0.917347022612244,0.9354239822476685,False,3,3307,4868,d__Bacteria;p__Bacillota;c__Clostridia;o__Lachnospirales;f__Lachnospiraceae;g__Dorea_A;s__Dorea_A sp022769185
10000,0.0004450378282153983,0.0045871559633027525,0.0004450378282153983,0.00020542317173377156,1.0,1.0,0.0,/group/ctbrowngrp5/sourmash-db.new/gtdb-rs226/gtdb-rs226-k51.dna.rocksdb,GCA_034104445.1 Faecousia sp.,04a79d15329f61759efc8f3e5e3fc482,0.0045871559633027525,10000,321,12580000,outputs.mapping/bams.cds.rand/ERR3211929.x.s__Bariatricus sp004560705.fastq.gz,ERR3211929.x.s__Bariatricus sp004560705,5ed9a646,22470000,51,DNA,10000,2247,True,0.8595720643424913,0.8998039843327351,0.8796880243376133,0.8998039843327351,True,1,3308,4868,d__Bacteria;p__Bacillota;c__Clostridia;o__Oscillospirales;f__Oscillospiraceae;g__Faecousia;s__Faecousia sp022781505
10000,0.0004450378282153983,0.0029940119760479044,0.0004450378282153983,0.0008216926869350862,4.0,4.0,0.0,/group/ctbrowngrp5/sourmash-db.new/gtdb-rs226/gtdb-rs226-k51.dna.rocksdb,GCA_963624895.1 Faecalibacterium prausnitzii,3a5f4c3c0e44b72044af2ee0aa5a7db3,0.0029940119760479044,10000,322,12570000,outputs.mapping/bams.cds.rand/ERR3211929.x.s__Bariatricus sp004560705.fastq.gz,ERR3211929.x.s__Bariatricus sp004560705,5ed9a646,22470000,51,DNA,10000,2247,True,0.8595720643424913,0.8923079763386086,0.87594002034055,0.8923079763386086,True,4,3312,4868,d__Bacteria;p__Bacteroidota;c__Bacteroidia;o__Bacteroidales;f__UBA932;g__Cryptobacteroides;s__Cryptobacteroides sp000433355
10000,0.0004450378282153983,0.00411522633744856,0.0004450378282153983,0.0004108463434675431,2.0,2.0,0.0,/group/ctbrowngrp5/sourmash-db.new/gtdb-rs226/gtdb-rs226-k51.dna.rocksdb,GCA_958405155.1 uncultured Clostridium sp.,1ff3244622c99714b21ae650b211f1af,0.00411522633744856,10000,323,12560000,outputs.mapping/bams.cds.rand/ERR3211929.x.s__Bariatricus sp004560705.fastq.gz,ERR3211929.x.s__Bariatricus sp004560705,5ed9a646,22470000,51,DNA,10000,2247,True,0.8595720643424913,0.8978905616220562,0.8787313129822738,0.8978905616220562,True,2,3314,4868,d__Bacteria;p__Bacillota;c__Clostridia;o__Oscillospirales;f__Acutalibacteraceae;g__CAG-177;s__CAG-177 sp000431775
10000,0.0004450378282153983,0.003115264797507788,0.0004450378282153983,0.00020542317173377156,1.0,1.0,0.0,/group/ctbrowngrp5/sourmash-db.new/gtdb-rs226/gtdb-rs226-k51.dna.rocksdb,GCA_963609615.1 Oribacterium sp.,bd23129ec9ea5001afe9a38b69588123,0.003115264797507788,10000,324,12550000,outputs.mapping/bams.cds.rand/ERR3211929.x.s__Bariatricus sp004560705.fastq.gz,ERR3211929.x.s__Bariatricus sp004560705,5ed9a646,22470000,51,DNA,10000,2247,True,0.8595720643424913,0.8930028450019822,0.8762874546722368,0.8930028450019822,True,1,3315,4868,d__Bacteria;p__Bacteroidota;c__Bacteroidia;o__Bacteroidales;f__Bacteroidaceae;g__Prevotella;s__Prevotella sp963609615
60000,0.0026702269692923898,0.003861003861003861,0.0004450378282153983,0.00020542317173377156,1.0,1.0,0.0,/group/ctbrowngrp5/sourmash-db.new/gtdb-rs226/gtdb-rs226-k51.dna.rocksdb,GCA_945868485.1 uncultured Lachnospiraceae bacterium,99bc27078593d22e257f545878f7633e,0.023166023166023165,10000,325,12540000,outputs.mapping/bams.cds.rand/ERR3211929.x.s__Bariatricus sp004560705.fastq.gz,ERR3211929.x.s__Bariatricus sp004560705,5ed9a646,22470000,51,DNA,10000,2247,True,0.8903077633027002,0.9288343423055333,0.9095710528041168,0.9288343423055333,True,1,3316,4868,d__Bacteria;p__Bacillota;c__Clostridia;o__Lachnospirales;f__Lachnospiraceae;g__Suilimivivens;s__Suilimivivens sp945868485
10000,0.0004450378282153983,0.004366812227074236,0.0004450378282153983,0.0006162695152013147,3.0,3.0,0.0,/group/ctbrowngrp5/sourmash-db.new/gtdb-rs226/gtdb-rs226-k51.dna.rocksdb,GCA_029225625.1 Paraprevotella sp.,7e776dd532f21d2cd5dd2bd9630f368f,0.004366812227074236,10000,326,12530000,outputs.mapping/bams.cds.rand/ERR3211929.x.s__Bariatricus sp004560705.fastq.gz,ERR3211929.x.s__Bariatricus sp004560705,5ed9a646,22470000,51,DNA,10000,2247,True,0.8595720643424913,0.8989358818428389,0.8792539730926652,0.8989358818428389,True,3,3319,4868,d__Bacteria;p__Bacteroidota;c__Bacteroidia;o__Bacteroidales;f__Bacteroidaceae;g__Physcousia;s__Physcousia sp900766785
10000,0.0004450378282153983,0.0036231884057971015,0.0004450378282153983,0.00020542317173377156,1.0,1.0,0.0,/group/ctbrowngrp5/sourmash-db.new/gtdb-rs226/gtdb-rs226-k51.dna.rocksdb,GCA_004556985.1 Clostridiales bacterium,b7003337dd5a9631fd3d0a4bf3c12821,0.0036231884057971015,10000,327,12520000,outputs.mapping/bams.cds.rand/ERR3211929.x.s__Bariatricus sp004560705.fastq.gz,ERR3211929.x.s__Bariatricus sp004560705,5ed9a646,22470000,51,DNA,10000,2247,True,0.8595720643424913,0.8956514588158029,0.8776117615791471,0.8956514588158029,True,1,3320,4868,d__Bacteria;p__Bacillota;c__Clostridia;o__Christensenellales;f__Aristaeellaceae;g__Ventricola;s__Ventricola sp004556985
10000,0.0004450378282153983,0.0016474464579901153,0.0004450378282153983,0.00020542317173377156,1.0,1.0,0.0,/group/ctbrowngrp5/sourmash-db.new/gtdb-rs226/gtdb-rs226-k51.dna.rocksdb,GCA_947644555.1 uncultured Lachnoclostridium sp.,6aca37fb9f58d7d786afdea1e794dc5a,0.0016474464579901153,10000,328,12510000,outputs.mapping/bams.cds.rand/ERR3211929.x.s__Bariatricus sp004560705.fastq.gz,ERR3211929.x.s__Bariatricus sp004560705,5ed9a646,22470000,51,DNA,10000,2247,True,0.8595720643424913,0.881916915720618,0.8707444900315546,0.881916915720618,True,1,3321,4868,d__Bacteria;p__Bacillota;c__Clostridia;o__Lachnospirales;f__Lachnospiraceae;g__Enterocloster;s__Enterocloster bolteae
50000,0.0022251891410769915,0.0027397260273972603,0.0004450378282153983,0.00020542317173377156,1.0,1.0,0.0,/group/ctbrowngrp5/sourmash-db.new/gtdb-rs226/gtdb-rs226-k51.dna.rocksdb,GCA_022782435.1 Lachnospiraceae bacterium,5c2ffea3e1ece2c92b660a036b998227,0.0136986301369863,10000,329,12500000,outputs.mapping/bams.cds.rand/ERR3211929.x.s__Bariatricus sp004560705.fastq.gz,ERR3211929.x.s__Bariatricus sp004560705,5ed9a646,22470000,51,DNA,10000,2247,True,0.887130655513573,0.9193148122519929,0.903222733882783,0.9193148122519929,True,1,3322,4868,d__Bacteria;p__Bacillota;c__Clostridia;o__Lachnospirales;f__Lachnospiraceae;g__Schaedlerella;s__Schaedlerella sp004556565
10000,0.0004450378282153983,0.003436426116838488,0.0004450378282153983,0.0004108463434675431,2.0,2.0,0.0,/group/ctbrowngrp5/sourmash-db.new/gtdb-rs226/gtdb-rs226-k51.dna.rocksdb,GCF_041333095.1 Intestinibacter bartlettii,dd98e2dacbf5138c06fb57ec9ba6a71f,0.003436426116838488,10000,330,12490000,outputs.mapping/bams.cds.rand/ERR3211929.x.s__Bariatricus sp004560705.fastq.gz,ERR3211929.x.s__Bariatricus sp004560705,5ed9a646,22470000,51,DNA,10000,2247,True,0.8595720643424913,0.8947225285960692,0.8771472964692802,0.8947225285960692,True,2,3324,4868,d__Bacteria;p__Bacillota;c__Clostridia;o__Peptostreptococcales;f__Peptostreptococcaceae;g__Intestinibacter;s__Intestinibacter bartlettii
10000,0.0004450378282153983,0.0034482758620689655,0.0004450378282153983,0.00020542317173377156,1.0,1.0,0.0,/group/ctbrowngrp5/sourmash-db.new/gtdb-rs226/gtdb-rs226-k51.dna.rocksdb,GCF_035392385.1 Thermoclostridium caenicola,ca75c5cb5f082978a490a87d5fa74aea,0.0034482758620689655,10000,331,12480000,outputs.mapping/bams.cds.rand/ERR3211929.x.s__Bariatricus sp004560705.fastq.gz,ERR3211929.x.s__Bariatricus sp004560705,5ed9a646,22470000,51,DNA,10000,2247,True,0.8595720643424913,0.8947829216714525,0.8771774930069719,0.8947829216714525,True,1,3325,4868,d__Bacteria;p__Bacillota;c__Clostridia;o__DSM-8532;f__DSM-8532;g__Thermoclostridium_A;s__Thermoclostridium_A caenicola
40000,0.0017801513128615932,0.003115264797507788,0.0004450378282153983,0.00020542317173377156,1.0,1.0,0.0,/group/ctbrowngrp5/sourmash-db.new/gtdb-rs226/gtdb-rs226-k51.dna.rocksdb,GCF_963558355.1 uncultured Agathobacter sp.,05a3c94d2912ec77d7c2098589d060b9,0.012461059190031152,10000,332,12470000,outputs.mapping/bams.cds.rand/ERR3211929.x.s__Bariatricus sp004560705.fastq.gz,ERR3211929.x.s__Bariatricus sp004560705,5ed9a646,22470000,51,DNA,10000,2247,True,0.8832576153592834,0.9176095828438107,0.9004335991015471,0.9176095828438107,True,1,3326,4868,d__Bacteria;p__Bacillota;c__Clostridia;o__Lachnospirales;f__Lachnospiraceae;g__Agathobacter;s__Agathobacter sp905209075
1570000,0.06987093902981753,0.005263157894736842,0.0004450378282153983,0.00020542317173377156,1.0,1.0,0.0,/group/ctbrowngrp5/sourmash-db.new/gtdb-rs226/gtdb-rs226-k51.dna.rocksdb,GCA_946055285.1 uncultured bacterium,05f32cb42c99021f297a65800dc66052,0.8263157894736842,10000,333,12460000,outputs.mapping/bams.cds.rand/ERR3211929.x.s__Bariatricus sp004560705.fastq.gz,ERR3211929.x.s__Bariatricus sp004560705,5ed9a646,22470000,51,DNA,10000,2247,True,0.9491593901583927,0.9962662375608304,0.9727128138596115,0.9962662375608304,False,1,3327,4868,d__Bacteria;p__Bacillota;c__Clostridia;o__Lachnospirales;f__Lachnospiraceae;g__Bariatricus;s__Bariatricus sp004560705
20000,0.0008900756564307966,0.002857142857142857,0.0004450378282153983,0.00020542317173377156,1.0,1.0,0.0,/group/ctbrowngrp5/sourmash-db.new/gtdb-rs226/gtdb-rs226-k51.dna.rocksdb,GCA_900763175.1 Lachnospiraceae bacterium,9dfc03cd17b74f3d405543a811e26abb,0.005714285714285714,10000,334,12450000,outputs.mapping/bams.cds.rand/ERR3211929.x.s__Bariatricus sp004560705.fastq.gz,ERR3211929.x.s__Bariatricus sp004560705,5ed9a646,22470000,51,DNA,10000,2247,True,0.8713343627911191,0.9036887208642069,0.887511541827663,0.9036887208642069,True,1,3328,4868,d__Bacteria;p__Bacillota;c__Clostridia;o__Lachnospirales;f__Lachnospiraceae;g__Blautia_A;s__Blautia_A sp900763175
10000,0.0004450378282153983,0.0021321961620469083,0.0004450378282153983,0.00020542317173377156,1.0,1.0,0.0,/group/ctbrowngrp5/sourmash-db.new/gtdb-rs226/gtdb-rs226-k51.dna.rocksdb,GCA_009929525.1 Clostridia bacterium,45c2e8795135aafb221133cb59ab6d49,0.0021321961620469083,10000,335,12440000,outputs.mapping/bams.cds.rand/ERR3211929.x.s__Bariatricus sp004560705.fastq.gz,ERR3211929.x.s__Bariatricus sp004560705,5ed9a646,22470000,51,DNA,10000,2247,True,0.8595720643424913,0.886388395952828,0.8729802301476597,0.886388395952828,True,1,3329,4868,d__Bacteria;p__Bacillota;c__Clostridia;o__Lachnospirales;f__Lachnospiraceae;g__Oliverpabstia;s__Oliverpabstia sp009929525
60000,0.0026702269692923898,0.00267379679144385,0.0004450378282153983,0.0004108463434675431,2.0,2.0,0.0,/group/ctbrowngrp5/sourmash-db.new/gtdb-rs226/gtdb-rs226-k51.dna.rocksdb,GCA_041331635.1 Roseburia faecis,2e351e2fe6cc96f8c8b9769485f5363b,0.016042780748663103,10000,336,12430000,outputs.mapping/bams.cds.rand/ERR3211929.x.s__Bariatricus sp004560705.fastq.gz,ERR3211929.x.s__Bariatricus sp004560705,5ed9a646,22470000,51,DNA,10000,2247,True,0.8903077633027002,0.9221666348922344,0.9062371990974674,0.9221666348922344,True,2,3331,4868,d__Bacteria;p__Bacillota;c__Clostridia;o__Lachnospirales;f__Lachnospiraceae;g__Agathobacter;s__Agathobacter faecis
10000,0.0004450378282153983,0.0024096385542168677,0.0004450378282153983,0.001437962202136401,7.0,7.0,0.0,/group/ctbrowngrp5/sourmash-db.new/gtdb-rs226/gtdb-rs226-k51.dna.rocksdb,GCA_937889405.1 uncultured Fibrobacter sp.,da98c8c0ccd9653c12274d068f75918f,0.0024096385542168677,10000,337,12420000,outputs.mapping/bams.cds.rand/ERR3211929.x.s__Bariatricus sp004560705.fastq.gz,ERR3211929.x.s__Bariatricus sp004560705,5ed9a646,22470000,51,DNA,10000,2247,True,0.8595720643424913,0.888516963204073,0.8740445137732822,0.888516963204073,True,7,3338,4868,d__Bacteria;p__Fibrobacterota;c__Fibrobacteria;o__Fibrobacterales;f__Fibrobacteraceae;g__Fibrobacter;s__Fibrobacter sp002449765
10000,0.0004450378282153983,0.004608294930875576,0.0004450378282153983,0.00020542317173377156,1.0,1.0,0.0,/group/ctbrowngrp5/sourmash-db.new/gtdb-rs226/gtdb-rs226-k51.dna.rocksdb,GCA_934630765.1 uncultured Oscillospiraceae bacterium,268c77e94b1fa75cb004b40f248c529c,0.004608294930875576,10000,338,12410000,outputs.mapping/bams.cds.rand/ERR3211929.x.s__Bariatricus sp004560705.fastq.gz,ERR3211929.x.s__Bariatricus sp004560705,5ed9a646,22470000,51,DNA,10000,2247,True,0.8595720643424913,0.8998851063638268,0.8797285853531591,0.8998851063638268,True,1,3339,4868,d__Bacteria;p__Bacillota;c__Clostridia;o__Oscillospirales;f__Oscillospiraceae;g__F23-B02;s__F23-B02 sp900556535
90000,0.004005340453938585,0.00390625,0.0004450378282153983,0.00020542317173377156,1.0,1.0,0.0,/group/ctbrowngrp5/sourmash-db.new/gtdb-rs226/gtdb-rs226-k51.dna.rocksdb,GCA_041335555.1 Blautia faecicola,f7ad71fb4666684f0ab1f2eb990fbfc3,0.03515625,10000,339,12400000,outputs.mapping/bams.cds.rand/ERR3211929.x.s__Bariatricus sp004560705.fastq.gz,ERR3211929.x.s__Bariatricus sp004560705,5ed9a646,22470000,51,DNA,10000,2247,True,0.8974141854125206,0.936462187186068,0.9169381862992942,0.936462187186068,False,1,3340,4868,d__Bacteria;p__Bacillota;c__Clostridia;o__Lachnospirales;f__Lachnospiraceae;g__Oliverpabstia;s__Oliverpabstia faecicola
10000,0.0004450378282153983,0.004807692307692308,0.0004450378282153983,0.0016433853738701725,8.0,8.0,0.0,/group/ctbrowngrp5/sourmash-db.new/gtdb-rs226/gtdb-rs226-k51.dna.rocksdb,GCA_029218765.1 Oscillospiraceae bacterium,09c8ecef37c84b778546205a8e23a4a4,0.004807692307692308,10000,340,12390000,outputs.mapping/bams.cds.rand/ERR3211929.x.s__Bariatricus sp004560705.fastq.gz,ERR3211929.x.s__Bariatricus sp004560705,5ed9a646,22470000,51,DNA,10000,2247,True,0.8595720643424913,0.9006328380135685,0.88010245117803,0.9006328380135685,True,8,3348,4868,d__Bacteria;p__Bacillota;c__Clostridia;o__Oscillospirales;f__Oscillospiraceae;g__Faecousia;s__Faecousia sp017622995
20000,0.0008900756564307966,0.002638522427440633,0.0004450378282153983,0.0004108463434675431,2.0,2.0,0.0,/group/ctbrowngrp5/sourmash-db.new/gtdb-rs226/gtdb-rs226-k51.dna.rocksdb,GCA_030536755.1 Eubacteriales bacterium,506c154fbaa3d5efaea6cbfe61023e73,0.005277044854881266,10000,341,12380000,outputs.mapping/bams.cds.rand/ERR3211929.x.s__Bariatricus sp004560705.fastq.gz,ERR3211929.x.s__Bariatricus sp004560705,5ed9a646,22470000,51,DNA,10000,2247,True,0.8713343627911191,0.9022793038557196,0.8868068333234194,0.9022793038557196,True,2,3350,4868,d__Bacteria;p__Bacillota;c__Clostridia;o__Lachnospirales;f__Lachnospiraceae;g__JALFVM01;s__JALFVM01 sp030536755
30000,0.0013351134846461949,0.0032679738562091504,0.0004450378282153983,0.00020542317173377156,1.0,1.0,0.0,/group/ctbrowngrp5/sourmash-db.new/gtdb-rs226/gtdb-rs226-k51.dna.rocksdb,GCA_930989415.1 uncultured Blautia sp.,d1dfc842376d990e7e6ca53806c33267,0.00980392156862745,10000,342,12370000,outputs.mapping/bams.cds.rand/ERR3211929.x.s__Bariatricus sp004560705.fastq.gz,ERR3211929.x.s__Bariatricus sp004560705,5ed9a646,22470000,51,DNA,10000,2247,True,0.8782893395261471,0.9133046796219629,0.8957970095740551,0.9133046796219629,True,1,3351,4868,d__Bacteria;p__Bacillota;c__Clostridia;o__Lachnospirales;f__Lachnospiraceae;g__Blautia_A;s__Blautia_A intestinigallinarum
10000,0.0004450378282153983,0.004166666666666667,0.0004450378282153983,0.0004108463434675431,2.0,2.0,0.0,/group/ctbrowngrp5/sourmash-db.new/gtdb-rs226/gtdb-rs226-k51.dna.rocksdb,GCA_945875295.1 uncultured Clostridium sp.,1112a18be292912740c07e0b1d4d9186,0.004166666666666667,10000,343,12360000,outputs.mapping/bams.cds.rand/ERR3211929.x.s__Bariatricus sp004560705.fastq.gz,ERR3211929.x.s__Bariatricus sp004560705,5ed9a646,22470000,51,DNA,10000,2247,True,0.8595720643424913,0.8981092953870639,0.8788406798647777,0.8981092953870639,True,2,3353,4868,d__Bacteria;p__Bacillota;c__Clostridia;o__Lachnospirales;f__Lachnospiraceae;g__Wujia;s__Wujia sp900553925
10000,0.0004450378282153983,0.0045045045045045045,0.0004450378282153983,0.0004108463434675431,2.0,2.0,0.0,/group/ctbrowngrp5/sourmash-db.new/gtdb-rs226/gtdb-rs226-k51.dna.rocksdb,GCA_934591805.1 uncultured Oscillospiraceae bacterium,8debc5a8d30bd9b70d3e293504c7defe,0.0045045045045045045,10000,344,12350000,outputs.mapping/bams.cds.rand/ERR3211929.x.s__Bariatricus sp004560705.fastq.gz,ERR3211929.x.s__Bariatricus sp004560705,5ed9a646,22470000,51,DNA,10000,2247,True,0.8595720643424913,0.8994832469384727,0.8795276556404821,0.8994832469384727,True,2,3355,4868,d__Bacteria;p__Bacillota;c__Clostridia;o__Oscillospirales;f__Oscillospiraceae;g__Limivicinus;s__Limivicinus sp900546515
40000,0.0017801513128615932,0.0032679738562091504,0.0004450378282153983,0.00020542317173377156,1.0,1.0,0.0,/group/ctbrowngrp5/sourmash-db.new/gtdb-rs226/gtdb-rs226-k51.dna.rocksdb,GCF_022786255.1 Blautia massiliensis (ex Durand et al. 2017),3dc72b0ac99fffc0397410b696f314e5,0.013071895424836602,10000,345,12340000,outputs.mapping/bams.cds.rand/ERR3211929.x.s__Bariatricus sp004560705.fastq.gz,ERR3211929.x.s__Bariatricus sp004560705,5ed9a646,22470000,51,DNA,10000,2247,True,0.8832576153592834,0.918471028982988,0.9008643221711357,0.918471028982988,True,1,3356,4868,d__Bacteria;p__Bacillota;c__Clostridia;o__Lachnospirales;f__Lachnospiraceae;g__Blautia_A;s__Blautia_A fusiformis
10000,0.0004450378282153983,0.0036363636363636364,0.0004450378282153983,0.00020542317173377156,1.0,1.0,0.0,/group/ctbrowngrp5/sourmash-db.new/gtdb-rs226/gtdb-rs226-k51.dna.rocksdb,GCA_958446555.1 uncultured Lachnospiraceae bacterium,82255b2110eb8ac61fc3427138ef79c9,0.0036363636363636364,10000,346,12330000,outputs.mapping/bams.cds.rand/ERR3211929.x.s__Bariatricus sp004560705.fastq.gz,ERR3211929.x.s__Bariatricus sp004560705,5ed9a646,22470000,51,DNA,10000,2247,True,0.8595720643424913,0.8957152063205601,0.8776436353315258,0.8957152063205601,True,1,3357,4868,d__Bacteria;p__Bacillota;c__Clostridia;o__Lachnospirales;f__Lachnospiraceae;g__Anthropogastromicrobium;s__Anthropogastromicrobium sp958446555
20000,0.0008900756564307966,0.004975124378109453,0.0004450378282153983,0.00020542317173377156,1.0,1.0,0.0,/group/ctbrowngrp5/sourmash-db.new/gtdb-rs226/gtdb-rs226-k51.dna.rocksdb,GCA_959027215.1 Roseburia inulinivorans,5f47a36f7d2e04b018a1c8206b08374b,0.009950248756218905,10000,347,12320000,outputs.mapping/bams.cds.rand/ERR3211929.x.s__Bariatricus sp004560705.fastq.gz,ERR3211929.x.s__Bariatricus sp004560705,5ed9a646,22470000,51,DNA,10000,2247,True,0.8713343627911191,0.9135700257522423,0.8924521942716808,0.9135700257522423,True,1,3358,4868,d__Bacteria;p__Bacillota;c__Clostridia;o__Lachnospirales;f__Lachnospiraceae;g__Roseburia;s__Roseburia inulinivorans
20000,0.0008900756564307966,0.002702702702702703,0.0004450378282153983,0.00020542317173377156,1.0,1.0,0.0,/group/ctbrowngrp5/sourmash-db.new/gtdb-rs226/gtdb-rs226-k51.dna.rocksdb,GCF_027681695.1 Gemmiger formicilis,70c49544fe06ef779657f1a8ce90efa0,0.005405405405405406,10000,348,12310000,outputs.mapping/bams.cds.rand/ERR3211929.x.s__Bariatricus sp004560705.fastq.gz,ERR3211929.x.s__Bariatricus sp004560705,5ed9a646,22470000,51,DNA,10000,2247,True,0.8713343627911191,0.9027045934360562,0.8870194781135876,0.9027045934360562,True,1,3359,4868,d__Bacteria;p__Bacillota;c__Clostridia;o__Oscillospirales;f__Ruminococcaceae;g__Gemmiger;s__Gemmiger formicilis
10000,0.0004450378282153983,0.004608294930875576,0.0004450378282153983,0.0004108463434675431,2.0,2.0,0.0,/group/ctbrowngrp5/sourmash-db.new/gtdb-rs226/gtdb-rs226-k51.dna.rocksdb,GCA_934432595.1 uncultured Lachnospiraceae bacterium,ee9c2e80b74670fdca074523faea4f89,0.004608294930875576,10000,349,12300000,outputs.mapping/bams.cds.rand/ERR3211929.x.s__Bariatricus sp004560705.fastq.gz,ERR3211929.x.s__Bariatricus sp004560705,5ed9a646,22470000,51,DNA,10000,2247,True,0.8595720643424913,0.8998851063638268,0.8797285853531591,0.8998851063638268,True,2,3361,4868,d__Bacteria;p__Bacillota;c__Clostridia;o__Lachnospirales;f__Lachnospiraceae;g__SIG301;s__SIG301 sp934432595
10000,0.0004450378282153983,0.004784688995215311,0.0004450378282153983,0.00020542317173377156,1.0,1.0,0.0,/group/ctbrowngrp5/sourmash-db.new/gtdb-rs226/gtdb-rs226-k51.dna.rocksdb,GCA_945936195.1 uncultured Firmicutes bacterium,709cb201460207a15a23fa15a6fcb8c5,0.004784688995215311,10000,350,12290000,outputs.mapping/bams.cds.rand/ERR3211929.x.s__Bariatricus sp004560705.fastq.gz,ERR3211929.x.s__Bariatricus sp004560705,5ed9a646,22470000,51,DNA,10000,2247,True,0.8595720643424913,0.9005481441482567,0.880060104245374,0.9005481441482567,True,1,3362,4868,d__Bacteria;p__Bacillota;c__Clostridia;o__Peptostreptococcales;f__Anaerovoracaceae;g__Fimisoma;s__Fimisoma sp002320005
10000,0.0004450378282153983,0.0043859649122807015,0.0004450378282153983,0.0006162695152013147,3.0,3.0,0.0,/group/ctbrowngrp5/sourmash-db.new/gtdb-rs226/gtdb-rs226-k51.dna.rocksdb,GCA_902802515.1 uncultured Lachnospiraceae bacterium,ba67ce117a77759cb10862507a360c66,0.0043859649122807015,10000,351,12280000,outputs.mapping/bams.cds.rand/ERR3211929.x.s__Bariatricus sp004560705.fastq.gz,ERR3211929.x.s__Bariatricus sp004560705,5ed9a646,22470000,51,DNA,10000,2247,True,0.8595720643424913,0.8990130239792933,0.8792925441608923,0.8990130239792933,True,3,3365,4868,d__Bacteria;p__Bacillota;c__Clostridia;o__Lachnospirales;f__Lachnospiraceae;g__Merdiplasma;s__Merdiplasma sp902802515
10000,0.0004450378282153983,0.0030303030303030303,0.0004450378282153983,0.00020542317173377156,1.0,1.0,0.0,/group/ctbrowngrp5/sourmash-db.new/gtdb-rs226/gtdb-rs226-k51.dna.rocksdb,GCA_029225065.1 Lachnospiraceae bacterium,0e56a4c758aac75397f1423f91bec0f5,0.0030303030303030303,10000,352,12270000,outputs.mapping/bams.cds.rand/ERR3211929.x.s__Bariatricus sp004560705.fastq.gz,ERR3211929.x.s__Bariatricus sp004560705,5ed9a646,22470000,51,DNA,10000,2247,True,0.8595720643424913,0.8925188018005276,0.8760454330715095,0.8925188018005276,True,1,3366,4868,d__Bacteria;p__Bacillota;c__Clostridia;o__Lachnospirales;f__Lachnospiraceae;g__Choladousia;s__Choladousia sp029225065
10000,0.0004450378282153983,4.085568139105424e-06,0.0004450378282153983,0.00020542317173377156,1.0,1.0,0.0,/group/ctbrowngrp5/sourmash-db.new/ncbi-euks-2025.01/ncbi-euks-all-2025.01-k51.dna.rocksdb,GCA_910589775.1 Avena_eriantha_BYU132_v1_assembly Avena eriantha,9d6290c495bdf0c5163712ada33b16ce,4.085568139105424e-06,10000,353,12260000,outputs.mapping/bams.cds.rand/ERR3211929.x.s__Bariatricus sp004560705.fastq.gz,ERR3211929.x.s__Bariatricus sp004560705,5ed9a646,22470000,51,DNA,10000,2247,True,0.8595720643424913,0.7840401146204399,0.8218060894814656,0.8595720643424913,True,1,3367,4868,Eukaryota;Streptophyta;Magnoliopsida;Poales;Poaceae;Avena;Avena eriantha;unclassified Avena eriantha subspecies/strain
10000,0.0004450378282153983,9.29022668153103e-06,0.0004450378282153983,0.00020542317173377156,1.0,1.0,0.0,/group/ctbrowngrp5/sourmash-db.new/ncbi-euks-2025.01/ncbi-euks-all-2025.01-k51.dna.rocksdb,GCF_028769735.1 Zonotrichia leucophrys gambelii,5003598325d28a908d399060b573849b,9.29022668153103e-06,10000,354,12250000,outputs.mapping/bams.cds.rand/ERR3211929.x.s__Bariatricus sp004560705.fastq.gz,ERR3211929.x.s__Bariatricus sp004560705,5ed9a646,22470000,51,DNA,10000,2247,True,0.8595720643424913,0.7967716063575884,0.8281718353500398,0.8595720643424913,True,1,3368,4868,Eukaryota;Chordata;Aves;Passeriformes;Passerellidae;Zonotrichia;Zonotrichia leucophrys;Zonotrichia leucophrys gambelii
