intersect_bp,f_orig_query,f_match,f_unique_to_query,f_unique_weighted,average_abund,median_abund,std_abund,filename,name,md5,f_match_orig,unique_intersect_bp,gather_result_rank,remaining_bp,query_filename,query_name,query_md5,query_bp,ksize,moltype,scaled,query_n_hashes,query_abundance,query_containment_ani,match_containment_ani,average_containment_ani,max_containment_ani,potential_false_negative,n_unique_weighted_found,sum_weighted_found,total_weighted_hashes,lineage
230000,0.026744186046511628,0.09349593495934959,0.026744186046511628,0.015225334957369063,1.0869565217391304,1.0,0.28177133471338517,/group/ctbrowngrp5/sourmash-db.new/gtdb-rs226/gtdb-rs226-k51.dna.rocksdb,GCA_946406425.1 uncultured Clostridia bacterium,9262c773bd22c4815428e752ec6416de,0.09349593495934959,230000,0,8370000,outputs.mapping/bams.cds.rand/ERR3211879.x.s__Gemmiger qucibialis.fastq.gz,ERR3211879.x.s__Gemmiger qucibialis,cb7e446f,8600000,51,DNA,10000,860,True,0.9314538893825932,0.9545956813792318,0.9430247853809125,0.9545956813792318,False,25,25,1642,d__Bacteria;p__Bacillota;c__Clostridia;o__Oscillospirales;f__Ruminococcaceae;g__Gemmiger;s__Gemmiger qucibialis
150000,0.01744186046511628,0.045180722891566265,0.01744186046511628,0.023142509135200974,2.533333333333333,1.0,4.951318567367238,/group/ctbrowngrp5/sourmash-db.new/gtdb-rs226/gtdb-rs226-k51.dna.rocksdb,GCF_002549945.1 Faecalibacterium prausnitzii,cd0c2b9d331242c095e094e7d647b628,0.045180722891566265,150000,1,8220000,outputs.mapping/bams.cds.rand/ERR3211879.x.s__Gemmiger qucibialis.fastq.gz,ERR3211879.x.s__Gemmiger qucibialis,cb7e446f,8600000,51,DNA,10000,860,True,0.9236797606220173,0.9410799762469858,0.9323798684345015,0.9410799762469858,False,38,63,1642,d__Bacteria;p__Bacillota;c__Clostridia;o__Oscillospirales;f__Ruminococcaceae;g__Faecalibacterium;s__Faecalibacterium prausnitzii
140000,0.01627906976744186,0.055793991416309016,0.015116279069767442,0.010353227771010963,1.3076923076923077,1.0,0.6056929133855238,/group/ctbrowngrp5/sourmash-db.new/gtdb-rs226/gtdb-rs226-k51.dna.rocksdb,GCA_034178665.1 Faecalibacterium sp.,68f0b321e5872cfae126bbb014735538,0.060085836909871244,130000,2,8090000,outputs.mapping/bams.cds.rand/ERR3211879.x.s__Gemmiger qucibialis.fastq.gz,ERR3211879.x.s__Gemmiger qucibialis,cb7e446f,8600000,51,DNA,10000,860,True,0.9224310501661847,0.9463555974060215,0.9343933237861031,0.9463555974060215,False,17,80,1642,d__Bacteria;p__Bacillota;c__Clostridia;o__Oscillospirales;f__Ruminococcaceae;g__Faecalibacterium;s__Faecalibacterium sp003449675
130000,0.015116279069767442,0.04897959183673469,0.013953488372093023,0.014007308160779537,1.9166666666666667,2.0,1.0374916331657276,/group/ctbrowngrp5/sourmash-db.new/gtdb-rs226/gtdb-rs226-k51.dna.rocksdb,GCA_004559325.1 bacterium,1233462b0e3f0bfb40fa4e874dd5742d,0.053061224489795916,120000,3,7970000,outputs.mapping/bams.cds.rand/ERR3211879.x.s__Gemmiger qucibialis.fastq.gz,ERR3211879.x.s__Gemmiger qucibialis,cb7e446f,8600000,51,DNA,10000,860,True,0.9210916413010404,0.9440513827924045,0.9325715120467224,0.9440513827924045,False,23,103,1642,d__Bacteria;p__Bacillota;c__Clostridia;o__Oscillospirales;f__Ruminococcaceae;g__Faecalibacterium;s__Faecalibacterium prausnitzii_E
130000,0.015116279069767442,0.045283018867924525,0.013953488372093023,0.007917174177831911,1.0833333333333333,1.0,0.2763853991962833,/group/ctbrowngrp5/sourmash-db.new/gtdb-rs226/gtdb-rs226-k51.dna.rocksdb,GCF_034112745.1 Gemmiger sp.,4a03f5630651a455252d20ba795a9753,0.04905660377358491,120000,4,7850000,outputs.mapping/bams.cds.rand/ERR3211879.x.s__Gemmiger qucibialis.fastq.gz,ERR3211879.x.s__Gemmiger qucibialis,cb7e446f,8600000,51,DNA,10000,860,True,0.9210916413010404,0.9425999264512009,0.9318457838761207,0.9425999264512009,False,13,116,1642,d__Bacteria;p__Bacillota;c__Clostridia;o__Oscillospirales;f__Ruminococcaceae;g__Gemmiger;s__Gemmiger variabilis_B
100000,0.011627906976744186,0.023094688221709007,0.011627906976744186,0.03227771010962241,5.3,2.0,6.928924880528003,/group/ctbrowngrp5/sourmash-db.new/gtdb-rs226/gtdb-rs226-k51.dna.rocksdb,GCF_002160465.1 Anaerotruncus colihominis,bb19ca007d85e445187c39e60728900b,0.023094688221709007,100000,5,7750000,outputs.mapping/bams.cds.rand/ERR3211879.x.s__Gemmiger qucibialis.fastq.gz,ERR3211879.x.s__Gemmiger qucibialis,cb7e446f,8600000,51,DNA,10000,860,True,0.916365347299856,0.9287781760700224,0.9225717616849392,0.9287781760700224,False,53,169,1642,d__Bacteria;p__Bacillota;c__Clostridia;o__Oscillospirales;f__Ruminococcaceae;g__Anaerotruncus;s__Anaerotruncus colihominis
110000,0.012790697674418604,0.031545741324921134,0.011627906976744186,0.007308160779537149,1.2,1.0,0.4,/group/ctbrowngrp5/sourmash-db.new/gtdb-rs226/gtdb-rs226-k51.dna.rocksdb,GCA_022722655.1 Faecalibacterium prausnitzii,22887120ec30865022a3764b2cbfcdcf,0.03470031545741325,100000,6,7650000,outputs.mapping/bams.cds.rand/ERR3211879.x.s__Gemmiger qucibialis.fastq.gz,ERR3211879.x.s__Gemmiger qucibialis,cb7e446f,8600000,51,DNA,10000,860,True,0.918079476860106,0.9362225269840871,0.9271510019220965,0.9362225269840871,False,12,181,1642,d__Bacteria;p__Bacillota;c__Clostridia;o__Oscillospirales;f__Ruminococcaceae;g__Faecalibacterium;s__Faecalibacterium longum
110000,0.012790697674418604,0.028011204481792718,0.011627906976744186,0.007308160779537149,1.2,1.0,0.6000000000000001,/group/ctbrowngrp5/sourmash-db.new/gtdb-rs226/gtdb-rs226-k51.dna.rocksdb,GCA_963617335.1 Oscillospiraceae bacterium,df3e78aea5eb7f45d576f19ad4470ac7,0.03081232492997199,100000,7,7550000,outputs.mapping/bams.cds.rand/ERR3211879.x.s__Gemmiger qucibialis.fastq.gz,ERR3211879.x.s__Gemmiger qucibialis,cb7e446f,8600000,51,DNA,10000,860,True,0.918079476860106,0.9340435944497837,0.9260615356549449,0.9340435944497837,False,12,193,1642,d__Bacteria;p__Bacillota;c__Clostridia;o__Oscillospirales;f__Ruminococcaceae;g__Gemmiger;s__Gemmiger formicilis
100000,0.011627906976744186,0.04017857142857143,0.010465116279069767,0.006699147381242387,1.2222222222222223,1.0,0.41573970964154905,/group/ctbrowngrp5/sourmash-db.new/gtdb-rs226/gtdb-rs226-k51.dna.rocksdb,GCA_022772705.1 bacterium,4ef8a116b9144f88ec50b8e336624063,0.044642857142857144,90000,8,7460000,outputs.mapping/bams.cds.rand/ERR3211879.x.s__Gemmiger qucibialis.fastq.gz,ERR3211879.x.s__Gemmiger qucibialis,cb7e446f,8600000,51,DNA,10000,860,True,0.916365347299856,0.9408590109455611,0.9286121791227085,0.9408590109455611,False,11,204,1642,d__Bacteria;p__Bacillota;c__Clostridia;o__Oscillospirales;f__Ruminococcaceae;g__Gemmiger;s__Gemmiger sp004561545
90000,0.010465116279069767,0.04225352112676056,0.010465116279069767,0.006699147381242387,1.2222222222222223,1.0,0.41573970964154905,/group/ctbrowngrp5/sourmash-db.new/gtdb-rs226/gtdb-rs226-k51.dna.rocksdb,GCA_946405955.1 uncultured Clostridia bacterium,bc0823f96886ae283c7e424c1473a49e,0.04225352112676056,90000,9,7370000,outputs.mapping/bams.cds.rand/ERR3211879.x.s__Gemmiger qucibialis.fastq.gz,ERR3211879.x.s__Gemmiger qucibialis,cb7e446f,8600000,51,DNA,10000,860,True,0.9144741891719794,0.9398447838197554,0.9271594864958674,0.9398447838197554,False,11,215,1642,d__Bacteria;p__Bacillota;c__Clostridia;o__Oscillospirales;f__Ruminococcaceae;g__Gemmiger;s__Gemmiger sp900554145
80000,0.009302325581395349,0.02464788732394366,0.00813953488372093,0.012789281364190013,3.0,2.0,1.8516401995451028,/group/ctbrowngrp5/sourmash-db.new/gtdb-rs226/gtdb-rs226-k51.dna.rocksdb,GCA_037251415.1 bacterium,5678acd242ded8c82ad1b71074dc536d,0.028169014084507043,70000,10,7300000,outputs.mapping/bams.cds.rand/ERR3211879.x.s__Gemmiger qucibialis.fastq.gz,ERR3211879.x.s__Gemmiger qucibialis,cb7e446f,8600000,51,DNA,10000,860,True,0.9123646741588324,0.9324023632963201,0.9223835187275762,0.9324023632963201,False,21,236,1642,d__Bacteria;p__Bacillota;c__Clostridia;o__Oscillospirales;f__Oscillospiraceae;g__Hominicoprocola;s__Hominicoprocola sp900317525
200000,0.023255813953488372,0.025362318840579712,0.00813953488372093,0.004263093788063338,1.0,1.0,0.0,/group/ctbrowngrp5/sourmash-db.new/gtdb-rs226/gtdb-rs226-k51.dna.rocksdb,GCA_958404325.1 uncultured Oscillospiraceae bacterium,c17d7e62c5b051430601030d2fa8f657,0.07246376811594203,70000,11,7230000,outputs.mapping/bams.cds.rand/ERR3211879.x.s__Gemmiger qucibialis.fastq.gz,ERR3211879.x.s__Gemmiger qucibialis,cb7e446f,8600000,51,DNA,10000,860,True,0.9289047993714703,0.949837757983389,0.9393712786774296,0.949837757983389,False,7,243,1642,d__Bacteria;p__Bacillota;c__Clostridia;o__Oscillospirales;f__Ruminococcaceae;g__Gemmiger;s__Gemmiger qucibialis
100000,0.011627906976744186,0.03070175438596491,0.00813953488372093,0.009135200974421437,2.142857142857143,1.0,2.4159335036125382,/group/ctbrowngrp5/sourmash-db.new/gtdb-rs226/gtdb-rs226-k51.dna.rocksdb,GCA_945867955.1 uncultured Clostridia bacterium,63ab50c3aef8bec83975bc071f715940,0.043859649122807015,70000,12,7160000,outputs.mapping/bams.cds.rand/ERR3211879.x.s__Gemmiger qucibialis.fastq.gz,ERR3211879.x.s__Gemmiger qucibialis,cb7e446f,8600000,51,DNA,10000,860,True,0.916365347299856,0.9405325419797677,0.9284489446398119,0.9405325419797677,False,15,258,1642,d__Bacteria;p__Bacillota;c__Clostridia;o__Oscillospirales;f__Oscillospiraceae;g__Vescimonas;s__Vescimonas sp003487665
70000,0.00813953488372093,0.02553191489361702,0.0069767441860465115,0.0036540803897685747,1.0,1.0,0.0,/group/ctbrowngrp5/sourmash-db.new/gtdb-rs226/gtdb-rs226-k51.dna.rocksdb,GCA_004553285.1 Subdoligranulum variabile,88bd40466634bc6c8878e784fb41820e,0.029787234042553193,60000,13,7100000,outputs.mapping/bams.cds.rand/ERR3211879.x.s__Gemmiger qucibialis.fastq.gz,ERR3211879.x.s__Gemmiger qucibialis,cb7e446f,8600000,51,DNA,10000,860,True,0.909978988393273,0.9334241287695567,0.9217015585814148,0.9334241287695567,False,6,264,1642,d__Bacteria;p__Bacillota;c__Clostridia;o__Oscillospirales;f__Ruminococcaceae;g__Gemmiger;s__Gemmiger variabilis_A
60000,0.0069767441860465115,0.03125,0.0069767441860465115,0.004263093788063338,1.1666666666666667,1.0,0.3726779962499649,/group/ctbrowngrp5/sourmash-db.new/gtdb-rs226/gtdb-rs226-k51.dna.rocksdb,GCA_022780465.1 Bacteroidales bacterium,50995a5e55627130c222ef95d4bbbbea,0.03125,60000,14,7040000,outputs.mapping/bams.cds.rand/ERR3211879.x.s__Gemmiger qucibialis.fastq.gz,ERR3211879.x.s__Gemmiger qucibialis,cb7e446f,8600000,51,DNA,10000,860,True,0.9072326727100967,0.9343019501159521,0.9207673114130244,0.9343019501159521,True,7,271,1642,d__Bacteria;p__Bacillota;c__Clostridia;o__Oscillospirales;f__Ruminococcaceae;g__SFJ001;s__SFJ001 sp004555865
70000,0.00813953488372093,0.02390438247011952,0.0069767441860465115,0.03227771010962241,8.833333333333334,6.0,8.394773506308685,/group/ctbrowngrp5/sourmash-db.new/gtdb-rs226/gtdb-rs226-k51.dna.rocksdb,GCA_945876835.1 Faecalibacterium prausnitzii,92f392b7016b3e1669bceeac2c82ada9,0.027888446215139442,60000,15,6980000,outputs.mapping/bams.cds.rand/ERR3211879.x.s__Gemmiger qucibialis.fastq.gz,ERR3211879.x.s__Gemmiger qucibialis,cb7e446f,8600000,51,DNA,10000,860,True,0.909978988393273,0.9322193727273286,0.9210991805603008,0.9322193727273286,False,53,324,1642,d__Bacteria;p__Bacillota;c__Clostridia;o__Oscillospirales;f__Ruminococcaceae;g__Faecalibacterium;s__Faecalibacterium prausnitzii_M
60000,0.0069767441860465115,0.011135857461024499,0.005813953488372093,0.014007308160779537,4.6,1.0,6.7111846942250075,/group/ctbrowngrp5/sourmash-db.new/gtdb-rs226/gtdb-rs226-k51.dna.rocksdb,GCF_024463595.1 Blautia wexlerae,1ebdf5bcce5485c7d6a83cee8881385a,0.013363028953229399,50000,16,6930000,outputs.mapping/bams.cds.rand/ERR3211879.x.s__Gemmiger qucibialis.fastq.gz,ERR3211879.x.s__Gemmiger qucibialis,cb7e446f,8600000,51,DNA,10000,860,True,0.9072326727100967,0.9188678099063506,0.9130502413082237,0.9188678099063506,True,23,347,1642,d__Bacteria;p__Bacillota;c__Clostridia;o__Lachnospirales;f__Lachnospiraceae;g__Blautia_A;s__Blautia_A wexlerae
50000,0.005813953488372093,0.022935779816513763,0.005813953488372093,0.0036540803897685747,1.2,1.0,0.4000000000000001,/group/ctbrowngrp5/sourmash-db.new/gtdb-rs226/gtdb-rs226-k51.dna.rocksdb,GCA_934875665.1 uncultured bacterium,fca396f243969c22c524be8f60a13694,0.022935779816513763,50000,17,6880000,outputs.mapping/bams.cds.rand/ERR3211879.x.s__Gemmiger qucibialis.fastq.gz,ERR3211879.x.s__Gemmiger qucibialis,cb7e446f,8600000,51,DNA,10000,860,True,0.903995167535116,0.9286524441268587,0.9163238058309873,0.9286524441268587,True,6,353,1642,d__Bacteria;p__Bacillota;c__Clostridia;o__Oscillospirales;f__Ruminococcaceae;g__SFIE01;s__SFIE01 sp004555405
40000,0.004651162790697674,0.006633499170812604,0.004651162790697674,0.013398294762484775,5.5,5.5,3.640054944640259,/group/ctbrowngrp5/sourmash-db.new/gtdb-rs226/gtdb-rs226-k51.dna.rocksdb,GCF_015548595.1 Bacteroides fragilis,c166b4a3c8b7d02f6d23b71fff2fe3d7,0.006633499170812604,40000,18,6840000,outputs.mapping/bams.cds.rand/ERR3211879.x.s__Gemmiger qucibialis.fastq.gz,ERR3211879.x.s__Gemmiger qucibialis,cb7e446f,8600000,51,DNA,10000,860,True,0.90004850019656,0.9063356691581456,0.9031920846773528,0.9063356691581456,True,22,375,1642,d__Bacteria;p__Bacteroidota;c__Bacteroidia;o__Bacteroidales;f__Bacteroidaceae;g__Bacteroides;s__Bacteroides fragilis
50000,0.005813953488372093,0.019417475728155338,0.004651162790697674,0.0036540803897685747,1.5,1.0,0.8660254037844386,/group/ctbrowngrp5/sourmash-db.new/gtdb-rs226/gtdb-rs226-k51.dna.rocksdb,GCA_945827955.1 uncultured Clostridia bacterium,473b5f84b81326f05c2d54fd795db5bc,0.024271844660194174,40000,19,6800000,outputs.mapping/bams.cds.rand/ERR3211879.x.s__Gemmiger qucibialis.fastq.gz,ERR3211879.x.s__Gemmiger qucibialis,cb7e446f,8600000,51,DNA,10000,860,True,0.903995167535116,0.9296839827774839,0.9168395751562999,0.9296839827774839,True,6,381,1642,d__Bacteria;p__Bacillota;c__Clostridia;o__Oscillospirales;f__Oscillospiraceae;g__Vescimonas;s__Vescimonas sp900313295
60000,0.0069767441860465115,0.01702127659574468,0.004651162790697674,0.0030450669914738123,1.25,1.0,0.4330127018922193,/group/ctbrowngrp5/sourmash-db.new/gtdb-rs226/gtdb-rs226-k51.dna.rocksdb,GCA_937957855.1 uncultured Faecalibacterium sp.,7843be860f84787bcef49485bbb45624,0.02553191489361702,40000,20,6760000,outputs.mapping/bams.cds.rand/ERR3211879.x.s__Gemmiger qucibialis.fastq.gz,ERR3211879.x.s__Gemmiger qucibialis,cb7e446f,8600000,51,DNA,10000,860,True,0.9072326727100967,0.9306070556760107,0.9189198641930536,0.9306070556760107,True,5,386,1642,d__Bacteria;p__Bacillota;c__Clostridia;o__Oscillospirales;f__Ruminococcaceae;g__Faecalibacterium;s__Faecalibacterium wellingii
90000,0.010465116279069767,0.013114754098360656,0.004651162790697674,0.020097442143727162,8.25,1.5,11.986972094736853,/group/ctbrowngrp5/sourmash-db.new/gtdb-rs226/gtdb-rs226-k51.dna.rocksdb,GCF_017377615.1 Faecalibacterium sp. Marseille-Q4896,f080658f456b9bf860c87eecd20b977a,0.029508196721311476,40000,21,6720000,outputs.mapping/bams.cds.rand/ERR3211879.x.s__Gemmiger qucibialis.fastq.gz,ERR3211879.x.s__Gemmiger qucibialis,cb7e446f,8600000,51,DNA,10000,860,True,0.9144741891719794,0.9332518851904813,0.9238630371812304,0.9332518851904813,False,33,419,1642,d__Bacteria;p__Bacillota;c__Clostridia;o__Oscillospirales;f__Ruminococcaceae;g__Faecalibacterium;s__Faecalibacterium taiwanense
110000,0.012790697674418604,0.015151515151515152,0.004651162790697674,0.006699147381242387,2.75,2.0,2.0463381929681126,/group/ctbrowngrp5/sourmash-db.new/gtdb-rs226/gtdb-rs226-k51.dna.rocksdb,GCF_000765235.1 Oscillibacter sp. ER4,b86d494b379656b1b7a7b4d8bf763e29,0.041666666666666664,40000,22,6680000,outputs.mapping/bams.cds.rand/ERR3211879.x.s__Gemmiger qucibialis.fastq.gz,ERR3211879.x.s__Gemmiger qucibialis,cb7e446f,8600000,51,DNA,10000,860,True,0.918079476860106,0.9395870760883538,0.92883327647423,0.9395870760883538,False,11,430,1642,d__Bacteria;p__Bacillota;c__Clostridia;o__Oscillospirales;f__Oscillospiraceae;g__Hominicoprocola;s__Hominicoprocola fusiformis
70000,0.00813953488372093,0.013793103448275862,0.004651162790697674,0.0030450669914738123,1.25,1.0,0.4330127018922193,/group/ctbrowngrp5/sourmash-db.new/gtdb-rs226/gtdb-rs226-k51.dna.rocksdb,GCA_004553895.1 Clostridiales bacterium,0055d01760f258498583dfd7c511040e,0.02413793103448276,40000,23,6640000,outputs.mapping/bams.cds.rand/ERR3211879.x.s__Gemmiger qucibialis.fastq.gz,ERR3211879.x.s__Gemmiger qucibialis,cb7e446f,8600000,51,DNA,10000,860,True,0.909978988393273,0.9295831354442654,0.9197810619187692,0.9295831354442654,False,5,435,1642,d__Bacteria;p__Bacillota;c__Clostridia;o__Oscillospirales;f__Butyricicoccaceae;g__Butyricicoccus_A;s__Butyricicoccus_A intestinisimiae
50000,0.005813953488372093,0.01680672268907563,0.004651162790697674,0.0030450669914738123,1.25,1.0,0.4330127018922193,/group/ctbrowngrp5/sourmash-db.new/gtdb-rs226/gtdb-rs226-k51.dna.rocksdb,GCA_959601545.1 uncultured Oscillospiraceae bacterium,79e077b70083ad9fe9dc915d5ff2741e,0.02100840336134454,40000,24,6600000,outputs.mapping/bams.cds.rand/ERR3211879.x.s__Gemmiger qucibialis.fastq.gz,ERR3211879.x.s__Gemmiger qucibialis,cb7e446f,8600000,51,DNA,10000,860,True,0.903995167535116,0.9270555239277647,0.9155253457314403,0.9270555239277647,True,5,440,1642,d__Bacteria;p__Bacillota;c__Clostridia;o__Oscillospirales;f__Oscillospiraceae;g__Hominicoprocola;s__Hominicoprocola sp003522105
210000,0.02441860465116279,0.009146341463414634,0.0034883720930232558,0.00243605359317905,1.3333333333333333,1.0,0.4714045207910317,/group/ctbrowngrp5/sourmash-db.new/gtdb-rs226/gtdb-rs226-k51.dna.rocksdb,GCA_934831055.1 Subdoligranulum sp. APC924/74,d9662384ba003662d0baf56fa4fbbd28,0.06402439024390244,30000,25,6570000,outputs.mapping/bams.cds.rand/ERR3211879.x.s__Gemmiger qucibialis.fastq.gz,ERR3211879.x.s__Gemmiger qucibialis,cb7e446f,8600000,51,DNA,10000,860,True,0.92979387983013,0.9475344501033064,0.9386641649667182,0.9475344501033064,False,4,444,1642,d__Bacteria;p__Bacillota;c__Clostridia;o__Oscillospirales;f__Ruminococcaceae;g__Gemmiger;s__Gemmiger qucibialis
30000,0.0034883720930232558,0.017241379310344827,0.0034883720930232558,0.0018270401948842874,1.0,1.0,0.0,/group/ctbrowngrp5/sourmash-db.new/gtdb-rs226/gtdb-rs226-k51.dna.rocksdb,GCA_037279025.1 Angelakisella sp.,dd04cd70cfeef9502e0b2a9b9ab20ca9,0.017241379310344827,30000,26,6540000,outputs.mapping/bams.cds.rand/ERR3211879.x.s__Gemmiger qucibialis.fastq.gz,ERR3211879.x.s__Gemmiger qucibialis,cb7e446f,8600000,51,DNA,10000,860,True,0.8949857765535171,0.9234704020446912,0.9092280892991041,0.9234704020446912,True,3,447,1642,d__Bacteria;p__Bacillota;c__Clostridia;o__Oscillospirales;f__Ruminococcaceae;g__Angelakisella;s__Angelakisella sp004557855
50000,0.005813953488372093,0.010526315789473684,0.0034883720930232558,0.0030450669914738123,1.6666666666666667,2.0,0.4714045207910317,/group/ctbrowngrp5/sourmash-db.new/gtdb-rs226/gtdb-rs226-k51.dna.rocksdb,GCA_004553155.1 Bacteroidales bacterium,36b2fe2d609276794eb51314081e47b7,0.017543859649122806,30000,27,6510000,outputs.mapping/bams.cds.rand/ERR3211879.x.s__Gemmiger qucibialis.fastq.gz,ERR3211879.x.s__Gemmiger qucibialis,cb7e446f,8600000,51,DNA,10000,860,True,0.903995167535116,0.9237853726019886,0.9138902700685523,0.9237853726019886,True,5,452,1642,d__Bacteria;p__Bacteroidota;c__Bacteroidia;o__Bacteroidales;f__UBA932;g__Cryptobacteroides;s__Cryptobacteroides sp900546925
30000,0.0034883720930232558,0.011278195488721804,0.0034883720930232558,0.0048721071863581,2.6666666666666665,2.0,1.699673171197595,/group/ctbrowngrp5/sourmash-db.new/gtdb-rs226/gtdb-rs226-k51.dna.rocksdb,GCA_022787865.1 Prevotellaceae bacterium,58f0ddca7477619d11147a90b232d44d,0.011278195488721804,30000,28,6480000,outputs.mapping/bams.cds.rand/ERR3211879.x.s__Gemmiger qucibialis.fastq.gz,ERR3211879.x.s__Gemmiger qucibialis,cb7e446f,8600000,51,DNA,10000,860,True,0.8949857765535171,0.9158168292653892,0.9054013029094532,0.9158168292653892,True,8,460,1642,d__Bacteria;p__Bacteroidota;c__Bacteroidia;o__Bacteroidales;f__Bacteroidaceae;g__Physcousia;s__Physcousia sp900543815
40000,0.004651162790697674,0.01675977653631285,0.0034883720930232558,0.0018270401948842874,1.0,1.0,0.0,/group/ctbrowngrp5/sourmash-db.new/gtdb-rs226/gtdb-rs226-k51.dna.rocksdb,GCA_022778755.1 Oscillibacter sp.,c61cd82893e497dfc5743239c4f1f089,0.0223463687150838,30000,29,6450000,outputs.mapping/bams.cds.rand/ERR3211879.x.s__Gemmiger qucibialis.fastq.gz,ERR3211879.x.s__Gemmiger qucibialis,cb7e446f,8600000,51,DNA,10000,860,True,0.90004850019656,0.9281785099837485,0.9141135050901543,0.9281785099837485,True,3,463,1642,d__Bacteria;p__Bacillota;c__Clostridia;o__Oscillospirales;f__Oscillospiraceae;g__Vescimonas;s__Vescimonas sp003487665
30000,0.0034883720930232558,0.010526315789473684,0.0034883720930232558,0.0054811205846528625,3.0,2.0,2.160246899469287,/group/ctbrowngrp5/sourmash-db.new/gtdb-rs226/gtdb-rs226-k51.dna.rocksdb,GCA_034099025.1 Dysosmobacter sp.,53d263c1bddaf76a99ace184afa2ade3,0.010526315789473684,30000,30,6420000,outputs.mapping/bams.cds.rand/ERR3211879.x.s__Gemmiger qucibialis.fastq.gz,ERR3211879.x.s__Gemmiger qucibialis,cb7e446f,8600000,51,DNA,10000,860,True,0.8949857765535171,0.9145787486024968,0.9047822625780069,0.9145787486024968,True,9,472,1642,d__Bacteria;p__Bacillota;c__Clostridia;o__Oscillospirales;f__Oscillospiraceae;g__Oscillibacter;s__Oscillibacter sp004558115
40000,0.004651162790697674,0.012345679012345678,0.0034883720930232558,0.00243605359317905,1.3333333333333333,1.0,0.4714045207910317,/group/ctbrowngrp5/sourmash-db.new/gtdb-rs226/gtdb-rs226-k51.dna.rocksdb,GCA_022772325.1 Faecalibacterium prausnitzii,2d4921d8cdf55b48f95a312548494cd5,0.01646090534979424,30000,31,6390000,outputs.mapping/bams.cds.rand/ERR3211879.x.s__Gemmiger qucibialis.fastq.gz,ERR3211879.x.s__Gemmiger qucibialis,cb7e446f,8600000,51,DNA,10000,860,True,0.90004850019656,0.922631980738629,0.9113402404675945,0.922631980738629,True,4,476,1642,d__Bacteria;p__Bacillota;c__Clostridia;o__Oscillospirales;f__Ruminococcaceae;g__Faecalibacterium;s__Faecalibacterium taiwanense
50000,0.005813953488372093,0.016042780748663103,0.0034883720930232558,0.0018270401948842874,1.0,1.0,0.0,/group/ctbrowngrp5/sourmash-db.new/gtdb-rs226/gtdb-rs226-k51.dna.rocksdb,GCA_028725665.1 Oscillibacter sp.,90ac6416991be985312ec6fb1b3b4cff,0.026737967914438502,30000,32,6360000,outputs.mapping/bams.cds.rand/ERR3211879.x.s__Gemmiger qucibialis.fastq.gz,ERR3211879.x.s__Gemmiger qucibialis,cb7e446f,8600000,51,DNA,10000,860,True,0.903995167535116,0.9314496424903252,0.9177224050127206,0.9314496424903252,True,3,479,1642,d__Bacteria;p__Bacillota;c__Clostridia;o__Oscillospirales;f__Oscillospiraceae;g__Hominicoprocola;s__Hominicoprocola sp900317525
30000,0.0034883720930232558,0.020689655172413793,0.0034883720930232558,0.008526187576126675,4.666666666666667,6.0,2.6246692913372702,/group/ctbrowngrp5/sourmash-db.new/gtdb-rs226/gtdb-rs226-k51.dna.rocksdb,GCA_021620605.1 Clostridiales bacterium,4f68f2951a640ef26aefab921c87b2a6,0.020689655172413793,30000,33,6330000,outputs.mapping/bams.cds.rand/ERR3211879.x.s__Gemmiger qucibialis.fastq.gz,ERR3211879.x.s__Gemmiger qucibialis,cb7e446f,8600000,51,DNA,10000,860,True,0.8949857765535171,0.9267776544647602,0.9108817155091387,0.9267776544647602,True,14,493,1642,d__Bacteria;p__Bacillota;c__Clostridia;o__Christensenellales;f__CAG-917;g__CAG-349;s__CAG-349 sp003539515
30000,0.0034883720930232558,0.014285714285714285,0.0034883720930232558,0.0018270401948842874,1.0,1.0,0.0,/group/ctbrowngrp5/sourmash-db.new/gtdb-rs226/gtdb-rs226-k51.dna.rocksdb,GCA_945878665.1 uncultured Clostridia bacterium,b9ab3e1394c095d3c7888973d7ec963d,0.014285714285714285,30000,34,6300000,outputs.mapping/bams.cds.rand/ERR3211879.x.s__Gemmiger qucibialis.fastq.gz,ERR3211879.x.s__Gemmiger qucibialis,cb7e446f,8600000,51,DNA,10000,860,True,0.8949857765535171,0.9200715609934823,0.9075286687734997,0.9200715609934823,True,3,496,1642,d__Bacteria;p__Bacillota;c__Clostridia;o__Oscillospirales;f__Oscillospiraceae;g__Vescimonas;s__Vescimonas sp945878665
90000,0.010465116279069767,0.00949367088607595,0.0034883720930232558,0.0060901339829476245,3.3333333333333335,4.0,1.699673171197595,/group/ctbrowngrp5/sourmash-db.new/gtdb-rs226/gtdb-rs226-k51.dna.rocksdb,GCF_900148495.1 Negativibacillus massiliensis,14a3469a43c6145dca551886754a026f,0.028481012658227847,30000,35,6270000,outputs.mapping/bams.cds.rand/ERR3211879.x.s__Gemmiger qucibialis.fastq.gz,ERR3211879.x.s__Gemmiger qucibialis,cb7e446f,8600000,51,DNA,10000,860,True,0.9144741891719794,0.9326037667744912,0.9235389779732353,0.9326037667744912,False,10,506,1642,d__Bacteria;p__Bacillota;c__Clostridia;o__Oscillospirales;f__Ruminococcaceae;g__Negativibacillus;s__Negativibacillus massiliensis
30000,0.0034883720930232558,0.010830324909747292,0.0034883720930232558,0.018270401948842874,10.0,2.0,12.027745701779143,/group/ctbrowngrp5/sourmash-db.new/gtdb-rs226/gtdb-rs226-k51.dna.rocksdb,GCF_000833955.1 Prevotella pectinovora,f21257989e56fba1d557f96b9512fcd5,0.010830324909747292,30000,36,6240000,outputs.mapping/bams.cds.rand/ERR3211879.x.s__Gemmiger qucibialis.fastq.gz,ERR3211879.x.s__Gemmiger qucibialis,cb7e446f,8600000,51,DNA,10000,860,True,0.8949857765535171,0.9150894713072147,0.9050376239303659,0.9150894713072147,True,30,536,1642,d__Bacteria;p__Bacteroidota;c__Bacteroidia;o__Bacteroidales;f__Bacteroidaceae;g__Prevotella;s__Prevotella pectinovora
30000,0.0034883720930232558,0.01875,0.0034883720930232558,0.012789281364190013,7.0,2.0,7.788880963698615,/group/ctbrowngrp5/sourmash-db.new/gtdb-rs226/gtdb-rs226-k51.dna.rocksdb,GCA_004556165.1 Clostridiales bacterium,a132cc4b964bdc82914f51d071628d4a,0.01875,30000,37,6210000,outputs.mapping/bams.cds.rand/ERR3211879.x.s__Gemmiger qucibialis.fastq.gz,ERR3211879.x.s__Gemmiger qucibialis,cb7e446f,8600000,51,DNA,10000,860,True,0.8949857765535171,0.9249905158674521,0.9099881462104846,0.9249905158674521,True,21,557,1642,d__Bacteria;p__Bacillota;c__Clostridia;o__Christensenellales;f__CAG-138;g__PeH17;s__PeH17 sp004556165
60000,0.0069767441860465115,0.017857142857142856,0.0034883720930232558,0.00243605359317905,1.3333333333333333,1.0,0.4714045207910317,/group/ctbrowngrp5/sourmash-db.new/gtdb-rs226/gtdb-rs226-k51.dna.rocksdb,GCA_946002105.1 Subdoligranulum variabile,41cbcca4a290a8fe42bb35d4ac3e1326,0.03571428571428571,30000,38,6180000,outputs.mapping/bams.cds.rand/ERR3211879.x.s__Gemmiger qucibialis.fastq.gz,ERR3211879.x.s__Gemmiger qucibialis,cb7e446f,8600000,51,DNA,10000,860,True,0.9072326727100967,0.9367514032259207,0.9219920379680087,0.9367514032259207,True,4,561,1642,d__Bacteria;p__Bacillota;c__Clostridia;o__Oscillospirales;f__Ruminococcaceae;g__Gemmiger;s__Gemmiger variabilis_A
30000,0.0034883720930232558,0.009554140127388535,0.0034883720930232558,0.03958587088915956,21.666666666666668,14.0,17.594190960528863,/group/ctbrowngrp5/sourmash-db.new/gtdb-rs226/gtdb-rs226-k51.dna.rocksdb,GCA_022773545.1 Prevotella sp.,4afae2f71eaa979d43e819866f0bc649,0.009554140127388535,30000,39,6150000,outputs.mapping/bams.cds.rand/ERR3211879.x.s__Gemmiger qucibialis.fastq.gz,ERR3211879.x.s__Gemmiger qucibialis,cb7e446f,8600000,51,DNA,10000,860,True,0.8949857765535171,0.9128426306331032,0.9039142035933101,0.9128426306331032,True,65,626,1642,d__Bacteria;p__Bacteroidota;c__Bacteroidia;o__Bacteroidales;f__Bacteroidaceae;g__Prevotella;s__Prevotella sp022771625
40000,0.004651162790697674,0.013333333333333334,0.0034883720930232558,0.015225334957369063,8.333333333333334,3.0,8.259674462242577,/group/ctbrowngrp5/sourmash-db.new/gtdb-rs226/gtdb-rs226-k51.dna.rocksdb,GCA_004557745.1 Phascolarctobacterium sp.,bd60db0343f75cedcf2f5b5458e684ec,0.017777777777777778,30000,40,6120000,outputs.mapping/bams.cds.rand/ERR3211879.x.s__Gemmiger qucibialis.fastq.gz,ERR3211879.x.s__Gemmiger qucibialis,cb7e446f,8600000,51,DNA,10000,860,True,0.90004850019656,0.9240253203616146,0.9120369102790873,0.9240253203616146,True,25,651,1642,d__Bacteria;p__Bacillota;c__Negativicutes;o__Acidaminococcales;f__Acidaminococcaceae;g__Phascolarctobacterium_A;s__Phascolarctobacterium_A succinatutens
50000,0.005813953488372093,0.009259259259259259,0.0034883720930232558,0.00243605359317905,1.3333333333333333,1.0,0.4714045207910317,/group/ctbrowngrp5/sourmash-db.new/gtdb-rs226/gtdb-rs226-k51.dna.rocksdb,GCA_021029585.1 Oscillospiraceae bacterium MH27-1,843f2b2d7b5148175cc6044e9c5fe23b,0.015432098765432098,30000,41,6090000,outputs.mapping/bams.cds.rand/ERR3211879.x.s__Gemmiger qucibialis.fastq.gz,ERR3211879.x.s__Gemmiger qucibialis,cb7e446f,8600000,51,DNA,10000,860,True,0.903995167535116,0.9214651642024916,0.9127301658688038,0.9214651642024916,True,4,655,1642,d__Bacteria;p__Bacillota;c__Clostridia;o__Oscillospirales;f__Acutalibacteraceae;g__Hominenteromicrobium;s__Hominenteromicrobium mulieris
70000,0.00813953488372093,0.011320754716981131,0.0034883720930232558,0.00243605359317905,1.3333333333333333,1.0,0.4714045207910317,/group/ctbrowngrp5/sourmash-db.new/gtdb-rs226/gtdb-rs226-k51.dna.rocksdb,GCA_004555965.1 Clostridiales bacterium,a221d5b664f7e8efb223b2cf126ca5be,0.026415094339622643,30000,42,6060000,outputs.mapping/bams.cds.rand/ERR3211879.x.s__Gemmiger qucibialis.fastq.gz,ERR3211879.x.s__Gemmiger qucibialis,cb7e446f,8600000,51,DNA,10000,860,True,0.909978988393273,0.931227783502706,0.9206033859479894,0.931227783502706,False,4,659,1642,d__Bacteria;p__Bacillota;c__Clostridia;o__Oscillospirales;f__Butyricicoccaceae;g__Butyricicoccus_A;s__Butyricicoccus_A porcorum
20000,0.002325581395348837,0.005747126436781609,0.002325581395348837,0.00243605359317905,2.0,2.0,1.0,/group/ctbrowngrp5/sourmash-db.new/gtdb-rs226/gtdb-rs226-k51.dna.rocksdb,GCA_041323695.1 Lachnospiraceae bacterium,69eb6432cd98d9772054f7f183064e89,0.005747126436781609,20000,43,6040000,outputs.mapping/bams.cds.rand/ERR3211879.x.s__Gemmiger qucibialis.fastq.gz,ERR3211879.x.s__Gemmiger qucibialis,cb7e446f,8600000,51,DNA,10000,860,True,0.8878985844700187,0.9037902706106046,0.8958444275403117,0.9037902706106046,True,4,663,1642,d__Bacteria;p__Bacillota;c__Clostridia;o__Lachnospirales;f__Lachnospiraceae;g__Jutongia;s__Jutongia sp003524945
20000,0.002325581395348837,0.005221932114882507,0.002325581395348837,0.004263093788063338,3.5,3.5,1.5,/group/ctbrowngrp5/sourmash-db.new/gtdb-rs226/gtdb-rs226-k51.dna.rocksdb,GCF_036938025.1 Segatella copri,3c862cb708a7bf48869d9fa8fea264e7,0.005221932114882507,20000,44,6020000,outputs.mapping/bams.cds.rand/ERR3211879.x.s__Gemmiger qucibialis.fastq.gz,ERR3211879.x.s__Gemmiger qucibialis,cb7e446f,8600000,51,DNA,10000,860,True,0.8878985844700187,0.9020935810980244,0.8949960827840215,0.9020935810980244,True,7,670,1642,d__Bacteria;p__Bacteroidota;c__Bacteroidia;o__Bacteroidales;f__Bacteroidaceae;g__Prevotella;s__Prevotella copri_K
20000,0.002325581395348837,0.012987012987012988,0.002325581395348837,0.00243605359317905,2.0,2.0,1.0,/group/ctbrowngrp5/sourmash-db.new/gtdb-rs226/gtdb-rs226-k51.dna.rocksdb,GCA_037266405.1 bacterium,b278cbab033535702725ea295a8eb5f9,0.012987012987012988,20000,45,6000000,outputs.mapping/bams.cds.rand/ERR3211879.x.s__Gemmiger qucibialis.fastq.gz,ERR3211879.x.s__Gemmiger qucibialis,cb7e446f,8600000,51,DNA,10000,860,True,0.8878985844700187,0.9183537120490333,0.903126148259526,0.9183537120490333,True,4,674,1642,d__Bacteria;p__Bacillota;c__Clostridia;o__Oscillospirales;f__Oscillospiraceae;g__Vescimonas;s__Vescimonas sp000435975
90000,0.010465116279069767,0.006779661016949152,0.002325581395348837,0.0018270401948842874,1.5,1.5,0.5,/group/ctbrowngrp5/sourmash-db.new/gtdb-rs226/gtdb-rs226-k51.dna.rocksdb,GCF_018784555.1 Faecalibacterium prausnitzii,12405909848be5721caa42a4b181af1f,0.030508474576271188,20000,46,5980000,outputs.mapping/bams.cds.rand/ERR3211879.x.s__Gemmiger qucibialis.fastq.gz,ERR3211879.x.s__Gemmiger qucibialis,cb7e446f,8600000,51,DNA,10000,860,True,0.9144741891719794,0.9338621096473757,0.9241681494096776,0.9338621096473757,False,3,677,1642,d__Bacteria;p__Bacillota;c__Clostridia;o__Oscillospirales;f__Ruminococcaceae;g__Faecalibacterium;s__Faecalibacterium duncaniae
20000,0.002325581395348837,0.010362694300518135,0.002325581395348837,0.007917174177831911,6.5,6.5,5.5,/group/ctbrowngrp5/sourmash-db.new/gtdb-rs226/gtdb-rs226-k51.dna.rocksdb,GCA_934648025.1 uncultured Oscillospiraceae bacterium,1c1261ab9c2b61fe74fd18d8b3fbd0d7,0.010362694300518135,20000,47,5960000,outputs.mapping/bams.cds.rand/ERR3211879.x.s__Gemmiger qucibialis.fastq.gz,ERR3211879.x.s__Gemmiger qucibialis,cb7e446f,8600000,51,DNA,10000,860,True,0.8878985844700187,0.9142978525817129,0.9010982185258658,0.9142978525817129,True,13,690,1642,d__Bacteria;p__Bacillota;c__Clostridia;o__Oscillospirales;f__Oscillospiraceae;g__CAG-170;s__CAG-170 sp002404795
20000,0.002325581395348837,0.012048192771084338,0.002325581395348837,0.0018270401948842874,1.5,1.5,0.5,/group/ctbrowngrp5/sourmash-db.new/gtdb-rs226/gtdb-rs226-k51.dna.rocksdb,GCA_934841735.1 uncultured bacterium,762296925d3679acedfe071a59e7b47c,0.012048192771084338,20000,48,5940000,outputs.mapping/bams.cds.rand/ERR3211879.x.s__Gemmiger qucibialis.fastq.gz,ERR3211879.x.s__Gemmiger qucibialis,cb7e446f,8600000,51,DNA,10000,860,True,0.8878985844700187,0.9170035517674673,0.902451068118743,0.9170035517674673,True,3,693,1642,d__Bacteria;p__Bacillota;c__Clostridia;o__Oscillospirales;f__Oscillospiraceae;g__Vescimonas;s__Vescimonas coprocola
20000,0.002325581395348837,0.0058309037900874635,0.002325581395348837,0.001218026796589525,1.0,1.0,0.0,/group/ctbrowngrp5/sourmash-db.new/gtdb-rs226/gtdb-rs226-k51.dna.rocksdb,GCA_963656095.1 Paratractidigestivibacter sp.,c27008614fb89b0fb7e3f169cac5c482,0.0058309037900874635,20000,49,5920000,outputs.mapping/bams.cds.rand/ERR3211879.x.s__Gemmiger qucibialis.fastq.gz,ERR3211879.x.s__Gemmiger qucibialis,cb7e446f,8600000,51,DNA,10000,860,True,0.8878985844700187,0.9040467713600826,0.8959726779150506,0.9040467713600826,True,2,695,1642,d__Bacteria;p__Bacteroidota;c__Bacteroidia;o__Bacteroidales;f__Bacteroidaceae;g__Prevotella;s__Prevotella sp963656095
30000,0.0034883720930232558,0.01015228426395939,0.002325581395348837,0.001218026796589525,1.0,1.0,0.0,/group/ctbrowngrp5/sourmash-db.new/gtdb-rs226/gtdb-rs226-k51.dna.rocksdb,GCA_902796245.1 Oscillospiraceae bacterium,ac5bab2911dfa4ecaacc994a23a6967d,0.015228426395939087,20000,50,5900000,outputs.mapping/bams.cds.rand/ERR3211879.x.s__Gemmiger qucibialis.fastq.gz,ERR3211879.x.s__Gemmiger qucibialis,cb7e446f,8600000,51,DNA,10000,860,True,0.8949857765535171,0.9212251477078276,0.9081054621306723,0.9212251477078276,True,2,697,1642,d__Bacteria;p__Bacillota;c__Clostridia;o__Oscillospirales;f__Oscillospiraceae;g__CAG-170;s__CAG-170 sp902796245
30000,0.0034883720930232558,0.004819277108433735,0.002325581395348837,0.001218026796589525,1.0,1.0,0.0,/group/ctbrowngrp5/sourmash-db.new/gtdb-rs226/gtdb-rs226-k51.dna.rocksdb,GCA_004563615.1 bacterium,2a1efa1c0e476bb35e2d1bbb22da4458,0.007228915662650603,20000,51,5880000,outputs.mapping/bams.cds.rand/ERR3211879.x.s__Gemmiger qucibialis.fastq.gz,ERR3211879.x.s__Gemmiger qucibialis,cb7e446f,8600000,51,DNA,10000,860,True,0.8949857765535171,0.9078645167083368,0.9014251466309269,0.9078645167083368,True,2,699,1642,d__Bacteria;p__Bacillota;c__Clostridia;o__Oscillospirales;f__Acutalibacteraceae;g__Fimivicinus;s__Fimivicinus sp900544715
50000,0.005813953488372093,0.010050251256281407,0.002325581395348837,0.001218026796589525,1.0,1.0,0.0,/group/ctbrowngrp5/sourmash-db.new/gtdb-rs226/gtdb-rs226-k51.dna.rocksdb,GCA_034090225.1 Oscillospiraceae bacterium,0791749672bad4183d1408476e6dd4ab,0.02512562814070352,20000,52,5860000,outputs.mapping/bams.cds.rand/ERR3211879.x.s__Gemmiger qucibialis.fastq.gz,ERR3211879.x.s__Gemmiger qucibialis,cb7e446f,8600000,51,DNA,10000,860,True,0.903995167535116,0.9303144008325623,0.9171547841838392,0.9303144008325623,True,2,701,1642,d__Bacteria;p__Bacillota;c__Clostridia;o__Oscillospirales;f__Oscillospiraceae;g__CAG-103;s__CAG-103 sp004556965
20000,0.002325581395348837,0.00819672131147541,0.002325581395348837,0.008526187576126675,7.0,7.0,6.0,/group/ctbrowngrp5/sourmash-db.new/gtdb-rs226/gtdb-rs226-k51.dna.rocksdb,GCA_037238225.1 bacterium,50defa3b081c503079814dac2f256cee,0.00819672131147541,20000,53,5840000,outputs.mapping/bams.cds.rand/ERR3211879.x.s__Gemmiger qucibialis.fastq.gz,ERR3211879.x.s__Gemmiger qucibialis,cb7e446f,8600000,51,DNA,10000,860,True,0.8878985844700187,0.910103917375183,0.8990012509226009,0.910103917375183,True,14,715,1642,d__Bacteria;p__Bacillota;c__Clostridia;o__Oscillospirales;f__Oscillospiraceae;g__Vescimonas;s__Vescimonas sp900548615
20000,0.002325581395348837,0.01904761904761905,0.002325581395348837,0.02253349573690621,18.5,18.5,3.5,/group/ctbrowngrp5/sourmash-db.new/gtdb-rs226/gtdb-rs226-k51.dna.rocksdb,GCA_004561445.1 bacterium,43e6a68934484b0b1d4221bb931d12f8,0.01904761904761905,20000,54,5820000,outputs.mapping/bams.cds.rand/ERR3211879.x.s__Gemmiger qucibialis.fastq.gz,ERR3211879.x.s__Gemmiger qucibialis,cb7e446f,8600000,51,DNA,10000,860,True,0.8878985844700187,0.9252761890078747,0.9065873867389467,0.9252761890078747,True,37,752,1642,d__Bacteria;p__Patescibacteriota;c__Saccharimonadia;o__Saccharimonadales;f__Nanosyncoccaceae;g__UBA2834;s__UBA2834 sp004561445
90000,0.010465116279069767,0.009478672985781991,0.002325581395348837,0.001218026796589525,1.0,1.0,0.0,/group/ctbrowngrp5/sourmash-db.new/gtdb-rs226/gtdb-rs226-k51.dna.rocksdb,GCA_022787965.1 bacterium,cd35d48936ef990e28a9d9c097816d1e,0.04265402843601896,20000,55,5800000,outputs.mapping/bams.cds.rand/ERR3211879.x.s__Gemmiger qucibialis.fastq.gz,ERR3211879.x.s__Gemmiger qucibialis,cb7e446f,8600000,51,DNA,10000,860,True,0.9144741891719794,0.9400186533512261,0.9272464212616027,0.9400186533512261,False,2,754,1642,d__Bacteria;p__Bacillota;c__Clostridia;o__Oscillospirales;f__Ruminococcaceae;g__Gemmiger;s__Gemmiger sp004561545
20000,0.002325581395348837,0.008583690987124463,0.002325581395348837,0.0030450669914738123,2.5,2.5,0.5,/group/ctbrowngrp5/sourmash-db.new/gtdb-rs226/gtdb-rs226-k51.dna.rocksdb,GCF_034087485.1 Candidatus Cryptobacteroides sp.,9c6f02a1c2aaca988d48e37a5dfed069,0.008583690987124463,20000,56,5780000,outputs.mapping/bams.cds.rand/ERR3211879.x.s__Gemmiger qucibialis.fastq.gz,ERR3211879.x.s__Gemmiger qucibialis,cb7e446f,8600000,51,DNA,10000,860,True,0.8878985844700187,0.9109274836213538,0.8994130340456863,0.9109274836213538,True,5,759,1642,d__Bacteria;p__Bacteroidota;c__Bacteroidia;o__Bacteroidales;f__UBA932;g__Cryptobacteroides;s__Cryptobacteroides sp004552965
20000,0.002325581395348837,0.010362694300518135,0.002325581395348837,0.001218026796589525,1.0,1.0,0.0,/group/ctbrowngrp5/sourmash-db.new/gtdb-rs226/gtdb-rs226-k51.dna.rocksdb,GCA_938011965.1 uncultured Clostridium sp.,55f14fd72690679aa83ba701369e88fb,0.010362694300518135,20000,57,5760000,outputs.mapping/bams.cds.rand/ERR3211879.x.s__Gemmiger qucibialis.fastq.gz,ERR3211879.x.s__Gemmiger qucibialis,cb7e446f,8600000,51,DNA,10000,860,True,0.8878985844700187,0.9142978525817129,0.9010982185258658,0.9142978525817129,True,2,761,1642,d__Bacteria;p__Bacillota;c__Clostridia;o__Christensenellales;f__CAG-138;g__PeH17;s__PeH17 sp900542285
30000,0.0034883720930232558,0.007246376811594203,0.002325581395348837,0.001218026796589525,1.0,1.0,0.0,/group/ctbrowngrp5/sourmash-db.new/gtdb-rs226/gtdb-rs226-k51.dna.rocksdb,GCA_937920865.1 uncultured Clostridia bacterium,a167312c48af75b13c2a58189e2e7b1e,0.010869565217391304,20000,58,5740000,outputs.mapping/bams.cds.rand/ERR3211879.x.s__Gemmiger qucibialis.fastq.gz,ERR3211879.x.s__Gemmiger qucibialis,cb7e446f,8600000,51,DNA,10000,860,True,0.8949857765535171,0.9151543667379227,0.9050700716457198,0.9151543667379227,True,2,763,1642,d__Bacteria;p__Bacillota;c__Clostridia;o__Oscillospirales;f__CAG-272;g__UMGS1865;s__UMGS1865 sp900547725
120000,0.013953488372093023,0.009174311926605505,0.002325581395348837,0.00243605359317905,2.0,2.0,1.0,/group/ctbrowngrp5/sourmash-db.new/gtdb-rs226/gtdb-rs226-k51.dna.rocksdb,GCA_034088125.1 Faecalibacterium sp.,6f2f06b95a994d81792d8fe82fccd188,0.05504587155963303,20000,59,5720000,outputs.mapping/bams.cds.rand/ERR3211879.x.s__Gemmiger qucibialis.fastq.gz,ERR3211879.x.s__Gemmiger qucibialis,cb7e446f,8600000,51,DNA,10000,860,True,0.9196471541729452,0.9447313526970158,0.9321892534349805,0.9447313526970158,False,4,767,1642,d__Bacteria;p__Bacillota;c__Clostridia;o__Oscillospirales;f__Ruminococcaceae;g__Faecalibacterium;s__Faecalibacterium sp003449675
40000,0.004651162790697674,0.004889975550122249,0.002325581395348837,0.007917174177831911,6.5,6.5,5.5,/group/ctbrowngrp5/sourmash-db.new/gtdb-rs226/gtdb-rs226-k51.dna.rocksdb,GCA_021616595.1 Bacteroidales bacterium,58da32daf3e3c54075353a3fd64979fd,0.009779951100244499,20000,60,5700000,outputs.mapping/bams.cds.rand/ERR3211879.x.s__Gemmiger qucibialis.fastq.gz,ERR3211879.x.s__Gemmiger qucibialis,cb7e446f,8600000,51,DNA,10000,860,True,0.90004850019656,0.9132608423782494,0.9066546712874047,0.9132608423782494,True,13,780,1642,d__Bacteria;p__Bacteroidota;c__Bacteroidia;o__Bacteroidales;f__UBA932;g__Cryptobacteroides;s__Cryptobacteroides sp000433355
20000,0.002325581395348837,0.013793103448275862,0.002325581395348837,0.001218026796589525,1.0,1.0,0.0,/group/ctbrowngrp5/sourmash-db.new/gtdb-rs226/gtdb-rs226-k51.dna.rocksdb,GCA_004554845.1 Bacteroidales bacterium,1afd5445afb65eb502389bd9d2ed5afc,0.013793103448275862,20000,61,5680000,outputs.mapping/bams.cds.rand/ERR3211879.x.s__Gemmiger qucibialis.fastq.gz,ERR3211879.x.s__Gemmiger qucibialis,cb7e446f,8600000,51,DNA,10000,860,True,0.8878985844700187,0.9194387096145087,0.9036686470422637,0.9194387096145087,True,2,782,1642,d__Bacteria;p__Bacteroidota;c__Bacteroidia;o__Bacteroidales;f__UBA932;g__Cryptobacteroides;s__Cryptobacteroides sp900546445
20000,0.002325581395348837,0.005154639175257732,0.002325581395348837,0.0018270401948842874,1.5,1.5,0.5,/group/ctbrowngrp5/sourmash-db.new/gtdb-rs226/gtdb-rs226-k51.dna.rocksdb,GCF_002302065.1 Clostridioides difficile,4791ba81b2e50e4c19e5e89b9b3af733,0.005154639175257732,20000,62,5660000,outputs.mapping/bams.cds.rand/ERR3211879.x.s__Gemmiger qucibialis.fastq.gz,ERR3211879.x.s__Gemmiger qucibialis,cb7e446f,8600000,51,DNA,10000,860,True,0.8878985844700187,0.901864189290774,0.8948813868803964,0.901864189290774,True,3,785,1642,d__Bacteria;p__Bacillota;c__Clostridia;o__Peptostreptococcales;f__Peptostreptococcaceae;g__Clostridioides;s__Clostridioides difficile
30000,0.0034883720930232558,0.006329113924050633,0.002325581395348837,0.0018270401948842874,1.5,1.5,0.5,/group/ctbrowngrp5/sourmash-db.new/gtdb-rs226/gtdb-rs226-k51.dna.rocksdb,GCA_905208305.1 Dorea longicatena,c6ff0f31cd5aa1b78e6f1d238abe8de9,0.00949367088607595,20000,63,5640000,outputs.mapping/bams.cds.rand/ERR3211879.x.s__Gemmiger qucibialis.fastq.gz,ERR3211879.x.s__Gemmiger qucibialis,cb7e446f,8600000,51,DNA,10000,860,True,0.8949857765535171,0.9127289936735792,0.9038573851135481,0.9127289936735792,True,3,788,1642,d__Bacteria;p__Bacillota;c__Clostridia;o__Lachnospirales;f__Lachnospiraceae;g__Dorea_A;s__Dorea_A longicatena
20000,0.002325581395348837,0.009174311926605505,0.002325581395348837,0.0030450669914738123,2.5,2.5,0.5,/group/ctbrowngrp5/sourmash-db.new/gtdb-rs226/gtdb-rs226-k51.dna.rocksdb,GCF_034093755.1 Dysosmobacter sp.,f5dcda5cf0fdea6b88de98f894f77cd9,0.009174311926605505,20000,64,5620000,outputs.mapping/bams.cds.rand/ERR3211879.x.s__Gemmiger qucibialis.fastq.gz,ERR3211879.x.s__Gemmiger qucibialis,cb7e446f,8600000,51,DNA,10000,860,True,0.8878985844700187,0.9121168123642995,0.9000076984171591,0.9121168123642995,True,5,793,1642,d__Bacteria;p__Bacillota;c__Clostridia;o__Oscillospirales;f__Oscillospiraceae;g__Oscillibacter;s__Oscillibacter sp034093755
20000,0.002325581395348837,0.004319654427645789,0.002325581395348837,0.0018270401948842874,1.5,1.5,0.5,/group/ctbrowngrp5/sourmash-db.new/gtdb-rs226/gtdb-rs226-k51.dna.rocksdb,GCA_001411625.1 Clostridium butyricum,5b943d805b1fdf0a1ed10c78bb824397,0.004319654427645789,20000,65,5600000,outputs.mapping/bams.cds.rand/ERR3211879.x.s__Gemmiger qucibialis.fastq.gz,ERR3211879.x.s__Gemmiger qucibialis,cb7e446f,8600000,51,DNA,10000,860,True,0.8878985844700187,0.8987445192940828,0.8933215518820508,0.8987445192940828,True,3,796,1642,d__Bacteria;p__Bacillota;c__Clostridia;o__Clostridiales;f__Clostridiaceae;g__Clostridium;s__Clostridium butyricum
210000,0.02441860465116279,0.008547008547008548,0.002325581395348837,0.001218026796589525,1.0,1.0,0.0,/group/ctbrowngrp5/sourmash-db.new/gtdb-rs226/gtdb-rs226-k51.dna.rocksdb,GCA_034174305.1 Gemmiger qucibialis,085bbb933225d7a6722bd06e3adfb201,0.08974358974358974,20000,66,5580000,outputs.mapping/bams.cds.rand/ERR3211879.x.s__Gemmiger qucibialis.fastq.gz,ERR3211879.x.s__Gemmiger qucibialis,cb7e446f,8600000,51,DNA,10000,860,True,0.92979387983013,0.953829292421764,0.941811586125947,0.953829292421764,False,2,798,1642,d__Bacteria;p__Bacillota;c__Clostridia;o__Oscillospirales;f__Ruminococcaceae;g__Gemmiger;s__Gemmiger qucibialis
20000,0.002325581395348837,0.010101010101010102,0.002325581395348837,0.001218026796589525,1.0,1.0,0.0,/group/ctbrowngrp5/sourmash-db.new/gtdb-rs226/gtdb-rs226-k51.dna.rocksdb,GCA_934668285.1 uncultured Oscillospiraceae bacterium,c442618e9aecf68b09081ac83852e517,0.010101010101010102,20000,67,5560000,outputs.mapping/bams.cds.rand/ERR3211879.x.s__Gemmiger qucibialis.fastq.gz,ERR3211879.x.s__Gemmiger qucibialis,cb7e446f,8600000,51,DNA,10000,860,True,0.8878985844700187,0.9138394410390787,0.9008690127545487,0.9138394410390787,True,2,800,1642,d__Bacteria;p__Bacillota;c__Clostridia;o__Oscillospirales;f__Oscillospiraceae;g__Faecousia;s__Faecousia sp934668285
60000,0.0069767441860465115,0.007936507936507936,0.002325581395348837,0.001218026796589525,1.0,1.0,0.0,/group/ctbrowngrp5/sourmash-db.new/gtdb-rs226/gtdb-rs226-k51.dna.rocksdb,GCA_963559465.1 Faecalibacterium prausnitzii,5d8b283a37c5cd65a1e3af6641f04d50,0.023809523809523808,20000,68,5540000,outputs.mapping/bams.cds.rand/ERR3211879.x.s__Gemmiger qucibialis.fastq.gz,ERR3211879.x.s__Gemmiger qucibialis,cb7e446f,8600000,51,DNA,10000,860,True,0.9072326727100967,0.9293334784911674,0.918283075600632,0.9293334784911674,True,2,802,1642,d__Bacteria;p__Bacillota;c__Clostridia;o__Oscillospirales;f__Ruminococcaceae;g__Faecalibacterium;s__Faecalibacterium longum
30000,0.0034883720930232558,0.005865102639296188,0.002325581395348837,0.001218026796589525,1.0,1.0,0.0,/group/ctbrowngrp5/sourmash-db.new/gtdb-rs226/gtdb-rs226-k51.dna.rocksdb,GCA_022732175.1 Prevotella sp.,c15e3fbec1ab69a1dcf4431919d57f0f,0.008797653958944282,20000,69,5520000,outputs.mapping/bams.cds.rand/ERR3211879.x.s__Gemmiger qucibialis.fastq.gz,ERR3211879.x.s__Gemmiger qucibialis,cb7e446f,8600000,51,DNA,10000,860,True,0.8949857765535171,0.9113673549363814,0.9031765657449493,0.9113673549363814,True,2,804,1642,d__Bacteria;p__Bacteroidota;c__Bacteroidia;o__Bacteroidales;f__Bacteroidaceae;g__Prevotella;s__Prevotella sp022741625
50000,0.005813953488372093,0.0070921985815602835,0.002325581395348837,0.0018270401948842874,1.5,1.5,0.5,/group/ctbrowngrp5/sourmash-db.new/gtdb-rs226/gtdb-rs226-k51.dna.rocksdb,GCA_025993475.1 Clostridiales bacterium,368e8b8470b65205fcc99532551f24ca,0.01773049645390071,20000,70,5500000,outputs.mapping/bams.cds.rand/ERR3211879.x.s__Gemmiger qucibialis.fastq.gz,ERR3211879.x.s__Gemmiger qucibialis,cb7e446f,8600000,51,DNA,10000,860,True,0.903995167535116,0.9239770708777102,0.9139861192064132,0.9239770708777102,True,3,807,1642,d__Bacteria;p__Bacillota;c__Clostridia;o__Oscillospirales;f__Oscillospiraceae;g__Hominicoprocola;s__Hominicoprocola fusiformis
30000,0.0034883720930232558,0.007380073800738007,0.002325581395348837,0.001218026796589525,1.0,1.0,0.0,/group/ctbrowngrp5/sourmash-db.new/gtdb-rs226/gtdb-rs226-k51.dna.rocksdb,GCA_021620595.1 Oscillibacter sp.,d1c77a5d99884efc4cdcc2e5ff8257d9,0.01107011070110701,20000,71,5480000,outputs.mapping/bams.cds.rand/ERR3211879.x.s__Gemmiger qucibialis.fastq.gz,ERR3211879.x.s__Gemmiger qucibialis,cb7e446f,8600000,51,DNA,10000,860,True,0.8949857765535171,0.9154824822731807,0.9052341294133489,0.9154824822731807,True,2,809,1642,d__Bacteria;p__Bacillota;c__Clostridia;o__Oscillospirales;f__Oscillospiraceae;g__Vescimonas;s__Vescimonas sp900313295
20000,0.002325581395348837,0.010416666666666666,0.002325581395348837,0.001218026796589525,1.0,1.0,0.0,/group/ctbrowngrp5/sourmash-db.new/gtdb-rs226/gtdb-rs226-k51.dna.rocksdb,GCA_934574145.1 uncultured Oscillospiraceae bacterium,fc959304009a52acad289686807851b3,0.010416666666666666,20000,72,5460000,outputs.mapping/bams.cds.rand/ERR3211879.x.s__Gemmiger qucibialis.fastq.gz,ERR3211879.x.s__Gemmiger qucibialis,cb7e446f,8600000,51,DNA,10000,860,True,0.8878985844700187,0.9143909869311075,0.9011447857005631,0.9143909869311075,True,2,811,1642,d__Bacteria;p__Bacillota;c__Clostridia;o__Oscillospirales;f__Oscillospiraceae;g__Vescimonas;s__Vescimonas sp000435555
20000,0.002325581395348837,0.005319148936170213,0.002325581395348837,0.044457978075517664,36.5,36.5,35.5,/group/ctbrowngrp5/sourmash-db.new/gtdb-rs226/gtdb-rs226-k51.dna.rocksdb,GCA_037065365.1 Prevotella sp.,605b0cec1d5e057a79649508b53f6ab4,0.005319148936170213,20000,73,5440000,outputs.mapping/bams.cds.rand/ERR3211879.x.s__Gemmiger qucibialis.fastq.gz,ERR3211879.x.s__Gemmiger qucibialis,cb7e446f,8600000,51,DNA,10000,860,True,0.8878985844700187,0.9024199122476589,0.8951592483588389,0.9024199122476589,True,73,884,1642,d__Bacteria;p__Bacteroidota;c__Bacteroidia;o__Bacteroidales;f__Bacteroidaceae;g__Prevotella;s__Prevotella sp900546535
20000,0.002325581395348837,0.014084507042253521,0.002325581395348837,0.010962241169305725,9.0,9.0,7.0,/group/ctbrowngrp5/sourmash-db.new/gtdb-rs226/gtdb-rs226-k51.dna.rocksdb,GCA_949841165.1 uncultured Clostridia bacterium,3bb41d9c1274010960c604cc1e5a7b44,0.014084507042253521,20000,74,5420000,outputs.mapping/bams.cds.rand/ERR3211879.x.s__Gemmiger qucibialis.fastq.gz,ERR3211879.x.s__Gemmiger qucibialis,cb7e446f,8600000,51,DNA,10000,860,True,0.8878985844700187,0.9198156969835556,0.9038571407267871,0.9198156969835556,True,18,902,1642,d__Bacteria;p__Bacillota;c__Clostridia;o__Christensenellales;f__UBA1242;g__Caccovivens;s__Caccovivens sp949096025
30000,0.0034883720930232558,0.00975609756097561,0.002325581395348837,0.001218026796589525,1.0,1.0,0.0,/group/ctbrowngrp5/sourmash-db.new/gtdb-rs226/gtdb-rs226-k51.dna.rocksdb,GCA_036301725.1 Faecalibacterium prausnitzii,39148a8acc5758f2e3d64af84e32e7ae,0.014634146341463415,20000,75,5400000,outputs.mapping/bams.cds.rand/ERR3211879.x.s__Gemmiger qucibialis.fastq.gz,ERR3211879.x.s__Gemmiger qucibialis,cb7e446f,8600000,51,DNA,10000,860,True,0.8949857765535171,0.9205063984590509,0.9077460875062839,0.9205063984590509,True,2,904,1642,d__Bacteria;p__Bacillota;c__Clostridia;o__Oscillospirales;f__Ruminococcaceae;g__Faecalibacterium;s__Faecalibacterium prausnitzii_E
20000,0.002325581395348837,0.008771929824561403,0.002325581395348837,0.0030450669914738123,2.5,2.5,1.5,/group/ctbrowngrp5/sourmash-db.new/gtdb-rs226/gtdb-rs226-k51.dna.rocksdb,GCA_004560055.1 bacterium,a88f4fce57f98f5160d3b7f6ebf75245,0.008771929824561403,20000,76,5380000,outputs.mapping/bams.cds.rand/ERR3211879.x.s__Gemmiger qucibialis.fastq.gz,ERR3211879.x.s__Gemmiger qucibialis,cb7e446f,8600000,51,DNA,10000,860,True,0.8878985844700187,0.911315028588222,0.8996068065291203,0.911315028588222,True,5,909,1642,d__Bacteria;p__Bacteroidota;c__Bacteroidia;o__Bacteroidales;f__UBA932;g__Cryptobacteroides;s__Cryptobacteroides sp000431015
90000,0.010465116279069767,0.006872852233676976,0.002325581395348837,0.001218026796589525,1.0,1.0,0.0,/group/ctbrowngrp5/sourmash-db.new/gtdb-rs226/gtdb-rs226-k51.dna.rocksdb,GCA_019418285.1 Oscillospiraceae bacterium,0c62e98d1053433823091a402b9c1d57,0.030927835051546393,20000,77,5360000,outputs.mapping/bams.cds.rand/ERR3211879.x.s__Gemmiger qucibialis.fastq.gz,ERR3211879.x.s__Gemmiger qucibialis,cb7e446f,8600000,51,DNA,10000,860,True,0.9144741891719794,0.9341121268109834,0.9242931579914815,0.9341121268109834,False,2,911,1642,d__Bacteria;p__Bacillota;c__Clostridia;o__Oscillospirales;f__Ruminococcaceae;g__Gemmiger;s__Gemmiger formicilis
10000,0.0011627906976744186,0.0021598272138228943,0.0011627906976744186,0.0006090133982947625,1.0,1.0,0.0,/group/ctbrowngrp5/sourmash-db.new/gtdb-rs226/gtdb-rs226-k51.dna.rocksdb,GCF_002052995.1 Salmonella enterica,c115b0c4fca7b1d900479b3e2981830c,0.0021598272138228943,10000,78,5350000,outputs.mapping/bams.cds.rand/ERR3211879.x.s__Gemmiger qucibialis.fastq.gz,ERR3211879.x.s__Gemmiger qucibialis,cb7e446f,8600000,51,DNA,10000,860,True,0.8759126826295399,0.8866122062390316,0.8812624444342858,0.8866122062390316,True,1,912,1642,d__Bacteria;p__Pseudomonadota;c__Gammaproteobacteria;o__Enterobacterales;f__Enterobacteriaceae;g__Salmonella;s__Salmonella enterica
60000,0.0069767441860465115,0.0029154518950437317,0.0011627906976744186,0.0006090133982947625,1.0,1.0,0.0,/group/ctbrowngrp5/sourmash-db.new/gtdb-rs226/gtdb-rs226-k51.dna.rocksdb,GCA_021621295.1 Bacteroidales bacterium,0e5401a980f2a74f1d140ec891e7d333,0.01749271137026239,10000,79,5340000,outputs.mapping/bams.cds.rand/ERR3211879.x.s__Gemmiger qucibialis.fastq.gz,ERR3211879.x.s__Gemmiger qucibialis,cb7e446f,8600000,51,DNA,10000,860,True,0.9072326727100967,0.9237324881258848,0.9154825804179907,0.9237324881258848,True,1,913,1642,d__Bacteria;p__Bacteroidota;c__Bacteroidia;o__Bacteroidales;f__UBA932;g__Cryptobacteroides;s__Cryptobacteroides sp000432515
10000,0.0011627906976744186,0.00510204081632653,0.0011627906976744186,0.0006090133982947625,1.0,1.0,0.0,/group/ctbrowngrp5/sourmash-db.new/gtdb-rs226/gtdb-rs226-k51.dna.rocksdb,GCA_959023825.1 uncultured Eubacteriales bacterium,7ffda70a9b62d75c2caa006829a00a04,0.00510204081632653,10000,80,5330000,outputs.mapping/bams.cds.rand/ERR3211879.x.s__Gemmiger qucibialis.fastq.gz,ERR3211879.x.s__Gemmiger qucibialis,cb7e446f,8600000,51,DNA,10000,860,True,0.8759126826295399,0.9016828355623467,0.8887977590959433,0.9016828355623467,True,1,914,1642,d__Bacteria;p__Bacillota;c__Clostridia;o__Oscillospirales;f__Oscillospiraceae;g__Limivicinus;s__Limivicinus sp900547315
10000,0.0011627906976744186,0.002824858757062147,0.0011627906976744186,0.0006090133982947625,1.0,1.0,0.0,/group/ctbrowngrp5/sourmash-db.new/gtdb-rs226/gtdb-rs226-k51.dna.rocksdb,GCF_009759525.1 Roseburia intestinalis,2681dacc66ec3df84303171f895b2c14,0.002824858757062147,10000,81,5320000,outputs.mapping/bams.cds.rand/ERR3211879.x.s__Gemmiger qucibialis.fastq.gz,ERR3211879.x.s__Gemmiger qucibialis,cb7e446f,8600000,51,DNA,10000,860,True,0.8759126826295399,0.8912910466216307,0.8836018646255853,0.8912910466216307,True,1,915,1642,d__Bacteria;p__Bacillota;c__Clostridia;o__Lachnospirales;f__Lachnospiraceae;g__Roseburia;s__Roseburia intestinalis
10000,0.0011627906976744186,0.004098360655737705,0.0011627906976744186,0.0006090133982947625,1.0,1.0,0.0,/group/ctbrowngrp5/sourmash-db.new/gtdb-rs226/gtdb-rs226-k51.dna.rocksdb,GCF_905186165.1 Catenibacterium sp. co_0103,18c02ecb4465278ad6d3aed01d9484c7,0.004098360655737705,10000,82,5310000,outputs.mapping/bams.cds.rand/ERR3211879.x.s__Gemmiger qucibialis.fastq.gz,ERR3211879.x.s__Gemmiger qucibialis,cb7e446f,8600000,51,DNA,10000,860,True,0.8759126826295399,0.8978182617731918,0.8868654722013658,0.8978182617731918,True,1,916,1642,d__Bacteria;p__Bacillota;c__Bacilli;o__Erysipelotrichales;f__Coprobacillaceae;g__Catenibacterium;s__Catenibacterium mitsuokai
50000,0.005813953488372093,0.0028735632183908046,0.0011627906976744186,0.0006090133982947625,1.0,1.0,0.0,/group/ctbrowngrp5/sourmash-db.new/gtdb-rs226/gtdb-rs226-k51.dna.rocksdb,GCA_003461025.1 Ruminococcus sp. AF25-13,493fdb2c271f7be316a6542ec3210356,0.014367816091954023,10000,83,5300000,outputs.mapping/bams.cds.rand/ERR3211879.x.s__Gemmiger qucibialis.fastq.gz,ERR3211879.x.s__Gemmiger qucibialis,cb7e446f,8600000,51,DNA,10000,860,True,0.903995167535116,0.9201749517203216,0.9120850596277188,0.9201749517203216,True,1,917,1642,d__Bacteria;p__Bacillota;c__Clostridia;o__Lachnospirales;f__Lachnospiraceae;g__Mediterraneibacter;s__Mediterraneibacter faecis
30000,0.0034883720930232558,0.004098360655737705,0.0011627906976744186,0.0006090133982947625,1.0,1.0,0.0,/group/ctbrowngrp5/sourmash-db.new/gtdb-rs226/gtdb-rs226-k51.dna.rocksdb,GCA_022741505.1 Oscillibacter sp.,e02fc5c2bcea21d8219b891570b7e5fe,0.012295081967213115,10000,84,5290000,outputs.mapping/bams.cds.rand/ERR3211879.x.s__Gemmiger qucibialis.fastq.gz,ERR3211879.x.s__Gemmiger qucibialis,cb7e446f,8600000,51,DNA,10000,860,True,0.8949857765535171,0.917368352065359,0.906177064309438,0.917368352065359,True,1,918,1642,d__Bacteria;p__Bacillota;c__Clostridia;o__Oscillospirales;f__Oscillospiraceae;g__Hominicoprocola;s__Hominicoprocola sp934835795
10000,0.0011627906976744186,0.005813953488372093,0.0011627906976744186,0.0006090133982947625,1.0,1.0,0.0,/group/ctbrowngrp5/sourmash-db.new/gtdb-rs226/gtdb-rs226-k51.dna.rocksdb,GCA_945910135.1 uncultured Clostridia bacterium,9aede7036cde457450b86734302f1b16,0.005813953488372093,10000,85,5280000,outputs.mapping/bams.cds.rand/ERR3211879.x.s__Gemmiger qucibialis.fastq.gz,ERR3211879.x.s__Gemmiger qucibialis,cb7e446f,8600000,51,DNA,10000,860,True,0.8759126826295399,0.903995167535116,0.889953925082328,0.903995167535116,True,1,919,1642,d__Bacteria;p__Bacillota;c__Clostridia;o__Oscillospirales;f__Oscillospiraceae;g__Faecousia;s__Faecousia sp017622995
10000,0.0011627906976744186,0.0032679738562091504,0.0011627906976744186,0.001218026796589525,2.0,2.0,0.0,/group/ctbrowngrp5/sourmash-db.new/gtdb-rs226/gtdb-rs226-k51.dna.rocksdb,GCA_023451575.1 Bacteroidota bacterium,e6b605e8eb6868a1e2efa28e03829309,0.0032679738562091504,10000,86,5270000,outputs.mapping/bams.cds.rand/ERR3211879.x.s__Gemmiger qucibialis.fastq.gz,ERR3211879.x.s__Gemmiger qucibialis,cb7e446f,8600000,51,DNA,10000,860,True,0.8759126826295399,0.8938411904895232,0.8848769365595315,0.8938411904895232,True,2,921,1642,d__Bacteria;p__Bacteroidota;c__Bacteroidia;o__Bacteroidales;f__Bacteroidaceae;g__Prevotella;s__Prevotella sp900313215
40000,0.004651162790697674,0.002824858757062147,0.0011627906976744186,0.001218026796589525,2.0,2.0,0.0,/group/ctbrowngrp5/sourmash-db.new/gtdb-rs226/gtdb-rs226-k51.dna.rocksdb,GCA_937921925.1 uncultured Oscillibacter sp.,3987b2326a561c16e73f35d4a53bc918,0.011299435028248588,10000,87,5260000,outputs.mapping/bams.cds.rand/ERR3211879.x.s__Gemmiger qucibialis.fastq.gz,ERR3211879.x.s__Gemmiger qucibialis,cb7e446f,8600000,51,DNA,10000,860,True,0.90004850019656,0.9158506157738865,0.9079495579852233,0.9158506157738865,True,2,923,1642,d__Bacteria;p__Bacillota;c__Clostridia;o__Oscillospirales;f__Oscillospiraceae;g__Oscillibacter;s__Oscillibacter sp900544105
10000,0.0011627906976744186,0.005780346820809248,0.0011627906976744186,0.0006090133982947625,1.0,1.0,0.0,/group/ctbrowngrp5/sourmash-db.new/gtdb-rs226/gtdb-rs226-k51.dna.rocksdb,GCA_029338775.1 Collinsella sp.,b889af9a4f9301b0bf4794fab07877e5,0.005780346820809248,10000,88,5250000,outputs.mapping/bams.cds.rand/ERR3211879.x.s__Gemmiger qucibialis.fastq.gz,ERR3211879.x.s__Gemmiger qucibialis,cb7e446f,8600000,51,DNA,10000,860,True,0.8759126826295399,0.9038924171716131,0.8899025499005765,0.9038924171716131,True,1,924,1642,d__Bacteria;p__Actinomycetota;c__Coriobacteriia;o__Coriobacteriales;f__Coriobacteriaceae;g__Collinsella;s__Collinsella sp002391315
10000,0.0011627906976744186,0.004081632653061225,0.0011627906976744186,0.0006090133982947625,1.0,1.0,0.0,/group/ctbrowngrp5/sourmash-db.new/gtdb-rs226/gtdb-rs226-k51.dna.rocksdb,GCA_945836765.1 uncultured Bacteroidales bacterium,67af34fa7922e53181f00a05aa7bc684,0.004081632653061225,10000,89,5240000,outputs.mapping/bams.cds.rand/ERR3211879.x.s__Gemmiger qucibialis.fastq.gz,ERR3211879.x.s__Gemmiger qucibialis,cb7e446f,8600000,51,DNA,10000,860,True,0.8759126826295399,0.897746263416111,0.8868294730228254,0.897746263416111,True,1,925,1642,d__Bacteria;p__Bacteroidota;c__Bacteroidia;o__Bacteroidales;f__Bacteroidaceae;g__Alloprevotella;s__Alloprevotella sp004555055
10000,0.0011627906976744186,0.0033222591362126247,0.0011627906976744186,0.0006090133982947625,1.0,1.0,0.0,/group/ctbrowngrp5/sourmash-db.new/gtdb-rs226/gtdb-rs226-k51.dna.rocksdb,GCF_018916685.1 Intestinimonas butyriciproducens,2df3277b41b26b12cde9fc279b4dde2a,0.0033222591362126247,10000,90,5230000,outputs.mapping/bams.cds.rand/ERR3211879.x.s__Gemmiger qucibialis.fastq.gz,ERR3211879.x.s__Gemmiger qucibialis,cb7e446f,8600000,51,DNA,10000,860,True,0.8759126826295399,0.8941299800356292,0.8850213313325845,0.8941299800356292,True,1,926,1642,d__Bacteria;p__Bacillota;c__Clostridia;o__Oscillospirales;f__Oscillospiraceae;g__Intestinimonas;s__Intestinimonas butyriciproducens
10000,0.0011627906976744186,0.004975124378109453,0.0011627906976744186,0.0006090133982947625,1.0,1.0,0.0,/group/ctbrowngrp5/sourmash-db.new/gtdb-rs226/gtdb-rs226-k51.dna.rocksdb,GCA_959607635.1 uncultured Oscillospiraceae bacterium,96cadcfe4f3abb76bd875a4c50178c43,0.004975124378109453,10000,91,5220000,outputs.mapping/bams.cds.rand/ERR3211879.x.s__Gemmiger qucibialis.fastq.gz,ERR3211879.x.s__Gemmiger qucibialis,cb7e446f,8600000,51,DNA,10000,860,True,0.8759126826295399,0.9012375805331682,0.888575131581354,0.9012375805331682,True,1,927,1642,d__Bacteria;p__Bacillota;c__Clostridia;o__Oscillospirales;f__Oscillospiraceae;g__Hominicoprocola;s__Hominicoprocola sp003522105
20000,0.002325581395348837,0.0031847133757961785,0.0011627906976744186,0.0006090133982947625,1.0,1.0,0.0,/group/ctbrowngrp5/sourmash-db.new/gtdb-rs226/gtdb-rs226-k51.dna.rocksdb,GCF_040914545.1 Intestinimonas butyriciproducens,9dc79dbd2312d55040db8062f20d5946,0.006369426751592357,10000,92,5210000,outputs.mapping/bams.cds.rand/ERR3211879.x.s__Gemmiger qucibialis.fastq.gz,ERR3211879.x.s__Gemmiger qucibialis,cb7e446f,8600000,51,DNA,10000,860,True,0.8878985844700187,0.9056140341181776,0.8967563092940982,0.9056140341181776,True,1,928,1642,d__Bacteria;p__Bacillota;c__Clostridia;o__Oscillospirales;f__Oscillospiraceae;g__Intestinimonas;s__Intestinimonas butyriciproducens
20000,0.002325581395348837,0.005494505494505495,0.0011627906976744186,0.0006090133982947625,1.0,1.0,0.0,/group/ctbrowngrp5/sourmash-db.new/gtdb-rs226/gtdb-rs226-k51.dna.rocksdb,GCA_022775425.1 Clostridium sp.,08785b4435c3f191a53d4368559218c9,0.01098901098901099,10000,93,5200000,outputs.mapping/bams.cds.rand/ERR3211879.x.s__Gemmiger qucibialis.fastq.gz,ERR3211879.x.s__Gemmiger qucibialis,cb7e446f,8600000,51,DNA,10000,860,True,0.8878985844700187,0.915350501215715,0.9016245428428669,0.915350501215715,True,1,929,1642,d__Bacteria;p__Bacillota;c__Clostridia;o__Christensenellales;f__CAG-138;g__PeH17;s__PeH17 sp000435055
10000,0.0011627906976744186,0.005076142131979695,0.0011627906976744186,0.0018270401948842874,3.0,3.0,0.0,/group/ctbrowngrp5/sourmash-db.new/gtdb-rs226/gtdb-rs226-k51.dna.rocksdb,GCA_037259975.1 bacterium,d2cce059db6b20d5dae608b394ea4324,0.005076142131979695,10000,94,5190000,outputs.mapping/bams.cds.rand/ERR3211879.x.s__Gemmiger qucibialis.fastq.gz,ERR3211879.x.s__Gemmiger qucibialis,cb7e446f,8600000,51,DNA,10000,860,True,0.8759126826295399,0.9015928650194664,0.8887527738245031,0.9015928650194664,True,3,932,1642,d__Bacteria;p__Bacteroidota;c__Bacteroidia;o__Bacteroidales;f__UBA932;g__Cryptobacteroides;s__Cryptobacteroides sp000434935
10000,0.0011627906976744186,0.0027247956403269754,0.0011627906976744186,0.0018270401948842874,3.0,3.0,0.0,/group/ctbrowngrp5/sourmash-db.new/gtdb-rs226/gtdb-rs226-k51.dna.rocksdb,GCA_037456035.1 bacterium,b22e0b5c5c5016ac39f0800dce6ee3c0,0.0027247956403269754,10000,95,5180000,outputs.mapping/bams.cds.rand/ERR3211879.x.s__Gemmiger qucibialis.fastq.gz,ERR3211879.x.s__Gemmiger qucibialis,cb7e446f,8600000,51,DNA,10000,860,True,0.8759126826295399,0.8906609879796527,0.8832868353045963,0.8906609879796527,True,3,935,1642,d__Bacteria;p__Verrucomicrobiota;c__Kiritimatiellia;o__RFP12;f__UBA1067;g__RUG572;s__RUG572 sp900547945
10000,0.0011627906976744186,0.0041841004184100415,0.0011627906976744186,0.001218026796589525,2.0,2.0,0.0,/group/ctbrowngrp5/sourmash-db.new/gtdb-rs226/gtdb-rs226-k51.dna.rocksdb,GCA_034180415.1 Bdellovibrionota bacterium,22cbd69295893338e74f12b6deab9a02,0.0041841004184100415,10000,96,5170000,outputs.mapping/bams.cds.rand/ERR3211879.x.s__Gemmiger qucibialis.fastq.gz,ERR3211879.x.s__Gemmiger qucibialis,cb7e446f,8600000,51,DNA,10000,860,True,0.8759126826295399,0.8981828266298771,0.8870477546297085,0.8981828266298771,True,2,937,1642,d__Bacteria;p__Bdellovibrionota_B;c__UBA2361;o__UBA2361;f__CAKMMH01;g__CAKMMH01;s__CAKMMH01 sp927798255
10000,0.0011627906976744186,0.007142857142857143,0.0011627906976744186,0.0006090133982947625,1.0,1.0,0.0,/group/ctbrowngrp5/sourmash-db.new/gtdb-rs226/gtdb-rs226-k51.dna.rocksdb,GCA_902474495.1 uncultured Azospirillum sp.,c303f578ed1091234f36a875780b397e,0.007142857142857143,10000,97,5160000,outputs.mapping/bams.cds.rand/ERR3211879.x.s__Gemmiger qucibialis.fastq.gz,ERR3211879.x.s__Gemmiger qucibialis,cb7e446f,8600000,51,DNA,10000,860,True,0.8759126826295399,0.9076513503870351,0.8917820165082875,0.9076513503870351,True,1,938,1642,d__Bacteria;p__Pseudomonadota;c__Alphaproteobacteria;o__RF32;f__CAG-239;g__JAFUYI01;s__JAFUYI01 sp900542055
10000,0.0011627906976744186,0.005813953488372093,0.0011627906976744186,0.0006090133982947625,1.0,1.0,0.0,/group/ctbrowngrp5/sourmash-db.new/gtdb-rs226/gtdb-rs226-k51.dna.rocksdb,GCA_958348405.1 uncultured Firmicutes bacterium,348ca1109c846ea5c2a87804d813867e,0.005813953488372093,10000,98,5150000,outputs.mapping/bams.cds.rand/ERR3211879.x.s__Gemmiger qucibialis.fastq.gz,ERR3211879.x.s__Gemmiger qucibialis,cb7e446f,8600000,51,DNA,10000,860,True,0.8759126826295399,0.903995167535116,0.889953925082328,0.903995167535116,True,1,939,1642,d__Bacteria;p__Bacillota;c__Clostridia;o__Christensenellales;f__CAG-917;g__CAG-475;s__CAG-475 sp000434435
20000,0.002325581395348837,0.003676470588235294,0.0011627906976744186,0.0006090133982947625,1.0,1.0,0.0,/group/ctbrowngrp5/sourmash-db.new/gtdb-rs226/gtdb-rs226-k51.dna.rocksdb,GCA_000210635.1 [Eubacterium] siraeum V10Sc8a,fb411161d01713d819f0ea0850876a49,0.007352941176470588,10000,99,5140000,outputs.mapping/bams.cds.rand/ERR3211879.x.s__Gemmiger qucibialis.fastq.gz,ERR3211879.x.s__Gemmiger qucibialis,cb7e446f,8600000,51,DNA,10000,860,True,0.8878985844700187,0.9081673906938506,0.8980329875819346,0.9081673906938506,True,1,940,1642,d__Bacteria;p__Bacillota;c__Clostridia;o__Oscillospirales;f__Ruminococcaceae;g__Ruminiclostridium_E;s__Ruminiclostridium_E siraeum
10000,0.0011627906976744186,0.005,0.0011627906976744186,0.0006090133982947625,1.0,1.0,0.0,/group/ctbrowngrp5/sourmash-db.new/gtdb-rs226/gtdb-rs226-k51.dna.rocksdb,GCA_902489895.1 uncultured Eubacteriales bacterium,61ac6e4b90b97170022687bf32bd8780,0.005,10000,100,5130000,outputs.mapping/bams.cds.rand/ERR3211879.x.s__Gemmiger qucibialis.fastq.gz,ERR3211879.x.s__Gemmiger qucibialis,cb7e446f,8600000,51,DNA,10000,860,True,0.8759126826295399,0.9013257213104922,0.8886192019700161,0.9013257213104922,True,1,941,1642,d__Bacteria;p__Bacillota;c__Clostridia;o__Oscillospirales;f__Oscillospiraceae;g__Onthomonas;s__Onthomonas sp900752305
10000,0.0011627906976744186,0.005813953488372093,0.0011627906976744186,0.0006090133982947625,1.0,1.0,0.0,/group/ctbrowngrp5/sourmash-db.new/gtdb-rs226/gtdb-rs226-k51.dna.rocksdb,GCA_902763905.1 uncultured Pseudomonadota bacterium,8e27728135012355fb315fc880c9e5f3,0.005813953488372093,10000,101,5120000,outputs.mapping/bams.cds.rand/ERR3211879.x.s__Gemmiger qucibialis.fastq.gz,ERR3211879.x.s__Gemmiger qucibialis,cb7e446f,8600000,51,DNA,10000,860,True,0.8759126826295399,0.903995167535116,0.889953925082328,0.903995167535116,True,1,942,1642,d__Bacteria;p__Pseudomonadota;c__Alphaproteobacteria;o__RF32;f__CAG-239;g__RUG410;s__RUG410 sp902763905
10000,0.0011627906976744186,0.006097560975609756,0.0011627906976744186,0.004263093788063338,7.0,7.0,0.0,/group/ctbrowngrp5/sourmash-db.new/gtdb-rs226/gtdb-rs226-k51.dna.rocksdb,GCA_004558825.1 Clostridiales bacterium,12a92cec39cf7125a02fc53e50ee926b,0.006097560975609756,10000,102,5110000,outputs.mapping/bams.cds.rand/ERR3211879.x.s__Gemmiger qucibialis.fastq.gz,ERR3211879.x.s__Gemmiger qucibialis,cb7e446f,8600000,51,DNA,10000,860,True,0.8759126826295399,0.9048397878646056,0.8903762352470728,0.9048397878646056,True,7,949,1642,d__Bacteria;p__Bacillota;c__Clostridia;o__Christensenellales;f__CAG-138;g__SFDB01;s__SFDB01 sp004558825
10000,0.0011627906976744186,0.0035971223021582736,0.0011627906976744186,0.001218026796589525,2.0,2.0,0.0,/group/ctbrowngrp5/sourmash-db.new/gtdb-rs226/gtdb-rs226-k51.dna.rocksdb,GCA_905208565.1 uncultured Prevotella sp.,110543aead45605dd4a6df20ce978135,0.0035971223021582736,10000,103,5100000,outputs.mapping/bams.cds.rand/ERR3211879.x.s__Gemmiger qucibialis.fastq.gz,ERR3211879.x.s__Gemmiger qucibialis,cb7e446f,8600000,51,DNA,10000,860,True,0.8759126826295399,0.895524667288616,0.885718674959078,0.895524667288616,True,2,951,1642,d__Bacteria;p__Bacteroidota;c__Bacteroidia;o__Bacteroidales;f__Bacteroidaceae;g__Prevotella;s__Prevotella sp900546575
10000,0.0011627906976744186,0.003937007874015748,0.0011627906976744186,0.0006090133982947625,1.0,1.0,0.0,/group/ctbrowngrp5/sourmash-db.new/gtdb-rs226/gtdb-rs226-k51.dna.rocksdb,GCF_963559725.1 uncultured Acidaminococcus sp.,0d8a1c58c1cab41ff574430af646c3a5,0.003937007874015748,10000,104,5090000,outputs.mapping/bams.cds.rand/ERR3211879.x.s__Gemmiger qucibialis.fastq.gz,ERR3211879.x.s__Gemmiger qucibialis,cb7e446f,8600000,51,DNA,10000,860,True,0.8759126826295399,0.8971114459123445,0.8865120642709422,0.8971114459123445,True,1,952,1642,d__Bacteria;p__Bacillota;c__Negativicutes;o__Acidaminococcales;f__Acidaminococcaceae;g__Acidaminococcus;s__Acidaminococcus sp000437815
30000,0.0034883720930232558,0.0031746031746031746,0.0011627906976744186,0.0006090133982947625,1.0,1.0,0.0,/group/ctbrowngrp5/sourmash-db.new/gtdb-rs226/gtdb-rs226-k51.dna.rocksdb,GCF_018917895.1 Anaerobutyricum soehngenii,ed5ec43049d310986907adc85ab8166d,0.009523809523809525,10000,105,5080000,outputs.mapping/bams.cds.rand/ERR3211879.x.s__Gemmiger qucibialis.fastq.gz,ERR3211879.x.s__Gemmiger qucibialis,cb7e446f,8600000,51,DNA,10000,860,True,0.8949857765535171,0.9127857201967318,0.9038857483751244,0.9127857201967318,True,1,953,1642,d__Bacteria;p__Bacillota;c__Clostridia;o__Lachnospirales;f__Lachnospiraceae;g__Anaerobutyricum;s__Anaerobutyricum soehngenii
40000,0.004651162790697674,0.0025,0.0011627906976744186,0.0006090133982947625,1.0,1.0,0.0,/group/ctbrowngrp5/sourmash-db.new/gtdb-rs226/gtdb-rs226-k51.dna.rocksdb,GCA_040096245.1 Waltera hominis,98b5d2c6e18d858c9a095e5d97135167,0.01,10000,106,5070000,outputs.mapping/bams.cds.rand/ERR3211879.x.s__Gemmiger qucibialis.fastq.gz,ERR3211879.x.s__Gemmiger qucibialis,cb7e446f,8600000,51,DNA,10000,860,True,0.90004850019656,0.9136593726391776,0.9068539364178688,0.9136593726391776,True,1,954,1642,d__Bacteria;p__Bacillota;c__Clostridia;o__Lachnospirales;f__Lachnospiraceae;g__Acetatifactor;s__Acetatifactor hominis
10000,0.0011627906976744186,0.005988023952095809,0.0011627906976744186,0.0006090133982947625,1.0,1.0,0.0,/group/ctbrowngrp5/sourmash-db.new/gtdb-rs226/gtdb-rs226-k51.dna.rocksdb,GCA_945222755.1 uncultured Erysipelotrichaceae bacterium,344d8f678de243a6641c0a6f6f3f9faf,0.005988023952095809,10000,107,5060000,outputs.mapping/bams.cds.rand/ERR3211879.x.s__Gemmiger qucibialis.fastq.gz,ERR3211879.x.s__Gemmiger qucibialis,cb7e446f,8600000,51,DNA,10000,860,True,0.8759126826295399,0.9045182297439633,0.8902154561867517,0.9045182297439633,True,1,955,1642,d__Bacteria;p__Bacillota;c__Bacilli;o__Erysipelotrichales;f__Erysipelotrichaceae;g__Bulleidia;s__Bulleidia sp016293365
10000,0.0011627906976744186,0.008771929824561403,0.0011627906976744186,0.0030450669914738123,5.0,5.0,0.0,/group/ctbrowngrp5/sourmash-db.new/gtdb-rs226/gtdb-rs226-k51.dna.rocksdb,GCA_022780765.1 Bacilli bacterium,9ce83249623a09edeafa0bcf6fab51a2,0.008771929824561403,10000,108,5050000,outputs.mapping/bams.cds.rand/ERR3211879.x.s__Gemmiger qucibialis.fastq.gz,ERR3211879.x.s__Gemmiger qucibialis,cb7e446f,8600000,51,DNA,10000,860,True,0.8759126826295399,0.911315028588222,0.893613855608881,0.911315028588222,True,5,960,1642,d__Bacteria;p__Bacillota;c__Bacilli;o__RFN20;f__CAG-288;g__Enterosoma;s__Enterosoma sp022780765
10000,0.0011627906976744186,0.004347826086956522,0.0011627906976744186,0.0006090133982947625,1.0,1.0,0.0,/group/ctbrowngrp5/sourmash-db.new/gtdb-rs226/gtdb-rs226-k51.dna.rocksdb,GCA_004552155.1 Bacteroidales bacterium,556a7ff8002ae193ea3c3c4aa52f29fe,0.004347826086956522,10000,109,5040000,outputs.mapping/bams.cds.rand/ERR3211879.x.s__Gemmiger qucibialis.fastq.gz,ERR3211879.x.s__Gemmiger qucibialis,cb7e446f,8600000,51,DNA,10000,860,True,0.8759126826295399,0.8988590824149439,0.8873858825222419,0.8988590824149439,True,1,961,1642,d__Bacteria;p__Bacteroidota;c__Bacteroidia;o__Bacteroidales;f__Bacteroidaceae;g__Alloprevotella;s__Alloprevotella sp004552155
20000,0.002325581395348837,0.004608294930875576,0.0011627906976744186,0.0006090133982947625,1.0,1.0,0.0,/group/ctbrowngrp5/sourmash-db.new/gtdb-rs226/gtdb-rs226-k51.dna.rocksdb,GCF_000785105.2 Lentilactobacillus curieae,5441a64b02dfe6424f8f05805c98db10,0.009216589861751152,10000,110,5030000,outputs.mapping/bams.cds.rand/ERR3211879.x.s__Gemmiger qucibialis.fastq.gz,ERR3211879.x.s__Gemmiger qucibialis,cb7e446f,8600000,51,DNA,10000,860,True,0.8878985844700187,0.9121990444611786,0.9000488144655987,0.9121990444611786,True,1,962,1642,d__Bacteria;p__Bacillota;c__Bacilli;o__Lactobacillales;f__Lactobacillaceae;g__Lentilactobacillus;s__Lentilactobacillus curieae
10000,0.0011627906976744186,0.002304147465437788,0.0011627906976744186,0.007308160779537149,12.0,12.0,0.0,/group/ctbrowngrp5/sourmash-db.new/gtdb-rs226/gtdb-rs226-k51.dna.rocksdb,GCF_032452555.1 Segatella copri,e4d525fec242a06c973a8586e2b92735,0.002304147465437788,10000,111,5020000,outputs.mapping/bams.cds.rand/ERR3211879.x.s__Gemmiger qucibialis.fastq.gz,ERR3211879.x.s__Gemmiger qucibialis,cb7e446f,8600000,51,DNA,10000,860,True,0.8759126826295399,0.8877373963198654,0.8818250394747027,0.8877373963198654,True,12,974,1642,d__Bacteria;p__Bacteroidota;c__Bacteroidia;o__Bacteroidales;f__Bacteroidaceae;g__Prevotella;s__Prevotella sp900551275
10000,0.0011627906976744186,0.004291845493562232,0.0011627906976744186,0.0006090133982947625,1.0,1.0,0.0,/group/ctbrowngrp5/sourmash-db.new/gtdb-rs226/gtdb-rs226-k51.dna.rocksdb,GCA_905206655.1 uncultured Eubacteriales bacterium,357d48b9dc6ed76db4688518fcab7897,0.004291845493562232,10000,112,5010000,outputs.mapping/bams.cds.rand/ERR3211879.x.s__Gemmiger qucibialis.fastq.gz,ERR3211879.x.s__Gemmiger qucibialis,cb7e446f,8600000,51,DNA,10000,860,True,0.8759126826295399,0.8986307105512661,0.8872716965904031,0.8986307105512661,True,1,975,1642,d__Bacteria;p__Bacillota;c__Clostridia;o__Oscillospirales;f__Oscillospiraceae;g__Lawsonibacter;s__Lawsonibacter sp900549405
10000,0.0011627906976744186,0.0033222591362126247,0.0011627906976744186,0.001218026796589525,2.0,2.0,0.0,/group/ctbrowngrp5/sourmash-db.new/gtdb-rs226/gtdb-rs226-k51.dna.rocksdb,GCA_022777665.1 Lachnospiraceae bacterium,b7870269a68b9fdab9ac049559ddefac,0.0033222591362126247,10000,113,5000000,outputs.mapping/bams.cds.rand/ERR3211879.x.s__Gemmiger qucibialis.fastq.gz,ERR3211879.x.s__Gemmiger qucibialis,cb7e446f,8600000,51,DNA,10000,860,True,0.8759126826295399,0.8941299800356292,0.8850213313325845,0.8941299800356292,True,2,977,1642,d__Bacteria;p__Bacillota;c__Clostridia;o__Lachnospirales;f__Lachnospiraceae;g__Suilimivivens;s__Suilimivivens sp021628825
10000,0.0011627906976744186,0.004651162790697674,0.0011627906976744186,0.0006090133982947625,1.0,1.0,0.0,/group/ctbrowngrp5/sourmash-db.new/gtdb-rs226/gtdb-rs226-k51.dna.rocksdb,GCA_945990175.1 uncultured Bacteroidales bacterium,0fdbdf98f071eeb382183bdd0a0532c7,0.004651162790697674,10000,114,4990000,outputs.mapping/bams.cds.rand/ERR3211879.x.s__Gemmiger qucibialis.fastq.gz,ERR3211879.x.s__Gemmiger qucibialis,cb7e446f,8600000,51,DNA,10000,860,True,0.8759126826295399,0.90004850019656,0.88798059141305,0.90004850019656,True,1,978,1642,d__Bacteria;p__Bacteroidota;c__Bacteroidia;o__Bacteroidales;f__Bacteroidaceae;g__Alloprevotella;s__Alloprevotella sp004555425
10000,0.0011627906976744186,0.0058823529411764705,0.0011627906976744186,0.0006090133982947625,1.0,1.0,0.0,/group/ctbrowngrp5/sourmash-db.new/gtdb-rs226/gtdb-rs226-k51.dna.rocksdb,GCA_963598545.1 Gemmiger formicilis,8df66bc491edc8aac21968d6c6a7f1c7,0.0058823529411764705,10000,115,4980000,outputs.mapping/bams.cds.rand/ERR3211879.x.s__Gemmiger qucibialis.fastq.gz,ERR3211879.x.s__Gemmiger qucibialis,cb7e446f,8600000,51,DNA,10000,860,True,0.8759126826295399,0.9042025082392618,0.8900575954344009,0.9042025082392618,True,1,979,1642,d__Bacteria;p__Bacillota;c__Clostridia;o__Oscillospirales;f__Acutalibacteraceae;g__Eubacterium_R;s__Eubacterium_R sp900542875
30000,0.0034883720930232558,0.003663003663003663,0.0011627906976744186,0.0006090133982947625,1.0,1.0,0.0,/group/ctbrowngrp5/sourmash-db.new/gtdb-rs226/gtdb-rs226-k51.dna.rocksdb,GCA_041331895.1 Agathobacter rectalis,ecd1a7c1527e27adb6b98b827eac76d9,0.01098901098901099,10000,116,4970000,outputs.mapping/bams.cds.rand/ERR3211879.x.s__Gemmiger qucibialis.fastq.gz,ERR3211879.x.s__Gemmiger qucibialis,cb7e446f,8600000,51,DNA,10000,860,True,0.8949857765535171,0.915350501215715,0.905168138884616,0.915350501215715,True,1,980,1642,d__Bacteria;p__Bacillota;c__Clostridia;o__Lachnospirales;f__Lachnospiraceae;g__Agathobacter;s__Agathobacter rectalis
10000,0.0011627906976744186,0.002150537634408602,0.0011627906976744186,0.0006090133982947625,1.0,1.0,0.0,/group/ctbrowngrp5/sourmash-db.new/gtdb-rs226/gtdb-rs226-k51.dna.rocksdb,GCA_963591355.1 Paratractidigestivibacter sp.,770eadc4a1c72bbf7f97b3af2d9acc70,0.002150537634408602,10000,117,4960000,outputs.mapping/bams.cds.rand/ERR3211879.x.s__Gemmiger qucibialis.fastq.gz,ERR3211879.x.s__Gemmiger qucibialis,cb7e446f,8600000,51,DNA,10000,860,True,0.8759126826295399,0.8865372758711161,0.8812249792503279,0.8865372758711161,True,1,981,1642,d__Bacteria;p__Bacteroidota;c__Bacteroidia;o__Bacteroidales;f__Tannerellaceae;g__Parabacteroides;s__Parabacteroides distasonis
10000,0.0011627906976744186,0.006666666666666667,0.0011627906976744186,0.0006090133982947625,1.0,1.0,0.0,/group/ctbrowngrp5/sourmash-db.new/gtdb-rs226/gtdb-rs226-k51.dna.rocksdb,GCA_945915065.1 uncultured Clostridia bacterium,6d1f4f942ff3960496b8a9d2b1bcec92,0.006666666666666667,10000,118,4950000,outputs.mapping/bams.cds.rand/ERR3211879.x.s__Gemmiger qucibialis.fastq.gz,ERR3211879.x.s__Gemmiger qucibialis,cb7e446f,8600000,51,DNA,10000,860,True,0.8759126826295399,0.9064243085270774,0.8911684955783087,0.9064243085270774,True,1,982,1642,d__Bacteria;p__Bacillota;c__Clostridia;o__Oscillospirales;f__Oscillospiraceae;g__Vescimonas;s__Vescimonas sp945915065
110000,0.012790697674418604,0.004347826086956522,0.0011627906976744186,0.0006090133982947625,1.0,1.0,0.0,/group/ctbrowngrp5/sourmash-db.new/gtdb-rs226/gtdb-rs226-k51.dna.rocksdb,GCA_959598975.1 uncultured Oscillospiraceae bacterium,24f45eadf5b55bfa2fef60467f7fb7d0,0.04782608695652174,10000,119,4940000,outputs.mapping/bams.cds.rand/ERR3211879.x.s__Gemmiger qucibialis.fastq.gz,ERR3211879.x.s__Gemmiger qucibialis,cb7e446f,8600000,51,DNA,10000,860,True,0.918079476860106,0.9421305257015994,0.9301050012808527,0.9421305257015994,False,1,983,1642,d__Bacteria;p__Bacillota;c__Clostridia;o__Oscillospirales;f__Ruminococcaceae;g__Gemmiger;s__Gemmiger qucibialis
10000,0.0011627906976744186,0.002857142857142857,0.0011627906976744186,0.0018270401948842874,3.0,3.0,0.0,/group/ctbrowngrp5/sourmash-db.new/gtdb-rs226/gtdb-rs226-k51.dna.rocksdb,GCA_902781315.1 uncultured Prevotellaceae bacterium,9e131664c774e027d5f72db9ffcdfbb8,0.002857142857142857,10000,120,4930000,outputs.mapping/bams.cds.rand/ERR3211879.x.s__Gemmiger qucibialis.fastq.gz,ERR3211879.x.s__Gemmiger qucibialis,cb7e446f,8600000,51,DNA,10000,860,True,0.8759126826295399,0.8914896651476225,0.8837011738885812,0.8914896651476225,True,3,986,1642,d__Bacteria;p__Bacteroidota;c__Bacteroidia;o__Bacteroidales;f__Bacteroidaceae;g__Prevotella;s__Prevotella sp902781315
10000,0.0011627906976744186,0.0045045045045045045,0.0011627906976744186,0.0006090133982947625,1.0,1.0,0.0,/group/ctbrowngrp5/sourmash-db.new/gtdb-rs226/gtdb-rs226-k51.dna.rocksdb,GCA_959024665.1 uncultured Eubacteriales bacterium,08db36e4885c16e498b2ec892279419a,0.0045045045045045045,10000,121,4920000,outputs.mapping/bams.cds.rand/ERR3211879.x.s__Gemmiger qucibialis.fastq.gz,ERR3211879.x.s__Gemmiger qucibialis,cb7e446f,8600000,51,DNA,10000,860,True,0.8759126826295399,0.8994832469384727,0.8876979647840063,0.8994832469384727,True,1,987,1642,d__Bacteria;p__Bacillota;c__Clostridia;o__Oscillospirales;f__Oscillospiraceae;g__CAG-170;s__CAG-170 sp900553545
40000,0.004651162790697674,0.0035460992907801418,0.0011627906976744186,0.0006090133982947625,1.0,1.0,0.0,/group/ctbrowngrp5/sourmash-db.new/gtdb-rs226/gtdb-rs226-k51.dna.rocksdb,GCA_963656025.1 uncultured Eubacteriales bacterium,52a5d5d77f21c29a52347102bdcaa344,0.014184397163120567,10000,122,4910000,outputs.mapping/bams.cds.rand/ERR3211879.x.s__Gemmiger qucibialis.fastq.gz,ERR3211879.x.s__Gemmiger qucibialis,cb7e446f,8600000,51,DNA,10000,860,True,0.90004850019656,0.9199431664298017,0.9099958333131808,0.9199431664298017,True,1,988,1642,d__Bacteria;p__Bacteroidota;c__Bacteroidia;o__Bacteroidales;f__Paludibacteraceae;g__Colicola;s__Colicola sp963635385
20000,0.002325581395348837,0.005988023952095809,0.0011627906976744186,0.0006090133982947625,1.0,1.0,0.0,/group/ctbrowngrp5/sourmash-db.new/gtdb-rs226/gtdb-rs226-k51.dna.rocksdb,GCA_014846845.1 Clostridiales bacterium,7cd65c716719a671955c1297165bd38b,0.011976047904191617,10000,123,4900000,outputs.mapping/bams.cds.rand/ERR3211879.x.s__Gemmiger qucibialis.fastq.gz,ERR3211879.x.s__Gemmiger qucibialis,cb7e446f,8600000,51,DNA,10000,860,True,0.8878985844700187,0.9168955670398317,0.9023970757549251,0.9168955670398317,True,1,989,1642,d__Bacteria;p__Bacillota;c__Clostridia;o__Oscillospirales;f__Oscillospiraceae;g__Vescimonas;s__Vescimonas sp945878665
10000,0.0011627906976744186,0.004291845493562232,0.0011627906976744186,0.001218026796589525,2.0,2.0,0.0,/group/ctbrowngrp5/sourmash-db.new/gtdb-rs226/gtdb-rs226-k51.dna.rocksdb,GCA_004553105.1 Veillonellaceae bacterium,b54cd689867d4647f44b5f27ddf17060,0.004291845493562232,10000,124,4890000,outputs.mapping/bams.cds.rand/ERR3211879.x.s__Gemmiger qucibialis.fastq.gz,ERR3211879.x.s__Gemmiger qucibialis,cb7e446f,8600000,51,DNA,10000,860,True,0.8759126826295399,0.8986307105512661,0.8872716965904031,0.8986307105512661,True,2,991,1642,d__Bacteria;p__Bacillota;c__Negativicutes;o__Selenomonadales;f__Selenomonadaceae;g__Anaerovibrio;s__Anaerovibrio slackiae
20000,0.002325581395348837,0.004405286343612335,0.0011627906976744186,0.006699147381242387,11.0,11.0,0.0,/group/ctbrowngrp5/sourmash-db.new/gtdb-rs226/gtdb-rs226-k51.dna.rocksdb,GCA_028722805.1 Clostridiales bacterium,be34381d1a2c53e4ef24cbcf6879163b,0.00881057268722467,10000,125,4880000,outputs.mapping/bams.cds.rand/ERR3211879.x.s__Gemmiger qucibialis.fastq.gz,ERR3211879.x.s__Gemmiger qucibialis,cb7e446f,8600000,51,DNA,10000,860,True,0.8878985844700187,0.9113935768122705,0.8996460806411446,0.9113935768122705,True,11,1002,1642,d__Bacteria;p__Bacillota;c__Clostridia;o__Oscillospirales;f__Oscillospiraceae;g__CAG-170;s__CAG-170 sp002404795
10000,0.0011627906976744186,0.0045662100456621,0.0011627906976744186,0.001218026796589525,2.0,2.0,0.0,/group/ctbrowngrp5/sourmash-db.new/gtdb-rs226/gtdb-rs226-k51.dna.rocksdb,GCA_034170485.1 Sodaliphilus sp.,9e95baeb894c55e0bef9ad2966dd57b9,0.0045662100456621,10000,126,4870000,outputs.mapping/bams.cds.rand/ERR3211879.x.s__Gemmiger qucibialis.fastq.gz,ERR3211879.x.s__Gemmiger qucibialis,cb7e446f,8600000,51,DNA,10000,860,True,0.8759126826295399,0.8997232408336094,0.8878179617315747,0.8997232408336094,True,2,1004,1642,d__Bacteria;p__Bacteroidota;c__Bacteroidia;o__Bacteroidales;f__Muribaculaceae;g__Sodaliphilus;s__Sodaliphilus sp004557565
10000,0.0011627906976744186,0.0037593984962406013,0.0011627906976744186,0.0006090133982947625,1.0,1.0,0.0,/group/ctbrowngrp5/sourmash-db.new/gtdb-rs226/gtdb-rs226-k51.dna.rocksdb,GCA_022774945.1 Lachnobacterium sp.,af426f33d2866d663b77828fd6516469,0.0037593984962406013,10000,127,4860000,outputs.mapping/bams.cds.rand/ERR3211879.x.s__Gemmiger qucibialis.fastq.gz,ERR3211879.x.s__Gemmiger qucibialis,cb7e446f,8600000,51,DNA,10000,860,True,0.8759126826295399,0.896299803565827,0.8861062430976834,0.896299803565827,True,1,1005,1642,d__Bacteria;p__Bacillota;c__Clostridia;o__Lachnospirales;f__Lachnospiraceae;g__Agathobacter;s__Agathobacter sp905209075
70000,0.00813953488372093,0.0045662100456621,0.0011627906976744186,0.0006090133982947625,1.0,1.0,0.0,/group/ctbrowngrp5/sourmash-db.new/gtdb-rs226/gtdb-rs226-k51.dna.rocksdb,GCF_902475275.1 uncultured Gemmiger sp.,407875fbdf98c134bd62bc2e40faea3a,0.0319634703196347,10000,128,4850000,outputs.mapping/bams.cds.rand/ERR3211879.x.s__Gemmiger qucibialis.fastq.gz,ERR3211879.x.s__Gemmiger qucibialis,cb7e446f,8600000,51,DNA,10000,860,True,0.909978988393273,0.934715595246107,0.92234729181969,0.934715595246107,False,1,1006,1642,d__Bacteria;p__Bacillota;c__Clostridia;o__Oscillospirales;f__Ruminococcaceae;g__Gemmiger;s__Gemmiger sp900554145
10000,0.0011627906976744186,0.007575757575757576,0.0011627906976744186,0.0006090133982947625,1.0,1.0,0.0,/group/ctbrowngrp5/sourmash-db.new/gtdb-rs226/gtdb-rs226-k51.dna.rocksdb,GCA_945948785.1 uncultured Clostridia bacterium,c48372d673c2c43011e44da19ffbdba3,0.007575757575757576,10000,129,4840000,outputs.mapping/bams.cds.rand/ERR3211879.x.s__Gemmiger qucibialis.fastq.gz,ERR3211879.x.s__Gemmiger qucibialis,cb7e446f,8600000,51,DNA,10000,860,True,0.8759126826295399,0.9086991441072096,0.8923059133683748,0.9086991441072096,True,1,1007,1642,d__Bacteria;p__Bacillota;c__Clostridia;o__Oscillospirales;f__Oscillospiraceae;g__Oscillibacter;s__Oscillibacter sp945862785
10000,0.0011627906976744186,0.0036101083032490976,0.0011627906976744186,0.0006090133982947625,1.0,1.0,0.0,/group/ctbrowngrp5/sourmash-db.new/gtdb-rs226/gtdb-rs226-k51.dna.rocksdb,GCA_963599345.1 Eubacterium sp. CAG:180,86e6002761fc90f49ae543a336a205e3,0.0036101083032490976,10000,130,4830000,outputs.mapping/bams.cds.rand/ERR3211879.x.s__Gemmiger qucibialis.fastq.gz,ERR3211879.x.s__Gemmiger qucibialis,cb7e446f,8600000,51,DNA,10000,860,True,0.8759126826295399,0.8955879463753921,0.885750314502466,0.8955879463753921,True,1,1008,1642,d__Bacteria;p__Bacteroidota;c__Bacteroidia;o__Bacteroidales;f__Bacteroidaceae;g__Alloprevotella;s__Alloprevotella timonensis
20000,0.002325581395348837,0.004975124378109453,0.0011627906976744186,0.001218026796589525,2.0,2.0,0.0,/group/ctbrowngrp5/sourmash-db.new/gtdb-rs226/gtdb-rs226-k51.dna.rocksdb,GCA_963589045.1 Ligilactobacillus ruminis,491d7281fd683a6574967786eb8ba30d,0.009950248756218905,10000,131,4820000,outputs.mapping/bams.cds.rand/ERR3211879.x.s__Gemmiger qucibialis.fastq.gz,ERR3211879.x.s__Gemmiger qucibialis,cb7e446f,8600000,51,DNA,10000,860,True,0.8878985844700187,0.9135700257522423,0.9007343051111305,0.9135700257522423,True,2,1010,1642,d__Bacteria;p__Bacillota;c__Clostridia;o__Oscillospirales;f__Butyricicoccaceae;g__UBA4644;s__UBA4644 sp900555855
80000,0.009302325581395349,0.003484320557491289,0.0011627906976744186,0.0006090133982947625,1.0,1.0,0.0,/group/ctbrowngrp5/sourmash-db.new/gtdb-rs226/gtdb-rs226-k51.dna.rocksdb,GCF_014287875.1 Flintibacter faecis,c754a8172f5fbc4e5fad61be1ba0c1b2,0.027874564459930314,10000,132,4810000,outputs.mapping/bams.cds.rand/ERR3211879.x.s__Gemmiger qucibialis.fastq.gz,ERR3211879.x.s__Gemmiger qucibialis,cb7e446f,8600000,51,DNA,10000,860,True,0.9123646741588324,0.9322102720440401,0.9222874731014362,0.9322102720440401,False,1,1011,1642,d__Bacteria;p__Bacillota;c__Clostridia;o__Oscillospirales;f__Oscillospiraceae;g__Lawsonibacter;s__Lawsonibacter faecis_A
10000,0.0011627906976744186,0.002688172043010753,0.0011627906976744186,0.0006090133982947625,1.0,1.0,0.0,/group/ctbrowngrp5/sourmash-db.new/gtdb-rs226/gtdb-rs226-k51.dna.rocksdb,GCA_963663285.1 Candidatus Limiplasma sp.,90755839b8b6ce4bbdd24ce665edc9a2,0.002688172043010753,10000,133,4800000,outputs.mapping/bams.cds.rand/ERR3211879.x.s__Gemmiger qucibialis.fastq.gz,ERR3211879.x.s__Gemmiger qucibialis,cb7e446f,8600000,51,DNA,10000,860,True,0.8759126826295399,0.8904246971715558,0.8831686899005479,0.8904246971715558,True,1,1012,1642,d__Bacteria;p__Bacillota;c__Clostridia;o__Christensenellales;f__Aristaeellaceae;g__Limiplasma;s__Limiplasma sp963663285
10000,0.0011627906976744186,0.008849557522123894,0.0011627906976744186,0.0006090133982947625,1.0,1.0,0.0,/group/ctbrowngrp5/sourmash-db.new/gtdb-rs226/gtdb-rs226-k51.dna.rocksdb,GCA_018384415.1 Angelakisella sp.,0232743041f440d1da93f11f61d08b8e,0.008849557522123894,10000,134,4790000,outputs.mapping/bams.cds.rand/ERR3211879.x.s__Gemmiger qucibialis.fastq.gz,ERR3211879.x.s__Gemmiger qucibialis,cb7e446f,8600000,51,DNA,10000,860,True,0.8759126826295399,0.9114724786438645,0.8936925806367022,0.9114724786438645,True,1,1013,1642,d__Bacteria;p__Bacillota;c__Clostridia;o__Oscillospirales;f__Ruminococcaceae;g__Angelakisella;s__Angelakisella sp004554485
10000,0.0011627906976744186,0.003861003861003861,0.0011627906976744186,0.0006090133982947625,1.0,1.0,0.0,/group/ctbrowngrp5/sourmash-db.new/gtdb-rs226/gtdb-rs226-k51.dna.rocksdb,GCA_934661215.1 uncultured Eubacteriales bacterium,d65cadc8712be1ea50d02c3de45f2312,0.003861003861003861,10000,135,4780000,outputs.mapping/bams.cds.rand/ERR3211879.x.s__Gemmiger qucibialis.fastq.gz,ERR3211879.x.s__Gemmiger qucibialis,cb7e446f,8600000,51,DNA,10000,860,True,0.8759126826295399,0.8967686073925827,0.8863406450110614,0.8967686073925827,True,1,1014,1642,d__Bacteria;p__Bacillota;c__Clostridia;o__Oscillospirales;f__Acutalibacteraceae;g__HGM12789;s__HGM12789 sp900766585
10000,0.0011627906976744186,0.006896551724137931,0.0011627906976744186,0.0006090133982947625,1.0,1.0,0.0,/group/ctbrowngrp5/sourmash-db.new/gtdb-rs226/gtdb-rs226-k51.dna.rocksdb,GCA_900769565.1 Clostridia bacterium,325570dc49f0f4f72f7754a40cfb8a5f,0.006896551724137931,10000,136,4770000,outputs.mapping/bams.cds.rand/ERR3211879.x.s__Gemmiger qucibialis.fastq.gz,ERR3211879.x.s__Gemmiger qucibialis,cb7e446f,8600000,51,DNA,10000,860,True,0.8759126826295399,0.907027041982046,0.891469862305793,0.907027041982046,True,1,1015,1642,d__Bacteria;p__Bacillota;c__Clostridia;o__Christensenellales;f__Borkfalkiaceae;g__UBA1259;s__UBA1259 sp900769565
10000,0.0011627906976744186,0.0032679738562091504,0.0011627906976744186,0.0006090133982947625,1.0,1.0,0.0,/group/ctbrowngrp5/sourmash-db.new/gtdb-rs226/gtdb-rs226-k51.dna.rocksdb,GCA_037264895.1 bacterium,e017258962002a8a57ab5a4217ce45bb,0.0032679738562091504,10000,137,4760000,outputs.mapping/bams.cds.rand/ERR3211879.x.s__Gemmiger qucibialis.fastq.gz,ERR3211879.x.s__Gemmiger qucibialis,cb7e446f,8600000,51,DNA,10000,860,True,0.8759126826295399,0.8938411904895232,0.8848769365595315,0.8938411904895232,True,1,1016,1642,d__Bacteria;p__Verrucomicrobiota;c__Kiritimatiellia;o__RFP12;f__UBA1067;g__UBA1067;s__UBA1067 sp934654805
10000,0.0011627906976744186,0.007874015748031496,0.0011627906976744186,0.0006090133982947625,1.0,1.0,0.0,/group/ctbrowngrp5/sourmash-db.new/gtdb-rs226/gtdb-rs226-k51.dna.rocksdb,GCA_945947625.1 uncultured Clostridia bacterium,0abeac419aad501d47ae033ca74dbf3a,0.007874015748031496,10000,138,4750000,outputs.mapping/bams.cds.rand/ERR3211879.x.s__Gemmiger qucibialis.fastq.gz,ERR3211879.x.s__Gemmiger qucibialis,cb7e446f,8600000,51,DNA,10000,860,True,0.8759126826295399,0.9093874295165494,0.8926500560730446,0.9093874295165494,True,1,1017,1642,d__Bacteria;p__Bacillota;c__Clostridia;o__Oscillospirales;f__Oscillospiraceae;g__F23-B02;s__F23-B02 sp945613045
20000,0.002325581395348837,0.0072992700729927005,0.0011627906976744186,0.0006090133982947625,1.0,1.0,0.0,/group/ctbrowngrp5/sourmash-db.new/gtdb-rs226/gtdb-rs226-k51.dna.rocksdb,GCA_034183075.1 Eubacteriales bacterium,dbcc2733d6f9a69fa4aa6b2baa60eed6,0.014598540145985401,10000,139,4740000,outputs.mapping/bams.cds.rand/ERR3211879.x.s__Gemmiger qucibialis.fastq.gz,ERR3211879.x.s__Gemmiger qucibialis,cb7e446f,8600000,51,DNA,10000,860,True,0.8878985844700187,0.9204624308026939,0.9041805076363563,0.9204624308026939,True,1,1018,1642,d__Bacteria;p__Bacillota;c__Clostridia;o__Christensenellales;f__CAG-917;g__CAG-349;s__CAG-349 sp003539515
10000,0.0011627906976744186,0.005405405405405406,0.0011627906976744186,0.0006090133982947625,1.0,1.0,0.0,/group/ctbrowngrp5/sourmash-db.new/gtdb-rs226/gtdb-rs226-k51.dna.rocksdb,GCA_004558595.1 Phascolarctobacterium sp.,82f5ae137c37969242b7840b4f05f8d0,0.005405405405405406,10000,140,4730000,outputs.mapping/bams.cds.rand/ERR3211879.x.s__Gemmiger qucibialis.fastq.gz,ERR3211879.x.s__Gemmiger qucibialis,cb7e446f,8600000,51,DNA,10000,860,True,0.8759126826295399,0.9027045934360562,0.8893086380327981,0.9027045934360562,True,1,1019,1642,d__Bacteria;p__Bacillota;c__Negativicutes;o__Acidaminococcales;f__Acidaminococcaceae;g__Phascolarctobacterium_A;s__Phascolarctobacterium_A sp004558595
10000,0.0011627906976744186,0.0037593984962406013,0.0011627906976744186,0.0006090133982947625,1.0,1.0,0.0,/group/ctbrowngrp5/sourmash-db.new/gtdb-rs226/gtdb-rs226-k51.dna.rocksdb,GCA_905193545.1 uncultured Eubacteriales bacterium,63aeb0e07ca111640c9b848c49ace4fa,0.0037593984962406013,10000,141,4720000,outputs.mapping/bams.cds.rand/ERR3211879.x.s__Gemmiger qucibialis.fastq.gz,ERR3211879.x.s__Gemmiger qucibialis,cb7e446f,8600000,51,DNA,10000,860,True,0.8759126826295399,0.896299803565827,0.8861062430976834,0.896299803565827,True,1,1020,1642,d__Bacteria;p__Bacillota;c__Clostridia;o__Oscillospirales;f__CAG-382;g__UMGS1387;s__UMGS1387 sp900551295
10000,0.0011627906976744186,0.0048543689320388345,0.0011627906976744186,0.0006090133982947625,1.0,1.0,0.0,/group/ctbrowngrp5/sourmash-db.new/gtdb-rs226/gtdb-rs226-k51.dna.rocksdb,GCA_946403195.1 uncultured Clostridia bacterium,247eb66cf55b29cc9c2181bf669fe0a2,0.0048543689320388345,10000,142,4710000,outputs.mapping/bams.cds.rand/ERR3211879.x.s__Gemmiger qucibialis.fastq.gz,ERR3211879.x.s__Gemmiger qucibialis,cb7e446f,8600000,51,DNA,10000,860,True,0.8759126826295399,0.900803478377785,0.8883580805036624,0.900803478377785,True,1,1021,1642,d__Bacteria;p__Bacillota;c__Clostridia;o__Oscillospirales;f__Oscillospiraceae;g__Oscillibacter;s__Oscillibacter sp945864305
10000,0.0011627906976744186,0.004545454545454545,0.0011627906976744186,0.00243605359317905,4.0,4.0,0.0,/group/ctbrowngrp5/sourmash-db.new/gtdb-rs226/gtdb-rs226-k51.dna.rocksdb,GCA_023401155.1 Spirochaetota bacterium,20f6c6299556026c0646e5553d2edfd9,0.004545454545454545,10000,143,4700000,outputs.mapping/bams.cds.rand/ERR3211879.x.s__Gemmiger qucibialis.fastq.gz,ERR3211879.x.s__Gemmiger qucibialis,cb7e446f,8600000,51,DNA,10000,860,True,0.8759126826295399,0.8996428723837347,0.8877777775066373,0.8996428723837347,True,4,1025,1642,d__Bacteria;p__Spirochaetota;c__Spirochaetia;o__Treponematales;f__Treponemataceae;g__Treponema_D;s__Treponema_D porcinum
10000,0.0011627906976744186,0.007692307692307693,0.0011627906976744186,0.0006090133982947625,1.0,1.0,0.0,/group/ctbrowngrp5/sourmash-db.new/gtdb-rs226/gtdb-rs226-k51.dna.rocksdb,GCA_947628115.1 uncultured Clostridia bacterium,b10a5bc1980e98f33ff6fe18ddd0a93c,0.007692307692307693,10000,144,4690000,outputs.mapping/bams.cds.rand/ERR3211879.x.s__Gemmiger qucibialis.fastq.gz,ERR3211879.x.s__Gemmiger qucibialis,cb7e446f,8600000,51,DNA,10000,860,True,0.8759126826295399,0.9089712150027334,0.8924419488161366,0.9089712150027334,True,1,1026,1642,d__Bacteria;p__Bacillota;c__Clostridia;o__TANB77;f__CAG-508;g__CAG-452;s__CAG-452 sp947628115
10000,0.0011627906976744186,0.0051813471502590676,0.0011627906976744186,0.0018270401948842874,3.0,3.0,0.0,/group/ctbrowngrp5/sourmash-db.new/gtdb-rs226/gtdb-rs226-k51.dna.rocksdb,GCA_036302565.1 Oscillospiraceae bacterium,97d7241903e1498f262e15ce65ec7b6c,0.0051813471502590676,10000,145,4680000,outputs.mapping/bams.cds.rand/ERR3211879.x.s__Gemmiger qucibialis.fastq.gz,ERR3211879.x.s__Gemmiger qucibialis,cb7e446f,8600000,51,DNA,10000,860,True,0.8759126826295399,0.9019555822980565,0.8889341324637983,0.9019555822980565,True,3,1029,1642,d__Bacteria;p__Bacillota;c__Clostridia;o__Oscillospirales;f__Oscillospiraceae;g__CAG-103;s__CAG-103 sp000432375
70000,0.00813953488372093,0.003968253968253968,0.0011627906976744186,0.0006090133982947625,1.0,1.0,0.0,/group/ctbrowngrp5/sourmash-db.new/gtdb-rs226/gtdb-rs226-k51.dna.rocksdb,GCA_029225205.1 Subdoligranulum variabile,ce69cc7f00dedf69abf22b05026bf763,0.027777777777777776,10000,146,4670000,outputs.mapping/bams.cds.rand/ERR3211879.x.s__Gemmiger qucibialis.fastq.gz,ERR3211879.x.s__Gemmiger qucibialis,cb7e446f,8600000,51,DNA,10000,860,True,0.909978988393273,0.9321466962947733,0.9210628423440231,0.9321466962947733,False,1,1030,1642,d__Bacteria;p__Bacillota;c__Clostridia;o__Oscillospirales;f__Ruminococcaceae;g__Gemmiger;s__Gemmiger variabilis_B
10000,0.0011627906976744186,0.005128205128205128,0.0011627906976744186,0.001218026796589525,2.0,2.0,0.0,/group/ctbrowngrp5/sourmash-db.new/gtdb-rs226/gtdb-rs226-k51.dna.rocksdb,GCA_934565835.1 uncultured Oscillospiraceae bacterium,4041c26158dabce1051fe7d35174676e,0.005128205128205128,10000,147,4660000,outputs.mapping/bams.cds.rand/ERR3211879.x.s__Gemmiger qucibialis.fastq.gz,ERR3211879.x.s__Gemmiger qucibialis,cb7e446f,8600000,51,DNA,10000,860,True,0.8759126826295399,0.9017732753618344,0.8888429789956871,0.9017732753618344,True,2,1032,1642,d__Bacteria;p__Bacillota;c__Clostridia;o__Oscillospirales;f__Oscillospiraceae;g__F23-B02;s__F23-B02 sp004556755
80000,0.009302325581395349,0.0029411764705882353,0.0011627906976744186,0.0006090133982947625,1.0,1.0,0.0,/group/ctbrowngrp5/sourmash-db.new/gtdb-rs226/gtdb-rs226-k51.dna.rocksdb,GCF_902363055.1 Gemmiger formicilis,a7588565ed2117e7e2c81aecb0ccfe01,0.023529411764705882,10000,148,4650000,outputs.mapping/bams.cds.rand/ERR3211879.x.s__Gemmiger qucibialis.fastq.gz,ERR3211879.x.s__Gemmiger qucibialis,cb7e446f,8600000,51,DNA,10000,860,True,0.9123646741588324,0.9291178533590388,0.9207412637589356,0.9291178533590388,False,1,1033,1642,d__Bacteria;p__Bacillota;c__Clostridia;o__Oscillospirales;f__Ruminococcaceae;g__Gemmiger;s__Gemmiger formicilis
10000,0.0011627906976744186,0.004629629629629629,0.0011627906976744186,0.0097442143727162,16.0,16.0,0.0,/group/ctbrowngrp5/sourmash-db.new/gtdb-rs226/gtdb-rs226-k51.dna.rocksdb,GCA_034088525.1 Oscillospiraceae bacterium,0a932685791a84b60e03ee12d7116046,0.004629629629629629,10000,149,4640000,outputs.mapping/bams.cds.rand/ERR3211879.x.s__Gemmiger qucibialis.fastq.gz,ERR3211879.x.s__Gemmiger qucibialis,cb7e446f,8600000,51,DNA,10000,860,True,0.8759126826295399,0.8999666104581765,0.8879396465438583,0.8999666104581765,True,16,1049,1642,d__Bacteria;p__Bacillota;c__Clostridia;o__Oscillospirales;f__Oscillospiraceae;g__CAG-170;s__CAG-170 sp000436735
20000,0.002325581395348837,0.003246753246753247,0.0011627906976744186,0.0006090133982947625,1.0,1.0,0.0,/group/ctbrowngrp5/sourmash-db.new/gtdb-rs226/gtdb-rs226-k51.dna.rocksdb,GCA_945830115.1 uncultured Clostridia bacterium,b505ff6bba1ce8a69e544f1576070144,0.006493506493506494,10000,150,4630000,outputs.mapping/bams.cds.rand/ERR3211879.x.s__Gemmiger qucibialis.fastq.gz,ERR3211879.x.s__Gemmiger qucibialis,cb7e446f,8600000,51,DNA,10000,860,True,0.8878985844700187,0.9059566909928176,0.8969276377314181,0.9059566909928176,True,1,1050,1642,d__Bacteria;p__Bacillota;c__Clostridia;o__Christensenellales;f__Aristaeellaceae;g__SFHK01;s__SFHK01 sp004556395
10000,0.0011627906976744186,0.011494252873563218,0.0011627906976744186,0.0006090133982947625,1.0,1.0,0.0,/group/ctbrowngrp5/sourmash-db.new/gtdb-rs226/gtdb-rs226-k51.dna.rocksdb,GCA_948968885.1 uncultured Eubacteriales bacterium,02b0b5e66a1efb43c505d81d74f6fb14,0.011494252873563218,10000,151,4620000,outputs.mapping/bams.cds.rand/ERR3211879.x.s__Gemmiger qucibialis.fastq.gz,ERR3211879.x.s__Gemmiger qucibialis,cb7e446f,8600000,51,DNA,10000,860,True,,,,,True,1,1051,1642,d__Bacteria;p__Bacillota;c__Clostridia;o__Oscillospirales;f__Acutalibacteraceae;g__CAG-557;s__CAG-557 sp948968885
10000,0.0011627906976744186,0.005208333333333333,0.0011627906976744186,0.001218026796589525,2.0,2.0,0.0,/group/ctbrowngrp5/sourmash-db.new/gtdb-rs226/gtdb-rs226-k51.dna.rocksdb,GCA_963597315.1 uncultured Christensenella sp.,4a8db625ad6eafc469d07fb8ee894d8d,0.005208333333333333,10000,152,4610000,outputs.mapping/bams.cds.rand/ERR3211879.x.s__Gemmiger qucibialis.fastq.gz,ERR3211879.x.s__Gemmiger qucibialis,cb7e446f,8600000,51,DNA,10000,860,True,0.8759126826295399,0.9020474594102066,0.8889800710198732,0.9020474594102066,True,2,1053,1642,d__Bacteria;p__Bacillota;c__Clostridia;o__Oscillospirales;f__Ruminococcaceae;g__Angelakisella;s__Angelakisella sp900552845
10000,0.0011627906976744186,0.0025974025974025974,0.0011627906976744186,0.0006090133982947625,1.0,1.0,0.0,/group/ctbrowngrp5/sourmash-db.new/gtdb-rs226/gtdb-rs226-k51.dna.rocksdb,GCA_902781795.1 uncultured Eubacteriales bacterium,ab7dc428f108cf0c9e629fb4bf451b56,0.0025974025974025974,10000,153,4600000,outputs.mapping/bams.cds.rand/ERR3211879.x.s__Gemmiger qucibialis.fastq.gz,ERR3211879.x.s__Gemmiger qucibialis,cb7e446f,8600000,51,DNA,10000,860,True,0.8759126826295399,0.8898251809431468,0.8828689317863434,0.8898251809431468,True,1,1054,1642,d__Bacteria;p__Bacillota;c__Clostridia;o__Christensenellales;f__Aristaeellaceae;g__UBA2943;s__UBA2943 sp002350845
20000,0.002325581395348837,0.004672897196261682,0.0011627906976744186,0.001218026796589525,2.0,2.0,0.0,/group/ctbrowngrp5/sourmash-db.new/gtdb-rs226/gtdb-rs226-k51.dna.rocksdb,GCA_958447185.1 uncultured Eubacteriales bacterium,1c429281ef67c33f88d0e9a24bb68c97,0.009345794392523364,10000,154,4590000,outputs.mapping/bams.cds.rand/ERR3211879.x.s__Gemmiger qucibialis.fastq.gz,ERR3211879.x.s__Gemmiger qucibialis,cb7e446f,8600000,51,DNA,10000,860,True,0.8878985844700187,0.9124480790702567,0.9001733317701377,0.9124480790702567,True,2,1056,1642,d__Bacteria;p__Bacillota;c__Clostridia;o__Christensenellales;f__CAG-138;g__Phil1;s__Phil1 sp001940855
10000,0.0011627906976744186,0.005494505494505495,0.0011627906976744186,0.0006090133982947625,1.0,1.0,0.0,/group/ctbrowngrp5/sourmash-db.new/gtdb-rs226/gtdb-rs226-k51.dna.rocksdb,GCF_037330555.1 Phascolarctobacterium succinatutens,918d9b9a5b93c3f2a478e2f61869a95f,0.005494505494505495,10000,155,4580000,outputs.mapping/bams.cds.rand/ERR3211879.x.s__Gemmiger qucibialis.fastq.gz,ERR3211879.x.s__Gemmiger qucibialis,cb7e446f,8600000,51,DNA,10000,860,True,0.8759126826295399,0.9029940210398251,0.8894533518346825,0.9029940210398251,True,1,1057,1642,d__Bacteria;p__Bacillota;c__Negativicutes;o__Acidaminococcales;f__Acidaminococcaceae;g__Phascolarctobacterium_A;s__Phascolarctobacterium_A succinatutens_B
40000,0.004651162790697674,0.004878048780487805,0.0011627906976744186,0.0006090133982947625,1.0,1.0,0.0,/group/ctbrowngrp5/sourmash-db.new/gtdb-rs226/gtdb-rs226-k51.dna.rocksdb,GCA_022784975.1 Subdoligranulum sp.,82070533fcf6bc37c0efb7c2dd3d5e49,0.01951219512195122,10000,156,4570000,outputs.mapping/bams.cds.rand/ERR3211879.x.s__Gemmiger qucibialis.fastq.gz,ERR3211879.x.s__Gemmiger qucibialis,cb7e446f,8600000,51,DNA,10000,860,True,0.90004850019656,0.9257134862465207,0.9128809932215404,0.9257134862465207,True,1,1058,1642,d__Bacteria;p__Bacillota;c__Clostridia;o__Oscillospirales;f__Ruminococcaceae;g__SFIE01;s__SFIE01 sp004555405
180000,0.020930232558139535,0.003472222222222222,0.0011627906976744186,0.0006090133982947625,1.0,1.0,0.0,/group/ctbrowngrp5/sourmash-db.new/gtdb-rs226/gtdb-rs226-k51.dna.rocksdb,GCA_037299565.1 Gemmiger qucibialis,d1bcdd4b061fef366fa7f1a5b976faf8,0.0625,10000,157,4560000,outputs.mapping/bams.cds.rand/ERR3211879.x.s__Gemmiger qucibialis.fastq.gz,ERR3211879.x.s__Gemmiger qucibialis,cb7e446f,8600000,51,DNA,10000,860,True,0.9269877628242775,0.9470868448726294,0.9370373038484534,0.9470868448726294,False,1,1059,1642,d__Bacteria;p__Bacillota;c__Clostridia;o__Oscillospirales;f__Ruminococcaceae;g__Gemmiger;s__Gemmiger qucibialis
10000,0.0011627906976744186,0.0027247956403269754,0.0011627906976744186,0.0006090133982947625,1.0,1.0,0.0,/group/ctbrowngrp5/sourmash-db.new/gtdb-rs226/gtdb-rs226-k51.dna.rocksdb,GCA_958448805.1 uncultured Bacteroidaceae bacterium,afa12d118604f011b5aeb1247a211791,0.0027247956403269754,10000,158,4550000,outputs.mapping/bams.cds.rand/ERR3211879.x.s__Gemmiger qucibialis.fastq.gz,ERR3211879.x.s__Gemmiger qucibialis,cb7e446f,8600000,51,DNA,10000,860,True,0.8759126826295399,0.8906609879796527,0.8832868353045963,0.8906609879796527,True,1,1060,1642,d__Bacteria;p__Bacteroidota;c__Bacteroidia;o__Bacteroidales;f__Bacteroidaceae;g__Bacteroides;s__Bacteroides sp900553815
40000,0.004651162790697674,0.004739336492890996,0.0011627906976744186,0.0006090133982947625,1.0,1.0,0.0,/group/ctbrowngrp5/sourmash-db.new/gtdb-rs226/gtdb-rs226-k51.dna.rocksdb,GCF_034169645.1 Vescimonas sp.,23a6faf57e5aa7e10ed0719cd43e613c,0.018957345971563982,10000,159,4540000,outputs.mapping/bams.cds.rand/ERR3211879.x.s__Gemmiger qucibialis.fastq.gz,ERR3211879.x.s__Gemmiger qucibialis,cb7e446f,8600000,51,DNA,10000,860,True,0.90004850019656,0.9251900044020241,0.9126192522992921,0.9251900044020241,True,1,1061,1642,d__Bacteria;p__Bacillota;c__Clostridia;o__Oscillospirales;f__Oscillospiraceae;g__Vescimonas;s__Vescimonas sp003487665
50000,0.005813953488372093,0.004901960784313725,0.0011627906976744186,0.001218026796589525,2.0,2.0,0.0,/group/ctbrowngrp5/sourmash-db.new/gtdb-rs226/gtdb-rs226-k51.dna.rocksdb,GCA_946410415.1 uncultured Clostridia bacterium,b4e2bebc4084a63436308f78b253fee3,0.024509803921568627,10000,160,4530000,outputs.mapping/bams.cds.rand/ERR3211879.x.s__Gemmiger qucibialis.fastq.gz,ERR3211879.x.s__Gemmiger qucibialis,cb7e446f,8600000,51,DNA,10000,860,True,0.903995167535116,0.9298618460556182,0.9169285067953671,0.9298618460556182,True,2,1063,1642,d__Bacteria;p__Bacillota;c__Clostridia;o__Oscillospirales;f__Ruminococcaceae;g__SFJ001;s__SFJ001 sp004555865
50000,0.005813953488372093,0.0028653295128939827,0.0011627906976744186,0.0006090133982947625,1.0,1.0,0.0,/group/ctbrowngrp5/sourmash-db.new/gtdb-rs226/gtdb-rs226-k51.dna.rocksdb,GCF_016937335.1 Ruthenibacterium lactatiformans,0ede28993cc5b30cd7ab23f1642fb834,0.014326647564469915,10000,161,4520000,outputs.mapping/bams.cds.rand/ERR3211879.x.s__Gemmiger qucibialis.fastq.gz,ERR3211879.x.s__Gemmiger qucibialis,cb7e446f,8600000,51,DNA,10000,860,True,0.903995167535116,0.9201231808424758,0.9120591741887959,0.9201231808424758,True,1,1064,1642,d__Bacteria;p__Bacillota;c__Clostridia;o__Oscillospirales;f__Ruminococcaceae;g__Ruthenibacterium;s__Ruthenibacterium lactatiformans
10000,0.0011627906976744186,0.0055248618784530384,0.0011627906976744186,0.0006090133982947625,1.0,1.0,0.0,/group/ctbrowngrp5/sourmash-db.new/gtdb-rs226/gtdb-rs226-k51.dna.rocksdb,GCA_945988765.1 uncultured Bacteroidales bacterium,0cfe1d3f3c07c0c51196ebb6321795e1,0.0055248618784530384,10000,162,4510000,outputs.mapping/bams.cds.rand/ERR3211879.x.s__Gemmiger qucibialis.fastq.gz,ERR3211879.x.s__Gemmiger qucibialis,cb7e446f,8600000,51,DNA,10000,860,True,0.8759126826295399,0.9030915789811151,0.8895021308053275,0.9030915789811151,True,1,1065,1642,d__Bacteria;p__Bacteroidota;c__Bacteroidia;o__Bacteroidales;f__Muribaculaceae;g__Lepagella;s__Lepagella sp905214735
10000,0.0011627906976744186,0.0035211267605633804,0.0011627906976744186,0.0006090133982947625,1.0,1.0,0.0,/group/ctbrowngrp5/sourmash-db.new/gtdb-rs226/gtdb-rs226-k51.dna.rocksdb,GCF_018917435.1 Intestinibacter bartlettii,06a1e298df7ab81906158273d3a2b850,0.0035211267605633804,10000,163,4500000,outputs.mapping/bams.cds.rand/ERR3211879.x.s__Gemmiger qucibialis.fastq.gz,ERR3211879.x.s__Gemmiger qucibialis,cb7e446f,8600000,51,DNA,10000,860,True,0.8759126826295399,0.8951497996982114,0.8855312411638756,0.8951497996982114,True,1,1066,1642,d__Bacteria;p__Bacillota;c__Clostridia;o__Peptostreptococcales;f__Peptostreptococcaceae;g__Intestinibacter;s__Intestinibacter bartlettii_A
20000,0.002325581395348837,0.0038461538461538464,0.0011627906976744186,0.0006090133982947625,1.0,1.0,0.0,/group/ctbrowngrp5/sourmash-db.new/gtdb-rs226/gtdb-rs226-k51.dna.rocksdb,GCA_004556945.1 Clostridiales bacterium,28452a50d39427fd210f60f99e1f2e64,0.007692307692307693,10000,164,4490000,outputs.mapping/bams.cds.rand/ERR3211879.x.s__Gemmiger qucibialis.fastq.gz,ERR3211879.x.s__Gemmiger qucibialis,cb7e446f,8600000,51,DNA,10000,860,True,0.8878985844700187,0.9089712150027334,0.898434899736376,0.9089712150027334,True,1,1067,1642,d__Bacteria;p__Bacillota;c__Clostridia;o__Oscillospirales;f__Oscillospiraceae;g__Hominicoprocola;s__Hominicoprocola sp003522105
60000,0.0069767441860465115,0.00392156862745098,0.0011627906976744186,0.001218026796589525,2.0,2.0,0.0,/group/ctbrowngrp5/sourmash-db.new/gtdb-rs226/gtdb-rs226-k51.dna.rocksdb,GCF_040234585.1 Faecalibacterium prausnitzii,18f55900ce4a65806c3ea08a909f3448,0.023529411764705882,10000,165,4480000,outputs.mapping/bams.cds.rand/ERR3211879.x.s__Gemmiger qucibialis.fastq.gz,ERR3211879.x.s__Gemmiger qucibialis,cb7e446f,8600000,51,DNA,10000,860,True,0.9072326727100967,0.9291178533590388,0.9181752630345678,0.9291178533590388,True,2,1069,1642,d__Bacteria;p__Bacillota;c__Clostridia;o__Oscillospirales;f__Ruminococcaceae;g__Faecalibacterium;s__Faecalibacterium taiwanense
30000,0.0034883720930232558,0.0022675736961451248,0.0011627906976744186,0.0006090133982947625,1.0,1.0,0.0,/group/ctbrowngrp5/sourmash-db.new/gtdb-rs226/gtdb-rs226-k51.dna.rocksdb,GCA_900086605.1 Ruminococcus sp. Marseille-P328,ae5b95370e6a10dbc1602a4dec1b0b22,0.006802721088435374,10000,166,4470000,outputs.mapping/bams.cds.rand/ERR3211879.x.s__Gemmiger qucibialis.fastq.gz,ERR3211879.x.s__Gemmiger qucibialis,cb7e446f,8600000,51,DNA,10000,860,True,0.8949857765535171,0.906783442890104,0.9008846097218106,0.906783442890104,True,1,1070,1642,d__Bacteria;p__Bacillota;c__Clostridia;o__Lachnospirales;f__Lachnospiraceae;g__Blautia_A;s__Blautia_A faecis
10000,0.0011627906976744186,0.005494505494505495,0.0011627906976744186,0.0006090133982947625,1.0,1.0,0.0,/group/ctbrowngrp5/sourmash-db.new/gtdb-rs226/gtdb-rs226-k51.dna.rocksdb,GCA_902491315.1 uncultured Oscillospiraceae bacterium,3aab6bac82f2b1554ab9cee406045954,0.005494505494505495,10000,167,4460000,outputs.mapping/bams.cds.rand/ERR3211879.x.s__Gemmiger qucibialis.fastq.gz,ERR3211879.x.s__Gemmiger qucibialis,cb7e446f,8600000,51,DNA,10000,860,True,0.8759126826295399,0.9029940210398251,0.8894533518346825,0.9029940210398251,True,1,1071,1642,d__Bacteria;p__Bacillota;c__Clostridia;o__Oscillospirales;f__Oscillospiraceae;g__Vescimonas;s__Vescimonas sp934623575
10000,0.0011627906976744186,0.00510204081632653,0.0011627906976744186,0.0006090133982947625,1.0,1.0,0.0,/group/ctbrowngrp5/sourmash-db.new/gtdb-rs226/gtdb-rs226-k51.dna.rocksdb,GCA_034174505.1 Paludibacteraceae bacterium,11bc8548da4fe69a25c860aaad1e8c65,0.00510204081632653,10000,168,4450000,outputs.mapping/bams.cds.rand/ERR3211879.x.s__Gemmiger qucibialis.fastq.gz,ERR3211879.x.s__Gemmiger qucibialis,cb7e446f,8600000,51,DNA,10000,860,True,0.8759126826295399,0.9016828355623467,0.8887977590959433,0.9016828355623467,True,1,1072,1642,d__Bacteria;p__Bacteroidota;c__Bacteroidia;o__Bacteroidales;f__Paludibacteraceae;g__Colicola;s__Colicola sp016302585
50000,0.005813953488372093,0.0032679738562091504,0.0011627906976744186,0.0006090133982947625,1.0,1.0,0.0,/group/ctbrowngrp5/sourmash-db.new/gtdb-rs226/gtdb-rs226-k51.dna.rocksdb,GCF_024461635.1 Agathobacter rectalis,44ce8d58f5071470e36d07a3fe8d67eb,0.016339869281045753,10000,169,4440000,outputs.mapping/bams.cds.rand/ERR3211879.x.s__Gemmiger qucibialis.fastq.gz,ERR3211879.x.s__Gemmiger qucibialis,cb7e446f,8600000,51,DNA,10000,860,True,0.903995167535116,0.9224984781823429,0.9132468228587294,0.9224984781823429,True,1,1073,1642,d__Bacteria;p__Bacillota;c__Clostridia;o__Lachnospirales;f__Lachnospiraceae;g__Agathobacter;s__Agathobacter rectalis
20000,0.002325581395348837,0.005076142131979695,0.0011627906976744186,0.008526187576126675,14.0,14.0,0.0,/group/ctbrowngrp5/sourmash-db.new/gtdb-rs226/gtdb-rs226-k51.dna.rocksdb,GCA_902474005.1 uncultured Eubacteriales bacterium,0bcebb2d281460a47ef9dcff973bbdd0,0.01015228426395939,10000,170,4430000,outputs.mapping/bams.cds.rand/ERR3211879.x.s__Gemmiger qucibialis.fastq.gz,ERR3211879.x.s__Gemmiger qucibialis,cb7e446f,8600000,51,DNA,10000,860,True,0.8878985844700187,0.9139301719160373,0.900914378193028,0.9139301719160373,True,14,1087,1642,d__Bacteria;p__Bacillota;c__Clostridia;o__Oscillospirales;f__Oscillospiraceae;g__F23-B02;s__F23-B02 sp002472405
20000,0.002325581395348837,0.0026666666666666666,0.0011627906976744186,0.0006090133982947625,1.0,1.0,0.0,/group/ctbrowngrp5/sourmash-db.new/gtdb-rs226/gtdb-rs226-k51.dna.rocksdb,GCF_018128085.1 Prevotella jejuni,88a09f47bd67924aeac45c6ce5455a9c,0.005333333333333333,10000,171,4420000,outputs.mapping/bams.cds.rand/ERR3211879.x.s__Gemmiger qucibialis.fastq.gz,ERR3211879.x.s__Gemmiger qucibialis,cb7e446f,8600000,51,DNA,10000,860,True,0.8878985844700187,0.9024670360307087,0.8951828102503636,0.9024670360307087,True,1,1088,1642,d__Bacteria;p__Bacteroidota;c__Bacteroidia;o__Bacteroidales;f__Bacteroidaceae;g__Prevotella;s__Prevotella jejuni
10000,0.0011627906976744186,0.008695652173913044,0.0011627906976744186,0.0006090133982947625,1.0,1.0,0.0,/group/ctbrowngrp5/sourmash-db.new/gtdb-rs226/gtdb-rs226-k51.dna.rocksdb,GCA_945867445.1 uncultured Clostridia bacterium,181f1795468125ec65cfcf6c34cf2de7,0.008695652173913044,10000,172,4410000,outputs.mapping/bams.cds.rand/ERR3211879.x.s__Gemmiger qucibialis.fastq.gz,ERR3211879.x.s__Gemmiger qucibialis,cb7e446f,8600000,51,DNA,10000,860,True,0.8759126826295399,0.9111589805028507,0.8935358315661953,0.9111589805028507,True,1,1089,1642,d__Bacteria;p__Bacillota;c__Clostridia;o__Oscillospirales;f__Oscillospiraceae;g__Oscillibacter;s__Oscillibacter sp945867445
10000,0.0011627906976744186,0.0043859649122807015,0.0011627906976744186,0.0006090133982947625,1.0,1.0,0.0,/group/ctbrowngrp5/sourmash-db.new/gtdb-rs226/gtdb-rs226-k51.dna.rocksdb,GCA_945864905.1 uncultured Clostridia bacterium,3429c0729a386237fa4dc7f23f4dc3a2,0.0043859649122807015,10000,173,4400000,outputs.mapping/bams.cds.rand/ERR3211879.x.s__Gemmiger qucibialis.fastq.gz,ERR3211879.x.s__Gemmiger qucibialis,cb7e446f,8600000,51,DNA,10000,860,True,0.8759126826295399,0.8990130239792933,0.8874628533044167,0.8990130239792933,True,1,1090,1642,d__Bacteria;p__Bacillota;c__Clostridia;o__Oscillospirales;f__Oscillospiraceae;g__CAG-170;s__CAG-170 sp000436735
10000,0.0011627906976744186,0.0038461538461538464,0.0011627906976744186,0.0006090133982947625,1.0,1.0,0.0,/group/ctbrowngrp5/sourmash-db.new/gtdb-rs226/gtdb-rs226-k51.dna.rocksdb,GCF_028721365.1 Flintibacter sp.,643f8e355c6e1fd2bfdb688d886c078c,0.0038461538461538464,10000,174,4390000,outputs.mapping/bams.cds.rand/ERR3211879.x.s__Gemmiger qucibialis.fastq.gz,ERR3211879.x.s__Gemmiger qucibialis,cb7e446f,8600000,51,DNA,10000,860,True,0.8759126826295399,0.896700849952713,0.8863067662911265,0.896700849952713,True,1,1091,1642,d__Bacteria;p__Bacillota;c__Clostridia;o__Oscillospirales;f__Oscillospiraceae;g__Lawsonibacter;s__Lawsonibacter sp000177015
30000,0.0034883720930232558,0.00390625,0.0011627906976744186,0.0006090133982947625,1.0,1.0,0.0,/group/ctbrowngrp5/sourmash-db.new/gtdb-rs226/gtdb-rs226-k51.dna.rocksdb,GCA_958422685.1 uncultured Subdoligranulum sp.,e4d0ecdc437dc3ac1e15596fce20b583,0.01171875,10000,175,4380000,outputs.mapping/bams.cds.rand/ERR3211879.x.s__Gemmiger qucibialis.fastq.gz,ERR3211879.x.s__Gemmiger qucibialis,cb7e446f,8600000,51,DNA,10000,860,True,0.8949857765535171,0.9165051870634132,0.9057454818084651,0.9165051870634132,True,1,1092,1642,d__Bacteria;p__Bacillota;c__Clostridia;o__Oscillospirales;f__Ruminococcaceae;g__Gemmiger;s__Gemmiger sp900539695
10000,0.0011627906976744186,0.004739336492890996,0.0011627906976744186,0.0006090133982947625,1.0,1.0,0.0,/group/ctbrowngrp5/sourmash-db.new/gtdb-rs226/gtdb-rs226-k51.dna.rocksdb,GCA_034114425.1 Faecousia sp.,b90b6a2114905dad04cf476d19d9b717,0.004739336492890996,10000,176,4370000,outputs.mapping/bams.cds.rand/ERR3211879.x.s__Gemmiger qucibialis.fastq.gz,ERR3211879.x.s__Gemmiger qucibialis,cb7e446f,8600000,51,DNA,10000,860,True,0.8759126826295399,0.900379988990409,0.8881463358099745,0.900379988990409,True,1,1093,1642,d__Bacteria;p__Bacillota;c__Clostridia;o__Oscillospirales;f__Oscillospiraceae;g__Faecousia;s__Faecousia sp022772525
10000,0.0011627906976744186,0.0038022813688212928,0.0011627906976744186,0.0006090133982947625,1.0,1.0,0.0,/group/ctbrowngrp5/sourmash-db.new/gtdb-rs226/gtdb-rs226-k51.dna.rocksdb,GCF_900115655.1 Ruminobacter amylophilus,c7d2052ba0271f224bfd5e8b25676757,0.0038022813688212928,10000,177,4360000,outputs.mapping/bams.cds.rand/ERR3211879.x.s__Gemmiger qucibialis.fastq.gz,ERR3211879.x.s__Gemmiger qucibialis,cb7e446f,8600000,51,DNA,10000,860,True,0.8759126826295399,0.896499160640959,0.8862059216352495,0.896499160640959,True,1,1094,1642,d__Bacteria;p__Pseudomonadota;c__Gammaproteobacteria;o__Enterobacterales;f__Succinivibrionaceae;g__Ruminobacter;s__Ruminobacter amylophilus
10000,0.0011627906976744186,0.003676470588235294,0.0011627906976744186,0.0006090133982947625,1.0,1.0,0.0,/group/ctbrowngrp5/sourmash-db.new/gtdb-rs226/gtdb-rs226-k51.dna.rocksdb,GCA_022484065.1 Prevotella sp.,2cb90c430288b94030488c5a5f3b8d8f,0.003676470588235294,10000,178,4350000,outputs.mapping/bams.cds.rand/ERR3211879.x.s__Gemmiger qucibialis.fastq.gz,ERR3211879.x.s__Gemmiger qucibialis,cb7e446f,8600000,51,DNA,10000,860,True,0.8759126826295399,0.8959078766119833,0.8859102796207616,0.8959078766119833,True,1,1095,1642,d__Bacteria;p__Bacteroidota;c__Bacteroidia;o__Bacteroidales;f__Bacteroidaceae;g__Prevotella;s__Prevotella sp002409785
10000,0.0011627906976744186,0.004739336492890996,0.0011627906976744186,0.001218026796589525,2.0,2.0,0.0,/group/ctbrowngrp5/sourmash-db.new/gtdb-rs226/gtdb-rs226-k51.dna.rocksdb,GCA_004554855.1 Clostridiales bacterium,05232abefd74e24aa9cec6ad99c19023,0.004739336492890996,10000,179,4340000,outputs.mapping/bams.cds.rand/ERR3211879.x.s__Gemmiger qucibialis.fastq.gz,ERR3211879.x.s__Gemmiger qucibialis,cb7e446f,8600000,51,DNA,10000,860,True,0.8759126826295399,0.900379988990409,0.8881463358099745,0.900379988990409,True,2,1097,1642,d__Bacteria;p__Bacillota;c__Clostridia;o__Oscillospirales;f__CAG-382;g__UMGS1052;s__UMGS1052 sp900548115
10000,0.0011627906976744186,0.0044444444444444444,0.0011627906976744186,0.001218026796589525,2.0,2.0,0.0,/group/ctbrowngrp5/sourmash-db.new/gtdb-rs226/gtdb-rs226-k51.dna.rocksdb,GCA_937989685.1 uncultured Prevotella sp.,a8e9194f48c1a5fd8ef1add8fae6b79c,0.0044444444444444444,10000,180,4330000,outputs.mapping/bams.cds.rand/ERR3211879.x.s__Gemmiger qucibialis.fastq.gz,ERR3211879.x.s__Gemmiger qucibialis,cb7e446f,8600000,51,DNA,10000,860,True,0.8759126826295399,0.8992465372686094,0.8875796099490747,0.8992465372686094,True,2,1099,1642,d__Bacteria;p__Bacteroidota;c__Bacteroidia;o__Bacteroidales;f__Bacteroidaceae;g__Prevotella;s__Prevotella sp900771975
10000,0.0011627906976744186,0.0047169811320754715,0.0011627906976744186,0.0006090133982947625,1.0,1.0,0.0,/group/ctbrowngrp5/sourmash-db.new/gtdb-rs226/gtdb-rs226-k51.dna.rocksdb,GCA_022779345.1 Oscillospiraceae bacterium,8cd216cb75e7a2c82c6e8f359b18a07b,0.0047169811320754715,10000,181,4320000,outputs.mapping/bams.cds.rand/ERR3211879.x.s__Gemmiger qucibialis.fastq.gz,ERR3211879.x.s__Gemmiger qucibialis,cb7e446f,8600000,51,DNA,10000,860,True,0.8759126826295399,0.9002965198455473,0.8881046012375435,0.9002965198455473,True,1,1100,1642,d__Bacteria;p__Bacillota;c__Clostridia;o__Oscillospirales;f__Oscillospiraceae;g__HGM13010;s__HGM13010 sp022779345
20000,0.002325581395348837,0.003937007874015748,0.0011627906976744186,0.0006090133982947625,1.0,1.0,0.0,/group/ctbrowngrp5/sourmash-db.new/gtdb-rs226/gtdb-rs226-k51.dna.rocksdb,GCA_022009895.1 Clostridiales bacterium,ec0422bdd27f74f65c760f99d93f8d57,0.007874015748031496,10000,182,4310000,outputs.mapping/bams.cds.rand/ERR3211879.x.s__Gemmiger qucibialis.fastq.gz,ERR3211879.x.s__Gemmiger qucibialis,cb7e446f,8600000,51,DNA,10000,860,True,0.8878985844700187,0.9093874295165494,0.898643006993284,0.9093874295165494,True,1,1101,1642,d__Bacteria;p__Bacillota;c__Clostridia;o__UMGS1810;f__UMGS1810;g__Qingrenia;s__Qingrenia sp022009895
10000,0.0011627906976744186,0.0036900369003690036,0.0011627906976744186,0.001218026796589525,2.0,2.0,0.0,/group/ctbrowngrp5/sourmash-db.new/gtdb-rs226/gtdb-rs226-k51.dna.rocksdb,GCF_029010675.1 Hallerella succinigenes,2c5fcc3ab05d2d99140a878010a14124,0.0036900369003690036,10000,183,4300000,outputs.mapping/bams.cds.rand/ERR3211879.x.s__Gemmiger qucibialis.fastq.gz,ERR3211879.x.s__Gemmiger qucibialis,cb7e446f,8600000,51,DNA,10000,860,True,0.8759126826295399,0.8959725818618104,0.8859426322456752,0.8959725818618104,True,2,1103,1642,d__Bacteria;p__Fibrobacterota;c__Fibrobacteria;o__Fibrobacterales;f__Fibrobacteraceae;g__Hallerella;s__Hallerella succinigenes
30000,0.0034883720930232558,0.004608294930875576,0.0011627906976744186,0.0006090133982947625,1.0,1.0,0.0,/group/ctbrowngrp5/sourmash-db.new/gtdb-rs226/gtdb-rs226-k51.dna.rocksdb,GCA_021152245.1 Bacteroidia bacterium,f16be514215e5a17fe8473c329a40ede,0.013824884792626729,10000,184,4290000,outputs.mapping/bams.cds.rand/ERR3211879.x.s__Gemmiger qucibialis.fastq.gz,ERR3211879.x.s__Gemmiger qucibialis,cb7e446f,8600000,51,DNA,10000,860,True,0.8949857765535171,0.9194802024217343,0.9072329894876257,0.9194802024217343,True,1,1104,1642,d__Bacteria;p__Bacteroidota;c__Bacteroidia;o__Bacteroidales;f__UBA932;g__Cryptobacteroides;s__Cryptobacteroides sp900769905
90000,0.010465116279069767,0.0017482517482517483,0.0011627906976744186,0.0006090133982947625,1.0,1.0,0.0,/group/ctbrowngrp5/sourmash-db.new/gtdb-rs226/gtdb-rs226-k51.dna.rocksdb,GCF_000371545.1 [Clostridium] clostridioforme 90A6,b360ac44cb0bacf1a9cb01b1903c7c7c,0.015734265734265736,10000,185,4280000,outputs.mapping/bams.cds.rand/ERR3211879.x.s__Gemmiger qucibialis.fastq.gz,ERR3211879.x.s__Gemmiger qucibialis,cb7e446f,8600000,51,DNA,10000,860,True,0.9144741891719794,0.9218155897478769,0.9181448894599282,0.9218155897478769,False,1,1105,1642,d__Bacteria;p__Bacillota;c__Clostridia;o__Lachnospirales;f__Lachnospiraceae;g__Enterocloster;s__Enterocloster clostridioformis
50000,0.005813953488372093,0.005494505494505495,0.0011627906976744186,0.0006090133982947625,1.0,1.0,0.0,/group/ctbrowngrp5/sourmash-db.new/gtdb-rs226/gtdb-rs226-k51.dna.rocksdb,GCA_945874525.1 uncultured Clostridia bacterium,6bbfea13319b95945e60999a55e8173d,0.027472527472527472,10000,186,4270000,outputs.mapping/bams.cds.rand/ERR3211879.x.s__Gemmiger qucibialis.fastq.gz,ERR3211879.x.s__Gemmiger qucibialis,cb7e446f,8600000,51,DNA,10000,860,True,0.903995167535116,0.9319447560486495,0.9179699617918827,0.9319447560486495,True,1,1106,1642,d__Bacteria;p__Bacillota;c__Clostridia;o__Oscillospirales;f__Ruminococcaceae;g__SFJ001;s__SFJ001 sp004555865
10000,0.0011627906976744186,0.006711409395973154,0.0011627906976744186,0.0006090133982947625,1.0,1.0,0.0,/group/ctbrowngrp5/sourmash-db.new/gtdb-rs226/gtdb-rs226-k51.dna.rocksdb,GCA_934597555.1 uncultured Dysosmobacter sp.,6a65430dcdc69c13d2f305a49c3e671d,0.006711409395973154,10000,187,4260000,outputs.mapping/bams.cds.rand/ERR3211879.x.s__Gemmiger qucibialis.fastq.gz,ERR3211879.x.s__Gemmiger qucibialis,cb7e446f,8600000,51,DNA,10000,860,True,0.8759126826295399,0.9065431998816279,0.8912279412555839,0.9065431998816279,True,1,1107,1642,d__Bacteria;p__Bacillota;c__Clostridia;o__Oscillospirales;f__Oscillospiraceae;g__Oscillibacter;s__Oscillibacter sp900550685
30000,0.0034883720930232558,0.0030581039755351682,0.0011627906976744186,0.0006090133982947625,1.0,1.0,0.0,/group/ctbrowngrp5/sourmash-db.new/gtdb-rs226/gtdb-rs226-k51.dna.rocksdb,GCA_027693305.1 Lachnospiraceae bacterium OF27-10pH9A,8b3d116bae137cff92bd80ecd04c24cd,0.009174311926605505,10000,188,4250000,outputs.mapping/bams.cds.rand/ERR3211879.x.s__Gemmiger qucibialis.fastq.gz,ERR3211879.x.s__Gemmiger qucibialis,cb7e446f,8600000,51,DNA,10000,860,True,0.8949857765535171,0.9121168123642995,0.9035512944589084,0.9121168123642995,True,1,1108,1642,d__Bacteria;p__Bacillota;c__Clostridia;o__Lachnospirales;f__Lachnospiraceae;g__Agathobacter;s__Agathobacter sp900543445
10000,0.0011627906976744186,0.004901960784313725,0.0011627906976744186,0.0006090133982947625,1.0,1.0,0.0,/group/ctbrowngrp5/sourmash-db.new/gtdb-rs226/gtdb-rs226-k51.dna.rocksdb,GCA_036549815.1 Oscillospiraceae bacterium,872296e98ff7f162c3daa5efd8b52391,0.004901960784313725,10000,189,4240000,outputs.mapping/bams.cds.rand/ERR3211879.x.s__Gemmiger qucibialis.fastq.gz,ERR3211879.x.s__Gemmiger qucibialis,cb7e446f,8600000,51,DNA,10000,860,True,0.8759126826295399,0.9009758163577729,0.8884442494936564,0.9009758163577729,True,1,1109,1642,d__Bacteria;p__Bacillota;c__Clostridia;o__Oscillospirales;f__Oscillospiraceae;g__Hominicoprocola;s__Hominicoprocola sp003522105
30000,0.0034883720930232558,0.004464285714285714,0.0011627906976744186,0.0006090133982947625,1.0,1.0,0.0,/group/ctbrowngrp5/sourmash-db.new/gtdb-rs226/gtdb-rs226-k51.dna.rocksdb,GCA_029227515.1 Gemmiger formicilis,7418b7612e760bd6f9772611f9a40838,0.013392857142857142,10000,190,4230000,outputs.mapping/bams.cds.rand/ERR3211879.x.s__Gemmiger qucibialis.fastq.gz,ERR3211879.x.s__Gemmiger qucibialis,cb7e446f,8600000,51,DNA,10000,860,True,0.8949857765535171,0.9189079825199316,0.9069468795367244,0.9189079825199316,True,1,1110,1642,d__Bacteria;p__Bacillota;c__Clostridia;o__Oscillospirales;f__Ruminococcaceae;g__Gemmiger;s__Gemmiger formicilis
10000,0.0011627906976744186,0.007518796992481203,0.0011627906976744186,0.0006090133982947625,1.0,1.0,0.0,/group/ctbrowngrp5/sourmash-db.new/gtdb-rs226/gtdb-rs226-k51.dna.rocksdb,GCA_945946615.1 uncultured Faecalibacterium sp.,5018e92009b16ab52f99398ec449273b,0.007518796992481203,10000,191,4220000,outputs.mapping/bams.cds.rand/ERR3211879.x.s__Gemmiger qucibialis.fastq.gz,ERR3211879.x.s__Gemmiger qucibialis,cb7e446f,8600000,51,DNA,10000,860,True,0.8759126826295399,0.9085646807370644,0.8922386816833021,0.9085646807370644,True,1,1111,1642,d__Bacteria;p__Bacillota;c__Clostridia;o__Christensenellales;f__CAG-917;g__CAG-1138;s__CAG-1138 sp000434675
10000,0.0011627906976744186,0.004524886877828055,0.0011627906976744186,0.001218026796589525,2.0,2.0,0.0,/group/ctbrowngrp5/sourmash-db.new/gtdb-rs226/gtdb-rs226-k51.dna.rocksdb,GCA_902789575.1 Oscillospiraceae bacterium,a1f1aad1a7dce8077909666ebea72d2f,0.004524886877828055,10000,192,4210000,outputs.mapping/bams.cds.rand/ERR3211879.x.s__Gemmiger qucibialis.fastq.gz,ERR3211879.x.s__Gemmiger qucibialis,cb7e446f,8600000,51,DNA,10000,860,True,0.8759126826295399,0.8995628755480881,0.887737779088814,0.8995628755480881,True,2,1113,1642,d__Bacteria;p__Bacillota;c__Clostridia;o__Oscillospirales;f__Oscillospiraceae;g__Limivicinus;s__Limivicinus sp902802215
10000,0.0011627906976744186,0.00558659217877095,0.0011627906976744186,0.0006090133982947625,1.0,1.0,0.0,/group/ctbrowngrp5/sourmash-db.new/gtdb-rs226/gtdb-rs226-k51.dna.rocksdb,GCA_945948935.1 uncultured Clostridia bacterium,c1d4862246c84ac8eff7072b5a4b161b,0.00558659217877095,10000,193,4200000,outputs.mapping/bams.cds.rand/ERR3211879.x.s__Gemmiger qucibialis.fastq.gz,ERR3211879.x.s__Gemmiger qucibialis,cb7e446f,8600000,51,DNA,10000,860,True,0.8759126826295399,0.9032883544180165,0.8896005185237782,0.9032883544180165,True,1,1114,1642,d__Bacteria;p__Bacillota;c__Clostridia;o__Oscillospirales;f__Oscillospiraceae;g__F23-B02;s__F23-B02 sp000431075
10000,0.0011627906976744186,0.0019157088122605363,0.0011627906976744186,0.0006090133982947625,1.0,1.0,0.0,/group/ctbrowngrp5/sourmash-db.new/gtdb-rs226/gtdb-rs226-k51.dna.rocksdb,GCA_016709845.1 Flammeovirgaceae bacterium,413cae90e0465009c67d61df9e9d3eab,0.0019157088122605363,10000,194,4190000,outputs.mapping/bams.cds.rand/ERR3211879.x.s__Gemmiger qucibialis.fastq.gz,ERR3211879.x.s__Gemmiger qucibialis,cb7e446f,8600000,51,DNA,10000,860,True,0.8759126826295399,0.8845295436018308,0.8802211131156854,0.8845295436018308,True,1,1115,1642,d__Bacteria;p__Bacteroidota;c__Bacteroidia;o__Cytophagales;f__Cyclobacteriaceae;g__ELB16-189;s__ELB16-189 sp016709845
10000,0.0011627906976744186,0.008,0.0011627906976744186,0.0048721071863581,8.0,8.0,0.0,/group/ctbrowngrp5/sourmash-db.new/gtdb-rs226/gtdb-rs226-k51.dna.rocksdb,GCA_022772105.1 Erysipelotrichaceae bacterium,53034fff1ef889771f43af366dd8f339,0.008,10000,195,4180000,outputs.mapping/bams.cds.rand/ERR3211879.x.s__Gemmiger qucibialis.fastq.gz,ERR3211879.x.s__Gemmiger qucibialis,cb7e446f,8600000,51,DNA,10000,860,True,0.8759126826295399,0.9096705132580012,0.8927915979437706,0.9096705132580012,True,8,1123,1642,d__Bacteria;p__Bacillota;c__Bacilli;o__RFN20;f__CAG-449;g__UBA3210;s__UBA3210 sp022772105
10000,0.0011627906976744186,0.0043859649122807015,0.0011627906976744186,0.0006090133982947625,1.0,1.0,0.0,/group/ctbrowngrp5/sourmash-db.new/gtdb-rs226/gtdb-rs226-k51.dna.rocksdb,GCA_963648635.1 Ruminococcus intestinalis,f5ff671b37960a8c0968508a01eb913b,0.0043859649122807015,10000,196,4170000,outputs.mapping/bams.cds.rand/ERR3211879.x.s__Gemmiger qucibialis.fastq.gz,ERR3211879.x.s__Gemmiger qucibialis,cb7e446f,8600000,51,DNA,10000,860,True,0.8759126826295399,0.8990130239792933,0.8874628533044167,0.8990130239792933,True,1,1124,1642,d__Bacteria;p__Spirochaetota;c__Spirochaetia;o__Sphaerochaetales;f__Sphaerochaetaceae;g__Ornithospirochaeta;s__Ornithospirochaeta sp963648635
10000,0.0011627906976744186,0.007936507936507936,0.0011627906976744186,0.0006090133982947625,1.0,1.0,0.0,/group/ctbrowngrp5/sourmash-db.new/gtdb-rs226/gtdb-rs226-k51.dna.rocksdb,GCA_934148995.1 uncultured Bacilli bacterium,e180cea86d895b54bf0b9cc0737d48fe,0.007936507936507936,10000,197,4160000,outputs.mapping/bams.cds.rand/ERR3211879.x.s__Gemmiger qucibialis.fastq.gz,ERR3211879.x.s__Gemmiger qucibialis,cb7e446f,8600000,51,DNA,10000,860,True,0.8759126826295399,0.9095283986940155,0.8927205406617778,0.9095283986940155,True,1,1125,1642,d__Bacteria;p__Bacillota;c__Bacilli;o__RF39;f__UBA660;g__Onthousia;s__Onthousia sp934148995
70000,0.00813953488372093,0.00390625,0.0011627906976744186,0.0006090133982947625,1.0,1.0,0.0,/group/ctbrowngrp5/sourmash-db.new/gtdb-rs226/gtdb-rs226-k51.dna.rocksdb,GCA_945877535.1 uncultured Subdoligranulum sp.,c4466a480b1325c4a684403b6eb17737,0.02734375,10000,198,4150000,outputs.mapping/bams.cds.rand/ERR3211879.x.s__Gemmiger qucibialis.fastq.gz,ERR3211879.x.s__Gemmiger qucibialis,cb7e446f,8600000,51,DNA,10000,860,True,0.909978988393273,0.9318589019289087,0.9209189451610909,0.9318589019289087,False,1,1126,1642,d__Bacteria;p__Bacillota;c__Clostridia;o__Oscillospirales;f__Ruminococcaceae;g__Gemmiger;s__Gemmiger formicilis
20000,0.002325581395348837,0.003401360544217687,0.0011627906976744186,0.001218026796589525,2.0,2.0,0.0,/group/ctbrowngrp5/sourmash-db.new/gtdb-rs226/gtdb-rs226-k51.dna.rocksdb,GCF_905204425.1 uncultured Prevotella sp.,e5129119fb25144acc9a711a923978a1,0.006802721088435374,10000,199,4140000,outputs.mapping/bams.cds.rand/ERR3211879.x.s__Gemmiger qucibialis.fastq.gz,ERR3211879.x.s__Gemmiger qucibialis,cb7e446f,8600000,51,DNA,10000,860,True,0.8878985844700187,0.906783442890104,0.8973410136800614,0.906783442890104,True,2,1128,1642,d__Bacteria;p__Bacteroidota;c__Bacteroidia;o__Bacteroidales;f__Bacteroidaceae;g__Prevotella;s__Prevotella pectinovora
10000,0.0011627906976744186,0.0028011204481792717,0.0011627906976744186,0.0006090133982947625,1.0,1.0,0.0,/group/ctbrowngrp5/sourmash-db.new/gtdb-rs226/gtdb-rs226-k51.dna.rocksdb,GCA_963588725.1 Phocaeicola massiliensis,a3befcbc71e2c3c70dcb6612b269c2ae,0.0028011204481792717,10000,200,4130000,outputs.mapping/bams.cds.rand/ERR3211879.x.s__Gemmiger qucibialis.fastq.gz,ERR3211879.x.s__Gemmiger qucibialis,cb7e446f,8600000,51,DNA,10000,860,True,0.8759126826295399,0.8911435786643924,0.8835281306469662,0.8911435786643924,True,1,1129,1642,d__Bacteria;p__Bacteroidota;c__Bacteroidia;o__Bacteroidales;f__Bacteroidaceae;g__Phocaeicola;s__Phocaeicola sp905198575
10000,0.0011627906976744186,0.003067484662576687,0.0011627906976744186,0.0006090133982947625,1.0,1.0,0.0,/group/ctbrowngrp5/sourmash-db.new/gtdb-rs226/gtdb-rs226-k51.dna.rocksdb,GCA_945828085.1 uncultured Prevotella sp.,eef5a9fe05d3a2abe625d30618f1831c,0.003067484662576687,10000,201,4120000,outputs.mapping/bams.cds.rand/ERR3211879.x.s__Gemmiger qucibialis.fastq.gz,ERR3211879.x.s__Gemmiger qucibialis,cb7e446f,8600000,51,DNA,10000,860,True,0.8759126826295399,0.8927322490946742,0.884322465862107,0.8927322490946742,True,1,1130,1642,d__Bacteria;p__Bacteroidota;c__Bacteroidia;o__Bacteroidales;f__Bacteroidaceae;g__Prevotella;s__Prevotella sp002251435
20000,0.002325581395348837,0.0040650406504065045,0.0011627906976744186,0.0006090133982947625,1.0,1.0,0.0,/group/ctbrowngrp5/sourmash-db.new/gtdb-rs226/gtdb-rs226-k51.dna.rocksdb,GCA_034104845.1 Faecousia sp.,c5f4e412987be8fd84e169a910538f11,0.008130081300813009,10000,202,4110000,outputs.mapping/bams.cds.rand/ERR3211879.x.s__Gemmiger qucibialis.fastq.gz,ERR3211879.x.s__Gemmiger qucibialis,cb7e446f,8600000,51,DNA,10000,860,True,0.8878985844700187,0.9099582533276309,0.8989284188988248,0.9099582533276309,True,1,1131,1642,d__Bacteria;p__Bacillota;c__Clostridia;o__Oscillospirales;f__Oscillospiraceae;g__Faecousia;s__Faecousia sp034104845
10000,0.0011627906976744186,0.010752688172043012,0.0011627906976744186,0.001218026796589525,2.0,2.0,0.0,/group/ctbrowngrp5/sourmash-db.new/gtdb-rs226/gtdb-rs226-k51.dna.rocksdb,GCA_963621425.1 bacterium,29062c934517b8cbd5ee6b7de79e672f,0.010752688172043012,10000,203,4100000,outputs.mapping/bams.cds.rand/ERR3211879.x.s__Gemmiger qucibialis.fastq.gz,ERR3211879.x.s__Gemmiger qucibialis,cb7e446f,8600000,51,DNA,10000,860,True,,,,,True,2,1133,1642,d__Bacteria;p__Bacillota;c__Clostridia;o__Christensenellales;f__UBA1242;g__CASFBJ01;s__CASFBJ01 sp963621425
60000,0.0069767441860465115,0.005405405405405406,0.0011627906976744186,0.001218026796589525,2.0,2.0,0.0,/group/ctbrowngrp5/sourmash-db.new/gtdb-rs226/gtdb-rs226-k51.dna.rocksdb,GCA_028720245.1 Oscillospiraceae bacterium,351751ea26263f363dcfadda63e2827a,0.032432432432432434,10000,204,4090000,outputs.mapping/bams.cds.rand/ERR3211879.x.s__Gemmiger qucibialis.fastq.gz,ERR3211879.x.s__Gemmiger qucibialis,cb7e446f,8600000,51,DNA,10000,860,True,0.9072326727100967,0.9349825812683754,0.921107626989236,0.9349825812683754,True,2,1135,1642,d__Bacteria;p__Bacillota;c__Clostridia;o__Oscillospirales;f__Ruminococcaceae;g__SFJ001;s__SFJ001 sp004555865
130000,0.015116279069767442,0.004629629629629629,0.0011627906976744186,0.0018270401948842874,3.0,3.0,0.0,/group/ctbrowngrp5/sourmash-db.new/gtdb-rs226/gtdb-rs226-k51.dna.rocksdb,GCA_021626365.1 Oscillospiraceae bacterium,1f31d8ed08946528f003b67b71aeae09,0.06018518518518518,10000,205,4080000,outputs.mapping/bams.cds.rand/ERR3211879.x.s__Gemmiger qucibialis.fastq.gz,ERR3211879.x.s__Gemmiger qucibialis,cb7e446f,8600000,51,DNA,10000,860,True,0.9210916413010404,0.9463862537696056,0.933738947535323,0.9463862537696056,False,3,1138,1642,d__Bacteria;p__Bacillota;c__Clostridia;o__Oscillospirales;f__Ruminococcaceae;g__Gemmiger;s__Gemmiger qucibialis
60000,0.0069767441860465115,0.0045662100456621,0.0011627906976744186,0.0006090133982947625,1.0,1.0,0.0,/group/ctbrowngrp5/sourmash-db.new/gtdb-rs226/gtdb-rs226-k51.dna.rocksdb,GCA_004561495.1 bacterium,7e73bac2c4458e396b98981ff1b42e79,0.0273972602739726,10000,206,4070000,outputs.mapping/bams.cds.rand/ERR3211879.x.s__Gemmiger qucibialis.fastq.gz,ERR3211879.x.s__Gemmiger qucibialis,cb7e446f,8600000,51,DNA,10000,860,True,0.9072326727100967,0.9318946245080175,0.919563648609057,0.9318946245080175,True,1,1139,1642,d__Bacteria;p__Bacillota;c__Clostridia;o__Oscillospirales;f__Ruminococcaceae;g__Gemmiger;s__Gemmiger variabilis_A
20000,0.002325581395348837,0.005128205128205128,0.0011627906976744186,0.0006090133982947625,1.0,1.0,0.0,/group/ctbrowngrp5/sourmash-db.new/gtdb-rs226/gtdb-rs226-k51.dna.rocksdb,GCA_900768185.1 Alphaproteobacteria bacterium,0b66a22bd431ad36b1fda3e9ea25367f,0.010256410256410256,10000,207,4060000,outputs.mapping/bams.cds.rand/ERR3211879.x.s__Gemmiger qucibialis.fastq.gz,ERR3211879.x.s__Gemmiger qucibialis,cb7e446f,8600000,51,DNA,10000,860,True,0.8878985844700187,0.9141130509755474,0.9010058177227831,0.9141130509755474,True,1,1140,1642,d__Bacteria;p__Pseudomonadota;c__Alphaproteobacteria;o__RF32;f__CAG-977;g__UBA11549;s__UBA11549 sp900768185
170000,0.019767441860465116,0.003389830508474576,0.0011627906976744186,0.0006090133982947625,1.0,1.0,0.0,/group/ctbrowngrp5/sourmash-db.new/gtdb-rs226/gtdb-rs226-k51.dna.rocksdb,GCA_036750075.1 Oscillospiraceae bacterium,fbb974cd9f48c232a898d6cb2226f9ef,0.0576271186440678,10000,208,4050000,outputs.mapping/bams.cds.rand/ERR3211879.x.s__Gemmiger qucibialis.fastq.gz,ERR3211879.x.s__Gemmiger qucibialis,cb7e446f,8600000,51,DNA,10000,860,True,0.9259494202826566,0.9455806290551365,0.9357650246688966,0.9455806290551365,False,1,1141,1642,d__Bacteria;p__Bacillota;c__Clostridia;o__Oscillospirales;f__Ruminococcaceae;g__Gemmiger;s__Gemmiger qucibialis
80000,0.009302325581395349,0.005263157894736842,0.0011627906976744186,0.0006090133982947625,1.0,1.0,0.0,/group/ctbrowngrp5/sourmash-db.new/gtdb-rs226/gtdb-rs226-k51.dna.rocksdb,GCA_946055545.1 uncultured bacterium,45ec3272b6f7be4f3af981ba8953beb0,0.042105263157894736,10000,209,4040000,outputs.mapping/bams.cds.rand/ERR3211879.x.s__Gemmiger qucibialis.fastq.gz,ERR3211879.x.s__Gemmiger qucibialis,cb7e446f,8600000,51,DNA,10000,860,True,0.9123646741588324,0.9397800115419437,0.9260723428503881,0.9397800115419437,False,1,1142,1642,d__Bacteria;p__Bacillota;c__Clostridia;o__Oscillospirales;f__Ruminococcaceae;g__Gemmiger;s__Gemmiger sp004561545
20000,0.002325581395348837,0.004608294930875576,0.0011627906976744186,0.0006090133982947625,1.0,1.0,0.0,/group/ctbrowngrp5/sourmash-db.new/gtdb-rs226/gtdb-rs226-k51.dna.rocksdb,GCA_004554205.1 Clostridium sp.,d31851c6db6bcdf309820236292290c2,0.009216589861751152,10000,210,4030000,outputs.mapping/bams.cds.rand/ERR3211879.x.s__Gemmiger qucibialis.fastq.gz,ERR3211879.x.s__Gemmiger qucibialis,cb7e446f,8600000,51,DNA,10000,860,True,0.8878985844700187,0.9121990444611786,0.9000488144655987,0.9121990444611786,True,1,1143,1642,d__Bacteria;p__Bacillota;c__Clostridia;o__Lachnospirales;f__Lachnospiraceae;g__Brotaphodocola;s__Brotaphodocola sp004554205
