intersect_bp,f_orig_query,f_match,f_unique_to_query,f_unique_weighted,average_abund,median_abund,std_abund,filename,name,md5,f_match_orig,unique_intersect_bp,gather_result_rank,remaining_bp,query_filename,query_name,query_md5,query_bp,ksize,moltype,scaled,query_n_hashes,query_abundance,query_containment_ani,match_containment_ani,average_containment_ani,max_containment_ani,potential_false_negative,n_unique_weighted_found,sum_weighted_found,total_weighted_hashes,lineage
110000,0.01839464882943144,0.03806228373702422,0.01839464882943144,0.0896,35.63636363636363,7.0,62.16001744365136,/group/ctbrowngrp5/sourmash-db.new/gtdb-rs226/gtdb-rs226-k51.dna.rocksdb,GCA_027664705.1 Agathobaculum butyriciproducens,ca3c9491fbeaa53ee9ea92e584f1c203,0.03806228373702422,110000,0,5870000,outputs.mapping/bams.cds.rand/ERR8314733.x.s__Fimisoma sp002320005.fastq.gz,ERR8314733.x.s__Fimisoma sp002320005,18f2ccb2,5980000,51,DNA,10000,598,True,0.9246435471052215,0.9379216602877024,0.9312826036964619,0.9379216602877024,False,392,392,4375,d__Bacteria;p__Bacillota;c__Clostridia;o__Oscillospirales;f__Butyricicoccaceae;g__Agathobaculum;s__Agathobaculum butyriciproducens
110000,0.01839464882943144,0.04090909090909091,0.015050167224080268,0.088,42.77777777777778,1.0,97.5098602168323,/group/ctbrowngrp5/sourmash-db.new/gtdb-rs226/gtdb-rs226-k51.dna.rocksdb,GCA_002320005.1 Firmicutes bacterium UBA1702,7e08ba56ee426e63c2029467361ad169,0.05,90000,1,5780000,outputs.mapping/bams.cds.rand/ERR8314733.x.s__Fimisoma sp002320005.fastq.gz,ERR8314733.x.s__Fimisoma sp002320005,18f2ccb2,5980000,51,DNA,10000,598,True,0.9246435471052215,0.9429520476395572,0.9337977973723893,0.9429520476395572,False,385,777,4375,d__Bacteria;p__Bacillota;c__Clostridia;o__Peptostreptococcales;f__Anaerovoracaceae;g__Fimisoma;s__Fimisoma sp002320005
80000,0.013377926421404682,0.03349282296650718,0.011705685618729096,0.03542857142857143,22.142857142857142,2.0,42.17456434334587,/group/ctbrowngrp5/sourmash-db.new/gtdb-rs226/gtdb-rs226-k51.dna.rocksdb,GCA_945936195.1 uncultured Firmicutes bacterium,709cb201460207a15a23fa15a6fcb8c5,0.03827751196172249,70000,2,5710000,outputs.mapping/bams.cds.rand/ERR8314733.x.s__Fimisoma sp002320005.fastq.gz,ERR8314733.x.s__Fimisoma sp002320005,18f2ccb2,5980000,51,DNA,10000,598,True,0.9188878847972213,0.9380253653064939,0.9284566250518576,0.9380253653064939,False,155,932,4375,d__Bacteria;p__Bacillota;c__Clostridia;o__Peptostreptococcales;f__Anaerovoracaceae;g__Fimisoma;s__Fimisoma sp002320005
60000,0.010033444816053512,0.02054794520547945,0.010033444816053512,0.0077714285714285715,5.666666666666667,4.5,4.149966532662911,/group/ctbrowngrp5/sourmash-db.new/gtdb-rs226/gtdb-rs226-k51.dna.rocksdb,GCA_945963325.1 uncultured Clostridium sp.,c72e40e1317e7f0af39a23d82804a2a6,0.02054794520547945,60000,3,5650000,outputs.mapping/bams.cds.rand/ERR8314733.x.s__Fimisoma sp002320005.fastq.gz,ERR8314733.x.s__Fimisoma sp002320005,18f2ccb2,5980000,51,DNA,10000,598,True,0.9137191906450144,0.9266527681555087,0.9201859794002616,0.9266527681555087,True,34,966,4375,d__Bacteria;p__Bacillota;c__Clostridia;o__Lachnospirales;f__Lachnospiraceae;g__Suilimivivens;s__Suilimivivens sp017622575
60000,0.010033444816053512,0.015584415584415584,0.010033444816053512,0.004571428571428572,3.3333333333333335,1.0,3.34995854037363,/group/ctbrowngrp5/sourmash-db.new/gtdb-rs226/gtdb-rs226-k51.dna.rocksdb,GCA_946011515.1 uncultured Lachnospiraceae bacterium,22d10b3bb0824123b63da9ff2df42f3e,0.015584415584415584,60000,4,5590000,outputs.mapping/bams.cds.rand/ERR8314733.x.s__Fimisoma sp002320005.fastq.gz,ERR8314733.x.s__Fimisoma sp002320005,18f2ccb2,5980000,51,DNA,10000,598,True,0.9137191906450144,0.9216426399128053,0.9176809152789098,0.9216426399128053,True,20,986,4375,d__Bacteria;p__Bacillota;c__Clostridia;o__Lachnospirales;f__Lachnospiraceae;g__COE1;s__COE1 sp022788085
50000,0.008361204013377926,0.006693440428380187,0.008361204013377926,0.01782857142857143,15.6,12.0,14.540976583434828,/group/ctbrowngrp5/sourmash-db.new/gtdb-rs226/gtdb-rs226-k51.dna.rocksdb,GCF_028400095.1 Bacteroides ovatus,28693391d43e19cb5bb0975a718fb733,0.006693440428380187,50000,5,5540000,outputs.mapping/bams.cds.rand/ERR8314733.x.s__Fimisoma sp002320005.fastq.gz,ERR8314733.x.s__Fimisoma sp002320005,18f2ccb2,5980000,51,DNA,10000,598,True,0.9104585380063084,0.906495545993403,0.9084770419998557,0.9104585380063084,True,78,1064,4375,d__Bacteria;p__Bacteroidota;c__Bacteroidia;o__Bacteroidales;f__Bacteroidaceae;g__Bacteroides;s__Bacteroides ovatus
50000,0.008361204013377926,0.012315270935960592,0.008361204013377926,0.008,7.0,4.0,5.932958789676531,/group/ctbrowngrp5/sourmash-db.new/gtdb-rs226/gtdb-rs226-k51.dna.rocksdb,GCA_004562915.1 bacterium,d96ecbfc025f2a4a4d374ec049847024,0.012315270935960592,50000,6,5490000,outputs.mapping/bams.cds.rand/ERR8314733.x.s__Fimisoma sp002320005.fastq.gz,ERR8314733.x.s__Fimisoma sp002320005,18f2ccb2,5980000,51,DNA,10000,598,True,0.9104585380063084,0.917397864629951,0.9139282013181297,0.917397864629951,True,35,1099,4375,d__Bacteria;p__Bacillota;c__Clostridia;o__Lachnospirales;f__Lachnospiraceae;g__Oliverpabstia;s__Oliverpabstia sp004562915
50000,0.008361204013377926,0.011494252873563218,0.008361204013377926,0.1561142857142857,136.6,25.0,238.14499784794975,/group/ctbrowngrp5/sourmash-db.new/gtdb-rs226/gtdb-rs226-k51.dna.rocksdb,GCA_963661995.1 Bacteroidaceae bacterium,c8c559163d1e781f1ce7fc37d76b4f80,0.011494252873563218,50000,7,5440000,outputs.mapping/bams.cds.rand/ERR8314733.x.s__Fimisoma sp002320005.fastq.gz,ERR8314733.x.s__Fimisoma sp002320005,18f2ccb2,5980000,51,DNA,10000,598,True,0.9104585380063084,0.9161576465862531,0.9133080922962807,0.9161576465862531,True,683,1782,4375,d__Bacteria;p__Bacteroidota;c__Bacteroidia;o__Bacteroidales;f__Bacteroidaceae;g__Prevotella;s__Prevotella sp900546535
80000,0.013377926421404682,0.008456659619450317,0.006688963210702341,0.0496,54.25,51.5,44.04188347471075,/group/ctbrowngrp5/sourmash-db.new/gtdb-rs226/gtdb-rs226-k51.dna.rocksdb,GCF_039060295.1 Ruminococcus sp. 2227st1_E6_2227SCRN_220401,3b736584ca7d51c5e97ffcc914537695,0.016913319238900635,40000,8,5400000,outputs.mapping/bams.cds.rand/ERR8314733.x.s__Fimisoma sp002320005.fastq.gz,ERR8314733.x.s__Fimisoma sp002320005,18f2ccb2,5980000,51,DNA,10000,598,True,0.9188878847972213,0.9231226118915479,0.9210052483443846,0.9231226118915479,False,217,1999,4375,d__Bacteria;p__Bacillota;c__Clostridia;o__Lachnospirales;f__Lachnospiraceae;g__Blautia_A;s__Blautia_A faecis
50000,0.008361204013377926,0.014652014652014652,0.006688963210702341,0.005714285714285714,6.25,5.5,3.418698582794336,/group/ctbrowngrp5/sourmash-db.new/gtdb-rs226/gtdb-rs226-k51.dna.rocksdb,GCF_027697455.1 Holdemanella biformis,184f3a000225ff035ce2679f919b581c,0.018315018315018316,40000,9,5360000,outputs.mapping/bams.cds.rand/ERR8314733.x.s__Fimisoma sp002320005.fastq.gz,ERR8314733.x.s__Fimisoma sp002320005,18f2ccb2,5980000,51,DNA,10000,598,True,0.9104585380063084,0.9245648940772555,0.9175117160417819,0.9245648940772555,True,25,2024,4375,d__Bacteria;p__Bacillota;c__Bacilli;o__Erysipelotrichales;f__Erysipelotrichaceae;g__Holdemanella;s__Holdemanella biformis
40000,0.006688963210702341,0.019138755980861243,0.006688963210702341,0.0034285714285714284,3.75,3.5,1.7853571071357126,/group/ctbrowngrp5/sourmash-db.new/gtdb-rs226/gtdb-rs226-k51.dna.rocksdb,GCA_945875995.1 uncultured Eubacteriaceae bacterium,521eb7dad202c4ddd8b4a7ccd2791f32,0.019138755980861243,40000,10,5320000,outputs.mapping/bams.cds.rand/ERR8314733.x.s__Fimisoma sp002320005.fastq.gz,ERR8314733.x.s__Fimisoma sp002320005,18f2ccb2,5980000,51,DNA,10000,598,True,0.9064836528475121,0.9253627930836159,0.915923222965564,0.9253627930836159,True,15,2039,4375,d__Bacteria;p__Bacillota;c__Clostridia;o__Peptostreptococcales;f__Anaerovoracaceae;g__Emergencia;s__Emergencia sp022767945
40000,0.006688963210702341,0.02,0.006688963210702341,0.002057142857142857,2.25,2.0,1.299038105676658,/group/ctbrowngrp5/sourmash-db.new/gtdb-rs226/gtdb-rs226-k51.dna.rocksdb,GCA_004552135.1 Bacteroidales bacterium,a7d44adc74bf2a4bdcbed7985303d2cb,0.02,40000,11,5280000,outputs.mapping/bams.cds.rand/ERR8314733.x.s__Fimisoma sp002320005.fastq.gz,ERR8314733.x.s__Fimisoma sp002320005,18f2ccb2,5980000,51,DNA,10000,598,True,0.9064836528475121,0.9261617964232596,0.9163227246353858,0.9261617964232596,True,9,2048,4375,d__Bacteria;p__Bacteroidota;c__Bacteroidia;o__Bacteroidales;f__UBA932;g__Cryptobacteroides;s__Cryptobacteroides sp004554455
30000,0.005016722408026756,0.014925373134328358,0.005016722408026756,0.002057142857142857,3.0,3.0,0.0,/group/ctbrowngrp5/sourmash-db.new/gtdb-rs226/gtdb-rs226-k51.dna.rocksdb,GCA_945828095.1 uncultured Clostridia bacterium,f8f47772cfd9f6be2b94f03ea07e040a,0.014925373134328358,30000,12,5250000,outputs.mapping/bams.cds.rand/ERR8314733.x.s__Fimisoma sp002320005.fastq.gz,ERR8314733.x.s__Fimisoma sp002320005,18f2ccb2,5980000,51,DNA,10000,598,True,0.9013847318223664,0.9208621268632012,0.9111234293427839,0.9208621268632012,True,9,2057,4375,d__Bacteria;p__Bacillota;c__Clostridia;o__Peptostreptococcales;f__Anaerovoracaceae;g__CAG-238;s__CAG-238 sp945828095
40000,0.006688963210702341,0.010238907849829351,0.005016722408026756,0.0006857142857142857,1.0,1.0,0.0,/group/ctbrowngrp5/sourmash-db.new/gtdb-rs226/gtdb-rs226-k51.dna.rocksdb,GCF_040096185.1 Faecousia intestinalis,3564398b23fcf5aab578c92f7a2644a8,0.013651877133105802,30000,13,5220000,outputs.mapping/bams.cds.rand/ERR8314733.x.s__Fimisoma sp002320005.fastq.gz,ERR8314733.x.s__Fimisoma sp002320005,18f2ccb2,5980000,51,DNA,10000,598,True,0.9064836528475121,0.9192531876570533,0.9128684202522828,0.9192531876570533,True,3,2060,4375,d__Bacteria;p__Bacillota;c__Clostridia;o__Oscillospirales;f__Oscillospiraceae;g__Faecousia;s__Faecousia intestinalis
30000,0.005016722408026756,0.018404907975460124,0.005016722408026756,0.002742857142857143,4.0,4.0,0.816496580927726,/group/ctbrowngrp5/sourmash-db.new/gtdb-rs226/gtdb-rs226-k51.dna.rocksdb,GCA_900543795.1 uncultured Oscillospiraceae bacterium,42db1cffe00d0bc5f530962fbf81ae8c,0.018404907975460124,30000,14,5190000,outputs.mapping/bams.cds.rand/ERR8314733.x.s__Fimisoma sp002320005.fastq.gz,ERR8314733.x.s__Fimisoma sp002320005,18f2ccb2,5980000,51,DNA,10000,598,True,0.9013847318223664,0.924653656034804,0.9130191939285852,0.924653656034804,True,12,2072,4375,d__Bacteria;p__Bacillota;c__Clostridia;o__Oscillospirales;f__Acutalibacteraceae;g__Eubacterium_R;s__Eubacterium_R sp900543795
40000,0.006688963210702341,0.012552301255230125,0.005016722408026756,0.04982857142857143,72.66666666666667,51.0,50.16195991209098,/group/ctbrowngrp5/sourmash-db.new/gtdb-rs226/gtdb-rs226-k51.dna.rocksdb,GCF_021531495.1 Anaerovibrio lipolyticus,17467dcaf9481746cf50adc61e9a02e8,0.016736401673640166,30000,15,5160000,outputs.mapping/bams.cds.rand/ERR8314733.x.s__Fimisoma sp002320005.fastq.gz,ERR8314733.x.s__Fimisoma sp002320005,18f2ccb2,5980000,51,DNA,10000,598,True,0.9064836528475121,0.9229322991232874,0.9147079759853998,0.9229322991232874,True,218,2290,4375,d__Bacteria;p__Bacillota;c__Negativicutes;o__Selenomonadales;f__Selenomonadaceae;g__Anaerovibrio;s__Anaerovibrio sp900548165
40000,0.006688963210702341,0.011494252873563218,0.005016722408026756,0.0009142857142857143,1.3333333333333333,1.0,0.4714045207910317,/group/ctbrowngrp5/sourmash-db.new/gtdb-rs226/gtdb-rs226-k51.dna.rocksdb,GCA_022787405.1 Bacillota bacterium,c434930ebfcc110ce818ba51905c9e2e,0.01532567049808429,30000,16,5130000,outputs.mapping/bams.cds.rand/ERR8314733.x.s__Fimisoma sp002320005.fastq.gz,ERR8314733.x.s__Fimisoma sp002320005,18f2ccb2,5980000,51,DNA,10000,598,True,0.9064836528475121,0.9213401345091207,0.9139118936783164,0.9213401345091207,True,4,2294,4375,d__Bacteria;p__Bacillota;c__Clostridia;o__Peptostreptococcales;f__Anaerovoracaceae;g__CAG-238;s__CAG-238 sp022787405
30000,0.005016722408026756,0.009230769230769232,0.005016722408026756,0.0029714285714285715,4.333333333333333,5.0,0.9428090415820634,/group/ctbrowngrp5/sourmash-db.new/gtdb-rs226/gtdb-rs226-k51.dna.rocksdb,GCA_034086425.1 Oliverpabstia sp.,3e5d4b4fde161cf88ed9a189925e3d4b,0.009230769230769232,30000,17,5100000,outputs.mapping/bams.cds.rand/ERR8314733.x.s__Fimisoma sp002320005.fastq.gz,ERR8314733.x.s__Fimisoma sp002320005,18f2ccb2,5980000,51,DNA,10000,598,True,0.9013847318223664,0.912226541046681,0.9068056364345237,0.912226541046681,True,13,2307,4375,d__Bacteria;p__Bacillota;c__Clostridia;o__Lachnospirales;f__Lachnospiraceae;g__Oliverpabstia;s__Oliverpabstia sp022764165
30000,0.005016722408026756,0.004160887656033287,0.005016722408026756,0.006628571428571429,9.666666666666666,8.0,6.236095644623235,/group/ctbrowngrp5/sourmash-db.new/gtdb-rs226/gtdb-rs226-k51.dna.rocksdb,GCF_019430315.1 Pseudomonas aeruginosa,3591d2427d51805cffd854ed318927af,0.004160887656033287,30000,18,5070000,outputs.mapping/bams.cds.rand/ERR8314733.x.s__Fimisoma sp002320005.fastq.gz,ERR8314733.x.s__Fimisoma sp002320005,18f2ccb2,5980000,51,DNA,10000,598,True,0.9013847318223664,0.8980848543747223,0.8997347930985444,0.9013847318223664,True,29,2336,4375,d__Bacteria;p__Pseudomonadota;c__Gammaproteobacteria;o__Pseudomonadales;f__Pseudomonadaceae;g__Pseudomonas;s__Pseudomonas aeruginosa
30000,0.005016722408026756,0.009146341463414634,0.005016722408026756,0.0038857142857142857,5.666666666666667,4.0,3.8586123009300755,/group/ctbrowngrp5/sourmash-db.new/gtdb-rs226/gtdb-rs226-k51.dna.rocksdb,GCA_037301335.1 Lachnospiraceae bacterium,5277f56efff9249b4f4ab2f6e6ae4e8b,0.009146341463414634,30000,19,5040000,outputs.mapping/bams.cds.rand/ERR8314733.x.s__Fimisoma sp002320005.fastq.gz,ERR8314733.x.s__Fimisoma sp002320005,18f2ccb2,5980000,51,DNA,10000,598,True,0.9013847318223664,0.9120622043585074,0.9067234680904369,0.9120622043585074,True,17,2353,4375,d__Bacteria;p__Bacillota;c__Clostridia;o__Lachnospirales;f__Lachnospiraceae;g__Acetatifactor;s__Acetatifactor intestinalis
40000,0.006688963210702341,0.02040816326530612,0.005016722408026756,0.0016,2.3333333333333335,2.0,1.247219128924647,/group/ctbrowngrp5/sourmash-db.new/gtdb-rs226/gtdb-rs226-k51.dna.rocksdb,GCA_945921485.1 uncultured Clostridia bacterium,82e48b9461ccb856ba728ad40917d137,0.027210884353741496,30000,20,5010000,outputs.mapping/bams.cds.rand/ERR8314733.x.s__Fimisoma sp002320005.fastq.gz,ERR8314733.x.s__Fimisoma sp002320005,18f2ccb2,5980000,51,DNA,10000,598,True,0.9064836528475121,0.9317699057926471,0.9191267793200796,0.9317699057926471,True,7,2360,4375,d__Bacteria;p__Bacillota;c__Clostridia;o__Peptostreptococcales;f__Anaerovoracaceae;g__CAG-238;s__CAG-238 sp945644815
40000,0.006688963210702341,0.010526315789473684,0.005016722408026756,0.006628571428571429,9.666666666666666,1.0,12.256517540566824,/group/ctbrowngrp5/sourmash-db.new/gtdb-rs226/gtdb-rs226-k51.dna.rocksdb,GCF_009680455.1 Lachnospira eligens,93a7d0e658bdfb8b86a54dc8bf8c1937,0.014035087719298246,30000,21,4980000,outputs.mapping/bams.cds.rand/ERR8314733.x.s__Fimisoma sp002320005.fastq.gz,ERR8314733.x.s__Fimisoma sp002320005,18f2ccb2,5980000,51,DNA,10000,598,True,0.9064836528475121,0.9197523050715226,0.9131179789595174,0.9197523050715226,True,29,2389,4375,d__Bacteria;p__Bacillota;c__Clostridia;o__Lachnospirales;f__Lachnospiraceae;g__Lachnospira;s__Lachnospira eligens_A
20000,0.0033444816053511705,0.006993006993006993,0.0033444816053511705,0.0009142857142857143,2.0,2.0,1.0,/group/ctbrowngrp5/sourmash-db.new/gtdb-rs226/gtdb-rs226-k51.dna.rocksdb,GCA_934316755.1 uncultured Agathobacter sp.,17902c00058e4af774892ae78bc03888,0.006993006993006993,20000,22,4960000,outputs.mapping/bams.cds.rand/ERR8314733.x.s__Fimisoma sp002320005.fastq.gz,ERR8314733.x.s__Fimisoma sp002320005,18f2ccb2,5980000,51,DNA,10000,598,True,0.8942468678440603,0.9072740913132011,0.9007604795786307,0.9072740913132011,True,4,2393,4375,d__Bacteria;p__Bacillota;c__Clostridia;o__Lachnospirales;f__Lachnospiraceae;g__Agathobacter;s__Agathobacter sp900543445
20000,0.0033444816053511705,0.007220216606498195,0.0033444816053511705,0.0006857142857142857,1.5,1.5,0.5,/group/ctbrowngrp5/sourmash-db.new/gtdb-rs226/gtdb-rs226-k51.dna.rocksdb,GCA_902479945.1 uncultured Oscillospiraceae bacterium,f54f0cd0ed8dfcba91f9efc1c296ca7d,0.007220216606498195,20000,23,4940000,outputs.mapping/bams.cds.rand/ERR8314733.x.s__Fimisoma sp002320005.fastq.gz,ERR8314733.x.s__Fimisoma sp002320005,18f2ccb2,5980000,51,DNA,10000,598,True,0.8942468678440603,0.9078430825637916,0.901044975203926,0.9078430825637916,True,3,2396,4375,d__Bacteria;p__Bacillota;c__Clostridia;o__Oscillospirales;f__Oscillospiraceae;g__Pelethomonas;s__Pelethomonas sp900549475
20000,0.0033444816053511705,0.0035971223021582736,0.0033444816053511705,0.013257142857142858,29.0,29.0,28.0,/group/ctbrowngrp5/sourmash-db.new/gtdb-rs226/gtdb-rs226-k51.dna.rocksdb,GCF_947054595.1 Clostridium neonatale,5e2329eb7fbf8e5dfa2c87e48f64edd5,0.0035971223021582736,20000,24,4920000,outputs.mapping/bams.cds.rand/ERR8314733.x.s__Fimisoma sp002320005.fastq.gz,ERR8314733.x.s__Fimisoma sp002320005,18f2ccb2,5980000,51,DNA,10000,598,True,0.8942468678440603,0.895524667288616,0.8948857675663382,0.895524667288616,True,58,2454,4375,d__Bacteria;p__Bacillota;c__Clostridia;o__Clostridiales;f__Clostridiaceae;g__Clostridium;s__Clostridium neonatale
20000,0.0033444816053511705,0.005747126436781609,0.0033444816053511705,0.0016,3.5,3.5,1.5,/group/ctbrowngrp5/sourmash-db.new/gtdb-rs226/gtdb-rs226-k51.dna.rocksdb,GCA_041323695.1 Lachnospiraceae bacterium,69eb6432cd98d9772054f7f183064e89,0.005747126436781609,20000,25,4900000,outputs.mapping/bams.cds.rand/ERR8314733.x.s__Fimisoma sp002320005.fastq.gz,ERR8314733.x.s__Fimisoma sp002320005,18f2ccb2,5980000,51,DNA,10000,598,True,0.8942468678440603,0.9037902706106046,0.8990185692273325,0.9037902706106046,True,7,2461,4375,d__Bacteria;p__Bacillota;c__Clostridia;o__Lachnospirales;f__Lachnospiraceae;g__Jutongia;s__Jutongia sp003524945
20000,0.0033444816053511705,0.015151515151515152,0.0033444816053511705,0.023085714285714286,50.5,50.5,22.5,/group/ctbrowngrp5/sourmash-db.new/gtdb-rs226/gtdb-rs226-k51.dna.rocksdb,GCA_900758085.1 Eggerthellaceae bacterium,413174bcc691d8f4db87ebe090f797e3,0.015151515151515152,20000,26,4880000,outputs.mapping/bams.cds.rand/ERR8314733.x.s__Fimisoma sp002320005.fastq.gz,ERR8314733.x.s__Fimisoma sp002320005,18f2ccb2,5980000,51,DNA,10000,598,True,0.8942468678440603,0.9211336926184823,0.9076902802312713,0.9211336926184823,True,101,2562,4375,d__Bacteria;p__Actinomycetota;c__Coriobacteriia;o__Coriobacteriales;f__Eggerthellaceae;g__Anaerotardibacter;s__Anaerotardibacter sp900546175
20000,0.0033444816053511705,0.02857142857142857,0.0033444816053511705,0.0016,3.5,3.5,2.5,/group/ctbrowngrp5/sourmash-db.new/gtdb-rs226/gtdb-rs226-k51.dna.rocksdb,GCA_948631615.1 uncultured Metamycoplasma sp.,8577eb61716f9e7e3ef685fe0031b889,0.02857142857142857,20000,27,4860000,outputs.mapping/bams.cds.rand/ERR8314733.x.s__Fimisoma sp002320005.fastq.gz,ERR8314733.x.s__Fimisoma sp002320005,18f2ccb2,5980000,51,DNA,10000,598,True,,,,,True,7,2569,4375,d__Bacteria;p__Bacillota;c__Bacilli;o__Mycoplasmatales;f__Metamycoplasmataceae;g__UBA710;s__UBA710 sp002298905
60000,0.010033444816053512,0.005012531328320802,0.0033444816053511705,0.0009142857142857143,2.0,2.0,1.0,/group/ctbrowngrp5/sourmash-db.new/gtdb-rs226/gtdb-rs226-k51.dna.rocksdb,GCF_028596655.1 Clostridioides difficile,0b7dbb5a129f218bd25402ebb2da55dd,0.015037593984962405,20000,28,4840000,outputs.mapping/bams.cds.rand/ERR8314733.x.s__Fimisoma sp002320005.fastq.gz,ERR8314733.x.s__Fimisoma sp002320005,18f2ccb2,5980000,51,DNA,10000,598,True,0.9137191906450144,0.920997389264983,0.9173582899549987,0.920997389264983,True,4,2573,4375,d__Bacteria;p__Bacillota;c__Clostridia;o__Peptostreptococcales;f__Peptostreptococcaceae;g__Clostridioides;s__Clostridioides difficile
20000,0.0033444816053511705,0.003780718336483932,0.0033444816053511705,0.0013714285714285714,3.0,3.0,2.0,/group/ctbrowngrp5/sourmash-db.new/gtdb-rs226/gtdb-rs226-k51.dna.rocksdb,GCA_900760285.1 Clostridia bacterium,a51b9616439caf6eec605048c221404e,0.003780718336483932,20000,29,4820000,outputs.mapping/bams.cds.rand/ERR8314733.x.s__Fimisoma sp002320005.fastq.gz,ERR8314733.x.s__Fimisoma sp002320005,18f2ccb2,5980000,51,DNA,10000,598,True,0.8942468678440603,0.8963991939175007,0.8953230308807805,0.8963991939175007,True,6,2579,4375,d__Bacteria;p__Bacillota;c__Clostridia;o__Lachnospirales;f__Bianqueaceae;g__Bianquea;s__Bianquea renquensis
20000,0.0033444816053511705,0.008333333333333333,0.0033444816053511705,0.005485714285714286,12.0,12.0,7.0,/group/ctbrowngrp5/sourmash-db.new/gtdb-rs226/gtdb-rs226-k51.dna.rocksdb,GCA_034099845.1 Faecousia sp.,5f934a406218ceb63e362d93f2fbd61c,0.008333333333333333,20000,30,4800000,outputs.mapping/bams.cds.rand/ERR8314733.x.s__Fimisoma sp002320005.fastq.gz,ERR8314733.x.s__Fimisoma sp002320005,18f2ccb2,5980000,51,DNA,10000,598,True,0.8942468678440603,0.9103989334640178,0.902322900654039,0.9103989334640178,True,24,2603,4375,d__Bacteria;p__Bacillota;c__Clostridia;o__Oscillospirales;f__Oscillospiraceae;g__Faecousia;s__Faecousia sp034099845
20000,0.0033444816053511705,0.00851063829787234,0.0033444816053511705,0.0038857142857142857,8.5,8.5,7.5,/group/ctbrowngrp5/sourmash-db.new/gtdb-rs226/gtdb-rs226-k51.dna.rocksdb,GCA_004553285.1 Subdoligranulum variabile,88bd40466634bc6c8878e784fb41820e,0.00851063829787234,20000,31,4780000,outputs.mapping/bams.cds.rand/ERR8314733.x.s__Fimisoma sp002320005.fastq.gz,ERR8314733.x.s__Fimisoma sp002320005,18f2ccb2,5980000,51,DNA,10000,598,True,0.8942468678440603,0.9107748346014192,0.9025108512227398,0.9107748346014192,True,17,2620,4375,d__Bacteria;p__Bacillota;c__Clostridia;o__Oscillospirales;f__Ruminococcaceae;g__Gemmiger;s__Gemmiger variabilis_A
20000,0.0033444816053511705,0.010471204188481676,0.0033444816053511705,0.0032,7.0,7.0,5.0,/group/ctbrowngrp5/sourmash-db.new/gtdb-rs226/gtdb-rs226-k51.dna.rocksdb,GCA_034175745.1 Bullifex sp.,24912f04e878494ccc59b78fa62c6dec,0.010471204188481676,20000,32,4760000,outputs.mapping/bams.cds.rand/ERR8314733.x.s__Fimisoma sp002320005.fastq.gz,ERR8314733.x.s__Fimisoma sp002320005,18f2ccb2,5980000,51,DNA,10000,598,True,0.8942468678440603,0.9144846171854688,0.9043657425147645,0.9144846171854688,True,14,2634,4375,d__Bacteria;p__Spirochaetota;c__Spirochaetia;o__Sphaerochaetales;f__Sphaerochaetaceae;g__Bullifex;s__Bullifex sp022788185
50000,0.008361204013377926,0.004357298474945534,0.0033444816053511705,0.002742857142857143,6.0,6.0,5.0,/group/ctbrowngrp5/sourmash-db.new/gtdb-rs226/gtdb-rs226-k51.dna.rocksdb,GCF_003480145.1 Ruminococcus sp. AM42-11,7e6bfd2aced3d78f35db60f75ba63aa6,0.010893246187363835,20000,33,4740000,outputs.mapping/bams.cds.rand/ERR8314733.x.s__Fimisoma sp002320005.fastq.gz,ERR8314733.x.s__Fimisoma sp002320005,18f2ccb2,5980000,51,DNA,10000,598,True,0.9104585380063084,0.9151934191714723,0.9128259785888904,0.9151934191714723,True,12,2646,4375,d__Bacteria;p__Bacillota;c__Clostridia;o__Lachnospirales;f__Lachnospiraceae;g__Blautia_A;s__Blautia_A faecis
60000,0.010033444816053512,0.004962779156327543,0.0033444816053511705,0.002057142857142857,4.5,4.5,1.5,/group/ctbrowngrp5/sourmash-db.new/gtdb-rs226/gtdb-rs226-k51.dna.rocksdb,GCA_022782205.1 Lachnospiraceae bacterium,5d1fe08c84b2c770dab5488addf16ba5,0.01488833746898263,20000,34,4720000,outputs.mapping/bams.cds.rand/ERR8314733.x.s__Fimisoma sp002320005.fastq.gz,ERR8314733.x.s__Fimisoma sp002320005,18f2ccb2,5980000,51,DNA,10000,598,True,0.9137191906450144,0.9208172680069879,0.9172682293260012,0.9208172680069879,True,9,2655,4375,d__Bacteria;p__Bacillota;c__Clostridia;o__Lachnospirales;f__Lachnospiraceae;g__Oliverpabstia;s__Oliverpabstia sp004556655
20000,0.0033444816053511705,0.01282051282051282,0.0033444816053511705,0.0009142857142857143,2.0,2.0,1.0,/group/ctbrowngrp5/sourmash-db.new/gtdb-rs226/gtdb-rs226-k51.dna.rocksdb,GCA_948773475.1 uncultured Clostridia bacterium,5b6e1a1e0861ceb2fc3e60810ec7f5a7,0.01282051282051282,20000,35,4700000,outputs.mapping/bams.cds.rand/ERR8314733.x.s__Fimisoma sp002320005.fastq.gz,ERR8314733.x.s__Fimisoma sp002320005,18f2ccb2,5980000,51,DNA,10000,598,True,0.8942468678440603,0.9181213906608477,0.906184129252454,0.9181213906608477,True,4,2659,4375,d__Bacteria;p__Bacillota;c__Clostridia;o__TANB77;f__CAG-508;g__UMGS1781;s__UMGS1781 sp947651825
20000,0.0033444816053511705,0.012269938650306749,0.0033444816053511705,0.0006857142857142857,1.5,1.5,0.5,/group/ctbrowngrp5/sourmash-db.new/gtdb-rs226/gtdb-rs226-k51.dna.rocksdb,GCA_029100805.1 Eubacteriales bacterium,12fe8b6824e9dc3d7b4e2ca622c6e2f7,0.012269938650306749,20000,36,4680000,outputs.mapping/bams.cds.rand/ERR8314733.x.s__Fimisoma sp002320005.fastq.gz,ERR8314733.x.s__Fimisoma sp002320005,18f2ccb2,5980000,51,DNA,10000,598,True,0.8942468678440603,0.9173315306528081,0.9057891992484342,0.9173315306528081,True,3,2662,4375,d__Bacteria;p__Bacillota;c__Clostridia;o__Oscillospirales;f__Acutalibacteraceae;g__Eubacterium_R;s__Eubacterium_R sp945980375
30000,0.005016722408026756,0.005747126436781609,0.0033444816053511705,0.003657142857142857,8.0,8.0,5.0,/group/ctbrowngrp5/sourmash-db.new/gtdb-rs226/gtdb-rs226-k51.dna.rocksdb,GCA_022740945.1 Prevotella sp.,e77b81e3dcd99876a2d3a23500acdfb6,0.008620689655172414,20000,37,4660000,outputs.mapping/bams.cds.rand/ERR8314733.x.s__Fimisoma sp002320005.fastq.gz,ERR8314733.x.s__Fimisoma sp002320005,18f2ccb2,5980000,51,DNA,10000,598,True,0.9013847318223664,0.9110043098748272,0.9061945208485969,0.9110043098748272,True,16,2678,4375,d__Bacteria;p__Bacteroidota;c__Bacteroidia;o__Bacteroidales;f__Bacteroidaceae;g__Prevotella;s__Prevotella sp934191715
30000,0.005016722408026756,0.006896551724137931,0.0033444816053511705,0.0009142857142857143,2.0,2.0,1.0,/group/ctbrowngrp5/sourmash-db.new/gtdb-rs226/gtdb-rs226-k51.dna.rocksdb,GCA_014870195.1 Agathobacter sp.,4e0f11618a124394917693446886a999,0.010344827586206896,20000,38,4640000,outputs.mapping/bams.cds.rand/ERR8314733.x.s__Fimisoma sp002320005.fastq.gz,ERR8314733.x.s__Fimisoma sp002320005,18f2ccb2,5980000,51,DNA,10000,598,True,0.9013847318223664,0.9142669171027965,0.9078258244625814,0.9142669171027965,True,4,2682,4375,d__Bacteria;p__Bacillota;c__Clostridia;o__Lachnospirales;f__Lachnospiraceae;g__Agathobacter;s__Agathobacter faecis
30000,0.005016722408026756,0.007462686567164179,0.0033444816053511705,0.0009142857142857143,2.0,2.0,0.0,/group/ctbrowngrp5/sourmash-db.new/gtdb-rs226/gtdb-rs226-k51.dna.rocksdb,GCA_905201325.1 uncultured Anaerotruncus sp.,e22f51a1f7ed7f80d1ec34b017fa8596,0.011194029850746268,20000,39,4620000,outputs.mapping/bams.cds.rand/ERR8314733.x.s__Fimisoma sp002320005.fastq.gz,ERR8314733.x.s__Fimisoma sp002320005,18f2ccb2,5980000,51,DNA,10000,598,True,0.9013847318223664,0.9156823277072279,0.9085335297647972,0.9156823277072279,True,4,2686,4375,d__Bacteria;p__Bacillota;c__Clostridia;o__Oscillospirales;f__CAG-272;g__CAG-390;s__CAG-390 sp003523225
20000,0.0033444816053511705,0.0021413276231263384,0.0033444816053511705,0.018742857142857144,41.0,41.0,40.0,/group/ctbrowngrp5/sourmash-db.new/gtdb-rs226/gtdb-rs226-k51.dna.rocksdb,GCF_039529495.1 Actinomadura bangladeshensis,519ceef2b954a840df1ccb664d14329c,0.0021413276231263384,20000,40,4600000,outputs.mapping/bams.cds.rand/ERR8314733.x.s__Fimisoma sp002320005.fastq.gz,ERR8314733.x.s__Fimisoma sp002320005,18f2ccb2,5980000,51,DNA,10000,598,True,0.8942468678440603,0.8864626733856426,0.8903547706148514,0.8942468678440603,True,82,2768,4375,d__Bacteria;p__Actinomycetota;c__Actinomycetes;o__Streptosporangiales;f__Streptosporangiaceae;g__Spirillospora;s__Spirillospora bangladeshensis
30000,0.005016722408026756,0.006644518272425249,0.0033444816053511705,0.011657142857142857,25.5,25.5,24.5,/group/ctbrowngrp5/sourmash-db.new/gtdb-rs226/gtdb-rs226-k51.dna.rocksdb,GCA_022771625.1 Prevotella sp.,f94923f2da488c81c7acffe33fea799e,0.009966777408637873,20000,41,4580000,outputs.mapping/bams.cds.rand/ERR8314733.x.s__Fimisoma sp002320005.fastq.gz,ERR8314733.x.s__Fimisoma sp002320005,18f2ccb2,5980000,51,DNA,10000,598,True,0.9013847318223664,0.9135997575918425,0.9074922447071045,0.9135997575918425,True,51,2819,4375,d__Bacteria;p__Bacteroidota;c__Bacteroidia;o__Bacteroidales;f__Bacteroidaceae;g__Prevotella;s__Prevotella sp022771625
20000,0.0033444816053511705,0.006825938566552901,0.0033444816053511705,0.002057142857142857,4.5,4.5,2.5,/group/ctbrowngrp5/sourmash-db.new/gtdb-rs226/gtdb-rs226-k51.dna.rocksdb,GCA_022744205.1 Prevotella sp.,a697f5903d7962e07cf9e8b0b4031016,0.006825938566552901,20000,42,4560000,outputs.mapping/bams.cds.rand/ERR8314733.x.s__Fimisoma sp002320005.fastq.gz,ERR8314733.x.s__Fimisoma sp002320005,18f2ccb2,5980000,51,DNA,10000,598,True,0.8942468678440603,0.906844024418685,0.9005454461313727,0.906844024418685,True,9,2828,4375,d__Bacteria;p__Bacteroidota;c__Bacteroidia;o__Bacteroidales;f__Bacteroidaceae;g__Prevotella;s__Prevotella sp022741625
20000,0.0033444816053511705,0.0035087719298245615,0.0033444816053511705,0.0009142857142857143,2.0,2.0,0.0,/group/ctbrowngrp5/sourmash-db.new/gtdb-rs226/gtdb-rs226-k51.dna.rocksdb,GCF_001940505.1 Serratia marcescens,012b0879bf954fd8e1e39652173822a9,0.0035087719298245615,20000,43,4540000,outputs.mapping/bams.cds.rand/ERR8314733.x.s__Fimisoma sp002320005.fastq.gz,ERR8314733.x.s__Fimisoma sp002320005,18f2ccb2,5980000,51,DNA,10000,598,True,0.8942468678440603,0.8950881077119309,0.8946674877779957,0.8950881077119309,True,4,2832,4375,d__Bacteria;p__Pseudomonadota;c__Gammaproteobacteria;o__Enterobacterales;f__Enterobacteriaceae;g__Serratia;s__Serratia nematodiphila
20000,0.0033444816053511705,0.011428571428571429,0.0033444816053511705,0.00045714285714285713,1.0,1.0,0.0,/group/ctbrowngrp5/sourmash-db.new/gtdb-rs226/gtdb-rs226-k51.dna.rocksdb,GCA_029338715.1 Bacillota bacterium,619b5afe7f8c006ef233f67e8501a5dc,0.011428571428571429,20000,44,4520000,outputs.mapping/bams.cds.rand/ERR8314733.x.s__Fimisoma sp002320005.fastq.gz,ERR8314733.x.s__Fimisoma sp002320005,18f2ccb2,5980000,51,DNA,10000,598,True,0.8942468678440603,0.9160547072432479,0.9051507875436541,0.9160547072432479,True,2,2834,4375,d__Bacteria;p__Bacillota;c__Clostridia;o__Peptostreptococcales;f__Anaerovoracaceae;g__UMGS973;s__UMGS973 sp016293805
40000,0.006688963210702341,0.010810810810810811,0.0033444816053511705,0.001142857142857143,2.5,2.5,1.5,/group/ctbrowngrp5/sourmash-db.new/gtdb-rs226/gtdb-rs226-k51.dna.rocksdb,GCA_022774285.1 Bacillota bacterium,bd18bfb30fd157d36bb6d2ca0e01dc08,0.021621621621621623,20000,45,4500000,outputs.mapping/bams.cds.rand/ERR8314733.x.s__Fimisoma sp002320005.fastq.gz,ERR8314733.x.s__Fimisoma sp002320005,18f2ccb2,5980000,51,DNA,10000,598,True,0.9064836528475121,0.9275786634388747,0.9170311581431934,0.9275786634388747,True,5,2839,4375,d__Bacteria;p__Bacillota;c__Clostridia;o__Peptostreptococcales;f__Anaerovoracaceae;g__Fimisoma;s__Fimisoma sp002320005
20000,0.0033444816053511705,0.005988023952095809,0.0033444816053511705,0.0009142857142857143,2.0,2.0,0.0,/group/ctbrowngrp5/sourmash-db.new/gtdb-rs226/gtdb-rs226-k51.dna.rocksdb,GCA_004562055.1 bacterium,6db660ba7feff2de802e4457511bab40,0.005988023952095809,20000,46,4480000,outputs.mapping/bams.cds.rand/ERR8314733.x.s__Fimisoma sp002320005.fastq.gz,ERR8314733.x.s__Fimisoma sp002320005,18f2ccb2,5980000,51,DNA,10000,598,True,0.8942468678440603,0.9045182297439633,0.8993825487940118,0.9045182297439633,True,4,2843,4375,d__Bacteria;p__Bacteroidota;c__Bacteroidia;o__Bacteroidales;f__UBA932;g__Cryptobacteroides;s__Cryptobacteroides sp900546925
20000,0.0033444816053511705,0.006578947368421052,0.0033444816053511705,0.0032,7.0,7.0,5.0,/group/ctbrowngrp5/sourmash-db.new/gtdb-rs226/gtdb-rs226-k51.dna.rocksdb,GCA_034113565.1 Faecousia sp.,7a10c300c0f34698ff3d129eedc62947,0.006578947368421052,20000,47,4460000,outputs.mapping/bams.cds.rand/ERR8314733.x.s__Fimisoma sp002320005.fastq.gz,ERR8314733.x.s__Fimisoma sp002320005,18f2ccb2,5980000,51,DNA,10000,598,True,0.8942468678440603,0.9061889313384778,0.9002178995912691,0.9061889313384778,True,14,2857,4375,d__Bacteria;p__Bacillota;c__Clostridia;o__Oscillospirales;f__Oscillospiraceae;g__Faecousia;s__Faecousia sp034113565
30000,0.005016722408026756,0.012269938650306749,0.0033444816053511705,0.0016,3.5,3.5,0.5,/group/ctbrowngrp5/sourmash-db.new/gtdb-rs226/gtdb-rs226-k51.dna.rocksdb,GCA_018384955.1 Oscillospiraceae bacterium,76b946851a6b3ac211a8510150705b03,0.018404907975460124,20000,48,4440000,outputs.mapping/bams.cds.rand/ERR8314733.x.s__Fimisoma sp002320005.fastq.gz,ERR8314733.x.s__Fimisoma sp002320005,18f2ccb2,5980000,51,DNA,10000,598,True,0.9013847318223664,0.924653656034804,0.9130191939285852,0.924653656034804,True,7,2864,4375,d__Bacteria;p__Bacillota;c__Clostridia;o__Oscillospirales;f__Acutalibacteraceae;g__Fimenecus;s__Fimenecus sp004556705
30000,0.005016722408026756,0.009852216748768473,0.0033444816053511705,0.005028571428571428,11.0,11.0,10.0,/group/ctbrowngrp5/sourmash-db.new/gtdb-rs226/gtdb-rs226-k51.dna.rocksdb,GCF_018913905.1 Arcanobacterium phocae,483cf5f734f687b4c5a757a5cc91dc42,0.014778325123152709,20000,49,4420000,outputs.mapping/bams.cds.rand/ERR8314733.x.s__Fimisoma sp002320005.fastq.gz,ERR8314733.x.s__Fimisoma sp002320005,18f2ccb2,5980000,51,DNA,10000,598,True,0.9013847318223664,0.9206833692885147,0.9110340505554406,0.9206833692885147,True,22,2886,4375,d__Bacteria;p__Actinomycetota;c__Actinomycetes;o__Actinomycetales;f__Actinomycetaceae;g__Arcanobacterium;s__Arcanobacterium phocae_A
20000,0.0033444816053511705,0.00819672131147541,0.0033444816053511705,0.012571428571428572,27.5,27.5,25.5,/group/ctbrowngrp5/sourmash-db.new/gtdb-rs226/gtdb-rs226-k51.dna.rocksdb,GCF_021531915.1 Oscillibacter valericigenes,aaee81d010245c821b78ff323bd4d76f,0.00819672131147541,20000,50,4400000,outputs.mapping/bams.cds.rand/ERR8314733.x.s__Fimisoma sp002320005.fastq.gz,ERR8314733.x.s__Fimisoma sp002320005,18f2ccb2,5980000,51,DNA,10000,598,True,0.8942468678440603,0.910103917375183,0.9021753926096217,0.910103917375183,True,55,2941,4375,d__Bacteria;p__Bacillota;c__Clostridia;o__Oscillospirales;f__Oscillospiraceae;g__Oscillibacter;s__Oscillibacter valericigenes_A
50000,0.008361204013377926,0.005291005291005291,0.0033444816053511705,0.0018285714285714285,4.0,4.0,2.0,/group/ctbrowngrp5/sourmash-db.new/gtdb-rs226/gtdb-rs226-k51.dna.rocksdb,GCA_004552745.1 Bacteroidales bacterium,3e08b90199a5db83c0a22b1dda3b56da,0.013227513227513227,20000,51,4380000,outputs.mapping/bams.cds.rand/ERR8314733.x.s__Fimisoma sp002320005.fastq.gz,ERR8314733.x.s__Fimisoma sp002320005,18f2ccb2,5980000,51,DNA,10000,598,True,0.9104585380063084,0.9186841832521313,0.9145713606292198,0.9186841832521313,True,8,2949,4375,d__Bacteria;p__Bacteroidota;c__Bacteroidia;o__Bacteroidales;f__UBA932;g__Cryptobacteroides;s__Cryptobacteroides sp000433355
20000,0.0033444816053511705,0.014814814814814815,0.0033444816053511705,0.0013714285714285714,3.0,3.0,1.0,/group/ctbrowngrp5/sourmash-db.new/gtdb-rs226/gtdb-rs226-k51.dna.rocksdb,GCA_945831285.1 uncultured Lachnospiraceae bacterium,c0aecf6856c4f978536a5ded83563607,0.014814814814814815,20000,52,4360000,outputs.mapping/bams.cds.rand/ERR8314733.x.s__Fimisoma sp002320005.fastq.gz,ERR8314733.x.s__Fimisoma sp002320005,18f2ccb2,5980000,51,DNA,10000,598,True,0.8942468678440603,0.9207278897834723,0.9074873788137663,0.9207278897834723,True,6,2955,4375,d__Bacteria;p__Bacillota;c__Clostridia;o__Lachnospirales;f__Lachnospiraceae;g__Colinaster;s__Colinaster sp900766815
30000,0.005016722408026756,0.008403361344537815,0.0033444816053511705,0.010742857142857143,23.5,23.5,14.5,/group/ctbrowngrp5/sourmash-db.new/gtdb-rs226/gtdb-rs226-k51.dna.rocksdb,GCA_022772255.1 Faecalibacterium sp.,20a653e08905c968feaa8457858996cf,0.012605042016806723,20000,53,4340000,outputs.mapping/bams.cds.rand/ERR8314733.x.s__Fimisoma sp002320005.fastq.gz,ERR8314733.x.s__Fimisoma sp002320005,18f2ccb2,5980000,51,DNA,10000,598,True,0.9013847318223664,0.9178163089665942,0.9096005203944804,0.9178163089665942,True,47,3002,4375,d__Bacteria;p__Bacillota;c__Clostridia;o__Oscillospirales;f__Ruminococcaceae;g__Faecalibacterium;s__Faecalibacterium sp003449675
10000,0.0016722408026755853,0.00510204081632653,0.0016722408026755853,0.001142857142857143,5.0,5.0,0.0,/group/ctbrowngrp5/sourmash-db.new/gtdb-rs226/gtdb-rs226-k51.dna.rocksdb,GCA_041333455.1 Lactobacillus acidophilus,1a3d93e47996eb5d157c2cb5564aa78d,0.00510204081632653,10000,54,4330000,outputs.mapping/bams.cds.rand/ERR8314733.x.s__Fimisoma sp002320005.fastq.gz,ERR8314733.x.s__Fimisoma sp002320005,18f2ccb2,5980000,51,DNA,10000,598,True,0.8821752693905812,0.9016828355623467,0.891929052476464,0.9016828355623467,True,5,3007,4375,d__Bacteria;p__Bacillota;c__Bacilli;o__Lactobacillales;f__Lactobacillaceae;g__Lactobacillus;s__Lactobacillus acidophilus
10000,0.0016722408026755853,0.0035587188612099642,0.0016722408026755853,0.00022857142857142857,1.0,1.0,0.0,/group/ctbrowngrp5/sourmash-db.new/gtdb-rs226/gtdb-rs226-k51.dna.rocksdb,GCF_039503375.1 Ligaoa zhengdingensis,b85c6f5c3cd1ecd2eb78b676eb3fec34,0.0035587188612099642,10000,55,4320000,outputs.mapping/bams.cds.rand/ERR8314733.x.s__Fimisoma sp002320005.fastq.gz,ERR8314733.x.s__Fimisoma sp002320005,18f2ccb2,5980000,51,DNA,10000,598,True,0.8821752693905812,0.8953362133195951,0.8887557413550882,0.8953362133195951,True,1,3008,4375,d__Bacteria;p__Bacillota;c__Clostridia;o__Oscillospirales;f__Ruminococcaceae;g__Ligaoa;s__Ligaoa zhengdingensis
10000,0.0016722408026755853,0.004291845493562232,0.0016722408026755853,0.0006857142857142857,3.0,3.0,0.0,/group/ctbrowngrp5/sourmash-db.new/gtdb-rs226/gtdb-rs226-k51.dna.rocksdb,GCF_900011445.1 Streptococcus suis,5db85f169dd5c99969d7d1df9a4078d3,0.004291845493562232,10000,56,4310000,outputs.mapping/bams.cds.rand/ERR8314733.x.s__Fimisoma sp002320005.fastq.gz,ERR8314733.x.s__Fimisoma sp002320005,18f2ccb2,5980000,51,DNA,10000,598,True,0.8821752693905812,0.8986307105512661,0.8904029899709236,0.8986307105512661,True,3,3011,4375,d__Bacteria;p__Bacillota;c__Bacilli;o__Lactobacillales;f__Streptococcaceae;g__Streptococcus;s__Streptococcus suis
20000,0.0033444816053511705,0.002849002849002849,0.0016722408026755853,0.00045714285714285713,2.0,2.0,0.0,/group/ctbrowngrp5/sourmash-db.new/gtdb-rs226/gtdb-rs226-k51.dna.rocksdb,GCA_027680905.1 Lachnospiraceae bacterium AF66-18pH10TA,333e4d209a67fe87c59a9b69c00af905,0.005698005698005698,10000,57,4300000,outputs.mapping/bams.cds.rand/ERR8314733.x.s__Fimisoma sp002320005.fastq.gz,ERR8314733.x.s__Fimisoma sp002320005,18f2ccb2,5980000,51,DNA,10000,598,True,0.8942468678440603,0.9036381676457232,0.8989425177448918,0.9036381676457232,True,2,3013,4375,d__Bacteria;p__Bacillota;c__Clostridia;o__Lachnospirales;f__Lachnospiraceae;g__Pilosibacter;s__Pilosibacter fragilis
10000,0.0016722408026755853,0.004807692307692308,0.0016722408026755853,0.00045714285714285713,2.0,2.0,0.0,/group/ctbrowngrp5/sourmash-db.new/gtdb-rs226/gtdb-rs226-k51.dna.rocksdb,GCF_025144545.1 Acidaminococcus intestini,f87f706dea65d8ac6f7253e4fe642d16,0.004807692307692308,10000,58,4290000,outputs.mapping/bams.cds.rand/ERR8314733.x.s__Fimisoma sp002320005.fastq.gz,ERR8314733.x.s__Fimisoma sp002320005,18f2ccb2,5980000,51,DNA,10000,598,True,0.8821752693905812,0.9006328380135685,0.8914040537020749,0.9006328380135685,True,2,3015,4375,d__Bacteria;p__Bacillota;c__Negativicutes;o__Acidaminococcales;f__Acidaminococcaceae;g__Acidaminococcus;s__Acidaminococcus intestini
10000,0.0016722408026755853,0.0011862396204033216,0.0016722408026755853,0.00022857142857142857,1.0,1.0,0.0,/group/ctbrowngrp5/sourmash-db.new/gtdb-rs226/gtdb-rs226-k51.dna.rocksdb,GCF_040638345.1 Kribbella sp. NPDC026611,e7e01f8d500b61b192194946ef8e2a34,0.0011862396204033216,10000,59,4280000,outputs.mapping/bams.cds.rand/ERR8314733.x.s__Fimisoma sp002320005.fastq.gz,ERR8314733.x.s__Fimisoma sp002320005,18f2ccb2,5980000,51,DNA,10000,598,True,0.8821752693905812,0.8762556512173197,0.8792154603039505,0.8821752693905812,True,1,3016,4375,d__Bacteria;p__Actinomycetota;c__Actinomycetes;o__Propionibacteriales;f__Kribbellaceae;g__Kribbella;s__Kribbella sp040638345
10000,0.0016722408026755853,0.003952569169960474,0.0016722408026755853,0.00022857142857142857,1.0,1.0,0.0,/group/ctbrowngrp5/sourmash-db.new/gtdb-rs226/gtdb-rs226-k51.dna.rocksdb,GCA_949111085.1 uncultured Lachnospiraceae bacterium,90daa4410fe64b7c2a452028a0182deb,0.003952569169960474,10000,60,4270000,outputs.mapping/bams.cds.rand/ERR8314733.x.s__Fimisoma sp002320005.fastq.gz,ERR8314733.x.s__Fimisoma sp002320005,18f2ccb2,5980000,51,DNA,10000,598,True,0.8821752693905812,0.8971808389049852,0.8896780541477832,0.8971808389049852,True,1,3017,4375,d__Bacteria;p__Bacillota;c__Clostridia;o__Lachnospirales;f__Lachnospiraceae;g__UBA3282;s__UBA3282 sp009774175
40000,0.006688963210702341,0.003484320557491289,0.0016722408026755853,0.00022857142857142857,1.0,1.0,0.0,/group/ctbrowngrp5/sourmash-db.new/gtdb-rs226/gtdb-rs226-k51.dna.rocksdb,GCA_027684195.1 Lachnospiraceae bacterium AF22-4AC,a35074dd6ce4e08b4a97556ddbe73827,0.013937282229965157,10000,61,4260000,outputs.mapping/bams.cds.rand/ERR8314733.x.s__Fimisoma sp002320005.fastq.gz,ERR8314733.x.s__Fimisoma sp002320005,18f2ccb2,5980000,51,DNA,10000,598,True,0.9064836528475121,0.919626198805456,0.9130549258264841,0.919626198805456,True,1,3018,4375,d__Bacteria;p__Bacillota;c__Clostridia;o__Lachnospirales;f__Lachnospiraceae;g__Coprococcus;s__Coprococcus sp000154245
10000,0.0016722408026755853,0.005434782608695652,0.0016722408026755853,0.00022857142857142857,1.0,1.0,0.0,/group/ctbrowngrp5/sourmash-db.new/gtdb-rs226/gtdb-rs226-k51.dna.rocksdb,GCA_037261485.1 bacterium,d8b4907dc68826563d44f0e573756342,0.005434782608695652,10000,62,4250000,outputs.mapping/bams.cds.rand/ERR8314733.x.s__Fimisoma sp002320005.fastq.gz,ERR8314733.x.s__Fimisoma sp002320005,18f2ccb2,5980000,51,DNA,10000,598,True,0.8821752693905812,0.9028005342164377,0.8924879018035095,0.9028005342164377,True,1,3019,4375,d__Bacteria;p__Bacillota;c__Clostridia;o__Oscillospirales;f__Acutalibacteraceae;g__Fimenecus;s__Fimenecus sp000432435
10000,0.0016722408026755853,0.005555555555555556,0.0016722408026755853,0.00022857142857142857,1.0,1.0,0.0,/group/ctbrowngrp5/sourmash-db.new/gtdb-rs226/gtdb-rs226-k51.dna.rocksdb,GCA_945867175.1 uncultured Clostridia bacterium,4b1376242b439b19087c266d0ff7f6c7,0.005555555555555556,10000,63,4240000,outputs.mapping/bams.cds.rand/ERR8314733.x.s__Fimisoma sp002320005.fastq.gz,ERR8314733.x.s__Fimisoma sp002320005,18f2ccb2,5980000,51,DNA,10000,598,True,0.8821752693905812,0.9031896880401206,0.8926824787153509,0.9031896880401206,True,1,3020,4375,d__Bacteria;p__Bacillota;c__Clostridia;o__Oscillospirales;f__Acutalibacteraceae;g__Eubacterium_R;s__Eubacterium_R coprostanoligenes
10000,0.0016722408026755853,0.002570694087403599,0.0016722408026755853,0.00022857142857142857,1.0,1.0,0.0,/group/ctbrowngrp5/sourmash-db.new/gtdb-rs226/gtdb-rs226-k51.dna.rocksdb,GCA_036776475.1 Acinetobacter johnsonii,77a0cf2b7d59604dd76809987eb0cbc8,0.002570694087403599,10000,64,4230000,outputs.mapping/bams.cds.rand/ERR8314733.x.s__Fimisoma sp002320005.fastq.gz,ERR8314733.x.s__Fimisoma sp002320005,18f2ccb2,5980000,51,DNA,10000,598,True,0.8821752693905812,0.8896448611500511,0.8859100652703162,0.8896448611500511,True,1,3021,4375,d__Bacteria;p__Pseudomonadota;c__Gammaproteobacteria;o__Pseudomonadales;f__Moraxellaceae;g__Acinetobacter;s__Acinetobacter johnsonii
10000,0.0016722408026755853,0.003205128205128205,0.0016722408026755853,0.0009142857142857143,4.0,4.0,0.0,/group/ctbrowngrp5/sourmash-db.new/gtdb-rs226/gtdb-rs226-k51.dna.rocksdb,GCA_905201525.1 uncultured Bacteroides sp.,de890a48e20795e9cda754aca8856462,0.003205128205128205,10000,65,4220000,outputs.mapping/bams.cds.rand/ERR8314733.x.s__Fimisoma sp002320005.fastq.gz,ERR8314733.x.s__Fimisoma sp002320005,18f2ccb2,5980000,51,DNA,10000,598,True,0.8821752693905812,0.8935009281140744,0.8878380987523278,0.8935009281140744,True,4,3025,4375,d__Bacteria;p__Bacteroidota;c__Bacteroidia;o__Bacteroidales;f__Bacteroidaceae;g__Phocaeicola_A;s__Phocaeicola_A sp900291465
10000,0.0016722408026755853,0.0022935779816513763,0.0016722408026755853,0.00045714285714285713,2.0,2.0,0.0,/group/ctbrowngrp5/sourmash-db.new/gtdb-rs226/gtdb-rs226-k51.dna.rocksdb,GCA_948503745.1 uncultured Lachnospiraceae bacterium,62e3f5a45c8013c4754d266faa2af306,0.0022935779816513763,10000,66,4210000,outputs.mapping/bams.cds.rand/ERR8314733.x.s__Fimisoma sp002320005.fastq.gz,ERR8314733.x.s__Fimisoma sp002320005,18f2ccb2,5980000,51,DNA,10000,598,True,0.8821752693905812,0.8876573693695844,0.8849163193800829,0.8876573693695844,True,2,3027,4375,d__Bacteria;p__Bacillota;c__Clostridia;o__Lachnospirales;f__Lachnospiraceae;g__UBA3282;s__UBA3282 sp003612405
10000,0.0016722408026755853,0.0025252525252525255,0.0016722408026755853,0.00022857142857142857,1.0,1.0,0.0,/group/ctbrowngrp5/sourmash-db.new/gtdb-rs226/gtdb-rs226-k51.dna.rocksdb,GCA_948490215.1 uncultured Lachnospiraceae bacterium,f0c5d78e78e9eb4043e6c53785629eab,0.0025252525252525255,10000,67,4200000,outputs.mapping/bams.cds.rand/ERR8314733.x.s__Fimisoma sp002320005.fastq.gz,ERR8314733.x.s__Fimisoma sp002320005,18f2ccb2,5980000,51,DNA,10000,598,True,0.8821752693905812,0.8893338038099182,0.8857545366002497,0.8893338038099182,True,1,3028,4375,d__Bacteria;p__Bacillota;c__Clostridia;o__Lachnospirales;f__Lachnospiraceae;g__Suilimivivens;s__Suilimivivens sp009917455
30000,0.005016722408026756,0.007692307692307693,0.0016722408026755853,0.002514285714285714,11.0,11.0,0.0,/group/ctbrowngrp5/sourmash-db.new/gtdb-rs226/gtdb-rs226-k51.dna.rocksdb,GCA_035647315.1 Oscillospiraceae bacterium,a4676e5dd4d0ddeb3a953ce1c5b88f23,0.023076923076923078,10000,68,4190000,outputs.mapping/bams.cds.rand/ERR8314733.x.s__Fimisoma sp002320005.fastq.gz,ERR8314733.x.s__Fimisoma sp002320005,18f2ccb2,5980000,51,DNA,10000,598,True,0.9013847318223664,0.9287641620644111,0.9150744469433888,0.9287641620644111,True,11,3039,4375,d__Bacteria;p__Bacillota;c__Clostridia;o__Saccharofermentanales;f__DTU023;g__DTU032;s__DTU032 sp012728535
10000,0.0016722408026755853,0.00425531914893617,0.0016722408026755853,0.0006857142857142857,3.0,3.0,0.0,/group/ctbrowngrp5/sourmash-db.new/gtdb-rs226/gtdb-rs226-k51.dna.rocksdb,GCA_034171385.1 Agathobacter sp.,1bee46cbb4e96c5ec07c73d678babce4,0.00425531914893617,10000,69,4180000,outputs.mapping/bams.cds.rand/ERR8314733.x.s__Fimisoma sp002320005.fastq.gz,ERR8314733.x.s__Fimisoma sp002320005,18f2ccb2,5980000,51,DNA,10000,598,True,0.8821752693905812,0.8984801221677612,0.8903276957791713,0.8984801221677612,True,3,3042,4375,d__Bacteria;p__Bacillota;c__Clostridia;o__Lachnospirales;f__Lachnospiraceae;g__Agathobacter;s__Agathobacter sp900549895
10000,0.0016722408026755853,0.002849002849002849,0.0016722408026755853,0.00022857142857142857,1.0,1.0,0.0,/group/ctbrowngrp5/sourmash-db.new/gtdb-rs226/gtdb-rs226-k51.dna.rocksdb,GCA_028310265.1 Blautia wexlerae,3b3ebeefbb8978cf20f7e28e0f78ff7c,0.002849002849002849,10000,70,4170000,outputs.mapping/bams.cds.rand/ERR8314733.x.s__Fimisoma sp002320005.fastq.gz,ERR8314733.x.s__Fimisoma sp002320005,18f2ccb2,5980000,51,DNA,10000,598,True,0.8821752693905812,0.8914397943560793,0.8868075318733303,0.8914397943560793,True,1,3043,4375,d__Bacteria;p__Bacillota;c__Clostridia;o__Lachnospirales;f__Lachnospiraceae;g__Fusicatenibacter;s__Fusicatenibacter saccharivorans
10000,0.0016722408026755853,0.003367003367003367,0.0016722408026755853,0.00022857142857142857,1.0,1.0,0.0,/group/ctbrowngrp5/sourmash-db.new/gtdb-rs226/gtdb-rs226-k51.dna.rocksdb,GCF_002300465.1 Fibrobacter sp. NR9,a7efd02fa2fb0aab3a7ce7e3dd215aa3,0.003367003367003367,10000,71,4160000,outputs.mapping/bams.cds.rand/ERR8314733.x.s__Fimisoma sp002320005.fastq.gz,ERR8314733.x.s__Fimisoma sp002320005,18f2ccb2,5980000,51,DNA,10000,598,True,0.8821752693905812,0.8943645555749845,0.8882699124827829,0.8943645555749845,True,1,3044,4375,d__Bacteria;p__Fibrobacterota;c__Fibrobacteria;o__Fibrobacterales;f__Fibrobacteraceae;g__Hallerella;s__Hallerella intestinalis
20000,0.0033444816053511705,0.006097560975609756,0.0016722408026755853,0.0016,7.0,7.0,0.0,/group/ctbrowngrp5/sourmash-db.new/gtdb-rs226/gtdb-rs226-k51.dna.rocksdb,GCA_004558825.1 Clostridiales bacterium,12a92cec39cf7125a02fc53e50ee926b,0.012195121951219513,10000,72,4150000,outputs.mapping/bams.cds.rand/ERR8314733.x.s__Fimisoma sp002320005.fastq.gz,ERR8314733.x.s__Fimisoma sp002320005,18f2ccb2,5980000,51,DNA,10000,598,True,0.8942468678440603,0.9172215253297448,0.9057341965869026,0.9172215253297448,True,7,3051,4375,d__Bacteria;p__Bacillota;c__Clostridia;o__Christensenellales;f__CAG-138;g__SFDB01;s__SFDB01 sp004558825
10000,0.0016722408026755853,0.0034129692832764505,0.0016722408026755853,0.00045714285714285713,2.0,2.0,0.0,/group/ctbrowngrp5/sourmash-db.new/gtdb-rs226/gtdb-rs226-k51.dna.rocksdb,GCA_017622575.1 Lachnospiraceae bacterium,ff2fe3839f314dda53d5ebe2455bfe37,0.0034129692832764505,10000,73,4140000,outputs.mapping/bams.cds.rand/ERR8314733.x.s__Fimisoma sp002320005.fastq.gz,ERR8314733.x.s__Fimisoma sp002320005,18f2ccb2,5980000,51,DNA,10000,598,True,0.8821752693905812,0.8946023746949219,0.8883888220427516,0.8946023746949219,True,2,3053,4375,d__Bacteria;p__Bacillota;c__Clostridia;o__Lachnospirales;f__Lachnospiraceae;g__Suilimivivens;s__Suilimivivens sp017622575
10000,0.0016722408026755853,0.0036900369003690036,0.0016722408026755853,0.00022857142857142857,1.0,1.0,0.0,/group/ctbrowngrp5/sourmash-db.new/gtdb-rs226/gtdb-rs226-k51.dna.rocksdb,GCA_945868505.1 uncultured Clostridia bacterium,71b2072cad29730a32008940f7006bd6,0.0036900369003690036,10000,74,4130000,outputs.mapping/bams.cds.rand/ERR8314733.x.s__Fimisoma sp002320005.fastq.gz,ERR8314733.x.s__Fimisoma sp002320005,18f2ccb2,5980000,51,DNA,10000,598,True,0.8821752693905812,0.8959725818618104,0.8890739256261958,0.8959725818618104,True,1,3054,4375,d__Bacteria;p__Bacillota;c__Clostridia;o__Lachnospirales;f__Anaerotignaceae;g__Anaerotignum_A;s__Anaerotignum_A sp945868505
10000,0.0016722408026755853,0.003952569169960474,0.0016722408026755853,0.0013714285714285714,6.0,6.0,0.0,/group/ctbrowngrp5/sourmash-db.new/gtdb-rs226/gtdb-rs226-k51.dna.rocksdb,GCA_034114025.1 Candidatus Cryptobacteroides sp.,e7a62e54ca1aa9669dc1ebcd3d0e3b86,0.003952569169960474,10000,75,4120000,outputs.mapping/bams.cds.rand/ERR8314733.x.s__Fimisoma sp002320005.fastq.gz,ERR8314733.x.s__Fimisoma sp002320005,18f2ccb2,5980000,51,DNA,10000,598,True,0.8821752693905812,0.8971808389049852,0.8896780541477832,0.8971808389049852,True,6,3060,4375,d__Bacteria;p__Bacteroidota;c__Bacteroidia;o__Bacteroidales;f__UBA932;g__Cryptobacteroides;s__Cryptobacteroides sp034089285
20000,0.0033444816053511705,0.0025974025974025974,0.0016722408026755853,0.0006857142857142857,3.0,3.0,0.0,/group/ctbrowngrp5/sourmash-db.new/gtdb-rs226/gtdb-rs226-k51.dna.rocksdb,GCF_027660365.1 Mediterraneibacter gnavus,b7a7c051d835f14a4483221747846be9,0.005194805194805195,10000,76,4110000,outputs.mapping/bams.cds.rand/ERR8314733.x.s__Fimisoma sp002320005.fastq.gz,ERR8314733.x.s__Fimisoma sp002320005,18f2ccb2,5980000,51,DNA,10000,598,True,0.8942468678440603,0.9020014600237883,0.8981241639339244,0.9020014600237883,True,3,3063,4375,d__Bacteria;p__Bacillota;c__Clostridia;o__Lachnospirales;f__Lachnospiraceae;g__Ruminococcus_B;s__Ruminococcus_B gnavus
10000,0.0016722408026755853,0.004739336492890996,0.0016722408026755853,0.00045714285714285713,2.0,2.0,0.0,/group/ctbrowngrp5/sourmash-db.new/gtdb-rs226/gtdb-rs226-k51.dna.rocksdb,GCF_000426425.1 Bifidobacterium thermacidophilum subsp. thermacidophilum DSM 15837,1cc373c2e2290c9e0110fb5f719e00f1,0.004739336492890996,10000,77,4100000,outputs.mapping/bams.cds.rand/ERR8314733.x.s__Fimisoma sp002320005.fastq.gz,ERR8314733.x.s__Fimisoma sp002320005,18f2ccb2,5980000,51,DNA,10000,598,True,0.8821752693905812,0.900379988990409,0.8912776291904951,0.900379988990409,True,2,3065,4375,d__Bacteria;p__Actinomycetota;c__Actinomycetes;o__Actinomycetales;f__Bifidobacteriaceae;g__Bifidobacterium;s__Bifidobacterium thermacidophilum
10000,0.0016722408026755853,0.008771929824561403,0.0016722408026755853,0.00045714285714285713,2.0,2.0,0.0,/group/ctbrowngrp5/sourmash-db.new/gtdb-rs226/gtdb-rs226-k51.dna.rocksdb,GCA_022780765.1 Bacilli bacterium,9ce83249623a09edeafa0bcf6fab51a2,0.008771929824561403,10000,78,4090000,outputs.mapping/bams.cds.rand/ERR8314733.x.s__Fimisoma sp002320005.fastq.gz,ERR8314733.x.s__Fimisoma sp002320005,18f2ccb2,5980000,51,DNA,10000,598,True,0.8821752693905812,0.911315028588222,0.8967451489894016,0.911315028588222,True,2,3067,4375,d__Bacteria;p__Bacillota;c__Bacilli;o__RFN20;f__CAG-288;g__Enterosoma;s__Enterosoma sp022780765
10000,0.0016722408026755853,0.004347826086956522,0.0016722408026755853,0.002285714285714286,10.0,10.0,0.0,/group/ctbrowngrp5/sourmash-db.new/gtdb-rs226/gtdb-rs226-k51.dna.rocksdb,GCA_034178635.1 Bacteroidaceae bacterium,26afbd660950baefca763493b71a8f56,0.004347826086956522,10000,79,4080000,outputs.mapping/bams.cds.rand/ERR8314733.x.s__Fimisoma sp002320005.fastq.gz,ERR8314733.x.s__Fimisoma sp002320005,18f2ccb2,5980000,51,DNA,10000,598,True,0.8821752693905812,0.8988590824149439,0.8905171759027626,0.8988590824149439,True,10,3077,4375,d__Bacteria;p__Bacteroidota;c__Bacteroidia;o__Bacteroidales;f__Bacteroidaceae;g__Physcousia;s__Physcousia sp900766785
10000,0.0016722408026755853,0.004081632653061225,0.0016722408026755853,0.0096,42.0,42.0,0.0,/group/ctbrowngrp5/sourmash-db.new/gtdb-rs226/gtdb-rs226-k51.dna.rocksdb,GCA_900763825.1 uncultured Prevotella sp.,7f0118ff1001444d01de64a75678ed78,0.004081632653061225,10000,80,4070000,outputs.mapping/bams.cds.rand/ERR8314733.x.s__Fimisoma sp002320005.fastq.gz,ERR8314733.x.s__Fimisoma sp002320005,18f2ccb2,5980000,51,DNA,10000,598,True,0.8821752693905812,0.897746263416111,0.8899607664033461,0.897746263416111,True,42,3119,4375,d__Bacteria;p__Bacteroidota;c__Bacteroidia;o__Bacteroidales;f__Bacteroidaceae;g__Prevotella;s__Prevotella sp900552675
10000,0.0016722408026755853,0.002631578947368421,0.0016722408026755853,0.0077714285714285715,34.0,34.0,0.0,/group/ctbrowngrp5/sourmash-db.new/gtdb-rs226/gtdb-rs226-k51.dna.rocksdb,GCA_024399065.1 Fibrobacter sp.,8845ef7af15774a9c9b0e0f93c609b09,0.002631578947368421,10000,81,4060000,outputs.mapping/bams.cds.rand/ERR8314733.x.s__Fimisoma sp002320005.fastq.gz,ERR8314733.x.s__Fimisoma sp002320005,18f2ccb2,5980000,51,DNA,10000,598,True,0.8821752693905812,0.8900532860056227,0.8861142776981019,0.8900532860056227,True,34,3153,4375,d__Bacteria;p__Fibrobacterota;c__Fibrobacteria;o__Fibrobacterales;f__Fibrobacteraceae;g__Fibrobacter;s__Fibrobacter sp024399065
10000,0.0016722408026755853,0.003472222222222222,0.0016722408026755853,0.00022857142857142857,1.0,1.0,0.0,/group/ctbrowngrp5/sourmash-db.new/gtdb-rs226/gtdb-rs226-k51.dna.rocksdb,GCA_949292855.1 uncultured Eubacteriales bacterium,6eaf5274f8cc885609cf8860dac931d0,0.003472222222222222,10000,82,4050000,outputs.mapping/bams.cds.rand/ERR8314733.x.s__Fimisoma sp002320005.fastq.gz,ERR8314733.x.s__Fimisoma sp002320005,18f2ccb2,5980000,51,DNA,10000,598,True,0.8821752693905812,0.8949043474404382,0.8885398084155097,0.8949043474404382,True,1,3154,4375,d__Bacteria;p__Bacillota;c__Clostridia;o__Lachnospirales;f__Lachnospiraceae;g__Mediterraneibacter;s__Mediterraneibacter merdigallinarum
10000,0.0016722408026755853,0.004878048780487805,0.0016722408026755853,0.00022857142857142857,1.0,1.0,0.0,/group/ctbrowngrp5/sourmash-db.new/gtdb-rs226/gtdb-rs226-k51.dna.rocksdb,GCA_014869355.1 Oscillospiraceae bacterium,b2cfa88cb8acca51a741b6cd78e6d97c,0.004878048780487805,10000,83,4040000,outputs.mapping/bams.cds.rand/ERR8314733.x.s__Fimisoma sp002320005.fastq.gz,ERR8314733.x.s__Fimisoma sp002320005,18f2ccb2,5980000,51,DNA,10000,598,True,0.8821752693905812,0.9008894330777228,0.891532351234152,0.9008894330777228,True,1,3155,4375,d__Bacteria;p__Bacillota;c__Clostridia;o__Oscillospirales;f__Oscillospiraceae;g__Hominicoprocola;s__Hominicoprocola fusiformis
10000,0.0016722408026755853,0.0047169811320754715,0.0016722408026755853,0.00045714285714285713,2.0,2.0,0.0,/group/ctbrowngrp5/sourmash-db.new/gtdb-rs226/gtdb-rs226-k51.dna.rocksdb,GCA_017436575.1 Oscillospiraceae bacterium,ea675ee098406bd91b4416f043852ccf,0.0047169811320754715,10000,84,4030000,outputs.mapping/bams.cds.rand/ERR8314733.x.s__Fimisoma sp002320005.fastq.gz,ERR8314733.x.s__Fimisoma sp002320005,18f2ccb2,5980000,51,DNA,10000,598,True,0.8821752693905812,0.9002965198455473,0.8912358946180643,0.9002965198455473,True,2,3157,4375,d__Bacteria;p__Bacillota;c__Clostridia;o__Oscillospirales;f__Ruminococcaceae;g__RGIG3102;s__RGIG3102 sp017436575
20000,0.0033444816053511705,0.003424657534246575,0.0016722408026755853,0.00022857142857142857,1.0,1.0,0.0,/group/ctbrowngrp5/sourmash-db.new/gtdb-rs226/gtdb-rs226-k51.dna.rocksdb,GCA_948797145.1 uncultured Clostridia bacterium,2346845f84d428cdb90f78b8e029fb5b,0.00684931506849315,10000,85,4020000,outputs.mapping/bams.cds.rand/ERR8314733.x.s__Fimisoma sp002320005.fastq.gz,ERR8314733.x.s__Fimisoma sp002320005,18f2ccb2,5980000,51,DNA,10000,598,True,0.8942468678440603,0.9069048171321926,0.9005758424881265,0.9069048171321926,True,1,3158,4375,d__Bacteria;p__Bacillota;c__Clostridia;o__Lachnospirales;f__CAG-274;g__MGBC114079;s__MGBC114079 sp910579745
10000,0.0016722408026755853,0.005076142131979695,0.0016722408026755853,0.00022857142857142857,1.0,1.0,0.0,/group/ctbrowngrp5/sourmash-db.new/gtdb-rs226/gtdb-rs226-k51.dna.rocksdb,GCA_945833935.1 uncultured bacterium,aedcd3828044476405fe1ee1f6c72f91,0.005076142131979695,10000,86,4010000,outputs.mapping/bams.cds.rand/ERR8314733.x.s__Fimisoma sp002320005.fastq.gz,ERR8314733.x.s__Fimisoma sp002320005,18f2ccb2,5980000,51,DNA,10000,598,True,0.8821752693905812,0.9015928650194664,0.8918840672050239,0.9015928650194664,True,1,3159,4375,d__Bacteria;p__Bacteroidota;c__Bacteroidia;o__Bacteroidales;f__Paludibacteraceae;g__UBA4363;s__UBA4363 sp017937025
10000,0.0016722408026755853,0.0038461538461538464,0.0016722408026755853,0.00045714285714285713,2.0,2.0,0.0,/group/ctbrowngrp5/sourmash-db.new/gtdb-rs226/gtdb-rs226-k51.dna.rocksdb,GCA_038211425.1 Candidatus Limnocylindria bacterium,b6d89644025723a1d0150e825f001981,0.0038461538461538464,10000,87,4000000,outputs.mapping/bams.cds.rand/ERR8314733.x.s__Fimisoma sp002320005.fastq.gz,ERR8314733.x.s__Fimisoma sp002320005,18f2ccb2,5980000,51,DNA,10000,598,True,0.8821752693905812,0.896700849952713,0.8894380596716471,0.896700849952713,True,2,3161,4375,d__Bacteria;p__Chloroflexota;c__Limnocylindria;o__P2-11E;f__P2-11E;g__JALYKU01;s__JALYKU01 sp038211425
10000,0.0016722408026755853,0.0045662100456621,0.0016722408026755853,0.00045714285714285713,2.0,2.0,0.0,/group/ctbrowngrp5/sourmash-db.new/gtdb-rs226/gtdb-rs226-k51.dna.rocksdb,GCA_902492575.1 uncultured Coriobacteriia bacterium,829e6bee76cb03cfcd4eaafbb012a5f5,0.0045662100456621,10000,88,3990000,outputs.mapping/bams.cds.rand/ERR8314733.x.s__Fimisoma sp002320005.fastq.gz,ERR8314733.x.s__Fimisoma sp002320005,18f2ccb2,5980000,51,DNA,10000,598,True,0.8821752693905812,0.8997232408336094,0.8909492551120953,0.8997232408336094,True,2,3163,4375,d__Bacteria;p__Actinomycetota;c__Coriobacteriia;o__Coriobacteriales;f__QAMH01;g__QAMH01;s__QAMH01 sp900544245
10000,0.0016722408026755853,0.004366812227074236,0.0016722408026755853,0.00022857142857142857,1.0,1.0,0.0,/group/ctbrowngrp5/sourmash-db.new/gtdb-rs226/gtdb-rs226-k51.dna.rocksdb,GCA_037066775.1 Lachnospiraceae bacterium,7d15a4de2b1640e12513dac9557baf95,0.004366812227074236,10000,89,3980000,outputs.mapping/bams.cds.rand/ERR8314733.x.s__Fimisoma sp002320005.fastq.gz,ERR8314733.x.s__Fimisoma sp002320005,18f2ccb2,5980000,51,DNA,10000,598,True,0.8821752693905812,0.8989358818428389,0.8905555756167101,0.8989358818428389,True,1,3164,4375,d__Bacteria;p__Bacillota;c__Clostridia;o__Lachnospirales;f__Lachnospiraceae;g__Roseburia_D;s__Roseburia_D yibonii
10000,0.0016722408026755853,0.0047169811320754715,0.0016722408026755853,0.00045714285714285713,2.0,2.0,0.0,/group/ctbrowngrp5/sourmash-db.new/gtdb-rs226/gtdb-rs226-k51.dna.rocksdb,GCA_028723725.1 Lachnospiraceae bacterium,c815f471295c27efe56ec1faa58947cc,0.0047169811320754715,10000,90,3970000,outputs.mapping/bams.cds.rand/ERR8314733.x.s__Fimisoma sp002320005.fastq.gz,ERR8314733.x.s__Fimisoma sp002320005,18f2ccb2,5980000,51,DNA,10000,598,True,0.8821752693905812,0.9002965198455473,0.8912358946180643,0.9002965198455473,True,2,3166,4375,d__Bacteria;p__Bacillota;c__Clostridia;o__Lachnospirales;f__Lachnospiraceae;g__Agathobacter;s__Agathobacter sp945868435
20000,0.0033444816053511705,0.002325581395348837,0.0016722408026755853,0.0016,7.0,7.0,0.0,/group/ctbrowngrp5/sourmash-db.new/gtdb-rs226/gtdb-rs226-k51.dna.rocksdb,GCA_948971875.1 uncultured Kineothrix sp.,6ca565598475daaf48b58be9d6c3f921,0.004651162790697674,10000,91,3960000,outputs.mapping/bams.cds.rand/ERR8314733.x.s__Fimisoma sp002320005.fastq.gz,ERR8314733.x.s__Fimisoma sp002320005,18f2ccb2,5980000,51,DNA,10000,598,True,0.8942468678440603,0.90004850019656,0.8971476840203101,0.90004850019656,True,7,3173,4375,d__Bacteria;p__Bacillota;c__Clostridia;o__Lachnospirales;f__Lachnospiraceae;g__Kineothrix;s__Kineothrix sp910579935
10000,0.0016722408026755853,0.0035087719298245615,0.0016722408026755853,0.00022857142857142857,1.0,1.0,0.0,/group/ctbrowngrp5/sourmash-db.new/gtdb-rs226/gtdb-rs226-k51.dna.rocksdb,GCA_004552515.1 Clostridiales bacterium,a3899496ca6e12975bd8a52d305f91f5,0.0035087719298245615,10000,92,3950000,outputs.mapping/bams.cds.rand/ERR8314733.x.s__Fimisoma sp002320005.fastq.gz,ERR8314733.x.s__Fimisoma sp002320005,18f2ccb2,5980000,51,DNA,10000,598,True,0.8821752693905812,0.8950881077119309,0.8886316885512561,0.8950881077119309,True,1,3174,4375,d__Bacteria;p__Bacillota;c__Clostridia;o__Christensenellales;f__Aristaeellaceae;g__Firm-10;s__Firm-10 sp004552515
20000,0.0033444816053511705,0.0043859649122807015,0.0016722408026755853,0.00022857142857142857,1.0,1.0,0.0,/group/ctbrowngrp5/sourmash-db.new/gtdb-rs226/gtdb-rs226-k51.dna.rocksdb,GCF_900291955.1 Pseudoruminococcus massiliensis,3a0dad474a3dde7c83bdcb418ce96116,0.008771929824561403,10000,93,3940000,outputs.mapping/bams.cds.rand/ERR8314733.x.s__Fimisoma sp002320005.fastq.gz,ERR8314733.x.s__Fimisoma sp002320005,18f2ccb2,5980000,51,DNA,10000,598,True,0.8942468678440603,0.911315028588222,0.9027809482161411,0.911315028588222,True,1,3175,4375,d__Bacteria;p__Bacillota;c__Clostridia;o__Oscillospirales;f__Acutalibacteraceae;g__Pseudoruminococcus;s__Pseudoruminococcus massiliensis
10000,0.0016722408026755853,0.005,0.0016722408026755853,0.00022857142857142857,1.0,1.0,0.0,/group/ctbrowngrp5/sourmash-db.new/gtdb-rs226/gtdb-rs226-k51.dna.rocksdb,GCA_902802315.1 uncultured Bifidobacteriaceae bacterium,a08765fa1efa736d3435d6383f8322cf,0.005,10000,94,3930000,outputs.mapping/bams.cds.rand/ERR8314733.x.s__Fimisoma sp002320005.fastq.gz,ERR8314733.x.s__Fimisoma sp002320005,18f2ccb2,5980000,51,DNA,10000,598,True,0.8821752693905812,0.9013257213104922,0.8917504953505366,0.9013257213104922,True,1,3176,4375,d__Bacteria;p__Actinomycetota;c__Actinomycetes;o__Actinomycetales;f__Bifidobacteriaceae;g__Pseudoscardovia;s__Pseudoscardovia suis
10000,0.0016722408026755853,0.0058823529411764705,0.0016722408026755853,0.00022857142857142857,1.0,1.0,0.0,/group/ctbrowngrp5/sourmash-db.new/gtdb-rs226/gtdb-rs226-k51.dna.rocksdb,GCA_963598545.1 Gemmiger formicilis,8df66bc491edc8aac21968d6c6a7f1c7,0.0058823529411764705,10000,95,3920000,outputs.mapping/bams.cds.rand/ERR8314733.x.s__Fimisoma sp002320005.fastq.gz,ERR8314733.x.s__Fimisoma sp002320005,18f2ccb2,5980000,51,DNA,10000,598,True,0.8821752693905812,0.9042025082392618,0.8931888888149215,0.9042025082392618,True,1,3177,4375,d__Bacteria;p__Bacillota;c__Clostridia;o__Oscillospirales;f__Acutalibacteraceae;g__Eubacterium_R;s__Eubacterium_R sp900542875
10000,0.0016722408026755853,0.007194244604316547,0.0016722408026755853,0.00022857142857142857,1.0,1.0,0.0,/group/ctbrowngrp5/sourmash-db.new/gtdb-rs226/gtdb-rs226-k51.dna.rocksdb,GCA_946998035.1 uncultured Peptostreptococcaceae bacterium,6e0ea5df90f20a58251d235eee2e9e24,0.007194244604316547,10000,96,3910000,outputs.mapping/bams.cds.rand/ERR8314733.x.s__Fimisoma sp002320005.fastq.gz,ERR8314733.x.s__Fimisoma sp002320005,18f2ccb2,5980000,51,DNA,10000,598,True,0.8821752693905812,0.9077789375722995,0.8949771034814404,0.9077789375722995,True,1,3178,4375,d__Bacteria;p__Bacillota;c__Clostridia;o__Tissierellales;f__Peptoniphilaceae;g__CAMYOU01;s__CAMYOU01 sp947283485
20000,0.0033444816053511705,0.003257328990228013,0.0016722408026755853,0.0006857142857142857,3.0,3.0,0.0,/group/ctbrowngrp5/sourmash-db.new/gtdb-rs226/gtdb-rs226-k51.dna.rocksdb,GCA_022775005.1 Parabacteroides sp.,9123f60340b29dd454753d7e3bb7de47,0.006514657980456026,10000,97,3900000,outputs.mapping/bams.cds.rand/ERR8314733.x.s__Fimisoma sp002320005.fastq.gz,ERR8314733.x.s__Fimisoma sp002320005,18f2ccb2,5980000,51,DNA,10000,598,True,0.8942468678440603,0.9060144615252204,0.9001306646846403,0.9060144615252204,True,3,3181,4375,d__Bacteria;p__Bacteroidota;c__Bacteroidia;o__Bacteroidales;f__Tannerellaceae;g__Parabacteroides;s__Parabacteroides sp022775005
30000,0.005016722408026756,0.0035460992907801418,0.0016722408026755853,0.001142857142857143,5.0,5.0,0.0,/group/ctbrowngrp5/sourmash-db.new/gtdb-rs226/gtdb-rs226-k51.dna.rocksdb,GCA_963656025.1 uncultured Eubacteriales bacterium,52a5d5d77f21c29a52347102bdcaa344,0.010638297872340425,10000,98,3890000,outputs.mapping/bams.cds.rand/ERR8314733.x.s__Fimisoma sp002320005.fastq.gz,ERR8314733.x.s__Fimisoma sp002320005,18f2ccb2,5980000,51,DNA,10000,598,True,0.9013847318223664,0.9147685363760626,0.9080766340992146,0.9147685363760626,True,5,3186,4375,d__Bacteria;p__Bacteroidota;c__Bacteroidia;o__Bacteroidales;f__Paludibacteraceae;g__Colicola;s__Colicola sp963635385
10000,0.0016722408026755853,0.0031645569620253164,0.0016722408026755853,0.00045714285714285713,2.0,2.0,0.0,/group/ctbrowngrp5/sourmash-db.new/gtdb-rs226/gtdb-rs226-k51.dna.rocksdb,GCA_937957755.1 uncultured Clostridia bacterium,85ae76067b2c72006111f4072863965c,0.0031645569620253164,10000,99,3880000,outputs.mapping/bams.cds.rand/ERR8314733.x.s__Fimisoma sp002320005.fastq.gz,ERR8314733.x.s__Fimisoma sp002320005,18f2ccb2,5980000,51,DNA,10000,598,True,0.8821752693905812,0.8932777730178594,0.8877265212042202,0.8932777730178594,True,2,3188,4375,d__Bacteria;p__Bacillota;c__Clostridia;o__Oscillospirales;f__Oscillospiraceae;g__Faecousia;s__Faecousia sp900540635
10000,0.0016722408026755853,0.004166666666666667,0.0016722408026755853,0.00022857142857142857,1.0,1.0,0.0,/group/ctbrowngrp5/sourmash-db.new/gtdb-rs226/gtdb-rs226-k51.dna.rocksdb,GCA_017525875.1 Clostridia bacterium,92fb8e227f9ccc72950c51ab4e1e7c06,0.004166666666666667,10000,100,3870000,outputs.mapping/bams.cds.rand/ERR8314733.x.s__Fimisoma sp002320005.fastq.gz,ERR8314733.x.s__Fimisoma sp002320005,18f2ccb2,5980000,51,DNA,10000,598,True,0.8821752693905812,0.8981092953870639,0.8901422823888225,0.8981092953870639,True,1,3189,4375,d__Bacteria;p__Bacillota;c__Clostridia;o__Christensenellales;f__CAG-138;g__PeH17;s__PeH17 sp017525875
10000,0.0016722408026755853,0.004032258064516129,0.0016722408026755853,0.00022857142857142857,1.0,1.0,0.0,/group/ctbrowngrp5/sourmash-db.new/gtdb-rs226/gtdb-rs226-k51.dna.rocksdb,GCA_946405075.1 uncultured Clostridia bacterium,44058eec90db578db0e6aefd0d607d94,0.004032258064516129,10000,101,3860000,outputs.mapping/bams.cds.rand/ERR8314733.x.s__Fimisoma sp002320005.fastq.gz,ERR8314733.x.s__Fimisoma sp002320005,18f2ccb2,5980000,51,DNA,10000,598,True,0.8821752693905812,0.8975320526456187,0.8898536610181,0.8975320526456187,True,1,3190,4375,d__Bacteria;p__Bacillota;c__Clostridia;o__Oscillospirales;f__Oscillospiraceae;g__Lawsonibacter;s__Lawsonibacter sp000177015
10000,0.0016722408026755853,0.004149377593360996,0.0016722408026755853,0.00022857142857142857,1.0,1.0,0.0,/group/ctbrowngrp5/sourmash-db.new/gtdb-rs226/gtdb-rs226-k51.dna.rocksdb,GCA_902476885.1 uncultured Firmicutes bacterium,0b1fe59a9a06a8fd37de047739152d64,0.004149377593360996,10000,102,3850000,outputs.mapping/bams.cds.rand/ERR8314733.x.s__Fimisoma sp002320005.fastq.gz,ERR8314733.x.s__Fimisoma sp002320005,18f2ccb2,5980000,51,DNA,10000,598,True,0.8821752693905812,0.8980360758706126,0.8901056726305969,0.8980360758706126,True,1,3191,4375,d__Bacteria;p__Bacillota;c__Clostridia;o__Oscillospirales;f__Acutalibacteraceae;g__Acutalibacter;s__Acutalibacter stercoravium
20000,0.0033444816053511705,0.0022624434389140274,0.0016722408026755853,0.00045714285714285713,2.0,2.0,0.0,/group/ctbrowngrp5/sourmash-db.new/gtdb-rs226/gtdb-rs226-k51.dna.rocksdb,GCA_030434875.1 Lachnospiraceae bacterium C1.1,a9afc0f670c510ba8e31cd0748d0d464,0.004524886877828055,10000,103,3840000,outputs.mapping/bams.cds.rand/ERR8314733.x.s__Fimisoma sp002320005.fastq.gz,ERR8314733.x.s__Fimisoma sp002320005,18f2ccb2,5980000,51,DNA,10000,598,True,0.8942468678440603,0.8995628755480881,0.8969048716960741,0.8995628755480881,True,2,3193,4375,d__Bacteria;p__Bacillota;c__Clostridia;o__Lachnospirales;f__Lachnospiraceae;g__NK4A144;s__NK4A144 sp024682575
10000,0.0016722408026755853,0.0037593984962406013,0.0016722408026755853,0.002514285714285714,11.0,11.0,0.0,/group/ctbrowngrp5/sourmash-db.new/gtdb-rs226/gtdb-rs226-k51.dna.rocksdb,GCA_022774945.1 Lachnobacterium sp.,af426f33d2866d663b77828fd6516469,0.0037593984962406013,10000,104,3830000,outputs.mapping/bams.cds.rand/ERR8314733.x.s__Fimisoma sp002320005.fastq.gz,ERR8314733.x.s__Fimisoma sp002320005,18f2ccb2,5980000,51,DNA,10000,598,True,0.8821752693905812,0.896299803565827,0.8892375364782041,0.896299803565827,True,11,3204,4375,d__Bacteria;p__Bacillota;c__Clostridia;o__Lachnospirales;f__Lachnospiraceae;g__Agathobacter;s__Agathobacter sp905209075
10000,0.0016722408026755853,0.003484320557491289,0.0016722408026755853,0.00022857142857142857,1.0,1.0,0.0,/group/ctbrowngrp5/sourmash-db.new/gtdb-rs226/gtdb-rs226-k51.dna.rocksdb,GCA_945497555.1 uncultured Prevotellaceae bacterium,8bf2c1e5bd842ee93aaaf5e4e525c891,0.003484320557491289,10000,105,3820000,outputs.mapping/bams.cds.rand/ERR8314733.x.s__Fimisoma sp002320005.fastq.gz,ERR8314733.x.s__Fimisoma sp002320005,18f2ccb2,5980000,51,DNA,10000,598,True,0.8821752693905812,0.8949653831278861,0.8885703262592337,0.8949653831278861,True,1,3205,4375,d__Bacteria;p__Bacteroidota;c__Bacteroidia;o__Bacteroidales;f__Bacteroidaceae;g__Physcousia;s__Physcousia sp945865175
10000,0.0016722408026755853,0.0033112582781456954,0.0016722408026755853,0.00022857142857142857,1.0,1.0,0.0,/group/ctbrowngrp5/sourmash-db.new/gtdb-rs226/gtdb-rs226-k51.dna.rocksdb,GCF_945948365.1 Subdoligranulum variabile,263f68e7ff1bf79b2dc1a6615f964b0b,0.0033112582781456954,10000,106,3810000,outputs.mapping/bams.cds.rand/ERR8314733.x.s__Fimisoma sp002320005.fastq.gz,ERR8314733.x.s__Fimisoma sp002320005,18f2ccb2,5980000,51,DNA,10000,598,True,0.8821752693905812,0.8940718327507637,0.8881235510706724,0.8940718327507637,True,1,3206,4375,d__Bacteria;p__Bacillota;c__Clostridia;o__Oscillospirales;f__Ruminococcaceae;g__Gemmiger;s__Gemmiger sp900545545
10000,0.0016722408026755853,0.004132231404958678,0.0016722408026755853,0.00045714285714285713,2.0,2.0,0.0,/group/ctbrowngrp5/sourmash-db.new/gtdb-rs226/gtdb-rs226-k51.dna.rocksdb,GCA_022775165.1 Faecalibacterium sp.,c5743aff689352e468540e80eacb61d7,0.004132231404958678,10000,107,3800000,outputs.mapping/bams.cds.rand/ERR8314733.x.s__Fimisoma sp002320005.fastq.gz,ERR8314733.x.s__Fimisoma sp002320005,18f2ccb2,5980000,51,DNA,10000,598,True,0.8821752693905812,0.8979631654737237,0.8900692174321525,0.8979631654737237,True,2,3208,4375,d__Bacteria;p__Bacillota;c__Clostridia;o__Oscillospirales;f__Ruminococcaceae;g__Faecalibacterium;s__Faecalibacterium wellingii
20000,0.0033444816053511705,0.0031847133757961785,0.0016722408026755853,0.00022857142857142857,1.0,1.0,0.0,/group/ctbrowngrp5/sourmash-db.new/gtdb-rs226/gtdb-rs226-k51.dna.rocksdb,GCA_902375945.1 Clostridiaceae bacterium,cc83538e580742ca11ee9ed5266d8f53,0.006369426751592357,10000,108,3790000,outputs.mapping/bams.cds.rand/ERR8314733.x.s__Fimisoma sp002320005.fastq.gz,ERR8314733.x.s__Fimisoma sp002320005,18f2ccb2,5980000,51,DNA,10000,598,True,0.8942468678440603,0.9056140341181776,0.899930450981119,0.9056140341181776,True,1,3209,4375,d__Bacteria;p__Bacillota;c__Clostridia;o__Lachnospirales;f__Lachnospiraceae;g__Enterocloster;s__Enterocloster sp001517625
10000,0.0016722408026755853,0.0006887052341597796,0.0016722408026755853,0.00045714285714285713,2.0,2.0,0.0,/group/ctbrowngrp5/sourmash-db.new/gtdb-rs226/gtdb-rs226-k51.dna.rocksdb,GCF_028553905.1 Sorangium sp. Soce836,b517cabca393fbeb4cb92c2d5852396b,0.0006887052341597796,10000,109,3780000,outputs.mapping/bams.cds.rand/ERR8314733.x.s__Fimisoma sp002320005.fastq.gz,ERR8314733.x.s__Fimisoma sp002320005,18f2ccb2,5980000,51,DNA,10000,598,True,0.8821752693905812,0.8669631824690007,0.874569225929791,0.8821752693905812,True,2,3211,4375,d__Bacteria;p__Myxococcota;c__Polyangia;o__Polyangiales;f__Polyangiaceae;g__Sorangium;s__Sorangium cellulosum_D
10000,0.0016722408026755853,0.0038314176245210726,0.0016722408026755853,0.00022857142857142857,1.0,1.0,0.0,/group/ctbrowngrp5/sourmash-db.new/gtdb-rs226/gtdb-rs226-k51.dna.rocksdb,GCA_946008185.1 uncultured Parabacteroides sp.,01b6b0b546c1975e79536ecc423b02e9,0.0038314176245210726,10000,110,3770000,outputs.mapping/bams.cds.rand/ERR8314733.x.s__Fimisoma sp002320005.fastq.gz,ERR8314733.x.s__Fimisoma sp002320005,18f2ccb2,5980000,51,DNA,10000,598,True,0.8821752693905812,0.8966333577089488,0.889404313549765,0.8966333577089488,True,1,3212,4375,d__Bacteria;p__Bacteroidota;c__Bacteroidia;o__Bacteroidales;f__Tannerellaceae;g__Parabacteroides;s__Parabacteroides sp946055095
10000,0.0016722408026755853,0.002976190476190476,0.0016722408026755853,0.00045714285714285713,2.0,2.0,0.0,/group/ctbrowngrp5/sourmash-db.new/gtdb-rs226/gtdb-rs226-k51.dna.rocksdb,GCF_039753555.1 Blautia obeum,d81029d5646b416dd8bbd88946322b31,0.002976190476190476,10000,111,3760000,outputs.mapping/bams.cds.rand/ERR8314733.x.s__Fimisoma sp002320005.fastq.gz,ERR8314733.x.s__Fimisoma sp002320005,18f2ccb2,5980000,51,DNA,10000,598,True,0.8821752693905812,0.8922035270086854,0.8871893981996333,0.8922035270086854,True,2,3214,4375,d__Bacteria;p__Bacillota;c__Clostridia;o__Lachnospirales;f__Lachnospiraceae;g__Blautia_A;s__Blautia_A obeum
10000,0.0016722408026755853,0.004524886877828055,0.0016722408026755853,0.07908571428571429,346.0,346.0,0.0,/group/ctbrowngrp5/sourmash-db.new/gtdb-rs226/gtdb-rs226-k51.dna.rocksdb,GCA_945912845.1 uncultured Bacteroidales bacterium,88a0c89c53a152cee5ec79844bb82a1a,0.004524886877828055,10000,112,3750000,outputs.mapping/bams.cds.rand/ERR8314733.x.s__Fimisoma sp002320005.fastq.gz,ERR8314733.x.s__Fimisoma sp002320005,18f2ccb2,5980000,51,DNA,10000,598,True,0.8821752693905812,0.8995628755480881,0.8908690724693347,0.8995628755480881,True,346,3560,4375,d__Bacteria;p__Bacteroidota;c__Bacteroidia;o__Bacteroidales;f__Bacteroidaceae;g__Alloprevotella;s__Alloprevotella sp004555425
20000,0.0033444816053511705,0.005405405405405406,0.0016722408026755853,0.005942857142857143,26.0,26.0,0.0,/group/ctbrowngrp5/sourmash-db.new/gtdb-rs226/gtdb-rs226-k51.dna.rocksdb,GCA_004558595.1 Phascolarctobacterium sp.,82f5ae137c37969242b7840b4f05f8d0,0.010810810810810811,10000,113,3740000,outputs.mapping/bams.cds.rand/ERR8314733.x.s__Fimisoma sp002320005.fastq.gz,ERR8314733.x.s__Fimisoma sp002320005,18f2ccb2,5980000,51,DNA,10000,598,True,0.8942468678440603,0.9150571131134657,0.904651990478763,0.9150571131134657,True,26,3586,4375,d__Bacteria;p__Bacillota;c__Negativicutes;o__Acidaminococcales;f__Acidaminococcaceae;g__Phascolarctobacterium_A;s__Phascolarctobacterium_A sp004558595
10000,0.0016722408026755853,0.0040650406504065045,0.0016722408026755853,0.00022857142857142857,1.0,1.0,0.0,/group/ctbrowngrp5/sourmash-db.new/gtdb-rs226/gtdb-rs226-k51.dna.rocksdb,GCA_945947085.1 uncultured Bacteroidales bacterium,50b0dd20daa6c647ebc5f41032b0c7b5,0.0040650406504065045,10000,114,3730000,outputs.mapping/bams.cds.rand/ERR8314733.x.s__Fimisoma sp002320005.fastq.gz,ERR8314733.x.s__Fimisoma sp002320005,18f2ccb2,5980000,51,DNA,10000,598,True,0.8821752693905812,0.8976745640706776,0.8899249167306293,0.8976745640706776,True,1,3587,4375,d__Bacteria;p__Bacteroidota;c__Bacteroidia;o__Bacteroidales;f__Bacteroidaceae;g__Prevotella;s__Prevotella sp004554665
20000,0.0033444816053511705,0.004347826086956522,0.0016722408026755853,0.00045714285714285713,2.0,2.0,0.0,/group/ctbrowngrp5/sourmash-db.new/gtdb-rs226/gtdb-rs226-k51.dna.rocksdb,GCA_946614955.1 uncultured Clostridia bacterium,8cd5f84e3e6ec8ead76569542d6185bb,0.008695652173913044,10000,115,3720000,outputs.mapping/bams.cds.rand/ERR8314733.x.s__Fimisoma sp002320005.fastq.gz,ERR8314733.x.s__Fimisoma sp002320005,18f2ccb2,5980000,51,DNA,10000,598,True,0.8942468678440603,0.9111589805028507,0.9027029241734554,0.9111589805028507,True,2,3589,4375,d__Bacteria;p__Bacillota;c__Clostridia;o__Oscillospirales;f__Ruminococcaceae;g__UBA3818;s__UBA3818 sp002369315
10000,0.0016722408026755853,0.005376344086021506,0.0016722408026755853,0.0009142857142857143,4.0,4.0,0.0,/group/ctbrowngrp5/sourmash-db.new/gtdb-rs226/gtdb-rs226-k51.dna.rocksdb,GCA_945992195.1 uncultured Oribacterium sp.,8ed60d9be1ac596ad7d1ec6cba0e8ac7,0.005376344086021506,10000,116,3710000,outputs.mapping/bams.cds.rand/ERR8314733.x.s__Fimisoma sp002320005.fastq.gz,ERR8314733.x.s__Fimisoma sp002320005,18f2ccb2,5980000,51,DNA,10000,598,True,0.8821752693905812,0.9026091799725088,0.892392224681545,0.9026091799725088,True,4,3593,4375,d__Bacteria;p__Bacillota;c__Clostridia;o__Lachnospirales;f__Lachnospiraceae;g__Oribacterium;s__Oribacterium sp004554245
10000,0.0016722408026755853,0.005291005291005291,0.0016722408026755853,0.002057142857142857,9.0,9.0,0.0,/group/ctbrowngrp5/sourmash-db.new/gtdb-rs226/gtdb-rs226-k51.dna.rocksdb,GCA_945830425.1 uncultured Bacteroidales bacterium,8e770a506e3a01ae02a9f8670bcb5c94,0.005291005291005291,10000,117,3700000,outputs.mapping/bams.cds.rand/ERR8314733.x.s__Fimisoma sp002320005.fastq.gz,ERR8314733.x.s__Fimisoma sp002320005,18f2ccb2,5980000,51,DNA,10000,598,True,0.8821752693905812,0.9023260468401526,0.8922506581153669,0.9023260468401526,True,9,3602,4375,d__Bacteria;p__Bacteroidota;c__Bacteroidia;o__Bacteroidales;f__Bacteroidaceae;g__Alloprevotella;s__Alloprevotella sp945836755
10000,0.0016722408026755853,0.008130081300813009,0.0016722408026755853,0.0009142857142857143,4.0,4.0,0.0,/group/ctbrowngrp5/sourmash-db.new/gtdb-rs226/gtdb-rs226-k51.dna.rocksdb,GCA_945835865.1 uncultured Clostridia bacterium,5d25aeb489d2e8c047e680bbbc143d39,0.008130081300813009,10000,118,3690000,outputs.mapping/bams.cds.rand/ERR8314733.x.s__Fimisoma sp002320005.fastq.gz,ERR8314733.x.s__Fimisoma sp002320005,18f2ccb2,5980000,51,DNA,10000,598,True,0.8821752693905812,0.9099582533276309,0.896066761359106,0.9099582533276309,True,4,3606,4375,d__Bacteria;p__Bacillota;c__Clostridia;o__Christensenellales;f__Borkfalkiaceae;g__UBA10281;s__UBA10281 sp945835865
10000,0.0016722408026755853,0.007518796992481203,0.0016722408026755853,0.00022857142857142857,1.0,1.0,0.0,/group/ctbrowngrp5/sourmash-db.new/gtdb-rs226/gtdb-rs226-k51.dna.rocksdb,GCA_934096605.1 uncultured Bacilli bacterium,c90f2aa47400d562bf7b7748cb5a7833,0.007518796992481203,10000,119,3680000,outputs.mapping/bams.cds.rand/ERR8314733.x.s__Fimisoma sp002320005.fastq.gz,ERR8314733.x.s__Fimisoma sp002320005,18f2ccb2,5980000,51,DNA,10000,598,True,0.8821752693905812,0.9085646807370644,0.8953699750638229,0.9085646807370644,True,1,3607,4375,d__Bacteria;p__Bacillota;c__Bacilli;o__RF39;f__UBA660;g__Ventrenecus;s__Ventrenecus sp934096605
10000,0.0016722408026755853,0.0043859649122807015,0.0016722408026755853,0.00045714285714285713,2.0,2.0,0.0,/group/ctbrowngrp5/sourmash-db.new/gtdb-rs226/gtdb-rs226-k51.dna.rocksdb,GCA_945949515.1 uncultured Prevotella sp.,dc156b0e6a3af5c9b9c6b3bb81641dca,0.0043859649122807015,10000,120,3670000,outputs.mapping/bams.cds.rand/ERR8314733.x.s__Fimisoma sp002320005.fastq.gz,ERR8314733.x.s__Fimisoma sp002320005,18f2ccb2,5980000,51,DNA,10000,598,True,0.8821752693905812,0.8990130239792933,0.8905941466849372,0.8990130239792933,True,2,3609,4375,d__Bacteria;p__Bacteroidota;c__Bacteroidia;o__Bacteroidales;f__Bacteroidaceae;g__Prevotella;s__Prevotella sp945827565
30000,0.005016722408026756,0.00510204081632653,0.0016722408026755853,0.00022857142857142857,1.0,1.0,0.0,/group/ctbrowngrp5/sourmash-db.new/gtdb-rs226/gtdb-rs226-k51.dna.rocksdb,GCA_905201905.1 uncultured Eubacteriales bacterium,94b22a21dd103a0483a86a69ec4e31cb,0.015306122448979591,10000,121,3660000,outputs.mapping/bams.cds.rand/ERR8314733.x.s__Fimisoma sp002320005.fastq.gz,ERR8314733.x.s__Fimisoma sp002320005,18f2ccb2,5980000,51,DNA,10000,598,True,0.9013847318223664,0.9213170773690638,0.9113509045957151,0.9213170773690638,True,1,3610,4375,d__Bacteria;p__Bacillota;c__Clostridia;o__Oscillospirales;f__Oscillospiraceae;g__F23-B02;s__F23-B02 sp002472405
30000,0.005016722408026756,0.0031446540880503146,0.0016722408026755853,0.00045714285714285713,2.0,2.0,0.0,/group/ctbrowngrp5/sourmash-db.new/gtdb-rs226/gtdb-rs226-k51.dna.rocksdb,GCF_902386895.1 Lachnoclostridium edouardi,6cd528a06abe977385d995605d696f97,0.009433962264150943,10000,122,3650000,outputs.mapping/bams.cds.rand/ERR8314733.x.s__Fimisoma sp002320005.fastq.gz,ERR8314733.x.s__Fimisoma sp002320005,18f2ccb2,5980000,51,DNA,10000,598,True,0.9013847318223664,0.9126160876839744,0.9070004097531704,0.9126160876839744,True,2,3612,4375,d__Bacteria;p__Bacillota;c__Clostridia;o__Lachnospirales;f__Lachnospiraceae;g__Lachnoclostridium_A;s__Lachnoclostridium_A edouardi
50000,0.008361204013377926,0.004608294930875576,0.0016722408026755853,0.0006857142857142857,3.0,3.0,0.0,/group/ctbrowngrp5/sourmash-db.new/gtdb-rs226/gtdb-rs226-k51.dna.rocksdb,GCA_945917585.1 uncultured Firmicutes bacterium,b70fcd2c576dbcd8467b57ad6ab73a3d,0.02304147465437788,10000,123,3640000,outputs.mapping/bams.cds.rand/ERR8314733.x.s__Fimisoma sp002320005.fastq.gz,ERR8314733.x.s__Fimisoma sp002320005,18f2ccb2,5980000,51,DNA,10000,598,True,0.9104585380063084,0.9287361669973476,0.919597352501828,0.9287361669973476,True,3,3615,4375,d__Bacteria;p__Bacillota;c__Clostridia;o__Peptostreptococcales;f__Anaerovoracaceae;g__Fimisoma;s__Fimisoma sp002320005
20000,0.0033444816053511705,0.002976190476190476,0.0016722408026755853,0.0006857142857142857,3.0,3.0,0.0,/group/ctbrowngrp5/sourmash-db.new/gtdb-rs226/gtdb-rs226-k51.dna.rocksdb,GCA_905215155.1 uncultured bacterium,9e9d82f50f198057abdc18d5750204b6,0.005952380952380952,10000,124,3630000,outputs.mapping/bams.cds.rand/ERR8314733.x.s__Fimisoma sp002320005.fastq.gz,ERR8314733.x.s__Fimisoma sp002320005,18f2ccb2,5980000,51,DNA,10000,598,True,0.8942468678440603,0.9044123511398208,0.8993296094919405,0.9044123511398208,True,3,3618,4375,d__Bacteria;p__Bacillota;c__Clostridia;o__Lachnospirales;f__Lachnospiraceae;g__Lacrimispora;s__Lacrimispora sp905215155
10000,0.0016722408026755853,0.002564102564102564,0.0016722408026755853,0.0064,28.0,28.0,0.0,/group/ctbrowngrp5/sourmash-db.new/gtdb-rs226/gtdb-rs226-k51.dna.rocksdb,GCF_002251435.1 Prevotella sp. P2-180,c5f49e122048abf7e20aaf9064685581,0.002564102564102564,10000,125,3620000,outputs.mapping/bams.cds.rand/ERR8314733.x.s__Fimisoma sp002320005.fastq.gz,ERR8314733.x.s__Fimisoma sp002320005,18f2ccb2,5980000,51,DNA,10000,598,True,0.8821752693905812,0.8896000765867677,0.8858876729886744,0.8896000765867677,True,28,3646,4375,d__Bacteria;p__Bacteroidota;c__Bacteroidia;o__Bacteroidales;f__Bacteroidaceae;g__Prevotella;s__Prevotella sp002251435
10000,0.0016722408026755853,0.005128205128205128,0.0016722408026755853,0.00045714285714285713,2.0,2.0,0.0,/group/ctbrowngrp5/sourmash-db.new/gtdb-rs226/gtdb-rs226-k51.dna.rocksdb,GCA_945787995.1 uncultured Lachnospiraceae bacterium,694160de6619f578951208a3f54f53ce,0.005128205128205128,10000,126,3610000,outputs.mapping/bams.cds.rand/ERR8314733.x.s__Fimisoma sp002320005.fastq.gz,ERR8314733.x.s__Fimisoma sp002320005,18f2ccb2,5980000,51,DNA,10000,598,True,0.8821752693905812,0.9017732753618344,0.8919742723762079,0.9017732753618344,True,2,3648,4375,d__Bacteria;p__Bacillota;c__Clostridia;o__Lachnospirales;f__Lachnospiraceae;g__CALZKI01;s__CALZKI01 sp945787995
10000,0.0016722408026755853,0.003937007874015748,0.0016722408026755853,0.0006857142857142857,3.0,3.0,0.0,/group/ctbrowngrp5/sourmash-db.new/gtdb-rs226/gtdb-rs226-k51.dna.rocksdb,GCA_029219845.1 Roseburia porci,bfc5c94b3f4b31d04b5ebfd98c031235,0.003937007874015748,10000,127,3600000,outputs.mapping/bams.cds.rand/ERR8314733.x.s__Fimisoma sp002320005.fastq.gz,ERR8314733.x.s__Fimisoma sp002320005,18f2ccb2,5980000,51,DNA,10000,598,True,0.8821752693905812,0.8971114459123445,0.8896433576514629,0.8971114459123445,True,3,3651,4375,d__Bacteria;p__Bacillota;c__Clostridia;o__Lachnospirales;f__Lachnospiraceae;g__Roseburia_A;s__Roseburia_A porci
20000,0.0033444816053511705,0.0031545741324921135,0.0016722408026755853,0.00022857142857142857,1.0,1.0,0.0,/group/ctbrowngrp5/sourmash-db.new/gtdb-rs226/gtdb-rs226-k51.dna.rocksdb,GCF_016901715.1 Gemmiger formicilis,f9f0c63547c23f438e773a2f34fd1aca,0.006309148264984227,10000,128,3590000,outputs.mapping/bams.cds.rand/ERR8314733.x.s__Fimisoma sp002320005.fastq.gz,ERR8314733.x.s__Fimisoma sp002320005,18f2ccb2,5980000,51,DNA,10000,598,True,0.8942468678440603,0.9054452009984111,0.8998460344212357,0.9054452009984111,True,1,3652,4375,d__Bacteria;p__Bacillota;c__Clostridia;o__Oscillospirales;f__Ruminococcaceae;g__Gemmiger_A;s__Gemmiger_A avium
10000,0.0016722408026755853,0.005319148936170213,0.0016722408026755853,0.00022857142857142857,1.0,1.0,0.0,/group/ctbrowngrp5/sourmash-db.new/gtdb-rs226/gtdb-rs226-k51.dna.rocksdb,GCA_902778075.1 uncultured Lachnospiraceae bacterium,bb9d0a5c667429930f5ef02851fb0d4e,0.005319148936170213,10000,129,3580000,outputs.mapping/bams.cds.rand/ERR8314733.x.s__Fimisoma sp002320005.fastq.gz,ERR8314733.x.s__Fimisoma sp002320005,18f2ccb2,5980000,51,DNA,10000,598,True,0.8821752693905812,0.9024199122476589,0.8922975908191201,0.9024199122476589,True,1,3653,4375,d__Bacteria;p__Bacillota;c__Clostridia;o__Lachnospirales;f__Lachnospiraceae;g__CAG-791;s__CAG-791 sp900317475
20000,0.0033444816053511705,0.004672897196261682,0.0016722408026755853,0.00045714285714285713,2.0,2.0,0.0,/group/ctbrowngrp5/sourmash-db.new/gtdb-rs226/gtdb-rs226-k51.dna.rocksdb,GCA_958447185.1 uncultured Eubacteriales bacterium,1c429281ef67c33f88d0e9a24bb68c97,0.009345794392523364,10000,130,3570000,outputs.mapping/bams.cds.rand/ERR8314733.x.s__Fimisoma sp002320005.fastq.gz,ERR8314733.x.s__Fimisoma sp002320005,18f2ccb2,5980000,51,DNA,10000,598,True,0.8942468678440603,0.9124480790702567,0.9033474734571585,0.9124480790702567,True,2,3655,4375,d__Bacteria;p__Bacillota;c__Clostridia;o__Christensenellales;f__CAG-138;g__Phil1;s__Phil1 sp001940855
10000,0.0016722408026755853,0.003355704697986577,0.0016722408026755853,0.00045714285714285713,2.0,2.0,0.0,/group/ctbrowngrp5/sourmash-db.new/gtdb-rs226/gtdb-rs226-k51.dna.rocksdb,GCA_021629365.1 Clostridium sp.,1a0e58fb3b653ddbd82fe5b895025e91,0.003355704697986577,10000,131,3560000,outputs.mapping/bams.cds.rand/ERR8314733.x.s__Fimisoma sp002320005.fastq.gz,ERR8314733.x.s__Fimisoma sp002320005,18f2ccb2,5980000,51,DNA,10000,598,True,0.8821752693905812,0.8943056110421093,0.8882404402163453,0.8943056110421093,True,2,3657,4375,d__Bacteria;p__Bacillota;c__Clostridia;o__Lachnospirales;f__Lachnospiraceae;g__Coprococcus;s__Coprococcus ammoniilyticus
10000,0.0016722408026755853,0.005,0.0016722408026755853,0.00045714285714285713,2.0,2.0,0.0,/group/ctbrowngrp5/sourmash-db.new/gtdb-rs226/gtdb-rs226-k51.dna.rocksdb,GCA_945829915.1 uncultured Clostridia bacterium,9f5836214d63df6c33d309a7a60974b9,0.005,10000,132,3550000,outputs.mapping/bams.cds.rand/ERR8314733.x.s__Fimisoma sp002320005.fastq.gz,ERR8314733.x.s__Fimisoma sp002320005,18f2ccb2,5980000,51,DNA,10000,598,True,0.8821752693905812,0.9013257213104922,0.8917504953505366,0.9013257213104922,True,2,3659,4375,d__Bacteria;p__Bacillota;c__Clostridia;o__Oscillospirales;f__Acutalibacteraceae;g__Hominenteromicrobium;s__Hominenteromicrobium mulieris
20000,0.0033444816053511705,0.0038022813688212928,0.0016722408026755853,0.00022857142857142857,1.0,1.0,0.0,/group/ctbrowngrp5/sourmash-db.new/gtdb-rs226/gtdb-rs226-k51.dna.rocksdb,GCA_022775085.1 Clostridiales bacterium,2d509dd1575226aef1b5363516e0a251,0.0076045627376425855,10000,133,3540000,outputs.mapping/bams.cds.rand/ERR8314733.x.s__Fimisoma sp002320005.fastq.gz,ERR8314733.x.s__Fimisoma sp002320005,18f2ccb2,5980000,51,DNA,10000,598,True,0.8942468678440603,0.9087667657945412,0.9015068168193008,0.9087667657945412,True,1,3660,4375,d__Bacteria;p__Bacillota;c__Clostridia;o__Oscillospirales;f__Oscillospiraceae;g__Faecousia;s__Faecousia sp022775085
10000,0.0016722408026755853,0.002967359050445104,0.0016722408026755853,0.002057142857142857,9.0,9.0,0.0,/group/ctbrowngrp5/sourmash-db.new/gtdb-rs226/gtdb-rs226-k51.dna.rocksdb,GCA_016283525.1 Bacteroidaceae bacterium,d12059035904732adb34be3c16eec6d4,0.002967359050445104,10000,134,3530000,outputs.mapping/bams.cds.rand/ERR8314733.x.s__Fimisoma sp002320005.fastq.gz,ERR8314733.x.s__Fimisoma sp002320005,18f2ccb2,5980000,51,DNA,10000,598,True,0.8821752693905812,0.8921515398170204,0.8871634046038008,0.8921515398170204,True,9,3669,4375,d__Bacteria;p__Bacteroidota;c__Bacteroidia;o__Bacteroidales;f__Bacteroidaceae;g__Ga6A1;s__Ga6A1 sp900102385
10000,0.0016722408026755853,0.0044444444444444444,0.0016722408026755853,0.0018285714285714285,8.0,8.0,0.0,/group/ctbrowngrp5/sourmash-db.new/gtdb-rs226/gtdb-rs226-k51.dna.rocksdb,GCA_022770055.1 Lachnospiraceae bacterium,27aefc7879e18cb970a16685f1ff0a10,0.0044444444444444444,10000,135,3520000,outputs.mapping/bams.cds.rand/ERR8314733.x.s__Fimisoma sp002320005.fastq.gz,ERR8314733.x.s__Fimisoma sp002320005,18f2ccb2,5980000,51,DNA,10000,598,True,0.8821752693905812,0.8992465372686094,0.8907109033295952,0.8992465372686094,True,8,3677,4375,d__Bacteria;p__Bacillota;c__Clostridia;o__Lachnospirales;f__Lachnospiraceae;g__UBA2882;s__UBA2882 sp900317505
10000,0.0016722408026755853,0.0035211267605633804,0.0016722408026755853,0.00045714285714285713,2.0,2.0,0.0,/group/ctbrowngrp5/sourmash-db.new/gtdb-rs226/gtdb-rs226-k51.dna.rocksdb,GCF_018917435.1 Intestinibacter bartlettii,06a1e298df7ab81906158273d3a2b850,0.0035211267605633804,10000,136,3510000,outputs.mapping/bams.cds.rand/ERR8314733.x.s__Fimisoma sp002320005.fastq.gz,ERR8314733.x.s__Fimisoma sp002320005,18f2ccb2,5980000,51,DNA,10000,598,True,0.8821752693905812,0.8951497996982114,0.8886625345443964,0.8951497996982114,True,2,3679,4375,d__Bacteria;p__Bacillota;c__Clostridia;o__Peptostreptococcales;f__Peptostreptococcaceae;g__Intestinibacter;s__Intestinibacter bartlettii_A
10000,0.0016722408026755853,0.004347826086956522,0.0016722408026755853,0.00022857142857142857,1.0,1.0,0.0,/group/ctbrowngrp5/sourmash-db.new/gtdb-rs226/gtdb-rs226-k51.dna.rocksdb,GCA_934454875.1 uncultured Eubacteriales bacterium,fe64c45d62747270501785f432d90c22,0.004347826086956522,10000,137,3500000,outputs.mapping/bams.cds.rand/ERR8314733.x.s__Fimisoma sp002320005.fastq.gz,ERR8314733.x.s__Fimisoma sp002320005,18f2ccb2,5980000,51,DNA,10000,598,True,0.8821752693905812,0.8988590824149439,0.8905171759027626,0.8988590824149439,True,1,3680,4375,d__Bacteria;p__Bacillota;c__Clostridia;o__Oscillospirales;f__Acutalibacteraceae;g__RUG806;s__RUG806 sp016297645
10000,0.0016722408026755853,0.004366812227074236,0.0016722408026755853,0.00045714285714285713,2.0,2.0,0.0,/group/ctbrowngrp5/sourmash-db.new/gtdb-rs226/gtdb-rs226-k51.dna.rocksdb,GCA_034176335.1 Lachnospira sp.,bd05c1e2c7cdb2f8ebe5a222882e370a,0.004366812227074236,10000,138,3490000,outputs.mapping/bams.cds.rand/ERR8314733.x.s__Fimisoma sp002320005.fastq.gz,ERR8314733.x.s__Fimisoma sp002320005,18f2ccb2,5980000,51,DNA,10000,598,True,0.8821752693905812,0.8989358818428389,0.8905555756167101,0.8989358818428389,True,2,3682,4375,d__Bacteria;p__Bacillota;c__Clostridia;o__Lachnospirales;f__Lachnospiraceae;g__Lachnospira;s__Lachnospira sp945648485
10000,0.0016722408026755853,0.004098360655737705,0.0016722408026755853,0.00022857142857142857,1.0,1.0,0.0,/group/ctbrowngrp5/sourmash-db.new/gtdb-rs226/gtdb-rs226-k51.dna.rocksdb,GCA_034094355.1 Anaerovoracaceae bacterium,c4187728c1f9556b04fe53f38a379726,0.004098360655737705,10000,139,3480000,outputs.mapping/bams.cds.rand/ERR8314733.x.s__Fimisoma sp002320005.fastq.gz,ERR8314733.x.s__Fimisoma sp002320005,18f2ccb2,5980000,51,DNA,10000,598,True,0.8821752693905812,0.8978182617731918,0.8899967655818866,0.8978182617731918,True,1,3683,4375,d__Bacteria;p__Bacillota;c__Clostridia;o__Peptostreptococcales;f__Anaerovoracaceae;g__RGIG7179;s__RGIG7179 sp016302925
10000,0.0016722408026755853,0.004608294930875576,0.0016722408026755853,0.0009142857142857143,4.0,4.0,0.0,/group/ctbrowngrp5/sourmash-db.new/gtdb-rs226/gtdb-rs226-k51.dna.rocksdb,GCA_004561455.1 bacterium,53ec677c015c1b83f30b1cf2b3f886a9,0.004608294930875576,10000,140,3470000,outputs.mapping/bams.cds.rand/ERR8314733.x.s__Fimisoma sp002320005.fastq.gz,ERR8314733.x.s__Fimisoma sp002320005,18f2ccb2,5980000,51,DNA,10000,598,True,0.8821752693905812,0.8998851063638268,0.891030187877204,0.8998851063638268,True,4,3687,4375,d__Bacteria;p__Bacteroidota;c__Bacteroidia;o__Bacteroidales;f__Paludibacteraceae;g__Aphodosoma;s__Aphodosoma sp900769035
10000,0.0016722408026755853,0.004405286343612335,0.0016722408026755853,0.0018285714285714285,8.0,8.0,0.0,/group/ctbrowngrp5/sourmash-db.new/gtdb-rs226/gtdb-rs226-k51.dna.rocksdb,GCA_002329675.1 Firmicutes bacterium UBA1426,00df0bf2b5de33a90e65ae4fcdcca71a,0.004405286343612335,10000,141,3460000,outputs.mapping/bams.cds.rand/ERR8314733.x.s__Fimisoma sp002320005.fastq.gz,ERR8314733.x.s__Fimisoma sp002320005,18f2ccb2,5980000,51,DNA,10000,598,True,0.8821752693905812,0.8990905118668127,0.8906328906286969,0.8990905118668127,True,8,3695,4375,d__Bacteria;p__Bacillota;c__Clostridia;o__Peptostreptococcales;f__Anaerovoracaceae;g__UBA1426;s__UBA1426 sp002329675
30000,0.005016722408026756,0.007462686567164179,0.0016722408026755853,0.00045714285714285713,2.0,2.0,0.0,/group/ctbrowngrp5/sourmash-db.new/gtdb-rs226/gtdb-rs226-k51.dna.rocksdb,GCA_041336775.1 Faecalibacterium prausnitzii,70e9e52b75c7e8c6efa1c46278362f6e,0.022388059701492536,10000,142,3450000,outputs.mapping/bams.cds.rand/ERR8314733.x.s__Fimisoma sp002320005.fastq.gz,ERR8314733.x.s__Fimisoma sp002320005,18f2ccb2,5980000,51,DNA,10000,598,True,0.9013847318223664,0.9282124334068184,0.9147985826145923,0.9282124334068184,True,2,3697,4375,d__Bacteria;p__Bacillota;c__Clostridia;o__Oscillospirales;f__Ruminococcaceae;g__Faecalibacterium;s__Faecalibacterium prausnitzii_E
10000,0.0016722408026755853,0.005847953216374269,0.0016722408026755853,0.0016,7.0,7.0,0.0,/group/ctbrowngrp5/sourmash-db.new/gtdb-rs226/gtdb-rs226-k51.dna.rocksdb,GCA_029219805.1 Coriobacteriaceae bacterium,3ebdf4e1b33e22fa104a3ecac7212b59,0.005847953216374269,10000,143,3440000,outputs.mapping/bams.cds.rand/ERR8314733.x.s__Fimisoma sp002320005.fastq.gz,ERR8314733.x.s__Fimisoma sp002320005,18f2ccb2,5980000,51,DNA,10000,598,True,0.8821752693905812,0.9040985288120411,0.8931368991013111,0.9040985288120411,True,7,3704,4375,d__Bacteria;p__Actinomycetota;c__Coriobacteriia;o__Coriobacteriales;f__QAMH01;g__W2P13-069;s__W2P13-069 sp004553405
10000,0.0016722408026755853,0.004608294930875576,0.0016722408026755853,0.00045714285714285713,2.0,2.0,0.0,/group/ctbrowngrp5/sourmash-db.new/gtdb-rs226/gtdb-rs226-k51.dna.rocksdb,GCA_041329895.1 Anaerotignum faecicola,f41c83e585604672a7124d87822f30c1,0.004608294930875576,10000,144,3430000,outputs.mapping/bams.cds.rand/ERR8314733.x.s__Fimisoma sp002320005.fastq.gz,ERR8314733.x.s__Fimisoma sp002320005,18f2ccb2,5980000,51,DNA,10000,598,True,0.8821752693905812,0.8998851063638268,0.891030187877204,0.8998851063638268,True,2,3706,4375,d__Bacteria;p__Bacillota;c__Clostridia;o__Lachnospirales;f__Anaerotignaceae;g__Anaerotignum_A;s__Anaerotignum_A faecicola
10000,0.0016722408026755853,0.003215434083601286,0.0016722408026755853,0.00022857142857142857,1.0,1.0,0.0,/group/ctbrowngrp5/sourmash-db.new/gtdb-rs226/gtdb-rs226-k51.dna.rocksdb,GCA_029225125.1 Lachnospiraceae bacterium,966aee4a17f8ec5bc72372fdc2c474ca,0.003215434083601286,10000,145,3420000,outputs.mapping/bams.cds.rand/ERR8314733.x.s__Fimisoma sp002320005.fastq.gz,ERR8314733.x.s__Fimisoma sp002320005,18f2ccb2,5980000,51,DNA,10000,598,True,0.8821752693905812,0.8935571727127903,0.8878662210516858,0.8935571727127903,True,1,3707,4375,d__Bacteria;p__Bacillota;c__Clostridia;o__Lachnospirales;f__Lachnospiraceae;g__UBA2882;s__UBA2882 sp945919795
20000,0.0033444816053511705,0.007194244604316547,0.0016722408026755853,0.00045714285714285713,2.0,2.0,0.0,/group/ctbrowngrp5/sourmash-db.new/gtdb-rs226/gtdb-rs226-k51.dna.rocksdb,GCA_041334585.1 Christensenellaceae bacterium,b17f107217797143598b9332791523b5,0.014388489208633094,10000,146,3410000,outputs.mapping/bams.cds.rand/ERR8314733.x.s__Fimisoma sp002320005.fastq.gz,ERR8314733.x.s__Fimisoma sp002320005,18f2ccb2,5980000,51,DNA,10000,598,True,0.8942468678440603,0.9202008940690722,0.9072238809565663,0.9202008940690722,True,2,3709,4375,d__Bacteria;p__Bacillota;c__Clostridia;o__Christensenellales;f__Christensenellaceae;g__QANA01;s__QANA01 sp948468985
10000,0.0016722408026755853,0.004310344827586207,0.0016722408026755853,0.0009142857142857143,4.0,4.0,0.0,/group/ctbrowngrp5/sourmash-db.new/gtdb-rs226/gtdb-rs226-k51.dna.rocksdb,GCA_022771605.1 bacterium,bbaac7b922fec38c272cd0c940ccde78,0.004310344827586207,10000,147,3400000,outputs.mapping/bams.cds.rand/ERR8314733.x.s__Fimisoma sp002320005.fastq.gz,ERR8314733.x.s__Fimisoma sp002320005,18f2ccb2,5980000,51,DNA,10000,598,True,0.8821752693905812,0.8987064997133993,0.8904408845519902,0.8987064997133993,True,4,3713,4375,d__Bacteria;p__Bacillota;c__Clostridia;o__Oscillospirales;f__Ruminococcaceae;g__Gemmiger;s__Gemmiger sp004561545
10000,0.0016722408026755853,0.0021413276231263384,0.0016722408026755853,0.0006857142857142857,3.0,3.0,0.0,/group/ctbrowngrp5/sourmash-db.new/gtdb-rs226/gtdb-rs226-k51.dna.rocksdb,GCF_015554975.1 Parabacteroides merdae,63ff6c1b798b76f9bc4d2b062fd7349a,0.0021413276231263384,10000,148,3390000,outputs.mapping/bams.cds.rand/ERR8314733.x.s__Fimisoma sp002320005.fastq.gz,ERR8314733.x.s__Fimisoma sp002320005,18f2ccb2,5980000,51,DNA,10000,598,True,0.8821752693905812,0.8864626733856426,0.8843189713881119,0.8864626733856426,True,3,3716,4375,d__Bacteria;p__Bacteroidota;c__Bacteroidia;o__Bacteroidales;f__Tannerellaceae;g__Parabacteroides;s__Parabacteroides merdae
10000,0.0016722408026755853,0.003861003861003861,0.0016722408026755853,0.00045714285714285713,2.0,2.0,0.0,/group/ctbrowngrp5/sourmash-db.new/gtdb-rs226/gtdb-rs226-k51.dna.rocksdb,GCA_030526355.1 Bacillota bacterium,18117e7c547355503e154e6adf75476a,0.003861003861003861,10000,149,3380000,outputs.mapping/bams.cds.rand/ERR8314733.x.s__Fimisoma sp002320005.fastq.gz,ERR8314733.x.s__Fimisoma sp002320005,18f2ccb2,5980000,51,DNA,10000,598,True,0.8821752693905812,0.8967686073925827,0.8894719383915819,0.8967686073925827,True,2,3718,4375,d__Bacteria;p__Bacillota;c__Clostridia;o__Peptostreptococcales;f__Anaerovoracaceae;g__Lentihominibacter;s__Lentihominibacter sp030526355
40000,0.006688963210702341,0.0027624309392265192,0.0016722408026755853,0.0013714285714285714,6.0,6.0,0.0,/group/ctbrowngrp5/sourmash-db.new/gtdb-rs226/gtdb-rs226-k51.dna.rocksdb,GCF_015552275.1 Holdemania sp. 1001302B_160321_E10,91fa4ed59f9ea1df24e0e2923f8728d8,0.011049723756906077,10000,150,3370000,outputs.mapping/bams.cds.rand/ERR8314733.x.s__Fimisoma sp002320005.fastq.gz,ERR8314733.x.s__Fimisoma sp002320005,18f2ccb2,5980000,51,DNA,10000,598,True,0.9064836528475121,0.9154493941301495,0.9109665234888308,0.9154493941301495,True,6,3724,4375,d__Bacteria;p__Bacillota;c__Bacilli;o__Erysipelotrichales;f__Erysipelotrichaceae;g__Holdemania;s__Holdemania sp900120005
10000,0.0016722408026755853,0.0038022813688212928,0.0016722408026755853,0.0009142857142857143,4.0,4.0,0.0,/group/ctbrowngrp5/sourmash-db.new/gtdb-rs226/gtdb-rs226-k51.dna.rocksdb,GCF_900115655.1 Ruminobacter amylophilus,c7d2052ba0271f224bfd5e8b25676757,0.0038022813688212928,10000,151,3360000,outputs.mapping/bams.cds.rand/ERR8314733.x.s__Fimisoma sp002320005.fastq.gz,ERR8314733.x.s__Fimisoma sp002320005,18f2ccb2,5980000,51,DNA,10000,598,True,0.8821752693905812,0.896499160640959,0.8893372150157701,0.896499160640959,True,4,3728,4375,d__Bacteria;p__Pseudomonadota;c__Gammaproteobacteria;o__Enterobacterales;f__Succinivibrionaceae;g__Ruminobacter;s__Ruminobacter amylophilus
40000,0.006688963210702341,0.003787878787878788,0.0016722408026755853,0.00022857142857142857,1.0,1.0,0.0,/group/ctbrowngrp5/sourmash-db.new/gtdb-rs226/gtdb-rs226-k51.dna.rocksdb,GCF_000765235.1 Oscillibacter sp. ER4,b86d494b379656b1b7a7b4d8bf763e29,0.015151515151515152,10000,152,3350000,outputs.mapping/bams.cds.rand/ERR8314733.x.s__Fimisoma sp002320005.fastq.gz,ERR8314733.x.s__Fimisoma sp002320005,18f2ccb2,5980000,51,DNA,10000,598,True,0.9064836528475121,0.9211336926184823,0.9138086727329973,0.9211336926184823,True,1,3729,4375,d__Bacteria;p__Bacillota;c__Clostridia;o__Oscillospirales;f__Oscillospiraceae;g__Hominicoprocola;s__Hominicoprocola fusiformis
10000,0.0016722408026755853,0.004081632653061225,0.0016722408026755853,0.00022857142857142857,1.0,1.0,0.0,/group/ctbrowngrp5/sourmash-db.new/gtdb-rs226/gtdb-rs226-k51.dna.rocksdb,GCA_034177525.1 Anaerovoracaceae bacterium,0b56681965fcc5cb9a4feab4002ba1f4,0.004081632653061225,10000,153,3340000,outputs.mapping/bams.cds.rand/ERR8314733.x.s__Fimisoma sp002320005.fastq.gz,ERR8314733.x.s__Fimisoma sp002320005,18f2ccb2,5980000,51,DNA,10000,598,True,0.8821752693905812,0.897746263416111,0.8899607664033461,0.897746263416111,True,1,3730,4375,d__Bacteria;p__Bacillota;c__Clostridia;o__Peptostreptococcales;f__Anaerovoracaceae;g__RGIG7179;s__RGIG7179 sp022770665
20000,0.0033444816053511705,0.0035335689045936395,0.0016722408026755853,0.00022857142857142857,1.0,1.0,0.0,/group/ctbrowngrp5/sourmash-db.new/gtdb-rs226/gtdb-rs226-k51.dna.rocksdb,GCA_946000975.1 uncultured Lachnospiraceae bacterium,a0d78b88bb756c193272cf223e5ec153,0.007067137809187279,10000,154,3330000,outputs.mapping/bams.cds.rand/ERR8314733.x.s__Fimisoma sp002320005.fastq.gz,ERR8314733.x.s__Fimisoma sp002320005,18f2ccb2,5980000,51,DNA,10000,598,True,0.8942468678440603,0.9074617014240318,0.900854284634046,0.9074617014240318,True,1,3731,4375,d__Bacteria;p__Bacillota;c__Clostridia;o__Lachnospirales;f__Lachnospiraceae;g__SFDP01;s__SFDP01 sp004558185
10000,0.0016722408026755853,0.0044444444444444444,0.0016722408026755853,0.0006857142857142857,3.0,3.0,0.0,/group/ctbrowngrp5/sourmash-db.new/gtdb-rs226/gtdb-rs226-k51.dna.rocksdb,GCA_937989685.1 uncultured Prevotella sp.,a8e9194f48c1a5fd8ef1add8fae6b79c,0.0044444444444444444,10000,155,3320000,outputs.mapping/bams.cds.rand/ERR8314733.x.s__Fimisoma sp002320005.fastq.gz,ERR8314733.x.s__Fimisoma sp002320005,18f2ccb2,5980000,51,DNA,10000,598,True,0.8821752693905812,0.8992465372686094,0.8907109033295952,0.8992465372686094,True,3,3734,4375,d__Bacteria;p__Bacteroidota;c__Bacteroidia;o__Bacteroidales;f__Bacteroidaceae;g__Prevotella;s__Prevotella sp900771975
10000,0.0016722408026755853,0.006666666666666667,0.0016722408026755853,0.002514285714285714,11.0,11.0,0.0,/group/ctbrowngrp5/sourmash-db.new/gtdb-rs226/gtdb-rs226-k51.dna.rocksdb,GCA_947072145.1 uncultured Clostridia bacterium,9e07afaef4477443108ef519bc8338a6,0.006666666666666667,10000,156,3310000,outputs.mapping/bams.cds.rand/ERR8314733.x.s__Fimisoma sp002320005.fastq.gz,ERR8314733.x.s__Fimisoma sp002320005,18f2ccb2,5980000,51,DNA,10000,598,True,0.8821752693905812,0.9064243085270774,0.8942997889588293,0.9064243085270774,True,11,3745,4375,d__Bacteria;p__Bacillota;c__Clostridia;o__Oscillospirales;f__Oscillospiraceae;g__Oscillibacter;s__Oscillibacter sp945862785
10000,0.0016722408026755853,0.004464285714285714,0.0016722408026755853,0.0016,7.0,7.0,0.0,/group/ctbrowngrp5/sourmash-db.new/gtdb-rs226/gtdb-rs226-k51.dna.rocksdb,GCA_022786305.1 Oscillospiraceae bacterium,2fd199a5258b979f4ecf0c9a72067554,0.004464285714285714,10000,157,3300000,outputs.mapping/bams.cds.rand/ERR8314733.x.s__Fimisoma sp002320005.fastq.gz,ERR8314733.x.s__Fimisoma sp002320005,18f2ccb2,5980000,51,DNA,10000,598,True,0.8821752693905812,0.8993250810736236,0.8907501752321024,0.8993250810736236,True,7,3752,4375,d__Bacteria;p__Bacillota;c__Clostridia;o__Oscillospirales;f__Ruminococcaceae;g__CAG-115;s__CAG-115 sp004555855
90000,0.015050167224080268,0.0036231884057971015,0.0016722408026755853,0.0009142857142857143,4.0,4.0,0.0,/group/ctbrowngrp5/sourmash-db.new/gtdb-rs226/gtdb-rs226-k51.dna.rocksdb,GCA_021531235.1 Blautia producta,4645e019875be83dc81769376aa27ccc,0.03260869565217391,10000,158,3290000,outputs.mapping/bams.cds.rand/ERR8314733.x.s__Fimisoma sp002320005.fastq.gz,ERR8314733.x.s__Fimisoma sp002320005,18f2ccb2,5980000,51,DNA,10000,598,True,0.9210124823877253,0.9350819526010817,0.9280472174944034,0.9350819526010817,False,4,3756,4375,d__Bacteria;p__Bacillota;c__Clostridia;o__Lachnospirales;f__Lachnospiraceae;g__Oliverpabstia;s__Oliverpabstia intestinalis
10000,0.0016722408026755853,0.00392156862745098,0.0016722408026755853,0.001142857142857143,5.0,5.0,0.0,/group/ctbrowngrp5/sourmash-db.new/gtdb-rs226/gtdb-rs226-k51.dna.rocksdb,GCF_033488895.1 Mitsuokella jalaludinii,3c244018b31ba4bfa6b4bcfd7b7002f1,0.00392156862745098,10000,159,3280000,outputs.mapping/bams.cds.rand/ERR8314733.x.s__Fimisoma sp002320005.fastq.gz,ERR8314733.x.s__Fimisoma sp002320005,18f2ccb2,5980000,51,DNA,10000,598,True,0.8821752693905812,0.8970423309200757,0.8896088001553284,0.8970423309200757,True,5,3761,4375,d__Bacteria;p__Bacillota;c__Negativicutes;o__Selenomonadales;f__Selenomonadaceae;g__Mitsuokella;s__Mitsuokella jalaludinii
10000,0.0016722408026755853,0.004149377593360996,0.0016722408026755853,0.00022857142857142857,1.0,1.0,0.0,/group/ctbrowngrp5/sourmash-db.new/gtdb-rs226/gtdb-rs226-k51.dna.rocksdb,GCF_014385065.1 Lentihominibacter hominis,1d3462618c5f32e7e52ba9ca3bbf1b99,0.004149377593360996,10000,160,3270000,outputs.mapping/bams.cds.rand/ERR8314733.x.s__Fimisoma sp002320005.fastq.gz,ERR8314733.x.s__Fimisoma sp002320005,18f2ccb2,5980000,51,DNA,10000,598,True,0.8821752693905812,0.8980360758706126,0.8901056726305969,0.8980360758706126,True,1,3762,4375,d__Bacteria;p__Bacillota;c__Clostridia;o__Peptostreptococcales;f__Anaerovoracaceae;g__Lentihominibacter;s__Lentihominibacter hominis
20000,0.0033444816053511705,0.004048582995951417,0.0016722408026755853,0.00045714285714285713,2.0,2.0,0.0,/group/ctbrowngrp5/sourmash-db.new/gtdb-rs226/gtdb-rs226-k51.dna.rocksdb,GCA_021531255.1 Fournierella massiliensis,d7696a6505237ef5ed60141b28a35346,0.008097165991902834,10000,161,3260000,outputs.mapping/bams.cds.rand/ERR8314733.x.s__Fimisoma sp002320005.fastq.gz,ERR8314733.x.s__Fimisoma sp002320005,18f2ccb2,5980000,51,DNA,10000,598,True,0.8942468678440603,0.9098858734755169,0.9020663706597886,0.9098858734755169,True,2,3764,4375,d__Bacteria;p__Bacillota;c__Clostridia;o__Oscillospirales;f__Ruminococcaceae;g__JAFBIO01;s__JAFBIO01 sp021531255
10000,0.0016722408026755853,0.006289308176100629,0.0016722408026755853,0.001142857142857143,5.0,5.0,0.0,/group/ctbrowngrp5/sourmash-db.new/gtdb-rs226/gtdb-rs226-k51.dna.rocksdb,GCA_034086705.1 Eubacteriales bacterium,89903deee54246dba13249b5a7a994ec,0.006289308176100629,10000,162,3250000,outputs.mapping/bams.cds.rand/ERR8314733.x.s__Fimisoma sp002320005.fastq.gz,ERR8314733.x.s__Fimisoma sp002320005,18f2ccb2,5980000,51,DNA,10000,598,True,0.8821752693905812,0.9053892851119669,0.893782277251274,0.9053892851119669,True,5,3769,4375,d__Bacteria;p__Bacillota;c__Clostridia;o__Oscillospirales;f__CAG-272;g__UMGS1225;s__UMGS1225 sp034086705
20000,0.0033444816053511705,0.003246753246753247,0.0016722408026755853,0.00045714285714285713,2.0,2.0,0.0,/group/ctbrowngrp5/sourmash-db.new/gtdb-rs226/gtdb-rs226-k51.dna.rocksdb,GCA_902497165.1 uncultured Prevotella sp.,3406a311b6dd1e7286c87a71a0c322d0,0.006493506493506494,10000,163,3240000,outputs.mapping/bams.cds.rand/ERR8314733.x.s__Fimisoma sp002320005.fastq.gz,ERR8314733.x.s__Fimisoma sp002320005,18f2ccb2,5980000,51,DNA,10000,598,True,0.8942468678440603,0.9059566909928176,0.9001017794184389,0.9059566909928176,True,2,3771,4375,d__Bacteria;p__Bacteroidota;c__Bacteroidia;o__Bacteroidales;f__Bacteroidaceae;g__Prevotella;s__Prevotella faecis
10000,0.0016722408026755853,0.004016064257028112,0.0016722408026755853,0.00022857142857142857,1.0,1.0,0.0,/group/ctbrowngrp5/sourmash-db.new/gtdb-rs226/gtdb-rs226-k51.dna.rocksdb,GCA_938034055.1 uncultured Clostridia bacterium,49e8fef5531ebbebbf0bf2a99f0f9a4a,0.004016064257028112,10000,164,3230000,outputs.mapping/bams.cds.rand/ERR8314733.x.s__Fimisoma sp002320005.fastq.gz,ERR8314733.x.s__Fimisoma sp002320005,18f2ccb2,5980000,51,DNA,10000,598,True,0.8821752693905812,0.8974612357556601,0.8898182525731206,0.8974612357556601,True,1,3772,4375,d__Bacteria;p__Bacillota;c__Clostridia;o__Oscillospirales;f__Oscillospiraceae;g__Faecousia;s__Faecousia sp900544405
10000,0.0016722408026755853,0.0031446540880503146,0.0016722408026755853,0.002514285714285714,11.0,11.0,0.0,/group/ctbrowngrp5/sourmash-db.new/gtdb-rs226/gtdb-rs226-k51.dna.rocksdb,GCF_009696465.1 Inconstantimicrobium porci,e275542b2fc3aa242d28b29a2285f96f,0.0031446540880503146,10000,165,3220000,outputs.mapping/bams.cds.rand/ERR8314733.x.s__Fimisoma sp002320005.fastq.gz,ERR8314733.x.s__Fimisoma sp002320005,18f2ccb2,5980000,51,DNA,10000,598,True,0.8821752693905812,0.8931672731743641,0.8876712712824726,0.8931672731743641,True,11,3783,4375,d__Bacteria;p__Bacillota;c__Clostridia;o__Clostridiales;f__Clostridiaceae;g__Inconstantimicrobium;s__Inconstantimicrobium porci
10000,0.0016722408026755853,0.0037593984962406013,0.0016722408026755853,0.00022857142857142857,1.0,1.0,0.0,/group/ctbrowngrp5/sourmash-db.new/gtdb-rs226/gtdb-rs226-k51.dna.rocksdb,GCA_034115105.1 Prevotella sp.,ba0b4b7c58cf22baaa875f853ab89355,0.0037593984962406013,10000,166,3210000,outputs.mapping/bams.cds.rand/ERR8314733.x.s__Fimisoma sp002320005.fastq.gz,ERR8314733.x.s__Fimisoma sp002320005,18f2ccb2,5980000,51,DNA,10000,598,True,0.8821752693905812,0.896299803565827,0.8892375364782041,0.896299803565827,True,1,3784,4375,d__Bacteria;p__Bacteroidota;c__Bacteroidia;o__Bacteroidales;f__Bacteroidaceae;g__Prevotella;s__Prevotella sp902496445
10000,0.0016722408026755853,0.005025125628140704,0.0016722408026755853,0.00045714285714285713,2.0,2.0,0.0,/group/ctbrowngrp5/sourmash-db.new/gtdb-rs226/gtdb-rs226-k51.dna.rocksdb,GCA_959019095.1 uncultured Eubacteriales bacterium,2f7a6f0f5a06d83453c64874eba48475,0.005025125628140704,10000,167,3200000,outputs.mapping/bams.cds.rand/ERR8314733.x.s__Fimisoma sp002320005.fastq.gz,ERR8314733.x.s__Fimisoma sp002320005,18f2ccb2,5980000,51,DNA,10000,598,True,0.8821752693905812,0.9014143125831353,0.8917947909868582,0.9014143125831353,True,2,3786,4375,d__Bacteria;p__Bacillota;c__Clostridia;o__Oscillospirales;f__Oscillospiraceae;g__CAG-103;s__CAG-103 sp900317855
10000,0.0016722408026755853,0.0026954177897574125,0.0016722408026755853,0.00022857142857142857,1.0,1.0,0.0,/group/ctbrowngrp5/sourmash-db.new/gtdb-rs226/gtdb-rs226-k51.dna.rocksdb,GCF_021531135.1 Segatella hominis,fbfb9fa1cd55529571913ff882c8b132,0.0026954177897574125,10000,168,3190000,outputs.mapping/bams.cds.rand/ERR8314733.x.s__Fimisoma sp002320005.fastq.gz,ERR8314733.x.s__Fimisoma sp002320005,18f2ccb2,5980000,51,DNA,10000,598,True,0.8821752693905812,0.890471695231021,0.886323482310801,0.890471695231021,True,1,3787,4375,d__Bacteria;p__Bacteroidota;c__Bacteroidia;o__Bacteroidales;f__Bacteroidaceae;g__Prevotella;s__Prevotella sp945863825
10000,0.0016722408026755853,0.0055248618784530384,0.0016722408026755853,0.0006857142857142857,3.0,3.0,0.0,/group/ctbrowngrp5/sourmash-db.new/gtdb-rs226/gtdb-rs226-k51.dna.rocksdb,GCA_902486495.1 uncultured Butyrivibrio sp.,492e4bdf93a401cb9dcda1ca29d277de,0.0055248618784530384,10000,169,3180000,outputs.mapping/bams.cds.rand/ERR8314733.x.s__Fimisoma sp002320005.fastq.gz,ERR8314733.x.s__Fimisoma sp002320005,18f2ccb2,5980000,51,DNA,10000,598,True,0.8821752693905812,0.9030915789811151,0.8926334241858482,0.9030915789811151,True,3,3790,4375,d__Bacteria;p__Bacillota;c__Clostridia;o__Lachnospirales;f__Lachnospiraceae;g__Butyrivibrio_A;s__Butyrivibrio_A sp900768755
20000,0.0033444816053511705,0.005494505494505495,0.0016722408026755853,0.00045714285714285713,2.0,2.0,0.0,/group/ctbrowngrp5/sourmash-db.new/gtdb-rs226/gtdb-rs226-k51.dna.rocksdb,GCA_946408405.1 uncultured Firmicutes bacterium,b62e08f79e7a160dc821e0e5174c0a7c,0.01098901098901099,10000,170,3170000,outputs.mapping/bams.cds.rand/ERR8314733.x.s__Fimisoma sp002320005.fastq.gz,ERR8314733.x.s__Fimisoma sp002320005,18f2ccb2,5980000,51,DNA,10000,598,True,0.8942468678440603,0.915350501215715,0.9047986845298877,0.915350501215715,True,2,3792,4375,d__Bacteria;p__Bacillota;c__Clostridia;o__Peptostreptococcales;f__Anaerovoracaceae;g__Fimisoma;s__Fimisoma sp002320005
10000,0.0016722408026755853,0.0035842293906810036,0.0016722408026755853,0.00045714285714285713,2.0,2.0,0.0,/group/ctbrowngrp5/sourmash-db.new/gtdb-rs226/gtdb-rs226-k51.dna.rocksdb,GCA_034174285.1 Blautia sp.,f4bf9f65dcd55146e0138d3ef07cb7e8,0.0035842293906810036,10000,171,3160000,outputs.mapping/bams.cds.rand/ERR8314733.x.s__Fimisoma sp002320005.fastq.gz,ERR8314733.x.s__Fimisoma sp002320005,18f2ccb2,5980000,51,DNA,10000,598,True,0.8821752693905812,0.8954616198633102,0.8888184446269457,0.8954616198633102,True,2,3794,4375,d__Bacteria;p__Bacillota;c__Clostridia;o__Lachnospirales;f__Lachnospiraceae;g__Blautia_A;s__Blautia_A sp022764275
20000,0.0033444816053511705,0.0032679738562091504,0.0016722408026755853,0.00045714285714285713,2.0,2.0,0.0,/group/ctbrowngrp5/sourmash-db.new/gtdb-rs226/gtdb-rs226-k51.dna.rocksdb,GCF_040097685.1 Fusicatenibacter saccharivorans,1c6a2f84b8bc488d1b149cc24869351d,0.006535947712418301,10000,172,3150000,outputs.mapping/bams.cds.rand/ERR8314733.x.s__Fimisoma sp002320005.fastq.gz,ERR8314733.x.s__Fimisoma sp002320005,18f2ccb2,5980000,51,DNA,10000,598,True,0.8942468678440603,0.9060724242444924,0.9001596460442763,0.9060724242444924,True,2,3796,4375,d__Bacteria;p__Bacillota;c__Clostridia;o__Lachnospirales;f__Lachnospiraceae;g__Fusicatenibacter;s__Fusicatenibacter saccharivorans
20000,0.0033444816053511705,0.0015408320493066256,0.0016722408026755853,0.00022857142857142857,1.0,1.0,0.0,/group/ctbrowngrp5/sourmash-db.new/gtdb-rs226/gtdb-rs226-k51.dna.rocksdb,GCA_900762525.1 uncultured Bacteroides sp.,f89928bbce27b85f69b5f7fa9e2126d9,0.0030816640986132513,10000,173,3140000,outputs.mapping/bams.cds.rand/ERR8314733.x.s__Fimisoma sp002320005.fastq.gz,ERR8314733.x.s__Fimisoma sp002320005,18f2ccb2,5980000,51,DNA,10000,598,True,0.8942468678440603,0.8928129810381413,0.8935299244411008,0.8942468678440603,True,1,3797,4375,d__Bacteria;p__Bacteroidota;c__Bacteroidia;o__Bacteroidales;f__Bacteroidaceae;g__Bacteroides;s__Bacteroides sp900762525
10000,0.0016722408026755853,0.003115264797507788,0.0016722408026755853,0.00022857142857142857,1.0,1.0,0.0,/group/ctbrowngrp5/sourmash-db.new/gtdb-rs226/gtdb-rs226-k51.dna.rocksdb,GCA_963609615.1 Oribacterium sp.,bd23129ec9ea5001afe9a38b69588123,0.003115264797507788,10000,174,3130000,outputs.mapping/bams.cds.rand/ERR8314733.x.s__Fimisoma sp002320005.fastq.gz,ERR8314733.x.s__Fimisoma sp002320005,18f2ccb2,5980000,51,DNA,10000,598,True,0.8821752693905812,0.8930028450019822,0.8875890571962817,0.8930028450019822,True,1,3798,4375,d__Bacteria;p__Bacteroidota;c__Bacteroidia;o__Bacteroidales;f__Bacteroidaceae;g__Prevotella;s__Prevotella sp963609615
10000,0.0016722408026755853,0.006578947368421052,0.0016722408026755853,0.00045714285714285713,2.0,2.0,0.0,/group/ctbrowngrp5/sourmash-db.new/gtdb-rs226/gtdb-rs226-k51.dna.rocksdb,GCA_019423625.1 Clostridiales bacterium,c529c7ff81a0b7f03a857360347703a5,0.006578947368421052,10000,175,3120000,outputs.mapping/bams.cds.rand/ERR8314733.x.s__Fimisoma sp002320005.fastq.gz,ERR8314733.x.s__Fimisoma sp002320005,18f2ccb2,5980000,51,DNA,10000,598,True,0.8821752693905812,0.9061889313384778,0.8941821003645295,0.9061889313384778,True,2,3800,4375,d__Bacteria;p__Bacillota;c__Clostridia;o__Oscillospirales;f__Oscillospiraceae;g__Oscillibacter;s__Oscillibacter sp022778785
10000,0.0016722408026755853,0.0040650406504065045,0.0016722408026755853,0.00022857142857142857,1.0,1.0,0.0,/group/ctbrowngrp5/sourmash-db.new/gtdb-rs226/gtdb-rs226-k51.dna.rocksdb,GCA_938001885.1 uncultured Lachnospiraceae bacterium,a67945618f3f9f32645ad8514201ccbe,0.0040650406504065045,10000,176,3110000,outputs.mapping/bams.cds.rand/ERR8314733.x.s__Fimisoma sp002320005.fastq.gz,ERR8314733.x.s__Fimisoma sp002320005,18f2ccb2,5980000,51,DNA,10000,598,True,0.8821752693905812,0.8976745640706776,0.8899249167306293,0.8976745640706776,True,1,3801,4375,d__Bacteria;p__Bacillota;c__Clostridia;o__Lachnospirales;f__Lachnospiraceae;g__Frisingicoccus;s__Frisingicoccus caecimuris
10000,0.0016722408026755853,0.003436426116838488,0.0016722408026755853,0.0029714285714285715,13.0,13.0,0.0,/group/ctbrowngrp5/sourmash-db.new/gtdb-rs226/gtdb-rs226-k51.dna.rocksdb,GCF_041333095.1 Intestinibacter bartlettii,dd98e2dacbf5138c06fb57ec9ba6a71f,0.003436426116838488,10000,177,3100000,outputs.mapping/bams.cds.rand/ERR8314733.x.s__Fimisoma sp002320005.fastq.gz,ERR8314733.x.s__Fimisoma sp002320005,18f2ccb2,5980000,51,DNA,10000,598,True,0.8821752693905812,0.8947225285960692,0.8884488989933252,0.8947225285960692,True,13,3814,4375,d__Bacteria;p__Bacillota;c__Clostridia;o__Peptostreptococcales;f__Peptostreptococcaceae;g__Intestinibacter;s__Intestinibacter bartlettii
10000,0.0016722408026755853,0.0035714285714285713,0.0016722408026755853,0.00022857142857142857,1.0,1.0,0.0,/group/ctbrowngrp5/sourmash-db.new/gtdb-rs226/gtdb-rs226-k51.dna.rocksdb,GCA_034116245.1 Prevotella sp.,164c739aabdbbda1e3869d8e478714c9,0.0035714285714285713,10000,178,3090000,outputs.mapping/bams.cds.rand/ERR8314733.x.s__Fimisoma sp002320005.fastq.gz,ERR8314733.x.s__Fimisoma sp002320005,18f2ccb2,5980000,51,DNA,10000,598,True,0.8821752693905812,0.8953988024255913,0.8887870359080863,0.8953988024255913,True,1,3815,4375,d__Bacteria;p__Bacteroidota;c__Bacteroidia;o__Bacteroidales;f__Bacteroidaceae;g__Prevotella;s__Prevotella sp900548195
10000,0.0016722408026755853,0.003484320557491289,0.0016722408026755853,0.00045714285714285713,2.0,2.0,0.0,/group/ctbrowngrp5/sourmash-db.new/gtdb-rs226/gtdb-rs226-k51.dna.rocksdb,GCA_945830505.1 uncultured Clostridia bacterium,15e12f3e219cd71609bbc435637dc6c0,0.003484320557491289,10000,179,3080000,outputs.mapping/bams.cds.rand/ERR8314733.x.s__Fimisoma sp002320005.fastq.gz,ERR8314733.x.s__Fimisoma sp002320005,18f2ccb2,5980000,51,DNA,10000,598,True,0.8821752693905812,0.8949653831278861,0.8885703262592337,0.8949653831278861,True,2,3817,4375,d__Bacteria;p__Bacillota;c__Clostridia;o__Oscillospirales;f__Oscillospiraceae;g__Faecousia;s__Faecousia sp945875335
40000,0.006688963210702341,0.0026455026455026454,0.0016722408026755853,0.00022857142857142857,1.0,1.0,0.0,/group/ctbrowngrp5/sourmash-db.new/gtdb-rs226/gtdb-rs226-k51.dna.rocksdb,GCA_041323155.1 Roseburia faecis,ee6672214b09d691e6cae81719d56264,0.010582010582010581,10000,180,3070000,outputs.mapping/bams.cds.rand/ERR8314733.x.s__Fimisoma sp002320005.fastq.gz,ERR8314733.x.s__Fimisoma sp002320005,18f2ccb2,5980000,51,DNA,10000,598,True,0.9064836528475121,0.9146733865236761,0.9105785196855941,0.9146733865236761,True,1,3818,4375,d__Bacteria;p__Bacillota;c__Clostridia;o__Lachnospirales;f__Lachnospiraceae;g__Agathobacter;s__Agathobacter faecis
40000,0.006688963210702341,0.004901960784313725,0.0016722408026755853,0.00022857142857142857,1.0,1.0,0.0,/group/ctbrowngrp5/sourmash-db.new/gtdb-rs226/gtdb-rs226-k51.dna.rocksdb,GCA_004562525.1 bacterium,e89df9c0e0c9928c590770ee81e732a4,0.0196078431372549,10000,181,3060000,outputs.mapping/bams.cds.rand/ERR8314733.x.s__Fimisoma sp002320005.fastq.gz,ERR8314733.x.s__Fimisoma sp002320005,18f2ccb2,5980000,51,DNA,10000,598,True,0.9064836528475121,0.9258022498221521,0.916142951334832,0.9258022498221521,True,1,3819,4375,d__Bacteria;p__Bacteroidota;c__Bacteroidia;o__Bacteroidales;f__Bacteroidaceae;g__Prevotella;s__Prevotella sp900546535
10000,0.0016722408026755853,0.004807692307692308,0.0016722408026755853,0.0016,7.0,7.0,0.0,/group/ctbrowngrp5/sourmash-db.new/gtdb-rs226/gtdb-rs226-k51.dna.rocksdb,GCA_029218765.1 Oscillospiraceae bacterium,09c8ecef37c84b778546205a8e23a4a4,0.004807692307692308,10000,182,3050000,outputs.mapping/bams.cds.rand/ERR8314733.x.s__Fimisoma sp002320005.fastq.gz,ERR8314733.x.s__Fimisoma sp002320005,18f2ccb2,5980000,51,DNA,10000,598,True,0.8821752693905812,0.9006328380135685,0.8914040537020749,0.9006328380135685,True,7,3826,4375,d__Bacteria;p__Bacillota;c__Clostridia;o__Oscillospirales;f__Oscillospiraceae;g__Faecousia;s__Faecousia sp017622995
10000,0.0016722408026755853,0.004484304932735426,0.0016722408026755853,0.0006857142857142857,3.0,3.0,0.0,/group/ctbrowngrp5/sourmash-db.new/gtdb-rs226/gtdb-rs226-k51.dna.rocksdb,GCA_946059305.1 uncultured Bacteroidales bacterium,30d3532c5ca297735f5b51d7709de67c,0.004484304932735426,10000,183,3040000,outputs.mapping/bams.cds.rand/ERR8314733.x.s__Fimisoma sp002320005.fastq.gz,ERR8314733.x.s__Fimisoma sp002320005,18f2ccb2,5980000,51,DNA,10000,598,True,0.8821752693905812,0.8994039832126721,0.8907896263016266,0.8994039832126721,True,3,3829,4375,d__Bacteria;p__Bacteroidota;c__Bacteroidia;o__Bacteroidales;f__Paludibacteraceae;g__Colicola;s__Colicola sp946059305
10000,0.0016722408026755853,0.003937007874015748,0.0016722408026755853,0.0006857142857142857,3.0,3.0,0.0,/group/ctbrowngrp5/sourmash-db.new/gtdb-rs226/gtdb-rs226-k51.dna.rocksdb,GCA_035712345.1 Solirubrobacterales bacterium,6ed58d8675a8ca97a88872ff29b4d001,0.003937007874015748,10000,184,3030000,outputs.mapping/bams.cds.rand/ERR8314733.x.s__Fimisoma sp002320005.fastq.gz,ERR8314733.x.s__Fimisoma sp002320005,18f2ccb2,5980000,51,DNA,10000,598,True,0.8821752693905812,0.8971114459123445,0.8896433576514629,0.8971114459123445,True,3,3832,4375,d__Bacteria;p__Actinomycetota;c__Thermoleophilia;o__Solirubrobacterales;f__70-9;g__VRUE01;s__VRUE01 sp035712345
10000,0.0016722408026755853,0.004629629629629629,0.0016722408026755853,0.00022857142857142857,1.0,1.0,0.0,/group/ctbrowngrp5/sourmash-db.new/gtdb-rs226/gtdb-rs226-k51.dna.rocksdb,GCA_945877285.1 uncultured Clostridia bacterium,229ef4339f844854bccbe3b8d6d0c2a7,0.004629629629629629,10000,185,3020000,outputs.mapping/bams.cds.rand/ERR8314733.x.s__Fimisoma sp002320005.fastq.gz,ERR8314733.x.s__Fimisoma sp002320005,18f2ccb2,5980000,51,DNA,10000,598,True,0.8821752693905812,0.8999666104581765,0.8910709399243788,0.8999666104581765,True,1,3833,4375,d__Bacteria;p__Bacillota;c__Clostridia;o__Monoglobales;f__Monoglobaceae;g__Ructibacterium;s__Ructibacterium sp934454115
10000,0.0016722408026755853,0.0043859649122807015,0.0016722408026755853,0.0013714285714285714,6.0,6.0,0.0,/group/ctbrowngrp5/sourmash-db.new/gtdb-rs226/gtdb-rs226-k51.dna.rocksdb,GCA_902802515.1 uncultured Lachnospiraceae bacterium,ba67ce117a77759cb10862507a360c66,0.0043859649122807015,10000,186,3010000,outputs.mapping/bams.cds.rand/ERR8314733.x.s__Fimisoma sp002320005.fastq.gz,ERR8314733.x.s__Fimisoma sp002320005,18f2ccb2,5980000,51,DNA,10000,598,True,0.8821752693905812,0.8990130239792933,0.8905941466849372,0.8990130239792933,True,6,3839,4375,d__Bacteria;p__Bacillota;c__Clostridia;o__Lachnospirales;f__Lachnospiraceae;g__Merdiplasma;s__Merdiplasma sp902802515
