intersect_bp,f_orig_query,f_match,f_unique_to_query,f_unique_weighted,average_abund,median_abund,std_abund,filename,name,md5,f_match_orig,unique_intersect_bp,gather_result_rank,remaining_bp,query_filename,query_name,query_md5,query_bp,ksize,moltype,scaled,query_n_hashes,query_abundance,query_containment_ani,match_containment_ani,average_containment_ani,max_containment_ani,potential_false_negative,n_unique_weighted_found,sum_weighted_found,total_weighted_hashes,lineage
140000,0.019886363636363636,0.06363636363636363,0.019886363636363636,0.12096774193548387,37.5,2.0,86.31896828457975,/group/ctbrowngrp5/sourmash-db.new/gtdb-rs226/gtdb-rs226-k51.dna.rocksdb,GCA_002320005.1 Firmicutes bacterium UBA1702,7e08ba56ee426e63c2029467361ad169,0.06363636363636363,140000,0,6900000,outputs.mapping/bams.cds.rand/ERR8314767.x.s__Fimisoma sp002320005.fastq.gz,ERR8314767.x.s__Fimisoma sp002320005,ce5e5e2e,7040000,51,DNA,10000,704,True,0.926058325939385,0.9474215135875971,0.936739919763491,0.9474215135875971,False,525,525,4340,d__Bacteria;p__Bacillota;c__Clostridia;o__Peptostreptococcales;f__Anaerovoracaceae;g__Fimisoma;s__Fimisoma sp002320005
100000,0.014204545454545454,0.026455026455026454,0.014204545454545454,0.1608294930875576,69.8,5.5,144.47892579888597,/group/ctbrowngrp5/sourmash-db.new/gtdb-rs226/gtdb-rs226-k51.dna.rocksdb,GCF_040096555.1 Coprococcus intestinihominis,b0eaca5ba589f9715c39079e7665ea4d,0.026455026455026454,100000,1,6800000,outputs.mapping/bams.cds.rand/ERR8314767.x.s__Fimisoma sp002320005.fastq.gz,ERR8314767.x.s__Fimisoma sp002320005,ce5e5e2e,7040000,51,DNA,10000,704,True,0.9199687709086581,0.9312553660437812,0.9256120684762197,0.9312553660437812,False,698,1223,4340,d__Bacteria;p__Bacillota;c__Clostridia;o__Lachnospirales;f__Lachnospiraceae;g__Coprococcus_A;s__Coprococcus_A intestinihominis
80000,0.011363636363636364,0.02422145328719723,0.009943181818181818,0.02142857142857143,13.285714285714286,16.0,12.055991820481225,/group/ctbrowngrp5/sourmash-db.new/gtdb-rs226/gtdb-rs226-k51.dna.rocksdb,GCF_012843825.1 Dorea formicigenerans,071f2629301e97499cd33e1b6b44012d,0.02768166089965398,70000,2,6730000,outputs.mapping/bams.cds.rand/ERR8314767.x.s__Fimisoma sp002320005.fastq.gz,ERR8314767.x.s__Fimisoma sp002320005,ce5e5e2e,7040000,51,DNA,10000,704,True,0.9159523659199715,0.9320833452257788,0.9240178555728752,0.9320833452257788,False,93,1316,4340,d__Bacteria;p__Bacillota;c__Clostridia;o__Lachnospirales;f__Lachnospiraceae;g__Dorea;s__Dorea formicigenerans
80000,0.011363636363636364,0.016129032258064516,0.008522727272727272,0.017741935483870968,12.833333333333334,11.5,11.006311320732703,/group/ctbrowngrp5/sourmash-db.new/gtdb-rs226/gtdb-rs226-k51.dna.rocksdb,GCA_004556565.1 Lachnospiraceae bacterium,edb00f169e376430fe98e2e4c3b24f96,0.021505376344086023,60000,3,6670000,outputs.mapping/bams.cds.rand/ERR8314767.x.s__Fimisoma sp002320005.fastq.gz,ERR8314767.x.s__Fimisoma sp002320005,ce5e5e2e,7040000,51,DNA,10000,704,True,0.9159523659199715,0.9274806208525901,0.9217164933862808,0.9274806208525901,False,77,1393,4340,d__Bacteria;p__Bacillota;c__Clostridia;o__Lachnospirales;f__Lachnospiraceae;g__Schaedlerella;s__Schaedlerella sp004556565
60000,0.008522727272727272,0.015584415584415584,0.008522727272727272,0.00944700460829493,6.833333333333333,3.0,7.602996485304695,/group/ctbrowngrp5/sourmash-db.new/gtdb-rs226/gtdb-rs226-k51.dna.rocksdb,GCA_946011515.1 uncultured Lachnospiraceae bacterium,22d10b3bb0824123b63da9ff2df42f3e,0.015584415584415584,60000,4,6610000,outputs.mapping/bams.cds.rand/ERR8314767.x.s__Fimisoma sp002320005.fastq.gz,ERR8314767.x.s__Fimisoma sp002320005,ce5e5e2e,7040000,51,DNA,10000,704,True,0.9108001839010786,0.9216426399128053,0.916221411906942,0.9216426399128053,True,41,1434,4340,d__Bacteria;p__Bacillota;c__Clostridia;o__Lachnospirales;f__Lachnospiraceae;g__COE1;s__COE1 sp022788085
60000,0.008522727272727272,0.014925373134328358,0.007102272727272727,0.023271889400921657,20.2,2.0,35.44799006996024,/group/ctbrowngrp5/sourmash-db.new/gtdb-rs226/gtdb-rs226-k51.dna.rocksdb,GCA_963558015.1 uncultured Acetatifactor sp.,c4b24070efc5d3de83ee68bb02d1dae6,0.01791044776119403,50000,5,6560000,outputs.mapping/bams.cds.rand/ERR8314767.x.s__Fimisoma sp002320005.fastq.gz,ERR8314767.x.s__Fimisoma sp002320005,ce5e5e2e,7040000,51,DNA,10000,704,True,0.9108001839010786,0.9241600381886481,0.9174801110448634,0.9241600381886481,True,101,1535,4340,d__Bacteria;p__Bacillota;c__Clostridia;o__Lachnospirales;f__Lachnospiraceae;g__Acetatifactor;s__Acetatifactor sp945929965
50000,0.007102272727272727,0.0228310502283105,0.007102272727272727,0.05783410138248848,50.2,7.0,72.46350805750437,/group/ctbrowngrp5/sourmash-db.new/gtdb-rs226/gtdb-rs226-k51.dna.rocksdb,GCA_902487525.1 uncultured Alistipes sp.,299734f86cd949d589eb8c8789ff5cc6,0.0228310502283105,50000,6,6510000,outputs.mapping/bams.cds.rand/ERR8314767.x.s__Fimisoma sp002320005.fastq.gz,ERR8314767.x.s__Fimisoma sp002320005,ce5e5e2e,7040000,51,DNA,10000,704,True,0.9075499478839557,0.9285691119243834,0.9180595299041696,0.9285691119243834,True,251,1786,4340,d__Bacteria;p__Bacteroidota;c__Bacteroidia;o__Bacteroidales;f__Rikenellaceae;g__Alistipes;s__Alistipes sp900770635
50000,0.007102272727272727,0.02336448598130841,0.007102272727272727,0.0016129032258064516,1.4,1.0,0.4898979485566356,/group/ctbrowngrp5/sourmash-db.new/gtdb-rs226/gtdb-rs226-k51.dna.rocksdb,GCA_945914485.1 uncultured Clostridia bacterium,a377ffcdc130e75359e7d0b03259832a,0.02336448598130841,50000,7,6460000,outputs.mapping/bams.cds.rand/ERR8314767.x.s__Fimisoma sp002320005.fastq.gz,ERR8314767.x.s__Fimisoma sp002320005,ce5e5e2e,7040000,51,DNA,10000,704,True,0.9075499478839557,0.9289897163182872,0.9182698321011215,0.9289897163182872,True,7,1793,4340,d__Bacteria;p__Bacillota;c__Clostridia;o__Peptostreptococcales;f__Anaerovoracaceae;g__CAG-238;s__CAG-238 sp022787405
50000,0.007102272727272727,0.008791208791208791,0.005681818181818182,0.008525345622119816,9.25,4.5,10.638961415476606,/group/ctbrowngrp5/sourmash-db.new/gtdb-rs226/gtdb-rs226-k51.dna.rocksdb,GCF_015550985.1 Blautia wexlerae,4868cb8186c418f9b339480704ec694a,0.01098901098901099,40000,8,6420000,outputs.mapping/bams.cds.rand/ERR8314767.x.s__Fimisoma sp002320005.fastq.gz,ERR8314767.x.s__Fimisoma sp002320005,ce5e5e2e,7040000,51,DNA,10000,704,True,0.9075499478839557,0.915350501215715,0.9114502245498354,0.915350501215715,True,37,1830,4340,d__Bacteria;p__Bacillota;c__Clostridia;o__Lachnospirales;f__Lachnospiraceae;g__Blautia_A;s__Blautia_A wexlerae
40000,0.005681818181818182,0.010101010101010102,0.005681818181818182,0.006221198156682027,6.75,7.0,4.264680527307995,/group/ctbrowngrp5/sourmash-db.new/gtdb-rs226/gtdb-rs226-k51.dna.rocksdb,GCA_022738995.1 Prevotella sp.,5b83575aaf0d4236ef5ba6c7e086edd2,0.010101010101010102,40000,9,6380000,outputs.mapping/bams.cds.rand/ERR8314767.x.s__Fimisoma sp002320005.fastq.gz,ERR8314767.x.s__Fimisoma sp002320005,ce5e5e2e,7040000,51,DNA,10000,704,True,0.9035877610647627,0.9138394410390787,0.9087136010519207,0.9138394410390787,True,27,1857,4340,d__Bacteria;p__Bacteroidota;c__Bacteroidia;o__Bacteroidales;f__Bacteroidaceae;g__Prevotella;s__Prevotella sp002265625
50000,0.007102272727272727,0.011904761904761904,0.005681818181818182,0.0013824884792626728,1.5,1.5,0.5,/group/ctbrowngrp5/sourmash-db.new/gtdb-rs226/gtdb-rs226-k51.dna.rocksdb,GCA_902365035.1 Lachnospiraceae bacterium,286c4568e24aad811f0f2b15406ad57d,0.01488095238095238,40000,10,6340000,outputs.mapping/bams.cds.rand/ERR8314767.x.s__Fimisoma sp002320005.fastq.gz,ERR8314767.x.s__Fimisoma sp002320005,ce5e5e2e,7040000,51,DNA,10000,704,True,0.9075499478839557,0.9208083098561101,0.9141791288700329,0.9208083098561101,True,6,1863,4340,d__Bacteria;p__Bacillota;c__Clostridia;o__Lachnospirales;f__Lachnospiraceae;g__Jutongia;s__Jutongia sp003524945
40000,0.005681818181818182,0.012658227848101266,0.005681818181818182,0.0034562211981566822,3.75,3.5,1.7853571071357126,/group/ctbrowngrp5/sourmash-db.new/gtdb-rs226/gtdb-rs226-k51.dna.rocksdb,GCF_015551295.1 Agathobacter rectalis,85dd78eee8e58aaa5a6da16adb8fcb83,0.012658227848101266,40000,11,6300000,outputs.mapping/bams.cds.rand/ERR8314767.x.s__Fimisoma sp002320005.fastq.gz,ERR8314767.x.s__Fimisoma sp002320005,ce5e5e2e,7040000,51,DNA,10000,704,True,0.9035877610647627,0.9178920865148493,0.910739923789806,0.9178920865148493,True,15,1878,4340,d__Bacteria;p__Bacillota;c__Clostridia;o__Lachnospirales;f__Lachnospiraceae;g__Agathobacter;s__Agathobacter rectalis
50000,0.007102272727272727,0.027210884353741496,0.005681818181818182,0.0020737327188940094,2.25,2.0,1.299038105676658,/group/ctbrowngrp5/sourmash-db.new/gtdb-rs226/gtdb-rs226-k51.dna.rocksdb,GCA_945921485.1 uncultured Clostridia bacterium,82e48b9461ccb856ba728ad40917d137,0.034013605442176874,40000,12,6260000,outputs.mapping/bams.cds.rand/ERR8314767.x.s__Fimisoma sp002320005.fastq.gz,ERR8314767.x.s__Fimisoma sp002320005,ce5e5e2e,7040000,51,DNA,10000,704,True,0.9075499478839557,0.9358556698969571,0.9217028088904564,0.9358556698969571,True,9,1887,4340,d__Bacteria;p__Bacillota;c__Clostridia;o__Peptostreptococcales;f__Anaerovoracaceae;g__CAG-238;s__CAG-238 sp945644815
50000,0.007102272727272727,0.024539877300613498,0.005681818181818182,0.0013824884792626728,1.5,1.0,0.8660254037844386,/group/ctbrowngrp5/sourmash-db.new/gtdb-rs226/gtdb-rs226-k51.dna.rocksdb,GCA_018384955.1 Oscillospiraceae bacterium,76b946851a6b3ac211a8510150705b03,0.03067484662576687,40000,13,6220000,outputs.mapping/bams.cds.rand/ERR8314767.x.s__Fimisoma sp002320005.fastq.gz,ERR8314767.x.s__Fimisoma sp002320005,ce5e5e2e,7040000,51,DNA,10000,704,True,0.9075499478839557,0.9339616992775273,0.9207558235807415,0.9339616992775273,True,6,1893,4340,d__Bacteria;p__Bacillota;c__Clostridia;o__Oscillospirales;f__Acutalibacteraceae;g__Fimenecus;s__Fimenecus sp004556705
80000,0.011363636363636364,0.006802721088435374,0.005681818181818182,0.00576036866359447,6.25,5.5,5.356071321407137,/group/ctbrowngrp5/sourmash-db.new/gtdb-rs226/gtdb-rs226-k51.dna.rocksdb,GCF_000371505.1 [Clostridium] clostridioforme 90A8,6f8afff09b4ee01a33b44dc24507f386,0.013605442176870748,40000,14,6180000,outputs.mapping/bams.cds.rand/ERR8314767.x.s__Fimisoma sp002320005.fastq.gz,ERR8314767.x.s__Fimisoma sp002320005,ce5e5e2e,7040000,51,DNA,10000,704,True,0.9159523659199715,0.9191917771368738,0.9175720715284227,0.9191917771368738,False,25,1918,4340,d__Bacteria;p__Bacillota;c__Clostridia;o__Lachnospirales;f__Lachnospiraceae;g__Enterocloster;s__Enterocloster clostridioformis
60000,0.008522727272727272,0.011267605633802818,0.005681818181818182,0.008986175115207374,9.75,2.0,14.00669482783144,/group/ctbrowngrp5/sourmash-db.new/gtdb-rs226/gtdb-rs226-k51.dna.rocksdb,GCA_900766915.1 Lachnospiraceae bacterium,a460395f50841e7e1603909550d8ee50,0.016901408450704224,40000,15,6140000,outputs.mapping/bams.cds.rand/ERR8314767.x.s__Fimisoma sp002320005.fastq.gz,ERR8314767.x.s__Fimisoma sp002320005,ce5e5e2e,7040000,51,DNA,10000,704,True,0.9108001839010786,0.9231098606980945,0.9169550222995866,0.9231098606980945,True,39,1957,4340,d__Bacteria;p__Bacillota;c__Clostridia;o__Lachnospirales;f__Lachnospiraceae;g__HGM12587;s__HGM12587 sp900766915
40000,0.005681818181818182,0.019138755980861243,0.005681818181818182,0.0027649769585253456,3.0,2.5,1.224744871391589,/group/ctbrowngrp5/sourmash-db.new/gtdb-rs226/gtdb-rs226-k51.dna.rocksdb,GCA_945875995.1 uncultured Eubacteriaceae bacterium,521eb7dad202c4ddd8b4a7ccd2791f32,0.019138755980861243,40000,16,6100000,outputs.mapping/bams.cds.rand/ERR8314767.x.s__Fimisoma sp002320005.fastq.gz,ERR8314767.x.s__Fimisoma sp002320005,ce5e5e2e,7040000,51,DNA,10000,704,True,0.9035877610647627,0.9253627930836159,0.9144752770741893,0.9253627930836159,True,12,1969,4340,d__Bacteria;p__Bacillota;c__Clostridia;o__Peptostreptococcales;f__Anaerovoracaceae;g__Emergencia;s__Emergencia sp022767945
40000,0.005681818181818182,0.02,0.005681818181818182,0.001152073732718894,1.25,1.0,0.4330127018922193,/group/ctbrowngrp5/sourmash-db.new/gtdb-rs226/gtdb-rs226-k51.dna.rocksdb,GCA_004552135.1 Bacteroidales bacterium,a7d44adc74bf2a4bdcbed7985303d2cb,0.02,40000,17,6060000,outputs.mapping/bams.cds.rand/ERR8314767.x.s__Fimisoma sp002320005.fastq.gz,ERR8314767.x.s__Fimisoma sp002320005,ce5e5e2e,7040000,51,DNA,10000,704,True,0.9035877610647627,0.9261617964232596,0.9148747787440111,0.9261617964232596,True,5,1974,4340,d__Bacteria;p__Bacteroidota;c__Bacteroidia;o__Bacteroidales;f__UBA932;g__Cryptobacteroides;s__Cryptobacteroides sp004554455
40000,0.005681818181818182,0.003870967741935484,0.004261363636363636,0.023963133640552997,34.666666666666664,36.0,2.6246692913372702,/group/ctbrowngrp5/sourmash-db.new/gtdb-rs226/gtdb-rs226-k51.dna.rocksdb,GCF_021410745.1 Bacteroides ovatus,5759b3e2a53b916482448494c0784ccf,0.005161290322580645,30000,18,6030000,outputs.mapping/bams.cds.rand/ERR8314767.x.s__Fimisoma sp002320005.fastq.gz,ERR8314767.x.s__Fimisoma sp002320005,ce5e5e2e,7040000,51,DNA,10000,704,True,0.9035877610647627,0.9018869924339906,0.9027373767493767,0.9035877610647627,True,104,2078,4340,d__Bacteria;p__Bacteroidota;c__Bacteroidia;o__Bacteroidales;f__Bacteroidaceae;g__Bacteroides;s__Bacteroides ovatus
60000,0.008522727272727272,0.007389162561576354,0.004261363636363636,0.0009216589861751152,1.3333333333333333,1.0,0.4714045207910317,/group/ctbrowngrp5/sourmash-db.new/gtdb-rs226/gtdb-rs226-k51.dna.rocksdb,GCF_040095405.1 Blautia acetigignens,0cc8d7c22654789dc6fa775213e37eac,0.014778325123152709,30000,19,6000000,outputs.mapping/bams.cds.rand/ERR8314767.x.s__Fimisoma sp002320005.fastq.gz,ERR8314767.x.s__Fimisoma sp002320005,ce5e5e2e,7040000,51,DNA,10000,704,True,0.9108001839010786,0.9206833692885147,0.9157417765947966,0.9206833692885147,True,4,2082,4340,d__Bacteria;p__Bacillota;c__Clostridia;o__Lachnospirales;f__Lachnospiraceae;g__Blautia_A;s__Blautia_A acetigignens
60000,0.008522727272727272,0.008152173913043478,0.004261363636363636,0.0009216589861751152,1.3333333333333333,1.0,0.4714045207910317,/group/ctbrowngrp5/sourmash-db.new/gtdb-rs226/gtdb-rs226-k51.dna.rocksdb,GCF_001461035.1 Acetivibrio ethanolgignens,2c87d6e0353c52133f9d0ebfd5aafc8e,0.016304347826086956,30000,20,5970000,outputs.mapping/bams.cds.rand/ERR8314767.x.s__Fimisoma sp002320005.fastq.gz,ERR8314767.x.s__Fimisoma sp002320005,ce5e5e2e,7040000,51,DNA,10000,704,True,0.9108001839010786,0.9224591140329027,0.9166296489669907,0.9224591140329027,True,4,2086,4340,d__Bacteria;p__Bacillota;c__Clostridia;o__Lachnospirales;f__Lachnospiraceae;g__Velocimicrobium;s__Velocimicrobium ethanolgignens
30000,0.004261363636363636,0.008849557522123894,0.004261363636363636,0.0034562211981566822,5.0,3.0,4.320493798938574,/group/ctbrowngrp5/sourmash-db.new/gtdb-rs226/gtdb-rs226-k51.dna.rocksdb,GCA_958365775.1 Segatella copri,6854d79dd44f40257b63f6e1fb48cbc2,0.008849557522123894,30000,21,5940000,outputs.mapping/bams.cds.rand/ERR8314767.x.s__Fimisoma sp002320005.fastq.gz,ERR8314767.x.s__Fimisoma sp002320005,ce5e5e2e,7040000,51,DNA,10000,704,True,0.8985051292726896,0.9114724786438645,0.904988803958277,0.9114724786438645,True,15,2101,4340,d__Bacteria;p__Bacteroidota;c__Bacteroidia;o__Bacteroidales;f__Bacteroidaceae;g__Prevotella;s__Prevotella copri_K
30000,0.004261363636363636,0.01060070671378092,0.004261363636363636,0.0018433179723502304,2.6666666666666665,2.0,1.699673171197595,/group/ctbrowngrp5/sourmash-db.new/gtdb-rs226/gtdb-rs226-k51.dna.rocksdb,GCA_946000975.1 uncultured Lachnospiraceae bacterium,a0d78b88bb756c193272cf223e5ec153,0.01060070671378092,30000,22,5910000,outputs.mapping/bams.cds.rand/ERR8314767.x.s__Fimisoma sp002320005.fastq.gz,ERR8314767.x.s__Fimisoma sp002320005,ce5e5e2e,7040000,51,DNA,10000,704,True,0.8985051292726896,0.9147050459893903,0.9066050876310399,0.9147050459893903,True,8,2109,4340,d__Bacteria;p__Bacillota;c__Clostridia;o__Lachnospirales;f__Lachnospiraceae;g__SFDP01;s__SFDP01 sp004558185
60000,0.008522727272727272,0.005758157389635317,0.004261363636363636,0.008064516129032258,11.666666666666666,15.0,7.717224601860151,/group/ctbrowngrp5/sourmash-db.new/gtdb-rs226/gtdb-rs226-k51.dna.rocksdb,GCF_012524165.2 Faecalicatena faecalis,1af9b3500bd306173045ba9c6bd5f627,0.011516314779270634,30000,23,5880000,outputs.mapping/bams.cds.rand/ERR8314767.x.s__Fimisoma sp002320005.fastq.gz,ERR8314767.x.s__Fimisoma sp002320005,ce5e5e2e,7040000,51,DNA,10000,704,True,0.9108001839010786,0.916192093793623,0.9134961388473508,0.916192093793623,True,35,2144,4340,d__Bacteria;p__Bacillota;c__Clostridia;o__Lachnospirales;f__Lachnospiraceae;g__Faecalicatena_A;s__Faecalicatena_A faecalis
40000,0.005681818181818182,0.012195121951219513,0.004261363636363636,0.0006912442396313364,1.0,1.0,0.0,/group/ctbrowngrp5/sourmash-db.new/gtdb-rs226/gtdb-rs226-k51.dna.rocksdb,GCF_021531975.1 Faecalicatena contorta,4bbb84c6c52428215cbefce961d2b180,0.016260162601626018,30000,24,5850000,outputs.mapping/bams.cds.rand/ERR8314767.x.s__Fimisoma sp002320005.fastq.gz,ERR8314767.x.s__Fimisoma sp002320005,ce5e5e2e,7040000,51,DNA,10000,704,True,0.9035877610647627,0.9224100313639713,0.9129988962143669,0.9224100313639713,True,3,2147,4340,d__Bacteria;p__Bacillota;c__Clostridia;o__Lachnospirales;f__Lachnospiraceae;g__JAFBIY01;s__JAFBIY01 sp021531975
40000,0.005681818181818182,0.009584664536741214,0.004261363636363636,0.002304147465437788,3.3333333333333335,2.0,1.8856180831641267,/group/ctbrowngrp5/sourmash-db.new/gtdb-rs226/gtdb-rs226-k51.dna.rocksdb,GCA_004555915.1 Clostridiales bacterium,aa30eae138d93d9d3d0e4b8105d85617,0.012779552715654952,30000,25,5820000,outputs.mapping/bams.cds.rand/ERR8314767.x.s__Fimisoma sp002320005.fastq.gz,ERR8314767.x.s__Fimisoma sp002320005,ce5e5e2e,7040000,51,DNA,10000,704,True,0.9035877610647627,0.9180637848022833,0.910825772933523,0.9180637848022833,True,10,2157,4340,d__Bacteria;p__Bacillota;c__Clostridia;o__Oscillospirales;f__Butyricicoccaceae;g__Butyricicoccus_A;s__Butyricicoccus_A sp004555915
50000,0.007102272727272727,0.007936507936507936,0.004261363636363636,0.0006912442396313364,1.0,1.0,0.0,/group/ctbrowngrp5/sourmash-db.new/gtdb-rs226/gtdb-rs226-k51.dna.rocksdb,GCA_041323155.1 Roseburia faecis,ee6672214b09d691e6cae81719d56264,0.013227513227513227,30000,26,5790000,outputs.mapping/bams.cds.rand/ERR8314767.x.s__Fimisoma sp002320005.fastq.gz,ERR8314767.x.s__Fimisoma sp002320005,ce5e5e2e,7040000,51,DNA,10000,704,True,0.9075499478839557,0.9186841832521313,0.9131170655680435,0.9186841832521313,True,3,2160,4340,d__Bacteria;p__Bacillota;c__Clostridia;o__Lachnospirales;f__Lachnospiraceae;g__Agathobacter;s__Agathobacter faecis
50000,0.007102272727272727,0.014705882352941176,0.004261363636363636,0.01728110599078341,25.0,1.0,33.94112549695428,/group/ctbrowngrp5/sourmash-db.new/gtdb-rs226/gtdb-rs226-k51.dna.rocksdb,GCA_004562525.1 bacterium,e89df9c0e0c9928c590770ee81e732a4,0.024509803921568627,30000,27,5760000,outputs.mapping/bams.cds.rand/ERR8314767.x.s__Fimisoma sp002320005.fastq.gz,ERR8314767.x.s__Fimisoma sp002320005,ce5e5e2e,7040000,51,DNA,10000,704,True,0.9075499478839557,0.9298618460556182,0.918705896969787,0.9298618460556182,True,75,2235,4340,d__Bacteria;p__Bacteroidota;c__Bacteroidia;o__Bacteroidales;f__Bacteroidaceae;g__Prevotella;s__Prevotella sp900546535
50000,0.007102272727272727,0.013333333333333334,0.004261363636363636,0.02695852534562212,39.0,7.0,49.558046773455466,/group/ctbrowngrp5/sourmash-db.new/gtdb-rs226/gtdb-rs226-k51.dna.rocksdb,GCA_004557745.1 Phascolarctobacterium sp.,bd60db0343f75cedcf2f5b5458e684ec,0.022222222222222223,30000,28,5730000,outputs.mapping/bams.cds.rand/ERR8314767.x.s__Fimisoma sp002320005.fastq.gz,ERR8314767.x.s__Fimisoma sp002320005,ce5e5e2e,7040000,51,DNA,10000,704,True,0.9075499478839557,0.9280771248488988,0.9178135363664273,0.9280771248488988,True,117,2352,4340,d__Bacteria;p__Bacillota;c__Negativicutes;o__Acidaminococcales;f__Acidaminococcaceae;g__Phascolarctobacterium_A;s__Phascolarctobacterium_A succinatutens
80000,0.011363636363636364,0.014354066985645933,0.004261363636363636,0.0064516129032258064,9.333333333333334,1.0,11.785113019775793,/group/ctbrowngrp5/sourmash-db.new/gtdb-rs226/gtdb-rs226-k51.dna.rocksdb,GCA_945936195.1 uncultured Firmicutes bacterium,709cb201460207a15a23fa15a6fcb8c5,0.03827751196172249,30000,29,5700000,outputs.mapping/bams.cds.rand/ERR8314767.x.s__Fimisoma sp002320005.fastq.gz,ERR8314767.x.s__Fimisoma sp002320005,ce5e5e2e,7040000,51,DNA,10000,704,True,0.9159523659199715,0.9380253653064939,0.9269888656132328,0.9380253653064939,False,28,2380,4340,d__Bacteria;p__Bacillota;c__Clostridia;o__Peptostreptococcales;f__Anaerovoracaceae;g__Fimisoma;s__Fimisoma sp002320005
20000,0.002840909090909091,0.004008016032064128,0.002840909090909091,0.002534562211981567,5.5,5.5,1.5,/group/ctbrowngrp5/sourmash-db.new/gtdb-rs226/gtdb-rs226-k51.dna.rocksdb,GCF_040712875.1 Escherichia coli,b3d3fd8e1b259b04326985670d9efdb3,0.004008016032064128,20000,30,5680000,outputs.mapping/bams.cds.rand/ERR8314767.x.s__Fimisoma sp002320005.fastq.gz,ERR8314767.x.s__Fimisoma sp002320005,ce5e5e2e,7040000,51,DNA,10000,704,True,0.8913900682225732,0.8974259359784185,0.8944080021004959,0.8974259359784185,True,11,2391,4340,d__Bacteria;p__Pseudomonadota;c__Gammaproteobacteria;o__Enterobacterales;f__Enterobacteriaceae;g__Escherichia;s__Escherichia coli
20000,0.002840909090909091,0.008583690987124463,0.002840909090909091,0.001152073732718894,2.5,2.5,0.5,/group/ctbrowngrp5/sourmash-db.new/gtdb-rs226/gtdb-rs226-k51.dna.rocksdb,GCF_900011445.1 Streptococcus suis,5db85f169dd5c99969d7d1df9a4078d3,0.008583690987124463,20000,31,5660000,outputs.mapping/bams.cds.rand/ERR8314767.x.s__Fimisoma sp002320005.fastq.gz,ERR8314767.x.s__Fimisoma sp002320005,ce5e5e2e,7040000,51,DNA,10000,704,True,0.8913900682225732,0.9109274836213538,0.9011587759219635,0.9109274836213538,True,5,2396,4340,d__Bacteria;p__Bacillota;c__Bacilli;o__Lactobacillales;f__Streptococcaceae;g__Streptococcus;s__Streptococcus suis
20000,0.002840909090909091,0.006993006993006993,0.002840909090909091,0.0004608294930875576,1.0,1.0,0.0,/group/ctbrowngrp5/sourmash-db.new/gtdb-rs226/gtdb-rs226-k51.dna.rocksdb,GCA_934316755.1 uncultured Agathobacter sp.,17902c00058e4af774892ae78bc03888,0.006993006993006993,20000,32,5640000,outputs.mapping/bams.cds.rand/ERR8314767.x.s__Fimisoma sp002320005.fastq.gz,ERR8314767.x.s__Fimisoma sp002320005,ce5e5e2e,7040000,51,DNA,10000,704,True,0.8913900682225732,0.9072740913132011,0.8993320797678872,0.9072740913132011,True,2,2398,4340,d__Bacteria;p__Bacillota;c__Clostridia;o__Lachnospirales;f__Lachnospiraceae;g__Agathobacter;s__Agathobacter sp900543445
20000,0.002840909090909091,0.015151515151515152,0.002840909090909091,0.026497695852534562,57.5,57.5,25.5,/group/ctbrowngrp5/sourmash-db.new/gtdb-rs226/gtdb-rs226-k51.dna.rocksdb,GCA_900758085.1 Eggerthellaceae bacterium,413174bcc691d8f4db87ebe090f797e3,0.015151515151515152,20000,33,5620000,outputs.mapping/bams.cds.rand/ERR8314767.x.s__Fimisoma sp002320005.fastq.gz,ERR8314767.x.s__Fimisoma sp002320005,ce5e5e2e,7040000,51,DNA,10000,704,True,0.8913900682225732,0.9211336926184823,0.9062618804205278,0.9211336926184823,True,115,2513,4340,d__Bacteria;p__Actinomycetota;c__Coriobacteriia;o__Coriobacteriales;f__Eggerthellaceae;g__Anaerotardibacter;s__Anaerotardibacter sp900546175
20000,0.002840909090909091,0.02857142857142857,0.002840909090909091,0.0009216589861751152,2.0,2.0,1.0,/group/ctbrowngrp5/sourmash-db.new/gtdb-rs226/gtdb-rs226-k51.dna.rocksdb,GCA_948631615.1 uncultured Metamycoplasma sp.,8577eb61716f9e7e3ef685fe0031b889,0.02857142857142857,20000,34,5600000,outputs.mapping/bams.cds.rand/ERR8314767.x.s__Fimisoma sp002320005.fastq.gz,ERR8314767.x.s__Fimisoma sp002320005,ce5e5e2e,7040000,51,DNA,10000,704,True,,,,,True,4,2517,4340,d__Bacteria;p__Bacillota;c__Bacilli;o__Mycoplasmatales;f__Metamycoplasmataceae;g__UBA710;s__UBA710 sp002298905
70000,0.009943181818181818,0.005012531328320802,0.002840909090909091,0.0013824884792626728,3.0,3.0,1.0,/group/ctbrowngrp5/sourmash-db.new/gtdb-rs226/gtdb-rs226-k51.dna.rocksdb,GCF_028596655.1 Clostridioides difficile,0b7dbb5a129f218bd25402ebb2da55dd,0.017543859649122806,20000,35,5580000,outputs.mapping/bams.cds.rand/ERR8314767.x.s__Fimisoma sp002320005.fastq.gz,ERR8314767.x.s__Fimisoma sp002320005,ce5e5e2e,7040000,51,DNA,10000,704,True,0.9135572989218762,0.9237853726019886,0.9186713357619324,0.9237853726019886,False,6,2523,4340,d__Bacteria;p__Bacillota;c__Clostridia;o__Peptostreptococcales;f__Peptostreptococcaceae;g__Clostridioides;s__Clostridioides difficile
40000,0.005681818181818182,0.00684931506849315,0.002840909090909091,0.005990783410138249,13.0,13.0,11.0,/group/ctbrowngrp5/sourmash-db.new/gtdb-rs226/gtdb-rs226-k51.dna.rocksdb,GCA_945963325.1 uncultured Clostridium sp.,c72e40e1317e7f0af39a23d82804a2a6,0.0136986301369863,20000,36,5560000,outputs.mapping/bams.cds.rand/ERR8314767.x.s__Fimisoma sp002320005.fastq.gz,ERR8314767.x.s__Fimisoma sp002320005,ce5e5e2e,7040000,51,DNA,10000,704,True,0.9035877610647627,0.9193148122519929,0.9114512866583777,0.9193148122519929,True,26,2549,4340,d__Bacteria;p__Bacillota;c__Clostridia;o__Lachnospirales;f__Lachnospiraceae;g__Suilimivivens;s__Suilimivivens sp017622575
70000,0.009943181818181818,0.010256410256410256,0.002840909090909091,0.001152073732718894,2.5,2.5,1.5,/group/ctbrowngrp5/sourmash-db.new/gtdb-rs226/gtdb-rs226-k51.dna.rocksdb,GCA_938029315.1 uncultured Firmicutes bacterium,9aedb89ba42301e3934abbfbbf961424,0.035897435897435895,20000,37,5540000,outputs.mapping/bams.cds.rand/ERR8314767.x.s__Fimisoma sp002320005.fastq.gz,ERR8314767.x.s__Fimisoma sp002320005,ce5e5e2e,7040000,51,DNA,10000,704,True,0.9135572989218762,0.9368453604420683,0.9252013296819723,0.9368453604420683,False,5,2554,4340,d__Bacteria;p__Bacillota;c__Clostridia;o__Peptostreptococcales;f__Anaerovoracaceae;g__Fimisoma;s__Fimisoma sp002320005
20000,0.002840909090909091,0.010752688172043012,0.002840909090909091,0.001152073732718894,2.5,2.5,0.5,/group/ctbrowngrp5/sourmash-db.new/gtdb-rs226/gtdb-rs226-k51.dna.rocksdb,GCA_945992195.1 uncultured Oribacterium sp.,8ed60d9be1ac596ad7d1ec6cba0e8ac7,0.010752688172043012,20000,38,5520000,outputs.mapping/bams.cds.rand/ERR8314767.x.s__Fimisoma sp002320005.fastq.gz,ERR8314767.x.s__Fimisoma sp002320005,ce5e5e2e,7040000,51,DNA,10000,704,True,0.8913900682225732,0.9149603940215936,0.9031752311220833,0.9149603940215936,True,5,2559,4340,d__Bacteria;p__Bacillota;c__Clostridia;o__Lachnospirales;f__Lachnospiraceae;g__Oribacterium;s__Oribacterium sp004554245
20000,0.002840909090909091,0.010471204188481676,0.002840909090909091,0.001152073732718894,2.5,2.5,1.5,/group/ctbrowngrp5/sourmash-db.new/gtdb-rs226/gtdb-rs226-k51.dna.rocksdb,GCA_034175745.1 Bullifex sp.,24912f04e878494ccc59b78fa62c6dec,0.010471204188481676,20000,39,5500000,outputs.mapping/bams.cds.rand/ERR8314767.x.s__Fimisoma sp002320005.fastq.gz,ERR8314767.x.s__Fimisoma sp002320005,ce5e5e2e,7040000,51,DNA,10000,704,True,0.8913900682225732,0.9144846171854688,0.902937342704021,0.9144846171854688,True,5,2564,4340,d__Bacteria;p__Spirochaetota;c__Spirochaetia;o__Sphaerochaetales;f__Sphaerochaetaceae;g__Bullifex;s__Bullifex sp022788185
20000,0.002840909090909091,0.01904761904761905,0.002840909090909091,0.020046082949308756,43.5,43.5,36.5,/group/ctbrowngrp5/sourmash-db.new/gtdb-rs226/gtdb-rs226-k51.dna.rocksdb,GCA_004561445.1 bacterium,43e6a68934484b0b1d4221bb931d12f8,0.01904761904761905,20000,40,5480000,outputs.mapping/bams.cds.rand/ERR8314767.x.s__Fimisoma sp002320005.fastq.gz,ERR8314767.x.s__Fimisoma sp002320005,ce5e5e2e,7040000,51,DNA,10000,704,True,0.8913900682225732,0.9252761890078747,0.9083331286152239,0.9252761890078747,True,87,2651,4340,d__Bacteria;p__Patescibacteriota;c__Saccharimonadia;o__Saccharimonadales;f__Nanosyncoccaceae;g__UBA2834;s__UBA2834 sp004561445
20000,0.002840909090909091,0.01282051282051282,0.002840909090909091,0.0016129032258064516,3.5,3.5,2.5,/group/ctbrowngrp5/sourmash-db.new/gtdb-rs226/gtdb-rs226-k51.dna.rocksdb,GCA_948773475.1 uncultured Clostridia bacterium,5b6e1a1e0861ceb2fc3e60810ec7f5a7,0.01282051282051282,20000,41,5460000,outputs.mapping/bams.cds.rand/ERR8314767.x.s__Fimisoma sp002320005.fastq.gz,ERR8314767.x.s__Fimisoma sp002320005,ce5e5e2e,7040000,51,DNA,10000,704,True,0.8913900682225732,0.9181213906608477,0.9047557294417105,0.9181213906608477,True,7,2658,4340,d__Bacteria;p__Bacillota;c__Clostridia;o__TANB77;f__CAG-508;g__UMGS1781;s__UMGS1781 sp947651825
30000,0.004261363636363636,0.006644518272425249,0.002840909090909091,0.007373271889400922,16.0,16.0,14.0,/group/ctbrowngrp5/sourmash-db.new/gtdb-rs226/gtdb-rs226-k51.dna.rocksdb,GCA_022771625.1 Prevotella sp.,f94923f2da488c81c7acffe33fea799e,0.009966777408637873,20000,42,5440000,outputs.mapping/bams.cds.rand/ERR8314767.x.s__Fimisoma sp002320005.fastq.gz,ERR8314767.x.s__Fimisoma sp002320005,ce5e5e2e,7040000,51,DNA,10000,704,True,0.8985051292726896,0.9135997575918425,0.9060524434322661,0.9135997575918425,True,32,2690,4340,d__Bacteria;p__Bacteroidota;c__Bacteroidia;o__Bacteroidales;f__Bacteroidaceae;g__Prevotella;s__Prevotella sp022771625
20000,0.002840909090909091,0.00847457627118644,0.002840909090909091,0.0027649769585253456,6.0,6.0,3.0,/group/ctbrowngrp5/sourmash-db.new/gtdb-rs226/gtdb-rs226-k51.dna.rocksdb,GCA_034089285.1 Candidatus Cryptobacteroides sp.,3439569af4613a03d1b257bfeb3174cc,0.00847457627118644,20000,43,5420000,outputs.mapping/bams.cds.rand/ERR8314767.x.s__Fimisoma sp002320005.fastq.gz,ERR8314767.x.s__Fimisoma sp002320005,ce5e5e2e,7040000,51,DNA,10000,704,True,0.8913900682225732,0.9106990060940067,0.9010445371582899,0.9106990060940067,True,12,2702,4340,d__Bacteria;p__Bacteroidota;c__Bacteroidia;o__Bacteroidales;f__UBA932;g__Cryptobacteroides;s__Cryptobacteroides sp034089285
20000,0.002840909090909091,0.008968609865470852,0.002840909090909091,0.0013824884792626728,3.0,3.0,1.0,/group/ctbrowngrp5/sourmash-db.new/gtdb-rs226/gtdb-rs226-k51.dna.rocksdb,GCA_034104565.1 Candidatus Limivicinus sp.,d62a1e669e10fff684848bcd7d901fd7,0.008968609865470852,20000,44,5400000,outputs.mapping/bams.cds.rand/ERR8314767.x.s__Fimisoma sp002320005.fastq.gz,ERR8314767.x.s__Fimisoma sp002320005,ce5e5e2e,7040000,51,DNA,10000,704,True,0.8913900682225732,0.9117113376687807,0.9015507029456769,0.9117113376687807,True,6,2708,4340,d__Bacteria;p__Bacillota;c__Clostridia;o__Oscillospirales;f__Oscillospiraceae;g__Limivicinus;s__Limivicinus sp003150355
20000,0.002840909090909091,0.006825938566552901,0.002840909090909091,0.0016129032258064516,3.5,3.5,2.5,/group/ctbrowngrp5/sourmash-db.new/gtdb-rs226/gtdb-rs226-k51.dna.rocksdb,GCA_022744205.1 Prevotella sp.,a697f5903d7962e07cf9e8b0b4031016,0.006825938566552901,20000,45,5380000,outputs.mapping/bams.cds.rand/ERR8314767.x.s__Fimisoma sp002320005.fastq.gz,ERR8314767.x.s__Fimisoma sp002320005,ce5e5e2e,7040000,51,DNA,10000,704,True,0.8913900682225732,0.906844024418685,0.899117046320629,0.906844024418685,True,7,2715,4340,d__Bacteria;p__Bacteroidota;c__Bacteroidia;o__Bacteroidales;f__Bacteroidaceae;g__Prevotella;s__Prevotella sp022741625
20000,0.002840909090909091,0.011428571428571429,0.002840909090909091,0.0004608294930875576,1.0,1.0,0.0,/group/ctbrowngrp5/sourmash-db.new/gtdb-rs226/gtdb-rs226-k51.dna.rocksdb,GCA_029338715.1 Bacillota bacterium,619b5afe7f8c006ef233f67e8501a5dc,0.011428571428571429,20000,46,5360000,outputs.mapping/bams.cds.rand/ERR8314767.x.s__Fimisoma sp002320005.fastq.gz,ERR8314767.x.s__Fimisoma sp002320005,ce5e5e2e,7040000,51,DNA,10000,704,True,0.8913900682225732,0.9160547072432479,0.9037223877329106,0.9160547072432479,True,2,2717,4340,d__Bacteria;p__Bacillota;c__Clostridia;o__Peptostreptococcales;f__Anaerovoracaceae;g__UMGS973;s__UMGS973 sp016293805
40000,0.005681818181818182,0.006711409395973154,0.002840909090909091,0.0016129032258064516,3.5,3.5,1.5,/group/ctbrowngrp5/sourmash-db.new/gtdb-rs226/gtdb-rs226-k51.dna.rocksdb,GCA_021531695.1 Roseburia hominis,5e5f2ff49352fc385a8f1f7abb351a06,0.013422818791946308,20000,47,5340000,outputs.mapping/bams.cds.rand/ERR8314767.x.s__Fimisoma sp002320005.fastq.gz,ERR8314767.x.s__Fimisoma sp002320005,ce5e5e2e,7040000,51,DNA,10000,704,True,0.9035877610647627,0.9189482466670165,0.9112680038658896,0.9189482466670165,True,7,2724,4340,d__Bacteria;p__Bacillota;c__Clostridia;o__Lachnospirales;f__Lachnospiraceae;g__Roseburia_D;s__Roseburia_D sp002299665
20000,0.002840909090909091,0.007874015748031496,0.002840909090909091,0.0009216589861751152,2.0,2.0,0.0,/group/ctbrowngrp5/sourmash-db.new/gtdb-rs226/gtdb-rs226-k51.dna.rocksdb,GCA_022783565.1 Lachnospiraceae bacterium,29d683012b3343f902bec23436ff5eb7,0.007874015748031496,20000,48,5320000,outputs.mapping/bams.cds.rand/ERR8314767.x.s__Fimisoma sp002320005.fastq.gz,ERR8314767.x.s__Fimisoma sp002320005,ce5e5e2e,7040000,51,DNA,10000,704,True,0.8913900682225732,0.9093874295165494,0.9003887488695612,0.9093874295165494,True,4,2728,4340,d__Bacteria;p__Bacillota;c__Clostridia;o__Lachnospirales;f__Lachnospiraceae;g__Agathobacter;s__Agathobacter sp900316805
20000,0.002840909090909091,0.010050251256281407,0.002840909090909091,0.0027649769585253456,6.0,6.0,5.0,/group/ctbrowngrp5/sourmash-db.new/gtdb-rs226/gtdb-rs226-k51.dna.rocksdb,GCA_945872295.1 Faecalibacterium prausnitzii,1aded1ab4fb93901a2c2f0215830159d,0.010050251256281407,20000,49,5300000,outputs.mapping/bams.cds.rand/ERR8314767.x.s__Fimisoma sp002320005.fastq.gz,ERR8314767.x.s__Fimisoma sp002320005,ce5e5e2e,7040000,51,DNA,10000,704,True,0.8913900682225732,0.9137491761859651,0.9025696222042692,0.9137491761859651,True,12,2740,4340,d__Bacteria;p__Bacillota;c__Clostridia;o__Oscillospirales;f__Ruminococcaceae;g__Faecalibacterium;s__Faecalibacterium prausnitzii_E
60000,0.008522727272727272,0.010810810810810811,0.002840909090909091,0.0006912442396313364,1.5,1.5,0.5,/group/ctbrowngrp5/sourmash-db.new/gtdb-rs226/gtdb-rs226-k51.dna.rocksdb,GCA_022774285.1 Bacillota bacterium,bd18bfb30fd157d36bb6d2ca0e01dc08,0.032432432432432434,20000,50,5280000,outputs.mapping/bams.cds.rand/ERR8314767.x.s__Fimisoma sp002320005.fastq.gz,ERR8314767.x.s__Fimisoma sp002320005,ce5e5e2e,7040000,51,DNA,10000,704,True,0.9108001839010786,0.9349825812683754,0.922891382584727,0.9349825812683754,True,3,2743,4340,d__Bacteria;p__Bacillota;c__Clostridia;o__Peptostreptococcales;f__Anaerovoracaceae;g__Fimisoma;s__Fimisoma sp002320005
20000,0.002840909090909091,0.003787878787878788,0.002840909090909091,0.0009216589861751152,2.0,2.0,1.0,/group/ctbrowngrp5/sourmash-db.new/gtdb-rs226/gtdb-rs226-k51.dna.rocksdb,GCF_964251995.1 Flavonifractor plautii,444393139015f935f7b3a1b1d18ff9a2,0.003787878787878788,20000,51,5260000,outputs.mapping/bams.cds.rand/ERR8314767.x.s__Fimisoma sp002320005.fastq.gz,ERR8314767.x.s__Fimisoma sp002320005,ce5e5e2e,7040000,51,DNA,10000,704,True,0.8913900682225732,0.8964324517908826,0.8939112600067278,0.8964324517908826,True,4,2747,4340,d__Bacteria;p__Bacillota;c__Clostridia;o__Oscillospirales;f__Oscillospiraceae;g__Flavonifractor;s__Flavonifractor plautii
20000,0.002840909090909091,0.01282051282051282,0.002840909090909091,0.0013824884792626728,3.0,3.0,2.0,/group/ctbrowngrp5/sourmash-db.new/gtdb-rs226/gtdb-rs226-k51.dna.rocksdb,GCA_945636655.1 uncultured Lachnospiraceae bacterium,75abc3392822a01ee11a7ce09852dbe7,0.01282051282051282,20000,52,5240000,outputs.mapping/bams.cds.rand/ERR8314767.x.s__Fimisoma sp002320005.fastq.gz,ERR8314767.x.s__Fimisoma sp002320005,ce5e5e2e,7040000,51,DNA,10000,704,True,0.8913900682225732,0.9181213906608477,0.9047557294417105,0.9181213906608477,True,6,2753,4340,d__Bacteria;p__Bacillota;c__Clostridia;o__Lachnospirales;f__Lachnospiraceae;g__Frisingicoccus;s__Frisingicoccus sp016298055
20000,0.002840909090909091,0.004319654427645789,0.002840909090909091,0.010138248847926268,22.0,22.0,19.0,/group/ctbrowngrp5/sourmash-db.new/gtdb-rs226/gtdb-rs226-k51.dna.rocksdb,GCA_001411625.1 Clostridium butyricum,5b943d805b1fdf0a1ed10c78bb824397,0.004319654427645789,20000,53,5220000,outputs.mapping/bams.cds.rand/ERR8314767.x.s__Fimisoma sp002320005.fastq.gz,ERR8314767.x.s__Fimisoma sp002320005,ce5e5e2e,7040000,51,DNA,10000,704,True,0.8913900682225732,0.8987445192940828,0.8950672937583279,0.8987445192940828,True,44,2797,4340,d__Bacteria;p__Bacillota;c__Clostridia;o__Clostridiales;f__Clostridiaceae;g__Clostridium;s__Clostridium butyricum
30000,0.004261363636363636,0.00881057268722467,0.002840909090909091,0.0006912442396313364,1.5,1.5,0.5,/group/ctbrowngrp5/sourmash-db.new/gtdb-rs226/gtdb-rs226-k51.dna.rocksdb,GCA_020860605.1 Ruminococcus sp.,9ce05dbe00e6a46bad4f22c19c640354,0.013215859030837005,20000,54,5200000,outputs.mapping/bams.cds.rand/ERR8314767.x.s__Fimisoma sp002320005.fastq.gz,ERR8314767.x.s__Fimisoma sp002320005,ce5e5e2e,7040000,51,DNA,10000,704,True,0.8985051292726896,0.9186683055431318,0.9085867174079107,0.9186683055431318,True,3,2800,4340,d__Bacteria;p__Bacillota;c__Clostridia;o__Oscillospirales;f__Ruminococcaceae;g__Faeciplasma;s__Faeciplasma sp020860605
20000,0.002840909090909091,0.007751937984496124,0.002840909090909091,0.0029953917050691246,6.5,6.5,5.5,/group/ctbrowngrp5/sourmash-db.new/gtdb-rs226/gtdb-rs226-k51.dna.rocksdb,GCA_017622995.1 Oscillospiraceae bacterium,d0431d4ee246c5ed700648fb9f1b7e93,0.007751937984496124,20000,55,5180000,outputs.mapping/bams.cds.rand/ERR8314767.x.s__Fimisoma sp002320005.fastq.gz,ERR8314767.x.s__Fimisoma sp002320005,ce5e5e2e,7040000,51,DNA,10000,704,True,0.8913900682225732,0.9091088551799642,0.9002494617012686,0.9091088551799642,True,13,2813,4340,d__Bacteria;p__Bacillota;c__Clostridia;o__Oscillospirales;f__Oscillospiraceae;g__Faecousia;s__Faecousia sp017622995
20000,0.002840909090909091,0.00819672131147541,0.002840909090909091,0.009216589861751152,20.0,20.0,19.0,/group/ctbrowngrp5/sourmash-db.new/gtdb-rs226/gtdb-rs226-k51.dna.rocksdb,GCF_021531915.1 Oscillibacter valericigenes,aaee81d010245c821b78ff323bd4d76f,0.00819672131147541,20000,56,5160000,outputs.mapping/bams.cds.rand/ERR8314767.x.s__Fimisoma sp002320005.fastq.gz,ERR8314767.x.s__Fimisoma sp002320005,ce5e5e2e,7040000,51,DNA,10000,704,True,0.8913900682225732,0.910103917375183,0.900746992798878,0.910103917375183,True,40,2853,4340,d__Bacteria;p__Bacillota;c__Clostridia;o__Oscillospirales;f__Oscillospiraceae;g__Oscillibacter;s__Oscillibacter valericigenes_A
20000,0.002840909090909091,0.00749063670411985,0.002840909090909091,0.0004608294930875576,1.0,1.0,0.0,/group/ctbrowngrp5/sourmash-db.new/gtdb-rs226/gtdb-rs226-k51.dna.rocksdb,GCA_902789175.1 uncultured Lachnospiraceae bacterium,eead3d9405b81a1a88dfee12872e43e8,0.00749063670411985,20000,57,5140000,outputs.mapping/bams.cds.rand/ERR8314767.x.s__Fimisoma sp002320005.fastq.gz,ERR8314767.x.s__Fimisoma sp002320005,ce5e5e2e,7040000,51,DNA,10000,704,True,0.8913900682225732,0.9084978351112296,0.8999439516669014,0.9084978351112296,True,2,2855,4340,d__Bacteria;p__Bacillota;c__Clostridia;o__Lachnospirales;f__Lachnospiraceae;g__Eubacterium_Q;s__Eubacterium_Q sp902789175
20000,0.002840909090909091,0.008333333333333333,0.002840909090909091,0.0004608294930875576,1.0,1.0,0.0,/group/ctbrowngrp5/sourmash-db.new/gtdb-rs226/gtdb-rs226-k51.dna.rocksdb,GCA_945829995.1 uncultured Clostridia bacterium,d95d3c4d0bdf768463919f5183858817,0.008333333333333333,20000,58,5120000,outputs.mapping/bams.cds.rand/ERR8314767.x.s__Fimisoma sp002320005.fastq.gz,ERR8314767.x.s__Fimisoma sp002320005,ce5e5e2e,7040000,51,DNA,10000,704,True,0.8913900682225732,0.9103989334640178,0.9008945008432955,0.9103989334640178,True,2,2857,4340,d__Bacteria;p__Bacillota;c__Clostridia;o__Peptostreptococcales;f__Anaerovoracaceae;g__RGIG7179;s__RGIG7179 sp016302925
50000,0.007102272727272727,0.005291005291005291,0.002840909090909091,0.0064516129032258064,14.0,14.0,10.0,/group/ctbrowngrp5/sourmash-db.new/gtdb-rs226/gtdb-rs226-k51.dna.rocksdb,GCA_004552745.1 Bacteroidales bacterium,3e08b90199a5db83c0a22b1dda3b56da,0.013227513227513227,20000,59,5100000,outputs.mapping/bams.cds.rand/ERR8314767.x.s__Fimisoma sp002320005.fastq.gz,ERR8314767.x.s__Fimisoma sp002320005,ce5e5e2e,7040000,51,DNA,10000,704,True,0.9075499478839557,0.9186841832521313,0.9131170655680435,0.9186841832521313,True,28,2885,4340,d__Bacteria;p__Bacteroidota;c__Bacteroidia;o__Bacteroidales;f__UBA932;g__Cryptobacteroides;s__Cryptobacteroides sp000433355
20000,0.002840909090909091,0.014814814814814815,0.002840909090909091,0.0016129032258064516,3.5,3.5,2.5,/group/ctbrowngrp5/sourmash-db.new/gtdb-rs226/gtdb-rs226-k51.dna.rocksdb,GCA_945831285.1 uncultured Lachnospiraceae bacterium,c0aecf6856c4f978536a5ded83563607,0.014814814814814815,20000,60,5080000,outputs.mapping/bams.cds.rand/ERR8314767.x.s__Fimisoma sp002320005.fastq.gz,ERR8314767.x.s__Fimisoma sp002320005,ce5e5e2e,7040000,51,DNA,10000,704,True,0.8913900682225732,0.9207278897834723,0.9060589790030227,0.9207278897834723,True,7,2892,4340,d__Bacteria;p__Bacillota;c__Clostridia;o__Lachnospirales;f__Lachnospiraceae;g__Colinaster;s__Colinaster sp900766815
40000,0.005681818181818182,0.007246376811594203,0.002840909090909091,0.0004608294930875576,1.0,1.0,0.0,/group/ctbrowngrp5/sourmash-db.new/gtdb-rs226/gtdb-rs226-k51.dna.rocksdb,GCF_018918345.1 Butyricicoccus intestinisimiae,3a5a36cd3b4e4bfe823fcb460150a8eb,0.014492753623188406,20000,61,5060000,outputs.mapping/bams.cds.rand/ERR8314767.x.s__Fimisoma sp002320005.fastq.gz,ERR8314767.x.s__Fimisoma sp002320005,ce5e5e2e,7040000,51,DNA,10000,704,True,0.9035877610647627,0.9203311793431016,0.9119594702039322,0.9203311793431016,True,2,2894,4340,d__Bacteria;p__Bacillota;c__Clostridia;o__Oscillospirales;f__Butyricicoccaceae;g__Butyricicoccus_A;s__Butyricicoccus_A intestinisimiae
30000,0.004261363636363636,0.008403361344537815,0.002840909090909091,0.010138248847926268,22.0,22.0,19.0,/group/ctbrowngrp5/sourmash-db.new/gtdb-rs226/gtdb-rs226-k51.dna.rocksdb,GCA_022772255.1 Faecalibacterium sp.,20a653e08905c968feaa8457858996cf,0.012605042016806723,20000,62,5040000,outputs.mapping/bams.cds.rand/ERR8314767.x.s__Fimisoma sp002320005.fastq.gz,ERR8314767.x.s__Fimisoma sp002320005,ce5e5e2e,7040000,51,DNA,10000,704,True,0.8985051292726896,0.9178163089665942,0.9081607191196419,0.9178163089665942,True,44,2938,4340,d__Bacteria;p__Bacillota;c__Clostridia;o__Oscillospirales;f__Ruminococcaceae;g__Faecalibacterium;s__Faecalibacterium sp003449675
20000,0.002840909090909091,0.013513513513513514,0.002840909090909091,0.0006912442396313364,1.5,1.5,0.5,/group/ctbrowngrp5/sourmash-db.new/gtdb-rs226/gtdb-rs226-k51.dna.rocksdb,GCA_934168055.1 uncultured Clostridia bacterium,b596a7be4f0b9fef1f5f842a64b1f76b,0.013513513513513514,20000,63,5020000,outputs.mapping/bams.cds.rand/ERR8314767.x.s__Fimisoma sp002320005.fastq.gz,ERR8314767.x.s__Fimisoma sp002320005,ce5e5e2e,7040000,51,DNA,10000,704,True,0.8913900682225732,0.919069592463689,0.9052298303431311,0.919069592463689,True,3,2941,4340,d__Bacteria;p__Bacillota;c__Clostridia;o__TANB77;f__CAG-508;g__Scatovivens;s__Scatovivens sp934182465
10000,0.0014204545454545455,0.00510204081632653,0.0014204545454545455,0.002304147465437788,10.0,10.0,0.0,/group/ctbrowngrp5/sourmash-db.new/gtdb-rs226/gtdb-rs226-k51.dna.rocksdb,GCA_041333455.1 Lactobacillus acidophilus,1a3d93e47996eb5d157c2cb5564aa78d,0.00510204081632653,10000,64,5010000,outputs.mapping/bams.cds.rand/ERR8314767.x.s__Fimisoma sp002320005.fastq.gz,ERR8314767.x.s__Fimisoma sp002320005,ce5e5e2e,7040000,51,DNA,10000,704,True,0.8793570342182778,0.9016828355623467,0.8905199348903123,0.9016828355623467,True,10,2951,4340,d__Bacteria;p__Bacillota;c__Bacilli;o__Lactobacillales;f__Lactobacillaceae;g__Lactobacillus;s__Lactobacillus acidophilus
10000,0.0014204545454545455,0.003436426116838488,0.0014204545454545455,0.0034562211981566822,15.0,15.0,0.0,/group/ctbrowngrp5/sourmash-db.new/gtdb-rs226/gtdb-rs226-k51.dna.rocksdb,GCF_000833995.1 Prevotella pectinovora,79de9c3502c6a3fe77fe820bc2cde0b5,0.003436426116838488,10000,65,5000000,outputs.mapping/bams.cds.rand/ERR8314767.x.s__Fimisoma sp002320005.fastq.gz,ERR8314767.x.s__Fimisoma sp002320005,ce5e5e2e,7040000,51,DNA,10000,704,True,0.8793570342182778,0.8947225285960692,0.8870397814071735,0.8947225285960692,True,15,2966,4340,d__Bacteria;p__Bacteroidota;c__Bacteroidia;o__Bacteroidales;f__Bacteroidaceae;g__Prevotella;s__Prevotella pectinovora
10000,0.0014204545454545455,0.0029940119760479044,0.0014204545454545455,0.0002304147465437788,1.0,1.0,0.0,/group/ctbrowngrp5/sourmash-db.new/gtdb-rs226/gtdb-rs226-k51.dna.rocksdb,GCA_900066895.1 uncultured Flavonifractor sp.,fee7d1e9fe800aabc9868f696baa0330,0.0029940119760479044,10000,66,4990000,outputs.mapping/bams.cds.rand/ERR8314767.x.s__Fimisoma sp002320005.fastq.gz,ERR8314767.x.s__Fimisoma sp002320005,ce5e5e2e,7040000,51,DNA,10000,704,True,0.8793570342182778,0.8923079763386086,0.8858325052784433,0.8923079763386086,True,1,2967,4340,d__Bacteria;p__Bacillota;c__Clostridia;o__Oscillospirales;f__Oscillospiraceae;g__Intestinimonas;s__Intestinimonas massiliensis
10000,0.0014204545454545455,0.004807692307692308,0.0014204545454545455,0.0009216589861751152,4.0,4.0,0.0,/group/ctbrowngrp5/sourmash-db.new/gtdb-rs226/gtdb-rs226-k51.dna.rocksdb,GCF_025144545.1 Acidaminococcus intestini,f87f706dea65d8ac6f7253e4fe642d16,0.004807692307692308,10000,67,4980000,outputs.mapping/bams.cds.rand/ERR8314767.x.s__Fimisoma sp002320005.fastq.gz,ERR8314767.x.s__Fimisoma sp002320005,ce5e5e2e,7040000,51,DNA,10000,704,True,0.8793570342182778,0.9006328380135685,0.8899949361159232,0.9006328380135685,True,4,2971,4340,d__Bacteria;p__Bacillota;c__Negativicutes;o__Acidaminococcales;f__Acidaminococcaceae;g__Acidaminococcus;s__Acidaminococcus intestini
30000,0.004261363636363636,0.0026954177897574125,0.0014204545454545455,0.0002304147465437788,1.0,1.0,0.0,/group/ctbrowngrp5/sourmash-db.new/gtdb-rs226/gtdb-rs226-k51.dna.rocksdb,GCA_958454155.1 Blautia wexlerae,76076cd183b3931176f82710d9ffff2f,0.008086253369272238,10000,68,4970000,outputs.mapping/bams.cds.rand/ERR8314767.x.s__Fimisoma sp002320005.fastq.gz,ERR8314767.x.s__Fimisoma sp002320005,ce5e5e2e,7040000,51,DNA,10000,704,True,0.8985051292726896,0.909861813237758,0.9041834712552238,0.909861813237758,True,1,2972,4340,d__Bacteria;p__Bacillota;c__Clostridia;o__Lachnospirales;f__Lachnospiraceae;g__Blautia_A;s__Blautia_A wexlerae
40000,0.005681818181818182,0.005376344086021506,0.0014204545454545455,0.0009216589861751152,4.0,4.0,0.0,/group/ctbrowngrp5/sourmash-db.new/gtdb-rs226/gtdb-rs226-k51.dna.rocksdb,GCA_004553015.1 Clostridiales bacterium,743427a72385f27635486b570b611a52,0.021505376344086023,10000,69,4960000,outputs.mapping/bams.cds.rand/ERR8314767.x.s__Fimisoma sp002320005.fastq.gz,ERR8314767.x.s__Fimisoma sp002320005,ce5e5e2e,7040000,51,DNA,10000,704,True,0.9035877610647627,0.9274806208525901,0.9155341909586764,0.9274806208525901,True,4,2976,4340,d__Bacteria;p__Bacillota;c__Clostridia;o__Oscillospirales;f__Oscillospiraceae;g__F23-B02;s__F23-B02 sp000431075
10000,0.0014204545454545455,0.0035335689045936395,0.0014204545454545455,0.0009216589861751152,4.0,4.0,0.0,/group/ctbrowngrp5/sourmash-db.new/gtdb-rs226/gtdb-rs226-k51.dna.rocksdb,GCA_037358335.1 Prevotella sp.,af236cbc1be3aefe57814c1515076956,0.0035335689045936395,10000,70,4950000,outputs.mapping/bams.cds.rand/ERR8314767.x.s__Fimisoma sp002320005.fastq.gz,ERR8314767.x.s__Fimisoma sp002320005,ce5e5e2e,7040000,51,DNA,10000,704,True,0.8793570342182778,0.8952117135678687,0.8872843738930732,0.8952117135678687,True,4,2980,4340,d__Bacteria;p__Bacteroidota;c__Bacteroidia;o__Bacteroidales;f__Bacteroidaceae;g__Prevotella;s__Prevotella sp900546535
10000,0.0014204545454545455,0.003952569169960474,0.0014204545454545455,0.0006912442396313364,3.0,3.0,0.0,/group/ctbrowngrp5/sourmash-db.new/gtdb-rs226/gtdb-rs226-k51.dna.rocksdb,GCA_949111085.1 uncultured Lachnospiraceae bacterium,90daa4410fe64b7c2a452028a0182deb,0.003952569169960474,10000,71,4940000,outputs.mapping/bams.cds.rand/ERR8314767.x.s__Fimisoma sp002320005.fastq.gz,ERR8314767.x.s__Fimisoma sp002320005,ce5e5e2e,7040000,51,DNA,10000,704,True,0.8793570342182778,0.8971808389049852,0.8882689365616315,0.8971808389049852,True,3,2983,4340,d__Bacteria;p__Bacillota;c__Clostridia;o__Lachnospirales;f__Lachnospiraceae;g__UBA3282;s__UBA3282 sp009774175
10000,0.0014204545454545455,0.005434782608695652,0.0014204545454545455,0.0002304147465437788,1.0,1.0,0.0,/group/ctbrowngrp5/sourmash-db.new/gtdb-rs226/gtdb-rs226-k51.dna.rocksdb,GCA_037261485.1 bacterium,d8b4907dc68826563d44f0e573756342,0.005434782608695652,10000,72,4930000,outputs.mapping/bams.cds.rand/ERR8314767.x.s__Fimisoma sp002320005.fastq.gz,ERR8314767.x.s__Fimisoma sp002320005,ce5e5e2e,7040000,51,DNA,10000,704,True,0.8793570342182778,0.9028005342164377,0.8910787842173578,0.9028005342164377,True,1,2984,4340,d__Bacteria;p__Bacillota;c__Clostridia;o__Oscillospirales;f__Acutalibacteraceae;g__Fimenecus;s__Fimenecus sp000432435
10000,0.0014204545454545455,0.005555555555555556,0.0014204545454545455,0.0002304147465437788,1.0,1.0,0.0,/group/ctbrowngrp5/sourmash-db.new/gtdb-rs226/gtdb-rs226-k51.dna.rocksdb,GCA_945867175.1 uncultured Clostridia bacterium,4b1376242b439b19087c266d0ff7f6c7,0.005555555555555556,10000,73,4920000,outputs.mapping/bams.cds.rand/ERR8314767.x.s__Fimisoma sp002320005.fastq.gz,ERR8314767.x.s__Fimisoma sp002320005,ce5e5e2e,7040000,51,DNA,10000,704,True,0.8793570342182778,0.9031896880401206,0.8912733611291992,0.9031896880401206,True,1,2985,4340,d__Bacteria;p__Bacillota;c__Clostridia;o__Oscillospirales;f__Acutalibacteraceae;g__Eubacterium_R;s__Eubacterium_R coprostanoligenes
30000,0.004261363636363636,0.002380952380952381,0.0014204545454545455,0.0006912442396313364,3.0,3.0,0.0,/group/ctbrowngrp5/sourmash-db.new/gtdb-rs226/gtdb-rs226-k51.dna.rocksdb,GCF_015557125.1 Eubacterium maltosivorans,29106442c7f7218f8250219473781ac4,0.007142857142857143,10000,74,4910000,outputs.mapping/bams.cds.rand/ERR8314767.x.s__Fimisoma sp002320005.fastq.gz,ERR8314767.x.s__Fimisoma sp002320005,ce5e5e2e,7040000,51,DNA,10000,704,True,0.8985051292726896,0.9076513503870351,0.9030782398298624,0.9076513503870351,True,3,2988,4340,d__Bacteria;p__Bacillota;c__Clostridia;o__Eubacteriales;f__Eubacteriaceae;g__Eubacterium;s__Eubacterium maltosivorans
10000,0.0014204545454545455,0.005681818181818182,0.0014204545454545455,0.0004608294930875576,2.0,2.0,0.0,/group/ctbrowngrp5/sourmash-db.new/gtdb-rs226/gtdb-rs226-k51.dna.rocksdb,GCF_900198655.1 Helicobacter equorum,118cc974791b3caf0fb84977e2878694,0.005681818181818182,10000,75,4900000,outputs.mapping/bams.cds.rand/ERR8314767.x.s__Fimisoma sp002320005.fastq.gz,ERR8314767.x.s__Fimisoma sp002320005,ce5e5e2e,7040000,51,DNA,10000,704,True,0.8793570342182778,0.9035877610647627,0.8914723976415202,0.9035877610647627,True,2,2990,4340,d__Bacteria;p__Campylobacterota;c__Campylobacteria;o__Campylobacterales;f__Helicobacteraceae;g__Helicobacter_F;s__Helicobacter_F equorum_A
10000,0.0014204545454545455,0.0053475935828877,0.0014204545454545455,0.0002304147465437788,1.0,1.0,0.0,/group/ctbrowngrp5/sourmash-db.new/gtdb-rs226/gtdb-rs226-k51.dna.rocksdb,GCA_946414115.1 uncultured Ruminococcus sp.,7c8108caf4845f9ccbb662b9d30fc396,0.0053475935828877,10000,76,4890000,outputs.mapping/bams.cds.rand/ERR8314767.x.s__Fimisoma sp002320005.fastq.gz,ERR8314767.x.s__Fimisoma sp002320005,ce5e5e2e,7040000,51,DNA,10000,704,True,0.8793570342182778,0.9025142881157426,0.8909356611670103,0.9025142881157426,True,1,2991,4340,d__Bacteria;p__Bacillota;c__Clostridia;o__Oscillospirales;f__Acutalibacteraceae;g__Ruminococcoides;s__Ruminococcoides sp946414115
30000,0.004261363636363636,0.0027472527472527475,0.0014204545454545455,0.0002304147465437788,1.0,1.0,0.0,/group/ctbrowngrp5/sourmash-db.new/gtdb-rs226/gtdb-rs226-k51.dna.rocksdb,GCF_003435375.1 Clostridium sp. AM34-11AC,dbc6837b95ffa97bbc27800d0a9cc61b,0.008241758241758242,10000,77,4880000,outputs.mapping/bams.cds.rand/ERR8314767.x.s__Fimisoma sp002320005.fastq.gz,ERR8314767.x.s__Fimisoma sp002320005,ce5e5e2e,7040000,51,DNA,10000,704,True,0.8985051292726896,0.9102017046529032,0.9043534169627964,0.9102017046529032,True,1,2992,4340,d__Bacteria;p__Bacillota;c__Clostridia;o__Lachnospirales;f__Lachnospiraceae;g__Pilosibacter;s__Pilosibacter fragilis
10000,0.0014204545454545455,0.0034482758620689655,0.0014204545454545455,0.0002304147465437788,1.0,1.0,0.0,/group/ctbrowngrp5/sourmash-db.new/gtdb-rs226/gtdb-rs226-k51.dna.rocksdb,GCA_963589035.1 Bacteroidaceae bacterium,c8820ef5c00559c153ed13ec62ccba32,0.0034482758620689655,10000,78,4870000,outputs.mapping/bams.cds.rand/ERR8314767.x.s__Fimisoma sp002320005.fastq.gz,ERR8314767.x.s__Fimisoma sp002320005,ce5e5e2e,7040000,51,DNA,10000,704,True,0.8793570342182778,0.8947829216714525,0.8870699779448652,0.8947829216714525,True,1,2993,4340,d__Bacteria;p__Bacillota;c__Clostridia;o__Lachnospirales;f__Lachnospiraceae;g__Agathobacter;s__Agathobacter sp905209075
30000,0.004261363636363636,0.007692307692307693,0.0014204545454545455,0.0004608294930875576,2.0,2.0,0.0,/group/ctbrowngrp5/sourmash-db.new/gtdb-rs226/gtdb-rs226-k51.dna.rocksdb,GCA_035647315.1 Oscillospiraceae bacterium,a4676e5dd4d0ddeb3a953ce1c5b88f23,0.023076923076923078,10000,79,4860000,outputs.mapping/bams.cds.rand/ERR8314767.x.s__Fimisoma sp002320005.fastq.gz,ERR8314767.x.s__Fimisoma sp002320005,ce5e5e2e,7040000,51,DNA,10000,704,True,0.8985051292726896,0.9287641620644111,0.9136346456685503,0.9287641620644111,True,2,2995,4340,d__Bacteria;p__Bacillota;c__Clostridia;o__Saccharofermentanales;f__DTU023;g__DTU032;s__DTU032 sp012728535
10000,0.0014204545454545455,0.007142857142857143,0.0014204545454545455,0.0002304147465437788,1.0,1.0,0.0,/group/ctbrowngrp5/sourmash-db.new/gtdb-rs226/gtdb-rs226-k51.dna.rocksdb,GCA_902474495.1 uncultured Azospirillum sp.,c303f578ed1091234f36a875780b397e,0.007142857142857143,10000,80,4850000,outputs.mapping/bams.cds.rand/ERR8314767.x.s__Fimisoma sp002320005.fastq.gz,ERR8314767.x.s__Fimisoma sp002320005,ce5e5e2e,7040000,51,DNA,10000,704,True,0.8793570342182778,0.9076513503870351,0.8935041923026565,0.9076513503870351,True,1,2996,4340,d__Bacteria;p__Pseudomonadota;c__Alphaproteobacteria;o__RF32;f__CAG-239;g__JAFUYI01;s__JAFUYI01 sp900542055
10000,0.0014204545454545455,0.00425531914893617,0.0014204545454545455,0.004608294930875576,20.0,20.0,0.0,/group/ctbrowngrp5/sourmash-db.new/gtdb-rs226/gtdb-rs226-k51.dna.rocksdb,GCA_034171385.1 Agathobacter sp.,1bee46cbb4e96c5ec07c73d678babce4,0.00425531914893617,10000,81,4840000,outputs.mapping/bams.cds.rand/ERR8314767.x.s__Fimisoma sp002320005.fastq.gz,ERR8314767.x.s__Fimisoma sp002320005,ce5e5e2e,7040000,51,DNA,10000,704,True,0.8793570342182778,0.8984801221677612,0.8889185781930196,0.8984801221677612,True,20,3016,4340,d__Bacteria;p__Bacillota;c__Clostridia;o__Lachnospirales;f__Lachnospiraceae;g__Agathobacter;s__Agathobacter sp900549895
10000,0.0014204545454545455,0.0041841004184100415,0.0014204545454545455,0.0002304147465437788,1.0,1.0,0.0,/group/ctbrowngrp5/sourmash-db.new/gtdb-rs226/gtdb-rs226-k51.dna.rocksdb,GCA_938023335.1 uncultured Collinsella sp.,9445a2911b51dee9b3933b05a8b98fd4,0.0041841004184100415,10000,82,4830000,outputs.mapping/bams.cds.rand/ERR8314767.x.s__Fimisoma sp002320005.fastq.gz,ERR8314767.x.s__Fimisoma sp002320005,ce5e5e2e,7040000,51,DNA,10000,704,True,0.8793570342182778,0.8981828266298771,0.8887699304240775,0.8981828266298771,True,1,3017,4340,d__Bacteria;p__Actinomycetota;c__Coriobacteriia;o__Coriobacteriales;f__Coriobacteriaceae;g__Collinsella;s__Collinsella sp905214105
10000,0.0014204545454545455,0.002849002849002849,0.0014204545454545455,0.0002304147465437788,1.0,1.0,0.0,/group/ctbrowngrp5/sourmash-db.new/gtdb-rs226/gtdb-rs226-k51.dna.rocksdb,GCA_028310265.1 Blautia wexlerae,3b3ebeefbb8978cf20f7e28e0f78ff7c,0.002849002849002849,10000,83,4820000,outputs.mapping/bams.cds.rand/ERR8314767.x.s__Fimisoma sp002320005.fastq.gz,ERR8314767.x.s__Fimisoma sp002320005,ce5e5e2e,7040000,51,DNA,10000,704,True,0.8793570342182778,0.8914397943560793,0.8853984142871786,0.8914397943560793,True,1,3018,4340,d__Bacteria;p__Bacillota;c__Clostridia;o__Lachnospirales;f__Lachnospiraceae;g__Fusicatenibacter;s__Fusicatenibacter saccharivorans
10000,0.0014204545454545455,0.0026246719160104987,0.0014204545454545455,0.0004608294930875576,2.0,2.0,0.0,/group/ctbrowngrp5/sourmash-db.new/gtdb-rs226/gtdb-rs226-k51.dna.rocksdb,GCA_022771935.1 bacterium,46b1c2d1d8bb09a95671470ba00d748b,0.0026246719160104987,10000,84,4810000,outputs.mapping/bams.cds.rand/ERR8314767.x.s__Fimisoma sp002320005.fastq.gz,ERR8314767.x.s__Fimisoma sp002320005,ce5e5e2e,7040000,51,DNA,10000,704,True,0.8793570342182778,0.8900074211288785,0.8846822276735782,0.8900074211288785,True,2,3020,4340,d__Bacteria;p__Bacillota;c__Clostridia;o__Lachnospirales;f__Lachnospiraceae;g__Oliverpabstia;s__Oliverpabstia sp004562915
10000,0.0014204545454545455,0.004739336492890996,0.0014204545454545455,0.0002304147465437788,1.0,1.0,0.0,/group/ctbrowngrp5/sourmash-db.new/gtdb-rs226/gtdb-rs226-k51.dna.rocksdb,GCA_037231495.1 Oribacterium sp.,586cd9fb67aed3907df6cc3e4b5f5c36,0.004739336492890996,10000,85,4800000,outputs.mapping/bams.cds.rand/ERR8314767.x.s__Fimisoma sp002320005.fastq.gz,ERR8314767.x.s__Fimisoma sp002320005,ce5e5e2e,7040000,51,DNA,10000,704,True,0.8793570342182778,0.900379988990409,0.8898685116043434,0.900379988990409,True,1,3021,4340,d__Bacteria;p__Bacillota;c__Clostridia;o__Lachnospirales;f__Lachnospiraceae;g__Oribacterium;s__Oribacterium sp004554245
10000,0.0014204545454545455,0.004739336492890996,0.0014204545454545455,0.0002304147465437788,1.0,1.0,0.0,/group/ctbrowngrp5/sourmash-db.new/gtdb-rs226/gtdb-rs226-k51.dna.rocksdb,GCF_000426425.1 Bifidobacterium thermacidophilum subsp. thermacidophilum DSM 15837,1cc373c2e2290c9e0110fb5f719e00f1,0.004739336492890996,10000,86,4790000,outputs.mapping/bams.cds.rand/ERR8314767.x.s__Fimisoma sp002320005.fastq.gz,ERR8314767.x.s__Fimisoma sp002320005,ce5e5e2e,7040000,51,DNA,10000,704,True,0.8793570342182778,0.900379988990409,0.8898685116043434,0.900379988990409,True,1,3022,4340,d__Bacteria;p__Actinomycetota;c__Actinomycetes;o__Actinomycetales;f__Bifidobacteriaceae;g__Bifidobacterium;s__Bifidobacterium thermacidophilum
10000,0.0014204545454545455,0.004975124378109453,0.0014204545454545455,0.0004608294930875576,2.0,2.0,0.0,/group/ctbrowngrp5/sourmash-db.new/gtdb-rs226/gtdb-rs226-k51.dna.rocksdb,GCA_945828095.1 uncultured Clostridia bacterium,f8f47772cfd9f6be2b94f03ea07e040a,0.004975124378109453,10000,87,4780000,outputs.mapping/bams.cds.rand/ERR8314767.x.s__Fimisoma sp002320005.fastq.gz,ERR8314767.x.s__Fimisoma sp002320005,ce5e5e2e,7040000,51,DNA,10000,704,True,0.8793570342182778,0.9012375805331682,0.890297307375723,0.9012375805331682,True,2,3024,4340,d__Bacteria;p__Bacillota;c__Clostridia;o__Peptostreptococcales;f__Anaerovoracaceae;g__CAG-238;s__CAG-238 sp945828095
10000,0.0014204545454545455,0.008771929824561403,0.0014204545454545455,0.0013824884792626728,6.0,6.0,0.0,/group/ctbrowngrp5/sourmash-db.new/gtdb-rs226/gtdb-rs226-k51.dna.rocksdb,GCA_022780765.1 Bacilli bacterium,9ce83249623a09edeafa0bcf6fab51a2,0.008771929824561403,10000,88,4770000,outputs.mapping/bams.cds.rand/ERR8314767.x.s__Fimisoma sp002320005.fastq.gz,ERR8314767.x.s__Fimisoma sp002320005,ce5e5e2e,7040000,51,DNA,10000,704,True,0.8793570342182778,0.911315028588222,0.8953360314032499,0.911315028588222,True,6,3030,4340,d__Bacteria;p__Bacillota;c__Bacilli;o__RFN20;f__CAG-288;g__Enterosoma;s__Enterosoma sp022780765
10000,0.0014204545454545455,0.004347826086956522,0.0014204545454545455,0.0020737327188940094,9.0,9.0,0.0,/group/ctbrowngrp5/sourmash-db.new/gtdb-rs226/gtdb-rs226-k51.dna.rocksdb,GCA_034178635.1 Bacteroidaceae bacterium,26afbd660950baefca763493b71a8f56,0.004347826086956522,10000,89,4760000,outputs.mapping/bams.cds.rand/ERR8314767.x.s__Fimisoma sp002320005.fastq.gz,ERR8314767.x.s__Fimisoma sp002320005,ce5e5e2e,7040000,51,DNA,10000,704,True,0.8793570342182778,0.8988590824149439,0.8891080583166109,0.8988590824149439,True,9,3039,4340,d__Bacteria;p__Bacteroidota;c__Bacteroidia;o__Bacteroidales;f__Bacteroidaceae;g__Physcousia;s__Physcousia sp900766785
10000,0.0014204545454545455,0.004081632653061225,0.0014204545454545455,0.01152073732718894,50.0,50.0,0.0,/group/ctbrowngrp5/sourmash-db.new/gtdb-rs226/gtdb-rs226-k51.dna.rocksdb,GCA_900763825.1 uncultured Prevotella sp.,7f0118ff1001444d01de64a75678ed78,0.004081632653061225,10000,90,4750000,outputs.mapping/bams.cds.rand/ERR8314767.x.s__Fimisoma sp002320005.fastq.gz,ERR8314767.x.s__Fimisoma sp002320005,ce5e5e2e,7040000,51,DNA,10000,704,True,0.8793570342182778,0.897746263416111,0.8885516488171944,0.897746263416111,True,50,3089,4340,d__Bacteria;p__Bacteroidota;c__Bacteroidia;o__Bacteroidales;f__Bacteroidaceae;g__Prevotella;s__Prevotella sp900552675
10000,0.0014204545454545455,0.005376344086021506,0.0014204545454545455,0.001152073732718894,5.0,5.0,0.0,/group/ctbrowngrp5/sourmash-db.new/gtdb-rs226/gtdb-rs226-k51.dna.rocksdb,GCA_902472625.1 uncultured Bacillales bacterium,a05f0ac0a6b942d4a80bfb4ba736b9ef,0.005376344086021506,10000,91,4740000,outputs.mapping/bams.cds.rand/ERR8314767.x.s__Fimisoma sp002320005.fastq.gz,ERR8314767.x.s__Fimisoma sp002320005,ce5e5e2e,7040000,51,DNA,10000,704,True,0.8793570342182778,0.9026091799725088,0.8909831070953933,0.9026091799725088,True,5,3094,4340,d__Bacteria;p__Bacillota;c__Bacilli;o__ML615J-28;f__CAG-313;g__UMGS1109;s__UMGS1109 sp900548675
20000,0.002840909090909091,0.0034482758620689655,0.0014204545454545455,0.0002304147465437788,1.0,1.0,0.0,/group/ctbrowngrp5/sourmash-db.new/gtdb-rs226/gtdb-rs226-k51.dna.rocksdb,GCA_029218445.1 Prevotellaceae bacterium,8247cdf01f2cb2a8b4f2329c925ba299,0.006896551724137931,10000,92,4730000,outputs.mapping/bams.cds.rand/ERR8314767.x.s__Fimisoma sp002320005.fastq.gz,ERR8314767.x.s__Fimisoma sp002320005,ce5e5e2e,7040000,51,DNA,10000,704,True,0.8913900682225732,0.907027041982046,0.8992085551023096,0.907027041982046,True,1,3095,4340,d__Bacteria;p__Bacteroidota;c__Bacteroidia;o__Bacteroidales;f__Bacteroidaceae;g__Prevotella;s__Prevotella sp029218445
10000,0.0014204545454545455,0.005076142131979695,0.0014204545454545455,0.0002304147465437788,1.0,1.0,0.0,/group/ctbrowngrp5/sourmash-db.new/gtdb-rs226/gtdb-rs226-k51.dna.rocksdb,GCA_945833935.1 uncultured bacterium,aedcd3828044476405fe1ee1f6c72f91,0.005076142131979695,10000,93,4720000,outputs.mapping/bams.cds.rand/ERR8314767.x.s__Fimisoma sp002320005.fastq.gz,ERR8314767.x.s__Fimisoma sp002320005,ce5e5e2e,7040000,51,DNA,10000,704,True,0.8793570342182778,0.9015928650194664,0.8904749496188722,0.9015928650194664,True,1,3096,4340,d__Bacteria;p__Bacteroidota;c__Bacteroidia;o__Bacteroidales;f__Paludibacteraceae;g__UBA4363;s__UBA4363 sp017937025
10000,0.0014204545454545455,0.0038461538461538464,0.0014204545454545455,0.0002304147465437788,1.0,1.0,0.0,/group/ctbrowngrp5/sourmash-db.new/gtdb-rs226/gtdb-rs226-k51.dna.rocksdb,GCA_038211425.1 Candidatus Limnocylindria bacterium,b6d89644025723a1d0150e825f001981,0.0038461538461538464,10000,94,4710000,outputs.mapping/bams.cds.rand/ERR8314767.x.s__Fimisoma sp002320005.fastq.gz,ERR8314767.x.s__Fimisoma sp002320005,ce5e5e2e,7040000,51,DNA,10000,704,True,0.8793570342182778,0.896700849952713,0.8880289420854954,0.896700849952713,True,1,3097,4340,d__Bacteria;p__Chloroflexota;c__Limnocylindria;o__P2-11E;f__P2-11E;g__JALYKU01;s__JALYKU01 sp038211425
10000,0.0014204545454545455,0.0028011204481792717,0.0014204545454545455,0.0002304147465437788,1.0,1.0,0.0,/group/ctbrowngrp5/sourmash-db.new/gtdb-rs226/gtdb-rs226-k51.dna.rocksdb,GCA_937884925.1 uncultured Roseburia sp.,5e144700aaf6b869a3c1a5127720b9ba,0.0028011204481792717,10000,95,4700000,outputs.mapping/bams.cds.rand/ERR8314767.x.s__Fimisoma sp002320005.fastq.gz,ERR8314767.x.s__Fimisoma sp002320005,ce5e5e2e,7040000,51,DNA,10000,704,True,0.8793570342182778,0.8911435786643924,0.8852503064413351,0.8911435786643924,True,1,3098,4340,d__Bacteria;p__Bacillota;c__Clostridia;o__Lachnospirales;f__Lachnospiraceae;g__Roseburia;s__Roseburia sp900548205
20000,0.002840909090909091,0.004464285714285714,0.0014204545454545455,0.0013824884792626728,6.0,6.0,0.0,/group/ctbrowngrp5/sourmash-db.new/gtdb-rs226/gtdb-rs226-k51.dna.rocksdb,GCA_945947505.1 uncultured bacterium,e11b17d6f92655e869f92e5918a7ee33,0.008928571428571428,10000,96,4690000,outputs.mapping/bams.cds.rand/ERR8314767.x.s__Fimisoma sp002320005.fastq.gz,ERR8314767.x.s__Fimisoma sp002320005,ce5e5e2e,7040000,51,DNA,10000,704,True,0.8913900682225732,0.9116313558407262,0.9015107120316497,0.9116313558407262,True,6,3104,4340,d__Bacteria;p__Bacillota;c__Clostridia;o__Lachnospirales;f__Lachnospiraceae;g__Bariatricus;s__Bariatricus sp004560705
10000,0.0014204545454545455,0.005,0.0014204545454545455,0.0002304147465437788,1.0,1.0,0.0,/group/ctbrowngrp5/sourmash-db.new/gtdb-rs226/gtdb-rs226-k51.dna.rocksdb,GCA_902802315.1 uncultured Bifidobacteriaceae bacterium,a08765fa1efa736d3435d6383f8322cf,0.005,10000,97,4680000,outputs.mapping/bams.cds.rand/ERR8314767.x.s__Fimisoma sp002320005.fastq.gz,ERR8314767.x.s__Fimisoma sp002320005,ce5e5e2e,7040000,51,DNA,10000,704,True,0.8793570342182778,0.9013257213104922,0.8903413777643849,0.9013257213104922,True,1,3105,4340,d__Bacteria;p__Actinomycetota;c__Actinomycetes;o__Actinomycetales;f__Bifidobacteriaceae;g__Pseudoscardovia;s__Pseudoscardovia suis
10000,0.0014204545454545455,0.004545454545454545,0.0014204545454545455,0.0009216589861751152,4.0,4.0,0.0,/group/ctbrowngrp5/sourmash-db.new/gtdb-rs226/gtdb-rs226-k51.dna.rocksdb,GCA_948751085.1 uncultured Oscillospiraceae bacterium,ba40cdb1cebfa775676263524ca95551,0.004545454545454545,10000,98,4670000,outputs.mapping/bams.cds.rand/ERR8314767.x.s__Fimisoma sp002320005.fastq.gz,ERR8314767.x.s__Fimisoma sp002320005,ce5e5e2e,7040000,51,DNA,10000,704,True,0.8793570342182778,0.8996428723837347,0.8894999533010063,0.8996428723837347,True,4,3109,4340,d__Bacteria;p__Bacillota;c__Clostridia;o__Oscillospirales;f__Ruminococcaceae;g__Porcipelethomonas;s__Porcipelethomonas sp910588145
10000,0.0014204545454545455,0.0036496350364963502,0.0014204545454545455,0.0002304147465437788,1.0,1.0,0.0,/group/ctbrowngrp5/sourmash-db.new/gtdb-rs226/gtdb-rs226-k51.dna.rocksdb,GCA_004558465.1 Bacteroidales bacterium,1717ac675251252634bb28bfa942ff63,0.0036496350364963502,10000,99,4660000,outputs.mapping/bams.cds.rand/ERR8314767.x.s__Fimisoma sp002320005.fastq.gz,ERR8314767.x.s__Fimisoma sp002320005,ce5e5e2e,7040000,51,DNA,10000,704,True,0.8793570342182778,0.895779190619195,0.8875681124187365,0.895779190619195,True,1,3110,4340,d__Bacteria;p__Bacteroidota;c__Bacteroidia;o__Bacteroidales;f__UBA932;g__Cryptobacteroides;s__Cryptobacteroides sp000431015
10000,0.0014204545454545455,0.006369426751592357,0.0014204545454545455,0.0004608294930875576,2.0,2.0,0.0,/group/ctbrowngrp5/sourmash-db.new/gtdb-rs226/gtdb-rs226-k51.dna.rocksdb,GCA_029006195.1 Bacillota bacterium,e5dcf2d2809f5ea90b40b9e2738262a0,0.006369426751592357,10000,100,4650000,outputs.mapping/bams.cds.rand/ERR8314767.x.s__Fimisoma sp002320005.fastq.gz,ERR8314767.x.s__Fimisoma sp002320005,ce5e5e2e,7040000,51,DNA,10000,704,True,0.8793570342182778,0.9056140341181776,0.8924855341682277,0.9056140341181776,True,2,3112,4340,d__Bacteria;p__Bacillota;c__Clostridia;o__Peptostreptococcales;f__Anaerovoracaceae;g__Lentihominibacter;s__Lentihominibacter sp029006195
10000,0.0014204545454545455,0.002857142857142857,0.0014204545454545455,0.0002304147465437788,1.0,1.0,0.0,/group/ctbrowngrp5/sourmash-db.new/gtdb-rs226/gtdb-rs226-k51.dna.rocksdb,GCA_963589295.1 Lachnospiraceae bacterium,18ae3e07be0d3cd7c395ee3cfe2e29b4,0.002857142857142857,10000,101,4640000,outputs.mapping/bams.cds.rand/ERR8314767.x.s__Fimisoma sp002320005.fastq.gz,ERR8314767.x.s__Fimisoma sp002320005,ce5e5e2e,7040000,51,DNA,10000,704,True,0.8793570342182778,0.8914896651476225,0.8854233496829502,0.8914896651476225,True,1,3113,4340,d__Bacteria;p__Bacteroidota;c__Bacteroidia;o__Bacteroidales;f__Bacteroidaceae;g__Prevotella;s__Prevotella sp900546575
30000,0.004261363636363636,0.0035460992907801418,0.0014204545454545455,0.0002304147465437788,1.0,1.0,0.0,/group/ctbrowngrp5/sourmash-db.new/gtdb-rs226/gtdb-rs226-k51.dna.rocksdb,GCA_963656025.1 uncultured Eubacteriales bacterium,52a5d5d77f21c29a52347102bdcaa344,0.010638297872340425,10000,102,4630000,outputs.mapping/bams.cds.rand/ERR8314767.x.s__Fimisoma sp002320005.fastq.gz,ERR8314767.x.s__Fimisoma sp002320005,ce5e5e2e,7040000,51,DNA,10000,704,True,0.8985051292726896,0.9147685363760626,0.9066368328243761,0.9147685363760626,True,1,3114,4340,d__Bacteria;p__Bacteroidota;c__Bacteroidia;o__Bacteroidales;f__Paludibacteraceae;g__Colicola;s__Colicola sp963635385
10000,0.0014204545454545455,0.00510204081632653,0.0014204545454545455,0.0009216589861751152,4.0,4.0,0.0,/group/ctbrowngrp5/sourmash-db.new/gtdb-rs226/gtdb-rs226-k51.dna.rocksdb,GCA_029225985.1 Eubacteriales bacterium,84bb1da65935cdf47433cc06b8f1c9d8,0.00510204081632653,10000,103,4620000,outputs.mapping/bams.cds.rand/ERR8314767.x.s__Fimisoma sp002320005.fastq.gz,ERR8314767.x.s__Fimisoma sp002320005,ce5e5e2e,7040000,51,DNA,10000,704,True,0.8793570342182778,0.9016828355623467,0.8905199348903123,0.9016828355623467,True,4,3118,4340,d__Bacteria;p__Bacillota;c__Clostridia;o__Oscillospirales;f__Acutalibacteraceae;g__Eubacterium_R;s__Eubacterium_R sp945874765
10000,0.0014204545454545455,0.006134969325153374,0.0014204545454545455,0.0009216589861751152,4.0,4.0,0.0,/group/ctbrowngrp5/sourmash-db.new/gtdb-rs226/gtdb-rs226-k51.dna.rocksdb,GCA_900543795.1 uncultured Oscillospiraceae bacterium,42db1cffe00d0bc5f530962fbf81ae8c,0.006134969325153374,10000,104,4610000,outputs.mapping/bams.cds.rand/ERR8314767.x.s__Fimisoma sp002320005.fastq.gz,ERR8314767.x.s__Fimisoma sp002320005,ce5e5e2e,7040000,51,DNA,10000,704,True,0.8793570342182778,0.9049483082061326,0.8921526712122052,0.9049483082061326,True,4,3122,4340,d__Bacteria;p__Bacillota;c__Clostridia;o__Oscillospirales;f__Acutalibacteraceae;g__Eubacterium_R;s__Eubacterium_R sp900543795
10000,0.0014204545454545455,0.0033222591362126247,0.0014204545454545455,0.0002304147465437788,1.0,1.0,0.0,/group/ctbrowngrp5/sourmash-db.new/gtdb-rs226/gtdb-rs226-k51.dna.rocksdb,GCA_900543835.1 uncultured Prevotella sp.,c728bd22bfc3227d23dea925e4c1a178,0.0033222591362126247,10000,105,4600000,outputs.mapping/bams.cds.rand/ERR8314767.x.s__Fimisoma sp002320005.fastq.gz,ERR8314767.x.s__Fimisoma sp002320005,ce5e5e2e,7040000,51,DNA,10000,704,True,0.8793570342182778,0.8941299800356292,0.8867435071269535,0.8941299800356292,True,1,3123,4340,d__Bacteria;p__Bacteroidota;c__Bacteroidia;o__Bacteroidales;f__Bacteroidaceae;g__Prevotella;s__Prevotella sp900313215
30000,0.004261363636363636,0.004291845493562232,0.0014204545454545455,0.0002304147465437788,1.0,1.0,0.0,/group/ctbrowngrp5/sourmash-db.new/gtdb-rs226/gtdb-rs226-k51.dna.rocksdb,GCF_021531715.1 Anaeromassilibacillus senegalensis,ec1ff3c784e865a555513b1cfd1fe874,0.012875536480686695,10000,106,4590000,outputs.mapping/bams.cds.rand/ERR8314767.x.s__Fimisoma sp002320005.fastq.gz,ERR8314767.x.s__Fimisoma sp002320005,ce5e5e2e,7040000,51,DNA,10000,704,True,0.8985051292726896,0.9181984920039337,0.9083518106383116,0.9181984920039337,True,1,3124,4340,d__Bacteria;p__Bacillota;c__Clostridia;o__Oscillospirales;f__Acutalibacteraceae;g__Hominenteromicrobium;s__Hominenteromicrobium sp004555625
20000,0.002840909090909091,0.0022624434389140274,0.0014204545454545455,0.0004608294930875576,2.0,2.0,0.0,/group/ctbrowngrp5/sourmash-db.new/gtdb-rs226/gtdb-rs226-k51.dna.rocksdb,GCA_030434875.1 Lachnospiraceae bacterium C1.1,a9afc0f670c510ba8e31cd0748d0d464,0.004524886877828055,10000,107,4580000,outputs.mapping/bams.cds.rand/ERR8314767.x.s__Fimisoma sp002320005.fastq.gz,ERR8314767.x.s__Fimisoma sp002320005,ce5e5e2e,7040000,51,DNA,10000,704,True,0.8913900682225732,0.8995628755480881,0.8954764718853306,0.8995628755480881,True,2,3126,4340,d__Bacteria;p__Bacillota;c__Clostridia;o__Lachnospirales;f__Lachnospiraceae;g__NK4A144;s__NK4A144 sp024682575
10000,0.0014204545454545455,0.0036101083032490976,0.0014204545454545455,0.0004608294930875576,2.0,2.0,0.0,/group/ctbrowngrp5/sourmash-db.new/gtdb-rs226/gtdb-rs226-k51.dna.rocksdb,GCA_963599345.1 Eubacterium sp. CAG:180,86e6002761fc90f49ae543a336a205e3,0.0036101083032490976,10000,108,4570000,outputs.mapping/bams.cds.rand/ERR8314767.x.s__Fimisoma sp002320005.fastq.gz,ERR8314767.x.s__Fimisoma sp002320005,ce5e5e2e,7040000,51,DNA,10000,704,True,0.8793570342182778,0.8955879463753921,0.887472490296835,0.8955879463753921,True,2,3128,4340,d__Bacteria;p__Bacteroidota;c__Bacteroidia;o__Bacteroidales;f__Bacteroidaceae;g__Alloprevotella;s__Alloprevotella timonensis
10000,0.0014204545454545455,0.0027624309392265192,0.0014204545454545455,0.0002304147465437788,1.0,1.0,0.0,/group/ctbrowngrp5/sourmash-db.new/gtdb-rs226/gtdb-rs226-k51.dna.rocksdb,GCA_948756575.1 uncultured Lachnospiraceae bacterium,38d6dd314826f165eb03abfba6880f34,0.0027624309392265192,10000,109,4560000,outputs.mapping/bams.cds.rand/ERR8314767.x.s__Fimisoma sp002320005.fastq.gz,ERR8314767.x.s__Fimisoma sp002320005,ce5e5e2e,7040000,51,DNA,10000,704,True,0.8793570342182778,0.8909005841896418,0.8851288092039598,0.8909005841896418,True,1,3129,4340,d__Bacteria;p__Bacillota;c__Clostridia;o__Lachnospirales;f__Lachnospiraceae;g__Hominiventricola;s__Hominiventricola sp009774145
10000,0.0014204545454545455,0.0019120458891013384,0.0014204545454545455,0.0002304147465437788,1.0,1.0,0.0,/group/ctbrowngrp5/sourmash-db.new/gtdb-rs226/gtdb-rs226-k51.dna.rocksdb,GCA_032565415.1 Enterobacter hormaechei,f02d69a17afe2287306370ae1c58f2e0,0.0019120458891013384,10000,110,4550000,outputs.mapping/bams.cds.rand/ERR8314767.x.s__Fimisoma sp002320005.fastq.gz,ERR8314767.x.s__Fimisoma sp002320005,ce5e5e2e,7040000,51,DNA,10000,704,True,0.8793570342182778,0.8844963504986527,0.8819266923584652,0.8844963504986527,True,1,3130,4340,d__Bacteria;p__Pseudomonadota;c__Gammaproteobacteria;o__Enterobacterales;f__Enterobacteriaceae;g__Enterobacter;s__Enterobacter hormaechei_C
10000,0.0014204545454545455,0.004132231404958678,0.0014204545454545455,0.0002304147465437788,1.0,1.0,0.0,/group/ctbrowngrp5/sourmash-db.new/gtdb-rs226/gtdb-rs226-k51.dna.rocksdb,GCA_022775165.1 Faecalibacterium sp.,c5743aff689352e468540e80eacb61d7,0.004132231404958678,10000,111,4540000,outputs.mapping/bams.cds.rand/ERR8314767.x.s__Fimisoma sp002320005.fastq.gz,ERR8314767.x.s__Fimisoma sp002320005,ce5e5e2e,7040000,51,DNA,10000,704,True,0.8793570342182778,0.8979631654737237,0.8886600998460008,0.8979631654737237,True,1,3131,4340,d__Bacteria;p__Bacillota;c__Clostridia;o__Oscillospirales;f__Ruminococcaceae;g__Faecalibacterium;s__Faecalibacterium wellingii
20000,0.002840909090909091,0.0031847133757961785,0.0014204545454545455,0.0002304147465437788,1.0,1.0,0.0,/group/ctbrowngrp5/sourmash-db.new/gtdb-rs226/gtdb-rs226-k51.dna.rocksdb,GCA_902375945.1 Clostridiaceae bacterium,cc83538e580742ca11ee9ed5266d8f53,0.006369426751592357,10000,112,4530000,outputs.mapping/bams.cds.rand/ERR8314767.x.s__Fimisoma sp002320005.fastq.gz,ERR8314767.x.s__Fimisoma sp002320005,ce5e5e2e,7040000,51,DNA,10000,704,True,0.8913900682225732,0.9056140341181776,0.8985020511703754,0.9056140341181776,True,1,3132,4340,d__Bacteria;p__Bacillota;c__Clostridia;o__Lachnospirales;f__Lachnospiraceae;g__Enterocloster;s__Enterocloster sp001517625
10000,0.0014204545454545455,0.004524886877828055,0.0014204545454545455,0.0728110599078341,316.0,316.0,0.0,/group/ctbrowngrp5/sourmash-db.new/gtdb-rs226/gtdb-rs226-k51.dna.rocksdb,GCA_945912845.1 uncultured Bacteroidales bacterium,88a0c89c53a152cee5ec79844bb82a1a,0.004524886877828055,10000,113,4520000,outputs.mapping/bams.cds.rand/ERR8314767.x.s__Fimisoma sp002320005.fastq.gz,ERR8314767.x.s__Fimisoma sp002320005,ce5e5e2e,7040000,51,DNA,10000,704,True,0.8793570342182778,0.8995628755480881,0.889459954883183,0.8995628755480881,True,316,3448,4340,d__Bacteria;p__Bacteroidota;c__Bacteroidia;o__Bacteroidales;f__Bacteroidaceae;g__Alloprevotella;s__Alloprevotella sp004555425
20000,0.002840909090909091,0.003246753246753247,0.0014204545454545455,0.0002304147465437788,1.0,1.0,0.0,/group/ctbrowngrp5/sourmash-db.new/gtdb-rs226/gtdb-rs226-k51.dna.rocksdb,GCA_900771365.1 Bacteroidales bacterium,4d1d84aefc669ee9b839977a8b9bf2b5,0.006493506493506494,10000,114,4510000,outputs.mapping/bams.cds.rand/ERR8314767.x.s__Fimisoma sp002320005.fastq.gz,ERR8314767.x.s__Fimisoma sp002320005,ce5e5e2e,7040000,51,DNA,10000,704,True,0.8913900682225732,0.9059566909928176,0.8986733796076953,0.9059566909928176,True,1,3449,4340,d__Bacteria;p__Bacteroidota;c__Bacteroidia;o__Bacteroidales;f__P3;g__Colimorpha;s__Colimorpha sp900771365
30000,0.004261363636363636,0.0019230769230769232,0.0014204545454545455,0.001152073732718894,5.0,5.0,0.0,/group/ctbrowngrp5/sourmash-db.new/gtdb-rs226/gtdb-rs226-k51.dna.rocksdb,GCF_004167425.1 Eubacterium sp. am_0171,752cfb60569717c393cfd2b243681bfb,0.0057692307692307696,10000,115,4500000,outputs.mapping/bams.cds.rand/ERR8314767.x.s__Fimisoma sp002320005.fastq.gz,ERR8314767.x.s__Fimisoma sp002320005,ce5e5e2e,7040000,51,DNA,10000,704,True,0.8985051292726896,0.9038583015763626,0.9011817154245261,0.9038583015763626,True,5,3454,4340,d__Bacteria;p__Bacillota;c__Clostridia;o__Lachnospirales;f__Lachnospiraceae;g__Faecalicatena;s__Faecalicatena contortus_B
20000,0.002840909090909091,0.005405405405405406,0.0014204545454545455,0.008064516129032258,35.0,35.0,0.0,/group/ctbrowngrp5/sourmash-db.new/gtdb-rs226/gtdb-rs226-k51.dna.rocksdb,GCA_004558595.1 Phascolarctobacterium sp.,82f5ae137c37969242b7840b4f05f8d0,0.010810810810810811,10000,116,4490000,outputs.mapping/bams.cds.rand/ERR8314767.x.s__Fimisoma sp002320005.fastq.gz,ERR8314767.x.s__Fimisoma sp002320005,ce5e5e2e,7040000,51,DNA,10000,704,True,0.8913900682225732,0.9150571131134657,0.9032235906680195,0.9150571131134657,True,35,3489,4340,d__Bacteria;p__Bacillota;c__Negativicutes;o__Acidaminococcales;f__Acidaminococcaceae;g__Phascolarctobacterium_A;s__Phascolarctobacterium_A sp004558595
20000,0.002840909090909091,0.004784688995215311,0.0014204545454545455,0.00944700460829493,41.0,41.0,0.0,/group/ctbrowngrp5/sourmash-db.new/gtdb-rs226/gtdb-rs226-k51.dna.rocksdb,GCA_022780225.1 Veillonellaceae bacterium,aea4c576e41d0e70ac94f03b74dbb0b2,0.009569377990430622,10000,117,4480000,outputs.mapping/bams.cds.rand/ERR8314767.x.s__Fimisoma sp002320005.fastq.gz,ERR8314767.x.s__Fimisoma sp002320005,ce5e5e2e,7040000,51,DNA,10000,704,True,0.8913900682225732,0.9128711551885609,0.902130611705567,0.9128711551885609,True,41,3530,4340,d__Bacteria;p__Bacillota;c__Negativicutes;o__Selenomonadales;f__Selenomonadaceae;g__Anaerovibrio;s__Anaerovibrio sp900548165
10000,0.0014204545454545455,0.00425531914893617,0.0014204545454545455,0.0004608294930875576,2.0,2.0,0.0,/group/ctbrowngrp5/sourmash-db.new/gtdb-rs226/gtdb-rs226-k51.dna.rocksdb,GCA_004553285.1 Subdoligranulum variabile,88bd40466634bc6c8878e784fb41820e,0.00425531914893617,10000,118,4470000,outputs.mapping/bams.cds.rand/ERR8314767.x.s__Fimisoma sp002320005.fastq.gz,ERR8314767.x.s__Fimisoma sp002320005,ce5e5e2e,7040000,51,DNA,10000,704,True,0.8793570342182778,0.8984801221677612,0.8889185781930196,0.8984801221677612,True,2,3532,4340,d__Bacteria;p__Bacillota;c__Clostridia;o__Oscillospirales;f__Ruminococcaceae;g__Gemmiger;s__Gemmiger variabilis_A
20000,0.002840909090909091,0.004347826086956522,0.0014204545454545455,0.0004608294930875576,2.0,2.0,0.0,/group/ctbrowngrp5/sourmash-db.new/gtdb-rs226/gtdb-rs226-k51.dna.rocksdb,GCA_946614955.1 uncultured Clostridia bacterium,8cd5f84e3e6ec8ead76569542d6185bb,0.008695652173913044,10000,119,4460000,outputs.mapping/bams.cds.rand/ERR8314767.x.s__Fimisoma sp002320005.fastq.gz,ERR8314767.x.s__Fimisoma sp002320005,ce5e5e2e,7040000,51,DNA,10000,704,True,0.8913900682225732,0.9111589805028507,0.9012745243627119,0.9111589805028507,True,2,3534,4340,d__Bacteria;p__Bacillota;c__Clostridia;o__Oscillospirales;f__Ruminococcaceae;g__UBA3818;s__UBA3818 sp002369315
10000,0.0014204545454545455,0.008130081300813009,0.0014204545454545455,0.0004608294930875576,2.0,2.0,0.0,/group/ctbrowngrp5/sourmash-db.new/gtdb-rs226/gtdb-rs226-k51.dna.rocksdb,GCA_945835865.1 uncultured Clostridia bacterium,5d25aeb489d2e8c047e680bbbc143d39,0.008130081300813009,10000,120,4450000,outputs.mapping/bams.cds.rand/ERR8314767.x.s__Fimisoma sp002320005.fastq.gz,ERR8314767.x.s__Fimisoma sp002320005,ce5e5e2e,7040000,51,DNA,10000,704,True,0.8793570342182778,0.9099582533276309,0.8946576437729543,0.9099582533276309,True,2,3536,4340,d__Bacteria;p__Bacillota;c__Clostridia;o__Christensenellales;f__Borkfalkiaceae;g__UBA10281;s__UBA10281 sp945835865
10000,0.0014204545454545455,0.004739336492890996,0.0014204545454545455,0.0002304147465437788,1.0,1.0,0.0,/group/ctbrowngrp5/sourmash-db.new/gtdb-rs226/gtdb-rs226-k51.dna.rocksdb,GCA_945829225.1 uncultured Bacteroidales bacterium,873a45ef173704848df325a6974314aa,0.004739336492890996,10000,121,4440000,outputs.mapping/bams.cds.rand/ERR8314767.x.s__Fimisoma sp002320005.fastq.gz,ERR8314767.x.s__Fimisoma sp002320005,ce5e5e2e,7040000,51,DNA,10000,704,True,0.8793570342182778,0.900379988990409,0.8898685116043434,0.900379988990409,True,1,3537,4340,d__Bacteria;p__Bacteroidota;c__Bacteroidia;o__Bacteroidales;f__Muribaculaceae;g__CAG-873;s__CAG-873 sp945829225
10000,0.0014204545454545455,0.0018832391713747645,0.0014204545454545455,0.0002304147465437788,1.0,1.0,0.0,/group/ctbrowngrp5/sourmash-db.new/gtdb-rs226/gtdb-rs226-k51.dna.rocksdb,GCF_004368405.1 Olivibacter sp. XZL3,18c97ededa1ae0050885263db02d6da4,0.0018832391713747645,10000,122,4430000,outputs.mapping/bams.cds.rand/ERR8314767.x.s__Fimisoma sp002320005.fastq.gz,ERR8314767.x.s__Fimisoma sp002320005,ce5e5e2e,7040000,51,DNA,10000,704,True,0.8793570342182778,0.8842331122776517,0.8817950732479647,0.8842331122776517,True,1,3538,4340,d__Bacteria;p__Bacteroidota;c__Bacteroidia;o__Sphingobacteriales;f__Sphingobacteriaceae;g__Olivibacter;s__Olivibacter sp004368405
10000,0.0014204545454545455,0.0048543689320388345,0.0014204545454545455,0.0006912442396313364,3.0,3.0,0.0,/group/ctbrowngrp5/sourmash-db.new/gtdb-rs226/gtdb-rs226-k51.dna.rocksdb,GCA_946403195.1 uncultured Clostridia bacterium,247eb66cf55b29cc9c2181bf669fe0a2,0.0048543689320388345,10000,123,4420000,outputs.mapping/bams.cds.rand/ERR8314767.x.s__Fimisoma sp002320005.fastq.gz,ERR8314767.x.s__Fimisoma sp002320005,ce5e5e2e,7040000,51,DNA,10000,704,True,0.8793570342182778,0.900803478377785,0.8900802562980314,0.900803478377785,True,3,3541,4340,d__Bacteria;p__Bacillota;c__Clostridia;o__Oscillospirales;f__Oscillospiraceae;g__Oscillibacter;s__Oscillibacter sp945864305
20000,0.002840909090909091,0.004807692307692308,0.0014204545454545455,0.0004608294930875576,2.0,2.0,0.0,/group/ctbrowngrp5/sourmash-db.new/gtdb-rs226/gtdb-rs226-k51.dna.rocksdb,GCA_945864645.1 uncultured Firmicutes bacterium,2b8c11e85ff978fb6584aa90b61f1719,0.009615384615384616,10000,124,4410000,outputs.mapping/bams.cds.rand/ERR8314767.x.s__Fimisoma sp002320005.fastq.gz,ERR8314767.x.s__Fimisoma sp002320005,ce5e5e2e,7040000,51,DNA,10000,704,True,0.8913900682225732,0.9129570079962835,0.9021735381094284,0.9129570079962835,True,2,3543,4340,d__Bacteria;p__Bacillota;c__Clostridia;o__Peptostreptococcales;f__Anaerovoracaceae;g__Fimisoma;s__Fimisoma sp002320005
10000,0.0014204545454545455,0.007692307692307693,0.0014204545454545455,0.0004608294930875576,2.0,2.0,0.0,/group/ctbrowngrp5/sourmash-db.new/gtdb-rs226/gtdb-rs226-k51.dna.rocksdb,GCA_947628115.1 uncultured Clostridia bacterium,b10a5bc1980e98f33ff6fe18ddd0a93c,0.007692307692307693,10000,125,4400000,outputs.mapping/bams.cds.rand/ERR8314767.x.s__Fimisoma sp002320005.fastq.gz,ERR8314767.x.s__Fimisoma sp002320005,ce5e5e2e,7040000,51,DNA,10000,704,True,0.8793570342182778,0.9089712150027334,0.8941641246105057,0.9089712150027334,True,2,3545,4340,d__Bacteria;p__Bacillota;c__Clostridia;o__TANB77;f__CAG-508;g__CAG-452;s__CAG-452 sp947628115
10000,0.0014204545454545455,0.0033112582781456954,0.0014204545454545455,0.0004608294930875576,2.0,2.0,0.0,/group/ctbrowngrp5/sourmash-db.new/gtdb-rs226/gtdb-rs226-k51.dna.rocksdb,GCA_040095065.1 Hominicoprocola fusiformis,17aa1e8e910b7a13cbdbc47464788cac,0.0033112582781456954,10000,126,4390000,outputs.mapping/bams.cds.rand/ERR8314767.x.s__Fimisoma sp002320005.fastq.gz,ERR8314767.x.s__Fimisoma sp002320005,ce5e5e2e,7040000,51,DNA,10000,704,True,0.8793570342182778,0.8940718327507637,0.8867144334845207,0.8940718327507637,True,2,3547,4340,d__Bacteria;p__Bacillota;c__Clostridia;o__Oscillospirales;f__Oscillospiraceae;g__Hominicoprocola;s__Hominicoprocola sp934835795
10000,0.0014204545454545455,0.0043859649122807015,0.0014204545454545455,0.0004608294930875576,2.0,2.0,0.0,/group/ctbrowngrp5/sourmash-db.new/gtdb-rs226/gtdb-rs226-k51.dna.rocksdb,GCA_945949515.1 uncultured Prevotella sp.,dc156b0e6a3af5c9b9c6b3bb81641dca,0.0043859649122807015,10000,127,4380000,outputs.mapping/bams.cds.rand/ERR8314767.x.s__Fimisoma sp002320005.fastq.gz,ERR8314767.x.s__Fimisoma sp002320005,ce5e5e2e,7040000,51,DNA,10000,704,True,0.8793570342182778,0.8990130239792933,0.8891850290987855,0.8990130239792933,True,2,3549,4340,d__Bacteria;p__Bacteroidota;c__Bacteroidia;o__Bacteroidales;f__Bacteroidaceae;g__Prevotella;s__Prevotella sp945827565
60000,0.008522727272727272,0.004608294930875576,0.0014204545454545455,0.0002304147465437788,1.0,1.0,0.0,/group/ctbrowngrp5/sourmash-db.new/gtdb-rs226/gtdb-rs226-k51.dna.rocksdb,GCA_945917585.1 uncultured Firmicutes bacterium,b70fcd2c576dbcd8467b57ad6ab73a3d,0.027649769585253458,10000,128,4370000,outputs.mapping/bams.cds.rand/ERR8314767.x.s__Fimisoma sp002320005.fastq.gz,ERR8314767.x.s__Fimisoma sp002320005,ce5e5e2e,7040000,51,DNA,10000,704,True,0.9108001839010786,0.9320622778603561,0.9214312308807173,0.9320622778603561,True,1,3550,4340,d__Bacteria;p__Bacillota;c__Clostridia;o__Peptostreptococcales;f__Anaerovoracaceae;g__Fimisoma;s__Fimisoma sp002320005
10000,0.0014204545454545455,0.006329113924050633,0.0014204545454545455,0.0002304147465437788,1.0,1.0,0.0,/group/ctbrowngrp5/sourmash-db.new/gtdb-rs226/gtdb-rs226-k51.dna.rocksdb,GCA_034176115.1 Eubacteriales bacterium,36d85807d070a5c5cccc9548671096be,0.006329113924050633,10000,129,4360000,outputs.mapping/bams.cds.rand/ERR8314767.x.s__Fimisoma sp002320005.fastq.gz,ERR8314767.x.s__Fimisoma sp002320005,ce5e5e2e,7040000,51,DNA,10000,704,True,0.8793570342182778,0.9055012970243063,0.892429165621292,0.9055012970243063,True,1,3551,4340,d__Bacteria;p__Bacillota;c__Clostridia;o__Christensenellales;f__CAG-138;g__RGIG1693;s__RGIG1693 sp016293975
20000,0.002840909090909091,0.003676470588235294,0.0014204545454545455,0.0009216589861751152,4.0,4.0,0.0,/group/ctbrowngrp5/sourmash-db.new/gtdb-rs226/gtdb-rs226-k51.dna.rocksdb,GCA_945874465.1 uncultured Clostridium sp.,05e44b37f06afeb474458d45a8134611,0.007352941176470588,10000,130,4350000,outputs.mapping/bams.cds.rand/ERR8314767.x.s__Fimisoma sp002320005.fastq.gz,ERR8314767.x.s__Fimisoma sp002320005,ce5e5e2e,7040000,51,DNA,10000,704,True,0.8913900682225732,0.9081673906938506,0.8997787294582118,0.9081673906938506,True,4,3555,4340,d__Bacteria;p__Bacillota;c__Clostridia;o__Lachnospirales;f__Lachnospiraceae;g__Suilimivivens;s__Suilimivivens sp017622575
10000,0.0014204545454545455,0.002564102564102564,0.0014204545454545455,0.0013824884792626728,6.0,6.0,0.0,/group/ctbrowngrp5/sourmash-db.new/gtdb-rs226/gtdb-rs226-k51.dna.rocksdb,GCF_002251435.1 Prevotella sp. P2-180,c5f49e122048abf7e20aaf9064685581,0.002564102564102564,10000,131,4340000,outputs.mapping/bams.cds.rand/ERR8314767.x.s__Fimisoma sp002320005.fastq.gz,ERR8314767.x.s__Fimisoma sp002320005,ce5e5e2e,7040000,51,DNA,10000,704,True,0.8793570342182778,0.8896000765867677,0.8844785554025227,0.8896000765867677,True,6,3561,4340,d__Bacteria;p__Bacteroidota;c__Bacteroidia;o__Bacteroidales;f__Bacteroidaceae;g__Prevotella;s__Prevotella sp002251435
10000,0.0014204545454545455,0.005128205128205128,0.0014204545454545455,0.0004608294930875576,2.0,2.0,0.0,/group/ctbrowngrp5/sourmash-db.new/gtdb-rs226/gtdb-rs226-k51.dna.rocksdb,GCA_945787995.1 uncultured Lachnospiraceae bacterium,694160de6619f578951208a3f54f53ce,0.005128205128205128,10000,132,4330000,outputs.mapping/bams.cds.rand/ERR8314767.x.s__Fimisoma sp002320005.fastq.gz,ERR8314767.x.s__Fimisoma sp002320005,ce5e5e2e,7040000,51,DNA,10000,704,True,0.8793570342182778,0.9017732753618344,0.8905651547900562,0.9017732753618344,True,2,3563,4340,d__Bacteria;p__Bacillota;c__Clostridia;o__Lachnospirales;f__Lachnospiraceae;g__CALZKI01;s__CALZKI01 sp945787995
10000,0.0014204545454545455,0.004048582995951417,0.0014204545454545455,0.0002304147465437788,1.0,1.0,0.0,/group/ctbrowngrp5/sourmash-db.new/gtdb-rs226/gtdb-rs226-k51.dna.rocksdb,GCF_034103145.1 Negativibacillus massiliensis,b96580a7e37409e9237effb0265c3dac,0.004048582995951417,10000,133,4320000,outputs.mapping/bams.cds.rand/ERR8314767.x.s__Fimisoma sp002320005.fastq.gz,ERR8314767.x.s__Fimisoma sp002320005,ce5e5e2e,7040000,51,DNA,10000,704,True,0.8793570342182778,0.8976031612871362,0.888480097752707,0.8976031612871362,True,1,3564,4340,d__Bacteria;p__Bacillota;c__Clostridia;o__Oscillospirales;f__Ruminococcaceae;g__Negativibacillus;s__Negativibacillus massiliensis
10000,0.0014204545454545455,0.007874015748031496,0.0014204545454545455,0.0002304147465437788,1.0,1.0,0.0,/group/ctbrowngrp5/sourmash-db.new/gtdb-rs226/gtdb-rs226-k51.dna.rocksdb,GCA_934149295.1 uncultured Bacilli bacterium,f68973ab8e2d89821fcf6f1085458f19,0.007874015748031496,10000,134,4310000,outputs.mapping/bams.cds.rand/ERR8314767.x.s__Fimisoma sp002320005.fastq.gz,ERR8314767.x.s__Fimisoma sp002320005,ce5e5e2e,7040000,51,DNA,10000,704,True,0.8793570342182778,0.9093874295165494,0.8943722318674137,0.9093874295165494,True,1,3565,4340,d__Bacteria;p__Bacillota;c__Bacilli;o__RF39;f__UBA660;g__CAG-877;s__CAG-877 sp934167665
10000,0.0014204545454545455,0.0048543689320388345,0.0014204545454545455,0.0004608294930875576,2.0,2.0,0.0,/group/ctbrowngrp5/sourmash-db.new/gtdb-rs226/gtdb-rs226-k51.dna.rocksdb,GCA_021769525.1 Oscillospiraceae bacterium,91c6adff67162c778bbba3c3bfb8a7ce,0.0048543689320388345,10000,135,4300000,outputs.mapping/bams.cds.rand/ERR8314767.x.s__Fimisoma sp002320005.fastq.gz,ERR8314767.x.s__Fimisoma sp002320005,ce5e5e2e,7040000,51,DNA,10000,704,True,0.8793570342182778,0.900803478377785,0.8900802562980314,0.900803478377785,True,2,3567,4340,d__Bacteria;p__Bacillota;c__Clostridia;o__Oscillospirales;f__Ruminococcaceae;g__Angelakisella;s__Angelakisella sp021769525
10000,0.0014204545454545455,0.006172839506172839,0.0014204545454545455,0.0002304147465437788,1.0,1.0,0.0,/group/ctbrowngrp5/sourmash-db.new/gtdb-rs226/gtdb-rs226-k51.dna.rocksdb,GCA_900546585.1 uncultured Lactobacillus sp.,6da76f5d6dffa445c81006a2322351c1,0.006172839506172839,10000,136,4290000,outputs.mapping/bams.cds.rand/ERR8314767.x.s__Fimisoma sp002320005.fastq.gz,ERR8314767.x.s__Fimisoma sp002320005,ce5e5e2e,7040000,51,DNA,10000,704,True,0.8793570342182778,0.9050575095049318,0.8922072718616048,0.9050575095049318,True,1,3568,4340,d__Bacteria;p__Bacillota;c__Bacilli;o__Lactobacillales;f__Lactobacillaceae;g__Lactobacillus;s__Lactobacillus absianus
10000,0.0014204545454545455,0.003937007874015748,0.0014204545454545455,0.0002304147465437788,1.0,1.0,0.0,/group/ctbrowngrp5/sourmash-db.new/gtdb-rs226/gtdb-rs226-k51.dna.rocksdb,GCA_029219845.1 Roseburia porci,bfc5c94b3f4b31d04b5ebfd98c031235,0.003937007874015748,10000,137,4280000,outputs.mapping/bams.cds.rand/ERR8314767.x.s__Fimisoma sp002320005.fastq.gz,ERR8314767.x.s__Fimisoma sp002320005,ce5e5e2e,7040000,51,DNA,10000,704,True,0.8793570342182778,0.8971114459123445,0.8882342400653112,0.8971114459123445,True,1,3569,4340,d__Bacteria;p__Bacillota;c__Clostridia;o__Lachnospirales;f__Lachnospiraceae;g__Roseburia_A;s__Roseburia_A porci
20000,0.002840909090909091,0.004672897196261682,0.0014204545454545455,0.0002304147465437788,1.0,1.0,0.0,/group/ctbrowngrp5/sourmash-db.new/gtdb-rs226/gtdb-rs226-k51.dna.rocksdb,GCA_958447185.1 uncultured Eubacteriales bacterium,1c429281ef67c33f88d0e9a24bb68c97,0.009345794392523364,10000,138,4270000,outputs.mapping/bams.cds.rand/ERR8314767.x.s__Fimisoma sp002320005.fastq.gz,ERR8314767.x.s__Fimisoma sp002320005,ce5e5e2e,7040000,51,DNA,10000,704,True,0.8913900682225732,0.9124480790702567,0.9019190736464149,0.9124480790702567,True,1,3570,4340,d__Bacteria;p__Bacillota;c__Clostridia;o__Christensenellales;f__CAG-138;g__Phil1;s__Phil1 sp001940855
10000,0.0014204545454545455,0.006134969325153374,0.0014204545454545455,0.0002304147465437788,1.0,1.0,0.0,/group/ctbrowngrp5/sourmash-db.new/gtdb-rs226/gtdb-rs226-k51.dna.rocksdb,GCA_029100805.1 Eubacteriales bacterium,12fe8b6824e9dc3d7b4e2ca622c6e2f7,0.006134969325153374,10000,139,4260000,outputs.mapping/bams.cds.rand/ERR8314767.x.s__Fimisoma sp002320005.fastq.gz,ERR8314767.x.s__Fimisoma sp002320005,ce5e5e2e,7040000,51,DNA,10000,704,True,0.8793570342182778,0.9049483082061326,0.8921526712122052,0.9049483082061326,True,1,3571,4340,d__Bacteria;p__Bacillota;c__Clostridia;o__Oscillospirales;f__Acutalibacteraceae;g__Eubacterium_R;s__Eubacterium_R sp945980375
10000,0.0014204545454545455,0.004424778761061947,0.0014204545454545455,0.0002304147465437788,1.0,1.0,0.0,/group/ctbrowngrp5/sourmash-db.new/gtdb-rs226/gtdb-rs226-k51.dna.rocksdb,GCA_037362225.1 Faecalibacterium prausnitzii,23d6d7e848c325999477012143ee1311,0.004424778761061947,10000,140,4250000,outputs.mapping/bams.cds.rand/ERR8314767.x.s__Fimisoma sp002320005.fastq.gz,ERR8314767.x.s__Fimisoma sp002320005,ce5e5e2e,7040000,51,DNA,10000,704,True,0.8793570342182778,0.8991683485884662,0.889262691403372,0.8991683485884662,True,1,3572,4340,d__Bacteria;p__Bacillota;c__Clostridia;o__Oscillospirales;f__Ruminococcaceae;g__Faecalibacterium;s__Faecalibacterium prausnitzii_F
10000,0.0014204545454545455,0.004739336492890996,0.0014204545454545455,0.0002304147465437788,1.0,1.0,0.0,/group/ctbrowngrp5/sourmash-db.new/gtdb-rs226/gtdb-rs226-k51.dna.rocksdb,GCF_034169645.1 Vescimonas sp.,23a6faf57e5aa7e10ed0719cd43e613c,0.004739336492890996,10000,141,4240000,outputs.mapping/bams.cds.rand/ERR8314767.x.s__Fimisoma sp002320005.fastq.gz,ERR8314767.x.s__Fimisoma sp002320005,ce5e5e2e,7040000,51,DNA,10000,704,True,0.8793570342182778,0.900379988990409,0.8898685116043434,0.900379988990409,True,1,3573,4340,d__Bacteria;p__Bacillota;c__Clostridia;o__Oscillospirales;f__Oscillospiraceae;g__Vescimonas;s__Vescimonas sp003487665
10000,0.0014204545454545455,0.003703703703703704,0.0014204545454545455,0.0002304147465437788,1.0,1.0,0.0,/group/ctbrowngrp5/sourmash-db.new/gtdb-rs226/gtdb-rs226-k51.dna.rocksdb,GCA_905202885.1 Oscillospiraceae bacterium,94dcb938f3f1831b73b6d298114588e1,0.003703703703703704,10000,142,4230000,outputs.mapping/bams.cds.rand/ERR8314767.x.s__Fimisoma sp002320005.fastq.gz,ERR8314767.x.s__Fimisoma sp002320005,ce5e5e2e,7040000,51,DNA,10000,704,True,0.8793570342182778,0.8960375310174413,0.8876972826178595,0.8960375310174413,True,1,3574,4340,d__Bacteria;p__Bacillota;c__Clostridia;o__Oscillospirales;f__Oscillospiraceae;g__Lawsonibacter;s__Lawsonibacter sp000177015
10000,0.0014204545454545455,0.004219409282700422,0.0014204545454545455,0.0004608294930875576,2.0,2.0,0.0,/group/ctbrowngrp5/sourmash-db.new/gtdb-rs226/gtdb-rs226-k51.dna.rocksdb,GCA_945918495.1 uncultured bacterium,faa5552ec667430f3d033d3fcb198a54,0.004219409282700422,10000,143,4220000,outputs.mapping/bams.cds.rand/ERR8314767.x.s__Fimisoma sp002320005.fastq.gz,ERR8314767.x.s__Fimisoma sp002320005,ce5e5e2e,7040000,51,DNA,10000,704,True,0.8793570342182778,0.898330834887376,0.888843934552827,0.898330834887376,True,2,3576,4340,d__Bacteria;p__Bacteroidota;c__Bacteroidia;o__Bacteroidales;f__Bacteroidaceae;g__Alloprevotella;s__Alloprevotella sp945869305
10000,0.0014204545454545455,0.002967359050445104,0.0014204545454545455,0.0032258064516129032,14.0,14.0,0.0,/group/ctbrowngrp5/sourmash-db.new/gtdb-rs226/gtdb-rs226-k51.dna.rocksdb,GCA_016283525.1 Bacteroidaceae bacterium,d12059035904732adb34be3c16eec6d4,0.002967359050445104,10000,144,4210000,outputs.mapping/bams.cds.rand/ERR8314767.x.s__Fimisoma sp002320005.fastq.gz,ERR8314767.x.s__Fimisoma sp002320005,ce5e5e2e,7040000,51,DNA,10000,704,True,0.8793570342182778,0.8921515398170204,0.8857542870176491,0.8921515398170204,True,14,3590,4340,d__Bacteria;p__Bacteroidota;c__Bacteroidia;o__Bacteroidales;f__Bacteroidaceae;g__Ga6A1;s__Ga6A1 sp900102385
10000,0.0014204545454545455,0.0044444444444444444,0.0014204545454545455,0.0016129032258064516,7.0,7.0,0.0,/group/ctbrowngrp5/sourmash-db.new/gtdb-rs226/gtdb-rs226-k51.dna.rocksdb,GCA_022770055.1 Lachnospiraceae bacterium,27aefc7879e18cb970a16685f1ff0a10,0.0044444444444444444,10000,145,4200000,outputs.mapping/bams.cds.rand/ERR8314767.x.s__Fimisoma sp002320005.fastq.gz,ERR8314767.x.s__Fimisoma sp002320005,ce5e5e2e,7040000,51,DNA,10000,704,True,0.8793570342182778,0.8992465372686094,0.8893017857434435,0.8992465372686094,True,7,3597,4340,d__Bacteria;p__Bacillota;c__Clostridia;o__Lachnospirales;f__Lachnospiraceae;g__UBA2882;s__UBA2882 sp900317505
10000,0.0014204545454545455,0.005291005291005291,0.0014204545454545455,0.0002304147465437788,1.0,1.0,0.0,/group/ctbrowngrp5/sourmash-db.new/gtdb-rs226/gtdb-rs226-k51.dna.rocksdb,GCA_900761225.1 Candidatus Gastranaerophilales bacterium,58431ffbfe3d8223e935457e2fb18ba2,0.005291005291005291,10000,146,4190000,outputs.mapping/bams.cds.rand/ERR8314767.x.s__Fimisoma sp002320005.fastq.gz,ERR8314767.x.s__Fimisoma sp002320005,ce5e5e2e,7040000,51,DNA,10000,704,True,0.8793570342182778,0.9023260468401526,0.8908415405292152,0.9023260468401526,True,1,3598,4340,d__Bacteria;p__Cyanobacteriota;c__Vampirovibrionia;o__Gastranaerophilales;f__Gastranaerophilaceae;g__Stercorousia;s__Stercorousia sp900761225
10000,0.0014204545454545455,0.0035211267605633804,0.0014204545454545455,0.001152073732718894,5.0,5.0,0.0,/group/ctbrowngrp5/sourmash-db.new/gtdb-rs226/gtdb-rs226-k51.dna.rocksdb,GCF_018917435.1 Intestinibacter bartlettii,06a1e298df7ab81906158273d3a2b850,0.0035211267605633804,10000,147,4180000,outputs.mapping/bams.cds.rand/ERR8314767.x.s__Fimisoma sp002320005.fastq.gz,ERR8314767.x.s__Fimisoma sp002320005,ce5e5e2e,7040000,51,DNA,10000,704,True,0.8793570342182778,0.8951497996982114,0.8872534169582447,0.8951497996982114,True,5,3603,4340,d__Bacteria;p__Bacillota;c__Clostridia;o__Peptostreptococcales;f__Peptostreptococcaceae;g__Intestinibacter;s__Intestinibacter bartlettii_A
10000,0.0014204545454545455,0.004366812227074236,0.0014204545454545455,0.0002304147465437788,1.0,1.0,0.0,/group/ctbrowngrp5/sourmash-db.new/gtdb-rs226/gtdb-rs226-k51.dna.rocksdb,GCA_034176335.1 Lachnospira sp.,bd05c1e2c7cdb2f8ebe5a222882e370a,0.004366812227074236,10000,148,4170000,outputs.mapping/bams.cds.rand/ERR8314767.x.s__Fimisoma sp002320005.fastq.gz,ERR8314767.x.s__Fimisoma sp002320005,ce5e5e2e,7040000,51,DNA,10000,704,True,0.8793570342182778,0.8989358818428389,0.8891464580305584,0.8989358818428389,True,1,3604,4340,d__Bacteria;p__Bacillota;c__Clostridia;o__Lachnospirales;f__Lachnospiraceae;g__Lachnospira;s__Lachnospira sp945648485
10000,0.0014204545454545455,0.0038022813688212928,0.0014204545454545455,0.0002304147465437788,1.0,1.0,0.0,/group/ctbrowngrp5/sourmash-db.new/gtdb-rs226/gtdb-rs226-k51.dna.rocksdb,GCA_034113125.1 Candidatus Limivicinus sp.,61b25877af3739e651c6e873cfa2a74f,0.0038022813688212928,10000,149,4160000,outputs.mapping/bams.cds.rand/ERR8314767.x.s__Fimisoma sp002320005.fastq.gz,ERR8314767.x.s__Fimisoma sp002320005,ce5e5e2e,7040000,51,DNA,10000,704,True,0.8793570342182778,0.896499160640959,0.8879280974296184,0.896499160640959,True,1,3605,4340,d__Bacteria;p__Bacillota;c__Clostridia;o__Oscillospirales;f__Oscillospiraceae;g__Limivicinus;s__Limivicinus sp946061515
10000,0.0014204545454545455,0.002890173410404624,0.0014204545454545455,0.0002304147465437788,1.0,1.0,0.0,/group/ctbrowngrp5/sourmash-db.new/gtdb-rs226/gtdb-rs226-k51.dna.rocksdb,GCA_021771755.1 Lachnospiraceae bacterium,f2a63443a4c73b9fe05252039614e9ef,0.002890173410404624,10000,150,4150000,outputs.mapping/bams.cds.rand/ERR8314767.x.s__Fimisoma sp002320005.fastq.gz,ERR8314767.x.s__Fimisoma sp002320005,ce5e5e2e,7040000,51,DNA,10000,704,True,0.8793570342182778,0.8916906117221329,0.8855238229702054,0.8916906117221329,True,1,3606,4340,d__Bacteria;p__Bacillota;c__Clostridia;o__Lachnospirales;f__Lachnospiraceae;g__Blautia_A;s__Blautia_A sp021771755
10000,0.0014204545454545455,0.003875968992248062,0.0014204545454545455,0.0002304147465437788,1.0,1.0,0.0,/group/ctbrowngrp5/sourmash-db.new/gtdb-rs226/gtdb-rs226-k51.dna.rocksdb,GCA_934670195.1 uncultured Clostridia bacterium,69bfc00e0e08b155bbf27eb3be622253,0.003875968992248062,10000,151,4140000,outputs.mapping/bams.cds.rand/ERR8314767.x.s__Fimisoma sp002320005.fastq.gz,ERR8314767.x.s__Fimisoma sp002320005,ce5e5e2e,7040000,51,DNA,10000,704,True,0.8793570342182778,0.8968366321005671,0.8880968331594224,0.8968366321005671,True,1,3607,4340,d__Bacteria;p__Bacillota;c__Clostridia;o__Christensenellales;f__Aristaeellaceae;g__CAKUFI01;s__CAKUFI01 sp934647305
10000,0.0014204545454545455,0.0035714285714285713,0.0014204545454545455,0.0002304147465437788,1.0,1.0,0.0,/group/ctbrowngrp5/sourmash-db.new/gtdb-rs226/gtdb-rs226-k51.dna.rocksdb,GCA_022777745.1 Negativibacillus massiliensis,5357d98884e734fe99062314c746090b,0.0035714285714285713,10000,152,4130000,outputs.mapping/bams.cds.rand/ERR8314767.x.s__Fimisoma sp002320005.fastq.gz,ERR8314767.x.s__Fimisoma sp002320005,ce5e5e2e,7040000,51,DNA,10000,704,True,0.8793570342182778,0.8953988024255913,0.8873779183219346,0.8953988024255913,True,1,3608,4340,d__Bacteria;p__Bacillota;c__Clostridia;o__Oscillospirales;f__Ruminococcaceae;g__Negativibacillus;s__Negativibacillus massiliensis
30000,0.004261363636363636,0.0033444816053511705,0.0014204545454545455,0.0002304147465437788,1.0,1.0,0.0,/group/ctbrowngrp5/sourmash-db.new/gtdb-rs226/gtdb-rs226-k51.dna.rocksdb,GCA_032473835.1 Clostridiales bacterium,8538c4718dc01ebda71335abd4c29ece,0.010033444816053512,10000,153,4120000,outputs.mapping/bams.cds.rand/ERR8314767.x.s__Fimisoma sp002320005.fastq.gz,ERR8314767.x.s__Fimisoma sp002320005,ce5e5e2e,7040000,51,DNA,10000,704,True,0.8985051292726896,0.9137191906450144,0.906112159958852,0.9137191906450144,True,1,3609,4340,d__Bacteria;p__Bacillota;c__Clostridia;o__Oscillospirales;f__Oscillospiraceae;g__Intestinimonas;s__Intestinimonas massiliensis
10000,0.0014204545454545455,0.004608294930875576,0.0014204545454545455,0.0004608294930875576,2.0,2.0,0.0,/group/ctbrowngrp5/sourmash-db.new/gtdb-rs226/gtdb-rs226-k51.dna.rocksdb,GCA_004561455.1 bacterium,53ec677c015c1b83f30b1cf2b3f886a9,0.004608294930875576,10000,154,4110000,outputs.mapping/bams.cds.rand/ERR8314767.x.s__Fimisoma sp002320005.fastq.gz,ERR8314767.x.s__Fimisoma sp002320005,ce5e5e2e,7040000,51,DNA,10000,704,True,0.8793570342182778,0.8998851063638268,0.8896210702910523,0.8998851063638268,True,2,3611,4340,d__Bacteria;p__Bacteroidota;c__Bacteroidia;o__Bacteroidales;f__Paludibacteraceae;g__Aphodosoma;s__Aphodosoma sp900769035
20000,0.002840909090909091,0.007462686567164179,0.0014204545454545455,0.0002304147465437788,1.0,1.0,0.0,/group/ctbrowngrp5/sourmash-db.new/gtdb-rs226/gtdb-rs226-k51.dna.rocksdb,GCA_041336775.1 Faecalibacterium prausnitzii,70e9e52b75c7e8c6efa1c46278362f6e,0.014925373134328358,10000,155,4100000,outputs.mapping/bams.cds.rand/ERR8314767.x.s__Fimisoma sp002320005.fastq.gz,ERR8314767.x.s__Fimisoma sp002320005,ce5e5e2e,7040000,51,DNA,10000,704,True,0.8913900682225732,0.9208621268632012,0.9061260975428872,0.9208621268632012,True,1,3612,4340,d__Bacteria;p__Bacillota;c__Clostridia;o__Oscillospirales;f__Ruminococcaceae;g__Faecalibacterium;s__Faecalibacterium prausnitzii_E
10000,0.0014204545454545455,0.005847953216374269,0.0014204545454545455,0.0009216589861751152,4.0,4.0,0.0,/group/ctbrowngrp5/sourmash-db.new/gtdb-rs226/gtdb-rs226-k51.dna.rocksdb,GCA_029219805.1 Coriobacteriaceae bacterium,3ebdf4e1b33e22fa104a3ecac7212b59,0.005847953216374269,10000,156,4090000,outputs.mapping/bams.cds.rand/ERR8314767.x.s__Fimisoma sp002320005.fastq.gz,ERR8314767.x.s__Fimisoma sp002320005,ce5e5e2e,7040000,51,DNA,10000,704,True,0.8793570342182778,0.9040985288120411,0.8917277815151594,0.9040985288120411,True,4,3616,4340,d__Bacteria;p__Actinomycetota;c__Coriobacteriia;o__Coriobacteriales;f__QAMH01;g__W2P13-069;s__W2P13-069 sp004553405
10000,0.0014204545454545455,0.007633587786259542,0.0014204545454545455,0.0002304147465437788,1.0,1.0,0.0,/group/ctbrowngrp5/sourmash-db.new/gtdb-rs226/gtdb-rs226-k51.dna.rocksdb,GCA_023403375.1 Bacillota bacterium,f475eb9ff2920219ac26395a368fd1cb,0.007633587786259542,10000,157,4080000,outputs.mapping/bams.cds.rand/ERR8314767.x.s__Fimisoma sp002320005.fastq.gz,ERR8314767.x.s__Fimisoma sp002320005,ce5e5e2e,7040000,51,DNA,10000,704,True,0.8793570342182778,0.908834650149845,0.8940958421840615,0.908834650149845,True,1,3617,4340,d__Bacteria;p__Bacillota;c__Clostridia;o__Christensenellales;f__Borkfalkiaceae;g__UBA1259;s__UBA1259 sp023403375
10000,0.0014204545454545455,0.003215434083601286,0.0014204545454545455,0.0013824884792626728,6.0,6.0,0.0,/group/ctbrowngrp5/sourmash-db.new/gtdb-rs226/gtdb-rs226-k51.dna.rocksdb,GCA_029225125.1 Lachnospiraceae bacterium,966aee4a17f8ec5bc72372fdc2c474ca,0.003215434083601286,10000,158,4070000,outputs.mapping/bams.cds.rand/ERR8314767.x.s__Fimisoma sp002320005.fastq.gz,ERR8314767.x.s__Fimisoma sp002320005,ce5e5e2e,7040000,51,DNA,10000,704,True,0.8793570342182778,0.8935571727127903,0.8864571034655341,0.8935571727127903,True,6,3623,4340,d__Bacteria;p__Bacillota;c__Clostridia;o__Lachnospirales;f__Lachnospiraceae;g__UBA2882;s__UBA2882 sp945919795
10000,0.0014204545454545455,0.005780346820809248,0.0014204545454545455,0.0002304147465437788,1.0,1.0,0.0,/group/ctbrowngrp5/sourmash-db.new/gtdb-rs226/gtdb-rs226-k51.dna.rocksdb,GCA_004562585.1 bacterium,e59f4e5dd538a5d615e0d739f47845de,0.005780346820809248,10000,159,4060000,outputs.mapping/bams.cds.rand/ERR8314767.x.s__Fimisoma sp002320005.fastq.gz,ERR8314767.x.s__Fimisoma sp002320005,ce5e5e2e,7040000,51,DNA,10000,704,True,0.8793570342182778,0.9038924171716131,0.8916247256949454,0.9038924171716131,True,1,3624,4340,d__Bacteria;p__Bacillota;c__Clostridia;o__Oscillospirales;f__Oscillospiraceae;g__Limivicinus;s__Limivicinus sp900549645
10000,0.0014204545454545455,0.0036231884057971015,0.0014204545454545455,0.0002304147465437788,1.0,1.0,0.0,/group/ctbrowngrp5/sourmash-db.new/gtdb-rs226/gtdb-rs226-k51.dna.rocksdb,GCA_021152625.1 Lachnospiraceae bacterium,2516836f7415aa33fbfa22e1f80c4db4,0.0036231884057971015,10000,160,4050000,outputs.mapping/bams.cds.rand/ERR8314767.x.s__Fimisoma sp002320005.fastq.gz,ERR8314767.x.s__Fimisoma sp002320005,ce5e5e2e,7040000,51,DNA,10000,704,True,0.8793570342182778,0.8956514588158029,0.8875042465170404,0.8956514588158029,True,1,3625,4340,d__Bacteria;p__Bacillota;c__Clostridia;o__Lachnospirales;f__Lachnospiraceae;g__Acetatifactor;s__Acetatifactor sp016293615
40000,0.005681818181818182,0.0027624309392265192,0.0014204545454545455,0.0002304147465437788,1.0,1.0,0.0,/group/ctbrowngrp5/sourmash-db.new/gtdb-rs226/gtdb-rs226-k51.dna.rocksdb,GCF_015552275.1 Holdemania sp. 1001302B_160321_E10,91fa4ed59f9ea1df24e0e2923f8728d8,0.011049723756906077,10000,161,4040000,outputs.mapping/bams.cds.rand/ERR8314767.x.s__Fimisoma sp002320005.fastq.gz,ERR8314767.x.s__Fimisoma sp002320005,ce5e5e2e,7040000,51,DNA,10000,704,True,0.9035877610647627,0.9154493941301495,0.9095185775974561,0.9154493941301495,True,1,3626,4340,d__Bacteria;p__Bacillota;c__Bacilli;o__Erysipelotrichales;f__Erysipelotrichaceae;g__Holdemania;s__Holdemania sp900120005
20000,0.002840909090909091,0.0017543859649122807,0.0014204545454545455,0.0009216589861751152,4.0,4.0,0.0,/group/ctbrowngrp5/sourmash-db.new/gtdb-rs226/gtdb-rs226-k51.dna.rocksdb,GCF_001940505.1 Serratia marcescens,012b0879bf954fd8e1e39652173822a9,0.0035087719298245615,10000,162,4030000,outputs.mapping/bams.cds.rand/ERR8314767.x.s__Fimisoma sp002320005.fastq.gz,ERR8314767.x.s__Fimisoma sp002320005,ce5e5e2e,7040000,51,DNA,10000,704,True,0.8913900682225732,0.8950881077119309,0.893239087967252,0.8950881077119309,True,4,3630,4340,d__Bacteria;p__Pseudomonadota;c__Gammaproteobacteria;o__Enterobacterales;f__Enterobacteriaceae;g__Serratia;s__Serratia nematodiphila
40000,0.005681818181818182,0.003787878787878788,0.0014204545454545455,0.0002304147465437788,1.0,1.0,0.0,/group/ctbrowngrp5/sourmash-db.new/gtdb-rs226/gtdb-rs226-k51.dna.rocksdb,GCF_000765235.1 Oscillibacter sp. ER4,b86d494b379656b1b7a7b4d8bf763e29,0.015151515151515152,10000,163,4020000,outputs.mapping/bams.cds.rand/ERR8314767.x.s__Fimisoma sp002320005.fastq.gz,ERR8314767.x.s__Fimisoma sp002320005,ce5e5e2e,7040000,51,DNA,10000,704,True,0.9035877610647627,0.9211336926184823,0.9123607268416225,0.9211336926184823,True,1,3631,4340,d__Bacteria;p__Bacillota;c__Clostridia;o__Oscillospirales;f__Oscillospiraceae;g__Hominicoprocola;s__Hominicoprocola fusiformis
10000,0.0014204545454545455,0.00392156862745098,0.0014204545454545455,0.0002304147465437788,1.0,1.0,0.0,/group/ctbrowngrp5/sourmash-db.new/gtdb-rs226/gtdb-rs226-k51.dna.rocksdb,GCA_902788765.1 uncultured Erysipelotrichaceae bacterium,253b39ae42ac8002f4768f76d659e3a2,0.00392156862745098,10000,164,4010000,outputs.mapping/bams.cds.rand/ERR8314767.x.s__Fimisoma sp002320005.fastq.gz,ERR8314767.x.s__Fimisoma sp002320005,ce5e5e2e,7040000,51,DNA,10000,704,True,0.8793570342182778,0.8970423309200757,0.8881996825691767,0.8970423309200757,True,1,3632,4340,d__Bacteria;p__Bacillota;c__Bacilli;o__Erysipelotrichales;f__Coprobacillaceae;g__Intestinibaculum;s__Intestinibaculum porci
10000,0.0014204545454545455,0.0044444444444444444,0.0014204545454545455,0.004608294930875576,20.0,20.0,0.0,/group/ctbrowngrp5/sourmash-db.new/gtdb-rs226/gtdb-rs226-k51.dna.rocksdb,GCA_937989685.1 uncultured Prevotella sp.,a8e9194f48c1a5fd8ef1add8fae6b79c,0.0044444444444444444,10000,165,4000000,outputs.mapping/bams.cds.rand/ERR8314767.x.s__Fimisoma sp002320005.fastq.gz,ERR8314767.x.s__Fimisoma sp002320005,ce5e5e2e,7040000,51,DNA,10000,704,True,0.8793570342182778,0.8992465372686094,0.8893017857434435,0.8992465372686094,True,20,3652,4340,d__Bacteria;p__Bacteroidota;c__Bacteroidia;o__Bacteroidales;f__Bacteroidaceae;g__Prevotella;s__Prevotella sp900771975
10000,0.0014204545454545455,0.006666666666666667,0.0014204545454545455,0.0002304147465437788,1.0,1.0,0.0,/group/ctbrowngrp5/sourmash-db.new/gtdb-rs226/gtdb-rs226-k51.dna.rocksdb,GCA_947072145.1 uncultured Clostridia bacterium,9e07afaef4477443108ef519bc8338a6,0.006666666666666667,10000,166,3990000,outputs.mapping/bams.cds.rand/ERR8314767.x.s__Fimisoma sp002320005.fastq.gz,ERR8314767.x.s__Fimisoma sp002320005,ce5e5e2e,7040000,51,DNA,10000,704,True,0.8793570342182778,0.9064243085270774,0.8928906713726776,0.9064243085270774,True,1,3653,4340,d__Bacteria;p__Bacillota;c__Clostridia;o__Oscillospirales;f__Oscillospiraceae;g__Oscillibacter;s__Oscillibacter sp945862785
10000,0.0014204545454545455,0.004219409282700422,0.0014204545454545455,0.0004608294930875576,2.0,2.0,0.0,/group/ctbrowngrp5/sourmash-db.new/gtdb-rs226/gtdb-rs226-k51.dna.rocksdb,GCA_022786065.1 Lachnobacterium sp.,ceaa93bad278361f69aa5699fc0f8f44,0.004219409282700422,10000,167,3980000,outputs.mapping/bams.cds.rand/ERR8314767.x.s__Fimisoma sp002320005.fastq.gz,ERR8314767.x.s__Fimisoma sp002320005,ce5e5e2e,7040000,51,DNA,10000,704,True,0.8793570342182778,0.898330834887376,0.888843934552827,0.898330834887376,True,2,3655,4340,d__Bacteria;p__Bacillota;c__Clostridia;o__Lachnospirales;f__Lachnospiraceae;g__Agathobacter;s__Agathobacter sp900549895
10000,0.0014204545454545455,0.00392156862745098,0.0014204545454545455,0.0018433179723502304,8.0,8.0,0.0,/group/ctbrowngrp5/sourmash-db.new/gtdb-rs226/gtdb-rs226-k51.dna.rocksdb,GCF_033488895.1 Mitsuokella jalaludinii,3c244018b31ba4bfa6b4bcfd7b7002f1,0.00392156862745098,10000,168,3970000,outputs.mapping/bams.cds.rand/ERR8314767.x.s__Fimisoma sp002320005.fastq.gz,ERR8314767.x.s__Fimisoma sp002320005,ce5e5e2e,7040000,51,DNA,10000,704,True,0.8793570342182778,0.8970423309200757,0.8881996825691767,0.8970423309200757,True,8,3663,4340,d__Bacteria;p__Bacillota;c__Negativicutes;o__Selenomonadales;f__Selenomonadaceae;g__Mitsuokella;s__Mitsuokella jalaludinii
30000,0.004261363636363636,0.004694835680751174,0.0014204545454545455,0.0002304147465437788,1.0,1.0,0.0,/group/ctbrowngrp5/sourmash-db.new/gtdb-rs226/gtdb-rs226-k51.dna.rocksdb,GCA_034088845.1 Oscillospiraceae bacterium,8288a1d693fdfd8c903b951437e06d19,0.014084507042253521,10000,169,3960000,outputs.mapping/bams.cds.rand/ERR8314767.x.s__Fimisoma sp002320005.fastq.gz,ERR8314767.x.s__Fimisoma sp002320005,ce5e5e2e,7040000,51,DNA,10000,704,True,0.8985051292726896,0.9198156969835556,0.9091604131281226,0.9198156969835556,True,1,3664,4340,d__Bacteria;p__Bacillota;c__Clostridia;o__Oscillospirales;f__Acutalibacteraceae;g__CAG-177;s__CAG-177 sp003514385
10000,0.0014204545454545455,0.004201680672268907,0.0014204545454545455,0.0002304147465437788,1.0,1.0,0.0,/group/ctbrowngrp5/sourmash-db.new/gtdb-rs226/gtdb-rs226-k51.dna.rocksdb,GCA_018377555.1 Roseburia sp.,6c766075b182dc42261daf8389c6bf87,0.004201680672268907,10000,170,3950000,outputs.mapping/bams.cds.rand/ERR8314767.x.s__Fimisoma sp002320005.fastq.gz,ERR8314767.x.s__Fimisoma sp002320005,ce5e5e2e,7040000,51,DNA,10000,704,True,0.8793570342182778,0.8982566722388579,0.8888068532285678,0.8982566722388579,True,1,3665,4340,d__Bacteria;p__Bacillota;c__Clostridia;o__Lachnospirales;f__Lachnospiraceae;g__Roseburia_C;s__Roseburia_C amylophila
20000,0.002840909090909091,0.0035971223021582736,0.0014204545454545455,0.0002304147465437788,1.0,1.0,0.0,/group/ctbrowngrp5/sourmash-db.new/gtdb-rs226/gtdb-rs226-k51.dna.rocksdb,GCA_034099995.1 Blautia sp.,0a4199b463d6243c8c712ed01dc18db9,0.007194244604316547,10000,171,3940000,outputs.mapping/bams.cds.rand/ERR8314767.x.s__Fimisoma sp002320005.fastq.gz,ERR8314767.x.s__Fimisoma sp002320005,ce5e5e2e,7040000,51,DNA,10000,704,True,0.8913900682225732,0.9077789375722995,0.8995845028974363,0.9077789375722995,True,1,3666,4340,d__Bacteria;p__Bacillota;c__Clostridia;o__Lachnospirales;f__Lachnospiraceae;g__Blautia;s__Blautia sp022777285
10000,0.0014204545454545455,0.0035842293906810036,0.0014204545454545455,0.0002304147465437788,1.0,1.0,0.0,/group/ctbrowngrp5/sourmash-db.new/gtdb-rs226/gtdb-rs226-k51.dna.rocksdb,GCA_022777285.1 Blautia sp.,43ee762ae656d5fd432ed4634f8d6505,0.0035842293906810036,10000,172,3930000,outputs.mapping/bams.cds.rand/ERR8314767.x.s__Fimisoma sp002320005.fastq.gz,ERR8314767.x.s__Fimisoma sp002320005,ce5e5e2e,7040000,51,DNA,10000,704,True,0.8793570342182778,0.8954616198633102,0.887409327040794,0.8954616198633102,True,1,3667,4340,d__Bacteria;p__Bacillota;c__Clostridia;o__Lachnospirales;f__Lachnospiraceae;g__Blautia;s__Blautia sp022777285
10000,0.0014204545454545455,0.003676470588235294,0.0014204545454545455,0.0004608294930875576,2.0,2.0,0.0,/group/ctbrowngrp5/sourmash-db.new/gtdb-rs226/gtdb-rs226-k51.dna.rocksdb,GCA_900765955.1 Lachnospiraceae bacterium,266c27bad8011c66fac35f0e31e13b2b,0.003676470588235294,10000,173,3920000,outputs.mapping/bams.cds.rand/ERR8314767.x.s__Fimisoma sp002320005.fastq.gz,ERR8314767.x.s__Fimisoma sp002320005,ce5e5e2e,7040000,51,DNA,10000,704,True,0.8793570342182778,0.8959078766119833,0.8876324554151306,0.8959078766119833,True,2,3669,4340,d__Bacteria;p__Bacillota;c__Clostridia;o__Lachnospirales;f__Lachnospiraceae;g__Mediterraneibacter;s__Mediterraneibacter excrementipullorum
10000,0.0014204545454545455,0.003289473684210526,0.0014204545454545455,0.00391705069124424,17.0,17.0,0.0,/group/ctbrowngrp5/sourmash-db.new/gtdb-rs226/gtdb-rs226-k51.dna.rocksdb,GCA_034113565.1 Faecousia sp.,7a10c300c0f34698ff3d129eedc62947,0.003289473684210526,10000,174,3910000,outputs.mapping/bams.cds.rand/ERR8314767.x.s__Fimisoma sp002320005.fastq.gz,ERR8314767.x.s__Fimisoma sp002320005,ce5e5e2e,7040000,51,DNA,10000,704,True,0.8793570342182778,0.8939561248334033,0.8866565795258405,0.8939561248334033,True,17,3686,4340,d__Bacteria;p__Bacillota;c__Clostridia;o__Oscillospirales;f__Oscillospiraceae;g__Faecousia;s__Faecousia sp034113565
10000,0.0014204545454545455,0.005405405405405406,0.0014204545454545455,0.0004608294930875576,2.0,2.0,0.0,/group/ctbrowngrp5/sourmash-db.new/gtdb-rs226/gtdb-rs226-k51.dna.rocksdb,GCA_022779045.1 Clostridiales bacterium,4c4e8320753662a0d4f93410319d17f6,0.005405405405405406,10000,175,3900000,outputs.mapping/bams.cds.rand/ERR8314767.x.s__Fimisoma sp002320005.fastq.gz,ERR8314767.x.s__Fimisoma sp002320005,ce5e5e2e,7040000,51,DNA,10000,704,True,0.8793570342182778,0.9027045934360562,0.891030813827167,0.9027045934360562,True,2,3688,4340,d__Bacteria;p__Bacillota;c__Clostridia;o__Oscillospirales;f__Oscillospiraceae;g__Vescimonas;s__Vescimonas sp900313295
10000,0.0014204545454545455,0.006289308176100629,0.0014204545454545455,0.0002304147465437788,1.0,1.0,0.0,/group/ctbrowngrp5/sourmash-db.new/gtdb-rs226/gtdb-rs226-k51.dna.rocksdb,GCA_948669585.1 uncultured Eubacteriales bacterium,1c1d3ff9dc174c85ae5f10cb5c0af756,0.006289308176100629,10000,176,3890000,outputs.mapping/bams.cds.rand/ERR8314767.x.s__Fimisoma sp002320005.fastq.gz,ERR8314767.x.s__Fimisoma sp002320005,ce5e5e2e,7040000,51,DNA,10000,704,True,0.8793570342182778,0.9053892851119669,0.8923731596651223,0.9053892851119669,True,1,3689,4340,d__Bacteria;p__Bacillota;c__Clostridia;o__Christensenellales;f__CAG-314;g__Fimimonas;s__Fimimonas sp910586625
20000,0.002840909090909091,0.004048582995951417,0.0014204545454545455,0.0004608294930875576,2.0,2.0,0.0,/group/ctbrowngrp5/sourmash-db.new/gtdb-rs226/gtdb-rs226-k51.dna.rocksdb,GCA_021531255.1 Fournierella massiliensis,d7696a6505237ef5ed60141b28a35346,0.008097165991902834,10000,177,3880000,outputs.mapping/bams.cds.rand/ERR8314767.x.s__Fimisoma sp002320005.fastq.gz,ERR8314767.x.s__Fimisoma sp002320005,ce5e5e2e,7040000,51,DNA,10000,704,True,0.8913900682225732,0.9098858734755169,0.9006379708490451,0.9098858734755169,True,2,3691,4340,d__Bacteria;p__Bacillota;c__Clostridia;o__Oscillospirales;f__Ruminococcaceae;g__JAFBIO01;s__JAFBIO01 sp021531255
10000,0.0014204545454545455,0.006289308176100629,0.0014204545454545455,0.0006912442396313364,3.0,3.0,0.0,/group/ctbrowngrp5/sourmash-db.new/gtdb-rs226/gtdb-rs226-k51.dna.rocksdb,GCA_034086705.1 Eubacteriales bacterium,89903deee54246dba13249b5a7a994ec,0.006289308176100629,10000,178,3870000,outputs.mapping/bams.cds.rand/ERR8314767.x.s__Fimisoma sp002320005.fastq.gz,ERR8314767.x.s__Fimisoma sp002320005,ce5e5e2e,7040000,51,DNA,10000,704,True,0.8793570342182778,0.9053892851119669,0.8923731596651223,0.9053892851119669,True,3,3694,4340,d__Bacteria;p__Bacillota;c__Clostridia;o__Oscillospirales;f__CAG-272;g__UMGS1225;s__UMGS1225 sp034086705
10000,0.0014204545454545455,0.004347826086956522,0.0014204545454545455,0.0002304147465437788,1.0,1.0,0.0,/group/ctbrowngrp5/sourmash-db.new/gtdb-rs226/gtdb-rs226-k51.dna.rocksdb,GCA_945623225.1 uncultured Butyrivibrio sp.,2ac9c01314c1b3d42b85db402bd74260,0.004347826086956522,10000,179,3860000,outputs.mapping/bams.cds.rand/ERR8314767.x.s__Fimisoma sp002320005.fastq.gz,ERR8314767.x.s__Fimisoma sp002320005,ce5e5e2e,7040000,51,DNA,10000,704,True,0.8793570342182778,0.8988590824149439,0.8891080583166109,0.8988590824149439,True,1,3695,4340,d__Bacteria;p__Bacillota;c__Clostridia;o__Lachnospirales;f__Lachnospiraceae;g__Butyrivibrio_A;s__Butyrivibrio_A sp016297265
10000,0.0014204545454545455,0.005813953488372093,0.0014204545454545455,0.0002304147465437788,1.0,1.0,0.0,/group/ctbrowngrp5/sourmash-db.new/gtdb-rs226/gtdb-rs226-k51.dna.rocksdb,GCA_029007985.1 Oscillospiraceae bacterium,49f6ffb95a254c4a0fac2a4309f404e6,0.005813953488372093,10000,180,3850000,outputs.mapping/bams.cds.rand/ERR8314767.x.s__Fimisoma sp002320005.fastq.gz,ERR8314767.x.s__Fimisoma sp002320005,ce5e5e2e,7040000,51,DNA,10000,704,True,0.8793570342182778,0.903995167535116,0.8916761008766969,0.903995167535116,True,1,3696,4340,d__Bacteria;p__Bacillota;c__Clostridia;o__Oscillospirales;f__Ruminococcaceae;g__RGIG3102;s__RGIG3102 sp029007985
20000,0.002840909090909091,0.003816793893129771,0.0014204545454545455,0.0004608294930875576,2.0,2.0,0.0,/group/ctbrowngrp5/sourmash-db.new/gtdb-rs226/gtdb-rs226-k51.dna.rocksdb,GCF_002157465.1 Butyricicoccus porcorum,b8e2211de5f0390af151e33c9f4d9658,0.007633587786259542,10000,181,3840000,outputs.mapping/bams.cds.rand/ERR8314767.x.s__Fimisoma sp002320005.fastq.gz,ERR8314767.x.s__Fimisoma sp002320005,ce5e5e2e,7040000,51,DNA,10000,704,True,0.8913900682225732,0.908834650149845,0.900112359186209,0.908834650149845,True,2,3698,4340,d__Bacteria;p__Bacillota;c__Clostridia;o__Oscillospirales;f__Butyricicoccaceae;g__Butyricicoccus_A;s__Butyricicoccus_A porcorum
20000,0.002840909090909091,0.005649717514124294,0.0014204545454545455,0.0006912442396313364,3.0,3.0,0.0,/group/ctbrowngrp5/sourmash-db.new/gtdb-rs226/gtdb-rs226-k51.dna.rocksdb,GCF_022128265.1 Campylobacter jejuni,1cf2a0d7f9c812e9458693dbea54e815,0.011299435028248588,10000,182,3830000,outputs.mapping/bams.cds.rand/ERR8314767.x.s__Fimisoma sp002320005.fastq.gz,ERR8314767.x.s__Fimisoma sp002320005,ce5e5e2e,7040000,51,DNA,10000,704,True,0.8913900682225732,0.9158506157738865,0.9036203419982298,0.9158506157738865,True,3,3701,4340,d__Bacteria;p__Campylobacterota;c__Campylobacteria;o__Campylobacterales;f__Campylobacteraceae;g__Campylobacter_D;s__Campylobacter_D jejuni
20000,0.002840909090909091,0.0023148148148148147,0.0014204545454545455,0.0002304147465437788,1.0,1.0,0.0,/group/ctbrowngrp5/sourmash-db.new/gtdb-rs226/gtdb-rs226-k51.dna.rocksdb,GCA_010206225.2 Lachnospiraceae bacterium MD308,7954aa98267d81df1f39f3d0db4d6ebe,0.004629629629629629,10000,183,3820000,outputs.mapping/bams.cds.rand/ERR8314767.x.s__Fimisoma sp002320005.fastq.gz,ERR8314767.x.s__Fimisoma sp002320005,ce5e5e2e,7040000,51,DNA,10000,704,True,0.8913900682225732,0.8999666104581765,0.8956783393403749,0.8999666104581765,True,1,3702,4340,d__Bacteria;p__Bacillota;c__Clostridia;o__Lachnospirales;f__Lachnospiraceae;g__MD308;s__MD308 sp010206225
10000,0.0014204545454545455,0.003816793893129771,0.0014204545454545455,0.0002304147465437788,1.0,1.0,0.0,/group/ctbrowngrp5/sourmash-db.new/gtdb-rs226/gtdb-rs226-k51.dna.rocksdb,GCA_036310485.1 Blautia sp.,89ed8b9c381a146166bef2a1130ffe30,0.003816793893129771,10000,184,3810000,outputs.mapping/bams.cds.rand/ERR8314767.x.s__Fimisoma sp002320005.fastq.gz,ERR8314767.x.s__Fimisoma sp002320005,ce5e5e2e,7040000,51,DNA,10000,704,True,0.8793570342182778,0.8965661286132058,0.8879615814157418,0.8965661286132058,True,1,3703,4340,d__Bacteria;p__Bacillota;c__Clostridia;o__Lachnospirales;f__Lachnospiraceae;g__Blautia;s__Blautia sp900556555
10000,0.0014204545454545455,0.0035842293906810036,0.0014204545454545455,0.0004608294930875576,2.0,2.0,0.0,/group/ctbrowngrp5/sourmash-db.new/gtdb-rs226/gtdb-rs226-k51.dna.rocksdb,GCA_034174285.1 Blautia sp.,f4bf9f65dcd55146e0138d3ef07cb7e8,0.0035842293906810036,10000,185,3800000,outputs.mapping/bams.cds.rand/ERR8314767.x.s__Fimisoma sp002320005.fastq.gz,ERR8314767.x.s__Fimisoma sp002320005,ce5e5e2e,7040000,51,DNA,10000,704,True,0.8793570342182778,0.8954616198633102,0.887409327040794,0.8954616198633102,True,2,3705,4340,d__Bacteria;p__Bacillota;c__Clostridia;o__Lachnospirales;f__Lachnospiraceae;g__Blautia_A;s__Blautia_A sp022764275
40000,0.005681818181818182,0.0027397260273972603,0.0014204545454545455,0.0002304147465437788,1.0,1.0,0.0,/group/ctbrowngrp5/sourmash-db.new/gtdb-rs226/gtdb-rs226-k51.dna.rocksdb,GCA_022733115.1 Prevotella sp.,64e4f1bd86ab0db65c91b2d928ca9b17,0.010958904109589041,10000,186,3790000,outputs.mapping/bams.cds.rand/ERR8314767.x.s__Fimisoma sp002320005.fastq.gz,ERR8314767.x.s__Fimisoma sp002320005,ce5e5e2e,7040000,51,DNA,10000,704,True,0.9035877610647627,0.9153012623197974,0.90944451169228,0.9153012623197974,True,1,3706,4340,d__Bacteria;p__Bacteroidota;c__Bacteroidia;o__Bacteroidales;f__Bacteroidaceae;g__Prevotella;s__Prevotella sp934191715
30000,0.004261363636363636,0.0030864197530864196,0.0014204545454545455,0.0002304147465437788,1.0,1.0,0.0,/group/ctbrowngrp5/sourmash-db.new/gtdb-rs226/gtdb-rs226-k51.dna.rocksdb,GCA_034115705.1 Lachnospiraceae bacterium,5164d208e4d209cf107bbe1e3bd2ae80,0.009259259259259259,10000,187,3780000,outputs.mapping/bams.cds.rand/ERR8314767.x.s__Fimisoma sp002320005.fastq.gz,ERR8314767.x.s__Fimisoma sp002320005,ce5e5e2e,7040000,51,DNA,10000,704,True,0.8985051292726896,0.9122816638494313,0.9053933965610604,0.9122816638494313,True,1,3707,4340,d__Bacteria;p__Bacillota;c__Clostridia;o__Lachnospirales;f__Lachnospiraceae;g__JALFVM01;s__JALFVM01 sp022787145
10000,0.0014204545454545455,0.0040650406504065045,0.0014204545454545455,0.0006912442396313364,3.0,3.0,0.0,/group/ctbrowngrp5/sourmash-db.new/gtdb-rs226/gtdb-rs226-k51.dna.rocksdb,GCA_938001885.1 uncultured Lachnospiraceae bacterium,a67945618f3f9f32645ad8514201ccbe,0.0040650406504065045,10000,188,3770000,outputs.mapping/bams.cds.rand/ERR8314767.x.s__Fimisoma sp002320005.fastq.gz,ERR8314767.x.s__Fimisoma sp002320005,ce5e5e2e,7040000,51,DNA,10000,704,True,0.8793570342182778,0.8976745640706776,0.8885157991444776,0.8976745640706776,True,3,3710,4340,d__Bacteria;p__Bacillota;c__Clostridia;o__Lachnospirales;f__Lachnospiraceae;g__Frisingicoccus;s__Frisingicoccus caecimuris
10000,0.0014204545454545455,0.0017064846416382253,0.0014204545454545455,0.0002304147465437788,1.0,1.0,0.0,/group/ctbrowngrp5/sourmash-db.new/gtdb-rs226/gtdb-rs226-k51.dna.rocksdb,GCA_023423045.1 Bacillota bacterium,45c3e6416bb289acfa09fe6df5eb2f99,0.0017064846416382253,10000,189,3760000,outputs.mapping/bams.cds.rand/ERR8314767.x.s__Fimisoma sp002320005.fastq.gz,ERR8314767.x.s__Fimisoma sp002320005,ce5e5e2e,7040000,51,DNA,10000,704,True,0.8793570342182778,0.8825259771908615,0.8809415057045696,0.8825259771908615,True,1,3711,4340,d__Bacteria;p__Bacillota;c__Clostridia;o__Lachnospirales;f__Lachnospiraceae;g__Mobilitalea;s__Mobilitalea sp023423045
10000,0.0014204545454545455,0.003436426116838488,0.0014204545454545455,0.004608294930875576,20.0,20.0,0.0,/group/ctbrowngrp5/sourmash-db.new/gtdb-rs226/gtdb-rs226-k51.dna.rocksdb,GCF_041333095.1 Intestinibacter bartlettii,dd98e2dacbf5138c06fb57ec9ba6a71f,0.003436426116838488,10000,190,3750000,outputs.mapping/bams.cds.rand/ERR8314767.x.s__Fimisoma sp002320005.fastq.gz,ERR8314767.x.s__Fimisoma sp002320005,ce5e5e2e,7040000,51,DNA,10000,704,True,0.8793570342182778,0.8947225285960692,0.8870397814071735,0.8947225285960692,True,20,3731,4340,d__Bacteria;p__Bacillota;c__Clostridia;o__Peptostreptococcales;f__Peptostreptococcaceae;g__Intestinibacter;s__Intestinibacter bartlettii
20000,0.002840909090909091,0.003484320557491289,0.0014204545454545455,0.0006912442396313364,3.0,3.0,0.0,/group/ctbrowngrp5/sourmash-db.new/gtdb-rs226/gtdb-rs226-k51.dna.rocksdb,GCA_945830505.1 uncultured Clostridia bacterium,15e12f3e219cd71609bbc435637dc6c0,0.006968641114982578,10000,191,3740000,outputs.mapping/bams.cds.rand/ERR8314767.x.s__Fimisoma sp002320005.fastq.gz,ERR8314767.x.s__Fimisoma sp002320005,ce5e5e2e,7040000,51,DNA,10000,704,True,0.8913900682225732,0.9072120002228622,0.8993010342227177,0.9072120002228622,True,3,3734,4340,d__Bacteria;p__Bacillota;c__Clostridia;o__Oscillospirales;f__Oscillospiraceae;g__Faecousia;s__Faecousia sp945875335
20000,0.002840909090909091,0.0031446540880503146,0.0014204545454545455,0.0002304147465437788,1.0,1.0,0.0,/group/ctbrowngrp5/sourmash-db.new/gtdb-rs226/gtdb-rs226-k51.dna.rocksdb,GCA_945864145.1 uncultured Lachnospiraceae bacterium,00d9152a834a03de274d3ff6eb4175b0,0.006289308176100629,10000,192,3730000,outputs.mapping/bams.cds.rand/ERR8314767.x.s__Fimisoma sp002320005.fastq.gz,ERR8314767.x.s__Fimisoma sp002320005,ce5e5e2e,7040000,51,DNA,10000,704,True,0.8913900682225732,0.9053892851119669,0.8983896766672701,0.9053892851119669,True,1,3735,4340,d__Bacteria;p__Bacillota;c__Clostridia;o__Lachnospirales;f__Lachnospiraceae;g__COE1;s__COE1 sp945864145
40000,0.005681818181818182,0.0056179775280898875,0.0014204545454545455,0.0004608294930875576,2.0,2.0,0.0,/group/ctbrowngrp5/sourmash-db.new/gtdb-rs226/gtdb-rs226-k51.dna.rocksdb,GCA_028723225.1 Bacillota bacterium,2bb15c7c8932d068b7875280717eaf7d,0.02247191011235955,10000,193,3720000,outputs.mapping/bams.cds.rand/ERR8314767.x.s__Fimisoma sp002320005.fastq.gz,ERR8314767.x.s__Fimisoma sp002320005,ce5e5e2e,7040000,51,DNA,10000,704,True,0.9035877610647627,0.9282804742742876,0.9159341176695251,0.9282804742742876,True,2,3737,4340,d__Bacteria;p__Bacillota;c__Clostridia;o__Peptostreptococcales;f__Anaerovoracaceae;g__Fimisoma;s__Fimisoma sp002320005
20000,0.002840909090909091,0.0036101083032490976,0.0014204545454545455,0.0002304147465437788,1.0,1.0,0.0,/group/ctbrowngrp5/sourmash-db.new/gtdb-rs226/gtdb-rs226-k51.dna.rocksdb,GCA_017622875.1 Lachnospiraceae bacterium,b6ea9b9016771e340236d71ba15f1b32,0.007220216606498195,10000,194,3710000,outputs.mapping/bams.cds.rand/ERR8314767.x.s__Fimisoma sp002320005.fastq.gz,ERR8314767.x.s__Fimisoma sp002320005,ce5e5e2e,7040000,51,DNA,10000,704,True,0.8913900682225732,0.9078430825637916,0.8996165753931824,0.9078430825637916,True,1,3738,4340,d__Bacteria;p__Bacillota;c__Clostridia;o__Lachnospirales;f__Lachnospiraceae;g__HGM12587;s__HGM12587 sp017622875
20000,0.002840909090909091,0.005291005291005291,0.0014204545454545455,0.0004608294930875576,2.0,2.0,0.0,/group/ctbrowngrp5/sourmash-db.new/gtdb-rs226/gtdb-rs226-k51.dna.rocksdb,GCA_016302925.1 Bacillota bacterium,545e7b81075e7f465541b10b5a7947a2,0.010582010582010581,10000,195,3700000,outputs.mapping/bams.cds.rand/ERR8314767.x.s__Fimisoma sp002320005.fastq.gz,ERR8314767.x.s__Fimisoma sp002320005,ce5e5e2e,7040000,51,DNA,10000,704,True,0.8913900682225732,0.9146733865236761,0.9030317273731246,0.9146733865236761,True,2,3740,4340,d__Bacteria;p__Bacillota;c__Clostridia;o__Peptostreptococcales;f__Anaerovoracaceae;g__RGIG7179;s__RGIG7179 sp016302925
20000,0.002840909090909091,0.004807692307692308,0.0014204545454545455,0.002304147465437788,10.0,10.0,0.0,/group/ctbrowngrp5/sourmash-db.new/gtdb-rs226/gtdb-rs226-k51.dna.rocksdb,GCA_029218765.1 Oscillospiraceae bacterium,09c8ecef37c84b778546205a8e23a4a4,0.009615384615384616,10000,196,3690000,outputs.mapping/bams.cds.rand/ERR8314767.x.s__Fimisoma sp002320005.fastq.gz,ERR8314767.x.s__Fimisoma sp002320005,ce5e5e2e,7040000,51,DNA,10000,704,True,0.8913900682225732,0.9129570079962835,0.9021735381094284,0.9129570079962835,True,10,3750,4340,d__Bacteria;p__Bacillota;c__Clostridia;o__Oscillospirales;f__Oscillospiraceae;g__Faecousia;s__Faecousia sp017622995
10000,0.0014204545454545455,0.004484304932735426,0.0014204545454545455,0.0006912442396313364,3.0,3.0,0.0,/group/ctbrowngrp5/sourmash-db.new/gtdb-rs226/gtdb-rs226-k51.dna.rocksdb,GCA_946059305.1 uncultured Bacteroidales bacterium,30d3532c5ca297735f5b51d7709de67c,0.004484304932735426,10000,197,3680000,outputs.mapping/bams.cds.rand/ERR8314767.x.s__Fimisoma sp002320005.fastq.gz,ERR8314767.x.s__Fimisoma sp002320005,ce5e5e2e,7040000,51,DNA,10000,704,True,0.8793570342182778,0.8994039832126721,0.8893805087154749,0.8994039832126721,True,3,3753,4340,d__Bacteria;p__Bacteroidota;c__Bacteroidia;o__Bacteroidales;f__Paludibacteraceae;g__Colicola;s__Colicola sp946059305
10000,0.0014204545454545455,0.0035211267605633804,0.0014204545454545455,0.0002304147465437788,1.0,1.0,0.0,/group/ctbrowngrp5/sourmash-db.new/gtdb-rs226/gtdb-rs226-k51.dna.rocksdb,GCA_034089385.1 Agathobacter sp.,44237a4c8655014b6ae0241bc582283b,0.0035211267605633804,10000,198,3670000,outputs.mapping/bams.cds.rand/ERR8314767.x.s__Fimisoma sp002320005.fastq.gz,ERR8314767.x.s__Fimisoma sp002320005,ce5e5e2e,7040000,51,DNA,10000,704,True,0.8793570342182778,0.8951497996982114,0.8872534169582447,0.8951497996982114,True,1,3754,4340,d__Bacteria;p__Bacillota;c__Clostridia;o__Lachnospirales;f__Lachnospiraceae;g__Agathobacter;s__Agathobacter sp900548765
10000,0.0014204545454545455,0.005208333333333333,0.0014204545454545455,0.0002304147465437788,1.0,1.0,0.0,/group/ctbrowngrp5/sourmash-db.new/gtdb-rs226/gtdb-rs226-k51.dna.rocksdb,GCA_937880305.1 uncultured Clostridia bacterium,95f573b117c7d5f5dd96c1b069232eb8,0.005208333333333333,10000,199,3660000,outputs.mapping/bams.cds.rand/ERR8314767.x.s__Fimisoma sp002320005.fastq.gz,ERR8314767.x.s__Fimisoma sp002320005,ce5e5e2e,7040000,51,DNA,10000,704,True,0.8793570342182778,0.9020474594102066,0.8907022468142423,0.9020474594102066,True,1,3755,4340,d__Bacteria;p__Bacillota;c__Clostridia;o__Oscillospirales;f__Acutalibacteraceae;g__Scybalenecus;s__Scybalenecus sp900540085
10000,0.0014204545454545455,0.002173913043478261,0.0014204545454545455,0.0002304147465437788,1.0,1.0,0.0,/group/ctbrowngrp5/sourmash-db.new/gtdb-rs226/gtdb-rs226-k51.dna.rocksdb,GCF_948636115.1 uncultured Acetatifactor sp.,cc19846bc08c5bdaca4cf5a52cc21a4f,0.002173913043478261,10000,200,3650000,outputs.mapping/bams.cds.rand/ERR8314767.x.s__Fimisoma sp002320005.fastq.gz,ERR8314767.x.s__Fimisoma sp002320005,ce5e5e2e,7040000,51,DNA,10000,704,True,0.8793570342182778,0.8867252228518284,0.8830411285350531,0.8867252228518284,True,1,3756,4340,d__Bacteria;p__Bacillota;c__Clostridia;o__Lachnospirales;f__Lachnospiraceae;g__Acetatifactor;s__Acetatifactor sp910585665
10000,0.0014204545454545455,0.004807692307692308,0.0014204545454545455,0.0004608294930875576,2.0,2.0,0.0,/group/ctbrowngrp5/sourmash-db.new/gtdb-rs226/gtdb-rs226-k51.dna.rocksdb,GCA_004556665.1 Clostridiales bacterium,8f016efb1a36e1c8cecd70bb6edece7c,0.004807692307692308,10000,201,3640000,outputs.mapping/bams.cds.rand/ERR8314767.x.s__Fimisoma sp002320005.fastq.gz,ERR8314767.x.s__Fimisoma sp002320005,ce5e5e2e,7040000,51,DNA,10000,704,True,0.8793570342182778,0.9006328380135685,0.8899949361159232,0.9006328380135685,True,2,3758,4340,d__Bacteria;p__Bacillota;c__Clostridia;o__Oscillospirales;f__Oscillospiraceae;g__Apopatocola;s__Apopatocola sp004557735
10000,0.0014204545454545455,0.005319148936170213,0.0014204545454545455,0.0002304147465437788,1.0,1.0,0.0,/group/ctbrowngrp5/sourmash-db.new/gtdb-rs226/gtdb-rs226-k51.dna.rocksdb,GCA_028727785.1 Eubacteriaceae bacterium,8b7cedf423d1a6d3104f568ab5502f17,0.005319148936170213,10000,202,3630000,outputs.mapping/bams.cds.rand/ERR8314767.x.s__Fimisoma sp002320005.fastq.gz,ERR8314767.x.s__Fimisoma sp002320005,ce5e5e2e,7040000,51,DNA,10000,704,True,0.8793570342182778,0.9024199122476589,0.8908884732329684,0.9024199122476589,True,1,3759,4340,d__Bacteria;p__Bacillota;c__Clostridia;o__Peptostreptococcales;f__Anaerovoracaceae;g__Emergencia;s__Emergencia sp028727785
10000,0.0014204545454545455,0.003355704697986577,0.0014204545454545455,0.0002304147465437788,1.0,1.0,0.0,/group/ctbrowngrp5/sourmash-db.new/gtdb-rs226/gtdb-rs226-k51.dna.rocksdb,GCF_934385445.1 uncultured Eubacterium sp.,01db77a4ac6d6fd5c14846b3db09f2db,0.003355704697986577,10000,203,3620000,outputs.mapping/bams.cds.rand/ERR8314767.x.s__Fimisoma sp002320005.fastq.gz,ERR8314767.x.s__Fimisoma sp002320005,ce5e5e2e,7040000,51,DNA,10000,704,True,0.8793570342182778,0.8943056110421093,0.8868313226301936,0.8943056110421093,True,1,3760,4340,d__Bacteria;p__Bacillota;c__Clostridia;o__Lachnospirales;f__Lachnospiraceae;g__Eubacterium_G;s__Eubacterium_G ventriosum
10000,0.0014204545454545455,0.0038910505836575876,0.0014204545454545455,0.0004608294930875576,2.0,2.0,0.0,/group/ctbrowngrp5/sourmash-db.new/gtdb-rs226/gtdb-rs226-k51.dna.rocksdb,GCA_034088005.1 Blautia obeum,a4ab8f491889e708949d650b9815f8ae,0.0038910505836575876,10000,204,3610000,outputs.mapping/bams.cds.rand/ERR8314767.x.s__Fimisoma sp002320005.fastq.gz,ERR8314767.x.s__Fimisoma sp002320005,ce5e5e2e,7040000,51,DNA,10000,704,True,0.8793570342182778,0.8969049261729743,0.8881309801956261,0.8969049261729743,True,2,3762,4340,d__Bacteria;p__Bacillota;c__Clostridia;o__Lachnospirales;f__Lachnospiraceae;g__Blautia_A;s__Blautia_A obeum
10000,0.0014204545454545455,0.004132231404958678,0.0014204545454545455,0.0002304147465437788,1.0,1.0,0.0,/group/ctbrowngrp5/sourmash-db.new/gtdb-rs226/gtdb-rs226-k51.dna.rocksdb,GCA_019120395.1 Candidatus Gemmiger faecigallinarum,2f7d1040658ebfab8dcbc276c899616c,0.004132231404958678,10000,205,3600000,outputs.mapping/bams.cds.rand/ERR8314767.x.s__Fimisoma sp002320005.fastq.gz,ERR8314767.x.s__Fimisoma sp002320005,ce5e5e2e,7040000,51,DNA,10000,704,True,0.8793570342182778,0.8979631654737237,0.8886600998460008,0.8979631654737237,True,1,3763,4340,d__Bacteria;p__Bacillota;c__Clostridia;o__Oscillospirales;f__Ruminococcaceae;g__Gemmiger;s__Gemmiger faecigallinarum
20000,0.002840909090909091,0.0036496350364963502,0.0014204545454545455,0.0004608294930875576,2.0,2.0,0.0,/group/ctbrowngrp5/sourmash-db.new/gtdb-rs226/gtdb-rs226-k51.dna.rocksdb,GCA_022772675.1 Agathobacter sp.,8f5d7ecf674e7cbb3157220c0d058a15,0.0072992700729927005,10000,206,3590000,outputs.mapping/bams.cds.rand/ERR8314767.x.s__Fimisoma sp002320005.fastq.gz,ERR8314767.x.s__Fimisoma sp002320005,ce5e5e2e,7040000,51,DNA,10000,704,True,0.8913900682225732,0.908036943774764,0.8997135059986685,0.908036943774764,True,2,3765,4340,d__Bacteria;p__Bacillota;c__Clostridia;o__Lachnospirales;f__Lachnospiraceae;g__Agathobacter;s__Agathobacter sp022772675
10000,0.0014204545454545455,0.004166666666666667,0.0014204545454545455,0.0002304147465437788,1.0,1.0,0.0,/group/ctbrowngrp5/sourmash-db.new/gtdb-rs226/gtdb-rs226-k51.dna.rocksdb,GCA_946055805.1 uncultured Bacteroidales bacterium,89d71b8284d03d93e164c498eaf4d5c3,0.004166666666666667,10000,207,3580000,outputs.mapping/bams.cds.rand/ERR8314767.x.s__Fimisoma sp002320005.fastq.gz,ERR8314767.x.s__Fimisoma sp002320005,ce5e5e2e,7040000,51,DNA,10000,704,True,0.8793570342182778,0.8981092953870639,0.8887331648026708,0.8981092953870639,True,1,3766,4340,d__Bacteria;p__Bacteroidota;c__Bacteroidia;o__Bacteroidales;f__UBA932;g__Cryptobacteroides;s__Cryptobacteroides sp034089285
10000,0.0014204545454545455,0.0043859649122807015,0.0014204545454545455,0.0006912442396313364,3.0,3.0,0.0,/group/ctbrowngrp5/sourmash-db.new/gtdb-rs226/gtdb-rs226-k51.dna.rocksdb,GCA_902802515.1 uncultured Lachnospiraceae bacterium,ba67ce117a77759cb10862507a360c66,0.0043859649122807015,10000,208,3570000,outputs.mapping/bams.cds.rand/ERR8314767.x.s__Fimisoma sp002320005.fastq.gz,ERR8314767.x.s__Fimisoma sp002320005,ce5e5e2e,7040000,51,DNA,10000,704,True,0.8793570342182778,0.8990130239792933,0.8891850290987855,0.8990130239792933,True,3,3769,4340,d__Bacteria;p__Bacillota;c__Clostridia;o__Lachnospirales;f__Lachnospiraceae;g__Merdiplasma;s__Merdiplasma sp902802515
20000,0.002840909090909091,0.005076142131979695,0.0014204545454545455,0.0004608294930875576,2.0,2.0,0.0,/group/ctbrowngrp5/sourmash-db.new/gtdb-rs226/gtdb-rs226-k51.dna.rocksdb,GCA_945963155.1 uncultured Veillonellaceae bacterium,356b40004b2f6c5b30f2d12eb95c8a0f,0.01015228426395939,10000,209,3560000,outputs.mapping/bams.cds.rand/ERR8314767.x.s__Fimisoma sp002320005.fastq.gz,ERR8314767.x.s__Fimisoma sp002320005,ce5e5e2e,7040000,51,DNA,10000,704,True,0.8913900682225732,0.9139301719160373,0.9026601200693052,0.9139301719160373,True,2,3771,4340,d__Bacteria;p__Bacillota;c__Negativicutes;o__Selenomonadales;f__Selenomonadaceae;g__Anaerovibrio;s__Anaerovibrio sp900548165
10000,0.0014204545454545455,0.003424657534246575,0.0014204545454545455,0.0004608294930875576,2.0,2.0,0.0,/group/ctbrowngrp5/sourmash-db.new/gtdb-rs226/gtdb-rs226-k51.dna.rocksdb,GCA_945910395.1 uncultured Agathobacter sp.,036ce82b67b1e81f0b363a6509fbba79,0.003424657534246575,10000,210,3550000,outputs.mapping/bams.cds.rand/ERR8314767.x.s__Fimisoma sp002320005.fastq.gz,ERR8314767.x.s__Fimisoma sp002320005,ce5e5e2e,7040000,51,DNA,10000,704,True,0.8793570342182778,0.8946623467567137,0.8870096904874958,0.8946623467567137,True,2,3773,4340,d__Bacteria;p__Bacillota;c__Clostridia;o__Lachnospirales;f__Lachnospiraceae;g__Agathobacter;s__Agathobacter sp945910395
