intersect_bp,f_orig_query,f_match,f_unique_to_query,f_unique_weighted,average_abund,median_abund,std_abund,filename,name,md5,f_match_orig,unique_intersect_bp,gather_result_rank,remaining_bp,query_filename,query_name,query_md5,query_bp,ksize,moltype,scaled,query_n_hashes,query_abundance,query_containment_ani,match_containment_ani,average_containment_ani,max_containment_ani,potential_false_negative,n_unique_weighted_found,sum_weighted_found,total_weighted_hashes,lineage
540000,0.059602649006622516,0.16666666666666666,0.059602649006622516,0.030145867098865478,1.7222222222222223,1.0,1.296957503325417,/group/ctbrowngrp5/sourmash-db.new/gtdb-rs226/gtdb-rs226-k51.dna.rocksdb,GCA_034115705.1 Lachnospiraceae bacterium,5164d208e4d209cf107bbe1e3bd2ae80,0.16666666666666666,540000,0,8520000,outputs.mapping/bams.cds.rand/SRR11125497.x.s__JALFVM01 sp022787145.fastq.gz,SRR11125497.x.s__JALFVM01 sp022787145,cfe9c72e,9060000,51,DNA,10000,906,True,0.9462057856700352,0.9654774447364233,0.9558416152032292,0.9654774447364233,False,93,93,3085,d__Bacteria;p__Bacillota;c__Clostridia;o__Lachnospirales;f__Lachnospiraceae;g__JALFVM01;s__JALFVM01 sp022787145
410000,0.04525386313465784,0.11357340720221606,0.04525386313465784,0.12058346839546191,9.073170731707316,6.0,15.300869166930799,/group/ctbrowngrp5/sourmash-db.new/gtdb-rs226/gtdb-rs226-k51.dna.rocksdb,GCF_022773175.1 Blautia sp.,c0d5f5a2ddcc47af637d94899fac95d6,0.11357340720221606,410000,1,8110000,outputs.mapping/bams.cds.rand/SRR11125497.x.s__JALFVM01 sp022787145.fastq.gz,SRR11125497.x.s__JALFVM01 sp022787145,cfe9c72e,9060000,51,DNA,10000,906,True,0.9411098242430498,0.958243788665549,0.9496768064542994,0.958243788665549,False,372,465,3085,d__Bacteria;p__Bacillota;c__Clostridia;o__Lachnospirales;f__Lachnospiraceae;g__Blautia_A;s__Blautia_A sp018919065
300000,0.033112582781456956,0.07575757575757576,0.033112582781456956,0.04473257698541329,4.6,2.0,7.0502955020812195,/group/ctbrowngrp5/sourmash-db.new/gtdb-rs226/gtdb-rs226-k51.dna.rocksdb,GCF_900066085.1 uncultured Blautia sp.,7cfc254989ab673bcb64052dbc7a9171,0.07575757575757576,300000,2,7810000,outputs.mapping/bams.cds.rand/SRR11125497.x.s__JALFVM01 sp022787145.fastq.gz,SRR11125497.x.s__JALFVM01 sp022787145,cfe9c72e,9060000,51,DNA,10000,906,True,0.935363149520906,0.9506660004979842,0.9430145750094452,0.9506660004979842,False,138,603,3085,d__Bacteria;p__Bacillota;c__Clostridia;o__Lachnospirales;f__Lachnospiraceae;g__Blautia_A;s__Blautia_A sp900066205
250000,0.02759381898454746,0.07407407407407407,0.024282560706401765,0.06515397082658023,9.136363636363637,3.5,11.802524593359657,/group/ctbrowngrp5/sourmash-db.new/gtdb-rs226/gtdb-rs226-k51.dna.rocksdb,GCF_009696065.1 Oliverpabstia intestinalis,73677b2e91ab00f52564bad2dbf630bb,0.08417508417508418,220000,3,7590000,outputs.mapping/bams.cds.rand/SRR11125497.x.s__JALFVM01 sp022787145.fastq.gz,SRR11125497.x.s__JALFVM01 sp022787145,cfe9c72e,9060000,51,DNA,10000,906,True,0.9320252593322578,0.9526320043010719,0.9423286318166648,0.9526320043010719,False,201,804,3085,d__Bacteria;p__Bacillota;c__Clostridia;o__Lachnospirales;f__Lachnospiraceae;g__Oliverpabstia;s__Oliverpabstia intestinalis
210000,0.023178807947019868,0.06209150326797386,0.02097130242825607,0.017828200972447326,2.8947368421052633,2.0,1.9706994975630583,/group/ctbrowngrp5/sourmash-db.new/gtdb-rs226/gtdb-rs226-k51.dna.rocksdb,GCF_022786255.1 Blautia massiliensis (ex Durand et al. 2017),3dc72b0ac99fffc0397410b696f314e5,0.06862745098039216,190000,4,7400000,outputs.mapping/bams.cds.rand/SRR11125497.x.s__JALFVM01 sp022787145.fastq.gz,SRR11125497.x.s__JALFVM01 sp022787145,cfe9c72e,9060000,51,DNA,10000,906,True,0.9288443906018418,0.9488252481540307,0.9388348193779362,0.9488252481540307,False,55,859,3085,d__Bacteria;p__Bacillota;c__Clostridia;o__Lachnospirales;f__Lachnospiraceae;g__Blautia_A;s__Blautia_A fusiformis
210000,0.023178807947019868,0.06228373702422145,0.019867549668874173,0.05218800648298217,8.944444444444445,3.0,10.20061121383432,/group/ctbrowngrp5/sourmash-db.new/gtdb-rs226/gtdb-rs226-k51.dna.rocksdb,GCF_012843825.1 Dorea formicigenerans,071f2629301e97499cd33e1b6b44012d,0.0726643598615917,180000,5,7220000,outputs.mapping/bams.cds.rand/SRR11125497.x.s__JALFVM01 sp022787145.fastq.gz,SRR11125497.x.s__JALFVM01 sp022787145,cfe9c72e,9060000,51,DNA,10000,906,True,0.9288443906018418,0.9498892432256207,0.9393668169137313,0.9498892432256207,False,161,1020,3085,d__Bacteria;p__Bacillota;c__Clostridia;o__Lachnospirales;f__Lachnospiraceae;g__Dorea;s__Dorea formicigenerans
190000,0.02097130242825607,0.02748414376321353,0.01434878587196468,0.04376012965964344,10.384615384615385,3.0,15.284675389917444,/group/ctbrowngrp5/sourmash-db.new/gtdb-rs226/gtdb-rs226-k51.dna.rocksdb,GCF_039060295.1 Ruminococcus sp. 2227st1_E6_2227SCRN_220401,3b736584ca7d51c5e97ffcc914537695,0.040169133192389,130000,6,7090000,outputs.mapping/bams.cds.rand/SRR11125497.x.s__JALFVM01 sp022787145.fastq.gz,SRR11125497.x.s__JALFVM01 sp022787145,cfe9c72e,9060000,51,DNA,10000,906,True,0.9270233944553323,0.9389129786014937,0.932968186528413,0.9389129786014937,False,135,1155,3085,d__Bacteria;p__Bacillota;c__Clostridia;o__Lachnospirales;f__Lachnospiraceae;g__Blautia_A;s__Blautia_A faecis
250000,0.02759381898454746,0.03234501347708895,0.013245033112582781,0.020745542949756886,5.333333333333333,3.5,4.904646323187388,/group/ctbrowngrp5/sourmash-db.new/gtdb-rs226/gtdb-rs226-k51.dna.rocksdb,GCA_958454155.1 Blautia wexlerae,76076cd183b3931176f82710d9ffff2f,0.0673854447439353,120000,7,6970000,outputs.mapping/bams.cds.rand/SRR11125497.x.s__JALFVM01 sp022787145.fastq.gz,SRR11125497.x.s__JALFVM01 sp022787145,cfe9c72e,9060000,51,DNA,10000,906,True,0.9320252593322578,0.9484855258557694,0.9402553925940136,0.9484855258557694,False,64,1219,3085,d__Bacteria;p__Bacillota;c__Clostridia;o__Lachnospirales;f__Lachnospiraceae;g__Blautia_A;s__Blautia_A wexlerae
160000,0.017660044150110375,0.034782608695652174,0.013245033112582781,0.017504051863857374,4.5,1.0,4.752192476461084,/group/ctbrowngrp5/sourmash-db.new/gtdb-rs226/gtdb-rs226-k51.dna.rocksdb,GCF_964242535.1 Mediterraneibacter gnavus CC55_001C,8b944c66e21ec7eb2b3807f21dc4c203,0.0463768115942029,120000,8,6850000,outputs.mapping/bams.cds.rand/SRR11125497.x.s__JALFVM01 sp022787145.fastq.gz,SRR11125497.x.s__JALFVM01 sp022787145,cfe9c72e,9060000,51,DNA,10000,906,True,0.9239049414248676,0.9415622477672885,0.932733594596078,0.9415622477672885,False,54,1273,3085,d__Bacteria;p__Bacillota;c__Clostridia;o__Lachnospirales;f__Lachnospiraceae;g__Ruminococcus_B;s__Ruminococcus_B gnavus
130000,0.01434878587196468,0.03235294117647059,0.012141280353200883,0.020421393841166938,5.7272727272727275,1.0,12.813990288252837,/group/ctbrowngrp5/sourmash-db.new/gtdb-rs226/gtdb-rs226-k51.dna.rocksdb,GCA_001404555.1 Fusicatenibacter saccharivorans,d8a3edb6dc4d6248982f51fedc25f93b,0.03823529411764706,110000,9,6740000,outputs.mapping/bams.cds.rand/SRR11125497.x.s__JALFVM01 sp022787145.fastq.gz,SRR11125497.x.s__JALFVM01 sp022787145,cfe9c72e,9060000,51,DNA,10000,906,True,0.9201510386463515,0.9380050683150309,0.9290780534806913,0.9380050683150309,False,63,1336,3085,d__Bacteria;p__Bacillota;c__Clostridia;o__Lachnospirales;f__Lachnospiraceae;g__Fusicatenibacter;s__Fusicatenibacter saccharivorans
140000,0.01545253863134658,0.02027027027027027,0.009933774834437087,0.017179902755267422,5.888888888888889,2.0,7.217947452849651,/group/ctbrowngrp5/sourmash-db.new/gtdb-rs226/gtdb-rs226-k51.dna.rocksdb,GCF_020731525.1 Roseburia inulinivorans DSM 16841,b1e9f68d57ff5c0cb20a4cb3ad79b686,0.03153153153153153,90000,10,6650000,outputs.mapping/bams.cds.rand/SRR11125497.x.s__JALFVM01 sp022787145.fastq.gz,SRR11125497.x.s__JALFVM01 sp022787145,cfe9c72e,9060000,51,DNA,10000,906,True,0.9214890797306174,0.9344662674235421,0.9279776735770797,0.9344662674235421,False,53,1389,3085,d__Bacteria;p__Bacillota;c__Clostridia;o__Lachnospirales;f__Lachnospiraceae;g__Roseburia;s__Roseburia inulinivorans
130000,0.01434878587196468,0.022167487684729065,0.009933774834437087,0.0074554294975688815,2.5555555555555554,1.0,1.7708197167232473,/group/ctbrowngrp5/sourmash-db.new/gtdb-rs226/gtdb-rs226-k51.dna.rocksdb,GCA_004562915.1 bacterium,d96ecbfc025f2a4a4d374ec049847024,0.03201970443349754,90000,11,6560000,outputs.mapping/bams.cds.rand/SRR11125497.x.s__JALFVM01 sp022787145.fastq.gz,SRR11125497.x.s__JALFVM01 sp022787145,cfe9c72e,9060000,51,DNA,10000,906,True,0.9201510386463515,0.9347478119403184,0.927449425293335,0.9347478119403184,False,23,1412,3085,d__Bacteria;p__Bacillota;c__Clostridia;o__Lachnospirales;f__Lachnospiraceae;g__Oliverpabstia;s__Oliverpabstia sp004562915
140000,0.01545253863134658,0.023054755043227664,0.008830022075055188,0.00940032414910859,3.625,2.0,4.470388685561916,/group/ctbrowngrp5/sourmash-db.new/gtdb-rs226/gtdb-rs226-k51.dna.rocksdb,GCF_959603745.1 uncultured Blautia sp.,7390b01dbb00fe14c8b408b5ab97bed7,0.040345821325648415,80000,12,6480000,outputs.mapping/bams.cds.rand/SRR11125497.x.s__JALFVM01 sp022787145.fastq.gz,SRR11125497.x.s__JALFVM01 sp022787145,cfe9c72e,9060000,51,DNA,10000,906,True,0.9214890797306174,0.9389937830697901,0.9302414314002038,0.9389937830697901,False,29,1441,3085,d__Bacteria;p__Bacillota;c__Clostridia;o__Lachnospirales;f__Lachnospiraceae;g__Blautia_A;s__Blautia_A difficilis
120000,0.013245033112582781,0.02857142857142857,0.008830022075055188,0.005834683954619124,2.25,2.0,0.9682458365518543,/group/ctbrowngrp5/sourmash-db.new/gtdb-rs226/gtdb-rs226-k51.dna.rocksdb,GCA_946055295.1 uncultured Lachnospiraceae bacterium,f8fb263de90251262e89cbe7b29cbbba,0.04285714285714286,80000,13,6400000,outputs.mapping/bams.cds.rand/SRR11125497.x.s__JALFVM01 sp022787145.fastq.gz,SRR11125497.x.s__JALFVM01 sp022787145,cfe9c72e,9060000,51,DNA,10000,906,True,0.9187080266032169,0.9401062192963247,0.9294071229497708,0.9401062192963247,False,18,1459,3085,d__Bacteria;p__Bacillota;c__Clostridia;o__Lachnospirales;f__Lachnospiraceae;g__Suilimivivens;s__Suilimivivens sp018384375
500000,0.05518763796909492,0.025396825396825397,0.008830022075055188,0.002593192868719611,1.0,1.0,0.0,/group/ctbrowngrp5/sourmash-db.new/gtdb-rs226/gtdb-rs226-k51.dna.rocksdb,GCA_022787145.1 Lachnospiraceae bacterium,d0862086a2034a2fb11b1c8e4afd51cd,0.15873015873015872,80000,14,6320000,outputs.mapping/bams.cds.rand/SRR11125497.x.s__JALFVM01 sp022787145.fastq.gz,SRR11125497.x.s__JALFVM01 sp022787145,cfe9c72e,9060000,51,DNA,10000,906,True,0.9447790000791855,0.9645542432097057,0.9546666216444456,0.9645542432097057,False,8,1467,3085,d__Bacteria;p__Bacillota;c__Clostridia;o__Lachnospirales;f__Lachnospiraceae;g__JALFVM01;s__JALFVM01 sp022787145
120000,0.013245033112582781,0.029197080291970802,0.008830022075055188,0.005510534846029173,2.125,1.5,1.4523687548277813,/group/ctbrowngrp5/sourmash-db.new/gtdb-rs226/gtdb-rs226-k51.dna.rocksdb,GCA_034104765.1 Bariatricus sp.,5fb309ac99bb26cd210eba81e4539c8d,0.043795620437956206,80000,15,6240000,outputs.mapping/bams.cds.rand/SRR11125497.x.s__JALFVM01 sp022787145.fastq.gz,SRR11125497.x.s__JALFVM01 sp022787145,cfe9c72e,9060000,51,DNA,10000,906,True,0.9187080266032169,0.9405056003381409,0.929606813470679,0.9405056003381409,False,17,1484,3085,d__Bacteria;p__Bacillota;c__Clostridia;o__Lachnospirales;f__Lachnospiraceae;g__Bariatricus;s__Bariatricus sp004560705
250000,0.02759381898454746,0.01928374655647383,0.00772626931567329,0.00453808752025932,2.0,1.0,1.3093073414159542,/group/ctbrowngrp5/sourmash-db.new/gtdb-rs226/gtdb-rs226-k51.dna.rocksdb,GCF_900066205.1 uncultured Blautia sp.,2f76314b40fc0c69cc10a3224ec58068,0.06887052341597796,70000,16,6170000,outputs.mapping/bams.cds.rand/SRR11125497.x.s__JALFVM01 sp022787145.fastq.gz,SRR11125497.x.s__JALFVM01 sp022787145,cfe9c72e,9060000,51,DNA,10000,906,True,0.9320252593322578,0.9488910292297542,0.940458144281006,0.9488910292297542,False,14,1498,3085,d__Bacteria;p__Bacillota;c__Clostridia;o__Lachnospirales;f__Lachnospiraceae;g__Blautia_A;s__Blautia_A sp900066205
80000,0.008830022075055188,0.0374331550802139,0.00772626931567329,0.0032414910858995136,1.4285714285714286,1.0,0.4948716593053935,/group/ctbrowngrp5/sourmash-db.new/gtdb-rs226/gtdb-rs226-k51.dna.rocksdb,GCA_036302585.1 Clostridia bacterium,5e094c09ccc62669e2c4eb7279e1cfc4,0.0427807486631016,70000,17,6100000,outputs.mapping/bams.cds.rand/SRR11125497.x.s__JALFVM01 sp022787145.fastq.gz,SRR11125497.x.s__JALFVM01 sp022787145,cfe9c72e,9060000,51,DNA,10000,906,True,0.9114329833301695,0.9400733323422714,0.9257531578362205,0.9400733323422714,False,10,1508,3085,d__Bacteria;p__Bacillota;c__Clostridia;o__Peptostreptococcales;f__Anaerovoracaceae;g__Mogibacterium_A;s__Mogibacterium_A kristiansenii
110000,0.012141280353200883,0.017543859649122806,0.006622516556291391,0.003565640194489465,1.8333333333333333,1.5,1.0671873729054748,/group/ctbrowngrp5/sourmash-db.new/gtdb-rs226/gtdb-rs226-k51.dna.rocksdb,GCF_027664245.1 Blautia obeum,1a409cb82985dd9df4205a4b4bbdf6e3,0.03216374269005848,60000,18,6040000,outputs.mapping/bams.cds.rand/SRR11125497.x.s__JALFVM01 sp022787145.fastq.gz,SRR11125497.x.s__JALFVM01 sp022787145,cfe9c72e,9060000,51,DNA,10000,906,True,0.9171419501749977,0.9348300795604857,0.9259860148677417,0.9348300795604857,False,11,1519,3085,d__Bacteria;p__Bacillota;c__Clostridia;o__Lachnospirales;f__Lachnospiraceae;g__Blautia_A;s__Blautia_A obeum
80000,0.008830022075055188,0.02631578947368421,0.006622516556291391,0.00453808752025932,2.3333333333333335,1.5,1.5986105077709065,/group/ctbrowngrp5/sourmash-db.new/gtdb-rs226/gtdb-rs226-k51.dna.rocksdb,GCA_945867955.1 uncultured Clostridia bacterium,63ab50c3aef8bec83975bc071f715940,0.03508771929824561,60000,19,5980000,outputs.mapping/bams.cds.rand/SRR11125497.x.s__JALFVM01 sp022787145.fastq.gz,SRR11125497.x.s__JALFVM01 sp022787145,cfe9c72e,9060000,51,DNA,10000,906,True,0.9114329833301695,0.936426359560229,0.9239296714451992,0.936426359560229,False,14,1533,3085,d__Bacteria;p__Bacillota;c__Clostridia;o__Oscillospirales;f__Oscillospiraceae;g__Vescimonas;s__Vescimonas sp003487665
100000,0.011037527593818985,0.01643835616438356,0.006622516556291391,0.003565640194489465,1.8333333333333333,1.5,1.0671873729054748,/group/ctbrowngrp5/sourmash-db.new/gtdb-rs226/gtdb-rs226-k51.dna.rocksdb,GCA_902363695.1 Lachnospiraceae bacterium,264938c6e9b9d7d0b492f277ce4af664,0.0273972602739726,60000,20,5920000,outputs.mapping/bams.cds.rand/SRR11125497.x.s__JALFVM01 sp022787145.fastq.gz,SRR11125497.x.s__JALFVM01 sp022787145,cfe9c72e,9060000,51,DNA,10000,906,True,0.915429571053838,0.9318946245080175,0.9236620977809278,0.9318946245080175,False,11,1544,3085,d__Bacteria;p__Bacillota;c__Clostridia;o__Lachnospirales;f__Lachnospiraceae;g__Hominiventricola;s__Hominiventricola aquisgranensis
190000,0.02097130242825607,0.015873015873015872,0.006622516556291391,0.002917341977309562,1.5,1.5,0.5,/group/ctbrowngrp5/sourmash-db.new/gtdb-rs226/gtdb-rs226-k51.dna.rocksdb,GCF_040096555.1 Coprococcus intestinihominis,b0eaca5ba589f9715c39079e7665ea4d,0.05026455026455026,60000,21,5860000,outputs.mapping/bams.cds.rand/SRR11125497.x.s__JALFVM01 sp022787145.fastq.gz,SRR11125497.x.s__JALFVM01 sp022787145,cfe9c72e,9060000,51,DNA,10000,906,True,0.9270233944553323,0.9430496215463386,0.9350365080008355,0.9430496215463386,False,9,1553,3085,d__Bacteria;p__Bacillota;c__Clostridia;o__Lachnospirales;f__Lachnospiraceae;g__Coprococcus_A;s__Coprococcus_A intestinihominis
80000,0.008830022075055188,0.025423728813559324,0.006622516556291391,0.022366288492706644,11.5,6.0,11.265729744080792,/group/ctbrowngrp5/sourmash-db.new/gtdb-rs226/gtdb-rs226-k51.dna.rocksdb,GCA_022775645.1 Lachnospiraceae bacterium,737b1838efa2bfb429f3f0316c003db1,0.03389830508474576,60000,22,5800000,outputs.mapping/bams.cds.rand/SRR11125497.x.s__JALFVM01 sp022787145.fastq.gz,SRR11125497.x.s__JALFVM01 sp022787145,cfe9c72e,9060000,51,DNA,10000,906,True,0.9114329833301695,0.935793362535524,0.9236131729328467,0.935793362535524,False,69,1622,3085,d__Bacteria;p__Bacillota;c__Clostridia;o__Lachnospirales;f__Lachnospiraceae;g__UBA2868;s__UBA2868 sp004552595
90000,0.009933774834437087,0.016,0.006622516556291391,0.005834683954619124,3.0,2.0,2.516611478423583,/group/ctbrowngrp5/sourmash-db.new/gtdb-rs226/gtdb-rs226-k51.dna.rocksdb,GCA_022764165.1 Eubacterium sp.,86b632b7ed836955f537e7b9656a4752,0.024,60000,23,5740000,outputs.mapping/bams.cds.rand/SRR11125497.x.s__JALFVM01 sp022787145.fastq.gz,SRR11125497.x.s__JALFVM01 sp022787145,cfe9c72e,9060000,51,DNA,10000,906,True,0.9135403441435254,0.9294786876152396,0.9215095158793825,0.9294786876152396,False,18,1640,3085,d__Bacteria;p__Bacillota;c__Clostridia;o__Lachnospirales;f__Lachnospiraceae;g__Oliverpabstia;s__Oliverpabstia sp022764165
250000,0.02759381898454746,0.012853470437017995,0.005518763796909493,0.0032414910858995136,2.0,2.0,0.8944271909999159,/group/ctbrowngrp5/sourmash-db.new/gtdb-rs226/gtdb-rs226-k51.dna.rocksdb,GCF_015669135.1 Blautia luti,78bea0d85e17364e5740f1322a0311d4,0.06426735218508997,50000,24,5690000,outputs.mapping/bams.cds.rand/SRR11125497.x.s__JALFVM01 sp022787145.fastq.gz,SRR11125497.x.s__JALFVM01 sp022787145,cfe9c72e,9060000,51,DNA,10000,906,True,0.9320252593322578,0.9476048239061351,0.9398150416191964,0.9476048239061351,False,10,1650,3085,d__Bacteria;p__Bacillota;c__Clostridia;o__Lachnospirales;f__Lachnospiraceae;g__Blautia_A;s__Blautia_A luti
50000,0.005518763796909493,0.022026431718061675,0.005518763796909493,0.011993517017828201,7.4,5.0,5.885575587824865,/group/ctbrowngrp5/sourmash-db.new/gtdb-rs226/gtdb-rs226-k51.dna.rocksdb,GCA_003466385.1 Eubacterium sp. TM06-47,c62ade7c1f3b09886ab7ffbcb4f7284a,0.022026431718061675,50000,25,5640000,outputs.mapping/bams.cds.rand/SRR11125497.x.s__JALFVM01 sp022787145.fastq.gz,SRR11125497.x.s__JALFVM01 sp022787145,cfe9c72e,9060000,51,DNA,10000,906,True,0.9030720235000573,0.9279160971437016,0.9154940603218795,0.9279160971437016,True,37,1687,3085,d__Bacteria;p__Bacillota;c__Bacilli;o__Erysipelotrichales;f__Erysipelotrichaceae;g__Holdemanella;s__Holdemanella hominis
50000,0.005518763796909493,0.025,0.005518763796909493,0.006482982171799027,4.0,4.0,1.0954451150103321,/group/ctbrowngrp5/sourmash-db.new/gtdb-rs226/gtdb-rs226-k51.dna.rocksdb,GCA_945871235.1 uncultured Lachnospiraceae bacterium,f2a18bd1511953c83b21eafacfe0efba,0.025,50000,26,5590000,outputs.mapping/bams.cds.rand/SRR11125497.x.s__JALFVM01 sp022787145.fastq.gz,SRR11125497.x.s__JALFVM01 sp022787145,cfe9c72e,9060000,51,DNA,10000,906,True,0.9030720235000573,0.9302229692504613,0.9166474963752593,0.9302229692504613,True,20,1707,3085,d__Bacteria;p__Bacillota;c__Clostridia;o__Lachnospirales;f__Lachnospiraceae;g__Colinaster;s__Colinaster sp900766815
240000,0.026490066225165563,0.008421052631578947,0.004415011037527594,0.0019448946515397082,1.5,1.5,0.5,/group/ctbrowngrp5/sourmash-db.new/gtdb-rs226/gtdb-rs226-k51.dna.rocksdb,GCA_003479915.1 Ruminococcus sp. AM46-18,5cf0001cf5ff85a7a4fe8998694b3669,0.05052631578947368,40000,27,5550000,outputs.mapping/bams.cds.rand/SRR11125497.x.s__JALFVM01 sp022787145.fastq.gz,SRR11125497.x.s__JALFVM01 sp022787145,cfe9c72e,9060000,51,DNA,10000,906,True,0.9312795356649065,0.9431456740587096,0.9372126048618081,0.9431456740587096,False,6,1713,3085,d__Bacteria;p__Bacillota;c__Clostridia;o__Lachnospirales;f__Lachnospiraceae;g__Blautia_A;s__Blautia_A wexlerae
120000,0.013245033112582781,0.013468013468013467,0.004415011037527594,0.01620745542949757,12.5,3.5,17.153716798408443,/group/ctbrowngrp5/sourmash-db.new/gtdb-rs226/gtdb-rs226-k51.dna.rocksdb,GCF_009697165.1 Anaerobutyricum soehngenii,8fc040aa30516b54078f0701c4492cd4,0.04040404040404041,40000,28,5510000,outputs.mapping/bams.cds.rand/SRR11125497.x.s__JALFVM01 sp022787145.fastq.gz,SRR11125497.x.s__JALFVM01 sp022787145,cfe9c72e,9060000,51,DNA,10000,906,True,0.9187080266032169,0.9390203323218177,0.9288641794625173,0.9390203323218177,False,50,1763,3085,d__Bacteria;p__Bacillota;c__Clostridia;o__Lachnospirales;f__Lachnospiraceae;g__Anaerobutyricum;s__Anaerobutyricum soehngenii
160000,0.017660044150110375,0.010752688172043012,0.004415011037527594,0.0074554294975688815,5.75,2.5,5.931905258852336,/group/ctbrowngrp5/sourmash-db.new/gtdb-rs226/gtdb-rs226-k51.dna.rocksdb,GCA_004556565.1 Lachnospiraceae bacterium,edb00f169e376430fe98e2e4c3b24f96,0.043010752688172046,40000,29,5470000,outputs.mapping/bams.cds.rand/SRR11125497.x.s__JALFVM01 sp022787145.fastq.gz,SRR11125497.x.s__JALFVM01 sp022787145,cfe9c72e,9060000,51,DNA,10000,906,True,0.9239049414248676,0.9401721732195595,0.9320385573222135,0.9401721732195595,False,23,1786,3085,d__Bacteria;p__Bacillota;c__Clostridia;o__Lachnospirales;f__Lachnospiraceae;g__Schaedlerella;s__Schaedlerella sp004556565
40000,0.004415011037527594,0.015625,0.004415011037527594,0.004862236628849271,3.75,3.0,2.947456530637899,/group/ctbrowngrp5/sourmash-db.new/gtdb-rs226/gtdb-rs226-k51.dna.rocksdb,GCA_034114185.1 Lachnospiraceae bacterium,8541803e76fb869ca221a87c2b2c51f0,0.015625,40000,30,5430000,outputs.mapping/bams.cds.rand/SRR11125497.x.s__JALFVM01 sp022787145.fastq.gz,SRR11125497.x.s__JALFVM01 sp022787145,cfe9c72e,9060000,51,DNA,10000,906,True,0.8991293864290767,0.9216896409408654,0.910409513684971,0.9216896409408654,True,15,1801,3085,d__Bacteria;p__Bacillota;c__Clostridia;o__Lachnospirales;f__Lachnospiraceae;g__Maccoya;s__Maccoya sp900556645
460000,0.05077262693156733,0.014184397163120567,0.004415011037527594,0.0012965964343598054,1.0,1.0,0.0,/group/ctbrowngrp5/sourmash-db.new/gtdb-rs226/gtdb-rs226-k51.dna.rocksdb,GCA_029225525.1 Clostridiales bacterium,7730a3ee293dcb64da1f3ac4eaf4a0bf,0.16312056737588654,40000,31,5390000,outputs.mapping/bams.cds.rand/SRR11125497.x.s__JALFVM01 sp022787145.fastq.gz,SRR11125497.x.s__JALFVM01 sp022787145,cfe9c72e,9060000,51,DNA,10000,906,True,0.9432356112465765,0.9650703980944472,0.9541530046705118,0.9650703980944472,False,4,1805,3085,d__Bacteria;p__Bacillota;c__Clostridia;o__Lachnospirales;f__Lachnospiraceae;g__JALFVM01;s__JALFVM01 sp022787145
40000,0.004415011037527594,0.012307692307692308,0.004415011037527594,0.002593192868719611,2.0,1.5,1.224744871391589,/group/ctbrowngrp5/sourmash-db.new/gtdb-rs226/gtdb-rs226-k51.dna.rocksdb,GCA_029012605.1 Blautia sp.,937fbe9aaf9bb4887c631df99fb3ffe0,0.012307692307692308,40000,32,5350000,outputs.mapping/bams.cds.rand/SRR11125497.x.s__JALFVM01 sp022787145.fastq.gz,SRR11125497.x.s__JALFVM01 sp022787145,cfe9c72e,9060000,51,DNA,10000,906,True,0.8991293864290767,0.9173867916318389,0.9082580890304578,0.9173867916318389,True,8,1813,3085,d__Bacteria;p__Bacillota;c__Clostridia;o__Lachnospirales;f__Lachnospiraceae;g__Limivivens;s__Limivivens sp900066135
40000,0.004415011037527594,0.008547008547008548,0.0033112582781456954,0.0012965964343598054,1.3333333333333333,1.0,0.4714045207910317,/group/ctbrowngrp5/sourmash-db.new/gtdb-rs226/gtdb-rs226-k51.dna.rocksdb,GCA_958477215.1 Blautia obeum,fb14e840f0fef9e92edcffcab4eb6b29,0.011396011396011397,30000,33,5320000,outputs.mapping/bams.cds.rand/SRR11125497.x.s__JALFVM01 sp022787145.fastq.gz,SRR11125497.x.s__JALFVM01 sp022787145,cfe9c72e,9060000,51,DNA,10000,906,True,0.8991293864290767,0.9160034622595615,0.9075664243443191,0.9160034622595615,True,4,1817,3085,d__Bacteria;p__Bacillota;c__Clostridia;o__Lachnospirales;f__Lachnospiraceae;g__Blautia_A;s__Blautia_A sp900066355
110000,0.012141280353200883,0.006993006993006993,0.0033112582781456954,0.002917341977309562,3.0,2.0,1.4142135623730951,/group/ctbrowngrp5/sourmash-db.new/gtdb-rs226/gtdb-rs226-k51.dna.rocksdb,GCA_003464865.1 Ruminococcus sp. AF13-37,c8f8f01981fe89ce0ef31a0761164503,0.02564102564102564,30000,34,5290000,outputs.mapping/bams.cds.rand/SRR11125497.x.s__JALFVM01 sp022787145.fastq.gz,SRR11125497.x.s__JALFVM01 sp022787145,cfe9c72e,9060000,51,DNA,10000,906,True,0.9171419501749977,0.9306848722547763,0.923913411214887,0.9306848722547763,False,9,1826,3085,d__Bacteria;p__Bacillota;c__Clostridia;o__Lachnospirales;f__Lachnospiraceae;g__Blautia_A;s__Blautia_A sp003471165
30000,0.0033112582781456954,0.01507537688442211,0.0033112582781456954,0.005186385737439222,5.333333333333333,7.0,3.0912061651652345,/group/ctbrowngrp5/sourmash-db.new/gtdb-rs226/gtdb-rs226-k51.dna.rocksdb,GCA_022773345.1 Dialister sp.,e1b5e998463e90c64ed42891cd2a070a,0.01507537688442211,30000,35,5260000,outputs.mapping/bams.cds.rand/SRR11125497.x.s__JALFVM01 sp022787145.fastq.gz,SRR11125497.x.s__JALFVM01 sp022787145,cfe9c72e,9060000,51,DNA,10000,906,True,0.8940718327507637,0.9210427072727769,0.9075572700117703,0.9210427072727769,True,16,1842,3085,d__Bacteria;p__Bacillota;c__Negativicutes;o__Veillonellales;f__Dialisteraceae;g__Dialister;s__Dialister sp000434475
80000,0.008830022075055188,0.008130081300813009,0.0033112582781456954,0.00226904376012966,2.3333333333333335,2.0,1.247219128924647,/group/ctbrowngrp5/sourmash-db.new/gtdb-rs226/gtdb-rs226-k51.dna.rocksdb,GCF_020560805.1 Coprococcus catus,264ac19ce571e7c668b59e94f13b174f,0.02168021680216802,30000,36,5230000,outputs.mapping/bams.cds.rand/SRR11125497.x.s__JALFVM01 sp022787145.fastq.gz,SRR11125497.x.s__JALFVM01 sp022787145,cfe9c72e,9060000,51,DNA,10000,906,True,0.9114329833301695,0.9276278875542111,0.9195304354421903,0.9276278875542111,False,7,1849,3085,d__Bacteria;p__Bacillota;c__Clostridia;o__Lachnospirales;f__Lachnospiraceae;g__Coprococcus_A;s__Coprococcus_A intestinihominis
30000,0.0033112582781456954,0.02857142857142857,0.0033112582781456954,0.00226904376012966,2.3333333333333335,2.0,1.247219128924647,/group/ctbrowngrp5/sourmash-db.new/gtdb-rs226/gtdb-rs226-k51.dna.rocksdb,GCA_002299315.1 Faecalitalea sp. UBA637,0937cfc46a7e9ba2f7364eb98cd62baa,0.02857142857142857,30000,37,5200000,outputs.mapping/bams.cds.rand/SRR11125497.x.s__JALFVM01 sp022787145.fastq.gz,SRR11125497.x.s__JALFVM01 sp022787145,cfe9c72e,9060000,51,DNA,10000,906,True,0.8940718327507637,0.9326617285238548,0.9133667806373093,0.9326617285238548,True,7,1856,3085,d__Bacteria;p__Bacillota;c__Bacilli;o__Erysipelotrichales;f__Erysipelotrichaceae;g__Holdemanella;s__Holdemanella porci
70000,0.00772626931567329,0.008620689655172414,0.0033112582781456954,0.002917341977309562,3.0,2.0,2.160246899469287,/group/ctbrowngrp5/sourmash-db.new/gtdb-rs226/gtdb-rs226-k51.dna.rocksdb,GCA_022715405.1 Lachnospiraceae bacterium,52f1ee48996ce72c646b1b7ff91a4980,0.020114942528735632,30000,38,5170000,outputs.mapping/bams.cds.rand/SRR11125497.x.s__JALFVM01 sp022787145.fastq.gz,SRR11125497.x.s__JALFVM01 sp022787145,cfe9c72e,9060000,51,DNA,10000,906,True,0.9090497337851378,0.9262658715249827,0.9176578026550603,0.9262658715249827,False,9,1865,3085,d__Bacteria;p__Bacillota;c__Clostridia;o__Lachnospirales;f__Lachnospiraceae;g__Mediterraneibacter;s__Mediterraneibacter faecis
340000,0.037527593818984545,0.008450704225352112,0.0033112582781456954,0.007779578606158833,8.0,10.0,5.0990195135927845,/group/ctbrowngrp5/sourmash-db.new/gtdb-rs226/gtdb-rs226-k51.dna.rocksdb,GCF_034103665.1 Blautia sp.,feb8d436083d4d3ce1ba8a5398c30a0c,0.09577464788732394,30000,39,5140000,outputs.mapping/bams.cds.rand/SRR11125497.x.s__JALFVM01 sp022787145.fastq.gz,SRR11125497.x.s__JALFVM01 sp022787145,cfe9c72e,9060000,51,DNA,10000,906,True,0.9376615175257288,0.9550465077357497,0.9463540126307393,0.9550465077357497,False,24,1889,3085,d__Bacteria;p__Bacillota;c__Clostridia;o__Lachnospirales;f__Lachnospiraceae;g__Blautia_A;s__Blautia_A sp018919065
70000,0.00772626931567329,0.012048192771084338,0.0033112582781456954,0.005186385737439222,5.333333333333333,2.0,5.436502143433364,/group/ctbrowngrp5/sourmash-db.new/gtdb-rs226/gtdb-rs226-k51.dna.rocksdb,GCA_958353315.1 uncultured Butyricicoccus sp.,40b18dc3e976ec6f5bceb3caa4923d65,0.028112449799196786,30000,40,5110000,outputs.mapping/bams.cds.rand/SRR11125497.x.s__JALFVM01 sp022787145.fastq.gz,SRR11125497.x.s__JALFVM01 sp022787145,cfe9c72e,9060000,51,DNA,10000,906,True,0.9090497337851378,0.9323656154668517,0.9207076746259948,0.9323656154668517,False,16,1905,3085,d__Bacteria;p__Bacillota;c__Clostridia;o__Oscillospirales;f__Butyricicoccaceae;g__Butyricicoccus_A;s__Butyricicoccus_A intestinisimiae
30000,0.0033112582781456954,0.012,0.0033112582781456954,0.0019448946515397082,2.0,1.0,1.4142135623730951,/group/ctbrowngrp5/sourmash-db.new/gtdb-rs226/gtdb-rs226-k51.dna.rocksdb,GCA_034104805.1 Gemmiger qucibialis,858d4e9d9469f78abb13b805c7f9789b,0.012,30000,41,5080000,outputs.mapping/bams.cds.rand/SRR11125497.x.s__JALFVM01 sp022787145.fastq.gz,SRR11125497.x.s__JALFVM01 sp022787145,cfe9c72e,9060000,51,DNA,10000,906,True,0.8940718327507637,0.9169314885235516,0.9055016606371576,0.9169314885235516,True,6,1911,3085,d__Bacteria;p__Bacillota;c__Clostridia;o__Oscillospirales;f__Ruminococcaceae;g__Gemmiger;s__Gemmiger qucibialis
50000,0.005518763796909493,0.008875739644970414,0.0033112582781456954,0.00226904376012966,2.3333333333333335,2.0,1.247219128924647,/group/ctbrowngrp5/sourmash-db.new/gtdb-rs226/gtdb-rs226-k51.dna.rocksdb,GCA_022773565.1 Lachnospiraceae bacterium,22fb3c10dc1e4d51a67e4ee1e26e7869,0.014792899408284023,30000,42,5050000,outputs.mapping/bams.cds.rand/SRR11125497.x.s__JALFVM01 sp022787145.fastq.gz,SRR11125497.x.s__JALFVM01 sp022787145,cfe9c72e,9060000,51,DNA,10000,906,True,0.9030720235000573,0.9207011640553986,0.911886593777728,0.9207011640553986,True,7,1918,3085,d__Bacteria;p__Bacillota;c__Clostridia;o__Lachnospirales;f__Lachnospiraceae;g__Agathobacter;s__Agathobacter sp000434275
190000,0.02097130242825607,0.009009009009009009,0.0033112582781456954,0.0009724473257698541,1.0,1.0,0.0,/group/ctbrowngrp5/sourmash-db.new/gtdb-rs226/gtdb-rs226-k51.dna.rocksdb,GCF_013302285.1 Blautia massiliensis (ex Durand et al. 2017),34c3391168f6745db4945fcbb3e431dd,0.057057057057057055,30000,43,5020000,outputs.mapping/bams.cds.rand/SRR11125497.x.s__JALFVM01 sp022787145.fastq.gz,SRR11125497.x.s__JALFVM01 sp022787145,cfe9c72e,9060000,51,DNA,10000,906,True,0.9270233944553323,0.9453963237165338,0.9362098590859331,0.9453963237165338,False,3,1921,3085,d__Bacteria;p__Bacillota;c__Clostridia;o__Lachnospirales;f__Lachnospiraceae;g__Blautia_A;s__Blautia_A fusiformis
60000,0.006622516556291391,0.009230769230769232,0.0033112582781456954,0.004862236628849271,5.0,7.0,2.8284271247461903,/group/ctbrowngrp5/sourmash-db.new/gtdb-rs226/gtdb-rs226-k51.dna.rocksdb,GCA_034086425.1 Oliverpabstia sp.,3e5d4b4fde161cf88ed9a189925e3d4b,0.018461538461538463,30000,44,4990000,outputs.mapping/bams.cds.rand/SRR11125497.x.s__JALFVM01 sp022787145.fastq.gz,SRR11125497.x.s__JALFVM01 sp022787145,cfe9c72e,9060000,51,DNA,10000,906,True,0.9063062225914459,0.9247093581060719,0.915507790348759,0.9247093581060719,True,15,1936,3085,d__Bacteria;p__Bacillota;c__Clostridia;o__Lachnospirales;f__Lachnospiraceae;g__Oliverpabstia;s__Oliverpabstia sp022764165
70000,0.00772626931567329,0.008108108108108109,0.0033112582781456954,0.002593192868719611,2.6666666666666665,1.0,2.3570226039551585,/group/ctbrowngrp5/sourmash-db.new/gtdb-rs226/gtdb-rs226-k51.dna.rocksdb,GCF_029225965.1 Anaerobutyricum hallii,c6c0affe981e0da03f5fd38c914ef6bc,0.01891891891891892,30000,45,4960000,outputs.mapping/bams.cds.rand/SRR11125497.x.s__JALFVM01 sp022787145.fastq.gz,SRR11125497.x.s__JALFVM01 sp022787145,cfe9c72e,9060000,51,DNA,10000,906,True,0.9090497337851378,0.9251531955569195,0.9171014646710287,0.9251531955569195,False,8,1944,3085,d__Bacteria;p__Bacillota;c__Clostridia;o__Lachnospirales;f__Lachnospiraceae;g__Anaerobutyricum;s__Anaerobutyricum hallii
30000,0.0033112582781456954,0.011320754716981131,0.0033112582781456954,0.005186385737439222,5.333333333333333,6.0,3.2998316455372216,/group/ctbrowngrp5/sourmash-db.new/gtdb-rs226/gtdb-rs226-k51.dna.rocksdb,GCA_963651935.1 Akkermansia muciniphila,fb3a93174635307bc6dbe72808e319fa,0.011320754716981131,30000,46,4930000,outputs.mapping/bams.cds.rand/SRR11125497.x.s__JALFVM01 sp022787145.fastq.gz,SRR11125497.x.s__JALFVM01 sp022787145,cfe9c72e,9060000,51,DNA,10000,906,True,0.8940718327507637,0.9158844672204532,0.9049781499856084,0.9158844672204532,True,16,1960,3085,d__Bacteria;p__Bacillota;c__Clostridia;o__Lachnospirales;f__Lachnospiraceae;g__Lachnospira;s__Lachnospira rogosae
50000,0.005518763796909493,0.00949367088607595,0.0033112582781456954,0.00226904376012966,2.3333333333333335,2.0,1.247219128924647,/group/ctbrowngrp5/sourmash-db.new/gtdb-rs226/gtdb-rs226-k51.dna.rocksdb,GCA_905208305.1 Dorea longicatena,c6ff0f31cd5aa1b78e6f1d238abe8de9,0.015822784810126583,30000,47,4900000,outputs.mapping/bams.cds.rand/SRR11125497.x.s__JALFVM01 sp022787145.fastq.gz,SRR11125497.x.s__JALFVM01 sp022787145,cfe9c72e,9060000,51,DNA,10000,906,True,0.9030720235000573,0.9219169970806422,0.9124945102903498,0.9219169970806422,True,7,1967,3085,d__Bacteria;p__Bacillota;c__Clostridia;o__Lachnospirales;f__Lachnospiraceae;g__Dorea_A;s__Dorea_A longicatena
30000,0.0033112582781456954,0.012295081967213115,0.0033112582781456954,0.013290113452188007,13.666666666666666,14.0,4.4969125210773475,/group/ctbrowngrp5/sourmash-db.new/gtdb-rs226/gtdb-rs226-k51.dna.rocksdb,GCF_902362575.1 Catenibacterium mitsuokai,c152f5a66b9ecf767b94aef6757699e6,0.012295081967213115,30000,48,4870000,outputs.mapping/bams.cds.rand/SRR11125497.x.s__JALFVM01 sp022787145.fastq.gz,SRR11125497.x.s__JALFVM01 sp022787145,cfe9c72e,9060000,51,DNA,10000,906,True,0.8940718327507637,0.917368352065359,0.9057200924080614,0.917368352065359,True,41,2008,3085,d__Bacteria;p__Bacillota;c__Bacilli;o__Erysipelotrichales;f__Coprobacillaceae;g__Catenibacterium;s__Catenibacterium mitsuokai_A
50000,0.005518763796909493,0.015228426395939087,0.0033112582781456954,0.00226904376012966,2.3333333333333335,2.0,1.247219128924647,/group/ctbrowngrp5/sourmash-db.new/gtdb-rs226/gtdb-rs226-k51.dna.rocksdb,GCA_034167515.1 Lachnospiraceae bacterium,f3dc280f93a02311f43da2648bd014a9,0.025380710659898477,30000,49,4840000,outputs.mapping/bams.cds.rand/SRR11125497.x.s__JALFVM01 sp022787145.fastq.gz,SRR11125497.x.s__JALFVM01 sp022787145,cfe9c72e,9060000,51,DNA,10000,906,True,0.9030720235000573,0.930498677807649,0.9167853506538532,0.930498677807649,True,7,2015,3085,d__Bacteria;p__Bacillota;c__Clostridia;o__Lachnospirales;f__Lachnospiraceae;g__UBA2868;s__UBA2868 sp004552595
170000,0.018763796909492272,0.009868421052631578,0.0033112582781456954,0.0016207455429497568,1.6666666666666667,2.0,0.4714045207910317,/group/ctbrowngrp5/sourmash-db.new/gtdb-rs226/gtdb-rs226-k51.dna.rocksdb,GCA_905209425.1 Lachnospiraceae bacterium,681c352357635d807490ff8125723603,0.05592105263157895,30000,50,4810000,outputs.mapping/bams.cds.rand/SRR11125497.x.s__JALFVM01 sp022787145.fastq.gz,SRR11125497.x.s__JALFVM01 sp022787145,cfe9c72e,9060000,51,DNA,10000,906,True,0.9250038569491372,0.9450235987708759,0.9350137278600066,0.9450235987708759,False,5,2020,3085,d__Bacteria;p__Bacillota;c__Clostridia;o__Lachnospirales;f__Lachnospiraceae;g__Blautia_A;s__Blautia_A fusiformis
30000,0.0033112582781456954,0.007281553398058253,0.0033112582781456954,0.006807131280388979,7.0,3.0,7.118052168020874,/group/ctbrowngrp5/sourmash-db.new/gtdb-rs226/gtdb-rs226-k51.dna.rocksdb,GCF_019249725.2 Segatella hominis,69c30158745548e272ed904b9ebeed24,0.007281553398058253,30000,51,4780000,outputs.mapping/bams.cds.rand/SRR11125497.x.s__JALFVM01 sp022787145.fastq.gz,SRR11125497.x.s__JALFVM01 sp022787145,cfe9c72e,9060000,51,DNA,10000,906,True,0.8940718327507637,0.9079936771149049,0.9010327549328343,0.9079936771149049,True,21,2041,3085,d__Bacteria;p__Bacteroidota;c__Bacteroidia;o__Bacteroidales;f__Bacteroidaceae;g__Prevotella;s__Prevotella sp945863825
110000,0.012141280353200883,0.007653061224489796,0.0033112582781456954,0.012317666126418152,12.666666666666666,1.0,16.49915822768611,/group/ctbrowngrp5/sourmash-db.new/gtdb-rs226/gtdb-rs226-k51.dna.rocksdb,GCA_000225745.1 Dorea formicigenerans 4_6_53AFAA,9eaea4d3ea013e9572b36ad0c91aec90,0.02806122448979592,30000,52,4750000,outputs.mapping/bams.cds.rand/SRR11125497.x.s__JALFVM01 sp022787145.fastq.gz,SRR11125497.x.s__JALFVM01 sp022787145,cfe9c72e,9060000,51,DNA,10000,906,True,0.9171419501749977,0.9323322735793469,0.9247371118771723,0.9323322735793469,False,38,2079,3085,d__Bacteria;p__Bacillota;c__Clostridia;o__Lachnospirales;f__Lachnospiraceae;g__Dorea;s__Dorea formicigenerans
30000,0.0033112582781456954,0.012605042016806723,0.0033112582781456954,0.0009724473257698541,1.0,1.0,0.0,/group/ctbrowngrp5/sourmash-db.new/gtdb-rs226/gtdb-rs226-k51.dna.rocksdb,GCA_022772255.1 Faecalibacterium sp.,20a653e08905c968feaa8457858996cf,0.012605042016806723,30000,53,4720000,outputs.mapping/bams.cds.rand/SRR11125497.x.s__JALFVM01 sp022787145.fastq.gz,SRR11125497.x.s__JALFVM01 sp022787145,cfe9c72e,9060000,51,DNA,10000,906,True,0.8940718327507637,0.9178163089665942,0.905944070858679,0.9178163089665942,True,3,2082,3085,d__Bacteria;p__Bacillota;c__Clostridia;o__Oscillospirales;f__Ruminococcaceae;g__Faecalibacterium;s__Faecalibacterium sp003449675
30000,0.0033112582781456954,0.015384615384615385,0.002207505518763797,0.0019448946515397082,3.0,3.0,1.0,/group/ctbrowngrp5/sourmash-db.new/gtdb-rs226/gtdb-rs226-k51.dna.rocksdb,GCA_035647315.1 Oscillospiraceae bacterium,a4676e5dd4d0ddeb3a953ce1c5b88f23,0.023076923076923078,20000,54,4700000,outputs.mapping/bams.cds.rand/SRR11125497.x.s__JALFVM01 sp022787145.fastq.gz,SRR11125497.x.s__JALFVM01 sp022787145,cfe9c72e,9060000,51,DNA,10000,906,True,0.8940718327507637,0.9287641620644111,0.9114179974075874,0.9287641620644111,True,6,2088,3085,d__Bacteria;p__Bacillota;c__Clostridia;o__Saccharofermentanales;f__DTU023;g__DTU032;s__DTU032 sp012728535
20000,0.002207505518763797,0.011627906976744186,0.002207505518763797,0.002593192868719611,4.0,4.0,3.0,/group/ctbrowngrp5/sourmash-db.new/gtdb-rs226/gtdb-rs226-k51.dna.rocksdb,GCA_028720885.1 Erysipelotrichaceae bacterium,bcf97a3c7d47222a9f955c4b9467e818,0.011627906976744186,20000,55,4680000,outputs.mapping/bams.cds.rand/SRR11125497.x.s__JALFVM01 sp022787145.fastq.gz,SRR11125497.x.s__JALFVM01 sp022787145,cfe9c72e,9060000,51,DNA,10000,906,True,0.8869918779837159,0.916365347299856,0.901678612641786,0.916365347299856,True,8,2096,3085,d__Bacteria;p__Bacillota;c__Bacilli;o__Erysipelotrichales;f__Erysipelotrichaceae;g__Bulleidia;s__Bulleidia sp900539965
80000,0.008830022075055188,0.005420054200542005,0.002207505518763797,0.0016207455429497568,2.5,2.5,0.5,/group/ctbrowngrp5/sourmash-db.new/gtdb-rs226/gtdb-rs226-k51.dna.rocksdb,GCA_902364235.1 Clostridiaceae bacterium,b10dd0b114052058cb5fbad68d74b337,0.02168021680216802,20000,56,4660000,outputs.mapping/bams.cds.rand/SRR11125497.x.s__JALFVM01 sp022787145.fastq.gz,SRR11125497.x.s__JALFVM01 sp022787145,cfe9c72e,9060000,51,DNA,10000,906,True,0.9114329833301695,0.9276278875542111,0.9195304354421903,0.9276278875542111,False,5,2101,3085,d__Bacteria;p__Bacillota;c__Clostridia;o__Lachnospirales;f__Lachnospiraceae;g__Brotaphodocola;s__Brotaphodocola sp003478505
20000,0.002207505518763797,0.011299435028248588,0.002207505518763797,0.003565640194489465,5.5,5.5,4.5,/group/ctbrowngrp5/sourmash-db.new/gtdb-rs226/gtdb-rs226-k51.dna.rocksdb,GCA_037065625.1 Oscillospiraceae bacterium,52f445b881d991b85993831aad7fda83,0.011299435028248588,20000,57,4640000,outputs.mapping/bams.cds.rand/SRR11125497.x.s__JALFVM01 sp022787145.fastq.gz,SRR11125497.x.s__JALFVM01 sp022787145,cfe9c72e,9060000,51,DNA,10000,906,True,0.8869918779837159,0.9158506157738865,0.9014212468788012,0.9158506157738865,True,11,2112,3085,d__Bacteria;p__Bacillota;c__Clostridia;o__Oscillospirales;f__Oscillospiraceae;g__CAG-170;s__CAG-170 sp003516765
30000,0.0033112582781456954,0.006329113924050633,0.002207505518763797,0.00226904376012966,3.5,3.5,1.5,/group/ctbrowngrp5/sourmash-db.new/gtdb-rs226/gtdb-rs226-k51.dna.rocksdb,GCA_949458435.1 uncultured Lachnospiraceae bacterium,541afc5a18fcaba2a94f929e79bae2ed,0.00949367088607595,20000,58,4620000,outputs.mapping/bams.cds.rand/SRR11125497.x.s__JALFVM01 sp022787145.fastq.gz,SRR11125497.x.s__JALFVM01 sp022787145,cfe9c72e,9060000,51,DNA,10000,906,True,0.8940718327507637,0.9127289936735792,0.9034004132121715,0.9127289936735792,True,7,2119,3085,d__Bacteria;p__Bacillota;c__Clostridia;o__Lachnospirales;f__Lachnospiraceae;g__CAG-510;s__CAG-510 sp910578335
80000,0.008830022075055188,0.007326007326007326,0.002207505518763797,0.0009724473257698541,1.5,1.5,0.5,/group/ctbrowngrp5/sourmash-db.new/gtdb-rs226/gtdb-rs226-k51.dna.rocksdb,GCA_041331895.1 Agathobacter rectalis,ecd1a7c1527e27adb6b98b827eac76d9,0.029304029304029304,20000,59,4600000,outputs.mapping/bams.cds.rand/SRR11125497.x.s__JALFVM01 sp022787145.fastq.gz,SRR11125497.x.s__JALFVM01 sp022787145,cfe9c72e,9060000,51,DNA,10000,906,True,0.9114329833301695,0.9331248424961552,0.9222789129131623,0.9331248424961552,False,3,2122,3085,d__Bacteria;p__Bacillota;c__Clostridia;o__Lachnospirales;f__Lachnospiraceae;g__Agathobacter;s__Agathobacter rectalis
20000,0.002207505518763797,0.00904977375565611,0.002207505518763797,0.0012965964343598054,2.0,2.0,1.0,/group/ctbrowngrp5/sourmash-db.new/gtdb-rs226/gtdb-rs226-k51.dna.rocksdb,GCA_900319515.1 uncultured Eubacteriales bacterium,72dec964301bc172b22cb4986a39a5d6,0.00904977375565611,20000,60,4580000,outputs.mapping/bams.cds.rand/SRR11125497.x.s__JALFVM01 sp022787145.fastq.gz,SRR11125497.x.s__JALFVM01 sp022787145,cfe9c72e,9060000,51,DNA,10000,906,True,0.8869918779837159,0.9118724042710765,0.8994321411273962,0.9118724042710765,True,4,2126,3085,d__Bacteria;p__Bacillota;c__Clostridia;o__Lachnospirales;f__Lachnospiraceae;g__Wujia;s__Wujia hominis
120000,0.013245033112582781,0.005847953216374269,0.002207505518763797,0.0009724473257698541,1.5,1.5,0.5,/group/ctbrowngrp5/sourmash-db.new/gtdb-rs226/gtdb-rs226-k51.dna.rocksdb,GCF_964239835.1 Fusicatenibacter saccharivorans,ab1f1ec869c8a7f0ec5d0db0fa5f1b53,0.03508771929824561,20000,61,4560000,outputs.mapping/bams.cds.rand/SRR11125497.x.s__JALFVM01 sp022787145.fastq.gz,SRR11125497.x.s__JALFVM01 sp022787145,cfe9c72e,9060000,51,DNA,10000,906,True,0.9187080266032169,0.936426359560229,0.927567193081723,0.936426359560229,False,3,2129,3085,d__Bacteria;p__Bacillota;c__Clostridia;o__Lachnospirales;f__Lachnospiraceae;g__Fusicatenibacter;s__Fusicatenibacter saccharivorans
20000,0.002207505518763797,0.011111111111111112,0.002207505518763797,0.0006482982171799027,1.0,1.0,0.0,/group/ctbrowngrp5/sourmash-db.new/gtdb-rs226/gtdb-rs226-k51.dna.rocksdb,GCA_022783405.1 Faecalibacterium prausnitzii,a92ac9a02982bfc263f799515ecb8f97,0.011111111111111112,20000,62,4540000,outputs.mapping/bams.cds.rand/SRR11125497.x.s__JALFVM01 sp022787145.fastq.gz,SRR11125497.x.s__JALFVM01 sp022787145,cfe9c72e,9060000,51,DNA,10000,906,True,0.8869918779837159,0.9155488457037391,0.9012703618437274,0.9155488457037391,True,2,2131,3085,d__Bacteria;p__Bacillota;c__Clostridia;o__Oscillospirales;f__Ruminococcaceae;g__Faecalibacterium;s__Faecalibacterium duncaniae
50000,0.005518763796909493,0.006688963210702341,0.002207505518763797,0.0006482982171799027,1.0,1.0,0.0,/group/ctbrowngrp5/sourmash-db.new/gtdb-rs226/gtdb-rs226-k51.dna.rocksdb,GCA_934402205.1 uncultured Blautia sp.,c06a3b0c6571b67d8bc98c9ad33ef8f5,0.016722408026755852,20000,63,4520000,outputs.mapping/bams.cds.rand/SRR11125497.x.s__JALFVM01 sp022787145.fastq.gz,SRR11125497.x.s__JALFVM01 sp022787145,cfe9c72e,9060000,51,DNA,10000,906,True,0.9030720235000573,0.9229171618883247,0.912994592694191,0.9229171618883247,True,2,2133,3085,d__Bacteria;p__Bacillota;c__Clostridia;o__Lachnospirales;f__Lachnospiraceae;g__Blautia_A;s__Blautia_A sp934416185
30000,0.0033112582781456954,0.011494252873563218,0.002207505518763797,0.0012965964343598054,2.0,2.0,0.0,/group/ctbrowngrp5/sourmash-db.new/gtdb-rs226/gtdb-rs226-k51.dna.rocksdb,GCA_036551325.1 Clostridia bacterium,933f8ba8c7ae2fdbc98bb7cb8be0c5d6,0.017241379310344827,20000,64,4500000,outputs.mapping/bams.cds.rand/SRR11125497.x.s__JALFVM01 sp022787145.fastq.gz,SRR11125497.x.s__JALFVM01 sp022787145,cfe9c72e,9060000,51,DNA,10000,906,True,0.8940718327507637,0.9234704020446912,0.9087711173977275,0.9234704020446912,True,4,2137,3085,d__Bacteria;p__Bacillota;c__Clostridia;o__Peptostreptococcales;f__Anaerovoracaceae;g__Mogibacterium_A;s__Mogibacterium_A kristiansenii
30000,0.0033112582781456954,0.005194805194805195,0.002207505518763797,0.0009724473257698541,1.5,1.5,0.5,/group/ctbrowngrp5/sourmash-db.new/gtdb-rs226/gtdb-rs226-k51.dna.rocksdb,GCA_902781795.1 uncultured Eubacteriales bacterium,ab7dc428f108cf0c9e629fb4bf451b56,0.007792207792207792,20000,65,4480000,outputs.mapping/bams.cds.rand/SRR11125497.x.s__JALFVM01 sp022787145.fastq.gz,SRR11125497.x.s__JALFVM01 sp022787145,cfe9c72e,9060000,51,DNA,10000,906,True,0.8940718327507637,0.9092012210309538,0.9016365268908588,0.9092012210309538,True,3,2140,3085,d__Bacteria;p__Bacillota;c__Clostridia;o__Christensenellales;f__Aristaeellaceae;g__UBA2943;s__UBA2943 sp002350845
250000,0.02759381898454746,0.005376344086021506,0.002207505518763797,0.0012965964343598054,2.0,2.0,1.0,/group/ctbrowngrp5/sourmash-db.new/gtdb-rs226/gtdb-rs226-k51.dna.rocksdb,GCF_009707925.1 Blautia luti DSM 14534 = JCM 17040,1c6c4b2fe1822c673ff6fbdc03a3eda3,0.06720430107526881,20000,66,4460000,outputs.mapping/bams.cds.rand/SRR11125497.x.s__JALFVM01 sp022787145.fastq.gz,SRR11125497.x.s__JALFVM01 sp022787145,cfe9c72e,9060000,51,DNA,10000,906,True,0.9320252593322578,0.9484354658938585,0.9402303626130581,0.9484354658938585,False,4,2144,3085,d__Bacteria;p__Bacillota;c__Clostridia;o__Lachnospirales;f__Lachnospiraceae;g__Blautia_A;s__Blautia_A luti
20000,0.002207505518763797,0.008733624454148471,0.002207505518763797,0.0012965964343598054,2.0,2.0,0.0,/group/ctbrowngrp5/sourmash-db.new/gtdb-rs226/gtdb-rs226-k51.dna.rocksdb,GCA_963644675.1 Segatella copri,d9b95357afa38d402e19c70408d414e2,0.008733624454148471,20000,67,4440000,outputs.mapping/bams.cds.rand/SRR11125497.x.s__JALFVM01 sp022787145.fastq.gz,SRR11125497.x.s__JALFVM01 sp022787145,cfe9c72e,9060000,51,DNA,10000,906,True,0.8869918779837159,0.9112368308464617,0.8991143544150888,0.9112368308464617,True,4,2148,3085,d__Bacteria;p__Bacillota;c__Clostridia;o__Lachnospirales;f__Lachnospiraceae;g__Butyrivibrio_A;s__Butyrivibrio_A sp000431815
70000,0.00772626931567329,0.008888888888888889,0.002207505518763797,0.0009724473257698541,1.5,1.5,0.5,/group/ctbrowngrp5/sourmash-db.new/gtdb-rs226/gtdb-rs226-k51.dna.rocksdb,GCA_945947325.1 uncultured Blautia sp.,3f3a91167d98ce1d8e4ef8bc6d138cde,0.03111111111111111,20000,68,4420000,outputs.mapping/bams.cds.rand/SRR11125497.x.s__JALFVM01 sp022787145.fastq.gz,SRR11125497.x.s__JALFVM01 sp022787145,cfe9c72e,9060000,51,DNA,10000,906,True,0.9090497337851378,0.9342203515575012,0.9216350426713195,0.9342203515575012,False,3,2151,3085,d__Bacteria;p__Bacillota;c__Clostridia;o__Lachnospirales;f__Lachnospiraceae;g__Oliverpabstia;s__Oliverpabstia intestinalis
20000,0.002207505518763797,0.010050251256281407,0.002207505518763797,0.0006482982171799027,1.0,1.0,0.0,/group/ctbrowngrp5/sourmash-db.new/gtdb-rs226/gtdb-rs226-k51.dna.rocksdb,GCA_945829275.1 uncultured Eubacterium sp.,55d0e6494e3f5ef2ef52fda1b77fa22e,0.010050251256281407,20000,69,4400000,outputs.mapping/bams.cds.rand/SRR11125497.x.s__JALFVM01 sp022787145.fastq.gz,SRR11125497.x.s__JALFVM01 sp022787145,cfe9c72e,9060000,51,DNA,10000,906,True,0.8869918779837159,0.9137491761859651,0.9003705270848406,0.9137491761859651,True,2,2153,3085,d__Bacteria;p__Bacillota;c__Clostridia;o__Peptostreptococcales;f__Anaerovoracaceae;g__Lentihominibacter;s__Lentihominibacter sp022763735
360000,0.039735099337748346,0.005571030640668524,0.002207505518763797,0.0016207455429497568,2.5,2.5,0.5,/group/ctbrowngrp5/sourmash-db.new/gtdb-rs226/gtdb-rs226-k51.dna.rocksdb,GCF_022784915.1 Blautia sp.,813296a744f98eca3e19a0bd99b06bcd,0.10027855153203342,20000,70,4380000,outputs.mapping/bams.cds.rand/SRR11125497.x.s__JALFVM01 sp022787145.fastq.gz,SRR11125497.x.s__JALFVM01 sp022787145,cfe9c72e,9060000,51,DNA,10000,906,True,0.9387129937964204,0.9559074451686261,0.9473102194825233,0.9559074451686261,False,5,2158,3085,d__Bacteria;p__Bacillota;c__Clostridia;o__Lachnospirales;f__Lachnospiraceae;g__Blautia_A;s__Blautia_A sp018919065
60000,0.006622516556291391,0.007575757575757576,0.002207505518763797,0.0012965964343598054,2.0,2.0,0.0,/group/ctbrowngrp5/sourmash-db.new/gtdb-rs226/gtdb-rs226-k51.dna.rocksdb,GCF_000765235.1 Oscillibacter sp. ER4,b86d494b379656b1b7a7b4d8bf763e29,0.022727272727272728,20000,71,4360000,outputs.mapping/bams.cds.rand/SRR11125497.x.s__JALFVM01 sp022787145.fastq.gz,SRR11125497.x.s__JALFVM01 sp022787145,cfe9c72e,9060000,51,DNA,10000,906,True,0.9063062225914459,0.9284861667955484,0.9173961946934972,0.9284861667955484,True,4,2162,3085,d__Bacteria;p__Bacillota;c__Clostridia;o__Oscillospirales;f__Oscillospiraceae;g__Hominicoprocola;s__Hominicoprocola fusiformis
20000,0.002207505518763797,0.006191950464396285,0.002207505518763797,0.0006482982171799027,1.0,1.0,0.0,/group/ctbrowngrp5/sourmash-db.new/gtdb-rs226/gtdb-rs226-k51.dna.rocksdb,GCA_037067775.1 Gordonibacter pamelaeae,76ea7c2d57a053d3badd1bdaeef6c621,0.006191950464396285,20000,72,4340000,outputs.mapping/bams.cds.rand/SRR11125497.x.s__JALFVM01 sp022787145.fastq.gz,SRR11125497.x.s__JALFVM01 sp022787145,cfe9c72e,9060000,51,DNA,10000,906,True,0.8869918779837159,0.9051123681684023,0.8960521230760592,0.9051123681684023,True,2,2164,3085,d__Bacteria;p__Actinomycetota;c__Coriobacteriia;o__Coriobacteriales;f__Eggerthellaceae;g__Gordonibacter;s__Gordonibacter pamelaeae
80000,0.008830022075055188,0.007168458781362007,0.002207505518763797,0.006158833063209076,9.5,9.5,0.5,/group/ctbrowngrp5/sourmash-db.new/gtdb-rs226/gtdb-rs226-k51.dna.rocksdb,GCA_022777285.1 Blautia sp.,43ee762ae656d5fd432ed4634f8d6505,0.02867383512544803,20000,73,4320000,outputs.mapping/bams.cds.rand/SRR11125497.x.s__JALFVM01 sp022787145.fastq.gz,SRR11125497.x.s__JALFVM01 sp022787145,cfe9c72e,9060000,51,DNA,10000,906,True,0.9114329833301695,0.9327271601727307,0.9220800717514501,0.9327271601727307,False,19,2183,3085,d__Bacteria;p__Bacillota;c__Clostridia;o__Lachnospirales;f__Lachnospiraceae;g__Blautia;s__Blautia sp022777285
20000,0.002207505518763797,0.00554016620498615,0.002207505518763797,0.0019448946515397082,3.0,3.0,1.0,/group/ctbrowngrp5/sourmash-db.new/gtdb-rs226/gtdb-rs226-k51.dna.rocksdb,GCA_029219025.1 Oscillospiraceae bacterium,e3d6152d8a156d31257c2c4c8ca5a991,0.00554016620498615,20000,74,4300000,outputs.mapping/bams.cds.rand/SRR11125497.x.s__JALFVM01 sp022787145.fastq.gz,SRR11125497.x.s__JALFVM01 sp022787145,cfe9c72e,9060000,51,DNA,10000,906,True,0.8869918779837159,0.9031405642357614,0.8950662211097387,0.9031405642357614,True,6,2189,3085,d__Bacteria;p__Bacillota;c__Clostridia;o__Oscillospirales;f__Ruminococcaceae;g__HUN007;s__HUN007 sp016296165
150000,0.016556291390728478,0.0053475935828877,0.002207505518763797,0.0009724473257698541,1.5,1.5,0.5,/group/ctbrowngrp5/sourmash-db.new/gtdb-rs226/gtdb-rs226-k51.dna.rocksdb,GCA_902364905.1 Oscillospiraceae bacterium,2d428bcf7215a72b9123ef60802e9ec4,0.040106951871657755,20000,75,4280000,outputs.mapping/bams.cds.rand/SRR11125497.x.s__JALFVM01 sp022787145.fastq.gz,SRR11125497.x.s__JALFVM01 sp022787145,cfe9c72e,9060000,51,DNA,10000,906,True,0.9227365150251989,0.9388844584117574,0.9308104867184781,0.9388844584117574,False,3,2192,3085,d__Bacteria;p__Bacillota;c__Clostridia;o__Lachnospirales;f__Lachnospiraceae;g__Blautia_A;s__Blautia_A sp900066335
30000,0.0033112582781456954,0.007462686567164179,0.002207505518763797,0.0012965964343598054,2.0,2.0,1.0,/group/ctbrowngrp5/sourmash-db.new/gtdb-rs226/gtdb-rs226-k51.dna.rocksdb,GCA_028721245.1 Lachnospiraceae bacterium,b690bb2f0d3fb951a00a1b6e2c802787,0.011194029850746268,20000,76,4260000,outputs.mapping/bams.cds.rand/SRR11125497.x.s__JALFVM01 sp022787145.fastq.gz,SRR11125497.x.s__JALFVM01 sp022787145,cfe9c72e,9060000,51,DNA,10000,906,True,0.8940718327507637,0.9156823277072279,0.9048770802289958,0.9156823277072279,True,4,2196,3085,d__Bacteria;p__Bacillota;c__Clostridia;o__Lachnospirales;f__Lachnospiraceae;g__Choladousia;s__Choladousia sp022776305
20000,0.002207505518763797,0.006042296072507553,0.002207505518763797,0.0009724473257698541,1.5,1.5,0.5,/group/ctbrowngrp5/sourmash-db.new/gtdb-rs226/gtdb-rs226-k51.dna.rocksdb,GCA_034177655.1 Treponema sp.,cbda7da1780be02d10dc0aec272c1a07,0.006042296072507553,20000,77,4240000,outputs.mapping/bams.cds.rand/SRR11125497.x.s__JALFVM01 sp022787145.fastq.gz,SRR11125497.x.s__JALFVM01 sp022787145,cfe9c72e,9060000,51,DNA,10000,906,True,0.8869918779837159,0.9046782659018088,0.8958350719427624,0.9046782659018088,True,3,2199,3085,d__Bacteria;p__Spirochaetota;c__Spirochaetia;o__Treponematales;f__Treponemataceae;g__Treponema_D;s__Treponema_D sp022773305
60000,0.006622516556291391,0.00966183574879227,0.002207505518763797,0.0032414910858995136,5.0,5.0,3.0,/group/ctbrowngrp5/sourmash-db.new/gtdb-rs226/gtdb-rs226-k51.dna.rocksdb,GCF_023497905.1 Phascolarctobacterium succinatutens,44ca03cd188471971178a61ff5969afd,0.028985507246376812,20000,78,4220000,outputs.mapping/bams.cds.rand/SRR11125497.x.s__JALFVM01 sp022787145.fastq.gz,SRR11125497.x.s__JALFVM01 sp022787145,cfe9c72e,9060000,51,DNA,10000,906,True,0.9063062225914459,0.9329248994650923,0.919615561028269,0.9329248994650923,True,10,2209,3085,d__Bacteria;p__Bacillota;c__Negativicutes;o__Acidaminococcales;f__Acidaminococcaceae;g__Phascolarctobacterium_A;s__Phascolarctobacterium_A succinatutens
140000,0.01545253863134658,0.008403361344537815,0.002207505518763797,0.0012965964343598054,2.0,2.0,0.0,/group/ctbrowngrp5/sourmash-db.new/gtdb-rs226/gtdb-rs226-k51.dna.rocksdb,GCA_945873365.1 uncultured Ruminococcus sp.,6e39a0714701975056a23ecfb0c9e60e,0.058823529411764705,20000,79,4200000,outputs.mapping/bams.cds.rand/SRR11125497.x.s__JALFVM01 sp022787145.fastq.gz,SRR11125497.x.s__JALFVM01 sp022787145,cfe9c72e,9060000,51,DNA,10000,906,True,0.9214890797306174,0.9459616944974788,0.9337253871140481,0.9459616944974788,False,4,2213,3085,d__Bacteria;p__Bacillota;c__Clostridia;o__Lachnospirales;f__Lachnospiraceae;g__Blautia_A;s__Blautia_A sp900066205
30000,0.0033112582781456954,0.0061162079510703364,0.002207505518763797,0.0009724473257698541,1.5,1.5,0.5,/group/ctbrowngrp5/sourmash-db.new/gtdb-rs226/gtdb-rs226-k51.dna.rocksdb,GCA_021768575.1 Mediterraneibacter gnavus,dae612d4574f7d335adec12a50f5253f,0.009174311926605505,20000,80,4180000,outputs.mapping/bams.cds.rand/SRR11125497.x.s__JALFVM01 sp022787145.fastq.gz,SRR11125497.x.s__JALFVM01 sp022787145,cfe9c72e,9060000,51,DNA,10000,906,True,0.8940718327507637,0.9121168123642995,0.9030943225575316,0.9121168123642995,True,3,2216,3085,d__Bacteria;p__Bacillota;c__Clostridia;o__Lachnospirales;f__Lachnospiraceae;g__Ruminococcus_B;s__Ruminococcus_B gnavus
70000,0.00772626931567329,0.007518796992481203,0.002207505518763797,0.0012965964343598054,2.0,2.0,0.0,/group/ctbrowngrp5/sourmash-db.new/gtdb-rs226/gtdb-rs226-k51.dna.rocksdb,GCA_002299665.1 Lachnospiraceae bacterium UBA638,25ffe03a3273994669e9d1ef72a4ad72,0.02631578947368421,20000,81,4160000,outputs.mapping/bams.cds.rand/SRR11125497.x.s__JALFVM01 sp022787145.fastq.gz,SRR11125497.x.s__JALFVM01 sp022787145,cfe9c72e,9060000,51,DNA,10000,906,True,0.9090497337851378,0.9311590124456248,0.9201043731153813,0.9311590124456248,False,4,2220,3085,d__Bacteria;p__Bacillota;c__Clostridia;o__Lachnospirales;f__Lachnospiraceae;g__Roseburia_D;s__Roseburia_D sp002299665
30000,0.0033112582781456954,0.0058823529411764705,0.002207505518763797,0.0012965964343598054,2.0,2.0,1.0,/group/ctbrowngrp5/sourmash-db.new/gtdb-rs226/gtdb-rs226-k51.dna.rocksdb,GCA_028727105.1 bacterium,af0c8fd6581ad99a1e93ba01d2a67de0,0.008823529411764706,20000,82,4140000,outputs.mapping/bams.cds.rand/SRR11125497.x.s__JALFVM01 sp022787145.fastq.gz,SRR11125497.x.s__JALFVM01 sp022787145,cfe9c72e,9060000,51,DNA,10000,906,True,0.8940718327507637,0.9114198379775423,0.9027458353641531,0.9114198379775423,True,4,2224,3085,d__Bacteria;p__Bacillota;c__Clostridia;o__Lachnospirales;f__Lachnospiraceae;g__W0P33-017;s__W0P33-017 sp028727105
240000,0.026490066225165563,0.005305039787798408,0.002207505518763797,0.0016207455429497568,2.5,2.5,1.5,/group/ctbrowngrp5/sourmash-db.new/gtdb-rs226/gtdb-rs226-k51.dna.rocksdb,GCF_013301875.1 Blautia wexlerae,7dc75fbe27480068bf3b775d5335e248,0.0636604774535809,20000,83,4120000,outputs.mapping/bams.cds.rand/SRR11125497.x.s__JALFVM01 sp022787145.fastq.gz,SRR11125497.x.s__JALFVM01 sp022787145,cfe9c72e,9060000,51,DNA,10000,906,True,0.9312795356649065,0.9474285516484594,0.939354043656683,0.9474285516484594,False,5,2229,3085,d__Bacteria;p__Bacillota;c__Clostridia;o__Lachnospirales;f__Lachnospiraceae;g__Blautia_A;s__Blautia_A wexlerae
20000,0.002207505518763797,3.3099978485013984e-05,0.002207505518763797,0.007779578606158833,12.0,12.0,8.0,/group/ctbrowngrp5/sourmash-db.new/ncbi-euks-2025.01/ncbi-euks-all-2025.01-k51.dna.rocksdb,GCA_039654405.1 Bullina lineata,3bcf5dc834cf2cd4d979e94d909564c5,3.3099978485013984e-05,20000,84,4100000,outputs.mapping/bams.cds.rand/SRR11125497.x.s__JALFVM01 sp022787145.fastq.gz,SRR11125497.x.s__JALFVM01 sp022787145,cfe9c72e,9060000,51,DNA,10000,906,True,0.8869918779837159,0.8168710117249459,0.8519314448543309,0.8869918779837159,True,24,2253,3085,Eukaryota;Mollusca;Gastropoda;unclassified Gastropoda order;Bullinidae;Bullina;Bullina lineata;unclassified Bullina lineata subspecies/strain
20000,0.002207505518763797,0.002840909090909091,0.0011037527593818985,0.0006482982171799027,2.0,2.0,0.0,/group/ctbrowngrp5/sourmash-db.new/gtdb-rs226/gtdb-rs226-k51.dna.rocksdb,GCF_027697445.1 Mediterraneibacter gnavus,236040bd67007dd4d08974fe81001a8d,0.005681818181818182,10000,85,4090000,outputs.mapping/bams.cds.rand/SRR11125497.x.s__JALFVM01 sp022787145.fastq.gz,SRR11125497.x.s__JALFVM01 sp022787145,cfe9c72e,9060000,51,DNA,10000,906,True,0.8869918779837159,0.9035877610647627,0.8952898195242394,0.9035877610647627,True,2,2255,3085,d__Bacteria;p__Bacillota;c__Clostridia;o__Lachnospirales;f__Lachnospiraceae;g__Ruminococcus_B;s__Ruminococcus_B gnavus
10000,0.0011037527593818985,0.004291845493562232,0.0011037527593818985,0.0009724473257698541,3.0,3.0,0.0,/group/ctbrowngrp5/sourmash-db.new/gtdb-rs226/gtdb-rs226-k51.dna.rocksdb,GCA_937990125.1 uncultured Collinsella sp.,3704d3ea31e981f4e54d1673bc96bf60,0.004291845493562232,10000,86,4080000,outputs.mapping/bams.cds.rand/SRR11125497.x.s__JALFVM01 sp022787145.fastq.gz,SRR11125497.x.s__JALFVM01 sp022787145,cfe9c72e,9060000,51,DNA,10000,906,True,0.8750182159363092,0.8986307105512661,0.8868244632437876,0.8986307105512661,True,3,2258,3085,d__Bacteria;p__Actinomycetota;c__Coriobacteriia;o__Coriobacteriales;f__Coriobacteriaceae;g__Collinsella;s__Collinsella sp900754435
20000,0.002207505518763797,0.003861003861003861,0.0011037527593818985,0.00032414910858995135,1.0,1.0,0.0,/group/ctbrowngrp5/sourmash-db.new/gtdb-rs226/gtdb-rs226-k51.dna.rocksdb,GCA_022787605.1 Blautia glucerasea,dac65c6e7ca61b2d1cbd333f2b049c25,0.007722007722007722,10000,87,4070000,outputs.mapping/bams.cds.rand/SRR11125497.x.s__JALFVM01 sp022787145.fastq.gz,SRR11125497.x.s__JALFVM01 sp022787145,cfe9c72e,9060000,51,DNA,10000,906,True,0.8869918779837159,0.9090398996286563,0.8980158888061861,0.9090398996286563,True,1,2259,3085,d__Bacteria;p__Bacillota;c__Clostridia;o__Lachnospirales;f__Lachnospiraceae;g__Blautia_A;s__Blautia_A ammoniilytica
10000,0.0011037527593818985,0.005025125628140704,0.0011037527593818985,0.00032414910858995135,1.0,1.0,0.0,/group/ctbrowngrp5/sourmash-db.new/gtdb-rs226/gtdb-rs226-k51.dna.rocksdb,GCA_902463605.1 uncultured Ruminococcus sp.,ba87a88c97e95ed3207fcbea6a22b337,0.005025125628140704,10000,88,4060000,outputs.mapping/bams.cds.rand/SRR11125497.x.s__JALFVM01 sp022787145.fastq.gz,SRR11125497.x.s__JALFVM01 sp022787145,cfe9c72e,9060000,51,DNA,10000,906,True,0.8750182159363092,0.9014143125831353,0.8882162642597222,0.9014143125831353,True,1,2260,3085,d__Bacteria;p__Bacillota;c__Clostridia;o__Lachnospirales;f__Lachnospiraceae;g__Mediterraneibacter;s__Mediterraneibacter sp934309415
90000,0.009933774834437087,0.0047169811320754715,0.0011037527593818985,0.0006482982171799027,2.0,2.0,0.0,/group/ctbrowngrp5/sourmash-db.new/gtdb-rs226/gtdb-rs226-k51.dna.rocksdb,GCA_945829825.1 uncultured Ruminococcus sp.,61cc2b338ccadeddf7bcaaca7e41ad49,0.04245283018867924,10000,89,4050000,outputs.mapping/bams.cds.rand/SRR11125497.x.s__JALFVM01 sp022787145.fastq.gz,SRR11125497.x.s__JALFVM01 sp022787145,cfe9c72e,9060000,51,DNA,10000,906,True,0.9135403441435254,0.9399315095296078,0.9267359268365666,0.9399315095296078,False,2,2262,3085,d__Bacteria;p__Bacillota;c__Clostridia;o__Lachnospirales;f__Lachnospiraceae;g__Blautia_A;s__Blautia_A difficilis
10000,0.0011037527593818985,0.0035335689045936395,0.0011037527593818985,0.0006482982171799027,2.0,2.0,0.0,/group/ctbrowngrp5/sourmash-db.new/gtdb-rs226/gtdb-rs226-k51.dna.rocksdb,GCA_029008875.1 Lachnospiraceae bacterium,025225a51598f0553c15472e72087e0c,0.0035335689045936395,10000,90,4040000,outputs.mapping/bams.cds.rand/SRR11125497.x.s__JALFVM01 sp022787145.fastq.gz,SRR11125497.x.s__JALFVM01 sp022787145,cfe9c72e,9060000,51,DNA,10000,906,True,0.8750182159363092,0.8952117135678687,0.885114964752089,0.8952117135678687,True,2,2264,3085,d__Bacteria;p__Bacillota;c__Clostridia;o__Lachnospirales;f__Lachnospiraceae;g__Agathobacter;s__Agathobacter sp029008875
40000,0.004415011037527594,0.0053475935828877,0.0011037527593818985,0.00032414910858995135,1.0,1.0,0.0,/group/ctbrowngrp5/sourmash-db.new/gtdb-rs226/gtdb-rs226-k51.dna.rocksdb,GCF_022465435.1 Campylobacter coli,78f40d71a5059a0b295cbf656366d268,0.0213903743315508,10000,91,4030000,outputs.mapping/bams.cds.rand/SRR11125497.x.s__JALFVM01 sp022787145.fastq.gz,SRR11125497.x.s__JALFVM01 sp022787145,cfe9c72e,9060000,51,DNA,10000,906,True,0.8991293864290767,0.9273831142459876,0.9132562503375321,0.9273831142459876,True,1,2265,3085,d__Bacteria;p__Campylobacterota;c__Campylobacteria;o__Campylobacterales;f__Campylobacteraceae;g__Campylobacter_D;s__Campylobacter_D coli
20000,0.002207505518763797,0.0035335689045936395,0.0011037527593818985,0.0006482982171799027,2.0,2.0,0.0,/group/ctbrowngrp5/sourmash-db.new/gtdb-rs226/gtdb-rs226-k51.dna.rocksdb,GCA_003480585.1 Coprobacillus sp. AM29-13,5258533c37f5403efe98e27d2b230dcc,0.007067137809187279,10000,92,4020000,outputs.mapping/bams.cds.rand/SRR11125497.x.s__JALFVM01 sp022787145.fastq.gz,SRR11125497.x.s__JALFVM01 sp022787145,cfe9c72e,9060000,51,DNA,10000,906,True,0.8869918779837159,0.9074617014240318,0.8972267897038739,0.9074617014240318,True,2,2267,3085,d__Bacteria;p__Bacillota;c__Bacilli;o__Erysipelotrichales;f__Coprobacillaceae;g__Faecalibacillus;s__Faecalibacillus intestinalis
10000,0.0011037527593818985,0.003968253968253968,0.0011037527593818985,0.00032414910858995135,1.0,1.0,0.0,/group/ctbrowngrp5/sourmash-db.new/gtdb-rs226/gtdb-rs226-k51.dna.rocksdb,GCA_018056425.1 Lachnospiraceae bacterium,40388ce25286959887f7f7afeff81d3c,0.003968253968253968,10000,93,4010000,outputs.mapping/bams.cds.rand/SRR11125497.x.s__JALFVM01 sp022787145.fastq.gz,SRR11125497.x.s__JALFVM01 sp022787145,cfe9c72e,9060000,51,DNA,10000,906,True,0.8750182159363092,0.8972505121216641,0.8861343640289867,0.8972505121216641,True,1,2268,3085,d__Bacteria;p__Bacillota;c__Clostridia;o__Lachnospirales;f__Lachnospiraceae;g__AC2028;s__AC2028 sp018056425
30000,0.0033112582781456954,0.00510204081632653,0.0011037527593818985,0.0006482982171799027,2.0,2.0,0.0,/group/ctbrowngrp5/sourmash-db.new/gtdb-rs226/gtdb-rs226-k51.dna.rocksdb,GCA_041838735.1 Bacillota bacterium,fed30fbc4709ce55c00a4eacb921fc5f,0.015306122448979591,10000,94,4000000,outputs.mapping/bams.cds.rand/SRR11125497.x.s__JALFVM01 sp022787145.fastq.gz,SRR11125497.x.s__JALFVM01 sp022787145,cfe9c72e,9060000,51,DNA,10000,906,True,0.8940718327507637,0.9213170773690638,0.9076944550599138,0.9213170773690638,True,2,2270,3085,d__Bacteria;p__Bacillota;c__Clostridia;o__Peptostreptococcales;f__Anaerovoracaceae;g__UBA3871;s__UBA3871 sp041797745
10000,0.0011037527593818985,0.0017391304347826088,0.0011037527593818985,0.00032414910858995135,1.0,1.0,0.0,/group/ctbrowngrp5/sourmash-db.new/gtdb-rs226/gtdb-rs226-k51.dna.rocksdb,GCF_016726045.1 Sphingobacterium multivorum,3ac1c1d87b9e8c40d5041b0fed8089aa,0.0017391304347826088,10000,95,3990000,outputs.mapping/bams.cds.rand/SRR11125497.x.s__JALFVM01 sp022787145.fastq.gz,SRR11125497.x.s__JALFVM01 sp022787145,cfe9c72e,9060000,51,DNA,10000,906,True,0.8750182159363092,0.882853952737802,0.8789360843370556,0.882853952737802,True,1,2271,3085,d__Bacteria;p__Bacteroidota;c__Bacteroidia;o__Sphingobacteriales;f__Sphingobacteriaceae;g__Sphingobacterium;s__Sphingobacterium multivorum
20000,0.002207505518763797,0.005376344086021506,0.0011037527593818985,0.00032414910858995135,1.0,1.0,0.0,/group/ctbrowngrp5/sourmash-db.new/gtdb-rs226/gtdb-rs226-k51.dna.rocksdb,GCA_004553015.1 Clostridiales bacterium,743427a72385f27635486b570b611a52,0.010752688172043012,10000,96,3980000,outputs.mapping/bams.cds.rand/SRR11125497.x.s__JALFVM01 sp022787145.fastq.gz,SRR11125497.x.s__JALFVM01 sp022787145,cfe9c72e,9060000,51,DNA,10000,906,True,0.8869918779837159,0.9149603940215936,0.9009761360026547,0.9149603940215936,True,1,2272,3085,d__Bacteria;p__Bacillota;c__Clostridia;o__Oscillospirales;f__Oscillospiraceae;g__F23-B02;s__F23-B02 sp000431075
10000,0.0011037527593818985,0.007575757575757576,0.0011037527593818985,0.00032414910858995135,1.0,1.0,0.0,/group/ctbrowngrp5/sourmash-db.new/gtdb-rs226/gtdb-rs226-k51.dna.rocksdb,GCA_900758085.1 Eggerthellaceae bacterium,413174bcc691d8f4db87ebe090f797e3,0.007575757575757576,10000,97,3970000,outputs.mapping/bams.cds.rand/SRR11125497.x.s__JALFVM01 sp022787145.fastq.gz,SRR11125497.x.s__JALFVM01 sp022787145,cfe9c72e,9060000,51,DNA,10000,906,True,0.8750182159363092,0.9086991441072096,0.8918586800217594,0.9086991441072096,True,1,2273,3085,d__Bacteria;p__Actinomycetota;c__Coriobacteriia;o__Coriobacteriales;f__Eggerthellaceae;g__Anaerotardibacter;s__Anaerotardibacter sp900546175
110000,0.012141280353200883,0.0034482758620689655,0.0011037527593818985,0.00032414910858995135,1.0,1.0,0.0,/group/ctbrowngrp5/sourmash-db.new/gtdb-rs226/gtdb-rs226-k51.dna.rocksdb,GCF_003471015.1 Dorea longicatena,5db0c9a8f78424a0fc31a4893a455576,0.03793103448275862,10000,98,3960000,outputs.mapping/bams.cds.rand/SRR11125497.x.s__JALFVM01 sp022787145.fastq.gz,SRR11125497.x.s__JALFVM01 sp022787145,cfe9c72e,9060000,51,DNA,10000,906,True,0.9171419501749977,0.9378581369153702,0.9275000435451839,0.9378581369153702,False,1,2274,3085,d__Bacteria;p__Bacillota;c__Clostridia;o__Lachnospirales;f__Lachnospiraceae;g__Dorea_A;s__Dorea_A amylophila
10000,0.0011037527593818985,0.005813953488372093,0.0011037527593818985,0.00032414910858995135,1.0,1.0,0.0,/group/ctbrowngrp5/sourmash-db.new/gtdb-rs226/gtdb-rs226-k51.dna.rocksdb,GCA_934623535.1 uncultured Oscillospiraceae bacterium,bac5421c572c096397f4d7860a7a6ac8,0.005813953488372093,10000,99,3950000,outputs.mapping/bams.cds.rand/SRR11125497.x.s__JALFVM01 sp022787145.fastq.gz,SRR11125497.x.s__JALFVM01 sp022787145,cfe9c72e,9060000,51,DNA,10000,906,True,0.8750182159363092,0.903995167535116,0.8895066917357126,0.903995167535116,True,1,2275,3085,d__Bacteria;p__Bacillota;c__Clostridia;o__Oscillospirales;f__Oscillospiraceae;g__Vescimonas;s__Vescimonas sp000435975
20000,0.002207505518763797,0.00411522633744856,0.0011037527593818985,0.0012965964343598054,4.0,4.0,0.0,/group/ctbrowngrp5/sourmash-db.new/gtdb-rs226/gtdb-rs226-k51.dna.rocksdb,GCA_959020575.1 Anaerostipes hadrus,578a8ca2e02291c1df947f4ebc753948,0.00823045267489712,10000,100,3940000,outputs.mapping/bams.cds.rand/SRR11125497.x.s__JALFVM01 sp022787145.fastq.gz,SRR11125497.x.s__JALFVM01 sp022787145,cfe9c72e,9060000,51,DNA,10000,906,True,0.8869918779837159,0.9101772065679724,0.8985845422758442,0.9101772065679724,True,4,2279,3085,d__Bacteria;p__Bacillota;c__Clostridia;o__Lachnospirales;f__Lachnospiraceae;g__Anaerostipes;s__Anaerostipes hadrus
10000,0.0011037527593818985,0.0047169811320754715,0.0011037527593818985,0.00032414910858995135,1.0,1.0,0.0,/group/ctbrowngrp5/sourmash-db.new/gtdb-rs226/gtdb-rs226-k51.dna.rocksdb,GCA_963649195.1 Clostridiales bacterium,21e896d6aea212c2fd0b217e597645e9,0.0047169811320754715,10000,101,3930000,outputs.mapping/bams.cds.rand/SRR11125497.x.s__JALFVM01 sp022787145.fastq.gz,SRR11125497.x.s__JALFVM01 sp022787145,cfe9c72e,9060000,51,DNA,10000,906,True,0.8750182159363092,0.9002965198455473,0.8876573678909283,0.9002965198455473,True,1,2280,3085,d__Bacteria;p__Bacillota;c__Negativicutes;o__Acidaminococcales;f__Acidaminococcaceae;g__Phascolarctobacterium_A;s__Phascolarctobacterium_A succinatutens
10000,0.0011037527593818985,0.0033222591362126247,0.0011037527593818985,0.00032414910858995135,1.0,1.0,0.0,/group/ctbrowngrp5/sourmash-db.new/gtdb-rs226/gtdb-rs226-k51.dna.rocksdb,GCF_002550035.1 Faecalibacterium prausnitzii,0f49da8e479697bca00adac28f722418,0.0033222591362126247,10000,102,3920000,outputs.mapping/bams.cds.rand/SRR11125497.x.s__JALFVM01 sp022787145.fastq.gz,SRR11125497.x.s__JALFVM01 sp022787145,cfe9c72e,9060000,51,DNA,10000,906,True,0.8750182159363092,0.8941299800356292,0.8845740979859692,0.8941299800356292,True,1,2281,3085,d__Bacteria;p__Bacillota;c__Clostridia;o__Oscillospirales;f__Ruminococcaceae;g__Faecalibacterium;s__Faecalibacterium prausnitzii_E
10000,0.0011037527593818985,0.0038022813688212928,0.0011037527593818985,0.0012965964343598054,4.0,4.0,0.0,/group/ctbrowngrp5/sourmash-db.new/gtdb-rs226/gtdb-rs226-k51.dna.rocksdb,GCA_030844515.1 Oscillospiraceae bacterium,d8017859b08b77a184372ae77547dc83,0.0038022813688212928,10000,103,3910000,outputs.mapping/bams.cds.rand/SRR11125497.x.s__JALFVM01 sp022787145.fastq.gz,SRR11125497.x.s__JALFVM01 sp022787145,cfe9c72e,9060000,51,DNA,10000,906,True,0.8750182159363092,0.896499160640959,0.8857586882886341,0.896499160640959,True,4,2285,3085,d__Bacteria;p__Bacillota;c__Clostridia;o__Oscillospirales;f__Ruminococcaceae;g__Gemmiger;s__Gemmiger qucibialis
10000,0.0011037527593818985,0.004784688995215311,0.0011037527593818985,0.00032414910858995135,1.0,1.0,0.0,/group/ctbrowngrp5/sourmash-db.new/gtdb-rs226/gtdb-rs226-k51.dna.rocksdb,GCA_946407995.1 uncultured Lachnobacterium sp.,9168954cd7b4af64b4c9ab635c15f4d7,0.004784688995215311,10000,104,3900000,outputs.mapping/bams.cds.rand/SRR11125497.x.s__JALFVM01 sp022787145.fastq.gz,SRR11125497.x.s__JALFVM01 sp022787145,cfe9c72e,9060000,51,DNA,10000,906,True,0.8750182159363092,0.9005481441482567,0.887783180042283,0.9005481441482567,True,1,2286,3085,d__Bacteria;p__Bacillota;c__Clostridia;o__Lachnospirales;f__Lachnospiraceae;g__Agathobacter;s__Agathobacter sp900543445
10000,0.0011037527593818985,0.0038461538461538464,0.0011037527593818985,0.0016207455429497568,5.0,5.0,0.0,/group/ctbrowngrp5/sourmash-db.new/gtdb-rs226/gtdb-rs226-k51.dna.rocksdb,GCA_946499535.1 uncultured Clostridiaceae bacterium,943b3b552ccfd797fb21c5b868ea658e,0.0038461538461538464,10000,105,3890000,outputs.mapping/bams.cds.rand/SRR11125497.x.s__JALFVM01 sp022787145.fastq.gz,SRR11125497.x.s__JALFVM01 sp022787145,cfe9c72e,9060000,51,DNA,10000,906,True,0.8750182159363092,0.896700849952713,0.8858595329445111,0.896700849952713,True,5,2291,3085,d__Bacteria;p__Bacillota;c__Clostridia;o__Lachnospirales;f__Lachnospiraceae;g__Copromonas;s__Copromonas avistercoris
10000,0.0011037527593818985,0.0051813471502590676,0.0011037527593818985,0.00032414910858995135,1.0,1.0,0.0,/group/ctbrowngrp5/sourmash-db.new/gtdb-rs226/gtdb-rs226-k51.dna.rocksdb,GCA_937965965.1 uncultured Clostridia bacterium,3f40f9af33ff7118026017024e0d4de2,0.0051813471502590676,10000,106,3880000,outputs.mapping/bams.cds.rand/SRR11125497.x.s__JALFVM01 sp022787145.fastq.gz,SRR11125497.x.s__JALFVM01 sp022787145,cfe9c72e,9060000,51,DNA,10000,906,True,0.8750182159363092,0.9019555822980565,0.8884868991171828,0.9019555822980565,True,1,2292,3085,d__Bacteria;p__Bacillota;c__Clostridia;o__Christensenellales;f__QAND01;g__UMGS1975;s__UMGS1975 sp900751745
10000,0.0011037527593818985,0.0038461538461538464,0.0011037527593818985,0.0006482982171799027,2.0,2.0,0.0,/group/ctbrowngrp5/sourmash-db.new/gtdb-rs226/gtdb-rs226-k51.dna.rocksdb,GCA_028705855.1 Limnochordia bacterium,60459d4db0f55ccd599d6fdcf99ccc5f,0.0038461538461538464,10000,107,3870000,outputs.mapping/bams.cds.rand/SRR11125497.x.s__JALFVM01 sp022787145.fastq.gz,SRR11125497.x.s__JALFVM01 sp022787145,cfe9c72e,9060000,51,DNA,10000,906,True,0.8750182159363092,0.896700849952713,0.8858595329445111,0.896700849952713,True,2,2294,3085,d__Bacteria;p__Bacillota;c__Limnochordia;o__DUMW01;f__DUMW01;g__JALNWK01;s__JALNWK01 sp023230925
30000,0.0033112582781456954,0.003472222222222222,0.0011037527593818985,0.003565640194489465,11.0,11.0,0.0,/group/ctbrowngrp5/sourmash-db.new/gtdb-rs226/gtdb-rs226-k51.dna.rocksdb,GCA_018228705.1 Dysosmobacter sp. Marseille-Q4140,b86222e5c361a571a645de84582534db,0.010416666666666666,10000,108,3860000,outputs.mapping/bams.cds.rand/SRR11125497.x.s__JALFVM01 sp022787145.fastq.gz,SRR11125497.x.s__JALFVM01 sp022787145,cfe9c72e,9060000,51,DNA,10000,906,True,0.8940718327507637,0.9143909869311075,0.9042314098409356,0.9143909869311075,True,11,2305,3085,d__Bacteria;p__Bacillota;c__Clostridia;o__Oscillospirales;f__Oscillospiraceae;g__Oscillibacter;s__Oscillibacter sp018228705
10000,0.0011037527593818985,0.005780346820809248,0.0011037527593818985,0.00032414910858995135,1.0,1.0,0.0,/group/ctbrowngrp5/sourmash-db.new/gtdb-rs226/gtdb-rs226-k51.dna.rocksdb,GCA_031549605.1 Oscillospiraceae bacterium,e569e4849b1225488a75f7a283855cc9,0.005780346820809248,10000,109,3850000,outputs.mapping/bams.cds.rand/SRR11125497.x.s__JALFVM01 sp022787145.fastq.gz,SRR11125497.x.s__JALFVM01 sp022787145,cfe9c72e,9060000,51,DNA,10000,906,True,0.8750182159363092,0.9038924171716131,0.8894553165539612,0.9038924171716131,True,1,2306,3085,d__Bacteria;p__Bacillota;c__Clostridia;o__Oscillospirales;f__UBA929;g__WRAI01;s__WRAI01 sp031549605
30000,0.0033112582781456954,0.0033222591362126247,0.0011037527593818985,0.0006482982171799027,2.0,2.0,0.0,/group/ctbrowngrp5/sourmash-db.new/gtdb-rs226/gtdb-rs226-k51.dna.rocksdb,GCA_022777665.1 Lachnospiraceae bacterium,b7870269a68b9fdab9ac049559ddefac,0.009966777408637873,10000,110,3840000,outputs.mapping/bams.cds.rand/SRR11125497.x.s__JALFVM01 sp022787145.fastq.gz,SRR11125497.x.s__JALFVM01 sp022787145,cfe9c72e,9060000,51,DNA,10000,906,True,0.8940718327507637,0.9135997575918425,0.9038357951713032,0.9135997575918425,True,2,2308,3085,d__Bacteria;p__Bacillota;c__Clostridia;o__Lachnospirales;f__Lachnospiraceae;g__Suilimivivens;s__Suilimivivens sp021628825
10000,0.0011037527593818985,0.0058823529411764705,0.0011037527593818985,0.00032414910858995135,1.0,1.0,0.0,/group/ctbrowngrp5/sourmash-db.new/gtdb-rs226/gtdb-rs226-k51.dna.rocksdb,GCA_963598545.1 Gemmiger formicilis,8df66bc491edc8aac21968d6c6a7f1c7,0.0058823529411764705,10000,111,3830000,outputs.mapping/bams.cds.rand/SRR11125497.x.s__JALFVM01 sp022787145.fastq.gz,SRR11125497.x.s__JALFVM01 sp022787145,cfe9c72e,9060000,51,DNA,10000,906,True,0.8750182159363092,0.9042025082392618,0.8896103620877855,0.9042025082392618,True,1,2309,3085,d__Bacteria;p__Bacillota;c__Clostridia;o__Oscillospirales;f__Acutalibacteraceae;g__Eubacterium_R;s__Eubacterium_R sp900542875
10000,0.0011037527593818985,0.006369426751592357,0.0011037527593818985,0.0009724473257698541,3.0,3.0,0.0,/group/ctbrowngrp5/sourmash-db.new/gtdb-rs226/gtdb-rs226-k51.dna.rocksdb,GCA_029006195.1 Bacillota bacterium,e5dcf2d2809f5ea90b40b9e2738262a0,0.006369426751592357,10000,112,3820000,outputs.mapping/bams.cds.rand/SRR11125497.x.s__JALFVM01 sp022787145.fastq.gz,SRR11125497.x.s__JALFVM01 sp022787145,cfe9c72e,9060000,51,DNA,10000,906,True,0.8750182159363092,0.9056140341181776,0.8903161250272434,0.9056140341181776,True,3,2312,3085,d__Bacteria;p__Bacillota;c__Clostridia;o__Peptostreptococcales;f__Anaerovoracaceae;g__Lentihominibacter;s__Lentihominibacter sp029006195
10000,0.0011037527593818985,0.00411522633744856,0.0011037527593818985,0.0006482982171799027,2.0,2.0,0.0,/group/ctbrowngrp5/sourmash-db.new/gtdb-rs226/gtdb-rs226-k51.dna.rocksdb,GCF_937920985.1 uncultured Phascolarctobacterium sp.,bb4edcf6b80e8084471cf3514c51734a,0.00411522633744856,10000,113,3810000,outputs.mapping/bams.cds.rand/SRR11125497.x.s__JALFVM01 sp022787145.fastq.gz,SRR11125497.x.s__JALFVM01 sp022787145,cfe9c72e,9060000,51,DNA,10000,906,True,0.8750182159363092,0.8978905616220562,0.8864543887791827,0.8978905616220562,True,2,2314,3085,d__Bacteria;p__Bacillota;c__Negativicutes;o__Acidaminococcales;f__Acidaminococcaceae;g__Phascolarctobacterium_A;s__Phascolarctobacterium_A sp937920985
10000,0.0011037527593818985,0.0038461538461538464,0.0011037527593818985,0.00032414910858995135,1.0,1.0,0.0,/group/ctbrowngrp5/sourmash-db.new/gtdb-rs226/gtdb-rs226-k51.dna.rocksdb,GCF_944383995.1 uncultured Merdimonas sp.,1c914e6bff07ad3891af4fae57d3835e,0.0038461538461538464,10000,114,3800000,outputs.mapping/bams.cds.rand/SRR11125497.x.s__JALFVM01 sp022787145.fastq.gz,SRR11125497.x.s__JALFVM01 sp022787145,cfe9c72e,9060000,51,DNA,10000,906,True,0.8750182159363092,0.896700849952713,0.8858595329445111,0.896700849952713,True,1,2315,3085,d__Bacteria;p__Bacillota;c__Clostridia;o__Lachnospirales;f__Lachnospiraceae;g__Merdimonas;s__Merdimonas sp900553355
10000,0.0011037527593818985,0.004901960784313725,0.0011037527593818985,0.00032414910858995135,1.0,1.0,0.0,/group/ctbrowngrp5/sourmash-db.new/gtdb-rs226/gtdb-rs226-k51.dna.rocksdb,GCA_945879155.1 uncultured Erysipelotrichaceae bacterium,23812d44742126b342c9fe1d7155401c,0.004901960784313725,10000,115,3790000,outputs.mapping/bams.cds.rand/SRR11125497.x.s__JALFVM01 sp022787145.fastq.gz,SRR11125497.x.s__JALFVM01 sp022787145,cfe9c72e,9060000,51,DNA,10000,906,True,0.8750182159363092,0.9009758163577729,0.8879970161470411,0.9009758163577729,True,1,2316,3085,d__Bacteria;p__Bacillota;c__Bacilli;o__Erysipelotrichales;f__Erysipelotrichaceae;g__Bulleidia;s__Bulleidia sp016293365
10000,0.0011037527593818985,0.004201680672268907,0.0011037527593818985,0.00032414910858995135,1.0,1.0,0.0,/group/ctbrowngrp5/sourmash-db.new/gtdb-rs226/gtdb-rs226-k51.dna.rocksdb,GCA_945827805.1 uncultured Lachnospiraceae bacterium,590d38b6ec0dded3aebc2bcd23bca850,0.004201680672268907,10000,116,3780000,outputs.mapping/bams.cds.rand/SRR11125497.x.s__JALFVM01 sp022787145.fastq.gz,SRR11125497.x.s__JALFVM01 sp022787145,cfe9c72e,9060000,51,DNA,10000,906,True,0.8750182159363092,0.8982566722388579,0.8866374440875835,0.8982566722388579,True,1,2317,3085,d__Bacteria;p__Bacillota;c__Clostridia;o__Lachnospirales;f__Lachnospiraceae;g__UBA11957;s__UBA11957 sp945827805
10000,0.0011037527593818985,0.0030211480362537764,0.0011037527593818985,0.0006482982171799027,2.0,2.0,0.0,/group/ctbrowngrp5/sourmash-db.new/gtdb-rs226/gtdb-rs226-k51.dna.rocksdb,GCA_947642255.1 uncultured bacterium,d3297754f0c4fba4dc4336140c9296b0,0.0030211480362537764,10000,117,3770000,outputs.mapping/bams.cds.rand/SRR11125497.x.s__JALFVM01 sp022787145.fastq.gz,SRR11125497.x.s__JALFVM01 sp022787145,cfe9c72e,9060000,51,DNA,10000,906,True,0.8750182159363092,0.8924658521397282,0.8837420340380187,0.8924658521397282,True,2,2319,3085,d__Bacteria;p__Bacillota;c__Clostridia;o__Lachnospirales;f__Lachnospiraceae;g__Choladousia;s__Choladousia sp003612585
10000,0.0011037527593818985,0.0026595744680851063,0.0011037527593818985,0.0009724473257698541,3.0,3.0,0.0,/group/ctbrowngrp5/sourmash-db.new/gtdb-rs226/gtdb-rs226-k51.dna.rocksdb,GCA_022780165.1 Parabacteroides sp.,91eddc599bcedb9f3e08148777859481,0.0026595744680851063,10000,118,3760000,outputs.mapping/bams.cds.rand/SRR11125497.x.s__JALFVM01 sp022787145.fastq.gz,SRR11125497.x.s__JALFVM01 sp022787145,cfe9c72e,9060000,51,DNA,10000,906,True,0.8750182159363092,0.8902379844055845,0.8826281001709468,0.8902379844055845,True,3,2322,3085,d__Bacteria;p__Bacteroidota;c__Bacteroidia;o__Bacteroidales;f__Tannerellaceae;g__Parabacteroides;s__Parabacteroides faecalis
50000,0.005518763796909493,0.0021598272138228943,0.0011037527593818985,0.0006482982171799027,2.0,2.0,0.0,/group/ctbrowngrp5/sourmash-db.new/gtdb-rs226/gtdb-rs226-k51.dna.rocksdb,GCA_022693605.1 [Clostridium] innocuum,406f9c3d6f74a99b881f84e65e4e8092,0.01079913606911447,10000,119,3750000,outputs.mapping/bams.cds.rand/SRR11125497.x.s__JALFVM01 sp022787145.fastq.gz,SRR11125497.x.s__JALFVM01 sp022787145,cfe9c72e,9060000,51,DNA,10000,906,True,0.9030720235000573,0.915037726719065,0.9090548751095612,0.915037726719065,True,2,2324,3085,d__Bacteria;p__Bacillota;c__Bacilli;o__Erysipelotrichales;f__Erysipelotrichaceae;g__Clostridium_AQ;s__Clostridium_AQ innocuum
20000,0.002207505518763797,0.0045045045045045045,0.0011037527593818985,0.00032414910858995135,1.0,1.0,0.0,/group/ctbrowngrp5/sourmash-db.new/gtdb-rs226/gtdb-rs226-k51.dna.rocksdb,GCA_022780895.1 bacterium,7acf1a9d79c2207615b0e4188835b24a,0.009009009009009009,10000,120,3740000,outputs.mapping/bams.cds.rand/SRR11125497.x.s__JALFVM01 sp022787145.fastq.gz,SRR11125497.x.s__JALFVM01 sp022787145,cfe9c72e,9060000,51,DNA,10000,906,True,0.8869918779837159,0.9117916860315043,0.89939178200761,0.9117916860315043,True,1,2325,3085,d__Bacteria;p__Bacillota;c__Clostridia;o__Oscillospirales;f__Ruminococcaceae;g__Gemmiger;s__Gemmiger sp004561545
10000,0.0011037527593818985,0.004310344827586207,0.0011037527593818985,0.00032414910858995135,1.0,1.0,0.0,/group/ctbrowngrp5/sourmash-db.new/gtdb-rs226/gtdb-rs226-k51.dna.rocksdb,GCA_958402225.1 Faecalibacterium prausnitzii,bbedff266bed498d18af0a8fab6a2f6d,0.004310344827586207,10000,121,3730000,outputs.mapping/bams.cds.rand/SRR11125497.x.s__JALFVM01 sp022787145.fastq.gz,SRR11125497.x.s__JALFVM01 sp022787145,cfe9c72e,9060000,51,DNA,10000,906,True,0.8750182159363092,0.8987064997133993,0.8868623578248542,0.8987064997133993,True,1,2326,3085,d__Bacteria;p__Bacillota;c__Clostridia;o__Oscillospirales;f__Ruminococcaceae;g__Faecalibacterium;s__Faecalibacterium taiwanense
20000,0.002207505518763797,0.0037593984962406013,0.0011037527593818985,0.0006482982171799027,2.0,2.0,0.0,/group/ctbrowngrp5/sourmash-db.new/gtdb-rs226/gtdb-rs226-k51.dna.rocksdb,GCA_022774945.1 Lachnobacterium sp.,af426f33d2866d663b77828fd6516469,0.007518796992481203,10000,122,3720000,outputs.mapping/bams.cds.rand/SRR11125497.x.s__JALFVM01 sp022787145.fastq.gz,SRR11125497.x.s__JALFVM01 sp022787145,cfe9c72e,9060000,51,DNA,10000,906,True,0.8869918779837159,0.9085646807370644,0.8977782793603901,0.9085646807370644,True,2,2328,3085,d__Bacteria;p__Bacillota;c__Clostridia;o__Lachnospirales;f__Lachnospiraceae;g__Agathobacter;s__Agathobacter sp905209075
10000,0.0011037527593818985,0.004098360655737705,0.0011037527593818985,0.00032414910858995135,1.0,1.0,0.0,/group/ctbrowngrp5/sourmash-db.new/gtdb-rs226/gtdb-rs226-k51.dna.rocksdb,GCA_014868885.1 Faecalibacterium prausnitzii,719796ce9217d4367bdfe99b08d2b02b,0.004098360655737705,10000,123,3710000,outputs.mapping/bams.cds.rand/SRR11125497.x.s__JALFVM01 sp022787145.fastq.gz,SRR11125497.x.s__JALFVM01 sp022787145,cfe9c72e,9060000,51,DNA,10000,906,True,0.8750182159363092,0.8978182617731918,0.8864182388547506,0.8978182617731918,True,1,2329,3085,d__Bacteria;p__Bacillota;c__Clostridia;o__Oscillospirales;f__Ruminococcaceae;g__Faecalibacterium;s__Faecalibacterium taiwanense
40000,0.004415011037527594,0.004347826086956522,0.0011037527593818985,0.00032414910858995135,1.0,1.0,0.0,/group/ctbrowngrp5/sourmash-db.new/gtdb-rs226/gtdb-rs226-k51.dna.rocksdb,GCA_959603425.1 uncultured Lachnospiraceae bacterium,3682493aaf69a1ac48303d5a28dc0ec5,0.017391304347826087,10000,124,3700000,outputs.mapping/bams.cds.rand/SRR11125497.x.s__JALFVM01 sp022787145.fastq.gz,SRR11125497.x.s__JALFVM01 sp022787145,cfe9c72e,9060000,51,DNA,10000,906,True,0.8991293864290767,0.9236271891701714,0.911378287799624,0.9236271891701714,True,1,2330,3085,d__Bacteria;p__Bacillota;c__Clostridia;o__Lachnospirales;f__Lachnospiraceae;g__Muricoprocola;s__Muricoprocola shaoxingensis
100000,0.011037527593818985,0.0035971223021582736,0.0011037527593818985,0.00032414910858995135,1.0,1.0,0.0,/group/ctbrowngrp5/sourmash-db.new/gtdb-rs226/gtdb-rs226-k51.dna.rocksdb,GCF_022786445.1 Mediterraneibacter faecis,8ca6e2740cedbffcd52bd448904a2c8e,0.03597122302158273,10000,125,3690000,outputs.mapping/bams.cds.rand/SRR11125497.x.s__JALFVM01 sp022787145.fastq.gz,SRR11125497.x.s__JALFVM01 sp022787145,cfe9c72e,9060000,51,DNA,10000,906,True,0.915429571053838,0.9368830809618477,0.9261563260078429,0.9368830809618477,False,1,2331,3085,d__Bacteria;p__Bacillota;c__Clostridia;o__Lachnospirales;f__Lachnospiraceae;g__Mediterraneibacter;s__Mediterraneibacter faecis
10000,0.0011037527593818985,0.0027624309392265192,0.0011037527593818985,0.0006482982171799027,2.0,2.0,0.0,/group/ctbrowngrp5/sourmash-db.new/gtdb-rs226/gtdb-rs226-k51.dna.rocksdb,GCA_948756575.1 uncultured Lachnospiraceae bacterium,38d6dd314826f165eb03abfba6880f34,0.0027624309392265192,10000,126,3680000,outputs.mapping/bams.cds.rand/SRR11125497.x.s__JALFVM01 sp022787145.fastq.gz,SRR11125497.x.s__JALFVM01 sp022787145,cfe9c72e,9060000,51,DNA,10000,906,True,0.8750182159363092,0.8909005841896418,0.8829594000629755,0.8909005841896418,True,2,2333,3085,d__Bacteria;p__Bacillota;c__Clostridia;o__Lachnospirales;f__Lachnospiraceae;g__Hominiventricola;s__Hominiventricola sp009774145
30000,0.0033112582781456954,0.003424657534246575,0.0011037527593818985,0.0019448946515397082,6.0,6.0,0.0,/group/ctbrowngrp5/sourmash-db.new/gtdb-rs226/gtdb-rs226-k51.dna.rocksdb,GCA_945963325.1 uncultured Clostridium sp.,c72e40e1317e7f0af39a23d82804a2a6,0.010273972602739725,10000,127,3670000,outputs.mapping/bams.cds.rand/SRR11125497.x.s__JALFVM01 sp022787145.fastq.gz,SRR11125497.x.s__JALFVM01 sp022787145,cfe9c72e,9060000,51,DNA,10000,906,True,0.8940718327507637,0.9141437166561762,0.90410777470347,0.9141437166561762,True,6,2339,3085,d__Bacteria;p__Bacillota;c__Clostridia;o__Lachnospirales;f__Lachnospiraceae;g__Suilimivivens;s__Suilimivivens sp017622575
10000,0.0011037527593818985,0.004166666666666667,0.0011037527593818985,0.0009724473257698541,3.0,3.0,0.0,/group/ctbrowngrp5/sourmash-db.new/gtdb-rs226/gtdb-rs226-k51.dna.rocksdb,GCA_034099845.1 Faecousia sp.,5f934a406218ceb63e362d93f2fbd61c,0.004166666666666667,10000,128,3660000,outputs.mapping/bams.cds.rand/SRR11125497.x.s__JALFVM01 sp022787145.fastq.gz,SRR11125497.x.s__JALFVM01 sp022787145,cfe9c72e,9060000,51,DNA,10000,906,True,0.8750182159363092,0.8981092953870639,0.8865637556616865,0.8981092953870639,True,3,2342,3085,d__Bacteria;p__Bacillota;c__Clostridia;o__Oscillospirales;f__Oscillospiraceae;g__Faecousia;s__Faecousia sp034099845
10000,0.0011037527593818985,0.004524886877828055,0.0011037527593818985,0.0012965964343598054,4.0,4.0,0.0,/group/ctbrowngrp5/sourmash-db.new/gtdb-rs226/gtdb-rs226-k51.dna.rocksdb,GCA_934457145.1 uncultured Clostridia bacterium,c87e7fa6e8e306f9edc1d2bdc8ab42ef,0.004524886877828055,10000,129,3650000,outputs.mapping/bams.cds.rand/SRR11125497.x.s__JALFVM01 sp022787145.fastq.gz,SRR11125497.x.s__JALFVM01 sp022787145,cfe9c72e,9060000,51,DNA,10000,906,True,0.8750182159363092,0.8995628755480881,0.8872905457421987,0.8995628755480881,True,4,2346,3085,d__Bacteria;p__Bacillota;c__Clostridia;o__UBA1381;f__UMGS1253;g__CAKSHP01;s__CAKSHP01 sp934457145
30000,0.0033112582781456954,0.003003003003003003,0.0011037527593818985,0.0006482982171799027,2.0,2.0,0.0,/group/ctbrowngrp5/sourmash-db.new/gtdb-rs226/gtdb-rs226-k51.dna.rocksdb,GCA_945871795.1 uncultured bacterium,275973aa499e4d5bc43c343001873151,0.009009009009009009,10000,130,3640000,outputs.mapping/bams.cds.rand/SRR11125497.x.s__JALFVM01 sp022787145.fastq.gz,SRR11125497.x.s__JALFVM01 sp022787145,cfe9c72e,9060000,51,DNA,10000,906,True,0.8940718327507637,0.9117916860315043,0.902931759391134,0.9117916860315043,True,2,2348,3085,d__Bacteria;p__Bacillota;c__Clostridia;o__Lachnospirales;f__Lachnospiraceae;g__Roseburia;s__Roseburia inulinivorans
10000,0.0011037527593818985,0.003663003663003663,0.0011037527593818985,0.0006482982171799027,2.0,2.0,0.0,/group/ctbrowngrp5/sourmash-db.new/gtdb-rs226/gtdb-rs226-k51.dna.rocksdb,GCA_004553465.1 Bacteroidales bacterium,12f0b9190ec96b8883b62eadcb4e6cca,0.003663003663003663,10000,131,3630000,outputs.mapping/bams.cds.rand/SRR11125497.x.s__JALFVM01 sp022787145.fastq.gz,SRR11125497.x.s__JALFVM01 sp022787145,cfe9c72e,9060000,51,DNA,10000,906,True,0.8750182159363092,0.8958434134603346,0.8854308146983219,0.8958434134603346,True,2,2350,3085,d__Bacteria;p__Bacteroidota;c__Bacteroidia;o__Bacteroidales;f__Bacteroidaceae;g__Prevotella;s__Prevotella sp002251365
30000,0.0033112582781456954,0.004347826086956522,0.0011037527593818985,0.0012965964343598054,4.0,4.0,0.0,/group/ctbrowngrp5/sourmash-db.new/gtdb-rs226/gtdb-rs226-k51.dna.rocksdb,GCA_946614955.1 uncultured Clostridia bacterium,8cd5f84e3e6ec8ead76569542d6185bb,0.013043478260869565,10000,132,3620000,outputs.mapping/bams.cds.rand/SRR11125497.x.s__JALFVM01 sp022787145.fastq.gz,SRR11125497.x.s__JALFVM01 sp022787145,cfe9c72e,9060000,51,DNA,10000,906,True,0.8940718327507637,0.9184318366897796,0.9062518347202717,0.9184318366897796,True,4,2354,3085,d__Bacteria;p__Bacillota;c__Clostridia;o__Oscillospirales;f__Ruminococcaceae;g__UBA3818;s__UBA3818 sp002369315
10000,0.0011037527593818985,0.0022172949002217295,0.0011037527593818985,0.0016207455429497568,5.0,5.0,0.0,/group/ctbrowngrp5/sourmash-db.new/gtdb-rs226/gtdb-rs226-k51.dna.rocksdb,GCA_007113705.1 Acinetobacter baumannii,d580900fe3dc7f16aea62533f625dd80,0.0022172949002217295,10000,133,3610000,outputs.mapping/bams.cds.rand/SRR11125497.x.s__JALFVM01 sp022787145.fastq.gz,SRR11125497.x.s__JALFVM01 sp022787145,cfe9c72e,9060000,51,DNA,10000,906,True,0.8750182159363092,0.8870688371893617,0.8810435265628355,0.8870688371893617,True,5,2359,3085,d__Bacteria;p__Pseudomonadota;c__Gammaproteobacteria;o__Pseudomonadales;f__Moraxellaceae;g__Acinetobacter;s__Acinetobacter baumannii
10000,0.0011037527593818985,0.0055248618784530384,0.0011037527593818985,0.00032414910858995135,1.0,1.0,0.0,/group/ctbrowngrp5/sourmash-db.new/gtdb-rs226/gtdb-rs226-k51.dna.rocksdb,GCF_946402925.1 Catenibacterium mitsuokai,a296f162440284272030785232d3a974,0.0055248618784530384,10000,134,3600000,outputs.mapping/bams.cds.rand/SRR11125497.x.s__JALFVM01 sp022787145.fastq.gz,SRR11125497.x.s__JALFVM01 sp022787145,cfe9c72e,9060000,51,DNA,10000,906,True,0.8750182159363092,0.9030915789811151,0.8890548974587122,0.9030915789811151,True,1,2360,3085,d__Bacteria;p__Bacillota;c__Bacilli;o__Erysipelotrichales;f__Coprobacillaceae;g__Catenibacterium;s__Catenibacterium mitsuokai_A
80000,0.008830022075055188,0.0030864197530864196,0.0011037527593818985,0.00032414910858995135,1.0,1.0,0.0,/group/ctbrowngrp5/sourmash-db.new/gtdb-rs226/gtdb-rs226-k51.dna.rocksdb,GCF_902385375.1 Eubacterium ramulus,2b6354d57935f55a44ce3f054877b632,0.024691358024691357,10000,135,3590000,outputs.mapping/bams.cds.rand/SRR11125497.x.s__JALFVM01 sp022787145.fastq.gz,SRR11125497.x.s__JALFVM01 sp022787145,cfe9c72e,9060000,51,DNA,10000,906,True,0.9114329833301695,0.9299964142271407,0.9207146987786552,0.9299964142271407,False,1,2361,3085,d__Bacteria;p__Bacillota;c__Clostridia;o__Lachnospirales;f__Lachnospiraceae;g__Eubacterium_I;s__Eubacterium_I ramulus_A
20000,0.002207505518763797,0.0033112582781456954,0.0011037527593818985,0.00032414910858995135,1.0,1.0,0.0,/group/ctbrowngrp5/sourmash-db.new/gtdb-rs226/gtdb-rs226-k51.dna.rocksdb,GCA_018378905.1 Clostridiales bacterium,2b3658f948b6ec74b793e7e07637ea7f,0.006622516556291391,10000,136,3580000,outputs.mapping/bams.cds.rand/SRR11125497.x.s__JALFVM01 sp022787145.fastq.gz,SRR11125497.x.s__JALFVM01 sp022787145,cfe9c72e,9060000,51,DNA,10000,906,True,0.8869918779837159,0.9063062225914459,0.8966490502875809,0.9063062225914459,True,1,2362,3085,d__Bacteria;p__Bacillota;c__Clostridia;o__Lachnospirales;f__Lachnospiraceae;g__Anaerobutyricum;s__Anaerobutyricum stercoripullorum
10000,0.0011037527593818985,0.005208333333333333,0.0011037527593818985,0.0006482982171799027,2.0,2.0,0.0,/group/ctbrowngrp5/sourmash-db.new/gtdb-rs226/gtdb-rs226-k51.dna.rocksdb,GCA_958442645.1 uncultured Lachnospiraceae bacterium,522c4cf2fa04a47d523b384078b8c211,0.005208333333333333,10000,137,3570000,outputs.mapping/bams.cds.rand/SRR11125497.x.s__JALFVM01 sp022787145.fastq.gz,SRR11125497.x.s__JALFVM01 sp022787145,cfe9c72e,9060000,51,DNA,10000,906,True,0.8750182159363092,0.9020474594102066,0.888532837673258,0.9020474594102066,True,2,2364,3085,d__Bacteria;p__Bacillota;c__Clostridia;o__Lachnospirales;f__Lachnospiraceae;g__Eubacterium_I;s__Eubacterium_I ramulus_A
40000,0.004415011037527594,0.00641025641025641,0.0011037527593818985,0.0006482982171799027,2.0,2.0,0.0,/group/ctbrowngrp5/sourmash-db.new/gtdb-rs226/gtdb-rs226-k51.dna.rocksdb,GCA_034172225.1 Holdemanella porci,e534a57ba7fbc4ee344c1a5ab1f36480,0.02564102564102564,10000,138,3560000,outputs.mapping/bams.cds.rand/SRR11125497.x.s__JALFVM01 sp022787145.fastq.gz,SRR11125497.x.s__JALFVM01 sp022787145,cfe9c72e,9060000,51,DNA,10000,906,True,0.8991293864290767,0.9306848722547763,0.9149071293419264,0.9306848722547763,True,2,2366,3085,d__Bacteria;p__Bacillota;c__Bacilli;o__Erysipelotrichales;f__Erysipelotrichaceae;g__Holdemanella;s__Holdemanella porci
20000,0.002207505518763797,0.0033112582781456954,0.0011037527593818985,0.0019448946515397082,6.0,6.0,0.0,/group/ctbrowngrp5/sourmash-db.new/gtdb-rs226/gtdb-rs226-k51.dna.rocksdb,GCA_040095065.1 Hominicoprocola fusiformis,17aa1e8e910b7a13cbdbc47464788cac,0.006622516556291391,10000,139,3550000,outputs.mapping/bams.cds.rand/SRR11125497.x.s__JALFVM01 sp022787145.fastq.gz,SRR11125497.x.s__JALFVM01 sp022787145,cfe9c72e,9060000,51,DNA,10000,906,True,0.8869918779837159,0.9063062225914459,0.8966490502875809,0.9063062225914459,True,6,2372,3085,d__Bacteria;p__Bacillota;c__Clostridia;o__Oscillospirales;f__Oscillospiraceae;g__Hominicoprocola;s__Hominicoprocola sp934835795
30000,0.0033112582781456954,0.002932551319648094,0.0011037527593818985,0.00032414910858995135,1.0,1.0,0.0,/group/ctbrowngrp5/sourmash-db.new/gtdb-rs226/gtdb-rs226-k51.dna.rocksdb,GCA_034184045.1 Lachnospiraceae bacterium,b49096a3ec5c734b6c25d44d91ad8d57,0.008797653958944282,10000,140,3540000,outputs.mapping/bams.cds.rand/SRR11125497.x.s__JALFVM01 sp022787145.fastq.gz,SRR11125497.x.s__JALFVM01 sp022787145,cfe9c72e,9060000,51,DNA,10000,906,True,0.8940718327507637,0.9113673549363814,0.9027195938435726,0.9113673549363814,True,1,2373,3085,d__Bacteria;p__Bacillota;c__Clostridia;o__Lachnospirales;f__Lachnospiraceae;g__Agathobacter;s__Agathobacter faecis
30000,0.0033112582781456954,0.0036900369003690036,0.0011037527593818985,0.00032414910858995135,1.0,1.0,0.0,/group/ctbrowngrp5/sourmash-db.new/gtdb-rs226/gtdb-rs226-k51.dna.rocksdb,GCA_025541715.1 Coprococcus catus,5fe78f71b01502cb38520164543524fb,0.01107011070110701,10000,141,3530000,outputs.mapping/bams.cds.rand/SRR11125497.x.s__JALFVM01 sp022787145.fastq.gz,SRR11125497.x.s__JALFVM01 sp022787145,cfe9c72e,9060000,51,DNA,10000,906,True,0.8940718327507637,0.9154824822731807,0.9047771575119723,0.9154824822731807,True,1,2374,3085,d__Bacteria;p__Bacillota;c__Clostridia;o__Lachnospirales;f__Lachnospiraceae;g__Coprococcus_A;s__Coprococcus_A intestinihominis
160000,0.017660044150110375,0.0024813895781637717,0.0011037527593818985,0.0038897893030794164,12.0,12.0,0.0,/group/ctbrowngrp5/sourmash-db.new/gtdb-rs226/gtdb-rs226-k51.dna.rocksdb,GCA_022782205.1 Lachnospiraceae bacterium,5d1fe08c84b2c770dab5488addf16ba5,0.03970223325062035,10000,142,3520000,outputs.mapping/bams.cds.rand/SRR11125497.x.s__JALFVM01 sp022787145.fastq.gz,SRR11125497.x.s__JALFVM01 sp022787145,cfe9c72e,9060000,51,DNA,10000,906,True,0.9239049414248676,0.938697763354662,0.9313013523897649,0.938697763354662,False,12,2386,3085,d__Bacteria;p__Bacillota;c__Clostridia;o__Lachnospirales;f__Lachnospiraceae;g__Oliverpabstia;s__Oliverpabstia sp004556655
10000,0.0011037527593818985,0.0058823529411764705,0.0011037527593818985,0.0009724473257698541,3.0,3.0,0.0,/group/ctbrowngrp5/sourmash-db.new/gtdb-rs226/gtdb-rs226-k51.dna.rocksdb,GCA_945828505.1 uncultured Firmicutes bacterium,35f61392a99e98fc37650ede541c4b38,0.0058823529411764705,10000,143,3510000,outputs.mapping/bams.cds.rand/SRR11125497.x.s__JALFVM01 sp022787145.fastq.gz,SRR11125497.x.s__JALFVM01 sp022787145,cfe9c72e,9060000,51,DNA,10000,906,True,0.8750182159363092,0.9042025082392618,0.8896103620877855,0.9042025082392618,True,3,2389,3085,d__Bacteria;p__Bacillota;c__Clostridia;o__Peptostreptococcales;f__Anaerovoracaceae;g__Lentihominibacter;s__Lentihominibacter sp022775805
60000,0.006622516556291391,0.0035211267605633804,0.0011037527593818985,0.00032414910858995135,1.0,1.0,0.0,/group/ctbrowngrp5/sourmash-db.new/gtdb-rs226/gtdb-rs226-k51.dna.rocksdb,GCF_003467705.1 Lachnospira eligens,34b48c9d547e55563adc01cbd8040ddb,0.02112676056338028,10000,144,3500000,outputs.mapping/bams.cds.rand/SRR11125497.x.s__JALFVM01 sp022787145.fastq.gz,SRR11125497.x.s__JALFVM01 sp022787145,cfe9c72e,9060000,51,DNA,10000,906,True,0.9063062225914459,0.9271576509408653,0.9167319367661556,0.9271576509408653,True,1,2390,3085,d__Bacteria;p__Bacillota;c__Clostridia;o__Lachnospirales;f__Lachnospiraceae;g__Lachnospira;s__Lachnospira eligens_A
10000,0.0011037527593818985,0.004629629629629629,0.0011037527593818985,0.0012965964343598054,4.0,4.0,0.0,/group/ctbrowngrp5/sourmash-db.new/gtdb-rs226/gtdb-rs226-k51.dna.rocksdb,GCA_034088525.1 Oscillospiraceae bacterium,0a932685791a84b60e03ee12d7116046,0.004629629629629629,10000,145,3490000,outputs.mapping/bams.cds.rand/SRR11125497.x.s__JALFVM01 sp022787145.fastq.gz,SRR11125497.x.s__JALFVM01 sp022787145,cfe9c72e,9060000,51,DNA,10000,906,True,0.8750182159363092,0.8999666104581765,0.8874924131972428,0.8999666104581765,True,4,2394,3085,d__Bacteria;p__Bacillota;c__Clostridia;o__Oscillospirales;f__Oscillospiraceae;g__CAG-170;s__CAG-170 sp000436735
100000,0.011037527593818985,0.004149377593360996,0.0011037527593818985,0.0012965964343598054,4.0,4.0,0.0,/group/ctbrowngrp5/sourmash-db.new/gtdb-rs226/gtdb-rs226-k51.dna.rocksdb,GCA_028725805.1 Dorea formicigenerans,a9b4566f9b97ae6adcb46d5125b4f684,0.04149377593360996,10000,146,3480000,outputs.mapping/bams.cds.rand/SRR11125497.x.s__JALFVM01 sp022787145.fastq.gz,SRR11125497.x.s__JALFVM01 sp022787145,cfe9c72e,9060000,51,DNA,10000,906,True,0.915429571053838,0.9395104750424361,0.9274700230481371,0.9395104750424361,False,4,2398,3085,d__Bacteria;p__Bacillota;c__Clostridia;o__Lachnospirales;f__Lachnospiraceae;g__Dorea;s__Dorea formicigenerans
10000,0.0011037527593818985,0.0038910505836575876,0.0011037527593818985,0.00032414910858995135,1.0,1.0,0.0,/group/ctbrowngrp5/sourmash-db.new/gtdb-rs226/gtdb-rs226-k51.dna.rocksdb,GCF_900456775.1 Sarcina ventriculi,c0c9492a5a5d003359a15c476e9e5507,0.0038910505836575876,10000,147,3470000,outputs.mapping/bams.cds.rand/SRR11125497.x.s__JALFVM01 sp022787145.fastq.gz,SRR11125497.x.s__JALFVM01 sp022787145,cfe9c72e,9060000,51,DNA,10000,906,True,0.8750182159363092,0.8969049261729743,0.8859615710546418,0.8969049261729743,True,1,2399,3085,d__Bacteria;p__Bacillota;c__Clostridia;o__Clostridiales;f__Clostridiaceae;g__Sarcina;s__Sarcina ventriculi
10000,0.0011037527593818985,0.00411522633744856,0.0011037527593818985,0.0032414910858995136,10.0,10.0,0.0,/group/ctbrowngrp5/sourmash-db.new/gtdb-rs226/gtdb-rs226-k51.dna.rocksdb,GCA_022775545.1 Gemmiger formicilis,486d84f66744cd01e6c7aae1fc46d5ed,0.00411522633744856,10000,148,3460000,outputs.mapping/bams.cds.rand/SRR11125497.x.s__JALFVM01 sp022787145.fastq.gz,SRR11125497.x.s__JALFVM01 sp022787145,cfe9c72e,9060000,51,DNA,10000,906,True,0.8750182159363092,0.8978905616220562,0.8864543887791827,0.8978905616220562,True,10,2409,3085,d__Bacteria;p__Bacillota;c__Clostridia;o__Oscillospirales;f__Ruminococcaceae;g__Gemmiger;s__Gemmiger formicilis
40000,0.004415011037527594,0.0034482758620689655,0.0011037527593818985,0.0009724473257698541,3.0,3.0,0.0,/group/ctbrowngrp5/sourmash-db.new/gtdb-rs226/gtdb-rs226-k51.dna.rocksdb,GCA_900755575.1 Lachnospiraceae bacterium,04679174bf5087aeaeec278e984c3170,0.013793103448275862,10000,149,3450000,outputs.mapping/bams.cds.rand/SRR11125497.x.s__JALFVM01 sp022787145.fastq.gz,SRR11125497.x.s__JALFVM01 sp022787145,cfe9c72e,9060000,51,DNA,10000,906,True,0.8991293864290767,0.9194387096145087,0.9092840480217927,0.9194387096145087,True,3,2412,3085,d__Bacteria;p__Bacillota;c__Clostridia;o__Lachnospirales;f__Lachnospiraceae;g__Blautia_A;s__Blautia_A sp900541985
60000,0.006622516556291391,0.0028653295128939827,0.0011037527593818985,0.00032414910858995135,1.0,1.0,0.0,/group/ctbrowngrp5/sourmash-db.new/gtdb-rs226/gtdb-rs226-k51.dna.rocksdb,GCF_003459705.1 Mediterraneibacter gnavus,4e57cc55894bdf22cc131e03eaa9652f,0.017191977077363897,10000,150,3440000,outputs.mapping/bams.cds.rand/SRR11125497.x.s__JALFVM01 sp022787145.fastq.gz,SRR11125497.x.s__JALFVM01 sp022787145,cfe9c72e,9060000,51,DNA,10000,906,True,0.9063062225914459,0.9234184457582383,0.9148623341748421,0.9234184457582383,True,1,2413,3085,d__Bacteria;p__Bacillota;c__Clostridia;o__Lachnospirales;f__Lachnospiraceae;g__Ruminococcus_B;s__Ruminococcus_B gnavus
20000,0.002207505518763797,0.005208333333333333,0.0011037527593818985,0.0009724473257698541,3.0,3.0,0.0,/group/ctbrowngrp5/sourmash-db.new/gtdb-rs226/gtdb-rs226-k51.dna.rocksdb,GCA_934234035.1 uncultured Clostridia bacterium,f87c22f4d9764e9022ebbe844f7ee8cf,0.010416666666666666,10000,151,3430000,outputs.mapping/bams.cds.rand/SRR11125497.x.s__JALFVM01 sp022787145.fastq.gz,SRR11125497.x.s__JALFVM01 sp022787145,cfe9c72e,9060000,51,DNA,10000,906,True,0.8869918779837159,0.9143909869311075,0.9006914324574118,0.9143909869311075,True,3,2416,3085,d__Bacteria;p__Bacillota;c__Clostridia;o__Peptostreptococcales;f__Anaerovoracaceae;g__Mogibacterium_A;s__Mogibacterium_A sp934234035
20000,0.002207505518763797,0.004048582995951417,0.0011037527593818985,0.00032414910858995135,1.0,1.0,0.0,/group/ctbrowngrp5/sourmash-db.new/gtdb-rs226/gtdb-rs226-k51.dna.rocksdb,GCA_004556375.1 [Eubacterium] saphenum,6f73b817ea1983fcbfdb3300020d0b82,0.008097165991902834,10000,152,3420000,outputs.mapping/bams.cds.rand/SRR11125497.x.s__JALFVM01 sp022787145.fastq.gz,SRR11125497.x.s__JALFVM01 sp022787145,cfe9c72e,9060000,51,DNA,10000,906,True,0.8869918779837159,0.9098858734755169,0.8984388757296164,0.9098858734755169,True,1,2417,3085,d__Bacteria;p__Bacillota;c__Clostridia;o__Peptostreptococcales;f__Anaerovoracaceae;g__Hornefia;s__Hornefia butyriciproducens
10000,0.0011037527593818985,0.005235602094240838,0.0011037527593818985,0.00032414910858995135,1.0,1.0,0.0,/group/ctbrowngrp5/sourmash-db.new/gtdb-rs226/gtdb-rs226-k51.dna.rocksdb,GCA_017532025.1 Clostridia bacterium,ea2d893e6304fb7eedc8e1f42c7763ca,0.005235602094240838,10000,153,3410000,outputs.mapping/bams.cds.rand/SRR11125497.x.s__JALFVM01 sp022787145.fastq.gz,SRR11125497.x.s__JALFVM01 sp022787145,cfe9c72e,9060000,51,DNA,10000,906,True,0.8750182159363092,0.9021398257330133,0.8885790208346613,0.9021398257330133,True,1,2418,3085,d__Bacteria;p__Bacillota;c__Clostridia;o__Oscillospirales;f__CAG-272;g__RGIG1993;s__RGIG1993 sp017532025
50000,0.005518763796909493,0.003472222222222222,0.0011037527593818985,0.00032414910858995135,1.0,1.0,0.0,/group/ctbrowngrp5/sourmash-db.new/gtdb-rs226/gtdb-rs226-k51.dna.rocksdb,GCA_945949875.1 uncultured bacterium,c2e73279b1161567034f5c72604794af,0.017361111111111112,10000,154,3400000,outputs.mapping/bams.cds.rand/SRR11125497.x.s__JALFVM01 sp022787145.fastq.gz,SRR11125497.x.s__JALFVM01 sp022787145,cfe9c72e,9060000,51,DNA,10000,906,True,0.9030720235000573,0.9235957208242387,0.913333872162148,0.9235957208242387,True,1,2419,3085,d__Bacteria;p__Bacillota;c__Clostridia;o__Lachnospirales;f__Lachnospiraceae;g__1XD8-76;s__1XD8-76 sp945949875
40000,0.004415011037527594,0.005291005291005291,0.0011037527593818985,0.00032414910858995135,1.0,1.0,0.0,/group/ctbrowngrp5/sourmash-db.new/gtdb-rs226/gtdb-rs226-k51.dna.rocksdb,GCA_004556245.1 Succinatimonas hippei,3613cda20e81e105f24d523a278dde2b,0.021164021164021163,10000,155,3390000,outputs.mapping/bams.cds.rand/SRR11125497.x.s__JALFVM01 sp022787145.fastq.gz,SRR11125497.x.s__JALFVM01 sp022787145,cfe9c72e,9060000,51,DNA,10000,906,True,0.8991293864290767,0.9271896859726793,0.913159536200878,0.9271896859726793,True,1,2420,3085,d__Bacteria;p__Pseudomonadota;c__Gammaproteobacteria;o__Enterobacterales;f__Succinivibrionaceae;g__Succinivibrio;s__Succinivibrio faecicola
70000,0.00772626931567329,0.002044989775051125,0.0011037527593818985,0.00032414910858995135,1.0,1.0,0.0,/group/ctbrowngrp5/sourmash-db.new/gtdb-rs226/gtdb-rs226-k51.dna.rocksdb,GCF_964240875.1 Ruminococcus sp. 5_1_39BFAA,42fdf71e72afc12cb6ee744e5537d9bc,0.014314928425357873,10000,156,3380000,outputs.mapping/bams.cds.rand/SRR11125497.x.s__JALFVM01 sp022787145.fastq.gz,SRR11125497.x.s__JALFVM01 sp022787145,cfe9c72e,9060000,51,DNA,10000,906,True,0.9090497337851378,0.9201084169412818,0.9145790753632097,0.9201084169412818,False,1,2421,3085,d__Bacteria;p__Bacillota;c__Clostridia;o__Lachnospirales;f__Lachnospiraceae;g__Blautia_A;s__Blautia_A sp964240875
10000,0.0011037527593818985,0.0049504950495049506,0.0011037527593818985,0.00032414910858995135,1.0,1.0,0.0,/group/ctbrowngrp5/sourmash-db.new/gtdb-rs226/gtdb-rs226-k51.dna.rocksdb,GCA_022781465.1 Faecalibacterium prausnitzii,4297072b4e3098b60f3912297a56f3e1,0.0049504950495049506,10000,157,3370000,outputs.mapping/bams.cds.rand/SRR11125497.x.s__JALFVM01 sp022787145.fastq.gz,SRR11125497.x.s__JALFVM01 sp022787145,cfe9c72e,9060000,51,DNA,10000,906,True,0.8750182159363092,0.9011498857361002,0.8880840508362047,0.9011498857361002,True,1,2422,3085,d__Bacteria;p__Bacillota;c__Clostridia;o__Oscillospirales;f__Ruminococcaceae;g__Faecalibacterium;s__Faecalibacterium longum
10000,0.0011037527593818985,0.00411522633744856,0.0011037527593818985,0.00032414910858995135,1.0,1.0,0.0,/group/ctbrowngrp5/sourmash-db.new/gtdb-rs226/gtdb-rs226-k51.dna.rocksdb,GCA_963655205.1 Segatella copri,376bc2453598736bc2d4f9753faeaae9,0.00411522633744856,10000,158,3360000,outputs.mapping/bams.cds.rand/SRR11125497.x.s__JALFVM01 sp022787145.fastq.gz,SRR11125497.x.s__JALFVM01 sp022787145,cfe9c72e,9060000,51,DNA,10000,906,True,0.8750182159363092,0.8978905616220562,0.8864543887791827,0.8978905616220562,True,1,2423,3085,d__Bacteria;p__Bacillota;c__Negativicutes;o__Acidaminococcales;f__Acidaminococcaceae;g__Phascolarctobacterium_A;s__Phascolarctobacterium_A sp963603005
40000,0.004415011037527594,0.004329004329004329,0.0011037527593818985,0.00032414910858995135,1.0,1.0,0.0,/group/ctbrowngrp5/sourmash-db.new/gtdb-rs226/gtdb-rs226-k51.dna.rocksdb,GCA_945829055.1 uncultured bacterium,d1ff92fc097a416645f4b64ba1a58b7b,0.017316017316017316,10000,159,3350000,outputs.mapping/bams.cds.rand/SRR11125497.x.s__JALFVM01 sp022787145.fastq.gz,SRR11125497.x.s__JALFVM01 sp022787145,cfe9c72e,9060000,51,DNA,10000,906,True,0.8991293864290767,0.9235486225967418,0.9113390045129093,0.9235486225967418,True,1,2424,3085,d__Bacteria;p__Bacillota;c__Clostridia;o__Lachnospirales;f__Lachnospiraceae;g__Bariatricus;s__Bariatricus sp004560705
10000,0.0011037527593818985,0.0048543689320388345,0.0011037527593818985,0.0016207455429497568,5.0,5.0,0.0,/group/ctbrowngrp5/sourmash-db.new/gtdb-rs226/gtdb-rs226-k51.dna.rocksdb,GCA_902373415.1 uncultured Eubacteriales bacterium,0b0637bb17768918899d09be12ee1e7a,0.0048543689320388345,10000,160,3340000,outputs.mapping/bams.cds.rand/SRR11125497.x.s__JALFVM01 sp022787145.fastq.gz,SRR11125497.x.s__JALFVM01 sp022787145,cfe9c72e,9060000,51,DNA,10000,906,True,0.8750182159363092,0.900803478377785,0.8879108471570472,0.900803478377785,True,5,2429,3085,d__Bacteria;p__Bacillota;c__Clostridia;o__Oscillospirales;f__UBA644;g__UBA644;s__UBA644 sp002299265
10000,0.0011037527593818985,0.006666666666666667,0.0011037527593818985,0.0006482982171799027,2.0,2.0,0.0,/group/ctbrowngrp5/sourmash-db.new/gtdb-rs226/gtdb-rs226-k51.dna.rocksdb,GCA_945831675.1 uncultured Lachnospiraceae bacterium,b5673aa5b4a46dcc3176ea158ae5c10e,0.006666666666666667,10000,161,3330000,outputs.mapping/bams.cds.rand/SRR11125497.x.s__JALFVM01 sp022787145.fastq.gz,SRR11125497.x.s__JALFVM01 sp022787145,cfe9c72e,9060000,51,DNA,10000,906,True,0.8750182159363092,0.9064243085270774,0.8907212622316933,0.9064243085270774,True,2,2431,3085,d__Bacteria;p__Bacillota;c__Clostridia;o__Lachnospirales;f__Lachnospiraceae;g__Agathobacter;s__Agathobacter sp900317585
10000,0.0011037527593818985,0.005291005291005291,0.0011037527593818985,0.0006482982171799027,2.0,2.0,0.0,/group/ctbrowngrp5/sourmash-db.new/gtdb-rs226/gtdb-rs226-k51.dna.rocksdb,GCA_022764325.1 Oscillospiraceae bacterium,38db80b17b1c374450d02ed11f6d8892,0.005291005291005291,10000,162,3320000,outputs.mapping/bams.cds.rand/SRR11125497.x.s__JALFVM01 sp022787145.fastq.gz,SRR11125497.x.s__JALFVM01 sp022787145,cfe9c72e,9060000,51,DNA,10000,906,True,0.8750182159363092,0.9023260468401526,0.8886721313882309,0.9023260468401526,True,2,2433,3085,d__Bacteria;p__Bacillota;c__Clostridia;o__Oscillospirales;f__Acutalibacteraceae;g__Eubacterium_R;s__Eubacterium_R sp900548085
20000,0.002207505518763797,0.003816793893129771,0.0011037527593818985,0.00032414910858995135,1.0,1.0,0.0,/group/ctbrowngrp5/sourmash-db.new/gtdb-rs226/gtdb-rs226-k51.dna.rocksdb,GCA_029219105.1 Clostridiales bacterium,ad1aac6db0647e60ff271f8ac2f30fcd,0.007633587786259542,10000,163,3310000,outputs.mapping/bams.cds.rand/SRR11125497.x.s__JALFVM01 sp022787145.fastq.gz,SRR11125497.x.s__JALFVM01 sp022787145,cfe9c72e,9060000,51,DNA,10000,906,True,0.8869918779837159,0.908834650149845,0.8979132640667804,0.908834650149845,True,1,2434,3085,d__Bacteria;p__Bacillota;c__Clostridia;o__Lachnospirales;f__Lachnospiraceae;g__CALZKI01;s__CALZKI01 sp945787995
260000,0.02869757174392936,0.003401360544217687,0.0011037527593818985,0.0012965964343598054,4.0,4.0,0.0,/group/ctbrowngrp5/sourmash-db.new/gtdb-rs226/gtdb-rs226-k51.dna.rocksdb,GCA_946402345.1 uncultured Ruminococcus sp.,1b3bc2a808500ca83852f35a624e9f10,0.08843537414965986,10000,164,3300000,outputs.mapping/bams.cds.rand/SRR11125497.x.s__JALFVM01 sp022787145.fastq.gz,SRR11125497.x.s__JALFVM01 sp022787145,cfe9c72e,9060000,51,DNA,10000,906,True,0.9327422937410038,0.9535546936126601,0.943148493676832,0.9535546936126601,False,4,2438,3085,d__Bacteria;p__Bacillota;c__Clostridia;o__Lachnospirales;f__Lachnospiraceae;g__Blautia_A;s__Blautia_A sp018919065
240000,0.026490066225165563,0.00228310502283105,0.0011037527593818985,0.0006482982171799027,2.0,2.0,0.0,/group/ctbrowngrp5/sourmash-db.new/gtdb-rs226/gtdb-rs226-k51.dna.rocksdb,GCA_041330115.1 Blautia wexlerae,12139c9fa6128d8cbdf9c70b8556a803,0.0547945205479452,10000,165,3290000,outputs.mapping/bams.cds.rand/SRR11125497.x.s__JALFVM01 sp022787145.fastq.gz,SRR11125497.x.s__JALFVM01 sp022787145,cfe9c72e,9060000,51,DNA,10000,906,True,0.9312795356649065,0.9446465776610317,0.9379630566629691,0.9446465776610317,False,2,2440,3085,d__Bacteria;p__Bacillota;c__Clostridia;o__Lachnospirales;f__Lachnospiraceae;g__Blautia_A;s__Blautia_A wexlerae
60000,0.006622516556291391,0.003389830508474576,0.0011037527593818985,0.00032414910858995135,1.0,1.0,0.0,/group/ctbrowngrp5/sourmash-db.new/gtdb-rs226/gtdb-rs226-k51.dna.rocksdb,GCA_041330435.1 Gemmiger qucibialis,50a8c5693ccfb0a7a8aee45e8e03dcc5,0.020338983050847456,10000,166,3280000,outputs.mapping/bams.cds.rand/SRR11125497.x.s__JALFVM01 sp022787145.fastq.gz,SRR11125497.x.s__JALFVM01 sp022787145,cfe9c72e,9060000,51,DNA,10000,906,True,0.9063062225914459,0.9264670645819012,0.9163866435866735,0.9264670645819012,True,1,2441,3085,d__Bacteria;p__Bacillota;c__Clostridia;o__Oscillospirales;f__Ruminococcaceae;g__Gemmiger;s__Gemmiger qucibialis
170000,0.018763796909492272,0.0036231884057971015,0.0011037527593818985,0.0006482982171799027,2.0,2.0,0.0,/group/ctbrowngrp5/sourmash-db.new/gtdb-rs226/gtdb-rs226-k51.dna.rocksdb,GCA_021531235.1 Blautia producta,4645e019875be83dc81769376aa27ccc,0.06159420289855073,10000,167,3270000,outputs.mapping/bams.cds.rand/SRR11125497.x.s__JALFVM01 sp022787145.fastq.gz,SRR11125497.x.s__JALFVM01 sp022787145,cfe9c72e,9060000,51,DNA,10000,906,True,0.9250038569491372,0.9468157791437822,0.9359098180464598,0.9468157791437822,False,2,2443,3085,d__Bacteria;p__Bacillota;c__Clostridia;o__Lachnospirales;f__Lachnospiraceae;g__Oliverpabstia;s__Oliverpabstia intestinalis
20000,0.002207505518763797,0.002717391304347826,0.0011037527593818985,0.00032414910858995135,1.0,1.0,0.0,/group/ctbrowngrp5/sourmash-db.new/gtdb-rs226/gtdb-rs226-k51.dna.rocksdb,GCA_004562765.1 bacterium,f21abf8b5f28158bda072c3feaf477c5,0.005434782608695652,10000,168,3260000,outputs.mapping/bams.cds.rand/SRR11125497.x.s__JALFVM01 sp022787145.fastq.gz,SRR11125497.x.s__JALFVM01 sp022787145,cfe9c72e,9060000,51,DNA,10000,906,True,0.8869918779837159,0.9028005342164377,0.8948962061000768,0.9028005342164377,True,1,2444,3085,d__Bacteria;p__Bacillota;c__Clostridia;o__Lachnospirales;f__Lachnospiraceae;g__W0P33-017;s__W0P33-017 sp004562765
40000,0.004415011037527594,0.004629629629629629,0.0011037527593818985,0.00032414910858995135,1.0,1.0,0.0,/group/ctbrowngrp5/sourmash-db.new/gtdb-rs226/gtdb-rs226-k51.dna.rocksdb,GCF_036348815.1 Streptococcus suis,346da4969e90845fdb29790f7094649a,0.018518518518518517,10000,169,3250000,outputs.mapping/bams.cds.rand/SRR11125497.x.s__JALFVM01 sp022787145.fastq.gz,SRR11125497.x.s__JALFVM01 sp022787145,cfe9c72e,9060000,51,DNA,10000,906,True,0.8991293864290767,0.9247652352037607,0.9119473108164187,0.9247652352037607,True,1,2445,3085,d__Bacteria;p__Bacillota;c__Bacilli;o__Lactobacillales;f__Streptococcaceae;g__Streptococcus;s__Streptococcus suis
50000,0.005518763796909493,0.002932551319648094,0.0011037527593818985,0.00032414910858995135,1.0,1.0,0.0,/group/ctbrowngrp5/sourmash-db.new/gtdb-rs226/gtdb-rs226-k51.dna.rocksdb,GCA_041336135.1 Blautia stercoris,6dc5694b79301ce8f41f1eb71ac33329,0.01466275659824047,10000,170,3240000,outputs.mapping/bams.cds.rand/SRR11125497.x.s__JALFVM01 sp022787145.fastq.gz,SRR11125497.x.s__JALFVM01 sp022787145,cfe9c72e,9060000,51,DNA,10000,906,True,0.9030720235000573,0.9205416513817468,0.9118068374409021,0.9205416513817468,True,1,2446,3085,d__Bacteria;p__Bacillota;c__Clostridia;o__Lachnospirales;f__Lachnospiraceae;g__Blautia;s__Blautia stercoris
10000,0.0011037527593818985,0.004329004329004329,0.0011037527593818985,0.00032414910858995135,1.0,1.0,0.0,/group/ctbrowngrp5/sourmash-db.new/gtdb-rs226/gtdb-rs226-k51.dna.rocksdb,GCA_028727085.1 Butyricicoccus sp.,88261b18c041014e94b0ed35408cf4f0,0.004329004329004329,10000,171,3230000,outputs.mapping/bams.cds.rand/SRR11125497.x.s__JALFVM01 sp022787145.fastq.gz,SRR11125497.x.s__JALFVM01 sp022787145,cfe9c72e,9060000,51,DNA,10000,906,True,0.8750182159363092,0.8987826226929593,0.8869004193146343,0.8987826226929593,True,1,2447,3085,d__Bacteria;p__Bacillota;c__Clostridia;o__Oscillospirales;f__Butyricicoccaceae;g__Butyricicoccus_A;s__Butyricicoccus_A intestinisimiae
40000,0.004415011037527594,0.004273504273504274,0.0011037527593818985,0.00032414910858995135,1.0,1.0,0.0,/group/ctbrowngrp5/sourmash-db.new/gtdb-rs226/gtdb-rs226-k51.dna.rocksdb,GCA_945910065.1 uncultured Lachnospiraceae bacterium,e6beae4c738df1c59cb705d0eaf060e0,0.017094017094017096,10000,172,3220000,outputs.mapping/bams.cds.rand/SRR11125497.x.s__JALFVM01 sp022787145.fastq.gz,SRR11125497.x.s__JALFVM01 sp022787145,cfe9c72e,9060000,51,DNA,10000,906,True,0.8991293864290767,0.9233149870212076,0.9112221867251422,0.9233149870212076,True,1,2448,3085,d__Bacteria;p__Bacillota;c__Clostridia;o__Lachnospirales;f__Lachnospiraceae;g__Colinaster;s__Colinaster sp900766815
10000,0.0011037527593818985,0.0036496350364963502,0.0011037527593818985,0.00032414910858995135,1.0,1.0,0.0,/group/ctbrowngrp5/sourmash-db.new/gtdb-rs226/gtdb-rs226-k51.dna.rocksdb,GCA_034088685.1 Candidatus Aphodomonas sp.,823a89cfef8cc611843cfe22a8ea17fc,0.0036496350364963502,10000,173,3210000,outputs.mapping/bams.cds.rand/SRR11125497.x.s__JALFVM01 sp022787145.fastq.gz,SRR11125497.x.s__JALFVM01 sp022787145,cfe9c72e,9060000,51,DNA,10000,906,True,0.8750182159363092,0.895779190619195,0.8853987032777522,0.895779190619195,True,1,2449,3085,d__Bacteria;p__Bacillota;c__Clostridia;o__Christensenellales;f__Aristaeellaceae;g__Aphodomonas;s__Aphodomonas sp004557805
20000,0.002207505518763797,0.002976190476190476,0.0011037527593818985,0.00032414910858995135,1.0,1.0,0.0,/group/ctbrowngrp5/sourmash-db.new/gtdb-rs226/gtdb-rs226-k51.dna.rocksdb,GCA_022770525.1 Clostridiales bacterium,4c5efd47a1be7d431f031383caa95fed,0.005952380952380952,10000,174,3200000,outputs.mapping/bams.cds.rand/SRR11125497.x.s__JALFVM01 sp022787145.fastq.gz,SRR11125497.x.s__JALFVM01 sp022787145,cfe9c72e,9060000,51,DNA,10000,906,True,0.8869918779837159,0.9044123511398208,0.8957021145617683,0.9044123511398208,True,1,2450,3085,d__Bacteria;p__Bacillota;c__Clostridia;o__Lachnospirales;f__Lachnospiraceae;g__CAKRHR01;s__CAKRHR01 sp022770525
60000,0.006622516556291391,0.004524886877828055,0.0011037527593818985,0.00032414910858995135,1.0,1.0,0.0,/group/ctbrowngrp5/sourmash-db.new/gtdb-rs226/gtdb-rs226-k51.dna.rocksdb,GCA_900550985.1 uncultured Blautia sp.,5c7964a754721dbda73c4ac0458561cf,0.027149321266968326,10000,175,3190000,outputs.mapping/bams.cds.rand/SRR11125497.x.s__JALFVM01 sp022787145.fastq.gz,SRR11125497.x.s__JALFVM01 sp022787145,cfe9c72e,9060000,51,DNA,10000,906,True,0.9063062225914459,0.9317285250445908,0.9190173738180183,0.9317285250445908,True,1,2451,3085,d__Bacteria;p__Bacillota;c__Clostridia;o__Lachnospirales;f__Lachnospiraceae;g__Blautia_A;s__Blautia_A difficilis
60000,0.006622516556291391,0.005494505494505495,0.0011037527593818985,0.0009724473257698541,3.0,3.0,0.0,/group/ctbrowngrp5/sourmash-db.new/gtdb-rs226/gtdb-rs226-k51.dna.rocksdb,GCA_028722585.1 Lachnospiraceae bacterium,3fb3d80f0a443a27b46afca3dba6576f,0.03296703296703297,10000,176,3180000,outputs.mapping/bams.cds.rand/SRR11125497.x.s__JALFVM01 sp022787145.fastq.gz,SRR11125497.x.s__JALFVM01 sp022787145,cfe9c72e,9060000,51,DNA,10000,906,True,0.9063062225914459,0.9352823579284587,0.9207942902599523,0.9352823579284587,True,3,2454,3085,d__Bacteria;p__Bacillota;c__Clostridia;o__Lachnospirales;f__Lachnospiraceae;g__UBA2868;s__UBA2868 sp004552595
40000,0.004415011037527594,0.00303951367781155,0.0011037527593818985,0.00032414910858995135,1.0,1.0,0.0,/group/ctbrowngrp5/sourmash-db.new/gtdb-rs226/gtdb-rs226-k51.dna.rocksdb,GCA_019411875.1 Clostridiales bacterium,7f915bd28be8010232ecf76fbda98880,0.0121580547112462,10000,177,3170000,outputs.mapping/bams.cds.rand/SRR11125497.x.s__JALFVM01 sp022787145.fastq.gz,SRR11125497.x.s__JALFVM01 sp022787145,cfe9c72e,9060000,51,DNA,10000,906,True,0.8991293864290767,0.9171667788672078,0.9081480826481423,0.9171667788672078,True,1,2455,3085,d__Bacteria;p__Bacillota;c__Clostridia;o__Lachnospirales;f__Lachnospiraceae;g__Anaerobutyricum;s__Anaerobutyricum soehngenii
10000,0.0011037527593818985,0.0021008403361344537,0.0011037527593818985,0.00032414910858995135,1.0,1.0,0.0,/group/ctbrowngrp5/sourmash-db.new/gtdb-rs226/gtdb-rs226-k51.dna.rocksdb,GCF_963669125.1 Clostridium butyricum,aa3cfab54ff288eb7265ad859160be8b,0.0021008403361344537,10000,178,3160000,outputs.mapping/bams.cds.rand/SRR11125497.x.s__JALFVM01 sp022787145.fastq.gz,SRR11125497.x.s__JALFVM01 sp022787145,cfe9c72e,9060000,51,DNA,10000,906,True,0.8750182159363092,0.886130944718483,0.8805745803273961,0.886130944718483,True,1,2456,3085,d__Bacteria;p__Bacillota;c__Clostridia;o__Clostridiales;f__Clostridiaceae;g__Clostridium;s__Clostridium butyricum
80000,0.008830022075055188,0.0049261083743842365,0.0011037527593818985,0.00032414910858995135,1.0,1.0,0.0,/group/ctbrowngrp5/sourmash-db.new/gtdb-rs226/gtdb-rs226-k51.dna.rocksdb,GCF_009695905.1 Mogibacterium kristiansenii,aa4bcf5cd06035d4058a26c9ebece50a,0.03940886699507389,10000,179,3150000,outputs.mapping/bams.cds.rand/SRR11125497.x.s__JALFVM01 sp022787145.fastq.gz,SRR11125497.x.s__JALFVM01 sp022787145,cfe9c72e,9060000,51,DNA,10000,906,True,0.9114329833301695,0.9385612645813289,0.9249971239557493,0.9385612645813289,False,1,2457,3085,d__Bacteria;p__Bacillota;c__Clostridia;o__Peptostreptococcales;f__Anaerovoracaceae;g__Mogibacterium_A;s__Mogibacterium_A kristiansenii
10000,0.0011037527593818985,0.0034482758620689655,0.0011037527593818985,0.00032414910858995135,1.0,1.0,0.0,/group/ctbrowngrp5/sourmash-db.new/gtdb-rs226/gtdb-rs226-k51.dna.rocksdb,GCA_025993395.1 Oscillospiraceae bacterium,c4a2f996468fe4e7382362c487d36fbc,0.0034482758620689655,10000,180,3140000,outputs.mapping/bams.cds.rand/SRR11125497.x.s__JALFVM01 sp022787145.fastq.gz,SRR11125497.x.s__JALFVM01 sp022787145,cfe9c72e,9060000,51,DNA,10000,906,True,0.8750182159363092,0.8947829216714525,0.8849005688038809,0.8947829216714525,True,1,2458,3085,d__Bacteria;p__Bacillota;c__Clostridia;o__Oscillospirales;f__Ruminococcaceae;g__Ruminococcus_C;s__Ruminococcus_C callidus
400000,0.04415011037527594,0.003003003003003003,0.0011037527593818985,0.0038897893030794164,12.0,12.0,0.0,/group/ctbrowngrp5/sourmash-db.new/gtdb-rs226/gtdb-rs226-k51.dna.rocksdb,GCF_029227735.1 Blautia sp.,7c18473b051acfc786ffd79bb8f8b1fb,0.12012012012012012,10000,181,3130000,outputs.mapping/bams.cds.rand/SRR11125497.x.s__JALFVM01 sp022787145.fastq.gz,SRR11125497.x.s__JALFVM01 sp022787145,cfe9c72e,9060000,51,DNA,10000,906,True,0.94065427844828,0.9592973619136451,0.9499758201809625,0.9592973619136451,False,12,2470,3085,d__Bacteria;p__Bacillota;c__Clostridia;o__Lachnospirales;f__Lachnospiraceae;g__Blautia_A;s__Blautia_A sp018919065
10000,0.0011037527593818985,0.006578947368421052,0.0011037527593818985,0.0006482982171799027,2.0,2.0,0.0,/group/ctbrowngrp5/sourmash-db.new/gtdb-rs226/gtdb-rs226-k51.dna.rocksdb,GCA_028720385.1 Bacillota bacterium,4422742e10edc52606d5c03a2719d601,0.006578947368421052,10000,182,3120000,outputs.mapping/bams.cds.rand/SRR11125497.x.s__JALFVM01 sp022787145.fastq.gz,SRR11125497.x.s__JALFVM01 sp022787145,cfe9c72e,9060000,51,DNA,10000,906,True,0.8750182159363092,0.9061889313384778,0.8906035736373935,0.9061889313384778,True,2,2472,3085,d__Bacteria;p__Bacillota;c__Clostridia;o__Peptostreptococcales;f__Anaerovoracaceae;g__Lentihominibacter;s__Lentihominibacter sp022780965
20000,0.002207505518763797,0.004761904761904762,0.0011037527593818985,0.0012965964343598054,4.0,4.0,0.0,/group/ctbrowngrp5/sourmash-db.new/gtdb-rs226/gtdb-rs226-k51.dna.rocksdb,GCA_945917375.1 uncultured Lachnospiraceae bacterium,c7a9ae4954382698cad22e480ed4cee6,0.009523809523809525,10000,183,3110000,outputs.mapping/bams.cds.rand/SRR11125497.x.s__JALFVM01 sp022787145.fastq.gz,SRR11125497.x.s__JALFVM01 sp022787145,cfe9c72e,9060000,51,DNA,10000,906,True,0.8869918779837159,0.9127857201967318,0.8998887990902238,0.9127857201967318,True,4,2476,3085,d__Bacteria;p__Bacillota;c__Clostridia;o__Lachnospirales;f__Lachnospiraceae;g__Frisingicoccus;s__Frisingicoccus sp016298055
10000,0.0011037527593818985,0.0041841004184100415,0.0011037527593818985,0.0009724473257698541,3.0,3.0,0.0,/group/ctbrowngrp5/sourmash-db.new/gtdb-rs226/gtdb-rs226-k51.dna.rocksdb,GCA_945895835.1 uncultured Clostridia bacterium,c2ef00dfd2569b89d5f0f8feff499e81,0.0041841004184100415,10000,184,3100000,outputs.mapping/bams.cds.rand/SRR11125497.x.s__JALFVM01 sp022787145.fastq.gz,SRR11125497.x.s__JALFVM01 sp022787145,cfe9c72e,9060000,51,DNA,10000,906,True,0.8750182159363092,0.8981828266298771,0.8866005212830932,0.8981828266298771,True,3,2479,3085,d__Bacteria;p__Bacillota;c__Clostridia;o__Oscillospirales;f__Oscillospiraceae;g__Vescimonas;s__Vescimonas sp934591815
70000,0.00772626931567329,0.00546448087431694,0.0011037527593818985,0.00032414910858995135,1.0,1.0,0.0,/group/ctbrowngrp5/sourmash-db.new/gtdb-rs226/gtdb-rs226-k51.dna.rocksdb,GCF_945827555.1 uncultured Mogibacterium sp.,811a1c54e1b7988af907bfcf940340ec,0.03825136612021858,10000,185,3090000,outputs.mapping/bams.cds.rand/SRR11125497.x.s__JALFVM01 sp022787145.fastq.gz,SRR11125497.x.s__JALFVM01 sp022787145,cfe9c72e,9060000,51,DNA,10000,906,True,0.9090497337851378,0.938012797809585,0.9235312657973613,0.938012797809585,False,1,2480,3085,d__Bacteria;p__Bacillota;c__Clostridia;o__Peptostreptococcales;f__Anaerovoracaceae;g__Mogibacterium_A;s__Mogibacterium_A kristiansenii
10000,0.0011037527593818985,0.002570694087403599,0.0011037527593818985,0.0006482982171799027,2.0,2.0,0.0,/group/ctbrowngrp5/sourmash-db.new/gtdb-rs226/gtdb-rs226-k51.dna.rocksdb,GCA_037343375.1 Phocaeicola massiliensis,a1afb7b6e632ffcff00bb7884cd300d3,0.002570694087403599,10000,186,3080000,outputs.mapping/bams.cds.rand/SRR11125497.x.s__JALFVM01 sp022787145.fastq.gz,SRR11125497.x.s__JALFVM01 sp022787145,cfe9c72e,9060000,51,DNA,10000,906,True,0.8750182159363092,0.8896448611500511,0.8823315385431802,0.8896448611500511,True,2,2482,3085,d__Bacteria;p__Bacteroidota;c__Bacteroidia;o__Bacteroidales;f__Bacteroidaceae;g__Phocaeicola;s__Phocaeicola massiliensis
160000,0.017660044150110375,0.002840909090909091,0.0011037527593818985,0.0012965964343598054,4.0,4.0,0.0,/group/ctbrowngrp5/sourmash-db.new/gtdb-rs226/gtdb-rs226-k51.dna.rocksdb,GCA_032556375.1 Ruminococcus sp.,a0786e2e9ce7b532943e3ec63e26fe08,0.045454545454545456,10000,187,3070000,outputs.mapping/bams.cds.rand/SRR11125497.x.s__JALFVM01 sp022787145.fastq.gz,SRR11125497.x.s__JALFVM01 sp022787145,cfe9c72e,9060000,51,DNA,10000,906,True,0.9239049414248676,0.9411914789529711,0.9325482101889193,0.9411914789529711,False,4,2486,3085,d__Bacteria;p__Bacillota;c__Clostridia;o__Lachnospirales;f__Lachnospiraceae;g__Blautia_A;s__Blautia_A wexlerae
10000,0.0011037527593818985,0.003484320557491289,0.0011037527593818985,0.0009724473257698541,3.0,3.0,0.0,/group/ctbrowngrp5/sourmash-db.new/gtdb-rs226/gtdb-rs226-k51.dna.rocksdb,GCA_017626215.1 Lachnospiraceae bacterium,6d89d07b5848ed8bc49d5e06e5bd0054,0.003484320557491289,10000,188,3060000,outputs.mapping/bams.cds.rand/SRR11125497.x.s__JALFVM01 sp022787145.fastq.gz,SRR11125497.x.s__JALFVM01 sp022787145,cfe9c72e,9060000,51,DNA,10000,906,True,0.8750182159363092,0.8949653831278861,0.8849917995320977,0.8949653831278861,True,3,2489,3085,d__Bacteria;p__Bacillota;c__Clostridia;o__Lachnospirales;f__Lachnospiraceae;g__CAG-590;s__CAG-590 sp900769115
100000,0.011037527593818985,0.003676470588235294,0.0011037527593818985,0.00032414910858995135,1.0,1.0,0.0,/group/ctbrowngrp5/sourmash-db.new/gtdb-rs226/gtdb-rs226-k51.dna.rocksdb,GCA_945871195.1 uncultured Blautia sp.,13faaa07a55ccf7c564673fc2d959dc7,0.03676470588235294,10000,189,3050000,outputs.mapping/bams.cds.rand/SRR11125497.x.s__JALFVM01 sp022787145.fastq.gz,SRR11125497.x.s__JALFVM01 sp022787145,cfe9c72e,9060000,51,DNA,10000,906,True,0.915429571053838,0.9372839882116912,0.9263567796327646,0.9372839882116912,False,1,2490,3085,d__Bacteria;p__Bacillota;c__Clostridia;o__Lachnospirales;f__Lachnospiraceae;g__Oliverpabstia;s__Oliverpabstia intestinalis
10000,0.0011037527593818985,0.0029239766081871343,0.0011037527593818985,0.00032414910858995135,1.0,1.0,0.0,/group/ctbrowngrp5/sourmash-db.new/gtdb-rs226/gtdb-rs226-k51.dna.rocksdb,GCF_947631635.1 uncultured Dysosmobacter sp.,556b775dd60b253dee395469107db211,0.0029239766081871343,10000,190,3040000,outputs.mapping/bams.cds.rand/SRR11125497.x.s__JALFVM01 sp022787145.fastq.gz,SRR11125497.x.s__JALFVM01 sp022787145,cfe9c72e,9060000,51,DNA,10000,906,True,0.8750182159363092,0.8918939410246526,0.8834560784804809,0.8918939410246526,True,1,2491,3085,d__Bacteria;p__Bacillota;c__Clostridia;o__Oscillospirales;f__Oscillospiraceae;g__Oscillibacter;s__Oscillibacter sp947631635
20000,0.002207505518763797,0.007462686567164179,0.0011037527593818985,0.0006482982171799027,2.0,2.0,0.0,/group/ctbrowngrp5/sourmash-db.new/gtdb-rs226/gtdb-rs226-k51.dna.rocksdb,GCA_934408715.1 uncultured Blautia sp.,aaac3da42082a3742b2a2a6d428e4bd6,0.014925373134328358,10000,191,3030000,outputs.mapping/bams.cds.rand/SRR11125497.x.s__JALFVM01 sp022787145.fastq.gz,SRR11125497.x.s__JALFVM01 sp022787145,cfe9c72e,9060000,51,DNA,10000,906,True,0.8869918779837159,0.9208621268632012,0.9039270024234586,0.9208621268632012,True,2,2493,3085,d__Bacteria;p__Bacillota;c__Clostridia;o__Lachnospirales;f__Lachnospiraceae;g__Blautia_A;s__Blautia_A sp003471165
50000,0.005518763796909493,0.0029154518950437317,0.0011037527593818985,0.00032414910858995135,1.0,1.0,0.0,/group/ctbrowngrp5/sourmash-db.new/gtdb-rs226/gtdb-rs226-k51.dna.rocksdb,GCA_019411745.1 Clostridiales bacterium,4044833f7847f3dc23e55ac175c166a5,0.014577259475218658,10000,192,3020000,outputs.mapping/bams.cds.rand/SRR11125497.x.s__JALFVM01 sp022787145.fastq.gz,SRR11125497.x.s__JALFVM01 sp022787145,cfe9c72e,9060000,51,DNA,10000,906,True,0.9030720235000573,0.9204361025342241,0.9117540630171408,0.9204361025342241,True,1,2494,3085,d__Bacteria;p__Bacillota;c__Clostridia;o__Lachnospirales;f__Lachnospiraceae;g__Anaerobutyricum;s__Anaerobutyricum soehngenii
40000,0.004415011037527594,0.004901960784313725,0.0011037527593818985,0.00032414910858995135,1.0,1.0,0.0,/group/ctbrowngrp5/sourmash-db.new/gtdb-rs226/gtdb-rs226-k51.dna.rocksdb,GCA_004562525.1 bacterium,e89df9c0e0c9928c590770ee81e732a4,0.0196078431372549,10000,193,3010000,outputs.mapping/bams.cds.rand/SRR11125497.x.s__JALFVM01 sp022787145.fastq.gz,SRR11125497.x.s__JALFVM01 sp022787145,cfe9c72e,9060000,51,DNA,10000,906,True,0.8991293864290767,0.9258022498221521,0.9124658181256144,0.9258022498221521,True,1,2495,3085,d__Bacteria;p__Bacteroidota;c__Bacteroidia;o__Bacteroidales;f__Bacteroidaceae;g__Prevotella;s__Prevotella sp900546535
140000,0.01545253863134658,0.0030581039755351682,0.0011037527593818985,0.0009724473257698541,3.0,3.0,0.0,/group/ctbrowngrp5/sourmash-db.new/gtdb-rs226/gtdb-rs226-k51.dna.rocksdb,GCA_945828285.1 Blautia obeum,5ae75aa2df72670a81c6d330677c44ff,0.04281345565749235,10000,194,3000000,outputs.mapping/bams.cds.rand/SRR11125497.x.s__JALFVM01 sp022787145.fastq.gz,SRR11125497.x.s__JALFVM01 sp022787145,cfe9c72e,9060000,51,DNA,10000,906,True,0.9214890797306174,0.940087419426294,0.9307882495784557,0.940087419426294,False,3,2498,3085,d__Bacteria;p__Bacillota;c__Clostridia;o__Lachnospirales;f__Lachnospiraceae;g__Blautia_A;s__Blautia_A obeum
10000,0.0011037527593818985,0.002881844380403458,0.0011037527593818985,0.00032414910858995135,1.0,1.0,0.0,/group/ctbrowngrp5/sourmash-db.new/gtdb-rs226/gtdb-rs226-k51.dna.rocksdb,GCA_034117785.1 Lachnospiraceae bacterium,cae3b1979fcf875e3956e4344c22a762,0.002881844380403458,10000,195,2990000,outputs.mapping/bams.cds.rand/SRR11125497.x.s__JALFVM01 sp022787145.fastq.gz,SRR11125497.x.s__JALFVM01 sp022787145,cfe9c72e,9060000,51,DNA,10000,906,True,0.8750182159363092,0.8916401538661815,0.8833291849012453,0.8916401538661815,True,1,2499,3085,d__Bacteria;p__Bacillota;c__Clostridia;o__Lachnospirales;f__Lachnospiraceae;g__TWA4;s__TWA4 sp028724245
10000,0.0011037527593818985,0.00625,0.0011037527593818985,0.0006482982171799027,2.0,2.0,0.0,/group/ctbrowngrp5/sourmash-db.new/gtdb-rs226/gtdb-rs226-k51.dna.rocksdb,GCA_946007325.1 uncultured Clostridia bacterium,806665ce895e899665f6fa79163f0f71,0.00625,10000,196,2980000,outputs.mapping/bams.cds.rand/SRR11125497.x.s__JALFVM01 sp022787145.fastq.gz,SRR11125497.x.s__JALFVM01 sp022787145,cfe9c72e,9060000,51,DNA,10000,906,True,0.8750182159363092,0.9052779891993,0.8901481025678046,0.9052779891993,True,2,2501,3085,d__Bacteria;p__Bacillota;c__Clostridia;o__Oscillospirales;f__Oscillospiraceae;g__Vescimonas;s__Vescimonas sp945878665
10000,0.0011037527593818985,0.005649717514124294,0.0011037527593818985,0.00032414910858995135,1.0,1.0,0.0,/group/ctbrowngrp5/sourmash-db.new/gtdb-rs226/gtdb-rs226-k51.dna.rocksdb,GCF_013293875.1 Campylobacter coli,7bf5402e74a93e556553cd08dec7ffbc,0.005649717514124294,10000,197,2970000,outputs.mapping/bams.cds.rand/SRR11125497.x.s__JALFVM01 sp022787145.fastq.gz,SRR11125497.x.s__JALFVM01 sp022787145,cfe9c72e,9060000,51,DNA,10000,906,True,0.8750182159363092,0.9034873844621032,0.8892528001992062,0.9034873844621032,True,1,2502,3085,d__Bacteria;p__Campylobacterota;c__Campylobacteria;o__Campylobacterales;f__Campylobacteraceae;g__Campylobacter_D;s__Campylobacter_D coli
100000,0.011037527593818985,0.002638522427440633,0.0011037527593818985,0.00032414910858995135,1.0,1.0,0.0,/group/ctbrowngrp5/sourmash-db.new/gtdb-rs226/gtdb-rs226-k51.dna.rocksdb,GCA_030536755.1 Eubacteriales bacterium,506c154fbaa3d5efaea6cbfe61023e73,0.026385224274406333,10000,198,2960000,outputs.mapping/bams.cds.rand/SRR11125497.x.s__JALFVM01 sp022787145.fastq.gz,SRR11125497.x.s__JALFVM01 sp022787145,cfe9c72e,9060000,51,DNA,10000,906,True,0.915429571053838,0.9312071244406152,0.9233183477472267,0.9312071244406152,False,1,2503,3085,d__Bacteria;p__Bacillota;c__Clostridia;o__Lachnospirales;f__Lachnospiraceae;g__JALFVM01;s__JALFVM01 sp030536755
10000,0.0011037527593818985,0.0045045045045045045,0.0011037527593818985,0.00032414910858995135,1.0,1.0,0.0,/group/ctbrowngrp5/sourmash-db.new/gtdb-rs226/gtdb-rs226-k51.dna.rocksdb,GCA_934591805.1 uncultured Oscillospiraceae bacterium,8debc5a8d30bd9b70d3e293504c7defe,0.0045045045045045045,10000,199,2950000,outputs.mapping/bams.cds.rand/SRR11125497.x.s__JALFVM01 sp022787145.fastq.gz,SRR11125497.x.s__JALFVM01 sp022787145,cfe9c72e,9060000,51,DNA,10000,906,True,0.8750182159363092,0.8994832469384727,0.887250731437391,0.8994832469384727,True,1,2504,3085,d__Bacteria;p__Bacillota;c__Clostridia;o__Oscillospirales;f__Oscillospiraceae;g__Limivicinus;s__Limivicinus sp900546515
10000,0.0011037527593818985,0.003205128205128205,0.0011037527593818985,0.00032414910858995135,1.0,1.0,0.0,/group/ctbrowngrp5/sourmash-db.new/gtdb-rs226/gtdb-rs226-k51.dna.rocksdb,GCA_029218505.1 Eubacteriales bacterium,5cea1717f162ab2efe546b06a5dbff76,0.003205128205128205,10000,200,2940000,outputs.mapping/bams.cds.rand/SRR11125497.x.s__JALFVM01 sp022787145.fastq.gz,SRR11125497.x.s__JALFVM01 sp022787145,cfe9c72e,9060000,51,DNA,10000,906,True,0.8750182159363092,0.8935009281140744,0.8842595720251918,0.8935009281140744,True,1,2505,3085,d__Bacteria;p__Bacillota;c__Clostridia;o__Christensenellales;f__Aristaeellaceae;g__SUG1456;s__SUG1456 sp029218505
10000,0.0011037527593818985,0.005235602094240838,0.0011037527593818985,0.00032414910858995135,1.0,1.0,0.0,/group/ctbrowngrp5/sourmash-db.new/gtdb-rs226/gtdb-rs226-k51.dna.rocksdb,GCA_022773205.1 Clostridiales bacterium,83c0fb229f8311376e46325e6a31ab9a,0.005235602094240838,10000,201,2930000,outputs.mapping/bams.cds.rand/SRR11125497.x.s__JALFVM01 sp022787145.fastq.gz,SRR11125497.x.s__JALFVM01 sp022787145,cfe9c72e,9060000,51,DNA,10000,906,True,0.8750182159363092,0.9021398257330133,0.8885790208346613,0.9021398257330133,True,1,2506,3085,d__Bacteria;p__Bacillota;c__Clostridia;o__Oscillospirales;f__Oscillospiraceae;g__Faecousia;s__Faecousia sp945963595
10000,0.0011037527593818985,0.0035842293906810036,0.0011037527593818985,0.00032414910858995135,1.0,1.0,0.0,/group/ctbrowngrp5/sourmash-db.new/gtdb-rs226/gtdb-rs226-k51.dna.rocksdb,GCA_030539285.1 Eubacteriales bacterium,6957d276be02c412be3a7f224cd5c61a,0.0035842293906810036,10000,202,2920000,outputs.mapping/bams.cds.rand/SRR11125497.x.s__JALFVM01 sp022787145.fastq.gz,SRR11125497.x.s__JALFVM01 sp022787145,cfe9c72e,9060000,51,DNA,10000,906,True,0.8750182159363092,0.8954616198633102,0.8852399178998097,0.8954616198633102,True,1,2507,3085,d__Bacteria;p__Bacillota;c__Clostridia;o__Oscillospirales;f__Oscillospiraceae;g__Faecousia;s__Faecousia sp030539285
120000,0.013245033112582781,0.005319148936170213,0.0011037527593818985,0.0016207455429497568,5.0,5.0,0.0,/group/ctbrowngrp5/sourmash-db.new/gtdb-rs226/gtdb-rs226-k51.dna.rocksdb,GCA_945868135.1 uncultured Ruminococcus sp.,540b5ba125b2078149890cdc23e4a78e,0.06382978723404255,10000,203,2910000,outputs.mapping/bams.cds.rand/SRR11125497.x.s__JALFVM01 sp022787145.fastq.gz,SRR11125497.x.s__JALFVM01 sp022787145,cfe9c72e,9060000,51,DNA,10000,906,True,0.9187080266032169,0.9474778943445911,0.933092960473904,0.9474778943445911,False,5,2512,3085,d__Bacteria;p__Bacillota;c__Clostridia;o__Lachnospirales;f__Lachnospiraceae;g__Blautia_A;s__Blautia_A sp018919065
