intersect_bp,f_orig_query,f_match,f_unique_to_query,f_unique_weighted,average_abund,median_abund,std_abund,filename,name,md5,f_match_orig,unique_intersect_bp,gather_result_rank,remaining_bp,query_filename,query_name,query_md5,query_bp,ksize,moltype,scaled,query_n_hashes,query_abundance,query_containment_ani,match_containment_ani,average_containment_ani,max_containment_ani,potential_false_negative,n_unique_weighted_found,sum_weighted_found,total_weighted_hashes,lineage
690000,0.024528972627088516,0.1806282722513089,0.024528972627088516,0.08359293873312565,25.666666666666668,11.0,45.32608637727499,/group/ctbrowngrp5/sourmash-db.new/gtdb-rs226/gtdb-rs226-k51.dna.rocksdb,GCF_015556245.1 Roseburia faecis,d9d3781bcb4682f82e82dbb3d6f73bbb,0.1806282722513089,690000,0,27440000,outputs.mapping/bams.cds.rand/SRR14369306.x.s__Roseburia inulinivorans.fastq.gz,SRR14369306.x.s__Roseburia inulinivorans,f8f155eb,28130000,51,DNA,10000,2813,True,0.9298760999900757,0.9670015520544795,0.9484388260222776,0.9670015520544795,False,1771,1771,21186,d__Bacteria;p__Bacillota;c__Clostridia;o__Lachnospirales;f__Lachnospiraceae;g__Agathobacter;s__Agathobacter faecis
610000,0.021685033771773908,0.16568047337278108,0.019907571987202274,0.06546776172944398,24.767857142857142,16.0,27.23967109057026,/group/ctbrowngrp5/sourmash-db.new/gtdb-rs226/gtdb-rs226-k51.dna.rocksdb,GCA_022773565.1 Lachnospiraceae bacterium,22fb3c10dc1e4d51a67e4ee1e26e7869,0.1804733727810651,560000,1,26880000,outputs.mapping/bams.cds.rand/SRR14369306.x.s__Roseburia inulinivorans.fastq.gz,SRR14369306.x.s__Roseburia inulinivorans,f8f155eb,28130000,51,DNA,10000,2813,True,0.9276319283472707,0.9669852851906928,0.9473086067689818,0.9669852851906928,False,1387,3158,21186,d__Bacteria;p__Bacillota;c__Clostridia;o__Lachnospirales;f__Lachnospiraceae;g__Agathobacter;s__Agathobacter sp000434275
440000,0.015641663704230358,0.11911357340720222,0.015286171347316033,0.013121872934957047,6.465116279069767,4.0,11.062925382091981,/group/ctbrowngrp5/sourmash-db.new/gtdb-rs226/gtdb-rs226-k51.dna.rocksdb,GCF_022773175.1 Blautia sp.,c0d5f5a2ddcc47af637d94899fac95d6,0.12188365650969529,430000,2,26450000,outputs.mapping/bams.cds.rand/SRR14369306.x.s__Roseburia inulinivorans.fastq.gz,SRR14369306.x.s__Roseburia inulinivorans,f8f155eb,28130000,51,DNA,10000,2813,True,0.9217089046144885,0.9595715478007308,0.9406402262076097,0.9595715478007308,False,278,3436,21186,d__Bacteria;p__Bacillota;c__Clostridia;o__Lachnospirales;f__Lachnospiraceae;g__Blautia_A;s__Blautia_A sp018919065
420000,0.014930678990401706,0.0967741935483871,0.013864201919658727,0.018502784857925045,10.051282051282051,4.0,25.341714589907774,/group/ctbrowngrp5/sourmash-db.new/gtdb-rs226/gtdb-rs226-k51.dna.rocksdb,GCA_022782205.1 Lachnospiraceae bacterium,5d1fe08c84b2c770dab5488addf16ba5,0.10421836228287841,390000,3,26060000,outputs.mapping/bams.cds.rand/SRR14369306.x.s__Roseburia inulinivorans.fastq.gz,SRR14369306.x.s__Roseburia inulinivorans,f8f155eb,28130000,51,DNA,10000,2813,True,0.9208685445576186,0.956630018782876,0.9387492816702473,0.956630018782876,False,392,3828,21186,d__Bacteria;p__Bacillota;c__Clostridia;o__Lachnospirales;f__Lachnospiraceae;g__Oliverpabstia;s__Oliverpabstia sp004556655
670000,0.023817987913259866,0.0886426592797784,0.011375755421258443,0.034598319645048614,22.90625,14.5,38.20451492870313,/group/ctbrowngrp5/sourmash-db.new/gtdb-rs226/gtdb-rs226-k51.dna.rocksdb,GCA_034180265.1 Lachnospiraceae bacterium,01856f1493fd8dad274f74a209cc92f8,0.18559556786703602,320000,4,25740000,outputs.mapping/bams.cds.rand/SRR14369306.x.s__Roseburia inulinivorans.fastq.gz,SRR14369306.x.s__Roseburia inulinivorans,f8f155eb,28130000,51,DNA,10000,2813,True,0.9293399552243317,0.9675160723771703,0.948428013800751,0.9675160723771703,False,733,4561,21186,d__Bacteria;p__Bacillota;c__Clostridia;o__Lachnospirales;f__Lachnospiraceae;g__Agathobacter;s__Agathobacter faecis
350000,0.012442232492001421,0.10437710437710437,0.011020263064344117,0.027329368450863777,18.677419354838708,6.0,53.788346919272506,/group/ctbrowngrp5/sourmash-db.new/gtdb-rs226/gtdb-rs226-k51.dna.rocksdb,GCF_009696065.1 Oliverpabstia intestinalis,73677b2e91ab00f52564bad2dbf630bb,0.11784511784511785,310000,5,25430000,outputs.mapping/bams.cds.rand/SRR14369306.x.s__Roseburia inulinivorans.fastq.gz,SRR14369306.x.s__Roseburia inulinivorans,f8f155eb,28130000,51,DNA,10000,2813,True,0.917582379091844,0.9589377672765838,0.9382600731842139,0.9589377672765838,False,579,5140,21186,d__Bacteria;p__Bacillota;c__Clostridia;o__Lachnospirales;f__Lachnospiraceae;g__Oliverpabstia;s__Oliverpabstia intestinalis
290000,0.010309278350515464,0.09415584415584416,0.010309278350515464,0.010431416973473048,7.620689655172414,2.0,19.645853810363366,/group/ctbrowngrp5/sourmash-db.new/gtdb-rs226/gtdb-rs226-k51.dna.rocksdb,GCF_022786045.1 Roseburia hominis,949d7aec2322feaa8a13b72fec9c8dac,0.09415584415584416,290000,6,25140000,outputs.mapping/bams.cds.rand/SRR14369306.x.s__Roseburia inulinivorans.fastq.gz,SRR14369306.x.s__Roseburia inulinivorans,f8f155eb,28130000,51,DNA,10000,2813,True,0.9142052089616286,0.9547273379432114,0.9344662734524201,0.9547273379432114,False,221,5361,21186,d__Bacteria;p__Bacillota;c__Clostridia;o__Lachnospirales;f__Lachnospiraceae;g__Roseburia;s__Roseburia sp902781225
260000,0.009242801279772485,0.10869565217391304,0.008887308922858158,0.06277730576795998,53.2,63.0,32.2291793255739,/group/ctbrowngrp5/sourmash-db.new/gtdb-rs226/gtdb-rs226-k51.dna.rocksdb,GCA_022774745.1 Lachnobacterium sp.,1595607f01661665cf0f818fe3469e66,0.11304347826086956,250000,7,24890000,outputs.mapping/bams.cds.rand/SRR14369306.x.s__Roseburia inulinivorans.fastq.gz,SRR14369306.x.s__Roseburia inulinivorans,f8f155eb,28130000,51,DNA,10000,2813,True,0.9122498410981593,0.9581559183708176,0.9352028797344885,0.9581559183708176,False,1330,6691,21186,d__Bacteria;p__Bacillota;c__Clostridia;o__Lachnospirales;f__Lachnospiraceae;g__Agathobacter;s__Agathobacter sp900549895
320000,0.011375755421258443,0.06493506493506493,0.008887308922858158,0.008496176720475786,7.2,2.0,9.842763839491425,/group/ctbrowngrp5/sourmash-db.new/gtdb-rs226/gtdb-rs226-k51.dna.rocksdb,GCF_020558615.1 Blautia obeum,5ae3e5922256cb36c35527abd71be0f6,0.08311688311688312,250000,8,24640000,outputs.mapping/bams.cds.rand/SRR14369306.x.s__Roseburia inulinivorans.fastq.gz,SRR14369306.x.s__Roseburia inulinivorans,f8f155eb,28130000,51,DNA,10000,2813,True,0.915971509682305,0.9523957226383981,0.9341836161603516,0.9523957226383981,False,180,6871,21186,d__Bacteria;p__Bacillota;c__Clostridia;o__Lachnospirales;f__Lachnospiraceae;g__Blautia_A;s__Blautia_A obeum
390000,0.013864201919658727,0.053738317757009345,0.008176324209029506,0.02728216746908336,25.130434782608695,3.0,50.20419551827368,/group/ctbrowngrp5/sourmash-db.new/gtdb-rs226/gtdb-rs226-k51.dna.rocksdb,GCA_004562005.1 bacterium,96578991664abd2275b71f54014299fa,0.0911214953271028,230000,9,24410000,outputs.mapping/bams.cds.rand/SRR14369306.x.s__Roseburia inulinivorans.fastq.gz,SRR14369306.x.s__Roseburia inulinivorans,f8f155eb,28130000,51,DNA,10000,2813,True,0.9195314045166466,0.9541143079216311,0.9368228562191389,0.9541143079216311,False,578,7449,21186,d__Bacteria;p__Bacillota;c__Clostridia;o__Lachnospirales;f__Lachnospiraceae;g__Roseburia;s__Roseburia inulinivorans
400000,0.014219694276573054,0.07692307692307693,0.007820831852115179,0.020674030019824412,19.90909090909091,18.0,13.561003887849933,/group/ctbrowngrp5/sourmash-db.new/gtdb-rs226/gtdb-rs226-k51.dna.rocksdb,GCA_022780385.1 Lachnobacterium sp.,9452cb9529ed5241cdd9bfa8fe552a5b,0.13986013986013987,220000,10,24190000,outputs.mapping/bams.cds.rand/SRR14369306.x.s__Roseburia inulinivorans.fastq.gz,SRR14369306.x.s__Roseburia inulinivorans,f8f155eb,28130000,51,DNA,10000,2813,True,0.9199879986154252,0.9621635517779861,0.9410757751967056,0.9621635517779861,False,438,7887,21186,d__Bacteria;p__Bacillota;c__Clostridia;o__Lachnospirales;f__Lachnospiraceae;g__Agathobacter;s__Agathobacter sp900550545
290000,0.010309278350515464,0.0684931506849315,0.007109847138286527,0.010620220900594732,11.25,2.5,16.89045588490731,/group/ctbrowngrp5/sourmash-db.new/gtdb-rs226/gtdb-rs226-k51.dna.rocksdb,GCA_945871485.1 uncultured Ruminococcus sp.,24e4bb1314c2032bd973179df6293331,0.09931506849315068,200000,11,23990000,outputs.mapping/bams.cds.rand/SRR14369306.x.s__Roseburia inulinivorans.fastq.gz,SRR14369306.x.s__Roseburia inulinivorans,f8f155eb,28130000,51,DNA,10000,2813,True,0.9142052089616286,0.9557265048505035,0.934965856906066,0.9557265048505035,False,225,8112,21186,d__Bacteria;p__Bacillota;c__Clostridia;o__Lachnospirales;f__Lachnospiraceae;g__Mediterraneibacter;s__Mediterraneibacter faecis
390000,0.013864201919658727,0.04081632653061224,0.006398862424457874,0.009534598319645048,11.222222222222221,6.0,16.229450444435727,/group/ctbrowngrp5/sourmash-db.new/gtdb-rs226/gtdb-rs226-k51.dna.rocksdb,GCF_018785545.1 Blautia wexlerae,b6bd1acc9eae3940d4731b5f80b3faca,0.08843537414965986,180000,12,23810000,outputs.mapping/bams.cds.rand/SRR14369306.x.s__Roseburia inulinivorans.fastq.gz,SRR14369306.x.s__Roseburia inulinivorans,f8f155eb,28130000,51,DNA,10000,2813,True,0.9195314045166466,0.9535546936126601,0.9365430490646534,0.9535546936126601,False,202,8314,21186,d__Bacteria;p__Bacillota;c__Clostridia;o__Lachnospirales;f__Lachnospiraceae;g__Blautia_A;s__Blautia_A wexlerae
170000,0.006043370067543548,0.06692913385826772,0.006043370067543548,0.009015387520060418,11.235294117647058,12.0,6.629075099755674,/group/ctbrowngrp5/sourmash-db.new/gtdb-rs226/gtdb-rs226-k51.dna.rocksdb,GCA_022783565.1 Lachnospiraceae bacterium,29d683012b3343f902bec23436ff5eb7,0.06692913385826772,170000,13,23640000,outputs.mapping/bams.cds.rand/SRR14369306.x.s__Roseburia inulinivorans.fastq.gz,SRR14369306.x.s__Roseburia inulinivorans,f8f155eb,28130000,51,DNA,10000,2813,True,0.9046814186291674,0.9483591683793445,0.926520293504256,0.9483591683793445,False,191,8505,21186,d__Bacteria;p__Bacillota;c__Clostridia;o__Lachnospirales;f__Lachnospiraceae;g__Agathobacter;s__Agathobacter sp900316805
270000,0.009598293636686812,0.05362776025236593,0.006043370067543548,0.006136127631454734,7.647058823529412,6.0,7.707453813721976,/group/ctbrowngrp5/sourmash-db.new/gtdb-rs226/gtdb-rs226-k51.dna.rocksdb,GCA_945875725.1 uncultured Lachnobacterium sp.,83b26b3ecba40384faa17471b2a815ba,0.08517350157728706,170000,14,23470000,outputs.mapping/bams.cds.rand/SRR14369306.x.s__Roseburia inulinivorans.fastq.gz,SRR14369306.x.s__Roseburia inulinivorans,f8f155eb,28130000,51,DNA,10000,2813,True,0.9129251616872556,0.9528522821330832,0.9328887219101694,0.9528522821330832,False,130,8635,21186,d__Bacteria;p__Bacillota;c__Clostridia;o__Lachnospirales;f__Lachnospiraceae;g__Agathobacter;s__Agathobacter sp905209075
160000,0.005687877710629221,0.05776173285198556,0.005687877710629221,0.0023128481072406306,3.0625,2.5,2.4101024355823553,/group/ctbrowngrp5/sourmash-db.new/gtdb-rs226/gtdb-rs226-k51.dna.rocksdb,GCA_008673695.1 Fusicatenibacter saccharivorans,1477c294e300a4adddb0b4521e9eaa5f,0.05776173285198556,160000,15,23310000,outputs.mapping/bams.cds.rand/SRR14369306.x.s__Roseburia inulinivorans.fastq.gz,SRR14369306.x.s__Roseburia inulinivorans,f8f155eb,28130000,51,DNA,10000,2813,True,0.9036066464020236,0.9456238899568252,0.9246152681794244,0.9456238899568252,False,49,8684,21186,d__Bacteria;p__Bacillota;c__Clostridia;o__Lachnospirales;f__Lachnospiraceae;g__Fusicatenibacter;s__Fusicatenibacter saccharivorans
260000,0.009242801279772485,0.0398936170212766,0.005332385353714895,0.009298593410742944,13.133333333333333,2.0,39.02625896609729,/group/ctbrowngrp5/sourmash-db.new/gtdb-rs226/gtdb-rs226-k51.dna.rocksdb,GCF_900638755.1 uncultured Blautia sp.,6aab0f836d1b7491eb38c93205cada20,0.06914893617021277,150000,16,23160000,outputs.mapping/bams.cds.rand/SRR14369306.x.s__Roseburia inulinivorans.fastq.gz,SRR14369306.x.s__Roseburia inulinivorans,f8f155eb,28130000,51,DNA,10000,2813,True,0.9122498410981593,0.9489660951358676,0.9306079681170134,0.9489660951358676,False,197,8881,21186,d__Bacteria;p__Bacillota;c__Clostridia;o__Lachnospirales;f__Lachnospiraceae;g__Blautia_A;s__Blautia_A fusiformis
160000,0.005687877710629221,0.06140350877192982,0.004976892996800568,0.010337015009912206,15.642857142857142,6.5,25.342249147160057,/group/ctbrowngrp5/sourmash-db.new/gtdb-rs226/gtdb-rs226-k51.dna.rocksdb,GCA_945867955.1 uncultured Clostridia bacterium,63ab50c3aef8bec83975bc071f715940,0.07017543859649122,140000,17,23020000,outputs.mapping/bams.cds.rand/SRR14369306.x.s__Roseburia inulinivorans.fastq.gz,SRR14369306.x.s__Roseburia inulinivorans,f8f155eb,28130000,51,DNA,10000,2813,True,0.9036066464020236,0.9492403245239865,0.9264234854630051,0.9492403245239865,False,219,9100,21186,d__Bacteria;p__Bacillota;c__Clostridia;o__Oscillospirales;f__Oscillospiraceae;g__Vescimonas;s__Vescimonas sp003487665
470000,0.01670814077497334,0.03825136612021858,0.004976892996800568,0.013169073916737469,19.928571428571427,12.5,26.445264998035594,/group/ctbrowngrp5/sourmash-db.new/gtdb-rs226/gtdb-rs226-k51.dna.rocksdb,GCA_902363675.1 Lachnospiraceae bacterium,ac960028eaa927f2a1488994266a8e78,0.1284153005464481,140000,18,22880000,outputs.mapping/bams.cds.rand/SRR14369306.x.s__Roseburia inulinivorans.fastq.gz,SRR14369306.x.s__Roseburia inulinivorans,f8f155eb,28130000,51,DNA,10000,2813,True,0.9229017158981924,0.9605542491360591,0.9417279825171258,0.9605542491360591,False,279,9379,21186,d__Bacteria;p__Bacillota;c__Clostridia;o__Lachnospirales;f__Lachnospiraceae;g__Agathobacter;s__Agathobacter sp000434275
200000,0.007109847138286527,0.040880503144654086,0.004621400639886242,0.0020296422165581043,3.3076923076923075,2.0,4.33917070036014,/group/ctbrowngrp5/sourmash-db.new/gtdb-rs226/gtdb-rs226-k51.dna.rocksdb,GCF_040097225.1 Dorea longicatena,22487b86083fb5f3c36695feda809b0f,0.06289308176100629,130000,19,22750000,outputs.mapping/bams.cds.rand/SRR14369306.x.s__Roseburia inulinivorans.fastq.gz,SRR14369306.x.s__Roseburia inulinivorans,f8f155eb,28130000,51,DNA,10000,2813,True,0.9075689160324693,0.9472032808138899,0.9273860984231797,0.9472032808138899,False,43,9422,21186,d__Bacteria;p__Bacillota;c__Clostridia;o__Lachnospirales;f__Lachnospiraceae;g__Dorea_A;s__Dorea_A longicatena
190000,0.0067543547813722,0.0449438202247191,0.004265908282971916,0.0021240441801189465,3.75,3.5,2.553592241007427,/group/ctbrowngrp5/sourmash-db.new/gtdb-rs226/gtdb-rs226-k51.dna.rocksdb,GCA_034089445.1 Bariatricus sp.,9d20418ff58b4b6be00dd7d677cf98ec,0.07116104868913857,120000,20,22630000,outputs.mapping/bams.cds.rand/SRR14369306.x.s__Roseburia inulinivorans.fastq.gz,SRR14369306.x.s__Roseburia inulinivorans,f8f155eb,28130000,51,DNA,10000,2813,True,0.9066565866702018,0.9494999535673252,0.9280782701187635,0.9494999535673252,False,45,9467,21186,d__Bacteria;p__Bacillota;c__Clostridia;o__Lachnospirales;f__Lachnospiraceae;g__Bariatricus;s__Bariatricus sp004560705
210000,0.007465339495200853,0.024774774774774775,0.0039104159260575895,0.021618049655432833,41.63636363636363,4.0,58.75259797315385,/group/ctbrowngrp5/sourmash-db.new/gtdb-rs226/gtdb-rs226-k51.dna.rocksdb,GCF_020731525.1 Roseburia inulinivorans DSM 16841,b1e9f68d57ff5c0cb20a4cb3ad79b686,0.0472972972972973,110000,21,22520000,outputs.mapping/bams.cds.rand/SRR14369306.x.s__Roseburia inulinivorans.fastq.gz,SRR14369306.x.s__Roseburia inulinivorans,f8f155eb,28130000,51,DNA,10000,2813,True,0.9084375753274555,0.9419251619962071,0.9251813686618313,0.9419251619962071,False,458,9925,21186,d__Bacteria;p__Bacillota;c__Clostridia;o__Lachnospirales;f__Lachnospiraceae;g__Roseburia;s__Roseburia inulinivorans
110000,0.0039104159260575895,0.039285714285714285,0.0039104159260575895,0.0018880392712168413,3.6363636363636362,4.0,2.1436047495548354,/group/ctbrowngrp5/sourmash-db.new/gtdb-rs226/gtdb-rs226-k51.dna.rocksdb,GCA_945875305.1 uncultured bacterium,c0627fd5e7ebd69e8a50b546f52e0d2a,0.039285714285714285,110000,22,22410000,outputs.mapping/bams.cds.rand/SRR14369306.x.s__Roseburia inulinivorans.fastq.gz,SRR14369306.x.s__Roseburia inulinivorans,f8f155eb,28130000,51,DNA,10000,2813,True,0.8969922388272394,0.9385036664205152,0.9177479526238773,0.9385036664205152,False,40,9965,21186,d__Bacteria;p__Bacillota;c__Clostridia;o__Lachnospirales;f__Lachnospiraceae;g__W0P33-017;s__W0P33-017 sp945828315
560000,0.019907571987202274,0.04296875,0.0039104159260575895,0.010289814028131785,19.818181818181817,11.0,26.07966181396106,/group/ctbrowngrp5/sourmash-db.new/gtdb-rs226/gtdb-rs226-k51.dna.rocksdb,GCA_004552255.1 Agathobacter rectalis,cf564381f3bcee2c36b995ec201ba9c6,0.21875,110000,23,22300000,outputs.mapping/bams.cds.rand/SRR14369306.x.s__Roseburia inulinivorans.fastq.gz,SRR14369306.x.s__Roseburia inulinivorans,f8f155eb,28130000,51,DNA,10000,2813,True,0.9260776809202316,0.9706391519164236,0.9483584164183276,0.9706391519164236,False,218,10183,21186,d__Bacteria;p__Bacillota;c__Clostridia;o__Lachnospirales;f__Lachnospiraceae;g__Agathobacter;s__Agathobacter faecis
110000,0.0039104159260575895,0.02925531914893617,0.0039104159260575895,0.016709147550269046,32.18181818181818,8.0,79.5085109015703,/group/ctbrowngrp5/sourmash-db.new/gtdb-rs226/gtdb-rs226-k51.dna.rocksdb,GCA_037065365.1 Prevotella sp.,605b0cec1d5e057a79649508b53f6ab4,0.02925531914893617,110000,24,22190000,outputs.mapping/bams.cds.rand/SRR14369306.x.s__Roseburia inulinivorans.fastq.gz,SRR14369306.x.s__Roseburia inulinivorans,f8f155eb,28130000,51,DNA,10000,2813,True,0.8969922388272394,0.9330944045135472,0.9150433216703933,0.9330944045135472,False,354,10537,21186,d__Bacteria;p__Bacteroidota;c__Bacteroidia;o__Bacteroidales;f__Bacteroidaceae;g__Prevotella;s__Prevotella sp900546535
110000,0.0039104159260575895,0.030985915492957747,0.0039104159260575895,0.0020768431983385254,4.0,3.0,3.7172815091383407,/group/ctbrowngrp5/sourmash-db.new/gtdb-rs226/gtdb-rs226-k51.dna.rocksdb,GCA_022774705.1 Lachnospiraceae bacterium,49346c0de6dcbf8ee009382e92c39e27,0.030985915492957747,110000,25,22080000,outputs.mapping/bams.cds.rand/SRR14369306.x.s__Roseburia inulinivorans.fastq.gz,SRR14369306.x.s__Roseburia inulinivorans,f8f155eb,28130000,51,DNA,10000,2813,True,0.8969922388272394,0.9341464912881551,0.9155693650576973,0.9341464912881551,False,44,10581,21186,d__Bacteria;p__Bacillota;c__Clostridia;o__Lachnospirales;f__Lachnospiraceae;g__TWA4;s__TWA4 sp022774705
250000,0.008887308922858158,0.02956989247311828,0.0039104159260575895,0.012177853299348626,23.454545454545453,5.0,33.347655325412,/group/ctbrowngrp5/sourmash-db.new/gtdb-rs226/gtdb-rs226-k51.dna.rocksdb,GCA_022771455.1 bacterium,b87e98acd3536e5eafa858e07ab2c6b5,0.06720430107526881,110000,26,21970000,outputs.mapping/bams.cds.rand/SRR14369306.x.s__Roseburia inulinivorans.fastq.gz,SRR14369306.x.s__Roseburia inulinivorans,f8f155eb,28130000,51,DNA,10000,2813,True,0.9115485600156676,0.9484354658938585,0.9299920129547631,0.9484354658938585,False,258,10839,21186,d__Bacteria;p__Bacillota;c__Clostridia;o__Lachnospirales;f__Lachnospiraceae;g__Roseburia;s__Roseburia inulinivorans
240000,0.008531816565943833,0.02564102564102564,0.0035549235691432635,0.0047200981780421035,10.0,2.0,12.222929272478018,/group/ctbrowngrp5/sourmash-db.new/gtdb-rs226/gtdb-rs226-k51.dna.rocksdb,GCF_027662245.1 Coprococcus catus,0b20c78454b02892056a8dfc93e91437,0.06153846153846154,100000,27,21870000,outputs.mapping/bams.cds.rand/SRR14369306.x.s__Roseburia inulinivorans.fastq.gz,SRR14369306.x.s__Roseburia inulinivorans,f8f155eb,28130000,51,DNA,10000,2813,True,0.910819219980795,0.9467989707673612,0.9288090953740781,0.9467989707673612,False,100,10939,21186,d__Bacteria;p__Bacillota;c__Clostridia;o__Lachnospirales;f__Lachnospiraceae;g__Coprococcus_A;s__Coprococcus_A intestinihominis
240000,0.008531816565943833,0.019027484143763214,0.003199431212228937,0.007080147267063155,16.666666666666668,10.0,20.17148702720969,/group/ctbrowngrp5/sourmash-db.new/gtdb-rs226/gtdb-rs226-k51.dna.rocksdb,GCF_039060295.1 Ruminococcus sp. 2227st1_E6_2227SCRN_220401,3b736584ca7d51c5e97ffcc914537695,0.0507399577167019,90000,28,21780000,outputs.mapping/bams.cds.rand/SRR14369306.x.s__Roseburia inulinivorans.fastq.gz,SRR14369306.x.s__Roseburia inulinivorans,f8f155eb,28130000,51,DNA,10000,2813,True,0.910819219980795,0.9432237071595122,0.9270214635701536,0.9432237071595122,False,150,11089,21186,d__Bacteria;p__Bacillota;c__Clostridia;o__Lachnospirales;f__Lachnospiraceae;g__Blautia_A;s__Blautia_A faecis
90000,0.003199431212228937,0.03169014084507042,0.003199431212228937,0.0012272255262909468,2.888888888888889,3.0,1.5947444549341472,/group/ctbrowngrp5/sourmash-db.new/gtdb-rs226/gtdb-rs226-k51.dna.rocksdb,GCA_034089385.1 Agathobacter sp.,44237a4c8655014b6ae0241bc582283b,0.03169014084507042,90000,29,21690000,outputs.mapping/bams.cds.rand/SRR14369306.x.s__Roseburia inulinivorans.fastq.gz,SRR14369306.x.s__Roseburia inulinivorans,f8f155eb,28130000,51,DNA,10000,2813,True,0.8934697604835898,0.9345582082554433,0.9140139843695165,0.9345582082554433,False,26,11115,21186,d__Bacteria;p__Bacillota;c__Clostridia;o__Lachnospirales;f__Lachnospiraceae;g__Agathobacter;s__Agathobacter sp900548765
160000,0.005687877710629221,0.01932367149758454,0.0028439388553146107,0.0022184461436797883,5.875,4.0,5.158427570490837,/group/ctbrowngrp5/sourmash-db.new/gtdb-rs226/gtdb-rs226-k51.dna.rocksdb,GCA_041403625.1 Lachnospiraceae bacterium,d328a9231550f8c4b87974e81fab145e,0.03864734299516908,80000,30,21610000,outputs.mapping/bams.cds.rand/SRR14369306.x.s__Roseburia inulinivorans.fastq.gz,SRR14369306.x.s__Roseburia inulinivorans,f8f155eb,28130000,51,DNA,10000,2813,True,0.9036066464020236,0.938202235786451,0.9209044410942373,0.938202235786451,False,47,11162,21186,d__Bacteria;p__Bacillota;c__Clostridia;o__Lachnospirales;f__Lachnospiraceae;g__Acetatifactor;s__Acetatifactor acetigignens
150000,0.005332385353714895,0.025396825396825397,0.0028439388553146107,0.0010856225809496838,2.875,2.0,2.0879116360612584,/group/ctbrowngrp5/sourmash-db.new/gtdb-rs226/gtdb-rs226-k51.dna.rocksdb,GCF_013301365.1 Dorea formicigenerans,6c78dcfc35c9355922b1e552816e9604,0.047619047619047616,80000,31,21530000,outputs.mapping/bams.cds.rand/SRR14369306.x.s__Roseburia inulinivorans.fastq.gz,SRR14369306.x.s__Roseburia inulinivorans,f8f155eb,28130000,51,DNA,10000,2813,True,0.9024638904611972,0.9420503851773752,0.9222571378192862,0.9420503851773752,False,23,11185,21186,d__Bacteria;p__Bacillota;c__Clostridia;o__Lachnospirales;f__Lachnospiraceae;g__Dorea;s__Dorea formicigenerans
80000,0.0028439388553146107,0.027874564459930314,0.0028439388553146107,0.0006136127631454734,1.625,2.0,0.4841229182759271,/group/ctbrowngrp5/sourmash-db.new/gtdb-rs226/gtdb-rs226-k51.dna.rocksdb,GCA_034094575.1 Lachnospiraceae bacterium,df501f54e1dc601a12b6cbbdf7f9304f,0.027874564459930314,80000,32,21450000,outputs.mapping/bams.cds.rand/SRR14369306.x.s__Roseburia inulinivorans.fastq.gz,SRR14369306.x.s__Roseburia inulinivorans,f8f155eb,28130000,51,DNA,10000,2813,True,0.8914086986232876,0.9322102720440401,0.9118094853336638,0.9322102720440401,False,13,11198,21186,d__Bacteria;p__Bacillota;c__Clostridia;o__Lachnospirales;f__Lachnospiraceae;g__Muricoprocola;s__Muricoprocola aceti
190000,0.0067543547813722,0.024615384615384615,0.0028439388553146107,0.0026904559614839988,7.125,5.0,5.035809269620922,/group/ctbrowngrp5/sourmash-db.new/gtdb-rs226/gtdb-rs226-k51.dna.rocksdb,GCA_034086425.1 Oliverpabstia sp.,3e5d4b4fde161cf88ed9a189925e3d4b,0.05846153846153846,80000,33,21370000,outputs.mapping/bams.cds.rand/SRR14369306.x.s__Roseburia inulinivorans.fastq.gz,SRR14369306.x.s__Roseburia inulinivorans,f8f155eb,28130000,51,DNA,10000,2813,True,0.9066565866702018,0.9458472055780334,0.9262518961241175,0.9458472055780334,False,57,11255,21186,d__Bacteria;p__Bacillota;c__Clostridia;o__Lachnospirales;f__Lachnospiraceae;g__Oliverpabstia;s__Oliverpabstia sp022764165
660000,0.02346249555634554,0.028268551236749116,0.0028439388553146107,0.0037288775606532615,9.875,9.0,7.55707450009592,/group/ctbrowngrp5/sourmash-db.new/gtdb-rs226/gtdb-rs226-k51.dna.rocksdb,GCA_945872345.1 uncultured Lachnobacterium sp.,457bb6d5868e4527f155cd6e50ed2c84,0.2332155477031802,80000,34,21290000,outputs.mapping/bams.cds.rand/SRR14369306.x.s__Roseburia inulinivorans.fastq.gz,SRR14369306.x.s__Roseburia inulinivorans,f8f155eb,28130000,51,DNA,10000,2813,True,0.9290659701243664,0.9718586137296465,0.9504622919270065,0.9718586137296465,False,79,11334,21186,d__Bacteria;p__Bacillota;c__Clostridia;o__Lachnospirales;f__Lachnospiraceae;g__Agathobacter;s__Agathobacter faecis
180000,0.006398862424457874,0.02364864864864865,0.002488446498400284,0.0011328235627301047,3.4285714285714284,2.0,3.499271061118826,/group/ctbrowngrp5/sourmash-db.new/gtdb-rs226/gtdb-rs226-k51.dna.rocksdb,GCF_040909585.1 Agathobacter rectalis,c88535467b9fa3a5ce9b86a81e46c8ca,0.060810810810810814,70000,35,21220000,outputs.mapping/bams.cds.rand/SRR14369306.x.s__Roseburia inulinivorans.fastq.gz,SRR14369306.x.s__Roseburia inulinivorans,f8f155eb,28130000,51,DNA,10000,2813,True,0.905695911627381,0.9465781735225115,0.9261370425749462,0.9465781735225115,False,24,11358,21186,d__Bacteria;p__Bacillota;c__Clostridia;o__Lachnospirales;f__Lachnospiraceae;g__Agathobacter;s__Agathobacter rectalis
210000,0.007465339495200853,0.019886363636363636,0.002488446498400284,0.0009440196356084206,2.857142857142857,2.0,1.8070158058105024,/group/ctbrowngrp5/sourmash-db.new/gtdb-rs226/gtdb-rs226-k51.dna.rocksdb,GCA_027664045.1 Lachnospiraceae bacterium AF98-51,f0163cbae84ab386636b21362676ec5a,0.05965909090909091,70000,36,21150000,outputs.mapping/bams.cds.rand/SRR14369306.x.s__Roseburia inulinivorans.fastq.gz,SRR14369306.x.s__Roseburia inulinivorans,f8f155eb,28130000,51,DNA,10000,2813,True,0.9084375753274555,0.946223346700014,0.9273304610137347,0.946223346700014,False,20,11378,21186,d__Bacteria;p__Bacillota;c__Clostridia;o__Lachnospirales;f__Lachnospiraceae;g__Blautia_A;s__Blautia_A sp003471165
100000,0.0035549235691432635,0.01912568306010929,0.002488446498400284,0.004672897196261682,14.142857142857142,14.0,11.957407404480902,/group/ctbrowngrp5/sourmash-db.new/gtdb-rs226/gtdb-rs226-k51.dna.rocksdb,GCA_958420865.1 uncultured Prevotella sp.,4f3aa286191a36cd867f351d7a3b44a3,0.0273224043715847,70000,37,21080000,outputs.mapping/bams.cds.rand/SRR14369306.x.s__Roseburia inulinivorans.fastq.gz,SRR14369306.x.s__Roseburia inulinivorans,f8f155eb,28130000,51,DNA,10000,2813,True,0.8953174808671256,0.9318446328119935,0.9135810568395595,0.9318446328119935,False,99,11477,21186,d__Bacteria;p__Bacteroidota;c__Bacteroidia;o__Bacteroidales;f__Bacteroidaceae;g__Prevotella;s__Prevotella sinensis
80000,0.0028439388553146107,0.021341463414634148,0.002488446498400284,0.005569715850089682,16.857142857142858,2.0,36.40026911764163,/group/ctbrowngrp5/sourmash-db.new/gtdb-rs226/gtdb-rs226-k51.dna.rocksdb,GCA_022773965.1 Lachnospiraceae bacterium,8da97a9192c3505456cacd3cea851a94,0.024390243902439025,70000,38,21010000,outputs.mapping/bams.cds.rand/SRR14369306.x.s__Roseburia inulinivorans.fastq.gz,SRR14369306.x.s__Roseburia inulinivorans,f8f155eb,28130000,51,DNA,10000,2813,True,0.8914086986232876,0.9297726932561785,0.9105906959397331,0.9297726932561785,False,118,11595,21186,d__Bacteria;p__Bacillota;c__Clostridia;o__Lachnospirales;f__Lachnospiraceae;g__W0P33-017;s__W0P33-017 sp022773965
120000,0.004265908282971916,0.026415094339622643,0.002488446498400284,0.01326347588029831,40.142857142857146,19.0,43.125824452338044,/group/ctbrowngrp5/sourmash-db.new/gtdb-rs226/gtdb-rs226-k51.dna.rocksdb,GCA_022782345.1 Lachnospiraceae bacterium,4dd2cb8745c0d2cd66e5d952d88ce9ec,0.045283018867924525,70000,39,20940000,outputs.mapping/bams.cds.rand/SRR14369306.x.s__Roseburia inulinivorans.fastq.gz,SRR14369306.x.s__Roseburia inulinivorans,f8f155eb,28130000,51,DNA,10000,2813,True,0.8985239083809601,0.941121709301408,0.9198228088411841,0.941121709301408,False,281,11876,21186,d__Bacteria;p__Bacillota;c__Clostridia;o__Lachnospirales;f__Lachnospiraceae;g__Suilimivivens;s__Suilimivivens sp017622575
260000,0.009242801279772485,0.021406727828746176,0.002488446498400284,0.0005664117813650524,1.7142857142857142,2.0,0.45175395145262565,/group/ctbrowngrp5/sourmash-db.new/gtdb-rs226/gtdb-rs226-k51.dna.rocksdb,GCA_945828285.1 Blautia obeum,5ae75aa2df72670a81c6d330677c44ff,0.07951070336391437,70000,40,20870000,outputs.mapping/bams.cds.rand/SRR14369306.x.s__Roseburia inulinivorans.fastq.gz,SRR14369306.x.s__Roseburia inulinivorans,f8f155eb,28130000,51,DNA,10000,2813,True,0.9122498410981593,0.9515677561464736,0.9319087986223165,0.9515677561464736,False,12,11888,21186,d__Bacteria;p__Bacillota;c__Clostridia;o__Lachnospirales;f__Lachnospiraceae;g__Blautia_A;s__Blautia_A obeum
100000,0.0035549235691432635,0.020477815699658702,0.002132954141485958,0.0010384215991692627,3.6666666666666665,4.0,2.1343747458109497,/group/ctbrowngrp5/sourmash-db.new/gtdb-rs226/gtdb-rs226-k51.dna.rocksdb,GCA_003481585.1 Clostridium sp. OM07-9AC,e7e3f95269477afdb4bd25c2c1981a13,0.034129692832764506,60000,41,20810000,outputs.mapping/bams.cds.rand/SRR14369306.x.s__Roseburia inulinivorans.fastq.gz,SRR14369306.x.s__Roseburia inulinivorans,f8f155eb,28130000,51,DNA,10000,2813,True,0.8953174808671256,0.9359181937194397,0.9156178372932826,0.9359181937194397,False,22,11910,21186,d__Bacteria;p__Bacillota;c__Clostridia;o__Lachnospirales;f__Lachnospiraceae;g__Jutongia;s__Jutongia huaianensis
150000,0.005332385353714895,0.01834862385321101,0.002132954141485958,0.0019824412347776836,7.0,2.0,10.36018017861337,/group/ctbrowngrp5/sourmash-db.new/gtdb-rs226/gtdb-rs226-k51.dna.rocksdb,GCA_003435435.1 Ruminococcus sp. TF10-6,bbe0113516224a31853f0383811164f2,0.045871559633027525,60000,42,20750000,outputs.mapping/bams.cds.rand/SRR14369306.x.s__Roseburia inulinivorans.fastq.gz,SRR14369306.x.s__Roseburia inulinivorans,f8f155eb,28130000,51,DNA,10000,2813,True,0.9024638904611972,0.9413600316067089,0.921911961033953,0.9413600316067089,False,42,11952,21186,d__Bacteria;p__Bacillota;c__Clostridia;o__Lachnospirales;f__Lachnospiraceae;g__Mediterraneibacter;s__Mediterraneibacter faecis
60000,0.002132954141485958,0.022222222222222223,0.002132954141485958,0.005805720758991787,20.5,4.5,36.94026709883583,/group/ctbrowngrp5/sourmash-db.new/gtdb-rs226/gtdb-rs226-k51.dna.rocksdb,GCA_022767895.1 Eubacterium sp.,da9cb405b3ad62bfb2b64a42aa834a4a,0.022222222222222223,60000,43,20690000,outputs.mapping/bams.cds.rand/SRR14369306.x.s__Roseburia inulinivorans.fastq.gz,SRR14369306.x.s__Roseburia inulinivorans,f8f155eb,28130000,51,DNA,10000,2813,True,0.8863945733920933,0.9280771248488988,0.907235849120496,0.9280771248488988,True,123,12075,21186,d__Bacteria;p__Bacillota;c__Clostridia;o__Lachnospirales;f__Lachnospiraceae;g__Eubacterium_F;s__Eubacterium_F sp022767895
140000,0.004976892996800568,0.020202020202020204,0.002132954141485958,0.002973661852166525,10.5,3.0,14.545904349105742,/group/ctbrowngrp5/sourmash-db.new/gtdb-rs226/gtdb-rs226-k51.dna.rocksdb,GCF_034118965.1 Faecalimonas umbilicata,3f54c718e01ccdb30ebcdbff53c1f47b,0.04713804713804714,60000,44,20630000,outputs.mapping/bams.cds.rand/SRR14369306.x.s__Roseburia inulinivorans.fastq.gz,SRR14369306.x.s__Roseburia inulinivorans,f8f155eb,28130000,51,DNA,10000,2813,True,0.9012438614597266,0.9418628735386956,0.9215533674992111,0.9418628735386956,False,63,12138,21186,d__Bacteria;p__Bacillota;c__Clostridia;o__Lachnospirales;f__Lachnospiraceae;g__Faecalimonas;s__Faecalimonas umbilicata
360000,0.012797724848915748,0.01935483870967742,0.002132954141485958,0.0039176814877749455,13.833333333333334,11.0,8.153049872423338,/group/ctbrowngrp5/sourmash-db.new/gtdb-rs226/gtdb-rs226-k51.dna.rocksdb,GCA_945928535.1 uncultured Lachnobacterium sp.,8cb853e737d0b5af4be07af6c36af861,0.11612903225806452,60000,45,20570000,outputs.mapping/bams.cds.rand/SRR14369306.x.s__Roseburia inulinivorans.fastq.gz,SRR14369306.x.s__Roseburia inulinivorans,f8f155eb,28130000,51,DNA,10000,2813,True,0.9180893642047538,0.9586619848179938,0.9383756745113738,0.9586619848179938,False,83,12221,21186,d__Bacteria;p__Bacillota;c__Clostridia;o__Lachnospirales;f__Lachnospiraceae;g__Agathobacter;s__Agathobacter sp900550545
70000,0.002488446498400284,0.03015075376884422,0.002132954141485958,0.006796941376380629,24.0,2.0,49.642052066099495,/group/ctbrowngrp5/sourmash-db.new/gtdb-rs226/gtdb-rs226-k51.dna.rocksdb,GCA_029006955.1 Lachnospiraceae bacterium,26eafab903384516aa3d1da86dc3a69f,0.035175879396984924,60000,46,20510000,outputs.mapping/bams.cds.rand/SRR14369306.x.s__Roseburia inulinivorans.fastq.gz,SRR14369306.x.s__Roseburia inulinivorans,f8f155eb,28130000,51,DNA,10000,2813,True,0.8890778093376387,0.9364724367560557,0.9127751230468473,0.9364724367560557,False,144,12365,21186,d__Bacteria;p__Bacillota;c__Clostridia;o__Lachnospirales;f__Lachnospiraceae;g__Agathobacter;s__Agathobacter sp022775045
70000,0.002488446498400284,0.024096385542168676,0.002132954141485958,0.001416029453412631,5.0,1.5,5.686240703077327,/group/ctbrowngrp5/sourmash-db.new/gtdb-rs226/gtdb-rs226-k51.dna.rocksdb,GCA_945913035.1 uncultured Lachnospiraceae bacterium,a02b8b1755705a18eacc9ed0c26ba9d2,0.028112449799196786,60000,47,20450000,outputs.mapping/bams.cds.rand/SRR14369306.x.s__Roseburia inulinivorans.fastq.gz,SRR14369306.x.s__Roseburia inulinivorans,f8f155eb,28130000,51,DNA,10000,2813,True,0.8890778093376387,0.9323656154668517,0.9107217124022452,0.9323656154668517,False,30,12395,21186,d__Bacteria;p__Bacillota;c__Clostridia;o__Lachnospirales;f__Lachnospiraceae;g__CAG-194;s__CAG-194 sp000432915
260000,0.009242801279772485,0.015625,0.002132954141485958,0.0009440196356084206,3.3333333333333335,2.0,3.1972210155418126,/group/ctbrowngrp5/sourmash-db.new/gtdb-rs226/gtdb-rs226-k51.dna.rocksdb,GCA_900066745.1 uncultured Blautia sp.,b0c65a51d0945a7f1e9ea7f4aef6ada9,0.06770833333333333,60000,48,20390000,outputs.mapping/bams.cds.rand/SRR14369306.x.s__Roseburia inulinivorans.fastq.gz,SRR14369306.x.s__Roseburia inulinivorans,f8f155eb,28130000,51,DNA,10000,2813,True,0.9122498410981593,0.9485744314436302,0.9304121362708948,0.9485744314436302,False,20,12415,21186,d__Bacteria;p__Bacillota;c__Clostridia;o__Lachnospirales;f__Lachnospiraceae;g__Oliverpabstia;s__Oliverpabstia intestinalis
60000,0.002132954141485958,0.020905923344947737,0.002132954141485958,0.0017936373076559993,6.333333333333333,7.0,4.307615994440028,/group/ctbrowngrp5/sourmash-db.new/gtdb-rs226/gtdb-rs226-k51.dna.rocksdb,GCA_019409185.1 Prevotella sp.,27bbb5917c53702ca83e9c270eaf48df,0.020905923344947737,60000,49,20330000,outputs.mapping/bams.cds.rand/SRR14369306.x.s__Roseburia inulinivorans.fastq.gz,SRR14369306.x.s__Roseburia inulinivorans,f8f155eb,28130000,51,DNA,10000,2813,True,0.8863945733920933,0.9269666401913853,0.9066806067917392,0.9269666401913853,True,38,12453,21186,d__Bacteria;p__Bacteroidota;c__Bacteroidia;o__Bacteroidales;f__Bacteroidaceae;g__Prevotella;s__Prevotella sp000436035
140000,0.004976892996800568,0.02027027027027027,0.002132954141485958,0.00136882847163221,4.833333333333333,3.5,3.435921354681384,/group/ctbrowngrp5/sourmash-db.new/gtdb-rs226/gtdb-rs226-k51.dna.rocksdb,GCA_027665345.1 Lachnospiraceae bacterium AF88-01pH10A,11d08d4dc2d34501f5fc3edbfe51380c,0.0472972972972973,60000,50,20270000,outputs.mapping/bams.cds.rand/SRR14369306.x.s__Roseburia inulinivorans.fastq.gz,SRR14369306.x.s__Roseburia inulinivorans,f8f155eb,28130000,51,DNA,10000,2813,True,0.9012438614597266,0.9419251619962071,0.9215845117279668,0.9419251619962071,False,29,12482,21186,d__Bacteria;p__Bacillota;c__Clostridia;o__Lachnospirales;f__Lachnospiraceae;g__Roseburia_C;s__Roseburia_C amylophila
60000,0.002132954141485958,0.02127659574468085,0.002132954141485958,0.0006136127631454734,2.1666666666666665,2.0,1.0671873729054748,/group/ctbrowngrp5/sourmash-db.new/gtdb-rs226/gtdb-rs226-k51.dna.rocksdb,GCA_022768825.1 Lachnospiraceae bacterium,996d0b199bc10450f9e9feb425b5a91a,0.02127659574468085,60000,51,20210000,outputs.mapping/bams.cds.rand/SRR14369306.x.s__Roseburia inulinivorans.fastq.gz,SRR14369306.x.s__Roseburia inulinivorans,f8f155eb,28130000,51,DNA,10000,2813,True,0.8863945733920933,0.9272861378461615,0.9068403556191273,0.9272861378461615,True,13,12495,21186,d__Bacteria;p__Bacillota;c__Clostridia;o__Lachnospirales;f__Lachnospiraceae;g__W0P33-017;s__W0P33-017 sp022768825
160000,0.005687877710629221,0.015197568389057751,0.0017774617845716318,0.0011800245445105259,5.0,3.0,4.604345773288535,/group/ctbrowngrp5/sourmash-db.new/gtdb-rs226/gtdb-rs226-k51.dna.rocksdb,GCF_002865325.1 Mediterraneibacter gnavus,6683d89a51bf1cbf1ba27d62824b70de,0.0486322188449848,50000,52,20160000,outputs.mapping/bams.cds.rand/SRR14369306.x.s__Roseburia inulinivorans.fastq.gz,SRR14369306.x.s__Roseburia inulinivorans,f8f155eb,28130000,51,DNA,10000,2813,True,0.9036066464020236,0.9424393551094138,0.9230230007557187,0.9424393551094138,False,25,12520,21186,d__Bacteria;p__Bacillota;c__Clostridia;o__Lachnospirales;f__Lachnospiraceae;g__Ruminococcus_B;s__Ruminococcus_B gnavus
490000,0.01741912548880199,0.02145922746781116,0.0017774617845716318,0.002596053997923157,11.0,7.0,8.17312669668102,/group/ctbrowngrp5/sourmash-db.new/gtdb-rs226/gtdb-rs226-k51.dna.rocksdb,GCA_002471945.1 Lachnospiraceae bacterium UBA7294,4f89c9812d6a55fd2f43fd9fed9d4c14,0.21030042918454936,50000,53,20110000,outputs.mapping/bams.cds.rand/SRR14369306.x.s__Roseburia inulinivorans.fastq.gz,SRR14369306.x.s__Roseburia inulinivorans,f8f155eb,28130000,51,DNA,10000,2813,True,0.9236561378643142,0.969889719670931,0.9467729287676225,0.969889719670931,False,55,12575,21186,d__Bacteria;p__Bacillota;c__Clostridia;o__Lachnospirales;f__Lachnospiraceae;g__Agathobacter;s__Agathobacter faecis
60000,0.002132954141485958,0.02066115702479339,0.0017774617845716318,0.012933069007835363,54.8,26.0,65.02430314889963,/group/ctbrowngrp5/sourmash-db.new/gtdb-rs226/gtdb-rs226-k51.dna.rocksdb,GCF_028308535.1 Lactobacillus amylovorus,316d51968b8faa0e2930578972be1313,0.024793388429752067,50000,54,20060000,outputs.mapping/bams.cds.rand/SRR14369306.x.s__Roseburia inulinivorans.fastq.gz,SRR14369306.x.s__Roseburia inulinivorans,f8f155eb,28130000,51,DNA,10000,2813,True,0.8863945733920933,0.9300716141730985,0.9082330937825959,0.9300716141730985,True,274,12849,21186,d__Bacteria;p__Bacillota;c__Bacilli;o__Lactobacillales;f__Lactobacillaceae;g__Lactobacillus;s__Lactobacillus amylovorus
70000,0.002488446498400284,0.018726591760299626,0.0017774617845716318,0.0034456716699707356,14.6,11.0,16.280049139974977,/group/ctbrowngrp5/sourmash-db.new/gtdb-rs226/gtdb-rs226-k51.dna.rocksdb,GCA_022767065.1 Lachnospiraceae bacterium,e460f5c1db381aeff2cee2b9d7f1d459,0.026217228464419477,50000,55,20010000,outputs.mapping/bams.cds.rand/SRR14369306.x.s__Roseburia inulinivorans.fastq.gz,SRR14369306.x.s__Roseburia inulinivorans,f8f155eb,28130000,51,DNA,10000,2813,True,0.8890778093376387,0.931090504492082,0.9100841569148603,0.931090504492082,False,73,12922,21186,d__Bacteria;p__Bacillota;c__Clostridia;o__Lachnospirales;f__Lachnospiraceae;g__Butyribacter;s__Butyribacter sp022764445
290000,0.010309278350515464,0.010526315789473684,0.0017774617845716318,0.0006136127631454734,2.6,2.0,1.624807680927192,/group/ctbrowngrp5/sourmash-db.new/gtdb-rs226/gtdb-rs226-k51.dna.rocksdb,GCA_003479915.1 Ruminococcus sp. AM46-18,5cf0001cf5ff85a7a4fe8998694b3669,0.061052631578947365,50000,56,19960000,outputs.mapping/bams.cds.rand/SRR14369306.x.s__Roseburia inulinivorans.fastq.gz,SRR14369306.x.s__Roseburia inulinivorans,f8f155eb,28130000,51,DNA,10000,2813,True,0.9142052089616286,0.9466518372902575,0.930428523125943,0.9466518372902575,False,13,12935,21186,d__Bacteria;p__Bacillota;c__Clostridia;o__Lachnospirales;f__Lachnospiraceae;g__Blautia_A;s__Blautia_A wexlerae
50000,0.0017774617845716318,0.025,0.0017774617845716318,0.0011800245445105259,5.0,3.0,3.847076812334269,/group/ctbrowngrp5/sourmash-db.new/gtdb-rs226/gtdb-rs226-k51.dna.rocksdb,GCA_004551965.1 Bacteroidales bacterium,ba34461ad72649a5157c2bbf5cb4ef6c,0.025,50000,57,19910000,outputs.mapping/bams.cds.rand/SRR14369306.x.s__Roseburia inulinivorans.fastq.gz,SRR14369306.x.s__Roseburia inulinivorans,f8f155eb,28130000,51,DNA,10000,2813,True,0.8832314300169112,0.9302229692504613,0.9067271996336863,0.9302229692504613,True,25,12960,21186,d__Bacteria;p__Bacteroidota;c__Bacteroidia;o__Bacteroidales;f__UBA932;g__Cryptobacteroides;s__Cryptobacteroides sp004552965
110000,0.0039104159260575895,0.016891891891891893,0.0017774617845716318,0.007410554139526102,31.4,3.0,36.44502709561347,/group/ctbrowngrp5/sourmash-db.new/gtdb-rs226/gtdb-rs226-k51.dna.rocksdb,GCA_019424285.1 Clostridiales bacterium,42ccb6122d40dd26e1ecd546f94d5b33,0.037162162162162164,50000,58,19860000,outputs.mapping/bams.cds.rand/SRR14369306.x.s__Roseburia inulinivorans.fastq.gz,SRR14369306.x.s__Roseburia inulinivorans,f8f155eb,28130000,51,DNA,10000,2813,True,0.8969922388272394,0.9374816251155611,0.9172369319714002,0.9374816251155611,False,157,13117,21186,d__Bacteria;p__Bacillota;c__Clostridia;o__Lachnospirales;f__Lachnospiraceae;g__Anaerobutyricum;s__Anaerobutyricum hallii
340000,0.012086740135087096,0.013927576601671309,0.0017774617845716318,0.0127914660624941,54.2,3.0,102.91627665243239,/group/ctbrowngrp5/sourmash-db.new/gtdb-rs226/gtdb-rs226-k51.dna.rocksdb,GCF_022784915.1 Blautia sp.,813296a744f98eca3e19a0bd99b06bcd,0.0947075208913649,50000,59,19810000,outputs.mapping/bams.cds.rand/SRR14369306.x.s__Roseburia inulinivorans.fastq.gz,SRR14369306.x.s__Roseburia inulinivorans,f8f155eb,28130000,51,DNA,10000,2813,True,0.9170609889854747,0.954836708956158,0.9359488489708163,0.954836708956158,False,271,13388,21186,d__Bacteria;p__Bacillota;c__Clostridia;o__Lachnospirales;f__Lachnospiraceae;g__Blautia_A;s__Blautia_A sp018919065
140000,0.004976892996800568,0.014084507042253521,0.0017774617845716318,0.001463230435193052,6.2,1.0,10.4,/group/ctbrowngrp5/sourmash-db.new/gtdb-rs226/gtdb-rs226-k51.dna.rocksdb,GCA_027682675.1 Lachnospiraceae bacterium AF51-3-b8A,56359fb5092ae461c2aef930b97fe2dd,0.03943661971830986,50000,60,19760000,outputs.mapping/bams.cds.rand/SRR14369306.x.s__Roseburia inulinivorans.fastq.gz,SRR14369306.x.s__Roseburia inulinivorans,f8f155eb,28130000,51,DNA,10000,2813,True,0.9012438614597266,0.9385742200827897,0.9199090407712581,0.9385742200827897,False,31,13419,21186,d__Bacteria;p__Bacillota;c__Clostridia;o__Lachnospirales;f__Lachnospiraceae;g__Pilosibacter;s__Pilosibacter sp900066055
70000,0.002488446498400284,0.01597444089456869,0.0017774617845716318,0.002926460870386104,12.4,1.0,22.303362975121036,/group/ctbrowngrp5/sourmash-db.new/gtdb-rs226/gtdb-rs226-k51.dna.rocksdb,GCA_004555915.1 Clostridiales bacterium,aa30eae138d93d9d3d0e4b8105d85617,0.022364217252396165,50000,61,19710000,outputs.mapping/bams.cds.rand/SRR14369306.x.s__Roseburia inulinivorans.fastq.gz,SRR14369306.x.s__Roseburia inulinivorans,f8f155eb,28130000,51,DNA,10000,2813,True,0.8890778093376387,0.9281930406999573,0.908635425018798,0.9281930406999573,False,62,13481,21186,d__Bacteria;p__Bacillota;c__Clostridia;o__Oscillospirales;f__Butyricicoccaceae;g__Butyricicoccus_A;s__Butyricicoccus_A sp004555915
50000,0.0017774617845716318,0.01937984496124031,0.0017774617845716318,0.0004720098178042103,2.0,2.0,0.8944271909999159,/group/ctbrowngrp5/sourmash-db.new/gtdb-rs226/gtdb-rs226-k51.dna.rocksdb,GCA_034088605.1 Dorea sp.,ea47119f566fd5444b57740909edbb30,0.01937984496124031,50000,62,19660000,outputs.mapping/bams.cds.rand/SRR14369306.x.s__Roseburia inulinivorans.fastq.gz,SRR14369306.x.s__Roseburia inulinivorans,f8f155eb,28130000,51,DNA,10000,2813,True,0.8832314300169112,0.9255899561283957,0.9044106930726534,0.9255899561283957,True,10,13491,21186,d__Bacteria;p__Bacillota;c__Clostridia;o__Lachnospirales;f__Lachnospiraceae;g__Dorea_A;s__Dorea_A sp022769185
150000,0.005332385353714895,0.017006802721088437,0.0017774617845716318,0.0008968186538279996,3.8,1.0,5.114684741017769,/group/ctbrowngrp5/sourmash-db.new/gtdb-rs226/gtdb-rs226-k51.dna.rocksdb,GCF_034108925.1 Blautia sp.,bab4855e313d320981916d586a8b3c82,0.05102040816326531,50000,63,19610000,outputs.mapping/bams.cds.rand/SRR14369306.x.s__Roseburia inulinivorans.fastq.gz,SRR14369306.x.s__Roseburia inulinivorans,f8f155eb,28130000,51,DNA,10000,2813,True,0.9024638904611972,0.9433256546576038,0.9228947725594006,0.9433256546576038,False,19,13510,21186,d__Bacteria;p__Bacillota;c__Clostridia;o__Lachnospirales;f__Lachnospiraceae;g__Blautia_A;s__Blautia_A fusiformis
140000,0.004976892996800568,0.011547344110854504,0.0017774617845716318,0.0011328235627301047,4.8,2.0,4.66476151587624,/group/ctbrowngrp5/sourmash-db.new/gtdb-rs226/gtdb-rs226-k51.dna.rocksdb,GCA_022722175.1 Prevotella sp.,e59d271eb139b5eb4ee45780f0d28642,0.03233256351039261,50000,64,19560000,outputs.mapping/bams.cds.rand/SRR14369306.x.s__Roseburia inulinivorans.fastq.gz,SRR14369306.x.s__Roseburia inulinivorans,f8f155eb,28130000,51,DNA,10000,2813,True,0.9012438614597266,0.934926043251351,0.9180849523555388,0.934926043251351,False,24,13534,21186,d__Bacteria;p__Bacteroidota;c__Bacteroidia;o__Bacteroidales;f__Bacteroidaceae;g__Prevotella;s__Prevotella sp900313215
70000,0.002488446498400284,0.022321428571428572,0.0017774617845716318,0.0019352402529972624,8.2,2.0,7.909487973314076,/group/ctbrowngrp5/sourmash-db.new/gtdb-rs226/gtdb-rs226-k51.dna.rocksdb,GCA_945868435.1 uncultured Lachnospiraceae bacterium,531bbdb6d68dad49e318688bbf3f99ec,0.03125,50000,65,19510000,outputs.mapping/bams.cds.rand/SRR14369306.x.s__Roseburia inulinivorans.fastq.gz,SRR14369306.x.s__Roseburia inulinivorans,f8f155eb,28130000,51,DNA,10000,2813,True,0.8890778093376387,0.9343019501159521,0.9116898797267954,0.9343019501159521,False,41,13575,21186,d__Bacteria;p__Bacillota;c__Clostridia;o__Lachnospirales;f__Lachnospiraceae;g__Agathobacter;s__Agathobacter sp945868435
50000,0.0017774617845716318,0.012345679012345678,0.0017774617845716318,0.0007080147267063155,3.0,1.0,2.5298221281347035,/group/ctbrowngrp5/sourmash-db.new/gtdb-rs226/gtdb-rs226-k51.dna.rocksdb,GCF_003471795.1 Segatella copri,9301bff7de9332ea339e19be3d5eb33a,0.012345679012345678,50000,66,19460000,outputs.mapping/bams.cds.rand/SRR14369306.x.s__Roseburia inulinivorans.fastq.gz,SRR14369306.x.s__Roseburia inulinivorans,f8f155eb,28130000,51,DNA,10000,2813,True,0.8832314300169112,0.9174422262512953,0.9003368281341033,0.9174422262512953,True,15,13590,21186,d__Bacteria;p__Bacteroidota;c__Bacteroidia;o__Bacteroidales;f__Bacteroidaceae;g__Prevotella;s__Prevotella copri_B
270000,0.009598293636686812,0.01038961038961039,0.0014219694276573053,0.0002832058906825262,1.5,1.0,0.8660254037844386,/group/ctbrowngrp5/sourmash-db.new/gtdb-rs226/gtdb-rs226-k51.dna.rocksdb,GCF_013304385.1 Blautia glucerasea,703753835bf7918cf1f570a2e1d96c11,0.07012987012987013,40000,67,19420000,outputs.mapping/bams.cds.rand/SRR14369306.x.s__Roseburia inulinivorans.fastq.gz,SRR14369306.x.s__Roseburia inulinivorans,f8f155eb,28130000,51,DNA,10000,2813,True,0.9129251616872556,0.9492282346003046,0.9310766981437801,0.9492282346003046,False,6,13596,21186,d__Bacteria;p__Bacillota;c__Clostridia;o__Lachnospirales;f__Lachnospiraceae;g__Blautia_A;s__Blautia_A ammoniilytica
130000,0.004621400639886242,0.010958904109589041,0.0014219694276573053,0.0003776078542433683,2.0,2.0,0.7071067811865476,/group/ctbrowngrp5/sourmash-db.new/gtdb-rs226/gtdb-rs226-k51.dna.rocksdb,GCF_003436145.1 Coprococcus comes,a9f3ecc7e87b01e78b1392adf7907973,0.03561643835616438,40000,68,19380000,outputs.mapping/bams.cds.rand/SRR14369306.x.s__Roseburia inulinivorans.fastq.gz,SRR14369306.x.s__Roseburia inulinivorans,f8f155eb,28130000,51,DNA,10000,2813,True,0.8999352172879171,0.9367010131242242,0.9183181152060707,0.9367010131242242,False,8,13604,21186,d__Bacteria;p__Bacillota;c__Clostridia;o__Lachnospirales;f__Lachnospiraceae;g__Bariatricus;s__Bariatricus comes
130000,0.004621400639886242,0.013289036544850499,0.0014219694276573053,0.015717926932880204,83.25,13.5,127.57620271821857,/group/ctbrowngrp5/sourmash-db.new/gtdb-rs226/gtdb-rs226-k51.dna.rocksdb,GCF_022133545.1 Faecalibacterium prausnitzii,ec1befaee7a64392f1b83508c71938ff,0.04318936877076412,40000,69,19340000,outputs.mapping/bams.cds.rand/SRR14369306.x.s__Roseburia inulinivorans.fastq.gz,SRR14369306.x.s__Roseburia inulinivorans,f8f155eb,28130000,51,DNA,10000,2813,True,0.8999352172879171,0.9402485740645551,0.9200918956762361,0.9402485740645551,False,333,13937,21186,d__Bacteria;p__Bacillota;c__Clostridia;o__Oscillospirales;f__Ruminococcaceae;g__Faecalibacterium;s__Faecalibacterium duncaniae
590000,0.020974049057945254,0.010899182561307902,0.0014219694276573053,0.001416029453412631,7.5,8.5,4.031128874149275,/group/ctbrowngrp5/sourmash-db.new/gtdb-rs226/gtdb-rs226-k51.dna.rocksdb,GCF_015559645.1 Roseburia faecis,f4a511d3b30b14a9ef19529a747c0bc1,0.16076294277929154,40000,70,19300000,outputs.mapping/bams.cds.rand/SRR14369306.x.s__Roseburia inulinivorans.fastq.gz,SRR14369306.x.s__Roseburia inulinivorans,f8f155eb,28130000,51,DNA,10000,2813,True,0.927025774950719,0.9647949433133508,0.9459103591320349,0.9647949433133508,False,30,13967,21186,d__Bacteria;p__Bacillota;c__Clostridia;o__Lachnospirales;f__Lachnospiraceae;g__Agathobacter;s__Agathobacter faecis
80000,0.0028439388553146107,0.01384083044982699,0.0014219694276573053,0.00136882847163221,7.25,7.0,4.656984002549289,/group/ctbrowngrp5/sourmash-db.new/gtdb-rs226/gtdb-rs226-k51.dna.rocksdb,GCA_902363825.1 Lachnospiraceae bacterium,1baa5241695fdb60335365cbe03a030e,0.02768166089965398,40000,71,19260000,outputs.mapping/bams.cds.rand/SRR14369306.x.s__Roseburia inulinivorans.fastq.gz,SRR14369306.x.s__Roseburia inulinivorans,f8f155eb,28130000,51,DNA,10000,2813,True,0.8914086986232876,0.9320833452257788,0.9117460219245332,0.9320833452257788,False,29,13996,21186,d__Bacteria;p__Bacillota;c__Clostridia;o__Lachnospirales;f__Lachnospiraceae;g__Roseburia_D;s__Roseburia_D yibonii
40000,0.0014219694276573053,0.015151515151515152,0.0014219694276573053,0.0016992353440951572,9.0,9.0,3.0,/group/ctbrowngrp5/sourmash-db.new/gtdb-rs226/gtdb-rs226-k51.dna.rocksdb,GCF_028727925.1 Clostridium sp.,2b973e270695996f63cbb8120b1d9a07,0.015151515151515152,40000,72,19220000,outputs.mapping/bams.cds.rand/SRR14369306.x.s__Roseburia inulinivorans.fastq.gz,SRR14369306.x.s__Roseburia inulinivorans,f8f155eb,28130000,51,DNA,10000,2813,True,0.8793754131238801,0.9211336926184823,0.9002545528711812,0.9211336926184823,True,36,14032,21186,d__Bacteria;p__Bacillota;c__Clostridia;o__Clostridiales;f__Clostridiaceae;g__Clostridium;s__Clostridium sp000435835
170000,0.006043370067543548,0.007677543186180422,0.0014219694276573053,0.0012272255262909468,6.5,1.5,8.958236433584458,/group/ctbrowngrp5/sourmash-db.new/gtdb-rs226/gtdb-rs226-k51.dna.rocksdb,GCF_012524165.2 Faecalicatena faecalis,1af9b3500bd306173045ba9c6bd5f627,0.03262955854126679,40000,73,19180000,outputs.mapping/bams.cds.rand/SRR14369306.x.s__Roseburia inulinivorans.fastq.gz,SRR14369306.x.s__Roseburia inulinivorans,f8f155eb,28130000,51,DNA,10000,2813,True,0.9046814186291674,0.935093679531585,0.9198875490803762,0.935093679531585,False,26,14058,21186,d__Bacteria;p__Bacillota;c__Clostridia;o__Lachnospirales;f__Lachnospiraceae;g__Faecalicatena_A;s__Faecalicatena_A faecalis
260000,0.009242801279772485,0.01098901098901099,0.0014219694276573053,0.0006136127631454734,3.25,2.5,2.277608394786075,/group/ctbrowngrp5/sourmash-db.new/gtdb-rs226/gtdb-rs226-k51.dna.rocksdb,GCA_003478565.1 Blautia sp. AF25-12LB,82aefd894efd203269db176b61f07258,0.07142857142857142,40000,74,19140000,outputs.mapping/bams.cds.rand/SRR14369306.x.s__Roseburia inulinivorans.fastq.gz,SRR14369306.x.s__Roseburia inulinivorans,f8f155eb,28130000,51,DNA,10000,2813,True,0.9122498410981593,0.9495698160548,0.9309098285764796,0.9495698160548,False,13,14071,21186,d__Bacteria;p__Bacillota;c__Clostridia;o__Lachnospirales;f__Lachnospiraceae;g__Oliverpabstia;s__Oliverpabstia tarda
40000,0.0014219694276573053,0.019704433497536946,0.0014219694276573053,0.0004248088360237893,2.25,1.0,2.165063509461097,/group/ctbrowngrp5/sourmash-db.new/gtdb-rs226/gtdb-rs226-k51.dna.rocksdb,GCA_022769705.1 Eubacterium sp.,a63bf13302101d646ec8adeca3437aff,0.019704433497536946,40000,75,19100000,outputs.mapping/bams.cds.rand/SRR14369306.x.s__Roseburia inulinivorans.fastq.gz,SRR14369306.x.s__Roseburia inulinivorans,f8f155eb,28130000,51,DNA,10000,2813,True,0.8793754131238801,0.9258914581582652,0.9026334356410727,0.9258914581582652,True,9,14080,21186,d__Bacteria;p__Bacillota;c__Clostridia;o__Lachnospirales;f__Lachnospiraceae;g__Eubacterium_F;s__Eubacterium_F sp934316925
270000,0.009598293636686812,0.008968609865470852,0.0014219694276573053,0.0017464363258755781,9.25,2.5,12.616952880945542,/group/ctbrowngrp5/sourmash-db.new/gtdb-rs226/gtdb-rs226-k51.dna.rocksdb,GCA_958370685.1 Blautia wexlerae,fc8e8b0e57321595b6c63128529f6b2e,0.06053811659192825,40000,76,19060000,outputs.mapping/bams.cds.rand/SRR14369306.x.s__Roseburia inulinivorans.fastq.gz,SRR14369306.x.s__Roseburia inulinivorans,f8f155eb,28130000,51,DNA,10000,2813,True,0.9129251616872556,0.9464947597257006,0.929709960706478,0.9464947597257006,False,37,14117,21186,d__Bacteria;p__Bacillota;c__Clostridia;o__Lachnospirales;f__Lachnospiraceae;g__Blautia_A;s__Blautia_A wexlerae
370000,0.013153217205830075,0.012422360248447204,0.0014219694276573053,0.013593882752761258,72.0,64.5,71.34773997822215,/group/ctbrowngrp5/sourmash-db.new/gtdb-rs226/gtdb-rs226-k51.dna.rocksdb,GCA_938034755.1 uncultured Lachnobacterium sp.,29362a323ec5aaddfe84961945d73eb3,0.11490683229813664,40000,77,19020000,outputs.mapping/bams.cds.rand/SRR14369306.x.s__Roseburia inulinivorans.fastq.gz,SRR14369306.x.s__Roseburia inulinivorans,f8f155eb,28130000,51,DNA,10000,2813,True,0.9185827262634638,0.9584631249293168,0.9385229255963903,0.9584631249293168,False,288,14405,21186,d__Bacteria;p__Bacillota;c__Clostridia;o__Lachnospirales;f__Lachnospiraceae;g__Agathobacter;s__Agathobacter sp900549895
50000,0.0017774617845716318,0.011869436201780416,0.0014219694276573053,0.0003776078542433683,2.0,2.0,0.7071067811865476,/group/ctbrowngrp5/sourmash-db.new/gtdb-rs226/gtdb-rs226-k51.dna.rocksdb,GCA_030842665.1 Oscillospiraceae bacterium,d9b333da5b36f700f85c127ccf59975b,0.01483679525222552,40000,78,18980000,outputs.mapping/bams.cds.rand/SRR14369306.x.s__Roseburia inulinivorans.fastq.gz,SRR14369306.x.s__Roseburia inulinivorans,f8f155eb,28130000,51,DNA,10000,2813,True,0.8832314300169112,0.9207546559120915,0.9019930429645013,0.9207546559120915,True,8,14413,21186,d__Bacteria;p__Bacillota;c__Clostridia;o__Oscillospirales;f__Oscillospiraceae;g__Oscillibacter;s__Oscillibacter segnis
50000,0.0017774617845716318,0.015151515151515152,0.0014219694276573053,0.0009912206173888418,5.25,6.0,2.5860201081971503,/group/ctbrowngrp5/sourmash-db.new/gtdb-rs226/gtdb-rs226-k51.dna.rocksdb,GCA_022782285.1 Lachnospiraceae bacterium,d443ee47c0bed542d364ef84144020ac,0.01893939393939394,40000,79,18940000,outputs.mapping/bams.cds.rand/SRR14369306.x.s__Roseburia inulinivorans.fastq.gz,SRR14369306.x.s__Roseburia inulinivorans,f8f155eb,28130000,51,DNA,10000,2813,True,0.8832314300169112,0.9251728174637622,0.9042021237403367,0.9251728174637622,True,21,14434,21186,d__Bacteria;p__Bacillota;c__Clostridia;o__Lachnospirales;f__Lachnospiraceae;g__UBA2821;s__UBA2821 sp902763335
100000,0.0035549235691432635,0.0106951871657754,0.0014219694276573053,0.0016048333805343152,8.5,5.0,7.88986691902975,/group/ctbrowngrp5/sourmash-db.new/gtdb-rs226/gtdb-rs226-k51.dna.rocksdb,GCA_019411625.1 Roseburia sp.,99b4f8c2868e7157ca54d7ffe462379b,0.026737967914438502,40000,80,18900000,outputs.mapping/bams.cds.rand/SRR14369306.x.s__Roseburia inulinivorans.fastq.gz,SRR14369306.x.s__Roseburia inulinivorans,f8f155eb,28130000,51,DNA,10000,2813,True,0.8953174808671256,0.9314496424903252,0.9133835616787254,0.9314496424903252,False,34,14468,21186,d__Bacteria;p__Bacillota;c__Clostridia;o__Lachnospirales;f__Lachnospiraceae;g__Roseburia;s__Roseburia inulinivorans
140000,0.004976892996800568,0.012658227848101266,0.0014219694276573053,0.0005192107995846313,2.75,3.0,0.4330127018922193,/group/ctbrowngrp5/sourmash-db.new/gtdb-rs226/gtdb-rs226-k51.dna.rocksdb,GCA_002395475.1 Dorea longicatena,fceea757afba69e750e29ea5f4766dd3,0.04430379746835443,40000,81,18860000,outputs.mapping/bams.cds.rand/SRR14369306.x.s__Roseburia inulinivorans.fastq.gz,SRR14369306.x.s__Roseburia inulinivorans,f8f155eb,28130000,51,DNA,10000,2813,True,0.9012438614597266,0.9407183736412152,0.920981117550471,0.9407183736412152,False,11,14479,21186,d__Bacteria;p__Bacillota;c__Clostridia;o__Lachnospirales;f__Lachnospiraceae;g__Dorea_A;s__Dorea_A longicatena
200000,0.007109847138286527,0.012461059190031152,0.0014219694276573053,0.001274426508071368,6.75,7.0,3.191786333700926,/group/ctbrowngrp5/sourmash-db.new/gtdb-rs226/gtdb-rs226-k51.dna.rocksdb,GCF_963558355.1 uncultured Agathobacter sp.,05a3c94d2912ec77d7c2098589d060b9,0.06230529595015576,40000,82,18820000,outputs.mapping/bams.cds.rand/SRR14369306.x.s__Roseburia inulinivorans.fastq.gz,SRR14369306.x.s__Roseburia inulinivorans,f8f155eb,28130000,51,DNA,10000,2813,True,0.9075689160324693,0.9470289048498169,0.9272989104411431,0.9470289048498169,False,27,14506,21186,d__Bacteria;p__Bacillota;c__Clostridia;o__Lachnospirales;f__Lachnospiraceae;g__Agathobacter;s__Agathobacter sp905209075
40000,0.0014219694276573053,0.017094017094017096,0.0014219694276573053,0.0003776078542433683,2.0,2.0,0.7071067811865476,/group/ctbrowngrp5/sourmash-db.new/gtdb-rs226/gtdb-rs226-k51.dna.rocksdb,GCA_022764115.1 Roseburia sp.,51dc000c8085692a141ee28333dfd337,0.017094017094017096,40000,83,18780000,outputs.mapping/bams.cds.rand/SRR14369306.x.s__Roseburia inulinivorans.fastq.gz,SRR14369306.x.s__Roseburia inulinivorans,f8f155eb,28130000,51,DNA,10000,2813,True,0.8793754131238801,0.9233149870212076,0.9013452000725439,0.9233149870212076,True,8,14514,21186,d__Bacteria;p__Bacillota;c__Clostridia;o__Lachnospirales;f__Lachnospiraceae;g__Eubacterium_F;s__Eubacterium_F sp900539115
30000,0.001066477070742979,0.004524886877828055,0.001066477070742979,0.0005664117813650524,4.0,3.0,2.160246899469287,/group/ctbrowngrp5/sourmash-db.new/gtdb-rs226/gtdb-rs226-k51.dna.rocksdb,GCF_028398685.1 Bacteroides thetaiotaomicron,014e18d7b157b09cf3331c8e8d43ff73,0.004524886877828055,30000,84,18750000,outputs.mapping/bams.cds.rand/SRR14369306.x.s__Roseburia inulinivorans.fastq.gz,SRR14369306.x.s__Roseburia inulinivorans,f8f155eb,28130000,51,DNA,10000,2813,True,0.8744289744662292,0.8995628755480881,0.8869959250071586,0.8995628755480881,True,12,14526,21186,d__Bacteria;p__Bacteroidota;c__Bacteroidia;o__Bacteroidales;f__Bacteroidaceae;g__Bacteroides;s__Bacteroides thetaiotaomicron
40000,0.0014219694276573053,0.010067114093959731,0.001066477070742979,0.00273765694326442,19.333333333333332,7.0,21.82251640444388,/group/ctbrowngrp5/sourmash-db.new/gtdb-rs226/gtdb-rs226-k51.dna.rocksdb,GCA_021531195.1 Xylanibacter brevis,0dfb71efc6b6aab26f5e21fb08385525,0.013422818791946308,30000,85,18720000,outputs.mapping/bams.cds.rand/SRR14369306.x.s__Roseburia inulinivorans.fastq.gz,SRR14369306.x.s__Roseburia inulinivorans,f8f155eb,28130000,51,DNA,10000,2813,True,0.8793754131238801,0.9189482466670165,0.8991618298954482,0.9189482466670165,True,58,14584,21186,d__Bacteria;p__Bacteroidota;c__Bacteroidia;o__Bacteroidales;f__Bacteroidaceae;g__Prevotella;s__Prevotella sp002251295
90000,0.003199431212228937,0.010067114093959731,0.001066477070742979,0.0003776078542433683,2.6666666666666665,1.0,2.3570226039551585,/group/ctbrowngrp5/sourmash-db.new/gtdb-rs226/gtdb-rs226-k51.dna.rocksdb,GCA_019409775.1 bacterium,149f926f7747a8629bfb307a5a84e10d,0.030201342281879196,30000,86,18690000,outputs.mapping/bams.cds.rand/SRR14369306.x.s__Roseburia inulinivorans.fastq.gz,SRR14369306.x.s__Roseburia inulinivorans,f8f155eb,28130000,51,DNA,10000,2813,True,0.8934697604835898,0.9336768547231716,0.9135733076033807,0.9336768547231716,False,8,14592,21186,d__Bacteria;p__Bacteroidota;c__Bacteroidia;o__Bacteroidales;f__Bacteroidaceae;g__Prevotella;s__Prevotella sp900546535
210000,0.007465339495200853,0.00872093023255814,0.001066477070742979,0.0002832058906825262,2.0,2.0,0.816496580927726,/group/ctbrowngrp5/sourmash-db.new/gtdb-rs226/gtdb-rs226-k51.dna.rocksdb,GCF_009875775.1 Dorea longicatena,36f6a48705765cff87e7cdf94d198ef4,0.061046511627906974,30000,87,18660000,outputs.mapping/bams.cds.rand/SRR14369306.x.s__Roseburia inulinivorans.fastq.gz,SRR14369306.x.s__Roseburia inulinivorans,f8f155eb,28130000,51,DNA,10000,2813,True,0.9084375753274555,0.9466499765532013,0.9275437759403284,0.9466499765532013,False,6,14598,21186,d__Bacteria;p__Bacillota;c__Clostridia;o__Lachnospirales;f__Lachnospiraceae;g__Dorea_A;s__Dorea_A longicatena
190000,0.0067543547813722,0.008130081300813009,0.001066477070742979,0.0009440196356084206,6.666666666666667,8.0,3.39934634239519,/group/ctbrowngrp5/sourmash-db.new/gtdb-rs226/gtdb-rs226-k51.dna.rocksdb,GCF_032571895.1 Roseburia hominis,cb0db7d9fe6b3fdad8af1679fe0aae2a,0.051490514905149054,30000,88,18630000,outputs.mapping/bams.cds.rand/SRR14369306.x.s__Roseburia inulinivorans.fastq.gz,SRR14369306.x.s__Roseburia inulinivorans,f8f155eb,28130000,51,DNA,10000,2813,True,0.9066565866702018,0.9434953187341703,0.925075952702186,0.9434953187341703,False,20,14618,21186,d__Bacteria;p__Bacillota;c__Clostridia;o__Lachnospirales;f__Lachnospiraceae;g__Roseburia;s__Roseburia hominis
80000,0.0028439388553146107,0.012244897959183673,0.001066477070742979,0.0021712451618993676,15.333333333333334,2.0,19.567546828585563,/group/ctbrowngrp5/sourmash-db.new/gtdb-rs226/gtdb-rs226-k51.dna.rocksdb,GCA_004559325.1 bacterium,1233462b0e3f0bfb40fa4e874dd5742d,0.0326530612244898,30000,89,18600000,outputs.mapping/bams.cds.rand/SRR14369306.x.s__Roseburia inulinivorans.fastq.gz,SRR14369306.x.s__Roseburia inulinivorans,f8f155eb,28130000,51,DNA,10000,2813,True,0.8914086986232876,0.9351068814759577,0.9132577900496226,0.9351068814759577,False,46,14664,21186,d__Bacteria;p__Bacillota;c__Clostridia;o__Oscillospirales;f__Ruminococcaceae;g__Faecalibacterium;s__Faecalibacterium prausnitzii_E
40000,0.0014219694276573053,0.012552301255230125,0.001066477070742979,0.00018880392712168414,1.3333333333333333,1.0,0.4714045207910317,/group/ctbrowngrp5/sourmash-db.new/gtdb-rs226/gtdb-rs226-k51.dna.rocksdb,GCF_014287435.1 Roseburia lenta,08ffaa236f15f13b5819bbe6c0b20a1a,0.016736401673640166,30000,90,18570000,outputs.mapping/bams.cds.rand/SRR14369306.x.s__Roseburia inulinivorans.fastq.gz,SRR14369306.x.s__Roseburia inulinivorans,f8f155eb,28130000,51,DNA,10000,2813,True,0.8793754131238801,0.9229322991232874,0.9011538561235838,0.9229322991232874,True,4,14668,21186,d__Bacteria;p__Bacillota;c__Clostridia;o__Lachnospirales;f__Lachnospiraceae;g__Pararoseburia;s__Pararoseburia lenta
140000,0.004976892996800568,0.009009009009009009,0.001066477070742979,0.005852921740772208,41.333333333333336,18.0,44.790872085975536,/group/ctbrowngrp5/sourmash-db.new/gtdb-rs226/gtdb-rs226-k51.dna.rocksdb,GCA_945871795.1 uncultured bacterium,275973aa499e4d5bc43c343001873151,0.042042042042042045,30000,91,18540000,outputs.mapping/bams.cds.rand/SRR14369306.x.s__Roseburia inulinivorans.fastq.gz,SRR14369306.x.s__Roseburia inulinivorans,f8f155eb,28130000,51,DNA,10000,2813,True,0.9012438614597266,0.9397523229002331,0.9204980921799799,0.9397523229002331,False,124,14792,21186,d__Bacteria;p__Bacillota;c__Clostridia;o__Lachnospirales;f__Lachnospiraceae;g__Roseburia;s__Roseburia inulinivorans
60000,0.002132954141485958,0.0079155672823219,0.001066477070742979,0.001416029453412631,10.0,7.0,8.04155872120988,/group/ctbrowngrp5/sourmash-db.new/gtdb-rs226/gtdb-rs226-k51.dna.rocksdb,GCF_021347525.1 Segatella copri,c7bdbcb75a48f26d29ee73235e966db2,0.0158311345646438,30000,92,18510000,outputs.mapping/bams.cds.rand/SRR14369306.x.s__Roseburia inulinivorans.fastq.gz,SRR14369306.x.s__Roseburia inulinivorans,f8f155eb,28130000,51,DNA,10000,2813,True,0.8863945733920933,0.9219265338243937,0.9041605536082435,0.9219265338243937,True,30,14822,21186,d__Bacteria;p__Bacteroidota;c__Bacteroidia;o__Bacteroidales;f__Bacteroidaceae;g__Prevotella;s__Prevotella copri_A
100000,0.0035549235691432635,0.015306122448979591,0.001066477070742979,0.0002832058906825262,2.0,2.0,0.0,/group/ctbrowngrp5/sourmash-db.new/gtdb-rs226/gtdb-rs226-k51.dna.rocksdb,GCA_946409975.1 uncultured Dorea sp.,eb3f1829877829c86e5b927ab1d2d995,0.05102040816326531,30000,93,18480000,outputs.mapping/bams.cds.rand/SRR14369306.x.s__Roseburia inulinivorans.fastq.gz,SRR14369306.x.s__Roseburia inulinivorans,f8f155eb,28130000,51,DNA,10000,2813,True,0.8953174808671256,0.9433256546576038,0.9193215677623647,0.9433256546576038,False,6,14828,21186,d__Bacteria;p__Bacillota;c__Clostridia;o__Lachnospirales;f__Lachnospiraceae;g__JAFBIX01;s__JAFBIX01 sp021531895
30000,0.001066477070742979,0.012145748987854251,0.001066477070742979,0.0003776078542433683,2.6666666666666665,3.0,1.247219128924647,/group/ctbrowngrp5/sourmash-db.new/gtdb-rs226/gtdb-rs226-k51.dna.rocksdb,GCF_034103145.1 Negativibacillus massiliensis,b96580a7e37409e9237effb0265c3dac,0.012145748987854251,30000,94,18450000,outputs.mapping/bams.cds.rand/SRR14369306.x.s__Roseburia inulinivorans.fastq.gz,SRR14369306.x.s__Roseburia inulinivorans,f8f155eb,28130000,51,DNA,10000,2813,True,0.8744289744662292,0.9171485677428265,0.8957887711045278,0.9171485677428265,True,8,14836,21186,d__Bacteria;p__Bacillota;c__Clostridia;o__Oscillospirales;f__Ruminococcaceae;g__Negativibacillus;s__Negativibacillus massiliensis
60000,0.002132954141485958,0.012552301255230125,0.001066477070742979,0.004672897196261682,33.0,3.0,43.84822307308093,/group/ctbrowngrp5/sourmash-db.new/gtdb-rs226/gtdb-rs226-k51.dna.rocksdb,GCF_021531495.1 Anaerovibrio lipolyticus,17467dcaf9481746cf50adc61e9a02e8,0.02510460251046025,30000,95,18420000,outputs.mapping/bams.cds.rand/SRR14369306.x.s__Roseburia inulinivorans.fastq.gz,SRR14369306.x.s__Roseburia inulinivorans,f8f155eb,28130000,51,DNA,10000,2813,True,0.8863945733920933,0.930299129748269,0.9083468515701811,0.930299129748269,True,99,14935,21186,d__Bacteria;p__Bacillota;c__Negativicutes;o__Selenomonadales;f__Selenomonadaceae;g__Anaerovibrio;s__Anaerovibrio sp900548165
30000,0.001066477070742979,0.01048951048951049,0.001066477070742979,0.022514868309260833,159.0,22.0,208.77260356665576,/group/ctbrowngrp5/sourmash-db.new/gtdb-rs226/gtdb-rs226-k51.dna.rocksdb,GCA_022786845.1 Bacteroidales bacterium,10baaf963ff3bf496a29c55a3b4210fa,0.01048951048951049,30000,96,18390000,outputs.mapping/bams.cds.rand/SRR14369306.x.s__Roseburia inulinivorans.fastq.gz,SRR14369306.x.s__Roseburia inulinivorans,f8f155eb,28130000,51,DNA,10000,2813,True,0.8744289744662292,0.9145159383777013,0.8944724564219653,0.9145159383777013,True,477,15412,21186,d__Bacteria;p__Bacteroidota;c__Bacteroidia;o__Bacteroidales;f__Bacteroidaceae;g__Prevotella;s__Prevotella sp004556065
30000,0.001066477070742979,0.016853932584269662,0.001066477070742979,0.0004248088360237893,3.0,2.0,2.160246899469287,/group/ctbrowngrp5/sourmash-db.new/gtdb-rs226/gtdb-rs226-k51.dna.rocksdb,GCA_900758215.1 uncultured Oscillospiraceae bacterium,67ebc2046e8884d2e0dbc8ecfb108dc6,0.016853932584269662,30000,97,18360000,outputs.mapping/bams.cds.rand/SRR14369306.x.s__Roseburia inulinivorans.fastq.gz,SRR14369306.x.s__Roseburia inulinivorans,f8f155eb,28130000,51,DNA,10000,2813,True,0.8744289744662292,0.9230589473193987,0.898743960892814,0.9230589473193987,True,9,15421,21186,d__Bacteria;p__Bacillota;c__Clostridia;o__Oscillospirales;f__Oscillospiraceae;g__Vescimonas;s__Vescimonas sp945878665
30000,0.001066477070742979,0.010452961672473868,0.001066477070742979,0.0001416029453412631,1.0,1.0,0.0,/group/ctbrowngrp5/sourmash-db.new/gtdb-rs226/gtdb-rs226-k51.dna.rocksdb,GCA_902487335.1 uncultured Lachnospiraceae bacterium,8004d5d476cc1fd3c0e8d5cd69e332b6,0.010452961672473868,30000,98,18330000,outputs.mapping/bams.cds.rand/SRR14369306.x.s__Roseburia inulinivorans.fastq.gz,SRR14369306.x.s__Roseburia inulinivorans,f8f155eb,28130000,51,DNA,10000,2813,True,0.8744289744662292,0.9144533516772876,0.8944411630717584,0.9144533516772876,True,3,15424,21186,d__Bacteria;p__Bacillota;c__Clostridia;o__Lachnospirales;f__Lachnospiraceae;g__Merdiplasma;s__Merdiplasma sp900770325
50000,0.0017774617845716318,0.007444168734491315,0.001066477070742979,0.0009912206173888418,7.0,9.0,4.320493798938574,/group/ctbrowngrp5/sourmash-db.new/gtdb-rs226/gtdb-rs226-k51.dna.rocksdb,GCF_009494055.1 Segatella copri,d382d7b09d6bebac6f7924e8a841e02a,0.01240694789081886,30000,99,18300000,outputs.mapping/bams.cds.rand/SRR14369306.x.s__Roseburia inulinivorans.fastq.gz,SRR14369306.x.s__Roseburia inulinivorans,f8f155eb,28130000,51,DNA,10000,2813,True,0.8832314300169112,0.9175312855241493,0.9003813577705302,0.9175312855241493,True,21,15445,21186,d__Bacteria;p__Bacteroidota;c__Bacteroidia;o__Bacteroidales;f__Bacteroidaceae;g__Prevotella;s__Prevotella copri_F
30000,0.001066477070742979,0.00819672131147541,0.001066477070742979,0.0004248088360237893,3.0,2.0,1.4142135623730951,/group/ctbrowngrp5/sourmash-db.new/gtdb-rs226/gtdb-rs226-k51.dna.rocksdb,GCA_945963825.1 uncultured Prevotella sp.,c29731de801a8c3f46bff6fca7efcb94,0.00819672131147541,30000,100,18270000,outputs.mapping/bams.cds.rand/SRR14369306.x.s__Roseburia inulinivorans.fastq.gz,SRR14369306.x.s__Roseburia inulinivorans,f8f155eb,28130000,51,DNA,10000,2813,True,0.8744289744662292,0.910103917375183,0.8922664459207061,0.910103917375183,True,9,15454,21186,d__Bacteria;p__Bacteroidota;c__Bacteroidia;o__Bacteroidales;f__Bacteroidaceae;g__Prevotella;s__Prevotella sp945863825
180000,0.006398862424457874,0.007425742574257425,0.001066477070742979,0.0005192107995846313,3.6666666666666665,3.0,1.699673171197595,/group/ctbrowngrp5/sourmash-db.new/gtdb-rs226/gtdb-rs226-k51.dna.rocksdb,GCA_020563665.1 Lachnospiraceae bacterium 210521-DFI.5.20,436a4d701b674452bdab31bdb403ee65,0.04455445544554455,30000,101,18240000,outputs.mapping/bams.cds.rand/SRR14369306.x.s__Roseburia inulinivorans.fastq.gz,SRR14369306.x.s__Roseburia inulinivorans,f8f155eb,28130000,51,DNA,10000,2813,True,0.905695911627381,0.9408224443183217,0.9232591779728514,0.9408224443183217,False,11,15465,21186,d__Bacteria;p__Bacillota;c__Clostridia;o__Lachnospirales;f__Lachnospiraceae;g__Fusicatenibacter;s__Fusicatenibacter saccharivorans
110000,0.0039104159260575895,0.01276595744680851,0.001066477070742979,0.0003776078542433683,2.6666666666666665,2.0,0.9428090415820634,/group/ctbrowngrp5/sourmash-db.new/gtdb-rs226/gtdb-rs226-k51.dna.rocksdb,GCA_017850955.1 Lachnospiraceae bacterium,ece2c280c181def3a0683ed4658799a0,0.04680851063829787,30000,102,18210000,outputs.mapping/bams.cds.rand/SRR14369306.x.s__Roseburia inulinivorans.fastq.gz,SRR14369306.x.s__Roseburia inulinivorans,f8f155eb,28130000,51,DNA,10000,2813,True,0.8969922388272394,0.9417333221533646,0.919362780490302,0.9417333221533646,False,8,15473,21186,d__Bacteria;p__Bacillota;c__Clostridia;o__Lachnospirales;f__Lachnospiraceae;g__UBA3402;s__UBA3402 sp003478355
70000,0.002488446498400284,0.010067114093959731,0.001066477070742979,0.0039176814877749455,27.666666666666668,16.0,27.78888666755511,/group/ctbrowngrp5/sourmash-db.new/gtdb-rs226/gtdb-rs226-k51.dna.rocksdb,GCA_021531695.1 Roseburia hominis,5e5f2ff49352fc385a8f1f7abb351a06,0.02348993288590604,30000,103,18180000,outputs.mapping/bams.cds.rand/SRR14369306.x.s__Roseburia inulinivorans.fastq.gz,SRR14369306.x.s__Roseburia inulinivorans,f8f155eb,28130000,51,DNA,10000,2813,True,0.8890778093376387,0.9290872610811551,0.909082535209397,0.9290872610811551,False,83,15556,21186,d__Bacteria;p__Bacillota;c__Clostridia;o__Lachnospirales;f__Lachnospiraceae;g__Roseburia_D;s__Roseburia_D sp002299665
540000,0.019196587273373623,0.008379888268156424,0.001066477070742979,0.004012083451335788,28.333333333333332,9.0,32.417416443771224,/group/ctbrowngrp5/sourmash-db.new/gtdb-rs226/gtdb-rs226-k51.dna.rocksdb,GCF_040095355.1 Roseburia faecis,5e93da5a0092429c5aca755971cd1bd1,0.15083798882681565,30000,104,18150000,outputs.mapping/bams.cds.rand/SRR14369306.x.s__Roseburia inulinivorans.fastq.gz,SRR14369306.x.s__Roseburia inulinivorans,f8f155eb,28130000,51,DNA,10000,2813,True,0.9254175386018555,0.9635901841869895,0.9445038613944226,0.9635901841869895,False,85,15641,21186,d__Bacteria;p__Bacillota;c__Clostridia;o__Lachnospirales;f__Lachnospiraceae;g__Agathobacter;s__Agathobacter faecis
200000,0.007109847138286527,0.010948905109489052,0.001066477070742979,0.0004248088360237893,3.0,3.0,0.816496580927726,/group/ctbrowngrp5/sourmash-db.new/gtdb-rs226/gtdb-rs226-k51.dna.rocksdb,GCA_034104765.1 Bariatricus sp.,5fb309ac99bb26cd210eba81e4539c8d,0.072992700729927,30000,105,18120000,outputs.mapping/bams.cds.rand/SRR14369306.x.s__Roseburia inulinivorans.fastq.gz,SRR14369306.x.s__Roseburia inulinivorans,f8f155eb,28130000,51,DNA,10000,2813,True,0.9075689160324693,0.9499732174733089,0.928771066752889,0.9499732174733089,False,9,15650,21186,d__Bacteria;p__Bacillota;c__Clostridia;o__Lachnospirales;f__Lachnospiraceae;g__Bariatricus;s__Bariatricus sp004560705
170000,0.006043370067543548,0.011627906976744186,0.001066477070742979,0.00023600490890210516,1.6666666666666667,2.0,0.4714045207910317,/group/ctbrowngrp5/sourmash-db.new/gtdb-rs226/gtdb-rs226-k51.dna.rocksdb,GCA_028724025.1 Mediterraneibacter faecis,38f48b95a71644a768afdf111d534ac4,0.06589147286821706,30000,106,18090000,outputs.mapping/bams.cds.rand/SRR14369306.x.s__Roseburia inulinivorans.fastq.gz,SRR14369306.x.s__Roseburia inulinivorans,f8f155eb,28130000,51,DNA,10000,2813,True,0.9046814186291674,0.94806865575777,0.9263750371934687,0.94806865575777,False,5,15655,21186,d__Bacteria;p__Bacillota;c__Clostridia;o__Lachnospirales;f__Lachnospiraceae;g__Mediterraneibacter;s__Mediterraneibacter faecis
170000,0.006043370067543548,0.01098901098901099,0.001066477070742979,0.0018880392712168413,13.333333333333334,17.0,8.178562764256865,/group/ctbrowngrp5/sourmash-db.new/gtdb-rs226/gtdb-rs226-k51.dna.rocksdb,GCA_945874345.1 uncultured Lachnospiraceae bacterium,1ee7347897828fc675be8be52eee10bc,0.06227106227106227,30000,107,18060000,outputs.mapping/bams.cds.rand/SRR14369306.x.s__Roseburia inulinivorans.fastq.gz,SRR14369306.x.s__Roseburia inulinivorans,f8f155eb,28130000,51,DNA,10000,2813,True,0.9046814186291674,0.9470186992468353,0.9258500589380014,0.9470186992468353,False,40,15695,21186,d__Bacteria;p__Bacillota;c__Clostridia;o__Lachnospirales;f__Lachnospiraceae;g__Agathobacter;s__Agathobacter sp900316805
90000,0.003199431212228937,0.007792207792207792,0.001066477070742979,0.0035400736335315774,25.0,2.0,32.526911934581186,/group/ctbrowngrp5/sourmash-db.new/gtdb-rs226/gtdb-rs226-k51.dna.rocksdb,GCA_946011515.1 uncultured Lachnospiraceae bacterium,22d10b3bb0824123b63da9ff2df42f3e,0.023376623376623377,30000,108,18030000,outputs.mapping/bams.cds.rand/SRR14369306.x.s__Roseburia inulinivorans.fastq.gz,SRR14369306.x.s__Roseburia inulinivorans,f8f155eb,28130000,51,DNA,10000,2813,True,0.8934697604835898,0.9289991764989103,0.9112344684912501,0.9289991764989103,False,75,15770,21186,d__Bacteria;p__Bacillota;c__Clostridia;o__Lachnospirales;f__Lachnospiraceae;g__COE1;s__COE1 sp022788085
30000,0.001066477070742979,0.010752688172043012,0.001066477070742979,0.00023600490890210516,1.6666666666666667,1.0,0.9428090415820634,/group/ctbrowngrp5/sourmash-db.new/gtdb-rs226/gtdb-rs226-k51.dna.rocksdb,GCA_034174285.1 Blautia sp.,f4bf9f65dcd55146e0138d3ef07cb7e8,0.010752688172043012,30000,109,18000000,outputs.mapping/bams.cds.rand/SRR14369306.x.s__Roseburia inulinivorans.fastq.gz,SRR14369306.x.s__Roseburia inulinivorans,f8f155eb,28130000,51,DNA,10000,2813,True,0.8744289744662292,0.9149603940215936,0.8946946842439114,0.9149603940215936,True,5,15775,21186,d__Bacteria;p__Bacillota;c__Clostridia;o__Lachnospirales;f__Lachnospiraceae;g__Blautia_A;s__Blautia_A sp022764275
160000,0.005687877710629221,0.006507592190889371,0.001066477070742979,0.0009440196356084206,6.666666666666667,1.0,8.013876853447538,/group/ctbrowngrp5/sourmash-db.new/gtdb-rs226/gtdb-rs226-k51.dna.rocksdb,GCA_027682765.1 Lachnospiraceae bacterium AF51-26b1,94587c6ec24153c551370addebd515ba,0.03470715835140998,30000,110,17970000,outputs.mapping/bams.cds.rand/SRR14369306.x.s__Roseburia inulinivorans.fastq.gz,SRR14369306.x.s__Roseburia inulinivorans,f8f155eb,28130000,51,DNA,10000,2813,True,0.9036066464020236,0.9362261466902879,0.9199163965461558,0.9362261466902879,False,20,15795,21186,d__Bacteria;p__Bacillota;c__Clostridia;o__Lachnospirales;f__Lachnospiraceae;g__Limivivens;s__Limivivens faecihominis
30000,0.001066477070742979,0.013333333333333334,0.001066477070742979,0.0005664117813650524,4.0,5.0,1.4142135623730951,/group/ctbrowngrp5/sourmash-db.new/gtdb-rs226/gtdb-rs226-k51.dna.rocksdb,GCA_945788285.1 uncultured Oribacterium sp.,c124efebd3213e57ec2c102afe499872,0.013333333333333334,30000,111,17940000,outputs.mapping/bams.cds.rand/SRR14369306.x.s__Roseburia inulinivorans.fastq.gz,SRR14369306.x.s__Roseburia inulinivorans,f8f155eb,28130000,51,DNA,10000,2813,True,0.8744289744662292,0.9188277284150211,0.8966283514406252,0.9188277284150211,True,12,15807,21186,d__Bacteria;p__Bacillota;c__Clostridia;o__Lachnospirales;f__Lachnospiraceae;g__Oribacterium;s__Oribacterium sp004554245
110000,0.0039104159260575895,0.010273972602739725,0.001066477070742979,0.00018880392712168414,1.3333333333333333,1.0,0.4714045207910317,/group/ctbrowngrp5/sourmash-db.new/gtdb-rs226/gtdb-rs226-k51.dna.rocksdb,GCF_934394745.1 uncultured Blautia sp.,e1dc55e9903f74bf4b90ddeb039f5a49,0.03767123287671233,30000,112,17910000,outputs.mapping/bams.cds.rand/SRR14369306.x.s__Roseburia inulinivorans.fastq.gz,SRR14369306.x.s__Roseburia inulinivorans,f8f155eb,28130000,51,DNA,10000,2813,True,0.8969922388272394,0.9377317574749979,0.9173619981511187,0.9377317574749979,False,4,15811,21186,d__Bacteria;p__Bacillota;c__Clostridia;o__Lachnospirales;f__Lachnospiraceae;g__Blautia_A;s__Blautia_A fusiformis
80000,0.0028439388553146107,0.01171875,0.001066477070742979,0.00023600490890210516,1.6666666666666667,2.0,0.4714045207910317,/group/ctbrowngrp5/sourmash-db.new/gtdb-rs226/gtdb-rs226-k51.dna.rocksdb,GCA_945989265.1 uncultured Ruminococcus sp.,d611b5f921d3e8b303715b7b60ae389d,0.03125,30000,113,17880000,outputs.mapping/bams.cds.rand/SRR14369306.x.s__Roseburia inulinivorans.fastq.gz,SRR14369306.x.s__Roseburia inulinivorans,f8f155eb,28130000,51,DNA,10000,2813,True,0.8914086986232876,0.9343019501159521,0.9128553243696198,0.9343019501159521,False,5,15816,21186,d__Bacteria;p__Bacillota;c__Clostridia;o__Lachnospirales;f__Lachnospiraceae;g__Blautia_A;s__Blautia_A difficilis
40000,0.0014219694276573053,0.00964630225080386,0.001066477070742979,0.0010856225809496838,7.666666666666667,5.0,6.79869268479038,/group/ctbrowngrp5/sourmash-db.new/gtdb-rs226/gtdb-rs226-k51.dna.rocksdb,GCA_041329315.1 Oscillospiraceae bacterium,9ff0fe52484e738d0549d0a25f97fa13,0.012861736334405145,30000,114,17850000,outputs.mapping/bams.cds.rand/SRR14369306.x.s__Roseburia inulinivorans.fastq.gz,SRR14369306.x.s__Roseburia inulinivorans,f8f155eb,28130000,51,DNA,10000,2813,True,0.8793754131238801,0.9181791850822808,0.8987772991030805,0.9181791850822808,True,23,15839,21186,d__Bacteria;p__Bacillota;c__Clostridia;o__Oscillospirales;f__Oscillospiraceae;g__Faecousia;s__Faecousia sp900540635
70000,0.002488446498400284,0.007211538461538462,0.001066477070742979,0.0004248088360237893,3.0,2.0,2.160246899469287,/group/ctbrowngrp5/sourmash-db.new/gtdb-rs226/gtdb-rs226-k51.dna.rocksdb,GCA_015558295.1 Ruminococcus sp. 1001095IJ_161003_G2,ebd847c7b498fad729af9241ee05ce6f,0.016826923076923076,30000,115,17820000,outputs.mapping/bams.cds.rand/SRR14369306.x.s__Roseburia inulinivorans.fastq.gz,SRR14369306.x.s__Roseburia inulinivorans,f8f155eb,28130000,51,DNA,10000,2813,True,0.8890778093376387,0.923029919389429,0.9060538643635339,0.923029919389429,False,9,15848,21186,d__Bacteria;p__Bacillota;c__Clostridia;o__Lachnospirales;f__Lachnospiraceae;g__Blautia_A;s__Blautia_A acetigignens
40000,0.0014219694276573053,0.01293103448275862,0.001066477070742979,0.0003776078542433683,2.6666666666666665,2.0,1.699673171197595,/group/ctbrowngrp5/sourmash-db.new/gtdb-rs226/gtdb-rs226-k51.dna.rocksdb,GCA_945949795.1 uncultured Roseburia sp.,bce9cc5bf7262dc4764cec7e8186022e,0.017241379310344827,30000,116,17790000,outputs.mapping/bams.cds.rand/SRR14369306.x.s__Roseburia inulinivorans.fastq.gz,SRR14369306.x.s__Roseburia inulinivorans,f8f155eb,28130000,51,DNA,10000,2813,True,0.8793754131238801,0.9234704020446912,0.9014229075842857,0.9234704020446912,True,8,15856,21186,d__Bacteria;p__Bacillota;c__Clostridia;o__Lachnospirales;f__Lachnospiraceae;g__Roseburia_C;s__Roseburia_C sp022764465
30000,0.001066477070742979,0.004545454545454545,0.0007109847138286527,0.0008968186538279996,9.5,9.5,0.5,/group/ctbrowngrp5/sourmash-db.new/gtdb-rs226/gtdb-rs226-k51.dna.rocksdb,GCA_022728145.1 Prevotella sp.,e44ccab3f6e5fcd5d7d7132aa1522bc2,0.006818181818181818,20000,117,17770000,outputs.mapping/bams.cds.rand/SRR14369306.x.s__Roseburia inulinivorans.fastq.gz,SRR14369306.x.s__Roseburia inulinivorans,f8f155eb,28130000,51,DNA,10000,2813,True,0.8744289744662292,0.9068238071826561,0.8906263908244427,0.9068238071826561,True,19,15875,21186,d__Bacteria;p__Bacteroidota;c__Bacteroidia;o__Bacteroidales;f__Bacteroidaceae;g__Prevotella;s__Prevotella hominis
20000,0.0007109847138286527,0.005763688760806916,0.0007109847138286527,0.0001416029453412631,1.5,1.5,0.5,/group/ctbrowngrp5/sourmash-db.new/gtdb-rs226/gtdb-rs226-k51.dna.rocksdb,GCA_018382915.1 Clostridiales bacterium,75683e41d40009227a982c63b2f5520a,0.005763688760806916,20000,118,17750000,outputs.mapping/bams.cds.rand/SRR14369306.x.s__Roseburia inulinivorans.fastq.gz,SRR14369306.x.s__Roseburia inulinivorans,f8f155eb,28130000,51,DNA,10000,2813,True,0.8675045670982334,0.9038412688553902,0.8856729179768118,0.9038412688553902,True,3,15878,21186,d__Bacteria;p__Bacillota;c__Clostridia;o__Lachnospirales;f__Lachnospiraceae;g__Anthropogastromicrobium;s__Anthropogastromicrobium aceti
20000,0.0007109847138286527,0.010582010582010581,0.0007109847138286527,0.00018880392712168414,2.0,2.0,0.0,/group/ctbrowngrp5/sourmash-db.new/gtdb-rs226/gtdb-rs226-k51.dna.rocksdb,GCA_934525875.1 uncultured Faecalibacterium sp.,f72800bec395e24a6766271816d53907,0.010582010582010581,20000,119,17730000,outputs.mapping/bams.cds.rand/SRR14369306.x.s__Roseburia inulinivorans.fastq.gz,SRR14369306.x.s__Roseburia inulinivorans,f8f155eb,28130000,51,DNA,10000,2813,True,0.8675045670982334,0.9146733865236761,0.8910889768109548,0.9146733865236761,True,4,15882,21186,d__Bacteria;p__Bacillota;c__Clostridia;o__Oscillospirales;f__Ruminococcaceae;g__Faecalibacterium;s__Faecalibacterium sp934561115
20000,0.0007109847138286527,0.00816326530612245,0.0007109847138286527,0.0008024166902671576,8.5,8.5,2.5,/group/ctbrowngrp5/sourmash-db.new/gtdb-rs226/gtdb-rs226-k51.dna.rocksdb,GCA_900763825.1 uncultured Prevotella sp.,7f0118ff1001444d01de64a75678ed78,0.00816326530612245,20000,120,17710000,outputs.mapping/bams.cds.rand/SRR14369306.x.s__Roseburia inulinivorans.fastq.gz,SRR14369306.x.s__Roseburia inulinivorans,f8f155eb,28130000,51,DNA,10000,2813,True,0.8675045670982334,0.9100309337997604,0.8887677504489969,0.9100309337997604,True,17,15899,21186,d__Bacteria;p__Bacteroidota;c__Bacteroidia;o__Bacteroidales;f__Bacteroidaceae;g__Prevotella;s__Prevotella sp900552675
20000,0.0007109847138286527,0.009174311926605505,0.0007109847138286527,0.0001416029453412631,1.5,1.5,0.5,/group/ctbrowngrp5/sourmash-db.new/gtdb-rs226/gtdb-rs226-k51.dna.rocksdb,GCA_037301655.1 bacterium,c70d2d772dc5cc9f571e99b06f409a1c,0.009174311926605505,20000,121,17690000,outputs.mapping/bams.cds.rand/SRR14369306.x.s__Roseburia inulinivorans.fastq.gz,SRR14369306.x.s__Roseburia inulinivorans,f8f155eb,28130000,51,DNA,10000,2813,True,0.8675045670982334,0.9121168123642995,0.8898106897312665,0.9121168123642995,True,3,15902,21186,d__Bacteria;p__Bacillota;c__Clostridia;o__Lachnospirales;f__Lachnospiraceae;g__CAG-791;s__CAG-791 sp000431495
20000,0.0007109847138286527,0.00796812749003984,0.0007109847138286527,0.0003304068724629472,3.5,3.5,0.5,/group/ctbrowngrp5/sourmash-db.new/gtdb-rs226/gtdb-rs226-k51.dna.rocksdb,GCA_022768525.1 Clostridium sp.,536f2803464e9e5f4cb086e4a3b88983,0.00796812749003984,20000,122,17670000,outputs.mapping/bams.cds.rand/SRR14369306.x.s__Roseburia inulinivorans.fastq.gz,SRR14369306.x.s__Roseburia inulinivorans,f8f155eb,28130000,51,DNA,10000,2813,True,0.8675045670982334,0.9095993116518016,0.8885519393750175,0.9095993116518016,True,7,15909,21186,d__Bacteria;p__Bacillota;c__Clostridia;o__Lachnospirales;f__Lachnospiraceae;g__CAG-590;s__CAG-590 sp000431135
70000,0.002488446498400284,0.008032128514056224,0.0007109847138286527,9.440196356084207e-05,1.0,1.0,0.0,/group/ctbrowngrp5/sourmash-db.new/gtdb-rs226/gtdb-rs226-k51.dna.rocksdb,GCA_037333145.1 bacterium,b8b509d137e9e34023e124b2693c1fc6,0.028112449799196786,20000,123,17650000,outputs.mapping/bams.cds.rand/SRR14369306.x.s__Roseburia inulinivorans.fastq.gz,SRR14369306.x.s__Roseburia inulinivorans,f8f155eb,28130000,51,DNA,10000,2813,True,0.8890778093376387,0.9323656154668517,0.9107217124022452,0.9323656154668517,False,2,15911,21186,d__Bacteria;p__Bacillota;c__Clostridia;o__Oscillospirales;f__Acutalibacteraceae;g__CAG-177;s__CAG-177 sp003514385
20000,0.0007109847138286527,0.01020408163265306,0.0007109847138286527,9.440196356084207e-05,1.0,1.0,0.0,/group/ctbrowngrp5/sourmash-db.new/gtdb-rs226/gtdb-rs226-k51.dna.rocksdb,GCA_037294225.1 bacterium,f53ee44370f05fc67f50ad30cff8cc65,0.01020408163265306,20000,124,17630000,outputs.mapping/bams.cds.rand/SRR14369306.x.s__Roseburia inulinivorans.fastq.gz,SRR14369306.x.s__Roseburia inulinivorans,f8f155eb,28130000,51,DNA,10000,2813,True,0.8675045670982334,0.9140213736068583,0.8907629703525459,0.9140213736068583,True,2,15913,21186,d__Bacteria;p__Bacillota;c__Clostridia;o__Oscillospirales;f__Acutalibacteraceae;g__CAG-177;s__CAG-177 sp003538135
20000,0.0007109847138286527,0.006389776357827476,0.0007109847138286527,0.0017464363258755781,18.5,18.5,17.5,/group/ctbrowngrp5/sourmash-db.new/gtdb-rs226/gtdb-rs226-k51.dna.rocksdb,GCF_009696445.1 Porcincola intestinalis,20cfded4b6f51389851ca831c5c4e9c1,0.006389776357827476,20000,125,17610000,outputs.mapping/bams.cds.rand/SRR14369306.x.s__Roseburia inulinivorans.fastq.gz,SRR14369306.x.s__Roseburia inulinivorans,f8f155eb,28130000,51,DNA,10000,2813,True,0.8675045670982334,0.9056706775258406,0.886587622312037,0.9056706775258406,True,37,15950,21186,d__Bacteria;p__Bacillota;c__Clostridia;o__Lachnospirales;f__Lachnospiraceae;g__Porcincola;s__Porcincola intestinalis
20000,0.0007109847138286527,0.005633802816901409,0.0007109847138286527,0.015198716133295572,161.0,161.0,144.0,/group/ctbrowngrp5/sourmash-db.new/gtdb-rs226/gtdb-rs226-k51.dna.rocksdb,GCA_900012755.1 Terrisporobacter othiniensis,7410ca9d089f9b9bb4c36c127193c1be,0.005633802816901409,20000,126,17590000,outputs.mapping/bams.cds.rand/SRR14369306.x.s__Roseburia inulinivorans.fastq.gz,SRR14369306.x.s__Roseburia inulinivorans,f8f155eb,28130000,51,DNA,10000,2813,True,0.8675045670982334,0.9034374127816094,0.8854709899399213,0.9034374127816094,True,322,16272,21186,d__Bacteria;p__Bacillota;c__Clostridia;o__Peptostreptococcales;f__Peptostreptococcaceae;g__Terrisporobacter;s__Terrisporobacter othiniensis
50000,0.0017774617845716318,0.00684931506849315,0.0007109847138286527,0.0005664117813650524,6.0,6.0,3.0,/group/ctbrowngrp5/sourmash-db.new/gtdb-rs226/gtdb-rs226-k51.dna.rocksdb,GCA_945963325.1 uncultured Clostridium sp.,c72e40e1317e7f0af39a23d82804a2a6,0.017123287671232876,20000,127,17570000,outputs.mapping/bams.cds.rand/SRR14369306.x.s__Roseburia inulinivorans.fastq.gz,SRR14369306.x.s__Roseburia inulinivorans,f8f155eb,28130000,51,DNA,10000,2813,True,0.8832314300169112,0.9233459613984814,0.9032886957076962,0.9233459613984814,True,12,16284,21186,d__Bacteria;p__Bacillota;c__Clostridia;o__Lachnospirales;f__Lachnospiraceae;g__Suilimivivens;s__Suilimivivens sp017622575
80000,0.0028439388553146107,0.003590664272890485,0.0007109847138286527,0.00018880392712168414,2.0,2.0,1.0,/group/ctbrowngrp5/sourmash-db.new/gtdb-rs226/gtdb-rs226-k51.dna.rocksdb,GCF_005844705.1 Enterocloster clostridioformis,cbb3b23f2075e6121a9c107d8bde5b4f,0.01436265709156194,20000,128,17550000,outputs.mapping/bams.cds.rand/SRR14369306.x.s__Roseburia inulinivorans.fastq.gz,SRR14369306.x.s__Roseburia inulinivorans,f8f155eb,28130000,51,DNA,10000,2813,True,0.8914086986232876,0.9201684720712715,0.9057885853472796,0.9201684720712715,False,4,16288,21186,d__Bacteria;p__Bacillota;c__Clostridia;o__Lachnospirales;f__Lachnospiraceae;g__Enterocloster;s__Enterocloster clostridioformis
70000,0.002488446498400284,0.007067137809187279,0.0007109847138286527,0.0012272255262909468,13.0,13.0,11.0,/group/ctbrowngrp5/sourmash-db.new/gtdb-rs226/gtdb-rs226-k51.dna.rocksdb,GCA_037260985.1 Agathobacter rectalis,81f2a102b0cb72714eadc3938ddb3845,0.024734982332155476,20000,129,17530000,outputs.mapping/bams.cds.rand/SRR14369306.x.s__Roseburia inulinivorans.fastq.gz,SRR14369306.x.s__Roseburia inulinivorans,f8f155eb,28130000,51,DNA,10000,2813,True,0.8890778093376387,0.9300286040667319,0.9095532067021853,0.9300286040667319,False,26,16314,21186,d__Bacteria;p__Bacillota;c__Clostridia;o__Lachnospirales;f__Lachnospiraceae;g__Agathobacter;s__Agathobacter rectalis
30000,0.001066477070742979,0.00749063670411985,0.0007109847138286527,9.440196356084207e-05,1.0,1.0,0.0,/group/ctbrowngrp5/sourmash-db.new/gtdb-rs226/gtdb-rs226-k51.dna.rocksdb,GCA_902469075.1 uncultured Eubacteriales bacterium,1dd3f16a7707cdf125dba3134983dcc7,0.011235955056179775,20000,130,17510000,outputs.mapping/bams.cds.rand/SRR14369306.x.s__Roseburia inulinivorans.fastq.gz,SRR14369306.x.s__Roseburia inulinivorans,f8f155eb,28130000,51,DNA,10000,2813,True,0.8744289744662292,0.9157494500788544,0.8950892122725418,0.9157494500788544,True,2,16316,21186,d__Bacteria;p__Bacillota;c__Clostridia;o__Oscillospirales;f__Oscillospiraceae;g__HGM13006;s__HGM13006 sp900756575
20000,0.0007109847138286527,0.008968609865470852,0.0007109847138286527,0.0001416029453412631,1.5,1.5,0.5,/group/ctbrowngrp5/sourmash-db.new/gtdb-rs226/gtdb-rs226-k51.dna.rocksdb,GCA_022783035.1 Paraprevotella sp.,21debe2642859e465e66bc9d30f5986d,0.008968609865470852,20000,131,17490000,outputs.mapping/bams.cds.rand/SRR14369306.x.s__Roseburia inulinivorans.fastq.gz,SRR14369306.x.s__Roseburia inulinivorans,f8f155eb,28130000,51,DNA,10000,2813,True,0.8675045670982334,0.9117113376687807,0.889607952383507,0.9117113376687807,True,3,16319,21186,d__Bacteria;p__Bacteroidota;c__Bacteroidia;o__Bacteroidales;f__Bacteroidaceae;g__Physcousia;s__Physcousia sp900766785
30000,0.001066477070742979,0.008695652173913044,0.0007109847138286527,0.0001416029453412631,1.5,1.5,0.5,/group/ctbrowngrp5/sourmash-db.new/gtdb-rs226/gtdb-rs226-k51.dna.rocksdb,GCA_946614955.1 uncultured Clostridia bacterium,8cd5f84e3e6ec8ead76569542d6185bb,0.013043478260869565,20000,132,17470000,outputs.mapping/bams.cds.rand/SRR14369306.x.s__Roseburia inulinivorans.fastq.gz,SRR14369306.x.s__Roseburia inulinivorans,f8f155eb,28130000,51,DNA,10000,2813,True,0.8744289744662292,0.9184318366897796,0.8964304055780044,0.9184318366897796,True,3,16322,21186,d__Bacteria;p__Bacillota;c__Clostridia;o__Oscillospirales;f__Ruminococcaceae;g__UBA3818;s__UBA3818 sp002369315
20000,0.0007109847138286527,0.0076045627376425855,0.0007109847138286527,0.00023600490890210516,2.5,2.5,1.5,/group/ctbrowngrp5/sourmash-db.new/gtdb-rs226/gtdb-rs226-k51.dna.rocksdb,GCA_022776305.1 Lachnospiraceae bacterium,53c43c8f0fda61e91112b62695489b74,0.0076045627376425855,20000,133,17450000,outputs.mapping/bams.cds.rand/SRR14369306.x.s__Roseburia inulinivorans.fastq.gz,SRR14369306.x.s__Roseburia inulinivorans,f8f155eb,28130000,51,DNA,10000,2813,True,0.8675045670982334,0.9087667657945412,0.8881356664463873,0.9087667657945412,True,5,16327,21186,d__Bacteria;p__Bacillota;c__Clostridia;o__Lachnospirales;f__Lachnospiraceae;g__Choladousia;s__Choladousia sp022776305
20000,0.0007109847138286527,0.007751937984496124,0.0007109847138286527,0.00018880392712168414,2.0,2.0,0.0,/group/ctbrowngrp5/sourmash-db.new/gtdb-rs226/gtdb-rs226-k51.dna.rocksdb,GCA_028721505.1 Bacteroidales bacterium,a57996420fd02e830cc710d9a0a1615f,0.007751937984496124,20000,134,17430000,outputs.mapping/bams.cds.rand/SRR14369306.x.s__Roseburia inulinivorans.fastq.gz,SRR14369306.x.s__Roseburia inulinivorans,f8f155eb,28130000,51,DNA,10000,2813,True,0.8675045670982334,0.9091088551799642,0.8883067111390988,0.9091088551799642,True,4,16331,21186,d__Bacteria;p__Bacteroidota;c__Bacteroidia;o__Bacteroidales;f__UBA932;g__Cryptobacteroides;s__Cryptobacteroides sp034089285
20000,0.0007109847138286527,0.008583690987124463,0.0007109847138286527,0.00018880392712168414,2.0,2.0,0.0,/group/ctbrowngrp5/sourmash-db.new/gtdb-rs226/gtdb-rs226-k51.dna.rocksdb,GCA_034088825.1 Hominisplanchenecus sp.,5697c473a01e0b32356c923cbc0c26c0,0.008583690987124463,20000,135,17410000,outputs.mapping/bams.cds.rand/SRR14369306.x.s__Roseburia inulinivorans.fastq.gz,SRR14369306.x.s__Roseburia inulinivorans,f8f155eb,28130000,51,DNA,10000,2813,True,0.8675045670982334,0.9109274836213538,0.8892160253597936,0.9109274836213538,True,4,16335,21186,d__Bacteria;p__Bacillota;c__Clostridia;o__Lachnospirales;f__Lachnospiraceae;g__Hominisplanchenecus;s__Hominisplanchenecus sp022769625
40000,0.0014219694276573053,0.005376344086021506,0.0007109847138286527,0.0008024166902671576,8.5,8.5,5.5,/group/ctbrowngrp5/sourmash-db.new/gtdb-rs226/gtdb-rs226-k51.dna.rocksdb,GCA_022738935.1 Prevotella sp.,2879244ad3a48ed5bf4c4f4e712e0e0e,0.010752688172043012,20000,136,17390000,outputs.mapping/bams.cds.rand/SRR14369306.x.s__Roseburia inulinivorans.fastq.gz,SRR14369306.x.s__Roseburia inulinivorans,f8f155eb,28130000,51,DNA,10000,2813,True,0.8793754131238801,0.9149603940215936,0.8971679035727369,0.9149603940215936,True,17,16352,21186,d__Bacteria;p__Bacteroidota;c__Bacteroidia;o__Bacteroidales;f__Bacteroidaceae;g__Prevotella;s__Prevotella sp022741625
30000,0.001066477070742979,0.0064516129032258064,0.0007109847138286527,0.0001416029453412631,1.5,1.5,0.5,/group/ctbrowngrp5/sourmash-db.new/gtdb-rs226/gtdb-rs226-k51.dna.rocksdb,GCF_030372275.1 Pseudoflavonifractor phocaeensis,957b1bed949d3f91d1668e4967e80bd5,0.00967741935483871,20000,137,17370000,outputs.mapping/bams.cds.rand/SRR14369306.x.s__Roseburia inulinivorans.fastq.gz,SRR14369306.x.s__Roseburia inulinivorans,f8f155eb,28130000,51,DNA,10000,2813,True,0.8744289744662292,0.913072135380062,0.8937505549231457,0.913072135380062,True,3,16355,21186,d__Bacteria;p__Bacillota;c__Clostridia;o__Oscillospirales;f__Oscillospiraceae;g__Lawsonibacter;s__Lawsonibacter sp900766145
20000,0.0007109847138286527,0.009433962264150943,0.0007109847138286527,0.00023600490890210516,2.5,2.5,1.5,/group/ctbrowngrp5/sourmash-db.new/gtdb-rs226/gtdb-rs226-k51.dna.rocksdb,GCA_022786145.1 Oscillospiraceae bacterium,0bc8664daf8f9dc84213507b47678a7d,0.009433962264150943,20000,138,17350000,outputs.mapping/bams.cds.rand/SRR14369306.x.s__Roseburia inulinivorans.fastq.gz,SRR14369306.x.s__Roseburia inulinivorans,f8f155eb,28130000,51,DNA,10000,2813,True,0.8675045670982334,0.9126160876839744,0.8900603273911039,0.9126160876839744,True,5,16360,21186,d__Bacteria;p__Bacillota;c__Clostridia;o__Oscillospirales;f__Acutalibacteraceae;g__CAG-177;s__CAG-177 sp003514385
60000,0.002132954141485958,0.0057306590257879654,0.0007109847138286527,0.00018880392712168414,2.0,2.0,1.0,/group/ctbrowngrp5/sourmash-db.new/gtdb-rs226/gtdb-rs226-k51.dna.rocksdb,GCF_016937335.1 Ruthenibacterium lactatiformans,0ede28993cc5b30cd7ab23f1642fb834,0.017191977077363897,20000,139,17330000,outputs.mapping/bams.cds.rand/SRR14369306.x.s__Roseburia inulinivorans.fastq.gz,SRR14369306.x.s__Roseburia inulinivorans,f8f155eb,28130000,51,DNA,10000,2813,True,0.8863945733920933,0.9234184457582383,0.9049065095751658,0.9234184457582383,True,4,16364,21186,d__Bacteria;p__Bacillota;c__Clostridia;o__Oscillospirales;f__Ruminococcaceae;g__Ruthenibacterium;s__Ruthenibacterium lactatiformans
70000,0.002488446498400284,0.0038535645472061657,0.0007109847138286527,9.440196356084207e-05,1.0,1.0,0.0,/group/ctbrowngrp5/sourmash-db.new/gtdb-rs226/gtdb-rs226-k51.dna.rocksdb,GCF_039837315.1 Enterocloster clostridioformis,d21ec4bfb9f9cfa1a64af22667f17665,0.01348747591522158,20000,140,17310000,outputs.mapping/bams.cds.rand/SRR14369306.x.s__Roseburia inulinivorans.fastq.gz,SRR14369306.x.s__Roseburia inulinivorans,f8f155eb,28130000,51,DNA,10000,2813,True,0.8890778093376387,0.9190348371363092,0.9040563232369739,0.9190348371363092,False,2,16366,21186,d__Bacteria;p__Bacillota;c__Clostridia;o__Lachnospirales;f__Lachnospiraceae;g__Enterocloster;s__Enterocloster clostridioformis
40000,0.0014219694276573053,0.008928571428571428,0.0007109847138286527,0.0004720098178042103,5.0,5.0,1.0,/group/ctbrowngrp5/sourmash-db.new/gtdb-rs226/gtdb-rs226-k51.dna.rocksdb,GCA_003449225.1 Butyrivibrio sp.,7eac08be8243b137375c805ab39174b1,0.017857142857142856,20000,141,17290000,outputs.mapping/bams.cds.rand/SRR14369306.x.s__Roseburia inulinivorans.fastq.gz,SRR14369306.x.s__Roseburia inulinivorans,f8f155eb,28130000,51,DNA,10000,2813,True,0.8793754131238801,0.9241060284450854,0.9017407207844828,0.9241060284450854,True,10,16376,21186,d__Bacteria;p__Bacillota;c__Clostridia;o__Lachnospirales;f__Lachnospiraceae;g__Butyrivibrio_A;s__Butyrivibrio_A crossota
90000,0.003199431212228937,0.006756756756756757,0.0007109847138286527,0.0001416029453412631,1.5,1.5,0.5,/group/ctbrowngrp5/sourmash-db.new/gtdb-rs226/gtdb-rs226-k51.dna.rocksdb,GCA_003522915.1 Roseburia sp.,e6b389e02c3ce772335b73a90bcfe9d2,0.030405405405405407,20000,142,17270000,outputs.mapping/bams.cds.rand/SRR14369306.x.s__Roseburia inulinivorans.fastq.gz,SRR14369306.x.s__Roseburia inulinivorans,f8f155eb,28130000,51,DNA,10000,2813,True,0.8934697604835898,0.9338001454113928,0.9136349529474913,0.9338001454113928,False,3,16379,21186,d__Bacteria;p__Bacillota;c__Clostridia;o__Lachnospirales;f__Lachnospiraceae;g__Roseburia;s__Roseburia hominis
20000,0.0007109847138286527,0.012903225806451613,0.0007109847138286527,0.0005664117813650524,6.0,6.0,5.0,/group/ctbrowngrp5/sourmash-db.new/gtdb-rs226/gtdb-rs226-k51.dna.rocksdb,GCA_018371885.1 Clostridium sp.,663151fcbd92e075fd8d5ffb1b1ad457,0.012903225806451613,20000,143,17250000,outputs.mapping/bams.cds.rand/SRR14369306.x.s__Roseburia inulinivorans.fastq.gz,SRR14369306.x.s__Roseburia inulinivorans,f8f155eb,28130000,51,DNA,10000,2813,True,0.8675045670982334,0.9182371692931076,0.8928708681956705,0.9182371692931076,True,12,16391,21186,d__Bacteria;p__Bacillota;c__Clostridia;o__Christensenellales;f__CAG-917;g__CAG-349;s__CAG-349 sp003539515
50000,0.0017774617845716318,0.006688963210702341,0.0007109847138286527,9.440196356084207e-05,1.0,1.0,0.0,/group/ctbrowngrp5/sourmash-db.new/gtdb-rs226/gtdb-rs226-k51.dna.rocksdb,GCA_032473835.1 Clostridiales bacterium,8538c4718dc01ebda71335abd4c29ece,0.016722408026755852,20000,144,17230000,outputs.mapping/bams.cds.rand/SRR14369306.x.s__Roseburia inulinivorans.fastq.gz,SRR14369306.x.s__Roseburia inulinivorans,f8f155eb,28130000,51,DNA,10000,2813,True,0.8832314300169112,0.9229171618883247,0.9030742959526179,0.9229171618883247,True,2,16393,21186,d__Bacteria;p__Bacillota;c__Clostridia;o__Oscillospirales;f__Oscillospiraceae;g__Intestinimonas;s__Intestinimonas massiliensis
20000,0.0007109847138286527,0.007462686567164179,0.0007109847138286527,0.008448975738695364,89.5,89.5,86.5,/group/ctbrowngrp5/sourmash-db.new/gtdb-rs226/gtdb-rs226-k51.dna.rocksdb,GCA_022780235.1 Prevotella sp.,ef532976629cbe61f487881b32ce5a88,0.007462686567164179,20000,145,17210000,outputs.mapping/bams.cds.rand/SRR14369306.x.s__Roseburia inulinivorans.fastq.gz,SRR14369306.x.s__Roseburia inulinivorans,f8f155eb,28130000,51,DNA,10000,2813,True,0.8675045670982334,0.9084312442666432,0.8879679056824383,0.9084312442666432,True,179,16572,21186,d__Bacteria;p__Bacteroidota;c__Bacteroidia;o__Bacteroidales;f__Bacteroidaceae;g__Prevotella;s__Prevotella sp002251435
20000,0.0007109847138286527,0.00796812749003984,0.0007109847138286527,0.0001416029453412631,1.5,1.5,0.5,/group/ctbrowngrp5/sourmash-db.new/gtdb-rs226/gtdb-rs226-k51.dna.rocksdb,GCA_034180035.1 Anaerobutyricum sp.,89e79d0aed333d99ff28cb4ecd878d94,0.00796812749003984,20000,146,17190000,outputs.mapping/bams.cds.rand/SRR14369306.x.s__Roseburia inulinivorans.fastq.gz,SRR14369306.x.s__Roseburia inulinivorans,f8f155eb,28130000,51,DNA,10000,2813,True,0.8675045670982334,0.9095993116518016,0.8885519393750175,0.9095993116518016,True,3,16575,21186,d__Bacteria;p__Bacillota;c__Clostridia;o__Lachnospirales;f__Lachnospiraceae;g__Anaerobutyricum;s__Anaerobutyricum sp022764265
20000,0.0007109847138286527,0.006269592476489028,0.0007109847138286527,0.0007552157084867366,8.0,8.0,7.0,/group/ctbrowngrp5/sourmash-db.new/gtdb-rs226/gtdb-rs226-k51.dna.rocksdb,GCA_037069165.1 Clostridium sp.,b1f28d7ee0231b5f26d521b199ef9f62,0.006269592476489028,20000,147,17170000,outputs.mapping/bams.cds.rand/SRR14369306.x.s__Roseburia inulinivorans.fastq.gz,SRR14369306.x.s__Roseburia inulinivorans,f8f155eb,28130000,51,DNA,10000,2813,True,0.8675045670982334,0.905333548222742,0.8864190576604878,0.905333548222742,True,16,16591,21186,d__Bacteria;p__Bacillota;c__Clostridia;o__Clostridiales;f__Clostridiaceae;g__Clostridium;s__Clostridium sp900539375
30000,0.001066477070742979,0.0091324200913242,0.0007109847138286527,0.00023600490890210516,2.5,2.5,0.5,/group/ctbrowngrp5/sourmash-db.new/gtdb-rs226/gtdb-rs226-k51.dna.rocksdb,GCA_902487525.1 uncultured Alistipes sp.,299734f86cd949d589eb8c8789ff5cc6,0.0136986301369863,20000,148,17150000,outputs.mapping/bams.cds.rand/SRR14369306.x.s__Roseburia inulinivorans.fastq.gz,SRR14369306.x.s__Roseburia inulinivorans,f8f155eb,28130000,51,DNA,10000,2813,True,0.8744289744662292,0.9193148122519929,0.8968718933591111,0.9193148122519929,True,5,16596,21186,d__Bacteria;p__Bacteroidota;c__Bacteroidia;o__Bacteroidales;f__Rikenellaceae;g__Alistipes;s__Alistipes sp900770635
60000,0.002132954141485958,0.0056657223796034,0.0007109847138286527,0.00023600490890210516,2.5,2.5,1.5,/group/ctbrowngrp5/sourmash-db.new/gtdb-rs226/gtdb-rs226-k51.dna.rocksdb,GCF_027679365.1 Gemmiger formicilis,3d3f6632cb6a3fe73522007c71798473,0.0169971671388102,20000,149,17130000,outputs.mapping/bams.cds.rand/SRR14369306.x.s__Roseburia inulinivorans.fastq.gz,SRR14369306.x.s__Roseburia inulinivorans,f8f155eb,28130000,51,DNA,10000,2813,True,0.8863945733920933,0.9232121276138782,0.9048033505029858,0.9232121276138782,True,5,16601,21186,d__Bacteria;p__Bacillota;c__Clostridia;o__Oscillospirales;f__Ruminococcaceae;g__Gemmiger;s__Gemmiger formicilis
20000,0.0007109847138286527,0.005698005698005698,0.0007109847138286527,0.0005664117813650524,6.0,6.0,4.0,/group/ctbrowngrp5/sourmash-db.new/gtdb-rs226/gtdb-rs226-k51.dna.rocksdb,GCA_017413205.1 Lachnospiraceae bacterium,7ef862d76bb285b98667bcc977a03ba7,0.005698005698005698,20000,150,17110000,outputs.mapping/bams.cds.rand/SRR14369306.x.s__Roseburia inulinivorans.fastq.gz,SRR14369306.x.s__Roseburia inulinivorans,f8f155eb,28130000,51,DNA,10000,2813,True,0.8675045670982334,0.9036381676457232,0.8855713673719783,0.9036381676457232,True,12,16613,21186,d__Bacteria;p__Bacillota;c__Clostridia;o__Lachnospirales;f__Lachnospiraceae;g__CAG-411;s__CAG-411 sp902795895
40000,0.0014219694276573053,0.00847457627118644,0.0007109847138286527,0.0034456716699707356,36.5,36.5,30.5,/group/ctbrowngrp5/sourmash-db.new/gtdb-rs226/gtdb-rs226-k51.dna.rocksdb,GCA_022775645.1 Lachnospiraceae bacterium,737b1838efa2bfb429f3f0316c003db1,0.01694915254237288,20000,151,17090000,outputs.mapping/bams.cds.rand/SRR14369306.x.s__Roseburia inulinivorans.fastq.gz,SRR14369306.x.s__Roseburia inulinivorans,f8f155eb,28130000,51,DNA,10000,2813,True,0.8793754131238801,0.9231609205173658,0.9012681668206229,0.9231609205173658,True,73,16686,21186,d__Bacteria;p__Bacillota;c__Clostridia;o__Lachnospirales;f__Lachnospiraceae;g__UBA2868;s__UBA2868 sp004552595
60000,0.002132954141485958,0.009216589861751152,0.0007109847138286527,0.0004248088360237893,4.5,4.5,2.5,/group/ctbrowngrp5/sourmash-db.new/gtdb-rs226/gtdb-rs226-k51.dna.rocksdb,GCA_041324295.1 Lachnospira eligens,0d21ffd0fea853d72d0090889cbf0456,0.027649769585253458,20000,152,17070000,outputs.mapping/bams.cds.rand/SRR14369306.x.s__Roseburia inulinivorans.fastq.gz,SRR14369306.x.s__Roseburia inulinivorans,f8f155eb,28130000,51,DNA,10000,2813,True,0.8863945733920933,0.9320622778603561,0.9092284256262246,0.9320622778603561,True,9,16695,21186,d__Bacteria;p__Bacillota;c__Clostridia;o__Lachnospirales;f__Lachnospiraceae;g__Lachnospira;s__Lachnospira eligens_A
50000,0.0017774617845716318,0.007352941176470588,0.0007109847138286527,9.440196356084207e-05,1.0,1.0,0.0,/group/ctbrowngrp5/sourmash-db.new/gtdb-rs226/gtdb-rs226-k51.dna.rocksdb,GCA_945873835.1 uncultured Lachnospiraceae bacterium,80f349999251e504e87f743dbf594d78,0.01838235294117647,20000,153,17050000,outputs.mapping/bams.cds.rand/SRR14369306.x.s__Roseburia inulinivorans.fastq.gz,SRR14369306.x.s__Roseburia inulinivorans,f8f155eb,28130000,51,DNA,10000,2813,True,0.8832314300169112,0.9246314239708513,0.9039314269938812,0.9246314239708513,True,2,16697,21186,d__Bacteria;p__Bacillota;c__Clostridia;o__Lachnospirales;f__Lachnospiraceae;g__Roseburia_D;s__Roseburia_D yibonii
20000,0.0007109847138286527,0.009174311926605505,0.0007109847138286527,0.00023600490890210516,2.5,2.5,1.5,/group/ctbrowngrp5/sourmash-db.new/gtdb-rs226/gtdb-rs226-k51.dna.rocksdb,GCA_945874635.1 uncultured Blautia sp.,be6f3471fb5fc3e971cba5d774216e74,0.009174311926605505,20000,154,17030000,outputs.mapping/bams.cds.rand/SRR14369306.x.s__Roseburia inulinivorans.fastq.gz,SRR14369306.x.s__Roseburia inulinivorans,f8f155eb,28130000,51,DNA,10000,2813,True,0.8675045670982334,0.9121168123642995,0.8898106897312665,0.9121168123642995,True,5,16702,21186,d__Bacteria;p__Bacillota;c__Clostridia;o__Lachnospirales;f__Lachnospiraceae;g__Blautia_A;s__Blautia_A sp934359835
90000,0.003199431212228937,0.0058997050147492625,0.0007109847138286527,0.00018880392712168414,2.0,2.0,1.0,/group/ctbrowngrp5/sourmash-db.new/gtdb-rs226/gtdb-rs226-k51.dna.rocksdb,GCF_003324125.1 Subdoligranulum sp. APC924/74,894ad1cf5a0563cd03362d1a8ff68201,0.02654867256637168,20000,155,17010000,outputs.mapping/bams.cds.rand/SRR14369306.x.s__Roseburia inulinivorans.fastq.gz,SRR14369306.x.s__Roseburia inulinivorans,f8f155eb,28130000,51,DNA,10000,2813,True,0.8934697604835898,0.9313198909933524,0.9123948257384711,0.9313198909933524,False,4,16706,21186,d__Bacteria;p__Bacillota;c__Clostridia;o__Oscillospirales;f__Ruminococcaceae;g__Gemmiger;s__Gemmiger qucibialis
30000,0.001066477070742979,0.0055248618784530384,0.0007109847138286527,9.440196356084207e-05,1.0,1.0,0.0,/group/ctbrowngrp5/sourmash-db.new/gtdb-rs226/gtdb-rs226-k51.dna.rocksdb,GCA_034102685.1 Blautia sp.,58e7b9cad46da50357dbe65ff4ff01d0,0.008287292817679558,20000,156,16990000,outputs.mapping/bams.cds.rand/SRR14369306.x.s__Roseburia inulinivorans.fastq.gz,SRR14369306.x.s__Roseburia inulinivorans,f8f155eb,28130000,51,DNA,10000,2813,True,0.8744289744662292,0.9103000413000965,0.8923645078831628,0.9103000413000965,True,2,16708,21186,d__Bacteria;p__Bacillota;c__Clostridia;o__Lachnospirales;f__Lachnospiraceae;g__Blautia_A;s__Blautia_A sp022770365
50000,0.0017774617845716318,0.008695652173913044,0.0007109847138286527,0.0001416029453412631,1.5,1.5,0.5,/group/ctbrowngrp5/sourmash-db.new/gtdb-rs226/gtdb-rs226-k51.dna.rocksdb,GCA_037325705.1 bacterium,dff73d987f78192d59a26177435ceb32,0.021739130434782608,20000,157,16970000,outputs.mapping/bams.cds.rand/SRR14369306.x.s__Roseburia inulinivorans.fastq.gz,SRR14369306.x.s__Roseburia inulinivorans,f8f155eb,28130000,51,DNA,10000,2813,True,0.8832314300169112,0.9276772478722348,0.9054543389445731,0.9276772478722348,True,3,16711,21186,d__Bacteria;p__Bacillota;c__Clostridia;o__Christensenellales;f__CAG-138;g__PeH17;s__PeH17 sp000435055
30000,0.001066477070742979,0.009950248756218905,0.0007109847138286527,0.0003776078542433683,4.0,4.0,2.0,/group/ctbrowngrp5/sourmash-db.new/gtdb-rs226/gtdb-rs226-k51.dna.rocksdb,GCA_958351415.1 uncultured Roseburia sp.,a1bca88cd260fa32891193dd741eea14,0.014925373134328358,20000,158,16950000,outputs.mapping/bams.cds.rand/SRR14369306.x.s__Roseburia inulinivorans.fastq.gz,SRR14369306.x.s__Roseburia inulinivorans,f8f155eb,28130000,51,DNA,10000,2813,True,0.8744289744662292,0.9208621268632012,0.8976455506647152,0.9208621268632012,True,8,16719,21186,d__Bacteria;p__Bacillota;c__Clostridia;o__Lachnospirales;f__Lachnospiraceae;g__Roseburia_A;s__Roseburia_A sp934359535
30000,0.001066477070742979,0.006269592476489028,0.0007109847138286527,0.00018880392712168414,2.0,2.0,1.0,/group/ctbrowngrp5/sourmash-db.new/gtdb-rs226/gtdb-rs226-k51.dna.rocksdb,GCA_017622915.1 Eubacterium sp.,af440601a66304a2640fb223f7147348,0.009404388714733543,20000,159,16930000,outputs.mapping/bams.cds.rand/SRR14369306.x.s__Roseburia inulinivorans.fastq.gz,SRR14369306.x.s__Roseburia inulinivorans,f8f155eb,28130000,51,DNA,10000,2813,True,0.8744289744662292,0.9125599059038049,0.8934944401850171,0.9125599059038049,True,4,16723,21186,d__Bacteria;p__Bacillota;c__Clostridia;o__Lachnospirales;f__Lachnospiraceae;g__W0P33-017;s__W0P33-017 sp004562765
20000,0.0007109847138286527,0.01020408163265306,0.0007109847138286527,0.0001416029453412631,1.5,1.5,0.5,/group/ctbrowngrp5/sourmash-db.new/gtdb-rs226/gtdb-rs226-k51.dna.rocksdb,GCA_945995495.1 uncultured Clostridia bacterium,8baa13c181a740c38519f3aad4febfb8,0.01020408163265306,20000,160,16910000,outputs.mapping/bams.cds.rand/SRR14369306.x.s__Roseburia inulinivorans.fastq.gz,SRR14369306.x.s__Roseburia inulinivorans,f8f155eb,28130000,51,DNA,10000,2813,True,0.8675045670982334,0.9140213736068583,0.8907629703525459,0.9140213736068583,True,3,16726,21186,d__Bacteria;p__Bacillota;c__Clostridia;o__Oscillospirales;f__Ruminococcaceae;g__Gemmiger;s__Gemmiger sp900554145
20000,0.0007109847138286527,0.009569377990430622,0.0007109847138286527,0.0001416029453412631,1.5,1.5,0.5,/group/ctbrowngrp5/sourmash-db.new/gtdb-rs226/gtdb-rs226-k51.dna.rocksdb,GCA_946414475.1 uncultured Eubacterium sp.,c4b71acc2488e42e5776f8f30c9bb83f,0.009569377990430622,20000,161,16890000,outputs.mapping/bams.cds.rand/SRR14369306.x.s__Roseburia inulinivorans.fastq.gz,SRR14369306.x.s__Roseburia inulinivorans,f8f155eb,28130000,51,DNA,10000,2813,True,0.8675045670982334,0.9128711551885609,0.8901878611433971,0.9128711551885609,True,3,16729,21186,d__Bacteria;p__Bacillota;c__Clostridia;o__Lachnospirales;f__Lachnospiraceae;g__Lachnospira;s__Lachnospira sp945946665
170000,0.006043370067543548,0.006097560975609756,0.0007109847138286527,9.440196356084207e-05,1.0,1.0,0.0,/group/ctbrowngrp5/sourmash-db.new/gtdb-rs226/gtdb-rs226-k51.dna.rocksdb,GCF_008123415.1 Agathobacter rectalis,f1dfaa4cd4e8158fb81754d6f89abf69,0.051829268292682924,20000,162,16870000,outputs.mapping/bams.cds.rand/SRR14369306.x.s__Roseburia inulinivorans.fastq.gz,SRR14369306.x.s__Roseburia inulinivorans,f8f155eb,28130000,51,DNA,10000,2813,True,0.9046814186291674,0.9436166378415983,0.9241490282353828,0.9436166378415983,False,2,16731,21186,d__Bacteria;p__Bacillota;c__Clostridia;o__Lachnospirales;f__Lachnospiraceae;g__Agathobacter;s__Agathobacter rectalis
30000,0.001066477070742979,0.011049723756906077,0.0007109847138286527,0.0012272255262909468,13.0,13.0,12.0,/group/ctbrowngrp5/sourmash-db.new/gtdb-rs226/gtdb-rs226-k51.dna.rocksdb,GCF_009389325.1 Limosilactobacillus reuteri,c355f0d914d1a2fff43b6023fb5dea6b,0.016574585635359115,20000,163,16850000,outputs.mapping/bams.cds.rand/SRR14369306.x.s__Roseburia inulinivorans.fastq.gz,SRR14369306.x.s__Roseburia inulinivorans,f8f155eb,28130000,51,DNA,10000,2813,True,0.8744289744662292,0.9227564963289836,0.8985927353976064,0.9227564963289836,True,26,16757,21186,d__Bacteria;p__Bacillota;c__Bacilli;o__Lactobacillales;f__Lactobacillaceae;g__Limosilactobacillus;s__Limosilactobacillus sp946487795
20000,0.0007109847138286527,0.009302325581395349,0.0007109847138286527,0.0001416029453412631,1.5,1.5,0.5,/group/ctbrowngrp5/sourmash-db.new/gtdb-rs226/gtdb-rs226-k51.dna.rocksdb,GCA_034088465.1 Lachnospiraceae bacterium,748076373787b956a794bddee10010b5,0.009302325581395349,20000,164,16830000,outputs.mapping/bams.cds.rand/SRR14369306.x.s__Roseburia inulinivorans.fastq.gz,SRR14369306.x.s__Roseburia inulinivorans,f8f155eb,28130000,51,DNA,10000,2813,True,0.8675045670982334,0.9123646741588324,0.8899346206285329,0.9123646741588324,True,3,16760,21186,d__Bacteria;p__Bacillota;c__Clostridia;o__Lachnospirales;f__Lachnospiraceae;g__NC2004;s__NC2004 sp934317845
60000,0.002132954141485958,0.006493506493506494,0.0007109847138286527,0.00018880392712168414,2.0,2.0,1.0,/group/ctbrowngrp5/sourmash-db.new/gtdb-rs226/gtdb-rs226-k51.dna.rocksdb,GCA_934401975.1 uncultured Ruminococcus sp.,72c6c3c56a295f4316d7aba48a27e311,0.01948051948051948,20000,165,16810000,outputs.mapping/bams.cds.rand/SRR14369306.x.s__Roseburia inulinivorans.fastq.gz,SRR14369306.x.s__Roseburia inulinivorans,f8f155eb,28130000,51,DNA,10000,2813,True,0.8863945733920933,0.9256839964663355,0.9060392849292144,0.9256839964663355,True,4,16764,21186,d__Bacteria;p__Bacillota;c__Clostridia;o__Lachnospirales;f__Lachnospiraceae;g__Oliverpabstia;s__Oliverpabstia faecicola
40000,0.0014219694276573053,0.005847953216374269,0.0007109847138286527,0.0004248088360237893,4.5,4.5,2.5,/group/ctbrowngrp5/sourmash-db.new/gtdb-rs226/gtdb-rs226-k51.dna.rocksdb,GCA_958446975.1 uncultured Prevotella sp.,82619ae1a3344edb3609aaa01d33ca6e,0.011695906432748537,20000,166,16790000,outputs.mapping/bams.cds.rand/SRR14369306.x.s__Roseburia inulinivorans.fastq.gz,SRR14369306.x.s__Roseburia inulinivorans,f8f155eb,28130000,51,DNA,10000,2813,True,0.8793754131238801,0.9164701229621918,0.897922768043036,0.9164701229621918,True,9,16773,21186,d__Bacteria;p__Bacteroidota;c__Bacteroidia;o__Bacteroidales;f__Bacteroidaceae;g__Prevotella;s__Prevotella sp000436035
20000,0.0007109847138286527,0.009950248756218905,0.0007109847138286527,0.0002832058906825262,3.0,3.0,1.0,/group/ctbrowngrp5/sourmash-db.new/gtdb-rs226/gtdb-rs226-k51.dna.rocksdb,GCA_022786655.1 Lactobacillus johnsonii,a6e071a3d7506da6273d1e66b1a17f0e,0.009950248756218905,20000,167,16770000,outputs.mapping/bams.cds.rand/SRR14369306.x.s__Roseburia inulinivorans.fastq.gz,SRR14369306.x.s__Roseburia inulinivorans,f8f155eb,28130000,51,DNA,10000,2813,True,0.8675045670982334,0.9135700257522423,0.8905372964252378,0.9135700257522423,True,6,16779,21186,d__Bacteria;p__Bacillota;c__Bacilli;o__Lactobacillales;f__Lactobacillaceae;g__Lactobacillus;s__Lactobacillus sp945980025
80000,0.0028439388553146107,0.007194244604316547,0.0007109847138286527,0.0053809119229679975,57.0,57.0,54.0,/group/ctbrowngrp5/sourmash-db.new/gtdb-rs226/gtdb-rs226-k51.dna.rocksdb,GCA_902779585.1 uncultured Lachnospiraceae bacterium,3521d74fbb9aac4f1af5d519ec7bc4c4,0.02877697841726619,20000,168,16750000,outputs.mapping/bams.cds.rand/SRR14369306.x.s__Roseburia inulinivorans.fastq.gz,SRR14369306.x.s__Roseburia inulinivorans,f8f155eb,28130000,51,DNA,10000,2813,True,0.8914086986232876,0.9327928313803595,0.9121007650018236,0.9327928313803595,False,114,16893,21186,d__Bacteria;p__Bacillota;c__Clostridia;o__Lachnospirales;f__Lachnospiraceae;g__Roseburia_C;s__Roseburia_C sp900315735
20000,0.0007109847138286527,0.008733624454148471,0.0007109847138286527,0.00018880392712168414,2.0,2.0,0.0,/group/ctbrowngrp5/sourmash-db.new/gtdb-rs226/gtdb-rs226-k51.dna.rocksdb,GCA_002305725.1 Ruminococcus sp. UBA1394,85b5b1ca9d3525f39ca6328094149525,0.008733624454148471,20000,169,16730000,outputs.mapping/bams.cds.rand/SRR14369306.x.s__Roseburia inulinivorans.fastq.gz,SRR14369306.x.s__Roseburia inulinivorans,f8f155eb,28130000,51,DNA,10000,2813,True,0.8675045670982334,0.9112368308464617,0.8893706989723476,0.9112368308464617,True,4,16897,21186,d__Bacteria;p__Bacillota;c__Clostridia;o__Oscillospirales;f__Ruminococcaceae;g__Porcipelethomonas;s__Porcipelethomonas sp002305725
20000,0.0007109847138286527,0.009523809523809525,0.0007109847138286527,0.0004720098178042103,5.0,5.0,1.0,/group/ctbrowngrp5/sourmash-db.new/gtdb-rs226/gtdb-rs226-k51.dna.rocksdb,GCA_002349525.1 Lachnoclostridium sp. UBA2905,28c8d8cc436ba3e513625ae48ac1482d,0.009523809523809525,20000,170,16710000,outputs.mapping/bams.cds.rand/SRR14369306.x.s__Roseburia inulinivorans.fastq.gz,SRR14369306.x.s__Roseburia inulinivorans,f8f155eb,28130000,51,DNA,10000,2813,True,0.8675045670982334,0.9127857201967318,0.8901451436474825,0.9127857201967318,True,10,16907,21186,d__Bacteria;p__Bacillota;c__Clostridia;o__Lachnospirales;f__Lachnospiraceae;g__V9D3004;s__V9D3004 sp002349525
20000,0.0007109847138286527,0.007518796992481203,0.0007109847138286527,0.0001416029453412631,1.5,1.5,0.5,/group/ctbrowngrp5/sourmash-db.new/gtdb-rs226/gtdb-rs226-k51.dna.rocksdb,GCF_034115585.1 Gemmiger sp.,060ca6e5bf780d4c65f70523fceb5b5f,0.007518796992481203,20000,171,16690000,outputs.mapping/bams.cds.rand/SRR14369306.x.s__Roseburia inulinivorans.fastq.gz,SRR14369306.x.s__Roseburia inulinivorans,f8f155eb,28130000,51,DNA,10000,2813,True,0.8675045670982334,0.9085646807370644,0.8880346239176489,0.9085646807370644,True,3,16910,21186,d__Bacteria;p__Bacillota;c__Clostridia;o__Oscillospirales;f__Ruminococcaceae;g__Gemmiger;s__Gemmiger variabilis_B
150000,0.005332385353714895,0.00477326968973747,0.0007109847138286527,0.0001416029453412631,1.5,1.5,0.5,/group/ctbrowngrp5/sourmash-db.new/gtdb-rs226/gtdb-rs226-k51.dna.rocksdb,GCF_015551945.1 Ruminococcus sp. J1101004_170508_H5,d2111bd988ff7adf0b28abf4b3e48fda,0.03579952267303103,20000,172,16670000,outputs.mapping/bams.cds.rand/SRR14369306.x.s__Roseburia inulinivorans.fastq.gz,SRR14369306.x.s__Roseburia inulinivorans,f8f155eb,28130000,51,DNA,10000,2813,True,0.9024638904611972,0.936795188953071,0.9196295397071341,0.936795188953071,False,3,16913,21186,d__Bacteria;p__Bacillota;c__Clostridia;o__Lachnospirales;f__Lachnospiraceae;g__Blautia_A;s__Blautia_A faecis
40000,0.0014219694276573053,0.006172839506172839,0.0007109847138286527,0.00018880392712168414,2.0,2.0,0.0,/group/ctbrowngrp5/sourmash-db.new/gtdb-rs226/gtdb-rs226-k51.dna.rocksdb,GCA_034115705.1 Lachnospiraceae bacterium,5164d208e4d209cf107bbe1e3bd2ae80,0.012345679012345678,20000,173,16650000,outputs.mapping/bams.cds.rand/SRR14369306.x.s__Roseburia inulinivorans.fastq.gz,SRR14369306.x.s__Roseburia inulinivorans,f8f155eb,28130000,51,DNA,10000,2813,True,0.8793754131238801,0.9174422262512953,0.8984088196875877,0.9174422262512953,True,4,16917,21186,d__Bacteria;p__Bacillota;c__Clostridia;o__Lachnospirales;f__Lachnospiraceae;g__JALFVM01;s__JALFVM01 sp022787145
30000,0.001066477070742979,0.00823045267489712,0.0007109847138286527,0.0008024166902671576,8.5,8.5,6.5,/group/ctbrowngrp5/sourmash-db.new/gtdb-rs226/gtdb-rs226-k51.dna.rocksdb,GCA_022780365.1 Cuneatibacter sp.,098cce0ddca27e1a3af36e5520ff1c77,0.012345679012345678,20000,174,16630000,outputs.mapping/bams.cds.rand/SRR14369306.x.s__Roseburia inulinivorans.fastq.gz,SRR14369306.x.s__Roseburia inulinivorans,f8f155eb,28130000,51,DNA,10000,2813,True,0.8744289744662292,0.9174422262512953,0.8959356003587623,0.9174422262512953,True,17,16934,21186,d__Bacteria;p__Bacillota;c__Clostridia;o__Lachnospirales;f__Lachnospiraceae;g__CAKQHB01;s__CAKQHB01 sp934234215
40000,0.0014219694276573053,0.006666666666666667,0.0007109847138286527,0.0004248088360237893,4.5,4.5,3.5,/group/ctbrowngrp5/sourmash-db.new/gtdb-rs226/gtdb-rs226-k51.dna.rocksdb,GCA_036312025.1 Segatella copri,fe2a1dfd6c8a726a3c26ca80cb332dbb,0.013333333333333334,20000,175,16610000,outputs.mapping/bams.cds.rand/SRR14369306.x.s__Roseburia inulinivorans.fastq.gz,SRR14369306.x.s__Roseburia inulinivorans,f8f155eb,28130000,51,DNA,10000,2813,True,0.8793754131238801,0.9188277284150211,0.8991015707694506,0.9188277284150211,True,9,16943,21186,d__Bacteria;p__Bacteroidota;c__Bacteroidia;o__Bacteroidales;f__Bacteroidaceae;g__Prevotella;s__Prevotella sinensis
50000,0.0017774617845716318,0.005917159763313609,0.0007109847138286527,0.0005192107995846313,5.5,5.5,3.5,/group/ctbrowngrp5/sourmash-db.new/gtdb-rs226/gtdb-rs226-k51.dna.rocksdb,GCF_016900655.1 Drancourtella massiliensis,4d97880c9c6d7e121130fea4d1af7cc6,0.014792899408284023,20000,176,16590000,outputs.mapping/bams.cds.rand/SRR14369306.x.s__Roseburia inulinivorans.fastq.gz,SRR14369306.x.s__Roseburia inulinivorans,f8f155eb,28130000,51,DNA,10000,2813,True,0.8832314300169112,0.9207011640553986,0.9019662970361548,0.9207011640553986,True,11,16954,21186,d__Bacteria;p__Bacillota;c__Clostridia;o__Lachnospirales;f__Lachnospiraceae;g__Sellimonas;s__Sellimonas catena
20000,0.0007109847138286527,0.009478672985781991,0.0007109847138286527,9.440196356084207e-05,1.0,1.0,0.0,/group/ctbrowngrp5/sourmash-db.new/gtdb-rs226/gtdb-rs226-k51.dna.rocksdb,GCA_946061515.1 uncultured Clostridia bacterium,30158a16f92288079e57482bf4d01a7f,0.009478672985781991,20000,177,16570000,outputs.mapping/bams.cds.rand/SRR14369306.x.s__Roseburia inulinivorans.fastq.gz,SRR14369306.x.s__Roseburia inulinivorans,f8f155eb,28130000,51,DNA,10000,2813,True,0.8675045670982334,0.9127006990122944,0.8901026330552639,0.9127006990122944,True,2,16956,21186,d__Bacteria;p__Bacillota;c__Clostridia;o__Oscillospirales;f__Oscillospiraceae;g__Limivicinus;s__Limivicinus sp946061515
590000,0.020974049057945254,0.005291005291005291,0.0007109847138286527,0.0011328235627301047,12.0,12.0,4.0,/group/ctbrowngrp5/sourmash-db.new/gtdb-rs226/gtdb-rs226-k51.dna.rocksdb,GCA_041323155.1 Roseburia faecis,ee6672214b09d691e6cae81719d56264,0.15608465608465608,20000,178,16550000,outputs.mapping/bams.cds.rand/SRR14369306.x.s__Roseburia inulinivorans.fastq.gz,SRR14369306.x.s__Roseburia inulinivorans,f8f155eb,28130000,51,DNA,10000,2813,True,0.927025774950719,0.9642364254383124,0.9456311001945157,0.9642364254383124,False,24,16980,21186,d__Bacteria;p__Bacillota;c__Clostridia;o__Lachnospirales;f__Lachnospiraceae;g__Agathobacter;s__Agathobacter faecis
20000,0.0007109847138286527,0.007751937984496124,0.0007109847138286527,0.00018880392712168414,2.0,2.0,1.0,/group/ctbrowngrp5/sourmash-db.new/gtdb-rs226/gtdb-rs226-k51.dna.rocksdb,GCA_004560275.1 bacterium,439d963d4d8b9c45c11980b8f6bf870f,0.007751937984496124,20000,179,16530000,outputs.mapping/bams.cds.rand/SRR14369306.x.s__Roseburia inulinivorans.fastq.gz,SRR14369306.x.s__Roseburia inulinivorans,f8f155eb,28130000,51,DNA,10000,2813,True,0.8675045670982334,0.9091088551799642,0.8883067111390988,0.9091088551799642,True,4,16984,21186,d__Bacteria;p__Bacillota;c__Clostridia;o__Oscillospirales;f__Acutalibacteraceae;g__Ruminococcoides;s__Ruminococcoides sp004560275
220000,0.007820831852115179,0.004662004662004662,0.0007109847138286527,0.0004720098178042103,5.0,5.0,4.0,/group/ctbrowngrp5/sourmash-db.new/gtdb-rs226/gtdb-rs226-k51.dna.rocksdb,GCA_902762165.1 uncultured Lachnospiraceae bacterium,29b9d45df9cf6d7f1d28e40cf99ff051,0.05128205128205128,20000,180,16510000,outputs.mapping/bams.cds.rand/SRR14369306.x.s__Roseburia inulinivorans.fastq.gz,SRR14369306.x.s__Roseburia inulinivorans,f8f155eb,28130000,51,DNA,10000,2813,True,0.909266591213574,0.9434202712785419,0.9263434312460579,0.9434202712785419,False,10,16994,21186,d__Bacteria;p__Bacillota;c__Clostridia;o__Lachnospirales;f__Lachnospiraceae;g__Agathobacter;s__Agathobacter sp900552085
30000,0.001066477070742979,0.006557377049180328,0.0007109847138286527,0.0017936373076559993,19.0,19.0,17.0,/group/ctbrowngrp5/sourmash-db.new/gtdb-rs226/gtdb-rs226-k51.dna.rocksdb,GCA_949028985.1 uncultured Muribaculaceae bacterium,4d837da99ff7a747f7cd7fdeb0708549,0.009836065573770493,20000,181,16490000,outputs.mapping/bams.cds.rand/SRR14369306.x.s__Roseburia inulinivorans.fastq.gz,SRR14369306.x.s__Roseburia inulinivorans,f8f155eb,28130000,51,DNA,10000,2813,True,0.8744289744662292,0.9133633000003206,0.893896137233275,0.9133633000003206,True,38,17032,21186,d__Bacteria;p__Bacteroidota;c__Bacteroidia;o__Bacteroidales;f__Muribaculaceae;g__Paramuribaculum;s__Paramuribaculum sp910587185
100000,0.0035549235691432635,0.006535947712418301,0.0007109847138286527,0.0002832058906825262,3.0,3.0,2.0,/group/ctbrowngrp5/sourmash-db.new/gtdb-rs226/gtdb-rs226-k51.dna.rocksdb,GCF_022786255.1 Blautia massiliensis (ex Durand et al. 2017),3dc72b0ac99fffc0397410b696f314e5,0.032679738562091505,20000,182,16470000,outputs.mapping/bams.cds.rand/SRR14369306.x.s__Roseburia inulinivorans.fastq.gz,SRR14369306.x.s__Roseburia inulinivorans,f8f155eb,28130000,51,DNA,10000,2813,True,0.8953174808671256,0.9351218554056191,0.9152196681363723,0.9351218554056191,False,6,17038,21186,d__Bacteria;p__Bacillota;c__Clostridia;o__Lachnospirales;f__Lachnospiraceae;g__Blautia_A;s__Blautia_A fusiformis
20000,0.0007109847138286527,0.0076045627376425855,0.0007109847138286527,0.0001416029453412631,1.5,1.5,0.5,/group/ctbrowngrp5/sourmash-db.new/gtdb-rs226/gtdb-rs226-k51.dna.rocksdb,GCA_022766905.1 Lachnospiraceae bacterium,2ee8b7378185b49722942c5cf0a52e88,0.0076045627376425855,20000,183,16450000,outputs.mapping/bams.cds.rand/SRR14369306.x.s__Roseburia inulinivorans.fastq.gz,SRR14369306.x.s__Roseburia inulinivorans,f8f155eb,28130000,51,DNA,10000,2813,True,0.8675045670982334,0.9087667657945412,0.8881356664463873,0.9087667657945412,True,3,17041,21186,d__Bacteria;p__Bacillota;c__Clostridia;o__Lachnospirales;f__Lachnospiraceae;g__SIG292;s__SIG292 sp022766905
240000,0.008531816565943833,0.004807692307692308,0.0007109847138286527,0.00023600490890210516,2.5,2.5,1.5,/group/ctbrowngrp5/sourmash-db.new/gtdb-rs226/gtdb-rs226-k51.dna.rocksdb,GCF_019424595.1 Blautia sp.,2fd15f4bb8328a959dd445bd3e78cbd2,0.057692307692307696,20000,184,16430000,outputs.mapping/bams.cds.rand/SRR14369306.x.s__Roseburia inulinivorans.fastq.gz,SRR14369306.x.s__Roseburia inulinivorans,f8f155eb,28130000,51,DNA,10000,2813,True,0.910819219980795,0.9456015911853043,0.9282104055830496,0.9456015911853043,False,5,17046,21186,d__Bacteria;p__Bacillota;c__Clostridia;o__Lachnospirales;f__Lachnospiraceae;g__Blautia_A;s__Blautia_A wexlerae
40000,0.0014219694276573053,0.006172839506172839,0.0007109847138286527,0.0007080147267063155,7.5,7.5,5.5,/group/ctbrowngrp5/sourmash-db.new/gtdb-rs226/gtdb-rs226-k51.dna.rocksdb,GCA_021029585.1 Oscillospiraceae bacterium MH27-1,843f2b2d7b5148175cc6044e9c5fe23b,0.012345679012345678,20000,185,16410000,outputs.mapping/bams.cds.rand/SRR14369306.x.s__Roseburia inulinivorans.fastq.gz,SRR14369306.x.s__Roseburia inulinivorans,f8f155eb,28130000,51,DNA,10000,2813,True,0.8793754131238801,0.9174422262512953,0.8984088196875877,0.9174422262512953,True,15,17061,21186,d__Bacteria;p__Bacillota;c__Clostridia;o__Oscillospirales;f__Acutalibacteraceae;g__Hominenteromicrobium;s__Hominenteromicrobium mulieris
80000,0.0028439388553146107,0.008583690987124463,0.0007109847138286527,0.0007552157084867366,8.0,8.0,5.0,/group/ctbrowngrp5/sourmash-db.new/gtdb-rs226/gtdb-rs226-k51.dna.rocksdb,GCA_945923705.1 uncultured Lachnobacterium sp.,605864e3925a43b4fdb08125ae286ddb,0.034334763948497854,20000,186,16390000,outputs.mapping/bams.cds.rand/SRR14369306.x.s__Roseburia inulinivorans.fastq.gz,SRR14369306.x.s__Roseburia inulinivorans,f8f155eb,28130000,51,DNA,10000,2813,True,0.8914086986232876,0.9360281357725093,0.9137184171978985,0.9360281357725093,False,16,17077,21186,d__Bacteria;p__Bacillota;c__Clostridia;o__Lachnospirales;f__Lachnospiraceae;g__Agathobacter;s__Agathobacter sp022767075
50000,0.0017774617845716318,0.007547169811320755,0.0007109847138286527,0.0001416029453412631,1.5,1.5,0.5,/group/ctbrowngrp5/sourmash-db.new/gtdb-rs226/gtdb-rs226-k51.dna.rocksdb,GCA_004555965.1 Clostridiales bacterium,a221d5b664f7e8efb223b2cf126ca5be,0.018867924528301886,20000,187,16370000,outputs.mapping/bams.cds.rand/SRR14369306.x.s__Roseburia inulinivorans.fastq.gz,SRR14369306.x.s__Roseburia inulinivorans,f8f155eb,28130000,51,DNA,10000,2813,True,0.8832314300169112,0.9251042352607212,0.9041678326388162,0.9251042352607212,True,3,17080,21186,d__Bacteria;p__Bacillota;c__Clostridia;o__Oscillospirales;f__Butyricicoccaceae;g__Butyricicoccus_A;s__Butyricicoccus_A porcorum
410000,0.01457518663348738,0.008695652173913044,0.0007109847138286527,0.0005192107995846313,5.5,5.5,4.5,/group/ctbrowngrp5/sourmash-db.new/gtdb-rs226/gtdb-rs226-k51.dna.rocksdb,GCA_945939035.1 uncultured Lachnobacterium sp.,903f00746b6381f77379dc71c070b5cd,0.1782608695652174,20000,188,16350000,outputs.mapping/bams.cds.rand/SRR14369306.x.s__Roseburia inulinivorans.fastq.gz,SRR14369306.x.s__Roseburia inulinivorans,f8f155eb,28130000,51,DNA,10000,2813,True,0.9204335360180715,0.9667514317580448,0.9435924838880582,0.9667514317580448,False,11,17091,21186,d__Bacteria;p__Bacillota;c__Clostridia;o__Lachnospirales;f__Lachnospiraceae;g__Agathobacter;s__Agathobacter faecis
30000,0.001066477070742979,0.0033783783783783786,0.00035549235691432633,0.0008968186538279996,19.0,19.0,0.0,/group/ctbrowngrp5/sourmash-db.new/gtdb-rs226/gtdb-rs226-k51.dna.rocksdb,GCA_902777075.1 uncultured Lachnospiraceae bacterium,d0acc0a7077ee2f25338f5bc92066577,0.010135135135135136,10000,189,16340000,outputs.mapping/bams.cds.rand/SRR14369306.x.s__Roseburia inulinivorans.fastq.gz,SRR14369306.x.s__Roseburia inulinivorans,f8f155eb,28130000,51,DNA,10000,2813,True,0.8744289744662292,0.9138998762157851,0.8941644253410072,0.9138998762157851,True,19,17110,21186,d__Bacteria;p__Bacillota;c__Clostridia;o__Lachnospirales;f__Lachnospiraceae;g__Roseburia_C;s__Roseburia_C sp900315735
90000,0.003199431212228937,0.002840909090909091,0.00035549235691432633,4.7200981780421035e-05,1.0,1.0,0.0,/group/ctbrowngrp5/sourmash-db.new/gtdb-rs226/gtdb-rs226-k51.dna.rocksdb,GCF_027697445.1 Mediterraneibacter gnavus,236040bd67007dd4d08974fe81001a8d,0.02556818181818182,10000,190,16330000,outputs.mapping/bams.cds.rand/SRR14369306.x.s__Roseburia inulinivorans.fastq.gz,SRR14369306.x.s__Roseburia inulinivorans,f8f155eb,28130000,51,DNA,10000,2813,True,0.8934697604835898,0.9306329569594272,0.9120513587215084,0.9306329569594272,False,1,17111,21186,d__Bacteria;p__Bacillota;c__Clostridia;o__Lachnospirales;f__Lachnospiraceae;g__Ruminococcus_B;s__Ruminococcus_B gnavus
10000,0.00035549235691432633,0.0017921146953405018,0.00035549235691432633,0.0009912206173888418,21.0,21.0,0.0,/group/ctbrowngrp5/sourmash-db.new/gtdb-rs226/gtdb-rs226-k51.dna.rocksdb,GCA_948624845.1 Phocaeicola dorei,fdd732eeceb7828b3bad1f2cbc0321ed,0.0017921146953405018,10000,191,16320000,outputs.mapping/bams.cds.rand/SRR14369306.x.s__Roseburia inulinivorans.fastq.gz,SRR14369306.x.s__Roseburia inulinivorans,f8f155eb,28130000,51,DNA,10000,2813,True,0.8557939677468303,0.8833736232549991,0.8695837955009147,0.8833736232549991,True,21,17132,21186,d__Bacteria;p__Bacteroidota;c__Bacteroidia;o__Bacteroidales;f__Bacteroidaceae;g__Phocaeicola;s__Phocaeicola dorei
30000,0.001066477070742979,0.004484304932735426,0.00035549235691432633,0.0001416029453412631,3.0,3.0,0.0,/group/ctbrowngrp5/sourmash-db.new/gtdb-rs226/gtdb-rs226-k51.dna.rocksdb,GCF_902388255.1 Megasphaera elsdenii,b1dd3dfb8483d5785afe8845a82cdde2,0.013452914798206279,10000,192,16310000,outputs.mapping/bams.cds.rand/SRR14369306.x.s__Roseburia inulinivorans.fastq.gz,SRR14369306.x.s__Roseburia inulinivorans,f8f155eb,28130000,51,DNA,10000,2813,True,0.8744289744662292,0.9189886027616389,0.896708788613934,0.9189886027616389,True,3,17135,21186,d__Bacteria;p__Bacillota;c__Negativicutes;o__Veillonellales;f__Megasphaeraceae;g__Megasphaera;s__Megasphaera elsdenii
100000,0.0035549235691432635,0.002824858757062147,0.00035549235691432633,4.7200981780421035e-05,1.0,1.0,0.0,/group/ctbrowngrp5/sourmash-db.new/gtdb-rs226/gtdb-rs226-k51.dna.rocksdb,GCF_009759525.1 Roseburia intestinalis,2681dacc66ec3df84303171f895b2c14,0.02824858757062147,10000,193,16300000,outputs.mapping/bams.cds.rand/SRR14369306.x.s__Roseburia inulinivorans.fastq.gz,SRR14369306.x.s__Roseburia inulinivorans,f8f155eb,28130000,51,DNA,10000,2813,True,0.8953174808671256,0.9324539371102126,0.9138857089886692,0.9324539371102126,False,1,17136,21186,d__Bacteria;p__Bacillota;c__Clostridia;o__Lachnospirales;f__Lachnospiraceae;g__Roseburia;s__Roseburia intestinalis
20000,0.0007109847138286527,0.0049261083743842365,0.00035549235691432633,0.00023600490890210516,5.0,5.0,0.0,/group/ctbrowngrp5/sourmash-db.new/gtdb-rs226/gtdb-rs226-k51.dna.rocksdb,GCA_036307065.1 Bacteroidales bacterium,1417c1c96af35e3165c9f5b9456662eb,0.009852216748768473,10000,194,16290000,outputs.mapping/bams.cds.rand/SRR14369306.x.s__Roseburia inulinivorans.fastq.gz,SRR14369306.x.s__Roseburia inulinivorans,f8f155eb,28130000,51,DNA,10000,2813,True,0.8675045670982334,0.9133926837187871,0.8904486254085102,0.9133926837187871,True,5,17141,21186,d__Bacteria;p__Bacteroidota;c__Bacteroidia;o__Bacteroidales;f__P3;g__Onthomorpha;s__Onthomorpha sp002358855
20000,0.0007109847138286527,0.002777777777777778,0.00035549235691432633,0.0001416029453412631,3.0,3.0,0.0,/group/ctbrowngrp5/sourmash-db.new/gtdb-rs226/gtdb-rs226-k51.dna.rocksdb,GCF_009755025.1 Gordonibacter urolithinfaciens,e4ba09dcd16cc2c55893966ef218735d,0.005555555555555556,10000,195,16280000,outputs.mapping/bams.cds.rand/SRR14369306.x.s__Roseburia inulinivorans.fastq.gz,SRR14369306.x.s__Roseburia inulinivorans,f8f155eb,28130000,51,DNA,10000,2813,True,0.8675045670982334,0.9031896880401206,0.885347127569177,0.9031896880401206,True,3,17144,21186,d__Bacteria;p__Actinomycetota;c__Coriobacteriia;o__Coriobacteriales;f__Eggerthellaceae;g__Gordonibacter;s__Gordonibacter urolithinfaciens
10000,0.00035549235691432633,0.0045045045045045045,0.00035549235691432633,0.0001416029453412631,3.0,3.0,0.0,/group/ctbrowngrp5/sourmash-db.new/gtdb-rs226/gtdb-rs226-k51.dna.rocksdb,GCA_963610905.1 uncultured Oscillospiraceae bacterium,eba7116e8af430f6a01e7ae6df9b1c13,0.0045045045045045045,10000,196,16270000,outputs.mapping/bams.cds.rand/SRR14369306.x.s__Roseburia inulinivorans.fastq.gz,SRR14369306.x.s__Roseburia inulinivorans,f8f155eb,28130000,51,DNA,10000,2813,True,0.8557939677468303,0.8994832469384727,0.8776386073426514,0.8994832469384727,True,3,17147,21186,d__Bacteria;p__Bacillota;c__Clostridia;o__Lachnospirales;f__Lachnospiraceae;g__Eubacterium_F;s__Eubacterium_F sp003491505
10000,0.00035549235691432633,0.00641025641025641,0.00035549235691432633,9.440196356084207e-05,2.0,2.0,0.0,/group/ctbrowngrp5/sourmash-db.new/gtdb-rs226/gtdb-rs226-k51.dna.rocksdb,GCA_013316495.1 Angelakisella sp.,b4561467cbbf3e6db29514bf6cd58ecf,0.00641025641025641,10000,197,16260000,outputs.mapping/bams.cds.rand/SRR14369306.x.s__Roseburia inulinivorans.fastq.gz,SRR14369306.x.s__Roseburia inulinivorans,f8f155eb,28130000,51,DNA,10000,2813,True,0.8557939677468303,0.9057275057526144,0.8807607367497223,0.9057275057526144,True,2,17149,21186,d__Bacteria;p__Bacillota;c__Clostridia;o__Oscillospirales;f__Ruminococcaceae;g__Angelakisella;s__Angelakisella sp013316495
10000,0.00035549235691432633,0.010309278350515464,0.00035549235691432633,4.7200981780421035e-05,1.0,1.0,0.0,/group/ctbrowngrp5/sourmash-db.new/gtdb-rs226/gtdb-rs226-k51.dna.rocksdb,GCA_905209875.1 uncultured Firmicutes bacterium,cefa31f5c8a4894e0fdb9cef07322319,0.010309278350515464,10000,198,16250000,outputs.mapping/bams.cds.rand/SRR14369306.x.s__Roseburia inulinivorans.fastq.gz,SRR14369306.x.s__Roseburia inulinivorans,f8f155eb,28130000,51,DNA,10000,2813,True,0.8557939677468303,0.9142052089616286,0.8849995883542294,0.9142052089616286,True,1,17150,21186,d__Bacteria;p__Bacillota;c__Bacilli;o__RF39;f__UBA660;g__CAG-302;s__CAG-302 sp900548425
60000,0.002132954141485958,0.002849002849002849,0.00035549235691432633,4.7200981780421035e-05,1.0,1.0,0.0,/group/ctbrowngrp5/sourmash-db.new/gtdb-rs226/gtdb-rs226-k51.dna.rocksdb,GCA_027680905.1 Lachnospiraceae bacterium AF66-18pH10TA,333e4d209a67fe87c59a9b69c00af905,0.017094017094017096,10000,199,16240000,outputs.mapping/bams.cds.rand/SRR14369306.x.s__Roseburia inulinivorans.fastq.gz,SRR14369306.x.s__Roseburia inulinivorans,f8f155eb,28130000,51,DNA,10000,2813,True,0.8863945733920933,0.9233149870212076,0.9048547802066504,0.9233149870212076,True,1,17151,21186,d__Bacteria;p__Bacillota;c__Clostridia;o__Lachnospirales;f__Lachnospiraceae;g__Pilosibacter;s__Pilosibacter fragilis
30000,0.001066477070742979,0.0029411764705882353,0.00035549235691432633,9.440196356084207e-05,2.0,2.0,0.0,/group/ctbrowngrp5/sourmash-db.new/gtdb-rs226/gtdb-rs226-k51.dna.rocksdb,GCA_023439945.1 Bacillota bacterium,de1ea2a50af74b85ae3b3f8442c8a0ea,0.008823529411764706,10000,200,16230000,outputs.mapping/bams.cds.rand/SRR14369306.x.s__Roseburia inulinivorans.fastq.gz,SRR14369306.x.s__Roseburia inulinivorans,f8f155eb,28130000,51,DNA,10000,2813,True,0.8744289744662292,0.9114198379775423,0.8929244062218857,0.9114198379775423,True,2,17153,21186,d__Bacteria;p__Bacillota;c__Clostridia;o__Lachnospirales;f__Lachnospiraceae;g__Dorea;s__Dorea formicigenerans
80000,0.0028439388553146107,0.0031645569620253164,0.00035549235691432633,4.7200981780421035e-05,1.0,1.0,0.0,/group/ctbrowngrp5/sourmash-db.new/gtdb-rs226/gtdb-rs226-k51.dna.rocksdb,GCF_958425725.1 uncultured Blautia sp.,b709be194785038d795aa90f6c1faea6,0.02531645569620253,10000,201,16220000,outputs.mapping/bams.cds.rand/SRR14369306.x.s__Roseburia inulinivorans.fastq.gz,SRR14369306.x.s__Roseburia inulinivorans,f8f155eb,28130000,51,DNA,10000,2813,True,0.8914086986232876,0.9304524303337004,0.910930564478494,0.9304524303337004,False,1,17154,21186,d__Bacteria;p__Bacillota;c__Clostridia;o__Lachnospirales;f__Lachnospiraceae;g__Blautia_A;s__Blautia_A sp900066205
20000,0.0007109847138286527,0.004807692307692308,0.00035549235691432633,0.00018880392712168414,4.0,4.0,0.0,/group/ctbrowngrp5/sourmash-db.new/gtdb-rs226/gtdb-rs226-k51.dna.rocksdb,GCF_025144545.1 Acidaminococcus intestini,f87f706dea65d8ac6f7253e4fe642d16,0.009615384615384616,10000,202,16210000,outputs.mapping/bams.cds.rand/SRR14369306.x.s__Roseburia inulinivorans.fastq.gz,SRR14369306.x.s__Roseburia inulinivorans,f8f155eb,28130000,51,DNA,10000,2813,True,0.8675045670982334,0.9129570079962835,0.8902307875472585,0.9129570079962835,True,4,17158,21186,d__Bacteria;p__Bacillota;c__Negativicutes;o__Acidaminococcales;f__Acidaminococcaceae;g__Acidaminococcus;s__Acidaminococcus intestini
50000,0.0017774617845716318,0.0053475935828877,0.00035549235691432633,9.440196356084207e-05,2.0,2.0,0.0,/group/ctbrowngrp5/sourmash-db.new/gtdb-rs226/gtdb-rs226-k51.dna.rocksdb,GCF_022465435.1 Campylobacter coli,78f40d71a5059a0b295cbf656366d268,0.026737967914438502,10000,203,16200000,outputs.mapping/bams.cds.rand/SRR14369306.x.s__Roseburia inulinivorans.fastq.gz,SRR14369306.x.s__Roseburia inulinivorans,f8f155eb,28130000,51,DNA,10000,2813,True,0.8832314300169112,0.9314496424903252,0.9073405362536182,0.9314496424903252,True,2,17160,21186,d__Bacteria;p__Campylobacterota;c__Campylobacteria;o__Campylobacterales;f__Campylobacteraceae;g__Campylobacter_D;s__Campylobacter_D coli
10000,0.00035549235691432633,0.0036496350364963502,0.00035549235691432633,4.7200981780421035e-05,1.0,1.0,0.0,/group/ctbrowngrp5/sourmash-db.new/gtdb-rs226/gtdb-rs226-k51.dna.rocksdb,GCA_934402575.1 uncultured Bacteroidaceae bacterium,1a364496b3dfa0838e4b561e30ee79e8,0.0036496350364963502,10000,204,16190000,outputs.mapping/bams.cds.rand/SRR14369306.x.s__Roseburia inulinivorans.fastq.gz,SRR14369306.x.s__Roseburia inulinivorans,f8f155eb,28130000,51,DNA,10000,2813,True,0.8557939677468303,0.895779190619195,0.8757865791830126,0.895779190619195,True,1,17161,21186,d__Bacteria;p__Bacteroidota;c__Bacteroidia;o__Bacteroidales;f__Bacteroidaceae;g__Physcousia;s__Physcousia sp900543815
10000,0.00035549235691432633,0.004081632653061225,0.00035549235691432633,0.0001416029453412631,3.0,3.0,0.0,/group/ctbrowngrp5/sourmash-db.new/gtdb-rs226/gtdb-rs226-k51.dna.rocksdb,GCA_945946975.1 uncultured Bacteroidales bacterium,3a0a1f0096d752697d59901455827fcc,0.004081632653061225,10000,205,16180000,outputs.mapping/bams.cds.rand/SRR14369306.x.s__Roseburia inulinivorans.fastq.gz,SRR14369306.x.s__Roseburia inulinivorans,f8f155eb,28130000,51,DNA,10000,2813,True,0.8557939677468303,0.897746263416111,0.8767701155814707,0.897746263416111,True,3,17164,21186,d__Bacteria;p__Bacteroidota;c__Bacteroidia;o__Bacteroidales;f__Bacteroidaceae;g__Alloprevotella;s__Alloprevotella sp004552155
10000,0.00035549235691432633,0.007407407407407408,0.00035549235691432633,4.7200981780421035e-05,1.0,1.0,0.0,/group/ctbrowngrp5/sourmash-db.new/gtdb-rs226/gtdb-rs226-k51.dna.rocksdb,GCA_037064685.1 Sutterella wadsworthensis,f12afecd0cab645075888b66cf6aba31,0.007407407407407408,10000,206,16170000,outputs.mapping/bams.cds.rand/SRR14369306.x.s__Roseburia inulinivorans.fastq.gz,SRR14369306.x.s__Roseburia inulinivorans,f8f155eb,28130000,51,DNA,10000,2813,True,0.8557939677468303,0.9082988192772692,0.8820463935120497,0.9082988192772692,True,1,17165,21186,d__Bacteria;p__Pseudomonadota;c__Gammaproteobacteria;o__Burkholderiales;f__Burkholderiaceae;g__Sutterella;s__Sutterella wadsworthensis_A
10000,0.00035549235691432633,0.0047169811320754715,0.00035549235691432633,4.7200981780421035e-05,1.0,1.0,0.0,/group/ctbrowngrp5/sourmash-db.new/gtdb-rs226/gtdb-rs226-k51.dna.rocksdb,GCA_028725385.1 Clostridiales bacterium,f19a9fa7a6a6b3fd1398ecad239901c2,0.0047169811320754715,10000,207,16160000,outputs.mapping/bams.cds.rand/SRR14369306.x.s__Roseburia inulinivorans.fastq.gz,SRR14369306.x.s__Roseburia inulinivorans,f8f155eb,28130000,51,DNA,10000,2813,True,0.8557939677468303,0.9002965198455473,0.8780452437961888,0.9002965198455473,True,1,17166,21186,d__Bacteria;p__Bacillota;c__Clostridia;o__Oscillospirales;f__Oscillospiraceae;g__CAG-170;s__CAG-170 sp003516765
20000,0.0007109847138286527,0.003937007874015748,0.00035549235691432633,9.440196356084207e-05,2.0,2.0,0.0,/group/ctbrowngrp5/sourmash-db.new/gtdb-rs226/gtdb-rs226-k51.dna.rocksdb,GCA_037299285.1 Lachnospiraceae bacterium,af6e99d0c37ee1ebba035138c5c479e8,0.007874015748031496,10000,208,16150000,outputs.mapping/bams.cds.rand/SRR14369306.x.s__Roseburia inulinivorans.fastq.gz,SRR14369306.x.s__Roseburia inulinivorans,f8f155eb,28130000,51,DNA,10000,2813,True,0.8675045670982334,0.9093874295165494,0.8884459983073913,0.9093874295165494,True,2,17168,21186,d__Bacteria;p__Bacillota;c__Clostridia;o__Lachnospirales;f__Lachnospiraceae;g__Gallintestinimicrobium;s__Gallintestinimicrobium propionicum
70000,0.002488446498400284,0.0031746031746031746,0.00035549235691432633,0.0001416029453412631,3.0,3.0,0.0,/group/ctbrowngrp5/sourmash-db.new/gtdb-rs226/gtdb-rs226-k51.dna.rocksdb,GCA_028727045.1 Lachnospiraceae bacterium,1fa4a523766f9aee9cac3c30ff79928c,0.022222222222222223,10000,209,16140000,outputs.mapping/bams.cds.rand/SRR14369306.x.s__Roseburia inulinivorans.fastq.gz,SRR14369306.x.s__Roseburia inulinivorans,f8f155eb,28130000,51,DNA,10000,2813,True,0.8890778093376387,0.9280771248488988,0.9085774670932687,0.9280771248488988,False,3,17171,21186,d__Bacteria;p__Bacillota;c__Clostridia;o__Lachnospirales;f__Lachnospiraceae;g__Suilimivivens;s__Suilimivivens sp017622575
20000,0.0007109847138286527,0.0041841004184100415,0.00035549235691432633,4.7200981780421035e-05,1.0,1.0,0.0,/group/ctbrowngrp5/sourmash-db.new/gtdb-rs226/gtdb-rs226-k51.dna.rocksdb,GCA_963643605.1 Hallerella sp.,24fc194a92ab82be6e56beab7d75d336,0.008368200836820083,10000,210,16130000,outputs.mapping/bams.cds.rand/SRR14369306.x.s__Roseburia inulinivorans.fastq.gz,SRR14369306.x.s__Roseburia inulinivorans,f8f155eb,28130000,51,DNA,10000,2813,True,0.8675045670982334,0.9104734709010283,0.8889890189996308,0.9104734709010283,True,1,17172,21186,d__Bacteria;p__Bacillota;c__Clostridia;o__Oscillospirales;f__Ruminococcaceae;g__Gemmiger;s__Gemmiger sp900540775
60000,0.002132954141485958,0.0035714285714285713,0.00035549235691432633,0.00023600490890210516,5.0,5.0,0.0,/group/ctbrowngrp5/sourmash-db.new/gtdb-rs226/gtdb-rs226-k51.dna.rocksdb,GCA_945913065.1 uncultured Lachnobacterium sp.,6b9fd67bd058a504fdda76b4b4b25bb4,0.02142857142857143,10000,211,16120000,outputs.mapping/bams.cds.rand/SRR14369306.x.s__Roseburia inulinivorans.fastq.gz,SRR14369306.x.s__Roseburia inulinivorans,f8f155eb,28130000,51,DNA,10000,2813,True,0.8863945733920933,0.9274155572531645,0.9069050653226289,0.9274155572531645,True,5,17177,21186,d__Bacteria;p__Bacillota;c__Clostridia;o__Lachnospirales;f__Lachnospiraceae;g__Agathobacter;s__Agathobacter sp900548765
10000,0.00035549235691432633,0.010526315789473684,0.00035549235691432633,9.440196356084207e-05,2.0,2.0,0.0,/group/ctbrowngrp5/sourmash-db.new/gtdb-rs226/gtdb-rs226-k51.dna.rocksdb,GCA_944350255.1 Candidatus Caccopulliclostridium gallistercoris,0a336fd0ee5111b1e16d0172dac309ec,0.010526315789473684,10000,212,16110000,outputs.mapping/bams.cds.rand/SRR14369306.x.s__Roseburia inulinivorans.fastq.gz,SRR14369306.x.s__Roseburia inulinivorans,f8f155eb,28130000,51,DNA,10000,2813,True,0.8557939677468303,0.9145787486024968,0.8851863581746635,0.9145787486024968,True,2,17179,21186,d__Bacteria;p__Bacillota;c__Clostridia;o__Christensenellales;f__UBA1242;g__Caccopulliclostridium;s__Caccopulliclostridium gallistercoris
10000,0.00035549235691432633,0.0029069767441860465,0.00035549235691432633,4.7200981780421035e-05,1.0,1.0,0.0,/group/ctbrowngrp5/sourmash-db.new/gtdb-rs226/gtdb-rs226-k51.dna.rocksdb,GCF_934201765.1 uncultured Prevotella sp.,87a05446dae0635445f3dba74817c0cf,0.0029069767441860465,10000,213,16100000,outputs.mapping/bams.cds.rand/SRR14369306.x.s__Roseburia inulinivorans.fastq.gz,SRR14369306.x.s__Roseburia inulinivorans,f8f155eb,28130000,51,DNA,10000,2813,True,0.8557939677468303,0.8917919750400964,0.8737929713934633,0.8917919750400964,True,1,17180,21186,d__Bacteria;p__Bacteroidota;c__Bacteroidia;o__Bacteroidales;f__Bacteroidaceae;g__Prevotella;s__Prevotella sp900552515
70000,0.002488446498400284,0.004032258064516129,0.00035549235691432633,9.440196356084207e-05,2.0,2.0,0.0,/group/ctbrowngrp5/sourmash-db.new/gtdb-rs226/gtdb-rs226-k51.dna.rocksdb,GCA_902497415.1 Faecalibacterium prausnitzii,d74109488262e29f93e62947f07a1618,0.028225806451612902,10000,214,16090000,outputs.mapping/bams.cds.rand/SRR14369306.x.s__Roseburia inulinivorans.fastq.gz,SRR14369306.x.s__Roseburia inulinivorans,f8f155eb,28130000,51,DNA,10000,2813,True,0.8890778093376387,0.9324391865923345,0.9107584979649865,0.9324391865923345,False,2,17182,21186,d__Bacteria;p__Bacillota;c__Clostridia;o__Oscillospirales;f__Ruminococcaceae;g__Faecalibacterium;s__Faecalibacterium duncaniae
10000,0.00035549235691432633,0.005681818181818182,0.00035549235691432633,0.0001416029453412631,3.0,3.0,0.0,/group/ctbrowngrp5/sourmash-db.new/gtdb-rs226/gtdb-rs226-k51.dna.rocksdb,GCF_900198655.1 Helicobacter equorum,118cc974791b3caf0fb84977e2878694,0.005681818181818182,10000,215,16080000,outputs.mapping/bams.cds.rand/SRR14369306.x.s__Roseburia inulinivorans.fastq.gz,SRR14369306.x.s__Roseburia inulinivorans,f8f155eb,28130000,51,DNA,10000,2813,True,0.8557939677468303,0.9035877610647627,0.8796908644057965,0.9035877610647627,True,3,17185,21186,d__Bacteria;p__Campylobacterota;c__Campylobacteria;o__Campylobacterales;f__Helicobacteraceae;g__Helicobacter_F;s__Helicobacter_F equorum_A
10000,0.00035549235691432633,0.00267379679144385,0.00035549235691432633,4.7200981780421035e-05,1.0,1.0,0.0,/group/ctbrowngrp5/sourmash-db.new/gtdb-rs226/gtdb-rs226-k51.dna.rocksdb,GCA_015057945.1 Lachnospiraceae bacterium,8a1b6471b8379ede3b3ff93605e59995,0.00267379679144385,10000,216,16070000,outputs.mapping/bams.cds.rand/SRR14369306.x.s__Roseburia inulinivorans.fastq.gz,SRR14369306.x.s__Roseburia inulinivorans,f8f155eb,28130000,51,DNA,10000,2813,True,0.8557939677468303,0.8903310862769406,0.8730625270118855,0.8903310862769406,True,1,17186,21186,d__Bacteria;p__Bacillota;c__Clostridia;o__Lachnospirales;f__Lachnospiraceae;g__Oribacterium;s__Oribacterium sp015057945
10000,0.00035549235691432633,0.0027247956403269754,0.00035549235691432633,4.7200981780421035e-05,1.0,1.0,0.0,/group/ctbrowngrp5/sourmash-db.new/gtdb-rs226/gtdb-rs226-k51.dna.rocksdb,GCA_037456035.1 bacterium,b22e0b5c5c5016ac39f0800dce6ee3c0,0.0027247956403269754,10000,217,16060000,outputs.mapping/bams.cds.rand/SRR14369306.x.s__Roseburia inulinivorans.fastq.gz,SRR14369306.x.s__Roseburia inulinivorans,f8f155eb,28130000,51,DNA,10000,2813,True,0.8557939677468303,0.8906609879796527,0.8732274778632414,0.8906609879796527,True,1,17187,21186,d__Bacteria;p__Verrucomicrobiota;c__Kiritimatiellia;o__RFP12;f__UBA1067;g__RUG572;s__RUG572 sp900547945
140000,0.004976892996800568,0.0025188916876574307,0.00035549235691432633,4.7200981780421035e-05,1.0,1.0,0.0,/group/ctbrowngrp5/sourmash-db.new/gtdb-rs226/gtdb-rs226-k51.dna.rocksdb,GCA_902362695.1 Lachnospiraceae bacterium,88814aa8d627231136fd7d972eb4f967,0.03526448362720403,10000,218,16050000,outputs.mapping/bams.cds.rand/SRR14369306.x.s__Roseburia inulinivorans.fastq.gz,SRR14369306.x.s__Roseburia inulinivorans,f8f155eb,28130000,51,DNA,10000,2813,True,0.9012438614597266,0.9365186321452861,0.9188812468025063,0.9365186321452861,False,1,17188,21186,d__Bacteria;p__Bacillota;c__Clostridia;o__Lachnospirales;f__Lachnospiraceae;g__Blautia_A;s__Blautia_A ammoniilytica
10000,0.00035549235691432633,0.0035587188612099642,0.00035549235691432633,0.00018880392712168414,4.0,4.0,0.0,/group/ctbrowngrp5/sourmash-db.new/gtdb-rs226/gtdb-rs226-k51.dna.rocksdb,GCA_037242625.1 Sodaliphilus sp.,c6f80bec79d399e71cf11da337ae9c2f,0.0035587188612099642,10000,219,16040000,outputs.mapping/bams.cds.rand/SRR14369306.x.s__Roseburia inulinivorans.fastq.gz,SRR14369306.x.s__Roseburia inulinivorans,f8f155eb,28130000,51,DNA,10000,2813,True,0.8557939677468303,0.8953362133195951,0.8755650905332126,0.8953362133195951,True,4,17192,21186,d__Bacteria;p__Bacteroidota;c__Bacteroidia;o__Bacteroidales;f__Muribaculaceae;g__Sodaliphilus;s__Sodaliphilus sp004557565
20000,0.0007109847138286527,0.0053475935828877,0.00035549235691432633,9.440196356084207e-05,2.0,2.0,0.0,/group/ctbrowngrp5/sourmash-db.new/gtdb-rs226/gtdb-rs226-k51.dna.rocksdb,GCA_948442715.1 uncultured Butyricicoccus sp.,3cd37e01251a22deb73fc5619bd0230d,0.0106951871657754,10000,220,16030000,outputs.mapping/bams.cds.rand/SRR14369306.x.s__Roseburia inulinivorans.fastq.gz,SRR14369306.x.s__Roseburia inulinivorans,f8f155eb,28130000,51,DNA,10000,2813,True,0.8675045670982334,0.9148642036741179,0.8911843853861756,0.9148642036741179,True,2,17194,21186,d__Bacteria;p__Bacillota;c__Clostridia;o__Oscillospirales;f__Butyricicoccaceae;g__Agathobaculum;s__Agathobaculum butyriciproducens
100000,0.0035549235691432635,0.003389830508474576,0.00035549235691432633,0.0001416029453412631,3.0,3.0,0.0,/group/ctbrowngrp5/sourmash-db.new/gtdb-rs226/gtdb-rs226-k51.dna.rocksdb,GCF_018784555.1 Faecalibacterium prausnitzii,12405909848be5721caa42a4b181af1f,0.03389830508474576,10000,221,16020000,outputs.mapping/bams.cds.rand/SRR14369306.x.s__Roseburia inulinivorans.fastq.gz,SRR14369306.x.s__Roseburia inulinivorans,f8f155eb,28130000,51,DNA,10000,2813,True,0.8953174808671256,0.935793362535524,0.9155554217013249,0.935793362535524,False,3,17197,21186,d__Bacteria;p__Bacillota;c__Clostridia;o__Oscillospirales;f__Ruminococcaceae;g__Faecalibacterium;s__Faecalibacterium duncaniae
170000,0.006043370067543548,0.0029498525073746312,0.00035549235691432633,9.440196356084207e-05,2.0,2.0,0.0,/group/ctbrowngrp5/sourmash-db.new/gtdb-rs226/gtdb-rs226-k51.dna.rocksdb,GCF_003460065.1 Ruminococcus sp. AF17-22AC,51a1f990a7b0dacf957e2996ecb8cf54,0.05014749262536873,10000,222,16010000,outputs.mapping/bams.cds.rand/SRR14369306.x.s__Roseburia inulinivorans.fastq.gz,SRR14369306.x.s__Roseburia inulinivorans,f8f155eb,28130000,51,DNA,10000,2813,True,0.9046814186291674,0.9430065095044731,0.9238439640668202,0.9430065095044731,False,2,17199,21186,d__Bacteria;p__Bacillota;c__Clostridia;o__Lachnospirales;f__Lachnospiraceae;g__Blautia_A;s__Blautia_A sp900120195
20000,0.0007109847138286527,0.004901960784313725,0.00035549235691432633,0.00023600490890210516,5.0,5.0,0.0,/group/ctbrowngrp5/sourmash-db.new/gtdb-rs226/gtdb-rs226-k51.dna.rocksdb,GCA_958435315.1 Eshraghiella crossota,5064677f4c6bf77b846b5b0dbf53be89,0.00980392156862745,10000,223,16000000,outputs.mapping/bams.cds.rand/SRR14369306.x.s__Roseburia inulinivorans.fastq.gz,SRR14369306.x.s__Roseburia inulinivorans,f8f155eb,28130000,51,DNA,10000,2813,True,0.8675045670982334,0.9133046796219629,0.8904046233600982,0.9133046796219629,True,5,17204,21186,d__Bacteria;p__Bacillota;c__Clostridia;o__Lachnospirales;f__Lachnospiraceae;g__Butyrivibrio_A;s__Butyrivibrio_A crossota
20000,0.0007109847138286527,0.004201680672268907,0.00035549235691432633,0.0003776078542433683,8.0,8.0,0.0,/group/ctbrowngrp5/sourmash-db.new/gtdb-rs226/gtdb-rs226-k51.dna.rocksdb,GCA_022771765.1 Lachnospiraceae bacterium,89e37af22687d4e5df878607f371d859,0.008403361344537815,10000,224,15990000,outputs.mapping/bams.cds.rand/SRR14369306.x.s__Roseburia inulinivorans.fastq.gz,SRR14369306.x.s__Roseburia inulinivorans,f8f155eb,28130000,51,DNA,10000,2813,True,0.8675045670982334,0.9105483270059616,0.8890264470520974,0.9105483270059616,True,8,17212,21186,d__Bacteria;p__Bacillota;c__Clostridia;o__Lachnospirales;f__Lachnospiraceae;g__W0P33-017;s__W0P33-017 sp022771765
10000,0.00035549235691432633,0.0038461538461538464,0.00035549235691432633,9.440196356084207e-05,2.0,2.0,0.0,/group/ctbrowngrp5/sourmash-db.new/gtdb-rs226/gtdb-rs226-k51.dna.rocksdb,GCA_902464465.1 uncultured Prevotella sp.,61435f524e880b6fbaf5d6afab86d905,0.0038461538461538464,10000,225,15980000,outputs.mapping/bams.cds.rand/SRR14369306.x.s__Roseburia inulinivorans.fastq.gz,SRR14369306.x.s__Roseburia inulinivorans,f8f155eb,28130000,51,DNA,10000,2813,True,0.8557939677468303,0.896700849952713,0.8762474088497716,0.896700849952713,True,2,17214,21186,d__Bacteria;p__Bacteroidota;c__Bacteroidia;o__Bacteroidales;f__Bacteroidaceae;g__Prevotella;s__Prevotella sp002299635
10000,0.00035549235691432633,0.002544529262086514,0.00035549235691432633,4.7200981780421035e-05,1.0,1.0,0.0,/group/ctbrowngrp5/sourmash-db.new/gtdb-rs226/gtdb-rs226-k51.dna.rocksdb,GCF_002302835.1 Clostridioides difficile,6b2fd4dd35b789702d919b214b1390fb,0.002544529262086514,10000,226,15970000,outputs.mapping/bams.cds.rand/SRR14369306.x.s__Roseburia inulinivorans.fastq.gz,SRR14369306.x.s__Roseburia inulinivorans,f8f155eb,28130000,51,DNA,10000,2813,True,0.8557939677468303,0.8894664220753999,0.872630194911115,0.8894664220753999,True,1,17215,21186,d__Bacteria;p__Bacillota;c__Clostridia;o__Peptostreptococcales;f__Peptostreptococcaceae;g__Clostridioides;s__Clostridioides difficile
10000,0.00035549235691432633,0.00425531914893617,0.00035549235691432633,4.7200981780421035e-05,1.0,1.0,0.0,/group/ctbrowngrp5/sourmash-db.new/gtdb-rs226/gtdb-rs226-k51.dna.rocksdb,GCA_945937295.1 uncultured Oscillospiraceae bacterium,da7bbb38aa13a2e4c9e3acb298b573c6,0.00425531914893617,10000,227,15960000,outputs.mapping/bams.cds.rand/SRR14369306.x.s__Roseburia inulinivorans.fastq.gz,SRR14369306.x.s__Roseburia inulinivorans,f8f155eb,28130000,51,DNA,10000,2813,True,0.8557939677468303,0.8984801221677612,0.8771370449572957,0.8984801221677612,True,1,17216,21186,d__Bacteria;p__Bacillota;c__Clostridia;o__UBA1381;f__UBA1381;g__Hominilimicola;s__Hominilimicola sp945876665
100000,0.0035549235691432635,0.0026246719160104987,0.00035549235691432633,4.7200981780421035e-05,1.0,1.0,0.0,/group/ctbrowngrp5/sourmash-db.new/gtdb-rs226/gtdb-rs226-k51.dna.rocksdb,GCA_022771935.1 bacterium,46b1c2d1d8bb09a95671470ba00d748b,0.026246719160104987,10000,228,15950000,outputs.mapping/bams.cds.rand/SRR14369306.x.s__Roseburia inulinivorans.fastq.gz,SRR14369306.x.s__Roseburia inulinivorans,f8f155eb,28130000,51,DNA,10000,2813,True,0.8953174808671256,0.9311110293708961,0.9132142551190108,0.9311110293708961,False,1,17217,21186,d__Bacteria;p__Bacillota;c__Clostridia;o__Lachnospirales;f__Lachnospiraceae;g__Oliverpabstia;s__Oliverpabstia sp004562915
30000,0.001066477070742979,0.006097560975609756,0.00035549235691432633,0.0019352402529972624,41.0,41.0,0.0,/group/ctbrowngrp5/sourmash-db.new/gtdb-rs226/gtdb-rs226-k51.dna.rocksdb,GCA_004558825.1 Clostridiales bacterium,12a92cec39cf7125a02fc53e50ee926b,0.018292682926829267,10000,229,15940000,outputs.mapping/bams.cds.rand/SRR14369306.x.s__Roseburia inulinivorans.fastq.gz,SRR14369306.x.s__Roseburia inulinivorans,f8f155eb,28130000,51,DNA,10000,2813,True,0.8744289744662292,0.9245427726510381,0.8994858735586337,0.9245427726510381,True,41,17258,21186,d__Bacteria;p__Bacillota;c__Clostridia;o__Christensenellales;f__CAG-138;g__SFDB01;s__SFDB01 sp004558825
10000,0.00035549235691432633,0.005780346820809248,0.00035549235691432633,9.440196356084207e-05,2.0,2.0,0.0,/group/ctbrowngrp5/sourmash-db.new/gtdb-rs226/gtdb-rs226-k51.dna.rocksdb,GCA_900759305.1 uncultured Oscillospiraceae bacterium,0805154a189f8cce7a250b107fb146e1,0.005780346820809248,10000,230,15930000,outputs.mapping/bams.cds.rand/SRR14369306.x.s__Roseburia inulinivorans.fastq.gz,SRR14369306.x.s__Roseburia inulinivorans,f8f155eb,28130000,51,DNA,10000,2813,True,0.8557939677468303,0.9038924171716131,0.8798431924592216,0.9038924171716131,True,2,17260,21186,d__Bacteria;p__Bacillota;c__Clostridia;o__Oscillospirales;f__Oscillospiraceae;g__F23-B02;s__F23-B02 sp900545805
70000,0.002488446498400284,0.0022271714922048997,0.00035549235691432633,4.7200981780421035e-05,1.0,1.0,0.0,/group/ctbrowngrp5/sourmash-db.new/gtdb-rs226/gtdb-rs226-k51.dna.rocksdb,GCA_021639305.1 Bacteroides uniformis,ac41e11e6234b36a5a2751bd07ebccd5,0.015590200445434299,10000,231,15920000,outputs.mapping/bams.cds.rand/SRR14369306.x.s__Roseburia inulinivorans.fastq.gz,SRR14369306.x.s__Roseburia inulinivorans,f8f155eb,28130000,51,DNA,10000,2813,True,0.8890778093376387,0.9216493467193639,0.9053635780285013,0.9216493467193639,False,1,17261,21186,d__Bacteria;p__Bacteroidota;c__Bacteroidia;o__Bacteroidales;f__Bacteroidaceae;g__Bacteroides;s__Bacteroides uniformis
10000,0.00035549235691432633,0.004901960784313725,0.00035549235691432633,9.440196356084207e-05,2.0,2.0,0.0,/group/ctbrowngrp5/sourmash-db.new/gtdb-rs226/gtdb-rs226-k51.dna.rocksdb,GCA_900539595.1 uncultured Mollicutes bacterium,4e45b4ed0a702cd798cfbb0490b65ace,0.004901960784313725,10000,232,15910000,outputs.mapping/bams.cds.rand/SRR14369306.x.s__Roseburia inulinivorans.fastq.gz,SRR14369306.x.s__Roseburia inulinivorans,f8f155eb,28130000,51,DNA,10000,2813,True,0.8557939677468303,0.9009758163577729,0.8783848920523016,0.9009758163577729,True,2,17263,21186,d__Bacteria;p__Bacillota;c__Bacilli;o__RFN20;f__CAG-826;g__Alloenteromonas;s__Alloenteromonas sp900539595
10000,0.00035549235691432633,0.005813953488372093,0.00035549235691432633,0.00023600490890210516,5.0,5.0,0.0,/group/ctbrowngrp5/sourmash-db.new/gtdb-rs226/gtdb-rs226-k51.dna.rocksdb,GCA_028720885.1 Erysipelotrichaceae bacterium,bcf97a3c7d47222a9f955c4b9467e818,0.005813953488372093,10000,233,15900000,outputs.mapping/bams.cds.rand/SRR14369306.x.s__Roseburia inulinivorans.fastq.gz,SRR14369306.x.s__Roseburia inulinivorans,f8f155eb,28130000,51,DNA,10000,2813,True,0.8557939677468303,0.903995167535116,0.8798945676409731,0.903995167535116,True,5,17268,21186,d__Bacteria;p__Bacillota;c__Bacilli;o__Erysipelotrichales;f__Erysipelotrichaceae;g__Bulleidia;s__Bulleidia sp900539965
10000,0.00035549235691432633,0.002932551319648094,0.00035549235691432633,4.7200981780421035e-05,1.0,1.0,0.0,/group/ctbrowngrp5/sourmash-db.new/gtdb-rs226/gtdb-rs226-k51.dna.rocksdb,GCA_037370445.1 bacterium,295c6ee4430dbef4adcf97fa685811c6,0.002932551319648094,10000,234,15890000,outputs.mapping/bams.cds.rand/SRR14369306.x.s__Roseburia inulinivorans.fastq.gz,SRR14369306.x.s__Roseburia inulinivorans,f8f155eb,28130000,51,DNA,10000,2813,True,0.8557939677468303,0.8919451522429638,0.873869559994897,0.8919451522429638,True,1,17269,21186,d__Bacteria;p__Bacillota;c__Clostridia;o__Oscillospirales;f__Oscillospiraceae;g__Vescimonas;s__Vescimonas sp900545585
150000,0.005332385353714895,0.002857142857142857,0.00035549235691432633,4.7200981780421035e-05,1.0,1.0,0.0,/group/ctbrowngrp5/sourmash-db.new/gtdb-rs226/gtdb-rs226-k51.dna.rocksdb,GCF_013304975.1 Blautia massiliensis (ex Durand et al. 2017),003683e908a9b767f8dcdb9a811407a9,0.04285714285714286,10000,235,15880000,outputs.mapping/bams.cds.rand/SRR14369306.x.s__Roseburia inulinivorans.fastq.gz,SRR14369306.x.s__Roseburia inulinivorans,f8f155eb,28130000,51,DNA,10000,2813,True,0.9024638904611972,0.9401062192963247,0.921285054878761,0.9401062192963247,False,1,17270,21186,d__Bacteria;p__Bacillota;c__Clostridia;o__Lachnospirales;f__Lachnospiraceae;g__Blautia_A;s__Blautia_A fusiformis
70000,0.002488446498400284,0.0015151515151515152,0.00035549235691432633,9.440196356084207e-05,2.0,2.0,0.0,/group/ctbrowngrp5/sourmash-db.new/gtdb-rs226/gtdb-rs226-k51.dna.rocksdb,GCF_011317135.1 Enterocloster aldenensis,e86a66afd33593482cf4d53264a31d0b,0.010606060606060607,10000,236,15870000,outputs.mapping/bams.cds.rand/SRR14369306.x.s__Roseburia inulinivorans.fastq.gz,SRR14369306.x.s__Roseburia inulinivorans,f8f155eb,28130000,51,DNA,10000,2813,True,0.8890778093376387,0.9147141020268678,0.9018959556822532,0.9147141020268678,False,2,17272,21186,d__Bacteria;p__Bacillota;c__Clostridia;o__Lachnospirales;f__Lachnospiraceae;g__Enterocloster;s__Enterocloster aldenensis
10000,0.00035549235691432633,0.008771929824561403,0.00035549235691432633,4.7200981780421035e-05,1.0,1.0,0.0,/group/ctbrowngrp5/sourmash-db.new/gtdb-rs226/gtdb-rs226-k51.dna.rocksdb,GCA_022780765.1 Bacilli bacterium,9ce83249623a09edeafa0bcf6fab51a2,0.008771929824561403,10000,237,15860000,outputs.mapping/bams.cds.rand/SRR14369306.x.s__Roseburia inulinivorans.fastq.gz,SRR14369306.x.s__Roseburia inulinivorans,f8f155eb,28130000,51,DNA,10000,2813,True,0.8557939677468303,0.911315028588222,0.8835544981675261,0.911315028588222,True,1,17273,21186,d__Bacteria;p__Bacillota;c__Bacilli;o__RFN20;f__CAG-288;g__Enterosoma;s__Enterosoma sp022780765
20000,0.0007109847138286527,0.00267379679144385,0.00035549235691432633,4.7200981780421035e-05,1.0,1.0,0.0,/group/ctbrowngrp5/sourmash-db.new/gtdb-rs226/gtdb-rs226-k51.dna.rocksdb,GCA_022788085.1 Lachnospiraceae bacterium,2d7df70a6e39a6d3d0410a7ec8b6ceba,0.0053475935828877,10000,238,15850000,outputs.mapping/bams.cds.rand/SRR14369306.x.s__Roseburia inulinivorans.fastq.gz,SRR14369306.x.s__Roseburia inulinivorans,f8f155eb,28130000,51,DNA,10000,2813,True,0.8675045670982334,0.9025142881157426,0.885009427606988,0.9025142881157426,True,1,17274,21186,d__Bacteria;p__Bacillota;c__Clostridia;o__Lachnospirales;f__Lachnospiraceae;g__COE1;s__COE1 sp022788085
30000,0.001066477070742979,0.005376344086021506,0.00035549235691432633,4.7200981780421035e-05,1.0,1.0,0.0,/group/ctbrowngrp5/sourmash-db.new/gtdb-rs226/gtdb-rs226-k51.dna.rocksdb,GCF_028321645.1 Faecalitalea cylindroides,440c1785b6c435e995ba2249d9d6d66b,0.016129032258064516,10000,239,15840000,outputs.mapping/bams.cds.rand/SRR14369306.x.s__Roseburia inulinivorans.fastq.gz,SRR14369306.x.s__Roseburia inulinivorans,f8f155eb,28130000,51,DNA,10000,2813,True,0.8744289744662292,0.9222635930295016,0.8983462837478654,0.9222635930295016,True,1,17275,21186,d__Bacteria;p__Bacillota;c__Bacilli;o__Erysipelotrichales;f__Erysipelotrichaceae;g__Faecalitalea;s__Faecalitalea cylindroides
10000,0.00035549235691432633,0.0047169811320754715,0.00035549235691432633,4.7200981780421035e-05,1.0,1.0,0.0,/group/ctbrowngrp5/sourmash-db.new/gtdb-rs226/gtdb-rs226-k51.dna.rocksdb,GCA_934597165.1 uncultured Oscillospiraceae bacterium,59b4ca778753e49c25136206cc017fff,0.0047169811320754715,10000,240,15830000,outputs.mapping/bams.cds.rand/SRR14369306.x.s__Roseburia inulinivorans.fastq.gz,SRR14369306.x.s__Roseburia inulinivorans,f8f155eb,28130000,51,DNA,10000,2813,True,0.8557939677468303,0.9002965198455473,0.8780452437961888,0.9002965198455473,True,1,17276,21186,d__Bacteria;p__Bacillota;c__Clostridia;o__Oscillospirales;f__Oscillospiraceae;g__Onthomonas;s__Onthomonas sp934597165
20000,0.0007109847138286527,0.004347826086956522,0.00035549235691432633,0.0033512697064098933,71.0,71.0,0.0,/group/ctbrowngrp5/sourmash-db.new/gtdb-rs226/gtdb-rs226-k51.dna.rocksdb,GCA_004552155.1 Bacteroidales bacterium,556a7ff8002ae193ea3c3c4aa52f29fe,0.008695652173913044,10000,241,15820000,outputs.mapping/bams.cds.rand/SRR14369306.x.s__Roseburia inulinivorans.fastq.gz,SRR14369306.x.s__Roseburia inulinivorans,f8f155eb,28130000,51,DNA,10000,2813,True,0.8675045670982334,0.9111589805028507,0.8893317738005421,0.9111589805028507,True,71,17347,21186,d__Bacteria;p__Bacteroidota;c__Bacteroidia;o__Bacteroidales;f__Bacteroidaceae;g__Alloprevotella;s__Alloprevotella sp004552155
10000,0.00035549235691432633,0.0035335689045936395,0.00035549235691432633,4.7200981780421035e-05,1.0,1.0,0.0,/group/ctbrowngrp5/sourmash-db.new/gtdb-rs226/gtdb-rs226-k51.dna.rocksdb,GCA_945501575.1 uncultured Lachnospiraceae bacterium,77e4b445b64f15495a7db376cc5815ec,0.0035335689045936395,10000,242,15810000,outputs.mapping/bams.cds.rand/SRR14369306.x.s__Roseburia inulinivorans.fastq.gz,SRR14369306.x.s__Roseburia inulinivorans,f8f155eb,28130000,51,DNA,10000,2813,True,0.8557939677468303,0.8952117135678687,0.8755028406573495,0.8952117135678687,True,1,17348,21186,d__Bacteria;p__Bacillota;c__Clostridia;o__Lachnospirales;f__Lachnospiraceae;g__Acetatifactor;s__Acetatifactor sp018385425
60000,0.002132954141485958,0.004878048780487805,0.00035549235691432633,9.440196356084207e-05,2.0,2.0,0.0,/group/ctbrowngrp5/sourmash-db.new/gtdb-rs226/gtdb-rs226-k51.dna.rocksdb,GCA_946221645.1 Fusicatenibacter saccharivorans,a376366703cb02355d98379f789b2596,0.02926829268292683,10000,243,15800000,outputs.mapping/bams.cds.rand/SRR14369306.x.s__Roseburia inulinivorans.fastq.gz,SRR14369306.x.s__Roseburia inulinivorans,f8f155eb,28130000,51,DNA,10000,2813,True,0.8863945733920933,0.9331025162619588,0.909748544827026,0.9331025162619588,True,2,17350,21186,d__Bacteria;p__Bacillota;c__Clostridia;o__Lachnospirales;f__Lachnospiraceae;g__Fusicatenibacter;s__Fusicatenibacter saccharivorans
270000,0.009598293636686812,0.002004008016032064,0.00035549235691432633,9.440196356084207e-05,2.0,2.0,0.0,/group/ctbrowngrp5/sourmash-db.new/gtdb-rs226/gtdb-rs226-k51.dna.rocksdb,GCF_025148125.1 Blautia wexlerae DSM 19850,7f2073ec6218c72ec98b02ac15cb9880,0.05410821643286573,10000,244,15790000,outputs.mapping/bams.cds.rand/SRR14369306.x.s__Roseburia inulinivorans.fastq.gz,SRR14369306.x.s__Roseburia inulinivorans,f8f155eb,28130000,51,DNA,10000,2813,True,0.9129251616872556,0.944413146372129,0.9286691540296923,0.944413146372129,False,2,17352,21186,d__Bacteria;p__Bacillota;c__Clostridia;o__Lachnospirales;f__Lachnospiraceae;g__Blautia_A;s__Blautia_A wexlerae
10000,0.00035549235691432633,0.00684931506849315,0.00035549235691432633,0.0003304068724629472,7.0,7.0,0.0,/group/ctbrowngrp5/sourmash-db.new/gtdb-rs226/gtdb-rs226-k51.dna.rocksdb,GCA_937876085.1 uncultured Clostridia bacterium,13f56c08e79f56d99bd424913cdcd977,0.00684931506849315,10000,245,15780000,outputs.mapping/bams.cds.rand/SRR14369306.x.s__Roseburia inulinivorans.fastq.gz,SRR14369306.x.s__Roseburia inulinivorans,f8f155eb,28130000,51,DNA,10000,2813,True,0.8557939677468303,0.9069048171321926,0.8813493924395115,0.9069048171321926,True,7,17359,21186,d__Bacteria;p__Bacillota;c__Clostridia;o__Peptostreptococcales;f__Anaerovoracaceae;g__CAG-238;s__CAG-238 sp927797855
10000,0.00035549235691432633,0.005780346820809248,0.00035549235691432633,0.0001416029453412631,3.0,3.0,0.0,/group/ctbrowngrp5/sourmash-db.new/gtdb-rs226/gtdb-rs226-k51.dna.rocksdb,GCA_031549605.1 Oscillospiraceae bacterium,e569e4849b1225488a75f7a283855cc9,0.005780346820809248,10000,246,15770000,outputs.mapping/bams.cds.rand/SRR14369306.x.s__Roseburia inulinivorans.fastq.gz,SRR14369306.x.s__Roseburia inulinivorans,f8f155eb,28130000,51,DNA,10000,2813,True,0.8557939677468303,0.9038924171716131,0.8798431924592216,0.9038924171716131,True,3,17362,21186,d__Bacteria;p__Bacillota;c__Clostridia;o__Oscillospirales;f__UBA929;g__WRAI01;s__WRAI01 sp031549605
10000,0.00035549235691432633,0.003663003663003663,0.00035549235691432633,0.0001416029453412631,3.0,3.0,0.0,/group/ctbrowngrp5/sourmash-db.new/gtdb-rs226/gtdb-rs226-k51.dna.rocksdb,GCA_937891655.1 uncultured Verrucomicrobiota bacterium,4d8f6960a8254676ceaf2d8f0c9aaa22,0.003663003663003663,10000,247,15760000,outputs.mapping/bams.cds.rand/SRR14369306.x.s__Roseburia inulinivorans.fastq.gz,SRR14369306.x.s__Roseburia inulinivorans,f8f155eb,28130000,51,DNA,10000,2813,True,0.8557939677468303,0.8958434134603346,0.8758186906035824,0.8958434134603346,True,3,17365,21186,d__Bacteria;p__Verrucomicrobiota;c__Kiritimatiellia;o__RFP12;f__UBA3636;g__RGIG990;s__RGIG990 sp017481725
20000,0.0007109847138286527,0.004608294930875576,0.00035549235691432633,9.440196356084207e-05,2.0,2.0,0.0,/group/ctbrowngrp5/sourmash-db.new/gtdb-rs226/gtdb-rs226-k51.dna.rocksdb,GCF_000785105.2 Lentilactobacillus curieae,5441a64b02dfe6424f8f05805c98db10,0.009216589861751152,10000,248,15750000,outputs.mapping/bams.cds.rand/SRR14369306.x.s__Roseburia inulinivorans.fastq.gz,SRR14369306.x.s__Roseburia inulinivorans,f8f155eb,28130000,51,DNA,10000,2813,True,0.8675045670982334,0.9121990444611786,0.889851805779706,0.9121990444611786,True,2,17367,21186,d__Bacteria;p__Bacillota;c__Bacilli;o__Lactobacillales;f__Lactobacillaceae;g__Lentilactobacillus;s__Lentilactobacillus curieae
10000,0.00035549235691432633,0.004901960784313725,0.00035549235691432633,4.7200981780421035e-05,1.0,1.0,0.0,/group/ctbrowngrp5/sourmash-db.new/gtdb-rs226/gtdb-rs226-k51.dna.rocksdb,GCA_017629275.1 Clostridia bacterium,5b41a88a8484814e9ca9c58de2f0ffd2,0.004901960784313725,10000,249,15740000,outputs.mapping/bams.cds.rand/SRR14369306.x.s__Roseburia inulinivorans.fastq.gz,SRR14369306.x.s__Roseburia inulinivorans,f8f155eb,28130000,51,DNA,10000,2813,True,0.8557939677468303,0.9009758163577729,0.8783848920523016,0.9009758163577729,True,1,17368,21186,d__Bacteria;p__Bacillota;c__Clostridia;o__Oscillospirales;f__Acutalibacteraceae;g__UMGS172;s__UMGS172 sp017629275
110000,0.0039104159260575895,0.0029850746268656717,0.00035549235691432633,4.7200981780421035e-05,1.0,1.0,0.0,/group/ctbrowngrp5/sourmash-db.new/gtdb-rs226/gtdb-rs226-k51.dna.rocksdb,GCA_963558015.1 uncultured Acetatifactor sp.,c4b24070efc5d3de83ee68bb02d1dae6,0.03283582089552239,10000,250,15730000,outputs.mapping/bams.cds.rand/SRR14369306.x.s__Roseburia inulinivorans.fastq.gz,SRR14369306.x.s__Roseburia inulinivorans,f8f155eb,28130000,51,DNA,10000,2813,True,0.8969922388272394,0.9352092246201212,0.9161007317236803,0.9352092246201212,False,1,17369,21186,d__Bacteria;p__Bacillota;c__Clostridia;o__Lachnospirales;f__Lachnospiraceae;g__Acetatifactor;s__Acetatifactor sp945929965
50000,0.0017774617845716318,0.002680965147453083,0.00035549235691432633,0.00023600490890210516,5.0,5.0,0.0,/group/ctbrowngrp5/sourmash-db.new/gtdb-rs226/gtdb-rs226-k51.dna.rocksdb,GCF_003468525.1 Prevotella sp. AM34-19LB,5475600e57093b289f3e8df9b0a4a4b9,0.013404825737265416,10000,251,15720000,outputs.mapping/bams.cds.rand/SRR14369306.x.s__Roseburia inulinivorans.fastq.gz,SRR14369306.x.s__Roseburia inulinivorans,f8f155eb,28130000,51,DNA,10000,2813,True,0.8832314300169112,0.9189240771716217,0.9010777535942665,0.9189240771716217,True,5,17374,21186,d__Bacteria;p__Bacteroidota;c__Bacteroidia;o__Bacteroidales;f__Bacteroidaceae;g__Prevotella;s__Prevotella sp900557035
10000,0.00035549235691432633,0.005780346820809248,0.00035549235691432633,4.7200981780421035e-05,1.0,1.0,0.0,/group/ctbrowngrp5/sourmash-db.new/gtdb-rs226/gtdb-rs226-k51.dna.rocksdb,GCA_958407755.1 uncultured Eubacteriales bacterium,a6585cea41a2bdc2694326e950939b49,0.005780346820809248,10000,252,15710000,outputs.mapping/bams.cds.rand/SRR14369306.x.s__Roseburia inulinivorans.fastq.gz,SRR14369306.x.s__Roseburia inulinivorans,f8f155eb,28130000,51,DNA,10000,2813,True,0.8557939677468303,0.9038924171716131,0.8798431924592216,0.9038924171716131,True,1,17375,21186,d__Bacteria;p__Bacillota;c__Clostridia;o__Peptostreptococcales;f__Anaerovoracaceae;g__Mogibacterium_A;s__Mogibacterium_A kristiansenii
50000,0.0017774617845716318,0.003215434083601286,0.00035549235691432633,0.0018408382894364204,39.0,39.0,0.0,/group/ctbrowngrp5/sourmash-db.new/gtdb-rs226/gtdb-rs226-k51.dna.rocksdb,GCA_963597235.1 bacterium,ea9a25fb9b2f9fab9a0e6e21bf0a08d4,0.01607717041800643,10000,253,15700000,outputs.mapping/bams.cds.rand/SRR14369306.x.s__Roseburia inulinivorans.fastq.gz,SRR14369306.x.s__Roseburia inulinivorans,f8f155eb,28130000,51,DNA,10000,2813,True,0.8832314300169112,0.922205354560831,0.9027183922888711,0.922205354560831,True,39,17414,21186,d__Bacteria;p__Bacillota;c__Clostridia;o__Lachnospirales;f__Lachnospiraceae;g__Blautia_A;s__Blautia_A sp963597235
10000,0.00035549235691432633,0.0032679738562091504,0.00035549235691432633,4.7200981780421035e-05,1.0,1.0,0.0,/group/ctbrowngrp5/sourmash-db.new/gtdb-rs226/gtdb-rs226-k51.dna.rocksdb,GCA_945926145.1 uncultured Bacteroidales bacterium,b8e6b7f6b24c414eeda9c4981ca5d7fc,0.0032679738562091504,10000,254,15690000,outputs.mapping/bams.cds.rand/SRR14369306.x.s__Roseburia inulinivorans.fastq.gz,SRR14369306.x.s__Roseburia inulinivorans,f8f155eb,28130000,51,DNA,10000,2813,True,0.8557939677468303,0.8938411904895232,0.8748175791181767,0.8938411904895232,True,1,17415,21186,d__Bacteria;p__Bacteroidota;c__Bacteroidia;o__Bacteroidales;f__Bacteroidaceae;g__Prevotella;s__Prevotella sp900552675
120000,0.004265908282971916,0.002840909090909091,0.00035549235691432633,4.7200981780421035e-05,1.0,1.0,0.0,/group/ctbrowngrp5/sourmash-db.new/gtdb-rs226/gtdb-rs226-k51.dna.rocksdb,GCF_041330965.1 Gemmiger formicilis,46111ac4c050ac4b66ad8e0d8a4b4533,0.03409090909090909,10000,255,15680000,outputs.mapping/bams.cds.rand/SRR14369306.x.s__Roseburia inulinivorans.fastq.gz,SRR14369306.x.s__Roseburia inulinivorans,f8f155eb,28130000,51,DNA,10000,2813,True,0.8985239083809601,0.9358973283021059,0.917210618341533,0.9358973283021059,False,1,17416,21186,d__Bacteria;p__Bacillota;c__Clostridia;o__Oscillospirales;f__Ruminococcaceae;g__Gemmiger;s__Gemmiger formicilis
10000,0.00035549235691432633,0.004901960784313725,0.00035549235691432633,4.7200981780421035e-05,1.0,1.0,0.0,/group/ctbrowngrp5/sourmash-db.new/gtdb-rs226/gtdb-rs226-k51.dna.rocksdb,GCA_016297675.1 Oscillospiraceae bacterium,92f9e399352fb013a2c08e4f145a1bc8,0.004901960784313725,10000,256,15670000,outputs.mapping/bams.cds.rand/SRR14369306.x.s__Roseburia inulinivorans.fastq.gz,SRR14369306.x.s__Roseburia inulinivorans,f8f155eb,28130000,51,DNA,10000,2813,True,0.8557939677468303,0.9009758163577729,0.8783848920523016,0.9009758163577729,True,1,17417,21186,d__Bacteria;p__Bacillota;c__Clostridia;o__Oscillospirales;f__Ruminococcaceae;g__Ruminococcus_C;s__Ruminococcus_C sp016297675
120000,0.004265908282971916,0.002398081534772182,0.00035549235691432633,9.440196356084207e-05,2.0,2.0,0.0,/group/ctbrowngrp5/sourmash-db.new/gtdb-rs226/gtdb-rs226-k51.dna.rocksdb,GCA_003478935.1 Firmicutes bacterium AF25-13AC,d970ffa55acdde4220eb605bb1fa656e,0.02877697841726619,10000,257,15660000,outputs.mapping/bams.cds.rand/SRR14369306.x.s__Roseburia inulinivorans.fastq.gz,SRR14369306.x.s__Roseburia inulinivorans,f8f155eb,28130000,51,DNA,10000,2813,True,0.8985239083809601,0.9327928313803595,0.9156583698806597,0.9327928313803595,False,2,17419,21186,d__Bacteria;p__Bacillota;c__Clostridia;o__Lachnospirales;f__Lachnospiraceae;g__Anthropogastromicrobium;s__Anthropogastromicrobium aceti
10000,0.00035549235691432633,0.0035087719298245615,0.00035549235691432633,4.7200981780421035e-05,1.0,1.0,0.0,/group/ctbrowngrp5/sourmash-db.new/gtdb-rs226/gtdb-rs226-k51.dna.rocksdb,GCA_948472455.1 uncultured Bacteroides sp.,f462ae146d2ff40116fb1bca61202e8e,0.0035087719298245615,10000,258,15650000,outputs.mapping/bams.cds.rand/SRR14369306.x.s__Roseburia inulinivorans.fastq.gz,SRR14369306.x.s__Roseburia inulinivorans,f8f155eb,28130000,51,DNA,10000,2813,True,0.8557939677468303,0.8950881077119309,0.8754410377293806,0.8950881077119309,True,1,17420,21186,d__Bacteria;p__Bacteroidota;c__Bacteroidia;o__Bacteroidales;f__Bacteroidaceae;g__Phocaeicola;s__Phocaeicola sp000434735
430000,0.015286171347316033,0.0030581039755351682,0.00035549235691432633,0.0001416029453412631,3.0,3.0,0.0,/group/ctbrowngrp5/sourmash-db.new/gtdb-rs226/gtdb-rs226-k51.dna.rocksdb,GCA_041329815.1 Roseburia faecis,f6fea68d22707a651bbcf64de578ca36,0.13149847094801223,10000,259,15640000,outputs.mapping/bams.cds.rand/SRR14369306.x.s__Roseburia inulinivorans.fastq.gz,SRR14369306.x.s__Roseburia inulinivorans,f8f155eb,28130000,51,DNA,10000,2813,True,0.921293515036084,0.9610012119046811,0.9411473634703826,0.9610012119046811,False,3,17423,21186,d__Bacteria;p__Bacillota;c__Clostridia;o__Lachnospirales;f__Lachnospiraceae;g__Agathobacter;s__Agathobacter faecis
10000,0.00035549235691432633,0.0072992700729927005,0.00035549235691432633,0.0001416029453412631,3.0,3.0,0.0,/group/ctbrowngrp5/sourmash-db.new/gtdb-rs226/gtdb-rs226-k51.dna.rocksdb,GCA_034112925.1 Campylobacter sp.,67de70c094e107a31b66df2290f6fdad,0.0072992700729927005,10000,260,15630000,outputs.mapping/bams.cds.rand/SRR14369306.x.s__Roseburia inulinivorans.fastq.gz,SRR14369306.x.s__Roseburia inulinivorans,f8f155eb,28130000,51,DNA,10000,2813,True,0.8557939677468303,0.908036943774764,0.8819154557607971,0.908036943774764,True,3,17426,21186,d__Bacteria;p__Campylobacterota;c__Campylobacteria;o__Campylobacterales;f__Campylobacteraceae;g__Campylobacter;s__Campylobacter sp945928165
60000,0.002132954141485958,0.004132231404958678,0.00035549235691432633,4.7200981780421035e-05,1.0,1.0,0.0,/group/ctbrowngrp5/sourmash-db.new/gtdb-rs226/gtdb-rs226-k51.dna.rocksdb,GCA_948471145.1 uncultured Butyrivibrio sp.,66cc190b3b19429b023b9c51943380b2,0.024793388429752067,10000,261,15620000,outputs.mapping/bams.cds.rand/SRR14369306.x.s__Roseburia inulinivorans.fastq.gz,SRR14369306.x.s__Roseburia inulinivorans,f8f155eb,28130000,51,DNA,10000,2813,True,0.8863945733920933,0.9300716141730985,0.9082330937825959,0.9300716141730985,True,1,17427,21186,d__Bacteria;p__Bacillota;c__Clostridia;o__Lachnospirales;f__Lachnospiraceae;g__Butyrivibrio_A;s__Butyrivibrio_A sp000431815
20000,0.0007109847138286527,0.0019880715705765406,0.00035549235691432633,0.0005192107995846313,11.0,11.0,0.0,/group/ctbrowngrp5/sourmash-db.new/gtdb-rs226/gtdb-rs226-k51.dna.rocksdb,GCA_009911305.1 Clostridiaceae bacterium,6bab8dc76e8f519f4124841987c51bcd,0.003976143141153081,10000,262,15610000,outputs.mapping/bams.cds.rand/SRR14369306.x.s__Roseburia inulinivorans.fastq.gz,SRR14369306.x.s__Roseburia inulinivorans,f8f155eb,28130000,51,DNA,10000,2813,True,0.8675045670982334,0.8972854545162023,0.8823950108072178,0.8972854545162023,True,11,17438,21186,d__Bacteria;p__Bacillota;c__Clostridia;o__Lachnospirales;f__Lachnospiraceae;g__Otoolea;s__Otoolea sp009911305
20000,0.0007109847138286527,0.004149377593360996,0.00035549235691432633,4.7200981780421035e-05,1.0,1.0,0.0,/group/ctbrowngrp5/sourmash-db.new/gtdb-rs226/gtdb-rs226-k51.dna.rocksdb,GCA_945921555.1 uncultured Clostridia bacterium,edff15beb902a73e1330d653c3d74c9f,0.008298755186721992,10000,263,15600000,outputs.mapping/bams.cds.rand/SRR14369306.x.s__Roseburia inulinivorans.fastq.gz,SRR14369306.x.s__Roseburia inulinivorans,f8f155eb,28130000,51,DNA,10000,2813,True,0.8675045670982334,0.9103247120190018,0.8889146395586176,0.9103247120190018,True,1,17439,21186,d__Bacteria;p__Bacillota;c__Clostridia;o__Oscillospirales;f__Oscillospiraceae;g__Faecousia;s__Faecousia sp028719885
10000,0.00035549235691432633,0.006097560975609756,0.00035549235691432633,4.7200981780421035e-05,1.0,1.0,0.0,/group/ctbrowngrp5/sourmash-db.new/gtdb-rs226/gtdb-rs226-k51.dna.rocksdb,GCA_937976885.1 uncultured Mollicutes bacterium,08690d36da21316d667b1ed39c23b066,0.006097560975609756,10000,264,15590000,outputs.mapping/bams.cds.rand/SRR14369306.x.s__Roseburia inulinivorans.fastq.gz,SRR14369306.x.s__Roseburia inulinivorans,f8f155eb,28130000,51,DNA,10000,2813,True,0.8557939677468303,0.9048397878646056,0.880316877805718,0.9048397878646056,True,1,17440,21186,d__Bacteria;p__Bacillota;c__Bacilli;o__RFN20;f__CAG-288;g__Enterosoma;s__Enterosoma sp900763245
10000,0.00035549235691432633,0.004545454545454545,0.00035549235691432633,0.00018880392712168414,4.0,4.0,0.0,/group/ctbrowngrp5/sourmash-db.new/gtdb-rs226/gtdb-rs226-k51.dna.rocksdb,GCA_948751085.1 uncultured Oscillospiraceae bacterium,ba40cdb1cebfa775676263524ca95551,0.004545454545454545,10000,265,15580000,outputs.mapping/bams.cds.rand/SRR14369306.x.s__Roseburia inulinivorans.fastq.gz,SRR14369306.x.s__Roseburia inulinivorans,f8f155eb,28130000,51,DNA,10000,2813,True,0.8557939677468303,0.8996428723837347,0.8777184200652826,0.8996428723837347,True,4,17444,21186,d__Bacteria;p__Bacillota;c__Clostridia;o__Oscillospirales;f__Ruminococcaceae;g__Porcipelethomonas;s__Porcipelethomonas sp910588145
220000,0.007820831852115179,0.002352941176470588,0.00035549235691432633,4.7200981780421035e-05,1.0,1.0,0.0,/group/ctbrowngrp5/sourmash-db.new/gtdb-rs226/gtdb-rs226-k51.dna.rocksdb,GCF_039753475.1 Blautia wexlerae,bc89f2519295f740716c87a920cd39b9,0.05176470588235294,10000,266,15570000,outputs.mapping/bams.cds.rand/SRR14369306.x.s__Roseburia inulinivorans.fastq.gz,SRR14369306.x.s__Roseburia inulinivorans,f8f155eb,28130000,51,DNA,10000,2813,True,0.909266591213574,0.9435935759248579,0.926430083569216,0.9435935759248579,False,1,17445,21186,d__Bacteria;p__Bacillota;c__Clostridia;o__Lachnospirales;f__Lachnospiraceae;g__Blautia_A;s__Blautia_A wexlerae
10000,0.00035549235691432633,0.004830917874396135,0.00035549235691432633,4.7200981780421035e-05,1.0,1.0,0.0,/group/ctbrowngrp5/sourmash-db.new/gtdb-rs226/gtdb-rs226-k51.dna.rocksdb,GCF_958443055.1 Mitsuokella multacida,85ceee92ed8aa1f754e5e1fb052114d8,0.004830917874396135,10000,267,15560000,outputs.mapping/bams.cds.rand/SRR14369306.x.s__Roseburia inulinivorans.fastq.gz,SRR14369306.x.s__Roseburia inulinivorans,f8f155eb,28130000,51,DNA,10000,2813,True,0.8557939677468303,0.9007179480665418,0.878255957906686,0.9007179480665418,True,1,17446,21186,d__Bacteria;p__Bacillota;c__Negativicutes;o__Selenomonadales;f__Selenomonadaceae;g__Mitsuokella;s__Mitsuokella multacida
20000,0.0007109847138286527,0.004329004329004329,0.00035549235691432633,4.7200981780421035e-05,1.0,1.0,0.0,/group/ctbrowngrp5/sourmash-db.new/gtdb-rs226/gtdb-rs226-k51.dna.rocksdb,GCA_034117885.1 Oscillospiraceae bacterium,b5576349c62150291d29f281ea6e356a,0.008658008658008658,10000,268,15550000,outputs.mapping/bams.cds.rand/SRR14369306.x.s__Roseburia inulinivorans.fastq.gz,SRR14369306.x.s__Roseburia inulinivorans,f8f155eb,28130000,51,DNA,10000,2813,True,0.8675045670982334,0.9110814745136516,0.8892930208059425,0.9110814745136516,True,1,17447,21186,d__Bacteria;p__Bacillota;c__Clostridia;o__Oscillospirales;f__Oscillospiraceae;g__CAG-170;s__CAG-170 sp002404795
10000,0.00035549235691432633,0.002857142857142857,0.00035549235691432633,9.440196356084207e-05,2.0,2.0,0.0,/group/ctbrowngrp5/sourmash-db.new/gtdb-rs226/gtdb-rs226-k51.dna.rocksdb,GCA_902781315.1 uncultured Prevotellaceae bacterium,9e131664c774e027d5f72db9ffcdfbb8,0.002857142857142857,10000,269,15540000,outputs.mapping/bams.cds.rand/SRR14369306.x.s__Roseburia inulinivorans.fastq.gz,SRR14369306.x.s__Roseburia inulinivorans,f8f155eb,28130000,51,DNA,10000,2813,True,0.8557939677468303,0.8914896651476225,0.8736418164472264,0.8914896651476225,True,2,17449,21186,d__Bacteria;p__Bacteroidota;c__Bacteroidia;o__Bacteroidales;f__Bacteroidaceae;g__Prevotella;s__Prevotella sp902781315
120000,0.004265908282971916,0.001834862385321101,0.00035549235691432633,9.440196356084207e-05,2.0,2.0,0.0,/group/ctbrowngrp5/sourmash-db.new/gtdb-rs226/gtdb-rs226-k51.dna.rocksdb,GCF_009696275.1 Eisenbergiella porci,4e7fad02eba6485d3812b6d5d0b4a220,0.022018348623853212,10000,270,15530000,outputs.mapping/bams.cds.rand/SRR14369306.x.s__Roseburia inulinivorans.fastq.gz,SRR14369306.x.s__Roseburia inulinivorans,f8f155eb,28130000,51,DNA,10000,2813,True,0.8985239083809601,0.9279094190860726,0.9132166637335164,0.9279094190860726,False,2,17451,21186,d__Bacteria;p__Bacillota;c__Clostridia;o__Lachnospirales;f__Lachnospiraceae;g__Eisenbergiella;s__Eisenbergiella porci
10000,0.00035549235691432633,0.004098360655737705,0.00035549235691432633,9.440196356084207e-05,2.0,2.0,0.0,/group/ctbrowngrp5/sourmash-db.new/gtdb-rs226/gtdb-rs226-k51.dna.rocksdb,GCA_030539975.1 Eubacteriales bacterium,79e8ffd37a18bbdae0b0e5ad53da3d67,0.004098360655737705,10000,271,15520000,outputs.mapping/bams.cds.rand/SRR14369306.x.s__Roseburia inulinivorans.fastq.gz,SRR14369306.x.s__Roseburia inulinivorans,f8f155eb,28130000,51,DNA,10000,2813,True,0.8557939677468303,0.8978182617731918,0.876806114760011,0.8978182617731918,True,2,17453,21186,d__Bacteria;p__Bacillota;c__Clostridia;o__Oscillospirales;f__Butyricicoccaceae;g__Butyricicoccus_A;s__Butyricicoccus_A intestinisimiae
10000,0.00035549235691432633,0.004149377593360996,0.00035549235691432633,9.440196356084207e-05,2.0,2.0,0.0,/group/ctbrowngrp5/sourmash-db.new/gtdb-rs226/gtdb-rs226-k51.dna.rocksdb,GCA_938029195.1 uncultured Porphyromonadaceae bacterium,214c6a04bc5b05105af1f35610daf8ea,0.004149377593360996,10000,272,15510000,outputs.mapping/bams.cds.rand/SRR14369306.x.s__Roseburia inulinivorans.fastq.gz,SRR14369306.x.s__Roseburia inulinivorans,f8f155eb,28130000,51,DNA,10000,2813,True,0.8557939677468303,0.8980360758706126,0.8769150218087214,0.8980360758706126,True,2,17455,21186,d__Bacteria;p__Bacteroidota;c__Bacteroidia;o__Bacteroidales;f__Muribaculaceae;g__Lepagella;s__Lepagella sp000437495
10000,0.00035549235691432633,0.0037593984962406013,0.00035549235691432633,4.7200981780421035e-05,1.0,1.0,0.0,/group/ctbrowngrp5/sourmash-db.new/gtdb-rs226/gtdb-rs226-k51.dna.rocksdb,GCA_034114565.1 Prevotella sp.,6b1fa9651c5f95625bd5a97b0759f52a,0.0037593984962406013,10000,273,15500000,outputs.mapping/bams.cds.rand/SRR14369306.x.s__Roseburia inulinivorans.fastq.gz,SRR14369306.x.s__Roseburia inulinivorans,f8f155eb,28130000,51,DNA,10000,2813,True,0.8557939677468303,0.896299803565827,0.8760468856563286,0.896299803565827,True,1,17456,21186,d__Bacteria;p__Bacteroidota;c__Bacteroidia;o__Bacteroidales;f__Bacteroidaceae;g__Prevotella;s__Prevotella sp002251245
10000,0.00035549235691432633,0.005208333333333333,0.00035549235691432633,4.7200981780421035e-05,1.0,1.0,0.0,/group/ctbrowngrp5/sourmash-db.new/gtdb-rs226/gtdb-rs226-k51.dna.rocksdb,GCA_902465635.1 uncultured Oscillospiraceae bacterium,13aa665a3e8099e716ff2e88aaed35f0,0.005208333333333333,10000,274,15490000,outputs.mapping/bams.cds.rand/SRR14369306.x.s__Roseburia inulinivorans.fastq.gz,SRR14369306.x.s__Roseburia inulinivorans,f8f155eb,28130000,51,DNA,10000,2813,True,0.8557939677468303,0.9020474594102066,0.8789207135785184,0.9020474594102066,True,1,17457,21186,d__Bacteria;p__Bacillota;c__Clostridia;o__Oscillospirales;f__Oscillospiraceae;g__Hominicoprocola;s__Hominicoprocola sp900768135
10000,0.00035549235691432633,0.0044444444444444444,0.00035549235691432633,4.7200981780421035e-05,1.0,1.0,0.0,/group/ctbrowngrp5/sourmash-db.new/gtdb-rs226/gtdb-rs226-k51.dna.rocksdb,GCA_022788025.1 Eubacterium sp.,b75cd4472b15fd4600ffaed113c8aa82,0.0044444444444444444,10000,275,15480000,outputs.mapping/bams.cds.rand/SRR14369306.x.s__Roseburia inulinivorans.fastq.gz,SRR14369306.x.s__Roseburia inulinivorans,f8f155eb,28130000,51,DNA,10000,2813,True,0.8557939677468303,0.8992465372686094,0.8775202525077198,0.8992465372686094,True,1,17458,21186,d__Bacteria;p__Bacillota;c__Clostridia;o__Lachnospirales;f__Lachnospiraceae;g__Lachnospira;s__Lachnospira sp003537285
10000,0.00035549235691432633,0.0035971223021582736,0.00035549235691432633,4.7200981780421035e-05,1.0,1.0,0.0,/group/ctbrowngrp5/sourmash-db.new/gtdb-rs226/gtdb-rs226-k51.dna.rocksdb,GCF_900106845.1 Romboutsia timonensis,d234ad6970f6218b0a838933dea2f71b,0.0035971223021582736,10000,276,15470000,outputs.mapping/bams.cds.rand/SRR14369306.x.s__Roseburia inulinivorans.fastq.gz,SRR14369306.x.s__Roseburia inulinivorans,f8f155eb,28130000,51,DNA,10000,2813,True,0.8557939677468303,0.895524667288616,0.8756593175177232,0.895524667288616,True,1,17459,21186,d__Bacteria;p__Bacillota;c__Clostridia;o__Peptostreptococcales;f__Peptostreptococcaceae;g__Romboutsia;s__Romboutsia timonensis
40000,0.0014219694276573053,0.004048582995951417,0.00035549235691432633,0.0006136127631454734,13.0,13.0,0.0,/group/ctbrowngrp5/sourmash-db.new/gtdb-rs226/gtdb-rs226-k51.dna.rocksdb,GCA_029218745.1 Lachnospiraceae bacterium,d0c6e60106842c938954f65ad11de8dc,0.016194331983805668,10000,277,15460000,outputs.mapping/bams.cds.rand/SRR14369306.x.s__Roseburia inulinivorans.fastq.gz,SRR14369306.x.s__Roseburia inulinivorans,f8f155eb,28130000,51,DNA,10000,2813,True,0.8793754131238801,0.9223366610731755,0.9008560370985278,0.9223366610731755,True,13,17472,21186,d__Bacteria;p__Bacillota;c__Clostridia;o__Lachnospirales;f__Lachnospiraceae;g__UBA2821;s__UBA2821 sp902763335
10000,0.00035549235691432633,0.004291845493562232,0.00035549235691432633,4.7200981780421035e-05,1.0,1.0,0.0,/group/ctbrowngrp5/sourmash-db.new/gtdb-rs226/gtdb-rs226-k51.dna.rocksdb,GCA_004553105.1 Veillonellaceae bacterium,b54cd689867d4647f44b5f27ddf17060,0.004291845493562232,10000,278,15450000,outputs.mapping/bams.cds.rand/SRR14369306.x.s__Roseburia inulinivorans.fastq.gz,SRR14369306.x.s__Roseburia inulinivorans,f8f155eb,28130000,51,DNA,10000,2813,True,0.8557939677468303,0.8986307105512661,0.8772123391490482,0.8986307105512661,True,1,17473,21186,d__Bacteria;p__Bacillota;c__Negativicutes;o__Selenomonadales;f__Selenomonadaceae;g__Anaerovibrio;s__Anaerovibrio slackiae
30000,0.001066477070742979,0.003875968992248062,0.00035549235691432633,0.0003304068724629472,7.0,7.0,0.0,/group/ctbrowngrp5/sourmash-db.new/gtdb-rs226/gtdb-rs226-k51.dna.rocksdb,GCF_934838605.1 Clostridium sp. AF02-29,935b0f99454c1f1f981594adc2badf7f,0.011627906976744186,10000,279,15440000,outputs.mapping/bams.cds.rand/SRR14369306.x.s__Roseburia inulinivorans.fastq.gz,SRR14369306.x.s__Roseburia inulinivorans,f8f155eb,28130000,51,DNA,10000,2813,True,0.8744289744662292,0.916365347299856,0.8953971608830427,0.916365347299856,True,7,17480,21186,d__Bacteria;p__Bacillota;c__Clostridia;o__Lachnospirales;f__Lachnospiraceae;g__Otoolea;s__Otoolea fessa
10000,0.00035549235691432633,0.0045662100456621,0.00035549235691432633,9.440196356084207e-05,2.0,2.0,0.0,/group/ctbrowngrp5/sourmash-db.new/gtdb-rs226/gtdb-rs226-k51.dna.rocksdb,GCA_016296505.1 Oscillospiraceae bacterium,9b1b1e3ed42a0821bd3bc897d55d1a71,0.0045662100456621,10000,280,15430000,outputs.mapping/bams.cds.rand/SRR14369306.x.s__Roseburia inulinivorans.fastq.gz,SRR14369306.x.s__Roseburia inulinivorans,f8f155eb,28130000,51,DNA,10000,2813,True,0.8557939677468303,0.8997232408336094,0.8777586042902199,0.8997232408336094,True,2,17482,21186,d__Bacteria;p__Bacillota;c__Clostridia;o__Oscillospirales;f__Ruminococcaceae;g__Firm-04;s__Firm-04 sp016296505
20000,0.0007109847138286527,0.004975124378109453,0.00035549235691432633,4.7200981780421035e-05,1.0,1.0,0.0,/group/ctbrowngrp5/sourmash-db.new/gtdb-rs226/gtdb-rs226-k51.dna.rocksdb,GCA_945867525.1 uncultured Clostridia bacterium,50ecd689fc2f06938a3f473dcbab4c16,0.009950248756218905,10000,281,15420000,outputs.mapping/bams.cds.rand/SRR14369306.x.s__Roseburia inulinivorans.fastq.gz,SRR14369306.x.s__Roseburia inulinivorans,f8f155eb,28130000,51,DNA,10000,2813,True,0.8675045670982334,0.9135700257522423,0.8905372964252378,0.9135700257522423,True,1,17483,21186,d__Bacteria;p__Bacillota;c__Clostridia;o__Oscillospirales;f__Oscillospiraceae;g__Vescimonas;s__Vescimonas sp945877515
10000,0.00035549235691432633,0.00819672131147541,0.00035549235691432633,0.00023600490890210516,5.0,5.0,0.0,/group/ctbrowngrp5/sourmash-db.new/gtdb-rs226/gtdb-rs226-k51.dna.rocksdb,GCA_934178565.1 uncultured Bacilli bacterium,57b1933bf96226c16cc2bbf3d9c1b915,0.00819672131147541,10000,282,15410000,outputs.mapping/bams.cds.rand/SRR14369306.x.s__Roseburia inulinivorans.fastq.gz,SRR14369306.x.s__Roseburia inulinivorans,f8f155eb,28130000,51,DNA,10000,2813,True,0.8557939677468303,0.910103917375183,0.8829489425610066,0.910103917375183,True,5,17488,21186,d__Bacteria;p__Bacillota;c__Bacilli;o__RF39;f__UBA660;g__CAG-710;s__CAG-710 sp000432595
230000,0.008176324209029506,0.004273504273504274,0.00035549235691432633,0.0003304068724629472,7.0,7.0,0.0,/group/ctbrowngrp5/sourmash-db.new/gtdb-rs226/gtdb-rs226-k51.dna.rocksdb,GCA_022779605.1 Lachnobacterium sp.,50cd1a9ae18f4e55f69ca9d51073c99b,0.09829059829059829,10000,283,15400000,outputs.mapping/bams.cds.rand/SRR14369306.x.s__Roseburia inulinivorans.fastq.gz,SRR14369306.x.s__Roseburia inulinivorans,f8f155eb,28130000,51,DNA,10000,2813,True,0.9100594563546093,0.9555322136510677,0.9327958350028385,0.9555322136510677,False,7,17495,21186,d__Bacteria;p__Bacillota;c__Clostridia;o__Lachnospirales;f__Lachnospiraceae;g__Agathobacter;s__Agathobacter sp900549895
10000,0.00035549235691432633,0.005952380952380952,0.00035549235691432633,0.00018880392712168414,4.0,4.0,0.0,/group/ctbrowngrp5/sourmash-db.new/gtdb-rs226/gtdb-rs226-k51.dna.rocksdb,GCA_945834635.1 Treponema berlinense,edb6edea070884308ca15ffa40dfb233,0.005952380952380952,10000,284,15390000,outputs.mapping/bams.cds.rand/SRR14369306.x.s__Roseburia inulinivorans.fastq.gz,SRR14369306.x.s__Roseburia inulinivorans,f8f155eb,28130000,51,DNA,10000,2813,True,0.8557939677468303,0.9044123511398208,0.8801031594433255,0.9044123511398208,True,4,17499,21186,d__Bacteria;p__Spirochaetota;c__Spirochaetia;o__Treponematales;f__Treponemataceae;g__Treponema_D;s__Treponema_D berlinense
20000,0.0007109847138286527,0.002857142857142857,0.00035549235691432633,0.00023600490890210516,5.0,5.0,0.0,/group/ctbrowngrp5/sourmash-db.new/gtdb-rs226/gtdb-rs226-k51.dna.rocksdb,GCA_958425375.1 uncultured Lachnospiraceae bacterium,88f3896e17964da6067181d25f177bda,0.005714285714285714,10000,285,15380000,outputs.mapping/bams.cds.rand/SRR14369306.x.s__Roseburia inulinivorans.fastq.gz,SRR14369306.x.s__Roseburia inulinivorans,f8f155eb,28130000,51,DNA,10000,2813,True,0.8675045670982334,0.9036887208642069,0.8855966439812202,0.9036887208642069,True,5,17504,21186,d__Bacteria;p__Bacillota;c__Clostridia;o__Lachnospirales;f__Lachnospiraceae;g__Novisyntrophococcus;s__Novisyntrophococcus sp900539175
20000,0.0007109847138286527,0.0056179775280898875,0.00035549235691432633,4.7200981780421035e-05,1.0,1.0,0.0,/group/ctbrowngrp5/sourmash-db.new/gtdb-rs226/gtdb-rs226-k51.dna.rocksdb,GCA_934561315.1 uncultured Oscillospiraceae bacterium,7d0f7388f7fd6d148538985120bcb23a,0.011235955056179775,10000,286,15370000,outputs.mapping/bams.cds.rand/SRR14369306.x.s__Roseburia inulinivorans.fastq.gz,SRR14369306.x.s__Roseburia inulinivorans,f8f155eb,28130000,51,DNA,10000,2813,True,0.8675045670982334,0.9157494500788544,0.8916270085885439,0.9157494500788544,True,1,17505,21186,d__Bacteria;p__Bacillota;c__Clostridia;o__Oscillospirales;f__Oscillospiraceae;g__Vescimonas;s__Vescimonas fastidiosa
160000,0.005687877710629221,0.00267379679144385,0.00035549235691432633,0.0003304068724629472,7.0,7.0,0.0,/group/ctbrowngrp5/sourmash-db.new/gtdb-rs226/gtdb-rs226-k51.dna.rocksdb,GCF_017851155.1 Blautia sp.,4978c6980d38c1a477b48c96ad79fc0a,0.0427807486631016,10000,287,15360000,outputs.mapping/bams.cds.rand/SRR14369306.x.s__Roseburia inulinivorans.fastq.gz,SRR14369306.x.s__Roseburia inulinivorans,f8f155eb,28130000,51,DNA,10000,2813,True,0.9036066464020236,0.9400733323422714,0.9218399893721475,0.9400733323422714,False,7,17512,21186,d__Bacteria;p__Bacillota;c__Clostridia;o__Lachnospirales;f__Lachnospiraceae;g__Oliverpabstia;s__Oliverpabstia faecicola
10000,0.00035549235691432633,0.0035460992907801418,0.00035549235691432633,4.7200981780421035e-05,1.0,1.0,0.0,/group/ctbrowngrp5/sourmash-db.new/gtdb-rs226/gtdb-rs226-k51.dna.rocksdb,GCA_904419035.1 Candidatus Heritagella caecorum,f4b8b55d8f79c6d25bbf23159de3fa7e,0.0035460992907801418,10000,288,15350000,outputs.mapping/bams.cds.rand/SRR14369306.x.s__Roseburia inulinivorans.fastq.gz,SRR14369306.x.s__Roseburia inulinivorans,f8f155eb,28130000,51,DNA,10000,2813,True,0.8557939677468303,0.8952738509072189,0.8755339093270246,0.8952738509072189,True,1,17513,21186,d__Bacteria;p__Bacillota;c__Clostridia;o__Oscillospirales;f__Acutalibacteraceae;g__Heritagella;s__Heritagella caecorum
10000,0.00035549235691432633,0.002688172043010753,0.00035549235691432633,0.00023600490890210516,5.0,5.0,0.0,/group/ctbrowngrp5/sourmash-db.new/gtdb-rs226/gtdb-rs226-k51.dna.rocksdb,GCA_963663285.1 Candidatus Limiplasma sp.,90755839b8b6ce4bbdd24ce665edc9a2,0.002688172043010753,10000,289,15340000,outputs.mapping/bams.cds.rand/SRR14369306.x.s__Roseburia inulinivorans.fastq.gz,SRR14369306.x.s__Roseburia inulinivorans,f8f155eb,28130000,51,DNA,10000,2813,True,0.8557939677468303,0.8904246971715558,0.873109332459193,0.8904246971715558,True,5,17518,21186,d__Bacteria;p__Bacillota;c__Clostridia;o__Christensenellales;f__Aristaeellaceae;g__Limiplasma;s__Limiplasma sp963663285
10000,0.00035549235691432633,0.0045871559633027525,0.00035549235691432633,9.440196356084207e-05,2.0,2.0,0.0,/group/ctbrowngrp5/sourmash-db.new/gtdb-rs226/gtdb-rs226-k51.dna.rocksdb,GCA_029010715.1 Clostridiales bacterium,a8d753b058aab5aa18ecca80d47de043,0.0045871559633027525,10000,290,15330000,outputs.mapping/bams.cds.rand/SRR14369306.x.s__Roseburia inulinivorans.fastq.gz,SRR14369306.x.s__Roseburia inulinivorans,f8f155eb,28130000,51,DNA,10000,2813,True,0.8557939677468303,0.8998039843327351,0.8777989760397826,0.8998039843327351,True,2,17520,21186,d__Bacteria;p__Bacillota;c__Clostridia;o__Oscillospirales;f__Oscillospiraceae;g__Limivicinus;s__Limivicinus sp029010715
10000,0.00035549235691432633,0.004524886877828055,0.00035549235691432633,0.0005192107995846313,11.0,11.0,0.0,/group/ctbrowngrp5/sourmash-db.new/gtdb-rs226/gtdb-rs226-k51.dna.rocksdb,GCA_945912845.1 uncultured Bacteroidales bacterium,88a0c89c53a152cee5ec79844bb82a1a,0.004524886877828055,10000,291,15320000,outputs.mapping/bams.cds.rand/SRR14369306.x.s__Roseburia inulinivorans.fastq.gz,SRR14369306.x.s__Roseburia inulinivorans,f8f155eb,28130000,51,DNA,10000,2813,True,0.8557939677468303,0.8995628755480881,0.8776784216474591,0.8995628755480881,True,11,17531,21186,d__Bacteria;p__Bacteroidota;c__Bacteroidia;o__Bacteroidales;f__Bacteroidaceae;g__Alloprevotella;s__Alloprevotella sp004555425
20000,0.0007109847138286527,0.003246753246753247,0.00035549235691432633,9.440196356084207e-05,2.0,2.0,0.0,/group/ctbrowngrp5/sourmash-db.new/gtdb-rs226/gtdb-rs226-k51.dna.rocksdb,GCA_900771365.1 Bacteroidales bacterium,4d1d84aefc669ee9b839977a8b9bf2b5,0.006493506493506494,10000,292,15310000,outputs.mapping/bams.cds.rand/SRR14369306.x.s__Roseburia inulinivorans.fastq.gz,SRR14369306.x.s__Roseburia inulinivorans,f8f155eb,28130000,51,DNA,10000,2813,True,0.8675045670982334,0.9059566909928176,0.8867306290455255,0.9059566909928176,True,2,17533,21186,d__Bacteria;p__Bacteroidota;c__Bacteroidia;o__Bacteroidales;f__P3;g__Colimorpha;s__Colimorpha sp900771365
10000,0.00035549235691432633,0.0036496350364963502,0.00035549235691432633,0.0004720098178042103,10.0,10.0,0.0,/group/ctbrowngrp5/sourmash-db.new/gtdb-rs226/gtdb-rs226-k51.dna.rocksdb,GCA_022785625.1 Veillonellaceae bacterium,084fe533d6d481a7746310b4280db867,0.0036496350364963502,10000,293,15300000,outputs.mapping/bams.cds.rand/SRR14369306.x.s__Roseburia inulinivorans.fastq.gz,SRR14369306.x.s__Roseburia inulinivorans,f8f155eb,28130000,51,DNA,10000,2813,True,0.8557939677468303,0.895779190619195,0.8757865791830126,0.895779190619195,True,10,17543,21186,d__Bacteria;p__Bacillota;c__Negativicutes;o__Selenomonadales;f__Selenomonadaceae;g__Selenomonas_C;s__Selenomonas_C sp900318215
10000,0.00035549235691432633,0.004219409282700422,0.00035549235691432633,9.440196356084207e-05,2.0,2.0,0.0,/group/ctbrowngrp5/sourmash-db.new/gtdb-rs226/gtdb-rs226-k51.dna.rocksdb,GCA_946056175.1 uncultured Lachnospiraceae bacterium,e0ae1b98cd5de46156f0155704378967,0.004219409282700422,10000,294,15290000,outputs.mapping/bams.cds.rand/SRR14369306.x.s__Roseburia inulinivorans.fastq.gz,SRR14369306.x.s__Roseburia inulinivorans,f8f155eb,28130000,51,DNA,10000,2813,True,0.8557939677468303,0.898330834887376,0.8770624013171031,0.898330834887376,True,2,17545,21186,d__Bacteria;p__Bacillota;c__Clostridia;o__Lachnospirales;f__Lachnospiraceae;g__UBA11957;s__UBA11957 sp016301965
10000,0.00035549235691432633,0.004464285714285714,0.00035549235691432633,0.0001416029453412631,3.0,3.0,0.0,/group/ctbrowngrp5/sourmash-db.new/gtdb-rs226/gtdb-rs226-k51.dna.rocksdb,GCA_022772705.1 bacterium,4ef8a116b9144f88ec50b8e336624063,0.004464285714285714,10000,295,15280000,outputs.mapping/bams.cds.rand/SRR14369306.x.s__Roseburia inulinivorans.fastq.gz,SRR14369306.x.s__Roseburia inulinivorans,f8f155eb,28130000,51,DNA,10000,2813,True,0.8557939677468303,0.8993250810736236,0.877559524410227,0.8993250810736236,True,3,17548,21186,d__Bacteria;p__Bacillota;c__Clostridia;o__Oscillospirales;f__Ruminococcaceae;g__Gemmiger;s__Gemmiger sp004561545
30000,0.001066477070742979,0.004524886877828055,0.00035549235691432633,0.00018880392712168414,4.0,4.0,0.0,/group/ctbrowngrp5/sourmash-db.new/gtdb-rs226/gtdb-rs226-k51.dna.rocksdb,GCF_900102225.1 Eubacterium pyruvativorans,889477e17a70b342594aae7d43a84f0f,0.013574660633484163,10000,296,15270000,outputs.mapping/bams.cds.rand/SRR14369306.x.s__Roseburia inulinivorans.fastq.gz,SRR14369306.x.s__Roseburia inulinivorans,f8f155eb,28130000,51,DNA,10000,2813,True,0.8744289744662292,0.9191509549949388,0.896789964730584,0.9191509549949388,True,4,17552,21186,d__Bacteria;p__Bacillota;c__Clostridia;o__Peptostreptococcales;f__Anaerovoracaceae;g__Eubacterium_T;s__Eubacterium_T pyruvativorans
80000,0.0028439388553146107,0.0033112582781456954,0.00035549235691432633,0.00018880392712168414,4.0,4.0,0.0,/group/ctbrowngrp5/sourmash-db.new/gtdb-rs226/gtdb-rs226-k51.dna.rocksdb,GCA_963559005.1 Roseburia porci,ef39ee806e793411e61ca7e61bce1827,0.026490066225165563,10000,297,15260000,outputs.mapping/bams.cds.rand/SRR14369306.x.s__Roseburia inulinivorans.fastq.gz,SRR14369306.x.s__Roseburia inulinivorans,f8f155eb,28130000,51,DNA,10000,2813,True,0.8914086986232876,0.9312795356649065,0.911344117144097,0.9312795356649065,False,4,17556,21186,d__Bacteria;p__Bacillota;c__Clostridia;o__Lachnospirales;f__Lachnospiraceae;g__Roseburia_A;s__Roseburia_A porci
10000,0.00035549235691432633,0.0053475935828877,0.00035549235691432633,4.7200981780421035e-05,1.0,1.0,0.0,/group/ctbrowngrp5/sourmash-db.new/gtdb-rs226/gtdb-rs226-k51.dna.rocksdb,GCA_900320775.1 uncultured Veillonellaceae bacterium,d2464cc0da8fca128c1028db03bdea01,0.0053475935828877,10000,298,15250000,outputs.mapping/bams.cds.rand/SRR14369306.x.s__Roseburia inulinivorans.fastq.gz,SRR14369306.x.s__Roseburia inulinivorans,f8f155eb,28130000,51,DNA,10000,2813,True,0.8557939677468303,0.9025142881157426,0.8791541279312864,0.9025142881157426,True,1,17557,21186,d__Bacteria;p__Bacillota;c__Negativicutes;o__Selenomonadales;f__Selenomonadaceae;g__Selenomonas_C;s__Selenomonas_C bovis
20000,0.0007109847138286527,0.005405405405405406,0.00035549235691432633,9.440196356084207e-05,2.0,2.0,0.0,/group/ctbrowngrp5/sourmash-db.new/gtdb-rs226/gtdb-rs226-k51.dna.rocksdb,GCA_004558595.1 Phascolarctobacterium sp.,82f5ae137c37969242b7840b4f05f8d0,0.010810810810810811,10000,299,15240000,outputs.mapping/bams.cds.rand/SRR14369306.x.s__Roseburia inulinivorans.fastq.gz,SRR14369306.x.s__Roseburia inulinivorans,f8f155eb,28130000,51,DNA,10000,2813,True,0.8675045670982334,0.9150571131134657,0.8912808401058496,0.9150571131134657,True,2,17559,21186,d__Bacteria;p__Bacillota;c__Negativicutes;o__Acidaminococcales;f__Acidaminococcaceae;g__Phascolarctobacterium_A;s__Phascolarctobacterium_A sp004558595
180000,0.006398862424457874,0.00425531914893617,0.00035549235691432633,4.7200981780421035e-05,1.0,1.0,0.0,/group/ctbrowngrp5/sourmash-db.new/gtdb-rs226/gtdb-rs226-k51.dna.rocksdb,GCA_945831365.1 uncultured Roseburia sp.,1edd7dfd7f6fcd7db0a0f390338c9f38,0.07659574468085106,10000,300,15230000,outputs.mapping/bams.cds.rand/SRR14369306.x.s__Roseburia inulinivorans.fastq.gz,SRR14369306.x.s__Roseburia inulinivorans,f8f155eb,28130000,51,DNA,10000,2813,True,0.905695911627381,0.9508711255213509,0.9282835185743659,0.9508711255213509,False,1,17560,21186,d__Bacteria;p__Bacillota;c__Clostridia;o__Lachnospirales;f__Lachnospiraceae;g__Roseburia;s__Roseburia sp902781225
10000,0.00035549235691432633,0.007633587786259542,0.00035549235691432633,4.7200981780421035e-05,1.0,1.0,0.0,/group/ctbrowngrp5/sourmash-db.new/gtdb-rs226/gtdb-rs226-k51.dna.rocksdb,GCA_958449225.1 uncultured Bacilli bacterium,5de9237be5b7d9d2a43152ae8c19eaea,0.007633587786259542,10000,301,15220000,outputs.mapping/bams.cds.rand/SRR14369306.x.s__Roseburia inulinivorans.fastq.gz,SRR14369306.x.s__Roseburia inulinivorans,f8f155eb,28130000,51,DNA,10000,2813,True,0.8557939677468303,0.908834650149845,0.8823143089483376,0.908834650149845,True,1,17561,21186,d__Bacteria;p__Bacillota;c__Bacilli;o__RF39;f__UBA660;g__CAJOJO01;s__CAJOJO01 sp900546745
10000,0.00035549235691432633,0.006756756756756757,0.00035549235691432633,4.7200981780421035e-05,1.0,1.0,0.0,/group/ctbrowngrp5/sourmash-db.new/gtdb-rs226/gtdb-rs226-k51.dna.rocksdb,GCA_946410695.1 uncultured Bacteroidales bacterium,5cd40134a56535033794aa43b945202f,0.006756756756756757,10000,302,15210000,outputs.mapping/bams.cds.rand/SRR14369306.x.s__Roseburia inulinivorans.fastq.gz,SRR14369306.x.s__Roseburia inulinivorans,f8f155eb,28130000,51,DNA,10000,2813,True,0.8557939677468303,0.9066629076096819,0.8812284376782561,0.9066629076096819,True,1,17562,21186,d__Bacteria;p__Bacteroidota;c__Bacteroidia;o__Bacteroidales;f__UBA932;g__Cryptobacteroides;s__Cryptobacteroides sp945487035
100000,0.0035549235691432635,0.003676470588235294,0.00035549235691432633,4.7200981780421035e-05,1.0,1.0,0.0,/group/ctbrowngrp5/sourmash-db.new/gtdb-rs226/gtdb-rs226-k51.dna.rocksdb,GCF_030053595.1 Fusibacillus kribbianus,590b60dd682af06b2549e2e3047fd201,0.03676470588235294,10000,303,15200000,outputs.mapping/bams.cds.rand/SRR14369306.x.s__Roseburia inulinivorans.fastq.gz,SRR14369306.x.s__Roseburia inulinivorans,f8f155eb,28130000,51,DNA,10000,2813,True,0.8953174808671256,0.9372839882116912,0.9163007345394084,0.9372839882116912,False,1,17563,21186,d__Bacteria;p__Bacillota;c__Clostridia;o__Lachnospirales;f__Lachnospiraceae;g__Lientehia;s__Lientehia kribbianus
20000,0.0007109847138286527,0.0033112582781456954,0.00035549235691432633,4.7200981780421035e-05,1.0,1.0,0.0,/group/ctbrowngrp5/sourmash-db.new/gtdb-rs226/gtdb-rs226-k51.dna.rocksdb,GCA_963636925.1 Eubacterium sp. AF22-9,3e83ca30363fa92956a29e84c4cf6c0f,0.006622516556291391,10000,304,15190000,outputs.mapping/bams.cds.rand/SRR14369306.x.s__Roseburia inulinivorans.fastq.gz,SRR14369306.x.s__Roseburia inulinivorans,f8f155eb,28130000,51,DNA,10000,2813,True,0.8675045670982334,0.9063062225914459,0.8869053948448397,0.9063062225914459,True,1,17564,21186,d__Bacteria;p__Bacillota;c__Clostridia;o__Lachnospirales;f__Lachnospiraceae;g__Acetatifactor;s__Acetatifactor hominis
10000,0.00035549235691432633,0.0035587188612099642,0.00035549235691432633,9.440196356084207e-05,2.0,2.0,0.0,/group/ctbrowngrp5/sourmash-db.new/gtdb-rs226/gtdb-rs226-k51.dna.rocksdb,GCA_020743325.1 Subdoligranulum variabile,e402ad987b707cff278dba3567bb7232,0.0035587188612099642,10000,305,15180000,outputs.mapping/bams.cds.rand/SRR14369306.x.s__Roseburia inulinivorans.fastq.gz,SRR14369306.x.s__Roseburia inulinivorans,f8f155eb,28130000,51,DNA,10000,2813,True,0.8557939677468303,0.8953362133195951,0.8755650905332126,0.8953362133195951,True,2,17566,21186,d__Bacteria;p__Bacillota;c__Clostridia;o__Oscillospirales;f__Ruminococcaceae;g__Gemmiger;s__Gemmiger formicilis_B
250000,0.008887308922858158,0.0032679738562091504,0.00035549235691432633,0.0005192107995846313,11.0,11.0,0.0,/group/ctbrowngrp5/sourmash-db.new/gtdb-rs226/gtdb-rs226-k51.dna.rocksdb,GCA_003463765.1 Agathobacter rectalis,46deb0abf7d8278de5b1381389f27996,0.08169934640522876,10000,306,15170000,outputs.mapping/bams.cds.rand/SRR14369306.x.s__Roseburia inulinivorans.fastq.gz,SRR14369306.x.s__Roseburia inulinivorans,f8f155eb,28130000,51,DNA,10000,2813,True,0.9115485600156676,0.9520745422155762,0.931811551115622,0.9520745422155762,False,11,17577,21186,d__Bacteria;p__Bacillota;c__Clostridia;o__Lachnospirales;f__Lachnospiraceae;g__Agathobacter;s__Agathobacter rectalis
20000,0.0007109847138286527,0.0038461538461538464,0.00035549235691432633,9.440196356084207e-05,2.0,2.0,0.0,/group/ctbrowngrp5/sourmash-db.new/gtdb-rs226/gtdb-rs226-k51.dna.rocksdb,GCF_000434655.1 Clostridium sp. CAG:43,dd1aeee2d9efb4c92e005605403b5608,0.007692307692307693,10000,307,15160000,outputs.mapping/bams.cds.rand/SRR14369306.x.s__Roseburia inulinivorans.fastq.gz,SRR14369306.x.s__Roseburia inulinivorans,f8f155eb,28130000,51,DNA,10000,2813,True,0.8675045670982334,0.9089712150027334,0.8882378910504833,0.9089712150027334,True,2,17579,21186,d__Bacteria;p__Bacillota;c__Clostridia;o__Lachnospirales;f__Lachnospiraceae;g__Otoolea;s__Otoolea fessa
10000,0.00035549235691432633,0.003389830508474576,0.00035549235691432633,4.7200981780421035e-05,1.0,1.0,0.0,/group/ctbrowngrp5/sourmash-db.new/gtdb-rs226/gtdb-rs226-k51.dna.rocksdb,GCA_934488965.1 uncultured Clostridia bacterium,00c20130354da56f89b7fc5adefe98be,0.003389830508474576,10000,308,15150000,outputs.mapping/bams.cds.rand/SRR14369306.x.s__Roseburia inulinivorans.fastq.gz,SRR14369306.x.s__Roseburia inulinivorans,f8f155eb,28130000,51,DNA,10000,2813,True,0.8557939677468303,0.8944830541449889,0.8751385109459096,0.8944830541449889,True,1,17580,21186,d__Bacteria;p__Bacillota;c__Clostridia;o__UBA1381;f__UBA1381;g__CAKSFT01;s__CAKSFT01 sp934444735
30000,0.001066477070742979,0.005154639175257732,0.00035549235691432633,4.7200981780421035e-05,1.0,1.0,0.0,/group/ctbrowngrp5/sourmash-db.new/gtdb-rs226/gtdb-rs226-k51.dna.rocksdb,GCA_041331715.1 Eubacterium sp.,e0a9347d9a90328020f1cf374c8ee927,0.015463917525773196,10000,309,15140000,outputs.mapping/bams.cds.rand/SRR14369306.x.s__Roseburia inulinivorans.fastq.gz,SRR14369306.x.s__Roseburia inulinivorans,f8f155eb,28130000,51,DNA,10000,2813,True,0.8744289744662292,0.9215023800946508,0.8979656772804401,0.9215023800946508,True,1,17581,21186,d__Bacteria;p__Bacillota;c__Clostridia;o__Oscillospirales;f__Acutalibacteraceae;g__Eubacterium_R;s__Eubacterium_R sp000436835
660000,0.02346249555634554,0.002932551319648094,0.00035549235691432633,0.0008496176720475786,18.0,18.0,0.0,/group/ctbrowngrp5/sourmash-db.new/gtdb-rs226/gtdb-rs226-k51.dna.rocksdb,GCA_034184045.1 Lachnospiraceae bacterium,b49096a3ec5c734b6c25d44d91ad8d57,0.1935483870967742,10000,310,15130000,outputs.mapping/bams.cds.rand/SRR14369306.x.s__Roseburia inulinivorans.fastq.gz,SRR14369306.x.s__Roseburia inulinivorans,f8f155eb,28130000,51,DNA,10000,2813,True,0.9290659701243664,0.9683123735355451,0.9486891718299557,0.9683123735355451,False,18,17599,21186,d__Bacteria;p__Bacillota;c__Clostridia;o__Lachnospirales;f__Lachnospiraceae;g__Agathobacter;s__Agathobacter faecis
20000,0.0007109847138286527,0.002793296089385475,0.00035549235691432633,9.440196356084207e-05,2.0,2.0,0.0,/group/ctbrowngrp5/sourmash-db.new/gtdb-rs226/gtdb-rs226-k51.dna.rocksdb,GCF_036313305.1 Gemmiger formicilis,ac868af366228061b008e533d1644c29,0.00558659217877095,10000,311,15120000,outputs.mapping/bams.cds.rand/SRR14369306.x.s__Roseburia inulinivorans.fastq.gz,SRR14369306.x.s__Roseburia inulinivorans,f8f155eb,28130000,51,DNA,10000,2813,True,0.8675045670982334,0.9032883544180165,0.885396460758125,0.9032883544180165,True,2,17601,21186,d__Bacteria;p__Bacillota;c__Clostridia;o__Oscillospirales;f__Ruminococcaceae;g__Gemmiger;s__Gemmiger formicilis
10000,0.00035549235691432633,0.002898550724637681,0.00035549235691432633,4.7200981780421035e-05,1.0,1.0,0.0,/group/ctbrowngrp5/sourmash-db.new/gtdb-rs226/gtdb-rs226-k51.dna.rocksdb,GCA_022771695.1 Roseburia sp.,b072306fc3f77730296e1106c464b37f,0.002898550724637681,10000,312,15110000,outputs.mapping/bams.cds.rand/SRR14369306.x.s__Roseburia inulinivorans.fastq.gz,SRR14369306.x.s__Roseburia inulinivorans,f8f155eb,28130000,51,DNA,10000,2813,True,0.8557939677468303,0.8917412184891021,0.8737675931179663,0.8917412184891021,True,1,17602,21186,d__Bacteria;p__Bacillota;c__Clostridia;o__Lachnospirales;f__Lachnospiraceae;g__Roseburia;s__Roseburia sp022771695
230000,0.008176324209029506,0.0032258064516129032,0.00035549235691432633,0.0011328235627301047,24.0,24.0,0.0,/group/ctbrowngrp5/sourmash-db.new/gtdb-rs226/gtdb-rs226-k51.dna.rocksdb,GCF_003478515.1 Roseburia sp. AF25-18LB,b14da9ee404f90b2486f24321e094921,0.07419354838709677,10000,313,15100000,outputs.mapping/bams.cds.rand/SRR14369306.x.s__Roseburia inulinivorans.fastq.gz,SRR14369306.x.s__Roseburia inulinivorans,f8f155eb,28130000,51,DNA,10000,2813,True,0.9100594563546093,0.9502772156466471,0.9301683360006282,0.9502772156466471,False,24,17626,21186,d__Bacteria;p__Bacillota;c__Clostridia;o__Lachnospirales;f__Lachnospiraceae;g__Roseburia_C;s__Roseburia_C amylophila
10000,0.00035549235691432633,0.0036363636363636364,0.00035549235691432633,4.7200981780421035e-05,1.0,1.0,0.0,/group/ctbrowngrp5/sourmash-db.new/gtdb-rs226/gtdb-rs226-k51.dna.rocksdb,GCA_902494575.1 uncultured Eubacteriales bacterium,1304f42913fdd60f55d82b859a0d84e6,0.0036363636363636364,10000,314,15090000,outputs.mapping/bams.cds.rand/SRR14369306.x.s__Roseburia inulinivorans.fastq.gz,SRR14369306.x.s__Roseburia inulinivorans,f8f155eb,28130000,51,DNA,10000,2813,True,0.8557939677468303,0.8957152063205601,0.8757545870336951,0.8957152063205601,True,1,17627,21186,d__Bacteria;p__Bacillota;c__Clostridia;o__Lachnospirales;f__Lachnospiraceae;g__Lachnospira;s__Lachnospira sp900772425
10000,0.00035549235691432633,0.006329113924050633,0.00035549235691432633,0.0002832058906825262,6.0,6.0,0.0,/group/ctbrowngrp5/sourmash-db.new/gtdb-rs226/gtdb-rs226-k51.dna.rocksdb,GCA_034176115.1 Eubacteriales bacterium,36d85807d070a5c5cccc9548671096be,0.006329113924050633,10000,315,15080000,outputs.mapping/bams.cds.rand/SRR14369306.x.s__Roseburia inulinivorans.fastq.gz,SRR14369306.x.s__Roseburia inulinivorans,f8f155eb,28130000,51,DNA,10000,2813,True,0.8557939677468303,0.9055012970243063,0.8806476323855683,0.9055012970243063,True,6,17633,21186,d__Bacteria;p__Bacillota;c__Clostridia;o__Christensenellales;f__CAG-138;g__RGIG1693;s__RGIG1693 sp016293975
20000,0.0007109847138286527,0.004081632653061225,0.00035549235691432633,0.00023600490890210516,5.0,5.0,0.0,/group/ctbrowngrp5/sourmash-db.new/gtdb-rs226/gtdb-rs226-k51.dna.rocksdb,GCA_022764445.1 Lachnospiraceae bacterium,1a050678d0de23d86eaee96d5b306a91,0.00816326530612245,10000,316,15070000,outputs.mapping/bams.cds.rand/SRR14369306.x.s__Roseburia inulinivorans.fastq.gz,SRR14369306.x.s__Roseburia inulinivorans,f8f155eb,28130000,51,DNA,10000,2813,True,0.8675045670982334,0.9100309337997604,0.8887677504489969,0.9100309337997604,True,5,17638,21186,d__Bacteria;p__Bacillota;c__Clostridia;o__Lachnospirales;f__Lachnospiraceae;g__Butyribacter;s__Butyribacter sp022764445
90000,0.003199431212228937,0.0027548209366391185,0.00035549235691432633,9.440196356084207e-05,2.0,2.0,0.0,/group/ctbrowngrp5/sourmash-db.new/gtdb-rs226/gtdb-rs226-k51.dna.rocksdb,GCA_964250675.1 Eubacterium ramulus,51338bfd98141037c62e75d91bbdf19e,0.024793388429752067,10000,317,15060000,outputs.mapping/bams.cds.rand/SRR14369306.x.s__Roseburia inulinivorans.fastq.gz,SRR14369306.x.s__Roseburia inulinivorans,f8f155eb,28130000,51,DNA,10000,2813,True,0.8934697604835898,0.9300716141730985,0.9117706873283442,0.9300716141730985,False,2,17640,21186,d__Bacteria;p__Bacillota;c__Clostridia;o__Lachnospirales;f__Lachnospiraceae;g__Eubacterium_I;s__Eubacterium_I ramulus
30000,0.001066477070742979,0.0035971223021582736,0.00035549235691432633,4.7200981780421035e-05,1.0,1.0,0.0,/group/ctbrowngrp5/sourmash-db.new/gtdb-rs226/gtdb-rs226-k51.dna.rocksdb,GCA_938045845.1 uncultured Blautia sp.,7263439d023cc959245b90fe1c933452,0.01079136690647482,10000,318,15050000,outputs.mapping/bams.cds.rand/SRR14369306.x.s__Roseburia inulinivorans.fastq.gz,SRR14369306.x.s__Roseburia inulinivorans,f8f155eb,28130000,51,DNA,10000,2813,True,0.8744289744662292,0.9150248143114421,0.8947268943888357,0.9150248143114421,True,1,17641,21186,d__Bacteria;p__Bacillota;c__Clostridia;o__Lachnospirales;f__Lachnospiraceae;g__Limivivens;s__Limivivens sp900066135
10000,0.00035549235691432633,0.0043859649122807015,0.00035549235691432633,0.00023600490890210516,5.0,5.0,0.0,/group/ctbrowngrp5/sourmash-db.new/gtdb-rs226/gtdb-rs226-k51.dna.rocksdb,GCA_900538285.1 uncultured Butyrivibrio sp.,9ce8de179cb617593f517962fd7fdcf8,0.0043859649122807015,10000,319,15040000,outputs.mapping/bams.cds.rand/SRR14369306.x.s__Roseburia inulinivorans.fastq.gz,SRR14369306.x.s__Roseburia inulinivorans,f8f155eb,28130000,51,DNA,10000,2813,True,0.8557939677468303,0.8990130239792933,0.8774034958630618,0.8990130239792933,True,5,17646,21186,d__Bacteria;p__Bacillota;c__Clostridia;o__Lachnospirales;f__Lachnospiraceae;g__Butyrivibrio_A;s__Butyrivibrio_A sp000431815
10000,0.00035549235691432633,0.0035587188612099642,0.00035549235691432633,4.7200981780421035e-05,1.0,1.0,0.0,/group/ctbrowngrp5/sourmash-db.new/gtdb-rs226/gtdb-rs226-k51.dna.rocksdb,GCA_037460875.1 Prevotella sp.,e30bcba3a61f737d6f9e5aa6261c8282,0.0035587188612099642,10000,320,15030000,outputs.mapping/bams.cds.rand/SRR14369306.x.s__Roseburia inulinivorans.fastq.gz,SRR14369306.x.s__Roseburia inulinivorans,f8f155eb,28130000,51,DNA,10000,2813,True,0.8557939677468303,0.8953362133195951,0.8755650905332126,0.8953362133195951,True,1,17647,21186,d__Bacteria;p__Bacteroidota;c__Bacteroidia;o__Bacteroidales;f__Bacteroidaceae;g__Prevotella;s__Prevotella sp900543975
40000,0.0014219694276573053,0.003355704697986577,0.00035549235691432633,4.7200981780421035e-05,1.0,1.0,0.0,/group/ctbrowngrp5/sourmash-db.new/gtdb-rs226/gtdb-rs226-k51.dna.rocksdb,GCA_022776845.1 Prevotella sp.,ac221b7645d0b6be20f9cfbc5e56f38f,0.013422818791946308,10000,321,15020000,outputs.mapping/bams.cds.rand/SRR14369306.x.s__Roseburia inulinivorans.fastq.gz,SRR14369306.x.s__Roseburia inulinivorans,f8f155eb,28130000,51,DNA,10000,2813,True,0.8793754131238801,0.9189482466670165,0.8991618298954482,0.9189482466670165,True,1,17648,21186,d__Bacteria;p__Bacteroidota;c__Bacteroidia;o__Bacteroidales;f__Bacteroidaceae;g__Prevotella;s__Prevotella sp900548195
30000,0.001066477070742979,0.004149377593360996,0.00035549235691432633,4.7200981780421035e-05,1.0,1.0,0.0,/group/ctbrowngrp5/sourmash-db.new/gtdb-rs226/gtdb-rs226-k51.dna.rocksdb,GCA_028725805.1 Dorea formicigenerans,a9b4566f9b97ae6adcb46d5125b4f684,0.012448132780082987,10000,322,15010000,outputs.mapping/bams.cds.rand/SRR14369306.x.s__Roseburia inulinivorans.fastq.gz,SRR14369306.x.s__Roseburia inulinivorans,f8f155eb,28130000,51,DNA,10000,2813,True,0.8744289744662292,0.9175909090884395,0.8960099417773344,0.9175909090884395,True,1,17649,21186,d__Bacteria;p__Bacillota;c__Clostridia;o__Lachnospirales;f__Lachnospiraceae;g__Dorea;s__Dorea formicigenerans
100000,0.0035549235691432635,0.003236245954692557,0.00035549235691432633,4.7200981780421035e-05,1.0,1.0,0.0,/group/ctbrowngrp5/sourmash-db.new/gtdb-rs226/gtdb-rs226-k51.dna.rocksdb,GCA_902364855.1 Clostridiaceae bacterium,56cbdfd921f10b7afe2f0fc75404eaa1,0.032362459546925564,10000,323,15000000,outputs.mapping/bams.cds.rand/SRR14369306.x.s__Roseburia inulinivorans.fastq.gz,SRR14369306.x.s__Roseburia inulinivorans,f8f155eb,28130000,51,DNA,10000,2813,True,0.8953174808671256,0.9349429859968322,0.9151302334319789,0.9349429859968322,False,1,17650,21186,d__Bacteria;p__Bacillota;c__Clostridia;o__Lachnospirales;f__Lachnospiraceae;g__Brotaphodocola;s__Brotaphodocola sp003480315
10000,0.00035549235691432633,0.00425531914893617,0.00035549235691432633,0.0008496176720475786,18.0,18.0,0.0,/group/ctbrowngrp5/sourmash-db.new/gtdb-rs226/gtdb-rs226-k51.dna.rocksdb,GCA_938035025.1 uncultured Mordavella sp.,e90342693f1a25dded944ba2c5e76e7f,0.00425531914893617,10000,324,14990000,outputs.mapping/bams.cds.rand/SRR14369306.x.s__Roseburia inulinivorans.fastq.gz,SRR14369306.x.s__Roseburia inulinivorans,f8f155eb,28130000,51,DNA,10000,2813,True,0.8557939677468303,0.8984801221677612,0.8771370449572957,0.8984801221677612,True,18,17668,21186,d__Bacteria;p__Bacillota;c__Clostridia;o__Lachnospirales;f__Lachnospiraceae;g__Massilistercora;s__Massilistercora timonensis
10000,0.00035549235691432633,0.0045871559633027525,0.00035549235691432633,4.7200981780421035e-05,1.0,1.0,0.0,/group/ctbrowngrp5/sourmash-db.new/gtdb-rs226/gtdb-rs226-k51.dna.rocksdb,GCF_024436455.1 Ruminococcus sp. zg-921,a802011501ecda0c7212fc6dae0010eb,0.0045871559633027525,10000,325,14980000,outputs.mapping/bams.cds.rand/SRR14369306.x.s__Roseburia inulinivorans.fastq.gz,SRR14369306.x.s__Roseburia inulinivorans,f8f155eb,28130000,51,DNA,10000,2813,True,0.8557939677468303,0.8998039843327351,0.8777989760397826,0.8998039843327351,True,1,17669,21186,d__Bacteria;p__Bacillota;c__Clostridia;o__Oscillospirales;f__Acutalibacteraceae;g__UBA7067;s__UBA7067 sp024433635
10000,0.00035549235691432633,0.004784688995215311,0.00035549235691432633,4.7200981780421035e-05,1.0,1.0,0.0,/group/ctbrowngrp5/sourmash-db.new/gtdb-rs226/gtdb-rs226-k51.dna.rocksdb,GCA_037236195.1 bacterium,c4e1bf77aa531b8721f227c0ae36dea9,0.004784688995215311,10000,326,14970000,outputs.mapping/bams.cds.rand/SRR14369306.x.s__Roseburia inulinivorans.fastq.gz,SRR14369306.x.s__Roseburia inulinivorans,f8f155eb,28130000,51,DNA,10000,2813,True,0.8557939677468303,0.9005481441482567,0.8781710559475435,0.9005481441482567,True,1,17670,21186,d__Bacteria;p__Bacillota;c__Clostridia;o__Christensenellales;f__CAG-138;g__PeH17;s__PeH17 sp000435055
10000,0.00035549235691432633,0.0025974025974025974,0.00035549235691432633,0.0001416029453412631,3.0,3.0,0.0,/group/ctbrowngrp5/sourmash-db.new/gtdb-rs226/gtdb-rs226-k51.dna.rocksdb,GCA_902781795.1 uncultured Eubacteriales bacterium,ab7dc428f108cf0c9e629fb4bf451b56,0.0025974025974025974,10000,327,14960000,outputs.mapping/bams.cds.rand/SRR14369306.x.s__Roseburia inulinivorans.fastq.gz,SRR14369306.x.s__Roseburia inulinivorans,f8f155eb,28130000,51,DNA,10000,2813,True,0.8557939677468303,0.8898251809431468,0.8728095743449885,0.8898251809431468,True,3,17673,21186,d__Bacteria;p__Bacillota;c__Clostridia;o__Christensenellales;f__Aristaeellaceae;g__UBA2943;s__UBA2943 sp002350845
10000,0.00035549235691432633,0.004219409282700422,0.00035549235691432633,0.0002832058906825262,6.0,6.0,0.0,/group/ctbrowngrp5/sourmash-db.new/gtdb-rs226/gtdb-rs226-k51.dna.rocksdb,GCA_934838185.1 uncultured bacterium,ed8c460f2c151de69efeda59735ad1c2,0.004219409282700422,10000,328,14950000,outputs.mapping/bams.cds.rand/SRR14369306.x.s__Roseburia inulinivorans.fastq.gz,SRR14369306.x.s__Roseburia inulinivorans,f8f155eb,28130000,51,DNA,10000,2813,True,0.8557939677468303,0.898330834887376,0.8770624013171031,0.898330834887376,True,6,17679,21186,d__Bacteria;p__Bacillota;c__Clostridia;o__Lachnospirales;f__Lachnospiraceae;g__Eubacterium_F;s__Eubacterium_F sp900539115
20000,0.0007109847138286527,0.0030120481927710845,0.00035549235691432633,9.440196356084207e-05,2.0,2.0,0.0,/group/ctbrowngrp5/sourmash-db.new/gtdb-rs226/gtdb-rs226-k51.dna.rocksdb,GCA_019409625.1 Prevotella sp.,bf68c460059b38c77d8bba88bcf4f836,0.006024096385542169,10000,329,14940000,outputs.mapping/bams.cds.rand/SRR14369306.x.s__Roseburia inulinivorans.fastq.gz,SRR14369306.x.s__Roseburia inulinivorans,f8f155eb,28130000,51,DNA,10000,2813,True,0.8675045670982334,0.9046247567664416,0.8860646619323376,0.9046247567664416,True,2,17681,21186,d__Bacteria;p__Bacteroidota;c__Bacteroidia;o__Bacteroidales;f__Bacteroidaceae;g__Prevotella;s__Prevotella sp900313215
60000,0.002132954141485958,0.0034482758620689655,0.00035549235691432633,0.00018880392712168414,4.0,4.0,0.0,/group/ctbrowngrp5/sourmash-db.new/gtdb-rs226/gtdb-rs226-k51.dna.rocksdb,GCA_900755575.1 Lachnospiraceae bacterium,04679174bf5087aeaeec278e984c3170,0.020689655172413793,10000,330,14930000,outputs.mapping/bams.cds.rand/SRR14369306.x.s__Roseburia inulinivorans.fastq.gz,SRR14369306.x.s__Roseburia inulinivorans,f8f155eb,28130000,51,DNA,10000,2813,True,0.8863945733920933,0.9267776544647602,0.9065861139284268,0.9267776544647602,True,4,17685,21186,d__Bacteria;p__Bacillota;c__Clostridia;o__Lachnospirales;f__Lachnospiraceae;g__Blautia_A;s__Blautia_A sp900541985
60000,0.002132954141485958,0.0033112582781456954,0.00035549235691432633,4.7200981780421035e-05,1.0,1.0,0.0,/group/ctbrowngrp5/sourmash-db.new/gtdb-rs226/gtdb-rs226-k51.dna.rocksdb,GCA_028722045.1 bacterium,39f8c9df71787001b6251961aced0198,0.019867549668874173,10000,331,14920000,outputs.mapping/bams.cds.rand/SRR14369306.x.s__Roseburia inulinivorans.fastq.gz,SRR14369306.x.s__Roseburia inulinivorans,f8f155eb,28130000,51,DNA,10000,2813,True,0.8863945733920933,0.9260411391535373,0.9062178562728153,0.9260411391535373,True,1,17686,21186,d__Bacteria;p__Bacillota;c__Clostridia;o__Lachnospirales;f__Lachnospiraceae;g__W0P33-017;s__W0P33-017 sp022773965
110000,0.0039104159260575895,0.002785515320334262,0.00035549235691432633,4.7200981780421035e-05,1.0,1.0,0.0,/group/ctbrowngrp5/sourmash-db.new/gtdb-rs226/gtdb-rs226-k51.dna.rocksdb,GCF_003477935.1 Clostridium sp. AF32-12BH,385ea85d76ca582abefd6e13feb7c054,0.03064066852367688,10000,332,14910000,outputs.mapping/bams.cds.rand/SRR14369306.x.s__Roseburia inulinivorans.fastq.gz,SRR14369306.x.s__Roseburia inulinivorans,f8f155eb,28130000,51,DNA,10000,2813,True,0.8969922388272394,0.933941283696436,0.9154667612618377,0.933941283696436,False,1,17687,21186,d__Bacteria;p__Bacillota;c__Clostridia;o__Lachnospirales;f__Lachnospiraceae;g__Brotaphodocola;s__Brotaphodocola sp003481825
20000,0.0007109847138286527,0.003355704697986577,0.00035549235691432633,0.0001416029453412631,3.0,3.0,0.0,/group/ctbrowngrp5/sourmash-db.new/gtdb-rs226/gtdb-rs226-k51.dna.rocksdb,GCA_021629365.1 Clostridium sp.,1a0e58fb3b653ddbd82fe5b895025e91,0.006711409395973154,10000,333,14900000,outputs.mapping/bams.cds.rand/SRR14369306.x.s__Roseburia inulinivorans.fastq.gz,SRR14369306.x.s__Roseburia inulinivorans,f8f155eb,28130000,51,DNA,10000,2813,True,0.8675045670982334,0.9065431998816279,0.8870238834899307,0.9065431998816279,True,3,17690,21186,d__Bacteria;p__Bacillota;c__Clostridia;o__Lachnospirales;f__Lachnospiraceae;g__Coprococcus;s__Coprococcus ammoniilyticus
10000,0.00035549235691432633,0.003968253968253968,0.00035549235691432633,4.7200981780421035e-05,1.0,1.0,0.0,/group/ctbrowngrp5/sourmash-db.new/gtdb-rs226/gtdb-rs226-k51.dna.rocksdb,GCA_948485185.1 uncultured Dorea sp.,91a465212d35530905b1987df17f52ff,0.003968253968253968,10000,334,14890000,outputs.mapping/bams.cds.rand/SRR14369306.x.s__Roseburia inulinivorans.fastq.gz,SRR14369306.x.s__Roseburia inulinivorans,f8f155eb,28130000,51,DNA,10000,2813,True,0.8557939677468303,0.8972505121216641,0.8765222399342472,0.8972505121216641,True,1,17691,21186,d__Bacteria;p__Bacillota;c__Clostridia;o__Lachnospirales;f__Lachnospiraceae;g__Sporofaciens;s__Sporofaciens sp910574715
40000,0.0014219694276573053,0.001976284584980237,0.00035549235691432633,4.7200981780421035e-05,1.0,1.0,0.0,/group/ctbrowngrp5/sourmash-db.new/gtdb-rs226/gtdb-rs226-k51.dna.rocksdb,GCA_021618225.1 Prevotella sp.,77b59c353ccfb68b26ebc51de2941d6c,0.007905138339920948,10000,335,14880000,outputs.mapping/bams.cds.rand/SRR14369306.x.s__Roseburia inulinivorans.fastq.gz,SRR14369306.x.s__Roseburia inulinivorans,f8f155eb,28130000,51,DNA,10000,2813,True,0.8793754131238801,0.9094577720759845,0.8944165925999323,0.9094577720759845,True,1,17692,21186,d__Bacteria;p__Bacteroidota;c__Bacteroidia;o__Bacteroidales;f__Bacteroidaceae;g__Prevotella;s__Prevotella sinensis
20000,0.0007109847138286527,0.002638522427440633,0.00035549235691432633,0.0002832058906825262,6.0,6.0,0.0,/group/ctbrowngrp5/sourmash-db.new/gtdb-rs226/gtdb-rs226-k51.dna.rocksdb,GCA_959601165.1 Segatella copri,1250f960d5651d0145c94c2f696ba8b6,0.005277044854881266,10000,336,14870000,outputs.mapping/bams.cds.rand/SRR14369306.x.s__Roseburia inulinivorans.fastq.gz,SRR14369306.x.s__Roseburia inulinivorans,f8f155eb,28130000,51,DNA,10000,2813,True,0.8675045670982334,0.9022793038557196,0.8848919354769765,0.9022793038557196,True,6,17698,21186,d__Bacteria;p__Bacteroidota;c__Bacteroidia;o__Bacteroidales;f__Bacteroidaceae;g__Prevotella;s__Prevotella copri_A
80000,0.0028439388553146107,0.0048543689320388345,0.00035549235691432633,4.7200981780421035e-05,1.0,1.0,0.0,/group/ctbrowngrp5/sourmash-db.new/gtdb-rs226/gtdb-rs226-k51.dna.rocksdb,GCA_945932365.1 uncultured bacterium,5a4d0d02310ad3dd5f82fd6ca191fea1,0.038834951456310676,10000,337,14860000,outputs.mapping/bams.cds.rand/SRR14369306.x.s__Roseburia inulinivorans.fastq.gz,SRR14369306.x.s__Roseburia inulinivorans,f8f155eb,28130000,51,DNA,10000,2813,True,0.8914086986232876,0.9382913255280378,0.9148500120756627,0.9382913255280378,False,1,17699,21186,d__Bacteria;p__Bacillota;c__Clostridia;o__Lachnospirales;f__Lachnospiraceae;g__W0P33-017;s__W0P33-017 sp945828315
10000,0.00035549235691432633,0.0038022813688212928,0.00035549235691432633,9.440196356084207e-05,2.0,2.0,0.0,/group/ctbrowngrp5/sourmash-db.new/gtdb-rs226/gtdb-rs226-k51.dna.rocksdb,GCA_022775085.1 Clostridiales bacterium,2d509dd1575226aef1b5363516e0a251,0.0038022813688212928,10000,338,14850000,outputs.mapping/bams.cds.rand/SRR14369306.x.s__Roseburia inulinivorans.fastq.gz,SRR14369306.x.s__Roseburia inulinivorans,f8f155eb,28130000,51,DNA,10000,2813,True,0.8557939677468303,0.896499160640959,0.8761465641938946,0.896499160640959,True,2,17701,21186,d__Bacteria;p__Bacillota;c__Clostridia;o__Oscillospirales;f__Oscillospiraceae;g__Faecousia;s__Faecousia sp022775085
20000,0.0007109847138286527,0.003067484662576687,0.00035549235691432633,0.00018880392712168414,4.0,4.0,0.0,/group/ctbrowngrp5/sourmash-db.new/gtdb-rs226/gtdb-rs226-k51.dna.rocksdb,GCA_004553185.1 Bacteroidales bacterium,a0fc8596b30503fcde751b93e4aac32e,0.006134969325153374,10000,339,14840000,outputs.mapping/bams.cds.rand/SRR14369306.x.s__Roseburia inulinivorans.fastq.gz,SRR14369306.x.s__Roseburia inulinivorans,f8f155eb,28130000,51,DNA,10000,2813,True,0.8675045670982334,0.9049483082061326,0.886226437652183,0.9049483082061326,True,4,17705,21186,d__Bacteria;p__Bacteroidota;c__Bacteroidia;o__Bacteroidales;f__Bacteroidaceae;g__Prevotella;s__Prevotella sp002251365
20000,0.0007109847138286527,0.003424657534246575,0.00035549235691432633,9.440196356084207e-05,2.0,2.0,0.0,/group/ctbrowngrp5/sourmash-db.new/gtdb-rs226/gtdb-rs226-k51.dna.rocksdb,GCA_902481095.1 uncultured Prevotella sp.,d8ccf53231a370743bca228f41389473,0.00684931506849315,10000,340,14830000,outputs.mapping/bams.cds.rand/SRR14369306.x.s__Roseburia inulinivorans.fastq.gz,SRR14369306.x.s__Roseburia inulinivorans,f8f155eb,28130000,51,DNA,10000,2813,True,0.8675045670982334,0.9069048171321926,0.887204692115213,0.9069048171321926,True,2,17707,21186,d__Bacteria;p__Bacteroidota;c__Bacteroidia;o__Bacteroidales;f__Bacteroidaceae;g__Prevotella;s__Prevotella sp900555035
150000,0.005332385353714895,0.003367003367003367,0.00035549235691432633,4.7200981780421035e-05,1.0,1.0,0.0,/group/ctbrowngrp5/sourmash-db.new/gtdb-rs226/gtdb-rs226-k51.dna.rocksdb,GCF_009697165.1 Anaerobutyricum soehngenii,8fc040aa30516b54078f0701c4492cd4,0.050505050505050504,10000,341,14820000,outputs.mapping/bams.cds.rand/SRR14369306.x.s__Roseburia inulinivorans.fastq.gz,SRR14369306.x.s__Roseburia inulinivorans,f8f155eb,28130000,51,DNA,10000,2813,True,0.9024638904611972,0.9431378891812593,0.9228008898212283,0.9431378891812593,False,1,17708,21186,d__Bacteria;p__Bacillota;c__Clostridia;o__Lachnospirales;f__Lachnospiraceae;g__Anaerobutyricum;s__Anaerobutyricum soehngenii
10000,0.00035549235691432633,0.0044444444444444444,0.00035549235691432633,9.440196356084207e-05,2.0,2.0,0.0,/group/ctbrowngrp5/sourmash-db.new/gtdb-rs226/gtdb-rs226-k51.dna.rocksdb,GCA_022770055.1 Lachnospiraceae bacterium,27aefc7879e18cb970a16685f1ff0a10,0.0044444444444444444,10000,342,14810000,outputs.mapping/bams.cds.rand/SRR14369306.x.s__Roseburia inulinivorans.fastq.gz,SRR14369306.x.s__Roseburia inulinivorans,f8f155eb,28130000,51,DNA,10000,2813,True,0.8557939677468303,0.8992465372686094,0.8775202525077198,0.8992465372686094,True,2,17710,21186,d__Bacteria;p__Bacillota;c__Clostridia;o__Lachnospirales;f__Lachnospiraceae;g__UBA2882;s__UBA2882 sp900317505
10000,0.00035549235691432633,0.005291005291005291,0.00035549235691432633,9.440196356084207e-05,2.0,2.0,0.0,/group/ctbrowngrp5/sourmash-db.new/gtdb-rs226/gtdb-rs226-k51.dna.rocksdb,GCA_900761225.1 Candidatus Gastranaerophilales bacterium,58431ffbfe3d8223e935457e2fb18ba2,0.005291005291005291,10000,343,14800000,outputs.mapping/bams.cds.rand/SRR14369306.x.s__Roseburia inulinivorans.fastq.gz,SRR14369306.x.s__Roseburia inulinivorans,f8f155eb,28130000,51,DNA,10000,2813,True,0.8557939677468303,0.9023260468401526,0.8790600072934914,0.9023260468401526,True,2,17712,21186,d__Bacteria;p__Cyanobacteriota;c__Vampirovibrionia;o__Gastranaerophilales;f__Gastranaerophilaceae;g__Stercorousia;s__Stercorousia sp900761225
30000,0.001066477070742979,0.0038461538461538464,0.00035549235691432633,4.7200981780421035e-05,1.0,1.0,0.0,/group/ctbrowngrp5/sourmash-db.new/gtdb-rs226/gtdb-rs226-k51.dna.rocksdb,GCA_004556945.1 Clostridiales bacterium,28452a50d39427fd210f60f99e1f2e64,0.011538461538461539,10000,344,14790000,outputs.mapping/bams.cds.rand/SRR14369306.x.s__Roseburia inulinivorans.fastq.gz,SRR14369306.x.s__Roseburia inulinivorans,f8f155eb,28130000,51,DNA,10000,2813,True,0.8744289744662292,0.9162266084809654,0.8953277914735973,0.9162266084809654,True,1,17713,21186,d__Bacteria;p__Bacillota;c__Clostridia;o__Oscillospirales;f__Oscillospiraceae;g__Hominicoprocola;s__Hominicoprocola sp003522105
40000,0.0014219694276573053,0.0021413276231263384,0.00035549235691432633,0.0003304068724629472,7.0,7.0,0.0,/group/ctbrowngrp5/sourmash-db.new/gtdb-rs226/gtdb-rs226-k51.dna.rocksdb,GCA_949393015.1 uncultured Lachnospiraceae bacterium,5d88516bcbafbdf7b2099776cade8930,0.008565310492505354,10000,345,14780000,outputs.mapping/bams.cds.rand/SRR14369306.x.s__Roseburia inulinivorans.fastq.gz,SRR14369306.x.s__Roseburia inulinivorans,f8f155eb,28130000,51,DNA,10000,2813,True,0.8793754131238801,0.9108891964730561,0.8951323047984681,0.9108891964730561,True,7,17720,21186,d__Bacteria;p__Bacillota;c__Clostridia;o__Lachnospirales;f__Lachnospiraceae;g__Roseburia_B;s__Roseburia_B sp003612565
20000,0.0007109847138286527,0.0045871559633027525,0.00035549235691432633,0.00023600490890210516,5.0,5.0,0.0,/group/ctbrowngrp5/sourmash-db.new/gtdb-rs226/gtdb-rs226-k51.dna.rocksdb,GCA_037349905.1 Segatella hominis,2e1739e7319a7d4743bc0176af27d8e7,0.009174311926605505,10000,346,14770000,outputs.mapping/bams.cds.rand/SRR14369306.x.s__Roseburia inulinivorans.fastq.gz,SRR14369306.x.s__Roseburia inulinivorans,f8f155eb,28130000,51,DNA,10000,2813,True,0.8675045670982334,0.9121168123642995,0.8898106897312665,0.9121168123642995,True,5,17725,21186,d__Bacteria;p__Bacteroidota;c__Bacteroidia;o__Bacteroidales;f__Bacteroidaceae;g__Prevotella;s__Prevotella hominis
10000,0.00035549235691432633,0.0036231884057971015,0.00035549235691432633,9.440196356084207e-05,2.0,2.0,0.0,/group/ctbrowngrp5/sourmash-db.new/gtdb-rs226/gtdb-rs226-k51.dna.rocksdb,GCA_937921795.1 uncultured Lachnospiraceae bacterium,d3b7000b8f70e7d2f73098c44d49c49c,0.0036231884057971015,10000,347,14760000,outputs.mapping/bams.cds.rand/SRR14369306.x.s__Roseburia inulinivorans.fastq.gz,SRR14369306.x.s__Roseburia inulinivorans,f8f155eb,28130000,51,DNA,10000,2813,True,0.8557939677468303,0.8956514588158029,0.8757227132813166,0.8956514588158029,True,2,17727,21186,d__Bacteria;p__Bacillota;c__Clostridia;o__Lachnospirales;f__Lachnospiraceae;g__Hominisplanchenecus_A;s__Hominisplanchenecus_A sp900752065
150000,0.005332385353714895,0.0029411764705882353,0.00035549235691432633,4.7200981780421035e-05,1.0,1.0,0.0,/group/ctbrowngrp5/sourmash-db.new/gtdb-rs226/gtdb-rs226-k51.dna.rocksdb,GCA_945897535.1 uncultured bacterium,b9280fde44ac459280eff44c493be699,0.04411764705882353,10000,348,14750000,outputs.mapping/bams.cds.rand/SRR14369306.x.s__Roseburia inulinivorans.fastq.gz,SRR14369306.x.s__Roseburia inulinivorans,f8f155eb,28130000,51,DNA,10000,2813,True,0.9024638904611972,0.9406407116447776,0.9215523010529874,0.9406407116447776,False,1,17728,21186,d__Bacteria;p__Bacillota;c__Clostridia;o__Lachnospirales;f__Lachnospiraceae;g__Roseburia;s__Roseburia inulinivorans
10000,0.00035549235691432633,0.0031645569620253164,0.00035549235691432633,4.7200981780421035e-05,1.0,1.0,0.0,/group/ctbrowngrp5/sourmash-db.new/gtdb-rs226/gtdb-rs226-k51.dna.rocksdb,GCA_934330825.1 uncultured Roseburia sp.,914e6deb4e94760b8ae9158b0fb7c91e,0.0031645569620253164,10000,349,14740000,outputs.mapping/bams.cds.rand/SRR14369306.x.s__Roseburia inulinivorans.fastq.gz,SRR14369306.x.s__Roseburia inulinivorans,f8f155eb,28130000,51,DNA,10000,2813,True,0.8557939677468303,0.8932777730178594,0.8745358703823448,0.8932777730178594,True,1,17729,21186,d__Bacteria;p__Bacillota;c__Clostridia;o__Lachnospirales;f__Lachnospiraceae;g__Roseburia;s__Roseburia sp003483745
10000,0.00035549235691432633,0.004484304932735426,0.00035549235691432633,4.7200981780421035e-05,1.0,1.0,0.0,/group/ctbrowngrp5/sourmash-db.new/gtdb-rs226/gtdb-rs226-k51.dna.rocksdb,GCA_022779165.1 Lachnospiraceae bacterium,4d587a6ee61a27c1b7e09567c487925c,0.004484304932735426,10000,350,14730000,outputs.mapping/bams.cds.rand/SRR14369306.x.s__Roseburia inulinivorans.fastq.gz,SRR14369306.x.s__Roseburia inulinivorans,f8f155eb,28130000,51,DNA,10000,2813,True,0.8557939677468303,0.8994039832126721,0.8775989754797512,0.8994039832126721,True,1,17730,21186,d__Bacteria;p__Bacillota;c__Clostridia;o__Lachnospirales;f__Lachnospiraceae;g__VSOB01;s__VSOB01 sp022779165
10000,0.00035549235691432633,0.003676470588235294,0.00035549235691432633,4.7200981780421035e-05,1.0,1.0,0.0,/group/ctbrowngrp5/sourmash-db.new/gtdb-rs226/gtdb-rs226-k51.dna.rocksdb,GCA_958368405.1 uncultured Eubacteriales bacterium,18cdf6815754921c618bef5da0223904,0.003676470588235294,10000,351,14720000,outputs.mapping/bams.cds.rand/SRR14369306.x.s__Roseburia inulinivorans.fastq.gz,SRR14369306.x.s__Roseburia inulinivorans,f8f155eb,28130000,51,DNA,10000,2813,True,0.8557939677468303,0.8959078766119833,0.8758509221794069,0.8959078766119833,True,1,17731,21186,d__Bacteria;p__Bacillota;c__Clostridia;o__Oscillospirales;f__Ruminococcaceae;g__Negativibacillus;s__Negativibacillus massiliensis
10000,0.00035549235691432633,0.0036496350364963502,0.00035549235691432633,4.7200981780421035e-05,1.0,1.0,0.0,/group/ctbrowngrp5/sourmash-db.new/gtdb-rs226/gtdb-rs226-k51.dna.rocksdb,GCA_938014405.1 uncultured Bacteroidales bacterium,7eb2e86b4076d727698e6ad2224184d4,0.0036496350364963502,10000,352,14710000,outputs.mapping/bams.cds.rand/SRR14369306.x.s__Roseburia inulinivorans.fastq.gz,SRR14369306.x.s__Roseburia inulinivorans,f8f155eb,28130000,51,DNA,10000,2813,True,0.8557939677468303,0.895779190619195,0.8757865791830126,0.895779190619195,True,1,17732,21186,d__Bacteria;p__Bacteroidota;c__Bacteroidia;o__Bacteroidales;f__UBA932;g__Cryptobacteroides;s__Cryptobacteroides sp900546925
100000,0.0035549235691432635,0.003816793893129771,0.00035549235691432633,4.7200981780421035e-05,1.0,1.0,0.0,/group/ctbrowngrp5/sourmash-db.new/gtdb-rs226/gtdb-rs226-k51.dna.rocksdb,GCA_022767975.1 Dorea longicatena,8d8c7b0a9adedc1e838f2085b18d22f6,0.03816793893129771,10000,353,14700000,outputs.mapping/bams.cds.rand/SRR14369306.x.s__Roseburia inulinivorans.fastq.gz,SRR14369306.x.s__Roseburia inulinivorans,f8f155eb,28130000,51,DNA,10000,2813,True,0.8953174808671256,0.937972640557608,0.9166450607123668,0.937972640557608,False,1,17733,21186,d__Bacteria;p__Bacillota;c__Clostridia;o__Lachnospirales;f__Lachnospiraceae;g__Dorea_A;s__Dorea_A longicatena
10000,0.00035549235691432633,0.002976190476190476,0.00035549235691432633,0.00018880392712168414,4.0,4.0,0.0,/group/ctbrowngrp5/sourmash-db.new/gtdb-rs226/gtdb-rs226-k51.dna.rocksdb,GCA_034103585.1 Lachnospiraceae bacterium,2e04eb7ce8ff6d4552e1ef579447561e,0.002976190476190476,10000,354,14690000,outputs.mapping/bams.cds.rand/SRR14369306.x.s__Roseburia inulinivorans.fastq.gz,SRR14369306.x.s__Roseburia inulinivorans,f8f155eb,28130000,51,DNA,10000,2813,True,0.8557939677468303,0.8922035270086854,0.8739987473777578,0.8922035270086854,True,4,17737,21186,d__Bacteria;p__Bacillota;c__Clostridia;o__Lachnospirales;f__Lachnospiraceae;g__W0P33-017;s__W0P33-017 sp028727105
10000,0.00035549235691432633,0.003401360544217687,0.00035549235691432633,9.440196356084207e-05,2.0,2.0,0.0,/group/ctbrowngrp5/sourmash-db.new/gtdb-rs226/gtdb-rs226-k51.dna.rocksdb,GCA_905194955.1 uncultured Clostridium sp.,40e1590b1928398aff0603a5e2a373e1,0.003401360544217687,10000,355,14680000,outputs.mapping/bams.cds.rand/SRR14369306.x.s__Roseburia inulinivorans.fastq.gz,SRR14369306.x.s__Roseburia inulinivorans,f8f155eb,28130000,51,DNA,10000,2813,True,0.8557939677468303,0.8945426109672336,0.875168289357032,0.8945426109672336,True,2,17739,21186,d__Bacteria;p__Bacillota;c__Clostridia;o__Lachnospirales;f__Lachnospiraceae;g__Enterocloster;s__Enterocloster alcoholdehydrogenati
30000,0.001066477070742979,0.0041841004184100415,0.00035549235691432633,4.7200981780421035e-05,1.0,1.0,0.0,/group/ctbrowngrp5/sourmash-db.new/gtdb-rs226/gtdb-rs226-k51.dna.rocksdb,GCA_900767895.1 Lachnospiraceae bacterium,afeb5ab46c5699b2bda39fef4b20f9a7,0.012552301255230125,10000,356,14670000,outputs.mapping/bams.cds.rand/SRR14369306.x.s__Roseburia inulinivorans.fastq.gz,SRR14369306.x.s__Roseburia inulinivorans,f8f155eb,28130000,51,DNA,10000,2813,True,0.8744289744662292,0.9177408553614469,0.8960849149138381,0.9177408553614469,True,1,17740,21186,d__Bacteria;p__Bacillota;c__Clostridia;o__Lachnospirales;f__Lachnospiraceae;g__CAG-632;s__CAG-632 sp900539185
50000,0.0017774617845716318,0.007462686567164179,0.00035549235691432633,4.7200981780421035e-05,1.0,1.0,0.0,/group/ctbrowngrp5/sourmash-db.new/gtdb-rs226/gtdb-rs226-k51.dna.rocksdb,GCA_041336775.1 Faecalibacterium prausnitzii,70e9e52b75c7e8c6efa1c46278362f6e,0.03731343283582089,10000,357,14660000,outputs.mapping/bams.cds.rand/SRR14369306.x.s__Roseburia inulinivorans.fastq.gz,SRR14369306.x.s__Roseburia inulinivorans,f8f155eb,28130000,51,DNA,10000,2813,True,0.8832314300169112,0.9375563011482106,0.910393865582561,0.9375563011482106,True,1,17741,21186,d__Bacteria;p__Bacillota;c__Clostridia;o__Oscillospirales;f__Ruminococcaceae;g__Faecalibacterium;s__Faecalibacterium prausnitzii_E
240000,0.008531816565943833,0.0021551724137931034,0.00035549235691432633,4.7200981780421035e-05,1.0,1.0,0.0,/group/ctbrowngrp5/sourmash-db.new/gtdb-rs226/gtdb-rs226-k51.dna.rocksdb,GCA_022715545.1 Lachnospiraceae bacterium,23aa1522ab37eb1e384024807f189b32,0.05172413793103448,10000,358,14650000,outputs.mapping/bams.cds.rand/SRR14369306.x.s__Roseburia inulinivorans.fastq.gz,SRR14369306.x.s__Roseburia inulinivorans,f8f155eb,28130000,51,DNA,10000,2813,True,0.910819219980795,0.943579070481064,0.9271991452309295,0.943579070481064,False,1,17742,21186,d__Bacteria;p__Bacillota;c__Clostridia;o__Lachnospirales;f__Lachnospiraceae;g__Blautia_A;s__Blautia_A wexlerae
10000,0.00035549235691432633,0.008403361344537815,0.00035549235691432633,4.7200981780421035e-05,1.0,1.0,0.0,/group/ctbrowngrp5/sourmash-db.new/gtdb-rs226/gtdb-rs226-k51.dna.rocksdb,GCA_022771205.1 Mycoplasmatota bacterium,6ba51665fccafea1f13b20a8168a32ec,0.008403361344537815,10000,359,14640000,outputs.mapping/bams.cds.rand/SRR14369306.x.s__Roseburia inulinivorans.fastq.gz,SRR14369306.x.s__Roseburia inulinivorans,f8f155eb,28130000,51,DNA,10000,2813,True,0.8557939677468303,0.9105483270059616,0.8831711473763959,0.9105483270059616,True,1,17743,21186,d__Bacteria;p__Bacillota;c__Bacilli;o__RF39;f__UBA660;g__Faecimonas;s__Faecimonas sp022771205
90000,0.003199431212228937,0.003355704697986577,0.00035549235691432633,0.0005192107995846313,11.0,11.0,0.0,/group/ctbrowngrp5/sourmash-db.new/gtdb-rs226/gtdb-rs226-k51.dna.rocksdb,GCF_041330495.1 Fournierella massiliensis,61cda88977ff4900e3536440a742a0ed,0.030201342281879196,10000,360,14630000,outputs.mapping/bams.cds.rand/SRR14369306.x.s__Roseburia inulinivorans.fastq.gz,SRR14369306.x.s__Roseburia inulinivorans,f8f155eb,28130000,51,DNA,10000,2813,True,0.8934697604835898,0.9336768547231716,0.9135733076033807,0.9336768547231716,False,11,17754,21186,d__Bacteria;p__Bacillota;c__Clostridia;o__Oscillospirales;f__Ruminococcaceae;g__Fournierella;s__Fournierella massiliensis
20000,0.0007109847138286527,0.0033222591362126247,0.00035549235691432633,0.0154819220239781,328.0,328.0,0.0,/group/ctbrowngrp5/sourmash-db.new/gtdb-rs226/gtdb-rs226-k51.dna.rocksdb,GCA_022771625.1 Prevotella sp.,f94923f2da488c81c7acffe33fea799e,0.006644518272425249,10000,361,14620000,outputs.mapping/bams.cds.rand/SRR14369306.x.s__Roseburia inulinivorans.fastq.gz,SRR14369306.x.s__Roseburia inulinivorans,f8f155eb,28130000,51,DNA,10000,2813,True,0.8675045670982334,0.9063651655579615,0.8869348663280975,0.9063651655579615,True,328,18082,21186,d__Bacteria;p__Bacteroidota;c__Bacteroidia;o__Bacteroidales;f__Bacteroidaceae;g__Prevotella;s__Prevotella sp022771625
60000,0.002132954141485958,0.0027247956403269754,0.00035549235691432633,0.0008024166902671576,17.0,17.0,0.0,/group/ctbrowngrp5/sourmash-db.new/gtdb-rs226/gtdb-rs226-k51.dna.rocksdb,GCA_019409265.1 Prevotella sp.,936ee25b1e0de50672aa9b827fa8d3d7,0.01634877384196185,10000,362,14610000,outputs.mapping/bams.cds.rand/SRR14369306.x.s__Roseburia inulinivorans.fastq.gz,SRR14369306.x.s__Roseburia inulinivorans,f8f155eb,28130000,51,DNA,10000,2813,True,0.8863945733920933,0.922508332882706,0.9044514531373996,0.922508332882706,True,17,18099,21186,d__Bacteria;p__Bacteroidota;c__Bacteroidia;o__Bacteroidales;f__Bacteroidaceae;g__Prevotella;s__Prevotella sinensis
40000,0.0014219694276573053,0.004608294930875576,0.00035549235691432633,0.00018880392712168414,4.0,4.0,0.0,/group/ctbrowngrp5/sourmash-db.new/gtdb-rs226/gtdb-rs226-k51.dna.rocksdb,GCA_945828835.1 uncultured Roseburia sp.,d8ff9310482706ba0385ddde5009ea53,0.018433179723502304,10000,363,14600000,outputs.mapping/bams.cds.rand/SRR14369306.x.s__Roseburia inulinivorans.fastq.gz,SRR14369306.x.s__Roseburia inulinivorans,f8f155eb,28130000,51,DNA,10000,2813,True,0.8793754131238801,0.9246814852600344,0.9020284491919572,0.9246814852600344,True,4,18103,21186,d__Bacteria;p__Bacillota;c__Clostridia;o__Lachnospirales;f__Lachnospiraceae;g__Pararoseburia;s__Pararoseburia lenta
10000,0.00035549235691432633,0.003355704697986577,0.00035549235691432633,9.440196356084207e-05,2.0,2.0,0.0,/group/ctbrowngrp5/sourmash-db.new/gtdb-rs226/gtdb-rs226-k51.dna.rocksdb,GCA_028727605.1 Lachnospiraceae bacterium,4d9d268e1fbc3820f9108df96e950778,0.003355704697986577,10000,364,14590000,outputs.mapping/bams.cds.rand/SRR14369306.x.s__Roseburia inulinivorans.fastq.gz,SRR14369306.x.s__Roseburia inulinivorans,f8f155eb,28130000,51,DNA,10000,2813,True,0.8557939677468303,0.8943056110421093,0.8750497893944698,0.8943056110421093,True,2,18105,21186,d__Bacteria;p__Bacillota;c__Clostridia;o__Lachnospirales;f__Lachnospiraceae;g__Fusicatenibacter;s__Fusicatenibacter sp028727605
20000,0.0007109847138286527,0.0034129692832764505,0.00035549235691432633,9.440196356084207e-05,2.0,2.0,0.0,/group/ctbrowngrp5/sourmash-db.new/gtdb-rs226/gtdb-rs226-k51.dna.rocksdb,GCA_022744205.1 Prevotella sp.,a697f5903d7962e07cf9e8b0b4031016,0.006825938566552901,10000,365,14580000,outputs.mapping/bams.cds.rand/SRR14369306.x.s__Roseburia inulinivorans.fastq.gz,SRR14369306.x.s__Roseburia inulinivorans,f8f155eb,28130000,51,DNA,10000,2813,True,0.8675045670982334,0.906844024418685,0.8871742957584592,0.906844024418685,True,2,18107,21186,d__Bacteria;p__Bacteroidota;c__Bacteroidia;o__Bacteroidales;f__Bacteroidaceae;g__Prevotella;s__Prevotella sp022741625
50000,0.0017774617845716318,0.0043859649122807015,0.00035549235691432633,4.7200981780421035e-05,1.0,1.0,0.0,/group/ctbrowngrp5/sourmash-db.new/gtdb-rs226/gtdb-rs226-k51.dna.rocksdb,GCA_945876335.1 uncultured Lachnospiraceae bacterium,50b8550f8713f790eaae5b5938041399,0.021929824561403508,10000,366,14570000,outputs.mapping/bams.cds.rand/SRR14369306.x.s__Roseburia inulinivorans.fastq.gz,SRR14369306.x.s__Roseburia inulinivorans,f8f155eb,28130000,51,DNA,10000,2813,True,0.8832314300169112,0.9278361249304329,0.905533777473672,0.9278361249304329,True,1,18108,21186,d__Bacteria;p__Bacillota;c__Clostridia;o__Lachnospirales;f__Lachnospiraceae;g__UBA2882;s__UBA2882 sp017626095
50000,0.0017774617845716318,0.0027624309392265192,0.00035549235691432633,4.7200981780421035e-05,1.0,1.0,0.0,/group/ctbrowngrp5/sourmash-db.new/gtdb-rs226/gtdb-rs226-k51.dna.rocksdb,GCF_015552275.1 Holdemania sp. 1001302B_160321_E10,91fa4ed59f9ea1df24e0e2923f8728d8,0.013812154696132596,10000,367,14560000,outputs.mapping/bams.cds.rand/SRR14369306.x.s__Roseburia inulinivorans.fastq.gz,SRR14369306.x.s__Roseburia inulinivorans,f8f155eb,28130000,51,DNA,10000,2813,True,0.8832314300169112,0.9194635936128721,0.9013475118148917,0.9194635936128721,True,1,18109,21186,d__Bacteria;p__Bacillota;c__Bacilli;o__Erysipelotrichales;f__Erysipelotrichaceae;g__Holdemania;s__Holdemania sp900120005
20000,0.0007109847138286527,0.0017543859649122807,0.00035549235691432633,0.00018880392712168414,4.0,4.0,0.0,/group/ctbrowngrp5/sourmash-db.new/gtdb-rs226/gtdb-rs226-k51.dna.rocksdb,GCF_001940505.1 Serratia marcescens,012b0879bf954fd8e1e39652173822a9,0.0035087719298245615,10000,368,14550000,outputs.mapping/bams.cds.rand/SRR14369306.x.s__Roseburia inulinivorans.fastq.gz,SRR14369306.x.s__Roseburia inulinivorans,f8f155eb,28130000,51,DNA,10000,2813,True,0.8675045670982334,0.8950881077119309,0.8812963374050822,0.8950881077119309,True,4,18113,21186,d__Bacteria;p__Pseudomonadota;c__Gammaproteobacteria;o__Enterobacterales;f__Enterobacteriaceae;g__Serratia;s__Serratia nematodiphila
20000,0.0007109847138286527,0.004694835680751174,0.00035549235691432633,0.0003304068724629472,7.0,7.0,0.0,/group/ctbrowngrp5/sourmash-db.new/gtdb-rs226/gtdb-rs226-k51.dna.rocksdb,GCA_945949045.1 uncultured Lachnospiraceae bacterium,81c27e52ce548b9536ddefd06431e4cf,0.009389671361502348,10000,369,14540000,outputs.mapping/bams.cds.rand/SRR14369306.x.s__Roseburia inulinivorans.fastq.gz,SRR14369306.x.s__Roseburia inulinivorans,f8f155eb,28130000,51,DNA,10000,2813,True,0.8675045670982334,0.9125318823166422,0.8900182247074377,0.9125318823166422,True,7,18120,21186,d__Bacteria;p__Bacillota;c__Clostridia;o__Lachnospirales;f__Lachnospiraceae;g__Agathobacter;s__Agathobacter sp945949045
20000,0.0007109847138286527,0.0024449877750611247,0.00035549235691432633,0.00023600490890210516,5.0,5.0,0.0,/group/ctbrowngrp5/sourmash-db.new/gtdb-rs226/gtdb-rs226-k51.dna.rocksdb,GCA_021616595.1 Bacteroidales bacterium,58da32daf3e3c54075353a3fd64979fd,0.004889975550122249,10000,370,14530000,outputs.mapping/bams.cds.rand/SRR14369306.x.s__Roseburia inulinivorans.fastq.gz,SRR14369306.x.s__Roseburia inulinivorans,f8f155eb,28130000,51,DNA,10000,2813,True,0.8675045670982334,0.900932570880855,0.8842185689895442,0.900932570880855,True,5,18125,21186,d__Bacteria;p__Bacteroidota;c__Bacteroidia;o__Bacteroidales;f__UBA932;g__Cryptobacteroides;s__Cryptobacteroides sp000433355
10000,0.00035549235691432633,0.005714285714285714,0.00035549235691432633,0.0001416029453412631,3.0,3.0,0.0,/group/ctbrowngrp5/sourmash-db.new/gtdb-rs226/gtdb-rs226-k51.dna.rocksdb,GCA_029338715.1 Bacillota bacterium,619b5afe7f8c006ef233f67e8501a5dc,0.005714285714285714,10000,371,14520000,outputs.mapping/bams.cds.rand/SRR14369306.x.s__Roseburia inulinivorans.fastq.gz,SRR14369306.x.s__Roseburia inulinivorans,f8f155eb,28130000,51,DNA,10000,2813,True,0.8557939677468303,0.9036887208642069,0.8797413443055186,0.9036887208642069,True,3,18128,21186,d__Bacteria;p__Bacillota;c__Clostridia;o__Peptostreptococcales;f__Anaerovoracaceae;g__UMGS973;s__UMGS973 sp016293805
220000,0.007820831852115179,0.0034602076124567475,0.00035549235691432633,4.7200981780421035e-05,1.0,1.0,0.0,/group/ctbrowngrp5/sourmash-db.new/gtdb-rs226/gtdb-rs226-k51.dna.rocksdb,GCF_012843825.1 Dorea formicigenerans,071f2629301e97499cd33e1b6b44012d,0.07612456747404844,10000,372,14510000,outputs.mapping/bams.cds.rand/SRR14369306.x.s__Roseburia inulinivorans.fastq.gz,SRR14369306.x.s__Roseburia inulinivorans,f8f155eb,28130000,51,DNA,10000,2813,True,0.909266591213574,0.9507560867975671,0.9300113390055705,0.9507560867975671,False,1,18129,21186,d__Bacteria;p__Bacillota;c__Clostridia;o__Lachnospirales;f__Lachnospiraceae;g__Dorea;s__Dorea formicigenerans
40000,0.0014219694276573053,0.003875968992248062,0.00035549235691432633,4.7200981780421035e-05,1.0,1.0,0.0,/group/ctbrowngrp5/sourmash-db.new/gtdb-rs226/gtdb-rs226-k51.dna.rocksdb,GCA_900539235.1 uncultured Lachnospiraceae bacterium,7fdc737a734b9c10b8da64f5c31c5a1e,0.015503875968992248,10000,373,14500000,outputs.mapping/bams.cds.rand/SRR14369306.x.s__Roseburia inulinivorans.fastq.gz,SRR14369306.x.s__Roseburia inulinivorans,f8f155eb,28130000,51,DNA,10000,2813,True,0.8793754131238801,0.9215490101367176,0.9004622116302989,0.9215490101367176,True,1,18130,21186,d__Bacteria;p__Bacillota;c__Clostridia;o__Lachnospirales;f__Lachnospiraceae;g__CAG-791;s__CAG-791 sp000431495
50000,0.0017774617845716318,0.0038461538461538464,0.00035549235691432633,9.440196356084207e-05,2.0,2.0,0.0,/group/ctbrowngrp5/sourmash-db.new/gtdb-rs226/gtdb-rs226-k51.dna.rocksdb,GCA_022774505.1 Lachnospiraceae bacterium,14caba77f799bf1fe083bd945db249eb,0.019230769230769232,10000,374,14490000,outputs.mapping/bams.cds.rand/SRR14369306.x.s__Roseburia inulinivorans.fastq.gz,SRR14369306.x.s__Roseburia inulinivorans,f8f155eb,28130000,51,DNA,10000,2813,True,0.8832314300169112,0.925449820692602,0.9043406253547566,0.925449820692602,True,2,18132,21186,d__Bacteria;p__Bacillota;c__Clostridia;o__Lachnospirales;f__Lachnospiraceae;g__Jutongia;s__Jutongia sp022774505
150000,0.005332385353714895,0.004219409282700422,0.00035549235691432633,9.440196356084207e-05,2.0,2.0,0.0,/group/ctbrowngrp5/sourmash-db.new/gtdb-rs226/gtdb-rs226-k51.dna.rocksdb,GCA_022786065.1 Lachnobacterium sp.,ceaa93bad278361f69aa5699fc0f8f44,0.06329113924050633,10000,375,14480000,outputs.mapping/bams.cds.rand/SRR14369306.x.s__Roseburia inulinivorans.fastq.gz,SRR14369306.x.s__Roseburia inulinivorans,f8f155eb,28130000,51,DNA,10000,2813,True,0.9024638904611972,0.947320465822154,0.9248921781416757,0.947320465822154,False,2,18134,21186,d__Bacteria;p__Bacillota;c__Clostridia;o__Lachnospirales;f__Lachnospiraceae;g__Agathobacter;s__Agathobacter sp900549895
130000,0.004621400639886242,0.0024752475247524753,0.00035549235691432633,4.7200981780421035e-05,1.0,1.0,0.0,/group/ctbrowngrp5/sourmash-db.new/gtdb-rs226/gtdb-rs226-k51.dna.rocksdb,GCF_902167945.1 Blautia luti,6d10acc4396f92acce0f14117313235e,0.03217821782178218,10000,376,14470000,outputs.mapping/bams.cds.rand/SRR14369306.x.s__Roseburia inulinivorans.fastq.gz,SRR14369306.x.s__Roseburia inulinivorans,f8f155eb,28130000,51,DNA,10000,2813,True,0.8999352172879171,0.9348383270667746,0.9173867721773459,0.9348383270667746,False,1,18135,21186,d__Bacteria;p__Bacillota;c__Clostridia;o__Lachnospirales;f__Lachnospiraceae;g__Blautia_A;s__Blautia_A luti_A
10000,0.00035549235691432633,0.004201680672268907,0.00035549235691432633,4.7200981780421035e-05,1.0,1.0,0.0,/group/ctbrowngrp5/sourmash-db.new/gtdb-rs226/gtdb-rs226-k51.dna.rocksdb,GCA_030540075.1 Lachnospiraceae bacterium,d794cae30b9f1b014c5e00001f978ae7,0.004201680672268907,10000,377,14460000,outputs.mapping/bams.cds.rand/SRR14369306.x.s__Roseburia inulinivorans.fastq.gz,SRR14369306.x.s__Roseburia inulinivorans,f8f155eb,28130000,51,DNA,10000,2813,True,0.8557939677468303,0.8982566722388579,0.877025319992844,0.8982566722388579,True,1,18136,21186,d__Bacteria;p__Bacillota;c__Clostridia;o__Lachnospirales;f__Lachnospiraceae;g__Oribacterium;s__Oribacterium sp030540075
40000,0.0014219694276573053,0.00234192037470726,0.00035549235691432633,4.7200981780421035e-05,1.0,1.0,0.0,/group/ctbrowngrp5/sourmash-db.new/gtdb-rs226/gtdb-rs226-k51.dna.rocksdb,GCF_019249655.2 Segatella copri,d2ccaebddc9468e843a020a005ac03fd,0.00936768149882904,10000,378,14450000,outputs.mapping/bams.cds.rand/SRR14369306.x.s__Roseburia inulinivorans.fastq.gz,SRR14369306.x.s__Roseburia inulinivorans,f8f155eb,28130000,51,DNA,10000,2813,True,0.8793754131238801,0.9124899306662102,0.8959326718950451,0.9124899306662102,True,1,18137,21186,d__Bacteria;p__Bacteroidota;c__Bacteroidia;o__Bacteroidales;f__Bacteroidaceae;g__Prevotella;s__Prevotella sp900767615
10000,0.00035549235691432633,0.0047169811320754715,0.00035549235691432633,0.00023600490890210516,5.0,5.0,0.0,/group/ctbrowngrp5/sourmash-db.new/gtdb-rs226/gtdb-rs226-k51.dna.rocksdb,GCA_034089025.1 Oscillospiraceae bacterium,f4576b5fd902b7a3114e0a5036297ca6,0.0047169811320754715,10000,379,14440000,outputs.mapping/bams.cds.rand/SRR14369306.x.s__Roseburia inulinivorans.fastq.gz,SRR14369306.x.s__Roseburia inulinivorans,f8f155eb,28130000,51,DNA,10000,2813,True,0.8557939677468303,0.9002965198455473,0.8780452437961888,0.9002965198455473,True,5,18142,21186,d__Bacteria;p__Bacillota;c__Clostridia;o__Oscillospirales;f__Ruminococcaceae;g__RGIG4694;s__RGIG4694 sp022768245
20000,0.0007109847138286527,0.00392156862745098,0.00035549235691432633,4.7200981780421035e-05,1.0,1.0,0.0,/group/ctbrowngrp5/sourmash-db.new/gtdb-rs226/gtdb-rs226-k51.dna.rocksdb,GCF_033488895.1 Mitsuokella jalaludinii,3c244018b31ba4bfa6b4bcfd7b7002f1,0.00784313725490196,10000,380,14430000,outputs.mapping/bams.cds.rand/SRR14369306.x.s__Roseburia inulinivorans.fastq.gz,SRR14369306.x.s__Roseburia inulinivorans,f8f155eb,28130000,51,DNA,10000,2813,True,0.8675045670982334,0.9093173687616155,0.8884109679299245,0.9093173687616155,True,1,18143,21186,d__Bacteria;p__Bacillota;c__Negativicutes;o__Selenomonadales;f__Selenomonadaceae;g__Mitsuokella;s__Mitsuokella jalaludinii
10000,0.00035549235691432633,0.004608294930875576,0.00035549235691432633,4.7200981780421035e-05,1.0,1.0,0.0,/group/ctbrowngrp5/sourmash-db.new/gtdb-rs226/gtdb-rs226-k51.dna.rocksdb,GCA_945910985.1 uncultured Clostridia bacterium,04ba9368ef8f66f212dff30c0cb75170,0.004608294930875576,10000,381,14420000,outputs.mapping/bams.cds.rand/SRR14369306.x.s__Roseburia inulinivorans.fastq.gz,SRR14369306.x.s__Roseburia inulinivorans,f8f155eb,28130000,51,DNA,10000,2813,True,0.8557939677468303,0.8998851063638268,0.8778395370553285,0.8998851063638268,True,1,18144,21186,d__Bacteria;p__Bacillota;c__Clostridia;o__Oscillospirales;f__Oscillospiraceae;g__Limivicinus;s__Limivicinus sp022782265
40000,0.0014219694276573053,0.003787878787878788,0.00035549235691432633,0.00018880392712168414,4.0,4.0,0.0,/group/ctbrowngrp5/sourmash-db.new/gtdb-rs226/gtdb-rs226-k51.dna.rocksdb,GCA_946007495.1 uncultured Lachnospiraceae bacterium,70ddd5713b3022a39fa788fd6f300db2,0.015151515151515152,10000,382,14410000,outputs.mapping/bams.cds.rand/SRR14369306.x.s__Roseburia inulinivorans.fastq.gz,SRR14369306.x.s__Roseburia inulinivorans,f8f155eb,28130000,51,DNA,10000,2813,True,0.8793754131238801,0.9211336926184823,0.9002545528711812,0.9211336926184823,True,4,18148,21186,d__Bacteria;p__Bacillota;c__Clostridia;o__Lachnospirales;f__Lachnospiraceae;g__CAG-791;s__CAG-791 sp000431495
170000,0.006043370067543548,0.002702702702702703,0.00035549235691432633,0.0005664117813650524,12.0,12.0,0.0,/group/ctbrowngrp5/sourmash-db.new/gtdb-rs226/gtdb-rs226-k51.dna.rocksdb,GCF_029225965.1 Anaerobutyricum hallii,c6c0affe981e0da03f5fd38c914ef6bc,0.04594594594594595,10000,383,14400000,outputs.mapping/bams.cds.rand/SRR14369306.x.s__Roseburia inulinivorans.fastq.gz,SRR14369306.x.s__Roseburia inulinivorans,f8f155eb,28130000,51,DNA,10000,2813,True,0.9046814186291674,0.9413899397953501,0.9230356792122587,0.9413899397953501,False,12,18160,21186,d__Bacteria;p__Bacillota;c__Clostridia;o__Lachnospirales;f__Lachnospiraceae;g__Anaerobutyricum;s__Anaerobutyricum hallii
10000,0.00035549235691432633,0.0048543689320388345,0.00035549235691432633,4.7200981780421035e-05,1.0,1.0,0.0,/group/ctbrowngrp5/sourmash-db.new/gtdb-rs226/gtdb-rs226-k51.dna.rocksdb,GCA_945936185.1 uncultured bacterium,68887ba016ddb055e35ba0fe045b7615,0.0048543689320388345,10000,384,14390000,outputs.mapping/bams.cds.rand/SRR14369306.x.s__Roseburia inulinivorans.fastq.gz,SRR14369306.x.s__Roseburia inulinivorans,f8f155eb,28130000,51,DNA,10000,2813,True,0.8557939677468303,0.900803478377785,0.8782987230623076,0.900803478377785,True,1,18161,21186,d__Bacteria;p__Cyanobacteriota;c__Vampirovibrionia;o__Gastranaerophilales;f__Gastranaerophilaceae;g__UMGS1585;s__UMGS1585 sp934693215
10000,0.00035549235691432633,0.004,0.00035549235691432633,0.0001416029453412631,3.0,3.0,0.0,/group/ctbrowngrp5/sourmash-db.new/gtdb-rs226/gtdb-rs226-k51.dna.rocksdb,GCA_034104085.1 Bacteroidales bacterium,6aa1a2d6efd0e28f66d71c6fdb28bbbc,0.004,10000,385,14380000,outputs.mapping/bams.cds.rand/SRR14369306.x.s__Roseburia inulinivorans.fastq.gz,SRR14369306.x.s__Roseburia inulinivorans,f8f155eb,28130000,51,DNA,10000,2813,True,0.8557939677468303,0.8973907082557256,0.8765923380012779,0.8973907082557256,True,3,18164,21186,d__Bacteria;p__Bacteroidota;c__Bacteroidia;o__Bacteroidales;f__Marinilabiliaceae;g__W3P20-009;s__W3P20-009 sp022768325
10000,0.00035549235691432633,0.003703703703703704,0.00035549235691432633,4.7200981780421035e-05,1.0,1.0,0.0,/group/ctbrowngrp5/sourmash-db.new/gtdb-rs226/gtdb-rs226-k51.dna.rocksdb,GCA_934338075.1 uncultured Lachnospiraceae bacterium,b1054cf9704610b3fbb522d1b06cf921,0.003703703703703704,10000,386,14370000,outputs.mapping/bams.cds.rand/SRR14369306.x.s__Roseburia inulinivorans.fastq.gz,SRR14369306.x.s__Roseburia inulinivorans,f8f155eb,28130000,51,DNA,10000,2813,True,0.8557939677468303,0.8960375310174413,0.8759157493821358,0.8960375310174413,True,1,18165,21186,d__Bacteria;p__Bacillota;c__Clostridia;o__Lachnospirales;f__Lachnospiraceae;g__Butyribacter;s__Butyribacter hominis
30000,0.001066477070742979,0.0030864197530864196,0.00035549235691432633,9.440196356084207e-05,2.0,2.0,0.0,/group/ctbrowngrp5/sourmash-db.new/gtdb-rs226/gtdb-rs226-k51.dna.rocksdb,GCA_019409795.1 Prevotella sp.,2ca742dea9c4bc6ccd9b459481ba55e6,0.009259259259259259,10000,387,14360000,outputs.mapping/bams.cds.rand/SRR14369306.x.s__Roseburia inulinivorans.fastq.gz,SRR14369306.x.s__Roseburia inulinivorans,f8f155eb,28130000,51,DNA,10000,2813,True,0.8744289744662292,0.9122816638494313,0.8933553191578303,0.9122816638494313,True,2,18167,21186,d__Bacteria;p__Bacteroidota;c__Bacteroidia;o__Bacteroidales;f__Bacteroidaceae;g__Prevotella;s__Prevotella copri
10000,0.00035549235691432633,0.004739336492890996,0.00035549235691432633,9.440196356084207e-05,2.0,2.0,0.0,/group/ctbrowngrp5/sourmash-db.new/gtdb-rs226/gtdb-rs226-k51.dna.rocksdb,GCA_034117925.1 Dysosmobacter sp.,39d0b2233a16ec24dd850a0e8ff9a085,0.004739336492890996,10000,388,14350000,outputs.mapping/bams.cds.rand/SRR14369306.x.s__Roseburia inulinivorans.fastq.gz,SRR14369306.x.s__Roseburia inulinivorans,f8f155eb,28130000,51,DNA,10000,2813,True,0.8557939677468303,0.900379988990409,0.8780869783686196,0.900379988990409,True,2,18169,21186,d__Bacteria;p__Bacillota;c__Clostridia;o__Oscillospirales;f__Oscillospiraceae;g__Oscillibacter;s__Oscillibacter sp900763685
30000,0.001066477070742979,0.003289473684210526,0.00035549235691432633,4.7200981780421035e-05,1.0,1.0,0.0,/group/ctbrowngrp5/sourmash-db.new/gtdb-rs226/gtdb-rs226-k51.dna.rocksdb,GCA_034113565.1 Faecousia sp.,7a10c300c0f34698ff3d129eedc62947,0.009868421052631578,10000,389,14340000,outputs.mapping/bams.cds.rand/SRR14369306.x.s__Roseburia inulinivorans.fastq.gz,SRR14369306.x.s__Roseburia inulinivorans,f8f155eb,28130000,51,DNA,10000,2813,True,0.8744289744662292,0.9134221166736807,0.893925545569955,0.9134221166736807,True,1,18170,21186,d__Bacteria;p__Bacillota;c__Clostridia;o__Oscillospirales;f__Oscillospiraceae;g__Faecousia;s__Faecousia sp034113565
40000,0.0014219694276573053,0.00273224043715847,0.00035549235691432633,9.440196356084207e-05,2.0,2.0,0.0,/group/ctbrowngrp5/sourmash-db.new/gtdb-rs226/gtdb-rs226-k51.dna.rocksdb,GCF_951230155.1 Parablautia sp. Marseille-Q6255,b90220a694b748ee30991604bcf519bc,0.01092896174863388,10000,390,14330000,outputs.mapping/bams.cds.rand/SRR14369306.x.s__Roseburia inulinivorans.fastq.gz,SRR14369306.x.s__Roseburia inulinivorans,f8f155eb,28130000,51,DNA,10000,2813,True,0.8793754131238801,0.9152521607784074,0.8973137869511438,0.9152521607784074,True,2,18172,21186,d__Bacteria;p__Bacillota;c__Clostridia;o__Lachnospirales;f__Lachnospiraceae;g__Choladousia;s__Choladousia sp951230155
20000,0.0007109847138286527,0.005154639175257732,0.00035549235691432633,9.440196356084207e-05,2.0,2.0,0.0,/group/ctbrowngrp5/sourmash-db.new/gtdb-rs226/gtdb-rs226-k51.dna.rocksdb,GCA_934630465.1 uncultured Oscillospiraceae bacterium,c4cd5b950f422ac3cb844e11cb0bc765,0.010309278350515464,10000,391,14320000,outputs.mapping/bams.cds.rand/SRR14369306.x.s__Roseburia inulinivorans.fastq.gz,SRR14369306.x.s__Roseburia inulinivorans,f8f155eb,28130000,51,DNA,10000,2813,True,0.8675045670982334,0.9142052089616286,0.890854888029931,0.9142052089616286,True,2,18174,21186,d__Bacteria;p__Bacillota;c__Clostridia;o__Oscillospirales;f__Oscillospiraceae;g__Vescimonas;s__Vescimonas sp945878665
10000,0.00035549235691432633,0.00510204081632653,0.00035549235691432633,0.00018880392712168414,4.0,4.0,0.0,/group/ctbrowngrp5/sourmash-db.new/gtdb-rs226/gtdb-rs226-k51.dna.rocksdb,GCA_019417405.1 Clostridiales bacterium,f53a6d103d0b1404d68674847e28223b,0.00510204081632653,10000,392,14310000,outputs.mapping/bams.cds.rand/SRR14369306.x.s__Roseburia inulinivorans.fastq.gz,SRR14369306.x.s__Roseburia inulinivorans,f8f155eb,28130000,51,DNA,10000,2813,True,0.8557939677468303,0.9016828355623467,0.8787384016545885,0.9016828355623467,True,4,18178,21186,d__Bacteria;p__Bacillota;c__Clostridia;o__Christensenellales;f__CAG-138;g__SFEL01;s__SFEL01 sp004557245
10000,0.00035549235691432633,0.005208333333333333,0.00035549235691432633,4.7200981780421035e-05,1.0,1.0,0.0,/group/ctbrowngrp5/sourmash-db.new/gtdb-rs226/gtdb-rs226-k51.dna.rocksdb,GCA_937984015.1 uncultured Phascolarctobacterium sp.,e0cfdc977895caf17cc430ba4a64b072,0.005208333333333333,10000,393,14300000,outputs.mapping/bams.cds.rand/SRR14369306.x.s__Roseburia inulinivorans.fastq.gz,SRR14369306.x.s__Roseburia inulinivorans,f8f155eb,28130000,51,DNA,10000,2813,True,0.8557939677468303,0.9020474594102066,0.8789207135785184,0.9020474594102066,True,1,18179,21186,d__Bacteria;p__Bacillota;c__Negativicutes;o__Acidaminococcales;f__Acidaminococcaceae;g__Phascolarctobacterium_A;s__Phascolarctobacterium_A sp900553055
10000,0.00035549235691432633,0.004694835680751174,0.00035549235691432633,4.7200981780421035e-05,1.0,1.0,0.0,/group/ctbrowngrp5/sourmash-db.new/gtdb-rs226/gtdb-rs226-k51.dna.rocksdb,GCA_022764345.1 Ruminococcus sp.,cc3616a21133840590b716e784bde762,0.004694835680751174,10000,394,14290000,outputs.mapping/bams.cds.rand/SRR14369306.x.s__Roseburia inulinivorans.fastq.gz,SRR14369306.x.s__Roseburia inulinivorans,f8f155eb,28130000,51,DNA,10000,2813,True,0.8557939677468303,0.9002134511815334,0.8780037094641818,0.9002134511815334,True,1,18180,21186,d__Bacteria;p__Bacillota;c__Clostridia;o__Oscillospirales;f__Ruminococcaceae;g__Ruminococcus_C;s__Ruminococcus_C sp000433635
70000,0.002488446498400284,0.003215434083601286,0.00035549235691432633,9.440196356084207e-05,2.0,2.0,0.0,/group/ctbrowngrp5/sourmash-db.new/gtdb-rs226/gtdb-rs226-k51.dna.rocksdb,GCA_029008715.1 Segatella copri,1b86d7053db54c934f74ce9d5c866f7c,0.022508038585209004,10000,395,14280000,outputs.mapping/bams.cds.rand/SRR14369306.x.s__Roseburia inulinivorans.fastq.gz,SRR14369306.x.s__Roseburia inulinivorans,f8f155eb,28130000,51,DNA,10000,2813,True,0.8890778093376387,0.9283097142236947,0.9086937617806667,0.9283097142236947,False,2,18182,21186,d__Bacteria;p__Bacteroidota;c__Bacteroidia;o__Bacteroidales;f__Bacteroidaceae;g__Prevotella;s__Prevotella sinensis
120000,0.004265908282971916,0.0030581039755351682,0.00035549235691432633,0.008826583592938734,187.0,187.0,0.0,/group/ctbrowngrp5/sourmash-db.new/gtdb-rs226/gtdb-rs226-k51.dna.rocksdb,GCA_027693305.1 Lachnospiraceae bacterium OF27-10pH9A,8b3d116bae137cff92bd80ecd04c24cd,0.03669724770642202,10000,396,14270000,outputs.mapping/bams.cds.rand/SRR14369306.x.s__Roseburia inulinivorans.fastq.gz,SRR14369306.x.s__Roseburia inulinivorans,f8f155eb,28130000,51,DNA,10000,2813,True,0.8985239083809601,0.937250236528164,0.917887072454562,0.937250236528164,False,187,18369,21186,d__Bacteria;p__Bacillota;c__Clostridia;o__Lachnospirales;f__Lachnospiraceae;g__Agathobacter;s__Agathobacter sp900543445
10000,0.00035549235691432633,0.004901960784313725,0.00035549235691432633,4.7200981780421035e-05,1.0,1.0,0.0,/group/ctbrowngrp5/sourmash-db.new/gtdb-rs226/gtdb-rs226-k51.dna.rocksdb,GCA_036549815.1 Oscillospiraceae bacterium,872296e98ff7f162c3daa5efd8b52391,0.004901960784313725,10000,397,14260000,outputs.mapping/bams.cds.rand/SRR14369306.x.s__Roseburia inulinivorans.fastq.gz,SRR14369306.x.s__Roseburia inulinivorans,f8f155eb,28130000,51,DNA,10000,2813,True,0.8557939677468303,0.9009758163577729,0.8783848920523016,0.9009758163577729,True,1,18370,21186,d__Bacteria;p__Bacillota;c__Clostridia;o__Oscillospirales;f__Oscillospiraceae;g__Hominicoprocola;s__Hominicoprocola sp003522105
140000,0.004976892996800568,0.003436426116838488,0.00035549235691432633,4.7200981780421035e-05,1.0,1.0,0.0,/group/ctbrowngrp5/sourmash-db.new/gtdb-rs226/gtdb-rs226-k51.dna.rocksdb,GCA_958436795.1 uncultured Blautia sp.,c1ac7ab5612e0161be07853052432bc8,0.048109965635738834,10000,398,14250000,outputs.mapping/bams.cds.rand/SRR14369306.x.s__Roseburia inulinivorans.fastq.gz,SRR14369306.x.s__Roseburia inulinivorans,f8f155eb,28130000,51,DNA,10000,2813,True,0.9012438614597266,0.9422398579531454,0.921741859706436,0.9422398579531454,False,1,18371,21186,d__Bacteria;p__Bacillota;c__Clostridia;o__Lachnospirales;f__Lachnospiraceae;g__Oliverpabstia;s__Oliverpabstia intestinalis
10000,0.00035549235691432633,0.002857142857142857,0.00035549235691432633,4.7200981780421035e-05,1.0,1.0,0.0,/group/ctbrowngrp5/sourmash-db.new/gtdb-rs226/gtdb-rs226-k51.dna.rocksdb,GCF_011062545.1 Clostridium perfringens,2044e713b3992a978ec642a1fd9d968d,0.002857142857142857,10000,399,14240000,outputs.mapping/bams.cds.rand/SRR14369306.x.s__Roseburia inulinivorans.fastq.gz,SRR14369306.x.s__Roseburia inulinivorans,f8f155eb,28130000,51,DNA,10000,2813,True,0.8557939677468303,0.8914896651476225,0.8736418164472264,0.8914896651476225,True,1,18372,21186,d__Bacteria;p__Bacillota;c__Clostridia;o__Clostridiales;f__Clostridiaceae;g__Sarcina;s__Sarcina perfringens
20000,0.0007109847138286527,0.0047169811320754715,0.00035549235691432633,4.7200981780421035e-05,1.0,1.0,0.0,/group/ctbrowngrp5/sourmash-db.new/gtdb-rs226/gtdb-rs226-k51.dna.rocksdb,GCA_902791335.1 Oscillospiraceae bacterium,d0a88870add07acf499d5db20d2230cc,0.009433962264150943,10000,400,14230000,outputs.mapping/bams.cds.rand/SRR14369306.x.s__Roseburia inulinivorans.fastq.gz,SRR14369306.x.s__Roseburia inulinivorans,f8f155eb,28130000,51,DNA,10000,2813,True,0.8675045670982334,0.9126160876839744,0.8900603273911039,0.9126160876839744,True,1,18373,21186,d__Bacteria;p__Bacillota;c__Clostridia;o__Oscillospirales;f__Acutalibacteraceae;g__UMGS1532;s__UMGS1532 sp902791335
30000,0.001066477070742979,0.004524886877828055,0.00035549235691432633,4.7200981780421035e-05,1.0,1.0,0.0,/group/ctbrowngrp5/sourmash-db.new/gtdb-rs226/gtdb-rs226-k51.dna.rocksdb,GCA_900550985.1 uncultured Blautia sp.,5c7964a754721dbda73c4ac0458561cf,0.013574660633484163,10000,401,14220000,outputs.mapping/bams.cds.rand/SRR14369306.x.s__Roseburia inulinivorans.fastq.gz,SRR14369306.x.s__Roseburia inulinivorans,f8f155eb,28130000,51,DNA,10000,2813,True,0.8744289744662292,0.9191509549949388,0.896789964730584,0.9191509549949388,True,1,18374,21186,d__Bacteria;p__Bacillota;c__Clostridia;o__Lachnospirales;f__Lachnospiraceae;g__Blautia_A;s__Blautia_A difficilis
80000,0.0028439388553146107,0.00303951367781155,0.00035549235691432633,4.7200981780421035e-05,1.0,1.0,0.0,/group/ctbrowngrp5/sourmash-db.new/gtdb-rs226/gtdb-rs226-k51.dna.rocksdb,GCA_019411875.1 Clostridiales bacterium,7f915bd28be8010232ecf76fbda98880,0.0243161094224924,10000,402,14210000,outputs.mapping/bams.cds.rand/SRR14369306.x.s__Roseburia inulinivorans.fastq.gz,SRR14369306.x.s__Roseburia inulinivorans,f8f155eb,28130000,51,DNA,10000,2813,True,0.8914086986232876,0.9297171976485051,0.9105629481358963,0.9297171976485051,False,1,18375,21186,d__Bacteria;p__Bacillota;c__Clostridia;o__Lachnospirales;f__Lachnospiraceae;g__Anaerobutyricum;s__Anaerobutyricum soehngenii
60000,0.002132954141485958,0.0035211267605633804,0.00035549235691432633,4.7200981780421035e-05,1.0,1.0,0.0,/group/ctbrowngrp5/sourmash-db.new/gtdb-rs226/gtdb-rs226-k51.dna.rocksdb,GCA_963619805.1 Faecalibacterium sp. CAG:74,5519dac4ca52b12b4aa05c983116ce65,0.02112676056338028,10000,403,14200000,outputs.mapping/bams.cds.rand/SRR14369306.x.s__Roseburia inulinivorans.fastq.gz,SRR14369306.x.s__Roseburia inulinivorans,f8f155eb,28130000,51,DNA,10000,2813,True,0.8863945733920933,0.9271576509408653,0.9067761121664792,0.9271576509408653,True,1,18376,21186,d__Bacteria;p__Bacillota;c__Clostridia;o__Lachnospirales;f__Lachnospiraceae;g__Maccoya;s__Maccoya intestinihominis
20000,0.0007109847138286527,0.0033222591362126247,0.00035549235691432633,4.7200981780421035e-05,1.0,1.0,0.0,/group/ctbrowngrp5/sourmash-db.new/gtdb-rs226/gtdb-rs226-k51.dna.rocksdb,GCA_019012585.1 [Clostridium] nexile,91a4a056bb9cfca6192d63d5c884b213,0.006644518272425249,10000,404,14190000,outputs.mapping/bams.cds.rand/SRR14369306.x.s__Roseburia inulinivorans.fastq.gz,SRR14369306.x.s__Roseburia inulinivorans,f8f155eb,28130000,51,DNA,10000,2813,True,0.8675045670982334,0.9063651655579615,0.8869348663280975,0.9063651655579615,True,1,18377,21186,d__Bacteria;p__Bacillota;c__Clostridia;o__Lachnospirales;f__Lachnospiraceae;g__Faecalimonas;s__Faecalimonas phoceensis
10000,0.00035549235691432633,0.0030211480362537764,0.00035549235691432633,4.7200981780421035e-05,1.0,1.0,0.0,/group/ctbrowngrp5/sourmash-db.new/gtdb-rs226/gtdb-rs226-k51.dna.rocksdb,GCF_934364705.1 uncultured Blautia sp.,5cde2e1722589ec415986b240a150ccd,0.0030211480362537764,10000,405,14180000,outputs.mapping/bams.cds.rand/SRR14369306.x.s__Roseburia inulinivorans.fastq.gz,SRR14369306.x.s__Roseburia inulinivorans,f8f155eb,28130000,51,DNA,10000,2813,True,0.8557939677468303,0.8924658521397282,0.8741299099432792,0.8924658521397282,True,1,18378,21186,d__Bacteria;p__Bacillota;c__Clostridia;o__Lachnospirales;f__Lachnospiraceae;g__Blautia_A;s__Blautia_A faecis
10000,0.00035549235691432633,0.0043859649122807015,0.00035549235691432633,9.440196356084207e-05,2.0,2.0,0.0,/group/ctbrowngrp5/sourmash-db.new/gtdb-rs226/gtdb-rs226-k51.dna.rocksdb,GCA_029226585.1 Gemmiger formicilis,303def21919e28888533d4c4c17fa2b8,0.0043859649122807015,10000,406,14170000,outputs.mapping/bams.cds.rand/SRR14369306.x.s__Roseburia inulinivorans.fastq.gz,SRR14369306.x.s__Roseburia inulinivorans,f8f155eb,28130000,51,DNA,10000,2813,True,0.8557939677468303,0.8990130239792933,0.8774034958630618,0.8990130239792933,True,2,18380,21186,d__Bacteria;p__Bacillota;c__Clostridia;o__Oscillospirales;f__Ruminococcaceae;g__Gemmiger;s__Gemmiger formicilis
10000,0.00035549235691432633,0.0045662100456621,0.00035549235691432633,0.00023600490890210516,5.0,5.0,0.0,/group/ctbrowngrp5/sourmash-db.new/gtdb-rs226/gtdb-rs226-k51.dna.rocksdb,GCA_029218845.1 Clostridia bacterium,44407645c47400f97af3f80fe3ddec10,0.0045662100456621,10000,407,14160000,outputs.mapping/bams.cds.rand/SRR14369306.x.s__Roseburia inulinivorans.fastq.gz,SRR14369306.x.s__Roseburia inulinivorans,f8f155eb,28130000,51,DNA,10000,2813,True,0.8557939677468303,0.8997232408336094,0.8777586042902199,0.8997232408336094,True,5,18385,21186,d__Bacteria;p__Bacillota;c__Clostridia;o__Lachnospirales;f__Lachnospiraceae;g__Lachnospira;s__Lachnospira sp945946665
580000,0.020618556701030927,0.0026455026455026454,0.00035549235691432633,0.00023600490890210516,5.0,5.0,0.0,/group/ctbrowngrp5/sourmash-db.new/gtdb-rs226/gtdb-rs226-k51.dna.rocksdb,GCA_041332775.1 Roseburia faecis,8d4dc7fbc53eb7514ac411f6861930e0,0.15343915343915343,10000,408,14150000,outputs.mapping/bams.cds.rand/SRR14369306.x.s__Roseburia inulinivorans.fastq.gz,SRR14369306.x.s__Roseburia inulinivorans,f8f155eb,28130000,51,DNA,10000,2813,True,0.9267151019155395,0.9639132820425017,0.9453141919790207,0.9639132820425017,False,5,18390,21186,d__Bacteria;p__Bacillota;c__Clostridia;o__Lachnospirales;f__Lachnospiraceae;g__Agathobacter;s__Agathobacter faecis
40000,0.0014219694276573053,0.002785515320334262,0.00035549235691432633,9.440196356084207e-05,2.0,2.0,0.0,/group/ctbrowngrp5/sourmash-db.new/gtdb-rs226/gtdb-rs226-k51.dna.rocksdb,GCA_934432795.1 uncultured Lachnospiraceae bacterium,08faad8139291bc7013247a33b8f2eda,0.011142061281337047,10000,409,14140000,outputs.mapping/bams.cds.rand/SRR14369306.x.s__Roseburia inulinivorans.fastq.gz,SRR14369306.x.s__Roseburia inulinivorans,f8f155eb,28130000,51,DNA,10000,2813,True,0.8793754131238801,0.9155987829479756,0.8974870980359279,0.9155987829479756,True,2,18392,21186,d__Bacteria;p__Bacillota;c__Clostridia;o__Lachnospirales;f__Lachnospiraceae;g__COE1;s__COE1 sp001916965
10000,0.00035549235691432633,0.003134796238244514,0.00035549235691432633,9.440196356084207e-05,2.0,2.0,0.0,/group/ctbrowngrp5/sourmash-db.new/gtdb-rs226/gtdb-rs226-k51.dna.rocksdb,GCA_034172405.1 Candidatus Ventricola sp.,9e66ca582afc1a4519fe64d5470ee657,0.003134796238244514,10000,410,14130000,outputs.mapping/bams.cds.rand/SRR14369306.x.s__Roseburia inulinivorans.fastq.gz,SRR14369306.x.s__Roseburia inulinivorans,f8f155eb,28130000,51,DNA,10000,2813,True,0.8557939677468303,0.8931122886873784,0.8744531282171043,0.8931122886873784,True,2,18394,21186,d__Bacteria;p__Bacillota;c__Clostridia;o__Christensenellales;f__Aristaeellaceae;g__Ventricola;s__Ventricola sp004555535
40000,0.0014219694276573053,0.003076923076923077,0.00035549235691432633,9.440196356084207e-05,2.0,2.0,0.0,/group/ctbrowngrp5/sourmash-db.new/gtdb-rs226/gtdb-rs226-k51.dna.rocksdb,GCA_900551285.1 uncultured Solobacterium sp.,66b700c5ecf245cc49f385d7edbab5ae,0.012307692307692308,10000,411,14120000,outputs.mapping/bams.cds.rand/SRR14369306.x.s__Roseburia inulinivorans.fastq.gz,SRR14369306.x.s__Roseburia inulinivorans,f8f155eb,28130000,51,DNA,10000,2813,True,0.8793754131238801,0.9173867916318389,0.8983811023778595,0.9173867916318389,True,2,18396,21186,d__Bacteria;p__Bacillota;c__Bacilli;o__Erysipelotrichales;f__Erysipelotrichaceae;g__Holdemanella;s__Holdemanella biformis
10000,0.00035549235691432633,0.0031446540880503146,0.00035549235691432633,4.7200981780421035e-05,1.0,1.0,0.0,/group/ctbrowngrp5/sourmash-db.new/gtdb-rs226/gtdb-rs226-k51.dna.rocksdb,GCA_934255175.1 uncultured Lachnospiraceae bacterium,1a3a5dd73b2faff32a9449dea249ee06,0.0031446540880503146,10000,412,14110000,outputs.mapping/bams.cds.rand/SRR14369306.x.s__Roseburia inulinivorans.fastq.gz,SRR14369306.x.s__Roseburia inulinivorans,f8f155eb,28130000,51,DNA,10000,2813,True,0.8557939677468303,0.8931672731743641,0.8744806204605972,0.8931672731743641,True,1,18397,21186,d__Bacteria;p__Bacillota;c__Clostridia;o__Lachnospirales;f__Lachnospiraceae;g__Anthropogastromicrobium;s__Anthropogastromicrobium sp905214365
10000,0.00035549235691432633,0.004149377593360996,0.00035549235691432633,4.7200981780421035e-05,1.0,1.0,0.0,/group/ctbrowngrp5/sourmash-db.new/gtdb-rs226/gtdb-rs226-k51.dna.rocksdb,GCA_028722345.1 Lachnospiraceae bacterium,ee001f6111181371659d9b845ffa4ae4,0.004149377593360996,10000,413,14100000,outputs.mapping/bams.cds.rand/SRR14369306.x.s__Roseburia inulinivorans.fastq.gz,SRR14369306.x.s__Roseburia inulinivorans,f8f155eb,28130000,51,DNA,10000,2813,True,0.8557939677468303,0.8980360758706126,0.8769150218087214,0.8980360758706126,True,1,18398,21186,d__Bacteria;p__Bacillota;c__Clostridia;o__Lachnospirales;f__Lachnospiraceae;g__Anaerobutyricum;s__Anaerobutyricum sp022776205
30000,0.001066477070742979,0.003816793893129771,0.00035549235691432633,0.00018880392712168414,4.0,4.0,0.0,/group/ctbrowngrp5/sourmash-db.new/gtdb-rs226/gtdb-rs226-k51.dna.rocksdb,GCF_002157465.1 Butyricicoccus porcorum,b8e2211de5f0390af151e33c9f4d9658,0.011450381679389313,10000,414,14090000,outputs.mapping/bams.cds.rand/SRR14369306.x.s__Roseburia inulinivorans.fastq.gz,SRR14369306.x.s__Roseburia inulinivorans,f8f155eb,28130000,51,DNA,10000,2813,True,0.8744289744662292,0.9160889535696389,0.895258964017934,0.9160889535696389,True,4,18402,21186,d__Bacteria;p__Bacillota;c__Clostridia;o__Oscillospirales;f__Butyricicoccaceae;g__Butyricicoccus_A;s__Butyricicoccus_A porcorum
10000,0.00035549235691432633,0.003861003861003861,0.00035549235691432633,4.7200981780421035e-05,1.0,1.0,0.0,/group/ctbrowngrp5/sourmash-db.new/gtdb-rs226/gtdb-rs226-k51.dna.rocksdb,GCA_018366935.1 Eubacterium sp.,9ea309504352a25048c741f49ed7c8e2,0.003861003861003861,10000,415,14080000,outputs.mapping/bams.cds.rand/SRR14369306.x.s__Roseburia inulinivorans.fastq.gz,SRR14369306.x.s__Roseburia inulinivorans,f8f155eb,28130000,51,DNA,10000,2813,True,0.8557939677468303,0.8967686073925827,0.8762812875697065,0.8967686073925827,True,1,18403,21186,d__Bacteria;p__Bacillota;c__Clostridia;o__Lachnospirales;f__Lachnospiraceae;g__Lachnospira;s__Lachnospira rogosae
10000,0.00035549235691432633,0.002890173410404624,0.00035549235691432633,9.440196356084207e-05,2.0,2.0,0.0,/group/ctbrowngrp5/sourmash-db.new/gtdb-rs226/gtdb-rs226-k51.dna.rocksdb,GCA_022776405.1 Parabacteroides sp.,da980a0b68f9563f645cfb7733a208c9,0.002890173410404624,10000,416,14070000,outputs.mapping/bams.cds.rand/SRR14369306.x.s__Roseburia inulinivorans.fastq.gz,SRR14369306.x.s__Roseburia inulinivorans,f8f155eb,28130000,51,DNA,10000,2813,True,0.8557939677468303,0.8916906117221329,0.8737422897344815,0.8916906117221329,True,2,18405,21186,d__Bacteria;p__Bacteroidota;c__Bacteroidia;o__Bacteroidales;f__Tannerellaceae;g__Parabacteroides;s__Parabacteroides sp004562445
120000,0.004265908282971916,0.0031645569620253164,0.00035549235691432633,0.00018880392712168414,4.0,4.0,0.0,/group/ctbrowngrp5/sourmash-db.new/gtdb-rs226/gtdb-rs226-k51.dna.rocksdb,GCF_900148495.1 Negativibacillus massiliensis,14a3469a43c6145dca551886754a026f,0.0379746835443038,10000,417,14060000,outputs.mapping/bams.cds.rand/SRR14369306.x.s__Roseburia inulinivorans.fastq.gz,SRR14369306.x.s__Roseburia inulinivorans,f8f155eb,28130000,51,DNA,10000,2813,True,0.8985239083809601,0.9378792865238912,0.9182015974524256,0.9378792865238912,False,4,18409,21186,d__Bacteria;p__Bacillota;c__Clostridia;o__Oscillospirales;f__Ruminococcaceae;g__Negativibacillus;s__Negativibacillus massiliensis
20000,0.0007109847138286527,0.0026954177897574125,0.00035549235691432633,0.00023600490890210516,5.0,5.0,0.0,/group/ctbrowngrp5/sourmash-db.new/gtdb-rs226/gtdb-rs226-k51.dna.rocksdb,GCF_021531135.1 Segatella hominis,fbfb9fa1cd55529571913ff882c8b132,0.005390835579514825,10000,418,14050000,outputs.mapping/bams.cds.rand/SRR14369306.x.s__Roseburia inulinivorans.fastq.gz,SRR14369306.x.s__Roseburia inulinivorans,f8f155eb,28130000,51,DNA,10000,2813,True,0.8675045670982334,0.9026568211487351,0.8850806941234843,0.9026568211487351,True,5,18414,21186,d__Bacteria;p__Bacteroidota;c__Bacteroidia;o__Bacteroidales;f__Bacteroidaceae;g__Prevotella;s__Prevotella sp945863825
10000,0.00035549235691432633,0.0027472527472527475,0.00035549235691432633,4.7200981780421035e-05,1.0,1.0,0.0,/group/ctbrowngrp5/sourmash-db.new/gtdb-rs226/gtdb-rs226-k51.dna.rocksdb,GCA_947382675.1 uncultured Lachnospiraceae bacterium,ac02d4a50919be04243c9304c50f2c44,0.0027472527472527475,10000,419,14040000,outputs.mapping/bams.cds.rand/SRR14369306.x.s__Roseburia inulinivorans.fastq.gz,SRR14369306.x.s__Roseburia inulinivorans,f8f155eb,28130000,51,DNA,10000,2813,True,0.8557939677468303,0.8908043432004548,0.8732991554736425,0.8908043432004548,True,1,18415,21186,d__Bacteria;p__Bacillota;c__Clostridia;o__Lachnospirales;f__Lachnospiraceae;g__Acetatifactor;s__Acetatifactor sp910586835
10000,0.00035549235691432633,0.0037735849056603774,0.00035549235691432633,9.440196356084207e-05,2.0,2.0,0.0,/group/ctbrowngrp5/sourmash-db.new/gtdb-rs226/gtdb-rs226-k51.dna.rocksdb,GCA_019118505.1 Candidatus Oscillibacter excrementavium,d72069186e2778f3a670a1c2f5027ec8,0.0037735849056603774,10000,420,14030000,outputs.mapping/bams.cds.rand/SRR14369306.x.s__Roseburia inulinivorans.fastq.gz,SRR14369306.x.s__Roseburia inulinivorans,f8f155eb,28130000,51,DNA,10000,2813,True,0.8557939677468303,0.8963660000844977,0.876079983915664,0.8963660000844977,True,2,18417,21186,d__Bacteria;p__Bacillota;c__Clostridia;o__Oscillospirales;f__Oscillospiraceae;g__Oscillibacter;s__Oscillibacter excrementavium
10000,0.00035549235691432633,0.003875968992248062,0.00035549235691432633,9.440196356084207e-05,2.0,2.0,0.0,/group/ctbrowngrp5/sourmash-db.new/gtdb-rs226/gtdb-rs226-k51.dna.rocksdb,GCA_022764045.1 Clostridiales bacterium,0b98e23750518bd057f1c8c30f8eb7ed,0.003875968992248062,10000,421,14020000,outputs.mapping/bams.cds.rand/SRR14369306.x.s__Roseburia inulinivorans.fastq.gz,SRR14369306.x.s__Roseburia inulinivorans,f8f155eb,28130000,51,DNA,10000,2813,True,0.8557939677468303,0.8968366321005671,0.8763152999236987,0.8968366321005671,True,2,18419,21186,d__Bacteria;p__Bacillota;c__Clostridia;o__Oscillospirales;f__Oscillospiraceae;g__Evtepia;s__Evtepia sp022764045
50000,0.0017774617845716318,0.004830917874396135,0.00035549235691432633,0.00023600490890210516,5.0,5.0,0.0,/group/ctbrowngrp5/sourmash-db.new/gtdb-rs226/gtdb-rs226-k51.dna.rocksdb,GCA_016297195.1 Butyrivibrio sp.,418b19c3c1aca178477e66ea23ebdea1,0.024154589371980676,10000,422,14010000,outputs.mapping/bams.cds.rand/SRR14369306.x.s__Roseburia inulinivorans.fastq.gz,SRR14369306.x.s__Roseburia inulinivorans,f8f155eb,28130000,51,DNA,10000,2813,True,0.8832314300169112,0.9295957102937364,0.9064135701553238,0.9295957102937364,True,5,18424,21186,d__Bacteria;p__Bacillota;c__Clostridia;o__Lachnospirales;f__Lachnospiraceae;g__Butyrivibrio_A;s__Butyrivibrio_A sp016297265
130000,0.004621400639886242,0.003105590062111801,0.00035549235691432633,0.0002832058906825262,6.0,6.0,0.0,/group/ctbrowngrp5/sourmash-db.new/gtdb-rs226/gtdb-rs226-k51.dna.rocksdb,GCF_000020605.1 Agathobacter rectalis ATCC 33656,bb4d1c2199066ffc1226ec8433ce5698,0.040372670807453416,10000,423,14000000,outputs.mapping/bams.cds.rand/SRR14369306.x.s__Roseburia inulinivorans.fastq.gz,SRR14369306.x.s__Roseburia inulinivorans,f8f155eb,28130000,51,DNA,10000,2813,True,0.8999352172879171,0.9390060317205733,0.9194706245042452,0.9390060317205733,False,6,18430,21186,d__Bacteria;p__Bacillota;c__Clostridia;o__Lachnospirales;f__Lachnospiraceae;g__Agathobacter;s__Agathobacter rectalis
70000,0.002488446498400284,0.003703703703703704,0.00035549235691432633,0.0001416029453412631,3.0,3.0,0.0,/group/ctbrowngrp5/sourmash-db.new/gtdb-rs226/gtdb-rs226-k51.dna.rocksdb,GCA_945877415.1 uncultured Prevotella sp.,16c0cbbf64e1af4d58c69291da302148,0.025925925925925925,10000,424,13990000,outputs.mapping/bams.cds.rand/SRR14369306.x.s__Roseburia inulinivorans.fastq.gz,SRR14369306.x.s__Roseburia inulinivorans,f8f155eb,28130000,51,DNA,10000,2813,True,0.8890778093376387,0.9308865395005513,0.909982174419095,0.9308865395005513,False,3,18433,21186,d__Bacteria;p__Bacteroidota;c__Bacteroidia;o__Bacteroidales;f__Bacteroidaceae;g__Prevotella;s__Prevotella sp900546535
140000,0.004976892996800568,0.0031847133757961785,0.00035549235691432633,4.7200981780421035e-05,1.0,1.0,0.0,/group/ctbrowngrp5/sourmash-db.new/gtdb-rs226/gtdb-rs226-k51.dna.rocksdb,GCF_021531995.1 Faecalicatena contorta,4c931f1f8c50725e7bbd3ba64e4670a1,0.044585987261146494,10000,425,13980000,outputs.mapping/bams.cds.rand/SRR14369306.x.s__Roseburia inulinivorans.fastq.gz,SRR14369306.x.s__Roseburia inulinivorans,f8f155eb,28130000,51,DNA,10000,2813,True,0.9012438614597266,0.9408354953460037,0.9210396784028652,0.9408354953460037,False,1,18434,21186,d__Bacteria;p__Bacillota;c__Clostridia;o__Lachnospirales;f__Lachnospiraceae;g__Dorea_A;s__Dorea_A contorta_A
50000,0.0017774617845716318,0.0031746031746031746,0.00035549235691432633,4.7200981780421035e-05,1.0,1.0,0.0,/group/ctbrowngrp5/sourmash-db.new/gtdb-rs226/gtdb-rs226-k51.dna.rocksdb,GCA_037237685.1 Segatella copri,ed5657dd44ef750e31ccfaf514b90eae,0.015873015873015872,10000,426,13970000,outputs.mapping/bams.cds.rand/SRR14369306.x.s__Roseburia inulinivorans.fastq.gz,SRR14369306.x.s__Roseburia inulinivorans,f8f155eb,28130000,51,DNA,10000,2813,True,0.8832314300169112,0.9219742946423962,0.9026028623296537,0.9219742946423962,True,1,18435,21186,d__Bacteria;p__Bacteroidota;c__Bacteroidia;o__Bacteroidales;f__Bacteroidaceae;g__Prevotella;s__Prevotella sinensis
10000,0.00035549235691432633,0.0028089887640449437,0.00035549235691432633,0.00023600490890210516,5.0,5.0,0.0,/group/ctbrowngrp5/sourmash-db.new/gtdb-rs226/gtdb-rs226-k51.dna.rocksdb,GCA_030536685.1 Lachnospiraceae bacterium,9f4ce565d26bdaf5d11d2b42390a0d64,0.0028089887640449437,10000,427,13960000,outputs.mapping/bams.cds.rand/SRR14369306.x.s__Roseburia inulinivorans.fastq.gz,SRR14369306.x.s__Roseburia inulinivorans,f8f155eb,28130000,51,DNA,10000,2813,True,0.8557939677468303,0.8911925937990259,0.8734932807729281,0.8911925937990259,True,5,18440,21186,d__Bacteria;p__Bacillota;c__Clostridia;o__Lachnospirales;f__Lachnospiraceae;g__TWA4;s__TWA4 sp030536685
10000,0.00035549235691432633,0.004201680672268907,0.00035549235691432633,4.7200981780421035e-05,1.0,1.0,0.0,/group/ctbrowngrp5/sourmash-db.new/gtdb-rs226/gtdb-rs226-k51.dna.rocksdb,GCA_029224585.1 Clostridiaceae bacterium,19416a3bb26e7f9fa8fa53040efc81f9,0.004201680672268907,10000,428,13950000,outputs.mapping/bams.cds.rand/SRR14369306.x.s__Roseburia inulinivorans.fastq.gz,SRR14369306.x.s__Roseburia inulinivorans,f8f155eb,28130000,51,DNA,10000,2813,True,0.8557939677468303,0.8982566722388579,0.877025319992844,0.8982566722388579,True,1,18441,21186,d__Bacteria;p__Bacillota;c__Clostridia;o__Oscillospirales;f__Acutalibacteraceae;g__CAG-488;s__CAG-488 sp016292785
20000,0.0007109847138286527,0.003257328990228013,0.00035549235691432633,0.0003776078542433683,8.0,8.0,0.0,/group/ctbrowngrp5/sourmash-db.new/gtdb-rs226/gtdb-rs226-k51.dna.rocksdb,GCA_963587495.1 Clostridia bacterium,a1104b8ff28d4e8f3f69d1d7d5aa261e,0.006514657980456026,10000,429,13940000,outputs.mapping/bams.cds.rand/SRR14369306.x.s__Roseburia inulinivorans.fastq.gz,SRR14369306.x.s__Roseburia inulinivorans,f8f155eb,28130000,51,DNA,10000,2813,True,0.8675045670982334,0.9060144615252204,0.8867595143117268,0.9060144615252204,True,8,18449,21186,d__Bacteria;p__Bacteroidota;c__Bacteroidia;o__Bacteroidales;f__Bacteroidaceae;g__Prevotella;s__Prevotella sp963587495
10000,0.00035549235691432633,0.006896551724137931,0.00035549235691432633,4.7200981780421035e-05,1.0,1.0,0.0,/group/ctbrowngrp5/sourmash-db.new/gtdb-rs226/gtdb-rs226-k51.dna.rocksdb,GCA_034086365.1 Bacilli bacterium,735bcc707899533c51e0763457b2ed01,0.006896551724137931,10000,430,13930000,outputs.mapping/bams.cds.rand/SRR14369306.x.s__Roseburia inulinivorans.fastq.gz,SRR14369306.x.s__Roseburia inulinivorans,f8f155eb,28130000,51,DNA,10000,2813,True,0.8557939677468303,0.907027041982046,0.8814105048644381,0.907027041982046,True,1,18450,21186,d__Bacteria;p__Bacillota;c__Bacilli;o__RFN20;f__CAG-449;g__UBA3210;s__UBA3210 sp945929875
20000,0.0007109847138286527,0.00303951367781155,0.00035549235691432633,0.0002832058906825262,6.0,6.0,0.0,/group/ctbrowngrp5/sourmash-db.new/gtdb-rs226/gtdb-rs226-k51.dna.rocksdb,GCA_034086685.1 Lachnospiraceae bacterium,710415d3422e088dd58c45b9ba548c13,0.0060790273556231,10000,431,13920000,outputs.mapping/bams.cds.rand/SRR14369306.x.s__Roseburia inulinivorans.fastq.gz,SRR14369306.x.s__Roseburia inulinivorans,f8f155eb,28130000,51,DNA,10000,2813,True,0.8675045670982334,0.9047857804343606,0.8861451737662971,0.9047857804343606,True,6,18456,21186,d__Bacteria;p__Bacillota;c__Clostridia;o__Lachnospirales;f__Lachnospiraceae;g__TWA4;s__TWA4 sp034086685
270000,0.009598293636686812,0.002840909090909091,0.00035549235691432633,9.440196356084207e-05,2.0,2.0,0.0,/group/ctbrowngrp5/sourmash-db.new/gtdb-rs226/gtdb-rs226-k51.dna.rocksdb,GCA_032556375.1 Ruminococcus sp.,a0786e2e9ce7b532943e3ec63e26fe08,0.07670454545454546,10000,432,13910000,outputs.mapping/bams.cds.rand/SRR14369306.x.s__Roseburia inulinivorans.fastq.gz,SRR14369306.x.s__Roseburia inulinivorans,f8f155eb,28130000,51,DNA,10000,2813,True,0.9129251616872556,0.9508975908080306,0.9319113762476431,0.9508975908080306,False,2,18458,21186,d__Bacteria;p__Bacillota;c__Clostridia;o__Lachnospirales;f__Lachnospiraceae;g__Blautia_A;s__Blautia_A wexlerae
10000,0.00035549235691432633,0.0036496350364963502,0.00035549235691432633,9.440196356084207e-05,2.0,2.0,0.0,/group/ctbrowngrp5/sourmash-db.new/gtdb-rs226/gtdb-rs226-k51.dna.rocksdb,GCA_959600525.1 uncultured Firmicutes bacterium,ed437a14a6aee44fd08186e031d72494,0.0036496350364963502,10000,433,13900000,outputs.mapping/bams.cds.rand/SRR14369306.x.s__Roseburia inulinivorans.fastq.gz,SRR14369306.x.s__Roseburia inulinivorans,f8f155eb,28130000,51,DNA,10000,2813,True,0.8557939677468303,0.895779190619195,0.8757865791830126,0.895779190619195,True,2,18460,21186,d__Bacteria;p__Bacillota;c__Clostridia;o__Lachnospirales;f__Lachnospiraceae;g__Suilimivivens;s__Suilimivivens sp000436115
10000,0.00035549235691432633,0.00558659217877095,0.00035549235691432633,0.0003304068724629472,7.0,7.0,0.0,/group/ctbrowngrp5/sourmash-db.new/gtdb-rs226/gtdb-rs226-k51.dna.rocksdb,GCA_946061235.1 Dechloromonas aromatica,bcf1aa0999abafa2ea8bfd84f6a1a2dc,0.00558659217877095,10000,434,13890000,outputs.mapping/bams.cds.rand/SRR14369306.x.s__Roseburia inulinivorans.fastq.gz,SRR14369306.x.s__Roseburia inulinivorans,f8f155eb,28130000,51,DNA,10000,2813,True,0.8557939677468303,0.9032883544180165,0.8795411610824233,0.9032883544180165,True,7,18467,21186,d__Bacteria;p__Pseudomonadota;c__Gammaproteobacteria;o__Burkholderiales;f__Rhodocyclaceae;g__SFHR01;s__SFHR01 sp004555545
20000,0.0007109847138286527,0.0023148148148148147,0.00035549235691432633,0.00018880392712168414,4.0,4.0,0.0,/group/ctbrowngrp5/sourmash-db.new/gtdb-rs226/gtdb-rs226-k51.dna.rocksdb,GCA_010206225.2 Lachnospiraceae bacterium MD308,7954aa98267d81df1f39f3d0db4d6ebe,0.004629629629629629,10000,435,13880000,outputs.mapping/bams.cds.rand/SRR14369306.x.s__Roseburia inulinivorans.fastq.gz,SRR14369306.x.s__Roseburia inulinivorans,f8f155eb,28130000,51,DNA,10000,2813,True,0.8675045670982334,0.8999666104581765,0.883735588778205,0.8999666104581765,True,4,18471,21186,d__Bacteria;p__Bacillota;c__Clostridia;o__Lachnospirales;f__Lachnospiraceae;g__MD308;s__MD308 sp010206225
10000,0.00035549235691432633,0.004694835680751174,0.00035549235691432633,4.7200981780421035e-05,1.0,1.0,0.0,/group/ctbrowngrp5/sourmash-db.new/gtdb-rs226/gtdb-rs226-k51.dna.rocksdb,GCA_900549405.1 uncultured Eubacteriales bacterium,7e15087a4462b019f24930c99810648f,0.004694835680751174,10000,436,13870000,outputs.mapping/bams.cds.rand/SRR14369306.x.s__Roseburia inulinivorans.fastq.gz,SRR14369306.x.s__Roseburia inulinivorans,f8f155eb,28130000,51,DNA,10000,2813,True,0.8557939677468303,0.9002134511815334,0.8780037094641818,0.9002134511815334,True,1,18472,21186,d__Bacteria;p__Bacillota;c__Clostridia;o__Oscillospirales;f__Oscillospiraceae;g__Lawsonibacter;s__Lawsonibacter sp900549405
310000,0.011020263064344117,0.002577319587628866,0.00035549235691432633,9.440196356084207e-05,2.0,2.0,0.0,/group/ctbrowngrp5/sourmash-db.new/gtdb-rs226/gtdb-rs226-k51.dna.rocksdb,GCF_040098205.1 Blautia wexlerae,7c7b4d2a245cd0800f4767057131f891,0.07989690721649484,10000,437,13860000,outputs.mapping/bams.cds.rand/SRR14369306.x.s__Roseburia inulinivorans.fastq.gz,SRR14369306.x.s__Roseburia inulinivorans,f8f155eb,28130000,51,DNA,10000,2813,True,0.9154014733444437,0.9516581686651595,0.9335298210048015,0.9516581686651595,False,2,18474,21186,d__Bacteria;p__Bacillota;c__Clostridia;o__Lachnospirales;f__Lachnospiraceae;g__Blautia_A;s__Blautia_A wexlerae
220000,0.007820831852115179,0.00425531914893617,0.00035549235691432633,0.003068063815727367,65.0,65.0,0.0,/group/ctbrowngrp5/sourmash-db.new/gtdb-rs226/gtdb-rs226-k51.dna.rocksdb,GCA_946414645.1 uncultured Lachnobacterium sp.,8310a5f4137f8c13054aa65c655d241c,0.09361702127659574,10000,438,13850000,outputs.mapping/bams.cds.rand/SRR14369306.x.s__Roseburia inulinivorans.fastq.gz,SRR14369306.x.s__Roseburia inulinivorans,f8f155eb,28130000,51,DNA,10000,2813,True,0.909266591213574,0.9546199070642627,0.9319432491389184,0.9546199070642627,False,65,18539,21186,d__Bacteria;p__Bacillota;c__Clostridia;o__Lachnospirales;f__Lachnospiraceae;g__Agathobacter;s__Agathobacter sp900549895
10000,0.00035549235691432633,0.004132231404958678,0.00035549235691432633,4.7200981780421035e-05,1.0,1.0,0.0,/group/ctbrowngrp5/sourmash-db.new/gtdb-rs226/gtdb-rs226-k51.dna.rocksdb,GCA_948800275.1 Adlercreutzia caecimuris,78a356b7ff110d82117e4b97a256ac4b,0.004132231404958678,10000,439,13840000,outputs.mapping/bams.cds.rand/SRR14369306.x.s__Roseburia inulinivorans.fastq.gz,SRR14369306.x.s__Roseburia inulinivorans,f8f155eb,28130000,51,DNA,10000,2813,True,0.8557939677468303,0.8979631654737237,0.876878566610277,0.8979631654737237,True,1,18540,21186,d__Bacteria;p__Actinomycetota;c__Coriobacteriia;o__Coriobacteriales;f__Eggerthellaceae;g__Adlercreutzia;s__Adlercreutzia caecimuris
190000,0.0067543547813722,0.0035714285714285713,0.00035549235691432633,9.440196356084207e-05,2.0,2.0,0.0,/group/ctbrowngrp5/sourmash-db.new/gtdb-rs226/gtdb-rs226-k51.dna.rocksdb,GCA_945829805.1 uncultured Blautia sp.,3f9b9615d9a3ed3ca087f6b02ec9bf04,0.06785714285714285,10000,440,13830000,outputs.mapping/bams.cds.rand/SRR14369306.x.s__Roseburia inulinivorans.fastq.gz,SRR14369306.x.s__Roseburia inulinivorans,f8f155eb,28130000,51,DNA,10000,2813,True,0.9066565866702018,0.9486152654863463,0.927635926078274,0.9486152654863463,False,2,18542,21186,d__Bacteria;p__Bacillota;c__Clostridia;o__Lachnospirales;f__Lachnospiraceae;g__Oliverpabstia;s__Oliverpabstia intestinalis
10000,0.00035549235691432633,0.0048543689320388345,0.00035549235691432633,4.7200981780421035e-05,1.0,1.0,0.0,/group/ctbrowngrp5/sourmash-db.new/gtdb-rs226/gtdb-rs226-k51.dna.rocksdb,GCA_034116885.1 Anaerovibrio sp.,d1c581de60e6f6e3fa457dd7d3ca5428,0.0048543689320388345,10000,441,13820000,outputs.mapping/bams.cds.rand/SRR14369306.x.s__Roseburia inulinivorans.fastq.gz,SRR14369306.x.s__Roseburia inulinivorans,f8f155eb,28130000,51,DNA,10000,2813,True,0.8557939677468303,0.900803478377785,0.8782987230623076,0.900803478377785,True,1,18543,21186,d__Bacteria;p__Bacillota;c__Negativicutes;o__Selenomonadales;f__Selenomonadaceae;g__Anaerovibrio;s__Anaerovibrio sp016302095
10000,0.00035549235691432633,0.002638522427440633,0.00035549235691432633,4.7200981780421035e-05,1.0,1.0,0.0,/group/ctbrowngrp5/sourmash-db.new/gtdb-rs226/gtdb-rs226-k51.dna.rocksdb,GCF_002303655.1 Clostridioides difficile,d45bbcb7ba09bbedfd14416fd987a5e0,0.002638522427440633,10000,442,13810000,outputs.mapping/bams.cds.rand/SRR14369306.x.s__Roseburia inulinivorans.fastq.gz,SRR14369306.x.s__Roseburia inulinivorans,f8f155eb,28130000,51,DNA,10000,2813,True,0.8557939677468303,0.8900992741114834,0.8729466209291568,0.8900992741114834,True,1,18544,21186,d__Bacteria;p__Bacillota;c__Clostridia;o__Peptostreptococcales;f__Peptostreptococcaceae;g__Clostridioides;s__Clostridioides difficile
10000,0.00035549235691432633,0.004016064257028112,0.00035549235691432633,4.7200981780421035e-05,1.0,1.0,0.0,/group/ctbrowngrp5/sourmash-db.new/gtdb-rs226/gtdb-rs226-k51.dna.rocksdb,GCA_034087005.1 Ligilactobacillus salivarius,8d8158241eb3e967fdfac197029edb6a,0.004016064257028112,10000,443,13800000,outputs.mapping/bams.cds.rand/SRR14369306.x.s__Roseburia inulinivorans.fastq.gz,SRR14369306.x.s__Roseburia inulinivorans,f8f155eb,28130000,51,DNA,10000,2813,True,0.8557939677468303,0.8974612357556601,0.8766276017512451,0.8974612357556601,True,1,18545,21186,d__Bacteria;p__Bacillota;c__Bacilli;o__Lactobacillales;f__Lactobacillaceae;g__Ligilactobacillus;s__Ligilactobacillus salivarius
10000,0.00035549235691432633,0.003257328990228013,0.00035549235691432633,0.0001416029453412631,3.0,3.0,0.0,/group/ctbrowngrp5/sourmash-db.new/gtdb-rs226/gtdb-rs226-k51.dna.rocksdb,GCA_958423565.1 uncultured Prevotella sp.,87041b4e375655f004669dcdadcd0009,0.003257328990228013,10000,444,13790000,outputs.mapping/bams.cds.rand/SRR14369306.x.s__Roseburia inulinivorans.fastq.gz,SRR14369306.x.s__Roseburia inulinivorans,f8f155eb,28130000,51,DNA,10000,2813,True,0.8557939677468303,0.8937840102193684,0.8747889889830993,0.8937840102193684,True,3,18548,21186,d__Bacteria;p__Bacteroidota;c__Bacteroidia;o__Bacteroidales;f__Bacteroidaceae;g__Prevotella;s__Prevotella sp000436915
10000,0.00035549235691432633,0.005555555555555556,0.00035549235691432633,4.7200981780421035e-05,1.0,1.0,0.0,/group/ctbrowngrp5/sourmash-db.new/gtdb-rs226/gtdb-rs226-k51.dna.rocksdb,GCF_959605665.1 Phascolarctobacterium succinatutens,df17746fa24f824cc98d682f01cddbb1,0.005555555555555556,10000,445,13780000,outputs.mapping/bams.cds.rand/SRR14369306.x.s__Roseburia inulinivorans.fastq.gz,SRR14369306.x.s__Roseburia inulinivorans,f8f155eb,28130000,51,DNA,10000,2813,True,0.8557939677468303,0.9031896880401206,0.8794918278934754,0.9031896880401206,True,1,18549,21186,d__Bacteria;p__Bacillota;c__Negativicutes;o__Acidaminococcales;f__Acidaminococcaceae;g__Phascolarctobacterium_A;s__Phascolarctobacterium_A succinatutens
20000,0.0007109847138286527,0.003436426116838488,0.00035549235691432633,9.440196356084207e-05,2.0,2.0,0.0,/group/ctbrowngrp5/sourmash-db.new/gtdb-rs226/gtdb-rs226-k51.dna.rocksdb,GCF_034178305.1 Hallella sp.,239e8f6df4dd61007baa7b95688be74f,0.006872852233676976,10000,446,13770000,outputs.mapping/bams.cds.rand/SRR14369306.x.s__Roseburia inulinivorans.fastq.gz,SRR14369306.x.s__Roseburia inulinivorans,f8f155eb,28130000,51,DNA,10000,2813,True,0.8675045670982334,0.906965822493839,0.8872351947960362,0.906965822493839,True,2,18551,21186,d__Bacteria;p__Bacteroidota;c__Bacteroidia;o__Bacteroidales;f__Bacteroidaceae;g__Prevotella;s__Prevotella faecis
80000,0.0028439388553146107,0.0030303030303030303,0.00035549235691432633,4.7200981780421035e-05,1.0,1.0,0.0,/group/ctbrowngrp5/sourmash-db.new/gtdb-rs226/gtdb-rs226-k51.dna.rocksdb,GCA_946011765.1 uncultured Prevotella sp.,fdedb87d28b4bd821efe8b5dc8ceea91,0.024242424242424242,10000,447,13760000,outputs.mapping/bams.cds.rand/SRR14369306.x.s__Roseburia inulinivorans.fastq.gz,SRR14369306.x.s__Roseburia inulinivorans,f8f155eb,28130000,51,DNA,10000,2813,True,0.8914086986232876,0.9296618737621046,0.9105352861926961,0.9296618737621046,False,1,18552,21186,d__Bacteria;p__Bacteroidota;c__Bacteroidia;o__Bacteroidales;f__Bacteroidaceae;g__Prevotella;s__Prevotella sp900546535
330000,0.01173124777817277,0.003257328990228013,0.00035549235691432633,4.7200981780421035e-05,1.0,1.0,0.0,/group/ctbrowngrp5/sourmash-db.new/gtdb-rs226/gtdb-rs226-k51.dna.rocksdb,GCA_934309295.1 uncultured Agathobacter sp.,fb70df3bb4ee2fee38a9e270c6a183d3,0.10749185667752444,10000,448,13750000,outputs.mapping/bams.cds.rand/SRR14369306.x.s__Roseburia inulinivorans.fastq.gz,SRR14369306.x.s__Roseburia inulinivorans,f8f155eb,28130000,51,DNA,10000,2813,True,0.9165243423799246,0.9572103018589343,0.9368673221194295,0.9572103018589343,False,1,18553,21186,d__Bacteria;p__Bacillota;c__Clostridia;o__Lachnospirales;f__Lachnospiraceae;g__Agathobacter;s__Agathobacter sp000434275
10000,0.00035549235691432633,0.005319148936170213,0.00035549235691432633,4.7200981780421035e-05,1.0,1.0,0.0,/group/ctbrowngrp5/sourmash-db.new/gtdb-rs226/gtdb-rs226-k51.dna.rocksdb,GCA_945947045.1 uncultured Spirochaetales bacterium,25a0194dc62600def4e02730c71a91b0,0.005319148936170213,10000,449,13740000,outputs.mapping/bams.cds.rand/SRR14369306.x.s__Roseburia inulinivorans.fastq.gz,SRR14369306.x.s__Roseburia inulinivorans,f8f155eb,28130000,51,DNA,10000,2813,True,0.8557939677468303,0.9024199122476589,0.8791069399972447,0.9024199122476589,True,1,18554,21186,d__Bacteria;p__Spirochaetota;c__Spirochaetia;o__Sphaerochaetales;f__Sphaerochaetaceae;g__Ornithospirochaeta;s__Ornithospirochaeta sp945947045
10000,0.00035549235691432633,0.0040650406504065045,0.00035549235691432633,9.440196356084207e-05,2.0,2.0,0.0,/group/ctbrowngrp5/sourmash-db.new/gtdb-rs226/gtdb-rs226-k51.dna.rocksdb,GCA_938001885.1 uncultured Lachnospiraceae bacterium,a67945618f3f9f32645ad8514201ccbe,0.0040650406504065045,10000,450,13730000,outputs.mapping/bams.cds.rand/SRR14369306.x.s__Roseburia inulinivorans.fastq.gz,SRR14369306.x.s__Roseburia inulinivorans,f8f155eb,28130000,51,DNA,10000,2813,True,0.8557939677468303,0.8976745640706776,0.8767342659087539,0.8976745640706776,True,2,18556,21186,d__Bacteria;p__Bacillota;c__Clostridia;o__Lachnospirales;f__Lachnospiraceae;g__Frisingicoccus;s__Frisingicoccus caecimuris
20000,0.0007109847138286527,0.002680965147453083,0.00035549235691432633,9.440196356084207e-05,2.0,2.0,0.0,/group/ctbrowngrp5/sourmash-db.new/gtdb-rs226/gtdb-rs226-k51.dna.rocksdb,GCA_004554075.1 Treponema sp.,c1b576559310fababd5ec90cbc576bf5,0.005361930294906166,10000,451,13720000,outputs.mapping/bams.cds.rand/SRR14369306.x.s__Roseburia inulinivorans.fastq.gz,SRR14369306.x.s__Roseburia inulinivorans,f8f155eb,28130000,51,DNA,10000,2813,True,0.8675045670982334,0.9025616691965411,0.8850331181473873,0.9025616691965411,True,2,18558,21186,d__Bacteria;p__Spirochaetota;c__Spirochaetia;o__Treponematales;f__Treponemataceae;g__Treponema_D;s__Treponema_D sp004554075
10000,0.00035549235691432633,0.006172839506172839,0.00035549235691432633,4.7200981780421035e-05,1.0,1.0,0.0,/group/ctbrowngrp5/sourmash-db.new/gtdb-rs226/gtdb-rs226-k51.dna.rocksdb,GCA_034175465.1 Erysipelotrichaceae bacterium,a15629e31328da7806404628d01a5c25,0.006172839506172839,10000,452,13710000,outputs.mapping/bams.cds.rand/SRR14369306.x.s__Roseburia inulinivorans.fastq.gz,SRR14369306.x.s__Roseburia inulinivorans,f8f155eb,28130000,51,DNA,10000,2813,True,0.8557939677468303,0.9050575095049318,0.880425738625881,0.9050575095049318,True,1,18559,21186,d__Bacteria;p__Bacillota;c__Bacilli;o__Erysipelotrichales;f__Erysipelotrichaceae;g__UBA1783;s__UBA1783 sp016302195
10000,0.00035549235691432633,0.0035971223021582736,0.00035549235691432633,9.440196356084207e-05,2.0,2.0,0.0,/group/ctbrowngrp5/sourmash-db.new/gtdb-rs226/gtdb-rs226-k51.dna.rocksdb,GCA_022767285.1 Lachnospiraceae bacterium,a0fd63592a0f08a25ba206a6e85d8dfe,0.0035971223021582736,10000,453,13700000,outputs.mapping/bams.cds.rand/SRR14369306.x.s__Roseburia inulinivorans.fastq.gz,SRR14369306.x.s__Roseburia inulinivorans,f8f155eb,28130000,51,DNA,10000,2813,True,0.8557939677468303,0.895524667288616,0.8756593175177232,0.895524667288616,True,2,18561,21186,d__Bacteria;p__Bacillota;c__Clostridia;o__Lachnospirales;f__Lachnospiraceae;g__JALENY01;s__JALENY01 sp022767285
10000,0.00035549235691432633,0.005917159763313609,0.00035549235691432633,9.440196356084207e-05,2.0,2.0,0.0,/group/ctbrowngrp5/sourmash-db.new/gtdb-rs226/gtdb-rs226-k51.dna.rocksdb,GCA_945965185.1 uncultured Clostridia bacterium,7952608876aa4ef6c5b3c01196568293,0.005917159763313609,10000,454,13690000,outputs.mapping/bams.cds.rand/SRR14369306.x.s__Roseburia inulinivorans.fastq.gz,SRR14369306.x.s__Roseburia inulinivorans,f8f155eb,28130000,51,DNA,10000,2813,True,0.8557939677468303,0.9043071131825837,0.880050540464707,0.9043071131825837,True,2,18563,21186,d__Bacteria;p__Bacillota;c__Clostridia;o__Oscillospirales;f__Oscillospiraceae;g__F23-B02;s__F23-B02 sp004556755
10000,0.00035549235691432633,0.005128205128205128,0.00035549235691432633,9.440196356084207e-05,2.0,2.0,0.0,/group/ctbrowngrp5/sourmash-db.new/gtdb-rs226/gtdb-rs226-k51.dna.rocksdb,GCA_022776865.1 Bacillota bacterium,73277f5a89936651856ac9c3e93e51e0,0.005128205128205128,10000,455,13680000,outputs.mapping/bams.cds.rand/SRR14369306.x.s__Roseburia inulinivorans.fastq.gz,SRR14369306.x.s__Roseburia inulinivorans,f8f155eb,28130000,51,DNA,10000,2813,True,0.8557939677468303,0.9017732753618344,0.8787836215543323,0.9017732753618344,True,2,18565,21186,d__Bacteria;p__Bacillota;c__Clostridia;o__Peptostreptococcales;f__Anaerovoracaceae;g__CAG-238;s__CAG-238 sp945828095
20000,0.0007109847138286527,0.00423728813559322,0.00035549235691432633,0.0001416029453412631,3.0,3.0,0.0,/group/ctbrowngrp5/sourmash-db.new/gtdb-rs226/gtdb-rs226-k51.dna.rocksdb,GCA_946412345.1 uncultured Prevotella sp.,fd9fac15ef3e79f499215b5d60877809,0.00847457627118644,10000,456,13670000,outputs.mapping/bams.cds.rand/SRR14369306.x.s__Roseburia inulinivorans.fastq.gz,SRR14369306.x.s__Roseburia inulinivorans,f8f155eb,28130000,51,DNA,10000,2813,True,0.8675045670982334,0.9106990060940067,0.88910178659612,0.9106990060940067,True,3,18568,21186,d__Bacteria;p__Bacteroidota;c__Bacteroidia;o__Bacteroidales;f__Bacteroidaceae;g__Prevotella;s__Prevotella sp900313215
10000,0.00035549235691432633,0.0021321961620469083,0.00035549235691432633,9.440196356084207e-05,2.0,2.0,0.0,/group/ctbrowngrp5/sourmash-db.new/gtdb-rs226/gtdb-rs226-k51.dna.rocksdb,GCA_009929525.1 Clostridia bacterium,45c2e8795135aafb221133cb59ab6d49,0.0021321961620469083,10000,457,13660000,outputs.mapping/bams.cds.rand/SRR14369306.x.s__Roseburia inulinivorans.fastq.gz,SRR14369306.x.s__Roseburia inulinivorans,f8f155eb,28130000,51,DNA,10000,2813,True,0.8557939677468303,0.886388395952828,0.8710911818498291,0.886388395952828,True,2,18570,21186,d__Bacteria;p__Bacillota;c__Clostridia;o__Lachnospirales;f__Lachnospiraceae;g__Oliverpabstia;s__Oliverpabstia sp009929525
20000,0.0007109847138286527,0.0036496350364963502,0.00035549235691432633,0.0047200981780421035,100.0,100.0,0.0,/group/ctbrowngrp5/sourmash-db.new/gtdb-rs226/gtdb-rs226-k51.dna.rocksdb,GCA_945920195.1 uncultured Lachnospiraceae bacterium,f877cd44ae385eb150c28357a987bdc4,0.0072992700729927005,10000,458,13650000,outputs.mapping/bams.cds.rand/SRR14369306.x.s__Roseburia inulinivorans.fastq.gz,SRR14369306.x.s__Roseburia inulinivorans,f8f155eb,28130000,51,DNA,10000,2813,True,0.8675045670982334,0.908036943774764,0.8877707554364986,0.908036943774764,True,100,18670,21186,d__Bacteria;p__Bacillota;c__Clostridia;o__Lachnospirales;f__Lachnospiraceae;g__UBA2882;s__UBA2882 sp017626095
10000,0.00035549235691432633,0.003067484662576687,0.00035549235691432633,9.440196356084207e-05,2.0,2.0,0.0,/group/ctbrowngrp5/sourmash-db.new/gtdb-rs226/gtdb-rs226-k51.dna.rocksdb,GCA_022788205.1 Robinsoniella sp.,db64a1013c6bcd5371d2b2ffcc216ef4,0.003067484662576687,10000,459,13640000,outputs.mapping/bams.cds.rand/SRR14369306.x.s__Roseburia inulinivorans.fastq.gz,SRR14369306.x.s__Roseburia inulinivorans,f8f155eb,28130000,51,DNA,10000,2813,True,0.8557939677468303,0.8927322490946742,0.8742631084207522,0.8927322490946742,True,2,18672,21186,d__Bacteria;p__Bacillota;c__Clostridia;o__Lachnospirales;f__Lachnospiraceae;g__JAGZHZ01;s__JAGZHZ01 sp022788205
10000,0.00035549235691432633,0.005988023952095809,0.00035549235691432633,0.00023600490890210516,5.0,5.0,0.0,/group/ctbrowngrp5/sourmash-db.new/gtdb-rs226/gtdb-rs226-k51.dna.rocksdb,GCA_945835565.1 uncultured Bacteroidales bacterium,9f28120c584e9ab4f7364a98038c85db,0.005988023952095809,10000,460,13630000,outputs.mapping/bams.cds.rand/SRR14369306.x.s__Roseburia inulinivorans.fastq.gz,SRR14369306.x.s__Roseburia inulinivorans,f8f155eb,28130000,51,DNA,10000,2813,True,0.8557939677468303,0.9045182297439633,0.8801560987453968,0.9045182297439633,True,5,18677,21186,d__Bacteria;p__Bacteroidota;c__Bacteroidia;o__Bacteroidales;f__UBA932;g__Cryptobacteroides;s__Cryptobacteroides sp004554455
10000,0.00035549235691432633,0.002881844380403458,0.00035549235691432633,0.0033984706881903144,72.0,72.0,0.0,/group/ctbrowngrp5/sourmash-db.new/gtdb-rs226/gtdb-rs226-k51.dna.rocksdb,GCA_034117785.1 Lachnospiraceae bacterium,cae3b1979fcf875e3956e4344c22a762,0.002881844380403458,10000,461,13620000,outputs.mapping/bams.cds.rand/SRR14369306.x.s__Roseburia inulinivorans.fastq.gz,SRR14369306.x.s__Roseburia inulinivorans,f8f155eb,28130000,51,DNA,10000,2813,True,0.8557939677468303,0.8916401538661815,0.8737170608065059,0.8916401538661815,True,72,18749,21186,d__Bacteria;p__Bacillota;c__Clostridia;o__Lachnospirales;f__Lachnospiraceae;g__TWA4;s__TWA4 sp028724245
30000,0.001066477070742979,0.0036101083032490976,0.00035549235691432633,4.7200981780421035e-05,1.0,1.0,0.0,/group/ctbrowngrp5/sourmash-db.new/gtdb-rs226/gtdb-rs226-k51.dna.rocksdb,GCF_009696005.1 Bilifractor porci,ffac9bb13de9fb710b3f8bc06f13ed97,0.010830324909747292,10000,462,13610000,outputs.mapping/bams.cds.rand/SRR14369306.x.s__Roseburia inulinivorans.fastq.gz,SRR14369306.x.s__Roseburia inulinivorans,f8f155eb,28130000,51,DNA,10000,2813,True,0.8744289744662292,0.9150894713072147,0.894759222886722,0.9150894713072147,True,1,18750,21186,d__Bacteria;p__Bacillota;c__Clostridia;o__Lachnospirales;f__Lachnospiraceae;g__Bilifractor;s__Bilifractor porci
50000,0.0017774617845716318,0.0037593984962406013,0.00035549235691432633,9.440196356084207e-05,2.0,2.0,0.0,/group/ctbrowngrp5/sourmash-db.new/gtdb-rs226/gtdb-rs226-k51.dna.rocksdb,GCA_945990445.1 uncultured Roseburia sp.,38357d9ed4739a7c9d4c5493c18f33fd,0.018796992481203006,10000,463,13600000,outputs.mapping/bams.cds.rand/SRR14369306.x.s__Roseburia inulinivorans.fastq.gz,SRR14369306.x.s__Roseburia inulinivorans,f8f155eb,28130000,51,DNA,10000,2813,True,0.8832314300169112,0.9250359164269233,0.9041336732219172,0.9250359164269233,True,2,18752,21186,d__Bacteria;p__Bacillota;c__Clostridia;o__Lachnospirales;f__Lachnospiraceae;g__Roseburia_C;s__Roseburia_C sp900315735
240000,0.008531816565943833,0.002793296089385475,0.00035549235691432633,4.7200981780421035e-05,1.0,1.0,0.0,/group/ctbrowngrp5/sourmash-db.new/gtdb-rs226/gtdb-rs226-k51.dna.rocksdb,GCF_040096715.1 Dorea formicigenerans,f414e2e493f8fddff69a46169e654c33,0.0670391061452514,10000,464,13590000,outputs.mapping/bams.cds.rand/SRR14369306.x.s__Roseburia inulinivorans.fastq.gz,SRR14369306.x.s__Roseburia inulinivorans,f8f155eb,28130000,51,DNA,10000,2813,True,0.910819219980795,0.9483896979825237,0.9296044589816593,0.9483896979825237,False,1,18753,21186,d__Bacteria;p__Bacillota;c__Clostridia;o__Lachnospirales;f__Lachnospiraceae;g__Dorea;s__Dorea formicigenerans
130000,0.004621400639886242,0.0024390243902439024,0.00035549235691432633,0.00018880392712168414,4.0,4.0,0.0,/group/ctbrowngrp5/sourmash-db.new/gtdb-rs226/gtdb-rs226-k51.dna.rocksdb,GCA_019411525.1 Roseburia sp.,3fbc1e5372d20fd2ea75c4658199c9ab,0.03170731707317073,10000,465,13580000,outputs.mapping/bams.cds.rand/SRR14369306.x.s__Roseburia inulinivorans.fastq.gz,SRR14369306.x.s__Roseburia inulinivorans,f8f155eb,28130000,51,DNA,10000,2813,True,0.8999352172879171,0.9345681376884131,0.9172516774881652,0.9345681376884131,False,4,18757,21186,d__Bacteria;p__Bacillota;c__Clostridia;o__Lachnospirales;f__Lachnospiraceae;g__Roseburia;s__Roseburia inulinivorans
10000,0.00035549235691432633,0.004,0.00035549235691432633,4.7200981780421035e-05,1.0,1.0,0.0,/group/ctbrowngrp5/sourmash-db.new/gtdb-rs226/gtdb-rs226-k51.dna.rocksdb,GCA_022781395.1 Lachnospiraceae bacterium,28198ea1eb05e52a0e8dacf9dfec4507,0.004,10000,466,13570000,outputs.mapping/bams.cds.rand/SRR14369306.x.s__Roseburia inulinivorans.fastq.gz,SRR14369306.x.s__Roseburia inulinivorans,f8f155eb,28130000,51,DNA,10000,2813,True,0.8557939677468303,0.8973907082557256,0.8765923380012779,0.8973907082557256,True,1,18758,21186,d__Bacteria;p__Bacillota;c__Clostridia;o__Lachnospirales;f__Lachnospiraceae;g__UBA3282;s__UBA3282 sp022781395
10000,0.00035549235691432633,0.00641025641025641,0.00035549235691432633,0.0002832058906825262,6.0,6.0,0.0,/group/ctbrowngrp5/sourmash-db.new/gtdb-rs226/gtdb-rs226-k51.dna.rocksdb,GCA_029101325.1 Oscillospiraceae bacterium,aefb046dd79824c960f9083103df873e,0.00641025641025641,10000,467,13560000,outputs.mapping/bams.cds.rand/SRR14369306.x.s__Roseburia inulinivorans.fastq.gz,SRR14369306.x.s__Roseburia inulinivorans,f8f155eb,28130000,51,DNA,10000,2813,True,0.8557939677468303,0.9057275057526144,0.8807607367497223,0.9057275057526144,True,6,18764,21186,d__Bacteria;p__Bacillota;c__Clostridia;o__Oscillospirales;f__Acutalibacteraceae;g__Ruminococcoides;s__Ruminococcoides sp945949625
10000,0.00035549235691432633,0.005747126436781609,0.00035549235691432633,9.440196356084207e-05,2.0,2.0,0.0,/group/ctbrowngrp5/sourmash-db.new/gtdb-rs226/gtdb-rs226-k51.dna.rocksdb,GCA_934465115.1 uncultured Eubacteriales bacterium,49fbf675afe329cc25cd8eee571827f7,0.005747126436781609,10000,468,13550000,outputs.mapping/bams.cds.rand/SRR14369306.x.s__Roseburia inulinivorans.fastq.gz,SRR14369306.x.s__Roseburia inulinivorans,f8f155eb,28130000,51,DNA,10000,2813,True,0.8557939677468303,0.9037902706106046,0.8797921191787175,0.9037902706106046,True,2,18766,21186,d__Bacteria;p__Bacillota;c__Clostridia;o__Oscillospirales;f__CAG-272;g__CAKSIP01;s__CAKSIP01 sp934462825
40000,0.0014219694276573053,0.003937007874015748,0.00035549235691432633,0.0001416029453412631,3.0,3.0,0.0,/group/ctbrowngrp5/sourmash-db.new/gtdb-rs226/gtdb-rs226-k51.dna.rocksdb,GCA_934358955.1 uncultured Roseburia sp.,c7213196b37d8314cddd61349b57d47a,0.015748031496062992,10000,469,13540000,outputs.mapping/bams.cds.rand/SRR14369306.x.s__Roseburia inulinivorans.fastq.gz,SRR14369306.x.s__Roseburia inulinivorans,f8f155eb,28130000,51,DNA,10000,2813,True,0.8793754131238801,0.921831396456757,0.9006034047903186,0.921831396456757,True,3,18769,21186,d__Bacteria;p__Bacillota;c__Clostridia;o__Lachnospirales;f__Lachnospiraceae;g__Roseburia;s__Roseburia sp934358955
40000,0.0014219694276573053,0.0025974025974025974,0.00035549235691432633,0.0003304068724629472,7.0,7.0,0.0,/group/ctbrowngrp5/sourmash-db.new/gtdb-rs226/gtdb-rs226-k51.dna.rocksdb,GCA_021627585.1 Lachnospiraceae bacterium,9dc7e67d674a4adaa621ab5f5f2c20b7,0.01038961038961039,10000,470,13530000,outputs.mapping/bams.cds.rand/SRR14369306.x.s__Roseburia inulinivorans.fastq.gz,SRR14369306.x.s__Roseburia inulinivorans,f8f155eb,28130000,51,DNA,10000,2813,True,0.8793754131238801,0.9143443580936708,0.8968598856087755,0.9143443580936708,True,7,18776,21186,d__Bacteria;p__Bacillota;c__Clostridia;o__Lachnospirales;f__Lachnospiraceae;g__Agathobacter;s__Agathobacter sp900543445
110000,0.0039104159260575895,0.003787878787878788,0.00035549235691432633,9.440196356084207e-05,2.0,2.0,0.0,/group/ctbrowngrp5/sourmash-db.new/gtdb-rs226/gtdb-rs226-k51.dna.rocksdb,GCA_945917315.1 uncultured Lachnobacterium sp.,b3c85573bddb32fae48404a53c1b9314,0.041666666666666664,10000,471,13520000,outputs.mapping/bams.cds.rand/SRR14369306.x.s__Roseburia inulinivorans.fastq.gz,SRR14369306.x.s__Roseburia inulinivorans,f8f155eb,28130000,51,DNA,10000,2813,True,0.8969922388272394,0.9395870760883538,0.9182896574577966,0.9395870760883538,False,2,18778,21186,d__Bacteria;p__Bacillota;c__Clostridia;o__Lachnospirales;f__Lachnospiraceae;g__Agathobacter;s__Agathobacter sp900543445
10000,0.00035549235691432633,0.005434782608695652,0.00035549235691432633,9.440196356084207e-05,2.0,2.0,0.0,/group/ctbrowngrp5/sourmash-db.new/gtdb-rs226/gtdb-rs226-k51.dna.rocksdb,GCA_958444355.1 uncultured Eubacteriales bacterium,5080a681a24d7ba0a5ffc566472f2144,0.005434782608695652,10000,472,13510000,outputs.mapping/bams.cds.rand/SRR14369306.x.s__Roseburia inulinivorans.fastq.gz,SRR14369306.x.s__Roseburia inulinivorans,f8f155eb,28130000,51,DNA,10000,2813,True,0.8557939677468303,0.9028005342164377,0.8792972509816339,0.9028005342164377,True,2,18780,21186,d__Bacteria;p__Bacillota;c__Clostridia;o__Oscillospirales;f__Oscillospiraceae;g__Limivicinus;s__Limivicinus sp900549645
