intersect_bp,f_orig_query,f_match,f_unique_to_query,f_unique_weighted,average_abund,median_abund,std_abund,filename,name,md5,f_match_orig,unique_intersect_bp,gather_result_rank,remaining_bp,query_filename,query_name,query_md5,query_bp,ksize,moltype,scaled,query_n_hashes,query_abundance,query_containment_ani,match_containment_ani,average_containment_ani,max_containment_ani,potential_false_negative,n_unique_weighted_found,sum_weighted_found,total_weighted_hashes,lineage
2190000,0.08997534921939195,0.8171641791044776,0.08997534921939195,0.0821406347230865,3.6164383561643834,3.0,2.3425592119998058,/group/ctbrowngrp5/sourmash-db.new/gtdb-rs226/gtdb-rs226-k51.dna.rocksdb,GCA_946410715.1 uncultured Bacteroidales bacterium,a429b85a2a4914cd01c28c2de7ec2d3c,0.8171641791044776,2190000,0,22150000,outputs.mapping/bams.cds.rand/SRR11805643.x.s__Prevotella sp000434975.fastq.gz,SRR11805643.x.s__Prevotella sp000434975,1f18de40,24340000,51,DNA,10000,2434,True,0.9538775299839423,0.99604870443035,0.9749631172071461,0.99604870443035,False,792,792,9642,d__Bacteria;p__Bacteroidota;c__Bacteroidia;o__Bacteroidales;f__Bacteroidaceae;g__Prevotella;s__Prevotella sp000434975
1540000,0.06327033689400165,0.19436619718309858,0.028348397699260477,0.057560672059738645,8.043478260869565,4.0,9.595341234627757,/group/ctbrowngrp5/sourmash-db.new/gtdb-rs226/gtdb-rs226-k51.dna.rocksdb,GCF_019052395.1 Leyella stercorea,3f0fda1097a77cdaec6e92a540d9fada,0.43380281690140843,690000,1,21460000,outputs.mapping/bams.cds.rand/SRR11805643.x.s__Prevotella sp000434975.fastq.gz,SRR11805643.x.s__Prevotella sp000434975,1f18de40,24340000,51,DNA,10000,2434,True,0.9473143596908596,0.9837575663148977,0.9655359630028787,0.9837575663148977,False,555,1347,9642,d__Bacteria;p__Bacteroidota;c__Bacteroidia;o__Bacteroidales;f__Bacteroidaceae;g__Prevotella;s__Prevotella sp000434975
490000,0.020131470829909615,0.15960912052117263,0.020131470829909615,0.016594067620825555,3.2653061224489797,2.0,4.663254141905986,/group/ctbrowngrp5/sourmash-db.new/gtdb-rs226/gtdb-rs226-k51.dna.rocksdb,GCF_022784205.1 Prevotella sp.,fc0ae56c1ef8fefc2e994e4dd1716346,0.15960912052117263,490000,2,20970000,outputs.mapping/bams.cds.rand/SRR11805643.x.s__Prevotella sp000434975.fastq.gz,SRR11805643.x.s__Prevotella sp000434975,1f18de40,24340000,51,DNA,10000,2434,True,0.9262807891620951,0.9646586889805269,0.9454697390713109,0.9646586889805269,False,160,1507,9642,d__Bacteria;p__Bacteroidota;c__Bacteroidia;o__Bacteroidales;f__Bacteroidaceae;g__Prevotella;s__Prevotella sp905193385
2070000,0.08504519309778143,0.14046822742474915,0.01725554642563681,0.012238124870358847,2.8095238095238093,2.0,3.156535889366962,/group/ctbrowngrp5/sourmash-db.new/gtdb-rs226/gtdb-rs226-k51.dna.rocksdb,GCA_022777695.1 Prevotella sp.,61099839dea78388f4e56977218e4206,0.6923076923076923,420000,3,20550000,outputs.mapping/bams.cds.rand/SRR11805643.x.s__Prevotella sp000434975.fastq.gz,SRR11805643.x.s__Prevotella sp000434975,1f18de40,24340000,51,DNA,10000,2434,True,0.9528241160040792,0.9928156419705277,0.9728198789873035,0.9928156419705277,False,118,1625,9642,d__Bacteria;p__Bacteroidota;c__Bacteroidia;o__Bacteroidales;f__Bacteroidaceae;g__Prevotella;s__Prevotella sp000434975
520000,0.021364009860312245,0.10187667560321716,0.015612161051766639,0.09863098942128189,25.026315789473685,4.5,113.968713814502,/group/ctbrowngrp5/sourmash-db.new/gtdb-rs226/gtdb-rs226-k51.dna.rocksdb,GCA_019409885.1 Prevotella sp.,6c154c098b819aff0d260c0c4f175361,0.13941018766756033,380000,4,20170000,outputs.mapping/bams.cds.rand/SRR11805643.x.s__Prevotella sp000434975.fastq.gz,SRR11805643.x.s__Prevotella sp000434975,1f18de40,24340000,51,DNA,10000,2434,True,0.9273606882253422,0.962102761104539,0.9447317246649406,0.962102761104539,False,951,2576,9642,d__Bacteria;p__Bacteroidota;c__Bacteroidia;o__Bacteroidales;f__Bacteroidaceae;g__Prevotella;s__Prevotella sp900313215
400000,0.016433853738701727,0.10542168674698796,0.01437962202136401,0.028521053723293922,7.857142857142857,3.0,15.323451414916486,/group/ctbrowngrp5/sourmash-db.new/gtdb-rs226/gtdb-rs226-k51.dna.rocksdb,GCF_040095575.1 Hallella faecis,f700ccc7abfc04c22b47eb0be811ccdd,0.12048192771084337,350000,5,19820000,outputs.mapping/bams.cds.rand/SRR11805643.x.s__Prevotella sp000434975.fastq.gz,SRR11805643.x.s__Prevotella sp000434975,1f18de40,24340000,51,DNA,10000,2434,True,0.9226022265683645,0.9593539343076265,0.9409780804379955,0.9593539343076265,False,275,2851,9642,d__Bacteria;p__Bacteroidota;c__Bacteroidia;o__Bacteroidales;f__Bacteroidaceae;g__Prevotella;s__Prevotella faecis
360000,0.014790468364831553,0.08776595744680851,0.013557929334428924,0.01825347438290811,5.333333333333333,2.0,11.240259531853983,/group/ctbrowngrp5/sourmash-db.new/gtdb-rs226/gtdb-rs226-k51.dna.rocksdb,GCA_037065365.1 Prevotella sp.,605b0cec1d5e057a79649508b53f6ab4,0.09574468085106383,330000,6,19490000,outputs.mapping/bams.cds.rand/SRR11805643.x.s__Prevotella sp000434975.fastq.gz,SRR11805643.x.s__Prevotella sp000434975,1f18de40,24340000,51,DNA,10000,2434,True,0.9206981970186736,0.9550406475120564,0.937869422265365,0.9550406475120564,False,176,3027,9642,d__Bacteria;p__Bacteroidota;c__Bacteroidia;o__Bacteroidales;f__Bacteroidaceae;g__Prevotella;s__Prevotella sp900546535
290000,0.01191454396055875,0.07008086253369272,0.010682004930156122,0.035158680771624144,13.038461538461538,9.0,20.805843796747936,/group/ctbrowngrp5/sourmash-db.new/gtdb-rs226/gtdb-rs226-k51.dna.rocksdb,GCF_021531135.1 Segatella hominis,fbfb9fa1cd55529571913ff882c8b132,0.07816711590296496,260000,7,19230000,outputs.mapping/bams.cds.rand/SRR11805643.x.s__Prevotella sp000434975.fastq.gz,SRR11805643.x.s__Prevotella sp000434975,1f18de40,24340000,51,DNA,10000,2434,True,0.9168030046019925,0.9512498251844642,0.9340264148932284,0.9512498251844642,False,339,3366,9642,d__Bacteria;p__Bacteroidota;c__Bacteroidia;o__Bacteroidales;f__Bacteroidaceae;g__Prevotella;s__Prevotella sp945863825
1990000,0.08175842235004109,0.0858085808580858,0.010682004930156122,0.01099356979879693,4.076923076923077,2.0,5.863335076972156,/group/ctbrowngrp5/sourmash-db.new/gtdb-rs226/gtdb-rs226-k51.dna.rocksdb,GCA_037247825.1 Prevotella sp.,d023cd9b314ef6acd6593cdde9eec80e,0.6567656765676567,260000,8,18970000,outputs.mapping/bams.cds.rand/SRR11805643.x.s__Prevotella sp000434975.fastq.gz,SRR11805643.x.s__Prevotella sp000434975,1f18de40,24340000,51,DNA,10000,2434,True,0.9520880361619051,0.9917902001017365,0.9719391181318208,0.9917902001017365,False,106,3472,9642,d__Bacteria;p__Bacteroidota;c__Bacteroidia;o__Bacteroidales;f__Bacteroidaceae;g__Prevotella;s__Prevotella sp000434975
310000,0.012736236647493838,0.07142857142857142,0.009860312243221035,0.01109728272142709,4.458333333333333,3.0,4.377776896503014,/group/ctbrowngrp5/sourmash-db.new/gtdb-rs226/gtdb-rs226-k51.dna.rocksdb,GCA_036298005.1 Segatella copri,87f15e944fac495c7d4032c34adb8e84,0.09226190476190477,240000,9,18730000,outputs.mapping/bams.cds.rand/SRR11805643.x.s__Prevotella sp000434975.fastq.gz,SRR11805643.x.s__Prevotella sp000434975,1f18de40,24340000,51,DNA,10000,2434,True,0.9180026682767475,0.9543470203431857,0.9361748443099667,0.9543470203431857,False,107,3579,9642,d__Bacteria;p__Bacteroidota;c__Bacteroidia;o__Bacteroidales;f__Bacteroidaceae;g__Prevotella;s__Prevotella sinensis
300000,0.012325390304026294,0.04871794871794872,0.0078060805258833195,0.0063264882804397425,3.210526315789474,2.0,4.224975208503047,/group/ctbrowngrp5/sourmash-db.new/gtdb-rs226/gtdb-rs226-k51.dna.rocksdb,GCF_032490455.1 Segatella copri,bfcb106655cd8c28b323c986496d6d49,0.07692307692307693,190000,10,18540000,outputs.mapping/bams.cds.rand/SRR11805643.x.s__Prevotella sp000434975.fastq.gz,SRR11805643.x.s__Prevotella sp000434975,1f18de40,24340000,51,DNA,10000,2434,True,0.9174126394466131,0.950950636564582,0.9341816380055976,0.950950636564582,False,61,3640,9642,d__Bacteria;p__Bacteroidota;c__Bacteroidia;o__Bacteroidales;f__Bacteroidaceae;g__Prevotella;s__Prevotella copri
1880000,0.07723911257189811,0.06844106463878327,0.007395234182415777,0.005289359054138146,2.8333333333333335,2.0,2.29128784747792,/group/ctbrowngrp5/sourmash-db.new/gtdb-rs226/gtdb-rs226-k51.dna.rocksdb,GCA_004558345.1 Bacteroidales bacterium,f5e53fa27f71e9805a64ed97610c4ab2,0.714828897338403,180000,11,18360000,outputs.mapping/bams.cds.rand/SRR11805643.x.s__Prevotella sp000434975.fastq.gz,SRR11805643.x.s__Prevotella sp000434975,1f18de40,24340000,51,DNA,10000,2434,True,0.9510270894820199,0.99343902818816,0.9722330588350899,0.99343902818816,False,51,3691,9642,d__Bacteria;p__Bacteroidota;c__Bacteroidia;o__Bacteroidales;f__Bacteroidaceae;g__Prevotella;s__Prevotella sp000434975
250000,0.010271158586688579,0.06228373702422145,0.007395234182415777,0.01120099564405725,6.0,3.0,10.143416036468626,/group/ctbrowngrp5/sourmash-db.new/gtdb-rs226/gtdb-rs226-k51.dna.rocksdb,GCF_000834035.1 Prevotella pectinovora,e42ca70d89480979cffcaa66c99acb78,0.08650519031141868,180000,12,18180000,outputs.mapping/bams.cds.rand/SRR11805643.x.s__Prevotella sp000434975.fastq.gz,SRR11805643.x.s__Prevotella sp000434975,1f18de40,24340000,51,DNA,10000,2434,True,0.9141388065511017,0.9531421809853861,0.9336404937682439,0.9531421809853861,False,108,3799,9642,d__Bacteria;p__Bacteroidota;c__Bacteroidia;o__Bacteroidales;f__Bacteroidaceae;g__Prevotella;s__Prevotella pectinovora
160000,0.00657354149548069,0.055350553505535055,0.006162695152013147,0.005185646131507986,3.3333333333333335,2.0,4.141926551202419,/group/ctbrowngrp5/sourmash-db.new/gtdb-rs226/gtdb-rs226-k51.dna.rocksdb,GCA_036310265.1 Prevotella sp.,b37d40e74057e0a4bd905e2eb1f104fd,0.05904059040590406,150000,13,18030000,outputs.mapping/bams.cds.rand/SRR11805643.x.s__Prevotella sp000434975.fastq.gz,SRR11805643.x.s__Prevotella sp000434975,1f18de40,24340000,51,DNA,10000,2434,True,0.9061743252815753,0.9460300147895168,0.9261021700355461,0.9460300147895168,False,50,3849,9642,d__Bacteria;p__Bacteroidota;c__Bacteroidia;o__Bacteroidales;f__Bacteroidaceae;g__Prevotella;s__Prevotella sp900543975
330000,0.013557929334428924,0.045871559633027525,0.006162695152013147,0.004459655673096868,2.8666666666666667,2.0,2.246973272847029,/group/ctbrowngrp5/sourmash-db.new/gtdb-rs226/gtdb-rs226-k51.dna.rocksdb,GCA_945874985.1 uncultured Prevotella sp.,da6a98edb54e3a63a2cde697e8a479cc,0.10091743119266056,150000,14,17880000,outputs.mapping/bams.cds.rand/SRR11805643.x.s__Prevotella sp000434975.fastq.gz,SRR11805643.x.s__Prevotella sp000434975,1f18de40,24340000,51,DNA,10000,2434,True,0.9191287280447429,0.9560264881846599,0.9375776081147014,0.9560264881846599,False,43,3892,9642,d__Bacteria;p__Bacteroidota;c__Bacteroidia;o__Bacteroidales;f__Bacteroidaceae;g__Prevotella;s__Prevotella sp900552515
240000,0.009860312243221035,0.03571428571428571,0.005751848808545604,0.009749014727235014,6.714285714285714,2.5,10.20104036310983,/group/ctbrowngrp5/sourmash-db.new/gtdb-rs226/gtdb-rs226-k51.dna.rocksdb,GCF_002251365.1 Prevotella sp. P3-122,5ae49ef05423941dec413a8aae927173,0.061224489795918366,140000,15,17740000,outputs.mapping/bams.cds.rand/SRR11805643.x.s__Prevotella sp000434975.fastq.gz,SRR11805643.x.s__Prevotella sp000434975,1f18de40,24340000,51,DNA,10000,2434,True,0.9134073940314691,0.946704015293063,0.9300557046622661,0.946704015293063,False,94,3986,9642,d__Bacteria;p__Bacteroidota;c__Bacteroidia;o__Bacteroidales;f__Bacteroidaceae;g__Prevotella;s__Prevotella sp002251365
140000,0.005751848808545604,0.03076923076923077,0.0049301561216105174,0.01099356979879693,8.833333333333334,2.0,21.208619840893835,/group/ctbrowngrp5/sourmash-db.new/gtdb-rs226/gtdb-rs226-k51.dna.rocksdb,GCF_002251435.1 Prevotella sp. P2-180,c5f49e122048abf7e20aaf9064685581,0.035897435897435895,120000,16,17620000,outputs.mapping/bams.cds.rand/SRR11805643.x.s__Prevotella sp000434975.fastq.gz,SRR11805643.x.s__Prevotella sp000434975,1f18de40,24340000,51,DNA,10000,2434,True,0.903804826275125,0.9368453604420683,0.9203250933585967,0.9368453604420683,False,106,4092,9642,d__Bacteria;p__Bacteroidota;c__Bacteroidia;o__Bacteroidales;f__Bacteroidaceae;g__Prevotella;s__Prevotella sp002251435
1050000,0.04313886606409203,0.0380952380952381,0.0049301561216105174,0.005807923667288944,4.666666666666667,1.5,7.318166133366716,/group/ctbrowngrp5/sourmash-db.new/gtdb-rs226/gtdb-rs226-k51.dna.rocksdb,GCA_963602675.1 bacterium,c52e94ee1cdb20b761604b3f5594c769,0.3333333333333333,120000,17,17500000,outputs.mapping/bams.cds.rand/SRR11805643.x.s__Prevotella sp000434975.fastq.gz,SRR11805643.x.s__Prevotella sp000434975,1f18de40,24340000,51,DNA,10000,2434,True,0.9402270036066497,0.9786889418539977,0.9594579727303236,0.9786889418539977,False,56,4148,9642,d__Bacteria;p__Bacteroidota;c__Bacteroidia;o__Bacteroidales;f__Bacteroidaceae;g__Prevotella;s__Prevotella sp000434975
120000,0.0049301561216105174,0.038834951456310676,0.0049301561216105174,0.0028002489110143126,2.25,2.0,1.1636866703140785,/group/ctbrowngrp5/sourmash-db.new/gtdb-rs226/gtdb-rs226-k51.dna.rocksdb,GCA_958366005.1 uncultured Prevotella sp.,63a2c62758af4c722d85d6b69ac1b5e4,0.038834951456310676,120000,18,17380000,outputs.mapping/bams.cds.rand/SRR11805643.x.s__Prevotella sp000434975.fastq.gz,SRR11805643.x.s__Prevotella sp000434975,1f18de40,24340000,51,DNA,10000,2434,True,0.9010771442070892,0.9382913255280378,0.9196842348675636,0.9382913255280378,False,27,4175,9642,d__Bacteria;p__Bacteroidota;c__Bacteroidia;o__Bacteroidales;f__Bacteroidaceae;g__Prevotella;s__Prevotella sp000436915
120000,0.0049301561216105174,0.05714285714285714,0.0049301561216105174,0.005393071976768305,4.333333333333333,3.5,4.268749491621899,/group/ctbrowngrp5/sourmash-db.new/gtdb-rs226/gtdb-rs226-k51.dna.rocksdb,GCA_004553195.1 Bacteroidales bacterium,cc1913b80d3b74534cb7ad8238a3dd26,0.05714285714285714,120000,19,17260000,outputs.mapping/bams.cds.rand/SRR11805643.x.s__Prevotella sp000434975.fastq.gz,SRR11805643.x.s__Prevotella sp000434975,1f18de40,24340000,51,DNA,10000,2434,True,0.9010771442070892,0.9454241786517588,0.923250661429424,0.9454241786517588,False,52,4227,9642,d__Bacteria;p__Bacteroidota;c__Bacteroidia;o__Bacteroidales;f__Bacteroidaceae;g__Alloprevotella;s__Alloprevotella sp004555425
370000,0.015201314708299097,0.03793103448275862,0.0045193097781429745,0.0017631196847127152,1.5454545454545454,1.0,1.437398936440173,/group/ctbrowngrp5/sourmash-db.new/gtdb-rs226/gtdb-rs226-k51.dna.rocksdb,GCA_034102485.1 Prevotella sp.,1d43c3dadc3e6d383f74f28175cc0a33,0.12758620689655173,110000,20,17150000,outputs.mapping/bams.cds.rand/SRR11805643.x.s__Prevotella sp000434975.fastq.gz,SRR11805643.x.s__Prevotella sp000434975,1f18de40,24340000,51,DNA,10000,2434,True,0.921192961009677,0.9604322612450368,0.9408126111273569,0.9604322612450368,False,17,4244,9642,d__Bacteria;p__Bacteroidota;c__Bacteroidia;o__Bacteroidales;f__Bacteroidaceae;g__Prevotella;s__Prevotella sp905193385
330000,0.013557929334428924,0.024630541871921183,0.004108463434675432,0.005289359054138146,5.1,4.5,3.9357337308308855,/group/ctbrowngrp5/sourmash-db.new/gtdb-rs226/gtdb-rs226-k51.dna.rocksdb,GCA_937921405.1 uncultured Prevotella sp.,1a93b4f0387562d6b472c028495d5784,0.0812807881773399,100000,21,17050000,outputs.mapping/bams.cds.rand/SRR11805643.x.s__Prevotella sp000434975.fastq.gz,SRR11805643.x.s__Prevotella sp000434975,1f18de40,24340000,51,DNA,10000,2434,True,0.9191287280447429,0.9519786615435707,0.9355536947941567,0.9519786615435707,False,51,4295,9642,d__Bacteria;p__Bacteroidota;c__Bacteroidia;o__Bacteroidales;f__Bacteroidaceae;g__Prevotella;s__Prevotella sp900556795
100000,0.004108463434675432,0.03496503496503497,0.004108463434675432,0.003422526446795271,3.3,1.5,3.0016662039607267,/group/ctbrowngrp5/sourmash-db.new/gtdb-rs226/gtdb-rs226-k51.dna.rocksdb,GCA_945869265.1 uncultured Prevotella sp.,33193da5f8eacad67419eebc3e05da30,0.03496503496503497,100000,22,16950000,outputs.mapping/bams.cds.rand/SRR11805643.x.s__Prevotella sp000434975.fastq.gz,SRR11805643.x.s__Prevotella sp000434975,1f18de40,24340000,51,DNA,10000,2434,True,0.8978616053434889,0.9363620489142205,0.9171118271288548,0.9363620489142205,False,33,4328,9642,d__Bacteria;p__Bacteroidota;c__Bacteroidia;o__Bacteroidales;f__Bacteroidaceae;g__Prevotella;s__Prevotella sp945869265
1920000,0.07888249794576828,0.035842293906810034,0.004108463434675432,0.0017631196847127152,1.7,2.0,0.45825756949558405,/group/ctbrowngrp5/sourmash-db.new/gtdb-rs226/gtdb-rs226-k51.dna.rocksdb,GCA_945949445.1 uncultured Bacteroidales bacterium,cabd04d92abe55c5033d59d55c605a96,0.6881720430107527,100000,23,16850000,outputs.mapping/bams.cds.rand/SRR11805643.x.s__Prevotella sp000434975.fastq.gz,SRR11805643.x.s__Prevotella sp000434975,1f18de40,24340000,51,DNA,10000,2434,True,0.9514197658698047,0.9926990099265924,0.9720593878981986,0.9926990099265924,False,17,4345,9642,d__Bacteria;p__Bacteroidota;c__Bacteroidia;o__Bacteroidales;f__Bacteroidaceae;g__Prevotella;s__Prevotella sp000434975
1960000,0.08052588331963846,0.03169014084507042,0.0036976170912078883,0.0020742584526031943,2.2222222222222223,2.0,1.0304020550550783,/group/ctbrowngrp5/sourmash-db.new/gtdb-rs226/gtdb-rs226-k51.dna.rocksdb,GCA_022786585.1 Prevotella sp.,9a2ccd698b1bdd5d59061a1887c32055,0.6901408450704225,90000,24,16760000,outputs.mapping/bams.cds.rand/SRR11805643.x.s__Prevotella sp000434975.fastq.gz,SRR11805643.x.s__Prevotella sp000434975,1f18de40,24340000,51,DNA,10000,2434,True,0.9518045024116122,0.992754618801121,0.9722795606063666,0.992754618801121,False,20,4365,9642,d__Bacteria;p__Bacteroidota;c__Bacteroidia;o__Bacteroidales;f__Bacteroidaceae;g__Prevotella;s__Prevotella sp000434975
120000,0.0049301561216105174,0.03404255319148936,0.003286770747740345,0.006741339970960381,8.125,5.5,6.679025003696273,/group/ctbrowngrp5/sourmash-db.new/gtdb-rs226/gtdb-rs226-k51.dna.rocksdb,GCA_004554495.1 Bacteroidales bacterium,ee96a02261cff23da7f1832e323f86d6,0.05106382978723404,80000,25,16680000,outputs.mapping/bams.cds.rand/SRR11805643.x.s__Prevotella sp000434975.fastq.gz,SRR11805643.x.s__Prevotella sp000434975,1f18de40,24340000,51,DNA,10000,2434,True,0.9010771442070892,0.9433413898654691,0.9222092670362791,0.9433413898654691,False,65,4430,9642,d__Bacteria;p__Bacteroidota;c__Bacteroidia;o__Bacteroidales;f__Bacteroidaceae;g__Minthosoma;s__Minthosoma sp900316975
120000,0.0049301561216105174,0.027491408934707903,0.003286770747740345,0.001451980916822236,1.75,2.0,0.6614378277661477,/group/ctbrowngrp5/sourmash-db.new/gtdb-rs226/gtdb-rs226-k51.dna.rocksdb,GCF_002251295.1 Prevotella sp. P5-50,e0b4f5e74144729f3a8f0c0fb991e304,0.041237113402061855,80000,26,16600000,outputs.mapping/bams.cds.rand/SRR11805643.x.s__Prevotella sp000434975.fastq.gz,SRR11805643.x.s__Prevotella sp000434975,1f18de40,24340000,51,DNA,10000,2434,True,0.9010771442070892,0.9393961789976791,0.9202366616023842,0.9393961789976791,False,14,4444,9642,d__Bacteria;p__Bacteroidota;c__Bacteroidia;o__Bacteroidales;f__Bacteroidaceae;g__Prevotella;s__Prevotella sp002251295
80000,0.003286770747740345,0.03508771929824561,0.003286770747740345,0.0785106824310309,94.625,1.0,203.00119303836615,/group/ctbrowngrp5/sourmash-db.new/gtdb-rs226/gtdb-rs226-k51.dna.rocksdb,GCF_902363955.1 Lactobacillus amylovorus,ed4645e082c78d31e23f89ee57471aca,0.03508771929824561,80000,27,16520000,outputs.mapping/bams.cds.rand/SRR11805643.x.s__Prevotella sp000434975.fastq.gz,SRR11805643.x.s__Prevotella sp000434975,1f18de40,24340000,51,DNA,10000,2434,True,0.893941715946276,0.936426359560229,0.9151840377532525,0.936426359560229,False,757,5201,9642,d__Bacteria;p__Bacillota;c__Bacilli;o__Lactobacillales;f__Lactobacillaceae;g__Lactobacillus;s__Lactobacillus amylovorus
120000,0.0049301561216105174,0.01839080459770115,0.003286770747740345,0.0032151006015349514,3.875,2.0,3.6890886408434267,/group/ctbrowngrp5/sourmash-db.new/gtdb-rs226/gtdb-rs226-k51.dna.rocksdb,GCF_003459365.1 Phocaeicola vulgatus,0bb14cffafdf81c68aef341944d5f218,0.027586206896551724,80000,28,16440000,outputs.mapping/bams.cds.rand/SRR11805643.x.s__Prevotella sp000434975.fastq.gz,SRR11805643.x.s__Prevotella sp000434975,1f18de40,24340000,51,DNA,10000,2434,True,0.9010771442070892,0.9320202172696922,0.9165486807383907,0.9320202172696922,False,31,5232,9642,d__Bacteria;p__Bacteroidota;c__Bacteroidia;o__Bacteroidales;f__Bacteroidaceae;g__Phocaeicola;s__Phocaeicola vulgatus
1950000,0.08011503697617091,0.027777777777777776,0.003286770747740345,0.0017631196847127152,2.125,2.0,0.5994789404140899,/group/ctbrowngrp5/sourmash-db.new/gtdb-rs226/gtdb-rs226-k51.dna.rocksdb,GCA_034169145.1 Prevotella sp.,c3508037f8ecb057f9d3692d6c35836e,0.6770833333333334,80000,29,16360000,outputs.mapping/bams.cds.rand/SRR11805643.x.s__Prevotella sp000434975.fastq.gz,SRR11805643.x.s__Prevotella sp000434975,1f18de40,24340000,51,DNA,10000,2434,True,0.9517090449272294,0.9923828659497145,0.9720459554384719,0.9923828659497145,False,17,5249,9642,d__Bacteria;p__Bacteroidota;c__Bacteroidia;o__Bacteroidales;f__Bacteroidaceae;g__Prevotella;s__Prevotella sp000434975
100000,0.004108463434675432,0.011824324324324325,0.002875924404272802,0.005496784899398465,7.571428571428571,7.0,6.343886660335576,/group/ctbrowngrp5/sourmash-db.new/gtdb-rs226/gtdb-rs226-k51.dna.rocksdb,GCA_003473955.1 Bacteroides fragilis,6a22d73b5686a6881d95d215e52c5da3,0.016891891891891893,70000,30,16290000,outputs.mapping/bams.cds.rand/SRR11805643.x.s__Prevotella sp000434975.fastq.gz,SRR11805643.x.s__Prevotella sp000434975,1f18de40,24340000,51,DNA,10000,2434,True,0.8978616053434889,0.9230996663337574,0.9104806358386232,0.9230996663337574,False,53,5302,9642,d__Bacteria;p__Bacteroidota;c__Bacteroidia;o__Bacteroidales;f__Bacteroidaceae;g__Bacteroides;s__Bacteroides fragilis
90000,0.0036976170912078883,0.020958083832335328,0.002875924404272802,0.0023853972204936737,3.2857142857142856,1.0,4.8022103754204615,/group/ctbrowngrp5/sourmash-db.new/gtdb-rs226/gtdb-rs226-k51.dna.rocksdb,GCA_004562055.1 bacterium,6db660ba7feff2de802e4457511bab40,0.02694610778443114,70000,31,16220000,outputs.mapping/bams.cds.rand/SRR11805643.x.s__Prevotella sp000434975.fastq.gz,SRR11805643.x.s__Prevotella sp000434975,1f18de40,24340000,51,DNA,10000,2434,True,0.8960086344976829,0.9315912754046242,0.9137999549511535,0.9315912754046242,False,23,5325,9642,d__Bacteria;p__Bacteroidota;c__Bacteroidia;o__Bacteroidales;f__UBA932;g__Cryptobacteroides;s__Cryptobacteroides sp900546925
180000,0.007395234182415777,0.022082018927444796,0.002875924404272802,0.0012445550715619166,1.7142857142857142,1.0,1.0301575072754254,/group/ctbrowngrp5/sourmash-db.new/gtdb-rs226/gtdb-rs226-k51.dna.rocksdb,GCA_963622855.1 Acidaminococcaceae bacterium,82afdfdd96329f7a4f728ecfdde46245,0.056782334384858045,70000,32,16150000,outputs.mapping/bams.cds.rand/SRR11805643.x.s__Prevotella sp000434975.fastq.gz,SRR11805643.x.s__Prevotella sp000434975,1f18de40,24340000,51,DNA,10000,2434,True,0.9082695273404147,0.9453068581413387,0.9267881927408768,0.9453068581413387,False,12,5337,9642,d__Bacteria;p__Bacteroidota;c__Bacteroidia;o__Bacteroidales;f__Bacteroidaceae;g__Prevotella;s__Prevotella sp900313215
60000,0.0024650780608052587,0.015665796344647518,0.0024650780608052587,0.023127981746525618,37.166666666666664,2.0,58.396394485352346,/group/ctbrowngrp5/sourmash-db.new/gtdb-rs226/gtdb-rs226-k51.dna.rocksdb,GCF_040092875.1 Blautia wexlerae,64d1cff9ab2ebbd5d09a254a0144ba22,0.015665796344647518,60000,33,16090000,outputs.mapping/bams.cds.rand/SRR11805643.x.s__Prevotella sp000434975.fastq.gz,SRR11805643.x.s__Prevotella sp000434975,1f18de40,24340000,51,DNA,10000,2434,True,0.8889133426310211,0.9217367669334514,0.9053250547822362,0.9217367669334514,True,223,5560,9642,d__Bacteria;p__Bacillota;c__Clostridia;o__Lachnospirales;f__Lachnospiraceae;g__Blautia_A;s__Blautia_A wexlerae
350000,0.01437962202136401,0.01634877384196185,0.0024650780608052587,0.002903961833644472,4.666666666666667,2.5,5.2493385826745405,/group/ctbrowngrp5/sourmash-db.new/gtdb-rs226/gtdb-rs226-k51.dna.rocksdb,GCF_026015265.1 Segatella copri,619acd031784d0ee3b8122d1092eae72,0.09536784741144415,60000,34,16030000,outputs.mapping/bams.cds.rand/SRR11805643.x.s__Prevotella sp000434975.fastq.gz,SRR11805643.x.s__Prevotella sp000434975,1f18de40,24340000,51,DNA,10000,2434,True,0.9201897712623468,0.9549668017249109,0.9375782864936288,0.9549668017249109,False,28,5588,9642,d__Bacteria;p__Bacteroidota;c__Bacteroidia;o__Bacteroidales;f__Bacteroidaceae;g__Prevotella;s__Prevotella copri_C
310000,0.012736236647493838,0.014705882352941176,0.0024650780608052587,0.002592823065753993,4.166666666666667,3.5,2.733536577809454,/group/ctbrowngrp5/sourmash-db.new/gtdb-rs226/gtdb-rs226-k51.dna.rocksdb,GCA_027666885.1 Bacteroidaceae bacterium AM72-11pH9A,acc16f84994198ceb0e4d6413bdc19a9,0.07598039215686274,60000,35,15970000,outputs.mapping/bams.cds.rand/SRR11805643.x.s__Prevotella sp000434975.fastq.gz,SRR11805643.x.s__Prevotella sp000434975,1f18de40,24340000,51,DNA,10000,2434,True,0.9180026682767475,0.9507207466358223,0.9343617074562849,0.9507207466358223,False,25,5613,9642,d__Bacteria;p__Bacteroidota;c__Bacteroidia;o__Bacteroidales;f__Bacteroidaceae;g__Prevotella;s__Prevotella sp002265625
90000,0.0036976170912078883,0.015873015873015872,0.0024650780608052587,0.030595312175897116,49.166666666666664,33.0,50.78522313516885,/group/ctbrowngrp5/sourmash-db.new/gtdb-rs226/gtdb-rs226-k51.dna.rocksdb,GCA_004552745.1 Bacteroidales bacterium,3e08b90199a5db83c0a22b1dda3b56da,0.023809523809523808,60000,36,15910000,outputs.mapping/bams.cds.rand/SRR11805643.x.s__Prevotella sp000434975.fastq.gz,SRR11805643.x.s__Prevotella sp000434975,1f18de40,24340000,51,DNA,10000,2434,True,0.8960086344976829,0.9293334784911674,0.9126710564944251,0.9293334784911674,False,295,5908,9642,d__Bacteria;p__Bacteroidota;c__Bacteroidia;o__Bacteroidales;f__UBA932;g__Cryptobacteroides;s__Cryptobacteroides sp000433355
70000,0.002875924404272802,0.022123893805309734,0.002054231717337716,0.0012445550715619166,2.4,3.0,1.2000000000000002,/group/ctbrowngrp5/sourmash-db.new/gtdb-rs226/gtdb-rs226-k51.dna.rocksdb,GCA_034114705.1 Alloprevotella sp.,cfc50496d059c33592ebbfbbf7de87c4,0.030973451327433628,50000,37,15860000,outputs.mapping/bams.cds.rand/SRR11805643.x.s__Prevotella sp000434975.fastq.gz,SRR11805643.x.s__Prevotella sp000434975,1f18de40,24340000,51,DNA,10000,2434,True,0.8916042032308269,0.9341391219355634,0.9128716625831952,0.9341391219355634,False,12,5920,9642,d__Bacteria;p__Bacteroidota;c__Bacteroidia;o__Bacteroidales;f__Bacteroidaceae;g__Alloprevotella;s__Alloprevotella sp004552155
50000,0.002054231717337716,0.016611295681063124,0.002054231717337716,0.06285003111387678,121.2,6.0,232.43528131503615,/group/ctbrowngrp5/sourmash-db.new/gtdb-rs226/gtdb-rs226-k51.dna.rocksdb,GCF_022133545.1 Faecalibacterium prausnitzii,ec1befaee7a64392f1b83508c71938ff,0.016611295681063124,50000,38,15810000,outputs.mapping/bams.cds.rand/SRR11805643.x.s__Prevotella sp000434975.fastq.gz,SRR11805643.x.s__Prevotella sp000434975,1f18de40,24340000,51,DNA,10000,2434,True,0.8857412109018137,0.9227965265600997,0.9042688687309567,0.9227965265600997,True,606,6526,9642,d__Bacteria;p__Bacillota;c__Clostridia;o__Oscillospirales;f__Ruminococcaceae;g__Faecalibacterium;s__Faecalibacterium duncaniae
1890000,0.07764995891536565,0.017123287671232876,0.002054231717337716,0.0020742584526031943,4.0,2.0,3.3466401061363023,/group/ctbrowngrp5/sourmash-db.new/gtdb-rs226/gtdb-rs226-k51.dna.rocksdb,GCA_004554545.1 Bacteroidales bacterium,8231d7fa6d5da2782e1963c6ae5d95e5,0.6472602739726028,50000,39,15760000,outputs.mapping/bams.cds.rand/SRR11805643.x.s__Prevotella sp000434975.fastq.gz,SRR11805643.x.s__Prevotella sp000434975,1f18de40,24340000,51,DNA,10000,2434,True,0.9511260210662477,0.9915067285154006,0.9713163747908241,0.9915067285154006,False,20,6546,9642,d__Bacteria;p__Bacteroidota;c__Bacteroidia;o__Bacteroidales;f__Bacteroidaceae;g__Prevotella;s__Prevotella sp000434975
190000,0.0078060805258833195,0.020242914979757085,0.002054231717337716,0.0010371292263015972,2.0,2.0,1.0954451150103321,/group/ctbrowngrp5/sourmash-db.new/gtdb-rs226/gtdb-rs226-k51.dna.rocksdb,GCF_000436015.1 Prevotella sp. CAG:592,eed5d2bb8a90b5558e2616f691ac1e7c,0.07692307692307693,50000,40,15710000,outputs.mapping/bams.cds.rand/SRR11805643.x.s__Prevotella sp000434975.fastq.gz,SRR11805643.x.s__Prevotella sp000434975,1f18de40,24340000,51,DNA,10000,2434,True,0.9092329322270535,0.950950636564582,0.9300917843958177,0.950950636564582,False,10,6556,9642,d__Bacteria;p__Bacteroidota;c__Bacteroidia;o__Bacteroidales;f__Bacteroidaceae;g__Prevotella;s__Prevotella pectinovora
80000,0.003286770747740345,0.01838235294117647,0.002054231717337716,0.003007674756274632,5.8,3.0,4.308131845707604,/group/ctbrowngrp5/sourmash-db.new/gtdb-rs226/gtdb-rs226-k51.dna.rocksdb,GCA_004553245.1 Bacteroidales bacterium,0619d4a72519c32a14509836e8d74c94,0.029411764705882353,50000,41,15660000,outputs.mapping/bams.cds.rand/SRR11805643.x.s__Prevotella sp000434975.fastq.gz,SRR11805643.x.s__Prevotella sp000434975,1f18de40,24340000,51,DNA,10000,2434,True,0.893941715946276,0.9331919883470096,0.9135668521466428,0.9331919883470096,False,29,6585,9642,d__Bacteria;p__Bacteroidota;c__Bacteroidia;o__Bacteroidales;f__Bacteroidaceae;g__Prevotella;s__Prevotella sp900547005
110000,0.0045193097781429745,0.01529051987767584,0.002054231717337716,0.0012445550715619166,2.4,2.0,1.8547236990991407,/group/ctbrowngrp5/sourmash-db.new/gtdb-rs226/gtdb-rs226-k51.dna.rocksdb,GCA_037353445.1 Segatella hominis,df431d193a47ffae4d5fdc5b29a62b71,0.03363914373088685,50000,42,15610000,outputs.mapping/bams.cds.rand/SRR11805643.x.s__Prevotella sp000434975.fastq.gz,SRR11805643.x.s__Prevotella sp000434975,1f18de40,24340000,51,DNA,10000,2434,True,0.8995411222777202,0.9356525521058381,0.9175968371917791,0.9356525521058381,False,12,6597,9642,d__Bacteria;p__Bacteroidota;c__Bacteroidia;o__Bacteroidales;f__Bacteroidaceae;g__Prevotella;s__Prevotella hominis
2010000,0.08258011503697617,0.016891891891891893,0.002054231717337716,0.000725990458411118,1.4,1.0,0.4898979485566356,/group/ctbrowngrp5/sourmash-db.new/gtdb-rs226/gtdb-rs226-k51.dna.rocksdb,GCA_945899945.1 uncultured Bacteroidales bacterium,f3474a6004af9ec394f65826b862bd74,0.6790540540540541,50000,43,15560000,outputs.mapping/bams.cds.rand/SRR11805643.x.s__Prevotella sp000434975.fastq.gz,SRR11805643.x.s__Prevotella sp000434975,1f18de40,24340000,51,DNA,10000,2434,True,0.9522747399501343,0.9924394212289606,0.9723570805895474,0.9924394212289606,False,7,6604,9642,d__Bacteria;p__Bacteroidota;c__Bacteroidia;o__Bacteroidales;f__Bacteroidaceae;g__Prevotella;s__Prevotella sp000434975
150000,0.006162695152013147,0.01639344262295082,0.002054231717337716,0.0022816842978635138,4.4,6.0,2.0591260281974,/group/ctbrowngrp5/sourmash-db.new/gtdb-rs226/gtdb-rs226-k51.dna.rocksdb,GCA_958371835.1 uncultured Prevotella sp.,67dda519a98c6aac79dee66813c29a8f,0.04918032786885246,50000,44,15510000,outputs.mapping/bams.cds.rand/SRR11805643.x.s__Prevotella sp000434975.fastq.gz,SRR11805643.x.s__Prevotella sp000434975,1f18de40,24340000,51,DNA,10000,2434,True,0.9050283220978192,0.9426464826670732,0.9238374023824463,0.9426464826670732,False,22,6626,9642,d__Bacteria;p__Bacteroidota;c__Bacteroidia;o__Bacteroidales;f__Bacteroidaceae;g__Prevotella;s__Prevotella sp022741625
50000,0.002054231717337716,0.016,0.0016433853738701725,0.0006222775357809583,1.5,1.5,0.5,/group/ctbrowngrp5/sourmash-db.new/gtdb-rs226/gtdb-rs226-k51.dna.rocksdb,GCA_000433895.1 Prevotella sp. CAG:474,bc79a61e18a1ff53908b05b8387b3bfa,0.02,40000,45,15470000,outputs.mapping/bams.cds.rand/SRR11805643.x.s__Prevotella sp000434975.fastq.gz,SRR11805643.x.s__Prevotella sp000434975,1f18de40,24340000,51,DNA,10000,2434,True,0.8857412109018137,0.9261617964232596,0.9059515036625366,0.9261617964232596,True,6,6632,9642,d__Bacteria;p__Bacteroidota;c__Bacteroidia;o__Bacteroidales;f__Bacteroidaceae;g__Prevotella;s__Prevotella sp002251385
1840000,0.07559572719802794,0.01593625498007968,0.0016433853738701725,0.0008297033810412777,2.0,2.0,0.7071067811865476,/group/ctbrowngrp5/sourmash-db.new/gtdb-rs226/gtdb-rs226-k51.dna.rocksdb,GCA_034114755.1 Prevotella sp.,91d6b9af67bfa012177e5229144284e2,0.7330677290836654,40000,46,15430000,outputs.mapping/bams.cds.rand/SRR11805643.x.s__Prevotella sp000434975.fastq.gz,SRR11805643.x.s__Prevotella sp000434975,1f18de40,24340000,51,DNA,10000,2434,True,0.9506261351300437,0.9939299256081549,0.9722780303690992,0.9939299256081549,False,8,6640,9642,d__Bacteria;p__Bacteroidota;c__Bacteroidia;o__Bacteroidales;f__Bacteroidaceae;g__Prevotella;s__Prevotella sp000434975
160000,0.00657354149548069,0.011904761904761904,0.0016433853738701725,0.001866832607342875,4.5,4.0,2.598076211353316,/group/ctbrowngrp5/sourmash-db.new/gtdb-rs226/gtdb-rs226-k51.dna.rocksdb,GCA_963558525.1 uncultured Prevotella sp.,32c601d6131bc6ccad67d0ede487bbac,0.047619047619047616,40000,47,15390000,outputs.mapping/bams.cds.rand/SRR11805643.x.s__Prevotella sp000434975.fastq.gz,SRR11805643.x.s__Prevotella sp000434975,1f18de40,24340000,51,DNA,10000,2434,True,0.9061743252815753,0.9420503851773752,0.9241123552294752,0.9420503851773752,False,18,6658,9642,d__Bacteria;p__Bacteroidota;c__Bacteroidia;o__Bacteroidales;f__Bacteroidaceae;g__Prevotella;s__Prevotella sp900543975
50000,0.002054231717337716,0.014925373134328358,0.0016433853738701725,0.000725990458411118,1.75,1.5,0.82915619758885,/group/ctbrowngrp5/sourmash-db.new/gtdb-rs226/gtdb-rs226-k51.dna.rocksdb,GCA_034176215.1 Candidatus Cryptobacteroides sp.,5c046d3e2ce4fdfed822b10884c9f559,0.018656716417910446,40000,48,15350000,outputs.mapping/bams.cds.rand/SRR11805643.x.s__Prevotella sp000434975.fastq.gz,SRR11805643.x.s__Prevotella sp000434975,1f18de40,24340000,51,DNA,10000,2434,True,0.8857412109018137,0.9249000609063228,0.9053206359040682,0.9249000609063228,True,7,6665,9642,d__Bacteria;p__Bacteroidota;c__Bacteroidia;o__Bacteroidales;f__UBA932;g__Cryptobacteroides;s__Cryptobacteroides sp022777585
950000,0.0390304026294166,0.014814814814814815,0.0016433853738701725,0.0006222775357809583,1.5,1.5,0.5,/group/ctbrowngrp5/sourmash-db.new/gtdb-rs226/gtdb-rs226-k51.dna.rocksdb,GCA_958450955.1 uncultured Bacteroidales bacterium,03cc7cd4d7e3c7b76f5e9955a8cb41b0,0.35185185185185186,40000,49,15310000,outputs.mapping/bams.cds.rand/SRR11805643.x.s__Prevotella sp000434975.fastq.gz,SRR11805643.x.s__Prevotella sp000434975,1f18de40,24340000,51,DNA,10000,2434,True,0.938383691887555,0.9797270408771394,0.9590553663823471,0.9797270408771394,False,6,6671,9642,d__Bacteria;p__Bacteroidota;c__Bacteroidia;o__Bacteroidales;f__Bacteroidaceae;g__Prevotella;s__Prevotella sp000434975
1700000,0.06984387838948233,0.015503875968992248,0.0016433853738701725,0.0023853972204936737,5.75,2.0,7.084313657652377,/group/ctbrowngrp5/sourmash-db.new/gtdb-rs226/gtdb-rs226-k51.dna.rocksdb,GCA_004551885.1 Bacteroidales bacterium,5743330a220e23ed0df5080cd0a2380a,0.6589147286821705,40000,50,15270000,outputs.mapping/bams.cds.rand/SRR11805643.x.s__Prevotella sp000434975.fastq.gz,SRR11805643.x.s__Prevotella sp000434975,1f18de40,24340000,51,DNA,10000,2434,True,0.9491521808612535,0.9918537318005917,0.9705029563309227,0.9918537318005917,False,23,6694,9642,d__Bacteria;p__Bacteroidota;c__Bacteroidia;o__Bacteroidales;f__Bacteroidaceae;g__Prevotella;s__Prevotella sp000434975
40000,0.0016433853738701725,0.01702127659574468,0.0016433853738701725,0.00041485169052063887,1.0,1.0,0.0,/group/ctbrowngrp5/sourmash-db.new/gtdb-rs226/gtdb-rs226-k51.dna.rocksdb,GCA_959603385.1 uncultured Prevotella sp.,2abe3a3e0ab8e9490313a91c26f26a55,0.01702127659574468,40000,51,15230000,outputs.mapping/bams.cds.rand/SRR11805643.x.s__Prevotella sp000434975.fastq.gz,SRR11805643.x.s__Prevotella sp000434975,1f18de40,24340000,51,DNA,10000,2434,True,0.8818742367928581,0.9232377866545154,0.9025560117236868,0.9232377866545154,True,4,6698,9642,d__Bacteria;p__Bacteroidota;c__Bacteroidia;o__Bacteroidales;f__Bacteroidaceae;g__Prevotella;s__Prevotella sp022769285
2020000,0.08299096138044372,0.014184397163120567,0.0016433853738701725,0.00041485169052063887,1.0,1.0,0.0,/group/ctbrowngrp5/sourmash-db.new/gtdb-rs226/gtdb-rs226-k51.dna.rocksdb,GCA_034089605.1 Prevotella sp.,3ca7cf055c061cd44016f6c891c77680,0.7163120567375887,40000,52,15190000,outputs.mapping/bams.cds.rand/SRR11805643.x.s__Prevotella sp000434975.fastq.gz,SRR11805643.x.s__Prevotella sp000434975,1f18de40,24340000,51,DNA,10000,2434,True,0.9523674099281199,0.9934794034578592,0.9729234066929895,0.9934794034578592,False,4,6702,9642,d__Bacteria;p__Bacteroidota;c__Bacteroidia;o__Bacteroidales;f__Bacteroidaceae;g__Prevotella;s__Prevotella sp000434975
50000,0.002054231717337716,0.013245033112582781,0.0016433853738701725,0.0006222775357809583,1.5,1.0,0.8660254037844386,/group/ctbrowngrp5/sourmash-db.new/gtdb-rs226/gtdb-rs226-k51.dna.rocksdb,GCA_028727245.1 Bacteroidales bacterium,42a0dea200f964d73dcbe04bbeca7b5f,0.016556291390728478,40000,53,15150000,outputs.mapping/bams.cds.rand/SRR11805643.x.s__Prevotella sp000434975.fastq.gz,SRR11805643.x.s__Prevotella sp000434975,1f18de40,24340000,51,DNA,10000,2434,True,0.8857412109018137,0.9227365150251989,0.9042388629635063,0.9227365150251989,True,6,6708,9642,d__Bacteria;p__Bacteroidota;c__Bacteroidia;o__Bacteroidales;f__Bacteroidaceae;g__Prevotella;s__Prevotella sp004556065
50000,0.002054231717337716,0.012738853503184714,0.0016433853738701725,0.0011408421489317569,2.75,2.5,1.479019945774904,/group/ctbrowngrp5/sourmash-db.new/gtdb-rs226/gtdb-rs226-k51.dna.rocksdb,GCF_900209925.1 Anaerobutyricum hallii,84b0ba7d93d1acab2a2022439c432f48,0.01592356687898089,40000,54,15110000,outputs.mapping/bams.cds.rand/SRR11805643.x.s__Prevotella sp000434975.fastq.gz,SRR11805643.x.s__Prevotella sp000434975,1f18de40,24340000,51,DNA,10000,2434,True,0.8857412109018137,0.9220317779687348,0.9038864944352742,0.9220317779687348,True,11,6719,9642,d__Bacteria;p__Bacillota;c__Clostridia;o__Lachnospirales;f__Lachnospiraceae;g__Anaerobutyricum;s__Anaerobutyricum soehngenii
50000,0.002054231717337716,0.015810276679841896,0.0016433853738701725,0.0017631196847127152,4.25,3.0,3.6996621467371855,/group/ctbrowngrp5/sourmash-db.new/gtdb-rs226/gtdb-rs226-k51.dna.rocksdb,GCA_028721205.1 Prevotellaceae bacterium,d4f1bfaa9e4ea1560d95c7fb4367e5fa,0.019762845849802372,40000,55,15070000,outputs.mapping/bams.cds.rand/SRR11805643.x.s__Prevotella sp000434975.fastq.gz,SRR11805643.x.s__Prevotella sp000434975,1f18de40,24340000,51,DNA,10000,2434,True,0.8857412109018137,0.9259451984875915,0.9058432046947026,0.9259451984875915,True,17,6736,9642,d__Bacteria;p__Bacteroidota;c__Bacteroidia;o__Bacteroidales;f__Bacteroidaceae;g__Prevotella;s__Prevotella sp022771625
220000,0.009038619556285949,0.013422818791946308,0.0016433853738701725,0.000725990458411118,1.75,1.5,0.82915619758885,/group/ctbrowngrp5/sourmash-db.new/gtdb-rs226/gtdb-rs226-k51.dna.rocksdb,GCA_037350685.1 Prevotella sp.,731f3b091ad9746c023b5bbc36adafef,0.0738255033557047,40000,56,15030000,outputs.mapping/bams.cds.rand/SRR11805643.x.s__Prevotella sp000434975.fastq.gz,SRR11805643.x.s__Prevotella sp000434975,1f18de40,24340000,51,DNA,10000,2434,True,0.9118503533311252,0.9501845597210251,0.9310174565260751,0.9501845597210251,False,7,6743,9642,d__Bacteria;p__Bacteroidota;c__Bacteroidia;o__Bacteroidales;f__Bacteroidaceae;g__Prevotella;s__Prevotella sp900313215
80000,0.003286770747740345,0.015810276679841896,0.0016433853738701725,0.0015556938394523958,3.75,2.5,3.112474899497183,/group/ctbrowngrp5/sourmash-db.new/gtdb-rs226/gtdb-rs226-k51.dna.rocksdb,GCA_004555425.1 Bacteroidales bacterium,35ac62aa008fea0e6490b03e6a9d2aff,0.03162055335968379,40000,57,14990000,outputs.mapping/bams.cds.rand/SRR11805643.x.s__Prevotella sp000434975.fastq.gz,SRR11805643.x.s__Prevotella sp000434975,1f18de40,24340000,51,DNA,10000,2434,True,0.893941715946276,0.9345179262523549,0.9142298210993154,0.9345179262523549,False,15,6758,9642,d__Bacteria;p__Bacteroidota;c__Bacteroidia;o__Bacteroidales;f__Bacteroidaceae;g__Alloprevotella;s__Alloprevotella sp004555425
330000,0.013557929334428924,0.0125,0.0016433853738701725,0.0013482679941920763,3.25,2.0,2.7726341266023544,/group/ctbrowngrp5/sourmash-db.new/gtdb-rs226/gtdb-rs226-k51.dna.rocksdb,GCA_034174545.1 Prevotella sp.,4587d0699dbdde2ac6f94c46a55f7844,0.103125,40000,58,14950000,outputs.mapping/bams.cds.rand/SRR11805643.x.s__Prevotella sp000434975.fastq.gz,SRR11805643.x.s__Prevotella sp000434975,1f18de40,24340000,51,DNA,10000,2434,True,0.9191287280447429,0.9564322139504718,0.9377804709976074,0.9564322139504718,False,13,6771,9642,d__Bacteria;p__Bacteroidota;c__Bacteroidia;o__Bacteroidales;f__Bacteroidaceae;g__Prevotella;s__Prevotella sp900546535
240000,0.009860312243221035,0.013745704467353952,0.0016433853738701725,0.0010371292263015972,2.5,2.0,0.8660254037844386,/group/ctbrowngrp5/sourmash-db.new/gtdb-rs226/gtdb-rs226-k51.dna.rocksdb,GCF_034178305.1 Hallella sp.,239e8f6df4dd61007baa7b95688be74f,0.08247422680412371,40000,59,14910000,outputs.mapping/bams.cds.rand/SRR11805643.x.s__Prevotella sp000434975.fastq.gz,SRR11805643.x.s__Prevotella sp000434975,1f18de40,24340000,51,DNA,10000,2434,True,0.9134073940314691,0.952250782674595,0.932829088353032,0.952250782674595,False,10,6781,9642,d__Bacteria;p__Bacteroidota;c__Bacteroidia;o__Bacteroidales;f__Bacteroidaceae;g__Prevotella;s__Prevotella faecis
50000,0.002054231717337716,0.016736401673640166,0.0016433853738701725,0.0008297033810412777,2.0,1.0,1.7320508075688772,/group/ctbrowngrp5/sourmash-db.new/gtdb-rs226/gtdb-rs226-k51.dna.rocksdb,GCA_022779425.1 Bacteroidales bacterium,6d215f61b5d218e554fadfed3f3df46b,0.02092050209205021,40000,60,14870000,outputs.mapping/bams.cds.rand/SRR11805643.x.s__Prevotella sp000434975.fastq.gz,SRR11805643.x.s__Prevotella sp000434975,1f18de40,24340000,51,DNA,10000,2434,True,0.8857412109018137,0.9269793107674964,0.906360260834655,0.9269793107674964,True,8,6789,9642,d__Bacteria;p__Bacteroidota;c__Bacteroidia;o__Bacteroidales;f__Muribaculaceae;g__Sodaliphilus;s__Sodaliphilus sp004557565
100000,0.004108463434675432,0.012307692307692308,0.0016433853738701725,0.0016594067620825555,4.0,2.0,4.06201920231798,/group/ctbrowngrp5/sourmash-db.new/gtdb-rs226/gtdb-rs226-k51.dna.rocksdb,GCA_016292465.1 Bacteroidaceae bacterium,2f4ff216378f58cd2c29e9ca08d2a459,0.03076923076923077,40000,61,14830000,outputs.mapping/bams.cds.rand/SRR11805643.x.s__Prevotella sp000434975.fastq.gz,SRR11805643.x.s__Prevotella sp000434975,1f18de40,24340000,51,DNA,10000,2434,True,0.8978616053434889,0.9340179620747326,0.9159397837091108,0.9340179620747326,False,16,6805,9642,d__Bacteria;p__Bacteroidota;c__Bacteroidia;o__Bacteroidales;f__Bacteroidaceae;g__Prevotella;s__Prevotella sp004556065
30000,0.0012325390304026294,0.015544041450777202,0.0012325390304026294,0.0005185646131507986,1.6666666666666667,1.0,0.9428090415820634,/group/ctbrowngrp5/sourmash-db.new/gtdb-rs226/gtdb-rs226-k51.dna.rocksdb,GCA_938023665.1 uncultured Collinsella sp.,a15b5f76fdc1a7d920f31894b827558c,0.015544041450777202,30000,62,14800000,outputs.mapping/bams.cds.rand/SRR11805643.x.s__Prevotella sp000434975.fastq.gz,SRR11805643.x.s__Prevotella sp000434975,1f18de40,24340000,51,DNA,10000,2434,True,0.8769137423885826,0.9215957631946061,0.8992547527915944,0.9215957631946061,True,5,6810,9642,d__Bacteria;p__Actinomycetota;c__Coriobacteriia;o__Coriobacteriales;f__Coriobacteriaceae;g__Collinsella;s__Collinsella sp002391315
30000,0.0012325390304026294,0.012987012987012988,0.0012325390304026294,0.0013482679941920763,4.333333333333333,5.0,2.494438257849294,/group/ctbrowngrp5/sourmash-db.new/gtdb-rs226/gtdb-rs226-k51.dna.rocksdb,GCA_034117885.1 Oscillospiraceae bacterium,b5576349c62150291d29f281ea6e356a,0.012987012987012988,30000,63,14770000,outputs.mapping/bams.cds.rand/SRR11805643.x.s__Prevotella sp000434975.fastq.gz,SRR11805643.x.s__Prevotella sp000434975,1f18de40,24340000,51,DNA,10000,2434,True,0.8769137423885826,0.9183537120490333,0.897633727218808,0.9183537120490333,True,13,6823,9642,d__Bacteria;p__Bacillota;c__Clostridia;o__Oscillospirales;f__Oscillospiraceae;g__CAG-170;s__CAG-170 sp002404795
30000,0.0012325390304026294,0.012448132780082987,0.0012325390304026294,0.00031113876789047915,1.0,1.0,0.0,/group/ctbrowngrp5/sourmash-db.new/gtdb-rs226/gtdb-rs226-k51.dna.rocksdb,GCA_037423365.1 bacterium,d30955739f452a5b15b046f4da193c65,0.012448132780082987,30000,64,14740000,outputs.mapping/bams.cds.rand/SRR11805643.x.s__Prevotella sp000434975.fastq.gz,SRR11805643.x.s__Prevotella sp000434975,1f18de40,24340000,51,DNA,10000,2434,True,0.8769137423885826,0.9175909090884395,0.897252325738511,0.9175909090884395,True,3,6826,9642,d__Bacteria;p__Bacteroidota;c__Bacteroidia;o__Bacteroidales;f__Muribaculaceae;g__Limisoma;s__Limisoma sp000437795
30000,0.0012325390304026294,0.009009009009009009,0.0012325390304026294,0.007985895042522298,25.666666666666668,5.0,32.097074979228594,/group/ctbrowngrp5/sourmash-db.new/gtdb-rs226/gtdb-rs226-k51.dna.rocksdb,GCF_005121165.3 Dysosmobacter welbionis,09a34dca3e142e3d9e58ce200e89b31c,0.009009009009009009,30000,65,14710000,outputs.mapping/bams.cds.rand/SRR11805643.x.s__Prevotella sp000434975.fastq.gz,SRR11805643.x.s__Prevotella sp000434975,1f18de40,24340000,51,DNA,10000,2434,True,0.8769137423885826,0.9117916860315043,0.8943527142100434,0.9117916860315043,True,77,6903,9642,d__Bacteria;p__Bacillota;c__Clostridia;o__Oscillospirales;f__Oscillospiraceae;g__Oscillibacter;s__Oscillibacter welbionis
140000,0.005751848808545604,0.009036144578313253,0.0012325390304026294,0.0009334163036714375,3.0,3.0,0.816496580927726,/group/ctbrowngrp5/sourmash-db.new/gtdb-rs226/gtdb-rs226-k51.dna.rocksdb,GCA_004562875.1 bacterium,6eb5259a681430ee019e5de11fb4b808,0.04216867469879518,30000,66,14680000,outputs.mapping/bams.cds.rand/SRR11805643.x.s__Prevotella sp000434975.fastq.gz,SRR11805643.x.s__Prevotella sp000434975,1f18de40,24340000,51,DNA,10000,2434,True,0.903804826275125,0.9398077426697089,0.921806284472417,0.9398077426697089,False,9,6912,9642,d__Bacteria;p__Bacteroidota;c__Bacteroidia;o__Bacteroidales;f__Bacteroidaceae;g__Prevotella;s__Prevotella sp002251365
30000,0.0012325390304026294,0.01195219123505976,0.0012325390304026294,0.00031113876789047915,1.0,1.0,0.0,/group/ctbrowngrp5/sourmash-db.new/gtdb-rs226/gtdb-rs226-k51.dna.rocksdb,GCA_034119225.1 Prevotella sp.,b6906672423f895e7444ec4695f8bb72,0.01195219123505976,30000,67,14650000,outputs.mapping/bams.cds.rand/SRR11805643.x.s__Prevotella sp000434975.fastq.gz,SRR11805643.x.s__Prevotella sp000434975,1f18de40,24340000,51,DNA,10000,2434,True,0.8769137423885826,0.9168597185872874,0.896886730487935,0.9168597185872874,True,3,6915,9642,d__Bacteria;p__Bacteroidota;c__Bacteroidia;o__Bacteroidales;f__Bacteroidaceae;g__Prevotella;s__Prevotella sp022782305
40000,0.0016433853738701725,0.013333333333333334,0.0012325390304026294,0.000725990458411118,2.3333333333333335,1.0,1.8856180831641267,/group/ctbrowngrp5/sourmash-db.new/gtdb-rs226/gtdb-rs226-k51.dna.rocksdb,GCA_034115865.1 Bacteroidaceae bacterium,e4d79ad9c75bcf7a6336768f70135aa7,0.017777777777777778,30000,68,14620000,outputs.mapping/bams.cds.rand/SRR11805643.x.s__Prevotella sp000434975.fastq.gz,SRR11805643.x.s__Prevotella sp000434975,1f18de40,24340000,51,DNA,10000,2434,True,0.8818742367928581,0.9240253203616146,0.9029497785772364,0.9240253203616146,True,7,6922,9642,d__Bacteria;p__Bacteroidota;c__Bacteroidia;o__Bacteroidales;f__Bacteroidaceae;g__UBA6398;s__UBA6398 sp003150315
310000,0.012736236647493838,0.007125890736342043,0.0012325390304026294,0.0023853972204936737,7.666666666666667,2.0,8.73053390247253,/group/ctbrowngrp5/sourmash-db.new/gtdb-rs226/gtdb-rs226-k51.dna.rocksdb,GCF_032450655.1 Segatella copri,568b23bf1f32404b4333ff4f732a445a,0.07363420427553444,30000,69,14590000,outputs.mapping/bams.cds.rand/SRR11805643.x.s__Prevotella sp000434975.fastq.gz,SRR11805643.x.s__Prevotella sp000434975,1f18de40,24340000,51,DNA,10000,2434,True,0.9180026682767475,0.9501362208505327,0.9340694445636402,0.9501362208505327,False,23,6945,9642,d__Bacteria;p__Bacteroidota;c__Bacteroidia;o__Bacteroidales;f__Bacteroidaceae;g__Prevotella;s__Prevotella sp934191715
1710000,0.07025472473294987,0.012145748987854251,0.0012325390304026294,0.0011408421489317569,3.6666666666666665,3.0,2.494438257849294,/group/ctbrowngrp5/sourmash-db.new/gtdb-rs226/gtdb-rs226-k51.dna.rocksdb,GCA_945876555.1 uncultured Bacteroidales bacterium,f6a23d66294bb95089efc4d90f323a87,0.6923076923076923,30000,70,14560000,outputs.mapping/bams.cds.rand/SRR11805643.x.s__Prevotella sp000434975.fastq.gz,SRR11805643.x.s__Prevotella sp000434975,1f18de40,24340000,51,DNA,10000,2434,True,0.9492613418619256,0.9928156419705277,0.9710384919162267,0.9928156419705277,False,11,6956,9642,d__Bacteria;p__Bacteroidota;c__Bacteroidia;o__Bacteroidales;f__Bacteroidaceae;g__Prevotella;s__Prevotella sp000434975
40000,0.0016433853738701725,0.012345679012345678,0.0012325390304026294,0.003007674756274632,9.666666666666666,5.0,7.318166133366716,/group/ctbrowngrp5/sourmash-db.new/gtdb-rs226/gtdb-rs226-k51.dna.rocksdb,GCA_948502195.1 uncultured Prevotella sp.,8a833c09110cb9dc3e49953fa6c81741,0.01646090534979424,30000,71,14530000,outputs.mapping/bams.cds.rand/SRR11805643.x.s__Prevotella sp000434975.fastq.gz,SRR11805643.x.s__Prevotella sp000434975,1f18de40,24340000,51,DNA,10000,2434,True,0.8818742367928581,0.922631980738629,0.9022531087657435,0.922631980738629,True,29,6985,9642,d__Bacteria;p__Bacteroidota;c__Bacteroidia;o__Bacteroidales;f__Bacteroidaceae;g__Prevotella;s__Prevotella sp002933775
50000,0.002054231717337716,0.00949367088607595,0.0012325390304026294,0.000725990458411118,2.3333333333333335,3.0,0.9428090415820634,/group/ctbrowngrp5/sourmash-db.new/gtdb-rs226/gtdb-rs226-k51.dna.rocksdb,GCF_934193175.1 uncultured Prevotella sp.,208e866904135de535fbd3719b05bac5,0.015822784810126583,30000,72,14500000,outputs.mapping/bams.cds.rand/SRR11805643.x.s__Prevotella sp000434975.fastq.gz,SRR11805643.x.s__Prevotella sp000434975,1f18de40,24340000,51,DNA,10000,2434,True,0.8857412109018137,0.9219169970806422,0.903829103991228,0.9219169970806422,True,7,6992,9642,d__Bacteria;p__Bacteroidota;c__Bacteroidia;o__Bacteroidales;f__Bacteroidaceae;g__Prevotella;s__Prevotella sp900548745
50000,0.002054231717337716,0.012875536480686695,0.0012325390304026294,0.0017631196847127152,5.666666666666667,6.0,2.0548046676563256,/group/ctbrowngrp5/sourmash-db.new/gtdb-rs226/gtdb-rs226-k51.dna.rocksdb,GCF_034087485.1 Candidatus Cryptobacteroides sp.,9c6f02a1c2aaca988d48e37a5dfed069,0.02145922746781116,30000,73,14470000,outputs.mapping/bams.cds.rand/SRR11805643.x.s__Prevotella sp000434975.fastq.gz,SRR11805643.x.s__Prevotella sp000434975,1f18de40,24340000,51,DNA,10000,2434,True,0.8857412109018137,0.9274415542177646,0.9065913825597891,0.9274415542177646,True,17,7009,9642,d__Bacteria;p__Bacteroidota;c__Bacteroidia;o__Bacteroidales;f__UBA932;g__Cryptobacteroides;s__Cryptobacteroides sp004552965
60000,0.0024650780608052587,0.0043859649122807015,0.0012325390304026294,0.0015556938394523958,5.0,6.0,2.943920288775949,/group/ctbrowngrp5/sourmash-db.new/gtdb-rs226/gtdb-rs226-k51.dna.rocksdb,GCF_020256745.1 Bacteroides xylanisolvens,48ea7bd216fc5d7b050b3304abb11052,0.008771929824561403,30000,74,14440000,outputs.mapping/bams.cds.rand/SRR11805643.x.s__Prevotella sp000434975.fastq.gz,SRR11805643.x.s__Prevotella sp000434975,1f18de40,24340000,51,DNA,10000,2434,True,0.8889133426310211,0.911315028588222,0.9001141856096215,0.911315028588222,True,15,7024,9642,d__Bacteria;p__Bacteroidota;c__Bacteroidia;o__Bacteroidales;f__Bacteroidaceae;g__Bacteroides;s__Bacteroides xylanisolvens
30000,0.0012325390304026294,0.012711864406779662,0.0012325390304026294,0.000725990458411118,2.3333333333333335,2.0,1.247219128924647,/group/ctbrowngrp5/sourmash-db.new/gtdb-rs226/gtdb-rs226-k51.dna.rocksdb,GCA_029219145.1 Paraprevotella sp.,e96605f7be4616c3ebaf04aeb114016f,0.012711864406779662,30000,75,14410000,outputs.mapping/bams.cds.rand/SRR11805643.x.s__Prevotella sp000434975.fastq.gz,SRR11805643.x.s__Prevotella sp000434975,1f18de40,24340000,51,DNA,10000,2434,True,0.8769137423885826,0.9179681907726733,0.897440966580628,0.9179681907726733,True,7,7031,9642,d__Bacteria;p__Bacteroidota;c__Bacteroidia;o__Bacteroidales;f__Bacteroidaceae;g__Physcousia;s__Physcousia sp900766785
250000,0.010271158586688579,0.00847457627118644,0.0012325390304026294,0.0010371292263015972,3.3333333333333335,3.0,1.247219128924647,/group/ctbrowngrp5/sourmash-db.new/gtdb-rs226/gtdb-rs226-k51.dna.rocksdb,GCF_009695805.1 Segatella copri,6f25906e0e1c5453cea90d748e2b732d,0.07062146892655367,30000,76,14380000,outputs.mapping/bams.cds.rand/SRR11805643.x.s__Prevotella sp000434975.fastq.gz,SRR11805643.x.s__Prevotella sp000434975,1f18de40,24340000,51,DNA,10000,2434,True,0.9141388065511017,0.9493582576211306,0.9317485320861161,0.9493582576211306,False,10,7041,9642,d__Bacteria;p__Bacteroidota;c__Bacteroidia;o__Bacteroidales;f__Bacteroidaceae;g__Prevotella;s__Prevotella copri
40000,0.0016433853738701725,0.009345794392523364,0.0012325390304026294,0.00031113876789047915,1.0,1.0,0.0,/group/ctbrowngrp5/sourmash-db.new/gtdb-rs226/gtdb-rs226-k51.dna.rocksdb,GCA_022775745.1 Prevotella sp.,4bb355d8db22d2e84d46fa5015805069,0.012461059190031152,30000,77,14350000,outputs.mapping/bams.cds.rand/SRR11805643.x.s__Prevotella sp000434975.fastq.gz,SRR11805643.x.s__Prevotella sp000434975,1f18de40,24340000,51,DNA,10000,2434,True,0.8818742367928581,0.9176095828438107,0.8997419098183344,0.9176095828438107,True,3,7044,9642,d__Bacteria;p__Bacteroidota;c__Bacteroidia;o__Bacteroidales;f__Bacteroidaceae;g__Prevotella;s__Prevotella sp900548195
100000,0.004108463434675432,0.011857707509881422,0.0012325390304026294,0.0017631196847127152,5.666666666666667,3.0,4.4969125210773475,/group/ctbrowngrp5/sourmash-db.new/gtdb-rs226/gtdb-rs226-k51.dna.rocksdb,GCA_022787705.1 Prevotella sp.,30e001210d6a05308b03741a8fcb4e9e,0.039525691699604744,30000,78,14320000,outputs.mapping/bams.cds.rand/SRR11805643.x.s__Prevotella sp000434975.fastq.gz,SRR11805643.x.s__Prevotella sp000434975,1f18de40,24340000,51,DNA,10000,2434,True,0.8978616053434889,0.9386157402879649,0.9182386728157269,0.9386157402879649,False,17,7061,9642,d__Bacteria;p__Bacteroidota;c__Bacteroidia;o__Bacteroidales;f__Bacteroidaceae;g__Prevotella;s__Prevotella sp002251365
1200000,0.049301561216105176,0.01,0.0012325390304026294,0.0008297033810412777,2.6666666666666665,1.0,2.3570226039551585,/group/ctbrowngrp5/sourmash-db.new/gtdb-rs226/gtdb-rs226-k51.dna.rocksdb,GCA_958426835.1 uncultured Bacteroidales bacterium,2ba303ad982752b0c15f134a8087aaf6,0.4,30000,79,14290000,outputs.mapping/bams.cds.rand/SRR11805643.x.s__Prevotella sp000434975.fastq.gz,SRR11805643.x.s__Prevotella sp000434975,1f18de40,24340000,51,DNA,10000,2434,True,0.942691990389322,0.9821939500971149,0.9624429702432185,0.9821939500971149,False,8,7069,9642,d__Bacteria;p__Bacteroidota;c__Bacteroidia;o__Bacteroidales;f__Bacteroidaceae;g__Prevotella;s__Prevotella sp000434975
140000,0.005751848808545604,0.012345679012345678,0.0012325390304026294,0.0006222775357809583,2.0,2.0,0.816496580927726,/group/ctbrowngrp5/sourmash-db.new/gtdb-rs226/gtdb-rs226-k51.dna.rocksdb,GCA_034172385.1 Prevotella sp.,dd36129855869bd55ea63c49f111c952,0.05761316872427984,30000,80,14260000,outputs.mapping/bams.cds.rand/SRR11805643.x.s__Prevotella sp000434975.fastq.gz,SRR11805643.x.s__Prevotella sp000434975,1f18de40,24340000,51,DNA,10000,2434,True,0.903804826275125,0.9455761403121922,0.9246904832936587,0.9455761403121922,False,6,7075,9642,d__Bacteria;p__Bacteroidota;c__Bacteroidia;o__Bacteroidales;f__Bacteroidaceae;g__Prevotella;s__Prevotella sp900543975
470000,0.019309778142974528,0.009316770186335404,0.0012325390304026294,0.0008297033810412777,2.6666666666666665,3.0,1.247219128924647,/group/ctbrowngrp5/sourmash-db.new/gtdb-rs226/gtdb-rs226-k51.dna.rocksdb,GCF_937949575.1 uncultured Prevotella sp.,e48d7d7aef89bb716cfcb62e5e548322,0.14596273291925466,30000,81,14230000,outputs.mapping/bams.cds.rand/SRR11805643.x.s__Prevotella sp000434975.fastq.gz,SRR11805643.x.s__Prevotella sp000434975,1f18de40,24340000,51,DNA,10000,2434,True,0.9255242234386687,0.9629696241084141,0.9442469237735414,0.9629696241084141,False,8,7083,9642,d__Bacteria;p__Bacteroidota;c__Bacteroidia;o__Bacteroidales;f__Bacteroidaceae;g__Prevotella;s__Prevotella sp905193385
250000,0.010271158586688579,0.011278195488721804,0.0012325390304026294,0.0008297033810412777,2.6666666666666665,1.0,2.3570226039551585,/group/ctbrowngrp5/sourmash-db.new/gtdb-rs226/gtdb-rs226-k51.dna.rocksdb,GCF_959026275.1 uncultured Prevotella sp.,e156dde5754428b440de7223f819ff8c,0.09398496240601503,30000,82,14200000,outputs.mapping/bams.cds.rand/SRR11805643.x.s__Prevotella sp000434975.fastq.gz,SRR11805643.x.s__Prevotella sp000434975,1f18de40,24340000,51,DNA,10000,2434,True,0.9141388065511017,0.9546933328285095,0.9344160696898056,0.9546933328285095,False,8,7091,9642,d__Bacteria;p__Bacteroidota;c__Bacteroidia;o__Bacteroidales;f__Bacteroidaceae;g__Prevotella;s__Prevotella pectinovora
90000,0.0036976170912078883,0.01020408163265306,0.0012325390304026294,0.0009334163036714375,3.0,1.0,2.8284271247461903,/group/ctbrowngrp5/sourmash-db.new/gtdb-rs226/gtdb-rs226-k51.dna.rocksdb,GCA_900545945.1 uncultured Prevotella sp.,cf2a99a8cec945be1590c1fa8aaa4dbf,0.030612244897959183,30000,83,14170000,outputs.mapping/bams.cds.rand/SRR11805643.x.s__Prevotella sp000434975.fastq.gz,SRR11805643.x.s__Prevotella sp000434975,1f18de40,24340000,51,DNA,10000,2434,True,0.8960086344976829,0.93392428842137,0.9149664614595264,0.93392428842137,False,9,7100,9642,d__Bacteria;p__Bacteroidota;c__Bacteroidia;o__Bacteroidales;f__Bacteroidaceae;g__Prevotella;s__Prevotella pectinovora
30000,0.0012325390304026294,0.013888888888888888,0.0012325390304026294,0.00031113876789047915,1.0,1.0,0.0,/group/ctbrowngrp5/sourmash-db.new/gtdb-rs226/gtdb-rs226-k51.dna.rocksdb,GCA_028725145.1 Prevotellaceae bacterium,81f09375550389dce6bd2ccfc639d57a,0.013888888888888888,30000,84,14140000,outputs.mapping/bams.cds.rand/SRR11805643.x.s__Prevotella sp000434975.fastq.gz,SRR11805643.x.s__Prevotella sp000434975,1f18de40,24340000,51,DNA,10000,2434,True,0.8769137423885826,0.9195634812766026,0.8982386118325926,0.9195634812766026,True,3,7103,9642,d__Bacteria;p__Bacteroidota;c__Bacteroidia;o__Bacteroidales;f__Bacteroidaceae;g__Prevotella;s__Prevotella sp022788105
30000,0.0012325390304026294,0.006944444444444444,0.0012325390304026294,0.00031113876789047915,1.0,1.0,0.0,/group/ctbrowngrp5/sourmash-db.new/gtdb-rs226/gtdb-rs226-k51.dna.rocksdb,GCF_040277235.1 Proteus mirabilis,25167bb248dd413d51235b752a8f0e26,0.006944444444444444,30000,85,14110000,outputs.mapping/bams.cds.rand/SRR11805643.x.s__Prevotella sp000434975.fastq.gz,SRR11805643.x.s__Prevotella sp000434975,1f18de40,24340000,51,DNA,10000,2434,True,0.8769137423885826,0.9071501293291512,0.8920319358588669,0.9071501293291512,True,3,7106,9642,d__Bacteria;p__Pseudomonadota;c__Gammaproteobacteria;o__Enterobacterales;f__Enterobacteriaceae;g__Proteus;s__Proteus mirabilis
120000,0.0049301561216105174,0.004524886877828055,0.0012325390304026294,0.0009334163036714375,3.0,3.0,1.632993161855452,/group/ctbrowngrp5/sourmash-db.new/gtdb-rs226/gtdb-rs226-k51.dna.rocksdb,GCF_024790745.1 Bacteroides thetaiotaomicron,2b3417418091042e6e9688aa2606792e,0.01809954751131222,30000,86,14080000,outputs.mapping/bams.cds.rand/SRR11805643.x.s__Prevotella sp000434975.fastq.gz,SRR11805643.x.s__Prevotella sp000434975,1f18de40,24340000,51,DNA,10000,2434,True,0.9010771442070892,0.9243503753581296,0.9127137597826094,0.9243503753581296,False,9,7115,9642,d__Bacteria;p__Bacteroidota;c__Bacteroidia;o__Bacteroidales;f__Bacteroidaceae;g__Bacteroides;s__Bacteroides thetaiotaomicron
430000,0.017666392769104356,0.007751937984496124,0.0012325390304026294,0.00041485169052063887,1.3333333333333333,1.0,0.4714045207910317,/group/ctbrowngrp5/sourmash-db.new/gtdb-rs226/gtdb-rs226-k51.dna.rocksdb,GCA_938023055.1 uncultured Prevotella sp.,fb4ffb74be3ac89aab6057bbc1c76914,0.1111111111111111,30000,87,14050000,outputs.mapping/bams.cds.rand/SRR11805643.x.s__Prevotella sp000434975.fastq.gz,SRR11805643.x.s__Prevotella sp000434975,1f18de40,24340000,51,DNA,10000,2434,True,0.9239114527303732,0.9578320449072976,0.9408717488188354,0.9578320449072976,False,4,7119,9642,d__Bacteria;p__Bacteroidota;c__Bacteroidia;o__Bacteroidales;f__Bacteroidaceae;g__Prevotella;s__Prevotella sp945863825
1880000,0.07723911257189811,0.009836065573770493,0.0012325390304026294,0.0009334163036714375,3.0,2.0,2.160246899469287,/group/ctbrowngrp5/sourmash-db.new/gtdb-rs226/gtdb-rs226-k51.dna.rocksdb,GCF_021531515.1 Leyella stercorea,45a1d63dc3a3e4968b5575bf64359375,0.6163934426229508,30000,88,14020000,outputs.mapping/bams.cds.rand/SRR11805643.x.s__Prevotella sp000434975.fastq.gz,SRR11805643.x.s__Prevotella sp000434975,1f18de40,24340000,51,DNA,10000,2434,True,0.9510270894820199,0.9905572222793204,0.9707921558806701,0.9905572222793204,False,9,7128,9642,d__Bacteria;p__Bacteroidota;c__Bacteroidia;o__Bacteroidales;f__Bacteroidaceae;g__Prevotella;s__Prevotella sp000434975
30000,0.0012325390304026294,0.007228915662650603,0.0012325390304026294,0.00041485169052063887,1.3333333333333333,1.0,0.4714045207910317,/group/ctbrowngrp5/sourmash-db.new/gtdb-rs226/gtdb-rs226-k51.dna.rocksdb,GCA_937889405.1 uncultured Fibrobacter sp.,da98c8c0ccd9653c12274d068f75918f,0.007228915662650603,30000,89,13990000,outputs.mapping/bams.cds.rand/SRR11805643.x.s__Prevotella sp000434975.fastq.gz,SRR11805643.x.s__Prevotella sp000434975,1f18de40,24340000,51,DNA,10000,2434,True,0.8769137423885826,0.9078645167083368,0.8923891295484596,0.9078645167083368,True,4,7132,9642,d__Bacteria;p__Fibrobacterota;c__Fibrobacteria;o__Fibrobacterales;f__Fibrobacteraceae;g__Fibrobacter;s__Fibrobacter sp002449765
430000,0.017666392769104356,0.008620689655172414,0.0012325390304026294,0.0008297033810412777,2.6666666666666665,3.0,1.247219128924647,/group/ctbrowngrp5/sourmash-db.new/gtdb-rs226/gtdb-rs226-k51.dna.rocksdb,GCA_036298965.1 Prevotella sp.,49d2d3a4abc3d5e85093aa759be275ca,0.1235632183908046,30000,90,13960000,outputs.mapping/bams.cds.rand/SRR11805643.x.s__Prevotella sp000434975.fastq.gz,SRR11805643.x.s__Prevotella sp000434975,1f18de40,24340000,51,DNA,10000,2434,True,0.9239114527303732,0.9598290854553739,0.9418702690928735,0.9598290854553739,False,8,7140,9642,d__Bacteria;p__Bacteroidota;c__Bacteroidia;o__Bacteroidales;f__Bacteroidaceae;g__Prevotella;s__Prevotella sp900313215
50000,0.002054231717337716,0.014150943396226415,0.0012325390304026294,0.00031113876789047915,1.0,1.0,0.0,/group/ctbrowngrp5/sourmash-db.new/gtdb-rs226/gtdb-rs226-k51.dna.rocksdb,GCA_004562255.1 bacterium,533fdb7dc41fe020c2d4c9ae10ac4964,0.02358490566037736,30000,91,13930000,outputs.mapping/bams.cds.rand/SRR11805643.x.s__Prevotella sp000434975.fastq.gz,SRR11805643.x.s__Prevotella sp000434975,1f18de40,24340000,51,DNA,10000,2434,True,0.8857412109018137,0.9291607707354939,0.9074509908186538,0.9291607707354939,True,3,7143,9642,d__Bacteria;p__Bacteroidota;c__Bacteroidia;o__Bacteroidales;f__Bacteroidaceae;g__Prevotella;s__Prevotella sp004555245
30000,0.0012325390304026294,0.015,0.0012325390304026294,0.0008297033810412777,2.6666666666666665,1.0,2.3570226039551585,/group/ctbrowngrp5/sourmash-db.new/gtdb-rs226/gtdb-rs226-k51.dna.rocksdb,GCA_004552135.1 Bacteroidales bacterium,a7d44adc74bf2a4bdcbed7985303d2cb,0.015,30000,92,13900000,outputs.mapping/bams.cds.rand/SRR11805643.x.s__Prevotella sp000434975.fastq.gz,SRR11805643.x.s__Prevotella sp000434975,1f18de40,24340000,51,DNA,10000,2434,True,0.8769137423885826,0.9209521869155373,0.8989329646520599,0.9209521869155373,True,8,7151,9642,d__Bacteria;p__Bacteroidota;c__Bacteroidia;o__Bacteroidales;f__UBA932;g__Cryptobacteroides;s__Cryptobacteroides sp004554455
20000,0.0008216926869350862,0.0076045627376425855,0.0008216926869350862,0.00020742584526031943,1.0,1.0,0.0,/group/ctbrowngrp5/sourmash-db.new/gtdb-rs226/gtdb-rs226-k51.dna.rocksdb,GCA_945831875.1 uncultured Prevotellaceae bacterium,309ee26c23d576bb5fd01dace7ffd689,0.0076045627376425855,20000,93,13880000,outputs.mapping/bams.cds.rand/SRR11805643.x.s__Prevotella sp000434975.fastq.gz,SRR11805643.x.s__Prevotella sp000434975,1f18de40,24340000,51,DNA,10000,2434,True,0.8699696586994541,0.9087667657945412,0.8893682122469977,0.9087667657945412,True,2,7153,9642,d__Bacteria;p__Bacteroidota;c__Bacteroidia;o__Bacteroidales;f__Muribaculaceae;g__CALZFJ01;s__CALZFJ01 sp945645715
20000,0.0008216926869350862,0.0091324200913242,0.0008216926869350862,0.0013482679941920763,6.5,6.5,0.5,/group/ctbrowngrp5/sourmash-db.new/gtdb-rs226/gtdb-rs226-k51.dna.rocksdb,GCF_945970865.1 Megasphaera elsdenii,0838a1a29c3328e983519dae9eca25d6,0.0091324200913242,20000,94,13860000,outputs.mapping/bams.cds.rand/SRR11805643.x.s__Prevotella sp000434975.fastq.gz,SRR11805643.x.s__Prevotella sp000434975,1f18de40,24340000,51,DNA,10000,2434,True,0.8699696586994541,0.91203496397918,0.8910023113393171,0.91203496397918,True,13,7166,9642,d__Bacteria;p__Bacillota;c__Negativicutes;o__Veillonellales;f__Megasphaeraceae;g__Megasphaera;s__Megasphaera elsdenii
210000,0.008627773212818405,0.004914004914004914,0.0008216926869350862,0.00020742584526031943,1.0,1.0,0.0,/group/ctbrowngrp5/sourmash-db.new/gtdb-rs226/gtdb-rs226-k51.dna.rocksdb,GCF_019127335.1 Segatella copri,4b5891a64bc44210556da6149a190676,0.051597051597051594,20000,95,13840000,outputs.mapping/bams.cds.rand/SRR11805643.x.s__Prevotella sp000434975.fastq.gz,SRR11805643.x.s__Prevotella sp000434975,1f18de40,24340000,51,DNA,10000,2434,True,0.9110189817224253,0.9435335572866715,0.9272762695045484,0.9435335572866715,False,2,7168,9642,d__Bacteria;p__Bacteroidota;c__Bacteroidia;o__Bacteroidales;f__Bacteroidaceae;g__Prevotella;s__Prevotella sp900551275
20000,0.0008216926869350862,0.00847457627118644,0.0008216926869350862,0.00020742584526031943,1.0,1.0,0.0,/group/ctbrowngrp5/sourmash-db.new/gtdb-rs226/gtdb-rs226-k51.dna.rocksdb,GCA_946406985.1 uncultured Prevotella sp.,0934fc4c5886022bdaf87686087ec2ed,0.00847457627118644,20000,96,13820000,outputs.mapping/bams.cds.rand/SRR11805643.x.s__Prevotella sp000434975.fastq.gz,SRR11805643.x.s__Prevotella sp000434975,1f18de40,24340000,51,DNA,10000,2434,True,0.8699696586994541,0.9106990060940067,0.8903343323967303,0.9106990060940067,True,2,7170,9642,d__Bacteria;p__Bacteroidota;c__Bacteroidia;o__Bacteroidales;f__Bacteroidaceae;g__Prevotella;s__Prevotella sp022782305
20000,0.0008216926869350862,0.012121212121212121,0.0008216926869350862,0.00020742584526031943,1.0,1.0,0.0,/group/ctbrowngrp5/sourmash-db.new/gtdb-rs226/gtdb-rs226-k51.dna.rocksdb,GCA_034167185.1 Streptococcus alactolyticus,db7e17d2bf7cde3c5ba7165be63ece90,0.012121212121212121,20000,97,13800000,outputs.mapping/bams.cds.rand/SRR11805643.x.s__Prevotella sp000434975.fastq.gz,SRR11805643.x.s__Prevotella sp000434975,1f18de40,24340000,51,DNA,10000,2434,True,0.8699696586994541,0.9171122018078474,0.8935409302536508,0.9171122018078474,True,2,7172,9642,d__Bacteria;p__Bacillota;c__Bacilli;o__Lactobacillales;f__Streptococcaceae;g__Streptococcus;s__Streptococcus faecavium
60000,0.0024650780608052587,0.008547008547008548,0.0008216926869350862,0.00041485169052063887,2.0,2.0,1.0,/group/ctbrowngrp5/sourmash-db.new/gtdb-rs226/gtdb-rs226-k51.dna.rocksdb,GCA_034113185.1 Alloprevotella sp.,1fe92a167f6a6086e1b2c3fa479d8538,0.02564102564102564,20000,98,13780000,outputs.mapping/bams.cds.rand/SRR11805643.x.s__Prevotella sp000434975.fastq.gz,SRR11805643.x.s__Prevotella sp000434975,1f18de40,24340000,51,DNA,10000,2434,True,0.8889133426310211,0.9306848722547763,0.9097991074428986,0.9306848722547763,True,4,7176,9642,d__Bacteria;p__Bacteroidota;c__Bacteroidia;o__Bacteroidales;f__Bacteroidaceae;g__Alloprevotella;s__Alloprevotella sp004555425
20000,0.0008216926869350862,0.008368200836820083,0.0008216926869350862,0.0010371292263015972,5.0,5.0,2.0,/group/ctbrowngrp5/sourmash-db.new/gtdb-rs226/gtdb-rs226-k51.dna.rocksdb,GCA_938023335.1 uncultured Collinsella sp.,9445a2911b51dee9b3933b05a8b98fd4,0.008368200836820083,20000,99,13760000,outputs.mapping/bams.cds.rand/SRR11805643.x.s__Prevotella sp000434975.fastq.gz,SRR11805643.x.s__Prevotella sp000434975,1f18de40,24340000,51,DNA,10000,2434,True,0.8699696586994541,0.9104734709010283,0.8902215648002412,0.9104734709010283,True,10,7186,9642,d__Bacteria;p__Actinomycetota;c__Coriobacteriia;o__Coriobacteriales;f__Coriobacteriaceae;g__Collinsella;s__Collinsella sp905214105
210000,0.008627773212818405,0.006389776357827476,0.0008216926869350862,0.00031113876789047915,1.5,1.5,0.5,/group/ctbrowngrp5/sourmash-db.new/gtdb-rs226/gtdb-rs226-k51.dna.rocksdb,GCA_963639495.1 bacterium,362e737cb589d4f23e3e801c77166340,0.0670926517571885,20000,100,13740000,outputs.mapping/bams.cds.rand/SRR11805643.x.s__Prevotella sp000434975.fastq.gz,SRR11805643.x.s__Prevotella sp000434975,1f18de40,24340000,51,DNA,10000,2434,True,0.9110189817224253,0.9484045451066583,0.9297117634145418,0.9484045451066583,False,3,7189,9642,d__Bacteria;p__Bacteroidota;c__Bacteroidia;o__Bacteroidales;f__Bacteroidaceae;g__Prevotella;s__Prevotella sp963639495
50000,0.002054231717337716,0.005291005291005291,0.0008216926869350862,0.0005185646131507986,2.5,2.5,0.5,/group/ctbrowngrp5/sourmash-db.new/gtdb-rs226/gtdb-rs226-k51.dna.rocksdb,GCA_902362915.1 Clostridiales bacterium,288bf44b791dd8a803f1c4b22169860d,0.013227513227513227,20000,101,13720000,outputs.mapping/bams.cds.rand/SRR11805643.x.s__Prevotella sp000434975.fastq.gz,SRR11805643.x.s__Prevotella sp000434975,1f18de40,24340000,51,DNA,10000,2434,True,0.8857412109018137,0.9186841832521313,0.9022126970769725,0.9186841832521313,True,5,7194,9642,d__Bacteria;p__Bacillota;c__Clostridia;o__Oscillospirales;f__Oscillospiraceae;g__Lawsonibacter;s__Lawsonibacter sp900066825
50000,0.002054231717337716,0.008695652173913044,0.0008216926869350862,0.00041485169052063887,2.0,2.0,0.0,/group/ctbrowngrp5/sourmash-db.new/gtdb-rs226/gtdb-rs226-k51.dna.rocksdb,GCA_004552155.1 Bacteroidales bacterium,556a7ff8002ae193ea3c3c4aa52f29fe,0.021739130434782608,20000,102,13700000,outputs.mapping/bams.cds.rand/SRR11805643.x.s__Prevotella sp000434975.fastq.gz,SRR11805643.x.s__Prevotella sp000434975,1f18de40,24340000,51,DNA,10000,2434,True,0.8857412109018137,0.9276772478722348,0.9067092293870243,0.9276772478722348,True,4,7198,9642,d__Bacteria;p__Bacteroidota;c__Bacteroidia;o__Bacteroidales;f__Bacteroidaceae;g__Alloprevotella;s__Alloprevotella sp004552155
30000,0.0012325390304026294,0.006535947712418301,0.0008216926869350862,0.00020742584526031943,1.0,1.0,0.0,/group/ctbrowngrp5/sourmash-db.new/gtdb-rs226/gtdb-rs226-k51.dna.rocksdb,GCA_945926145.1 uncultured Bacteroidales bacterium,b8e6b7f6b24c414eeda9c4981ca5d7fc,0.00980392156862745,20000,103,13680000,outputs.mapping/bams.cds.rand/SRR11805643.x.s__Prevotella sp000434975.fastq.gz,SRR11805643.x.s__Prevotella sp000434975,1f18de40,24340000,51,DNA,10000,2434,True,0.8769137423885826,0.9133046796219629,0.8951092110052727,0.9133046796219629,True,2,7200,9642,d__Bacteria;p__Bacteroidota;c__Bacteroidia;o__Bacteroidales;f__Bacteroidaceae;g__Prevotella;s__Prevotella sp900552675
20000,0.0008216926869350862,0.004739336492890996,0.0008216926869350862,0.00020742584526031943,1.0,1.0,0.0,/group/ctbrowngrp5/sourmash-db.new/gtdb-rs226/gtdb-rs226-k51.dna.rocksdb,GCA_003481995.1 Lachnospiraceae bacterium OF09-33XD,c125ad133d9d0516d0d2f7f57f77fecb,0.004739336492890996,20000,104,13660000,outputs.mapping/bams.cds.rand/SRR11805643.x.s__Prevotella sp000434975.fastq.gz,SRR11805643.x.s__Prevotella sp000434975,1f18de40,24340000,51,DNA,10000,2434,True,0.8699696586994541,0.900379988990409,0.8851748238449315,0.900379988990409,True,2,7202,9642,d__Bacteria;p__Bacillota;c__Clostridia;o__Lachnospirales;f__Lachnospiraceae;g__Scatomonas;s__Scatomonas hejianensis
30000,0.0012325390304026294,0.006968641114982578,0.0008216926869350862,0.00020742584526031943,1.0,1.0,0.0,/group/ctbrowngrp5/sourmash-db.new/gtdb-rs226/gtdb-rs226-k51.dna.rocksdb,GCA_945497555.1 uncultured Prevotellaceae bacterium,8bf2c1e5bd842ee93aaaf5e4e525c891,0.010452961672473868,20000,105,13640000,outputs.mapping/bams.cds.rand/SRR11805643.x.s__Prevotella sp000434975.fastq.gz,SRR11805643.x.s__Prevotella sp000434975,1f18de40,24340000,51,DNA,10000,2434,True,0.8769137423885826,0.9144533516772876,0.8956835470329351,0.9144533516772876,True,2,7204,9642,d__Bacteria;p__Bacteroidota;c__Bacteroidia;o__Bacteroidales;f__Bacteroidaceae;g__Physcousia;s__Physcousia sp945865175
20000,0.0008216926869350862,0.008695652173913044,0.0008216926869350862,0.00031113876789047915,1.5,1.5,0.5,/group/ctbrowngrp5/sourmash-db.new/gtdb-rs226/gtdb-rs226-k51.dna.rocksdb,GCA_946614955.1 uncultured Clostridia bacterium,8cd5f84e3e6ec8ead76569542d6185bb,0.008695652173913044,20000,106,13620000,outputs.mapping/bams.cds.rand/SRR11805643.x.s__Prevotella sp000434975.fastq.gz,SRR11805643.x.s__Prevotella sp000434975,1f18de40,24340000,51,DNA,10000,2434,True,0.8699696586994541,0.9111589805028507,0.8905643196011523,0.9111589805028507,True,3,7207,9642,d__Bacteria;p__Bacillota;c__Clostridia;o__Oscillospirales;f__Ruminococcaceae;g__UBA3818;s__UBA3818 sp002369315
20000,0.0008216926869350862,0.01282051282051282,0.0008216926869350862,0.00020742584526031943,1.0,1.0,0.0,/group/ctbrowngrp5/sourmash-db.new/gtdb-rs226/gtdb-rs226-k51.dna.rocksdb,GCA_034172225.1 Holdemanella porci,e534a57ba7fbc4ee344c1a5ab1f36480,0.01282051282051282,20000,107,13600000,outputs.mapping/bams.cds.rand/SRR11805643.x.s__Prevotella sp000434975.fastq.gz,SRR11805643.x.s__Prevotella sp000434975,1f18de40,24340000,51,DNA,10000,2434,True,0.8699696586994541,0.9181213906608477,0.8940455246801509,0.9181213906608477,True,2,7209,9642,d__Bacteria;p__Bacillota;c__Bacilli;o__Erysipelotrichales;f__Erysipelotrichaceae;g__Holdemanella;s__Holdemanella porci
30000,0.0012325390304026294,0.008771929824561403,0.0008216926869350862,0.00041485169052063887,2.0,2.0,0.0,/group/ctbrowngrp5/sourmash-db.new/gtdb-rs226/gtdb-rs226-k51.dna.rocksdb,GCA_945949515.1 uncultured Prevotella sp.,dc156b0e6a3af5c9b9c6b3bb81641dca,0.013157894736842105,20000,108,13580000,outputs.mapping/bams.cds.rand/SRR11805643.x.s__Prevotella sp000434975.fastq.gz,SRR11805643.x.s__Prevotella sp000434975,1f18de40,24340000,51,DNA,10000,2434,True,0.8769137423885826,0.9185891303484345,0.8977514363685085,0.9185891303484345,True,4,7213,9642,d__Bacteria;p__Bacteroidota;c__Bacteroidia;o__Bacteroidales;f__Bacteroidaceae;g__Prevotella;s__Prevotella sp945827565
40000,0.0016433853738701725,0.006230529595015576,0.0008216926869350862,0.00041485169052063887,2.0,2.0,1.0,/group/ctbrowngrp5/sourmash-db.new/gtdb-rs226/gtdb-rs226-k51.dna.rocksdb,GCF_027692125.1 Gemmiger qucibialis,1665d12d4bb5bb6ff3ff37192d6de9d6,0.012461059190031152,20000,109,13560000,outputs.mapping/bams.cds.rand/SRR11805643.x.s__Prevotella sp000434975.fastq.gz,SRR11805643.x.s__Prevotella sp000434975,1f18de40,24340000,51,DNA,10000,2434,True,0.8818742367928581,0.9176095828438107,0.8997419098183344,0.9176095828438107,True,4,7217,9642,d__Bacteria;p__Bacillota;c__Clostridia;o__Oscillospirales;f__Ruminococcaceae;g__Gemmiger;s__Gemmiger qucibialis
180000,0.007395234182415777,0.005847953216374269,0.0008216926869350862,0.0008297033810412777,4.0,4.0,3.0,/group/ctbrowngrp5/sourmash-db.new/gtdb-rs226/gtdb-rs226-k51.dna.rocksdb,GCA_022727395.1 Prevotella sp.,cba0f94e2e0c82200c3b797fd8f4e4ce,0.05263157894736842,20000,110,13540000,outputs.mapping/bams.cds.rand/SRR11805643.x.s__Prevotella sp000434975.fastq.gz,SRR11805643.x.s__Prevotella sp000434975,1f18de40,24340000,51,DNA,10000,2434,True,0.9082695273404147,0.943900899556501,0.9260852134484578,0.943900899556501,False,8,7225,9642,d__Bacteria;p__Bacteroidota;c__Bacteroidia;o__Bacteroidales;f__Bacteroidaceae;g__Prevotella;s__Prevotella copri_C
230000,0.009449465899753493,0.006349206349206349,0.0008216926869350862,0.00031113876789047915,1.5,1.5,0.5,/group/ctbrowngrp5/sourmash-db.new/gtdb-rs226/gtdb-rs226-k51.dna.rocksdb,GCF_036298125.1 Hallella sp.,48c40443ac5227986065d5c4fa1743b6,0.07301587301587302,20000,111,13520000,outputs.mapping/bams.cds.rand/SRR11805643.x.s__Prevotella sp000434975.fastq.gz,SRR11805643.x.s__Prevotella sp000434975,1f18de40,24340000,51,DNA,10000,2434,True,0.9126454714691754,0.9499791298630735,0.9313123006661245,0.9499791298630735,False,3,7228,9642,d__Bacteria;p__Bacteroidota;c__Bacteroidia;o__Bacteroidales;f__Bacteroidaceae;g__Prevotella;s__Prevotella faecis
60000,0.0024650780608052587,0.007168458781362007,0.0008216926869350862,0.00041485169052063887,2.0,2.0,1.0,/group/ctbrowngrp5/sourmash-db.new/gtdb-rs226/gtdb-rs226-k51.dna.rocksdb,GCA_945949785.1 uncultured Prevotella sp.,89791941024107be0dcc6efb13c94c56,0.021505376344086023,20000,112,13500000,outputs.mapping/bams.cds.rand/SRR11805643.x.s__Prevotella sp000434975.fastq.gz,SRR11805643.x.s__Prevotella sp000434975,1f18de40,24340000,51,DNA,10000,2434,True,0.8889133426310211,0.9274806208525901,0.9081969817418056,0.9274806208525901,True,4,7232,9642,d__Bacteria;p__Bacteroidota;c__Bacteroidia;o__Bacteroidales;f__Bacteroidaceae;g__Prevotella;s__Prevotella sp000436915
50000,0.002054231717337716,0.006622516556291391,0.0008216926869350862,0.000725990458411118,3.5,3.5,1.5,/group/ctbrowngrp5/sourmash-db.new/gtdb-rs226/gtdb-rs226-k51.dna.rocksdb,GCA_958435525.1 uncultured Prevotella sp.,52bc84b77fd8cd21554c75104c204f97,0.016556291390728478,20000,113,13480000,outputs.mapping/bams.cds.rand/SRR11805643.x.s__Prevotella sp000434975.fastq.gz,SRR11805643.x.s__Prevotella sp000434975,1f18de40,24340000,51,DNA,10000,2434,True,0.8857412109018137,0.9227365150251989,0.9042388629635063,0.9227365150251989,True,7,7239,9642,d__Bacteria;p__Bacteroidota;c__Bacteroidia;o__Bacteroidales;f__Bacteroidaceae;g__Prevotella;s__Prevotella sp002265625
250000,0.010271158586688579,0.005277044854881266,0.0008216926869350862,0.00041485169052063887,2.0,2.0,1.0,/group/ctbrowngrp5/sourmash-db.new/gtdb-rs226/gtdb-rs226-k51.dna.rocksdb,GCA_959601165.1 Segatella copri,1250f960d5651d0145c94c2f696ba8b6,0.06596306068601583,20000,114,13460000,outputs.mapping/bams.cds.rand/SRR11805643.x.s__Prevotella sp000434975.fastq.gz,SRR11805643.x.s__Prevotella sp000434975,1f18de40,24340000,51,DNA,10000,2434,True,0.9141388065511017,0.9480888416677191,0.9311138241094103,0.9480888416677191,False,4,7243,9642,d__Bacteria;p__Bacteroidota;c__Bacteroidia;o__Bacteroidales;f__Bacteroidaceae;g__Prevotella;s__Prevotella copri_A
40000,0.0016433853738701725,0.015748031496062992,0.0008216926869350862,0.0010371292263015972,5.0,5.0,3.0,/group/ctbrowngrp5/sourmash-db.new/gtdb-rs226/gtdb-rs226-k51.dna.rocksdb,GCA_022649845.1 Lactobacillus amylovorus,8b580869fe4433a0e250a5f0595751ce,0.031496062992125984,20000,115,13440000,outputs.mapping/bams.cds.rand/SRR11805643.x.s__Prevotella sp000434975.fastq.gz,SRR11805643.x.s__Prevotella sp000434975,1f18de40,24340000,51,DNA,10000,2434,True,0.8818742367928581,0.9344456454001933,0.9081599410965258,0.9344456454001933,True,10,7253,9642,d__Bacteria;p__Bacillota;c__Bacilli;o__Lactobacillales;f__Lactobacillaceae;g__Lactobacillus;s__Lactobacillus amylovorus
40000,0.0016433853738701725,0.0071174377224199285,0.0008216926869350862,0.0005185646131507986,2.5,2.5,1.5,/group/ctbrowngrp5/sourmash-db.new/gtdb-rs226/gtdb-rs226-k51.dna.rocksdb,GCA_037349825.1 Prevotella sp.,01659474cae23934517befac7ae6ee8a,0.014234875444839857,20000,116,13420000,outputs.mapping/bams.cds.rand/SRR11805643.x.s__Prevotella sp000434975.fastq.gz,SRR11805643.x.s__Prevotella sp000434975,1f18de40,24340000,51,DNA,10000,2434,True,0.8818742367928581,0.920007247241555,0.9009407420172066,0.920007247241555,True,5,7258,9642,d__Bacteria;p__Bacteroidota;c__Bacteroidia;o__Bacteroidales;f__Bacteroidaceae;g__Prevotella;s__Prevotella sp002251385
290000,0.01191454396055875,0.006756756756756757,0.0008216926869350862,0.00020742584526031943,1.0,1.0,0.0,/group/ctbrowngrp5/sourmash-db.new/gtdb-rs226/gtdb-rs226-k51.dna.rocksdb,GCF_000834015.1 Prevotella pectinovora,998bf93c9b97aad01e78f3ba768ae63b,0.09797297297297297,20000,117,13400000,outputs.mapping/bams.cds.rand/SRR11805643.x.s__Prevotella sp000434975.fastq.gz,SRR11805643.x.s__Prevotella sp000434975,1f18de40,24340000,51,DNA,10000,2434,True,0.9168030046019925,0.9554715725377938,0.9361372885698931,0.9554715725377938,False,2,7260,9642,d__Bacteria;p__Bacteroidota;c__Bacteroidia;o__Bacteroidales;f__Bacteroidaceae;g__Prevotella;s__Prevotella pectinovora
180000,0.007395234182415777,0.007874015748031496,0.0008216926869350862,0.00041485169052063887,2.0,2.0,1.0,/group/ctbrowngrp5/sourmash-db.new/gtdb-rs226/gtdb-rs226-k51.dna.rocksdb,GCA_945827815.1 Segatella copri,b9b967e58926b46665ba7c8cb213810a,0.07086614173228346,20000,118,13380000,outputs.mapping/bams.cds.rand/SRR11805643.x.s__Prevotella sp000434975.fastq.gz,SRR11805643.x.s__Prevotella sp000434975,1f18de40,24340000,51,DNA,10000,2434,True,0.9082695273404147,0.9494226407977018,0.9288460840690582,0.9494226407977018,False,4,7264,9642,d__Bacteria;p__Bacteroidota;c__Bacteroidia;o__Bacteroidales;f__Bacteroidaceae;g__Prevotella;s__Prevotella copri
20000,0.0008216926869350862,0.009523809523809525,0.0008216926869350862,0.00020742584526031943,1.0,1.0,0.0,/group/ctbrowngrp5/sourmash-db.new/gtdb-rs226/gtdb-rs226-k51.dna.rocksdb,GCA_029225025.1 Bulleidia sp.,4176ba488f0c33a4a6411edd48e58ff9,0.009523809523809525,20000,119,13360000,outputs.mapping/bams.cds.rand/SRR11805643.x.s__Prevotella sp000434975.fastq.gz,SRR11805643.x.s__Prevotella sp000434975,1f18de40,24340000,51,DNA,10000,2434,True,0.8699696586994541,0.9127857201967318,0.8913776894480929,0.9127857201967318,True,2,7266,9642,d__Bacteria;p__Bacillota;c__Bacilli;o__Erysipelotrichales;f__Erysipelotrichaceae;g__Bulleidia;s__Bulleidia sp016293365
260000,0.010682004930156122,0.00546448087431694,0.0008216926869350862,0.00020742584526031943,1.0,1.0,0.0,/group/ctbrowngrp5/sourmash-db.new/gtdb-rs226/gtdb-rs226-k51.dna.rocksdb,GCA_945963825.1 uncultured Prevotella sp.,c29731de801a8c3f46bff6fca7efcb94,0.07103825136612021,20000,120,13340000,outputs.mapping/bams.cds.rand/SRR11805643.x.s__Prevotella sp000434975.fastq.gz,SRR11805643.x.s__Prevotella sp000434975,1f18de40,24340000,51,DNA,10000,2434,True,0.9148420803863374,0.9494677992745164,0.932154939830427,0.9494677992745164,False,2,7268,9642,d__Bacteria;p__Bacteroidota;c__Bacteroidia;o__Bacteroidales;f__Bacteroidaceae;g__Prevotella;s__Prevotella sp945863825
20000,0.0008216926869350862,0.0021413276231263384,0.0008216926869350862,0.004252229827836548,20.5,20.5,19.5,/group/ctbrowngrp5/sourmash-db.new/gtdb-rs226/gtdb-rs226-k51.dna.rocksdb,GCF_039529495.1 Actinomadura bangladeshensis,519ceef2b954a840df1ccb664d14329c,0.0021413276231263384,20000,121,13320000,outputs.mapping/bams.cds.rand/SRR11805643.x.s__Prevotella sp000434975.fastq.gz,SRR11805643.x.s__Prevotella sp000434975,1f18de40,24340000,51,DNA,10000,2434,True,0.8699696586994541,0.8864626733856426,0.8782161660425483,0.8864626733856426,True,41,7309,9642,d__Bacteria;p__Actinomycetota;c__Actinomycetes;o__Streptosporangiales;f__Streptosporangiaceae;g__Spirillospora;s__Spirillospora bangladeshensis
30000,0.0012325390304026294,0.007380073800738007,0.0008216926869350862,0.00031113876789047915,1.5,1.5,0.5,/group/ctbrowngrp5/sourmash-db.new/gtdb-rs226/gtdb-rs226-k51.dna.rocksdb,GCA_945910775.1 uncultured Prevotellaceae bacterium,043217d42d3792dd3fd51746fa2804e0,0.01107011070110701,20000,122,13300000,outputs.mapping/bams.cds.rand/SRR11805643.x.s__Prevotella sp000434975.fastq.gz,SRR11805643.x.s__Prevotella sp000434975,1f18de40,24340000,51,DNA,10000,2434,True,0.8769137423885826,0.9154824822731807,0.8961981123308816,0.9154824822731807,True,3,7312,9642,d__Bacteria;p__Bacteroidota;c__Bacteroidia;o__Bacteroidales;f__Muribaculaceae;g__Sodaliphilus;s__Sodaliphilus pleomorphus
20000,0.0008216926869350862,0.011904761904761904,0.0008216926869350862,0.00020742584526031943,1.0,1.0,0.0,/group/ctbrowngrp5/sourmash-db.new/gtdb-rs226/gtdb-rs226-k51.dna.rocksdb,GCA_946402705.1 uncultured Tissierellia bacterium,5bb7544d9f44e012e8ba6986fd364c8c,0.011904761904761904,20000,123,13280000,outputs.mapping/bams.cds.rand/SRR11805643.x.s__Prevotella sp000434975.fastq.gz,SRR11805643.x.s__Prevotella sp000434975,1f18de40,24340000,51,DNA,10000,2434,True,0.8699696586994541,0.9167882396034238,0.893378949151439,0.9167882396034238,True,2,7314,9642,d__Bacteria;p__Bacillota;c__Clostridia;o__Tissierellales;f__JASLAT01;g__CAMIXG01;s__CAMIXG01 sp946402705
30000,0.0012325390304026294,0.013793103448275862,0.0008216926869350862,0.00020742584526031943,1.0,1.0,0.0,/group/ctbrowngrp5/sourmash-db.new/gtdb-rs226/gtdb-rs226-k51.dna.rocksdb,GCA_004554845.1 Bacteroidales bacterium,1afd5445afb65eb502389bd9d2ed5afc,0.020689655172413793,20000,124,13260000,outputs.mapping/bams.cds.rand/SRR11805643.x.s__Prevotella sp000434975.fastq.gz,SRR11805643.x.s__Prevotella sp000434975,1f18de40,24340000,51,DNA,10000,2434,True,0.8769137423885826,0.9267776544647602,0.9018456984266714,0.9267776544647602,True,2,7316,9642,d__Bacteria;p__Bacteroidota;c__Bacteroidia;o__Bacteroidales;f__UBA932;g__Cryptobacteroides;s__Cryptobacteroides sp900546445
200000,0.008216926869350863,0.0064516129032258064,0.0008216926869350862,0.00020742584526031943,1.0,1.0,0.0,/group/ctbrowngrp5/sourmash-db.new/gtdb-rs226/gtdb-rs226-k51.dna.rocksdb,GCF_002251455.1 Prevotella sp. P4-51,c22feea822101f2f02de185e6e17ee9f,0.06451612903225806,20000,125,13240000,outputs.mapping/bams.cds.rand/SRR11805643.x.s__Prevotella sp000434975.fastq.gz,SRR11805643.x.s__Prevotella sp000434975,1f18de40,24340000,51,DNA,10000,2434,True,0.9101478540545755,0.9476766122396355,0.9289122331471056,0.9476766122396355,False,2,7318,9642,d__Bacteria;p__Bacteroidota;c__Bacteroidia;o__Bacteroidales;f__Bacteroidaceae;g__Prevotella;s__Prevotella sp002251385
30000,0.0012325390304026294,0.00851063829787234,0.0008216926869350862,0.00041485169052063887,2.0,2.0,1.0,/group/ctbrowngrp5/sourmash-db.new/gtdb-rs226/gtdb-rs226-k51.dna.rocksdb,GCA_945900065.1 uncultured Bacteroidales bacterium,d5c2c21d01ddf43da195bc68022d5d9e,0.01276595744680851,20000,126,13220000,outputs.mapping/bams.cds.rand/SRR11805643.x.s__Prevotella sp000434975.fastq.gz,SRR11805643.x.s__Prevotella sp000434975,1f18de40,24340000,51,DNA,10000,2434,True,0.8769137423885826,0.9180446245420006,0.8974791834652915,0.9180446245420006,True,4,7322,9642,d__Bacteria;p__Bacteroidota;c__Bacteroidia;o__Bacteroidales;f__Muribaculaceae;g__Sodaliphilus;s__Sodaliphilus sp004557565
70000,0.002875924404272802,0.006666666666666667,0.0008216926869350862,0.0021779713752333543,10.5,10.5,8.5,/group/ctbrowngrp5/sourmash-db.new/gtdb-rs226/gtdb-rs226-k51.dna.rocksdb,GCA_902468675.1 uncultured Prevotella sp.,9c256be47afbe32ff933e90485555c37,0.023333333333333334,20000,127,13200000,outputs.mapping/bams.cds.rand/SRR11805643.x.s__Prevotella sp000434975.fastq.gz,SRR11805643.x.s__Prevotella sp000434975,1f18de40,24340000,51,DNA,10000,2434,True,0.8916042032308269,0.9289654131173958,0.9102848081741113,0.9289654131173958,False,21,7343,9642,d__Bacteria;p__Bacteroidota;c__Bacteroidia;o__Bacteroidales;f__Bacteroidaceae;g__Prevotella;s__Prevotella caccae
120000,0.0049301561216105174,0.0071174377224199285,0.0008216926869350862,0.00041485169052063887,2.0,2.0,1.0,/group/ctbrowngrp5/sourmash-db.new/gtdb-rs226/gtdb-rs226-k51.dna.rocksdb,GCA_034167405.1 Prevotella sp.,e49c71942f5aa182deb7c15bdac24d24,0.042704626334519574,20000,128,13180000,outputs.mapping/bams.cds.rand/SRR11805643.x.s__Prevotella sp000434975.fastq.gz,SRR11805643.x.s__Prevotella sp000434975,1f18de40,24340000,51,DNA,10000,2434,True,0.9010771442070892,0.9400405051054549,0.920558824656272,0.9400405051054549,False,4,7347,9642,d__Bacteria;p__Bacteroidota;c__Bacteroidia;o__Bacteroidales;f__Bacteroidaceae;g__Prevotella;s__Prevotella sp002251365
90000,0.0036976170912078883,0.007575757575757576,0.0008216926869350862,0.0010371292263015972,5.0,5.0,4.0,/group/ctbrowngrp5/sourmash-db.new/gtdb-rs226/gtdb-rs226-k51.dna.rocksdb,GCF_002251385.1 Prevotella sp. P5-108,64704f53e80135c1fb9a81d8fb322b06,0.03409090909090909,20000,129,13160000,outputs.mapping/bams.cds.rand/SRR11805643.x.s__Prevotella sp000434975.fastq.gz,SRR11805643.x.s__Prevotella sp000434975,1f18de40,24340000,51,DNA,10000,2434,True,0.8960086344976829,0.9358973283021059,0.9159529813998943,0.9358973283021059,False,10,7357,9642,d__Bacteria;p__Bacteroidota;c__Bacteroidia;o__Bacteroidales;f__Bacteroidaceae;g__Prevotella;s__Prevotella sp002251385
20000,0.0008216926869350862,0.005025125628140704,0.0008216926869350862,0.00031113876789047915,1.5,1.5,0.5,/group/ctbrowngrp5/sourmash-db.new/gtdb-rs226/gtdb-rs226-k51.dna.rocksdb,GCF_002301855.1 Clostridioides difficile,1a4a95fabd24320bc52b1b3136cce7c0,0.005025125628140704,20000,130,13140000,outputs.mapping/bams.cds.rand/SRR11805643.x.s__Prevotella sp000434975.fastq.gz,SRR11805643.x.s__Prevotella sp000434975,1f18de40,24340000,51,DNA,10000,2434,True,0.8699696586994541,0.9014143125831353,0.8856919856412947,0.9014143125831353,True,3,7360,9642,d__Bacteria;p__Bacillota;c__Clostridia;o__Peptostreptococcales;f__Peptostreptococcaceae;g__Clostridioides;s__Clostridioides difficile
80000,0.003286770747740345,0.007220216606498195,0.0008216926869350862,0.0005185646131507986,2.5,2.5,1.5,/group/ctbrowngrp5/sourmash-db.new/gtdb-rs226/gtdb-rs226-k51.dna.rocksdb,GCA_004557945.1 Bacteroidales bacterium,09e14cec75f525839d7e831d2f205eca,0.02888086642599278,20000,131,13120000,outputs.mapping/bams.cds.rand/SRR11805643.x.s__Prevotella sp000434975.fastq.gz,SRR11805643.x.s__Prevotella sp000434975,1f18de40,24340000,51,DNA,10000,2434,True,0.893941715946276,0.9328587438902849,0.9134002299182804,0.9328587438902849,False,5,7365,9642,d__Bacteria;p__Bacteroidota;c__Bacteroidia;o__Bacteroidales;f__Muribaculaceae;g__Sodaliphilus;s__Sodaliphilus sp004557565
1870000,0.07682826622843057,0.007042253521126761,0.0008216926869350862,0.000725990458411118,3.5,3.5,2.5,/group/ctbrowngrp5/sourmash-db.new/gtdb-rs226/gtdb-rs226-k51.dna.rocksdb,GCA_958447005.1 uncultured Bacteroidales bacterium,0c7cb7a6309c787a0850a8c84264fd57,0.6584507042253521,20000,132,13100000,outputs.mapping/bams.cds.rand/SRR11805643.x.s__Prevotella sp000434975.fastq.gz,SRR11805643.x.s__Prevotella sp000434975,1f18de40,24340000,51,DNA,10000,2434,True,0.9509276406330401,0.9918400312166727,0.9713838359248564,0.9918400312166727,False,7,7372,9642,d__Bacteria;p__Bacteroidota;c__Bacteroidia;o__Bacteroidales;f__Bacteroidaceae;g__Prevotella;s__Prevotella sp000434975
470000,0.019309778142974528,0.00641025641025641,0.0008216926869350862,0.00020742584526031943,1.0,1.0,0.0,/group/ctbrowngrp5/sourmash-db.new/gtdb-rs226/gtdb-rs226-k51.dna.rocksdb,GCF_034114725.1 Prevotella sp.,c9729795b96810c2e5e7d04a0bfcb7d9,0.15064102564102563,20000,133,13080000,outputs.mapping/bams.cds.rand/SRR11805643.x.s__Prevotella sp000434975.fastq.gz,SRR11805643.x.s__Prevotella sp000434975,1f18de40,24340000,51,DNA,10000,2434,True,0.9255242234386687,0.9635654968265123,0.9445448601325905,0.9635654968265123,False,2,7374,9642,d__Bacteria;p__Bacteroidota;c__Bacteroidia;o__Bacteroidales;f__Bacteroidaceae;g__Prevotella;s__Prevotella sp905193385
70000,0.002875924404272802,0.008064516129032258,0.0008216926869350862,0.002592823065753993,12.5,12.5,6.5,/group/ctbrowngrp5/sourmash-db.new/gtdb-rs226/gtdb-rs226-k51.dna.rocksdb,GCA_946408905.1 uncultured Bacteroidales bacterium,52e37738527b250906a675fb889e909b,0.028225806451612902,20000,134,13060000,outputs.mapping/bams.cds.rand/SRR11805643.x.s__Prevotella sp000434975.fastq.gz,SRR11805643.x.s__Prevotella sp000434975,1f18de40,24340000,51,DNA,10000,2434,True,0.8916042032308269,0.9324391865923345,0.9120216949115807,0.9324391865923345,False,25,7399,9642,d__Bacteria;p__Bacteroidota;c__Bacteroidia;o__Bacteroidales;f__Bacteroidaceae;g__Alloprevotella;s__Alloprevotella sp004552155
20000,0.0008216926869350862,0.008438818565400843,0.0008216926869350862,0.00031113876789047915,1.5,1.5,0.5,/group/ctbrowngrp5/sourmash-db.new/gtdb-rs226/gtdb-rs226-k51.dna.rocksdb,GCA_004558425.1 Bacteroidales bacterium,691fdb76e1ce3ee14ae8d835b7c2757d,0.008438818565400843,20000,135,13040000,outputs.mapping/bams.cds.rand/SRR11805643.x.s__Prevotella sp000434975.fastq.gz,SRR11805643.x.s__Prevotella sp000434975,1f18de40,24340000,51,DNA,10000,2434,True,0.8699696586994541,0.9106235044887697,0.890296581594112,0.9106235044887697,True,3,7402,9642,d__Bacteria;p__Bacteroidota;c__Bacteroidia;o__Bacteroidales;f__Muribaculaceae;g__Lepagella;s__Lepagella sp900321585
20000,0.0008216926869350862,0.008298755186721992,0.0008216926869350862,0.00041485169052063887,2.0,2.0,1.0,/group/ctbrowngrp5/sourmash-db.new/gtdb-rs226/gtdb-rs226-k51.dna.rocksdb,GCA_902476295.1 uncultured Prevotellaceae bacterium,d404e6db377dba2f0d600e090c7f6e24,0.008298755186721992,20000,136,13020000,outputs.mapping/bams.cds.rand/SRR11805643.x.s__Prevotella sp000434975.fastq.gz,SRR11805643.x.s__Prevotella sp000434975,1f18de40,24340000,51,DNA,10000,2434,True,0.8699696586994541,0.9103247120190018,0.890147185359228,0.9103247120190018,True,4,7406,9642,d__Bacteria;p__Bacteroidota;c__Bacteroidia;o__Bacteroidales;f__Muribaculaceae;g__SFTJ01;s__SFTJ01 sp905210415
390000,0.01602300739523418,0.006006006006006006,0.0008216926869350862,0.00041485169052063887,2.0,2.0,1.0,/group/ctbrowngrp5/sourmash-db.new/gtdb-rs226/gtdb-rs226-k51.dna.rocksdb,GCF_958422095.1 uncultured Prevotella sp.,1514714af17f5fea6e2c25d35eb207dc,0.11711711711711711,20000,137,13000000,outputs.mapping/bams.cds.rand/SRR11805643.x.s__Prevotella sp000434975.fastq.gz,SRR11805643.x.s__Prevotella sp000434975,1f18de40,24340000,51,DNA,10000,2434,True,0.92214433501673,0.9588212584045962,0.940482796710663,0.9588212584045962,False,4,7410,9642,d__Bacteria;p__Bacteroidota;c__Bacteroidia;o__Bacteroidales;f__Bacteroidaceae;g__Prevotella;s__Prevotella sp905193385
40000,0.0016433853738701725,0.004901960784313725,0.0008216926869350862,0.00031113876789047915,1.5,1.5,0.5,/group/ctbrowngrp5/sourmash-db.new/gtdb-rs226/gtdb-rs226-k51.dna.rocksdb,GCF_900217715.1 Bacteroides sp. AR29,6db8cdaab1e0d3ce287230258506ec57,0.00980392156862745,20000,138,12980000,outputs.mapping/bams.cds.rand/SRR11805643.x.s__Prevotella sp000434975.fastq.gz,SRR11805643.x.s__Prevotella sp000434975,1f18de40,24340000,51,DNA,10000,2434,True,0.8818742367928581,0.9133046796219629,0.8975894582074105,0.9133046796219629,True,3,7413,9642,d__Bacteria;p__Bacteroidota;c__Bacteroidia;o__Bacteroidales;f__Bacteroidaceae;g__Bacteroides;s__Bacteroides uniformis
30000,0.0012325390304026294,0.00851063829787234,0.0008216926869350862,0.00020742584526031943,1.0,1.0,0.0,/group/ctbrowngrp5/sourmash-db.new/gtdb-rs226/gtdb-rs226-k51.dna.rocksdb,GCA_029100645.1 Prevotella sp.,5d0ce1b2ff35585d34a5cf7537b300a0,0.01276595744680851,20000,139,12960000,outputs.mapping/bams.cds.rand/SRR11805643.x.s__Prevotella sp000434975.fastq.gz,SRR11805643.x.s__Prevotella sp000434975,1f18de40,24340000,51,DNA,10000,2434,True,0.8769137423885826,0.9180446245420006,0.8974791834652915,0.9180446245420006,True,2,7415,9642,d__Bacteria;p__Bacteroidota;c__Bacteroidia;o__Bacteroidales;f__Bacteroidaceae;g__Prevotella;s__Prevotella sp900768785
20000,0.0008216926869350862,0.007220216606498195,0.0008216926869350862,0.0011408421489317569,5.5,5.5,4.5,/group/ctbrowngrp5/sourmash-db.new/gtdb-rs226/gtdb-rs226-k51.dna.rocksdb,GCA_022482815.1 Acidaminococcus sp.,b81e24a9e5d64eb6580659ec1c783875,0.007220216606498195,20000,140,12940000,outputs.mapping/bams.cds.rand/SRR11805643.x.s__Prevotella sp000434975.fastq.gz,SRR11805643.x.s__Prevotella sp000434975,1f18de40,24340000,51,DNA,10000,2434,True,0.8699696586994541,0.9078430825637916,0.8889063706316229,0.9078430825637916,True,11,7426,9642,d__Bacteria;p__Bacillota;c__Negativicutes;o__Acidaminococcales;f__Acidaminococcaceae;g__Acidaminococcus;s__Acidaminococcus sp022482815
80000,0.003286770747740345,0.006369426751592357,0.0008216926869350862,0.000725990458411118,3.5,3.5,2.5,/group/ctbrowngrp5/sourmash-db.new/gtdb-rs226/gtdb-rs226-k51.dna.rocksdb,GCA_022773545.1 Prevotella sp.,4afae2f71eaa979d43e819866f0bc649,0.025477707006369428,20000,141,12920000,outputs.mapping/bams.cds.rand/SRR11805643.x.s__Prevotella sp000434975.fastq.gz,SRR11805643.x.s__Prevotella sp000434975,1f18de40,24340000,51,DNA,10000,2434,True,0.893941715946276,0.9305682739038047,0.9122549949250404,0.9305682739038047,False,7,7433,9642,d__Bacteria;p__Bacteroidota;c__Bacteroidia;o__Bacteroidales;f__Bacteroidaceae;g__Prevotella;s__Prevotella sp022771625
30000,0.0012325390304026294,0.004464285714285714,0.0008216926869350862,0.0005185646131507986,2.5,2.5,0.5,/group/ctbrowngrp5/sourmash-db.new/gtdb-rs226/gtdb-rs226-k51.dna.rocksdb,GCF_024397005.1 Clostridium butyricum,731a0b2f5a82c8c28a4255d9d7719a09,0.006696428571428571,20000,142,12900000,outputs.mapping/bams.cds.rand/SRR11805643.x.s__Prevotella sp000434975.fastq.gz,SRR11805643.x.s__Prevotella sp000434975,1f18de40,24340000,51,DNA,10000,2434,True,0.8769137423885826,0.906503479267468,0.8917086108280252,0.906503479267468,True,5,7438,9642,d__Bacteria;p__Bacillota;c__Clostridia;o__Clostridiales;f__Clostridiaceae;g__Clostridium;s__Clostridium butyricum
30000,0.0012325390304026294,0.005970149253731343,0.0008216926869350862,0.00031113876789047915,1.5,1.5,0.5,/group/ctbrowngrp5/sourmash-db.new/gtdb-rs226/gtdb-rs226-k51.dna.rocksdb,GCA_964243535.1 Blautia obeum,ed73c36bb65ec350fc6dd421e98e8b00,0.008955223880597015,20000,143,12880000,outputs.mapping/bams.cds.rand/SRR11805643.x.s__Prevotella sp000434975.fastq.gz,SRR11805643.x.s__Prevotella sp000434975,1f18de40,24340000,51,DNA,10000,2434,True,0.8769137423885826,0.9116846364970981,0.8942991894428403,0.9116846364970981,True,3,7441,9642,d__Bacteria;p__Bacillota;c__Clostridia;o__Lachnospirales;f__Lachnospiraceae;g__Oliverpabstia;s__Oliverpabstia intestinalis
160000,0.00657354149548069,0.006191950464396285,0.0008216926869350862,0.00020742584526031943,1.0,1.0,0.0,/group/ctbrowngrp5/sourmash-db.new/gtdb-rs226/gtdb-rs226-k51.dna.rocksdb,GCA_036298045.1 Prevotella sp.,fc405f121c22e5165b16a5508505b8c7,0.04953560371517028,20000,144,12860000,outputs.mapping/bams.cds.rand/SRR11805643.x.s__Prevotella sp000434975.fastq.gz,SRR11805643.x.s__Prevotella sp000434975,1f18de40,24340000,51,DNA,10000,2434,True,0.9061743252815753,0.9427795341220737,0.9244769297018245,0.9427795341220737,False,2,7443,9642,d__Bacteria;p__Bacteroidota;c__Bacteroidia;o__Bacteroidales;f__Bacteroidaceae;g__Prevotella;s__Prevotella sp000436035
160000,0.00657354149548069,0.005390835579514825,0.0008216926869350862,0.00041485169052063887,2.0,2.0,0.0,/group/ctbrowngrp5/sourmash-db.new/gtdb-rs226/gtdb-rs226-k51.dna.rocksdb,GCA_019422265.1 Prevotella sp.,ec98d3c10fcab1552122270b5c7d9f90,0.0431266846361186,20000,145,12840000,outputs.mapping/bams.cds.rand/SRR11805643.x.s__Prevotella sp000434975.fastq.gz,SRR11805643.x.s__Prevotella sp000434975,1f18de40,24340000,51,DNA,10000,2434,True,0.9061743252815753,0.940221797031483,0.9231980611565291,0.940221797031483,False,4,7447,9642,d__Bacteria;p__Bacteroidota;c__Bacteroidia;o__Bacteroidales;f__Bacteroidaceae;g__Prevotella;s__Prevotella copri_A
30000,0.0012325390304026294,0.005865102639296188,0.0008216926869350862,0.0008297033810412777,4.0,4.0,1.0,/group/ctbrowngrp5/sourmash-db.new/gtdb-rs226/gtdb-rs226-k51.dna.rocksdb,GCA_004563195.1 bacterium,2f5a6033e650c2b0069078b7bb5f3909,0.008797653958944282,20000,146,12820000,outputs.mapping/bams.cds.rand/SRR11805643.x.s__Prevotella sp000434975.fastq.gz,SRR11805643.x.s__Prevotella sp000434975,1f18de40,24340000,51,DNA,10000,2434,True,0.8769137423885826,0.9113673549363814,0.894140548662482,0.9113673549363814,True,8,7455,9642,d__Bacteria;p__Bacteroidota;c__Bacteroidia;o__Bacteroidales;f__Muribaculaceae;g__SFTJ01;s__SFTJ01 sp004563195
10000,0.0004108463434675431,0.0029940119760479044,0.0004108463434675431,0.00020742584526031943,2.0,2.0,0.0,/group/ctbrowngrp5/sourmash-db.new/gtdb-rs226/gtdb-rs226-k51.dna.rocksdb,GCA_948471325.1 uncultured bacterium,2e099f3deb38ec10e4605bcf211c01fd,0.0029940119760479044,10000,147,12810000,outputs.mapping/bams.cds.rand/SRR11805643.x.s__Prevotella sp000434975.fastq.gz,SRR11805643.x.s__Prevotella sp000434975,1f18de40,24340000,51,DNA,10000,2434,True,0.858225782635511,0.8923079763386086,0.8752668794870597,0.8923079763386086,True,2,7457,9642,d__Bacteria;p__Verrucomicrobiota;c__Kiritimatiellia;o__RFP12;f__UBA1067;g__RUG572;s__RUG572 sp900547945
1150000,0.04724732949876746,0.003401360544217687,0.0004108463434675431,0.00031113876789047915,3.0,3.0,0.0,/group/ctbrowngrp5/sourmash-db.new/gtdb-rs226/gtdb-rs226-k51.dna.rocksdb,GCA_037324165.1 Prevotella sp.,71d5b9814f6e738326ef10560abad720,0.391156462585034,10000,148,12800000,outputs.mapping/bams.cds.rand/SRR11805643.x.s__Prevotella sp000434975.fastq.gz,SRR11805643.x.s__Prevotella sp000434975,1f18de40,24340000,51,DNA,10000,2434,True,0.9419056399596403,0.9817634793804625,0.9618345596700514,0.9817634793804625,False,3,7460,9642,d__Bacteria;p__Bacteroidota;c__Bacteroidia;o__Bacteroidales;f__Bacteroidaceae;g__Prevotella;s__Prevotella sp000434975
10000,0.0004108463434675431,0.004901960784313725,0.0004108463434675431,0.00010371292263015972,1.0,1.0,0.0,/group/ctbrowngrp5/sourmash-db.new/gtdb-rs226/gtdb-rs226-k51.dna.rocksdb,GCA_945949415.1 uncultured Bacteroidales bacterium,ee2ec0942fc7b9b9a77c4d0545df4951,0.004901960784313725,10000,149,12790000,outputs.mapping/bams.cds.rand/SRR11805643.x.s__Prevotella sp000434975.fastq.gz,SRR11805643.x.s__Prevotella sp000434975,1f18de40,24340000,51,DNA,10000,2434,True,0.858225782635511,0.9009758163577729,0.8796007994966419,0.9009758163577729,True,1,7461,9642,d__Bacteria;p__Bacteroidota;c__Bacteroidia;o__Bacteroidales;f__UBA932;g__Cryptobacteroides;s__Cryptobacteroides sp004556005
10000,0.0004108463434675431,0.005714285714285714,0.0004108463434675431,0.00010371292263015972,1.0,1.0,0.0,/group/ctbrowngrp5/sourmash-db.new/gtdb-rs226/gtdb-rs226-k51.dna.rocksdb,GCF_900985685.1 Streptococcus pyogenes,7ec5d03491ca9b54332fdd09958b7b7a,0.005714285714285714,10000,150,12780000,outputs.mapping/bams.cds.rand/SRR11805643.x.s__Prevotella sp000434975.fastq.gz,SRR11805643.x.s__Prevotella sp000434975,1f18de40,24340000,51,DNA,10000,2434,True,0.858225782635511,0.9036887208642069,0.880957251749859,0.9036887208642069,True,1,7462,9642,d__Bacteria;p__Bacillota;c__Bacilli;o__Lactobacillales;f__Streptococcaceae;g__Streptococcus;s__Streptococcus pyogenes
30000,0.0012325390304026294,0.0032258064516129032,0.0004108463434675431,0.00010371292263015972,1.0,1.0,0.0,/group/ctbrowngrp5/sourmash-db.new/gtdb-rs226/gtdb-rs226-k51.dna.rocksdb,GCA_948992065.1 Akkermansia muciniphila,ebe59afa657678f00fb5fcc8292077ac,0.00967741935483871,10000,151,12770000,outputs.mapping/bams.cds.rand/SRR11805643.x.s__Prevotella sp000434975.fastq.gz,SRR11805643.x.s__Prevotella sp000434975,1f18de40,24340000,51,DNA,10000,2434,True,0.8769137423885826,0.913072135380062,0.8949929388843223,0.913072135380062,True,1,7463,9642,d__Bacteria;p__Verrucomicrobiota;c__Verrucomicrobiia;o__Verrucomicrobiales;f__Akkermansiaceae;g__Akkermansia;s__Akkermansia muciniphila
10000,0.0004108463434675431,0.004366812227074236,0.0004108463434675431,0.00031113876789047915,3.0,3.0,0.0,/group/ctbrowngrp5/sourmash-db.new/gtdb-rs226/gtdb-rs226-k51.dna.rocksdb,GCA_934842325.1 Faecalibacterium prausnitzii,2f816eb35c8b91a967c167a764fba069,0.004366812227074236,10000,152,12760000,outputs.mapping/bams.cds.rand/SRR11805643.x.s__Prevotella sp000434975.fastq.gz,SRR11805643.x.s__Prevotella sp000434975,1f18de40,24340000,51,DNA,10000,2434,True,0.858225782635511,0.8989358818428389,0.8785808322391749,0.8989358818428389,True,3,7466,9642,d__Bacteria;p__Bacillota;c__Clostridia;o__Oscillospirales;f__Ruminococcaceae;g__Faecalibacterium;s__Faecalibacterium prausnitzii
30000,0.0012325390304026294,0.005208333333333333,0.0004108463434675431,0.00031113876789047915,3.0,3.0,0.0,/group/ctbrowngrp5/sourmash-db.new/gtdb-rs226/gtdb-rs226-k51.dna.rocksdb,GCA_018384095.1 Bacteroidales bacterium,6402a4b31dfe560c711cb35eab2e6422,0.015625,10000,153,12750000,outputs.mapping/bams.cds.rand/SRR11805643.x.s__Prevotella sp000434975.fastq.gz,SRR11805643.x.s__Prevotella sp000434975,1f18de40,24340000,51,DNA,10000,2434,True,0.8769137423885826,0.9216896409408654,0.899301691664724,0.9216896409408654,True,3,7469,9642,d__Bacteria;p__Bacteroidota;c__Bacteroidia;o__Bacteroidales;f__UBA932;g__Cryptobacteroides;s__Cryptobacteroides sp900546925
10000,0.0004108463434675431,0.0029411764705882353,0.0004108463434675431,0.00010371292263015972,1.0,1.0,0.0,/group/ctbrowngrp5/sourmash-db.new/gtdb-rs226/gtdb-rs226-k51.dna.rocksdb,GCA_023439945.1 Bacillota bacterium,de1ea2a50af74b85ae3b3f8442c8a0ea,0.0029411764705882353,10000,154,12740000,outputs.mapping/bams.cds.rand/SRR11805643.x.s__Prevotella sp000434975.fastq.gz,SRR11805643.x.s__Prevotella sp000434975,1f18de40,24340000,51,DNA,10000,2434,True,0.858225782635511,0.8919965168149829,0.875111149725247,0.8919965168149829,True,1,7470,9642,d__Bacteria;p__Bacillota;c__Clostridia;o__Lachnospirales;f__Lachnospiraceae;g__Dorea;s__Dorea formicigenerans
10000,0.0004108463434675431,0.005263157894736842,0.0004108463434675431,0.00010371292263015972,1.0,1.0,0.0,/group/ctbrowngrp5/sourmash-db.new/gtdb-rs226/gtdb-rs226-k51.dna.rocksdb,GCA_958437475.1 uncultured Bacilli bacterium,99ff6db6eb688e3a9fa321ee1ba74b4b,0.005263157894736842,10000,155,12730000,outputs.mapping/bams.cds.rand/SRR11805643.x.s__Prevotella sp000434975.fastq.gz,SRR11805643.x.s__Prevotella sp000434975,1f18de40,24340000,51,DNA,10000,2434,True,0.858225782635511,0.9022326864532024,0.8802292345443568,0.9022326864532024,True,1,7471,9642,d__Bacteria;p__Bacillota;c__Bacilli;o__RFN20;f__CAG-288;g__Enterosoma;s__Enterosoma sp900549915
10000,0.0004108463434675431,0.008771929824561403,0.0004108463434675431,0.00020742584526031943,2.0,2.0,0.0,/group/ctbrowngrp5/sourmash-db.new/gtdb-rs226/gtdb-rs226-k51.dna.rocksdb,GCF_900169125.1 Chlamydia suis,5ed84c83bc7f7eab8bb994f9693feeec,0.008771929824561403,10000,156,12720000,outputs.mapping/bams.cds.rand/SRR11805643.x.s__Prevotella sp000434975.fastq.gz,SRR11805643.x.s__Prevotella sp000434975,1f18de40,24340000,51,DNA,10000,2434,True,0.858225782635511,0.911315028588222,0.8847704056118665,0.911315028588222,True,2,7473,9642,d__Bacteria;p__Chlamydiota;c__Chlamydiia;o__Chlamydiales;f__Chlamydiaceae;g__Chlamydia;s__Chlamydia suis
50000,0.002054231717337716,0.0019267822736030828,0.0004108463434675431,0.0010371292263015972,10.0,10.0,0.0,/group/ctbrowngrp5/sourmash-db.new/gtdb-rs226/gtdb-rs226-k51.dna.rocksdb,GCF_008572045.1 Phocaeicola dorei,36c6eb542a6f88af91cfc212fdcc803c,0.009633911368015413,10000,157,12710000,outputs.mapping/bams.cds.rand/SRR11805643.x.s__Prevotella sp000434975.fastq.gz,SRR11805643.x.s__Prevotella sp000434975,1f18de40,24340000,51,DNA,10000,2434,True,0.8857412109018137,0.9129914670168088,0.8993663389593112,0.9129914670168088,True,10,7483,9642,d__Bacteria;p__Bacteroidota;c__Bacteroidia;o__Bacteroidales;f__Bacteroidaceae;g__Phocaeicola;s__Phocaeicola dorei
20000,0.0008216926869350862,0.005494505494505495,0.0004108463434675431,0.00010371292263015972,1.0,1.0,0.0,/group/ctbrowngrp5/sourmash-db.new/gtdb-rs226/gtdb-rs226-k51.dna.rocksdb,GCF_001982045.1 Latilactobacillus curvatus,aa1644f98a374fb9d93a09a149e52e6c,0.01098901098901099,10000,158,12700000,outputs.mapping/bams.cds.rand/SRR11805643.x.s__Prevotella sp000434975.fastq.gz,SRR11805643.x.s__Prevotella sp000434975,1f18de40,24340000,51,DNA,10000,2434,True,0.8699696586994541,0.915350501215715,0.8926600799575846,0.915350501215715,True,1,7484,9642,d__Bacteria;p__Bacillota;c__Bacilli;o__Lactobacillales;f__Lactobacillaceae;g__Latilactobacillus;s__Latilactobacillus curvatus
40000,0.0016433853738701725,0.0051813471502590676,0.0004108463434675431,0.00010371292263015972,1.0,1.0,0.0,/group/ctbrowngrp5/sourmash-db.new/gtdb-rs226/gtdb-rs226-k51.dna.rocksdb,GCA_945982595.1 uncultured Prevotella sp.,678b5532cb90f967df45760a0262636b,0.02072538860103627,10000,159,12690000,outputs.mapping/bams.cds.rand/SRR11805643.x.s__Prevotella sp000434975.fastq.gz,SRR11805643.x.s__Prevotella sp000434975,1f18de40,24340000,51,DNA,10000,2434,True,0.8818742367928581,0.9268090132616865,0.9043416250272723,0.9268090132616865,True,1,7485,9642,d__Bacteria;p__Bacteroidota;c__Bacteroidia;o__Bacteroidales;f__Bacteroidaceae;g__Prevotella;s__Prevotella sp002251295
10000,0.0004108463434675431,0.0036231884057971015,0.0004108463434675431,0.00031113876789047915,3.0,3.0,0.0,/group/ctbrowngrp5/sourmash-db.new/gtdb-rs226/gtdb-rs226-k51.dna.rocksdb,GCA_902762015.1 uncultured Prevotellaceae bacterium,c50a0a731ffd065809fe0694934f1571,0.0036231884057971015,10000,160,12680000,outputs.mapping/bams.cds.rand/SRR11805643.x.s__Prevotella sp000434975.fastq.gz,SRR11805643.x.s__Prevotella sp000434975,1f18de40,24340000,51,DNA,10000,2434,True,0.858225782635511,0.8956514588158029,0.8769386207256569,0.8956514588158029,True,3,7488,9642,d__Bacteria;p__Bacteroidota;c__Bacteroidia;o__Bacteroidales;f__Bacteroidaceae;g__Prevotella;s__Prevotella sp902788605
20000,0.0008216926869350862,0.003861003861003861,0.0004108463434675431,0.00020742584526031943,2.0,2.0,0.0,/group/ctbrowngrp5/sourmash-db.new/gtdb-rs226/gtdb-rs226-k51.dna.rocksdb,GCA_945867485.1 uncultured bacterium,fc442c871236ef01a8d7fe038dd54f41,0.007722007722007722,10000,161,12670000,outputs.mapping/bams.cds.rand/SRR11805643.x.s__Prevotella sp000434975.fastq.gz,SRR11805643.x.s__Prevotella sp000434975,1f18de40,24340000,51,DNA,10000,2434,True,0.8699696586994541,0.9090398996286563,0.8895047791640551,0.9090398996286563,True,2,7490,9642,d__Bacteria;p__Bacteroidota;c__Bacteroidia;o__Bacteroidales;f__Bacteroidaceae;g__Prevotella;s__Prevotella sp004556065
10000,0.0004108463434675431,0.0028735632183908046,0.0004108463434675431,0.00010371292263015972,1.0,1.0,0.0,/group/ctbrowngrp5/sourmash-db.new/gtdb-rs226/gtdb-rs226-k51.dna.rocksdb,GCA_041323695.1 Lachnospiraceae bacterium,69eb6432cd98d9772054f7f183064e89,0.0028735632183908046,10000,162,12660000,outputs.mapping/bams.cds.rand/SRR11805643.x.s__Prevotella sp000434975.fastq.gz,SRR11805643.x.s__Prevotella sp000434975,1f18de40,24340000,51,DNA,10000,2434,True,0.858225782635511,0.891589844055826,0.8749078133456685,0.891589844055826,True,1,7491,9642,d__Bacteria;p__Bacillota;c__Clostridia;o__Lachnospirales;f__Lachnospiraceae;g__Jutongia;s__Jutongia sp003524945
1120000,0.04601479046836483,0.0036363636363636364,0.0004108463434675431,0.00010371292263015972,1.0,1.0,0.0,/group/ctbrowngrp5/sourmash-db.new/gtdb-rs226/gtdb-rs226-k51.dna.rocksdb,GCA_037306765.1 Prevotella sp.,aa790655a1c608cbc4fdc8d16a96ddca,0.4072727272727273,10000,163,12650000,outputs.mapping/bams.cds.rand/SRR11805643.x.s__Prevotella sp000434975.fastq.gz,SRR11805643.x.s__Prevotella sp000434975,1f18de40,24340000,51,DNA,10000,2434,True,0.9414175775514396,0.9825410244851792,0.9619793010183094,0.9825410244851792,False,1,7492,9642,d__Bacteria;p__Bacteroidota;c__Bacteroidia;o__Bacteroidales;f__Bacteroidaceae;g__Prevotella;s__Prevotella sp000434975
10000,0.0004108463434675431,0.00546448087431694,0.0004108463434675431,0.00020742584526031943,2.0,2.0,0.0,/group/ctbrowngrp5/sourmash-db.new/gtdb-rs226/gtdb-rs226-k51.dna.rocksdb,GCF_027858015.1 Lactobacillus delbrueckii,18b19d7a226ecf905ff8f5b06a84e92a,0.00546448087431694,10000,164,12640000,outputs.mapping/bams.cds.rand/SRR11805643.x.s__Prevotella sp000434975.fastq.gz,SRR11805643.x.s__Prevotella sp000434975,1f18de40,24340000,51,DNA,10000,2434,True,0.858225782635511,0.9028970081176741,0.8805613953765925,0.9028970081176741,True,2,7494,9642,d__Bacteria;p__Bacillota;c__Bacilli;o__Lactobacillales;f__Lactobacillaceae;g__Lactobacillus;s__Lactobacillus delbrueckii
40000,0.0016433853738701725,0.004524886877828055,0.0004108463434675431,0.00010371292263015972,1.0,1.0,0.0,/group/ctbrowngrp5/sourmash-db.new/gtdb-rs226/gtdb-rs226-k51.dna.rocksdb,GCA_946409365.1 uncultured Bacteroidales bacterium,580199ab9ca6333907be390a2adadefd,0.01809954751131222,10000,165,12630000,outputs.mapping/bams.cds.rand/SRR11805643.x.s__Prevotella sp000434975.fastq.gz,SRR11805643.x.s__Prevotella sp000434975,1f18de40,24340000,51,DNA,10000,2434,True,0.8818742367928581,0.9243503753581296,0.9031123060754939,0.9243503753581296,True,1,7495,9642,d__Bacteria;p__Bacteroidota;c__Bacteroidia;o__Bacteroidales;f__Bacteroidaceae;g__Alloprevotella;s__Alloprevotella sp004552155
30000,0.0012325390304026294,0.0031645569620253164,0.0004108463434675431,0.00010371292263015972,1.0,1.0,0.0,/group/ctbrowngrp5/sourmash-db.new/gtdb-rs226/gtdb-rs226-k51.dna.rocksdb,GCA_022726835.1 Prevotella sp.,455a9d4f109a931cc1b9e178f309b990,0.00949367088607595,10000,166,12620000,outputs.mapping/bams.cds.rand/SRR11805643.x.s__Prevotella sp000434975.fastq.gz,SRR11805643.x.s__Prevotella sp000434975,1f18de40,24340000,51,DNA,10000,2434,True,0.8769137423885826,0.9127289936735792,0.8948213680310808,0.9127289936735792,True,1,7496,9642,d__Bacteria;p__Bacteroidota;c__Bacteroidia;o__Bacteroidales;f__Bacteroidaceae;g__Prevotella;s__Prevotella sp002265625
10000,0.0004108463434675431,0.005208333333333333,0.0004108463434675431,0.00010371292263015972,1.0,1.0,0.0,/group/ctbrowngrp5/sourmash-db.new/gtdb-rs226/gtdb-rs226-k51.dna.rocksdb,GCF_963521085.1 Paucilactobacillus nenjiangensis,b0faa281577fffc38eb0a0c370fb6be2,0.005208333333333333,10000,167,12610000,outputs.mapping/bams.cds.rand/SRR11805643.x.s__Prevotella sp000434975.fastq.gz,SRR11805643.x.s__Prevotella sp000434975,1f18de40,24340000,51,DNA,10000,2434,True,0.858225782635511,0.9020474594102066,0.8801366210228587,0.9020474594102066,True,1,7497,9642,d__Bacteria;p__Bacillota;c__Bacilli;o__Lactobacillales;f__Lactobacillaceae;g__Paucilactobacillus;s__Paucilactobacillus nenjiangensis
40000,0.0016433853738701725,0.004132231404958678,0.0004108463434675431,0.00010371292263015972,1.0,1.0,0.0,/group/ctbrowngrp5/sourmash-db.new/gtdb-rs226/gtdb-rs226-k51.dna.rocksdb,GCA_022776035.1 Bacteroidales bacterium,fb38a1b956f63bab4dfbe362fbdcd88f,0.01652892561983471,10000,168,12600000,outputs.mapping/bams.cds.rand/SRR11805643.x.s__Prevotella sp000434975.fastq.gz,SRR11805643.x.s__Prevotella sp000434975,1f18de40,24340000,51,DNA,10000,2434,True,0.8818742367928581,0.9227065851930429,0.9022904109929506,0.9227065851930429,True,1,7498,9642,d__Bacteria;p__Bacteroidota;c__Bacteroidia;o__Bacteroidales;f__Muribaculaceae;g__Sodaliphilus;s__Sodaliphilus sp004557565
10000,0.0004108463434675431,0.008403361344537815,0.0004108463434675431,0.00010371292263015972,1.0,1.0,0.0,/group/ctbrowngrp5/sourmash-db.new/gtdb-rs226/gtdb-rs226-k51.dna.rocksdb,GCA_945910245.1 uncultured Clostridium sp.,11efe8ad4762d0def00418d6b05dad51,0.008403361344537815,10000,169,12590000,outputs.mapping/bams.cds.rand/SRR11805643.x.s__Prevotella sp000434975.fastq.gz,SRR11805643.x.s__Prevotella sp000434975,1f18de40,24340000,51,DNA,10000,2434,True,0.858225782635511,0.9105483270059616,0.8843870548207362,0.9105483270059616,True,1,7499,9642,d__Bacteria;p__Bacillota;c__Clostridia;o__Clostridiales;f__Clostridiaceae;g__Clostridium;s__Clostridium sp000435835
60000,0.0024650780608052587,0.005128205128205128,0.0004108463434675431,0.00010371292263015972,1.0,1.0,0.0,/group/ctbrowngrp5/sourmash-db.new/gtdb-rs226/gtdb-rs226-k51.dna.rocksdb,GCA_945871075.1 Lactobacillus amylovorus,97b07360f150546ff89b8c673f21ebd3,0.03076923076923077,10000,170,12580000,outputs.mapping/bams.cds.rand/SRR11805643.x.s__Prevotella sp000434975.fastq.gz,SRR11805643.x.s__Prevotella sp000434975,1f18de40,24340000,51,DNA,10000,2434,True,0.8889133426310211,0.9340179620747326,0.9114656523528768,0.9340179620747326,True,1,7500,9642,d__Bacteria;p__Bacillota;c__Bacilli;o__Lactobacillales;f__Lactobacillaceae;g__Lactobacillus;s__Lactobacillus amylovorus
10000,0.0004108463434675431,0.0048543689320388345,0.0004108463434675431,0.00010371292263015972,1.0,1.0,0.0,/group/ctbrowngrp5/sourmash-db.new/gtdb-rs226/gtdb-rs226-k51.dna.rocksdb,GCA_959017805.1 uncultured Eubacteriales bacterium,63ccd0b95ed180dc78be82338fd9dd62,0.0048543689320388345,10000,171,12570000,outputs.mapping/bams.cds.rand/SRR11805643.x.s__Prevotella sp000434975.fastq.gz,SRR11805643.x.s__Prevotella sp000434975,1f18de40,24340000,51,DNA,10000,2434,True,0.858225782635511,0.900803478377785,0.8795146305066479,0.900803478377785,True,1,7501,9642,d__Bacteria;p__Bacillota;c__Clostridia;o__Oscillospirales;f__Oscillospiraceae;g__Vescimonas;s__Vescimonas coprocola
10000,0.0004108463434675431,0.0035971223021582736,0.0004108463434675431,0.00020742584526031943,2.0,2.0,0.0,/group/ctbrowngrp5/sourmash-db.new/gtdb-rs226/gtdb-rs226-k51.dna.rocksdb,GCF_037229945.1 Prevotella sp.,f47dda9a64b108a69d859f2757d57b65,0.0035971223021582736,10000,172,12560000,outputs.mapping/bams.cds.rand/SRR11805643.x.s__Prevotella sp000434975.fastq.gz,SRR11805643.x.s__Prevotella sp000434975,1f18de40,24340000,51,DNA,10000,2434,True,0.858225782635511,0.895524667288616,0.8768752249620635,0.895524667288616,True,2,7503,9642,d__Bacteria;p__Bacteroidota;c__Bacteroidia;o__Bacteroidales;f__Bacteroidaceae;g__Prevotella;s__Prevotella sp900553155
10000,0.0004108463434675431,0.004405286343612335,0.0004108463434675431,0.00010371292263015972,1.0,1.0,0.0,/group/ctbrowngrp5/sourmash-db.new/gtdb-rs226/gtdb-rs226-k51.dna.rocksdb,GCA_945875445.1 uncultured Bacteroidales bacterium,734c008084b9e7ab9ce12b067e79332b,0.004405286343612335,10000,173,12550000,outputs.mapping/bams.cds.rand/SRR11805643.x.s__Prevotella sp000434975.fastq.gz,SRR11805643.x.s__Prevotella sp000434975,1f18de40,24340000,51,DNA,10000,2434,True,0.858225782635511,0.8990905118668127,0.8786581472511619,0.8990905118668127,True,1,7504,9642,d__Bacteria;p__Bacteroidota;c__Bacteroidia;o__Bacteroidales;f__Muribaculaceae;g__UBA7173;s__UBA7173 sp004557825
70000,0.002875924404272802,0.0021598272138228943,0.0004108463434675431,0.00020742584526031943,2.0,2.0,0.0,/group/ctbrowngrp5/sourmash-db.new/gtdb-rs226/gtdb-rs226-k51.dna.rocksdb,GCF_023668665.1 Phocaeicola vulgatus,04f800fa85bdd7edb5ff34ee5b0542bd,0.01511879049676026,10000,174,12540000,outputs.mapping/bams.cds.rand/SRR11805643.x.s__Prevotella sp000434975.fastq.gz,SRR11805643.x.s__Prevotella sp000434975,1f18de40,24340000,51,DNA,10000,2434,True,0.8916042032308269,0.921094641658192,0.9063494224445094,0.921094641658192,False,2,7506,9642,d__Bacteria;p__Bacteroidota;c__Bacteroidia;o__Bacteroidales;f__Bacteroidaceae;g__Phocaeicola;s__Phocaeicola vulgatus
10000,0.0004108463434675431,0.00625,0.0004108463434675431,0.00010371292263015972,1.0,1.0,0.0,/group/ctbrowngrp5/sourmash-db.new/gtdb-rs226/gtdb-rs226-k51.dna.rocksdb,GCA_946408025.1 uncultured Faecalitalea sp.,7d5f454bc779d572e70004262b91c308,0.00625,10000,175,12530000,outputs.mapping/bams.cds.rand/SRR11805643.x.s__Prevotella sp000434975.fastq.gz,SRR11805643.x.s__Prevotella sp000434975,1f18de40,24340000,51,DNA,10000,2434,True,0.858225782635511,0.9052779891993,0.8817518859174055,0.9052779891993,True,1,7507,9642,d__Bacteria;p__Bacillota;c__Bacilli;o__Erysipelotrichales;f__Erysipelotrichaceae;g__Faecalitalea;s__Faecalitalea sp946408025
30000,0.0012325390304026294,0.0033444816053511705,0.0004108463434675431,0.00031113876789047915,3.0,3.0,0.0,/group/ctbrowngrp5/sourmash-db.new/gtdb-rs226/gtdb-rs226-k51.dna.rocksdb,GCA_004102785.1 Muribaculaceae bacterium Isolate-013 (NCI),ff1ee086463906cd3f2c63acc2f22bb1,0.010033444816053512,10000,176,12520000,outputs.mapping/bams.cds.rand/SRR11805643.x.s__Prevotella sp000434975.fastq.gz,SRR11805643.x.s__Prevotella sp000434975,1f18de40,24340000,51,DNA,10000,2434,True,0.8769137423885826,0.9137191906450144,0.8953164665167985,0.9137191906450144,True,3,7510,9642,d__Bacteria;p__Bacteroidota;c__Bacteroidia;o__Bacteroidales;f__Muribaculaceae;g__UBA7173;s__UBA7173 sp002491305
10000,0.0004108463434675431,0.004739336492890996,0.0004108463434675431,0.00010371292263015972,1.0,1.0,0.0,/group/ctbrowngrp5/sourmash-db.new/gtdb-rs226/gtdb-rs226-k51.dna.rocksdb,GCF_000426425.1 Bifidobacterium thermacidophilum subsp. thermacidophilum DSM 15837,1cc373c2e2290c9e0110fb5f719e00f1,0.004739336492890996,10000,177,12510000,outputs.mapping/bams.cds.rand/SRR11805643.x.s__Prevotella sp000434975.fastq.gz,SRR11805643.x.s__Prevotella sp000434975,1f18de40,24340000,51,DNA,10000,2434,True,0.858225782635511,0.900379988990409,0.87930288581296,0.900379988990409,True,1,7511,9642,d__Bacteria;p__Actinomycetota;c__Actinomycetes;o__Actinomycetales;f__Bifidobacteriaceae;g__Bifidobacterium;s__Bifidobacterium thermacidophilum
10000,0.0004108463434675431,0.005291005291005291,0.0004108463434675431,0.00010371292263015972,1.0,1.0,0.0,/group/ctbrowngrp5/sourmash-db.new/gtdb-rs226/gtdb-rs226-k51.dna.rocksdb,GCA_029224925.1 Oscillospiraceae bacterium,d356055d1a6c6db97a2f45e7605cc6e8,0.005291005291005291,10000,178,12500000,outputs.mapping/bams.cds.rand/SRR11805643.x.s__Prevotella sp000434975.fastq.gz,SRR11805643.x.s__Prevotella sp000434975,1f18de40,24340000,51,DNA,10000,2434,True,0.858225782635511,0.9023260468401526,0.8802759147378318,0.9023260468401526,True,1,7512,9642,d__Bacteria;p__Bacillota;c__Clostridia;o__Oscillospirales;f__Acutalibacteraceae;g__CAG-177;s__CAG-177 sp003514385
30000,0.0012325390304026294,0.004149377593360996,0.0004108463434675431,0.00010371292263015972,1.0,1.0,0.0,/group/ctbrowngrp5/sourmash-db.new/gtdb-rs226/gtdb-rs226-k51.dna.rocksdb,GCA_900764865.1 uncultured Prevotella sp.,5317177d286b4e3ff6e26c9cdf17ec3a,0.012448132780082987,10000,179,12490000,outputs.mapping/bams.cds.rand/SRR11805643.x.s__Prevotella sp000434975.fastq.gz,SRR11805643.x.s__Prevotella sp000434975,1f18de40,24340000,51,DNA,10000,2434,True,0.8769137423885826,0.9175909090884395,0.897252325738511,0.9175909090884395,True,1,7513,9642,d__Bacteria;p__Bacteroidota;c__Bacteroidia;o__Bacteroidales;f__Bacteroidaceae;g__Prevotella;s__Prevotella sp900550035
20000,0.0008216926869350862,0.004608294930875576,0.0004108463434675431,0.00020742584526031943,2.0,2.0,0.0,/group/ctbrowngrp5/sourmash-db.new/gtdb-rs226/gtdb-rs226-k51.dna.rocksdb,GCF_000785105.2 Lentilactobacillus curieae,5441a64b02dfe6424f8f05805c98db10,0.009216589861751152,10000,180,12480000,outputs.mapping/bams.cds.rand/SRR11805643.x.s__Prevotella sp000434975.fastq.gz,SRR11805643.x.s__Prevotella sp000434975,1f18de40,24340000,51,DNA,10000,2434,True,0.8699696586994541,0.9121990444611786,0.8910843515803164,0.9121990444611786,True,2,7515,9642,d__Bacteria;p__Bacillota;c__Bacilli;o__Lactobacillales;f__Lactobacillaceae;g__Lentilactobacillus;s__Lentilactobacillus curieae
250000,0.010271158586688579,0.0031746031746031746,0.0004108463434675431,0.00010371292263015972,1.0,1.0,0.0,/group/ctbrowngrp5/sourmash-db.new/gtdb-rs226/gtdb-rs226-k51.dna.rocksdb,GCA_945914615.1 uncultured Prevotella sp.,abcc3410ce16c30389017e805477970a,0.07936507936507936,10000,181,12470000,outputs.mapping/bams.cds.rand/SRR11805643.x.s__Prevotella sp000434975.fastq.gz,SRR11805643.x.s__Prevotella sp000434975,1f18de40,24340000,51,DNA,10000,2434,True,0.9141388065511017,0.9515335529178865,0.9328361797344942,0.9515335529178865,False,1,7516,9642,d__Bacteria;p__Bacteroidota;c__Bacteroidia;o__Bacteroidales;f__Bacteroidaceae;g__Prevotella;s__Prevotella sp945863825
30000,0.0012325390304026294,0.001976284584980237,0.0004108463434675431,0.00010371292263015972,1.0,1.0,0.0,/group/ctbrowngrp5/sourmash-db.new/gtdb-rs226/gtdb-rs226-k51.dna.rocksdb,GCF_021410145.1 Parabacteroides distasonis,88a7f4010ef8a8e8e81f6dfcc6a6be1c,0.005928853754940711,10000,182,12460000,outputs.mapping/bams.cds.rand/SRR11805643.x.s__Prevotella sp000434975.fastq.gz,SRR11805643.x.s__Prevotella sp000434975,1f18de40,24340000,51,DNA,10000,2434,True,0.8769137423885826,0.9043421217926578,0.8906279320906202,0.9043421217926578,True,1,7517,9642,d__Bacteria;p__Bacteroidota;c__Bacteroidia;o__Bacteroidales;f__Tannerellaceae;g__Parabacteroides;s__Parabacteroides distasonis
10000,0.0004108463434675431,0.003816793893129771,0.0004108463434675431,0.00010371292263015972,1.0,1.0,0.0,/group/ctbrowngrp5/sourmash-db.new/gtdb-rs226/gtdb-rs226-k51.dna.rocksdb,GCA_938011945.1 uncultured Bacteroidales bacterium,54cd5b909e003ec3137503abde92cb46,0.003816793893129771,10000,183,12450000,outputs.mapping/bams.cds.rand/SRR11805643.x.s__Prevotella sp000434975.fastq.gz,SRR11805643.x.s__Prevotella sp000434975,1f18de40,24340000,51,DNA,10000,2434,True,0.858225782635511,0.8965661286132058,0.8773959556243585,0.8965661286132058,True,1,7518,9642,d__Bacteria;p__Bacteroidota;c__Bacteroidia;o__Bacteroidales;f__Muribaculaceae;g__CAG-1031;s__CAG-1031 sp000431215
150000,0.006162695152013147,0.0025252525252525255,0.0004108463434675431,0.00010371292263015972,1.0,1.0,0.0,/group/ctbrowngrp5/sourmash-db.new/gtdb-rs226/gtdb-rs226-k51.dna.rocksdb,GCA_022738995.1 Prevotella sp.,5b83575aaf0d4236ef5ba6c7e086edd2,0.03787878787878788,10000,184,12440000,outputs.mapping/bams.cds.rand/SRR11805643.x.s__Prevotella sp000434975.fastq.gz,SRR11805643.x.s__Prevotella sp000434975,1f18de40,24340000,51,DNA,10000,2434,True,0.9050283220978192,0.9378327900791945,0.9214305560885069,0.9378327900791945,False,1,7519,9642,d__Bacteria;p__Bacteroidota;c__Bacteroidia;o__Bacteroidales;f__Bacteroidaceae;g__Prevotella;s__Prevotella sp002265625
60000,0.0024650780608052587,0.004651162790697674,0.0004108463434675431,0.00020742584526031943,2.0,2.0,0.0,/group/ctbrowngrp5/sourmash-db.new/gtdb-rs226/gtdb-rs226-k51.dna.rocksdb,GCA_945990175.1 uncultured Bacteroidales bacterium,0fdbdf98f071eeb382183bdd0a0532c7,0.027906976744186046,10000,185,12430000,outputs.mapping/bams.cds.rand/SRR11805643.x.s__Prevotella sp000434975.fastq.gz,SRR11805643.x.s__Prevotella sp000434975,1f18de40,24340000,51,DNA,10000,2434,True,0.8889133426310211,0.9322315141626892,0.9105724283968551,0.9322315141626892,True,2,7521,9642,d__Bacteria;p__Bacteroidota;c__Bacteroidia;o__Bacteroidales;f__Bacteroidaceae;g__Alloprevotella;s__Alloprevotella sp004555425
10000,0.0004108463434675431,0.0047169811320754715,0.0004108463434675431,0.00010371292263015972,1.0,1.0,0.0,/group/ctbrowngrp5/sourmash-db.new/gtdb-rs226/gtdb-rs226-k51.dna.rocksdb,GCA_023396295.1 Bacillota bacterium,7ee6ce54c3b8be621b7d11e25f01bdbb,0.0047169811320754715,10000,186,12420000,outputs.mapping/bams.cds.rand/SRR11805643.x.s__Prevotella sp000434975.fastq.gz,SRR11805643.x.s__Prevotella sp000434975,1f18de40,24340000,51,DNA,10000,2434,True,0.858225782635511,0.9002965198455473,0.8792611512405291,0.9002965198455473,True,1,7522,9642,d__Bacteria;p__Bacillota;c__Clostridia;o__Peptostreptococcales;f__Peptostreptococcaceae;g__Terrisporobacter;s__Terrisporobacter sp022782605
80000,0.003286770747740345,0.0030864197530864196,0.0004108463434675431,0.00010371292263015972,1.0,1.0,0.0,/group/ctbrowngrp5/sourmash-db.new/gtdb-rs226/gtdb-rs226-k51.dna.rocksdb,GCF_963655275.1 Prevotella sp.,7d2e098c5c7200808b5f73ca5893bfe1,0.024691358024691357,10000,187,12410000,outputs.mapping/bams.cds.rand/SRR11805643.x.s__Prevotella sp000434975.fastq.gz,SRR11805643.x.s__Prevotella sp000434975,1f18de40,24340000,51,DNA,10000,2434,True,0.893941715946276,0.9299964142271407,0.9119690650867084,0.9299964142271407,False,1,7523,9642,d__Bacteria;p__Bacteroidota;c__Bacteroidia;o__Bacteroidales;f__Bacteroidaceae;g__Prevotella;s__Prevotella sp900546575
20000,0.0008216926869350862,0.0036496350364963502,0.0004108463434675431,0.00041485169052063887,4.0,4.0,0.0,/group/ctbrowngrp5/sourmash-db.new/gtdb-rs226/gtdb-rs226-k51.dna.rocksdb,GCA_004558465.1 Bacteroidales bacterium,1717ac675251252634bb28bfa942ff63,0.0072992700729927005,10000,188,12400000,outputs.mapping/bams.cds.rand/SRR11805643.x.s__Prevotella sp000434975.fastq.gz,SRR11805643.x.s__Prevotella sp000434975,1f18de40,24340000,51,DNA,10000,2434,True,0.8699696586994541,0.908036943774764,0.889003301237109,0.908036943774764,True,4,7527,9642,d__Bacteria;p__Bacteroidota;c__Bacteroidia;o__Bacteroidales;f__UBA932;g__Cryptobacteroides;s__Cryptobacteroides sp000431015
10000,0.0004108463434675431,0.002967359050445104,0.0004108463434675431,0.00010371292263015972,1.0,1.0,0.0,/group/ctbrowngrp5/sourmash-db.new/gtdb-rs226/gtdb-rs226-k51.dna.rocksdb,GCF_041333375.1 Clostridium sp.,0ec689644d2c5bdd1d804113ae21e87d,0.002967359050445104,10000,189,12390000,outputs.mapping/bams.cds.rand/SRR11805643.x.s__Prevotella sp000434975.fastq.gz,SRR11805643.x.s__Prevotella sp000434975,1f18de40,24340000,51,DNA,10000,2434,True,0.858225782635511,0.8921515398170204,0.8751886612262657,0.8921515398170204,True,1,7528,9642,d__Bacteria;p__Bacillota;c__Clostridia;o__Clostridiales;f__Clostridiaceae;g__Clostridium;s__Clostridium sp900547475
10000,0.0004108463434675431,0.007142857142857143,0.0004108463434675431,0.00010371292263015972,1.0,1.0,0.0,/group/ctbrowngrp5/sourmash-db.new/gtdb-rs226/gtdb-rs226-k51.dna.rocksdb,GCA_037272935.1 bacterium,5de2833e000a5e04a631e5fb3be3ca7c,0.007142857142857143,10000,190,12380000,outputs.mapping/bams.cds.rand/SRR11805643.x.s__Prevotella sp000434975.fastq.gz,SRR11805643.x.s__Prevotella sp000434975,1f18de40,24340000,51,DNA,10000,2434,True,0.858225782635511,0.9076513503870351,0.882938566511273,0.9076513503870351,True,1,7529,9642,d__Bacteria;p__Bacillota;c__Clostridia;o__Oscillospirales;f__Oscillospiraceae;g__Vescimonas;s__Vescimonas sp003487665
10000,0.0004108463434675431,0.004405286343612335,0.0004108463434675431,0.00010371292263015972,1.0,1.0,0.0,/group/ctbrowngrp5/sourmash-db.new/gtdb-rs226/gtdb-rs226-k51.dna.rocksdb,GCF_964259365.1 Parafannyhessea umbonata,b782ecffa89efa2f02464eb2917ee87b,0.004405286343612335,10000,191,12370000,outputs.mapping/bams.cds.rand/SRR11805643.x.s__Prevotella sp000434975.fastq.gz,SRR11805643.x.s__Prevotella sp000434975,1f18de40,24340000,51,DNA,10000,2434,True,0.858225782635511,0.8990905118668127,0.8786581472511619,0.8990905118668127,True,1,7530,9642,d__Bacteria;p__Actinomycetota;c__Coriobacteriia;o__Coriobacteriales;f__Atopobiaceae;g__Parafannyhessea;s__Parafannyhessea sp900538935
10000,0.0004108463434675431,0.006666666666666667,0.0004108463434675431,0.00010371292263015972,1.0,1.0,0.0,/group/ctbrowngrp5/sourmash-db.new/gtdb-rs226/gtdb-rs226-k51.dna.rocksdb,GCA_945915065.1 uncultured Clostridia bacterium,6d1f4f942ff3960496b8a9d2b1bcec92,0.006666666666666667,10000,192,12360000,outputs.mapping/bams.cds.rand/SRR11805643.x.s__Prevotella sp000434975.fastq.gz,SRR11805643.x.s__Prevotella sp000434975,1f18de40,24340000,51,DNA,10000,2434,True,0.858225782635511,0.9064243085270774,0.8823250455812942,0.9064243085270774,True,1,7531,9642,d__Bacteria;p__Bacillota;c__Clostridia;o__Oscillospirales;f__Oscillospiraceae;g__Vescimonas;s__Vescimonas sp945915065
10000,0.0004108463434675431,0.0048543689320388345,0.0004108463434675431,0.00031113876789047915,3.0,3.0,0.0,/group/ctbrowngrp5/sourmash-db.new/gtdb-rs226/gtdb-rs226-k51.dna.rocksdb,GCA_022777685.1 Rikenellaceae bacterium,7296b8534e1c9fa0e0753f6395625323,0.0048543689320388345,10000,193,12350000,outputs.mapping/bams.cds.rand/SRR11805643.x.s__Prevotella sp000434975.fastq.gz,SRR11805643.x.s__Prevotella sp000434975,1f18de40,24340000,51,DNA,10000,2434,True,0.858225782635511,0.900803478377785,0.8795146305066479,0.900803478377785,True,3,7534,9642,d__Bacteria;p__Bacteroidota;c__Bacteroidia;o__Bacteroidales;f__UBA932;g__Cryptobacteroides;s__Cryptobacteroides sp945874155
40000,0.0016433853738701725,0.003257328990228013,0.0004108463434675431,0.00010371292263015972,1.0,1.0,0.0,/group/ctbrowngrp5/sourmash-db.new/gtdb-rs226/gtdb-rs226-k51.dna.rocksdb,GCA_022775005.1 Parabacteroides sp.,9123f60340b29dd454753d7e3bb7de47,0.013029315960912053,10000,194,12340000,outputs.mapping/bams.cds.rand/SRR11805643.x.s__Prevotella sp000434975.fastq.gz,SRR11805643.x.s__Prevotella sp000434975,1f18de40,24340000,51,DNA,10000,2434,True,0.8818742367928581,0.9184122731076431,0.9001432549502506,0.9184122731076431,True,1,7535,9642,d__Bacteria;p__Bacteroidota;c__Bacteroidia;o__Bacteroidales;f__Tannerellaceae;g__Parabacteroides;s__Parabacteroides sp022775005
10000,0.0004108463434675431,0.004366812227074236,0.0004108463434675431,0.00031113876789047915,3.0,3.0,0.0,/group/ctbrowngrp5/sourmash-db.new/gtdb-rs226/gtdb-rs226-k51.dna.rocksdb,GCA_905204545.1 uncultured Porphyromonadaceae bacterium,28a39633866cac0dab94dd58135904fb,0.004366812227074236,10000,195,12330000,outputs.mapping/bams.cds.rand/SRR11805643.x.s__Prevotella sp000434975.fastq.gz,SRR11805643.x.s__Prevotella sp000434975,1f18de40,24340000,51,DNA,10000,2434,True,0.858225782635511,0.8989358818428389,0.8785808322391749,0.8989358818428389,True,3,7538,9642,d__Bacteria;p__Bacteroidota;c__Bacteroidia;o__Bacteroidales;f__Muribaculaceae;g__Lepagella;s__Lepagella sp000437495
10000,0.0004108463434675431,0.005208333333333333,0.0004108463434675431,0.00010371292263015972,1.0,1.0,0.0,/group/ctbrowngrp5/sourmash-db.new/gtdb-rs226/gtdb-rs226-k51.dna.rocksdb,GCA_902465635.1 uncultured Oscillospiraceae bacterium,13aa665a3e8099e716ff2e88aaed35f0,0.005208333333333333,10000,196,12320000,outputs.mapping/bams.cds.rand/SRR11805643.x.s__Prevotella sp000434975.fastq.gz,SRR11805643.x.s__Prevotella sp000434975,1f18de40,24340000,51,DNA,10000,2434,True,0.858225782635511,0.9020474594102066,0.8801366210228587,0.9020474594102066,True,1,7539,9642,d__Bacteria;p__Bacillota;c__Clostridia;o__Oscillospirales;f__Oscillospiraceae;g__Hominicoprocola;s__Hominicoprocola sp900768135
180000,0.007395234182415777,0.0033222591362126247,0.0004108463434675431,0.00010371292263015972,1.0,1.0,0.0,/group/ctbrowngrp5/sourmash-db.new/gtdb-rs226/gtdb-rs226-k51.dna.rocksdb,GCA_900543835.1 uncultured Prevotella sp.,c728bd22bfc3227d23dea925e4c1a178,0.059800664451827246,10000,197,12310000,outputs.mapping/bams.cds.rand/SRR11805643.x.s__Prevotella sp000434975.fastq.gz,SRR11805643.x.s__Prevotella sp000434975,1f18de40,24340000,51,DNA,10000,2434,True,0.9082695273404147,0.9462673235636868,0.9272684254520507,0.9462673235636868,False,1,7540,9642,d__Bacteria;p__Bacteroidota;c__Bacteroidia;o__Bacteroidales;f__Bacteroidaceae;g__Prevotella;s__Prevotella sp900313215
10000,0.0004108463434675431,0.00819672131147541,0.0004108463434675431,0.00010371292263015972,1.0,1.0,0.0,/group/ctbrowngrp5/sourmash-db.new/gtdb-rs226/gtdb-rs226-k51.dna.rocksdb,GCA_934178565.1 uncultured Bacilli bacterium,57b1933bf96226c16cc2bbf3d9c1b915,0.00819672131147541,10000,198,12300000,outputs.mapping/bams.cds.rand/SRR11805643.x.s__Prevotella sp000434975.fastq.gz,SRR11805643.x.s__Prevotella sp000434975,1f18de40,24340000,51,DNA,10000,2434,True,0.858225782635511,0.910103917375183,0.884164850005347,0.910103917375183,True,1,7541,9642,d__Bacteria;p__Bacillota;c__Bacilli;o__RF39;f__UBA660;g__CAG-710;s__CAG-710 sp000432595
10000,0.0004108463434675431,0.004975124378109453,0.0004108463434675431,0.00020742584526031943,2.0,2.0,0.0,/group/ctbrowngrp5/sourmash-db.new/gtdb-rs226/gtdb-rs226-k51.dna.rocksdb,GCA_902487195.1 uncultured Prevotella sp.,6e3ff7fdc043c67db6183805a7e1f15a,0.004975124378109453,10000,199,12290000,outputs.mapping/bams.cds.rand/SRR11805643.x.s__Prevotella sp000434975.fastq.gz,SRR11805643.x.s__Prevotella sp000434975,1f18de40,24340000,51,DNA,10000,2434,True,0.858225782635511,0.9012375805331682,0.8797316815843396,0.9012375805331682,True,2,7543,9642,d__Bacteria;p__Bacteroidota;c__Bacteroidia;o__Bacteroidales;f__Bacteroidaceae;g__Prevotella;s__Prevotella sp900770025
60000,0.0024650780608052587,0.0029411764705882353,0.0004108463434675431,0.00020742584526031943,2.0,2.0,0.0,/group/ctbrowngrp5/sourmash-db.new/gtdb-rs226/gtdb-rs226-k51.dna.rocksdb,GCF_902494865.1 uncultured Prevotella sp.,5a77b8d5be39f6d8b3932c583277b48e,0.01764705882352941,10000,200,12280000,outputs.mapping/bams.cds.rand/SRR11805643.x.s__Prevotella sp000434975.fastq.gz,SRR11805643.x.s__Prevotella sp000434975,1f18de40,24340000,51,DNA,10000,2434,True,0.8889133426310211,0.9238916161925452,0.9064024794117831,0.9238916161925452,True,2,7545,9642,d__Bacteria;p__Bacteroidota;c__Bacteroidia;o__Bacteroidales;f__Bacteroidaceae;g__Prevotella;s__Prevotella sp002265625
1730000,0.07107641741988496,0.004545454545454545,0.0004108463434675431,0.00031113876789047915,3.0,3.0,0.0,/group/ctbrowngrp5/sourmash-db.new/gtdb-rs226/gtdb-rs226-k51.dna.rocksdb,GCA_945787405.1 uncultured Bacteroidales bacterium,ed2381e4887988d604eaadb8c6803419,0.7863636363636364,10000,201,12270000,outputs.mapping/bams.cds.rand/SRR11805643.x.s__Prevotella sp000434975.fastq.gz,SRR11805643.x.s__Prevotella sp000434975,1f18de40,24340000,51,DNA,10000,2434,True,0.9494777988303094,0.9952986166194693,0.9723882077248893,0.9952986166194693,False,3,7548,9642,d__Bacteria;p__Bacteroidota;c__Bacteroidia;o__Bacteroidales;f__Bacteroidaceae;g__Prevotella;s__Prevotella sp000434975
10000,0.0004108463434675431,0.002857142857142857,0.0004108463434675431,0.00010371292263015972,1.0,1.0,0.0,/group/ctbrowngrp5/sourmash-db.new/gtdb-rs226/gtdb-rs226-k51.dna.rocksdb,GCA_950080605.1 uncultured Dorea sp.,85e868a83bf083554a92621bbeb8fffc,0.002857142857142857,10000,202,12260000,outputs.mapping/bams.cds.rand/SRR11805643.x.s__Prevotella sp000434975.fastq.gz,SRR11805643.x.s__Prevotella sp000434975,1f18de40,24340000,51,DNA,10000,2434,True,0.858225782635511,0.8914896651476225,0.8748577238915667,0.8914896651476225,True,1,7549,9642,d__Bacteria;p__Bacillota;c__Clostridia;o__Lachnospirales;f__Lachnospiraceae;g__Sporofaciens;s__Sporofaciens sp910579015
170000,0.006984387838948234,0.002785515320334262,0.0004108463434675431,0.004770794440987347,46.0,46.0,0.0,/group/ctbrowngrp5/sourmash-db.new/gtdb-rs226/gtdb-rs226-k51.dna.rocksdb,GCF_036938475.1 Segatella copri,00494ac794fddfff608cc75f1c2f5655,0.04735376044568245,10000,203,12250000,outputs.mapping/bams.cds.rand/SRR11805643.x.s__Prevotella sp000434975.fastq.gz,SRR11805643.x.s__Prevotella sp000434975,1f18de40,24340000,51,DNA,10000,2434,True,0.9072521515698628,0.9419471973977345,0.9245996744837987,0.9419471973977345,False,46,7595,9642,d__Bacteria;p__Bacteroidota;c__Bacteroidia;o__Bacteroidales;f__Bacteroidaceae;g__Prevotella;s__Prevotella copri_B
30000,0.0012325390304026294,0.00267379679144385,0.0004108463434675431,0.0005185646131507986,5.0,5.0,0.0,/group/ctbrowngrp5/sourmash-db.new/gtdb-rs226/gtdb-rs226-k51.dna.rocksdb,GCF_017851155.1 Blautia sp.,4978c6980d38c1a477b48c96ad79fc0a,0.008021390374331552,10000,204,12240000,outputs.mapping/bams.cds.rand/SRR11805643.x.s__Prevotella sp000434975.fastq.gz,SRR11805643.x.s__Prevotella sp000434975,1f18de40,24340000,51,DNA,10000,2434,True,0.8769137423885826,0.9097181425084107,0.8933159424484967,0.9097181425084107,True,5,7600,9642,d__Bacteria;p__Bacillota;c__Clostridia;o__Lachnospirales;f__Lachnospiraceae;g__Oliverpabstia;s__Oliverpabstia faecicola
10000,0.0004108463434675431,0.004149377593360996,0.0004108463434675431,0.00010371292263015972,1.0,1.0,0.0,/group/ctbrowngrp5/sourmash-db.new/gtdb-rs226/gtdb-rs226-k51.dna.rocksdb,GCA_036308945.1 Muribaculaceae bacterium,f66da32cd99a06e82a29439f4c384495,0.004149377593360996,10000,205,12230000,outputs.mapping/bams.cds.rand/SRR11805643.x.s__Prevotella sp000434975.fastq.gz,SRR11805643.x.s__Prevotella sp000434975,1f18de40,24340000,51,DNA,10000,2434,True,0.858225782635511,0.8980360758706126,0.8781309292530618,0.8980360758706126,True,1,7601,9642,d__Bacteria;p__Bacteroidota;c__Bacteroidia;o__Bacteroidales;f__Muribaculaceae;g__Lepagella;s__Lepagella sp945873625
10000,0.0004108463434675431,0.004366812227074236,0.0004108463434675431,0.00010371292263015972,1.0,1.0,0.0,/group/ctbrowngrp5/sourmash-db.new/gtdb-rs226/gtdb-rs226-k51.dna.rocksdb,GCA_036843145.1 Muribaculaceae bacterium,69f56092b27f3aee523cd7ca177fbfed,0.004366812227074236,10000,206,12220000,outputs.mapping/bams.cds.rand/SRR11805643.x.s__Prevotella sp000434975.fastq.gz,SRR11805643.x.s__Prevotella sp000434975,1f18de40,24340000,51,DNA,10000,2434,True,0.858225782635511,0.8989358818428389,0.8785808322391749,0.8989358818428389,True,1,7602,9642,d__Bacteria;p__Bacteroidota;c__Bacteroidia;o__Bacteroidales;f__Muribaculaceae;g__Lepagella;s__Lepagella sp000437495
10000,0.0004108463434675431,0.002976190476190476,0.0004108463434675431,0.0016594067620825555,16.0,16.0,0.0,/group/ctbrowngrp5/sourmash-db.new/gtdb-rs226/gtdb-rs226-k51.dna.rocksdb,GCF_039753555.1 Blautia obeum,d81029d5646b416dd8bbd88946322b31,0.002976190476190476,10000,207,12210000,outputs.mapping/bams.cds.rand/SRR11805643.x.s__Prevotella sp000434975.fastq.gz,SRR11805643.x.s__Prevotella sp000434975,1f18de40,24340000,51,DNA,10000,2434,True,0.858225782635511,0.8922035270086854,0.8752146548220983,0.8922035270086854,True,16,7618,9642,d__Bacteria;p__Bacillota;c__Clostridia;o__Lachnospirales;f__Lachnospiraceae;g__Blautia_A;s__Blautia_A obeum
410000,0.01684470008216927,0.0028011204481792717,0.0004108463434675431,0.00010371292263015972,1.0,1.0,0.0,/group/ctbrowngrp5/sourmash-db.new/gtdb-rs226/gtdb-rs226-k51.dna.rocksdb,GCF_036938235.1 Segatella copri,325bb3d595b9ee96ec4edc2aed5c772c,0.11484593837535013,10000,208,12200000,outputs.mapping/bams.cds.rand/SRR11805643.x.s__Prevotella sp000434975.fastq.gz,SRR11805643.x.s__Prevotella sp000434975,1f18de40,24340000,51,DNA,10000,2434,True,0.9230490300052785,0.9584531629375969,0.9407510964714376,0.9584531629375969,False,1,7619,9642,d__Bacteria;p__Bacteroidota;c__Bacteroidia;o__Bacteroidales;f__Bacteroidaceae;g__Prevotella;s__Prevotella copri
60000,0.0024650780608052587,0.004524886877828055,0.0004108463434675431,0.005393071976768305,52.0,52.0,0.0,/group/ctbrowngrp5/sourmash-db.new/gtdb-rs226/gtdb-rs226-k51.dna.rocksdb,GCA_945912845.1 uncultured Bacteroidales bacterium,88a0c89c53a152cee5ec79844bb82a1a,0.027149321266968326,10000,209,12190000,outputs.mapping/bams.cds.rand/SRR11805643.x.s__Prevotella sp000434975.fastq.gz,SRR11805643.x.s__Prevotella sp000434975,1f18de40,24340000,51,DNA,10000,2434,True,0.8889133426310211,0.9317285250445908,0.910320933837806,0.9317285250445908,True,52,7671,9642,d__Bacteria;p__Bacteroidota;c__Bacteroidia;o__Bacteroidales;f__Bacteroidaceae;g__Alloprevotella;s__Alloprevotella sp004555425
10000,0.0004108463434675431,0.0038314176245210726,0.0004108463434675431,0.0005185646131507986,5.0,5.0,0.0,/group/ctbrowngrp5/sourmash-db.new/gtdb-rs226/gtdb-rs226-k51.dna.rocksdb,GCA_948589395.1 uncultured Muribaculaceae bacterium,f0bd91e504fffb2b30d81c977cdad474,0.0038314176245210726,10000,210,12180000,outputs.mapping/bams.cds.rand/SRR11805643.x.s__Prevotella sp000434975.fastq.gz,SRR11805643.x.s__Prevotella sp000434975,1f18de40,24340000,51,DNA,10000,2434,True,0.858225782635511,0.8966333577089488,0.8774295701722299,0.8966333577089488,True,5,7676,9642,d__Bacteria;p__Bacteroidota;c__Bacteroidia;o__Bacteroidales;f__Muribaculaceae;g__CAG-873;s__CAG-873 sp900555715
40000,0.0016433853738701725,0.0018214936247723133,0.0004108463434675431,0.00020742584526031943,2.0,2.0,0.0,/group/ctbrowngrp5/sourmash-db.new/gtdb-rs226/gtdb-rs226-k51.dna.rocksdb,GCA_963586565.1 Clostridiales bacterium,dd4a67b28162b563a102cd2dfe8676d7,0.007285974499089253,10000,211,12170000,outputs.mapping/bams.cds.rand/SRR11805643.x.s__Prevotella sp000434975.fastq.gz,SRR11805643.x.s__Prevotella sp000434975,1f18de40,24340000,51,DNA,10000,2434,True,0.8818742367928581,0.9080044837334688,0.8949393602631635,0.9080044837334688,True,2,7678,9642,d__Bacteria;p__Bacteroidota;c__Bacteroidia;o__Bacteroidales;f__Bacteroidaceae;g__Phocaeicola;s__Phocaeicola dorei
230000,0.009449465899753493,0.003663003663003663,0.0004108463434675431,0.00010371292263015972,1.0,1.0,0.0,/group/ctbrowngrp5/sourmash-db.new/gtdb-rs226/gtdb-rs226-k51.dna.rocksdb,GCA_004553465.1 Bacteroidales bacterium,12f0b9190ec96b8883b62eadcb4e6cca,0.08424908424908426,10000,212,12160000,outputs.mapping/bams.cds.rand/SRR11805643.x.s__Prevotella sp000434975.fastq.gz,SRR11805643.x.s__Prevotella sp000434975,1f18de40,24340000,51,DNA,10000,2434,True,0.9126454714691754,0.952648418379307,0.9326469449242412,0.952648418379307,False,1,7679,9642,d__Bacteria;p__Bacteroidota;c__Bacteroidia;o__Bacteroidales;f__Bacteroidaceae;g__Prevotella;s__Prevotella sp002251365
10000,0.0004108463434675431,0.004048582995951417,0.0004108463434675431,0.00020742584526031943,2.0,2.0,0.0,/group/ctbrowngrp5/sourmash-db.new/gtdb-rs226/gtdb-rs226-k51.dna.rocksdb,GCA_037423065.1 bacterium,f9b7ce7aac7c87429f5220144ba939ac,0.004048582995951417,10000,213,12150000,outputs.mapping/bams.cds.rand/SRR11805643.x.s__Prevotella sp000434975.fastq.gz,SRR11805643.x.s__Prevotella sp000434975,1f18de40,24340000,51,DNA,10000,2434,True,0.858225782635511,0.8976031612871362,0.8779144719613237,0.8976031612871362,True,2,7681,9642,d__Bacteria;p__Bacteroidota;c__Bacteroidia;o__Bacteroidales;f__Muribaculaceae;g__Lepagella;s__Lepagella sp000437495
30000,0.0012325390304026294,0.003484320557491289,0.0004108463434675431,0.00010371292263015972,1.0,1.0,0.0,/group/ctbrowngrp5/sourmash-db.new/gtdb-rs226/gtdb-rs226-k51.dna.rocksdb,GCA_963597855.1 Clostridium sp. CAG:217,871458f4cd5365e6eda43d0a6371b698,0.010452961672473868,10000,214,12140000,outputs.mapping/bams.cds.rand/SRR11805643.x.s__Prevotella sp000434975.fastq.gz,SRR11805643.x.s__Prevotella sp000434975,1f18de40,24340000,51,DNA,10000,2434,True,0.8769137423885826,0.9144533516772876,0.8956835470329351,0.9144533516772876,True,1,7682,9642,d__Bacteria;p__Bacteroidota;c__Bacteroidia;o__Bacteroidales;f__Bacteroidaceae;g__Prevotella;s__Prevotella sp934254985
300000,0.012325390304026294,0.0026246719160104987,0.0004108463434675431,0.00020742584526031943,2.0,2.0,0.0,/group/ctbrowngrp5/sourmash-db.new/gtdb-rs226/gtdb-rs226-k51.dna.rocksdb,GCA_019417785.1 bacterium,07a62d7bb751ee1f2e100fd3dc6ae3dc,0.07874015748031496,10000,215,12130000,outputs.mapping/bams.cds.rand/SRR11805643.x.s__Prevotella sp000434975.fastq.gz,SRR11805643.x.s__Prevotella sp000434975,1f18de40,24340000,51,DNA,10000,2434,True,0.9174126394466131,0.951386073298252,0.9343993563724325,0.951386073298252,False,2,7684,9642,d__Bacteria;p__Bacteroidota;c__Bacteroidia;o__Bacteroidales;f__Bacteroidaceae;g__Prevotella;s__Prevotella sp900546535
40000,0.0016433853738701725,0.003389830508474576,0.0004108463434675431,0.00010371292263015972,1.0,1.0,0.0,/group/ctbrowngrp5/sourmash-db.new/gtdb-rs226/gtdb-rs226-k51.dna.rocksdb,GCA_902478175.1 uncultured Prevotellaceae bacterium,b2d9faf8bcedae2a4ab8860fbd9a51b5,0.013559322033898305,10000,216,12120000,outputs.mapping/bams.cds.rand/SRR11805643.x.s__Prevotella sp000434975.fastq.gz,SRR11805643.x.s__Prevotella sp000434975,1f18de40,24340000,51,DNA,10000,2434,True,0.8818742367928581,0.9191305792234278,0.900502408008143,0.9191305792234278,True,1,7685,9642,d__Bacteria;p__Bacteroidota;c__Bacteroidia;o__Bacteroidales;f__Bacteroidaceae;g__Prevotella;s__Prevotella sp900552965
10000,0.0004108463434675431,0.0047169811320754715,0.0004108463434675431,0.00010371292263015972,1.0,1.0,0.0,/group/ctbrowngrp5/sourmash-db.new/gtdb-rs226/gtdb-rs226-k51.dna.rocksdb,GCA_946415075.1 uncultured Lactobacillus sp.,5f30122f05962bf44def5ac57c35f10e,0.0047169811320754715,10000,217,12110000,outputs.mapping/bams.cds.rand/SRR11805643.x.s__Prevotella sp000434975.fastq.gz,SRR11805643.x.s__Prevotella sp000434975,1f18de40,24340000,51,DNA,10000,2434,True,0.858225782635511,0.9002965198455473,0.8792611512405291,0.9002965198455473,True,1,7686,9642,d__Bacteria;p__Bacillota;c__Bacilli;o__Lactobacillales;f__Lactobacillaceae;g__Lapidilactobacillus;s__Lapidilactobacillus gannanensis
10000,0.0004108463434675431,0.007194244604316547,0.0004108463434675431,0.00010371292263015972,1.0,1.0,0.0,/group/ctbrowngrp5/sourmash-db.new/gtdb-rs226/gtdb-rs226-k51.dna.rocksdb,GCA_030526285.1 Erysipelotrichaceae bacterium,288128821aa5c7fc8de33da5b70b7841,0.007194244604316547,10000,218,12100000,outputs.mapping/bams.cds.rand/SRR11805643.x.s__Prevotella sp000434975.fastq.gz,SRR11805643.x.s__Prevotella sp000434975,1f18de40,24340000,51,DNA,10000,2434,True,0.858225782635511,0.9077789375722995,0.8830023601039052,0.9077789375722995,True,1,7687,9642,d__Bacteria;p__Bacillota;c__Bacilli;o__Erysipelotrichales;f__Erysipelotrichaceae;g__Floccifex;s__Floccifex porci
30000,0.0012325390304026294,0.0043859649122807015,0.0004108463434675431,0.00041485169052063887,4.0,4.0,0.0,/group/ctbrowngrp5/sourmash-db.new/gtdb-rs226/gtdb-rs226-k51.dna.rocksdb,GCA_034183335.1 Prevotella sp.,71bd37d09cf4ae7ee0ad173d9285afef,0.013157894736842105,10000,219,12090000,outputs.mapping/bams.cds.rand/SRR11805643.x.s__Prevotella sp000434975.fastq.gz,SRR11805643.x.s__Prevotella sp000434975,1f18de40,24340000,51,DNA,10000,2434,True,0.8769137423885826,0.9185891303484345,0.8977514363685085,0.9185891303484345,True,4,7691,9642,d__Bacteria;p__Bacteroidota;c__Bacteroidia;o__Bacteroidales;f__Bacteroidaceae;g__Prevotella;s__Prevotella sp034183335
70000,0.002875924404272802,0.0056179775280898875,0.0004108463434675431,0.00020742584526031943,2.0,2.0,0.0,/group/ctbrowngrp5/sourmash-db.new/gtdb-rs226/gtdb-rs226-k51.dna.rocksdb,GCA_945828525.1 uncultured Prevotella sp.,8e2fb2eb8f2bbc12cb5eaf69c22aca1a,0.03932584269662921,10000,220,12080000,outputs.mapping/bams.cds.rand/SRR11805643.x.s__Prevotella sp000434975.fastq.gz,SRR11805643.x.s__Prevotella sp000434975,1f18de40,24340000,51,DNA,10000,2434,True,0.8916042032308269,0.9385224537798439,0.9150633285053353,0.9385224537798439,False,2,7693,9642,d__Bacteria;p__Bacteroidota;c__Bacteroidia;o__Bacteroidales;f__Bacteroidaceae;g__Prevotella;s__Prevotella sp900552515
10000,0.0004108463434675431,0.0035971223021582736,0.0004108463434675431,0.00010371292263015972,1.0,1.0,0.0,/group/ctbrowngrp5/sourmash-db.new/gtdb-rs226/gtdb-rs226-k51.dna.rocksdb,GCF_003184985.1 Staphylococcus aureus,c1b0367920c739c9b8256dd8846204a4,0.0035971223021582736,10000,221,12070000,outputs.mapping/bams.cds.rand/SRR11805643.x.s__Prevotella sp000434975.fastq.gz,SRR11805643.x.s__Prevotella sp000434975,1f18de40,24340000,51,DNA,10000,2434,True,0.858225782635511,0.895524667288616,0.8768752249620635,0.895524667288616,True,1,7694,9642,d__Bacteria;p__Bacillota;c__Bacilli;o__Staphylococcales;f__Staphylococcaceae;g__Staphylococcus;s__Staphylococcus aureus
10000,0.0004108463434675431,0.004484304932735426,0.0004108463434675431,0.00010371292263015972,1.0,1.0,0.0,/group/ctbrowngrp5/sourmash-db.new/gtdb-rs226/gtdb-rs226-k51.dna.rocksdb,GCA_028872275.1 Bacteroidales bacterium,046faf7844c743cd26f748bcd07bf33d,0.004484304932735426,10000,222,12060000,outputs.mapping/bams.cds.rand/SRR11805643.x.s__Prevotella sp000434975.fastq.gz,SRR11805643.x.s__Prevotella sp000434975,1f18de40,24340000,51,DNA,10000,2434,True,0.858225782635511,0.8994039832126721,0.8788148829240916,0.8994039832126721,True,1,7695,9642,d__Bacteria;p__Bacteroidota;c__Bacteroidia;o__Bacteroidales;f__Muribaculaceae;g__Lepagella;s__Lepagella sp004553095
30000,0.0012325390304026294,0.005847953216374269,0.0004108463434675431,0.00020742584526031943,2.0,2.0,0.0,/group/ctbrowngrp5/sourmash-db.new/gtdb-rs226/gtdb-rs226-k51.dna.rocksdb,GCA_034100825.1 Eggerthellaceae bacterium,308d9fd3fa8bf548a0181afd4c3f3355,0.017543859649122806,10000,223,12050000,outputs.mapping/bams.cds.rand/SRR11805643.x.s__Prevotella sp000434975.fastq.gz,SRR11805643.x.s__Prevotella sp000434975,1f18de40,24340000,51,DNA,10000,2434,True,0.8769137423885826,0.9237853726019886,0.9003495574952856,0.9237853726019886,True,2,7697,9642,d__Bacteria;p__Actinomycetota;c__Coriobacteriia;o__Coriobacteriales;f__Eggerthellaceae;g__W1P20-047;s__W1P20-047 sp004555335
30000,0.0012325390304026294,0.0033222591362126247,0.0004108463434675431,0.00020742584526031943,2.0,2.0,0.0,/group/ctbrowngrp5/sourmash-db.new/gtdb-rs226/gtdb-rs226-k51.dna.rocksdb,GCA_963590055.1 Vescimonas coprocola,5fa8c2f445b022f1f1f0b6b5eec675ba,0.009966777408637873,10000,224,12040000,outputs.mapping/bams.cds.rand/SRR11805643.x.s__Prevotella sp000434975.fastq.gz,SRR11805643.x.s__Prevotella sp000434975,1f18de40,24340000,51,DNA,10000,2434,True,0.8769137423885826,0.9135997575918425,0.8952567499902125,0.9135997575918425,True,2,7699,9642,d__Bacteria;p__Bacteroidota;c__Bacteroidia;o__Bacteroidales;f__Bacteroidaceae;g__Prevotella;s__Prevotella merdae
30000,0.0012325390304026294,0.00411522633744856,0.0004108463434675431,0.00020742584526031943,2.0,2.0,0.0,/group/ctbrowngrp5/sourmash-db.new/gtdb-rs226/gtdb-rs226-k51.dna.rocksdb,GCA_928721845.1 uncultured Muribaculaceae bacterium,1f16fa92c7ff5d386dd4564f1f5b214d,0.012345679012345678,10000,225,12030000,outputs.mapping/bams.cds.rand/SRR11805643.x.s__Prevotella sp000434975.fastq.gz,SRR11805643.x.s__Prevotella sp000434975,1f18de40,24340000,51,DNA,10000,2434,True,0.8769137423885826,0.9174422262512953,0.897177984319939,0.9174422262512953,True,2,7701,9642,d__Bacteria;p__Bacteroidota;c__Bacteroidia;o__Bacteroidales;f__Muribaculaceae;g__UBA7173;s__UBA7173 sp900546835
140000,0.005751848808545604,0.0030864197530864196,0.0004108463434675431,0.00020742584526031943,2.0,2.0,0.0,/group/ctbrowngrp5/sourmash-db.new/gtdb-rs226/gtdb-rs226-k51.dna.rocksdb,GCA_029225885.1 Prevotella sp.,d23a4976404eab0895f12253035f6020,0.043209876543209874,10000,226,12020000,outputs.mapping/bams.cds.rand/SRR11805643.x.s__Prevotella sp000434975.fastq.gz,SRR11805643.x.s__Prevotella sp000434975,1f18de40,24340000,51,DNA,10000,2434,True,0.903804826275125,0.94025732618072,0.9220310762279225,0.94025732618072,False,2,7703,9642,d__Bacteria;p__Bacteroidota;c__Bacteroidia;o__Bacteroidales;f__Bacteroidaceae;g__Prevotella;s__Prevotella sp002251365
50000,0.002054231717337716,0.0035335689045936395,0.0004108463434675431,0.00020742584526031943,2.0,2.0,0.0,/group/ctbrowngrp5/sourmash-db.new/gtdb-rs226/gtdb-rs226-k51.dna.rocksdb,GCA_022744025.1 Prevotella sp.,c8b2f978ab3004a85a64f4ea0354576c,0.0176678445229682,10000,227,12010000,outputs.mapping/bams.cds.rand/SRR11805643.x.s__Prevotella sp000434975.fastq.gz,SRR11805643.x.s__Prevotella sp000434975,1f18de40,24340000,51,DNA,10000,2434,True,0.8857412109018137,0.9239129413638785,0.9048270761328461,0.9239129413638785,True,2,7705,9642,d__Bacteria;p__Bacteroidota;c__Bacteroidia;o__Bacteroidales;f__Bacteroidaceae;g__Prevotella;s__Prevotella hominis
10000,0.0004108463434675431,0.006172839506172839,0.0004108463434675431,0.00010371292263015972,1.0,1.0,0.0,/group/ctbrowngrp5/sourmash-db.new/gtdb-rs226/gtdb-rs226-k51.dna.rocksdb,GCA_900546585.1 uncultured Lactobacillus sp.,6da76f5d6dffa445c81006a2322351c1,0.006172839506172839,10000,228,12000000,outputs.mapping/bams.cds.rand/SRR11805643.x.s__Prevotella sp000434975.fastq.gz,SRR11805643.x.s__Prevotella sp000434975,1f18de40,24340000,51,DNA,10000,2434,True,0.858225782635511,0.9050575095049318,0.8816416460702214,0.9050575095049318,True,1,7706,9642,d__Bacteria;p__Bacillota;c__Bacilli;o__Lactobacillales;f__Lactobacillaceae;g__Lactobacillus;s__Lactobacillus absianus
20000,0.0008216926869350862,0.0037174721189591076,0.0004108463434675431,0.00010371292263015972,1.0,1.0,0.0,/group/ctbrowngrp5/sourmash-db.new/gtdb-rs226/gtdb-rs226-k51.dna.rocksdb,GCA_004553385.1 Bacteroidales bacterium,91afb108c6833e290e18f9f0581f3d72,0.007434944237918215,10000,229,11990000,outputs.mapping/bams.cds.rand/SRR11805643.x.s__Prevotella sp000434975.fastq.gz,SRR11805643.x.s__Prevotella sp000434975,1f18de40,24340000,51,DNA,10000,2434,True,0.8699696586994541,0.908364906286951,0.8891672824932025,0.908364906286951,True,1,7707,9642,d__Bacteria;p__Bacteroidota;c__Bacteroidia;o__Bacteroidales;f__Muribaculaceae;g__CAG-873;s__CAG-873 sp001701165
20000,0.0008216926869350862,0.0030120481927710845,0.0004108463434675431,0.00010371292263015972,1.0,1.0,0.0,/group/ctbrowngrp5/sourmash-db.new/gtdb-rs226/gtdb-rs226-k51.dna.rocksdb,GCA_034104525.1 Prevotella sp.,0eace688a2ecbff3ac616cda030e449b,0.006024096385542169,10000,230,11980000,outputs.mapping/bams.cds.rand/SRR11805643.x.s__Prevotella sp000434975.fastq.gz,SRR11805643.x.s__Prevotella sp000434975,1f18de40,24340000,51,DNA,10000,2434,True,0.8699696586994541,0.9046247567664416,0.8872972077329478,0.9046247567664416,True,1,7708,9642,d__Bacteria;p__Bacteroidota;c__Bacteroidia;o__Bacteroidales;f__Bacteroidaceae;g__Prevotella;s__Prevotella sp004558865
10000,0.0004108463434675431,0.005555555555555556,0.0004108463434675431,0.00010371292263015972,1.0,1.0,0.0,/group/ctbrowngrp5/sourmash-db.new/gtdb-rs226/gtdb-rs226-k51.dna.rocksdb,GCA_934597125.1 uncultured Oscillospiraceae bacterium,91a8aea3c6a476bc6915093aaee1e5d3,0.005555555555555556,10000,231,11970000,outputs.mapping/bams.cds.rand/SRR11805643.x.s__Prevotella sp000434975.fastq.gz,SRR11805643.x.s__Prevotella sp000434975,1f18de40,24340000,51,DNA,10000,2434,True,0.858225782635511,0.9031896880401206,0.8807077353378158,0.9031896880401206,True,1,7709,9642,d__Bacteria;p__Bacillota;c__Clostridia;o__Oscillospirales;f__Oscillospiraceae;g__Vescimonas;s__Vescimonas sp934597125
10000,0.0004108463434675431,0.01,0.0004108463434675431,0.00020742584526031943,2.0,2.0,0.0,/group/ctbrowngrp5/sourmash-db.new/gtdb-rs226/gtdb-rs226-k51.dna.rocksdb,GCA_902774655.1 uncultured Erysipelotrichaceae bacterium,54702ff7c6ba404b6b20473e0e3d9437,0.01,10000,232,11960000,outputs.mapping/bams.cds.rand/SRR11805643.x.s__Prevotella sp000434975.fastq.gz,SRR11805643.x.s__Prevotella sp000434975,1f18de40,24340000,51,DNA,10000,2434,True,0.858225782635511,0.9136593726391776,0.8859425776373443,0.9136593726391776,True,2,7711,9642,d__Bacteria;p__Bacillota;c__Bacilli;o__RFN20;f__CAG-826;g__Fiminaster;s__Fiminaster sp902774655
20000,0.0008216926869350862,0.00423728813559322,0.0004108463434675431,0.00010371292263015972,1.0,1.0,0.0,/group/ctbrowngrp5/sourmash-db.new/gtdb-rs226/gtdb-rs226-k51.dna.rocksdb,GCA_034101645.1 Bacteroidaceae bacterium,4884f36c270512ab5c80f1f200ce0509,0.00847457627118644,10000,233,11950000,outputs.mapping/bams.cds.rand/SRR11805643.x.s__Prevotella sp000434975.fastq.gz,SRR11805643.x.s__Prevotella sp000434975,1f18de40,24340000,51,DNA,10000,2434,True,0.8699696586994541,0.9106990060940067,0.8903343323967303,0.9106990060940067,True,1,7712,9642,d__Bacteria;p__Bacteroidota;c__Bacteroidia;o__Bacteroidales;f__Bacteroidaceae;g__Physcousia;s__Physcousia sp900766785
300000,0.012325390304026294,0.003861003861003861,0.0004108463434675431,0.00041485169052063887,4.0,4.0,0.0,/group/ctbrowngrp5/sourmash-db.new/gtdb-rs226/gtdb-rs226-k51.dna.rocksdb,GCA_004557705.1 Bacteroidales bacterium,c09c2436c42f9a1ed34d95dd06289b0c,0.11583011583011583,10000,234,11940000,outputs.mapping/bams.cds.rand/SRR11805643.x.s__Prevotella sp000434975.fastq.gz,SRR11805643.x.s__Prevotella sp000434975,1f18de40,24340000,51,DNA,10000,2434,True,0.9174126394466131,0.9586135393817421,0.9380130894141776,0.9586135393817421,False,4,7716,9642,d__Bacteria;p__Bacteroidota;c__Bacteroidia;o__Bacteroidales;f__Bacteroidaceae;g__Prevotella;s__Prevotella pectinovora
10000,0.0004108463434675431,0.0049261083743842365,0.0004108463434675431,0.00020742584526031943,2.0,2.0,0.0,/group/ctbrowngrp5/sourmash-db.new/gtdb-rs226/gtdb-rs226-k51.dna.rocksdb,GCF_945878205.1 uncultured Ruminococcus sp.,044a878c5cba03b14fc2e0c643d614e7,0.0049261083743842365,10000,235,11930000,outputs.mapping/bams.cds.rand/SRR11805643.x.s__Prevotella sp000434975.fastq.gz,SRR11805643.x.s__Prevotella sp000434975,1f18de40,24340000,51,DNA,10000,2434,True,0.858225782635511,0.9010626324715498,0.8796442075535305,0.9010626324715498,True,2,7718,9642,d__Bacteria;p__Bacillota;c__Clostridia;o__Oscillospirales;f__Acutalibacteraceae;g__Ruminococcoides;s__Ruminococcoides sp003521625
10000,0.0004108463434675431,0.005405405405405406,0.0004108463434675431,0.00020742584526031943,2.0,2.0,0.0,/group/ctbrowngrp5/sourmash-db.new/gtdb-rs226/gtdb-rs226-k51.dna.rocksdb,GCA_034173595.1 Oscillospiraceae bacterium,047b16023e9508270a4cdf06b822e5ac,0.005405405405405406,10000,236,11920000,outputs.mapping/bams.cds.rand/SRR11805643.x.s__Prevotella sp000434975.fastq.gz,SRR11805643.x.s__Prevotella sp000434975,1f18de40,24340000,51,DNA,10000,2434,True,0.858225782635511,0.9027045934360562,0.8804651880357837,0.9027045934360562,True,2,7720,9642,d__Bacteria;p__Bacillota;c__Clostridia;o__Oscillospirales;f__Oscillospiraceae;g__F23-B02;s__F23-B02 sp002472405
40000,0.0016433853738701725,0.004166666666666667,0.0004108463434675431,0.0005185646131507986,5.0,5.0,0.0,/group/ctbrowngrp5/sourmash-db.new/gtdb-rs226/gtdb-rs226-k51.dna.rocksdb,GCA_028722685.1 Bacteroidales bacterium,397cc36a36044eac596aed7083237ed0,0.016666666666666666,10000,237,11910000,outputs.mapping/bams.cds.rand/SRR11805643.x.s__Prevotella sp000434975.fastq.gz,SRR11805643.x.s__Prevotella sp000434975,1f18de40,24340000,51,DNA,10000,2434,True,0.8818742367928581,0.9228567417234186,0.9023654892581383,0.9228567417234186,True,5,7725,9642,d__Bacteria;p__Bacteroidota;c__Bacteroidia;o__Bacteroidales;f__Bacteroidaceae;g__Alloprevotella;s__Alloprevotella sp004555425
1660000,0.06820049301561217,0.004484304932735426,0.0004108463434675431,0.0005185646131507986,5.0,5.0,0.0,/group/ctbrowngrp5/sourmash-db.new/gtdb-rs226/gtdb-rs226-k51.dna.rocksdb,GCA_034169305.1 Prevotella sp.,659d0b7b938fa1887dd02e63e8650497,0.7443946188340808,10000,238,11900000,outputs.mapping/bams.cds.rand/SRR11805643.x.s__Prevotella sp000434975.fastq.gz,SRR11805643.x.s__Prevotella sp000434975,1f18de40,24340000,51,DNA,10000,2434,True,0.948709148424389,0.9942287965095815,0.9714689724669853,0.9942287965095815,False,5,7730,9642,d__Bacteria;p__Bacteroidota;c__Bacteroidia;o__Bacteroidales;f__Bacteroidaceae;g__Prevotella;s__Prevotella sp000434975
10000,0.0004108463434675431,0.004464285714285714,0.0004108463434675431,0.00031113876789047915,3.0,3.0,0.0,/group/ctbrowngrp5/sourmash-db.new/gtdb-rs226/gtdb-rs226-k51.dna.rocksdb,GCF_017874975.1 Enterococcus alcedinis,d73f3b60b2ef21b3bbeeff9d46b98948,0.004464285714285714,10000,239,11890000,outputs.mapping/bams.cds.rand/SRR11805643.x.s__Prevotella sp000434975.fastq.gz,SRR11805643.x.s__Prevotella sp000434975,1f18de40,24340000,51,DNA,10000,2434,True,0.858225782635511,0.8993250810736236,0.8787754318545673,0.8993250810736236,True,3,7733,9642,d__Bacteria;p__Bacillota;c__Bacilli;o__Lactobacillales;f__Enterococcaceae;g__Enterococcus_I;s__Enterococcus_I alcedinis
10000,0.0004108463434675431,0.0025575447570332483,0.0004108463434675431,0.00010371292263015972,1.0,1.0,0.0,/group/ctbrowngrp5/sourmash-db.new/gtdb-rs226/gtdb-rs226-k51.dna.rocksdb,GCF_022267435.1 Leptospira bandrabouensis,08e12b3054ae235c2c67bed62f1625ea,0.0025575447570332483,10000,240,11880000,outputs.mapping/bams.cds.rand/SRR11805643.x.s__Prevotella sp000434975.fastq.gz,SRR11805643.x.s__Prevotella sp000434975,1f18de40,24340000,51,DNA,10000,2434,True,0.858225782635511,0.8895554089545855,0.8738905957950482,0.8895554089545855,True,1,7734,9642,d__Bacteria;p__Spirochaetota;c__Leptospiria;o__Leptospirales;f__Leptospiraceae;g__Leptospira_A;s__Leptospira_A bandrabouensis
10000,0.0004108463434675431,0.004347826086956522,0.0004108463434675431,0.00010371292263015972,1.0,1.0,0.0,/group/ctbrowngrp5/sourmash-db.new/gtdb-rs226/gtdb-rs226-k51.dna.rocksdb,GCA_945912155.1 uncultured Prevotella sp.,f01685f2a117dc1df7ec3e236369c3b7,0.004347826086956522,10000,241,11870000,outputs.mapping/bams.cds.rand/SRR11805643.x.s__Prevotella sp000434975.fastq.gz,SRR11805643.x.s__Prevotella sp000434975,1f18de40,24340000,51,DNA,10000,2434,True,0.858225782635511,0.8988590824149439,0.8785424325252275,0.8988590824149439,True,1,7735,9642,d__Bacteria;p__Bacteroidota;c__Bacteroidia;o__Bacteroidales;f__Bacteroidaceae;g__Prevotella;s__Prevotella sp018385335
30000,0.0012325390304026294,0.0038461538461538464,0.0004108463434675431,0.00010371292263015972,1.0,1.0,0.0,/group/ctbrowngrp5/sourmash-db.new/gtdb-rs226/gtdb-rs226-k51.dna.rocksdb,GCA_004556945.1 Clostridiales bacterium,28452a50d39427fd210f60f99e1f2e64,0.011538461538461539,10000,242,11860000,outputs.mapping/bams.cds.rand/SRR11805643.x.s__Prevotella sp000434975.fastq.gz,SRR11805643.x.s__Prevotella sp000434975,1f18de40,24340000,51,DNA,10000,2434,True,0.8769137423885826,0.9162266084809654,0.8965701754347739,0.9162266084809654,True,1,7736,9642,d__Bacteria;p__Bacillota;c__Clostridia;o__Oscillospirales;f__Oscillospiraceae;g__Hominicoprocola;s__Hominicoprocola sp003522105
10000,0.0004108463434675431,0.0045871559633027525,0.0004108463434675431,0.00020742584526031943,2.0,2.0,0.0,/group/ctbrowngrp5/sourmash-db.new/gtdb-rs226/gtdb-rs226-k51.dna.rocksdb,GCF_024135845.1 Anaerofustis sp. NSJ-163,503f3c6a5844d382c115ff60c1c73241,0.0045871559633027525,10000,243,11850000,outputs.mapping/bams.cds.rand/SRR11805643.x.s__Prevotella sp000434975.fastq.gz,SRR11805643.x.s__Prevotella sp000434975,1f18de40,24340000,51,DNA,10000,2434,True,0.858225782635511,0.8998039843327351,0.879014883484123,0.8998039843327351,True,2,7738,9642,d__Bacteria;p__Bacillota;c__Clostridia;o__Eubacteriales;f__Anaerofustaceae;g__Anaerofustis;s__Anaerofustis stercorihominis_A
90000,0.0036976170912078883,0.002369668246445498,0.0004108463434675431,0.00020742584526031943,2.0,2.0,0.0,/group/ctbrowngrp5/sourmash-db.new/gtdb-rs226/gtdb-rs226-k51.dna.rocksdb,GCF_905203935.1 Butyricimonas virosa,2347cda471cb4871d7cfb8722ab4e949,0.02132701421800948,10000,244,11840000,outputs.mapping/bams.cds.rand/SRR11805643.x.s__Prevotella sp000434975.fastq.gz,SRR11805643.x.s__Prevotella sp000434975,1f18de40,24340000,51,DNA,10000,2434,True,0.8960086344976829,0.9273291733764248,0.9116689039370538,0.9273291733764248,False,2,7740,9642,d__Bacteria;p__Bacteroidota;c__Bacteroidia;o__Bacteroidales;f__Marinifilaceae;g__Butyricimonas;s__Butyricimonas virosa
200000,0.008216926869350863,0.0035211267605633804,0.0004108463434675431,0.00031113876789047915,3.0,3.0,0.0,/group/ctbrowngrp5/sourmash-db.new/gtdb-rs226/gtdb-rs226-k51.dna.rocksdb,GCA_945921625.1 uncultured Prevotella sp.,45b4d0d75c7bcc6c3081304734915840,0.07042253521126761,10000,245,11830000,outputs.mapping/bams.cds.rand/SRR11805643.x.s__Prevotella sp000434975.fastq.gz,SRR11805643.x.s__Prevotella sp000434975,1f18de40,24340000,51,DNA,10000,2434,True,0.9101478540545755,0.9493057488331388,0.9297268014438571,0.9493057488331388,False,3,7743,9642,d__Bacteria;p__Bacteroidota;c__Bacteroidia;o__Bacteroidales;f__Bacteroidaceae;g__Prevotella;s__Prevotella sinensis
10000,0.0004108463434675431,0.0022222222222222222,0.0004108463434675431,0.00010371292263015972,1.0,1.0,0.0,/group/ctbrowngrp5/sourmash-db.new/gtdb-rs226/gtdb-rs226-k51.dna.rocksdb,GCF_022136865.1 Parabacteroides merdae,908de86e8b5eb839a2490bbdfd78f451,0.0022222222222222222,10000,246,11820000,outputs.mapping/bams.cds.rand/SRR11805643.x.s__Prevotella sp000434975.fastq.gz,SRR11805643.x.s__Prevotella sp000434975,1f18de40,24340000,51,DNA,10000,2434,True,0.858225782635511,0.8871074473831069,0.872666615009309,0.8871074473831069,True,1,7744,9642,d__Bacteria;p__Bacteroidota;c__Bacteroidia;o__Bacteroidales;f__Tannerellaceae;g__Parabacteroides;s__Parabacteroides merdae
190000,0.0078060805258833195,0.0035971223021582736,0.0004108463434675431,0.00020742584526031943,2.0,2.0,0.0,/group/ctbrowngrp5/sourmash-db.new/gtdb-rs226/gtdb-rs226-k51.dna.rocksdb,GCA_946402085.1 uncultured Prevotella sp.,03af1aa1df2bc7e4cd092bb916c075fa,0.0683453237410072,10000,247,11810000,outputs.mapping/bams.cds.rand/SRR11805643.x.s__Prevotella sp000434975.fastq.gz,SRR11805643.x.s__Prevotella sp000434975,1f18de40,24340000,51,DNA,10000,2434,True,0.9092329322270535,0.9487486109075486,0.928990771567301,0.9487486109075486,False,2,7746,9642,d__Bacteria;p__Bacteroidota;c__Bacteroidia;o__Bacteroidales;f__Bacteroidaceae;g__Prevotella;s__Prevotella faecis
10000,0.0004108463434675431,0.005128205128205128,0.0004108463434675431,0.00010371292263015972,1.0,1.0,0.0,/group/ctbrowngrp5/sourmash-db.new/gtdb-rs226/gtdb-rs226-k51.dna.rocksdb,GCA_902487055.1 uncultured Bacteroidales bacterium,5a008abf0510b3d6b23f2575e519bbb9,0.005128205128205128,10000,248,11800000,outputs.mapping/bams.cds.rand/SRR11805643.x.s__Prevotella sp000434975.fastq.gz,SRR11805643.x.s__Prevotella sp000434975,1f18de40,24340000,51,DNA,10000,2434,True,0.858225782635511,0.9017732753618344,0.8799995289986726,0.9017732753618344,True,1,7747,9642,d__Bacteria;p__Bacteroidota;c__Bacteroidia;o__Bacteroidales;f__UBA932;g__Egerieousia;s__Egerieousia sp004561775
50000,0.002054231717337716,0.0029239766081871343,0.0004108463434675431,0.00010371292263015972,1.0,1.0,0.0,/group/ctbrowngrp5/sourmash-db.new/gtdb-rs226/gtdb-rs226-k51.dna.rocksdb,GCA_034114445.1 Prevotella sp.,b5b49d68a615afcf9d6852954d51be84,0.014619883040935672,10000,249,11790000,outputs.mapping/bams.cds.rand/SRR11805643.x.s__Prevotella sp000434975.fastq.gz,SRR11805643.x.s__Prevotella sp000434975,1f18de40,24340000,51,DNA,10000,2434,True,0.8857412109018137,0.9204887982894294,0.9031150045956216,0.9204887982894294,True,1,7748,9642,d__Bacteria;p__Bacteroidota;c__Bacteroidia;o__Bacteroidales;f__Bacteroidaceae;g__Prevotella;s__Prevotella sp022771625
120000,0.0049301561216105174,0.002976190476190476,0.0004108463434675431,0.00020742584526031943,2.0,2.0,0.0,/group/ctbrowngrp5/sourmash-db.new/gtdb-rs226/gtdb-rs226-k51.dna.rocksdb,GCF_958428975.1 uncultured Prevotella sp.,01a6f82962f1367df658dcf5b2c5c3fe,0.03571428571428571,10000,250,11780000,outputs.mapping/bams.cds.rand/SRR11805643.x.s__Prevotella sp000434975.fastq.gz,SRR11805643.x.s__Prevotella sp000434975,1f18de40,24340000,51,DNA,10000,2434,True,0.9010771442070892,0.9367514032259207,0.9189142737165049,0.9367514032259207,False,2,7750,9642,d__Bacteria;p__Bacteroidota;c__Bacteroidia;o__Bacteroidales;f__Bacteroidaceae;g__Prevotella;s__Prevotella sp002265625
20000,0.0008216926869350862,0.005681818181818182,0.0004108463434675431,0.00020742584526031943,2.0,2.0,0.0,/group/ctbrowngrp5/sourmash-db.new/gtdb-rs226/gtdb-rs226-k51.dna.rocksdb,GCA_900765595.1 uncultured Sutterella sp.,a0fbaf05204603e3f927e547772f4f04,0.011363636363636364,10000,251,11770000,outputs.mapping/bams.cds.rand/SRR11805643.x.s__Prevotella sp000434975.fastq.gz,SRR11805643.x.s__Prevotella sp000434975,1f18de40,24340000,51,DNA,10000,2434,True,0.8699696586994541,0.9159523659199715,0.8929610123097128,0.9159523659199715,True,2,7752,9642,d__Bacteria;p__Pseudomonadota;c__Gammaproteobacteria;o__Burkholderiales;f__Burkholderiaceae;g__Aphodousia;s__Aphodousia sp902388655
1770000,0.07271980279375513,0.003484320557491289,0.0004108463434675431,0.00020742584526031943,2.0,2.0,0.0,/group/ctbrowngrp5/sourmash-db.new/gtdb-rs226/gtdb-rs226-k51.dna.rocksdb,GCA_963624575.1 Butyribacter intestini,c706e3a8fce33aeb4e250eccce4bb170,0.6167247386759582,10000,252,11760000,outputs.mapping/bams.cds.rand/SRR11805643.x.s__Prevotella sp000434975.fastq.gz,SRR11805643.x.s__Prevotella sp000434975,1f18de40,24340000,51,DNA,10000,2434,True,0.9499034490077147,0.9905676587401487,0.9702355538739318,0.9905676587401487,False,2,7754,9642,d__Bacteria;p__Bacteroidota;c__Bacteroidia;o__Bacteroidales;f__Bacteroidaceae;g__Prevotella;s__Prevotella sp000434975
10000,0.0004108463434675431,0.003787878787878788,0.0004108463434675431,0.00010371292263015972,1.0,1.0,0.0,/group/ctbrowngrp5/sourmash-db.new/gtdb-rs226/gtdb-rs226-k51.dna.rocksdb,GCA_004556455.1 Clostridiales bacterium,814a1f3ead2019da5ecab962dd4b8408,0.003787878787878788,10000,253,11750000,outputs.mapping/bams.cds.rand/SRR11805643.x.s__Prevotella sp000434975.fastq.gz,SRR11805643.x.s__Prevotella sp000434975,1f18de40,24340000,51,DNA,10000,2434,True,0.858225782635511,0.8964324517908826,0.8773291172131967,0.8964324517908826,True,1,7755,9642,d__Bacteria;p__Bacillota;c__Clostridia;o__Saccharofermentanales;f__DTU023;g__SFGY01;s__SFGY01 sp004556455
40000,0.0016433853738701725,0.0034482758620689655,0.0004108463434675431,0.00020742584526031943,2.0,2.0,0.0,/group/ctbrowngrp5/sourmash-db.new/gtdb-rs226/gtdb-rs226-k51.dna.rocksdb,GCA_034118285.1 Prevotella sp.,f4ce53b914393b8737a193cf8180da58,0.013793103448275862,10000,254,11740000,outputs.mapping/bams.cds.rand/SRR11805643.x.s__Prevotella sp000434975.fastq.gz,SRR11805643.x.s__Prevotella sp000434975,1f18de40,24340000,51,DNA,10000,2434,True,0.8818742367928581,0.9194387096145087,0.9006564732036835,0.9194387096145087,True,2,7757,9642,d__Bacteria;p__Bacteroidota;c__Bacteroidia;o__Bacteroidales;f__Bacteroidaceae;g__Prevotella;s__Prevotella sp004556065
70000,0.002875924404272802,0.002967359050445104,0.0004108463434675431,0.00020742584526031943,2.0,2.0,0.0,/group/ctbrowngrp5/sourmash-db.new/gtdb-rs226/gtdb-rs226-k51.dna.rocksdb,GCA_000511755.1 Bacteroides pyogenes DSM 20611 = JCM 6294,ffe1b160a1bccc60b446ee35c382340c,0.020771513353115726,10000,255,11730000,outputs.mapping/bams.cds.rand/SRR11805643.x.s__Prevotella sp000434975.fastq.gz,SRR11805643.x.s__Prevotella sp000434975,1f18de40,24340000,51,DNA,10000,2434,True,0.8916042032308269,0.9268494129563296,0.9092268080935783,0.9268494129563296,False,2,7759,9642,d__Bacteria;p__Bacteroidota;c__Bacteroidia;o__Bacteroidales;f__Bacteroidaceae;g__Bacteroides;s__Bacteroides pyogenes
10000,0.0004108463434675431,0.005235602094240838,0.0004108463434675431,0.00010371292263015972,1.0,1.0,0.0,/group/ctbrowngrp5/sourmash-db.new/gtdb-rs226/gtdb-rs226-k51.dna.rocksdb,GCA_004556865.1 Clostridiales bacterium,846b6795ff89c404938da251de3d73fe,0.005235602094240838,10000,256,11720000,outputs.mapping/bams.cds.rand/SRR11805643.x.s__Prevotella sp000434975.fastq.gz,SRR11805643.x.s__Prevotella sp000434975,1f18de40,24340000,51,DNA,10000,2434,True,0.858225782635511,0.9021398257330133,0.8801828041842621,0.9021398257330133,True,1,7760,9642,d__Bacteria;p__Bacillota;c__Clostridia;o__Christensenellales;f__CAG-138;g__Phil1;s__Phil1 sp001940855
20000,0.0008216926869350862,0.007462686567164179,0.0004108463434675431,0.00020742584526031943,2.0,2.0,0.0,/group/ctbrowngrp5/sourmash-db.new/gtdb-rs226/gtdb-rs226-k51.dna.rocksdb,GCA_041336775.1 Faecalibacterium prausnitzii,70e9e52b75c7e8c6efa1c46278362f6e,0.014925373134328358,10000,257,11710000,outputs.mapping/bams.cds.rand/SRR11805643.x.s__Prevotella sp000434975.fastq.gz,SRR11805643.x.s__Prevotella sp000434975,1f18de40,24340000,51,DNA,10000,2434,True,0.8699696586994541,0.9208621268632012,0.8954158927813276,0.9208621268632012,True,2,7762,9642,d__Bacteria;p__Bacillota;c__Clostridia;o__Oscillospirales;f__Ruminococcaceae;g__Faecalibacterium;s__Faecalibacterium prausnitzii_E
30000,0.0012325390304026294,0.004366812227074236,0.0004108463434675431,0.00020742584526031943,2.0,2.0,0.0,/group/ctbrowngrp5/sourmash-db.new/gtdb-rs226/gtdb-rs226-k51.dna.rocksdb,GCA_945834015.1 uncultured Bacteroidales bacterium,5bf1ef9b2af6e79ec556a718420c3783,0.013100436681222707,10000,258,11700000,outputs.mapping/bams.cds.rand/SRR11805643.x.s__Prevotella sp000434975.fastq.gz,SRR11805643.x.s__Prevotella sp000434975,1f18de40,24340000,51,DNA,10000,2434,True,0.8769137423885826,0.9185103084335692,0.8977120254110759,0.9185103084335692,True,2,7764,9642,d__Bacteria;p__Bacteroidota;c__Bacteroidia;o__Bacteroidales;f__Bacteroidaceae;g__Prevotella;s__Prevotella sp004554665
10000,0.0004108463434675431,0.00392156862745098,0.0004108463434675431,0.00010371292263015972,1.0,1.0,0.0,/group/ctbrowngrp5/sourmash-db.new/gtdb-rs226/gtdb-rs226-k51.dna.rocksdb,GCA_903789445.1 uncultured Atopobiaceae bacterium,a45ae43780a9dcb7aff5050bedd8f447,0.00392156862745098,10000,259,11690000,outputs.mapping/bams.cds.rand/SRR11805643.x.s__Prevotella sp000434975.fastq.gz,SRR11805643.x.s__Prevotella sp000434975,1f18de40,24340000,51,DNA,10000,2434,True,0.858225782635511,0.8970423309200757,0.8776340567777934,0.8970423309200757,True,1,7765,9642,d__Bacteria;p__Actinomycetota;c__Coriobacteriia;o__Coriobacteriales;f__Atopobiaceae;g__UBA7748;s__UBA7748 sp900314535
70000,0.002875924404272802,0.0033222591362126247,0.0004108463434675431,0.00031113876789047915,3.0,3.0,0.0,/group/ctbrowngrp5/sourmash-db.new/gtdb-rs226/gtdb-rs226-k51.dna.rocksdb,GCA_022771625.1 Prevotella sp.,f94923f2da488c81c7acffe33fea799e,0.023255813953488372,10000,260,11680000,outputs.mapping/bams.cds.rand/SRR11805643.x.s__Prevotella sp000434975.fastq.gz,SRR11805643.x.s__Prevotella sp000434975,1f18de40,24340000,51,DNA,10000,2434,True,0.8916042032308269,0.9289047993714703,0.9102545013011486,0.9289047993714703,False,3,7768,9642,d__Bacteria;p__Bacteroidota;c__Bacteroidia;o__Bacteroidales;f__Bacteroidaceae;g__Prevotella;s__Prevotella sp022771625
40000,0.0016433853738701725,0.003875968992248062,0.0004108463434675431,0.00010371292263015972,1.0,1.0,0.0,/group/ctbrowngrp5/sourmash-db.new/gtdb-rs226/gtdb-rs226-k51.dna.rocksdb,GCA_004556555.1 Bacteroidales bacterium,581e36cccd83433003b93b037f5e6ad1,0.015503875968992248,10000,261,11670000,outputs.mapping/bams.cds.rand/SRR11805643.x.s__Prevotella sp000434975.fastq.gz,SRR11805643.x.s__Prevotella sp000434975,1f18de40,24340000,51,DNA,10000,2434,True,0.8818742367928581,0.9215490101367176,0.901711623464788,0.9215490101367176,True,1,7769,9642,d__Bacteria;p__Bacteroidota;c__Bacteroidia;o__Bacteroidales;f__Muribaculaceae;g__Sodaliphilus;s__Sodaliphilus sp004557565
50000,0.002054231717337716,0.003745318352059925,0.0004108463434675431,0.0011408421489317569,11.0,11.0,0.0,/group/ctbrowngrp5/sourmash-db.new/gtdb-rs226/gtdb-rs226-k51.dna.rocksdb,GCA_900314235.1 uncultured Prevotellaceae bacterium,e804f376a4eca488d1437c123143a92e,0.018726591760299626,10000,262,11660000,outputs.mapping/bams.cds.rand/SRR11805643.x.s__Prevotella sp000434975.fastq.gz,SRR11805643.x.s__Prevotella sp000434975,1f18de40,24340000,51,DNA,10000,2434,True,0.8857412109018137,0.9249678589665529,0.9053545349341833,0.9249678589665529,True,11,7780,9642,d__Bacteria;p__Bacteroidota;c__Bacteroidia;o__Bacteroidales;f__Bacteroidaceae;g__Prevotella;s__Prevotella sp002251295
230000,0.009449465899753493,0.002369668246445498,0.0004108463434675431,0.0005185646131507986,5.0,5.0,0.0,/group/ctbrowngrp5/sourmash-db.new/gtdb-rs226/gtdb-rs226-k51.dna.rocksdb,GCF_009493995.1 Segatella copri,71f64ea4721eb6aaca09b5853c6c67e5,0.054502369668246446,10000,263,11650000,outputs.mapping/bams.cds.rand/SRR11805643.x.s__Prevotella sp000434975.fastq.gz,SRR11805643.x.s__Prevotella sp000434975,1f18de40,24340000,51,DNA,10000,2434,True,0.9126454714691754,0.9445475613275873,0.9285965163983814,0.9445475613275873,False,5,7785,9642,d__Bacteria;p__Bacteroidota;c__Bacteroidia;o__Bacteroidales;f__Bacteroidaceae;g__Prevotella;s__Prevotella copri_F
20000,0.0008216926869350862,0.0047169811320754715,0.0004108463434675431,0.00010371292263015972,1.0,1.0,0.0,/group/ctbrowngrp5/sourmash-db.new/gtdb-rs226/gtdb-rs226-k51.dna.rocksdb,GCA_945874475.1 uncultured Bacteroidales bacterium,0b5be80635e8b216b6e1b4cfbe7be32d,0.009433962264150943,10000,264,11640000,outputs.mapping/bams.cds.rand/SRR11805643.x.s__Prevotella sp000434975.fastq.gz,SRR11805643.x.s__Prevotella sp000434975,1f18de40,24340000,51,DNA,10000,2434,True,0.8699696586994541,0.9126160876839744,0.8912928731917142,0.9126160876839744,True,1,7786,9642,d__Bacteria;p__Bacteroidota;c__Bacteroidia;o__Bacteroidales;f__Muribaculaceae;g__Limisoma;s__Limisoma sp000437795
10000,0.0004108463434675431,0.0038022813688212928,0.0004108463434675431,0.00010371292263015972,1.0,1.0,0.0,/group/ctbrowngrp5/sourmash-db.new/gtdb-rs226/gtdb-rs226-k51.dna.rocksdb,GCA_905196635.1 uncultured Lachnospiraceae bacterium,af9a12baa0f7aee9bfa585d80d2f1ad3,0.0038022813688212928,10000,265,11630000,outputs.mapping/bams.cds.rand/SRR11805643.x.s__Prevotella sp000434975.fastq.gz,SRR11805643.x.s__Prevotella sp000434975,1f18de40,24340000,51,DNA,10000,2434,True,0.858225782635511,0.896499160640959,0.877362471638235,0.896499160640959,True,1,7787,9642,d__Bacteria;p__Bacillota;c__Clostridia;o__Lachnospirales;f__Lachnospiraceae;g__Frisingicoccus;s__Frisingicoccus caecimuris
150000,0.006162695152013147,0.0027548209366391185,0.0004108463434675431,0.012860402406139806,124.0,124.0,0.0,/group/ctbrowngrp5/sourmash-db.new/gtdb-rs226/gtdb-rs226-k51.dna.rocksdb,GCA_009469585.1 Dechloromonas sp. Dech2017,13e55cb857d433bc09782aaa9b2ea519,0.04132231404958678,10000,266,11620000,outputs.mapping/bams.cds.rand/SRR11805643.x.s__Prevotella sp000434975.fastq.gz,SRR11805643.x.s__Prevotella sp000434975,1f18de40,24340000,51,DNA,10000,2434,True,0.9050283220978192,0.9394341973922868,0.922231259745053,0.9394341973922868,False,124,7911,9642,d__Bacteria;p__Pseudomonadota;c__Gammaproteobacteria;o__Burkholderiales;f__Rhodocyclaceae;g__Azonexus;s__Azonexus sp009469585
10000,0.0004108463434675431,0.005025125628140704,0.0004108463434675431,0.00010371292263015972,1.0,1.0,0.0,/group/ctbrowngrp5/sourmash-db.new/gtdb-rs226/gtdb-rs226-k51.dna.rocksdb,GCA_004555765.1 Bacteroidales bacterium,3661cdc08ca846315ed3146bb6950657,0.005025125628140704,10000,267,11610000,outputs.mapping/bams.cds.rand/SRR11805643.x.s__Prevotella sp000434975.fastq.gz,SRR11805643.x.s__Prevotella sp000434975,1f18de40,24340000,51,DNA,10000,2434,True,0.858225782635511,0.9014143125831353,0.8798200476093232,0.9014143125831353,True,1,7912,9642,d__Bacteria;p__Bacteroidota;c__Bacteroidia;o__Bacteroidales;f__Porphyromonadaceae;g__Porphyromonas_A;s__Porphyromonas_A sp004555765
40000,0.0016433853738701725,0.0024449877750611247,0.0004108463434675431,0.0005185646131507986,5.0,5.0,0.0,/group/ctbrowngrp5/sourmash-db.new/gtdb-rs226/gtdb-rs226-k51.dna.rocksdb,GCA_021616595.1 Bacteroidales bacterium,58da32daf3e3c54075353a3fd64979fd,0.009779951100244499,10000,268,11600000,outputs.mapping/bams.cds.rand/SRR11805643.x.s__Prevotella sp000434975.fastq.gz,SRR11805643.x.s__Prevotella sp000434975,1f18de40,24340000,51,DNA,10000,2434,True,0.8818742367928581,0.9132608423782494,0.8975675395855538,0.9132608423782494,True,5,7917,9642,d__Bacteria;p__Bacteroidota;c__Bacteroidia;o__Bacteroidales;f__UBA932;g__Cryptobacteroides;s__Cryptobacteroides sp000433355
10000,0.0004108463434675431,0.003676470588235294,0.0004108463434675431,0.00010371292263015972,1.0,1.0,0.0,/group/ctbrowngrp5/sourmash-db.new/gtdb-rs226/gtdb-rs226-k51.dna.rocksdb,GCA_022484065.1 Prevotella sp.,2cb90c430288b94030488c5a5f3b8d8f,0.003676470588235294,10000,269,11590000,outputs.mapping/bams.cds.rand/SRR11805643.x.s__Prevotella sp000434975.fastq.gz,SRR11805643.x.s__Prevotella sp000434975,1f18de40,24340000,51,DNA,10000,2434,True,0.858225782635511,0.8959078766119833,0.8770668296237472,0.8959078766119833,True,1,7918,9642,d__Bacteria;p__Bacteroidota;c__Bacteroidia;o__Bacteroidales;f__Bacteroidaceae;g__Prevotella;s__Prevotella sp002409785
40000,0.0016433853738701725,0.004366812227074236,0.0004108463434675431,0.00020742584526031943,2.0,2.0,0.0,/group/ctbrowngrp5/sourmash-db.new/gtdb-rs226/gtdb-rs226-k51.dna.rocksdb,GCA_022780305.1 bacterium,26caf2629f4534484ecd083692cb382d,0.017467248908296942,10000,270,11580000,outputs.mapping/bams.cds.rand/SRR11805643.x.s__Prevotella sp000434975.fastq.gz,SRR11805643.x.s__Prevotella sp000434975,1f18de40,24340000,51,DNA,10000,2434,True,0.8818742367928581,0.9237061048101245,0.9027901708014914,0.9237061048101245,True,2,7920,9642,d__Bacteria;p__Bacteroidota;c__Bacteroidia;o__Bacteroidales;f__Bacteroidaceae;g__Alloprevotella;s__Alloprevotella sp945867195
1660000,0.06820049301561217,0.00392156862745098,0.0004108463434675431,0.00020742584526031943,2.0,2.0,0.0,/group/ctbrowngrp5/sourmash-db.new/gtdb-rs226/gtdb-rs226-k51.dna.rocksdb,GCA_004562625.1 bacterium,804476c0d2f269c97412290a93063701,0.6509803921568628,10000,271,11570000,outputs.mapping/bams.cds.rand/SRR11805643.x.s__Prevotella sp000434975.fastq.gz,SRR11805643.x.s__Prevotella sp000434975,1f18de40,24340000,51,DNA,10000,2434,True,0.948709148424389,0.9916181535054721,0.9701636509649305,0.9916181535054721,False,2,7922,9642,d__Bacteria;p__Bacteroidota;c__Bacteroidia;o__Bacteroidales;f__Bacteroidaceae;g__Prevotella;s__Prevotella sp000434975
10000,0.0004108463434675431,0.0038314176245210726,0.0004108463434675431,0.00010371292263015972,1.0,1.0,0.0,/group/ctbrowngrp5/sourmash-db.new/gtdb-rs226/gtdb-rs226-k51.dna.rocksdb,GCF_020138655.1 Clostridium perfringens,90b7ab20665b50fb9351d72d7f95a944,0.0038314176245210726,10000,272,11560000,outputs.mapping/bams.cds.rand/SRR11805643.x.s__Prevotella sp000434975.fastq.gz,SRR11805643.x.s__Prevotella sp000434975,1f18de40,24340000,51,DNA,10000,2434,True,0.858225782635511,0.8966333577089488,0.8774295701722299,0.8966333577089488,True,1,7923,9642,d__Bacteria;p__Bacillota;c__Clostridia;o__Clostridiales;f__Clostridiaceae;g__Sarcina;s__Sarcina perfringens
60000,0.0024650780608052587,0.004166666666666667,0.0004108463434675431,0.00010371292263015972,1.0,1.0,0.0,/group/ctbrowngrp5/sourmash-db.new/gtdb-rs226/gtdb-rs226-k51.dna.rocksdb,GCA_945995445.1 uncultured Bacteroidales bacterium,e4ce279f1cdfc56cac7a42f37c5c96f1,0.025,10000,273,11550000,outputs.mapping/bams.cds.rand/SRR11805643.x.s__Prevotella sp000434975.fastq.gz,SRR11805643.x.s__Prevotella sp000434975,1f18de40,24340000,51,DNA,10000,2434,True,0.8889133426310211,0.9302229692504613,0.9095681559407411,0.9302229692504613,True,1,7924,9642,d__Bacteria;p__Bacteroidota;c__Bacteroidia;o__Bacteroidales;f__Bacteroidaceae;g__Alloprevotella;s__Alloprevotella sp004552155
10000,0.0004108463434675431,0.005025125628140704,0.0004108463434675431,0.00010371292263015972,1.0,1.0,0.0,/group/ctbrowngrp5/sourmash-db.new/gtdb-rs226/gtdb-rs226-k51.dna.rocksdb,GCA_034179245.1 Candidatus Limisoma sp.,4a6b70eae5650311c3b2012bb8cd9de9,0.005025125628140704,10000,274,11540000,outputs.mapping/bams.cds.rand/SRR11805643.x.s__Prevotella sp000434975.fastq.gz,SRR11805643.x.s__Prevotella sp000434975,1f18de40,24340000,51,DNA,10000,2434,True,0.858225782635511,0.9014143125831353,0.8798200476093232,0.9014143125831353,True,1,7925,9642,d__Bacteria;p__Bacteroidota;c__Bacteroidia;o__Bacteroidales;f__Muribaculaceae;g__Limisoma;s__Limisoma sp004555955
260000,0.010682004930156122,0.002577319587628866,0.0004108463434675431,0.00020742584526031943,2.0,2.0,0.0,/group/ctbrowngrp5/sourmash-db.new/gtdb-rs226/gtdb-rs226-k51.dna.rocksdb,GCA_040324585.2 Segatella sinensis,03d8682549facbb908f65394b5b79011,0.06701030927835051,10000,275,11530000,outputs.mapping/bams.cds.rand/SRR11805643.x.s__Prevotella sp000434975.fastq.gz,SRR11805643.x.s__Prevotella sp000434975,1f18de40,24340000,51,DNA,10000,2434,True,0.9148420803863374,0.9483817083806386,0.931611894383488,0.9483817083806386,False,2,7927,9642,d__Bacteria;p__Bacteroidota;c__Bacteroidia;o__Bacteroidales;f__Bacteroidaceae;g__Prevotella;s__Prevotella sinensis
20000,0.0008216926869350862,0.0038461538461538464,0.0004108463434675431,0.00010371292263015972,1.0,1.0,0.0,/group/ctbrowngrp5/sourmash-db.new/gtdb-rs226/gtdb-rs226-k51.dna.rocksdb,GCF_024622585.1 Frisingicoccus caecimuris,da7c6f0e538c95b9be5d88caf015f4fa,0.007692307692307693,10000,276,11520000,outputs.mapping/bams.cds.rand/SRR11805643.x.s__Prevotella sp000434975.fastq.gz,SRR11805643.x.s__Prevotella sp000434975,1f18de40,24340000,51,DNA,10000,2434,True,0.8699696586994541,0.9089712150027334,0.8894704368510937,0.9089712150027334,True,1,7928,9642,d__Bacteria;p__Bacillota;c__Clostridia;o__Lachnospirales;f__Lachnospiraceae;g__Frisingicoccus;s__Frisingicoccus caecimuris
20000,0.0008216926869350862,0.006024096385542169,0.0004108463434675431,0.00010371292263015972,1.0,1.0,0.0,/group/ctbrowngrp5/sourmash-db.new/gtdb-rs226/gtdb-rs226-k51.dna.rocksdb,GCA_905207195.1 Erysipelotrichaceae bacterium,a3b35bce67877593321cb269a879aa34,0.012048192771084338,10000,277,11510000,outputs.mapping/bams.cds.rand/SRR11805643.x.s__Prevotella sp000434975.fastq.gz,SRR11805643.x.s__Prevotella sp000434975,1f18de40,24340000,51,DNA,10000,2434,True,0.8699696586994541,0.9170035517674673,0.8934866052334607,0.9170035517674673,True,1,7929,9642,d__Bacteria;p__Bacillota;c__Bacilli;o__Erysipelotrichales;f__Erysipelotrichaceae;g__Holdemanella;s__Holdemanella porci
120000,0.0049301561216105174,0.0030959752321981426,0.0004108463434675431,0.000725990458411118,7.0,7.0,0.0,/group/ctbrowngrp5/sourmash-db.new/gtdb-rs226/gtdb-rs226-k51.dna.rocksdb,GCA_937991355.1 uncultured Prevotella sp.,0249e3d3c30725430f77b88f26622818,0.03715170278637771,10000,278,11500000,outputs.mapping/bams.cds.rand/SRR11805643.x.s__Prevotella sp000434975.fastq.gz,SRR11805643.x.s__Prevotella sp000434975,1f18de40,24340000,51,DNA,10000,2434,True,0.9010771442070892,0.9374764507476395,0.9192767974773643,0.9374764507476395,False,7,7936,9642,d__Bacteria;p__Bacteroidota;c__Bacteroidia;o__Bacteroidales;f__Bacteroidaceae;g__Prevotella;s__Prevotella sp900313215
2030000,0.08340180772391126,0.003205128205128205,0.0004108463434675431,0.00010371292263015972,1.0,1.0,0.0,/group/ctbrowngrp5/sourmash-db.new/gtdb-rs226/gtdb-rs226-k51.dna.rocksdb,GCA_037279125.1 Prevotella sp.,64f5f820a8845b93cfc4831d5b25a33a,0.6506410256410257,10000,279,11490000,outputs.mapping/bams.cds.rand/SRR11805643.x.s__Prevotella sp000434975.fastq.gz,SRR11805643.x.s__Prevotella sp000434975,1f18de40,24340000,51,DNA,10000,2434,True,0.9524596312261441,0.99160801470955,0.972033822967847,0.99160801470955,False,1,7937,9642,d__Bacteria;p__Bacteroidota;c__Bacteroidia;o__Bacteroidales;f__Bacteroidaceae;g__Prevotella;s__Prevotella sp000434975
120000,0.0049301561216105174,0.003003003003003003,0.0004108463434675431,0.00041485169052063887,4.0,4.0,0.0,/group/ctbrowngrp5/sourmash-db.new/gtdb-rs226/gtdb-rs226-k51.dna.rocksdb,GCA_937968095.1 uncultured Prevotella sp.,d988b8856ca861ffd4261c0ec93aa8f4,0.036036036036036036,10000,280,11480000,outputs.mapping/bams.cds.rand/SRR11805643.x.s__Prevotella sp000434975.fastq.gz,SRR11805643.x.s__Prevotella sp000434975,1f18de40,24340000,51,DNA,10000,2434,True,0.9010771442070892,0.9369161513230859,0.9189966477650875,0.9369161513230859,False,4,7941,9642,d__Bacteria;p__Bacteroidota;c__Bacteroidia;o__Bacteroidales;f__Bacteroidaceae;g__Prevotella;s__Prevotella faecis
1760000,0.07230895645028759,0.00392156862745098,0.0004108463434675431,0.00010371292263015972,1.0,1.0,0.0,/group/ctbrowngrp5/sourmash-db.new/gtdb-rs226/gtdb-rs226-k51.dna.rocksdb,GCA_034108885.1 Prevotella sp.,89d1093f41f135743b79a30a0ba9ba8e,0.6901960784313725,10000,281,11470000,outputs.mapping/bams.cds.rand/SRR11805643.x.s__Prevotella sp000434975.fastq.gz,SRR11805643.x.s__Prevotella sp000434975,1f18de40,24340000,51,DNA,10000,2434,True,0.9497979273470919,0.9927561766253075,0.9712770519861997,0.9927561766253075,False,1,7942,9642,d__Bacteria;p__Bacteroidota;c__Bacteroidia;o__Bacteroidales;f__Bacteroidaceae;g__Prevotella;s__Prevotella sp000434975
1120000,0.04601479046836483,0.0035971223021582736,0.0004108463434675431,0.00010371292263015972,1.0,1.0,0.0,/group/ctbrowngrp5/sourmash-db.new/gtdb-rs226/gtdb-rs226-k51.dna.rocksdb,GCA_037428325.1 Prevotella sp.,41aa26c395c6dfe1c883a4fc6ba191ea,0.4028776978417266,10000,282,11460000,outputs.mapping/bams.cds.rand/SRR11805643.x.s__Prevotella sp000434975.fastq.gz,SRR11805643.x.s__Prevotella sp000434975,1f18de40,24340000,51,DNA,10000,2434,True,0.9414175775514396,0.9823320156235124,0.961874796587476,0.9823320156235124,False,1,7943,9642,d__Bacteria;p__Bacteroidota;c__Bacteroidia;o__Bacteroidales;f__Bacteroidaceae;g__Prevotella;s__Prevotella sp000434975
40000,0.0016433853738701725,0.004608294930875576,0.0004108463434675431,0.00020742584526031943,2.0,2.0,0.0,/group/ctbrowngrp5/sourmash-db.new/gtdb-rs226/gtdb-rs226-k51.dna.rocksdb,GCA_021152245.1 Bacteroidia bacterium,f16be514215e5a17fe8473c329a40ede,0.018433179723502304,10000,283,11450000,outputs.mapping/bams.cds.rand/SRR11805643.x.s__Prevotella sp000434975.fastq.gz,SRR11805643.x.s__Prevotella sp000434975,1f18de40,24340000,51,DNA,10000,2434,True,0.8818742367928581,0.9246814852600344,0.9032778610264462,0.9246814852600344,True,2,7945,9642,d__Bacteria;p__Bacteroidota;c__Bacteroidia;o__Bacteroidales;f__UBA932;g__Cryptobacteroides;s__Cryptobacteroides sp900769905
10000,0.0004108463434675431,0.003194888178913738,0.0004108463434675431,0.00031113876789047915,3.0,3.0,0.0,/group/ctbrowngrp5/sourmash-db.new/gtdb-rs226/gtdb-rs226-k51.dna.rocksdb,GCA_022719105.1 Rikenellaceae bacterium,1b52f1200f32c982006b79480b4e183f,0.003194888178913738,10000,284,11440000,outputs.mapping/bams.cds.rand/SRR11805643.x.s__Prevotella sp000434975.fastq.gz,SRR11805643.x.s__Prevotella sp000434975,1f18de40,24340000,51,DNA,10000,2434,True,0.858225782635511,0.8934448670217007,0.8758353248286058,0.8934448670217007,True,3,7948,9642,d__Bacteria;p__Bacteroidota;c__Bacteroidia;o__Bacteroidales;f__Rikenellaceae;g__Alistipes;s__Alistipes putredinis
190000,0.0078060805258833195,0.0031847133757961785,0.0004108463434675431,0.0005185646131507986,5.0,5.0,0.0,/group/ctbrowngrp5/sourmash-db.new/gtdb-rs226/gtdb-rs226-k51.dna.rocksdb,GCA_963611295.1 Acetobacter sp. 46_36,bf665c2993bef181114e5183dc21acf5,0.06050955414012739,10000,285,11430000,outputs.mapping/bams.cds.rand/SRR11805643.x.s__Prevotella sp000434975.fastq.gz,SRR11805643.x.s__Prevotella sp000434975,1f18de40,24340000,51,DNA,10000,2434,True,0.9092329322270535,0.946486001521237,0.9278594668741452,0.946486001521237,False,5,7953,9642,d__Bacteria;p__Bacteroidota;c__Bacteroidia;o__Bacteroidales;f__Bacteroidaceae;g__Prevotella;s__Prevotella faecis
10000,0.0004108463434675431,0.005747126436781609,0.0004108463434675431,0.00010371292263015972,1.0,1.0,0.0,/group/ctbrowngrp5/sourmash-db.new/gtdb-rs226/gtdb-rs226-k51.dna.rocksdb,GCF_022774615.1 Mogibacterium sp.,25f790e2843235b7d19ac08480cfe8a7,0.005747126436781609,10000,286,11420000,outputs.mapping/bams.cds.rand/SRR11805643.x.s__Prevotella sp000434975.fastq.gz,SRR11805643.x.s__Prevotella sp000434975,1f18de40,24340000,51,DNA,10000,2434,True,0.858225782635511,0.9037902706106046,0.8810080266230578,0.9037902706106046,True,1,7954,9642,d__Bacteria;p__Bacillota;c__Clostridia;o__Peptostreptococcales;f__Anaerovoracaceae;g__Mogibacterium_A;s__Mogibacterium_A kristiansenii
120000,0.0049301561216105174,0.005235602094240838,0.0004108463434675431,0.00020742584526031943,2.0,2.0,0.0,/group/ctbrowngrp5/sourmash-db.new/gtdb-rs226/gtdb-rs226-k51.dna.rocksdb,GCA_003450395.1 Leyella stercorea,173523c9f7d4012759a46b0585b637d5,0.06282722513089005,10000,287,11410000,outputs.mapping/bams.cds.rand/SRR11805643.x.s__Prevotella sp000434975.fastq.gz,SRR11805643.x.s__Prevotella sp000434975,1f18de40,24340000,51,DNA,10000,2434,True,0.9010771442070892,0.9471838230618888,0.924130483634489,0.9471838230618888,False,2,7956,9642,d__Bacteria;p__Bacteroidota;c__Bacteroidia;o__Bacteroidales;f__Bacteroidaceae;g__Prevotella;s__Prevotella stercorea
250000,0.010271158586688579,0.0014044943820224719,0.0004108463434675431,0.0005185646131507986,5.0,5.0,0.0,/group/ctbrowngrp5/sourmash-db.new/gtdb-rs226/gtdb-rs226-k51.dna.rocksdb,GCF_039895195.1 Bacteroides thetaiotaomicron,36bb2e290b5d91e6639fc1e969ec4fa0,0.0351123595505618,10000,288,11400000,outputs.mapping/bams.cds.rand/SRR11805643.x.s__Prevotella sp000434975.fastq.gz,SRR11805643.x.s__Prevotella sp000434975,1f18de40,24340000,51,DNA,10000,2434,True,0.9141388065511017,0.9364392492957795,0.9252890279234406,0.9364392492957795,False,5,7961,9642,d__Bacteria;p__Bacteroidota;c__Bacteroidia;o__Bacteroidales;f__Bacteroidaceae;g__Bacteroides;s__Bacteroides thetaiotaomicron
10000,0.0004108463434675431,0.003289473684210526,0.0004108463434675431,0.00010371292263015972,1.0,1.0,0.0,/group/ctbrowngrp5/sourmash-db.new/gtdb-rs226/gtdb-rs226-k51.dna.rocksdb,GCF_037064655.1 Clostridium baratii,17c3e4ea900c9026bf764d4922a7f5b1,0.003289473684210526,10000,289,11390000,outputs.mapping/bams.cds.rand/SRR11805643.x.s__Prevotella sp000434975.fastq.gz,SRR11805643.x.s__Prevotella sp000434975,1f18de40,24340000,51,DNA,10000,2434,True,0.858225782635511,0.8939561248334033,0.8760909537344571,0.8939561248334033,True,1,7962,9642,d__Bacteria;p__Bacillota;c__Clostridia;o__Clostridiales;f__Clostridiaceae;g__Clostridium;s__Clostridium nitritogenes
1840000,0.07559572719802794,0.004201680672268907,0.0004108463434675431,0.00020742584526031943,2.0,2.0,0.0,/group/ctbrowngrp5/sourmash-db.new/gtdb-rs226/gtdb-rs226-k51.dna.rocksdb,GCA_945494815.1 uncultured Bacteroidales bacterium,26135a0d680ae0ed71768fb0fb2f13a2,0.773109243697479,10000,290,11380000,outputs.mapping/bams.cds.rand/SRR11805643.x.s__Prevotella sp000434975.fastq.gz,SRR11805643.x.s__Prevotella sp000434975,1f18de40,24340000,51,DNA,10000,2434,True,0.9506261351300437,0.9949669259095825,0.9727965305198131,0.9949669259095825,False,2,7964,9642,d__Bacteria;p__Bacteroidota;c__Bacteroidia;o__Bacteroidales;f__Bacteroidaceae;g__Prevotella;s__Prevotella sp000434975
30000,0.0012325390304026294,0.0030303030303030303,0.0004108463434675431,0.00010371292263015972,1.0,1.0,0.0,/group/ctbrowngrp5/sourmash-db.new/gtdb-rs226/gtdb-rs226-k51.dna.rocksdb,GCA_036773165.1 Bacteroidaceae bacterium,352b735b57c30e608e8989a263a5f0a5,0.00909090909090909,10000,291,11370000,outputs.mapping/bams.cds.rand/SRR11805643.x.s__Prevotella sp000434975.fastq.gz,SRR11805643.x.s__Prevotella sp000434975,1f18de40,24340000,51,DNA,10000,2434,True,0.8769137423885826,0.9119534957754483,0.8944336190820155,0.9119534957754483,True,1,7965,9642,d__Bacteria;p__Bacteroidota;c__Bacteroidia;o__Bacteroidales;f__Bacteroidaceae;g__Prevotella;s__Prevotella sp002265625
50000,0.002054231717337716,0.00390625,0.0004108463434675431,0.00020742584526031943,2.0,2.0,0.0,/group/ctbrowngrp5/sourmash-db.new/gtdb-rs226/gtdb-rs226-k51.dna.rocksdb,GCA_022773865.1 Bacteroidales bacterium,4fb5f66ec4a0d96ccfb55dc54258118b,0.01953125,10000,292,11360000,outputs.mapping/bams.cds.rand/SRR11805643.x.s__Prevotella sp000434975.fastq.gz,SRR11805643.x.s__Prevotella sp000434975,1f18de40,24340000,51,DNA,10000,2434,True,0.8857412109018137,0.9257312035915363,0.905736207246675,0.9257312035915363,True,2,7967,9642,d__Bacteria;p__Bacteroidota;c__Bacteroidia;o__Bacteroidales;f__Bacteroidaceae;g__Alloprevotella;s__Alloprevotella sp004552155
270000,0.011092851273623664,0.0025575447570332483,0.0004108463434675431,0.00010371292263015972,1.0,1.0,0.0,/group/ctbrowngrp5/sourmash-db.new/gtdb-rs226/gtdb-rs226-k51.dna.rocksdb,GCF_036938435.1 Segatella copri,476820d442906d0a812bd16faf3d9cbd,0.06905370843989769,10000,293,11350000,outputs.mapping/bams.cds.rand/SRR11805643.x.s__Prevotella sp000434975.fastq.gz,SRR11805643.x.s__Prevotella sp000434975,1f18de40,24340000,51,DNA,10000,2434,True,0.9155193199591202,0.9489404531417318,0.9322298865504259,0.9489404531417318,False,1,7968,9642,d__Bacteria;p__Bacteroidota;c__Bacteroidia;o__Bacteroidales;f__Bacteroidaceae;g__Prevotella;s__Prevotella copri_K
10000,0.0004108463434675431,0.005208333333333333,0.0004108463434675431,0.00010371292263015972,1.0,1.0,0.0,/group/ctbrowngrp5/sourmash-db.new/gtdb-rs226/gtdb-rs226-k51.dna.rocksdb,GCA_945828175.1 uncultured Bacteroidales bacterium,2ea23a57dd3429f65a8a47582dc05945,0.005208333333333333,10000,294,11340000,outputs.mapping/bams.cds.rand/SRR11805643.x.s__Prevotella sp000434975.fastq.gz,SRR11805643.x.s__Prevotella sp000434975,1f18de40,24340000,51,DNA,10000,2434,True,0.858225782635511,0.9020474594102066,0.8801366210228587,0.9020474594102066,True,1,7969,9642,d__Bacteria;p__Bacteroidota;c__Bacteroidia;o__Bacteroidales;f__Muribaculaceae;g__CAG-873;s__CAG-873 sp945828175
250000,0.010271158586688579,0.00273224043715847,0.0004108463434675431,0.00010371292263015972,1.0,1.0,0.0,/group/ctbrowngrp5/sourmash-db.new/gtdb-rs226/gtdb-rs226-k51.dna.rocksdb,GCA_958420865.1 uncultured Prevotella sp.,4f3aa286191a36cd867f351d7a3b44a3,0.06830601092896176,10000,295,11330000,outputs.mapping/bams.cds.rand/SRR11805643.x.s__Prevotella sp000434975.fastq.gz,SRR11805643.x.s__Prevotella sp000434975,1f18de40,24340000,51,DNA,10000,2434,True,0.9141388065511017,0.9487379073347549,0.9314383569429283,0.9487379073347549,False,1,7970,9642,d__Bacteria;p__Bacteroidota;c__Bacteroidia;o__Bacteroidales;f__Bacteroidaceae;g__Prevotella;s__Prevotella sinensis
70000,0.002875924404272802,0.004098360655737705,0.0004108463434675431,0.00041485169052063887,4.0,4.0,0.0,/group/ctbrowngrp5/sourmash-db.new/gtdb-rs226/gtdb-rs226-k51.dna.rocksdb,GCA_945827945.1 uncultured Bacteroidales bacterium,9fe19082aba9721a605d9f132c343cdf,0.028688524590163935,10000,296,11320000,outputs.mapping/bams.cds.rand/SRR11805643.x.s__Prevotella sp000434975.fastq.gz,SRR11805643.x.s__Prevotella sp000434975,1f18de40,24340000,51,DNA,10000,2434,True,0.8916042032308269,0.9327365270664969,0.9121703651486619,0.9327365270664969,False,4,7974,9642,d__Bacteria;p__Bacteroidota;c__Bacteroidia;o__Bacteroidales;f__Bacteroidaceae;g__Prevotella;s__Prevotella sp002251365
20000,0.0008216926869350862,0.0018018018018018018,0.0004108463434675431,0.00010371292263015972,1.0,1.0,0.0,/group/ctbrowngrp5/sourmash-db.new/gtdb-rs226/gtdb-rs226-k51.dna.rocksdb,GCF_001457415.1 Gorillibacterium timonense,ba9802cdcd8443d4296d51ff85187be7,0.0036036036036036037,10000,297,11310000,outputs.mapping/bams.cds.rand/SRR11805643.x.s__Prevotella sp000434975.fastq.gz,SRR11805643.x.s__Prevotella sp000434975,1f18de40,24340000,51,DNA,10000,2434,True,0.8699696586994541,0.8955562777689915,0.8827629682342228,0.8955562777689915,True,1,7975,9642,d__Bacteria;p__Bacillota;c__Bacilli;o__Paenibacillales;f__NBRC-103111;g__Gorillibacterium;s__Gorillibacterium timonense
110000,0.0045193097781429745,0.003067484662576687,0.0004108463434675431,0.00020742584526031943,2.0,2.0,0.0,/group/ctbrowngrp5/sourmash-db.new/gtdb-rs226/gtdb-rs226-k51.dna.rocksdb,GCA_945828085.1 uncultured Prevotella sp.,eef5a9fe05d3a2abe625d30618f1831c,0.03374233128834356,10000,298,11300000,outputs.mapping/bams.cds.rand/SRR11805643.x.s__Prevotella sp000434975.fastq.gz,SRR11805643.x.s__Prevotella sp000434975,1f18de40,24340000,51,DNA,10000,2434,True,0.8995411222777202,0.9357087441233306,0.9176249332005254,0.9357087441233306,False,2,7977,9642,d__Bacteria;p__Bacteroidota;c__Bacteroidia;o__Bacteroidales;f__Bacteroidaceae;g__Prevotella;s__Prevotella sp002251435
10000,0.0004108463434675431,0.0038461538461538464,0.0004108463434675431,0.00010371292263015972,1.0,1.0,0.0,/group/ctbrowngrp5/sourmash-db.new/gtdb-rs226/gtdb-rs226-k51.dna.rocksdb,GCA_019115705.1 Candidatus Tetragenococcus pullicola,ad1aac895218d93f27b3864faaf4dc34,0.0038461538461538464,10000,299,11290000,outputs.mapping/bams.cds.rand/SRR11805643.x.s__Prevotella sp000434975.fastq.gz,SRR11805643.x.s__Prevotella sp000434975,1f18de40,24340000,51,DNA,10000,2434,True,0.858225782635511,0.896700849952713,0.877463316294112,0.896700849952713,True,1,7978,9642,d__Bacteria;p__Bacillota;c__Bacilli;o__Lactobacillales;f__Enterococcaceae;g__Tetragenococcus;s__Tetragenococcus pullicola
20000,0.0008216926869350862,0.00392156862745098,0.0004108463434675431,0.00020742584526031943,2.0,2.0,0.0,/group/ctbrowngrp5/sourmash-db.new/gtdb-rs226/gtdb-rs226-k51.dna.rocksdb,GCF_009695655.1 Sharpea porci,dfe0274f17f56aea7c1510d3a2dfc0bd,0.00784313725490196,10000,300,11280000,outputs.mapping/bams.cds.rand/SRR11805643.x.s__Prevotella sp000434975.fastq.gz,SRR11805643.x.s__Prevotella sp000434975,1f18de40,24340000,51,DNA,10000,2434,True,0.8699696586994541,0.9093173687616155,0.8896435137305347,0.9093173687616155,True,2,7980,9642,d__Bacteria;p__Bacillota;c__Bacilli;o__Erysipelotrichales;f__Coprobacillaceae;g__Sharpea;s__Sharpea porci
1920000,0.07888249794576828,0.0035971223021582736,0.0004108463434675431,0.00010371292263015972,1.0,1.0,0.0,/group/ctbrowngrp5/sourmash-db.new/gtdb-rs226/gtdb-rs226-k51.dna.rocksdb,GCA_905206085.1 uncultured Prevotella sp.,7514df9e0c3036f8266f72f6ae16b0fd,0.6906474820143885,10000,301,11270000,outputs.mapping/bams.cds.rand/SRR11805643.x.s__Prevotella sp000434975.fastq.gz,SRR11805643.x.s__Prevotella sp000434975,1f18de40,24340000,51,DNA,10000,2434,True,0.9514197658698047,0.9927689036163846,0.9720943347430946,0.9927689036163846,False,1,7981,9642,d__Bacteria;p__Bacteroidota;c__Bacteroidia;o__Bacteroidales;f__Bacteroidaceae;g__Prevotella;s__Prevotella sp000434975
10000,0.0004108463434675431,0.0025974025974025974,0.0004108463434675431,0.00010371292263015972,1.0,1.0,0.0,/group/ctbrowngrp5/sourmash-db.new/gtdb-rs226/gtdb-rs226-k51.dna.rocksdb,GCA_946011515.1 uncultured Lachnospiraceae bacterium,22d10b3bb0824123b63da9ff2df42f3e,0.0025974025974025974,10000,302,11260000,outputs.mapping/bams.cds.rand/SRR11805643.x.s__Prevotella sp000434975.fastq.gz,SRR11805643.x.s__Prevotella sp000434975,1f18de40,24340000,51,DNA,10000,2434,True,0.858225782635511,0.8898251809431468,0.8740254817893289,0.8898251809431468,True,1,7982,9642,d__Bacteria;p__Bacillota;c__Clostridia;o__Lachnospirales;f__Lachnospiraceae;g__COE1;s__COE1 sp022788085
40000,0.0016433853738701725,0.0025188916876574307,0.0004108463434675431,0.00010371292263015972,1.0,1.0,0.0,/group/ctbrowngrp5/sourmash-db.new/gtdb-rs226/gtdb-rs226-k51.dna.rocksdb,GCA_000285855.2 Ruminococcus sp. JC304,d531218b22b575d3882f43062762ff19,0.010075566750629723,10000,303,11250000,outputs.mapping/bams.cds.rand/SRR11805643.x.s__Prevotella sp000434975.fastq.gz,SRR11805643.x.s__Prevotella sp000434975,1f18de40,24340000,51,DNA,10000,2434,True,0.8818742367928581,0.9137942506560681,0.8978342437244631,0.9137942506560681,True,1,7983,9642,d__Bacteria;p__Bacillota;c__Clostridia;o__Lachnospirales;f__Lachnospiraceae;g__Blautia_A;s__Blautia_A difficilis
10000,0.0004108463434675431,0.0018214936247723133,0.0004108463434675431,0.00031113876789047915,3.0,3.0,0.0,/group/ctbrowngrp5/sourmash-db.new/gtdb-rs226/gtdb-rs226-k51.dna.rocksdb,GCF_017377655.2 Enterococcus sp. 665A,0a2f92d53d419f1a93114f31f5db7357,0.0018214936247723133,10000,304,11240000,outputs.mapping/bams.cds.rand/SRR11805643.x.s__Prevotella sp000434975.fastq.gz,SRR11805643.x.s__Prevotella sp000434975,1f18de40,24340000,51,DNA,10000,2434,True,0.858225782635511,0.8836553174778269,0.8709405500566689,0.8836553174778269,True,3,7986,9642,d__Bacteria;p__Bacillota;c__Bacilli;o__Lactobacillales;f__Enterococcaceae;g__Enterococcus_A;s__Enterococcus_A ferrettii
20000,0.0008216926869350862,0.0035087719298245615,0.0004108463434675431,0.00010371292263015972,1.0,1.0,0.0,/group/ctbrowngrp5/sourmash-db.new/gtdb-rs226/gtdb-rs226-k51.dna.rocksdb,GCA_946411975.1 uncultured bacterium,0cc1e05182b1581799c261d878cfcab2,0.007017543859649123,10000,305,11230000,outputs.mapping/bams.cds.rand/SRR11805643.x.s__Prevotella sp000434975.fastq.gz,SRR11805643.x.s__Prevotella sp000434975,1f18de40,24340000,51,DNA,10000,2434,True,0.8699696586994541,0.9073364041578822,0.8886530314286681,0.9073364041578822,True,1,7987,9642,d__Bacteria;p__Bacteroidota;c__Bacteroidia;o__Bacteroidales;f__Bacteroidaceae;g__Prevotella;s__Prevotella sp004555245
10000,0.0004108463434675431,0.005494505494505495,0.0004108463434675431,0.00010371292263015972,1.0,1.0,0.0,/group/ctbrowngrp5/sourmash-db.new/gtdb-rs226/gtdb-rs226-k51.dna.rocksdb,GCA_945871345.1 uncultured Lactobacillus sp.,378ca99954c3392dbacd90ffc383a639,0.005494505494505495,10000,306,11220000,outputs.mapping/bams.cds.rand/SRR11805643.x.s__Prevotella sp000434975.fastq.gz,SRR11805643.x.s__Prevotella sp000434975,1f18de40,24340000,51,DNA,10000,2434,True,0.858225782635511,0.9029940210398251,0.8806099018376681,0.9029940210398251,True,1,7988,9642,d__Bacteria;p__Bacillota;c__Bacilli;o__Lactobacillales;f__Lactobacillaceae;g__Limosilactobacillus;s__Limosilactobacillus mucosae
230000,0.009449465899753493,0.003003003003003003,0.0004108463434675431,0.00010371292263015972,1.0,1.0,0.0,/group/ctbrowngrp5/sourmash-db.new/gtdb-rs226/gtdb-rs226-k51.dna.rocksdb,GCA_945949975.1 Segatella copri,c0b31e87c1cda71ffa5540d60da98e3a,0.06906906906906907,10000,307,11210000,outputs.mapping/bams.cds.rand/SRR11805643.x.s__Prevotella sp000434975.fastq.gz,SRR11805643.x.s__Prevotella sp000434975,1f18de40,24340000,51,DNA,10000,2434,True,0.9126454714691754,0.9489445916462251,0.9307950315577003,0.9489445916462251,False,1,7989,9642,d__Bacteria;p__Bacteroidota;c__Bacteroidia;o__Bacteroidales;f__Bacteroidaceae;g__Prevotella;s__Prevotella copri
420000,0.01725554642563681,0.002890173410404624,0.0004108463434675431,0.000725990458411118,7.0,7.0,0.0,/group/ctbrowngrp5/sourmash-db.new/gtdb-rs226/gtdb-rs226-k51.dna.rocksdb,GCF_021531355.1 Leyella stercorea,54ca2f53dc3b2581e6ad7338841f2186,0.12138728323699421,10000,308,11200000,outputs.mapping/bams.cds.rand/SRR11805643.x.s__Prevotella sp000434975.fastq.gz,SRR11805643.x.s__Prevotella sp000434975,1f18de40,24340000,51,DNA,10000,2434,True,0.9234852746603895,0.9594947694877516,0.9414900220740705,0.9594947694877516,False,7,7996,9642,d__Bacteria;p__Bacteroidota;c__Bacteroidia;o__Bacteroidales;f__Bacteroidaceae;g__Prevotella;s__Prevotella sp900552515
40000,0.0016433853738701725,0.005208333333333333,0.0004108463434675431,0.00010371292263015972,1.0,1.0,0.0,/group/ctbrowngrp5/sourmash-db.new/gtdb-rs226/gtdb-rs226-k51.dna.rocksdb,GCA_029226185.1 Collinsella sp.,7a3c1aa306a3a60f732876800e9a6efe,0.020833333333333332,10000,309,11190000,outputs.mapping/bams.cds.rand/SRR11805643.x.s__Prevotella sp000434975.fastq.gz,SRR11805643.x.s__Prevotella sp000434975,1f18de40,24340000,51,DNA,10000,2434,True,0.8818742367928581,0.9269034220522349,0.9043888294225465,0.9269034220522349,True,1,7997,9642,d__Bacteria;p__Actinomycetota;c__Coriobacteriia;o__Coriobacteriales;f__Coriobacteriaceae;g__Collinsella;s__Collinsella sp002391315
20000,0.0008216926869350862,0.0025906735751295338,0.0004108463434675431,0.00020742584526031943,2.0,2.0,0.0,/group/ctbrowngrp5/sourmash-db.new/gtdb-rs226/gtdb-rs226-k51.dna.rocksdb,GCF_014837065.1 Phocaeicola intestinalis,759f9e6a61e59910b0d4fc88a4bf6015,0.0051813471502590676,10000,310,11180000,outputs.mapping/bams.cds.rand/SRR11805643.x.s__Prevotella sp000434975.fastq.gz,SRR11805643.x.s__Prevotella sp000434975,1f18de40,24340000,51,DNA,10000,2434,True,0.8699696586994541,0.9019555822980565,0.8859626204987553,0.9019555822980565,True,2,7999,9642,d__Bacteria;p__Bacteroidota;c__Bacteroidia;o__Bacteroidales;f__Bacteroidaceae;g__Phocaeicola;s__Phocaeicola intestinalis
10000,0.0004108463434675431,0.010638297872340425,0.0004108463434675431,0.00010371292263015972,1.0,1.0,0.0,/group/ctbrowngrp5/sourmash-db.new/gtdb-rs226/gtdb-rs226-k51.dna.rocksdb,GCA_963924845.1 uncultured Alphaproteobacteria bacterium,31efca4a38078cafbadc6926d96653ab,0.010638297872340425,10000,311,11170000,outputs.mapping/bams.cds.rand/SRR11805643.x.s__Prevotella sp000434975.fastq.gz,SRR11805643.x.s__Prevotella sp000434975,1f18de40,24340000,51,DNA,10000,2434,True,,,,,True,1,8000,9642,d__Bacteria;p__Pseudomonadota;c__Alphaproteobacteria;o__Puniceispirillales;f__Marisalimonadaceae;g__CAJJBL01;s__CAJJBL01 sp027625145
200000,0.008216926869350863,0.0024630541871921183,0.0004108463434675431,0.00010371292263015972,1.0,1.0,0.0,/group/ctbrowngrp5/sourmash-db.new/gtdb-rs226/gtdb-rs226-k51.dna.rocksdb,GCF_016803185.1 Segatella copri,aae24877f4d681df90d3207b343fdb6b,0.04926108374384237,10000,312,11160000,outputs.mapping/bams.cds.rand/SRR11805643.x.s__Prevotella sp000434975.fastq.gz,SRR11805643.x.s__Prevotella sp000434975,1f18de40,24340000,51,DNA,10000,2434,True,0.9101478540545755,0.9426768084518514,0.9264123312532135,0.9426768084518514,False,1,8001,9642,d__Bacteria;p__Bacteroidota;c__Bacteroidia;o__Bacteroidales;f__Bacteroidaceae;g__Prevotella;s__Prevotella copri_M
140000,0.005751848808545604,0.003816793893129771,0.0004108463434675431,0.00010371292263015972,1.0,1.0,0.0,/group/ctbrowngrp5/sourmash-db.new/gtdb-rs226/gtdb-rs226-k51.dna.rocksdb,GCA_022773325.1 Prevotella sp.,b0142c2cf6e6e612ae84d39d12ecd015,0.05343511450381679,10000,313,11150000,outputs.mapping/bams.cds.rand/SRR11805643.x.s__Prevotella sp000434975.fastq.gz,SRR11805643.x.s__Prevotella sp000434975,1f18de40,24340000,51,DNA,10000,2434,True,0.903804826275125,0.9441813687151411,0.9239930974951331,0.9441813687151411,False,1,8002,9642,d__Bacteria;p__Bacteroidota;c__Bacteroidia;o__Bacteroidales;f__Bacteroidaceae;g__Prevotella;s__Prevotella sp002251365
30000,0.0012325390304026294,0.004166666666666667,0.0004108463434675431,0.0011408421489317569,11.0,11.0,0.0,/group/ctbrowngrp5/sourmash-db.new/gtdb-rs226/gtdb-rs226-k51.dna.rocksdb,GCA_958445375.1 uncultured Prevotella sp.,34ff9710d6d5912e15e9920ec1568e29,0.0125,10000,314,11140000,outputs.mapping/bams.cds.rand/SRR11805643.x.s__Prevotella sp000434975.fastq.gz,SRR11805643.x.s__Prevotella sp000434975,1f18de40,24340000,51,DNA,10000,2434,True,0.8769137423885826,0.9176657229678244,0.8972897326782034,0.9176657229678244,True,11,8013,9642,d__Bacteria;p__Bacteroidota;c__Bacteroidia;o__Bacteroidales;f__Bacteroidaceae;g__Prevotella;s__Prevotella sp002251385
1010000,0.04149548069022186,0.003816793893129771,0.0004108463434675431,0.00010371292263015972,1.0,1.0,0.0,/group/ctbrowngrp5/sourmash-db.new/gtdb-rs226/gtdb-rs226-k51.dna.rocksdb,GCA_021620945.1 Prevotella sp.,9d8f271ce307dc8fbfaac2ad1f2ba7e2,0.38549618320610685,10000,315,11130000,outputs.mapping/bams.cds.rand/SRR11805643.x.s__Prevotella sp000434975.fastq.gz,SRR11805643.x.s__Prevotella sp000434975,1f18de40,24340000,51,DNA,10000,2434,True,0.9395112318790435,0.9814829209252012,0.9604970764021223,0.9814829209252012,False,1,8014,9642,d__Bacteria;p__Bacteroidota;c__Bacteroidia;o__Bacteroidales;f__Bacteroidaceae;g__Prevotella;s__Prevotella sp000434975
10000,0.0004108463434675431,0.004366812227074236,0.0004108463434675431,0.00010371292263015972,1.0,1.0,0.0,/group/ctbrowngrp5/sourmash-db.new/gtdb-rs226/gtdb-rs226-k51.dna.rocksdb,GCA_029225625.1 Paraprevotella sp.,7e776dd532f21d2cd5dd2bd9630f368f,0.004366812227074236,10000,316,11120000,outputs.mapping/bams.cds.rand/SRR11805643.x.s__Prevotella sp000434975.fastq.gz,SRR11805643.x.s__Prevotella sp000434975,1f18de40,24340000,51,DNA,10000,2434,True,0.858225782635511,0.8989358818428389,0.8785808322391749,0.8989358818428389,True,1,8015,9642,d__Bacteria;p__Bacteroidota;c__Bacteroidia;o__Bacteroidales;f__Bacteroidaceae;g__Physcousia;s__Physcousia sp900766785
20000,0.0008216926869350862,0.0030211480362537764,0.0004108463434675431,0.00010371292263015972,1.0,1.0,0.0,/group/ctbrowngrp5/sourmash-db.new/gtdb-rs226/gtdb-rs226-k51.dna.rocksdb,GCA_934234225.1 uncultured Prevotella sp.,d2e2432abd5fd171a1a6d65d10ad5a34,0.006042296072507553,10000,317,11110000,outputs.mapping/bams.cds.rand/SRR11805643.x.s__Prevotella sp000434975.fastq.gz,SRR11805643.x.s__Prevotella sp000434975,1f18de40,24340000,51,DNA,10000,2434,True,0.8699696586994541,0.9046782659018088,0.8873239623006315,0.9046782659018088,True,1,8016,9642,d__Bacteria;p__Bacteroidota;c__Bacteroidia;o__Bacteroidales;f__Bacteroidaceae;g__Prevotella;s__Prevotella sp000436035
90000,0.0036976170912078883,0.0030120481927710845,0.0004108463434675431,0.00031113876789047915,3.0,3.0,0.0,/group/ctbrowngrp5/sourmash-db.new/gtdb-rs226/gtdb-rs226-k51.dna.rocksdb,GCF_937926765.1 uncultured Prevotella sp.,5e3230cc17836bfb79ed989105e2efab,0.02710843373493976,10000,318,11100000,outputs.mapping/bams.cds.rand/SRR11805643.x.s__Prevotella sp000434975.fastq.gz,SRR11805643.x.s__Prevotella sp000434975,1f18de40,24340000,51,DNA,10000,2434,True,0.8960086344976829,0.9317009908768747,0.9138548126872788,0.9317009908768747,False,3,8019,9642,d__Bacteria;p__Bacteroidota;c__Bacteroidia;o__Bacteroidales;f__Bacteroidaceae;g__Prevotella;s__Prevotella sp900548745
230000,0.009449465899753493,0.004032258064516129,0.0004108463434675431,0.00020742584526031943,2.0,2.0,0.0,/group/ctbrowngrp5/sourmash-db.new/gtdb-rs226/gtdb-rs226-k51.dna.rocksdb,GCA_945930095.1 uncultured Prevotella sp.,3a337bfcbfc0641239307d599fc16e21,0.09274193548387097,10000,319,11090000,outputs.mapping/bams.cds.rand/SRR11805643.x.s__Prevotella sp000434975.fastq.gz,SRR11805643.x.s__Prevotella sp000434975,1f18de40,24340000,51,DNA,10000,2434,True,0.9126454714691754,0.9544441333724669,0.9335448024208212,0.9544441333724669,False,2,8021,9642,d__Bacteria;p__Bacteroidota;c__Bacteroidia;o__Bacteroidales;f__Bacteroidaceae;g__Prevotella;s__Prevotella sp900546535
10000,0.0004108463434675431,0.0034129692832764505,0.0004108463434675431,0.00020742584526031943,2.0,2.0,0.0,/group/ctbrowngrp5/sourmash-db.new/gtdb-rs226/gtdb-rs226-k51.dna.rocksdb,GCA_002481375.1 bacterium UBA7760,56ffd650a61303928b662bc7f9dc040d,0.0034129692832764505,10000,320,11080000,outputs.mapping/bams.cds.rand/SRR11805643.x.s__Prevotella sp000434975.fastq.gz,SRR11805643.x.s__Prevotella sp000434975,1f18de40,24340000,51,DNA,10000,2434,True,0.858225782635511,0.8946023746949219,0.8764140786652164,0.8946023746949219,True,2,8023,9642,d__Bacteria;p__Bacteroidota;c__Bacteroidia;o__Bacteroidales;f__Bacteroidaceae;g__Prevotella;s__Prevotella sp900318855
150000,0.006162695152013147,0.0038314176245210726,0.0004108463434675431,0.00020742584526031943,2.0,2.0,0.0,/group/ctbrowngrp5/sourmash-db.new/gtdb-rs226/gtdb-rs226-k51.dna.rocksdb,GCA_034093875.1 Prevotella sp.,0d7fea76f9aa02ba13b28f33e93fb3d7,0.05747126436781609,10000,321,11070000,outputs.mapping/bams.cds.rand/SRR11805643.x.s__Prevotella sp000434975.fastq.gz,SRR11805643.x.s__Prevotella sp000434975,1f18de40,24340000,51,DNA,10000,2434,True,0.9050283220978192,0.9455304183152222,0.9252793702065207,0.9455304183152222,False,2,8025,9642,d__Bacteria;p__Bacteroidota;c__Bacteroidia;o__Bacteroidales;f__Bacteroidaceae;g__Prevotella;s__Prevotella sp002251365
20000,0.0008216926869350862,0.0034129692832764505,0.0004108463434675431,0.00031113876789047915,3.0,3.0,0.0,/group/ctbrowngrp5/sourmash-db.new/gtdb-rs226/gtdb-rs226-k51.dna.rocksdb,GCA_022783585.1 Prevotella sp.,ccbda88d47aee248b3d6d19940f76168,0.006825938566552901,10000,322,11060000,outputs.mapping/bams.cds.rand/SRR11805643.x.s__Prevotella sp000434975.fastq.gz,SRR11805643.x.s__Prevotella sp000434975,1f18de40,24340000,51,DNA,10000,2434,True,0.8699696586994541,0.906844024418685,0.8884068415590696,0.906844024418685,True,3,8028,9642,d__Bacteria;p__Bacteroidota;c__Bacteroidia;o__Bacteroidales;f__Bacteroidaceae;g__Prevotella;s__Prevotella sp002251245
10000,0.0004108463434675431,0.0036363636363636364,0.0004108463434675431,0.0006222775357809583,6.0,6.0,0.0,/group/ctbrowngrp5/sourmash-db.new/gtdb-rs226/gtdb-rs226-k51.dna.rocksdb,GCF_947163875.1 uncultured Prevotella sp.,a5401704a6b7a8c11191cfef960e8caa,0.0036363636363636364,10000,323,11050000,outputs.mapping/bams.cds.rand/SRR11805643.x.s__Prevotella sp000434975.fastq.gz,SRR11805643.x.s__Prevotella sp000434975,1f18de40,24340000,51,DNA,10000,2434,True,0.858225782635511,0.8957152063205601,0.8769704944780355,0.8957152063205601,True,6,8034,9642,d__Bacteria;p__Bacteroidota;c__Bacteroidia;o__Bacteroidales;f__Bacteroidaceae;g__Prevotella;s__Prevotella lacticifex
90000,0.0036976170912078883,0.004032258064516129,0.0004108463434675431,0.00041485169052063887,4.0,4.0,0.0,/group/ctbrowngrp5/sourmash-db.new/gtdb-rs226/gtdb-rs226-k51.dna.rocksdb,GCA_958429435.1 uncultured Prevotella sp.,915525d38c858378cba386c9ec7ecc72,0.036290322580645164,10000,324,11040000,outputs.mapping/bams.cds.rand/SRR11805643.x.s__Prevotella sp000434975.fastq.gz,SRR11805643.x.s__Prevotella sp000434975,1f18de40,24340000,51,DNA,10000,2434,True,0.8960086344976829,0.9370453383948801,0.9165269864462815,0.9370453383948801,False,4,8038,9642,d__Bacteria;p__Bacteroidota;c__Bacteroidia;o__Bacteroidales;f__Bacteroidaceae;g__Prevotella;s__Prevotella sp900543975
10000,0.0004108463434675431,0.0024330900243309003,0.0004108463434675431,0.00020742584526031943,2.0,2.0,0.0,/group/ctbrowngrp5/sourmash-db.new/gtdb-rs226/gtdb-rs226-k51.dna.rocksdb,GCA_948565985.1 uncultured Lachnospiraceae bacterium,8e6eea5fbd34096ea353ddedf8177728,0.0024330900243309003,10000,325,11030000,outputs.mapping/bams.cds.rand/SRR11805643.x.s__Prevotella sp000434975.fastq.gz,SRR11805643.x.s__Prevotella sp000434975,1f18de40,24340000,51,DNA,10000,2434,True,0.858225782635511,0.8886857156672617,0.8734557491513864,0.8886857156672617,True,2,8040,9642,d__Bacteria;p__Bacillota;c__Clostridia;o__Lachnospirales;f__Lachnospiraceae;g__UBA3282;s__UBA3282 sp910579735
100000,0.004108463434675432,0.00398406374501992,0.0004108463434675431,0.00020742584526031943,2.0,2.0,0.0,/group/ctbrowngrp5/sourmash-db.new/gtdb-rs226/gtdb-rs226-k51.dna.rocksdb,GCF_958435615.1 Leyella stercorea,2e7cb41ef8d0bba1e936292344bd0a72,0.0398406374501992,10000,326,11020000,outputs.mapping/bams.cds.rand/SRR11805643.x.s__Prevotella sp000434975.fastq.gz,SRR11805643.x.s__Prevotella sp000434975,1f18de40,24340000,51,DNA,10000,2434,True,0.8978616053434889,0.9387618177396232,0.918311711541556,0.9387618177396232,False,2,8042,9642,d__Bacteria;p__Bacteroidota;c__Bacteroidia;o__Bacteroidales;f__Bacteroidaceae;g__Prevotella;s__Prevotella stercorea
80000,0.003286770747740345,0.0035087719298245615,0.0004108463434675431,0.00010371292263015972,1.0,1.0,0.0,/group/ctbrowngrp5/sourmash-db.new/gtdb-rs226/gtdb-rs226-k51.dna.rocksdb,GCA_946405715.1 uncultured Prevotella sp.,fe587c8dd5fa44b38f4cd390384cf363,0.028070175438596492,10000,327,11010000,outputs.mapping/bams.cds.rand/SRR11805643.x.s__Prevotella sp000434975.fastq.gz,SRR11805643.x.s__Prevotella sp000434975,1f18de40,24340000,51,DNA,10000,2434,True,0.893941715946276,0.9323381039356815,0.9131399099409787,0.9323381039356815,False,1,8043,9642,d__Bacteria;p__Bacteroidota;c__Bacteroidia;o__Bacteroidales;f__Bacteroidaceae;g__Prevotella;s__Prevotella sp945869265
170000,0.006984387838948234,0.002840909090909091,0.0004108463434675431,0.00010371292263015972,1.0,1.0,0.0,/group/ctbrowngrp5/sourmash-db.new/gtdb-rs226/gtdb-rs226-k51.dna.rocksdb,GCF_009495355.1 Segatella copri,df10afd343e2bcdc7863ba59d6ded0bf,0.048295454545454544,10000,328,11000000,outputs.mapping/bams.cds.rand/SRR11805643.x.s__Prevotella sp000434975.fastq.gz,SRR11805643.x.s__Prevotella sp000434975,1f18de40,24340000,51,DNA,10000,2434,True,0.9072521515698628,0.9423109555150692,0.9247815535424659,0.9423109555150692,False,1,8044,9642,d__Bacteria;p__Bacteroidota;c__Bacteroidia;o__Bacteroidales;f__Bacteroidaceae;g__Prevotella;s__Prevotella sp900313215
230000,0.009449465899753493,0.002079002079002079,0.0004108463434675431,0.00010371292263015972,1.0,1.0,0.0,/group/ctbrowngrp5/sourmash-db.new/gtdb-rs226/gtdb-rs226-k51.dna.rocksdb,GCA_021637945.1 Prevotella sp.,9af52d8b6b11146ff28472f18e070cea,0.04781704781704782,10000,329,10990000,outputs.mapping/bams.cds.rand/SRR11805643.x.s__Prevotella sp000434975.fastq.gz,SRR11805643.x.s__Prevotella sp000434975,1f18de40,24340000,51,DNA,10000,2434,True,0.9126454714691754,0.9421270339497074,0.9273862527094414,0.9421270339497074,False,1,8045,9642,d__Bacteria;p__Bacteroidota;c__Bacteroidia;o__Bacteroidales;f__Bacteroidaceae;g__Prevotella;s__Prevotella hominis
190000,0.0078060805258833195,0.002898550724637681,0.0004108463434675431,0.00020742584526031943,2.0,2.0,0.0,/group/ctbrowngrp5/sourmash-db.new/gtdb-rs226/gtdb-rs226-k51.dna.rocksdb,GCF_002265625.1 Prevotella sp. 885,6f27695917a933cec0a9bc03e9acdf60,0.05507246376811594,10000,330,10980000,outputs.mapping/bams.cds.rand/SRR11805643.x.s__Prevotella sp000434975.fastq.gz,SRR11805643.x.s__Prevotella sp000434975,1f18de40,24340000,51,DNA,10000,2434,True,0.9092329322270535,0.9447402994404323,0.9269866158337429,0.9447402994404323,False,2,8047,9642,d__Bacteria;p__Bacteroidota;c__Bacteroidia;o__Bacteroidales;f__Bacteroidaceae;g__Prevotella;s__Prevotella sp002265625
30000,0.0012325390304026294,0.004,0.0004108463434675431,0.00010371292263015972,1.0,1.0,0.0,/group/ctbrowngrp5/sourmash-db.new/gtdb-rs226/gtdb-rs226-k51.dna.rocksdb,GCA_945923645.1 uncultured Bacteroidales bacterium,10a901e480cbb0541b268647127239d1,0.012,10000,331,10970000,outputs.mapping/bams.cds.rand/SRR11805643.x.s__Prevotella sp000434975.fastq.gz,SRR11805643.x.s__Prevotella sp000434975,1f18de40,24340000,51,DNA,10000,2434,True,0.8769137423885826,0.9169314885235516,0.896922615456067,0.9169314885235516,True,1,8048,9642,d__Bacteria;p__Bacteroidota;c__Bacteroidia;o__Bacteroidales;f__Muribaculaceae;g__CALZFJ01;s__CALZFJ01 sp945645715
20000,0.0008216926869350862,0.003355704697986577,0.0004108463434675431,0.00010371292263015972,1.0,1.0,0.0,/group/ctbrowngrp5/sourmash-db.new/gtdb-rs226/gtdb-rs226-k51.dna.rocksdb,GCA_946184135.1 uncultured Prevotellaceae bacterium,d66ed75b145a87104266e9fd394ed510,0.006711409395973154,10000,332,10960000,outputs.mapping/bams.cds.rand/SRR11805643.x.s__Prevotella sp000434975.fastq.gz,SRR11805643.x.s__Prevotella sp000434975,1f18de40,24340000,51,DNA,10000,2434,True,0.8699696586994541,0.9065431998816279,0.888256429290541,0.9065431998816279,True,1,8049,9642,d__Bacteria;p__Bacteroidota;c__Bacteroidia;o__Bacteroidales;f__Bacteroidaceae;g__Minthosoma;s__Minthosoma sp900316975
180000,0.007395234182415777,0.003816793893129771,0.0004108463434675431,0.00020742584526031943,2.0,2.0,0.0,/group/ctbrowngrp5/sourmash-db.new/gtdb-rs226/gtdb-rs226-k51.dna.rocksdb,GCA_902780435.1 uncultured Prevotellaceae bacterium,271d3d1e919c6f666e75713f6fbbfd1b,0.06870229007633588,10000,333,10950000,outputs.mapping/bams.cds.rand/SRR11805643.x.s__Prevotella sp000434975.fastq.gz,SRR11805643.x.s__Prevotella sp000434975,1f18de40,24340000,51,DNA,10000,2434,True,0.9082695273404147,0.9488455256660423,0.9285575265032284,0.9488455256660423,False,2,8051,9642,d__Bacteria;p__Bacteroidota;c__Bacteroidia;o__Bacteroidales;f__Bacteroidaceae;g__Prevotella;s__Prevotella sp900313215
90000,0.0036976170912078883,0.00546448087431694,0.0004108463434675431,0.00020742584526031943,2.0,2.0,0.0,/group/ctbrowngrp5/sourmash-db.new/gtdb-rs226/gtdb-rs226-k51.dna.rocksdb,GCA_945932455.1 uncultured Prevotella sp.,246b2e653507cd3db0422b3f9a5e30bb,0.04918032786885246,10000,334,10940000,outputs.mapping/bams.cds.rand/SRR11805643.x.s__Prevotella sp000434975.fastq.gz,SRR11805643.x.s__Prevotella sp000434975,1f18de40,24340000,51,DNA,10000,2434,True,0.8960086344976829,0.9426464826670732,0.919327558582378,0.9426464826670732,False,2,8053,9642,d__Bacteria;p__Bacteroidota;c__Bacteroidia;o__Bacteroidales;f__Bacteroidaceae;g__Prevotella;s__Prevotella sp900313215
1800000,0.07395234182415776,0.0037735849056603774,0.0004108463434675431,0.00041485169052063887,4.0,4.0,0.0,/group/ctbrowngrp5/sourmash-db.new/gtdb-rs226/gtdb-rs226-k51.dna.rocksdb,GCA_034117245.1 Prevotella sp.,17f60869cc2aff7f0ea381ab2117988d,0.6792452830188679,10000,335,10930000,outputs.mapping/bams.cds.rand/SRR11805643.x.s__Prevotella sp000434975.fastq.gz,SRR11805643.x.s__Prevotella sp000434975,1f18de40,24340000,51,DNA,10000,2434,True,0.9502165425491302,0.9924449005054189,0.9713307215272746,0.9924449005054189,False,4,8057,9642,d__Bacteria;p__Bacteroidota;c__Bacteroidia;o__Bacteroidales;f__Bacteroidaceae;g__Prevotella;s__Prevotella sp000434975
120000,0.0049301561216105174,0.0029239766081871343,0.0004108463434675431,0.00010371292263015972,1.0,1.0,0.0,/group/ctbrowngrp5/sourmash-db.new/gtdb-rs226/gtdb-rs226-k51.dna.rocksdb,GCA_022777825.1 Prevotella sp.,dcf27a005f3668f0a724086c2beb8117,0.03508771929824561,10000,336,10920000,outputs.mapping/bams.cds.rand/SRR11805643.x.s__Prevotella sp000434975.fastq.gz,SRR11805643.x.s__Prevotella sp000434975,1f18de40,24340000,51,DNA,10000,2434,True,0.9010771442070892,0.936426359560229,0.9187517518836591,0.936426359560229,False,1,8058,9642,d__Bacteria;p__Bacteroidota;c__Bacteroidia;o__Bacteroidales;f__Bacteroidaceae;g__Prevotella;s__Prevotella sp002251435
50000,0.002054231717337716,0.0035335689045936395,0.0004108463434675431,0.00010371292263015972,1.0,1.0,0.0,/group/ctbrowngrp5/sourmash-db.new/gtdb-rs226/gtdb-rs226-k51.dna.rocksdb,GCA_029101125.1 Bacteroidales bacterium,87b11694583a24d8c5e0a67f9dd4a477,0.0176678445229682,10000,337,10910000,outputs.mapping/bams.cds.rand/SRR11805643.x.s__Prevotella sp000434975.fastq.gz,SRR11805643.x.s__Prevotella sp000434975,1f18de40,24340000,51,DNA,10000,2434,True,0.8857412109018137,0.9239129413638785,0.9048270761328461,0.9239129413638785,True,1,8059,9642,d__Bacteria;p__Bacteroidota;c__Bacteroidia;o__Bacteroidales;f__Bacteroidaceae;g__Prevotella;s__Prevotella sp004556065
1900000,0.0780608052588332,0.0038022813688212928,0.0004108463434675431,0.00010371292263015972,1.0,1.0,0.0,/group/ctbrowngrp5/sourmash-db.new/gtdb-rs226/gtdb-rs226-k51.dna.rocksdb,GCA_034100625.1 Prevotella sp.,36dc10425a91759539ad88fafbf9a02c,0.7224334600760456,10000,338,10900000,outputs.mapping/bams.cds.rand/SRR11805643.x.s__Prevotella sp000434975.fastq.gz,SRR11805643.x.s__Prevotella sp000434975,1f18de40,24340000,51,DNA,10000,2434,True,0.9512244407917779,0.9936451805633615,0.9724348106775698,0.9936451805633615,False,1,8060,9642,d__Bacteria;p__Bacteroidota;c__Bacteroidia;o__Bacteroidales;f__Bacteroidaceae;g__Prevotella;s__Prevotella sp000434975
250000,0.010271158586688579,0.0027624309392265192,0.0004108463434675431,0.00020742584526031943,2.0,2.0,0.0,/group/ctbrowngrp5/sourmash-db.new/gtdb-rs226/gtdb-rs226-k51.dna.rocksdb,GCA_963624365.1 Clostridium fessum,bf123ab37fc65b0547638e481e89771c,0.06906077348066299,10000,339,10890000,outputs.mapping/bams.cds.rand/SRR11805643.x.s__Prevotella sp000434975.fastq.gz,SRR11805643.x.s__Prevotella sp000434975,1f18de40,24340000,51,DNA,10000,2434,True,0.9141388065511017,0.9489423567372335,0.9315405816441675,0.9489423567372335,False,2,8062,9642,d__Bacteria;p__Bacteroidota;c__Bacteroidia;o__Bacteroidales;f__Bacteroidaceae;g__Prevotella;s__Prevotella sp900313215
340000,0.013968775677896467,0.0027397260273972603,0.0004108463434675431,0.00010371292263015972,1.0,1.0,0.0,/group/ctbrowngrp5/sourmash-db.new/gtdb-rs226/gtdb-rs226-k51.dna.rocksdb,GCA_019409395.1 Prevotella sp.,fb3a6b5f0b740a3ee4fb1aaf25582473,0.09315068493150686,10000,340,10880000,outputs.mapping/bams.cds.rand/SRR11805643.x.s__Prevotella sp000434975.fastq.gz,SRR11805643.x.s__Prevotella sp000434975,1f18de40,24340000,51,DNA,10000,2434,True,0.9196668995794869,0.9545264381009023,0.9370966688401946,0.9545264381009023,False,1,8063,9642,d__Bacteria;p__Bacteroidota;c__Bacteroidia;o__Bacteroidales;f__Bacteroidaceae;g__Prevotella;s__Prevotella copri
230000,0.009449465899753493,0.003937007874015748,0.0004108463434675431,0.00010371292263015972,1.0,1.0,0.0,/group/ctbrowngrp5/sourmash-db.new/gtdb-rs226/gtdb-rs226-k51.dna.rocksdb,GCA_945876765.1 uncultured Prevotella sp.,3ceda1776b0e375e923f4bc8ecf347dd,0.09055118110236221,10000,341,10870000,outputs.mapping/bams.cds.rand/SRR11805643.x.s__Prevotella sp000434975.fastq.gz,SRR11805643.x.s__Prevotella sp000434975,1f18de40,24340000,51,DNA,10000,2434,True,0.9126454714691754,0.9539968561662132,0.9333211638176944,0.9539968561662132,False,1,8064,9642,d__Bacteria;p__Bacteroidota;c__Bacteroidia;o__Bacteroidales;f__Bacteroidaceae;g__Prevotella;s__Prevotella sp945863825
20000,0.0008216926869350862,0.003472222222222222,0.0004108463434675431,0.00041485169052063887,4.0,4.0,0.0,/group/ctbrowngrp5/sourmash-db.new/gtdb-rs226/gtdb-rs226-k51.dna.rocksdb,GCA_902766535.1 uncultured Prevotellaceae bacterium,0f73cd4a856af0200f176ce99c2aa8ef,0.006944444444444444,10000,342,10860000,outputs.mapping/bams.cds.rand/SRR11805643.x.s__Prevotella sp000434975.fastq.gz,SRR11805643.x.s__Prevotella sp000434975,1f18de40,24340000,51,DNA,10000,2434,True,0.8699696586994541,0.9071501293291512,0.8885598940143027,0.9071501293291512,True,4,8068,9642,d__Bacteria;p__Bacteroidota;c__Bacteroidia;o__Bacteroidales;f__Bacteroidaceae;g__Prevotella;s__Prevotella sp900548195
