intersect_bp,f_orig_query,f_match,f_unique_to_query,f_unique_weighted,average_abund,median_abund,std_abund,filename,name,md5,f_match_orig,unique_intersect_bp,gather_result_rank,remaining_bp,query_filename,query_name,query_md5,query_bp,ksize,moltype,scaled,query_n_hashes,query_abundance,query_containment_ani,match_containment_ani,average_containment_ani,max_containment_ani,potential_false_negative,n_unique_weighted_found,sum_weighted_found,total_weighted_hashes,lineage
1100000,0.09298393913778528,0.5851063829787234,0.09298393913778528,0.07014358805083347,3.8636363636363638,3.0,3.9184349211649487,/group/ctbrowngrp5/sourmash-db.new/gtdb-rs226/gtdb-rs226-k51.dna.rocksdb,GCF_027683005.1 Holdemanella porci,13fcb172b92ef55a3f6332274ecfdf07,0.5851063829787234,1100000,0,10730000,outputs.mapping/bams.cds.rand/SRR14369136.x.s__Holdemanella porci.fastq.gz,SRR14369136.x.s__Holdemanella porci,a1ade7d9,11830000,51,DNA,10000,1183,True,0.9544929054421065,0.9895459762236201,0.9720194408328633,0.9895459762236201,False,425,425,6059,d__Bacteria;p__Bacillota;c__Bacilli;o__Erysipelotrichales;f__Erysipelotrichaceae;g__Holdemanella;s__Holdemanella porci
310000,0.026204564666103127,0.00013232594869168053,0.026204564666103127,0.005446443307476481,1.064516129032258,1.0,0.2456701001891583,/group/ctbrowngrp5/sourmash-db.new/ncbi-euks-2025.01/ncbi-euks-all-2025.01-k51.dna.rocksdb,GCF_000003025.6 pig (Sus scrofa),2edac3821d65091319e98478f22e942c,0.00013232594869168053,310000,1,10420000,outputs.mapping/bams.cds.rand/SRR14369136.x.s__Holdemanella porci.fastq.gz,SRR14369136.x.s__Holdemanella porci,a1ade7d9,11830000,51,DNA,10000,1183,True,0.9310816838178766,0.8393707360861716,0.8852262099520241,0.9310816838178766,False,33,458,6059,Eukaryota;Chordata;Mammalia;Artiodactyla;Suidae;Sus;Sus scrofa;unclassified Sus scrofa subspecies/strain
980000,0.08284023668639054,0.1509433962264151,0.02028740490278952,0.009242449249050998,2.3333333333333335,2.0,1.4624940645653537,/group/ctbrowngrp5/sourmash-db.new/gtdb-rs226/gtdb-rs226-k51.dna.rocksdb,GCF_036298905.1 Holdemanella sp.,e0edcb9d426f87906c18336df5f4abf2,0.6163522012578616,240000,2,10180000,outputs.mapping/bams.cds.rand/SRR14369136.x.s__Holdemanella porci.fastq.gz,SRR14369136.x.s__Holdemanella porci,a1ade7d9,11830000,51,DNA,10000,1183,True,0.9523334649996877,0.9905559227123673,0.9714446938560275,0.9905559227123673,False,56,514,6059,d__Bacteria;p__Bacillota;c__Bacilli;o__Erysipelotrichales;f__Erysipelotrichaceae;g__Holdemanella;s__Holdemanella porci
950000,0.08030431107354184,0.0783132530120482,0.01098901098901099,0.005281399570886285,2.4615384615384617,2.0,1.5499570522776833,/group/ctbrowngrp5/sourmash-db.new/gtdb-rs226/gtdb-rs226-k51.dna.rocksdb,GCF_009696075.1 Holdemanella porci,a84000c7ef58f47f4eafd654fbfc98c6,0.572289156626506,130000,3,10050000,outputs.mapping/bams.cds.rand/SRR14369136.x.s__Holdemanella porci.fastq.gz,SRR14369136.x.s__Holdemanella porci,a1ade7d9,11830000,51,DNA,10000,1183,True,0.9517530810122927,0.9891163097204422,0.9704346953663674,0.9891163097204422,False,32,546,6059,d__Bacteria;p__Bacillota;c__Bacilli;o__Erysipelotrichales;f__Erysipelotrichaceae;g__Holdemanella;s__Holdemanella porci
1050000,0.08875739644970414,0.0641025641025641,0.0084530853761623,0.004951312097705892,3.0,2.0,2.792848008753788,/group/ctbrowngrp5/sourmash-db.new/gtdb-rs226/gtdb-rs226-k51.dna.rocksdb,GCA_034172225.1 Holdemanella porci,e534a57ba7fbc4ee344c1a5ab1f36480,0.6730769230769231,100000,4,9950000,outputs.mapping/bams.cds.rand/SRR14369136.x.s__Holdemanella porci.fastq.gz,SRR14369136.x.s__Holdemanella porci,a1ade7d9,11830000,51,DNA,10000,1183,True,0.9536226548583445,0.9922673916912327,0.9729450232747886,0.9922673916912327,False,30,576,6059,d__Bacteria;p__Bacillota;c__Bacilli;o__Erysipelotrichales;f__Erysipelotrichaceae;g__Holdemanella;s__Holdemanella porci
90000,0.0076077768385460695,0.036885245901639344,0.0076077768385460695,0.00874731803928041,5.888888888888889,4.0,4.280302285390716,/group/ctbrowngrp5/sourmash-db.new/gtdb-rs226/gtdb-rs226-k51.dna.rocksdb,GCF_902362575.1 Catenibacterium mitsuokai,c152f5a66b9ecf767b94aef6757699e6,0.036885245901639344,90000,5,9860000,outputs.mapping/bams.cds.rand/SRR14369136.x.s__Holdemanella porci.fastq.gz,SRR14369136.x.s__Holdemanella porci,a1ade7d9,11830000,51,DNA,10000,1183,True,0.9087742954925245,0.9373441476998047,0.9230592215961646,0.9373441476998047,False,53,629,6059,d__Bacteria;p__Bacillota;c__Bacilli;o__Erysipelotrichales;f__Coprobacillaceae;g__Catenibacterium;s__Catenibacterium mitsuokai_A
90000,0.0076077768385460695,0.05921052631578947,0.0076077768385460695,0.1326951642185179,89.33333333333333,89.0,18.743887892679396,/group/ctbrowngrp5/sourmash-db.new/gtdb-rs226/gtdb-rs226-k51.dna.rocksdb,GCA_022763865.1 Mollicutes bacterium,141030705e7e096dae13819b5c6738a4,0.05921052631578947,90000,6,9770000,outputs.mapping/bams.cds.rand/SRR14369136.x.s__Holdemanella porci.fastq.gz,SRR14369136.x.s__Holdemanella porci,a1ade7d9,11830000,51,DNA,10000,1183,True,0.9087742954925245,0.9460833307432119,0.9274288131178683,0.9460833307432119,False,804,1433,6059,d__Bacteria;p__Bacillota;c__Bacilli;o__RFN20;f__CAG-826;g__Onthovivens;s__Onthovivens sp016302065
110000,0.009298393913778529,0.0425531914893617,0.006762468300929839,0.0023106123122627496,1.75,1.0,1.299038105676658,/group/ctbrowngrp5/sourmash-db.new/gtdb-rs226/gtdb-rs226-k51.dna.rocksdb,GCF_009696175.1 Floccifex porci,c0c98ae7b22c52db7628aa582163ba23,0.05851063829787234,80000,7,9690000,outputs.mapping/bams.cds.rand/SRR14369136.x.s__Holdemanella porci.fastq.gz,SRR14369136.x.s__Holdemanella porci,a1ade7d9,11830000,51,DNA,10000,1183,True,0.9123571115168803,0.9458627753365662,0.9291099434267232,0.9458627753365662,False,14,1447,6059,d__Bacteria;p__Bacillota;c__Bacilli;o__Erysipelotrichales;f__Erysipelotrichaceae;g__Floccifex;s__Floccifex porci
950000,0.08030431107354184,0.051470588235294115,0.005917159763313609,0.002475656048852946,2.142857142857143,1.0,1.5518257844571737,/group/ctbrowngrp5/sourmash-db.new/gtdb-rs226/gtdb-rs226-k51.dna.rocksdb,GCF_022782705.1 Holdemanella sp.,d3031c97ea482738f770e467d059b990,0.6985294117647058,70000,8,9620000,outputs.mapping/bams.cds.rand/SRR14369136.x.s__Holdemanella porci.fastq.gz,SRR14369136.x.s__Holdemanella porci,a1ade7d9,11830000,51,DNA,10000,1183,True,0.9517530810122927,0.9929898240928483,0.9723714525525705,0.9929898240928483,False,15,1462,6059,d__Bacteria;p__Bacillota;c__Bacilli;o__Erysipelotrichales;f__Erysipelotrichaceae;g__Holdemanella;s__Holdemanella porci
70000,0.005917159763313609,0.03139013452914798,0.005917159763313609,0.06255157616768443,54.142857142857146,4.0,101.43038227759764,/group/ctbrowngrp5/sourmash-db.new/gtdb-rs226/gtdb-rs226-k51.dna.rocksdb,GCF_025194575.1 Lactobacillus amylovorus,8d0ab92d4ebd867d0a1c157439c53304,0.03139013452914798,70000,9,9550000,outputs.mapping/bams.cds.rand/SRR14369136.x.s__Holdemanella porci.fastq.gz,SRR14369136.x.s__Holdemanella porci,a1ade7d9,11830000,51,DNA,10000,1183,True,0.9043071131825837,0.9343839209448912,0.9193455170637375,0.9343839209448912,False,379,1841,6059,d__Bacteria;p__Bacillota;c__Bacilli;o__Lactobacillales;f__Lactobacillaceae;g__Lactobacillus;s__Lactobacillus amylovorus
70000,0.005917159763313609,0.017543859649122806,0.005917159763313609,0.04703746492820597,40.714285714285715,9.0,84.70741962057107,/group/ctbrowngrp5/sourmash-db.new/gtdb-rs226/gtdb-rs226-k51.dna.rocksdb,GCA_902385435.1 Oscillospiraceae bacterium,4db09cf07e30a57f38626a68f81e6630,0.017543859649122806,70000,10,9480000,outputs.mapping/bams.cds.rand/SRR14369136.x.s__Holdemanella porci.fastq.gz,SRR14369136.x.s__Holdemanella porci,a1ade7d9,11830000,51,DNA,10000,1183,True,0.9043071131825837,0.9237853726019886,0.9140462428922862,0.9237853726019886,False,285,2126,6059,d__Bacteria;p__Bacillota;c__Clostridia;o__Lachnospirales;f__Lachnospiraceae;g__Sellimonas;s__Sellimonas catena
510000,0.04311073541842773,0.03,0.00507185122569738,0.0026406997854431426,2.6666666666666665,2.5,1.4907119849998598,/group/ctbrowngrp5/sourmash-db.new/gtdb-rs226/gtdb-rs226-k51.dna.rocksdb,GCF_037333165.1 Holdemanella sp.,398390f65ede3ba3ee783ab57870140e,0.255,60000,11,9420000,outputs.mapping/bams.cds.rand/SRR14369136.x.s__Holdemanella porci.fastq.gz,SRR14369136.x.s__Holdemanella porci,a1ade7d9,11830000,51,DNA,10000,1183,True,0.940214977850841,0.97356181785434,0.9568883978525905,0.97356181785434,False,16,2142,6059,d__Bacteria;p__Bacillota;c__Bacilli;o__Erysipelotrichales;f__Erysipelotrichaceae;g__Holdemanella;s__Holdemanella sp900556915
50000,0.00422654268808115,0.015873015873015872,0.00422654268808115,0.0029707872586235353,3.6,1.0,3.8781438859330635,/group/ctbrowngrp5/sourmash-db.new/gtdb-rs226/gtdb-rs226-k51.dna.rocksdb,GCA_028727045.1 Lachnospiraceae bacterium,1fa4a523766f9aee9cac3c30ff79928c,0.015873015873015872,50000,12,9370000,outputs.mapping/bams.cds.rand/SRR14369136.x.s__Holdemanella porci.fastq.gz,SRR14369136.x.s__Holdemanella porci,a1ade7d9,11830000,51,DNA,10000,1183,True,0.8983605893231745,0.9219742946423962,0.9101674419827854,0.9219742946423962,True,18,2160,6059,d__Bacteria;p__Bacillota;c__Clostridia;o__Lachnospirales;f__Lachnospiraceae;g__Suilimivivens;s__Suilimivivens sp017622575
60000,0.00507185122569738,0.014619883040935672,0.00422654268808115,0.007096880673378445,8.6,6.0,8.93532316147547,/group/ctbrowngrp5/sourmash-db.new/gtdb-rs226/gtdb-rs226-k51.dna.rocksdb,GCF_022135875.1 Dorea formicigenerans,1c5324b10ae0c7d7e44100aa297e523b,0.017543859649122806,50000,13,9320000,outputs.mapping/bams.cds.rand/SRR14369136.x.s__Holdemanella porci.fastq.gz,SRR14369136.x.s__Holdemanella porci,a1ade7d9,11830000,51,DNA,10000,1183,True,0.90157791521316,0.9237853726019886,0.9126816439075742,0.9237853726019886,True,43,2203,6059,d__Bacteria;p__Bacillota;c__Clostridia;o__Lachnospirales;f__Lachnospiraceae;g__Dorea;s__Dorea formicigenerans
50000,0.00422654268808115,0.012106537530266344,0.00422654268808115,0.05694008912361776,69.0,2.0,127.59937303921207,/group/ctbrowngrp5/sourmash-db.new/gtdb-rs226/gtdb-rs226-k51.dna.rocksdb,GCF_003470035.1 Roseburia inulinivorans,e801bd47c666d444e5fdca88759a6f05,0.012106537530266344,50000,14,9270000,outputs.mapping/bams.cds.rand/SRR14369136.x.s__Holdemanella porci.fastq.gz,SRR14369136.x.s__Holdemanella porci,a1ade7d9,11830000,51,DNA,10000,1183,True,0.8983605893231745,0.9170904181848001,0.9077255037539873,0.9170904181848001,True,345,2548,6059,d__Bacteria;p__Bacillota;c__Clostridia;o__Lachnospirales;f__Lachnospiraceae;g__Roseburia;s__Roseburia inulinivorans
50000,0.00422654268808115,0.024154589371980676,0.00422654268808115,0.0023106123122627496,2.8,3.0,1.16619037896906,/group/ctbrowngrp5/sourmash-db.new/gtdb-rs226/gtdb-rs226-k51.dna.rocksdb,GCA_022771005.1 Solobacterium sp.,4e656f84c6540468ff648902b3297776,0.024154589371980676,50000,15,9220000,outputs.mapping/bams.cds.rand/SRR14369136.x.s__Holdemanella porci.fastq.gz,SRR14369136.x.s__Holdemanella porci,a1ade7d9,11830000,51,DNA,10000,1183,True,0.8983605893231745,0.9295957102937364,0.9139781498084555,0.9295957102937364,True,14,2562,6059,d__Bacteria;p__Bacillota;c__Bacilli;o__Erysipelotrichales;f__Erysipelotrichaceae;g__Colivicinus;s__Colivicinus sp022776215
900000,0.0760777683854607,0.02531645569620253,0.0033812341504649195,0.0023106123122627496,3.5,3.5,1.8027756377319946,/group/ctbrowngrp5/sourmash-db.new/gtdb-rs226/gtdb-rs226-k51.dna.rocksdb,GCA_017850715.1 Eubacterium sp.,1e3dc76f8f9307a21976f135b3d821fa,0.569620253164557,40000,16,9180000,outputs.mapping/bams.cds.rand/SRR14369136.x.s__Holdemanella porci.fastq.gz,SRR14369136.x.s__Holdemanella porci,a1ade7d9,11830000,51,DNA,10000,1183,True,0.9507446226331238,0.9890256552377501,0.9698851389354369,0.9890256552377501,False,14,2576,6059,d__Bacteria;p__Bacillota;c__Bacilli;o__Erysipelotrichales;f__Erysipelotrichaceae;g__Holdemanella;s__Holdemanella porci
80000,0.006762468300929839,0.010958904109589041,0.0033812341504649195,0.0028057435220333387,4.25,2.0,4.493050188902857,/group/ctbrowngrp5/sourmash-db.new/gtdb-rs226/gtdb-rs226-k51.dna.rocksdb,GCA_022782435.1 Lachnospiraceae bacterium,5c2ffea3e1ece2c92b660a036b998227,0.021917808219178082,40000,17,9140000,outputs.mapping/bams.cds.rand/SRR14369136.x.s__Holdemanella porci.fastq.gz,SRR14369136.x.s__Holdemanella porci,a1ade7d9,11830000,51,DNA,10000,1183,True,0.9066779290312256,0.9278261535586096,0.9172520412949177,0.9278261535586096,False,17,2593,6059,d__Bacteria;p__Bacillota;c__Clostridia;o__Lachnospirales;f__Lachnospiraceae;g__Schaedlerella;s__Schaedlerella sp004556565
80000,0.006762468300929839,0.024390243902439025,0.0033812341504649195,0.0034659184683941244,5.25,5.0,1.0897247358851685,/group/ctbrowngrp5/sourmash-db.new/gtdb-rs226/gtdb-rs226-k51.dna.rocksdb,GCF_028724705.1 Floccifex porci,e8a95a1b9fb11040f1612d60c632d7fd,0.04878048780487805,40000,18,9100000,outputs.mapping/bams.cds.rand/SRR14369136.x.s__Holdemanella porci.fastq.gz,SRR14369136.x.s__Holdemanella porci,a1ade7d9,11830000,51,DNA,10000,1183,True,0.9066779290312256,0.942495610113451,0.9245867695723382,0.942495610113451,False,21,2614,6059,d__Bacteria;p__Bacillota;c__Bacilli;o__Erysipelotrichales;f__Erysipelotrichaceae;g__Floccifex;s__Floccifex porci
40000,0.0033812341504649195,0.008797653958944282,0.00253592561284869,0.0013203498927215713,2.6666666666666665,2.0,1.699673171197595,/group/ctbrowngrp5/sourmash-db.new/gtdb-rs226/gtdb-rs226-k51.dna.rocksdb,GCF_009875695.1 Dorea longicatena,a6d301e6b451226c086d857c64b4aca7,0.011730205278592375,30000,19,9070000,outputs.mapping/bams.cds.rand/SRR14369136.x.s__Holdemanella porci.fastq.gz,SRR14369136.x.s__Holdemanella porci,a1ade7d9,11830000,51,DNA,10000,1183,True,0.894438521458813,0.9165227453081725,0.9054806333834927,0.9165227453081725,True,8,2622,6059,d__Bacteria;p__Bacillota;c__Clostridia;o__Lachnospirales;f__Lachnospiraceae;g__Dorea_A;s__Dorea_A longicatena
40000,0.0033812341504649195,0.015706806282722512,0.00253592561284869,0.0006601749463607857,1.3333333333333333,1.0,0.4714045207910317,/group/ctbrowngrp5/sourmash-db.new/gtdb-rs226/gtdb-rs226-k51.dna.rocksdb,GCA_946408715.1 uncultured Erysipelotrichaceae bacterium,3cbd59df077e9caec5d669bd275efd90,0.020942408376963352,30000,20,9040000,outputs.mapping/bams.cds.rand/SRR14369136.x.s__Holdemanella porci.fastq.gz,SRR14369136.x.s__Holdemanella porci,a1ade7d9,11830000,51,DNA,10000,1183,True,0.894438521458813,0.926998333533664,0.9107184274962385,0.926998333533664,True,4,2626,6059,d__Bacteria;p__Bacillota;c__Bacilli;o__Erysipelotrichales;f__Erysipelotrichaceae;g__Bulleidia;s__Bulleidia sp900539965
30000,0.00253592561284869,0.016216216216216217,0.00253592561284869,0.0026406997854431426,5.333333333333333,6.0,3.2998316455372216,/group/ctbrowngrp5/sourmash-db.new/gtdb-rs226/gtdb-rs226-k51.dna.rocksdb,GCA_004558595.1 Phascolarctobacterium sp.,82f5ae137c37969242b7840b4f05f8d0,0.016216216216216217,30000,21,9010000,outputs.mapping/bams.cds.rand/SRR14369136.x.s__Holdemanella porci.fastq.gz,SRR14369136.x.s__Holdemanella porci,a1ade7d9,11830000,51,DNA,10000,1183,True,0.889407353639691,0.9223610841315945,0.9058842188856427,0.9223610841315945,True,16,2642,6059,d__Bacteria;p__Bacillota;c__Negativicutes;o__Acidaminococcales;f__Acidaminococcaceae;g__Phascolarctobacterium_A;s__Phascolarctobacterium_A sp004558595
40000,0.0033812341504649195,0.015306122448979591,0.00253592561284869,0.0006601749463607857,1.3333333333333333,1.0,0.4714045207910317,/group/ctbrowngrp5/sourmash-db.new/gtdb-rs226/gtdb-rs226-k51.dna.rocksdb,GCF_003725415.1 Absicoccus porci,7adac8e22728fc858c50f97991f19c39,0.02040816326530612,30000,22,8980000,outputs.mapping/bams.cds.rand/SRR14369136.x.s__Holdemanella porci.fastq.gz,SRR14369136.x.s__Holdemanella porci,a1ade7d9,11830000,51,DNA,10000,1183,True,0.894438521458813,0.9265287509760987,0.9104836362174558,0.9265287509760987,True,4,2646,6059,d__Bacteria;p__Bacillota;c__Bacilli;o__Erysipelotrichales;f__Erysipelotrichaceae;g__Absicoccus;s__Absicoccus porci
30000,0.00253592561284869,0.011857707509881422,0.00253592561284869,0.004621224624525499,9.333333333333334,3.0,9.672412085697939,/group/ctbrowngrp5/sourmash-db.new/gtdb-rs226/gtdb-rs226-k51.dna.rocksdb,GCA_036303165.1 Sodaliphilus sp.,9795f6ea9fc1f16bd4a3075b1b2e22ab,0.011857707509881422,30000,23,8950000,outputs.mapping/bams.cds.rand/SRR14369136.x.s__Holdemanella porci.fastq.gz,SRR14369136.x.s__Holdemanella porci,a1ade7d9,11830000,51,DNA,10000,1183,True,0.889407353639691,0.9167170492448745,0.9030622014422828,0.9167170492448745,True,28,2674,6059,d__Bacteria;p__Bacteroidota;c__Bacteroidia;o__Bacteroidales;f__Muribaculaceae;g__Sodaliphilus;s__Sodaliphilus sp004557565
50000,0.00422654268808115,0.007352941176470588,0.00253592561284869,0.0026406997854431426,5.333333333333333,5.0,2.0548046676563256,/group/ctbrowngrp5/sourmash-db.new/gtdb-rs226/gtdb-rs226-k51.dna.rocksdb,GCF_040920965.1 Blautia wexlerae,03353be80adbfcb77ea4d9a3e0911fe4,0.012254901960784314,30000,24,8920000,outputs.mapping/bams.cds.rand/SRR14369136.x.s__Holdemanella porci.fastq.gz,SRR14369136.x.s__Holdemanella porci,a1ade7d9,11830000,51,DNA,10000,1183,True,0.8983605893231745,0.9173094746395949,0.9078350319813847,0.9173094746395949,True,16,2690,6059,d__Bacteria;p__Bacillota;c__Clostridia;o__Lachnospirales;f__Lachnospiraceae;g__Blautia_A;s__Blautia_A wexlerae
30000,0.00253592561284869,0.016853932584269662,0.00253592561284869,0.039115365571876545,79.0,31.0,89.93330862366847,/group/ctbrowngrp5/sourmash-db.new/gtdb-rs226/gtdb-rs226-k51.dna.rocksdb,GCA_958449105.1 uncultured Firmicutes bacterium,4b24e06ddcfa38a1124360065eaba9b8,0.016853932584269662,30000,25,8890000,outputs.mapping/bams.cds.rand/SRR14369136.x.s__Holdemanella porci.fastq.gz,SRR14369136.x.s__Holdemanella porci,a1ade7d9,11830000,51,DNA,10000,1183,True,0.889407353639691,0.9230589473193987,0.9062331504795449,0.9230589473193987,True,237,2927,6059,d__Bacteria;p__Bacillota;c__Clostridia;o__Christensenellales;f__CAG-917;g__CAG-475;s__CAG-475 sp000434435
30000,0.00253592561284869,0.01764705882352941,0.00253592561284869,0.0013203498927215713,2.6666666666666665,2.0,1.699673171197595,/group/ctbrowngrp5/sourmash-db.new/gtdb-rs226/gtdb-rs226-k51.dna.rocksdb,GCA_022786505.1 Erysipelotrichaceae bacterium,0111a69362f1741de16aace1a9872c93,0.01764705882352941,30000,26,8860000,outputs.mapping/bams.cds.rand/SRR14369136.x.s__Holdemanella porci.fastq.gz,SRR14369136.x.s__Holdemanella porci,a1ade7d9,11830000,51,DNA,10000,1183,True,0.889407353639691,0.9238916161925452,0.9066494849161182,0.9238916161925452,True,8,2935,6059,d__Bacteria;p__Bacillota;c__Bacilli;o__Erysipelotrichales;f__Erysipelotrichaceae;g__Bulleidia;s__Bulleidia sp900539965
910000,0.07692307692307693,0.017857142857142856,0.00253592561284869,0.000825218682950982,1.6666666666666667,2.0,0.4714045207910317,/group/ctbrowngrp5/sourmash-db.new/gtdb-rs226/gtdb-rs226-k51.dna.rocksdb,GCA_963594635.1 Lachnospiraceae bacterium,f0ee3214b537bb9ff2f93c5a7dfe4739,0.5416666666666666,30000,27,8830000,outputs.mapping/bams.cds.rand/SRR14369136.x.s__Holdemanella porci.fastq.gz,SRR14369136.x.s__Holdemanella porci,a1ade7d9,11830000,51,DNA,10000,1183,True,0.950950636564582,0.9880503150854598,0.969500475825021,0.9880503150854598,False,5,2940,6059,d__Bacteria;p__Bacillota;c__Bacilli;o__Erysipelotrichales;f__Erysipelotrichaceae;g__Holdemanella;s__Holdemanella porci
50000,0.00422654268808115,0.012396694214876033,0.00253592561284869,0.0029707872586235353,6.0,5.0,4.546060565661952,/group/ctbrowngrp5/sourmash-db.new/gtdb-rs226/gtdb-rs226-k51.dna.rocksdb,GCF_039062835.1 Catenibacterium mitsuokai,f5288d8d815f76bac2d7c634507d9ffc,0.02066115702479339,30000,28,8800000,outputs.mapping/bams.cds.rand/SRR14369136.x.s__Holdemanella porci.fastq.gz,SRR14369136.x.s__Holdemanella porci,a1ade7d9,11830000,51,DNA,10000,1183,True,0.8983605893231745,0.9267526070930369,0.9125565982081056,0.9267526070930369,True,18,2958,6059,d__Bacteria;p__Bacillota;c__Bacilli;o__Erysipelotrichales;f__Coprobacillaceae;g__Catenibacterium;s__Catenibacterium mitsuokai_A
30000,0.00253592561284869,0.015544041450777202,0.00253592561284869,0.060240963855421686,121.66666666666667,6.0,167.1253687771216,/group/ctbrowngrp5/sourmash-db.new/gtdb-rs226/gtdb-rs226-k51.dna.rocksdb,GCF_003413665.1 Limosilactobacillus reuteri,16e8be3d327ae7abb11676f92836c62b,0.015544041450777202,30000,29,8770000,outputs.mapping/bams.cds.rand/SRR14369136.x.s__Holdemanella porci.fastq.gz,SRR14369136.x.s__Holdemanella porci,a1ade7d9,11830000,51,DNA,10000,1183,True,0.889407353639691,0.9215957631946061,0.9055015584171486,0.9215957631946061,True,365,3323,6059,d__Bacteria;p__Bacillota;c__Bacilli;o__Lactobacillales;f__Lactobacillaceae;g__Limosilactobacillus;s__Limosilactobacillus reuteri
50000,0.00422654268808115,0.013953488372093023,0.00253592561284869,0.0004951312097705892,1.0,1.0,0.0,/group/ctbrowngrp5/sourmash-db.new/gtdb-rs226/gtdb-rs226-k51.dna.rocksdb,GCA_004553005.1 Lactobacillus johnsonii,04310c55990768ae046a80c70282e0ad,0.023255813953488372,30000,30,8740000,outputs.mapping/bams.cds.rand/SRR14369136.x.s__Holdemanella porci.fastq.gz,SRR14369136.x.s__Holdemanella porci,a1ade7d9,11830000,51,DNA,10000,1183,True,0.8983605893231745,0.9289047993714703,0.9136326943473224,0.9289047993714703,True,3,3326,6059,d__Bacteria;p__Bacillota;c__Bacilli;o__Lactobacillales;f__Lactobacillaceae;g__Lactobacillus;s__Lactobacillus sp910589675
30000,0.00253592561284869,0.011235955056179775,0.00253592561284869,0.002475656048852946,5.0,5.0,1.632993161855452,/group/ctbrowngrp5/sourmash-db.new/gtdb-rs226/gtdb-rs226-k51.dna.rocksdb,GCA_034089445.1 Bariatricus sp.,9d20418ff58b4b6be00dd7d677cf98ec,0.011235955056179775,30000,31,8710000,outputs.mapping/bams.cds.rand/SRR14369136.x.s__Holdemanella porci.fastq.gz,SRR14369136.x.s__Holdemanella porci,a1ade7d9,11830000,51,DNA,10000,1183,True,0.889407353639691,0.9157494500788544,0.9025784018592727,0.9157494500788544,True,15,3341,6059,d__Bacteria;p__Bacillota;c__Clostridia;o__Lachnospirales;f__Lachnospiraceae;g__Bariatricus;s__Bariatricus sp004560705
50000,0.00422654268808115,0.009836065573770493,0.00253592561284869,0.0009902624195411785,2.0,2.0,0.816496580927726,/group/ctbrowngrp5/sourmash-db.new/gtdb-rs226/gtdb-rs226-k51.dna.rocksdb,GCF_039832105.1 Dorea sp. YH-dor226,3c56cbfb20755d30fd6683468b687848,0.01639344262295082,30000,32,8680000,outputs.mapping/bams.cds.rand/SRR14369136.x.s__Holdemanella porci.fastq.gz,SRR14369136.x.s__Holdemanella porci,a1ade7d9,11830000,51,DNA,10000,1183,True,0.8983605893231745,0.9225576886638306,0.9104591389935026,0.9225576886638306,True,6,3347,6059,d__Bacteria;p__Bacillota;c__Clostridia;o__Lachnospirales;f__Lachnospiraceae;g__Dorea_A;s__Dorea_A sp016295505
30000,0.00253592561284869,0.009345794392523364,0.00253592561284869,0.005446443307476481,11.0,1.0,14.142135623730951,/group/ctbrowngrp5/sourmash-db.new/gtdb-rs226/gtdb-rs226-k51.dna.rocksdb,GCA_928721625.1 uncultured Clostridia bacterium,03d09a822b63d7e32103b77c236eb9a2,0.009345794392523364,30000,33,8650000,outputs.mapping/bams.cds.rand/SRR14369136.x.s__Holdemanella porci.fastq.gz,SRR14369136.x.s__Holdemanella porci,a1ade7d9,11830000,51,DNA,10000,1183,True,0.889407353639691,0.9124480790702567,0.9009277163549738,0.9124480790702567,True,33,3380,6059,d__Bacteria;p__Bacillota;c__Clostridia;o__Christensenellales;f__CAG-138;g__Phil1;s__Phil1 sp001940855
60000,0.00507185122569738,0.010101010101010102,0.00253592561284869,0.004291137151345106,8.666666666666666,3.0,9.46337971105226,/group/ctbrowngrp5/sourmash-db.new/gtdb-rs226/gtdb-rs226-k51.dna.rocksdb,GCF_009696065.1 Oliverpabstia intestinalis,73677b2e91ab00f52564bad2dbf630bb,0.020202020202020204,30000,34,8620000,outputs.mapping/bams.cds.rand/SRR14369136.x.s__Holdemanella porci.fastq.gz,SRR14369136.x.s__Holdemanella porci,a1ade7d9,11830000,51,DNA,10000,1183,True,0.90157791521316,0.926344328861196,0.9139611220371779,0.926344328861196,True,26,3406,6059,d__Bacteria;p__Bacillota;c__Clostridia;o__Lachnospirales;f__Lachnospiraceae;g__Oliverpabstia;s__Oliverpabstia intestinalis
30000,0.00253592561284869,1.10586032246887e-05,0.00253592561284869,0.0004951312097705892,1.0,1.0,0.0,/group/ctbrowngrp5/sourmash-db.new/ncbi-euks-2025.01/ncbi-euks-all-2025.01-k51.dna.rocksdb,GCA_016801955.1 Conus betulinus,3b77cf71b6085b318d1d0a03bd704ce4,1.10586032246887e-05,30000,35,8590000,outputs.mapping/bams.cds.rand/SRR14369136.x.s__Holdemanella porci.fastq.gz,SRR14369136.x.s__Holdemanella porci,a1ade7d9,11830000,51,DNA,10000,1183,True,0.889407353639691,0.799498498533415,0.844452926086553,0.889407353639691,True,3,3409,6059,Eukaryota;Mollusca;Gastropoda;Neogastropoda;Conidae;Conus;Conus betulinus;unclassified Conus betulinus subspecies/strain
30000,0.00253592561284869,0.007272727272727273,0.0016906170752324597,0.0004951312097705892,1.5,1.5,0.5,/group/ctbrowngrp5/sourmash-db.new/gtdb-rs226/gtdb-rs226-k51.dna.rocksdb,GCF_900240265.1 Galactobacillus timonensis,79491083893ba81e3570b6b1f450e522,0.01090909090909091,20000,36,8570000,outputs.mapping/bams.cds.rand/SRR14369136.x.s__Holdemanella porci.fastq.gz,SRR14369136.x.s__Holdemanella porci,a1ade7d9,11830000,51,DNA,10000,1183,True,0.889407353639691,0.9152195023515288,0.90231342799561,0.9152195023515288,True,3,3412,6059,d__Bacteria;p__Bacillota;c__Bacilli;o__Erysipelotrichales;f__Erysipelotrichaceae;g__Bulleidia;s__Bulleidia timonensis
20000,0.0016906170752324597,0.006711409395973154,0.0016906170752324597,0.0004951312097705892,1.5,1.5,0.5,/group/ctbrowngrp5/sourmash-db.new/gtdb-rs226/gtdb-rs226-k51.dna.rocksdb,GCA_021531195.1 Xylanibacter brevis,0dfb71efc6b6aab26f5e21fb08385525,0.006711409395973154,20000,37,8550000,outputs.mapping/bams.cds.rand/SRR14369136.x.s__Holdemanella porci.fastq.gz,SRR14369136.x.s__Holdemanella porci,a1ade7d9,11830000,51,DNA,10000,1183,True,0.8823643358389008,0.9065431998816279,0.8944537678602644,0.9065431998816279,True,3,3415,6059,d__Bacteria;p__Bacteroidota;c__Bacteroidia;o__Bacteroidales;f__Bacteroidaceae;g__Prevotella;s__Prevotella sp002251295
40000,0.0033812341504649195,0.010256410256410256,0.0016906170752324597,0.000825218682950982,2.5,2.5,0.5,/group/ctbrowngrp5/sourmash-db.new/gtdb-rs226/gtdb-rs226-k51.dna.rocksdb,GCA_902497095.1 uncultured Faecalicoccus sp.,2a1a5cb76bcf9bb4a9a1044f5a707275,0.020512820512820513,20000,38,8530000,outputs.mapping/bams.cds.rand/SRR14369136.x.s__Holdemanella porci.fastq.gz,SRR14369136.x.s__Holdemanella porci,a1ade7d9,11830000,51,DNA,10000,1183,True,0.894438521458813,0.9266216828487628,0.9105301021537879,0.9266216828487628,True,5,3420,6059,d__Bacteria;p__Bacillota;c__Bacilli;o__Erysipelotrichales;f__Erysipelotrichaceae;g__Faecalicoccus;s__Faecalicoccus sp902497095
20000,0.0016906170752324597,0.010362694300518135,0.0016906170752324597,0.000825218682950982,2.5,2.5,1.5,/group/ctbrowngrp5/sourmash-db.new/gtdb-rs226/gtdb-rs226-k51.dna.rocksdb,GCA_934246525.1 uncultured Clostridia bacterium,2fbd7ab5e67ceb37ff45738025c90d5f,0.010362694300518135,20000,39,8510000,outputs.mapping/bams.cds.rand/SRR14369136.x.s__Holdemanella porci.fastq.gz,SRR14369136.x.s__Holdemanella porci,a1ade7d9,11830000,51,DNA,10000,1183,True,0.8823643358389008,0.9142978525817129,0.8983310942103069,0.9142978525817129,True,5,3425,6059,d__Bacteria;p__Bacillota;c__Clostridia;o__Peptostreptococcales;f__Anaerovoracaceae;g__Mogibacterium_A;s__Mogibacterium_A kristiansenii
20000,0.0016906170752324597,0.011695906432748537,0.0016906170752324597,0.000825218682950982,2.5,2.5,1.5,/group/ctbrowngrp5/sourmash-db.new/gtdb-rs226/gtdb-rs226-k51.dna.rocksdb,GCA_034100825.1 Eggerthellaceae bacterium,308d9fd3fa8bf548a0181afd4c3f3355,0.011695906432748537,20000,40,8490000,outputs.mapping/bams.cds.rand/SRR14369136.x.s__Holdemanella porci.fastq.gz,SRR14369136.x.s__Holdemanella porci,a1ade7d9,11830000,51,DNA,10000,1183,True,0.8823643358389008,0.9164701229621918,0.8994172294005462,0.9164701229621918,True,5,3430,6059,d__Bacteria;p__Actinomycetota;c__Coriobacteriia;o__Coriobacteriales;f__Eggerthellaceae;g__W1P20-047;s__W1P20-047 sp004555335
20000,0.0016906170752324597,0.01015228426395939,0.0016906170752324597,0.00033008747318039283,1.0,1.0,0.0,/group/ctbrowngrp5/sourmash-db.new/gtdb-rs226/gtdb-rs226-k51.dna.rocksdb,GCA_905212905.1 uncultured Erysipelotrichaceae bacterium,b8e7cd00cb96fe0d8e6c7b9fe1cb81a9,0.01015228426395939,20000,41,8470000,outputs.mapping/bams.cds.rand/SRR14369136.x.s__Holdemanella porci.fastq.gz,SRR14369136.x.s__Holdemanella porci,a1ade7d9,11830000,51,DNA,10000,1183,True,0.8823643358389008,0.9139301719160373,0.8981472538774691,0.9139301719160373,True,2,3432,6059,d__Bacteria;p__Bacillota;c__Bacilli;o__RFN20;f__CAG-826;g__RUG131;s__RUG131 sp900549975
20000,0.0016906170752324597,0.006191950464396285,0.0016906170752324597,0.0056114870440666775,17.0,17.0,4.0,/group/ctbrowngrp5/sourmash-db.new/gtdb-rs226/gtdb-rs226-k51.dna.rocksdb,GCF_003428235.1 Adlercreutzia equolifaciens,a4dba60fdf2234b74fe3caffbe7eec5a,0.006191950464396285,20000,42,8450000,outputs.mapping/bams.cds.rand/SRR14369136.x.s__Holdemanella porci.fastq.gz,SRR14369136.x.s__Holdemanella porci,a1ade7d9,11830000,51,DNA,10000,1183,True,0.8823643358389008,0.9051123681684023,0.8937383520036516,0.9051123681684023,True,34,3466,6059,d__Bacteria;p__Actinomycetota;c__Coriobacteriia;o__Coriobacteriales;f__Eggerthellaceae;g__Adlercreutzia;s__Adlercreutzia equolifaciens
20000,0.0016906170752324597,0.009216589861751152,0.0016906170752324597,0.01931011718105298,58.5,58.5,49.5,/group/ctbrowngrp5/sourmash-db.new/gtdb-rs226/gtdb-rs226-k51.dna.rocksdb,GCA_004561455.1 bacterium,53ec677c015c1b83f30b1cf2b3f886a9,0.009216589861751152,20000,43,8430000,outputs.mapping/bams.cds.rand/SRR14369136.x.s__Holdemanella porci.fastq.gz,SRR14369136.x.s__Holdemanella porci,a1ade7d9,11830000,51,DNA,10000,1183,True,0.8823643358389008,0.9121990444611786,0.8972816901500398,0.9121990444611786,True,117,3583,6059,d__Bacteria;p__Bacteroidota;c__Bacteroidia;o__Bacteroidales;f__Paludibacteraceae;g__Aphodosoma;s__Aphodosoma sp900769035
20000,0.0016906170752324597,0.005115089514066497,0.0016906170752324597,0.0023106123122627496,7.0,7.0,6.0,/group/ctbrowngrp5/sourmash-db.new/gtdb-rs226/gtdb-rs226-k51.dna.rocksdb,GCA_037065325.1 Prevotella sp.,56bcecd5e88544965ab5bd5f778bb741,0.005115089514066497,20000,44,8410000,outputs.mapping/bams.cds.rand/SRR14369136.x.s__Holdemanella porci.fastq.gz,SRR14369136.x.s__Holdemanella porci,a1ade7d9,11830000,51,DNA,10000,1183,True,0.8823643358389008,0.9017279965022258,0.8920461661705633,0.9017279965022258,True,14,3597,6059,d__Bacteria;p__Bacteroidota;c__Bacteroidia;o__Bacteroidales;f__Bacteroidaceae;g__Prevotella;s__Prevotella sp900767615
20000,0.0016906170752324597,0.009523809523809525,0.0016906170752324597,0.0009902624195411785,3.0,3.0,1.0,/group/ctbrowngrp5/sourmash-db.new/gtdb-rs226/gtdb-rs226-k51.dna.rocksdb,GCA_034088345.1 Bulleidia sp.,a0ff6f35dee4c6b6729d8c746b5b3f46,0.009523809523809525,20000,45,8390000,outputs.mapping/bams.cds.rand/SRR14369136.x.s__Holdemanella porci.fastq.gz,SRR14369136.x.s__Holdemanella porci,a1ade7d9,11830000,51,DNA,10000,1183,True,0.8823643358389008,0.9127857201967318,0.8975750280178163,0.9127857201967318,True,6,3603,6059,d__Bacteria;p__Bacillota;c__Bacilli;o__Erysipelotrichales;f__Erysipelotrichaceae;g__Bulleidia;s__Bulleidia sp905194705
20000,0.0016906170752324597,0.014184397163120567,0.0016906170752324597,0.001980524839082357,6.0,6.0,4.0,/group/ctbrowngrp5/sourmash-db.new/gtdb-rs226/gtdb-rs226-k51.dna.rocksdb,GCA_958351925.1 uncultured Firmicutes bacterium,7a1753755296a0480b153370d56c28cd,0.014184397163120567,20000,46,8370000,outputs.mapping/bams.cds.rand/SRR14369136.x.s__Holdemanella porci.fastq.gz,SRR14369136.x.s__Holdemanella porci,a1ade7d9,11830000,51,DNA,10000,1183,True,0.8823643358389008,0.9199431664298017,0.9011537511343513,0.9199431664298017,True,12,3615,6059,d__Bacteria;p__Bacillota;c__Bacilli;o__RF39;f__UBA660;g__CAG-914;s__CAG-914 sp000437895
20000,0.0016906170752324597,0.006329113924050633,0.0016906170752324597,0.0013203498927215713,4.0,4.0,0.0,/group/ctbrowngrp5/sourmash-db.new/gtdb-rs226/gtdb-rs226-k51.dna.rocksdb,GCA_034178145.1 Roseburia sp.,cc77ed57691eea7a02ecc0d766452244,0.006329113924050633,20000,47,8350000,outputs.mapping/bams.cds.rand/SRR14369136.x.s__Holdemanella porci.fastq.gz,SRR14369136.x.s__Holdemanella porci,a1ade7d9,11830000,51,DNA,10000,1183,True,0.8823643358389008,0.9055012970243063,0.8939328164316036,0.9055012970243063,True,8,3623,6059,d__Bacteria;p__Bacillota;c__Clostridia;o__Lachnospirales;f__Lachnospiraceae;g__Roseburia;s__Roseburia sp001940165
20000,0.0016906170752324597,0.0064516129032258064,0.0016906170752324597,0.000825218682950982,2.5,2.5,0.5,/group/ctbrowngrp5/sourmash-db.new/gtdb-rs226/gtdb-rs226-k51.dna.rocksdb,GCA_027690555.1 Lachnospiraceae bacterium TF08-3AC,4a705b1cabdbb79911dc0aba78cfd5a6,0.0064516129032258064,20000,48,8330000,outputs.mapping/bams.cds.rand/SRR14369136.x.s__Holdemanella porci.fastq.gz,SRR14369136.x.s__Holdemanella porci,a1ade7d9,11830000,51,DNA,10000,1183,True,0.8823643358389008,0.9058417214684041,0.8941030286536524,0.9058417214684041,True,5,3628,6059,d__Bacteria;p__Bacillota;c__Clostridia;o__Lachnospirales;f__Lachnospiraceae;g__Butyribacter;s__Butyribacter sp000436755
20000,0.0016906170752324597,0.008,0.0016906170752324597,0.0018154811024921605,5.5,5.5,2.5,/group/ctbrowngrp5/sourmash-db.new/gtdb-rs226/gtdb-rs226-k51.dna.rocksdb,GCA_034104085.1 Bacteroidales bacterium,6aa1a2d6efd0e28f66d71c6fdb28bbbc,0.008,20000,49,8310000,outputs.mapping/bams.cds.rand/SRR14369136.x.s__Holdemanella porci.fastq.gz,SRR14369136.x.s__Holdemanella porci,a1ade7d9,11830000,51,DNA,10000,1183,True,0.8823643358389008,0.9096705132580012,0.896017424548451,0.9096705132580012,True,11,3639,6059,d__Bacteria;p__Bacteroidota;c__Bacteroidia;o__Bacteroidales;f__Marinilabiliaceae;g__W3P20-009;s__W3P20-009 sp022768325
20000,0.0016906170752324597,0.005571030640668524,0.0016906170752324597,0.000825218682950982,2.5,2.5,0.5,/group/ctbrowngrp5/sourmash-db.new/gtdb-rs226/gtdb-rs226-k51.dna.rocksdb,GCA_008667415.1 Subdoligranulum sp.,b17c438bf438bde6252d93fa2628a11c,0.005571030640668524,20000,50,8290000,outputs.mapping/bams.cds.rand/SRR14369136.x.s__Holdemanella porci.fastq.gz,SRR14369136.x.s__Holdemanella porci,a1ade7d9,11830000,51,DNA,10000,1183,True,0.8823643358389008,0.9032389511725633,0.892801643505732,0.9032389511725633,True,5,3644,6059,d__Bacteria;p__Bacillota;c__Clostridia;o__Oscillospirales;f__Ruminococcaceae;g__Gemmiger;s__Gemmiger qucibialis
30000,0.00253592561284869,0.007462686567164179,0.0016906170752324597,0.0009902624195411785,3.0,3.0,1.0,/group/ctbrowngrp5/sourmash-db.new/gtdb-rs226/gtdb-rs226-k51.dna.rocksdb,GCA_028721245.1 Lachnospiraceae bacterium,b690bb2f0d3fb951a00a1b6e2c802787,0.011194029850746268,20000,51,8270000,outputs.mapping/bams.cds.rand/SRR14369136.x.s__Holdemanella porci.fastq.gz,SRR14369136.x.s__Holdemanella porci,a1ade7d9,11830000,51,DNA,10000,1183,True,0.889407353639691,0.9156823277072279,0.9025448406734595,0.9156823277072279,True,6,3650,6059,d__Bacteria;p__Bacillota;c__Clostridia;o__Lachnospirales;f__Lachnospiraceae;g__Choladousia;s__Choladousia sp022776305
20000,0.0016906170752324597,0.016,0.0016906170752324597,0.0011553061561313748,3.5,3.5,1.5,/group/ctbrowngrp5/sourmash-db.new/gtdb-rs226/gtdb-rs226-k51.dna.rocksdb,GCA_022772105.1 Erysipelotrichaceae bacterium,53034fff1ef889771f43af366dd8f339,0.016,20000,52,8250000,outputs.mapping/bams.cds.rand/SRR14369136.x.s__Holdemanella porci.fastq.gz,SRR14369136.x.s__Holdemanella porci,a1ade7d9,11830000,51,DNA,10000,1183,True,0.8823643358389008,0.9221183538879099,0.9022413448634053,0.9221183538879099,True,7,3657,6059,d__Bacteria;p__Bacillota;c__Bacilli;o__RFN20;f__CAG-449;g__UBA3210;s__UBA3210 sp022772105
30000,0.00253592561284869,0.005952380952380952,0.0016906170752324597,0.0004951312097705892,1.5,1.5,0.5,/group/ctbrowngrp5/sourmash-db.new/gtdb-rs226/gtdb-rs226-k51.dna.rocksdb,GCF_004123145.1 Blautia faecicola,aebd2d7ffb499bdcdd21e8d84a624740,0.008928571428571428,20000,53,8230000,outputs.mapping/bams.cds.rand/SRR14369136.x.s__Holdemanella porci.fastq.gz,SRR14369136.x.s__Holdemanella porci,a1ade7d9,11830000,51,DNA,10000,1183,True,0.889407353639691,0.9116313558407262,0.9005193547402086,0.9116313558407262,True,3,3660,6059,d__Bacteria;p__Bacillota;c__Clostridia;o__Lachnospirales;f__Lachnospiraceae;g__Oliverpabstia;s__Oliverpabstia faecicola
20000,0.0016906170752324597,0.005390835579514825,0.0016906170752324597,0.00033008747318039283,1.0,1.0,0.0,/group/ctbrowngrp5/sourmash-db.new/gtdb-rs226/gtdb-rs226-k51.dna.rocksdb,GCF_021531135.1 Segatella hominis,fbfb9fa1cd55529571913ff882c8b132,0.005390835579514825,20000,54,8210000,outputs.mapping/bams.cds.rand/SRR14369136.x.s__Holdemanella porci.fastq.gz,SRR14369136.x.s__Holdemanella porci,a1ade7d9,11830000,51,DNA,10000,1183,True,0.8823643358389008,0.9026568211487351,0.892510578493818,0.9026568211487351,True,2,3662,6059,d__Bacteria;p__Bacteroidota;c__Bacteroidia;o__Bacteroidales;f__Bacteroidaceae;g__Prevotella;s__Prevotella sp945863825
960000,0.08114961961115807,0.014184397163120567,0.0016906170752324597,0.0014853936293117676,4.5,4.5,3.5,/group/ctbrowngrp5/sourmash-db.new/gtdb-rs226/gtdb-rs226-k51.dna.rocksdb,GCA_958426875.1 uncultured Erysipelotrichaceae bacterium,6858edbefbe420750c9fc022aea87106,0.6808510638297872,20000,55,8190000,outputs.mapping/bams.cds.rand/SRR14369136.x.s__Holdemanella porci.fastq.gz,SRR14369136.x.s__Holdemanella porci,a1ade7d9,11830000,51,DNA,10000,1183,True,0.9519485146416644,0.9924908513046347,0.9722196829731495,0.9924908513046347,False,9,3671,6059,d__Bacteria;p__Bacillota;c__Bacilli;o__Erysipelotrichales;f__Erysipelotrichaceae;g__Holdemanella;s__Holdemanella porci
40000,0.0033812341504649195,0.009009009009009009,0.0016906170752324597,0.0026406997854431426,8.0,8.0,2.0,/group/ctbrowngrp5/sourmash-db.new/gtdb-rs226/gtdb-rs226-k51.dna.rocksdb,GCA_034115305.1 Lactobacillus amylovorus,65a0aa43917458e4176370713b44a7d7,0.018018018018018018,20000,56,8170000,outputs.mapping/bams.cds.rand/SRR14369136.x.s__Holdemanella porci.fastq.gz,SRR14369136.x.s__Holdemanella porci,a1ade7d9,11830000,51,DNA,10000,1183,True,0.894438521458813,0.9242685525782128,0.9093535370185128,0.9242685525782128,True,16,3687,6059,d__Bacteria;p__Bacillota;c__Bacilli;o__Lactobacillales;f__Lactobacillaceae;g__Lactobacillus;s__Lactobacillus amylovorus
30000,0.00253592561284869,0.010582010582010581,0.0016906170752324597,0.0009902624195411785,3.0,3.0,2.0,/group/ctbrowngrp5/sourmash-db.new/gtdb-rs226/gtdb-rs226-k51.dna.rocksdb,GCA_900763655.1 Rikenellaceae bacterium,e9915ec2bd4ff0ea8d808da50959cbf9,0.015873015873015872,20000,57,8150000,outputs.mapping/bams.cds.rand/SRR14369136.x.s__Holdemanella porci.fastq.gz,SRR14369136.x.s__Holdemanella porci,a1ade7d9,11830000,51,DNA,10000,1183,True,0.889407353639691,0.9219742946423962,0.9056908241410436,0.9219742946423962,True,6,3693,6059,d__Bacteria;p__Bacteroidota;c__Bacteroidia;o__Bacteroidales;f__UBA932;g__Cryptobacteroides;s__Cryptobacteroides sp900546445
930000,0.07861369399830938,0.013071895424836602,0.0016906170752324597,0.004291137151345106,13.0,13.0,11.0,/group/ctbrowngrp5/sourmash-db.new/gtdb-rs226/gtdb-rs226-k51.dna.rocksdb,GCA_900541305.1 uncultured Solobacterium sp.,339655429ecdd5d5041d7f4d8912322b,0.6078431372549019,20000,58,8130000,outputs.mapping/bams.cds.rand/SRR14369136.x.s__Holdemanella porci.fastq.gz,SRR14369136.x.s__Holdemanella porci,a1ade7d9,11830000,51,DNA,10000,1183,True,0.9513560887426241,0.9902859513535496,0.9708210200480869,0.9902859513535496,False,26,3719,6059,d__Bacteria;p__Bacillota;c__Bacilli;o__Erysipelotrichales;f__Erysipelotrichaceae;g__Holdemanella;s__Holdemanella porci
30000,0.00253592561284869,0.007220216606498195,0.0016906170752324597,0.00033008747318039283,1.0,1.0,0.0,/group/ctbrowngrp5/sourmash-db.new/gtdb-rs226/gtdb-rs226-k51.dna.rocksdb,GCF_009696005.1 Bilifractor porci,ffac9bb13de9fb710b3f8bc06f13ed97,0.010830324909747292,20000,59,8110000,outputs.mapping/bams.cds.rand/SRR14369136.x.s__Holdemanella porci.fastq.gz,SRR14369136.x.s__Holdemanella porci,a1ade7d9,11830000,51,DNA,10000,1183,True,0.889407353639691,0.9150894713072147,0.9022484124734529,0.9150894713072147,True,2,3721,6059,d__Bacteria;p__Bacillota;c__Clostridia;o__Lachnospirales;f__Lachnospiraceae;g__Bilifractor;s__Bilifractor porci
150000,0.01267962806424345,0.008849557522123894,0.0016906170752324597,0.00033008747318039283,1.0,1.0,0.0,/group/ctbrowngrp5/sourmash-db.new/gtdb-rs226/gtdb-rs226-k51.dna.rocksdb,GCF_934746575.1 uncultured Holdemanella sp.,0d3f09ae7316a56cc6fce0dcfb12c896,0.06637168141592921,20000,60,8090000,outputs.mapping/bams.cds.rand/SRR14369136.x.s__Holdemanella porci.fastq.gz,SRR14369136.x.s__Holdemanella porci,a1ade7d9,11830000,51,DNA,10000,1183,True,0.9179224888567235,0.9482036525487332,0.9330630707027283,0.9482036525487332,False,2,3723,6059,d__Bacteria;p__Bacillota;c__Bacilli;o__Erysipelotrichales;f__Erysipelotrichaceae;g__Holdemanella;s__Holdemanella sp934772795
20000,0.0016906170752324597,0.017391304347826087,0.0016906170752324597,0.000825218682950982,2.5,2.5,1.5,/group/ctbrowngrp5/sourmash-db.new/gtdb-rs226/gtdb-rs226-k51.dna.rocksdb,GCA_934131075.1 uncultured Bacilli bacterium,969bd39ef3b131be4c9d869632e591b8,0.017391304347826087,20000,61,8070000,outputs.mapping/bams.cds.rand/SRR14369136.x.s__Holdemanella porci.fastq.gz,SRR14369136.x.s__Holdemanella porci,a1ade7d9,11830000,51,DNA,10000,1183,True,0.8823643358389008,0.9236271891701714,0.9029957625045362,0.9236271891701714,True,5,3728,6059,d__Bacteria;p__Bacillota;c__Bacilli;o__RF39;f__UBA660;g__CAG-302;s__CAG-302 sp900548425
20000,0.0016906170752324597,0.008771929824561403,0.0016906170752324597,0.00033008747318039283,1.0,1.0,0.0,/group/ctbrowngrp5/sourmash-db.new/gtdb-rs226/gtdb-rs226-k51.dna.rocksdb,GCA_004560055.1 bacterium,a88f4fce57f98f5160d3b7f6ebf75245,0.008771929824561403,20000,62,8050000,outputs.mapping/bams.cds.rand/SRR14369136.x.s__Holdemanella porci.fastq.gz,SRR14369136.x.s__Holdemanella porci,a1ade7d9,11830000,51,DNA,10000,1183,True,0.8823643358389008,0.911315028588222,0.8968396822135614,0.911315028588222,True,2,3730,6059,d__Bacteria;p__Bacteroidota;c__Bacteroidia;o__Bacteroidales;f__UBA932;g__Cryptobacteroides;s__Cryptobacteroides sp000431015
20000,0.0016906170752324597,0.008583690987124463,0.0016906170752324597,0.000825218682950982,2.5,2.5,0.5,/group/ctbrowngrp5/sourmash-db.new/gtdb-rs226/gtdb-rs226-k51.dna.rocksdb,GCA_945876475.1 uncultured Lachnospiraceae bacterium,80560c68165b9c8bb0b588b0e40ce4aa,0.008583690987124463,20000,63,8030000,outputs.mapping/bams.cds.rand/SRR14369136.x.s__Holdemanella porci.fastq.gz,SRR14369136.x.s__Holdemanella porci,a1ade7d9,11830000,51,DNA,10000,1183,True,0.8823643358389008,0.9109274836213538,0.8966459097301274,0.9109274836213538,True,5,3735,6059,d__Bacteria;p__Bacillota;c__Clostridia;o__Lachnospirales;f__Lachnospiraceae;g__Frisingicoccus;s__Frisingicoccus caecimuris
30000,0.00253592561284869,2.0231447762401877e-05,0.0016906170752324597,0.00033008747318039283,1.0,1.0,0.0,/group/ctbrowngrp5/sourmash-db.new/ncbi-euks-2025.01/ncbi-euks-all-2025.01-k51.dna.rocksdb,GCA_045685785.1 Tridacna maxima,6d7f963884f493b6152ee0937a158731,3.0347171643602817e-05,20000,64,8010000,outputs.mapping/bams.cds.rand/SRR14369136.x.s__Holdemanella porci.fastq.gz,SRR14369136.x.s__Holdemanella porci,a1ade7d9,11830000,51,DNA,10000,1183,True,0.889407353639691,0.8154814430586507,0.8524443983491709,0.889407353639691,True,2,3737,6059,Eukaryota;Mollusca;Bivalvia;Cardiida;Cardiidae;Tridacna;Tridacna maxima;unclassified Tridacna maxima subspecies/strain
10000,0.0008453085376162299,0.004672897196261682,0.0008453085376162299,0.00016504373659019642,1.0,1.0,0.0,/group/ctbrowngrp5/sourmash-db.new/gtdb-rs226/gtdb-rs226-k51.dna.rocksdb,GCA_949472225.1 uncultured Turicibacter sp.,7b9ae9cf981a8ffd0505ad0a9d628c88,0.004672897196261682,10000,65,8000000,outputs.mapping/bams.cds.rand/SRR14369136.x.s__Holdemanella porci.fastq.gz,SRR14369136.x.s__Holdemanella porci,a1ade7d9,11830000,51,DNA,10000,1183,True,0.8704531418107935,0.9001307792101635,0.8852919605104785,0.9001307792101635,True,1,3738,6059,d__Bacteria;p__Bacillota;c__Bacilli;o__MOL361;f__Turicibacteraceae;g__Turicibacter;s__Turicibacter faecis
10000,0.0008453085376162299,0.006896551724137931,0.0008453085376162299,0.00874731803928041,53.0,53.0,0.0,/group/ctbrowngrp5/sourmash-db.new/gtdb-rs226/gtdb-rs226-k51.dna.rocksdb,GCA_948615015.1 uncultured Eubacteriales bacterium,ad83bd1353708800df7a2bd077ca0204,0.006896551724137931,10000,66,7990000,outputs.mapping/bams.cds.rand/SRR14369136.x.s__Holdemanella porci.fastq.gz,SRR14369136.x.s__Holdemanella porci,a1ade7d9,11830000,51,DNA,10000,1183,True,0.8704531418107935,0.907027041982046,0.8887400918964197,0.907027041982046,True,53,3791,6059,d__Bacteria;p__Bacillota;c__Clostridia;o__Christensenellales;f__UBA3700;g__MGBC100798;s__MGBC100798 sp910588545
10000,0.0008453085376162299,0.002183406113537118,0.0008453085376162299,0.0018154811024921605,11.0,11.0,0.0,/group/ctbrowngrp5/sourmash-db.new/gtdb-rs226/gtdb-rs226-k51.dna.rocksdb,GCF_000355785.1 Clostridium butyricum DKU-01,a812bdf003bc5b2dcc10c8f39b18c9e5,0.002183406113537118,10000,67,7980000,outputs.mapping/bams.cds.rand/SRR14369136.x.s__Holdemanella porci.fastq.gz,SRR14369136.x.s__Holdemanella porci,a1ade7d9,11830000,51,DNA,10000,1183,True,0.8704531418107935,0.8868009855505065,0.8786270636806499,0.8868009855505065,True,11,3802,6059,d__Bacteria;p__Bacillota;c__Clostridia;o__Clostridiales;f__Clostridiaceae;g__Clostridium;s__Clostridium butyricum
10000,0.0008453085376162299,0.005025125628140704,0.0008453085376162299,0.0009902624195411785,6.0,6.0,0.0,/group/ctbrowngrp5/sourmash-db.new/gtdb-rs226/gtdb-rs226-k51.dna.rocksdb,GCA_902463605.1 uncultured Ruminococcus sp.,ba87a88c97e95ed3207fcbea6a22b337,0.005025125628140704,10000,68,7970000,outputs.mapping/bams.cds.rand/SRR14369136.x.s__Holdemanella porci.fastq.gz,SRR14369136.x.s__Holdemanella porci,a1ade7d9,11830000,51,DNA,10000,1183,True,0.8704531418107935,0.9014143125831353,0.8859337271969644,0.9014143125831353,True,6,3808,6059,d__Bacteria;p__Bacillota;c__Clostridia;o__Lachnospirales;f__Lachnospiraceae;g__Mediterraneibacter;s__Mediterraneibacter sp934309415
10000,0.0008453085376162299,0.004273504273504274,0.0008453085376162299,0.000825218682950982,5.0,5.0,0.0,/group/ctbrowngrp5/sourmash-db.new/gtdb-rs226/gtdb-rs226-k51.dna.rocksdb,GCA_036306965.1 Acutalibacteraceae bacterium,7f0dc7d2e25cde27b722ed2653abc236,0.004273504273504274,10000,69,7960000,outputs.mapping/bams.cds.rand/SRR14369136.x.s__Holdemanella porci.fastq.gz,SRR14369136.x.s__Holdemanella porci,a1ade7d9,11830000,51,DNA,10000,1183,True,0.8704531418107935,0.8985552523193859,0.8845041970650898,0.8985552523193859,True,5,3813,6059,d__Bacteria;p__Bacillota;c__Clostridia;o__Oscillospirales;f__Acutalibacteraceae;g__CAG-964;s__CAG-964 sp036306965
10000,0.0008453085376162299,0.004329004329004329,0.0008453085376162299,0.00033008747318039283,2.0,2.0,0.0,/group/ctbrowngrp5/sourmash-db.new/gtdb-rs226/gtdb-rs226-k51.dna.rocksdb,GCA_945948085.1 uncultured Treponema sp.,4fd6542dd0a8b4d731ac1fe98c8fe6f8,0.004329004329004329,10000,70,7950000,outputs.mapping/bams.cds.rand/SRR14369136.x.s__Holdemanella porci.fastq.gz,SRR14369136.x.s__Holdemanella porci,a1ade7d9,11830000,51,DNA,10000,1183,True,0.8704531418107935,0.8987826226929593,0.8846178822518764,0.8987826226929593,True,2,3815,6059,d__Bacteria;p__Spirochaetota;c__Spirochaetia;o__Treponematales;f__Treponemataceae;g__Treponema_D;s__Treponema_D sp022773305
10000,0.0008453085376162299,0.0045662100456621,0.0008453085376162299,0.002145568575672553,13.0,13.0,0.0,/group/ctbrowngrp5/sourmash-db.new/gtdb-rs226/gtdb-rs226-k51.dna.rocksdb,GCF_945970865.1 Megasphaera elsdenii,0838a1a29c3328e983519dae9eca25d6,0.0045662100456621,10000,71,7940000,outputs.mapping/bams.cds.rand/SRR14369136.x.s__Holdemanella porci.fastq.gz,SRR14369136.x.s__Holdemanella porci,a1ade7d9,11830000,51,DNA,10000,1183,True,0.8704531418107935,0.8997232408336094,0.8850881913222015,0.8997232408336094,True,13,3828,6059,d__Bacteria;p__Bacillota;c__Negativicutes;o__Veillonellales;f__Megasphaeraceae;g__Megasphaera;s__Megasphaera elsdenii
10000,0.0008453085376162299,0.004878048780487805,0.0008453085376162299,0.0014853936293117676,9.0,9.0,0.0,/group/ctbrowngrp5/sourmash-db.new/gtdb-rs226/gtdb-rs226-k51.dna.rocksdb,GCA_945963175.1 uncultured Ruminococcus sp.,82155411308082a1fd7b8e1824ab1183,0.004878048780487805,10000,72,7930000,outputs.mapping/bams.cds.rand/SRR14369136.x.s__Holdemanella porci.fastq.gz,SRR14369136.x.s__Holdemanella porci,a1ade7d9,11830000,51,DNA,10000,1183,True,0.8704531418107935,0.9008894330777228,0.8856712874442582,0.9008894330777228,True,9,3837,6059,d__Bacteria;p__Bacillota;c__Clostridia;o__Oscillospirales;f__Acutalibacteraceae;g__CAG-177;s__CAG-177 sp003514385
10000,0.0008453085376162299,0.0028735632183908046,0.0008453085376162299,0.00016504373659019642,1.0,1.0,0.0,/group/ctbrowngrp5/sourmash-db.new/gtdb-rs226/gtdb-rs226-k51.dna.rocksdb,GCA_041323695.1 Lachnospiraceae bacterium,69eb6432cd98d9772054f7f183064e89,0.0028735632183908046,10000,73,7920000,outputs.mapping/bams.cds.rand/SRR14369136.x.s__Holdemanella porci.fastq.gz,SRR14369136.x.s__Holdemanella porci,a1ade7d9,11830000,51,DNA,10000,1183,True,0.8704531418107935,0.891589844055826,0.8810214929333098,0.891589844055826,True,1,3838,6059,d__Bacteria;p__Bacillota;c__Clostridia;o__Lachnospirales;f__Lachnospiraceae;g__Jutongia;s__Jutongia sp003524945
10000,0.0008453085376162299,0.0035335689045936395,0.0008453085376162299,0.00016504373659019642,1.0,1.0,0.0,/group/ctbrowngrp5/sourmash-db.new/gtdb-rs226/gtdb-rs226-k51.dna.rocksdb,GCA_037358335.1 Prevotella sp.,af236cbc1be3aefe57814c1515076956,0.0035335689045936395,10000,74,7910000,outputs.mapping/bams.cds.rand/SRR14369136.x.s__Holdemanella porci.fastq.gz,SRR14369136.x.s__Holdemanella porci,a1ade7d9,11830000,51,DNA,10000,1183,True,0.8704531418107935,0.8952117135678687,0.8828324276893311,0.8952117135678687,True,1,3839,6059,d__Bacteria;p__Bacteroidota;c__Bacteroidia;o__Bacteroidales;f__Bacteroidaceae;g__Prevotella;s__Prevotella sp900546535
20000,0.0016906170752324597,0.001392757660167131,0.0008453085376162299,0.000825218682950982,5.0,5.0,0.0,/group/ctbrowngrp5/sourmash-db.new/gtdb-rs226/gtdb-rs226-k51.dna.rocksdb,GCA_001029355.1 Robinsoniella sp. RHS,e8c412aae08997cb2efa86832bcc611d,0.002785515320334262,10000,75,7900000,outputs.mapping/bams.cds.rand/SRR14369136.x.s__Holdemanella porci.fastq.gz,SRR14369136.x.s__Holdemanella porci,a1ade7d9,11830000,51,DNA,10000,1183,True,0.8823643358389008,0.891045966977512,0.8867051514082065,0.891045966977512,True,5,3844,6059,d__Bacteria;p__Bacillota;c__Clostridia;o__Lachnospirales;f__Lachnospiraceae;g__Robinsoniella;s__Robinsoniella peoriensis
10000,0.0008453085376162299,0.010526315789473684,0.0008453085376162299,0.0029707872586235353,18.0,18.0,0.0,/group/ctbrowngrp5/sourmash-db.new/gtdb-rs226/gtdb-rs226-k51.dna.rocksdb,GCA_944350255.1 Candidatus Caccopulliclostridium gallistercoris,0a336fd0ee5111b1e16d0172dac309ec,0.010526315789473684,10000,76,7890000,outputs.mapping/bams.cds.rand/SRR14369136.x.s__Holdemanella porci.fastq.gz,SRR14369136.x.s__Holdemanella porci,a1ade7d9,11830000,51,DNA,10000,1183,True,0.8704531418107935,0.9145787486024968,0.8925159452066451,0.9145787486024968,True,18,3862,6059,d__Bacteria;p__Bacillota;c__Clostridia;o__Christensenellales;f__UBA1242;g__Caccopulliclostridium;s__Caccopulliclostridium gallistercoris
10000,0.0008453085376162299,0.0036900369003690036,0.0008453085376162299,0.000825218682950982,5.0,5.0,0.0,/group/ctbrowngrp5/sourmash-db.new/gtdb-rs226/gtdb-rs226-k51.dna.rocksdb,GCF_003320155.1 Enterococcus faecium,15d5834941198574bbf3882a60f6f551,0.0036900369003690036,10000,77,7880000,outputs.mapping/bams.cds.rand/SRR14369136.x.s__Holdemanella porci.fastq.gz,SRR14369136.x.s__Holdemanella porci,a1ade7d9,11830000,51,DNA,10000,1183,True,0.8704531418107935,0.8959725818618104,0.883212861836302,0.8959725818618104,True,5,3867,6059,d__Bacteria;p__Bacillota;c__Bacilli;o__Lactobacillales;f__Enterococcaceae;g__Enterococcus_B;s__Enterococcus_B faecium
10000,0.0008453085376162299,0.0035460992907801418,0.0008453085376162299,0.00033008747318039283,2.0,2.0,0.0,/group/ctbrowngrp5/sourmash-db.new/gtdb-rs226/gtdb-rs226-k51.dna.rocksdb,GCF_021769205.1 [Ruminococcus] torques,08ed1cd75fec96495b41530b3491b22d,0.0035460992907801418,10000,78,7870000,outputs.mapping/bams.cds.rand/SRR14369136.x.s__Holdemanella porci.fastq.gz,SRR14369136.x.s__Holdemanella porci,a1ade7d9,11830000,51,DNA,10000,1183,True,0.8704531418107935,0.8952738509072189,0.8828634963590062,0.8952738509072189,True,2,3869,6059,d__Bacteria;p__Bacillota;c__Clostridia;o__Lachnospirales;f__Lachnospiraceae;g__Mediterraneibacter;s__Mediterraneibacter torques
500000,0.042265426880811495,0.004219409282700422,0.0008453085376162299,0.0009902624195411785,6.0,6.0,0.0,/group/ctbrowngrp5/sourmash-db.new/gtdb-rs226/gtdb-rs226-k51.dna.rocksdb,GCA_959018575.1 uncultured Erysipelotrichaceae bacterium,298df93cd919ca5c91562816dc8c2e22,0.2109704641350211,10000,79,7860000,outputs.mapping/bams.cds.rand/SRR14369136.x.s__Holdemanella porci.fastq.gz,SRR14369136.x.s__Holdemanella porci,a1ade7d9,11830000,51,DNA,10000,1183,True,0.9398499756439889,0.9699502164272334,0.9549000960356111,0.9699502164272334,False,6,3875,6059,d__Bacteria;p__Bacillota;c__Bacilli;o__Erysipelotrichales;f__Erysipelotrichaceae;g__Holdemanella;s__Holdemanella sp900556915
20000,0.0016906170752324597,0.003205128205128205,0.0008453085376162299,0.00016504373659019642,1.0,1.0,0.0,/group/ctbrowngrp5/sourmash-db.new/gtdb-rs226/gtdb-rs226-k51.dna.rocksdb,GCA_003477405.1 Ruminococcaceae bacterium AM07-15,a557ffa873f8062f83bdc69d54a790b1,0.00641025641025641,10000,80,7850000,outputs.mapping/bams.cds.rand/SRR14369136.x.s__Holdemanella porci.fastq.gz,SRR14369136.x.s__Holdemanella porci,a1ade7d9,11830000,51,DNA,10000,1183,True,0.8823643358389008,0.9057275057526144,0.8940459207957576,0.9057275057526144,True,1,3876,6059,d__Bacteria;p__Bacillota;c__Clostridia;o__Oscillospirales;f__Butyricicoccaceae;g__Pseudobutyricicoccus;s__Pseudobutyricicoccus sp003477405
10000,0.0008453085376162299,0.007042253521126761,0.0008453085376162299,0.00033008747318039283,2.0,2.0,0.0,/group/ctbrowngrp5/sourmash-db.new/gtdb-rs226/gtdb-rs226-k51.dna.rocksdb,GCA_958421665.1 uncultured Clostridiaceae bacterium,5a31aea1f5881dd9e8d25aaa9cefb317,0.007042253521126761,10000,81,7840000,outputs.mapping/bams.cds.rand/SRR14369136.x.s__Holdemanella porci.fastq.gz,SRR14369136.x.s__Holdemanella porci,a1ade7d9,11830000,51,DNA,10000,1183,True,0.8704531418107935,0.9073989403311536,0.8889260410709736,0.9073989403311536,True,2,3878,6059,d__Bacteria;p__Bacillota;c__Clostridia;o__TANB77;f__CAG-508;g__UMGS1663;s__UMGS1663 sp900553865
20000,0.0016906170752324597,0.004878048780487805,0.0008453085376162299,0.00033008747318039283,2.0,2.0,0.0,/group/ctbrowngrp5/sourmash-db.new/gtdb-rs226/gtdb-rs226-k51.dna.rocksdb,GCF_021531795.1 Lacrimispora saccharolytica,b9f95aaa82634ee90dd5ff5803ed0dee,0.00975609756097561,10000,82,7830000,outputs.mapping/bams.cds.rand/SRR14369136.x.s__Holdemanella porci.fastq.gz,SRR14369136.x.s__Holdemanella porci,a1ade7d9,11830000,51,DNA,10000,1183,True,0.8823643358389008,0.9132171142817191,0.89779072506031,0.9132171142817191,True,2,3880,6059,d__Bacteria;p__Bacillota;c__Clostridia;o__Lachnospirales;f__Lachnospiraceae;g__Colinaster;s__Colinaster sp018056665
30000,0.00253592561284869,0.002544529262086514,0.0008453085376162299,0.00033008747318039283,2.0,2.0,0.0,/group/ctbrowngrp5/sourmash-db.new/gtdb-rs226/gtdb-rs226-k51.dna.rocksdb,GCA_041335415.1 Blautia faecis,93a336a0f08178046cbad9469745726f,0.007633587786259542,10000,83,7820000,outputs.mapping/bams.cds.rand/SRR14369136.x.s__Holdemanella porci.fastq.gz,SRR14369136.x.s__Holdemanella porci,a1ade7d9,11830000,51,DNA,10000,1183,True,0.889407353639691,0.908834650149845,0.899121001894768,0.908834650149845,True,2,3882,6059,d__Bacteria;p__Bacillota;c__Clostridia;o__Lachnospirales;f__Lachnospiraceae;g__Blautia_A;s__Blautia_A faecis
10000,0.0008453085376162299,0.006097560975609756,0.0008453085376162299,0.014028717610166695,85.0,85.0,0.0,/group/ctbrowngrp5/sourmash-db.new/gtdb-rs226/gtdb-rs226-k51.dna.rocksdb,GCA_004558825.1 Clostridiales bacterium,12a92cec39cf7125a02fc53e50ee926b,0.006097560975609756,10000,84,7810000,outputs.mapping/bams.cds.rand/SRR14369136.x.s__Holdemanella porci.fastq.gz,SRR14369136.x.s__Holdemanella porci,a1ade7d9,11830000,51,DNA,10000,1183,True,0.8704531418107935,0.9048397878646056,0.8876464648376996,0.9048397878646056,True,85,3967,6059,d__Bacteria;p__Bacillota;c__Clostridia;o__Christensenellales;f__CAG-138;g__SFDB01;s__SFDB01 sp004558825
20000,0.0016906170752324597,0.002932551319648094,0.0008453085376162299,0.00033008747318039283,2.0,2.0,0.0,/group/ctbrowngrp5/sourmash-db.new/gtdb-rs226/gtdb-rs226-k51.dna.rocksdb,GCA_037370445.1 bacterium,295c6ee4430dbef4adcf97fa685811c6,0.005865102639296188,10000,85,7800000,outputs.mapping/bams.cds.rand/SRR14369136.x.s__Holdemanella porci.fastq.gz,SRR14369136.x.s__Holdemanella porci,a1ade7d9,11830000,51,DNA,10000,1183,True,0.8823643358389008,0.9041504407995591,0.89325738831923,0.9041504407995591,True,2,3969,6059,d__Bacteria;p__Bacillota;c__Clostridia;o__Oscillospirales;f__Oscillospiraceae;g__Vescimonas;s__Vescimonas sp900545585
10000,0.0008453085376162299,0.004347826086956522,0.0008453085376162299,0.00033008747318039283,2.0,2.0,0.0,/group/ctbrowngrp5/sourmash-db.new/gtdb-rs226/gtdb-rs226-k51.dna.rocksdb,GCA_037372165.1 bacterium,9d21d0e3380d3dea36f813fbd8d27f38,0.004347826086956522,10000,86,7790000,outputs.mapping/bams.cds.rand/SRR14369136.x.s__Holdemanella porci.fastq.gz,SRR14369136.x.s__Holdemanella porci,a1ade7d9,11830000,51,DNA,10000,1183,True,0.8704531418107935,0.8988590824149439,0.8846561121128687,0.8988590824149439,True,2,3971,6059,d__Bacteria;p__Bacillota;c__Clostridia;o__Christensenellales;f__Aristaeellaceae;g__SFMI01;s__SFMI01 sp004556155
10000,0.0008453085376162299,0.00267379679144385,0.0008453085376162299,0.00016504373659019642,1.0,1.0,0.0,/group/ctbrowngrp5/sourmash-db.new/gtdb-rs226/gtdb-rs226-k51.dna.rocksdb,GCA_022788085.1 Lachnospiraceae bacterium,2d7df70a6e39a6d3d0410a7ec8b6ceba,0.00267379679144385,10000,87,7780000,outputs.mapping/bams.cds.rand/SRR14369136.x.s__Holdemanella porci.fastq.gz,SRR14369136.x.s__Holdemanella porci,a1ade7d9,11830000,51,DNA,10000,1183,True,0.8704531418107935,0.8903310862769406,0.8803921140438671,0.8903310862769406,True,1,3972,6059,d__Bacteria;p__Bacillota;c__Clostridia;o__Lachnospirales;f__Lachnospiraceae;g__COE1;s__COE1 sp022788085
10000,0.0008453085376162299,0.004149377593360996,0.0008453085376162299,0.00016504373659019642,1.0,1.0,0.0,/group/ctbrowngrp5/sourmash-db.new/gtdb-rs226/gtdb-rs226-k51.dna.rocksdb,GCA_030584005.1 Bdellovibrionota bacterium,b80f37c2a20c50e0c4a13bd218a23dcf,0.004149377593360996,10000,88,7770000,outputs.mapping/bams.cds.rand/SRR14369136.x.s__Holdemanella porci.fastq.gz,SRR14369136.x.s__Holdemanella porci,a1ade7d9,11830000,51,DNA,10000,1183,True,0.8704531418107935,0.8980360758706126,0.884244608840703,0.8980360758706126,True,1,3973,6059,d__Bacteria;p__Bdellovibrionota_B;c__UBA2361;o__UBA2361;f__G030584005;g__G030584005;s__G030584005 sp030584005
10000,0.0008453085376162299,0.005780346820809248,0.0008453085376162299,0.0013203498927215713,8.0,8.0,0.0,/group/ctbrowngrp5/sourmash-db.new/gtdb-rs226/gtdb-rs226-k51.dna.rocksdb,GCA_031549605.1 Oscillospiraceae bacterium,e569e4849b1225488a75f7a283855cc9,0.005780346820809248,10000,89,7760000,outputs.mapping/bams.cds.rand/SRR14369136.x.s__Holdemanella porci.fastq.gz,SRR14369136.x.s__Holdemanella porci,a1ade7d9,11830000,51,DNA,10000,1183,True,0.8704531418107935,0.9038924171716131,0.8871727794912032,0.9038924171716131,True,8,3981,6059,d__Bacteria;p__Bacillota;c__Clostridia;o__Oscillospirales;f__UBA929;g__WRAI01;s__WRAI01 sp031549605
10000,0.0008453085376162299,0.003663003663003663,0.0008453085376162299,0.003300874731803928,20.0,20.0,0.0,/group/ctbrowngrp5/sourmash-db.new/gtdb-rs226/gtdb-rs226-k51.dna.rocksdb,GCA_937891655.1 uncultured Verrucomicrobiota bacterium,4d8f6960a8254676ceaf2d8f0c9aaa22,0.003663003663003663,10000,90,7750000,outputs.mapping/bams.cds.rand/SRR14369136.x.s__Holdemanella porci.fastq.gz,SRR14369136.x.s__Holdemanella porci,a1ade7d9,11830000,51,DNA,10000,1183,True,0.8704531418107935,0.8958434134603346,0.883148277635564,0.8958434134603346,True,20,4001,6059,d__Bacteria;p__Verrucomicrobiota;c__Kiritimatiellia;o__RFP12;f__UBA3636;g__RGIG990;s__RGIG990 sp017481725
20000,0.0016906170752324597,0.004608294930875576,0.0008453085376162299,0.003300874731803928,20.0,20.0,0.0,/group/ctbrowngrp5/sourmash-db.new/gtdb-rs226/gtdb-rs226-k51.dna.rocksdb,GCF_000785105.2 Lentilactobacillus curieae,5441a64b02dfe6424f8f05805c98db10,0.009216589861751152,10000,91,7740000,outputs.mapping/bams.cds.rand/SRR14369136.x.s__Holdemanella porci.fastq.gz,SRR14369136.x.s__Holdemanella porci,a1ade7d9,11830000,51,DNA,10000,1183,True,0.8823643358389008,0.9121990444611786,0.8972816901500398,0.9121990444611786,True,20,4021,6059,d__Bacteria;p__Bacillota;c__Bacilli;o__Lactobacillales;f__Lactobacillaceae;g__Lentilactobacillus;s__Lentilactobacillus curieae
10000,0.0008453085376162299,0.004201680672268907,0.0008453085376162299,0.00016504373659019642,1.0,1.0,0.0,/group/ctbrowngrp5/sourmash-db.new/gtdb-rs226/gtdb-rs226-k51.dna.rocksdb,GCA_945876825.1 uncultured Lachnospiraceae bacterium,8701c90c6c4f094aae56a15d7d2290bf,0.004201680672268907,10000,92,7730000,outputs.mapping/bams.cds.rand/SRR14369136.x.s__Holdemanella porci.fastq.gz,SRR14369136.x.s__Holdemanella porci,a1ade7d9,11830000,51,DNA,10000,1183,True,0.8704531418107935,0.8982566722388579,0.8843549070248257,0.8982566722388579,True,1,4022,6059,d__Bacteria;p__Bacillota;c__Clostridia;o__Lachnospirales;f__Lachnospiraceae;g__UBA3282;s__UBA3282 sp022781395
10000,0.0008453085376162299,0.003484320557491289,0.0008453085376162299,0.00016504373659019642,1.0,1.0,0.0,/group/ctbrowngrp5/sourmash-db.new/gtdb-rs226/gtdb-rs226-k51.dna.rocksdb,GCA_934728175.1 uncultured Bacteroidales bacterium,92f58d6037bfc26c81c1fa8a3dc17131,0.003484320557491289,10000,93,7720000,outputs.mapping/bams.cds.rand/SRR14369136.x.s__Holdemanella porci.fastq.gz,SRR14369136.x.s__Holdemanella porci,a1ade7d9,11830000,51,DNA,10000,1183,True,0.8704531418107935,0.8949653831278861,0.8827092624693398,0.8949653831278861,True,1,4023,6059,d__Bacteria;p__Bacteroidota;c__Bacteroidia;o__Bacteroidales;f__UBA932;g__Egerieousia;s__Egerieousia sp934717185
20000,0.0016906170752324597,0.005376344086021506,0.0008453085376162299,0.00033008747318039283,2.0,2.0,0.0,/group/ctbrowngrp5/sourmash-db.new/gtdb-rs226/gtdb-rs226-k51.dna.rocksdb,GCA_902472625.1 uncultured Bacillales bacterium,a05f0ac0a6b942d4a80bfb4ba736b9ef,0.010752688172043012,10000,94,7710000,outputs.mapping/bams.cds.rand/SRR14369136.x.s__Holdemanella porci.fastq.gz,SRR14369136.x.s__Holdemanella porci,a1ade7d9,11830000,51,DNA,10000,1183,True,0.8823643358389008,0.9149603940215936,0.8986623649302472,0.9149603940215936,True,2,4025,6059,d__Bacteria;p__Bacillota;c__Bacilli;o__ML615J-28;f__CAG-313;g__UMGS1109;s__UMGS1109 sp900548675
10000,0.0008453085376162299,0.0034482758620689655,0.0008453085376162299,0.0004951312097705892,3.0,3.0,0.0,/group/ctbrowngrp5/sourmash-db.new/gtdb-rs226/gtdb-rs226-k51.dna.rocksdb,GCA_945877945.1 uncultured Clostridia bacterium,4ee1ded38b6064222e99ba5b00a3150b,0.0034482758620689655,10000,95,7700000,outputs.mapping/bams.cds.rand/SRR14369136.x.s__Holdemanella porci.fastq.gz,SRR14369136.x.s__Holdemanella porci,a1ade7d9,11830000,51,DNA,10000,1183,True,0.8704531418107935,0.8947829216714525,0.882618031741123,0.8947829216714525,True,3,4028,6059,d__Bacteria;p__Bacillota;c__Clostridia;o__Oscillospirales;f__Oscillospiraceae;g__Faecousia;s__Faecousia sp016302405
10000,0.0008453085376162299,0.001422475106685633,0.0008453085376162299,0.030037960059415746,182.0,182.0,0.0,/group/ctbrowngrp5/sourmash-db.new/gtdb-rs226/gtdb-rs226-k51.dna.rocksdb,GCF_028435945.1 Pseudomonas aeruginosa,04359910a96fab91ab19462b19baba79,0.001422475106685633,10000,96,7690000,outputs.mapping/bams.cds.rand/SRR14369136.x.s__Holdemanella porci.fastq.gz,SRR14369136.x.s__Holdemanella porci,a1ade7d9,11830000,51,DNA,10000,1183,True,0.8704531418107935,0.8793815438671498,0.8749173428389716,0.8793815438671498,True,182,4210,6059,d__Bacteria;p__Pseudomonadota;c__Gammaproteobacteria;o__Pseudomonadales;f__Pseudomonadaceae;g__Pseudomonas;s__Pseudomonas aeruginosa
10000,0.0008453085376162299,0.004366812227074236,0.0008453085376162299,0.0006601749463607857,4.0,4.0,0.0,/group/ctbrowngrp5/sourmash-db.new/gtdb-rs226/gtdb-rs226-k51.dna.rocksdb,GCA_037066775.1 Lachnospiraceae bacterium,7d15a4de2b1640e12513dac9557baf95,0.004366812227074236,10000,97,7680000,outputs.mapping/bams.cds.rand/SRR14369136.x.s__Holdemanella porci.fastq.gz,SRR14369136.x.s__Holdemanella porci,a1ade7d9,11830000,51,DNA,10000,1183,True,0.8704531418107935,0.8989358818428389,0.8846945118268161,0.8989358818428389,True,4,4214,6059,d__Bacteria;p__Bacillota;c__Clostridia;o__Lachnospirales;f__Lachnospiraceae;g__Roseburia_D;s__Roseburia_D yibonii
10000,0.0008453085376162299,0.003194888178913738,0.0008453085376162299,0.00016504373659019642,1.0,1.0,0.0,/group/ctbrowngrp5/sourmash-db.new/gtdb-rs226/gtdb-rs226-k51.dna.rocksdb,GCF_009696445.1 Porcincola intestinalis,20cfded4b6f51389851ca831c5c4e9c1,0.003194888178913738,10000,98,7670000,outputs.mapping/bams.cds.rand/SRR14369136.x.s__Holdemanella porci.fastq.gz,SRR14369136.x.s__Holdemanella porci,a1ade7d9,11830000,51,DNA,10000,1183,True,0.8704531418107935,0.8934448670217007,0.881949004416247,0.8934448670217007,True,1,4215,6059,d__Bacteria;p__Bacillota;c__Clostridia;o__Lachnospirales;f__Lachnospiraceae;g__Porcincola;s__Porcincola intestinalis
10000,0.0008453085376162299,0.0058823529411764705,0.0008453085376162299,0.0004951312097705892,3.0,3.0,0.0,/group/ctbrowngrp5/sourmash-db.new/gtdb-rs226/gtdb-rs226-k51.dna.rocksdb,GCA_963598545.1 Gemmiger formicilis,8df66bc491edc8aac21968d6c6a7f1c7,0.0058823529411764705,10000,99,7660000,outputs.mapping/bams.cds.rand/SRR14369136.x.s__Holdemanella porci.fastq.gz,SRR14369136.x.s__Holdemanella porci,a1ade7d9,11830000,51,DNA,10000,1183,True,0.8704531418107935,0.9042025082392618,0.8873278250250276,0.9042025082392618,True,3,4218,6059,d__Bacteria;p__Bacillota;c__Clostridia;o__Oscillospirales;f__Acutalibacteraceae;g__Eubacterium_R;s__Eubacterium_R sp900542875
10000,0.0008453085376162299,0.009433962264150943,0.0008453085376162299,0.00033008747318039283,2.0,2.0,0.0,/group/ctbrowngrp5/sourmash-db.new/gtdb-rs226/gtdb-rs226-k51.dna.rocksdb,GCA_022009875.1 Clostridium sp.,b6cdbadae011a586af03cd81b1e23e09,0.009433962264150943,10000,100,7650000,outputs.mapping/bams.cds.rand/SRR14369136.x.s__Holdemanella porci.fastq.gz,SRR14369136.x.s__Holdemanella porci,a1ade7d9,11830000,51,DNA,10000,1183,True,0.8704531418107935,0.9126160876839744,0.8915346147473839,0.9126160876839744,True,2,4220,6059,d__Bacteria;p__Bacillota;c__Bacilli;o__RF39;f__UBA660;g__CAG-533;s__CAG-533 sp000434495
20000,0.0016906170752324597,0.002352941176470588,0.0008453085376162299,0.00033008747318039283,2.0,2.0,0.0,/group/ctbrowngrp5/sourmash-db.new/gtdb-rs226/gtdb-rs226-k51.dna.rocksdb,GCF_039753475.1 Blautia wexlerae,bc89f2519295f740716c87a920cd39b9,0.004705882352941176,10000,101,7640000,outputs.mapping/bams.cds.rand/SRR14369136.x.s__Holdemanella porci.fastq.gz,SRR14369136.x.s__Holdemanella porci,a1ade7d9,11830000,51,DNA,10000,1183,True,0.8823643358389008,0.9002549356914588,0.8913096357651797,0.9002549356914588,True,2,4222,6059,d__Bacteria;p__Bacillota;c__Clostridia;o__Lachnospirales;f__Lachnospiraceae;g__Blautia_A;s__Blautia_A wexlerae
10000,0.0008453085376162299,0.002150537634408602,0.0008453085376162299,0.0006601749463607857,4.0,4.0,0.0,/group/ctbrowngrp5/sourmash-db.new/gtdb-rs226/gtdb-rs226-k51.dna.rocksdb,GCA_963591355.1 Paratractidigestivibacter sp.,770eadc4a1c72bbf7f97b3af2d9acc70,0.002150537634408602,10000,102,7630000,outputs.mapping/bams.cds.rand/SRR14369136.x.s__Holdemanella porci.fastq.gz,SRR14369136.x.s__Holdemanella porci,a1ade7d9,11830000,51,DNA,10000,1183,True,0.8704531418107935,0.8865372758711161,0.8784952088409548,0.8865372758711161,True,4,4226,6059,d__Bacteria;p__Bacteroidota;c__Bacteroidia;o__Bacteroidales;f__Tannerellaceae;g__Parabacteroides;s__Parabacteroides distasonis
10000,0.0008453085376162299,0.002857142857142857,0.0008453085376162299,0.00033008747318039283,2.0,2.0,0.0,/group/ctbrowngrp5/sourmash-db.new/gtdb-rs226/gtdb-rs226-k51.dna.rocksdb,GCA_963589295.1 Lachnospiraceae bacterium,18ae3e07be0d3cd7c395ee3cfe2e29b4,0.002857142857142857,10000,103,7620000,outputs.mapping/bams.cds.rand/SRR14369136.x.s__Holdemanella porci.fastq.gz,SRR14369136.x.s__Holdemanella porci,a1ade7d9,11830000,51,DNA,10000,1183,True,0.8704531418107935,0.8914896651476225,0.880971403479208,0.8914896651476225,True,2,4228,6059,d__Bacteria;p__Bacteroidota;c__Bacteroidia;o__Bacteroidales;f__Bacteroidaceae;g__Prevotella;s__Prevotella sp900546575
30000,0.00253592561284869,0.0035460992907801418,0.0008453085376162299,0.00016504373659019642,1.0,1.0,0.0,/group/ctbrowngrp5/sourmash-db.new/gtdb-rs226/gtdb-rs226-k51.dna.rocksdb,GCA_963656025.1 uncultured Eubacteriales bacterium,52a5d5d77f21c29a52347102bdcaa344,0.010638297872340425,10000,104,7610000,outputs.mapping/bams.cds.rand/SRR14369136.x.s__Holdemanella porci.fastq.gz,SRR14369136.x.s__Holdemanella porci,a1ade7d9,11830000,51,DNA,10000,1183,True,0.889407353639691,0.9147685363760626,0.9020879450078768,0.9147685363760626,True,1,4229,6059,d__Bacteria;p__Bacteroidota;c__Bacteroidia;o__Bacteroidales;f__Paludibacteraceae;g__Colicola;s__Colicola sp963635385
20000,0.0016906170752324597,0.004901960784313725,0.0008453085376162299,0.00016504373659019642,1.0,1.0,0.0,/group/ctbrowngrp5/sourmash-db.new/gtdb-rs226/gtdb-rs226-k51.dna.rocksdb,GCA_945879155.1 uncultured Erysipelotrichaceae bacterium,23812d44742126b342c9fe1d7155401c,0.00980392156862745,10000,105,7600000,outputs.mapping/bams.cds.rand/SRR14369136.x.s__Holdemanella porci.fastq.gz,SRR14369136.x.s__Holdemanella porci,a1ade7d9,11830000,51,DNA,10000,1183,True,0.8823643358389008,0.9133046796219629,0.8978345077304319,0.9133046796219629,True,1,4230,6059,d__Bacteria;p__Bacillota;c__Bacilli;o__Erysipelotrichales;f__Erysipelotrichaceae;g__Bulleidia;s__Bulleidia sp016293365
10000,0.0008453085376162299,0.0037593984962406013,0.0008453085376162299,0.0018154811024921605,11.0,11.0,0.0,/group/ctbrowngrp5/sourmash-db.new/gtdb-rs226/gtdb-rs226-k51.dna.rocksdb,GCA_022774945.1 Lachnobacterium sp.,af426f33d2866d663b77828fd6516469,0.0037593984962406013,10000,106,7590000,outputs.mapping/bams.cds.rand/SRR14369136.x.s__Holdemanella porci.fastq.gz,SRR14369136.x.s__Holdemanella porci,a1ade7d9,11830000,51,DNA,10000,1183,True,0.8704531418107935,0.896299803565827,0.8833764726883102,0.896299803565827,True,11,4241,6059,d__Bacteria;p__Bacillota;c__Clostridia;o__Lachnospirales;f__Lachnospiraceae;g__Agathobacter;s__Agathobacter sp905209075
20000,0.0016906170752324597,0.006172839506172839,0.0008453085376162299,0.00016504373659019642,1.0,1.0,0.0,/group/ctbrowngrp5/sourmash-db.new/gtdb-rs226/gtdb-rs226-k51.dna.rocksdb,GCA_905197555.1 uncultured Bacillales bacterium,f2250d2768b08bdca105b848d522b046,0.012345679012345678,10000,107,7580000,outputs.mapping/bams.cds.rand/SRR14369136.x.s__Holdemanella porci.fastq.gz,SRR14369136.x.s__Holdemanella porci,a1ade7d9,11830000,51,DNA,10000,1183,True,0.8823643358389008,0.9174422262512953,0.8999032810450981,0.9174422262512953,True,1,4242,6059,d__Bacteria;p__Bacillota;c__Bacilli;o__ML615J-28;f__CAG-313;g__UMGS1109;s__UMGS1109 sp900548675
10000,0.0008453085376162299,0.0034602076124567475,0.0008453085376162299,0.00016504373659019642,1.0,1.0,0.0,/group/ctbrowngrp5/sourmash-db.new/gtdb-rs226/gtdb-rs226-k51.dna.rocksdb,GCA_002351015.1 Prevotellaceae bacterium UBA2839,0258849a58615950c60072552c15c217,0.0034602076124567475,10000,108,7570000,outputs.mapping/bams.cds.rand/SRR14369136.x.s__Holdemanella porci.fastq.gz,SRR14369136.x.s__Holdemanella porci,a1ade7d9,11830000,51,DNA,10000,1183,True,0.8704531418107935,0.8948435274565414,0.8826483346336674,0.8948435274565414,True,1,4243,6059,d__Bacteria;p__Bacteroidota;c__Bacteroidia;o__Bacteroidales;f__Bacteroidaceae;g__Minthosoma;s__Minthosoma sp900316975
10000,0.0008453085376162299,0.002688172043010753,0.0008453085376162299,0.0014853936293117676,9.0,9.0,0.0,/group/ctbrowngrp5/sourmash-db.new/gtdb-rs226/gtdb-rs226-k51.dna.rocksdb,GCA_963663285.1 Candidatus Limiplasma sp.,90755839b8b6ce4bbdd24ce665edc9a2,0.002688172043010753,10000,109,7560000,outputs.mapping/bams.cds.rand/SRR14369136.x.s__Holdemanella porci.fastq.gz,SRR14369136.x.s__Holdemanella porci,a1ade7d9,11830000,51,DNA,10000,1183,True,0.8704531418107935,0.8904246971715558,0.8804389194911746,0.8904246971715558,True,9,4252,6059,d__Bacteria;p__Bacillota;c__Clostridia;o__Christensenellales;f__Aristaeellaceae;g__Limiplasma;s__Limiplasma sp963663285
10000,0.0008453085376162299,0.005813953488372093,0.0008453085376162299,0.00033008747318039283,2.0,2.0,0.0,/group/ctbrowngrp5/sourmash-db.new/gtdb-rs226/gtdb-rs226-k51.dna.rocksdb,GCA_934680005.1 uncultured Bacteroidales bacterium,6cab2cdf9e12b16ac45a4d517949f337,0.005813953488372093,10000,110,7550000,outputs.mapping/bams.cds.rand/SRR14369136.x.s__Holdemanella porci.fastq.gz,SRR14369136.x.s__Holdemanella porci,a1ade7d9,11830000,51,DNA,10000,1183,True,0.8704531418107935,0.903995167535116,0.8872241546729547,0.903995167535116,True,2,4254,6059,d__Bacteria;p__Bacteroidota;c__Bacteroidia;o__Bacteroidales;f__UBA932;g__Cryptobacteroides;s__Cryptobacteroides sp900546445
10000,0.0008453085376162299,0.0045871559633027525,0.0008453085376162299,0.000825218682950982,5.0,5.0,0.0,/group/ctbrowngrp5/sourmash-db.new/gtdb-rs226/gtdb-rs226-k51.dna.rocksdb,GCA_029010715.1 Clostridiales bacterium,a8d753b058aab5aa18ecca80d47de043,0.0045871559633027525,10000,111,7540000,outputs.mapping/bams.cds.rand/SRR14369136.x.s__Holdemanella porci.fastq.gz,SRR14369136.x.s__Holdemanella porci,a1ade7d9,11830000,51,DNA,10000,1183,True,0.8704531418107935,0.8998039843327351,0.8851285630717642,0.8998039843327351,True,5,4259,6059,d__Bacteria;p__Bacillota;c__Clostridia;o__Oscillospirales;f__Oscillospiraceae;g__Limivicinus;s__Limivicinus sp029010715
10000,0.0008453085376162299,0.006711409395973154,0.0008453085376162299,0.0006601749463607857,4.0,4.0,0.0,/group/ctbrowngrp5/sourmash-db.new/gtdb-rs226/gtdb-rs226-k51.dna.rocksdb,GCA_034175285.1 Eubacteriales bacterium,62ea660068f9fd1ac64731888a516488,0.006711409395973154,10000,112,7530000,outputs.mapping/bams.cds.rand/SRR14369136.x.s__Holdemanella porci.fastq.gz,SRR14369136.x.s__Holdemanella porci,a1ade7d9,11830000,51,DNA,10000,1183,True,0.8704531418107935,0.9065431998816279,0.8884981708462107,0.9065431998816279,True,4,4263,6059,d__Bacteria;p__Bacillota;c__Clostridia;o__Christensenellales;f__CAG-138;g__SFEL01;s__SFEL01 sp004557245
10000,0.0008453085376162299,0.004524886877828055,0.0008453085376162299,0.0009902624195411785,6.0,6.0,0.0,/group/ctbrowngrp5/sourmash-db.new/gtdb-rs226/gtdb-rs226-k51.dna.rocksdb,GCA_945912845.1 uncultured Bacteroidales bacterium,88a0c89c53a152cee5ec79844bb82a1a,0.004524886877828055,10000,113,7520000,outputs.mapping/bams.cds.rand/SRR14369136.x.s__Holdemanella porci.fastq.gz,SRR14369136.x.s__Holdemanella porci,a1ade7d9,11830000,51,DNA,10000,1183,True,0.8704531418107935,0.8995628755480881,0.8850080086794407,0.8995628755480881,True,6,4269,6059,d__Bacteria;p__Bacteroidota;c__Bacteroidia;o__Bacteroidales;f__Bacteroidaceae;g__Alloprevotella;s__Alloprevotella sp004555425
20000,0.0016906170752324597,0.003246753246753247,0.0008453085376162299,0.0009902624195411785,6.0,6.0,0.0,/group/ctbrowngrp5/sourmash-db.new/gtdb-rs226/gtdb-rs226-k51.dna.rocksdb,GCA_900771365.1 Bacteroidales bacterium,4d1d84aefc669ee9b839977a8b9bf2b5,0.006493506493506494,10000,114,7510000,outputs.mapping/bams.cds.rand/SRR14369136.x.s__Holdemanella porci.fastq.gz,SRR14369136.x.s__Holdemanella porci,a1ade7d9,11830000,51,DNA,10000,1183,True,0.8823643358389008,0.9059566909928176,0.8941605134158592,0.9059566909928176,True,6,4275,6059,d__Bacteria;p__Bacteroidota;c__Bacteroidia;o__Bacteroidales;f__P3;g__Colimorpha;s__Colimorpha sp900771365
10000,0.0008453085376162299,0.008928571428571428,0.0008453085376162299,0.00033008747318039283,2.0,2.0,0.0,/group/ctbrowngrp5/sourmash-db.new/gtdb-rs226/gtdb-rs226-k51.dna.rocksdb,GCA_902474385.1 uncultured Bacillales bacterium,cd880d4b05aa7fc8f4adf4072d897a7a,0.008928571428571428,10000,115,7500000,outputs.mapping/bams.cds.rand/SRR14369136.x.s__Holdemanella porci.fastq.gz,SRR14369136.x.s__Holdemanella porci,a1ade7d9,11830000,51,DNA,10000,1183,True,0.8704531418107935,0.9116313558407262,0.8910422488257599,0.9116313558407262,True,2,4277,6059,d__Bacteria;p__Bacillota;c__Bacilli;o__RF39;f__UBA660;g__UMGS872;s__UMGS872 sp900546275
20000,0.0016906170752324597,0.004524886877828055,0.0008453085376162299,0.0004951312097705892,3.0,3.0,0.0,/group/ctbrowngrp5/sourmash-db.new/gtdb-rs226/gtdb-rs226-k51.dna.rocksdb,GCF_900102225.1 Eubacterium pyruvativorans,889477e17a70b342594aae7d43a84f0f,0.00904977375565611,10000,116,7490000,outputs.mapping/bams.cds.rand/SRR14369136.x.s__Holdemanella porci.fastq.gz,SRR14369136.x.s__Holdemanella porci,a1ade7d9,11830000,51,DNA,10000,1183,True,0.8823643358389008,0.9118724042710765,0.8971183700549887,0.9118724042710765,True,3,4280,6059,d__Bacteria;p__Bacillota;c__Clostridia;o__Peptostreptococcales;f__Anaerovoracaceae;g__Eubacterium_T;s__Eubacterium_T pyruvativorans
10000,0.0008453085376162299,0.003703703703703704,0.0008453085376162299,0.00016504373659019642,1.0,1.0,0.0,/group/ctbrowngrp5/sourmash-db.new/gtdb-rs226/gtdb-rs226-k51.dna.rocksdb,GCA_958450955.1 uncultured Bacteroidales bacterium,03cc7cd4d7e3c7b76f5e9955a8cb41b0,0.003703703703703704,10000,117,7480000,outputs.mapping/bams.cds.rand/SRR14369136.x.s__Holdemanella porci.fastq.gz,SRR14369136.x.s__Holdemanella porci,a1ade7d9,11830000,51,DNA,10000,1183,True,0.8704531418107935,0.8960375310174413,0.8832453364141174,0.8960375310174413,True,1,4281,6059,d__Bacteria;p__Bacteroidota;c__Bacteroidia;o__Bacteroidales;f__Bacteroidaceae;g__Prevotella;s__Prevotella sp000434975
10000,0.0008453085376162299,0.00546448087431694,0.0008453085376162299,0.00016504373659019642,1.0,1.0,0.0,/group/ctbrowngrp5/sourmash-db.new/gtdb-rs226/gtdb-rs226-k51.dna.rocksdb,GCA_022786525.1 Clostridiales bacterium,e9d7b578cc73125346266a5d6d9180d1,0.00546448087431694,10000,118,7470000,outputs.mapping/bams.cds.rand/SRR14369136.x.s__Holdemanella porci.fastq.gz,SRR14369136.x.s__Holdemanella porci,a1ade7d9,11830000,51,DNA,10000,1183,True,0.8704531418107935,0.9028970081176741,0.8866750749642338,0.9028970081176741,True,1,4282,6059,d__Bacteria;p__Bacillota;c__Clostridia;o__Oscillospirales;f__Oscillospiraceae;g__Oscillibacter;s__Oscillibacter sp004558115
10000,0.0008453085376162299,0.004098360655737705,0.0008453085376162299,0.0006601749463607857,4.0,4.0,0.0,/group/ctbrowngrp5/sourmash-db.new/gtdb-rs226/gtdb-rs226-k51.dna.rocksdb,GCA_934501405.1 uncultured Oscillospiraceae bacterium,5bd9a11caf8d6ee8eb41c3540582d917,0.004098360655737705,10000,119,7460000,outputs.mapping/bams.cds.rand/SRR14369136.x.s__Holdemanella porci.fastq.gz,SRR14369136.x.s__Holdemanella porci,a1ade7d9,11830000,51,DNA,10000,1183,True,0.8704531418107935,0.8978182617731918,0.8841357017919926,0.8978182617731918,True,4,4286,6059,d__Bacteria;p__Bacillota;c__Clostridia;o__Oscillospirales;f__Ruminococcaceae;g__Ruminococcus;s__Ruminococcus sp934481385
10000,0.0008453085376162299,0.004739336492890996,0.0008453085376162299,0.00016504373659019642,1.0,1.0,0.0,/group/ctbrowngrp5/sourmash-db.new/gtdb-rs226/gtdb-rs226-k51.dna.rocksdb,GCA_902475165.1 uncultured Eubacteriales bacterium,575abffddaac699d569d76cb095ea8ef,0.004739336492890996,10000,120,7450000,outputs.mapping/bams.cds.rand/SRR14369136.x.s__Holdemanella porci.fastq.gz,SRR14369136.x.s__Holdemanella porci,a1ade7d9,11830000,51,DNA,10000,1183,True,0.8704531418107935,0.900379988990409,0.8854165654006012,0.900379988990409,True,1,4287,6059,d__Bacteria;p__Bacillota;c__Clostridia;o__Oscillospirales;f__Oscillospiraceae;g__CAG-170;s__CAG-170 sp900553545
20000,0.0016906170752324597,0.0031446540880503146,0.0008453085376162299,0.00033008747318039283,2.0,2.0,0.0,/group/ctbrowngrp5/sourmash-db.new/gtdb-rs226/gtdb-rs226-k51.dna.rocksdb,GCF_902386895.1 Lachnoclostridium edouardi,6cd528a06abe977385d995605d696f97,0.006289308176100629,10000,121,7440000,outputs.mapping/bams.cds.rand/SRR14369136.x.s__Holdemanella porci.fastq.gz,SRR14369136.x.s__Holdemanella porci,a1ade7d9,11830000,51,DNA,10000,1183,True,0.8823643358389008,0.9053892851119669,0.8938768104754339,0.9053892851119669,True,2,4289,6059,d__Bacteria;p__Bacillota;c__Clostridia;o__Lachnospirales;f__Lachnospiraceae;g__Lachnoclostridium_A;s__Lachnoclostridium_A edouardi
20000,0.0016906170752324597,0.005494505494505495,0.0008453085376162299,0.000825218682950982,5.0,5.0,0.0,/group/ctbrowngrp5/sourmash-db.new/gtdb-rs226/gtdb-rs226-k51.dna.rocksdb,GCA_022783205.1 Solobacterium sp.,c27a1e2c9752bef2a728e81761043561,0.01098901098901099,10000,122,7430000,outputs.mapping/bams.cds.rand/SRR14369136.x.s__Holdemanella porci.fastq.gz,SRR14369136.x.s__Holdemanella porci,a1ade7d9,11830000,51,DNA,10000,1183,True,0.8823643358389008,0.915350501215715,0.8988574185273079,0.915350501215715,True,5,4294,6059,d__Bacteria;p__Bacillota;c__Bacilli;o__Erysipelotrichales;f__Erysipelotrichaceae;g__Colivicinus;s__Colivicinus sp022776215
10000,0.0008453085376162299,0.004694835680751174,0.0008453085376162299,0.00033008747318039283,2.0,2.0,0.0,/group/ctbrowngrp5/sourmash-db.new/gtdb-rs226/gtdb-rs226-k51.dna.rocksdb,GCA_934215405.1 uncultured Bacilli bacterium,6879160dfef72175e34e76983d46b1dd,0.004694835680751174,10000,123,7420000,outputs.mapping/bams.cds.rand/SRR14369136.x.s__Holdemanella porci.fastq.gz,SRR14369136.x.s__Holdemanella porci,a1ade7d9,11830000,51,DNA,10000,1183,True,0.8704531418107935,0.9002134511815334,0.8853332964961634,0.9002134511815334,True,2,4296,6059,d__Bacteria;p__Bacillota;c__Bacilli;o__RFN20;f__CAG-631;g__CAKPXW01;s__CAKPXW01 sp934215405
10000,0.0008453085376162299,0.0037735849056603774,0.0008453085376162299,0.00016504373659019642,1.0,1.0,0.0,/group/ctbrowngrp5/sourmash-db.new/gtdb-rs226/gtdb-rs226-k51.dna.rocksdb,GCF_029100905.1 Treponema berlinense,3af72add03212a611b00b266c1992756,0.0037735849056603774,10000,124,7410000,outputs.mapping/bams.cds.rand/SRR14369136.x.s__Holdemanella porci.fastq.gz,SRR14369136.x.s__Holdemanella porci,a1ade7d9,11830000,51,DNA,10000,1183,True,0.8704531418107935,0.8963660000844977,0.8834095709476456,0.8963660000844977,True,1,4297,6059,d__Bacteria;p__Spirochaetota;c__Spirochaetia;o__Treponematales;f__Treponemataceae;g__Treponema_D;s__Treponema_D berlinense
10000,0.0008453085376162299,0.002564102564102564,0.0008453085376162299,0.00033008747318039283,2.0,2.0,0.0,/group/ctbrowngrp5/sourmash-db.new/gtdb-rs226/gtdb-rs226-k51.dna.rocksdb,GCF_002251435.1 Prevotella sp. P2-180,c5f49e122048abf7e20aaf9064685581,0.002564102564102564,10000,125,7400000,outputs.mapping/bams.cds.rand/SRR14369136.x.s__Holdemanella porci.fastq.gz,SRR14369136.x.s__Holdemanella porci,a1ade7d9,11830000,51,DNA,10000,1183,True,0.8704531418107935,0.8896000765867677,0.8800266091987805,0.8896000765867677,True,2,4299,6059,d__Bacteria;p__Bacteroidota;c__Bacteroidia;o__Bacteroidales;f__Bacteroidaceae;g__Prevotella;s__Prevotella sp002251435
10000,0.0008453085376162299,0.0044444444444444444,0.0008453085376162299,0.00016504373659019642,1.0,1.0,0.0,/group/ctbrowngrp5/sourmash-db.new/gtdb-rs226/gtdb-rs226-k51.dna.rocksdb,GCA_028725785.1 Lachnoclostridium sp.,c01cc7794fc4c252d03a892aca7f7578,0.0044444444444444444,10000,126,7390000,outputs.mapping/bams.cds.rand/SRR14369136.x.s__Holdemanella porci.fastq.gz,SRR14369136.x.s__Holdemanella porci,a1ade7d9,11830000,51,DNA,10000,1183,True,0.8704531418107935,0.8992465372686094,0.8848498395397014,0.8992465372686094,True,1,4300,6059,d__Bacteria;p__Bacillota;c__Clostridia;o__Lachnospirales;f__Lachnospiraceae;g__V9D3004;s__V9D3004 sp002349525
10000,0.0008453085376162299,0.004784688995215311,0.0008453085376162299,0.00016504373659019642,1.0,1.0,0.0,/group/ctbrowngrp5/sourmash-db.new/gtdb-rs226/gtdb-rs226-k51.dna.rocksdb,GCA_037236195.1 bacterium,c4e1bf77aa531b8721f227c0ae36dea9,0.004784688995215311,10000,127,7380000,outputs.mapping/bams.cds.rand/SRR14369136.x.s__Holdemanella porci.fastq.gz,SRR14369136.x.s__Holdemanella porci,a1ade7d9,11830000,51,DNA,10000,1183,True,0.8704531418107935,0.9005481441482567,0.8855006429795251,0.9005481441482567,True,1,4301,6059,d__Bacteria;p__Bacillota;c__Clostridia;o__Christensenellales;f__CAG-138;g__PeH17;s__PeH17 sp000435055
50000,0.00422654268808115,0.0028653295128939827,0.0008453085376162299,0.0006601749463607857,4.0,4.0,0.0,/group/ctbrowngrp5/sourmash-db.new/gtdb-rs226/gtdb-rs226-k51.dna.rocksdb,GCF_003459705.1 Mediterraneibacter gnavus,4e57cc55894bdf22cc131e03eaa9652f,0.014326647564469915,10000,128,7370000,outputs.mapping/bams.cds.rand/SRR14369136.x.s__Holdemanella porci.fastq.gz,SRR14369136.x.s__Holdemanella porci,a1ade7d9,11830000,51,DNA,10000,1183,True,0.8983605893231745,0.9201231808424758,0.9092418850828252,0.9201231808424758,True,4,4305,6059,d__Bacteria;p__Bacillota;c__Clostridia;o__Lachnospirales;f__Lachnospiraceae;g__Ruminococcus_B;s__Ruminococcus_B gnavus
20000,0.0016906170752324597,0.0028653295128939827,0.0008453085376162299,0.0013203498927215713,8.0,8.0,0.0,/group/ctbrowngrp5/sourmash-db.new/gtdb-rs226/gtdb-rs226-k51.dna.rocksdb,GCF_016937335.1 Ruthenibacterium lactatiformans,0ede28993cc5b30cd7ab23f1642fb834,0.0057306590257879654,10000,129,7360000,outputs.mapping/bams.cds.rand/SRR14369136.x.s__Holdemanella porci.fastq.gz,SRR14369136.x.s__Holdemanella porci,a1ade7d9,11830000,51,DNA,10000,1183,True,0.8823643358389008,0.9037394215675933,0.8930518787032471,0.9037394215675933,True,8,4313,6059,d__Bacteria;p__Bacillota;c__Clostridia;o__Oscillospirales;f__Ruminococcaceae;g__Ruthenibacterium;s__Ruthenibacterium lactatiformans
10000,0.0008453085376162299,0.0038022813688212928,0.0008453085376162299,0.00016504373659019642,1.0,1.0,0.0,/group/ctbrowngrp5/sourmash-db.new/gtdb-rs226/gtdb-rs226-k51.dna.rocksdb,GCA_022775085.1 Clostridiales bacterium,2d509dd1575226aef1b5363516e0a251,0.0038022813688212928,10000,130,7350000,outputs.mapping/bams.cds.rand/SRR14369136.x.s__Holdemanella porci.fastq.gz,SRR14369136.x.s__Holdemanella porci,a1ade7d9,11830000,51,DNA,10000,1183,True,0.8704531418107935,0.896499160640959,0.8834761512258762,0.896499160640959,True,1,4314,6059,d__Bacteria;p__Bacillota;c__Clostridia;o__Oscillospirales;f__Oscillospiraceae;g__Faecousia;s__Faecousia sp022775085
20000,0.0016906170752324597,0.0032679738562091504,0.0008453085376162299,0.01600924244924905,97.0,97.0,0.0,/group/ctbrowngrp5/sourmash-db.new/gtdb-rs226/gtdb-rs226-k51.dna.rocksdb,GCA_022785265.1 Clostridium sp.,bc13373edd189e2d5590d2fac4792d19,0.006535947712418301,10000,131,7340000,outputs.mapping/bams.cds.rand/SRR14369136.x.s__Holdemanella porci.fastq.gz,SRR14369136.x.s__Holdemanella porci,a1ade7d9,11830000,51,DNA,10000,1183,True,0.8823643358389008,0.9060724242444924,0.8942183800416966,0.9060724242444924,True,97,4411,6059,d__Bacteria;p__Bacillota;c__Clostridia;o__Clostridiales;f__Clostridiaceae;g__Clostridium;s__Clostridium sp022785265
10000,0.0008453085376162299,0.008130081300813009,0.0008453085376162299,0.000825218682950982,5.0,5.0,0.0,/group/ctbrowngrp5/sourmash-db.new/gtdb-rs226/gtdb-rs226-k51.dna.rocksdb,GCA_036311445.1 Acutalibacteraceae bacterium,668bb6957550c0a1e33db7d516f8b58b,0.008130081300813009,10000,132,7330000,outputs.mapping/bams.cds.rand/SRR14369136.x.s__Holdemanella porci.fastq.gz,SRR14369136.x.s__Holdemanella porci,a1ade7d9,11830000,51,DNA,10000,1183,True,0.8704531418107935,0.9099582533276309,0.8902056975692122,0.9099582533276309,True,5,4416,6059,d__Bacteria;p__Bacillota;c__Clostridia;o__Oscillospirales;f__Acutalibacteraceae;g__UBA737;s__UBA737 sp017391425
10000,0.0008453085376162299,0.0029239766081871343,0.0008453085376162299,0.000825218682950982,5.0,5.0,0.0,/group/ctbrowngrp5/sourmash-db.new/gtdb-rs226/gtdb-rs226-k51.dna.rocksdb,GCA_034114445.1 Prevotella sp.,b5b49d68a615afcf9d6852954d51be84,0.0029239766081871343,10000,133,7320000,outputs.mapping/bams.cds.rand/SRR14369136.x.s__Holdemanella porci.fastq.gz,SRR14369136.x.s__Holdemanella porci,a1ade7d9,11830000,51,DNA,10000,1183,True,0.8704531418107935,0.8918939410246526,0.8811735414177231,0.8918939410246526,True,5,4421,6059,d__Bacteria;p__Bacteroidota;c__Bacteroidia;o__Bacteroidales;f__Bacteroidaceae;g__Prevotella;s__Prevotella sp022771625
10000,0.0008453085376162299,0.008064516129032258,0.0008453085376162299,0.00016504373659019642,1.0,1.0,0.0,/group/ctbrowngrp5/sourmash-db.new/gtdb-rs226/gtdb-rs226-k51.dna.rocksdb,GCA_034177705.1 Candidatus Onthovivens sp.,5b8d008b839808429145f4a9804b2ec6,0.008064516129032258,10000,134,7310000,outputs.mapping/bams.cds.rand/SRR14369136.x.s__Holdemanella porci.fastq.gz,SRR14369136.x.s__Holdemanella porci,a1ade7d9,11830000,51,DNA,10000,1183,True,0.8704531418107935,0.9098137917904366,0.8901334668006151,0.9098137917904366,True,1,4422,6059,d__Bacteria;p__Bacillota;c__Bacilli;o__RFN20;f__CAG-826;g__Onthovivens;s__Onthovivens sp016302065
30000,0.00253592561284869,0.0027247956403269754,0.0008453085376162299,0.00033008747318039283,2.0,2.0,0.0,/group/ctbrowngrp5/sourmash-db.new/gtdb-rs226/gtdb-rs226-k51.dna.rocksdb,GCF_005280655.1 Anaerostipes rhamnosivorans,52dcd932fce94a878b8b04a3c8aa2f5c,0.008174386920980926,10000,135,7300000,outputs.mapping/bams.cds.rand/SRR14369136.x.s__Holdemanella porci.fastq.gz,SRR14369136.x.s__Holdemanella porci,a1ade7d9,11830000,51,DNA,10000,1183,True,0.889407353639691,0.9100552278565777,0.8997312907481343,0.9100552278565777,True,2,4424,6059,d__Bacteria;p__Bacillota;c__Clostridia;o__Lachnospirales;f__Lachnospiraceae;g__Anaerostipes;s__Anaerostipes rhamnosivorans
10000,0.0008453085376162299,0.00411522633744856,0.0008453085376162299,0.00016504373659019642,1.0,1.0,0.0,/group/ctbrowngrp5/sourmash-db.new/gtdb-rs226/gtdb-rs226-k51.dna.rocksdb,GCA_937880075.1 uncultured Romboutsia sp.,860f354aee4673b1c02172dbd97a73e3,0.00411522633744856,10000,136,7290000,outputs.mapping/bams.cds.rand/SRR14369136.x.s__Holdemanella porci.fastq.gz,SRR14369136.x.s__Holdemanella porci,a1ade7d9,11830000,51,DNA,10000,1183,True,0.8704531418107935,0.8978905616220562,0.8841718517164248,0.8978905616220562,True,1,4425,6059,d__Bacteria;p__Bacillota;c__Clostridia;o__Peptostreptococcales;f__Peptostreptococcaceae;g__Romboutsia;s__Romboutsia sp937880075
40000,0.0033812341504649195,0.0021551724137931034,0.0008453085376162299,0.00016504373659019642,1.0,1.0,0.0,/group/ctbrowngrp5/sourmash-db.new/gtdb-rs226/gtdb-rs226-k51.dna.rocksdb,GCA_022715545.1 Lachnospiraceae bacterium,23aa1522ab37eb1e384024807f189b32,0.008620689655172414,10000,137,7280000,outputs.mapping/bams.cds.rand/SRR14369136.x.s__Holdemanella porci.fastq.gz,SRR14369136.x.s__Holdemanella porci,a1ade7d9,11830000,51,DNA,10000,1183,True,0.894438521458813,0.9110043098748272,0.9027214156668201,0.9110043098748272,True,1,4426,6059,d__Bacteria;p__Bacillota;c__Clostridia;o__Lachnospirales;f__Lachnospiraceae;g__Blautia_A;s__Blautia_A wexlerae
10000,0.0008453085376162299,0.007633587786259542,0.0008453085376162299,0.00016504373659019642,1.0,1.0,0.0,/group/ctbrowngrp5/sourmash-db.new/gtdb-rs226/gtdb-rs226-k51.dna.rocksdb,GCA_023403375.1 Bacillota bacterium,f475eb9ff2920219ac26395a368fd1cb,0.007633587786259542,10000,138,7270000,outputs.mapping/bams.cds.rand/SRR14369136.x.s__Holdemanella porci.fastq.gz,SRR14369136.x.s__Holdemanella porci,a1ade7d9,11830000,51,DNA,10000,1183,True,0.8704531418107935,0.908834650149845,0.8896438959803192,0.908834650149845,True,1,4427,6059,d__Bacteria;p__Bacillota;c__Clostridia;o__Christensenellales;f__Borkfalkiaceae;g__UBA1259;s__UBA1259 sp023403375
10000,0.0008453085376162299,0.0026666666666666666,0.0008453085376162299,0.00016504373659019642,1.0,1.0,0.0,/group/ctbrowngrp5/sourmash-db.new/gtdb-rs226/gtdb-rs226-k51.dna.rocksdb,GCF_018128085.1 Prevotella jejuni,88a09f47bd67924aeac45c6ce5455a9c,0.0026666666666666666,10000,139,7260000,outputs.mapping/bams.cds.rand/SRR14369136.x.s__Holdemanella porci.fastq.gz,SRR14369136.x.s__Holdemanella porci,a1ade7d9,11830000,51,DNA,10000,1183,True,0.8704531418107935,0.8902844720562562,0.8803688069335248,0.8902844720562562,True,1,4428,6059,d__Bacteria;p__Bacteroidota;c__Bacteroidia;o__Bacteroidales;f__Bacteroidaceae;g__Prevotella;s__Prevotella jejuni
10000,0.0008453085376162299,0.004291845493562232,0.0008453085376162299,0.000825218682950982,5.0,5.0,0.0,/group/ctbrowngrp5/sourmash-db.new/gtdb-rs226/gtdb-rs226-k51.dna.rocksdb,GCA_963618855.1 bacterium,b7f42c02f58e9a729836cefc2cda65c3,0.004291845493562232,10000,140,7250000,outputs.mapping/bams.cds.rand/SRR14369136.x.s__Holdemanella porci.fastq.gz,SRR14369136.x.s__Holdemanella porci,a1ade7d9,11830000,51,DNA,10000,1183,True,0.8704531418107935,0.8986307105512661,0.8845419261810298,0.8986307105512661,True,5,4433,6059,d__Bacteria;p__Bacillota;c__Bacilli;o__RFN20;f__CAG-288;g__Enterosoma;s__Enterosoma sp963648975
10000,0.0008453085376162299,0.00423728813559322,0.0008453085376162299,0.0004951312097705892,3.0,3.0,0.0,/group/ctbrowngrp5/sourmash-db.new/gtdb-rs226/gtdb-rs226-k51.dna.rocksdb,GCA_022775645.1 Lachnospiraceae bacterium,737b1838efa2bfb429f3f0316c003db1,0.00423728813559322,10000,141,7240000,outputs.mapping/bams.cds.rand/SRR14369136.x.s__Holdemanella porci.fastq.gz,SRR14369136.x.s__Holdemanella porci,a1ade7d9,11830000,51,DNA,10000,1183,True,0.8704531418107935,0.8984053172829363,0.8844292295468649,0.8984053172829363,True,3,4436,6059,d__Bacteria;p__Bacillota;c__Clostridia;o__Lachnospirales;f__Lachnospiraceae;g__UBA2868;s__UBA2868 sp004552595
10000,0.0008453085376162299,0.007352941176470588,0.0008453085376162299,0.00016504373659019642,1.0,1.0,0.0,/group/ctbrowngrp5/sourmash-db.new/gtdb-rs226/gtdb-rs226-k51.dna.rocksdb,GCA_028724225.1 Bacilli bacterium,0161bb8beaf06fe0f6fe2a5ca8ac4dc9,0.007352941176470588,10000,142,7230000,outputs.mapping/bams.cds.rand/SRR14369136.x.s__Holdemanella porci.fastq.gz,SRR14369136.x.s__Holdemanella porci,a1ade7d9,11830000,51,DNA,10000,1183,True,0.8704531418107935,0.9081673906938506,0.889310266252322,0.9081673906938506,True,1,4437,6059,d__Bacteria;p__Bacillota;c__Bacilli;o__RFN20;f__CAG-288;g__HGM10890;s__HGM10890 sp900769965
10000,0.0008453085376162299,0.0036101083032490976,0.0008453085376162299,0.00016504373659019642,1.0,1.0,0.0,/group/ctbrowngrp5/sourmash-db.new/gtdb-rs226/gtdb-rs226-k51.dna.rocksdb,GCA_934351615.1 uncultured Eubacterium sp.,569c1531461eb872a93a4e9d83a4f58b,0.0036101083032490976,10000,143,7220000,outputs.mapping/bams.cds.rand/SRR14369136.x.s__Holdemanella porci.fastq.gz,SRR14369136.x.s__Holdemanella porci,a1ade7d9,11830000,51,DNA,10000,1183,True,0.8704531418107935,0.8955879463753921,0.8830205440930927,0.8955879463753921,True,1,4438,6059,d__Bacteria;p__Bacillota;c__Clostridia;o__Lachnospirales;f__Lachnospiraceae;g__Eubacterium_F;s__Eubacterium_F sp900539115
10000,0.0008453085376162299,0.005649717514124294,0.0008453085376162299,0.00016504373659019642,1.0,1.0,0.0,/group/ctbrowngrp5/sourmash-db.new/gtdb-rs226/gtdb-rs226-k51.dna.rocksdb,GCF_958348445.1 Phascolarctobacterium succinatutens,43668128eb73f8097d6f1a8612556abd,0.005649717514124294,10000,144,7210000,outputs.mapping/bams.cds.rand/SRR14369136.x.s__Holdemanella porci.fastq.gz,SRR14369136.x.s__Holdemanella porci,a1ade7d9,11830000,51,DNA,10000,1183,True,0.8704531418107935,0.9034873844621032,0.8869702631364483,0.9034873844621032,True,1,4439,6059,d__Bacteria;p__Bacillota;c__Negativicutes;o__Acidaminococcales;f__Acidaminococcaceae;g__Phascolarctobacterium_A;s__Phascolarctobacterium_A succinatutens_B
20000,0.0016906170752324597,0.002702702702702703,0.0008453085376162299,0.00016504373659019642,1.0,1.0,0.0,/group/ctbrowngrp5/sourmash-db.new/gtdb-rs226/gtdb-rs226-k51.dna.rocksdb,GCF_029225965.1 Anaerobutyricum hallii,c6c0affe981e0da03f5fd38c914ef6bc,0.005405405405405406,10000,145,7200000,outputs.mapping/bams.cds.rand/SRR14369136.x.s__Holdemanella porci.fastq.gz,SRR14369136.x.s__Holdemanella porci,a1ade7d9,11830000,51,DNA,10000,1183,True,0.8823643358389008,0.9027045934360562,0.8925344646374785,0.9027045934360562,True,1,4440,6059,d__Bacteria;p__Bacillota;c__Clostridia;o__Lachnospirales;f__Lachnospiraceae;g__Anaerobutyricum;s__Anaerobutyricum hallii
20000,0.0016906170752324597,0.005208333333333333,0.0008453085376162299,0.00016504373659019642,1.0,1.0,0.0,/group/ctbrowngrp5/sourmash-db.new/gtdb-rs226/gtdb-rs226-k51.dna.rocksdb,GCA_937984015.1 uncultured Phascolarctobacterium sp.,e0cfdc977895caf17cc430ba4a64b072,0.010416666666666666,10000,146,7190000,outputs.mapping/bams.cds.rand/SRR14369136.x.s__Holdemanella porci.fastq.gz,SRR14369136.x.s__Holdemanella porci,a1ade7d9,11830000,51,DNA,10000,1183,True,0.8823643358389008,0.9143909869311075,0.8983776613850042,0.9143909869311075,True,1,4441,6059,d__Bacteria;p__Bacillota;c__Negativicutes;o__Acidaminococcales;f__Acidaminococcaceae;g__Phascolarctobacterium_A;s__Phascolarctobacterium_A sp900553055
10000,0.0008453085376162299,0.005235602094240838,0.0008453085376162299,0.00033008747318039283,2.0,2.0,0.0,/group/ctbrowngrp5/sourmash-db.new/gtdb-rs226/gtdb-rs226-k51.dna.rocksdb,GCF_946403945.1 uncultured Methanobrevibacter sp.,cd68bb93cd38f92715c30de2ff57fdb8,0.005235602094240838,10000,147,7180000,outputs.mapping/bams.cds.rand/SRR14369136.x.s__Holdemanella porci.fastq.gz,SRR14369136.x.s__Holdemanella porci,a1ade7d9,11830000,51,DNA,10000,1183,True,0.8704531418107935,0.9021398257330133,0.8862964837719034,0.9021398257330133,True,2,4443,6059,d__Archaea;p__Methanobacteriota;c__Methanobacteria;o__Methanobacteriales;f__Methanobacteriaceae;g__Methanocatella;s__Methanocatella sp022775905
10000,0.0008453085376162299,0.0053475935828877,0.0008453085376162299,0.0013203498927215713,8.0,8.0,0.0,/group/ctbrowngrp5/sourmash-db.new/gtdb-rs226/gtdb-rs226-k51.dna.rocksdb,GCA_022775905.1 Methanobrevibacter sp.,2227d27da365c7ee68d76d3ecc693505,0.0053475935828877,10000,148,7170000,outputs.mapping/bams.cds.rand/SRR14369136.x.s__Holdemanella porci.fastq.gz,SRR14369136.x.s__Holdemanella porci,a1ade7d9,11830000,51,DNA,10000,1183,True,0.8704531418107935,0.9025142881157426,0.886483714963268,0.9025142881157426,True,8,4451,6059,d__Archaea;p__Methanobacteriota;c__Methanobacteria;o__Methanobacteriales;f__Methanobacteriaceae;g__Methanocatella;s__Methanocatella sp022775905
20000,0.0016906170752324597,0.0035714285714285713,0.0008453085376162299,0.00016504373659019642,1.0,1.0,0.0,/group/ctbrowngrp5/sourmash-db.new/gtdb-rs226/gtdb-rs226-k51.dna.rocksdb,GCA_945987595.1 uncultured bacterium,ba02e8b93b7e9d5d0748658ae8e80105,0.007142857142857143,10000,149,7160000,outputs.mapping/bams.cds.rand/SRR14369136.x.s__Holdemanella porci.fastq.gz,SRR14369136.x.s__Holdemanella porci,a1ade7d9,11830000,51,DNA,10000,1183,True,0.8823643358389008,0.9076513503870351,0.895007843112968,0.9076513503870351,True,1,4452,6059,d__Bacteria;p__Bacillota;c__Clostridia;o__Lachnospirales;f__Lachnospiraceae;g__W0P33-017;s__W0P33-017 sp022771765
10000,0.0008453085376162299,0.0025252525252525255,0.0008453085376162299,0.0006601749463607857,4.0,4.0,0.0,/group/ctbrowngrp5/sourmash-db.new/gtdb-rs226/gtdb-rs226-k51.dna.rocksdb,GCA_945982685.1 uncultured Prevotella sp.,f1413d1d3c3a99c1363e9832573a9709,0.0025252525252525255,10000,150,7150000,outputs.mapping/bams.cds.rand/SRR14369136.x.s__Holdemanella porci.fastq.gz,SRR14369136.x.s__Holdemanella porci,a1ade7d9,11830000,51,DNA,10000,1183,True,0.8704531418107935,0.8893338038099182,0.8798934728103558,0.8893338038099182,True,4,4456,6059,d__Bacteria;p__Bacteroidota;c__Bacteroidia;o__Bacteroidales;f__Bacteroidaceae;g__Prevotella;s__Prevotella sp022764085
520000,0.04395604395604396,0.004347826086956522,0.0008453085376162299,0.00016504373659019642,1.0,1.0,0.0,/group/ctbrowngrp5/sourmash-db.new/gtdb-rs226/gtdb-rs226-k51.dna.rocksdb,GCA_008680545.1 Eubacterium sp. LMAG:35,1a0cff82ba7e88e40d8e6d59b1dc99e8,0.22608695652173913,10000,151,7140000,outputs.mapping/bams.cds.rand/SRR14369136.x.s__Holdemanella porci.fastq.gz,SRR14369136.x.s__Holdemanella porci,a1ade7d9,11830000,51,DNA,10000,1183,True,0.940573029836832,0.971267228451395,0.9559201291441135,0.971267228451395,False,1,4457,6059,d__Bacteria;p__Bacillota;c__Bacilli;o__Erysipelotrichales;f__Erysipelotrichaceae;g__Holdemanella;s__Holdemanella porci
10000,0.0008453085376162299,0.0045662100456621,0.0008453085376162299,0.00016504373659019642,1.0,1.0,0.0,/group/ctbrowngrp5/sourmash-db.new/gtdb-rs226/gtdb-rs226-k51.dna.rocksdb,GCA_029218845.1 Clostridia bacterium,44407645c47400f97af3f80fe3ddec10,0.0045662100456621,10000,152,7130000,outputs.mapping/bams.cds.rand/SRR14369136.x.s__Holdemanella porci.fastq.gz,SRR14369136.x.s__Holdemanella porci,a1ade7d9,11830000,51,DNA,10000,1183,True,0.8704531418107935,0.8997232408336094,0.8850881913222015,0.8997232408336094,True,1,4458,6059,d__Bacteria;p__Bacillota;c__Clostridia;o__Lachnospirales;f__Lachnospiraceae;g__Lachnospira;s__Lachnospira sp945946665
10000,0.0008453085376162299,0.006535947712418301,0.0008453085376162299,0.00016504373659019642,1.0,1.0,0.0,/group/ctbrowngrp5/sourmash-db.new/gtdb-rs226/gtdb-rs226-k51.dna.rocksdb,GCA_959603975.1 uncultured bacterium,8d9fb054fc30586088e1bfa9dffa1c14,0.006535947712418301,10000,153,7120000,outputs.mapping/bams.cds.rand/SRR14369136.x.s__Holdemanella porci.fastq.gz,SRR14369136.x.s__Holdemanella porci,a1ade7d9,11830000,51,DNA,10000,1183,True,0.8704531418107935,0.9060724242444924,0.8882627830276429,0.9060724242444924,True,1,4459,6059,d__Bacteria;p__Bacillota;c__Clostridia;o__Oscillospirales;f__Oscillospiraceae;g__Faecousia;s__Faecousia sp905215665
70000,0.005917159763313609,0.004878048780487805,0.0008453085376162299,0.00016504373659019642,1.0,1.0,0.0,/group/ctbrowngrp5/sourmash-db.new/gtdb-rs226/gtdb-rs226-k51.dna.rocksdb,GCF_022771525.1 Catenibacterium mitsuokai,42a73ade995ebb669b1a6a75af2446ac,0.03414634146341464,10000,154,7110000,outputs.mapping/bams.cds.rand/SRR14369136.x.s__Holdemanella porci.fastq.gz,SRR14369136.x.s__Holdemanella porci,a1ade7d9,11830000,51,DNA,10000,1183,True,0.9043071131825837,0.9359271434513284,0.920117128316956,0.9359271434513284,False,1,4460,6059,d__Bacteria;p__Bacillota;c__Bacilli;o__Erysipelotrichales;f__Coprobacillaceae;g__Catenibacterium;s__Catenibacterium mitsuokai_A
10000,0.0008453085376162299,0.006211180124223602,0.0008453085376162299,0.00033008747318039283,2.0,2.0,0.0,/group/ctbrowngrp5/sourmash-db.new/gtdb-rs226/gtdb-rs226-k51.dna.rocksdb,GCA_934179975.1 uncultured Bacilli bacterium,00567eb31e748f4fe77d990d8cf8892f,0.006211180124223602,10000,155,7100000,outputs.mapping/bams.cds.rand/SRR14369136.x.s__Holdemanella porci.fastq.gz,SRR14369136.x.s__Holdemanella porci,a1ade7d9,11830000,51,DNA,10000,1183,True,0.8704531418107935,0.9051674002771832,0.8878102710439884,0.9051674002771832,True,2,4462,6059,d__Bacteria;p__Bacillota;c__Bacilli;o__ML615J-28;f__CAG-698;g__CAG-698;s__CAG-698 sp000431235
10000,0.0008453085376162299,0.005405405405405406,0.0008453085376162299,0.00033008747318039283,2.0,2.0,0.0,/group/ctbrowngrp5/sourmash-db.new/gtdb-rs226/gtdb-rs226-k51.dna.rocksdb,GCA_949292365.1 uncultured Oscillospiraceae bacterium,33c39afc37e3c9c0101df14714049e6d,0.005405405405405406,10000,156,7090000,outputs.mapping/bams.cds.rand/SRR14369136.x.s__Holdemanella porci.fastq.gz,SRR14369136.x.s__Holdemanella porci,a1ade7d9,11830000,51,DNA,10000,1183,True,0.8704531418107935,0.9027045934360562,0.8865788676234249,0.9027045934360562,True,2,4464,6059,d__Bacteria;p__Bacillota;c__Clostridia;o__Oscillospirales;f__Ruminococcaceae;g__Metaruminococcus_A;s__Metaruminococcus_A gallistercoris
70000,0.005917159763313609,0.007407407407407408,0.0008453085376162299,0.001980524839082357,12.0,12.0,0.0,/group/ctbrowngrp5/sourmash-db.new/gtdb-rs226/gtdb-rs226-k51.dna.rocksdb,GCA_034178975.1 Candidatus Onthovivens sp.,35ec23860a0423a584470eb3b62746d2,0.05185185185185185,10000,157,7080000,outputs.mapping/bams.cds.rand/SRR14369136.x.s__Holdemanella porci.fastq.gz,SRR14369136.x.s__Holdemanella porci,a1ade7d9,11830000,51,DNA,10000,1183,True,0.9043071131825837,0.9436246981188066,0.9239659056506951,0.9436246981188066,False,12,4476,6059,d__Bacteria;p__Bacillota;c__Bacilli;o__RFN20;f__CAG-826;g__Onthovivens;s__Onthovivens sp016302065
10000,0.0008453085376162299,0.0035087719298245615,0.0008453085376162299,0.00016504373659019642,1.0,1.0,0.0,/group/ctbrowngrp5/sourmash-db.new/gtdb-rs226/gtdb-rs226-k51.dna.rocksdb,GCA_034089085.1 Eubacteriales bacterium,9f74fe8ceb65900662d516910de3c04e,0.0035087719298245615,10000,158,7070000,outputs.mapping/bams.cds.rand/SRR14369136.x.s__Holdemanella porci.fastq.gz,SRR14369136.x.s__Holdemanella porci,a1ade7d9,11830000,51,DNA,10000,1183,True,0.8704531418107935,0.8950881077119309,0.8827706247613623,0.8950881077119309,True,1,4477,6059,d__Bacteria;p__Bacillota;c__Clostridia;o__Christensenellales;f__Aristaeellaceae;g__Firm-10;s__Firm-10 sp004552515
20000,0.0016906170752324597,0.003663003663003663,0.0008453085376162299,0.0006601749463607857,4.0,4.0,0.0,/group/ctbrowngrp5/sourmash-db.new/gtdb-rs226/gtdb-rs226-k51.dna.rocksdb,GCA_963928105.1 uncultured Ruminococcus sp.,da596015b0f8c5469b9bf7801737b087,0.007326007326007326,10000,159,7060000,outputs.mapping/bams.cds.rand/SRR14369136.x.s__Holdemanella porci.fastq.gz,SRR14369136.x.s__Holdemanella porci,a1ade7d9,11830000,51,DNA,10000,1183,True,0.8823643358389008,0.9081020454348602,0.8952331906368804,0.9081020454348602,True,4,4481,6059,d__Bacteria;p__Bacillota;c__Clostridia;o__Lachnospirales;f__Lachnospiraceae;g__Mediterraneibacter;s__Mediterraneibacter excrementipullorum
10000,0.0008453085376162299,0.006172839506172839,0.0008453085376162299,0.00033008747318039283,2.0,2.0,0.0,/group/ctbrowngrp5/sourmash-db.new/gtdb-rs226/gtdb-rs226-k51.dna.rocksdb,GCA_945874235.1 uncultured Clostridia bacterium,651afeb3ac60400a7040e0cf1084d36e,0.006172839506172839,10000,160,7050000,outputs.mapping/bams.cds.rand/SRR14369136.x.s__Holdemanella porci.fastq.gz,SRR14369136.x.s__Holdemanella porci,a1ade7d9,11830000,51,DNA,10000,1183,True,0.8704531418107935,0.9050575095049318,0.8877553256578626,0.9050575095049318,True,2,4483,6059,d__Bacteria;p__Bacillota;c__Clostridia;o__Peptostreptococcales;f__Anaerovoracaceae;g__CAG-238;s__CAG-238 sp945644815
320000,0.027049873203719356,0.004201680672268907,0.0008453085376162299,0.00033008747318039283,2.0,2.0,0.0,/group/ctbrowngrp5/sourmash-db.new/gtdb-rs226/gtdb-rs226-k51.dna.rocksdb,GCA_900547895.1 uncultured Solobacterium sp.,fc0f8bd58137b025f47ffba522b501db,0.13445378151260504,10000,161,7040000,outputs.mapping/bams.cds.rand/SRR14369136.x.s__Holdemanella porci.fastq.gz,SRR14369136.x.s__Holdemanella porci,a1ade7d9,11830000,51,DNA,10000,1183,True,0.9316614844941353,0.9614200977824987,0.946540791138317,0.9614200977824987,False,2,4485,6059,d__Bacteria;p__Bacillota;c__Bacilli;o__Erysipelotrichales;f__Erysipelotrichaceae;g__Holdemanella;s__Holdemanella sp003436425
10000,0.0008453085376162299,0.0047169811320754715,0.0008453085376162299,0.00033008747318039283,2.0,2.0,0.0,/group/ctbrowngrp5/sourmash-db.new/gtdb-rs226/gtdb-rs226-k51.dna.rocksdb,GCA_022777545.1 Limosilactobacillus reuteri,c18264fcbc52c251552bd0d3e13549ad,0.0047169811320754715,10000,162,7030000,outputs.mapping/bams.cds.rand/SRR14369136.x.s__Holdemanella porci.fastq.gz,SRR14369136.x.s__Holdemanella porci,a1ade7d9,11830000,51,DNA,10000,1183,True,0.8704531418107935,0.9002965198455473,0.8853748308281704,0.9002965198455473,True,2,4487,6059,d__Bacteria;p__Bacillota;c__Bacilli;o__Lactobacillales;f__Lactobacillaceae;g__Limosilactobacillus;s__Limosilactobacillus reuteri
10000,0.0008453085376162299,0.0055248618784530384,0.0008453085376162299,0.00016504373659019642,1.0,1.0,0.0,/group/ctbrowngrp5/sourmash-db.new/gtdb-rs226/gtdb-rs226-k51.dna.rocksdb,GCA_029227295.1 Lactimicrobium massiliense,8ed7c10cc273b1a4e916340097ba4ac3,0.0055248618784530384,10000,163,7020000,outputs.mapping/bams.cds.rand/SRR14369136.x.s__Holdemanella porci.fastq.gz,SRR14369136.x.s__Holdemanella porci,a1ade7d9,11830000,51,DNA,10000,1183,True,0.8704531418107935,0.9030915789811151,0.8867723603959543,0.9030915789811151,True,1,4488,6059,d__Bacteria;p__Bacillota;c__Bacilli;o__Erysipelotrichales;f__Erysipelotrichaceae;g__Bulleidia;s__Bulleidia massiliensis
10000,0.0008453085376162299,0.00819672131147541,0.0008453085376162299,0.00033008747318039283,2.0,2.0,0.0,/group/ctbrowngrp5/sourmash-db.new/gtdb-rs226/gtdb-rs226-k51.dna.rocksdb,GCA_905188025.1 uncultured Eubacteriales bacterium,da30fe0855417b7562560f03157ce6b2,0.00819672131147541,10000,164,7010000,outputs.mapping/bams.cds.rand/SRR14369136.x.s__Holdemanella porci.fastq.gz,SRR14369136.x.s__Holdemanella porci,a1ade7d9,11830000,51,DNA,10000,1183,True,0.8704531418107935,0.910103917375183,0.8902785295929883,0.910103917375183,True,2,4490,6059,d__Bacteria;p__Bacillota;c__Bacilli;o__RF39;f__UBA660;g__RUG705;s__RUG705 sp905188025
970000,0.08199492814877431,0.007352941176470588,0.0008453085376162299,0.0009902624195411785,6.0,6.0,0.0,/group/ctbrowngrp5/sourmash-db.new/gtdb-rs226/gtdb-rs226-k51.dna.rocksdb,GCA_945912825.1 uncultured Solobacterium sp.,58a85ee3a21c23934cae20525bb5b6ca,0.7132352941176471,10000,165,7000000,outputs.mapping/bams.cds.rand/SRR14369136.x.s__Holdemanella porci.fastq.gz,SRR14369136.x.s__Holdemanella porci,a1ade7d9,11830000,51,DNA,10000,1183,True,0.9521419625244428,0.9933955547303915,0.9727687586274172,0.9933955547303915,False,6,4496,6059,d__Bacteria;p__Bacillota;c__Bacilli;o__Erysipelotrichales;f__Erysipelotrichaceae;g__Holdemanella;s__Holdemanella porci
820000,0.06931530008453085,0.0070921985815602835,0.0008453085376162299,0.00033008747318039283,2.0,2.0,0.0,/group/ctbrowngrp5/sourmash-db.new/gtdb-rs226/gtdb-rs226-k51.dna.rocksdb,GCA_945877745.1 uncultured Solobacterium sp.,418d05b4b2ebb1fbe8fdd43c3f889240,0.5815602836879432,10000,166,6990000,outputs.mapping/bams.cds.rand/SRR14369136.x.s__Holdemanella porci.fastq.gz,SRR14369136.x.s__Holdemanella porci,a1ade7d9,11830000,51,DNA,10000,1183,True,0.9490108090276906,0.9894280323592289,0.9692194206934598,0.9894280323592289,False,2,4498,6059,d__Bacteria;p__Bacillota;c__Bacilli;o__Erysipelotrichales;f__Erysipelotrichaceae;g__Holdemanella;s__Holdemanella porci
10000,0.0008453085376162299,0.0044444444444444444,0.0008453085376162299,0.00016504373659019642,1.0,1.0,0.0,/group/ctbrowngrp5/sourmash-db.new/gtdb-rs226/gtdb-rs226-k51.dna.rocksdb,GCA_945788285.1 uncultured Oribacterium sp.,c124efebd3213e57ec2c102afe499872,0.0044444444444444444,10000,167,6980000,outputs.mapping/bams.cds.rand/SRR14369136.x.s__Holdemanella porci.fastq.gz,SRR14369136.x.s__Holdemanella porci,a1ade7d9,11830000,51,DNA,10000,1183,True,0.8704531418107935,0.8992465372686094,0.8848498395397014,0.8992465372686094,True,1,4499,6059,d__Bacteria;p__Bacillota;c__Clostridia;o__Lachnospirales;f__Lachnospiraceae;g__Oribacterium;s__Oribacterium sp004554245
10000,0.0008453085376162299,0.005917159763313609,0.0008453085376162299,0.00033008747318039283,2.0,2.0,0.0,/group/ctbrowngrp5/sourmash-db.new/gtdb-rs226/gtdb-rs226-k51.dna.rocksdb,GCA_945965185.1 uncultured Clostridia bacterium,7952608876aa4ef6c5b3c01196568293,0.005917159763313609,10000,168,6970000,outputs.mapping/bams.cds.rand/SRR14369136.x.s__Holdemanella porci.fastq.gz,SRR14369136.x.s__Holdemanella porci,a1ade7d9,11830000,51,DNA,10000,1183,True,0.8704531418107935,0.9043071131825837,0.8873801274966886,0.9043071131825837,True,2,4501,6059,d__Bacteria;p__Bacillota;c__Clostridia;o__Oscillospirales;f__Oscillospiraceae;g__F23-B02;s__F23-B02 sp004556755
10000,0.0008453085376162299,0.004366812227074236,0.0008453085376162299,0.00033008747318039283,2.0,2.0,0.0,/group/ctbrowngrp5/sourmash-db.new/gtdb-rs226/gtdb-rs226-k51.dna.rocksdb,GCA_022778105.1 Ruminococcus sp.,4dde7887b88b548b60ed57f27c747aa6,0.004366812227074236,10000,169,6960000,outputs.mapping/bams.cds.rand/SRR14369136.x.s__Holdemanella porci.fastq.gz,SRR14369136.x.s__Holdemanella porci,a1ade7d9,11830000,51,DNA,10000,1183,True,0.8704531418107935,0.8989358818428389,0.8846945118268161,0.8989358818428389,True,2,4503,6059,d__Bacteria;p__Bacillota;c__Clostridia;o__Oscillospirales;f__Acutalibacteraceae;g__CAG-488;s__CAG-488 sp000434055
30000,0.00253592561284869,0.0026455026455026454,0.0008453085376162299,0.00033008747318039283,2.0,2.0,0.0,/group/ctbrowngrp5/sourmash-db.new/gtdb-rs226/gtdb-rs226-k51.dna.rocksdb,GCA_041323155.1 Roseburia faecis,ee6672214b09d691e6cae81719d56264,0.007936507936507936,10000,170,6950000,outputs.mapping/bams.cds.rand/SRR14369136.x.s__Holdemanella porci.fastq.gz,SRR14369136.x.s__Holdemanella porci,a1ade7d9,11830000,51,DNA,10000,1183,True,0.889407353639691,0.9095283986940155,0.8994678761668533,0.9095283986940155,True,2,4505,6059,d__Bacteria;p__Bacillota;c__Clostridia;o__Lachnospirales;f__Lachnospiraceae;g__Agathobacter;s__Agathobacter faecis
20000,0.0016906170752324597,0.004016064257028112,0.0008453085376162299,0.000825218682950982,5.0,5.0,0.0,/group/ctbrowngrp5/sourmash-db.new/gtdb-rs226/gtdb-rs226-k51.dna.rocksdb,GCA_900543255.1 uncultured Bacteroidales bacterium,f1249f015d405f64c66b58d9a0ecb61f,0.008032128514056224,10000,171,6940000,outputs.mapping/bams.cds.rand/SRR14369136.x.s__Holdemanella porci.fastq.gz,SRR14369136.x.s__Holdemanella porci,a1ade7d9,11830000,51,DNA,10000,1183,True,0.8823643358389008,0.9097420058492147,0.8960531708440578,0.9097420058492147,True,5,4510,6059,d__Bacteria;p__Bacteroidota;c__Bacteroidia;o__Bacteroidales;f__Muribaculaceae;g__Sodaliphilus;s__Sodaliphilus sp004557565
10000,0.0008453085376162299,7.090187180941577e-06,0.0008453085376162299,0.00016504373659019642,1.0,1.0,0.0,/group/ctbrowngrp5/sourmash-db.new/ncbi-euks-2025.01/ncbi-euks-all-2025.01-k51.dna.rocksdb,GCA_948291685.1 Cc-USBG07-0187-DRAFT-NextGenCassava-1.0 Euphorbia celastroides,3b11aeabf6a2602460ce789c8a3a4988,7.090187180941577e-06,10000,172,6930000,outputs.mapping/bams.cds.rand/SRR14369136.x.s__Holdemanella porci.fastq.gz,SRR14369136.x.s__Holdemanella porci,a1ade7d9,11830000,51,DNA,10000,1183,True,0.8704531418107935,0.7925606459384306,0.831506893874612,0.8704531418107935,True,1,4511,6059,Eukaryota;Streptophyta;Magnoliopsida;Malpighiales;Euphorbiaceae;Euphorbia;Euphorbia celastroides;unclassified Euphorbia celastroides subspecies/strain
10000,0.0008453085376162299,3.526316903047443e-06,0.0008453085376162299,0.00016504373659019642,1.0,1.0,0.0,/group/ctbrowngrp5/sourmash-db.new/ncbi-euks-2025.01/ncbi-euks-all-2025.01-k51.dna.rocksdb,GCA_018398815.2 Conus ventricosus,06e0f2d9a4d08c2ec13f812dbc653e9e,3.526316903047443e-06,10000,173,6920000,outputs.mapping/bams.cds.rand/SRR14369136.x.s__Holdemanella porci.fastq.gz,SRR14369136.x.s__Holdemanella porci,a1ade7d9,11830000,51,DNA,10000,1183,True,0.8704531418107935,0.7817803173572152,0.8261167295840044,0.8704531418107935,True,1,4512,6059,Eukaryota;Mollusca;Gastropoda;Neogastropoda;Conidae;Conus;Conus ventricosus;unclassified Conus ventricosus subspecies/strain
