intersect_bp,f_orig_query,f_match,f_unique_to_query,f_unique_weighted,average_abund,median_abund,std_abund,filename,name,md5,f_match_orig,unique_intersect_bp,gather_result_rank,remaining_bp,query_filename,query_name,query_md5,query_bp,ksize,moltype,scaled,query_n_hashes,query_abundance,query_containment_ani,match_containment_ani,average_containment_ani,max_containment_ani,potential_false_negative,n_unique_weighted_found,sum_weighted_found,total_weighted_hashes,lineage
1440000,0.11910669975186104,0.7783783783783784,0.11910669975186104,0.05614121108114734,3.1805555555555554,3.0,2.0434610406590474,/group/ctbrowngrp5/sourmash-db.new/gtdb-rs226/gtdb-rs226-k51.dna.rocksdb,GCA_022774285.1 Bacillota bacterium,bd18bfb30fd157d36bb6d2ca0e01dc08,0.7783783783783784,1440000,0,10650000,outputs.mapping/bams.cds.rand/SRR14369296.x.s__Fimisoma sp002320005.fastq.gz,SRR14369296.x.s__Fimisoma sp002320005,19046aea,12090000,51,DNA,10000,1209,True,0.9591380092396082,0.9950994485373855,0.9771187288884968,0.9950994485373855,False,458,458,8158,d__Bacteria;p__Bacillota;c__Clostridia;o__Peptostreptococcales;f__Anaerovoracaceae;g__Fimisoma;s__Fimisoma sp002320005
1340000,0.11083540115798181,0.14432989690721648,0.02315963606286187,0.0125030644765874,3.642857142857143,2.5,3.4970833328267563,/group/ctbrowngrp5/sourmash-db.new/gtdb-rs226/gtdb-rs226-k51.dna.rocksdb,GCA_945829385.1 uncultured Firmicutes bacterium,569c4ee13989c646b3529ff7002efd65,0.6907216494845361,280000,1,10370000,outputs.mapping/bams.cds.rand/SRR14369296.x.s__Fimisoma sp002320005.fastq.gz,SRR14369296.x.s__Fimisoma sp002320005,19046aea,12090000,51,DNA,10000,1209,True,0.9577853850993573,0.9927709939334257,0.9752781895163916,0.9927709939334257,False,102,560,8158,d__Bacteria;p__Bacillota;c__Clostridia;o__Peptostreptococcales;f__Anaerovoracaceae;g__Fimisoma;s__Fimisoma sp002320005
160000,0.013234077750206782,0.03970223325062035,0.013234077750206782,0.021941652365775926,11.1875,5.5,12.976992862369926,/group/ctbrowngrp5/sourmash-db.new/gtdb-rs226/gtdb-rs226-k51.dna.rocksdb,GCA_022782205.1 Lachnospiraceae bacterium,5d1fe08c84b2c770dab5488addf16ba5,0.03970223325062035,160000,2,10210000,outputs.mapping/bams.cds.rand/SRR14369296.x.s__Fimisoma sp002320005.fastq.gz,SRR14369296.x.s__Fimisoma sp002320005,19046aea,12090000,51,DNA,10000,1209,True,0.9186931207382885,0.938697763354662,0.9286954420464753,0.938697763354662,False,179,739,8158,d__Bacteria;p__Bacillota;c__Clostridia;o__Lachnospirales;f__Lachnospiraceae;g__Oliverpabstia;s__Oliverpabstia sp004556655
1440000,0.11910669975186104,0.06818181818181818,0.01240694789081886,0.0690120127482226,37.53333333333333,3.0,62.83297082123543,/group/ctbrowngrp5/sourmash-db.new/gtdb-rs226/gtdb-rs226-k51.dna.rocksdb,GCA_002320005.1 Firmicutes bacterium UBA1702,7e08ba56ee426e63c2029467361ad169,0.6545454545454545,150000,3,10060000,outputs.mapping/bams.cds.rand/SRR14369296.x.s__Fimisoma sp002320005.fastq.gz,SRR14369296.x.s__Fimisoma sp002320005,19046aea,12090000,51,DNA,10000,1209,True,0.9591380092396082,0.9917243500246556,0.975431179632132,0.9917243500246556,False,563,1302,8158,d__Bacteria;p__Bacillota;c__Clostridia;o__Peptostreptococcales;f__Anaerovoracaceae;g__Fimisoma;s__Fimisoma sp002320005
120000,0.009925558312655087,0.04597701149425287,0.009925558312655087,0.006128953174797744,4.166666666666667,2.5,3.507927529974865,/group/ctbrowngrp5/sourmash-db.new/gtdb-rs226/gtdb-rs226-k51.dna.rocksdb,GCA_022787405.1 Bacillota bacterium,c434930ebfcc110ce818ba51905c9e2e,0.04597701149425287,120000,4,9940000,outputs.mapping/bams.cds.rand/SRR14369296.x.s__Fimisoma sp002320005.fastq.gz,SRR14369296.x.s__Fimisoma sp002320005,19046aea,12090000,51,DNA,10000,1209,True,0.9135255221232728,0.9414024161382295,0.9274639691307511,0.9414024161382295,False,50,1352,8158,d__Bacteria;p__Bacillota;c__Clostridia;o__Peptostreptococcales;f__Anaerovoracaceae;g__CAG-238;s__CAG-238 sp022787405
1410000,0.11662531017369727,0.05263157894736842,0.009098428453267164,0.01826428046089728,13.545454545454545,2.0,31.738601780406242,/group/ctbrowngrp5/sourmash-db.new/gtdb-rs226/gtdb-rs226-k51.dna.rocksdb,GCA_945936195.1 uncultured Firmicutes bacterium,709cb201460207a15a23fa15a6fcb8c5,0.6746411483253588,110000,5,9830000,outputs.mapping/bams.cds.rand/SRR14369296.x.s__Fimisoma sp002320005.fastq.gz,SRR14369296.x.s__Fimisoma sp002320005,19046aea,12090000,51,DNA,10000,1209,True,0.9587421473263222,0.9923125563629256,0.9755273518446239,0.9923125563629256,False,149,1501,8158,d__Bacteria;p__Bacillota;c__Clostridia;o__Peptostreptococcales;f__Anaerovoracaceae;g__Fimisoma;s__Fimisoma sp002320005
120000,0.009925558312655087,0.03278688524590164,0.008271298593879239,0.12172101005148321,99.3,10.5,210.82696696580354,/group/ctbrowngrp5/sourmash-db.new/gtdb-rs226/gtdb-rs226-k51.dna.rocksdb,GCF_039832105.1 Dorea sp. YH-dor226,3c56cbfb20755d30fd6683468b687848,0.03934426229508197,100000,6,9730000,outputs.mapping/bams.cds.rand/SRR14369296.x.s__Fimisoma sp002320005.fastq.gz,SRR14369296.x.s__Fimisoma sp002320005,19046aea,12090000,51,DNA,10000,1209,True,0.9135255221232728,0.9385310711930376,0.9260282966581552,0.9385310711930376,False,993,2494,8158,d__Bacteria;p__Bacillota;c__Clostridia;o__Lachnospirales;f__Lachnospiraceae;g__Dorea_A;s__Dorea_A sp016295505
90000,0.007444168734491315,0.0200445434298441,0.007444168734491315,0.1000245158126992,90.66666666666667,2.0,211.65643019866997,/group/ctbrowngrp5/sourmash-db.new/gtdb-rs226/gtdb-rs226-k51.dna.rocksdb,GCA_021639305.1 Bacteroides uniformis,ac41e11e6234b36a5a2751bd07ebccd5,0.0200445434298441,90000,7,9640000,outputs.mapping/bams.cds.rand/SRR14369296.x.s__Fimisoma sp002320005.fastq.gz,SRR14369296.x.s__Fimisoma sp002320005,19046aea,12090000,51,DNA,10000,1209,True,0.9083869909681554,0.926202197844402,0.9172945944062787,0.926202197844402,False,816,3310,8158,d__Bacteria;p__Bacteroidota;c__Bacteroidia;o__Bacteroidales;f__Bacteroidaceae;g__Bacteroides;s__Bacteroides uniformis
980000,0.08105872622001654,0.04326923076923077,0.007444168734491315,0.002451581269919098,2.2222222222222223,1.0,2.1487866228681907,/group/ctbrowngrp5/sourmash-db.new/gtdb-rs226/gtdb-rs226-k51.dna.rocksdb,GCA_945864645.1 uncultured Firmicutes bacterium,2b8c11e85ff978fb6584aa90b61f1719,0.47115384615384615,90000,8,9550000,outputs.mapping/bams.cds.rand/SRR14369296.x.s__Fimisoma sp002320005.fastq.gz,SRR14369296.x.s__Fimisoma sp002320005,19046aea,12090000,51,DNA,10000,1209,True,0.9519275962801036,0.9853520541423919,0.9686398252112478,0.9853520541423919,False,20,3330,8158,d__Bacteria;p__Bacillota;c__Clostridia;o__Peptostreptococcales;f__Anaerovoracaceae;g__Fimisoma;s__Fimisoma sp002320005
1390000,0.11497105045492143,0.03686635944700461,0.006617038875103391,0.0018386859524393234,1.875,2.0,0.5994789404140899,/group/ctbrowngrp5/sourmash-db.new/gtdb-rs226/gtdb-rs226-k51.dna.rocksdb,GCA_945917585.1 uncultured Firmicutes bacterium,b70fcd2c576dbcd8467b57ad6ab73a3d,0.6405529953917051,80000,9,9470000,outputs.mapping/bams.cds.rand/SRR14369296.x.s__Fimisoma sp002320005.fastq.gz,SRR14369296.x.s__Fimisoma sp002320005,19046aea,12090000,51,DNA,10000,1209,True,0.9584736251461199,0.9913042362168223,0.9748889306814711,0.9913042362168223,False,15,3345,8158,d__Bacteria;p__Bacillota;c__Clostridia;o__Peptostreptococcales;f__Anaerovoracaceae;g__Fimisoma;s__Fimisoma sp002320005
70000,0.005789909015715467,0.020527859237536656,0.005789909015715467,0.007354743809757294,8.571428571428571,3.0,9.78128158207068,/group/ctbrowngrp5/sourmash-db.new/gtdb-rs226/gtdb-rs226-k51.dna.rocksdb,GCA_022782645.1 bacterium,0b15c84544bf68c0fe2a5b3bb65b7da1,0.020527859237536656,70000,10,9400000,outputs.mapping/bams.cds.rand/SRR14369296.x.s__Fimisoma sp002320005.fastq.gz,SRR14369296.x.s__Fimisoma sp002320005,19046aea,12090000,51,DNA,10000,1209,True,0.9039217124971859,0.926634998483767,0.9152783554904764,0.926634998483767,False,60,3405,8158,d__Bacteria;p__Bacillota;c__Clostridia;o__Lachnospirales;f__Lachnospiraceae;g__Roseburia;s__Roseburia inulinivorans
80000,0.006617038875103391,0.02005730659025788,0.005789909015715467,0.0062515322382937,7.285714285714286,5.0,6.922309394048981,/group/ctbrowngrp5/sourmash-db.new/gtdb-rs226/gtdb-rs226-k51.dna.rocksdb,GCA_003464935.1 Agathobacter rectalis,8401fd408f28e0ee6531a2e975d45650,0.022922636103151862,70000,11,9330000,outputs.mapping/bams.cds.rand/SRR14369296.x.s__Fimisoma sp002320005.fastq.gz,SRR14369296.x.s__Fimisoma sp002320005,19046aea,12090000,51,DNA,10000,1209,True,0.9062915179434549,0.9286420063110832,0.917466762127269,0.9286420063110832,False,51,3456,8158,d__Bacteria;p__Bacillota;c__Clostridia;o__Lachnospirales;f__Lachnospiraceae;g__Agathobacter;s__Agathobacter rectalis
70000,0.005789909015715467,0.015463917525773196,0.004962779156327543,0.07440549154204462,101.16666666666667,27.5,121.98007578653525,/group/ctbrowngrp5/sourmash-db.new/gtdb-rs226/gtdb-rs226-k51.dna.rocksdb,GCF_040098205.1 Blautia wexlerae,7c7b4d2a245cd0800f4767057131f891,0.01804123711340206,60000,12,9270000,outputs.mapping/bams.cds.rand/SRR14369296.x.s__Fimisoma sp002320005.fastq.gz,SRR14369296.x.s__Fimisoma sp002320005,19046aea,12090000,51,DNA,10000,1209,True,0.9039217124971859,0.9242918921070195,0.9141068023021026,0.9242918921070195,False,607,4063,8158,d__Bacteria;p__Bacillota;c__Clostridia;o__Lachnospirales;f__Lachnospiraceae;g__Blautia_A;s__Blautia_A wexlerae
70000,0.005789909015715467,0.015957446808510637,0.004962779156327543,0.040696249080657027,55.333333333333336,20.0,68.39753081962989,/group/ctbrowngrp5/sourmash-db.new/gtdb-rs226/gtdb-rs226-k51.dna.rocksdb,GCA_037065365.1 Prevotella sp.,605b0cec1d5e057a79649508b53f6ab4,0.018617021276595744,60000,13,9210000,outputs.mapping/bams.cds.rand/SRR14369296.x.s__Fimisoma sp002320005.fastq.gz,SRR14369296.x.s__Fimisoma sp002320005,19046aea,12090000,51,DNA,10000,1209,True,0.9039217124971859,0.9248614348712247,0.9143915736842053,0.9248614348712247,False,332,4395,8158,d__Bacteria;p__Bacteroidota;c__Bacteroidia;o__Bacteroidales;f__Bacteroidaceae;g__Prevotella;s__Prevotella sp900546535
70000,0.005789909015715467,0.026881720430107527,0.0041356492969396195,0.004045109095366511,6.6,5.0,4.498888751680797,/group/ctbrowngrp5/sourmash-db.new/gtdb-rs226/gtdb-rs226-k51.dna.rocksdb,GCA_004553015.1 Clostridiales bacterium,743427a72385f27635486b570b611a52,0.03763440860215054,50000,14,9160000,outputs.mapping/bams.cds.rand/SRR14369296.x.s__Fimisoma sp002320005.fastq.gz,SRR14369296.x.s__Fimisoma sp002320005,19046aea,12090000,51,DNA,10000,1209,True,0.9039217124971859,0.9377137753504258,0.9208177439238059,0.9377137753504258,False,33,4428,8158,d__Bacteria;p__Bacillota;c__Clostridia;o__Oscillospirales;f__Oscillospiraceae;g__F23-B02;s__F23-B02 sp000431075
60000,0.004962779156327543,0.011547344110854504,0.0041356492969396195,0.060554057367001715,98.8,21.0,114.27055613761577,/group/ctbrowngrp5/sourmash-db.new/gtdb-rs226/gtdb-rs226-k51.dna.rocksdb,GCF_002160465.1 Anaerotruncus colihominis,bb19ca007d85e445187c39e60728900b,0.013856812933025405,50000,15,9110000,outputs.mapping/bams.cds.rand/SRR14369296.x.s__Fimisoma sp002320005.fastq.gz,SRR14369296.x.s__Fimisoma sp002320005,19046aea,12090000,51,DNA,10000,1209,True,0.9011936776666479,0.9195217928238518,0.9103577352452499,0.9195217928238518,True,494,4922,8158,d__Bacteria;p__Bacillota;c__Clostridia;o__Oscillospirales;f__Ruminococcaceae;g__Anaerotruncus;s__Anaerotruncus colihominis
50000,0.0041356492969396195,0.01730103806228374,0.0041356492969396195,0.0029418975239029173,4.8,1.0,4.915282290977803,/group/ctbrowngrp5/sourmash-db.new/gtdb-rs226/gtdb-rs226-k51.dna.rocksdb,GCA_028720025.1 Bacillota bacterium,feb66a68f7af472bea995bd99351889b,0.01730103806228374,50000,16,9060000,outputs.mapping/bams.cds.rand/SRR14369296.x.s__Fimisoma sp002320005.fastq.gz,SRR14369296.x.s__Fimisoma sp002320005,19046aea,12090000,51,DNA,10000,1209,True,0.897977722947568,0.9235329509013656,0.9107553369244668,0.9235329509013656,True,24,4946,8158,d__Bacteria;p__Bacillota;c__Clostridia;o__Lachnospirales;f__Lachnospiraceae;g__Anthropogastromicrobium;s__Anthropogastromicrobium aceti
50000,0.0041356492969396195,0.01529051987767584,0.0041356492969396195,0.004045109095366511,6.6,8.0,3.2619012860600183,/group/ctbrowngrp5/sourmash-db.new/gtdb-rs226/gtdb-rs226-k51.dna.rocksdb,GCA_945828285.1 Blautia obeum,5ae75aa2df72670a81c6d330677c44ff,0.01529051987767584,50000,17,9010000,outputs.mapping/bams.cds.rand/SRR14369296.x.s__Fimisoma sp002320005.fastq.gz,SRR14369296.x.s__Fimisoma sp002320005,19046aea,12090000,51,DNA,10000,1209,True,0.897977722947568,0.9212986532368157,0.9096381880921918,0.9212986532368157,True,33,4979,8158,d__Bacteria;p__Bacillota;c__Clostridia;o__Lachnospirales;f__Lachnospiraceae;g__Blautia_A;s__Blautia_A obeum
50000,0.0041356492969396195,0.0136986301369863,0.0033085194375516956,0.002329002206423143,4.75,2.5,4.815340071064556,/group/ctbrowngrp5/sourmash-db.new/gtdb-rs226/gtdb-rs226-k51.dna.rocksdb,GCA_945963325.1 uncultured Clostridium sp.,c72e40e1317e7f0af39a23d82804a2a6,0.017123287671232876,40000,18,8970000,outputs.mapping/bams.cds.rand/SRR14369296.x.s__Fimisoma sp002320005.fastq.gz,SRR14369296.x.s__Fimisoma sp002320005,19046aea,12090000,51,DNA,10000,1209,True,0.897977722947568,0.9233459613984814,0.9106618421730246,0.9233459613984814,True,19,4998,8158,d__Bacteria;p__Bacillota;c__Clostridia;o__Lachnospirales;f__Lachnospiraceae;g__Suilimivivens;s__Suilimivivens sp017622575
50000,0.0041356492969396195,0.016736401673640166,0.0033085194375516956,0.021696494238784017,44.25,44.5,40.76993377478065,/group/ctbrowngrp5/sourmash-db.new/gtdb-rs226/gtdb-rs226-k51.dna.rocksdb,GCF_021531495.1 Anaerovibrio lipolyticus,17467dcaf9481746cf50adc61e9a02e8,0.02092050209205021,40000,19,8930000,outputs.mapping/bams.cds.rand/SRR14369296.x.s__Fimisoma sp002320005.fastq.gz,SRR14369296.x.s__Fimisoma sp002320005,19046aea,12090000,51,DNA,10000,1209,True,0.897977722947568,0.9269793107674964,0.9124785168575322,0.9269793107674964,True,177,5175,8158,d__Bacteria;p__Bacillota;c__Negativicutes;o__Selenomonadales;f__Selenomonadaceae;g__Anaerovibrio;s__Anaerovibrio sp900548165
40000,0.0033085194375516956,0.014388489208633094,0.0033085194375516956,0.014341750429026722,29.25,23.5,27.48067502809929,/group/ctbrowngrp5/sourmash-db.new/gtdb-rs226/gtdb-rs226-k51.dna.rocksdb,GCA_018383955.1 Prevotella sp.,8835624ac9b6c6bfdb9a6d3689d868fe,0.014388489208633094,40000,20,8890000,outputs.mapping/bams.cds.rand/SRR14369296.x.s__Fimisoma sp002320005.fastq.gz,SRR14369296.x.s__Fimisoma sp002320005,19046aea,12090000,51,DNA,10000,1209,True,0.8940573266034465,0.9202008940690722,0.9071291103362593,0.9202008940690722,True,117,5292,8158,d__Bacteria;p__Bacteroidota;c__Bacteroidia;o__Bacteroidales;f__Bacteroidaceae;g__Prevotella;s__Prevotella sp945863825
50000,0.0041356492969396195,0.020100502512562814,0.0033085194375516956,0.001103211571463594,2.25,1.0,2.165063509461097,/group/ctbrowngrp5/sourmash-db.new/gtdb-rs226/gtdb-rs226-k51.dna.rocksdb,GCA_945829275.1 uncultured Eubacterium sp.,55d0e6494e3f5ef2ef52fda1b77fa22e,0.02512562814070352,40000,21,8850000,outputs.mapping/bams.cds.rand/SRR14369296.x.s__Fimisoma sp002320005.fastq.gz,SRR14369296.x.s__Fimisoma sp002320005,19046aea,12090000,51,DNA,10000,1209,True,0.897977722947568,0.9303144008325623,0.9141460618900652,0.9303144008325623,True,9,5301,8158,d__Bacteria;p__Bacillota;c__Clostridia;o__Peptostreptococcales;f__Anaerovoracaceae;g__Lentihominibacter;s__Lentihominibacter sp022763735
60000,0.004962779156327543,0.017777777777777778,0.0033085194375516956,0.0013483696984555038,2.75,3.0,1.299038105676658,/group/ctbrowngrp5/sourmash-db.new/gtdb-rs226/gtdb-rs226-k51.dna.rocksdb,GCA_029378305.1 bacterium,1e60959badd15eb0aa8919863d3ed04b,0.02666666666666667,40000,22,8810000,outputs.mapping/bams.cds.rand/SRR14369296.x.s__Fimisoma sp002320005.fastq.gz,SRR14369296.x.s__Fimisoma sp002320005,19046aea,12090000,51,DNA,10000,1209,True,0.9011936776666479,0.9314008754643719,0.91629727656551,0.9314008754643719,True,11,5312,8158,d__Bacteria;p__Bacillota;c__Clostridia;o__Lachnospirales;f__Lachnospiraceae;g__Bariatricus;s__Bariatricus sp004560705
90000,0.007444168734491315,0.006802721088435374,0.0033085194375516956,0.001961265015935278,4.0,4.0,2.1213203435596424,/group/ctbrowngrp5/sourmash-db.new/gtdb-rs226/gtdb-rs226-k51.dna.rocksdb,GCF_000371505.1 [Clostridium] clostridioforme 90A8,6f8afff09b4ee01a33b44dc24507f386,0.015306122448979591,40000,23,8770000,outputs.mapping/bams.cds.rand/SRR14369296.x.s__Fimisoma sp002320005.fastq.gz,SRR14369296.x.s__Fimisoma sp002320005,19046aea,12090000,51,DNA,10000,1209,True,0.9083869909681554,0.9213170773690638,0.9148520341686096,0.9213170773690638,False,16,5328,8158,d__Bacteria;p__Bacillota;c__Clostridia;o__Lachnospirales;f__Lachnospiraceae;g__Enterocloster;s__Enterocloster clostridioformis
40000,0.0033085194375516956,0.01606425702811245,0.0033085194375516956,0.000980632507967639,2.0,1.5,1.224744871391589,/group/ctbrowngrp5/sourmash-db.new/gtdb-rs226/gtdb-rs226-k51.dna.rocksdb,GCA_945912775.1 uncultured Clostridia bacterium,c526b934feecd307b938f2872a739b08,0.01606425702811245,40000,24,8730000,outputs.mapping/bams.cds.rand/SRR14369296.x.s__Fimisoma sp002320005.fastq.gz,SRR14369296.x.s__Fimisoma sp002320005,19046aea,12090000,51,DNA,10000,1209,True,0.8940573266034465,0.9221908247766154,0.908124075690031,0.9221908247766154,True,8,5336,8158,d__Bacteria;p__Bacillota;c__Clostridia;o__Oscillospirales;f__Oscillospiraceae;g__Faecousia;s__Faecousia sp945963595
30000,0.0024813895781637717,0.010830324909747292,0.0024813895781637717,0.0008580534444716843,2.3333333333333335,2.0,1.247219128924647,/group/ctbrowngrp5/sourmash-db.new/gtdb-rs226/gtdb-rs226-k51.dna.rocksdb,GCA_902479945.1 uncultured Oscillospiraceae bacterium,f54f0cd0ed8dfcba91f9efc1c296ca7d,0.010830324909747292,30000,25,8700000,outputs.mapping/bams.cds.rand/SRR14369296.x.s__Fimisoma sp002320005.fastq.gz,SRR14369296.x.s__Fimisoma sp002320005,19046aea,12090000,51,DNA,10000,1209,True,0.8890283029845609,0.9150894713072147,0.9020588871458879,0.9150894713072147,True,7,5343,8158,d__Bacteria;p__Bacillota;c__Clostridia;o__Oscillospirales;f__Oscillospiraceae;g__Pelethomonas;s__Pelethomonas sp900549475
30000,0.0024813895781637717,0.008620689655172414,0.0024813895781637717,0.0006128953174797745,1.6666666666666667,1.0,0.9428090415820634,/group/ctbrowngrp5/sourmash-db.new/gtdb-rs226/gtdb-rs226-k51.dna.rocksdb,GCA_041323695.1 Lachnospiraceae bacterium,69eb6432cd98d9772054f7f183064e89,0.008620689655172414,30000,26,8670000,outputs.mapping/bams.cds.rand/SRR14369296.x.s__Fimisoma sp002320005.fastq.gz,SRR14369296.x.s__Fimisoma sp002320005,19046aea,12090000,51,DNA,10000,1209,True,0.8890283029845609,0.9110043098748272,0.900016306429694,0.9110043098748272,True,5,5348,8158,d__Bacteria;p__Bacillota;c__Clostridia;o__Lachnospirales;f__Lachnospiraceae;g__Jutongia;s__Jutongia sp003524945
30000,0.0024813895781637717,0.012552301255230125,0.0024813895781637717,0.003922530031870556,10.666666666666666,10.0,5.734883511361751,/group/ctbrowngrp5/sourmash-db.new/gtdb-rs226/gtdb-rs226-k51.dna.rocksdb,GCA_938023335.1 uncultured Collinsella sp.,9445a2911b51dee9b3933b05a8b98fd4,0.012552301255230125,30000,27,8640000,outputs.mapping/bams.cds.rand/SRR14369296.x.s__Fimisoma sp002320005.fastq.gz,SRR14369296.x.s__Fimisoma sp002320005,19046aea,12090000,51,DNA,10000,1209,True,0.8890283029845609,0.9177408553614469,0.903384579173004,0.9177408553614469,True,32,5380,8158,d__Bacteria;p__Actinomycetota;c__Coriobacteriia;o__Coriobacteriales;f__Coriobacteriaceae;g__Collinsella;s__Collinsella sp905214105
30000,0.0024813895781637717,0.016216216216216217,0.0024813895781637717,0.0018386859524393234,5.0,5.0,2.449489742783178,/group/ctbrowngrp5/sourmash-db.new/gtdb-rs226/gtdb-rs226-k51.dna.rocksdb,GCA_004558595.1 Phascolarctobacterium sp.,82f5ae137c37969242b7840b4f05f8d0,0.016216216216216217,30000,28,8610000,outputs.mapping/bams.cds.rand/SRR14369296.x.s__Fimisoma sp002320005.fastq.gz,SRR14369296.x.s__Fimisoma sp002320005,19046aea,12090000,51,DNA,10000,1209,True,0.8890283029845609,0.9223610841315945,0.9056946935580776,0.9223610841315945,True,15,5395,8158,d__Bacteria;p__Bacillota;c__Negativicutes;o__Acidaminococcales;f__Acidaminococcaceae;g__Phascolarctobacterium_A;s__Phascolarctobacterium_A sp004558595
80000,0.006617038875103391,0.00847457627118644,0.0024813895781637717,0.001103211571463594,3.0,1.0,2.8284271247461903,/group/ctbrowngrp5/sourmash-db.new/gtdb-rs226/gtdb-rs226-k51.dna.rocksdb,GCA_021640625.1 Bacteroidales bacterium,73de56fbc82ef6758ec03b140ead1db6,0.022598870056497175,30000,29,8580000,outputs.mapping/bams.cds.rand/SRR14369296.x.s__Fimisoma sp002320005.fastq.gz,SRR14369296.x.s__Fimisoma sp002320005,19046aea,12090000,51,DNA,10000,1209,True,0.9062915179434549,0.9283830243106065,0.9173372711270307,0.9283830243106065,False,9,5404,8158,d__Bacteria;p__Bacteroidota;c__Bacteroidia;o__Bacteroidales;f__UBA932;g__Cryptobacteroides;s__Cryptobacteroides sp000432515
60000,0.004962779156327543,0.008152173913043478,0.0024813895781637717,0.0006128953174797745,1.6666666666666667,1.0,0.9428090415820634,/group/ctbrowngrp5/sourmash-db.new/gtdb-rs226/gtdb-rs226-k51.dna.rocksdb,GCF_001461035.1 Acetivibrio ethanolgignens,2c87d6e0353c52133f9d0ebfd5aafc8e,0.016304347826086956,30000,30,8550000,outputs.mapping/bams.cds.rand/SRR14369296.x.s__Fimisoma sp002320005.fastq.gz,SRR14369296.x.s__Fimisoma sp002320005,19046aea,12090000,51,DNA,10000,1209,True,0.9011936776666479,0.9224591140329027,0.9118263958497753,0.9224591140329027,True,5,5409,8158,d__Bacteria;p__Bacillota;c__Clostridia;o__Lachnospirales;f__Lachnospiraceae;g__Velocimicrobium;s__Velocimicrobium ethanolgignens
90000,0.007444168734491315,0.006944444444444444,0.0024813895781637717,0.0015935278254474135,4.333333333333333,1.0,4.714045207910317,/group/ctbrowngrp5/sourmash-db.new/gtdb-rs226/gtdb-rs226-k51.dna.rocksdb,GCA_902364215.1 Oscillospiraceae bacterium,dfa72f929418f30ec9c2e12209ca3076,0.020833333333333332,30000,31,8520000,outputs.mapping/bams.cds.rand/SRR14369296.x.s__Fimisoma sp002320005.fastq.gz,SRR14369296.x.s__Fimisoma sp002320005,19046aea,12090000,51,DNA,10000,1209,True,0.9083869909681554,0.9269034220522349,0.9176452065101952,0.9269034220522349,False,13,5422,8158,d__Bacteria;p__Bacillota;c__Clostridia;o__Lachnospirales;f__Lachnospiraceae;g__Blautia_A;s__Blautia_A acetigignens
30000,0.0024813895781637717,0.005253940455341506,0.0024813895781637717,0.005883795047805835,16.0,16.0,4.898979485566356,/group/ctbrowngrp5/sourmash-db.new/gtdb-rs226/gtdb-rs226-k51.dna.rocksdb,GCF_964243285.1 Phocaeicola vulgatus CL09T03C04,efd3f1abe112ad8ea7409089c2d690a1,0.005253940455341506,30000,32,8490000,outputs.mapping/bams.cds.rand/SRR14369296.x.s__Fimisoma sp002320005.fastq.gz,SRR14369296.x.s__Fimisoma sp002320005,19046aea,12090000,51,DNA,10000,1209,True,0.8890283029845609,0.9022016776232131,0.895614990303887,0.9022016776232131,True,48,5470,8158,d__Bacteria;p__Bacteroidota;c__Bacteroidia;o__Bacteroidales;f__Bacteroidaceae;g__Phocaeicola;s__Phocaeicola vulgatus
40000,0.0033085194375516956,0.007556675062972292,0.0024813895781637717,0.0008580534444716843,2.3333333333333335,2.0,1.247219128924647,/group/ctbrowngrp5/sourmash-db.new/gtdb-rs226/gtdb-rs226-k51.dna.rocksdb,GCF_018785655.1 Blautia sp. MCC269,eef65cc67941216635851366268bdb3f,0.010075566750629723,30000,33,8460000,outputs.mapping/bams.cds.rand/SRR14369296.x.s__Fimisoma sp002320005.fastq.gz,SRR14369296.x.s__Fimisoma sp002320005,19046aea,12090000,51,DNA,10000,1209,True,0.8940573266034465,0.9137942506560681,0.9039257886297574,0.9137942506560681,True,7,5477,8158,d__Bacteria;p__Bacillota;c__Clostridia;o__Lachnospirales;f__Lachnospiraceae;g__Blautia_A;s__Blautia_A sp900066205
30000,0.0024813895781637717,0.012396694214876033,0.0024813895781637717,0.0008580534444716843,2.3333333333333335,2.0,1.247219128924647,/group/ctbrowngrp5/sourmash-db.new/gtdb-rs226/gtdb-rs226-k51.dna.rocksdb,GCA_022781125.1 Prevotella sp.,1c18f6c320f5a422b85ade6285945288,0.012396694214876033,30000,34,8430000,outputs.mapping/bams.cds.rand/SRR14369296.x.s__Fimisoma sp002320005.fastq.gz,SRR14369296.x.s__Fimisoma sp002320005,19046aea,12090000,51,DNA,10000,1209,True,0.8890283029845609,0.9175164110597289,0.9032723570221449,0.9175164110597289,True,7,5484,8158,d__Bacteria;p__Bacteroidota;c__Bacteroidia;o__Bacteroidales;f__Bacteroidaceae;g__Prevotella;s__Prevotella sp900543975
80000,0.006617038875103391,0.010101010101010102,0.0024813895781637717,0.001961265015935278,5.333333333333333,6.0,2.494438257849294,/group/ctbrowngrp5/sourmash-db.new/gtdb-rs226/gtdb-rs226-k51.dna.rocksdb,GCF_034118965.1 Faecalimonas umbilicata,3f54c718e01ccdb30ebcdbff53c1f47b,0.026936026936026935,30000,35,8400000,outputs.mapping/bams.cds.rand/SRR14369296.x.s__Fimisoma sp002320005.fastq.gz,SRR14369296.x.s__Fimisoma sp002320005,19046aea,12090000,51,DNA,10000,1209,True,0.9062915179434549,0.9315844404452978,0.9189379791943764,0.9315844404452978,False,16,5500,8158,d__Bacteria;p__Bacillota;c__Clostridia;o__Lachnospirales;f__Lachnospiraceae;g__Faecalimonas;s__Faecalimonas umbilicata
110000,0.009098428453267164,0.010869565217391304,0.0024813895781637717,0.002329002206423143,6.333333333333333,5.0,4.988876515698588,/group/ctbrowngrp5/sourmash-db.new/gtdb-rs226/gtdb-rs226-k51.dna.rocksdb,GCA_021531235.1 Blautia producta,4645e019875be83dc81769376aa27ccc,0.03985507246376811,30000,36,8370000,outputs.mapping/bams.cds.rand/SRR14369296.x.s__Fimisoma sp002320005.fastq.gz,SRR14369296.x.s__Fimisoma sp002320005,19046aea,12090000,51,DNA,10000,1209,True,0.9119682800557756,0.9387684857925265,0.925368382924151,0.9387684857925265,False,19,5519,8158,d__Bacteria;p__Bacillota;c__Clostridia;o__Lachnospirales;f__Lachnospiraceae;g__Oliverpabstia;s__Oliverpabstia intestinalis
90000,0.007444168734491315,0.008064516129032258,0.0024813895781637717,0.0017161068889433686,4.666666666666667,5.0,0.4714045207910317,/group/ctbrowngrp5/sourmash-db.new/gtdb-rs226/gtdb-rs226-k51.dna.rocksdb,GCA_004556565.1 Lachnospiraceae bacterium,edb00f169e376430fe98e2e4c3b24f96,0.024193548387096774,30000,37,8340000,outputs.mapping/bams.cds.rand/SRR14369296.x.s__Fimisoma sp002320005.fastq.gz,SRR14369296.x.s__Fimisoma sp002320005,19046aea,12090000,51,DNA,10000,1209,True,0.9083869909681554,0.9296250860533011,0.9190060385107283,0.9296250860533011,False,14,5533,8158,d__Bacteria;p__Bacillota;c__Clostridia;o__Lachnospirales;f__Lachnospiraceae;g__Schaedlerella;s__Schaedlerella sp004556565
30000,0.0024813895781637717,0.01764705882352941,0.0024813895781637717,0.000980632507967639,2.6666666666666665,2.0,0.9428090415820634,/group/ctbrowngrp5/sourmash-db.new/gtdb-rs226/gtdb-rs226-k51.dna.rocksdb,GCA_022784255.1 Clostridiales bacterium,3b62b0cc58db291c420969e5fa54a784,0.01764705882352941,30000,38,8310000,outputs.mapping/bams.cds.rand/SRR14369296.x.s__Fimisoma sp002320005.fastq.gz,SRR14369296.x.s__Fimisoma sp002320005,19046aea,12090000,51,DNA,10000,1209,True,0.8890283029845609,0.9238916161925452,0.9064599595885531,0.9238916161925452,True,8,5541,8158,d__Bacteria;p__Bacillota;c__Clostridia;o__Peptostreptococcales;f__Anaerovoracaceae;g__Lentihominibacter;s__Lentihominibacter sp022775805
30000,0.0024813895781637717,0.009523809523809525,0.0024813895781637717,0.0020838440794312334,5.666666666666667,2.0,5.185449728701348,/group/ctbrowngrp5/sourmash-db.new/gtdb-rs226/gtdb-rs226-k51.dna.rocksdb,GCA_022787145.1 Lachnospiraceae bacterium,d0862086a2034a2fb11b1c8e4afd51cd,0.009523809523809525,30000,39,8280000,outputs.mapping/bams.cds.rand/SRR14369296.x.s__Fimisoma sp002320005.fastq.gz,SRR14369296.x.s__Fimisoma sp002320005,19046aea,12090000,51,DNA,10000,1209,True,0.8890283029845609,0.9127857201967318,0.9009070115906463,0.9127857201967318,True,17,5558,8158,d__Bacteria;p__Bacillota;c__Clostridia;o__Lachnospirales;f__Lachnospiraceae;g__JALFVM01;s__JALFVM01 sp022787145
1240000,0.10256410256410256,0.016483516483516484,0.0024813895781637717,0.0017161068889433686,4.666666666666667,2.0,3.7712361663282534,/group/ctbrowngrp5/sourmash-db.new/gtdb-rs226/gtdb-rs226-k51.dna.rocksdb,GCA_905204695.1 uncultured Firmicutes bacterium,f58d639919fd6b81ede11ae42b06b711,0.6813186813186813,30000,40,8250000,outputs.mapping/bams.cds.rand/SRR14369296.x.s__Fimisoma sp002320005.fastq.gz,SRR14369296.x.s__Fimisoma sp002320005,19046aea,12090000,51,DNA,10000,1209,True,0.9563299402331185,0.9925042126068557,0.9744170764199871,0.9925042126068557,False,14,5572,8158,d__Bacteria;p__Bacillota;c__Clostridia;o__Peptostreptococcales;f__Anaerovoracaceae;g__Fimisoma;s__Fimisoma sp002320005
50000,0.0041356492969396195,0.009584664536741214,0.0024813895781637717,0.000980632507967639,2.6666666666666665,2.0,1.699673171197595,/group/ctbrowngrp5/sourmash-db.new/gtdb-rs226/gtdb-rs226-k51.dna.rocksdb,GCA_004555915.1 Clostridiales bacterium,aa30eae138d93d9d3d0e4b8105d85617,0.01597444089456869,30000,41,8220000,outputs.mapping/bams.cds.rand/SRR14369296.x.s__Fimisoma sp002320005.fastq.gz,SRR14369296.x.s__Fimisoma sp002320005,19046aea,12090000,51,DNA,10000,1209,True,0.897977722947568,0.9220894482564183,0.9100335856019931,0.9220894482564183,True,8,5580,8158,d__Bacteria;p__Bacillota;c__Clostridia;o__Oscillospirales;f__Butyricicoccaceae;g__Butyricicoccus_A;s__Butyricicoccus_A sp004555915
30000,0.0024813895781637717,0.008695652173913044,0.0024813895781637717,0.0015935278254474135,4.333333333333333,2.0,4.0276819911981905,/group/ctbrowngrp5/sourmash-db.new/gtdb-rs226/gtdb-rs226-k51.dna.rocksdb,GCF_013300755.1 Fusicatenibacter saccharivorans,12625fb15c481daedde271a1094a2092,0.008695652173913044,30000,42,8190000,outputs.mapping/bams.cds.rand/SRR14369296.x.s__Fimisoma sp002320005.fastq.gz,SRR14369296.x.s__Fimisoma sp002320005,19046aea,12090000,51,DNA,10000,1209,True,0.8890283029845609,0.9111589805028507,0.9000936417437058,0.9111589805028507,True,13,5593,8158,d__Bacteria;p__Bacillota;c__Clostridia;o__Lachnospirales;f__Lachnospiraceae;g__Fusicatenibacter;s__Fusicatenibacter saccharivorans
40000,0.0033085194375516956,0.01,0.0024813895781637717,0.008212797254228977,22.333333333333332,24.0,7.84573486395988,/group/ctbrowngrp5/sourmash-db.new/gtdb-rs226/gtdb-rs226-k51.dna.rocksdb,GCA_036312025.1 Segatella copri,fe2a1dfd6c8a726a3c26ca80cb332dbb,0.013333333333333334,30000,43,8160000,outputs.mapping/bams.cds.rand/SRR14369296.x.s__Fimisoma sp002320005.fastq.gz,SRR14369296.x.s__Fimisoma sp002320005,19046aea,12090000,51,DNA,10000,1209,True,0.8940573266034465,0.9188277284150211,0.9064425275092338,0.9188277284150211,True,67,5660,8158,d__Bacteria;p__Bacteroidota;c__Bacteroidia;o__Bacteroidales;f__Bacteroidaceae;g__Prevotella;s__Prevotella sinensis
50000,0.0041356492969396195,0.012096774193548387,0.0024813895781637717,0.0017161068889433686,4.666666666666667,6.0,1.8856180831641267,/group/ctbrowngrp5/sourmash-db.new/gtdb-rs226/gtdb-rs226-k51.dna.rocksdb,GCA_945910165.1 uncultured Lachnobacterium sp.,cc6e5cd6bbed0eb987cf64dff04fa916,0.020161290322580645,30000,44,8130000,outputs.mapping/bams.cds.rand/SRR14369296.x.s__Fimisoma sp002320005.fastq.gz,SRR14369296.x.s__Fimisoma sp002320005,19046aea,12090000,51,DNA,10000,1209,True,0.897977722947568,0.9263076724311715,0.9121426976893697,0.9263076724311715,True,14,5674,8158,d__Bacteria;p__Bacillota;c__Clostridia;o__Lachnospirales;f__Lachnospiraceae;g__Agathobacter;s__Agathobacter sp900549895
20000,0.0016542597187758478,0.009345794392523364,0.0016542597187758478,0.06067663643049767,247.5,247.5,156.5,/group/ctbrowngrp5/sourmash-db.new/gtdb-rs226/gtdb-rs226-k51.dna.rocksdb,GCF_001437365.1 Lactobacillus amylovorus DSM 16698,89c02a7f724dfc52de798b4ab114e323,0.009345794392523364,20000,45,8110000,outputs.mapping/bams.cds.rand/SRR14369296.x.s__Fimisoma sp002320005.fastq.gz,SRR14369296.x.s__Fimisoma sp002320005,19046aea,12090000,51,DNA,10000,1209,True,0.8819882868010843,0.9124480790702567,0.8972181829356705,0.9124480790702567,True,495,6169,8158,d__Bacteria;p__Bacillota;c__Bacilli;o__Lactobacillales;f__Lactobacillaceae;g__Lactobacillus;s__Lactobacillus amylovorus
20000,0.0016542597187758478,0.006993006993006993,0.0016542597187758478,0.00024515812699190976,1.0,1.0,0.0,/group/ctbrowngrp5/sourmash-db.new/gtdb-rs226/gtdb-rs226-k51.dna.rocksdb,GCA_934316755.1 uncultured Agathobacter sp.,17902c00058e4af774892ae78bc03888,0.006993006993006993,20000,46,8090000,outputs.mapping/bams.cds.rand/SRR14369296.x.s__Fimisoma sp002320005.fastq.gz,SRR14369296.x.s__Fimisoma sp002320005,19046aea,12090000,51,DNA,10000,1209,True,0.8819882868010843,0.9072740913132011,0.8946311890571428,0.9072740913132011,True,2,6171,8158,d__Bacteria;p__Bacillota;c__Clostridia;o__Lachnospirales;f__Lachnospiraceae;g__Agathobacter;s__Agathobacter sp900543445
40000,0.0033085194375516956,0.006779661016949152,0.0016542597187758478,0.0006128953174797745,2.5,2.5,0.5,/group/ctbrowngrp5/sourmash-db.new/gtdb-rs226/gtdb-rs226-k51.dna.rocksdb,GCF_018784555.1 Faecalibacterium prausnitzii,12405909848be5721caa42a4b181af1f,0.013559322033898305,20000,47,8070000,outputs.mapping/bams.cds.rand/SRR14369296.x.s__Fimisoma sp002320005.fastq.gz,SRR14369296.x.s__Fimisoma sp002320005,19046aea,12090000,51,DNA,10000,1209,True,0.8940573266034465,0.9191305792234278,0.9065939529134371,0.9191305792234278,True,5,6176,8158,d__Bacteria;p__Bacillota;c__Clostridia;o__Oscillospirales;f__Ruminococcaceae;g__Faecalibacterium;s__Faecalibacterium duncaniae
20000,0.0016542597187758478,0.005698005698005698,0.0016542597187758478,0.001225790634959549,5.0,5.0,3.0,/group/ctbrowngrp5/sourmash-db.new/gtdb-rs226/gtdb-rs226-k51.dna.rocksdb,GCA_028310265.1 Blautia wexlerae,3b3ebeefbb8978cf20f7e28e0f78ff7c,0.005698005698005698,20000,48,8050000,outputs.mapping/bams.cds.rand/SRR14369296.x.s__Fimisoma sp002320005.fastq.gz,SRR14369296.x.s__Fimisoma sp002320005,19046aea,12090000,51,DNA,10000,1209,True,0.8819882868010843,0.9036381676457232,0.8928132272234037,0.9036381676457232,True,10,6186,8158,d__Bacteria;p__Bacillota;c__Clostridia;o__Lachnospirales;f__Lachnospiraceae;g__Fusicatenibacter;s__Fusicatenibacter saccharivorans
20000,0.0016542597187758478,0.004608294930875576,0.0016542597187758478,0.001961265015935278,8.0,8.0,7.0,/group/ctbrowngrp5/sourmash-db.new/gtdb-rs226/gtdb-rs226-k51.dna.rocksdb,GCA_009718465.1 Pseudoflavonifractor sp. BIOML-A19,d818834493a745e7c2dcd962f86c00be,0.004608294930875576,20000,49,8030000,outputs.mapping/bams.cds.rand/SRR14369296.x.s__Fimisoma sp002320005.fastq.gz,SRR14369296.x.s__Fimisoma sp002320005,19046aea,12090000,51,DNA,10000,1209,True,0.8819882868010843,0.8998851063638268,0.8909366965824556,0.8998851063638268,True,16,6202,8158,d__Bacteria;p__Bacillota;c__Clostridia;o__Oscillospirales;f__Oscillospiraceae;g__Pseudoflavonifractor;s__Pseudoflavonifractor faecis
20000,0.0016542597187758478,0.006825938566552901,0.0016542597187758478,0.0007354743809757293,3.0,3.0,1.0,/group/ctbrowngrp5/sourmash-db.new/gtdb-rs226/gtdb-rs226-k51.dna.rocksdb,GCF_020687265.1 Faecalibacterium longum CLA-AA-H236,0a08d1a41296538c27115fd3041ae274,0.006825938566552901,20000,50,8010000,outputs.mapping/bams.cds.rand/SRR14369296.x.s__Fimisoma sp002320005.fastq.gz,SRR14369296.x.s__Fimisoma sp002320005,19046aea,12090000,51,DNA,10000,1209,True,0.8819882868010843,0.906844024418685,0.8944161556098846,0.906844024418685,True,6,6208,8158,d__Bacteria;p__Bacillota;c__Clostridia;o__Oscillospirales;f__Ruminococcaceae;g__Faecalibacterium;s__Faecalibacterium longum
40000,0.0033085194375516956,0.00625,0.0016542597187758478,0.0004903162539838195,2.0,2.0,1.0,/group/ctbrowngrp5/sourmash-db.new/gtdb-rs226/gtdb-rs226-k51.dna.rocksdb,GCA_905198025.1 uncultured Oscillospiraceae bacterium,4f8441d35218d43e548c366bd845a53a,0.0125,20000,51,7990000,outputs.mapping/bams.cds.rand/SRR14369296.x.s__Fimisoma sp002320005.fastq.gz,SRR14369296.x.s__Fimisoma sp002320005,19046aea,12090000,51,DNA,10000,1209,True,0.8940573266034465,0.9176657229678244,0.9058615247856354,0.9176657229678244,True,4,6212,8158,d__Bacteria;p__Bacillota;c__Clostridia;o__Oscillospirales;f__Acutalibacteraceae;g__Fimivicinus;s__Fimivicinus sp900549825
30000,0.0024813895781637717,0.005681818181818182,0.0016542597187758478,0.0013483696984555038,5.5,5.5,3.5,/group/ctbrowngrp5/sourmash-db.new/gtdb-rs226/gtdb-rs226-k51.dna.rocksdb,GCA_937885185.1 uncultured Clostridia bacterium,ed74255cf99b1219ba8b3923d45bf8cd,0.008522727272727272,20000,52,7970000,outputs.mapping/bams.cds.rand/SRR14369296.x.s__Fimisoma sp002320005.fastq.gz,SRR14369296.x.s__Fimisoma sp002320005,19046aea,12090000,51,DNA,10000,1209,True,0.8890283029845609,0.9108001839010786,0.8999142434428198,0.9108001839010786,True,11,6223,8158,d__Bacteria;p__Bacillota;c__Clostridia;o__Oscillospirales;f__Oscillospiraceae;g__Lawsonibacter;s__Lawsonibacter sp000177015
30000,0.0024813895781637717,0.005420054200542005,0.0016542597187758478,0.00036773719048786466,1.5,1.5,0.5,/group/ctbrowngrp5/sourmash-db.new/gtdb-rs226/gtdb-rs226-k51.dna.rocksdb,GCF_020559725.1 Blautia glucerasea,064136fa81a2217bbffa78f034811a53,0.008130081300813009,20000,53,7950000,outputs.mapping/bams.cds.rand/SRR14369296.x.s__Fimisoma sp002320005.fastq.gz,SRR14369296.x.s__Fimisoma sp002320005,19046aea,12090000,51,DNA,10000,1209,True,0.8890283029845609,0.9099582533276309,0.8994932781560959,0.9099582533276309,True,3,6226,8158,d__Bacteria;p__Bacillota;c__Clostridia;o__Lachnospirales;f__Lachnospiraceae;g__Blautia_A;s__Blautia_A sp900120195
50000,0.0041356492969396195,0.005128205128205128,0.0016542597187758478,0.0004903162539838195,2.0,2.0,0.0,/group/ctbrowngrp5/sourmash-db.new/gtdb-rs226/gtdb-rs226-k51.dna.rocksdb,GCF_027662245.1 Coprococcus catus,0b20c78454b02892056a8dfc93e91437,0.01282051282051282,20000,54,7930000,outputs.mapping/bams.cds.rand/SRR14369296.x.s__Fimisoma sp002320005.fastq.gz,SRR14369296.x.s__Fimisoma sp002320005,19046aea,12090000,51,DNA,10000,1209,True,0.897977722947568,0.9181213906608477,0.9080495568042078,0.9181213906608477,True,4,6230,8158,d__Bacteria;p__Bacillota;c__Clostridia;o__Lachnospirales;f__Lachnospiraceae;g__Coprococcus_A;s__Coprococcus_A intestinihominis
30000,0.0024813895781637717,0.005797101449275362,0.0016542597187758478,0.0006128953174797745,2.5,2.5,1.5,/group/ctbrowngrp5/sourmash-db.new/gtdb-rs226/gtdb-rs226-k51.dna.rocksdb,GCF_017776255.1 Anaerobutyricum hallii,71bee34911678acc5755ea83a51fb594,0.008695652173913044,20000,55,7910000,outputs.mapping/bams.cds.rand/SRR14369296.x.s__Fimisoma sp002320005.fastq.gz,SRR14369296.x.s__Fimisoma sp002320005,19046aea,12090000,51,DNA,10000,1209,True,0.8890283029845609,0.9111589805028507,0.9000936417437058,0.9111589805028507,True,5,6235,8158,d__Bacteria;p__Bacillota;c__Clostridia;o__Lachnospirales;f__Lachnospiraceae;g__Anaerobutyricum;s__Anaerobutyricum hallii
30000,0.0024813895781637717,0.007194244604316547,0.0016542597187758478,0.00036773719048786466,1.5,1.5,0.5,/group/ctbrowngrp5/sourmash-db.new/gtdb-rs226/gtdb-rs226-k51.dna.rocksdb,GCF_025567305.1 Brotomerdimonas butyrica,03375147e5383791b6b5d83ac9895a77,0.01079136690647482,20000,56,7890000,outputs.mapping/bams.cds.rand/SRR14369296.x.s__Fimisoma sp002320005.fastq.gz,SRR14369296.x.s__Fimisoma sp002320005,19046aea,12090000,51,DNA,10000,1209,True,0.8890283029845609,0.9150248143114421,0.9020265586480015,0.9150248143114421,True,3,6238,8158,d__Bacteria;p__Bacillota;c__Clostridia;o__Peptostreptococcales;f__Anaerovoracaceae;g__Lentihominibacter;s__Lentihominibacter butyricus
20000,0.0016542597187758478,0.010101010101010102,0.0016542597187758478,0.0007354743809757293,3.0,3.0,0.0,/group/ctbrowngrp5/sourmash-db.new/gtdb-rs226/gtdb-rs226-k51.dna.rocksdb,GCF_946403375.1 Phascolarctobacterium succinatutens,4f394d6ca8d8f0ee958aa04e848962fd,0.010101010101010102,20000,57,7870000,outputs.mapping/bams.cds.rand/SRR14369296.x.s__Fimisoma sp002320005.fastq.gz,SRR14369296.x.s__Fimisoma sp002320005,19046aea,12090000,51,DNA,10000,1209,True,0.8819882868010843,0.9138394410390787,0.8979138639200814,0.9138394410390787,True,6,6244,8158,d__Bacteria;p__Bacillota;c__Negativicutes;o__Acidaminococcales;f__Acidaminococcaceae;g__Phascolarctobacterium_A;s__Phascolarctobacterium_A succinatutens
60000,0.004962779156327543,0.0049382716049382715,0.0016542597187758478,0.0017161068889433686,7.0,7.0,6.0,/group/ctbrowngrp5/sourmash-db.new/gtdb-rs226/gtdb-rs226-k51.dna.rocksdb,GCA_003473325.1 Ruminococcus sp. AM07-21,496aa7cb210e5a1010ff69e71ab21053,0.014814814814814815,20000,58,7850000,outputs.mapping/bams.cds.rand/SRR14369296.x.s__Fimisoma sp002320005.fastq.gz,SRR14369296.x.s__Fimisoma sp002320005,19046aea,12090000,51,DNA,10000,1209,True,0.9011936776666479,0.9207278897834723,0.9109607837250602,0.9207278897834723,True,14,6258,8158,d__Bacteria;p__Bacillota;c__Clostridia;o__Lachnospirales;f__Lachnospiraceae;g__Blautia_A;s__Blautia_A sp003471165
40000,0.0033085194375516956,0.006097560975609756,0.0016542597187758478,0.0008580534444716843,3.5,3.5,2.5,/group/ctbrowngrp5/sourmash-db.new/gtdb-rs226/gtdb-rs226-k51.dna.rocksdb,GCA_003478685.1 Firmicutes bacterium AF22-6AC,c3b244d3a3a1d966ed4f0896bd9760bd,0.012195121951219513,20000,59,7830000,outputs.mapping/bams.cds.rand/SRR14369296.x.s__Fimisoma sp002320005.fastq.gz,SRR14369296.x.s__Fimisoma sp002320005,19046aea,12090000,51,DNA,10000,1209,True,0.8940573266034465,0.9172215253297448,0.9056394259665956,0.9172215253297448,True,7,6265,8158,d__Bacteria;p__Bacillota;c__Clostridia;o__Lachnospirales;f__Lachnospiraceae;g__Acetatifactor;s__Acetatifactor intestinalis
20000,0.0016542597187758478,0.010471204188481676,0.0016542597187758478,0.0008580534444716843,3.5,3.5,0.5,/group/ctbrowngrp5/sourmash-db.new/gtdb-rs226/gtdb-rs226-k51.dna.rocksdb,GCA_034175745.1 Bullifex sp.,24912f04e878494ccc59b78fa62c6dec,0.010471204188481676,20000,60,7810000,outputs.mapping/bams.cds.rand/SRR14369296.x.s__Fimisoma sp002320005.fastq.gz,SRR14369296.x.s__Fimisoma sp002320005,19046aea,12090000,51,DNA,10000,1209,True,0.8819882868010843,0.9144846171854688,0.8982364519932766,0.9144846171854688,True,7,6272,8158,d__Bacteria;p__Spirochaetota;c__Spirochaetia;o__Sphaerochaetales;f__Sphaerochaetaceae;g__Bullifex;s__Bullifex sp022788185
40000,0.0033085194375516956,0.007380073800738007,0.0016542597187758478,0.0007354743809757293,3.0,3.0,1.0,/group/ctbrowngrp5/sourmash-db.new/gtdb-rs226/gtdb-rs226-k51.dna.rocksdb,GCA_025541715.1 Coprococcus catus,5fe78f71b01502cb38520164543524fb,0.014760147601476014,20000,61,7790000,outputs.mapping/bams.cds.rand/SRR14369296.x.s__Fimisoma sp002320005.fastq.gz,SRR14369296.x.s__Fimisoma sp002320005,19046aea,12090000,51,DNA,10000,1209,True,0.8940573266034465,0.9206611509506253,0.907359238777036,0.9206611509506253,True,6,6278,8158,d__Bacteria;p__Bacillota;c__Clostridia;o__Lachnospirales;f__Lachnospiraceae;g__Coprococcus_A;s__Coprococcus_A intestinihominis
40000,0.0033085194375516956,0.005420054200542005,0.0016542597187758478,0.001225790634959549,5.0,5.0,2.0,/group/ctbrowngrp5/sourmash-db.new/gtdb-rs226/gtdb-rs226-k51.dna.rocksdb,GCF_036938095.1 Segatella copri,f27d5342bbd473b0bb9eb87e5bb53f4b,0.01084010840108401,20000,62,7770000,outputs.mapping/bams.cds.rand/SRR14369296.x.s__Fimisoma sp002320005.fastq.gz,SRR14369296.x.s__Fimisoma sp002320005,19046aea,12090000,51,DNA,10000,1209,True,0.8940573266034465,0.9151056727436627,0.9045814996735546,0.9151056727436627,True,10,6288,8158,d__Bacteria;p__Bacteroidota;c__Bacteroidia;o__Bacteroidales;f__Bacteroidaceae;g__Prevotella;s__Prevotella copri_K
20000,0.0016542597187758478,0.007874015748031496,0.0016542597187758478,0.001961265015935278,8.0,8.0,7.0,/group/ctbrowngrp5/sourmash-db.new/gtdb-rs226/gtdb-rs226-k51.dna.rocksdb,GCA_029219845.1 Roseburia porci,bfc5c94b3f4b31d04b5ebfd98c031235,0.007874015748031496,20000,63,7750000,outputs.mapping/bams.cds.rand/SRR14369296.x.s__Fimisoma sp002320005.fastq.gz,SRR14369296.x.s__Fimisoma sp002320005,19046aea,12090000,51,DNA,10000,1209,True,0.8819882868010843,0.9093874295165494,0.8956878581588168,0.9093874295165494,True,16,6304,8158,d__Bacteria;p__Bacillota;c__Clostridia;o__Lachnospirales;f__Lachnospiraceae;g__Roseburia_A;s__Roseburia_A porci
20000,0.0016542597187758478,0.009478672985781991,0.0016542597187758478,0.00024515812699190976,1.0,1.0,0.0,/group/ctbrowngrp5/sourmash-db.new/gtdb-rs226/gtdb-rs226-k51.dna.rocksdb,GCF_034169065.1 Lentihominibacter sp.,6fa65baedbc5152e12bbee36180855d6,0.009478672985781991,20000,64,7730000,outputs.mapping/bams.cds.rand/SRR14369296.x.s__Fimisoma sp002320005.fastq.gz,SRR14369296.x.s__Fimisoma sp002320005,19046aea,12090000,51,DNA,10000,1209,True,0.8819882868010843,0.9127006990122944,0.8973444929066894,0.9127006990122944,True,2,6306,8158,d__Bacteria;p__Bacillota;c__Clostridia;o__Peptostreptococcales;f__Anaerovoracaceae;g__Lentihominibacter;s__Lentihominibacter sp934281605
20000,0.0016542597187758478,0.0061162079510703364,0.0016542597187758478,0.0004903162539838195,2.0,2.0,0.0,/group/ctbrowngrp5/sourmash-db.new/gtdb-rs226/gtdb-rs226-k51.dna.rocksdb,GCA_041223905.1 Anaerovoracaceae bacterium 42-11,1069e263ad170bf700d1f6719d5263b5,0.0061162079510703364,20000,65,7710000,outputs.mapping/bams.cds.rand/SRR14369296.x.s__Fimisoma sp002320005.fastq.gz,SRR14369296.x.s__Fimisoma sp002320005,19046aea,12090000,51,DNA,10000,1209,True,0.8819882868010843,0.90489396344182,0.8934411251214522,0.90489396344182,True,4,6310,8158,d__Bacteria;p__Bacillota;c__Clostridia;o__Peptostreptococcales;f__Anaerovoracaceae;g__Emergencia;s__Emergencia sp022767345
40000,0.0033085194375516956,0.007722007722007722,0.0016542597187758478,0.0020838440794312334,8.5,8.5,6.5,/group/ctbrowngrp5/sourmash-db.new/gtdb-rs226/gtdb-rs226-k51.dna.rocksdb,GCA_003538295.1 Lachnospiraceae bacterium,1224d9e8802100e34b91edf0eafe5618,0.015444015444015444,20000,66,7690000,outputs.mapping/bams.cds.rand/SRR14369296.x.s__Fimisoma sp002320005.fastq.gz,SRR14369296.x.s__Fimisoma sp002320005,19046aea,12090000,51,DNA,10000,1209,True,0.8940573266034465,0.9214791110045188,0.9077682188039826,0.9214791110045188,True,17,6327,8158,d__Bacteria;p__Bacillota;c__Clostridia;o__Lachnospirales;f__Lachnospiraceae;g__Butyribacter;s__Butyribacter sp003529475
50000,0.0041356492969396195,0.003929273084479371,0.0016542597187758478,0.000980632507967639,4.0,4.0,1.0,/group/ctbrowngrp5/sourmash-db.new/gtdb-rs226/gtdb-rs226-k51.dna.rocksdb,GCF_013304225.1 Enterocloster clostridioformis,983898dee12bf2c9824110005ee32f06,0.009823182711198428,20000,67,7670000,outputs.mapping/bams.cds.rand/SRR14369296.x.s__Fimisoma sp002320005.fastq.gz,SRR14369296.x.s__Fimisoma sp002320005,19046aea,12090000,51,DNA,10000,1209,True,0.897977722947568,0.9133398283662941,0.905658775656931,0.9133398283662941,True,8,6335,8158,d__Bacteria;p__Bacillota;c__Clostridia;o__Lachnospirales;f__Lachnospiraceae;g__Enterocloster;s__Enterocloster clostridioformis
30000,0.0024813895781637717,0.0091324200913242,0.0016542597187758478,0.0018386859524393234,7.5,7.5,5.5,/group/ctbrowngrp5/sourmash-db.new/gtdb-rs226/gtdb-rs226-k51.dna.rocksdb,GCA_902487525.1 uncultured Alistipes sp.,299734f86cd949d589eb8c8789ff5cc6,0.0136986301369863,20000,68,7650000,outputs.mapping/bams.cds.rand/SRR14369296.x.s__Fimisoma sp002320005.fastq.gz,SRR14369296.x.s__Fimisoma sp002320005,19046aea,12090000,51,DNA,10000,1209,True,0.8890283029845609,0.9193148122519929,0.9041715576182769,0.9193148122519929,True,15,6350,8158,d__Bacteria;p__Bacteroidota;c__Bacteroidia;o__Bacteroidales;f__Rikenellaceae;g__Alistipes;s__Alistipes sp900770635
20000,0.0016542597187758478,0.0021413276231263384,0.0016542597187758478,0.00600637411130179,24.5,24.5,18.5,/group/ctbrowngrp5/sourmash-db.new/gtdb-rs226/gtdb-rs226-k51.dna.rocksdb,GCF_039529495.1 Actinomadura bangladeshensis,519ceef2b954a840df1ccb664d14329c,0.0021413276231263384,20000,69,7630000,outputs.mapping/bams.cds.rand/SRR14369296.x.s__Fimisoma sp002320005.fastq.gz,SRR14369296.x.s__Fimisoma sp002320005,19046aea,12090000,51,DNA,10000,1209,True,0.8819882868010843,0.8864626733856426,0.8842254800933634,0.8864626733856426,True,49,6399,8158,d__Bacteria;p__Actinomycetota;c__Actinomycetes;o__Streptosporangiales;f__Streptosporangiaceae;g__Spirillospora;s__Spirillospora bangladeshensis
20000,0.0016542597187758478,0.00847457627118644,0.0016542597187758478,0.0017161068889433686,7.0,7.0,1.0,/group/ctbrowngrp5/sourmash-db.new/gtdb-rs226/gtdb-rs226-k51.dna.rocksdb,GCA_034089285.1 Candidatus Cryptobacteroides sp.,3439569af4613a03d1b257bfeb3174cc,0.00847457627118644,20000,70,7610000,outputs.mapping/bams.cds.rand/SRR14369296.x.s__Fimisoma sp002320005.fastq.gz,SRR14369296.x.s__Fimisoma sp002320005,19046aea,12090000,51,DNA,10000,1209,True,0.8819882868010843,0.9106990060940067,0.8963436464475455,0.9106990060940067,True,14,6413,8158,d__Bacteria;p__Bacteroidota;c__Bacteroidia;o__Bacteroidales;f__UBA932;g__Cryptobacteroides;s__Cryptobacteroides sp034089285
60000,0.004962779156327543,0.006153846153846154,0.0016542597187758478,0.001225790634959549,5.0,5.0,3.0,/group/ctbrowngrp5/sourmash-db.new/gtdb-rs226/gtdb-rs226-k51.dna.rocksdb,GCA_900066075.1 uncultured Clostridium sp.,ba6dfcb594b8671a45f3490d593843bc,0.018461538461538463,20000,71,7590000,outputs.mapping/bams.cds.rand/SRR14369296.x.s__Fimisoma sp002320005.fastq.gz,SRR14369296.x.s__Fimisoma sp002320005,19046aea,12090000,51,DNA,10000,1209,True,0.9011936776666479,0.9247093581060719,0.9129515178863599,0.9247093581060719,True,10,6423,8158,d__Bacteria;p__Bacillota;c__Clostridia;o__Lachnospirales;f__Lachnospiraceae;g__Muricoprocola;s__Muricoprocola aceti
70000,0.005789909015715467,0.00510204081632653,0.0016542597187758478,0.001961265015935278,8.0,8.0,2.0,/group/ctbrowngrp5/sourmash-db.new/gtdb-rs226/gtdb-rs226-k51.dna.rocksdb,GCF_013299585.1 Blautia obeum,d6a671ad3ee4514984081f10703931be,0.017857142857142856,20000,72,7570000,outputs.mapping/bams.cds.rand/SRR14369296.x.s__Fimisoma sp002320005.fastq.gz,SRR14369296.x.s__Fimisoma sp002320005,19046aea,12090000,51,DNA,10000,1209,True,0.9039217124971859,0.9241060284450854,0.9140138704711356,0.9241060284450854,False,16,6439,8158,d__Bacteria;p__Bacillota;c__Clostridia;o__Lachnospirales;f__Lachnospiraceae;g__Blautia_A;s__Blautia_A obeum
20000,0.0016542597187758478,0.008968609865470852,0.0016542597187758478,0.0018386859524393234,7.5,7.5,0.5,/group/ctbrowngrp5/sourmash-db.new/gtdb-rs226/gtdb-rs226-k51.dna.rocksdb,GCA_034104565.1 Candidatus Limivicinus sp.,d62a1e669e10fff684848bcd7d901fd7,0.008968609865470852,20000,73,7550000,outputs.mapping/bams.cds.rand/SRR14369296.x.s__Fimisoma sp002320005.fastq.gz,SRR14369296.x.s__Fimisoma sp002320005,19046aea,12090000,51,DNA,10000,1209,True,0.8819882868010843,0.9117113376687807,0.8968498122349324,0.9117113376687807,True,15,6454,8158,d__Bacteria;p__Bacillota;c__Clostridia;o__Oscillospirales;f__Oscillospiraceae;g__Limivicinus;s__Limivicinus sp003150355
40000,0.0033085194375516956,0.008438818565400843,0.0016542597187758478,0.00036773719048786466,1.5,1.5,0.5,/group/ctbrowngrp5/sourmash-db.new/gtdb-rs226/gtdb-rs226-k51.dna.rocksdb,GCA_022763735.1 Clostridiales bacterium,1c3ba2f0a864561c32b68209b0a6159f,0.016877637130801686,20000,74,7530000,outputs.mapping/bams.cds.rand/SRR14369296.x.s__Fimisoma sp002320005.fastq.gz,SRR14369296.x.s__Fimisoma sp002320005,19046aea,12090000,51,DNA,10000,1209,True,0.8940573266034465,0.9230843857556886,0.9085708561795676,0.9230843857556886,True,3,6457,8158,d__Bacteria;p__Bacillota;c__Clostridia;o__Peptostreptococcales;f__Anaerovoracaceae;g__Lentihominibacter;s__Lentihominibacter sp022763735
20000,0.0016542597187758478,0.009569377990430622,0.0016542597187758478,0.00036773719048786466,1.5,1.5,0.5,/group/ctbrowngrp5/sourmash-db.new/gtdb-rs226/gtdb-rs226-k51.dna.rocksdb,GCA_945636165.1 uncultured Lachnospiraceae bacterium,0235041542b773aaf2f4e4019fbbeac7,0.009569377990430622,20000,75,7510000,outputs.mapping/bams.cds.rand/SRR14369296.x.s__Fimisoma sp002320005.fastq.gz,SRR14369296.x.s__Fimisoma sp002320005,19046aea,12090000,51,DNA,10000,1209,True,0.8819882868010843,0.9128711551885609,0.8974297209948225,0.9128711551885609,True,3,6460,8158,d__Bacteria;p__Bacillota;c__Clostridia;o__Lachnospirales;f__Lachnospiraceae;g__CALZKI01;s__CALZKI01 sp945787995
20000,0.0016542597187758478,0.011494252873563218,0.0016542597187758478,0.00036773719048786466,1.5,1.5,0.5,/group/ctbrowngrp5/sourmash-db.new/gtdb-rs226/gtdb-rs226-k51.dna.rocksdb,GCA_945832065.1 uncultured Clostridia bacterium,cacda51fff1cf93a9fd968824eee5de0,0.011494252873563218,20000,76,7490000,outputs.mapping/bams.cds.rand/SRR14369296.x.s__Fimisoma sp002320005.fastq.gz,SRR14369296.x.s__Fimisoma sp002320005,19046aea,12090000,51,DNA,10000,1209,True,0.8819882868010843,0.9161576465862531,0.8990729666936688,0.9161576465862531,True,3,6463,8158,d__Bacteria;p__Bacillota;c__Clostridia;o__Oscillospirales;f__Oscillospiraceae;g__Faecousia;s__Faecousia sp945832065
20000,0.0016542597187758478,0.010050251256281407,0.0016542597187758478,0.0004903162539838195,2.0,2.0,1.0,/group/ctbrowngrp5/sourmash-db.new/gtdb-rs226/gtdb-rs226-k51.dna.rocksdb,GCA_945872295.1 Faecalibacterium prausnitzii,1aded1ab4fb93901a2c2f0215830159d,0.010050251256281407,20000,77,7470000,outputs.mapping/bams.cds.rand/SRR14369296.x.s__Fimisoma sp002320005.fastq.gz,SRR14369296.x.s__Fimisoma sp002320005,19046aea,12090000,51,DNA,10000,1209,True,0.8819882868010843,0.9137491761859651,0.8978687314935248,0.9137491761859651,True,4,6467,8158,d__Bacteria;p__Bacillota;c__Clostridia;o__Oscillospirales;f__Ruminococcaceae;g__Faecalibacterium;s__Faecalibacterium prausnitzii_E
40000,0.0033085194375516956,0.009389671361502348,0.0016542597187758478,0.0025741603334150528,10.5,10.5,6.5,/group/ctbrowngrp5/sourmash-db.new/gtdb-rs226/gtdb-rs226-k51.dna.rocksdb,GCA_034088845.1 Oscillospiraceae bacterium,8288a1d693fdfd8c903b951437e06d19,0.018779342723004695,20000,78,7450000,outputs.mapping/bams.cds.rand/SRR14369296.x.s__Fimisoma sp002320005.fastq.gz,SRR14369296.x.s__Fimisoma sp002320005,19046aea,12090000,51,DNA,10000,1209,True,0.8940573266034465,0.9250188776355358,0.9095381021194912,0.9250188776355358,True,21,6488,8158,d__Bacteria;p__Bacillota;c__Clostridia;o__Oscillospirales;f__Acutalibacteraceae;g__CAG-177;s__CAG-177 sp003514385
40000,0.0033085194375516956,0.007017543859649123,0.0016542597187758478,0.0008580534444716843,3.5,3.5,2.5,/group/ctbrowngrp5/sourmash-db.new/gtdb-rs226/gtdb-rs226-k51.dna.rocksdb,GCA_945830485.1 uncultured Lachnobacterium sp.,2d74e4c218a263ecb8ab2103d93ae134,0.014035087719298246,20000,79,7430000,outputs.mapping/bams.cds.rand/SRR14369296.x.s__Fimisoma sp002320005.fastq.gz,SRR14369296.x.s__Fimisoma sp002320005,19046aea,12090000,51,DNA,10000,1209,True,0.8940573266034465,0.9197523050715226,0.9069048158374846,0.9197523050715226,True,7,6495,8158,d__Bacteria;p__Bacillota;c__Clostridia;o__Lachnospirales;f__Lachnospiraceae;g__Agathobacter;s__Agathobacter sp905209075
20000,0.0016542597187758478,0.010471204188481676,0.0016542597187758478,0.001961265015935278,8.0,8.0,4.0,/group/ctbrowngrp5/sourmash-db.new/gtdb-rs226/gtdb-rs226-k51.dna.rocksdb,GCA_934827905.1 uncultured bacterium,762831e57501637819b8287a5199b0bf,0.010471204188481676,20000,80,7410000,outputs.mapping/bams.cds.rand/SRR14369296.x.s__Fimisoma sp002320005.fastq.gz,SRR14369296.x.s__Fimisoma sp002320005,19046aea,12090000,51,DNA,10000,1209,True,0.8819882868010843,0.9144846171854688,0.8982364519932766,0.9144846171854688,True,16,6511,8158,d__Bacteria;p__Bacillota;c__Clostridia;o__Oscillospirales;f__Acutalibacteraceae;g__Eubacterium_R;s__Eubacterium_R sp000436835
20000,0.0016542597187758478,0.01098901098901099,0.0016542597187758478,0.00036773719048786466,1.5,1.5,0.5,/group/ctbrowngrp5/sourmash-db.new/gtdb-rs226/gtdb-rs226-k51.dna.rocksdb,GCA_945913835.1 uncultured Clostridia bacterium,361a666052c1bce6ef983a818cb210e2,0.01098901098901099,20000,81,7390000,outputs.mapping/bams.cds.rand/SRR14369296.x.s__Fimisoma sp002320005.fastq.gz,SRR14369296.x.s__Fimisoma sp002320005,19046aea,12090000,51,DNA,10000,1209,True,0.8819882868010843,0.915350501215715,0.8986693940083996,0.915350501215715,True,3,6514,8158,d__Bacteria;p__Bacillota;c__Clostridia;o__Oscillospirales;f__Acutalibacteraceae;g__Eubacterium_R;s__Eubacterium_R coprostanoligenes
20000,0.0016542597187758478,0.008298755186721992,0.0016542597187758478,0.0015935278254474135,6.5,6.5,4.5,/group/ctbrowngrp5/sourmash-db.new/gtdb-rs226/gtdb-rs226-k51.dna.rocksdb,GCF_029338635.1 Oliverpabstia intestinalis,4c6ebaae2c2c85e281b8f9c8cc7bf1fa,0.008298755186721992,20000,82,7370000,outputs.mapping/bams.cds.rand/SRR14369296.x.s__Fimisoma sp002320005.fastq.gz,SRR14369296.x.s__Fimisoma sp002320005,19046aea,12090000,51,DNA,10000,1209,True,0.8819882868010843,0.9103247120190018,0.896156499410043,0.9103247120190018,True,13,6527,8158,d__Bacteria;p__Bacillota;c__Clostridia;o__Lachnospirales;f__Lachnospiraceae;g__Oliverpabstia;s__Oliverpabstia intestinalis
40000,0.0033085194375516956,0.009852216748768473,0.0016542597187758478,0.0013483696984555038,5.5,5.5,4.5,/group/ctbrowngrp5/sourmash-db.new/gtdb-rs226/gtdb-rs226-k51.dna.rocksdb,GCF_009695905.1 Mogibacterium kristiansenii,aa4bcf5cd06035d4058a26c9ebece50a,0.019704433497536946,20000,83,7350000,outputs.mapping/bams.cds.rand/SRR14369296.x.s__Fimisoma sp002320005.fastq.gz,SRR14369296.x.s__Fimisoma sp002320005,19046aea,12090000,51,DNA,10000,1209,True,0.8940573266034465,0.9258914581582652,0.9099743923808559,0.9258914581582652,True,11,6538,8158,d__Bacteria;p__Bacillota;c__Clostridia;o__Peptostreptococcales;f__Anaerovoracaceae;g__Mogibacterium_A;s__Mogibacterium_A kristiansenii
20000,0.0016542597187758478,0.004545454545454545,0.0016542597187758478,0.00024515812699190976,1.0,1.0,0.0,/group/ctbrowngrp5/sourmash-db.new/gtdb-rs226/gtdb-rs226-k51.dna.rocksdb,GCA_011959805.1 Lachnospiraceae bacterium,70e1c3749594166fa5e2f0f019977c9f,0.004545454545454545,20000,84,7330000,outputs.mapping/bams.cds.rand/SRR14369296.x.s__Fimisoma sp002320005.fastq.gz,SRR14369296.x.s__Fimisoma sp002320005,19046aea,12090000,51,DNA,10000,1209,True,0.8819882868010843,0.8996428723837347,0.8908155795924095,0.8996428723837347,True,2,6540,8158,d__Bacteria;p__Bacillota;c__Clostridia;o__Lachnospirales;f__Lachnospiraceae;g__COE1;s__COE1 sp011959805
40000,0.0033085194375516956,0.007633587786259542,0.0016542597187758478,0.0013483696984555038,5.5,5.5,4.5,/group/ctbrowngrp5/sourmash-db.new/gtdb-rs226/gtdb-rs226-k51.dna.rocksdb,GCF_002157465.1 Butyricicoccus porcorum,b8e2211de5f0390af151e33c9f4d9658,0.015267175572519083,20000,85,7310000,outputs.mapping/bams.cds.rand/SRR14369296.x.s__Fimisoma sp002320005.fastq.gz,SRR14369296.x.s__Fimisoma sp002320005,19046aea,12090000,51,DNA,10000,1209,True,0.8940573266034465,0.9212710529122983,0.9076641897578723,0.9212710529122983,True,11,6551,8158,d__Bacteria;p__Bacillota;c__Clostridia;o__Oscillospirales;f__Butyricicoccaceae;g__Butyricicoccus_A;s__Butyricicoccus_A porcorum
30000,0.0024813895781637717,0.006711409395973154,0.0016542597187758478,0.0028193184604069625,11.5,11.5,6.5,/group/ctbrowngrp5/sourmash-db.new/gtdb-rs226/gtdb-rs226-k51.dna.rocksdb,GCA_963559845.1 Dorea formicigenerans,61888c5c563faea601c682057ebc7b56,0.010067114093959731,20000,86,7290000,outputs.mapping/bams.cds.rand/SRR14369296.x.s__Fimisoma sp002320005.fastq.gz,SRR14369296.x.s__Fimisoma sp002320005,19046aea,12090000,51,DNA,10000,1209,True,0.8890283029845609,0.9137792129825895,0.9014037579835752,0.9137792129825895,True,23,6574,8158,d__Bacteria;p__Bacillota;c__Clostridia;o__Lachnospirales;f__Lachnospiraceae;g__Dorea;s__Dorea formicigenerans
30000,0.0024813895781637717,0.008,0.0016542597187758478,0.0006128953174797745,2.5,2.5,1.5,/group/ctbrowngrp5/sourmash-db.new/gtdb-rs226/gtdb-rs226-k51.dna.rocksdb,GCA_004557415.1 Clostridiales bacterium,9cb221740bfac2d7de4ab20631f9e5b7,0.012,20000,87,7270000,outputs.mapping/bams.cds.rand/SRR14369296.x.s__Fimisoma sp002320005.fastq.gz,SRR14369296.x.s__Fimisoma sp002320005,19046aea,12090000,51,DNA,10000,1209,True,0.8890283029845609,0.9169314885235516,0.9029798957540562,0.9169314885235516,True,5,6579,8158,d__Bacteria;p__Bacillota;c__Clostridia;o__Christensenellales;f__CAG-138;g__PeH17;s__PeH17 sp900542285
1330000,0.11000827129859388,0.009900990099009901,0.0016542597187758478,0.0006128953174797745,2.5,2.5,0.5,/group/ctbrowngrp5/sourmash-db.new/gtdb-rs226/gtdb-rs226-k51.dna.rocksdb,GCA_034115665.1 Candidatus Fimisoma sp.,c545628ebe5aab891fb62570e13f27e3,0.6584158415841584,20000,88,7250000,outputs.mapping/bams.cds.rand/SRR14369296.x.s__Fimisoma sp002320005.fastq.gz,SRR14369296.x.s__Fimisoma sp002320005,19046aea,12090000,51,DNA,10000,1209,True,0.9576447198237658,0.9918390014952496,0.9747418606595077,0.9918390014952496,False,5,6584,8158,d__Bacteria;p__Bacillota;c__Clostridia;o__Peptostreptococcales;f__Anaerovoracaceae;g__Fimisoma;s__Fimisoma sp002320005
40000,0.0033085194375516956,0.00851063829787234,0.0016542597187758478,0.0008580534444716843,3.5,3.5,1.5,/group/ctbrowngrp5/sourmash-db.new/gtdb-rs226/gtdb-rs226-k51.dna.rocksdb,GCA_958442365.1 uncultured Eubacteriales bacterium,1058efff986ed206217510c1e22f0f8a,0.01702127659574468,20000,89,7230000,outputs.mapping/bams.cds.rand/SRR14369296.x.s__Fimisoma sp002320005.fastq.gz,SRR14369296.x.s__Fimisoma sp002320005,19046aea,12090000,51,DNA,10000,1209,True,0.8940573266034465,0.9232377866545154,0.9086475566289809,0.9232377866545154,True,7,6591,8158,d__Bacteria;p__Bacillota;c__Clostridia;o__Christensenellales;f__CAG-138;g__RUG472;s__RUG472 sp900545265
20000,0.0016542597187758478,0.013157894736842105,0.0016542597187758478,0.0004903162539838195,2.0,2.0,0.0,/group/ctbrowngrp5/sourmash-db.new/gtdb-rs226/gtdb-rs226-k51.dna.rocksdb,GCA_019423625.1 Clostridiales bacterium,c529c7ff81a0b7f03a857360347703a5,0.013157894736842105,20000,90,7210000,outputs.mapping/bams.cds.rand/SRR14369296.x.s__Fimisoma sp002320005.fastq.gz,SRR14369296.x.s__Fimisoma sp002320005,19046aea,12090000,51,DNA,10000,1209,True,0.8819882868010843,0.9185891303484345,0.9002887085747594,0.9185891303484345,True,4,6595,8158,d__Bacteria;p__Bacillota;c__Clostridia;o__Oscillospirales;f__Oscillospiraceae;g__Oscillibacter;s__Oscillibacter sp022778785
30000,0.0024813895781637717,0.007407407407407408,0.0016542597187758478,0.00036773719048786466,1.5,1.5,0.5,/group/ctbrowngrp5/sourmash-db.new/gtdb-rs226/gtdb-rs226-k51.dna.rocksdb,GCA_937969095.1 uncultured Collinsella sp.,55b2fc99cf689cfb7755ef3fef4bff57,0.011111111111111112,20000,91,7190000,outputs.mapping/bams.cds.rand/SRR14369296.x.s__Fimisoma sp002320005.fastq.gz,SRR14369296.x.s__Fimisoma sp002320005,19046aea,12090000,51,DNA,10000,1209,True,0.8890283029845609,0.9155488457037391,0.90228857434415,0.9155488457037391,True,3,6598,8158,d__Bacteria;p__Actinomycetota;c__Coriobacteriia;o__Coriobacteriales;f__Coriobacteriaceae;g__Collinsella;s__Collinsella sp900549085
20000,0.0016542597187758478,0.00975609756097561,0.0016542597187758478,0.00024515812699190976,1.0,1.0,0.0,/group/ctbrowngrp5/sourmash-db.new/gtdb-rs226/gtdb-rs226-k51.dna.rocksdb,GCA_934365135.1 uncultured Lachnospiraceae bacterium,c354bbd2664efb470325f2876d451f8a,0.00975609756097561,20000,92,7170000,outputs.mapping/bams.cds.rand/SRR14369296.x.s__Fimisoma sp002320005.fastq.gz,SRR14369296.x.s__Fimisoma sp002320005,19046aea,12090000,51,DNA,10000,1209,True,0.8819882868010843,0.9132171142817191,0.8976027005414018,0.9132171142817191,True,2,6600,8158,d__Bacteria;p__Bacillota;c__Clostridia;o__Lachnospirales;f__Lachnospiraceae;g__Avilachnospira;s__Avilachnospira sp934438085
60000,0.004962779156327543,0.007547169811320755,0.0016542597187758478,0.0029418975239029173,12.0,12.0,4.0,/group/ctbrowngrp5/sourmash-db.new/gtdb-rs226/gtdb-rs226-k51.dna.rocksdb,GCA_022782345.1 Lachnospiraceae bacterium,4dd2cb8745c0d2cd66e5d952d88ce9ec,0.022641509433962263,20000,93,7150000,outputs.mapping/bams.cds.rand/SRR14369296.x.s__Fimisoma sp002320005.fastq.gz,SRR14369296.x.s__Fimisoma sp002320005,19046aea,12090000,51,DNA,10000,1209,True,0.9011936776666479,0.9284173389769939,0.914805508321821,0.9284173389769939,True,24,6624,8158,d__Bacteria;p__Bacillota;c__Clostridia;o__Lachnospirales;f__Lachnospiraceae;g__Suilimivivens;s__Suilimivivens sp017622575
50000,0.0041356492969396195,0.00980392156862745,0.0016542597187758478,0.00036773719048786466,1.5,1.5,0.5,/group/ctbrowngrp5/sourmash-db.new/gtdb-rs226/gtdb-rs226-k51.dna.rocksdb,GCA_004562525.1 bacterium,e89df9c0e0c9928c590770ee81e732a4,0.024509803921568627,20000,94,7130000,outputs.mapping/bams.cds.rand/SRR14369296.x.s__Fimisoma sp002320005.fastq.gz,SRR14369296.x.s__Fimisoma sp002320005,19046aea,12090000,51,DNA,10000,1209,True,0.897977722947568,0.9298618460556182,0.9139197845015931,0.9298618460556182,True,3,6627,8158,d__Bacteria;p__Bacteroidota;c__Bacteroidia;o__Bacteroidales;f__Bacteroidaceae;g__Prevotella;s__Prevotella sp900546535
30000,0.0024813895781637717,0.004081632653061225,0.0016542597187758478,0.00036773719048786466,1.5,1.5,0.5,/group/ctbrowngrp5/sourmash-db.new/gtdb-rs226/gtdb-rs226-k51.dna.rocksdb,GCA_949059685.1 uncultured Acetatifactor sp.,20b50bfc79d459771666d2b99de28178,0.006122448979591836,20000,95,7110000,outputs.mapping/bams.cds.rand/SRR14369296.x.s__Fimisoma sp002320005.fastq.gz,SRR14369296.x.s__Fimisoma sp002320005,19046aea,12090000,51,DNA,10000,1209,True,0.8890283029845609,0.9049120595130499,0.8969701812488053,0.9049120595130499,True,3,6630,8158,d__Bacteria;p__Bacillota;c__Clostridia;o__Lachnospirales;f__Lachnospiraceae;g__Acetatifactor;s__Acetatifactor sp910579755
20000,0.0016542597187758478,0.010471204188481676,0.0016542597187758478,0.00036773719048786466,1.5,1.5,0.5,/group/ctbrowngrp5/sourmash-db.new/gtdb-rs226/gtdb-rs226-k51.dna.rocksdb,GCA_902765175.1 Oscillospiraceae bacterium,1baede8affc4be84e64d5a8bdf284bf3,0.010471204188481676,20000,96,7090000,outputs.mapping/bams.cds.rand/SRR14369296.x.s__Fimisoma sp002320005.fastq.gz,SRR14369296.x.s__Fimisoma sp002320005,19046aea,12090000,51,DNA,10000,1209,True,0.8819882868010843,0.9144846171854688,0.8982364519932766,0.9144846171854688,True,3,6633,8158,d__Bacteria;p__Bacillota;c__Clostridia;o__Oscillospirales;f__Oscillospiraceae;g__Hominicoprocola;s__Hominicoprocola sp900317525
40000,0.0033085194375516956,0.00796812749003984,0.0016542597187758478,0.000980632507967639,4.0,4.0,2.0,/group/ctbrowngrp5/sourmash-db.new/gtdb-rs226/gtdb-rs226-k51.dna.rocksdb,GCA_945876835.1 Faecalibacterium prausnitzii,92f392b7016b3e1669bceeac2c82ada9,0.01593625498007968,20000,97,7070000,outputs.mapping/bams.cds.rand/SRR14369296.x.s__Fimisoma sp002320005.fastq.gz,SRR14369296.x.s__Fimisoma sp002320005,19046aea,12090000,51,DNA,10000,1209,True,0.8940573266034465,0.9220461779660283,0.9080517522847373,0.9220461779660283,True,8,6641,8158,d__Bacteria;p__Bacillota;c__Clostridia;o__Oscillospirales;f__Ruminococcaceae;g__Faecalibacterium;s__Faecalibacterium prausnitzii_M
20000,0.0016542597187758478,0.006211180124223602,0.0008271298593879239,0.00012257906349595488,1.0,1.0,0.0,/group/ctbrowngrp5/sourmash-db.new/gtdb-rs226/gtdb-rs226-k51.dna.rocksdb,GCA_029226325.1 Bacillota bacterium,7f10a60d6bb7317cd47cdaede8100a99,0.012422360248447204,10000,98,7060000,outputs.mapping/bams.cds.rand/SRR14369296.x.s__Fimisoma sp002320005.fastq.gz,SRR14369296.x.s__Fimisoma sp002320005,19046aea,12090000,51,DNA,10000,1209,True,0.8819882868010843,0.9175536207579207,0.8997709537795024,0.9175536207579207,True,1,6642,8158,d__Bacteria;p__Bacillota;c__Clostridia;o__Peptostreptococcales;f__Anaerovoracaceae;g__Lentihominibacter;s__Lentihominibacter sp022780965
20000,0.0016542597187758478,0.003436426116838488,0.0008271298593879239,0.0008580534444716843,7.0,7.0,0.0,/group/ctbrowngrp5/sourmash-db.new/gtdb-rs226/gtdb-rs226-k51.dna.rocksdb,GCF_000833995.1 Prevotella pectinovora,79de9c3502c6a3fe77fe820bc2cde0b5,0.006872852233676976,10000,99,7050000,outputs.mapping/bams.cds.rand/SRR14369296.x.s__Fimisoma sp002320005.fastq.gz,SRR14369296.x.s__Fimisoma sp002320005,19046aea,12090000,51,DNA,10000,1209,True,0.8819882868010843,0.906965822493839,0.8944770546474616,0.906965822493839,True,7,6649,8158,d__Bacteria;p__Bacteroidota;c__Bacteroidia;o__Bacteroidales;f__Bacteroidaceae;g__Prevotella;s__Prevotella pectinovora
10000,0.0008271298593879239,0.0023923444976076554,0.0008271298593879239,0.00036773719048786466,3.0,3.0,0.0,/group/ctbrowngrp5/sourmash-db.new/gtdb-rs226/gtdb-rs226-k51.dna.rocksdb,GCA_949348665.1 Lachnospiraceae bacterium,ff36cd3936acd106863870042623b73b,0.0023923444976076554,10000,100,7040000,outputs.mapping/bams.cds.rand/SRR14369296.x.s__Fimisoma sp002320005.fastq.gz,SRR14369296.x.s__Fimisoma sp002320005,19046aea,12090000,51,DNA,10000,1209,True,0.8700821691262152,0.888391483638623,0.8792368263824191,0.888391483638623,True,3,6652,8158,d__Bacteria;p__Bacillota;c__Clostridia;o__Lachnospirales;f__Lachnospiraceae;g__COE1;s__COE1 sp000403215
30000,0.0024813895781637717,0.0027472527472527475,0.0008271298593879239,0.0006128953174797745,5.0,5.0,0.0,/group/ctbrowngrp5/sourmash-db.new/gtdb-rs226/gtdb-rs226-k51.dna.rocksdb,GCF_003466965.1 Blautia obeum,79366992bd0d32620bed9d7051387780,0.008241758241758242,10000,101,7030000,outputs.mapping/bams.cds.rand/SRR14369296.x.s__Fimisoma sp002320005.fastq.gz,SRR14369296.x.s__Fimisoma sp002320005,19046aea,12090000,51,DNA,10000,1209,True,0.8890283029845609,0.9102017046529032,0.899615003818732,0.9102017046529032,True,5,6657,8158,d__Bacteria;p__Bacillota;c__Clostridia;o__Lachnospirales;f__Lachnospiraceae;g__Blautia_A;s__Blautia_A intestinalis
10000,0.0008271298593879239,0.004329004329004329,0.0008271298593879239,0.0004903162539838195,4.0,4.0,0.0,/group/ctbrowngrp5/sourmash-db.new/gtdb-rs226/gtdb-rs226-k51.dna.rocksdb,GCA_945948085.1 uncultured Treponema sp.,4fd6542dd0a8b4d731ac1fe98c8fe6f8,0.004329004329004329,10000,102,7020000,outputs.mapping/bams.cds.rand/SRR14369296.x.s__Fimisoma sp002320005.fastq.gz,SRR14369296.x.s__Fimisoma sp002320005,19046aea,12090000,51,DNA,10000,1209,True,0.8700821691262152,0.8987826226929593,0.8844323959095872,0.8987826226929593,True,4,6661,8158,d__Bacteria;p__Spirochaetota;c__Spirochaetia;o__Treponematales;f__Treponemataceae;g__Treponema_D;s__Treponema_D sp022773305
10000,0.0008271298593879239,0.003816793893129771,0.0008271298593879239,0.0007354743809757293,6.0,6.0,0.0,/group/ctbrowngrp5/sourmash-db.new/gtdb-rs226/gtdb-rs226-k51.dna.rocksdb,GCA_037461075.1 Lachnospira eligens,722d78290b3358b97afe4822cab43051,0.003816793893129771,10000,103,7010000,outputs.mapping/bams.cds.rand/SRR14369296.x.s__Fimisoma sp002320005.fastq.gz,SRR14369296.x.s__Fimisoma sp002320005,19046aea,12090000,51,DNA,10000,1209,True,0.8700821691262152,0.8965661286132058,0.8833241488697106,0.8965661286132058,True,6,6667,8158,d__Bacteria;p__Bacillota;c__Clostridia;o__Lachnospirales;f__Lachnospiraceae;g__Lachnospira;s__Lachnospira eligens
10000,0.0008271298593879239,0.005208333333333333,0.0008271298593879239,0.00012257906349595488,1.0,1.0,0.0,/group/ctbrowngrp5/sourmash-db.new/gtdb-rs226/gtdb-rs226-k51.dna.rocksdb,GCA_959027575.1 uncultured Oscillibacter sp.,7a381f72cca820c28676a617a048bcbb,0.005208333333333333,10000,104,7000000,outputs.mapping/bams.cds.rand/SRR14369296.x.s__Fimisoma sp002320005.fastq.gz,SRR14369296.x.s__Fimisoma sp002320005,19046aea,12090000,51,DNA,10000,1209,True,0.8700821691262152,0.9020474594102066,0.8860648142682108,0.9020474594102066,True,1,6668,8158,d__Bacteria;p__Bacillota;c__Clostridia;o__Oscillospirales;f__Oscillospiraceae;g__Vescimonas;s__Vescimonas cirricatena
10000,0.0008271298593879239,0.004,0.0008271298593879239,0.00012257906349595488,1.0,1.0,0.0,/group/ctbrowngrp5/sourmash-db.new/gtdb-rs226/gtdb-rs226-k51.dna.rocksdb,GCA_945868325.1 uncultured Clostridia bacterium,b9537905530e8f5505089e6d49df7756,0.004,10000,105,6990000,outputs.mapping/bams.cds.rand/SRR14369296.x.s__Fimisoma sp002320005.fastq.gz,SRR14369296.x.s__Fimisoma sp002320005,19046aea,12090000,51,DNA,10000,1209,True,0.8700821691262152,0.8973907082557256,0.8837364386909704,0.8973907082557256,True,1,6669,8158,d__Bacteria;p__Bacillota;c__Clostridia;o__Christensenellales;f__Aristaeellaceae;g__SFMI01;s__SFMI01 sp004556155
20000,0.0016542597187758478,0.005319148936170213,0.0008271298593879239,0.0025741603334150528,21.0,21.0,0.0,/group/ctbrowngrp5/sourmash-db.new/gtdb-rs226/gtdb-rs226-k51.dna.rocksdb,GCF_020785225.1 Limosilactobacillus reuteri,00dbd12f60b399d3874143e257521044,0.010638297872340425,10000,106,6980000,outputs.mapping/bams.cds.rand/SRR14369296.x.s__Fimisoma sp002320005.fastq.gz,SRR14369296.x.s__Fimisoma sp002320005,19046aea,12090000,51,DNA,10000,1209,True,0.8819882868010843,0.9147685363760626,0.8983784115885735,0.9147685363760626,True,21,6690,8158,d__Bacteria;p__Bacillota;c__Bacilli;o__Lactobacillales;f__Lactobacillaceae;g__Limosilactobacillus;s__Limosilactobacillus reuteri
10000,0.0008271298593879239,0.004807692307692308,0.0008271298593879239,0.0013483696984555038,11.0,11.0,0.0,/group/ctbrowngrp5/sourmash-db.new/gtdb-rs226/gtdb-rs226-k51.dna.rocksdb,GCF_025144545.1 Acidaminococcus intestini,f87f706dea65d8ac6f7253e4fe642d16,0.004807692307692308,10000,107,6970000,outputs.mapping/bams.cds.rand/SRR14369296.x.s__Fimisoma sp002320005.fastq.gz,SRR14369296.x.s__Fimisoma sp002320005,19046aea,12090000,51,DNA,10000,1209,True,0.8700821691262152,0.9006328380135685,0.8853575035698918,0.9006328380135685,True,11,6701,8158,d__Bacteria;p__Bacillota;c__Negativicutes;o__Acidaminococcales;f__Acidaminococcaceae;g__Acidaminococcus;s__Acidaminococcus intestini
10000,0.0008271298593879239,0.001996007984031936,0.0008271298593879239,0.00012257906349595488,1.0,1.0,0.0,/group/ctbrowngrp5/sourmash-db.new/gtdb-rs226/gtdb-rs226-k51.dna.rocksdb,GCA_021769425.1 Eubacterium sp.,73e2d3bac660e965187bf1aee192d27b,0.001996007984031936,10000,108,6960000,outputs.mapping/bams.cds.rand/SRR14369296.x.s__Fimisoma sp002320005.fastq.gz,SRR14369296.x.s__Fimisoma sp002320005,19046aea,12090000,51,DNA,10000,1209,True,0.8700821691262152,0.8852419891557706,0.8776620791409928,0.8852419891557706,True,1,6702,8158,d__Bacteria;p__Bacillota;c__Clostridia;o__Lachnospirales;f__Lachnospiraceae;g__Petralouisia;s__Petralouisia sp021769425
10000,0.0008271298593879239,0.00411522633744856,0.0008271298593879239,0.00012257906349595488,1.0,1.0,0.0,/group/ctbrowngrp5/sourmash-db.new/gtdb-rs226/gtdb-rs226-k51.dna.rocksdb,GCA_022774105.1 Prevotella sp.,9f8cc529b6a5c696af12705949f6c26f,0.00411522633744856,10000,109,6950000,outputs.mapping/bams.cds.rand/SRR14369296.x.s__Fimisoma sp002320005.fastq.gz,SRR14369296.x.s__Fimisoma sp002320005,19046aea,12090000,51,DNA,10000,1209,True,0.8700821691262152,0.8978905616220562,0.8839863653741357,0.8978905616220562,True,1,6703,8158,d__Bacteria;p__Bacteroidota;c__Bacteroidia;o__Bacteroidales;f__Bacteroidaceae;g__Prevotella;s__Prevotella sp022774105
20000,0.0016542597187758478,0.0029154518950437317,0.0008271298593879239,0.00012257906349595488,1.0,1.0,0.0,/group/ctbrowngrp5/sourmash-db.new/gtdb-rs226/gtdb-rs226-k51.dna.rocksdb,GCA_963595255.1 bacterium,0305c5c12471b9e7e16ad58fcbe2cda7,0.0058309037900874635,10000,110,6940000,outputs.mapping/bams.cds.rand/SRR14369296.x.s__Fimisoma sp002320005.fastq.gz,SRR14369296.x.s__Fimisoma sp002320005,19046aea,12090000,51,DNA,10000,1209,True,0.8819882868010843,0.9040467713600826,0.8930175290805835,0.9040467713600826,True,1,6704,8158,d__Bacteria;p__Bacillota;c__Clostridia;o__Lachnospirales;f__Lachnospiraceae;g__Dorea_A;s__Dorea_A sp963595255
10000,0.0008271298593879239,0.005076142131979695,0.0008271298593879239,0.00012257906349595488,1.0,1.0,0.0,/group/ctbrowngrp5/sourmash-db.new/gtdb-rs226/gtdb-rs226-k51.dna.rocksdb,GCA_034178245.1 Succinivibrio sp.,9382e08122be434714453ac3c9864599,0.005076142131979695,10000,111,6930000,outputs.mapping/bams.cds.rand/SRR14369296.x.s__Fimisoma sp002320005.fastq.gz,SRR14369296.x.s__Fimisoma sp002320005,19046aea,12090000,51,DNA,10000,1209,True,0.8700821691262152,0.9015928650194664,0.8858375170728408,0.9015928650194664,True,1,6705,8158,d__Bacteria;p__Pseudomonadota;c__Gammaproteobacteria;o__Enterobacterales;f__Succinivibrionaceae;g__Succinivibrio;s__Succinivibrio sp003456415
10000,0.0008271298593879239,0.005681818181818182,0.0008271298593879239,0.001225790634959549,10.0,10.0,0.0,/group/ctbrowngrp5/sourmash-db.new/gtdb-rs226/gtdb-rs226-k51.dna.rocksdb,GCF_900198655.1 Helicobacter equorum,118cc974791b3caf0fb84977e2878694,0.005681818181818182,10000,112,6920000,outputs.mapping/bams.cds.rand/SRR14369296.x.s__Fimisoma sp002320005.fastq.gz,SRR14369296.x.s__Fimisoma sp002320005,19046aea,12090000,51,DNA,10000,1209,True,0.8700821691262152,0.9035877610647627,0.886834965095489,0.9035877610647627,True,10,6715,8158,d__Bacteria;p__Campylobacterota;c__Campylobacteria;o__Campylobacterales;f__Helicobacteraceae;g__Helicobacter_F;s__Helicobacter_F equorum_A
20000,0.0016542597187758478,0.003472222222222222,0.0008271298593879239,0.0004903162539838195,4.0,4.0,0.0,/group/ctbrowngrp5/sourmash-db.new/gtdb-rs226/gtdb-rs226-k51.dna.rocksdb,GCA_963656575.1 Senegalimassilia sp.,3eb34dacc2f4b8cb8eeea7681aa374c3,0.006944444444444444,10000,113,6910000,outputs.mapping/bams.cds.rand/SRR14369296.x.s__Fimisoma sp002320005.fastq.gz,SRR14369296.x.s__Fimisoma sp002320005,19046aea,12090000,51,DNA,10000,1209,True,0.8819882868010843,0.9071501293291512,0.8945692080651177,0.9071501293291512,True,4,6719,8158,d__Bacteria;p__Bacillota;c__Clostridia;o__Oscillospirales;f__Butyricicoccaceae;g__Butyricicoccus_A;s__Butyricicoccus_A sp963601915
10000,0.0008271298593879239,0.004608294930875576,0.0008271298593879239,0.00036773719048786466,3.0,3.0,0.0,/group/ctbrowngrp5/sourmash-db.new/gtdb-rs226/gtdb-rs226-k51.dna.rocksdb,GCA_037066005.1 Oscillospiraceae bacterium,c78eca1776d0d55ba23eaa5a9017707e,0.004608294930875576,10000,114,6900000,outputs.mapping/bams.cds.rand/SRR14369296.x.s__Fimisoma sp002320005.fastq.gz,SRR14369296.x.s__Fimisoma sp002320005,19046aea,12090000,51,DNA,10000,1209,True,0.8700821691262152,0.8998851063638268,0.884983637745021,0.8998851063638268,True,3,6722,8158,d__Bacteria;p__Bacillota;c__Clostridia;o__Oscillospirales;f__Oscillospiraceae;g__Vescimonas;s__Vescimonas sp900552475
60000,0.004962779156327543,0.002506265664160401,0.0008271298593879239,0.0004903162539838195,4.0,4.0,0.0,/group/ctbrowngrp5/sourmash-db.new/gtdb-rs226/gtdb-rs226-k51.dna.rocksdb,GCF_028596655.1 Clostridioides difficile,0b7dbb5a129f218bd25402ebb2da55dd,0.015037593984962405,10000,115,6890000,outputs.mapping/bams.cds.rand/SRR14369296.x.s__Fimisoma sp002320005.fastq.gz,SRR14369296.x.s__Fimisoma sp002320005,19046aea,12090000,51,DNA,10000,1209,True,0.9011936776666479,0.920997389264983,0.9110955334658155,0.920997389264983,True,4,6726,8158,d__Bacteria;p__Bacillota;c__Clostridia;o__Peptostreptococcales;f__Peptostreptococcaceae;g__Clostridioides;s__Clostridioides difficile
10000,0.0008271298593879239,0.006369426751592357,0.0008271298593879239,0.0008580534444716843,7.0,7.0,0.0,/group/ctbrowngrp5/sourmash-db.new/gtdb-rs226/gtdb-rs226-k51.dna.rocksdb,GCA_938036455.1 uncultured Solobacterium sp.,c58c8cf99f5094ca7b6119157ee422bc,0.006369426751592357,10000,116,6880000,outputs.mapping/bams.cds.rand/SRR14369296.x.s__Fimisoma sp002320005.fastq.gz,SRR14369296.x.s__Fimisoma sp002320005,19046aea,12090000,51,DNA,10000,1209,True,0.8700821691262152,0.9056140341181776,0.8878481016221964,0.9056140341181776,True,7,6733,8158,d__Bacteria;p__Bacillota;c__Bacilli;o__Erysipelotrichales;f__Erysipelotrichaceae;g__Holdemanella;s__Holdemanella porci
20000,0.0016542597187758478,0.004081632653061225,0.0008271298593879239,0.00012257906349595488,1.0,1.0,0.0,/group/ctbrowngrp5/sourmash-db.new/gtdb-rs226/gtdb-rs226-k51.dna.rocksdb,GCF_034116025.1 Pygmaiobacter massiliensis,bfa21c26395f254da903fecd199c913b,0.00816326530612245,10000,117,6870000,outputs.mapping/bams.cds.rand/SRR14369296.x.s__Fimisoma sp002320005.fastq.gz,SRR14369296.x.s__Fimisoma sp002320005,19046aea,12090000,51,DNA,10000,1209,True,0.8819882868010843,0.9100309337997604,0.8960096103004224,0.9100309337997604,True,1,6734,8158,d__Bacteria;p__Bacillota;c__Clostridia;o__Oscillospirales;f__Ruminococcaceae;g__Pygmaiobacter;s__Pygmaiobacter massiliensis
10000,0.0008271298593879239,0.005208333333333333,0.0008271298593879239,0.00012257906349595488,1.0,1.0,0.0,/group/ctbrowngrp5/sourmash-db.new/gtdb-rs226/gtdb-rs226-k51.dna.rocksdb,GCA_944381575.1 uncultured Lachnospiraceae bacterium,76a29cd83de3a3795d216fe26c4baf43,0.005208333333333333,10000,118,6860000,outputs.mapping/bams.cds.rand/SRR14369296.x.s__Fimisoma sp002320005.fastq.gz,SRR14369296.x.s__Fimisoma sp002320005,19046aea,12090000,51,DNA,10000,1209,True,0.8700821691262152,0.9020474594102066,0.8860648142682108,0.9020474594102066,True,1,6735,8158,d__Bacteria;p__Bacillota;c__Clostridia;o__Lachnospirales;f__Lachnospiraceae;g__Avilachnospira;s__Avilachnospira sp944381575
10000,0.0008271298593879239,0.004,0.0008271298593879239,0.00024515812699190976,2.0,2.0,0.0,/group/ctbrowngrp5/sourmash-db.new/gtdb-rs226/gtdb-rs226-k51.dna.rocksdb,GCA_900545455.1 uncultured Eubacteriales bacterium,5b218822b7b1b6dc8f9f6901bd1bd226,0.004,10000,119,6850000,outputs.mapping/bams.cds.rand/SRR14369296.x.s__Fimisoma sp002320005.fastq.gz,SRR14369296.x.s__Fimisoma sp002320005,19046aea,12090000,51,DNA,10000,1209,True,0.8700821691262152,0.8973907082557256,0.8837364386909704,0.8973907082557256,True,2,6737,8158,d__Bacteria;p__Bacillota;c__Clostridia;o__Lachnospirales;f__Lachnospiraceae;g__CAG-882;s__CAG-882 sp900545455
10000,0.0008271298593879239,0.0038022813688212928,0.0008271298593879239,0.001103211571463594,9.0,9.0,0.0,/group/ctbrowngrp5/sourmash-db.new/gtdb-rs226/gtdb-rs226-k51.dna.rocksdb,GCA_902478445.1 uncultured Oscillospiraceae bacterium,913496c58eba1cb9b9393f24b2a05661,0.0038022813688212928,10000,120,6840000,outputs.mapping/bams.cds.rand/SRR14369296.x.s__Fimisoma sp002320005.fastq.gz,SRR14369296.x.s__Fimisoma sp002320005,19046aea,12090000,51,DNA,10000,1209,True,0.8700821691262152,0.896499160640959,0.8832906648835871,0.896499160640959,True,9,6746,8158,d__Bacteria;p__Bacillota;c__Clostridia;o__Oscillospirales;f__Acutalibacteraceae;g__UMGS1623;s__UMGS1623 sp934647945
20000,0.0016542597187758478,0.00425531914893617,0.0008271298593879239,0.005883795047805835,48.0,48.0,0.0,/group/ctbrowngrp5/sourmash-db.new/gtdb-rs226/gtdb-rs226-k51.dna.rocksdb,GCA_034171385.1 Agathobacter sp.,1bee46cbb4e96c5ec07c73d678babce4,0.00851063829787234,10000,121,6830000,outputs.mapping/bams.cds.rand/SRR14369296.x.s__Fimisoma sp002320005.fastq.gz,SRR14369296.x.s__Fimisoma sp002320005,19046aea,12090000,51,DNA,10000,1209,True,0.8819882868010843,0.9107748346014192,0.8963815607012517,0.9107748346014192,True,48,6794,8158,d__Bacteria;p__Bacillota;c__Clostridia;o__Lachnospirales;f__Lachnospiraceae;g__Agathobacter;s__Agathobacter sp900549895
10000,0.0008271298593879239,0.0051813471502590676,0.0008271298593879239,0.00024515812699190976,2.0,2.0,0.0,/group/ctbrowngrp5/sourmash-db.new/gtdb-rs226/gtdb-rs226-k51.dna.rocksdb,GCA_028720665.1 Bacillota bacterium,007f5a5fb34d3bb0faba6d4e6a4ddfa1,0.0051813471502590676,10000,122,6820000,outputs.mapping/bams.cds.rand/SRR14369296.x.s__Fimisoma sp002320005.fastq.gz,SRR14369296.x.s__Fimisoma sp002320005,19046aea,12090000,51,DNA,10000,1209,True,0.8700821691262152,0.9019555822980565,0.8860188757121359,0.9019555822980565,True,2,6796,8158,d__Bacteria;p__Bacillota;c__Clostridia;o__Peptostreptococcales;f__Anaerovoracaceae;g__Lentihominibacter;s__Lentihominibacter sp022773945
50000,0.0041356492969396195,0.0025974025974025974,0.0008271298593879239,0.00012257906349595488,1.0,1.0,0.0,/group/ctbrowngrp5/sourmash-db.new/gtdb-rs226/gtdb-rs226-k51.dna.rocksdb,GCF_039837555.1 Blautia wexlerae,10fe3de07974b79348bff1ab2eef3cf1,0.012987012987012988,10000,123,6810000,outputs.mapping/bams.cds.rand/SRR14369296.x.s__Fimisoma sp002320005.fastq.gz,SRR14369296.x.s__Fimisoma sp002320005,19046aea,12090000,51,DNA,10000,1209,True,0.897977722947568,0.9183537120490333,0.9081657174983007,0.9183537120490333,True,1,6797,8158,d__Bacteria;p__Bacillota;c__Clostridia;o__Lachnospirales;f__Lachnospiraceae;g__Blautia_A;s__Blautia_A wexlerae
20000,0.0016542597187758478,0.006097560975609756,0.0008271298593879239,0.004412846285854376,36.0,36.0,0.0,/group/ctbrowngrp5/sourmash-db.new/gtdb-rs226/gtdb-rs226-k51.dna.rocksdb,GCA_004558825.1 Clostridiales bacterium,12a92cec39cf7125a02fc53e50ee926b,0.012195121951219513,10000,124,6800000,outputs.mapping/bams.cds.rand/SRR14369296.x.s__Fimisoma sp002320005.fastq.gz,SRR14369296.x.s__Fimisoma sp002320005,19046aea,12090000,51,DNA,10000,1209,True,0.8819882868010843,0.9172215253297448,0.8996049060654145,0.9172215253297448,True,36,6833,8158,d__Bacteria;p__Bacillota;c__Clostridia;o__Christensenellales;f__CAG-138;g__SFDB01;s__SFDB01 sp004558825
10000,0.0008271298593879239,0.0034129692832764505,0.0008271298593879239,0.00012257906349595488,1.0,1.0,0.0,/group/ctbrowngrp5/sourmash-db.new/gtdb-rs226/gtdb-rs226-k51.dna.rocksdb,GCA_017622575.1 Lachnospiraceae bacterium,ff2fe3839f314dda53d5ebe2455bfe37,0.0034129692832764505,10000,125,6790000,outputs.mapping/bams.cds.rand/SRR14369296.x.s__Fimisoma sp002320005.fastq.gz,SRR14369296.x.s__Fimisoma sp002320005,19046aea,12090000,51,DNA,10000,1209,True,0.8700821691262152,0.8946023746949219,0.8823422719105685,0.8946023746949219,True,1,6834,8158,d__Bacteria;p__Bacillota;c__Clostridia;o__Lachnospirales;f__Lachnospiraceae;g__Suilimivivens;s__Suilimivivens sp017622575
10000,0.0008271298593879239,0.004901960784313725,0.0008271298593879239,0.0008580534444716843,7.0,7.0,0.0,/group/ctbrowngrp5/sourmash-db.new/gtdb-rs226/gtdb-rs226-k51.dna.rocksdb,GCA_017620525.1 Oscillospiraceae bacterium,c5a406dfd6e6e63f8efda28b5c1b95be,0.004901960784313725,10000,126,6780000,outputs.mapping/bams.cds.rand/SRR14369296.x.s__Fimisoma sp002320005.fastq.gz,SRR14369296.x.s__Fimisoma sp002320005,19046aea,12090000,51,DNA,10000,1209,True,0.8700821691262152,0.9009758163577729,0.885528992741994,0.9009758163577729,True,7,6841,8158,d__Bacteria;p__Bacillota;c__Clostridia;o__Oscillospirales;f__Oscillospiraceae;g__Faecousia;s__Faecousia sp017620525
10000,0.0008271298593879239,0.004901960784313725,0.0008271298593879239,0.00012257906349595488,1.0,1.0,0.0,/group/ctbrowngrp5/sourmash-db.new/gtdb-rs226/gtdb-rs226-k51.dna.rocksdb,GCA_900539595.1 uncultured Mollicutes bacterium,4e45b4ed0a702cd798cfbb0490b65ace,0.004901960784313725,10000,127,6770000,outputs.mapping/bams.cds.rand/SRR14369296.x.s__Fimisoma sp002320005.fastq.gz,SRR14369296.x.s__Fimisoma sp002320005,19046aea,12090000,51,DNA,10000,1209,True,0.8700821691262152,0.9009758163577729,0.885528992741994,0.9009758163577729,True,1,6842,8158,d__Bacteria;p__Bacillota;c__Bacilli;o__RFN20;f__CAG-826;g__Alloenteromonas;s__Alloenteromonas sp900539595
20000,0.0016542597187758478,0.004975124378109453,0.0008271298593879239,0.00012257906349595488,1.0,1.0,0.0,/group/ctbrowngrp5/sourmash-db.new/gtdb-rs226/gtdb-rs226-k51.dna.rocksdb,GCA_945828095.1 uncultured Clostridia bacterium,f8f47772cfd9f6be2b94f03ea07e040a,0.009950248756218905,10000,128,6760000,outputs.mapping/bams.cds.rand/SRR14369296.x.s__Fimisoma sp002320005.fastq.gz,SRR14369296.x.s__Fimisoma sp002320005,19046aea,12090000,51,DNA,10000,1209,True,0.8819882868010843,0.9135700257522423,0.8977791562766633,0.9135700257522423,True,1,6843,8158,d__Bacteria;p__Bacillota;c__Clostridia;o__Peptostreptococcales;f__Anaerovoracaceae;g__CAG-238;s__CAG-238 sp945828095
10000,0.0008271298593879239,0.008771929824561403,0.0008271298593879239,0.000980632507967639,8.0,8.0,0.0,/group/ctbrowngrp5/sourmash-db.new/gtdb-rs226/gtdb-rs226-k51.dna.rocksdb,GCA_022780765.1 Bacilli bacterium,9ce83249623a09edeafa0bcf6fab51a2,0.008771929824561403,10000,129,6750000,outputs.mapping/bams.cds.rand/SRR14369296.x.s__Fimisoma sp002320005.fastq.gz,SRR14369296.x.s__Fimisoma sp002320005,19046aea,12090000,51,DNA,10000,1209,True,0.8700821691262152,0.911315028588222,0.8906985988572186,0.911315028588222,True,8,6851,8158,d__Bacteria;p__Bacillota;c__Bacilli;o__RFN20;f__CAG-288;g__Enterosoma;s__Enterosoma sp022780765
10000,0.0008271298593879239,0.004347826086956522,0.0008271298593879239,0.0004903162539838195,4.0,4.0,0.0,/group/ctbrowngrp5/sourmash-db.new/gtdb-rs226/gtdb-rs226-k51.dna.rocksdb,GCA_034178635.1 Bacteroidaceae bacterium,26afbd660950baefca763493b71a8f56,0.004347826086956522,10000,130,6740000,outputs.mapping/bams.cds.rand/SRR14369296.x.s__Fimisoma sp002320005.fastq.gz,SRR14369296.x.s__Fimisoma sp002320005,19046aea,12090000,51,DNA,10000,1209,True,0.8700821691262152,0.8988590824149439,0.8844706257705796,0.8988590824149439,True,4,6855,8158,d__Bacteria;p__Bacteroidota;c__Bacteroidia;o__Bacteroidales;f__Bacteroidaceae;g__Physcousia;s__Physcousia sp900766785
10000,0.0008271298593879239,0.004149377593360996,0.0008271298593879239,0.00024515812699190976,2.0,2.0,0.0,/group/ctbrowngrp5/sourmash-db.new/gtdb-rs226/gtdb-rs226-k51.dna.rocksdb,GCA_030584005.1 Bdellovibrionota bacterium,b80f37c2a20c50e0c4a13bd218a23dcf,0.004149377593360996,10000,131,6730000,outputs.mapping/bams.cds.rand/SRR14369296.x.s__Fimisoma sp002320005.fastq.gz,SRR14369296.x.s__Fimisoma sp002320005,19046aea,12090000,51,DNA,10000,1209,True,0.8700821691262152,0.8980360758706126,0.8840591224984139,0.8980360758706126,True,2,6857,8158,d__Bacteria;p__Bdellovibrionota_B;c__UBA2361;o__UBA2361;f__G030584005;g__G030584005;s__G030584005 sp030584005
10000,0.0008271298593879239,0.003424657534246575,0.0008271298593879239,0.0006128953174797745,5.0,5.0,0.0,/group/ctbrowngrp5/sourmash-db.new/gtdb-rs226/gtdb-rs226-k51.dna.rocksdb,GCA_948797145.1 uncultured Clostridia bacterium,2346845f84d428cdb90f78b8e029fb5b,0.003424657534246575,10000,132,6720000,outputs.mapping/bams.cds.rand/SRR14369296.x.s__Fimisoma sp002320005.fastq.gz,SRR14369296.x.s__Fimisoma sp002320005,19046aea,12090000,51,DNA,10000,1209,True,0.8700821691262152,0.8946623467567137,0.8823722579414645,0.8946623467567137,True,5,6862,8158,d__Bacteria;p__Bacillota;c__Clostridia;o__Lachnospirales;f__CAG-274;g__MGBC114079;s__MGBC114079 sp910579745
30000,0.0024813895781637717,0.0033222591362126247,0.0008271298593879239,0.00012257906349595488,1.0,1.0,0.0,/group/ctbrowngrp5/sourmash-db.new/gtdb-rs226/gtdb-rs226-k51.dna.rocksdb,GCA_022777665.1 Lachnospiraceae bacterium,b7870269a68b9fdab9ac049559ddefac,0.009966777408637873,10000,133,6710000,outputs.mapping/bams.cds.rand/SRR14369296.x.s__Fimisoma sp002320005.fastq.gz,SRR14369296.x.s__Fimisoma sp002320005,19046aea,12090000,51,DNA,10000,1209,True,0.8890283029845609,0.9135997575918425,0.9013140302882017,0.9135997575918425,True,1,6863,8158,d__Bacteria;p__Bacillota;c__Clostridia;o__Lachnospirales;f__Lachnospiraceae;g__Suilimivivens;s__Suilimivivens sp021628825
40000,0.0033085194375516956,0.004132231404958678,0.0008271298593879239,0.00036773719048786466,3.0,3.0,0.0,/group/ctbrowngrp5/sourmash-db.new/gtdb-rs226/gtdb-rs226-k51.dna.rocksdb,GCA_948471145.1 uncultured Butyrivibrio sp.,66cc190b3b19429b023b9c51943380b2,0.01652892561983471,10000,134,6700000,outputs.mapping/bams.cds.rand/SRR14369296.x.s__Fimisoma sp002320005.fastq.gz,SRR14369296.x.s__Fimisoma sp002320005,19046aea,12090000,51,DNA,10000,1209,True,0.8940573266034465,0.9227065851930429,0.9083819558982447,0.9227065851930429,True,3,6866,8158,d__Bacteria;p__Bacillota;c__Clostridia;o__Lachnospirales;f__Lachnospiraceae;g__Butyrivibrio_A;s__Butyrivibrio_A sp000431815
10000,0.0008271298593879239,0.009433962264150943,0.0008271298593879239,0.00036773719048786466,3.0,3.0,0.0,/group/ctbrowngrp5/sourmash-db.new/gtdb-rs226/gtdb-rs226-k51.dna.rocksdb,GCA_022009875.1 Clostridium sp.,b6cdbadae011a586af03cd81b1e23e09,0.009433962264150943,10000,135,6690000,outputs.mapping/bams.cds.rand/SRR14369296.x.s__Fimisoma sp002320005.fastq.gz,SRR14369296.x.s__Fimisoma sp002320005,19046aea,12090000,51,DNA,10000,1209,True,0.8700821691262152,0.9126160876839744,0.8913491284050947,0.9126160876839744,True,3,6869,8158,d__Bacteria;p__Bacillota;c__Bacilli;o__RF39;f__UBA660;g__CAG-533;s__CAG-533 sp000434495
10000,0.0008271298593879239,0.004545454545454545,0.0008271298593879239,0.00024515812699190976,2.0,2.0,0.0,/group/ctbrowngrp5/sourmash-db.new/gtdb-rs226/gtdb-rs226-k51.dna.rocksdb,GCA_948751085.1 uncultured Oscillospiraceae bacterium,ba40cdb1cebfa775676263524ca95551,0.004545454545454545,10000,136,6680000,outputs.mapping/bams.cds.rand/SRR14369296.x.s__Fimisoma sp002320005.fastq.gz,SRR14369296.x.s__Fimisoma sp002320005,19046aea,12090000,51,DNA,10000,1209,True,0.8700821691262152,0.8996428723837347,0.884862520754975,0.8996428723837347,True,2,6871,8158,d__Bacteria;p__Bacillota;c__Clostridia;o__Oscillospirales;f__Ruminococcaceae;g__Porcipelethomonas;s__Porcipelethomonas sp910588145
50000,0.0041356492969396195,0.003424657534246575,0.0008271298593879239,0.0007354743809757293,6.0,6.0,0.0,/group/ctbrowngrp5/sourmash-db.new/gtdb-rs226/gtdb-rs226-k51.dna.rocksdb,GCA_902786155.1 uncultured Lachnospiraceae bacterium,fed25767c028f7a04849310030a905dc,0.017123287671232876,10000,137,6670000,outputs.mapping/bams.cds.rand/SRR14369296.x.s__Fimisoma sp002320005.fastq.gz,SRR14369296.x.s__Fimisoma sp002320005,19046aea,12090000,51,DNA,10000,1209,True,0.897977722947568,0.9233459613984814,0.9106618421730246,0.9233459613984814,True,6,6877,8158,d__Bacteria;p__Bacillota;c__Clostridia;o__Lachnospirales;f__Lachnospiraceae;g__Agathobacter;s__Agathobacter sp900317585
10000,0.0008271298593879239,0.002150537634408602,0.0008271298593879239,0.00036773719048786466,3.0,3.0,0.0,/group/ctbrowngrp5/sourmash-db.new/gtdb-rs226/gtdb-rs226-k51.dna.rocksdb,GCA_963591355.1 Paratractidigestivibacter sp.,770eadc4a1c72bbf7f97b3af2d9acc70,0.002150537634408602,10000,138,6660000,outputs.mapping/bams.cds.rand/SRR14369296.x.s__Fimisoma sp002320005.fastq.gz,SRR14369296.x.s__Fimisoma sp002320005,19046aea,12090000,51,DNA,10000,1209,True,0.8700821691262152,0.8865372758711161,0.8783097224986656,0.8865372758711161,True,3,6880,8158,d__Bacteria;p__Bacteroidota;c__Bacteroidia;o__Bacteroidales;f__Tannerellaceae;g__Parabacteroides;s__Parabacteroides distasonis
10000,0.0008271298593879239,0.002857142857142857,0.0008271298593879239,0.0008580534444716843,7.0,7.0,0.0,/group/ctbrowngrp5/sourmash-db.new/gtdb-rs226/gtdb-rs226-k51.dna.rocksdb,GCA_963589295.1 Lachnospiraceae bacterium,18ae3e07be0d3cd7c395ee3cfe2e29b4,0.002857142857142857,10000,139,6650000,outputs.mapping/bams.cds.rand/SRR14369296.x.s__Fimisoma sp002320005.fastq.gz,SRR14369296.x.s__Fimisoma sp002320005,19046aea,12090000,51,DNA,10000,1209,True,0.8700821691262152,0.8914896651476225,0.8807859171369188,0.8914896651476225,True,7,6887,8158,d__Bacteria;p__Bacteroidota;c__Bacteroidia;o__Bacteroidales;f__Bacteroidaceae;g__Prevotella;s__Prevotella sp900546575
20000,0.0016542597187758478,0.003257328990228013,0.0008271298593879239,0.00036773719048786466,3.0,3.0,0.0,/group/ctbrowngrp5/sourmash-db.new/gtdb-rs226/gtdb-rs226-k51.dna.rocksdb,GCA_022775005.1 Parabacteroides sp.,9123f60340b29dd454753d7e3bb7de47,0.006514657980456026,10000,140,6640000,outputs.mapping/bams.cds.rand/SRR14369296.x.s__Fimisoma sp002320005.fastq.gz,SRR14369296.x.s__Fimisoma sp002320005,19046aea,12090000,51,DNA,10000,1209,True,0.8819882868010843,0.9060144615252204,0.8940013741631523,0.9060144615252204,True,3,6890,8158,d__Bacteria;p__Bacteroidota;c__Bacteroidia;o__Bacteroidales;f__Tannerellaceae;g__Parabacteroides;s__Parabacteroides sp022775005
30000,0.0024813895781637717,0.0035460992907801418,0.0008271298593879239,0.00024515812699190976,2.0,2.0,0.0,/group/ctbrowngrp5/sourmash-db.new/gtdb-rs226/gtdb-rs226-k51.dna.rocksdb,GCA_963656025.1 uncultured Eubacteriales bacterium,52a5d5d77f21c29a52347102bdcaa344,0.010638297872340425,10000,141,6630000,outputs.mapping/bams.cds.rand/SRR14369296.x.s__Fimisoma sp002320005.fastq.gz,SRR14369296.x.s__Fimisoma sp002320005,19046aea,12090000,51,DNA,10000,1209,True,0.8890283029845609,0.9147685363760626,0.9018984196803117,0.9147685363760626,True,2,6892,8158,d__Bacteria;p__Bacteroidota;c__Bacteroidia;o__Bacteroidales;f__Paludibacteraceae;g__Colicola;s__Colicola sp963635385
40000,0.0033085194375516956,0.0024096385542168677,0.0008271298593879239,0.00012257906349595488,1.0,1.0,0.0,/group/ctbrowngrp5/sourmash-db.new/gtdb-rs226/gtdb-rs226-k51.dna.rocksdb,GCA_004563615.1 bacterium,2a1efa1c0e476bb35e2d1bbb22da4458,0.00963855421686747,10000,142,6620000,outputs.mapping/bams.cds.rand/SRR14369296.x.s__Fimisoma sp002320005.fastq.gz,SRR14369296.x.s__Fimisoma sp002320005,19046aea,12090000,51,DNA,10000,1209,True,0.8940573266034465,0.9130000923496824,0.9035287094765645,0.9130000923496824,True,1,6893,8158,d__Bacteria;p__Bacillota;c__Clostridia;o__Oscillospirales;f__Acutalibacteraceae;g__Fimivicinus;s__Fimivicinus sp900544715
10000,0.0008271298593879239,0.005025125628140704,0.0008271298593879239,0.00012257906349595488,1.0,1.0,0.0,/group/ctbrowngrp5/sourmash-db.new/gtdb-rs226/gtdb-rs226-k51.dna.rocksdb,GCF_027670005.1 Mitsuokella multacida,c0ba137cdbdadb2129fc6f594e40f165,0.005025125628140704,10000,143,6610000,outputs.mapping/bams.cds.rand/SRR14369296.x.s__Fimisoma sp002320005.fastq.gz,SRR14369296.x.s__Fimisoma sp002320005,19046aea,12090000,51,DNA,10000,1209,True,0.8700821691262152,0.9014143125831353,0.8857482408546753,0.9014143125831353,True,1,6894,8158,d__Bacteria;p__Bacillota;c__Negativicutes;o__Selenomonadales;f__Selenomonadaceae;g__Mitsuokella;s__Mitsuokella multacida
10000,0.0008271298593879239,0.004291845493562232,0.0008271298593879239,0.00024515812699190976,2.0,2.0,0.0,/group/ctbrowngrp5/sourmash-db.new/gtdb-rs226/gtdb-rs226-k51.dna.rocksdb,GCA_004553105.1 Veillonellaceae bacterium,b54cd689867d4647f44b5f27ddf17060,0.004291845493562232,10000,144,6600000,outputs.mapping/bams.cds.rand/SRR14369296.x.s__Fimisoma sp002320005.fastq.gz,SRR14369296.x.s__Fimisoma sp002320005,19046aea,12090000,51,DNA,10000,1209,True,0.8700821691262152,0.8986307105512661,0.8843564398387407,0.8986307105512661,True,2,6896,8158,d__Bacteria;p__Bacillota;c__Negativicutes;o__Selenomonadales;f__Selenomonadaceae;g__Anaerovibrio;s__Anaerovibrio slackiae
10000,0.0008271298593879239,0.004032258064516129,0.0008271298593879239,0.00012257906349595488,1.0,1.0,0.0,/group/ctbrowngrp5/sourmash-db.new/gtdb-rs226/gtdb-rs226-k51.dna.rocksdb,GCA_946405075.1 uncultured Clostridia bacterium,44058eec90db578db0e6aefd0d607d94,0.004032258064516129,10000,145,6590000,outputs.mapping/bams.cds.rand/SRR14369296.x.s__Fimisoma sp002320005.fastq.gz,SRR14369296.x.s__Fimisoma sp002320005,19046aea,12090000,51,DNA,10000,1209,True,0.8700821691262152,0.8975320526456187,0.8838071108859169,0.8975320526456187,True,1,6897,8158,d__Bacteria;p__Bacillota;c__Clostridia;o__Oscillospirales;f__Oscillospiraceae;g__Lawsonibacter;s__Lawsonibacter sp000177015
10000,0.0008271298593879239,0.003236245954692557,0.0008271298593879239,0.00024515812699190976,2.0,2.0,0.0,/group/ctbrowngrp5/sourmash-db.new/gtdb-rs226/gtdb-rs226-k51.dna.rocksdb,GCA_037366905.1 Roseburia hominis,56d97860b3de93052df0a55e461b0fce,0.003236245954692557,10000,146,6580000,outputs.mapping/bams.cds.rand/SRR14369296.x.s__Fimisoma sp002320005.fastq.gz,SRR14369296.x.s__Fimisoma sp002320005,19046aea,12090000,51,DNA,10000,1209,True,0.8700821691262152,0.8936702172154328,0.881876193170824,0.8936702172154328,True,2,6899,8158,d__Bacteria;p__Bacillota;c__Clostridia;o__Lachnospirales;f__Lachnospiraceae;g__Roseburia;s__Roseburia hominis
60000,0.004962779156327543,0.002403846153846154,0.0008271298593879239,0.00012257906349595488,1.0,1.0,0.0,/group/ctbrowngrp5/sourmash-db.new/gtdb-rs226/gtdb-rs226-k51.dna.rocksdb,GCF_039837475.1 Blautia wexlerae,205dddd894d98c24352facee4bc16bb3,0.014423076923076924,10000,147,6570000,outputs.mapping/bams.cds.rand/SRR14369296.x.s__Fimisoma sp002320005.fastq.gz,SRR14369296.x.s__Fimisoma sp002320005,19046aea,12090000,51,DNA,10000,1209,True,0.9011936776666479,0.9202442160094686,0.9107189468380583,0.9202442160094686,True,1,6900,8158,d__Bacteria;p__Bacillota;c__Clostridia;o__Lachnospirales;f__Lachnospiraceae;g__Blautia_A;s__Blautia_A wexlerae
30000,0.0024813895781637717,0.0027100271002710027,0.0008271298593879239,0.00012257906349595488,1.0,1.0,0.0,/group/ctbrowngrp5/sourmash-db.new/gtdb-rs226/gtdb-rs226-k51.dna.rocksdb,GCA_008679615.1 Bacillota bacterium,4b2229bb72b126550832574f5f01c3df,0.008130081300813009,10000,148,6560000,outputs.mapping/bams.cds.rand/SRR14369296.x.s__Fimisoma sp002320005.fastq.gz,SRR14369296.x.s__Fimisoma sp002320005,19046aea,12090000,51,DNA,10000,1209,True,0.8890283029845609,0.9099582533276309,0.8994932781560959,0.9099582533276309,True,1,6901,8158,d__Bacteria;p__Bacillota;c__Clostridia;o__Lachnospirales;f__Lachnospiraceae;g__Enterocloster;s__Enterocloster sp000431375
60000,0.004962779156327543,0.00267379679144385,0.0008271298593879239,0.0007354743809757293,6.0,6.0,0.0,/group/ctbrowngrp5/sourmash-db.new/gtdb-rs226/gtdb-rs226-k51.dna.rocksdb,GCF_017851155.1 Blautia sp.,4978c6980d38c1a477b48c96ad79fc0a,0.016042780748663103,10000,149,6550000,outputs.mapping/bams.cds.rand/SRR14369296.x.s__Fimisoma sp002320005.fastq.gz,SRR14369296.x.s__Fimisoma sp002320005,19046aea,12090000,51,DNA,10000,1209,True,0.9011936776666479,0.9221666348922344,0.9116801562794412,0.9221666348922344,True,6,6907,8158,d__Bacteria;p__Bacillota;c__Clostridia;o__Lachnospirales;f__Lachnospiraceae;g__Oliverpabstia;s__Oliverpabstia faecicola
10000,0.0008271298593879239,0.003278688524590164,0.0008271298593879239,0.00024515812699190976,2.0,2.0,0.0,/group/ctbrowngrp5/sourmash-db.new/gtdb-rs226/gtdb-rs226-k51.dna.rocksdb,GCA_958419185.1 uncultured Blautia sp.,76852f54b75c11c385e07f01d7e23b63,0.003278688524590164,10000,150,6540000,outputs.mapping/bams.cds.rand/SRR14369296.x.s__Fimisoma sp002320005.fastq.gz,SRR14369296.x.s__Fimisoma sp002320005,19046aea,12090000,51,DNA,10000,1209,True,0.8700821691262152,0.8938985616055892,0.8819903653659023,0.8938985616055892,True,2,6909,8158,d__Bacteria;p__Bacillota;c__Clostridia;o__Lachnospirales;f__Lachnospiraceae;g__Blautia_A;s__Blautia_A sp900551715
10000,0.0008271298593879239,0.002688172043010753,0.0008271298593879239,0.00012257906349595488,1.0,1.0,0.0,/group/ctbrowngrp5/sourmash-db.new/gtdb-rs226/gtdb-rs226-k51.dna.rocksdb,GCA_963663285.1 Candidatus Limiplasma sp.,90755839b8b6ce4bbdd24ce665edc9a2,0.002688172043010753,10000,151,6530000,outputs.mapping/bams.cds.rand/SRR14369296.x.s__Fimisoma sp002320005.fastq.gz,SRR14369296.x.s__Fimisoma sp002320005,19046aea,12090000,51,DNA,10000,1209,True,0.8700821691262152,0.8904246971715558,0.8802534331488855,0.8904246971715558,True,1,6910,8158,d__Bacteria;p__Bacillota;c__Clostridia;o__Christensenellales;f__Aristaeellaceae;g__Limiplasma;s__Limiplasma sp963663285
10000,0.0008271298593879239,0.006896551724137931,0.0008271298593879239,0.00012257906349595488,1.0,1.0,0.0,/group/ctbrowngrp5/sourmash-db.new/gtdb-rs226/gtdb-rs226-k51.dna.rocksdb,GCA_900769565.1 Clostridia bacterium,325570dc49f0f4f72f7754a40cfb8a5f,0.006896551724137931,10000,152,6520000,outputs.mapping/bams.cds.rand/SRR14369296.x.s__Fimisoma sp002320005.fastq.gz,SRR14369296.x.s__Fimisoma sp002320005,19046aea,12090000,51,DNA,10000,1209,True,0.8700821691262152,0.907027041982046,0.8885546055541306,0.907027041982046,True,1,6911,8158,d__Bacteria;p__Bacillota;c__Clostridia;o__Christensenellales;f__Borkfalkiaceae;g__UBA1259;s__UBA1259 sp900769565
10000,0.0008271298593879239,0.0045871559633027525,0.0008271298593879239,0.00012257906349595488,1.0,1.0,0.0,/group/ctbrowngrp5/sourmash-db.new/gtdb-rs226/gtdb-rs226-k51.dna.rocksdb,GCA_029010715.1 Clostridiales bacterium,a8d753b058aab5aa18ecca80d47de043,0.0045871559633027525,10000,153,6510000,outputs.mapping/bams.cds.rand/SRR14369296.x.s__Fimisoma sp002320005.fastq.gz,SRR14369296.x.s__Fimisoma sp002320005,19046aea,12090000,51,DNA,10000,1209,True,0.8700821691262152,0.8998039843327351,0.8849430767294751,0.8998039843327351,True,1,6912,8158,d__Bacteria;p__Bacillota;c__Clostridia;o__Oscillospirales;f__Oscillospiraceae;g__Limivicinus;s__Limivicinus sp029010715
10000,0.0008271298593879239,0.005025125628140704,0.0008271298593879239,0.002206423142927188,18.0,18.0,0.0,/group/ctbrowngrp5/sourmash-db.new/gtdb-rs226/gtdb-rs226-k51.dna.rocksdb,GCA_934841105.1 uncultured bacterium,8a8accf1befb9a4a44102951204c7029,0.005025125628140704,10000,154,6500000,outputs.mapping/bams.cds.rand/SRR14369296.x.s__Fimisoma sp002320005.fastq.gz,SRR14369296.x.s__Fimisoma sp002320005,19046aea,12090000,51,DNA,10000,1209,True,0.8700821691262152,0.9014143125831353,0.8857482408546753,0.9014143125831353,True,18,6930,8158,d__Bacteria;p__Bacillota;c__Clostridia;o__Oscillospirales;f__Ruminococcaceae;g__SFIE01;s__SFIE01 sp004555405
10000,0.0008271298593879239,0.005649717514124294,0.0008271298593879239,0.00012257906349595488,1.0,1.0,0.0,/group/ctbrowngrp5/sourmash-db.new/gtdb-rs226/gtdb-rs226-k51.dna.rocksdb,GCF_026011995.1 Streptococcus alactolyticus,fc007214371b644c540f55d5bbed66d4,0.005649717514124294,10000,155,6490000,outputs.mapping/bams.cds.rand/SRR14369296.x.s__Fimisoma sp002320005.fastq.gz,SRR14369296.x.s__Fimisoma sp002320005,19046aea,12090000,51,DNA,10000,1209,True,0.8700821691262152,0.9034873844621032,0.8867847767941592,0.9034873844621032,True,1,6931,8158,d__Bacteria;p__Bacillota;c__Bacilli;o__Lactobacillales;f__Streptococcaceae;g__Streptococcus;s__Streptococcus faecavium
20000,0.0016542597187758478,0.0031847133757961785,0.0008271298593879239,0.000980632507967639,8.0,8.0,0.0,/group/ctbrowngrp5/sourmash-db.new/gtdb-rs226/gtdb-rs226-k51.dna.rocksdb,GCA_902375945.1 Clostridiaceae bacterium,cc83538e580742ca11ee9ed5266d8f53,0.006369426751592357,10000,156,6480000,outputs.mapping/bams.cds.rand/SRR14369296.x.s__Fimisoma sp002320005.fastq.gz,SRR14369296.x.s__Fimisoma sp002320005,19046aea,12090000,51,DNA,10000,1209,True,0.8819882868010843,0.9056140341181776,0.893801160459631,0.9056140341181776,True,8,6939,8158,d__Bacteria;p__Bacillota;c__Clostridia;o__Lachnospirales;f__Lachnospiraceae;g__Enterocloster;s__Enterocloster sp001517625
20000,0.0016542597187758478,0.005847953216374269,0.0008271298593879239,0.00012257906349595488,1.0,1.0,0.0,/group/ctbrowngrp5/sourmash-db.new/gtdb-rs226/gtdb-rs226-k51.dna.rocksdb,GCA_958427405.1 uncultured Eubacteriales bacterium,0a33f125495ab400a77ee4a2bd7ee673,0.011695906432748537,10000,157,6470000,outputs.mapping/bams.cds.rand/SRR14369296.x.s__Fimisoma sp002320005.fastq.gz,SRR14369296.x.s__Fimisoma sp002320005,19046aea,12090000,51,DNA,10000,1209,True,0.8819882868010843,0.9164701229621918,0.899229204881638,0.9164701229621918,True,1,6940,8158,d__Bacteria;p__Bacillota;c__Clostridia;o__Oscillospirales;f__Oscillospiraceae;g__F23-B02;s__F23-B02 sp000431075
10000,0.0008271298593879239,0.004524886877828055,0.0008271298593879239,0.00024515812699190976,2.0,2.0,0.0,/group/ctbrowngrp5/sourmash-db.new/gtdb-rs226/gtdb-rs226-k51.dna.rocksdb,GCF_900102225.1 Eubacterium pyruvativorans,889477e17a70b342594aae7d43a84f0f,0.004524886877828055,10000,158,6460000,outputs.mapping/bams.cds.rand/SRR14369296.x.s__Fimisoma sp002320005.fastq.gz,SRR14369296.x.s__Fimisoma sp002320005,19046aea,12090000,51,DNA,10000,1209,True,0.8700821691262152,0.8995628755480881,0.8848225223371516,0.8995628755480881,True,2,6942,8158,d__Bacteria;p__Bacillota;c__Clostridia;o__Peptostreptococcales;f__Anaerovoracaceae;g__Eubacterium_T;s__Eubacterium_T pyruvativorans
10000,0.0008271298593879239,0.00423728813559322,0.0008271298593879239,0.00024515812699190976,2.0,2.0,0.0,/group/ctbrowngrp5/sourmash-db.new/gtdb-rs226/gtdb-rs226-k51.dna.rocksdb,GCA_900313975.1 uncultured Lachnospiraceae bacterium,8220500e357197e52938ba0a691471d3,0.00423728813559322,10000,159,6450000,outputs.mapping/bams.cds.rand/SRR14369296.x.s__Fimisoma sp002320005.fastq.gz,SRR14369296.x.s__Fimisoma sp002320005,19046aea,12090000,51,DNA,10000,1209,True,0.8700821691262152,0.8984053172829363,0.8842437432045758,0.8984053172829363,True,2,6944,8158,d__Bacteria;p__Bacillota;c__Clostridia;o__Lachnospirales;f__Lachnospiraceae;g__UBA2912;s__UBA2912 sp900314845
20000,0.0016542597187758478,0.004347826086956522,0.0008271298593879239,0.00036773719048786466,3.0,3.0,0.0,/group/ctbrowngrp5/sourmash-db.new/gtdb-rs226/gtdb-rs226-k51.dna.rocksdb,GCA_946614955.1 uncultured Clostridia bacterium,8cd5f84e3e6ec8ead76569542d6185bb,0.008695652173913044,10000,160,6440000,outputs.mapping/bams.cds.rand/SRR14369296.x.s__Fimisoma sp002320005.fastq.gz,SRR14369296.x.s__Fimisoma sp002320005,19046aea,12090000,51,DNA,10000,1209,True,0.8819882868010843,0.9111589805028507,0.8965736336519675,0.9111589805028507,True,3,6947,8158,d__Bacteria;p__Bacillota;c__Clostridia;o__Oscillospirales;f__Ruminococcaceae;g__UBA3818;s__UBA3818 sp002369315
50000,0.0041356492969396195,0.002551020408163265,0.0008271298593879239,0.00036773719048786466,3.0,3.0,0.0,/group/ctbrowngrp5/sourmash-db.new/gtdb-rs226/gtdb-rs226-k51.dna.rocksdb,GCF_009717925.1 Ruthenibacterium lactatiformans,e43ff0ca1a951ce85cc5ff55ecf5af9a,0.012755102040816327,10000,161,6430000,outputs.mapping/bams.cds.rand/SRR14369296.x.s__Fimisoma sp002320005.fastq.gz,SRR14369296.x.s__Fimisoma sp002320005,19046aea,12090000,51,DNA,10000,1209,True,0.897977722947568,0.9180293112915147,0.9080035171195413,0.9180293112915147,True,3,6950,8158,d__Bacteria;p__Bacillota;c__Clostridia;o__Oscillospirales;f__Ruminococcaceae;g__Ruthenibacterium;s__Ruthenibacterium lactatiformans
10000,0.0008271298593879239,0.0048543689320388345,0.0008271298593879239,0.00012257906349595488,1.0,1.0,0.0,/group/ctbrowngrp5/sourmash-db.new/gtdb-rs226/gtdb-rs226-k51.dna.rocksdb,GCA_946403195.1 uncultured Clostridia bacterium,247eb66cf55b29cc9c2181bf669fe0a2,0.0048543689320388345,10000,162,6420000,outputs.mapping/bams.cds.rand/SRR14369296.x.s__Fimisoma sp002320005.fastq.gz,SRR14369296.x.s__Fimisoma sp002320005,19046aea,12090000,51,DNA,10000,1209,True,0.8700821691262152,0.900803478377785,0.885442823752,0.900803478377785,True,1,6951,8158,d__Bacteria;p__Bacillota;c__Clostridia;o__Oscillospirales;f__Oscillospiraceae;g__Oscillibacter;s__Oscillibacter sp945864305
10000,0.0008271298593879239,0.00398406374501992,0.0008271298593879239,0.00012257906349595488,1.0,1.0,0.0,/group/ctbrowngrp5/sourmash-db.new/gtdb-rs226/gtdb-rs226-k51.dna.rocksdb,GCA_034119225.1 Prevotella sp.,b6906672423f895e7444ec4695f8bb72,0.00398406374501992,10000,163,6410000,outputs.mapping/bams.cds.rand/SRR14369296.x.s__Fimisoma sp002320005.fastq.gz,SRR14369296.x.s__Fimisoma sp002320005,19046aea,12090000,51,DNA,10000,1209,True,0.8700821691262152,0.8973204678127464,0.8837013184694809,0.8973204678127464,True,1,6952,8158,d__Bacteria;p__Bacteroidota;c__Bacteroidia;o__Bacteroidales;f__Bacteroidaceae;g__Prevotella;s__Prevotella sp022782305
10000,0.0008271298593879239,0.003236245954692557,0.0008271298593879239,0.00012257906349595488,1.0,1.0,0.0,/group/ctbrowngrp5/sourmash-db.new/gtdb-rs226/gtdb-rs226-k51.dna.rocksdb,GCA_938005455.1 uncultured Lachnospiraceae bacterium,c1bae89312740e98fefdb768eabcd8ab,0.003236245954692557,10000,164,6400000,outputs.mapping/bams.cds.rand/SRR14369296.x.s__Fimisoma sp002320005.fastq.gz,SRR14369296.x.s__Fimisoma sp002320005,19046aea,12090000,51,DNA,10000,1209,True,0.8700821691262152,0.8936702172154328,0.881876193170824,0.8936702172154328,True,1,6953,8158,d__Bacteria;p__Bacillota;c__Clostridia;o__Lachnospirales;f__Lachnospiraceae;g__Choladousia;s__Choladousia sp902363665
10000,0.0008271298593879239,0.003663003663003663,0.0008271298593879239,0.00012257906349595488,1.0,1.0,0.0,/group/ctbrowngrp5/sourmash-db.new/gtdb-rs226/gtdb-rs226-k51.dna.rocksdb,GCA_034182555.1 Faecousia sp.,f696bbae2913a0e90283f08f755921d7,0.003663003663003663,10000,165,6390000,outputs.mapping/bams.cds.rand/SRR14369296.x.s__Fimisoma sp002320005.fastq.gz,SRR14369296.x.s__Fimisoma sp002320005,19046aea,12090000,51,DNA,10000,1209,True,0.8700821691262152,0.8958434134603346,0.8829627912932749,0.8958434134603346,True,1,6954,8158,d__Bacteria;p__Bacillota;c__Clostridia;o__Oscillospirales;f__Oscillospiraceae;g__Faecousia;s__Faecousia sp028719885
10000,0.0008271298593879239,0.003484320557491289,0.0008271298593879239,0.00036773719048786466,3.0,3.0,0.0,/group/ctbrowngrp5/sourmash-db.new/gtdb-rs226/gtdb-rs226-k51.dna.rocksdb,GCA_019422085.1 Clostridiales bacterium,bffbfb75a7f6ce92eccca97e00999e5c,0.003484320557491289,10000,166,6380000,outputs.mapping/bams.cds.rand/SRR14369296.x.s__Fimisoma sp002320005.fastq.gz,SRR14369296.x.s__Fimisoma sp002320005,19046aea,12090000,51,DNA,10000,1209,True,0.8700821691262152,0.8949653831278861,0.8825237761270506,0.8949653831278861,True,3,6957,8158,d__Bacteria;p__Bacillota;c__Clostridia;o__Lachnospirales;f__Lachnospiraceae;g__Hominiventricola;s__Hominiventricola filiformis
10000,0.0008271298593879239,0.0051813471502590676,0.0008271298593879239,0.0006128953174797745,5.0,5.0,0.0,/group/ctbrowngrp5/sourmash-db.new/gtdb-rs226/gtdb-rs226-k51.dna.rocksdb,GCA_934246525.1 uncultured Clostridia bacterium,2fbd7ab5e67ceb37ff45738025c90d5f,0.0051813471502590676,10000,167,6370000,outputs.mapping/bams.cds.rand/SRR14369296.x.s__Fimisoma sp002320005.fastq.gz,SRR14369296.x.s__Fimisoma sp002320005,19046aea,12090000,51,DNA,10000,1209,True,0.8700821691262152,0.9019555822980565,0.8860188757121359,0.9019555822980565,True,5,6962,8158,d__Bacteria;p__Bacillota;c__Clostridia;o__Peptostreptococcales;f__Anaerovoracaceae;g__Mogibacterium_A;s__Mogibacterium_A kristiansenii
10000,0.0008271298593879239,0.007518796992481203,0.0008271298593879239,0.00012257906349595488,1.0,1.0,0.0,/group/ctbrowngrp5/sourmash-db.new/gtdb-rs226/gtdb-rs226-k51.dna.rocksdb,GCA_934096605.1 uncultured Bacilli bacterium,c90f2aa47400d562bf7b7748cb5a7833,0.007518796992481203,10000,168,6360000,outputs.mapping/bams.cds.rand/SRR14369296.x.s__Fimisoma sp002320005.fastq.gz,SRR14369296.x.s__Fimisoma sp002320005,19046aea,12090000,51,DNA,10000,1209,True,0.8700821691262152,0.9085646807370644,0.8893234249316397,0.9085646807370644,True,1,6963,8158,d__Bacteria;p__Bacillota;c__Bacilli;o__RF39;f__UBA660;g__Ventrenecus;s__Ventrenecus sp934096605
30000,0.0024813895781637717,0.0029411764705882353,0.0008271298593879239,0.00024515812699190976,2.0,2.0,0.0,/group/ctbrowngrp5/sourmash-db.new/gtdb-rs226/gtdb-rs226-k51.dna.rocksdb,GCF_034113965.1 Anaerobutyricum hallii,0e2c9c5eec5699cdc6892c671870422e,0.008823529411764706,10000,169,6350000,outputs.mapping/bams.cds.rand/SRR14369296.x.s__Fimisoma sp002320005.fastq.gz,SRR14369296.x.s__Fimisoma sp002320005,19046aea,12090000,51,DNA,10000,1209,True,0.8890283029845609,0.9114198379775423,0.9002240704810516,0.9114198379775423,True,2,6965,8158,d__Bacteria;p__Bacillota;c__Clostridia;o__Lachnospirales;f__Lachnospiraceae;g__Anaerobutyricum;s__Anaerobutyricum hallii
10000,0.0008271298593879239,0.004,0.0008271298593879239,0.00012257906349595488,1.0,1.0,0.0,/group/ctbrowngrp5/sourmash-db.new/gtdb-rs226/gtdb-rs226-k51.dna.rocksdb,GCA_034104805.1 Gemmiger qucibialis,858d4e9d9469f78abb13b805c7f9789b,0.004,10000,170,6340000,outputs.mapping/bams.cds.rand/SRR14369296.x.s__Fimisoma sp002320005.fastq.gz,SRR14369296.x.s__Fimisoma sp002320005,19046aea,12090000,51,DNA,10000,1209,True,0.8700821691262152,0.8973907082557256,0.8837364386909704,0.8973907082557256,True,1,6966,8158,d__Bacteria;p__Bacillota;c__Clostridia;o__Oscillospirales;f__Ruminococcaceae;g__Gemmiger;s__Gemmiger qucibialis
10000,0.0008271298593879239,0.005434782608695652,0.0008271298593879239,0.00012257906349595488,1.0,1.0,0.0,/group/ctbrowngrp5/sourmash-db.new/gtdb-rs226/gtdb-rs226-k51.dna.rocksdb,GCA_948809965.1 uncultured Eubacteriales bacterium,e726c2ca4bf56e9a3fb3f43984d3b8a6,0.005434782608695652,10000,171,6330000,outputs.mapping/bams.cds.rand/SRR14369296.x.s__Fimisoma sp002320005.fastq.gz,SRR14369296.x.s__Fimisoma sp002320005,19046aea,12090000,51,DNA,10000,1209,True,0.8700821691262152,0.9028005342164377,0.8864413516713264,0.9028005342164377,True,1,6967,8158,d__Bacteria;p__Bacillota;c__Clostridia;o__Christensenellales;f__UBA3700;g__RACS-045;s__RACS-045 sp910579785
10000,0.0008271298593879239,0.004291845493562232,0.0008271298593879239,0.00036773719048786466,3.0,3.0,0.0,/group/ctbrowngrp5/sourmash-db.new/gtdb-rs226/gtdb-rs226-k51.dna.rocksdb,GCA_034088825.1 Hominisplanchenecus sp.,5697c473a01e0b32356c923cbc0c26c0,0.004291845493562232,10000,172,6320000,outputs.mapping/bams.cds.rand/SRR14369296.x.s__Fimisoma sp002320005.fastq.gz,SRR14369296.x.s__Fimisoma sp002320005,19046aea,12090000,51,DNA,10000,1209,True,0.8700821691262152,0.8986307105512661,0.8843564398387407,0.8986307105512661,True,3,6970,8158,d__Bacteria;p__Bacillota;c__Clostridia;o__Lachnospirales;f__Lachnospiraceae;g__Hominisplanchenecus;s__Hominisplanchenecus sp022769625
30000,0.0024813895781637717,0.003676470588235294,0.0008271298593879239,0.00036773719048786466,3.0,3.0,0.0,/group/ctbrowngrp5/sourmash-db.new/gtdb-rs226/gtdb-rs226-k51.dna.rocksdb,GCA_945874465.1 uncultured Clostridium sp.,05e44b37f06afeb474458d45a8134611,0.011029411764705883,10000,173,6310000,outputs.mapping/bams.cds.rand/SRR14369296.x.s__Fimisoma sp002320005.fastq.gz,SRR14369296.x.s__Fimisoma sp002320005,19046aea,12090000,51,DNA,10000,1209,True,0.8890283029845609,0.9154163680595017,0.9022223355220313,0.9154163680595017,True,3,6973,8158,d__Bacteria;p__Bacillota;c__Clostridia;o__Lachnospirales;f__Lachnospiraceae;g__Suilimivivens;s__Suilimivivens sp017622575
20000,0.0016542597187758478,0.002564102564102564,0.0008271298593879239,0.001225790634959549,10.0,10.0,0.0,/group/ctbrowngrp5/sourmash-db.new/gtdb-rs226/gtdb-rs226-k51.dna.rocksdb,GCF_002251435.1 Prevotella sp. P2-180,c5f49e122048abf7e20aaf9064685581,0.005128205128205128,10000,174,6300000,outputs.mapping/bams.cds.rand/SRR14369296.x.s__Fimisoma sp002320005.fastq.gz,SRR14369296.x.s__Fimisoma sp002320005,19046aea,12090000,51,DNA,10000,1209,True,0.8819882868010843,0.9017732753618344,0.8918807810814593,0.9017732753618344,True,10,6983,8158,d__Bacteria;p__Bacteroidota;c__Bacteroidia;o__Bacteroidales;f__Bacteroidaceae;g__Prevotella;s__Prevotella sp002251435
20000,0.0016542597187758478,0.004273504273504274,0.0008271298593879239,0.00012257906349595488,1.0,1.0,0.0,/group/ctbrowngrp5/sourmash-db.new/gtdb-rs226/gtdb-rs226-k51.dna.rocksdb,GCA_034086985.1 Phascolarctobacterium sp.,73ca3e1d60f648a57774236d9506161f,0.008547008547008548,10000,175,6290000,outputs.mapping/bams.cds.rand/SRR14369296.x.s__Fimisoma sp002320005.fastq.gz,SRR14369296.x.s__Fimisoma sp002320005,19046aea,12090000,51,DNA,10000,1209,True,0.8819882868010843,0.9108509928265499,0.8964196398138171,0.9108509928265499,True,1,6984,8158,d__Bacteria;p__Bacillota;c__Negativicutes;o__Acidaminococcales;f__Acidaminococcaceae;g__Phascolarctobacterium_A;s__Phascolarctobacterium_A sp034086985
10000,0.0008271298593879239,0.005235602094240838,0.0008271298593879239,0.00036773719048786466,3.0,3.0,0.0,/group/ctbrowngrp5/sourmash-db.new/gtdb-rs226/gtdb-rs226-k51.dna.rocksdb,GCA_959607365.1 uncultured Eubacteriales bacterium,205549468d816744e53a69bd36c6ece4,0.005235602094240838,10000,176,6280000,outputs.mapping/bams.cds.rand/SRR14369296.x.s__Fimisoma sp002320005.fastq.gz,SRR14369296.x.s__Fimisoma sp002320005,19046aea,12090000,51,DNA,10000,1209,True,0.8700821691262152,0.9021398257330133,0.8861109974296142,0.9021398257330133,True,3,6987,8158,d__Bacteria;p__Bacillota;c__Clostridia;o__Oscillospirales;f__Oscillospiraceae;g__Evtepia;s__Evtepia sp004556345
30000,0.0024813895781637717,0.004048582995951417,0.0008271298593879239,0.0008580534444716843,7.0,7.0,0.0,/group/ctbrowngrp5/sourmash-db.new/gtdb-rs226/gtdb-rs226-k51.dna.rocksdb,GCF_034103145.1 Negativibacillus massiliensis,b96580a7e37409e9237effb0265c3dac,0.012145748987854251,10000,177,6270000,outputs.mapping/bams.cds.rand/SRR14369296.x.s__Fimisoma sp002320005.fastq.gz,SRR14369296.x.s__Fimisoma sp002320005,19046aea,12090000,51,DNA,10000,1209,True,0.8890283029845609,0.9171485677428265,0.9030884353636937,0.9171485677428265,True,7,6994,8158,d__Bacteria;p__Bacillota;c__Clostridia;o__Oscillospirales;f__Ruminococcaceae;g__Negativibacillus;s__Negativibacillus massiliensis
10000,0.0008271298593879239,0.004149377593360996,0.0008271298593879239,0.00024515812699190976,2.0,2.0,0.0,/group/ctbrowngrp5/sourmash-db.new/gtdb-rs226/gtdb-rs226-k51.dna.rocksdb,GCA_034100025.1 Wujia sp.,1ff32a5fac873a17345de6482db8bb9b,0.004149377593360996,10000,178,6260000,outputs.mapping/bams.cds.rand/SRR14369296.x.s__Fimisoma sp002320005.fastq.gz,SRR14369296.x.s__Fimisoma sp002320005,19046aea,12090000,51,DNA,10000,1209,True,0.8700821691262152,0.8980360758706126,0.8840591224984139,0.8980360758706126,True,2,6996,8158,d__Bacteria;p__Bacillota;c__Clostridia;o__Lachnospirales;f__Lachnospiraceae;g__Wujia;s__Wujia sp900553925
30000,0.0024813895781637717,0.00390625,0.0008271298593879239,0.00024515812699190976,2.0,2.0,0.0,/group/ctbrowngrp5/sourmash-db.new/gtdb-rs226/gtdb-rs226-k51.dna.rocksdb,GCA_945863625.1 uncultured Dorea sp.,82b2899f1e5fad7f4df733dc25e2fc5c,0.01171875,10000,179,6250000,outputs.mapping/bams.cds.rand/SRR14369296.x.s__Fimisoma sp002320005.fastq.gz,SRR14369296.x.s__Fimisoma sp002320005,19046aea,12090000,51,DNA,10000,1209,True,0.8890283029845609,0.9165051870634132,0.9027667450239871,0.9165051870634132,True,2,6998,8158,d__Bacteria;p__Bacillota;c__Clostridia;o__Lachnospirales;f__Lachnospiraceae;g__JAFBIX01;s__JAFBIX01 sp021531895
30000,0.0024813895781637717,0.00392156862745098,0.0008271298593879239,0.00036773719048786466,3.0,3.0,0.0,/group/ctbrowngrp5/sourmash-db.new/gtdb-rs226/gtdb-rs226-k51.dna.rocksdb,GCF_000155205.1 [Ruminococcus] lactaris ATCC 29176,d2e58e896b6b26aadb8092e9f3aeb5d6,0.011764705882352941,10000,180,6240000,outputs.mapping/bams.cds.rand/SRR14369296.x.s__Fimisoma sp002320005.fastq.gz,SRR14369296.x.s__Fimisoma sp002320005,19046aea,12090000,51,DNA,10000,1209,True,0.8890283029845609,0.9165755252335301,0.9028019141090455,0.9165755252335301,True,3,7001,8158,d__Bacteria;p__Bacillota;c__Clostridia;o__Lachnospirales;f__Lachnospiraceae;g__Mediterraneibacter;s__Mediterraneibacter lactaris
10000,0.0008271298593879239,0.003355704697986577,0.0008271298593879239,0.0006128953174797745,5.0,5.0,0.0,/group/ctbrowngrp5/sourmash-db.new/gtdb-rs226/gtdb-rs226-k51.dna.rocksdb,GCA_021629365.1 Clostridium sp.,1a0e58fb3b653ddbd82fe5b895025e91,0.003355704697986577,10000,181,6230000,outputs.mapping/bams.cds.rand/SRR14369296.x.s__Fimisoma sp002320005.fastq.gz,SRR14369296.x.s__Fimisoma sp002320005,19046aea,12090000,51,DNA,10000,1209,True,0.8700821691262152,0.8943056110421093,0.8821938900841622,0.8943056110421093,True,5,7006,8158,d__Bacteria;p__Bacillota;c__Clostridia;o__Lachnospirales;f__Lachnospiraceae;g__Coprococcus;s__Coprococcus ammoniilyticus
10000,0.0008271298593879239,0.004739336492890996,0.0008271298593879239,0.00012257906349595488,1.0,1.0,0.0,/group/ctbrowngrp5/sourmash-db.new/gtdb-rs226/gtdb-rs226-k51.dna.rocksdb,GCF_034169645.1 Vescimonas sp.,23a6faf57e5aa7e10ed0719cd43e613c,0.004739336492890996,10000,182,6220000,outputs.mapping/bams.cds.rand/SRR14369296.x.s__Fimisoma sp002320005.fastq.gz,SRR14369296.x.s__Fimisoma sp002320005,19046aea,12090000,51,DNA,10000,1209,True,0.8700821691262152,0.900379988990409,0.8852310790583121,0.900379988990409,True,1,7007,8158,d__Bacteria;p__Bacillota;c__Clostridia;o__Oscillospirales;f__Oscillospiraceae;g__Vescimonas;s__Vescimonas sp003487665
10000,0.0008271298593879239,0.004901960784313725,0.0008271298593879239,0.00012257906349595488,1.0,1.0,0.0,/group/ctbrowngrp5/sourmash-db.new/gtdb-rs226/gtdb-rs226-k51.dna.rocksdb,GCA_946410415.1 uncultured Clostridia bacterium,b4e2bebc4084a63436308f78b253fee3,0.004901960784313725,10000,183,6210000,outputs.mapping/bams.cds.rand/SRR14369296.x.s__Fimisoma sp002320005.fastq.gz,SRR14369296.x.s__Fimisoma sp002320005,19046aea,12090000,51,DNA,10000,1209,True,0.8700821691262152,0.9009758163577729,0.885528992741994,0.9009758163577729,True,1,7008,8158,d__Bacteria;p__Bacillota;c__Clostridia;o__Oscillospirales;f__Ruminococcaceae;g__SFJ001;s__SFJ001 sp004555865
10000,0.0008271298593879239,0.005,0.0008271298593879239,0.0004903162539838195,4.0,4.0,0.0,/group/ctbrowngrp5/sourmash-db.new/gtdb-rs226/gtdb-rs226-k51.dna.rocksdb,GCA_945829915.1 uncultured Clostridia bacterium,9f5836214d63df6c33d309a7a60974b9,0.005,10000,184,6200000,outputs.mapping/bams.cds.rand/SRR14369296.x.s__Fimisoma sp002320005.fastq.gz,SRR14369296.x.s__Fimisoma sp002320005,19046aea,12090000,51,DNA,10000,1209,True,0.8700821691262152,0.9013257213104922,0.8857039452183537,0.9013257213104922,True,4,7012,8158,d__Bacteria;p__Bacillota;c__Clostridia;o__Oscillospirales;f__Acutalibacteraceae;g__Hominenteromicrobium;s__Hominenteromicrobium mulieris
50000,0.0041356492969396195,0.003367003367003367,0.0008271298593879239,0.00024515812699190976,2.0,2.0,0.0,/group/ctbrowngrp5/sourmash-db.new/gtdb-rs226/gtdb-rs226-k51.dna.rocksdb,GCF_009697165.1 Anaerobutyricum soehngenii,8fc040aa30516b54078f0701c4492cd4,0.016835016835016835,10000,185,6190000,outputs.mapping/bams.cds.rand/SRR14369296.x.s__Fimisoma sp002320005.fastq.gz,SRR14369296.x.s__Fimisoma sp002320005,19046aea,12090000,51,DNA,10000,1209,True,0.897977722947568,0.9230386227852195,0.9105081728663937,0.9230386227852195,True,2,7014,8158,d__Bacteria;p__Bacillota;c__Clostridia;o__Lachnospirales;f__Lachnospiraceae;g__Anaerobutyricum;s__Anaerobutyricum soehngenii
10000,0.0008271298593879239,0.004784688995215311,0.0008271298593879239,0.00024515812699190976,2.0,2.0,0.0,/group/ctbrowngrp5/sourmash-db.new/gtdb-rs226/gtdb-rs226-k51.dna.rocksdb,GCA_029227195.1 Butyricicoccus sp.,348fd1c6f76e93cbe8d36439ac9152be,0.004784688995215311,10000,186,6180000,outputs.mapping/bams.cds.rand/SRR14369296.x.s__Fimisoma sp002320005.fastq.gz,SRR14369296.x.s__Fimisoma sp002320005,19046aea,12090000,51,DNA,10000,1209,True,0.8700821691262152,0.9005481441482567,0.8853151566372359,0.9005481441482567,True,2,7016,8158,d__Bacteria;p__Bacillota;c__Clostridia;o__Oscillospirales;f__Butyricicoccaceae;g__Agathobaculum;s__Agathobaculum butyriciproducens
30000,0.0024813895781637717,0.0033112582781456954,0.0008271298593879239,0.0004903162539838195,4.0,4.0,0.0,/group/ctbrowngrp5/sourmash-db.new/gtdb-rs226/gtdb-rs226-k51.dna.rocksdb,GCF_030219945.1 Kurthia sp. YJT4,fe0f7fb381c8d656c9021db7f882bbb4,0.009933774834437087,10000,187,6170000,outputs.mapping/bams.cds.rand/SRR14369296.x.s__Fimisoma sp002320005.fastq.gz,SRR14369296.x.s__Fimisoma sp002320005,19046aea,12090000,51,DNA,10000,1209,True,0.8890283029845609,0.9135403441435254,0.9012843235640431,0.9135403441435254,True,4,7020,8158,d__Bacteria;p__Bacillota;c__Bacilli;o__Bacillales_A;f__Planococcaceae;g__Kurthia;s__Kurthia gibsonii
10000,0.0008271298593879239,0.005291005291005291,0.0008271298593879239,0.00024515812699190976,2.0,2.0,0.0,/group/ctbrowngrp5/sourmash-db.new/gtdb-rs226/gtdb-rs226-k51.dna.rocksdb,GCA_900761225.1 Candidatus Gastranaerophilales bacterium,58431ffbfe3d8223e935457e2fb18ba2,0.005291005291005291,10000,188,6160000,outputs.mapping/bams.cds.rand/SRR14369296.x.s__Fimisoma sp002320005.fastq.gz,SRR14369296.x.s__Fimisoma sp002320005,19046aea,12090000,51,DNA,10000,1209,True,0.8700821691262152,0.9023260468401526,0.8862041079831839,0.9023260468401526,True,2,7022,8158,d__Bacteria;p__Cyanobacteriota;c__Vampirovibrionia;o__Gastranaerophilales;f__Gastranaerophilaceae;g__Stercorousia;s__Stercorousia sp900761225
10000,0.0008271298593879239,0.0035211267605633804,0.0008271298593879239,0.011032115714635941,90.0,90.0,0.0,/group/ctbrowngrp5/sourmash-db.new/gtdb-rs226/gtdb-rs226-k51.dna.rocksdb,GCF_018917435.1 Intestinibacter bartlettii,06a1e298df7ab81906158273d3a2b850,0.0035211267605633804,10000,189,6150000,outputs.mapping/bams.cds.rand/SRR14369296.x.s__Fimisoma sp002320005.fastq.gz,SRR14369296.x.s__Fimisoma sp002320005,19046aea,12090000,51,DNA,10000,1209,True,0.8700821691262152,0.8951497996982114,0.8826159844122132,0.8951497996982114,True,90,7112,8158,d__Bacteria;p__Bacillota;c__Clostridia;o__Peptostreptococcales;f__Peptostreptococcaceae;g__Intestinibacter;s__Intestinibacter bartlettii_A
10000,0.0008271298593879239,0.004651162790697674,0.0008271298593879239,0.00012257906349595488,1.0,1.0,0.0,/group/ctbrowngrp5/sourmash-db.new/gtdb-rs226/gtdb-rs226-k51.dna.rocksdb,GCA_022775445.1 Clostridiales bacterium,e5414512b0d51cc11412e05241c004e0,0.004651162790697674,10000,190,6140000,outputs.mapping/bams.cds.rand/SRR14369296.x.s__Fimisoma sp002320005.fastq.gz,SRR14369296.x.s__Fimisoma sp002320005,19046aea,12090000,51,DNA,10000,1209,True,0.8700821691262152,0.90004850019656,0.8850653346613876,0.90004850019656,True,1,7113,8158,d__Bacteria;p__Bacillota;c__Clostridia;o__Peptostreptococcales;f__Anaerovoracaceae;g__Lentihominibacter;s__Lentihominibacter sp905193765
10000,0.0008271298593879239,0.0045662100456621,0.0008271298593879239,0.00012257906349595488,1.0,1.0,0.0,/group/ctbrowngrp5/sourmash-db.new/gtdb-rs226/gtdb-rs226-k51.dna.rocksdb,GCA_022769955.1 Oscillospiraceae bacterium,45ed0751468ee8a3708a6c59c860edf7,0.0045662100456621,10000,191,6130000,outputs.mapping/bams.cds.rand/SRR14369296.x.s__Fimisoma sp002320005.fastq.gz,SRR14369296.x.s__Fimisoma sp002320005,19046aea,12090000,51,DNA,10000,1209,True,0.8700821691262152,0.8997232408336094,0.8849027049799123,0.8997232408336094,True,1,7114,8158,d__Bacteria;p__Bacillota;c__Clostridia;o__Oscillospirales;f__Ruminococcaceae;g__UMGS363;s__UMGS363 sp945868475
20000,0.0016542597187758478,0.002890173410404624,0.0008271298593879239,0.00036773719048786466,3.0,3.0,0.0,/group/ctbrowngrp5/sourmash-db.new/gtdb-rs226/gtdb-rs226-k51.dna.rocksdb,GCA_021771755.1 Lachnospiraceae bacterium,f2a63443a4c73b9fe05252039614e9ef,0.005780346820809248,10000,192,6120000,outputs.mapping/bams.cds.rand/SRR14369296.x.s__Fimisoma sp002320005.fastq.gz,SRR14369296.x.s__Fimisoma sp002320005,19046aea,12090000,51,DNA,10000,1209,True,0.8819882868010843,0.9038924171716131,0.8929403519863487,0.9038924171716131,True,3,7117,8158,d__Bacteria;p__Bacillota;c__Clostridia;o__Lachnospirales;f__Lachnospiraceae;g__Blautia_A;s__Blautia_A sp021771755
10000,0.0008271298593879239,0.005494505494505495,0.0008271298593879239,0.00036773719048786466,3.0,3.0,0.0,/group/ctbrowngrp5/sourmash-db.new/gtdb-rs226/gtdb-rs226-k51.dna.rocksdb,GCF_937976225.1 uncultured Mogibacterium sp.,eda441da348b673c2c5767240ebc7255,0.005494505494505495,10000,193,6110000,outputs.mapping/bams.cds.rand/SRR14369296.x.s__Fimisoma sp002320005.fastq.gz,SRR14369296.x.s__Fimisoma sp002320005,19046aea,12090000,51,DNA,10000,1209,True,0.8700821691262152,0.9029940210398251,0.8865380950830202,0.9029940210398251,True,3,7120,8158,d__Bacteria;p__Bacillota;c__Clostridia;o__Peptostreptococcales;f__Anaerovoracaceae;g__Mogibacterium_A;s__Mogibacterium_A kristiansenii
10000,0.0008271298593879239,0.0035714285714285713,0.0008271298593879239,0.00012257906349595488,1.0,1.0,0.0,/group/ctbrowngrp5/sourmash-db.new/gtdb-rs226/gtdb-rs226-k51.dna.rocksdb,GCA_022777745.1 Negativibacillus massiliensis,5357d98884e734fe99062314c746090b,0.0035714285714285713,10000,194,6100000,outputs.mapping/bams.cds.rand/SRR14369296.x.s__Fimisoma sp002320005.fastq.gz,SRR14369296.x.s__Fimisoma sp002320005,19046aea,12090000,51,DNA,10000,1209,True,0.8700821691262152,0.8953988024255913,0.8827404857759032,0.8953988024255913,True,1,7121,8158,d__Bacteria;p__Bacillota;c__Clostridia;o__Oscillospirales;f__Ruminococcaceae;g__Negativibacillus;s__Negativibacillus massiliensis
10000,0.0008271298593879239,0.004608294930875576,0.0008271298593879239,0.00024515812699190976,2.0,2.0,0.0,/group/ctbrowngrp5/sourmash-db.new/gtdb-rs226/gtdb-rs226-k51.dna.rocksdb,GCA_004561455.1 bacterium,53ec677c015c1b83f30b1cf2b3f886a9,0.004608294930875576,10000,195,6090000,outputs.mapping/bams.cds.rand/SRR14369296.x.s__Fimisoma sp002320005.fastq.gz,SRR14369296.x.s__Fimisoma sp002320005,19046aea,12090000,51,DNA,10000,1209,True,0.8700821691262152,0.8998851063638268,0.884983637745021,0.8998851063638268,True,2,7123,8158,d__Bacteria;p__Bacteroidota;c__Bacteroidia;o__Bacteroidales;f__Paludibacteraceae;g__Aphodosoma;s__Aphodosoma sp900769035
10000,0.0008271298593879239,0.004761904761904762,0.0008271298593879239,0.00012257906349595488,1.0,1.0,0.0,/group/ctbrowngrp5/sourmash-db.new/gtdb-rs226/gtdb-rs226-k51.dna.rocksdb,GCA_029225025.1 Bulleidia sp.,4176ba488f0c33a4a6411edd48e58ff9,0.004761904761904762,10000,196,6080000,outputs.mapping/bams.cds.rand/SRR14369296.x.s__Fimisoma sp002320005.fastq.gz,SRR14369296.x.s__Fimisoma sp002320005,19046aea,12090000,51,DNA,10000,1209,True,0.8700821691262152,0.900463862458667,0.8852730157924411,0.900463862458667,True,1,7124,8158,d__Bacteria;p__Bacillota;c__Bacilli;o__Erysipelotrichales;f__Erysipelotrichaceae;g__Bulleidia;s__Bulleidia sp016293365
10000,0.0008271298593879239,0.002976190476190476,0.0008271298593879239,0.0004903162539838195,4.0,4.0,0.0,/group/ctbrowngrp5/sourmash-db.new/gtdb-rs226/gtdb-rs226-k51.dna.rocksdb,GCA_034103585.1 Lachnospiraceae bacterium,2e04eb7ce8ff6d4552e1ef579447561e,0.002976190476190476,10000,197,6070000,outputs.mapping/bams.cds.rand/SRR14369296.x.s__Fimisoma sp002320005.fastq.gz,SRR14369296.x.s__Fimisoma sp002320005,19046aea,12090000,51,DNA,10000,1209,True,0.8700821691262152,0.8922035270086854,0.8811428480674504,0.8922035270086854,True,4,7128,8158,d__Bacteria;p__Bacillota;c__Clostridia;o__Lachnospirales;f__Lachnospiraceae;g__W0P33-017;s__W0P33-017 sp028727105
10000,0.0008271298593879239,0.003401360544217687,0.0008271298593879239,0.00024515812699190976,2.0,2.0,0.0,/group/ctbrowngrp5/sourmash-db.new/gtdb-rs226/gtdb-rs226-k51.dna.rocksdb,GCA_905194955.1 uncultured Clostridium sp.,40e1590b1928398aff0603a5e2a373e1,0.003401360544217687,10000,198,6060000,outputs.mapping/bams.cds.rand/SRR14369296.x.s__Fimisoma sp002320005.fastq.gz,SRR14369296.x.s__Fimisoma sp002320005,19046aea,12090000,51,DNA,10000,1209,True,0.8700821691262152,0.8945426109672336,0.8823123900467245,0.8945426109672336,True,2,7130,8158,d__Bacteria;p__Bacillota;c__Clostridia;o__Lachnospirales;f__Lachnospiraceae;g__Enterocloster;s__Enterocloster alcoholdehydrogenati
10000,0.0008271298593879239,0.008064516129032258,0.0008271298593879239,0.0006128953174797745,5.0,5.0,0.0,/group/ctbrowngrp5/sourmash-db.new/gtdb-rs226/gtdb-rs226-k51.dna.rocksdb,GCA_034177705.1 Candidatus Onthovivens sp.,5b8d008b839808429145f4a9804b2ec6,0.008064516129032258,10000,199,6050000,outputs.mapping/bams.cds.rand/SRR14369296.x.s__Fimisoma sp002320005.fastq.gz,SRR14369296.x.s__Fimisoma sp002320005,19046aea,12090000,51,DNA,10000,1209,True,0.8700821691262152,0.9098137917904366,0.8899479804583259,0.9098137917904366,True,5,7135,8158,d__Bacteria;p__Bacillota;c__Bacilli;o__RFN20;f__CAG-826;g__Onthovivens;s__Onthovivens sp016302065
10000,0.0008271298593879239,0.006493506493506494,0.0008271298593879239,0.00036773719048786466,3.0,3.0,0.0,/group/ctbrowngrp5/sourmash-db.new/gtdb-rs226/gtdb-rs226-k51.dna.rocksdb,GCA_022766705.1 Clostridium sp.,982dce580d9e57ac7ad14a40372724f6,0.006493506493506494,10000,200,6040000,outputs.mapping/bams.cds.rand/SRR14369296.x.s__Fimisoma sp002320005.fastq.gz,SRR14369296.x.s__Fimisoma sp002320005,19046aea,12090000,51,DNA,10000,1209,True,0.8700821691262152,0.9059566909928176,0.8880194300595163,0.9059566909928176,True,3,7138,8158,d__Bacteria;p__Bacillota;c__Clostridia;o__Oscillospirales;f__Acutalibacteraceae;g__CAG-217;s__CAG-217 sp000436335
10000,0.0008271298593879239,0.004651162790697674,0.0008271298593879239,0.00012257906349595488,1.0,1.0,0.0,/group/ctbrowngrp5/sourmash-db.new/gtdb-rs226/gtdb-rs226-k51.dna.rocksdb,GCA_028720605.1 Oscillospiraceae bacterium,6241363dc5e4cdf4a075d46c15754108,0.004651162790697674,10000,201,6030000,outputs.mapping/bams.cds.rand/SRR14369296.x.s__Fimisoma sp002320005.fastq.gz,SRR14369296.x.s__Fimisoma sp002320005,19046aea,12090000,51,DNA,10000,1209,True,0.8700821691262152,0.90004850019656,0.8850653346613876,0.90004850019656,True,1,7139,8158,d__Bacteria;p__Bacillota;c__Clostridia;o__Oscillospirales;f__Ruminococcaceae;g__UBA3818;s__UBA3818 sp900557155
10000,0.0008271298593879239,0.004132231404958678,0.0008271298593879239,0.00036773719048786466,3.0,3.0,0.0,/group/ctbrowngrp5/sourmash-db.new/gtdb-rs226/gtdb-rs226-k51.dna.rocksdb,GCA_021625605.1 Agathobacter rectalis,b3fe55c18ccc3d27d3d33dbb8268aa7f,0.004132231404958678,10000,202,6020000,outputs.mapping/bams.cds.rand/SRR14369296.x.s__Fimisoma sp002320005.fastq.gz,SRR14369296.x.s__Fimisoma sp002320005,19046aea,12090000,51,DNA,10000,1209,True,0.8700821691262152,0.8979631654737237,0.8840226672999694,0.8979631654737237,True,3,7142,8158,d__Bacteria;p__Bacillota;c__Clostridia;o__Lachnospirales;f__Lachnospiraceae;g__Agathobacter;s__Agathobacter rectalis
10000,0.0008271298593879239,0.005847953216374269,0.0008271298593879239,0.00036773719048786466,3.0,3.0,0.0,/group/ctbrowngrp5/sourmash-db.new/gtdb-rs226/gtdb-rs226-k51.dna.rocksdb,GCA_029219805.1 Coriobacteriaceae bacterium,3ebdf4e1b33e22fa104a3ecac7212b59,0.005847953216374269,10000,203,6010000,outputs.mapping/bams.cds.rand/SRR14369296.x.s__Fimisoma sp002320005.fastq.gz,SRR14369296.x.s__Fimisoma sp002320005,19046aea,12090000,51,DNA,10000,1209,True,0.8700821691262152,0.9040985288120411,0.8870903489691282,0.9040985288120411,True,3,7145,8158,d__Bacteria;p__Actinomycetota;c__Coriobacteriia;o__Coriobacteriales;f__QAMH01;g__W2P13-069;s__W2P13-069 sp004553405
10000,0.0008271298593879239,0.0053475935828877,0.0008271298593879239,0.0007354743809757293,6.0,6.0,0.0,/group/ctbrowngrp5/sourmash-db.new/gtdb-rs226/gtdb-rs226-k51.dna.rocksdb,GCA_036302585.1 Clostridia bacterium,5e094c09ccc62669e2c4eb7279e1cfc4,0.0053475935828877,10000,204,6000000,outputs.mapping/bams.cds.rand/SRR14369296.x.s__Fimisoma sp002320005.fastq.gz,SRR14369296.x.s__Fimisoma sp002320005,19046aea,12090000,51,DNA,10000,1209,True,0.8700821691262152,0.9025142881157426,0.8862982286209788,0.9025142881157426,True,6,7151,8158,d__Bacteria;p__Bacillota;c__Clostridia;o__Peptostreptococcales;f__Anaerovoracaceae;g__Mogibacterium_A;s__Mogibacterium_A kristiansenii
40000,0.0033085194375516956,0.002777777777777778,0.0008271298593879239,0.00012257906349595488,1.0,1.0,0.0,/group/ctbrowngrp5/sourmash-db.new/gtdb-rs226/gtdb-rs226-k51.dna.rocksdb,GCA_027682955.1 Segatella copri,e7bfb9feb4d6aa2ae1307c750d6f62a6,0.011111111111111112,10000,205,5990000,outputs.mapping/bams.cds.rand/SRR14369296.x.s__Fimisoma sp002320005.fastq.gz,SRR14369296.x.s__Fimisoma sp002320005,19046aea,12090000,51,DNA,10000,1209,True,0.8940573266034465,0.9155488457037391,0.9048030861535927,0.9155488457037391,True,1,7152,8158,d__Bacteria;p__Bacteroidota;c__Bacteroidia;o__Bacteroidales;f__Bacteroidaceae;g__Prevotella;s__Prevotella copri
20000,0.0016542597187758478,0.0033222591362126247,0.0008271298593879239,0.00024515812699190976,2.0,2.0,0.0,/group/ctbrowngrp5/sourmash-db.new/gtdb-rs226/gtdb-rs226-k51.dna.rocksdb,GCA_022771625.1 Prevotella sp.,f94923f2da488c81c7acffe33fea799e,0.006644518272425249,10000,206,5980000,outputs.mapping/bams.cds.rand/SRR14369296.x.s__Fimisoma sp002320005.fastq.gz,SRR14369296.x.s__Fimisoma sp002320005,19046aea,12090000,51,DNA,10000,1209,True,0.8819882868010843,0.9063651655579615,0.8941767261795229,0.9063651655579615,True,2,7154,8158,d__Bacteria;p__Bacteroidota;c__Bacteroidia;o__Bacteroidales;f__Bacteroidaceae;g__Prevotella;s__Prevotella sp022771625
30000,0.0024813895781637717,0.0027472527472527475,0.0008271298593879239,0.00036773719048786466,3.0,3.0,0.0,/group/ctbrowngrp5/sourmash-db.new/gtdb-rs226/gtdb-rs226-k51.dna.rocksdb,GCA_030843195.1 Lachnospiraceae bacterium,649f5ab256f17c5345e54b71a3216cd3,0.008241758241758242,10000,207,5970000,outputs.mapping/bams.cds.rand/SRR14369296.x.s__Fimisoma sp002320005.fastq.gz,SRR14369296.x.s__Fimisoma sp002320005,19046aea,12090000,51,DNA,10000,1209,True,0.8890283029845609,0.9102017046529032,0.899615003818732,0.9102017046529032,True,3,7157,8158,d__Bacteria;p__Bacillota;c__Clostridia;o__Lachnospirales;f__Lachnospiraceae;g__Brotaphodocola;s__Brotaphodocola sp900540335
10000,0.0008271298593879239,0.0047169811320754715,0.0008271298593879239,0.0004903162539838195,4.0,4.0,0.0,/group/ctbrowngrp5/sourmash-db.new/gtdb-rs226/gtdb-rs226-k51.dna.rocksdb,GCA_900548115.1 uncultured Eubacteriales bacterium,ae382e2c60e8540c79310c8a48de2a23,0.0047169811320754715,10000,208,5960000,outputs.mapping/bams.cds.rand/SRR14369296.x.s__Fimisoma sp002320005.fastq.gz,SRR14369296.x.s__Fimisoma sp002320005,19046aea,12090000,51,DNA,10000,1209,True,0.8700821691262152,0.9002965198455473,0.8851893444858812,0.9002965198455473,True,4,7161,8158,d__Bacteria;p__Bacillota;c__Clostridia;o__Oscillospirales;f__CAG-382;g__UMGS1052;s__UMGS1052 sp900548115
20000,0.0016542597187758478,0.0034129692832764505,0.0008271298593879239,0.0018386859524393234,15.0,15.0,0.0,/group/ctbrowngrp5/sourmash-db.new/gtdb-rs226/gtdb-rs226-k51.dna.rocksdb,GCA_022744205.1 Prevotella sp.,a697f5903d7962e07cf9e8b0b4031016,0.006825938566552901,10000,209,5950000,outputs.mapping/bams.cds.rand/SRR14369296.x.s__Fimisoma sp002320005.fastq.gz,SRR14369296.x.s__Fimisoma sp002320005,19046aea,12090000,51,DNA,10000,1209,True,0.8819882868010843,0.906844024418685,0.8944161556098846,0.906844024418685,True,15,7176,8158,d__Bacteria;p__Bacteroidota;c__Bacteroidia;o__Bacteroidales;f__Bacteroidaceae;g__Prevotella;s__Prevotella sp022741625
10000,0.0008271298593879239,0.003861003861003861,0.0008271298593879239,0.00012257906349595488,1.0,1.0,0.0,/group/ctbrowngrp5/sourmash-db.new/gtdb-rs226/gtdb-rs226-k51.dna.rocksdb,GCA_030526355.1 Bacillota bacterium,18117e7c547355503e154e6adf75476a,0.003861003861003861,10000,210,5940000,outputs.mapping/bams.cds.rand/SRR14369296.x.s__Fimisoma sp002320005.fastq.gz,SRR14369296.x.s__Fimisoma sp002320005,19046aea,12090000,51,DNA,10000,1209,True,0.8700821691262152,0.8967686073925827,0.883425388259399,0.8967686073925827,True,1,7177,8158,d__Bacteria;p__Bacillota;c__Clostridia;o__Peptostreptococcales;f__Anaerovoracaceae;g__Lentihominibacter;s__Lentihominibacter sp030526355
10000,0.0008271298593879239,0.003076923076923077,0.0008271298593879239,0.0018386859524393234,15.0,15.0,0.0,/group/ctbrowngrp5/sourmash-db.new/gtdb-rs226/gtdb-rs226-k51.dna.rocksdb,GCF_947363625.1 uncultured Blautia sp.,d75f60a956533a48dd5a4625a7a49ed9,0.003076923076923077,10000,211,5930000,outputs.mapping/bams.cds.rand/SRR14369296.x.s__Fimisoma sp002320005.fastq.gz,SRR14369296.x.s__Fimisoma sp002320005,19046aea,12090000,51,DNA,10000,1209,True,0.8700821691262152,0.8927860281881085,0.8814340986571618,0.8927860281881085,True,15,7192,8158,d__Bacteria;p__Bacillota;c__Clostridia;o__Lachnospirales;f__Lachnospiraceae;g__Blautia;s__Blautia sp947654165
10000,0.0008271298593879239,0.005714285714285714,0.0008271298593879239,0.0004903162539838195,4.0,4.0,0.0,/group/ctbrowngrp5/sourmash-db.new/gtdb-rs226/gtdb-rs226-k51.dna.rocksdb,GCA_029338715.1 Bacillota bacterium,619b5afe7f8c006ef233f67e8501a5dc,0.005714285714285714,10000,212,5920000,outputs.mapping/bams.cds.rand/SRR14369296.x.s__Fimisoma sp002320005.fastq.gz,SRR14369296.x.s__Fimisoma sp002320005,19046aea,12090000,51,DNA,10000,1209,True,0.8700821691262152,0.9036887208642069,0.886885444995211,0.9036887208642069,True,4,7196,8158,d__Bacteria;p__Bacillota;c__Clostridia;o__Peptostreptococcales;f__Anaerovoracaceae;g__UMGS973;s__UMGS973 sp016293805
10000,0.0008271298593879239,0.004081632653061225,0.0008271298593879239,0.00024515812699190976,2.0,2.0,0.0,/group/ctbrowngrp5/sourmash-db.new/gtdb-rs226/gtdb-rs226-k51.dna.rocksdb,GCA_034177525.1 Anaerovoracaceae bacterium,0b56681965fcc5cb9a4feab4002ba1f4,0.004081632653061225,10000,213,5910000,outputs.mapping/bams.cds.rand/SRR14369296.x.s__Fimisoma sp002320005.fastq.gz,SRR14369296.x.s__Fimisoma sp002320005,19046aea,12090000,51,DNA,10000,1209,True,0.8700821691262152,0.897746263416111,0.8839142162711631,0.897746263416111,True,2,7198,8158,d__Bacteria;p__Bacillota;c__Clostridia;o__Peptostreptococcales;f__Anaerovoracaceae;g__RGIG7179;s__RGIG7179 sp022770665
30000,0.0024813895781637717,0.003355704697986577,0.0008271298593879239,0.000980632507967639,8.0,8.0,0.0,/group/ctbrowngrp5/sourmash-db.new/gtdb-rs226/gtdb-rs226-k51.dna.rocksdb,GCA_021531695.1 Roseburia hominis,5e5f2ff49352fc385a8f1f7abb351a06,0.010067114093959731,10000,214,5900000,outputs.mapping/bams.cds.rand/SRR14369296.x.s__Fimisoma sp002320005.fastq.gz,SRR14369296.x.s__Fimisoma sp002320005,19046aea,12090000,51,DNA,10000,1209,True,0.8890283029845609,0.9137792129825895,0.9014037579835752,0.9137792129825895,True,8,7206,8158,d__Bacteria;p__Bacillota;c__Clostridia;o__Lachnospirales;f__Lachnospiraceae;g__Roseburia_D;s__Roseburia_D sp002299665
10000,0.0008271298593879239,0.0035587188612099642,0.0008271298593879239,0.00024515812699190976,2.0,2.0,0.0,/group/ctbrowngrp5/sourmash-db.new/gtdb-rs226/gtdb-rs226-k51.dna.rocksdb,GCA_029225485.1 Lachnospiraceae bacterium,d505741eb47d89a330fbf3ff05d2d20a,0.0035587188612099642,10000,215,5890000,outputs.mapping/bams.cds.rand/SRR14369296.x.s__Fimisoma sp002320005.fastq.gz,SRR14369296.x.s__Fimisoma sp002320005,19046aea,12090000,51,DNA,10000,1209,True,0.8700821691262152,0.8953362133195951,0.8827091912229051,0.8953362133195951,True,2,7208,8158,d__Bacteria;p__Bacillota;c__Clostridia;o__Lachnospirales;f__Lachnospiraceae;g__Choladousia;s__Choladousia sp029225485
10000,0.0008271298593879239,0.004310344827586207,0.0008271298593879239,0.007109585682765384,58.0,58.0,0.0,/group/ctbrowngrp5/sourmash-db.new/gtdb-rs226/gtdb-rs226-k51.dna.rocksdb,GCA_030523325.1 Phascolarctobacterium sp.,c452f07e891b670a23c9ebd9f221cbcb,0.004310344827586207,10000,216,5880000,outputs.mapping/bams.cds.rand/SRR14369296.x.s__Fimisoma sp002320005.fastq.gz,SRR14369296.x.s__Fimisoma sp002320005,19046aea,12090000,51,DNA,10000,1209,True,0.8700821691262152,0.8987064997133993,0.8843943344198073,0.8987064997133993,True,58,7266,8158,d__Bacteria;p__Bacillota;c__Negativicutes;o__Acidaminococcales;f__Acidaminococcaceae;g__Phascolarctobacterium_A;s__Phascolarctobacterium_A sp030523325
80000,0.006617038875103391,0.0019193857965451055,0.0008271298593879239,0.00012257906349595488,1.0,1.0,0.0,/group/ctbrowngrp5/sourmash-db.new/gtdb-rs226/gtdb-rs226-k51.dna.rocksdb,GCF_012524165.2 Faecalicatena faecalis,1af9b3500bd306173045ba9c6bd5f627,0.015355086372360844,10000,217,5870000,outputs.mapping/bams.cds.rand/SRR14369296.x.s__Fimisoma sp002320005.fastq.gz,SRR14369296.x.s__Fimisoma sp002320005,19046aea,12090000,51,DNA,10000,1209,True,0.9062915179434549,0.9213747765762254,0.9138331472598401,0.9213747765762254,False,1,7267,8158,d__Bacteria;p__Bacillota;c__Clostridia;o__Lachnospirales;f__Lachnospiraceae;g__Faecalicatena_A;s__Faecalicatena_A faecalis
20000,0.0016542597187758478,0.003861003861003861,0.0008271298593879239,0.00036773719048786466,3.0,3.0,0.0,/group/ctbrowngrp5/sourmash-db.new/gtdb-rs226/gtdb-rs226-k51.dna.rocksdb,GCF_023347315.1 Faecalibacterium sp. I2-3-92,d39010394f2befd40d7aa131d6ecd5a7,0.007722007722007722,10000,218,5860000,outputs.mapping/bams.cds.rand/SRR14369296.x.s__Fimisoma sp002320005.fastq.gz,SRR14369296.x.s__Fimisoma sp002320005,19046aea,12090000,51,DNA,10000,1209,True,0.8819882868010843,0.9090398996286563,0.8955140932148703,0.9090398996286563,True,3,7270,8158,d__Bacteria;p__Bacillota;c__Clostridia;o__Oscillospirales;f__Ruminococcaceae;g__Faecalibacterium;s__Faecalibacterium duncaniae
10000,0.0008271298593879239,0.004,0.0008271298593879239,0.00012257906349595488,1.0,1.0,0.0,/group/ctbrowngrp5/sourmash-db.new/gtdb-rs226/gtdb-rs226-k51.dna.rocksdb,GCA_034104085.1 Bacteroidales bacterium,6aa1a2d6efd0e28f66d71c6fdb28bbbc,0.004,10000,219,5850000,outputs.mapping/bams.cds.rand/SRR14369296.x.s__Fimisoma sp002320005.fastq.gz,SRR14369296.x.s__Fimisoma sp002320005,19046aea,12090000,51,DNA,10000,1209,True,0.8700821691262152,0.8973907082557256,0.8837364386909704,0.8973907082557256,True,1,7271,8158,d__Bacteria;p__Bacteroidota;c__Bacteroidia;o__Bacteroidales;f__Marinilabiliaceae;g__W3P20-009;s__W3P20-009 sp022768325
10000,0.0008271298593879239,0.0035842293906810036,0.0008271298593879239,0.0006128953174797745,5.0,5.0,0.0,/group/ctbrowngrp5/sourmash-db.new/gtdb-rs226/gtdb-rs226-k51.dna.rocksdb,GCA_022777285.1 Blautia sp.,43ee762ae656d5fd432ed4634f8d6505,0.0035842293906810036,10000,220,5840000,outputs.mapping/bams.cds.rand/SRR14369296.x.s__Fimisoma sp002320005.fastq.gz,SRR14369296.x.s__Fimisoma sp002320005,19046aea,12090000,51,DNA,10000,1209,True,0.8700821691262152,0.8954616198633102,0.8827718944947627,0.8954616198633102,True,5,7276,8158,d__Bacteria;p__Bacillota;c__Clostridia;o__Lachnospirales;f__Lachnospiraceae;g__Blautia;s__Blautia sp022777285
10000,0.0008271298593879239,0.0031446540880503146,0.0008271298593879239,0.00012257906349595488,1.0,1.0,0.0,/group/ctbrowngrp5/sourmash-db.new/gtdb-rs226/gtdb-rs226-k51.dna.rocksdb,GCA_934630865.1 uncultured Clostridia bacterium,8faff69b27f1144be0660b7b1f73a087,0.0031446540880503146,10000,221,5830000,outputs.mapping/bams.cds.rand/SRR14369296.x.s__Fimisoma sp002320005.fastq.gz,SRR14369296.x.s__Fimisoma sp002320005,19046aea,12090000,51,DNA,10000,1209,True,0.8700821691262152,0.8931672731743641,0.8816247211502897,0.8931672731743641,True,1,7277,8158,d__Bacteria;p__Bacillota;c__Clostridia;o__Christensenellales;f__Aristaeellaceae;g__Limiplasma;s__Limiplasma sp004556545
10000,0.0008271298593879239,0.004739336492890996,0.0008271298593879239,0.00012257906349595488,1.0,1.0,0.0,/group/ctbrowngrp5/sourmash-db.new/gtdb-rs226/gtdb-rs226-k51.dna.rocksdb,GCA_034117925.1 Dysosmobacter sp.,39d0b2233a16ec24dd850a0e8ff9a085,0.004739336492890996,10000,222,5820000,outputs.mapping/bams.cds.rand/SRR14369296.x.s__Fimisoma sp002320005.fastq.gz,SRR14369296.x.s__Fimisoma sp002320005,19046aea,12090000,51,DNA,10000,1209,True,0.8700821691262152,0.900379988990409,0.8852310790583121,0.900379988990409,True,1,7278,8158,d__Bacteria;p__Bacillota;c__Clostridia;o__Oscillospirales;f__Oscillospiraceae;g__Oscillibacter;s__Oscillibacter sp900763685
10000,0.0008271298593879239,0.003289473684210526,0.0008271298593879239,0.0007354743809757293,6.0,6.0,0.0,/group/ctbrowngrp5/sourmash-db.new/gtdb-rs226/gtdb-rs226-k51.dna.rocksdb,GCA_034113565.1 Faecousia sp.,7a10c300c0f34698ff3d129eedc62947,0.003289473684210526,10000,223,5810000,outputs.mapping/bams.cds.rand/SRR14369296.x.s__Fimisoma sp002320005.fastq.gz,SRR14369296.x.s__Fimisoma sp002320005,19046aea,12090000,51,DNA,10000,1209,True,0.8700821691262152,0.8939561248334033,0.8820191469798092,0.8939561248334033,True,6,7284,8158,d__Bacteria;p__Bacillota;c__Clostridia;o__Oscillospirales;f__Oscillospiraceae;g__Faecousia;s__Faecousia sp034113565
10000,0.0008271298593879239,0.003816793893129771,0.0008271298593879239,0.00024515812699190976,2.0,2.0,0.0,/group/ctbrowngrp5/sourmash-db.new/gtdb-rs226/gtdb-rs226-k51.dna.rocksdb,GCA_902363205.1 Veillonellaceae bacterium,5ac82792aed6205128230c10f8c91a68,0.003816793893129771,10000,224,5800000,outputs.mapping/bams.cds.rand/SRR14369296.x.s__Fimisoma sp002320005.fastq.gz,SRR14369296.x.s__Fimisoma sp002320005,19046aea,12090000,51,DNA,10000,1209,True,0.8700821691262152,0.8965661286132058,0.8833241488697106,0.8965661286132058,True,2,7286,8158,d__Bacteria;p__Bacillota;c__Negativicutes;o__ICN-92133;f__ICN-92133;g__Selenobaculum;s__Selenobaculum gibii
20000,0.0016542597187758478,0.005208333333333333,0.0008271298593879239,0.00036773719048786466,3.0,3.0,0.0,/group/ctbrowngrp5/sourmash-db.new/gtdb-rs226/gtdb-rs226-k51.dna.rocksdb,GCA_937984015.1 uncultured Phascolarctobacterium sp.,e0cfdc977895caf17cc430ba4a64b072,0.010416666666666666,10000,225,5790000,outputs.mapping/bams.cds.rand/SRR14369296.x.s__Fimisoma sp002320005.fastq.gz,SRR14369296.x.s__Fimisoma sp002320005,19046aea,12090000,51,DNA,10000,1209,True,0.8819882868010843,0.9143909869311075,0.898189636866096,0.9143909869311075,True,3,7289,8158,d__Bacteria;p__Bacillota;c__Negativicutes;o__Acidaminococcales;f__Acidaminococcaceae;g__Phascolarctobacterium_A;s__Phascolarctobacterium_A sp900553055
10000,0.0008271298593879239,0.004098360655737705,0.0008271298593879239,0.00036773719048786466,3.0,3.0,0.0,/group/ctbrowngrp5/sourmash-db.new/gtdb-rs226/gtdb-rs226-k51.dna.rocksdb,GCF_902362575.1 Catenibacterium mitsuokai,c152f5a66b9ecf767b94aef6757699e6,0.004098360655737705,10000,226,5780000,outputs.mapping/bams.cds.rand/SRR14369296.x.s__Fimisoma sp002320005.fastq.gz,SRR14369296.x.s__Fimisoma sp002320005,19046aea,12090000,51,DNA,10000,1209,True,0.8700821691262152,0.8978182617731918,0.8839502154497034,0.8978182617731918,True,3,7292,8158,d__Bacteria;p__Bacillota;c__Bacilli;o__Erysipelotrichales;f__Coprobacillaceae;g__Catenibacterium;s__Catenibacterium mitsuokai_A
30000,0.0024813895781637717,0.005405405405405406,0.0008271298593879239,0.00036773719048786466,3.0,3.0,0.0,/group/ctbrowngrp5/sourmash-db.new/gtdb-rs226/gtdb-rs226-k51.dna.rocksdb,GCA_022779045.1 Clostridiales bacterium,4c4e8320753662a0d4f93410319d17f6,0.016216216216216217,10000,227,5770000,outputs.mapping/bams.cds.rand/SRR14369296.x.s__Fimisoma sp002320005.fastq.gz,SRR14369296.x.s__Fimisoma sp002320005,19046aea,12090000,51,DNA,10000,1209,True,0.8890283029845609,0.9223610841315945,0.9056946935580776,0.9223610841315945,True,3,7295,8158,d__Bacteria;p__Bacillota;c__Clostridia;o__Oscillospirales;f__Oscillospiraceae;g__Vescimonas;s__Vescimonas sp900313295
10000,0.0008271298593879239,0.005076142131979695,0.0008271298593879239,0.00012257906349595488,1.0,1.0,0.0,/group/ctbrowngrp5/sourmash-db.new/gtdb-rs226/gtdb-rs226-k51.dna.rocksdb,GCA_945927325.1 uncultured Clostridia bacterium,e8a4aaaac497a6a5cf5d07acf8e867c2,0.005076142131979695,10000,228,5760000,outputs.mapping/bams.cds.rand/SRR14369296.x.s__Fimisoma sp002320005.fastq.gz,SRR14369296.x.s__Fimisoma sp002320005,19046aea,12090000,51,DNA,10000,1209,True,0.8700821691262152,0.9015928650194664,0.8858375170728408,0.9015928650194664,True,1,7296,8158,d__Bacteria;p__Bacillota;c__Clostridia;o__Christensenellales;f__Christensenellaceae;g__QANA01;s__QANA01 sp945927325
10000,0.0008271298593879239,0.004201680672268907,0.0008271298593879239,0.00012257906349595488,1.0,1.0,0.0,/group/ctbrowngrp5/sourmash-db.new/gtdb-rs226/gtdb-rs226-k51.dna.rocksdb,GCA_022784865.1 Clostridiales bacterium,3590bfeded770df1212b595fa106ed1c,0.004201680672268907,10000,229,5750000,outputs.mapping/bams.cds.rand/SRR14369296.x.s__Fimisoma sp002320005.fastq.gz,SRR14369296.x.s__Fimisoma sp002320005,19046aea,12090000,51,DNA,10000,1209,True,0.8700821691262152,0.8982566722388579,0.8841694206825366,0.8982566722388579,True,1,7297,8158,d__Bacteria;p__Bacillota;c__Clostridia;o__Oscillospirales;f__Oscillospiraceae;g__Faecousia;s__Faecousia sp016302405
10000,0.0008271298593879239,0.0035714285714285713,0.0008271298593879239,0.00012257906349595488,1.0,1.0,0.0,/group/ctbrowngrp5/sourmash-db.new/gtdb-rs226/gtdb-rs226-k51.dna.rocksdb,GCA_945987595.1 uncultured bacterium,ba02e8b93b7e9d5d0748658ae8e80105,0.0035714285714285713,10000,230,5740000,outputs.mapping/bams.cds.rand/SRR14369296.x.s__Fimisoma sp002320005.fastq.gz,SRR14369296.x.s__Fimisoma sp002320005,19046aea,12090000,51,DNA,10000,1209,True,0.8700821691262152,0.8953988024255913,0.8827404857759032,0.8953988024255913,True,1,7298,8158,d__Bacteria;p__Bacillota;c__Clostridia;o__Lachnospirales;f__Lachnospiraceae;g__W0P33-017;s__W0P33-017 sp022771765
20000,0.0016542597187758478,0.005434782608695652,0.0008271298593879239,0.00036773719048786466,3.0,3.0,0.0,/group/ctbrowngrp5/sourmash-db.new/gtdb-rs226/gtdb-rs226-k51.dna.rocksdb,GCA_021621325.1 Clostridium sp.,a683d22707bd094722e57465a455606b,0.010869565217391304,10000,231,5730000,outputs.mapping/bams.cds.rand/SRR14369296.x.s__Fimisoma sp002320005.fastq.gz,SRR14369296.x.s__Fimisoma sp002320005,19046aea,12090000,51,DNA,10000,1209,True,0.8819882868010843,0.9151543667379227,0.8985713267695035,0.9151543667379227,True,3,7301,8158,d__Bacteria;p__Bacillota;c__Clostridia;o__Christensenellales;f__CAG-138;g__PeH17;s__PeH17 sp000435055
20000,0.0016542597187758478,0.004048582995951417,0.0008271298593879239,0.00012257906349595488,1.0,1.0,0.0,/group/ctbrowngrp5/sourmash-db.new/gtdb-rs226/gtdb-rs226-k51.dna.rocksdb,GCA_021531255.1 Fournierella massiliensis,d7696a6505237ef5ed60141b28a35346,0.008097165991902834,10000,232,5720000,outputs.mapping/bams.cds.rand/SRR14369296.x.s__Fimisoma sp002320005.fastq.gz,SRR14369296.x.s__Fimisoma sp002320005,19046aea,12090000,51,DNA,10000,1209,True,0.8819882868010843,0.9098858734755169,0.8959370801383006,0.9098858734755169,True,1,7302,8158,d__Bacteria;p__Bacillota;c__Clostridia;o__Oscillospirales;f__Ruminococcaceae;g__JAFBIO01;s__JAFBIO01 sp021531255
10000,0.0008271298593879239,0.00392156862745098,0.0008271298593879239,0.00036773719048786466,3.0,3.0,0.0,/group/ctbrowngrp5/sourmash-db.new/gtdb-rs226/gtdb-rs226-k51.dna.rocksdb,GCA_036800245.1 Fusicatenibacter saccharivorans,73eb71ccd5e6324c2b73e98f033f6de6,0.00392156862745098,10000,233,5710000,outputs.mapping/bams.cds.rand/SRR14369296.x.s__Fimisoma sp002320005.fastq.gz,SRR14369296.x.s__Fimisoma sp002320005,19046aea,12090000,51,DNA,10000,1209,True,0.8700821691262152,0.8970423309200757,0.8835622500231455,0.8970423309200757,True,3,7305,8158,d__Bacteria;p__Bacillota;c__Clostridia;o__Lachnospirales;f__Lachnospiraceae;g__Fusicatenibacter;s__Fusicatenibacter saccharivorans
30000,0.0024813895781637717,0.004032258064516129,0.0008271298593879239,0.00012257906349595488,1.0,1.0,0.0,/group/ctbrowngrp5/sourmash-db.new/gtdb-rs226/gtdb-rs226-k51.dna.rocksdb,GCA_036775875.1 Bifidobacterium longum,ed2d2c056e9f32e24233548ec4b239ad,0.012096774193548387,10000,234,5700000,outputs.mapping/bams.cds.rand/SRR14369296.x.s__Fimisoma sp002320005.fastq.gz,SRR14369296.x.s__Fimisoma sp002320005,19046aea,12090000,51,DNA,10000,1209,True,0.8890283029845609,0.9170759107029064,0.9030521068437336,0.9170759107029064,True,1,7306,8158,d__Bacteria;p__Actinomycetota;c__Actinomycetes;o__Actinomycetales;f__Bifidobacteriaceae;g__Bifidobacterium;s__Bifidobacterium longum
10000,0.0008271298593879239,0.003424657534246575,0.0008271298593879239,0.00012257906349595488,1.0,1.0,0.0,/group/ctbrowngrp5/sourmash-db.new/gtdb-rs226/gtdb-rs226-k51.dna.rocksdb,GCA_022779665.1 Lachnospiraceae bacterium,797fa223bd60fc50c09a8beb374cdc04,0.003424657534246575,10000,235,5690000,outputs.mapping/bams.cds.rand/SRR14369296.x.s__Fimisoma sp002320005.fastq.gz,SRR14369296.x.s__Fimisoma sp002320005,19046aea,12090000,51,DNA,10000,1209,True,0.8700821691262152,0.8946623467567137,0.8823722579414645,0.8946623467567137,True,1,7307,8158,d__Bacteria;p__Bacillota;c__Clostridia;o__Lachnospirales;f__Lachnospiraceae;g__Porcincola;s__Porcincola intestinalis
10000,0.0008271298593879239,0.003048780487804878,0.0008271298593879239,0.00036773719048786466,3.0,3.0,0.0,/group/ctbrowngrp5/sourmash-db.new/gtdb-rs226/gtdb-rs226-k51.dna.rocksdb,GCA_022773965.1 Lachnospiraceae bacterium,8da97a9192c3505456cacd3cea851a94,0.003048780487804878,10000,236,5680000,outputs.mapping/bams.cds.rand/SRR14369296.x.s__Fimisoma sp002320005.fastq.gz,SRR14369296.x.s__Fimisoma sp002320005,19046aea,12090000,51,DNA,10000,1209,True,0.8700821691262152,0.8926251936886522,0.8813536814074336,0.8926251936886522,True,3,7310,8158,d__Bacteria;p__Bacillota;c__Clostridia;o__Lachnospirales;f__Lachnospiraceae;g__W0P33-017;s__W0P33-017 sp022773965
40000,0.0033085194375516956,0.003003003003003003,0.0008271298593879239,0.00024515812699190976,2.0,2.0,0.0,/group/ctbrowngrp5/sourmash-db.new/gtdb-rs226/gtdb-rs226-k51.dna.rocksdb,GCF_029227735.1 Blautia sp.,7c18473b051acfc786ffd79bb8f8b1fb,0.012012012012012012,10000,237,5670000,outputs.mapping/bams.cds.rand/SRR14369296.x.s__Fimisoma sp002320005.fastq.gz,SRR14369296.x.s__Fimisoma sp002320005,19046aea,12090000,51,DNA,10000,1209,True,0.8940573266034465,0.9169494767443108,0.9055034016738787,0.9169494767443108,True,2,7312,8158,d__Bacteria;p__Bacillota;c__Clostridia;o__Lachnospirales;f__Lachnospiraceae;g__Blautia_A;s__Blautia_A sp018919065
1030000,0.08519437551695616,0.007142857142857143,0.0008271298593879239,0.00024515812699190976,2.0,2.0,0.0,/group/ctbrowngrp5/sourmash-db.new/gtdb-rs226/gtdb-rs226-k51.dna.rocksdb,GCA_945983025.1 uncultured Firmicutes bacterium,3c70c82ff4e65022c3fc4c1faf8b114c,0.7357142857142858,10000,238,5660000,outputs.mapping/bams.cds.rand/SRR14369296.x.s__Fimisoma sp002320005.fastq.gz,SRR14369296.x.s__Fimisoma sp002320005,19046aea,12090000,51,DNA,10000,1209,True,0.9528568604215776,0.9940001608764581,0.9734285106490179,0.9940001608764581,False,2,7314,8158,d__Bacteria;p__Bacillota;c__Clostridia;o__Peptostreptococcales;f__Anaerovoracaceae;g__Fimisoma;s__Fimisoma sp002320005
20000,0.0016542597187758478,0.006622516556291391,0.0008271298593879239,0.00012257906349595488,1.0,1.0,0.0,/group/ctbrowngrp5/sourmash-db.new/gtdb-rs226/gtdb-rs226-k51.dna.rocksdb,GCA_945615505.1 uncultured Clostridia bacterium,950439789818dc75393d3c0f9afbe4f7,0.013245033112582781,10000,239,5650000,outputs.mapping/bams.cds.rand/SRR14369296.x.s__Fimisoma sp002320005.fastq.gz,SRR14369296.x.s__Fimisoma sp002320005,19046aea,12090000,51,DNA,10000,1209,True,0.8819882868010843,0.9187080266032169,0.9003481567021506,0.9187080266032169,True,1,7315,8158,d__Bacteria;p__Bacillota;c__Clostridia;o__Oscillospirales;f__Oscillospiraceae;g__Faecousia;s__Faecousia sp004556205
20000,0.0016542597187758478,0.0026954177897574125,0.0008271298593879239,0.00024515812699190976,2.0,2.0,0.0,/group/ctbrowngrp5/sourmash-db.new/gtdb-rs226/gtdb-rs226-k51.dna.rocksdb,GCF_021531135.1 Segatella hominis,fbfb9fa1cd55529571913ff882c8b132,0.005390835579514825,10000,240,5640000,outputs.mapping/bams.cds.rand/SRR14369296.x.s__Fimisoma sp002320005.fastq.gz,SRR14369296.x.s__Fimisoma sp002320005,19046aea,12090000,51,DNA,10000,1209,True,0.8819882868010843,0.9026568211487351,0.8923225539749098,0.9026568211487351,True,2,7317,8158,d__Bacteria;p__Bacteroidota;c__Bacteroidia;o__Bacteroidales;f__Bacteroidaceae;g__Prevotella;s__Prevotella sp945863825
10000,0.0008271298593879239,0.004201680672268907,0.0008271298593879239,0.00012257906349595488,1.0,1.0,0.0,/group/ctbrowngrp5/sourmash-db.new/gtdb-rs226/gtdb-rs226-k51.dna.rocksdb,GCA_904419555.1 uncultured Oscillospiraceae bacterium,883942bfb5b8be9e2521c2d9a40a4730,0.004201680672268907,10000,241,5630000,outputs.mapping/bams.cds.rand/SRR14369296.x.s__Fimisoma sp002320005.fastq.gz,SRR14369296.x.s__Fimisoma sp002320005,19046aea,12090000,51,DNA,10000,1209,True,0.8700821691262152,0.8982566722388579,0.8841694206825366,0.8982566722388579,True,1,7318,8158,d__Bacteria;p__Bacillota;c__Clostridia;o__Oscillospirales;f__Oscillospiraceae;g__Scatomorpha;s__Scatomorpha pullicola
10000,0.0008271298593879239,0.0035087719298245615,0.0008271298593879239,0.00012257906349595488,1.0,1.0,0.0,/group/ctbrowngrp5/sourmash-db.new/gtdb-rs226/gtdb-rs226-k51.dna.rocksdb,GCA_034089085.1 Eubacteriales bacterium,9f74fe8ceb65900662d516910de3c04e,0.0035087719298245615,10000,242,5620000,outputs.mapping/bams.cds.rand/SRR14369296.x.s__Fimisoma sp002320005.fastq.gz,SRR14369296.x.s__Fimisoma sp002320005,19046aea,12090000,51,DNA,10000,1209,True,0.8700821691262152,0.8950881077119309,0.882585138419073,0.8950881077119309,True,1,7319,8158,d__Bacteria;p__Bacillota;c__Clostridia;o__Christensenellales;f__Aristaeellaceae;g__Firm-10;s__Firm-10 sp004552515
100000,0.008271298593879239,0.0031847133757961785,0.0008271298593879239,0.00036773719048786466,3.0,3.0,0.0,/group/ctbrowngrp5/sourmash-db.new/gtdb-rs226/gtdb-rs226-k51.dna.rocksdb,GCF_021531995.1 Faecalicatena contorta,4c931f1f8c50725e7bbd3ba64e4670a1,0.03184713375796178,10000,243,5610000,outputs.mapping/bams.cds.rand/SRR14369296.x.s__Fimisoma sp002320005.fastq.gz,SRR14369296.x.s__Fimisoma sp002320005,19046aea,12090000,51,DNA,10000,1209,True,0.9102655606003746,0.9346487689128076,0.9224571647565911,0.9346487689128076,False,3,7322,8158,d__Bacteria;p__Bacillota;c__Clostridia;o__Lachnospirales;f__Lachnospiraceae;g__Dorea_A;s__Dorea_A contorta_A
10000,0.0008271298593879239,0.006172839506172839,0.0008271298593879239,0.00012257906349595488,1.0,1.0,0.0,/group/ctbrowngrp5/sourmash-db.new/gtdb-rs226/gtdb-rs226-k51.dna.rocksdb,GCA_902797045.1 uncultured Selenomonadaceae bacterium,e3ee24d9de19d1e510be531acc03621c,0.006172839506172839,10000,244,5600000,outputs.mapping/bams.cds.rand/SRR14369296.x.s__Fimisoma sp002320005.fastq.gz,SRR14369296.x.s__Fimisoma sp002320005,19046aea,12090000,51,DNA,10000,1209,True,0.8700821691262152,0.9050575095049318,0.8875698393155735,0.9050575095049318,True,1,7323,8158,d__Bacteria;p__Bacillota;c__Negativicutes;o__Selenomonadales;f__Selenomonadaceae;g__RUG114;s__RUG114 sp900315615
20000,0.0016542597187758478,0.004016064257028112,0.0008271298593879239,0.00012257906349595488,1.0,1.0,0.0,/group/ctbrowngrp5/sourmash-db.new/gtdb-rs226/gtdb-rs226-k51.dna.rocksdb,GCA_028722905.1 Eubacteriales bacterium,c5b1ff3c183a45f8ce9a6356e9a16882,0.008032128514056224,10000,245,5590000,outputs.mapping/bams.cds.rand/SRR14369296.x.s__Fimisoma sp002320005.fastq.gz,SRR14369296.x.s__Fimisoma sp002320005,19046aea,12090000,51,DNA,10000,1209,True,0.8819882868010843,0.9097420058492147,0.8958651463251495,0.9097420058492147,True,1,7324,8158,d__Bacteria;p__Bacillota;c__Clostridia;o__Oscillospirales;f__Oscillospiraceae;g__Faecousia;s__Faecousia sp945963595
30000,0.0024813895781637717,0.00684931506849315,0.0008271298593879239,0.002206423142927188,18.0,18.0,0.0,/group/ctbrowngrp5/sourmash-db.new/gtdb-rs226/gtdb-rs226-k51.dna.rocksdb,GCF_029227375.1 Holdemanella porci,82d2908ab16aee4d84b226dba399c029,0.02054794520547945,10000,246,5580000,outputs.mapping/bams.cds.rand/SRR14369296.x.s__Fimisoma sp002320005.fastq.gz,SRR14369296.x.s__Fimisoma sp002320005,19046aea,12090000,51,DNA,10000,1209,True,0.8890283029845609,0.9266527681555087,0.9078405355700347,0.9266527681555087,True,18,7342,8158,d__Bacteria;p__Bacillota;c__Bacilli;o__Erysipelotrichales;f__Erysipelotrichaceae;g__Holdemanella;s__Holdemanella porci
10000,0.0008271298593879239,0.002364066193853428,0.0008271298593879239,0.00012257906349595488,1.0,1.0,0.0,/group/ctbrowngrp5/sourmash-db.new/gtdb-rs226/gtdb-rs226-k51.dna.rocksdb,GCA_023405645.1 Bacillota bacterium,100b06ec688e6677c47d263d264dabf6,0.002364066193853428,10000,247,5570000,outputs.mapping/bams.cds.rand/SRR14369296.x.s__Fimisoma sp002320005.fastq.gz,SRR14369296.x.s__Fimisoma sp002320005,19046aea,12090000,51,DNA,10000,1209,True,0.8700821691262152,0.8881843776273791,0.8791332733767971,0.8881843776273791,True,1,7343,8158,d__Bacteria;p__Bacillota;c__Clostridia;o__Lachnospirales;f__Cellulosilyticaceae;g__Cellulosilyticum;s__Cellulosilyticum lentocellum
10000,0.0008271298593879239,0.003257328990228013,0.0008271298593879239,0.0029418975239029173,24.0,24.0,0.0,/group/ctbrowngrp5/sourmash-db.new/gtdb-rs226/gtdb-rs226-k51.dna.rocksdb,GCA_963587495.1 Clostridia bacterium,a1104b8ff28d4e8f3f69d1d7d5aa261e,0.003257328990228013,10000,248,5560000,outputs.mapping/bams.cds.rand/SRR14369296.x.s__Fimisoma sp002320005.fastq.gz,SRR14369296.x.s__Fimisoma sp002320005,19046aea,12090000,51,DNA,10000,1209,True,0.8700821691262152,0.8937840102193684,0.8819330896727917,0.8937840102193684,True,24,7367,8158,d__Bacteria;p__Bacteroidota;c__Bacteroidia;o__Bacteroidales;f__Bacteroidaceae;g__Prevotella;s__Prevotella sp963587495
20000,0.0016542597187758478,0.0025974025974025974,0.0008271298593879239,0.0004903162539838195,4.0,4.0,0.0,/group/ctbrowngrp5/sourmash-db.new/gtdb-rs226/gtdb-rs226-k51.dna.rocksdb,GCA_946011515.1 uncultured Lachnospiraceae bacterium,22d10b3bb0824123b63da9ff2df42f3e,0.005194805194805195,10000,249,5550000,outputs.mapping/bams.cds.rand/SRR14369296.x.s__Fimisoma sp002320005.fastq.gz,SRR14369296.x.s__Fimisoma sp002320005,19046aea,12090000,51,DNA,10000,1209,True,0.8819882868010843,0.9020014600237883,0.8919948734124363,0.9020014600237883,True,4,7371,8158,d__Bacteria;p__Bacillota;c__Clostridia;o__Lachnospirales;f__Lachnospiraceae;g__COE1;s__COE1 sp022788085
10000,0.0008271298593879239,0.006172839506172839,0.0008271298593879239,0.0006128953174797745,5.0,5.0,0.0,/group/ctbrowngrp5/sourmash-db.new/gtdb-rs226/gtdb-rs226-k51.dna.rocksdb,GCA_945874235.1 uncultured Clostridia bacterium,651afeb3ac60400a7040e0cf1084d36e,0.006172839506172839,10000,250,5540000,outputs.mapping/bams.cds.rand/SRR14369296.x.s__Fimisoma sp002320005.fastq.gz,SRR14369296.x.s__Fimisoma sp002320005,19046aea,12090000,51,DNA,10000,1209,True,0.8700821691262152,0.9050575095049318,0.8875698393155735,0.9050575095049318,True,5,7376,8158,d__Bacteria;p__Bacillota;c__Clostridia;o__Peptostreptococcales;f__Anaerovoracaceae;g__CAG-238;s__CAG-238 sp945644815
30000,0.0024813895781637717,0.006024096385542169,0.0008271298593879239,0.00012257906349595488,1.0,1.0,0.0,/group/ctbrowngrp5/sourmash-db.new/gtdb-rs226/gtdb-rs226-k51.dna.rocksdb,GCA_034182505.1 Lentihominibacter sp.,2115f8130891d6e6068c503614124230,0.018072289156626505,10000,251,5530000,outputs.mapping/bams.cds.rand/SRR14369296.x.s__Fimisoma sp002320005.fastq.gz,SRR14369296.x.s__Fimisoma sp002320005,19046aea,12090000,51,DNA,10000,1209,True,0.8890283029845609,0.9243230592273259,0.9066756811059434,0.9243230592273259,True,1,7377,8158,d__Bacteria;p__Bacillota;c__Clostridia;o__Peptostreptococcales;f__Anaerovoracaceae;g__Lentihominibacter;s__Lentihominibacter sp022775805
1180000,0.09760132340777503,0.005494505494505495,0.0008271298593879239,0.0004903162539838195,4.0,4.0,0.0,/group/ctbrowngrp5/sourmash-db.new/gtdb-rs226/gtdb-rs226-k51.dna.rocksdb,GCA_946408405.1 uncultured Firmicutes bacterium,b62e08f79e7a160dc821e0e5174c0a7c,0.6483516483516484,10000,252,5520000,outputs.mapping/bams.cds.rand/SRR14369296.x.s__Fimisoma sp002320005.fastq.gz,SRR14369296.x.s__Fimisoma sp002320005,19046aea,12090000,51,DNA,10000,1209,True,0.9554003719165157,0.991539482306862,0.9734699271116889,0.991539482306862,False,4,7381,8158,d__Bacteria;p__Bacillota;c__Clostridia;o__Peptostreptococcales;f__Anaerovoracaceae;g__Fimisoma;s__Fimisoma sp002320005
10000,0.0008271298593879239,0.006578947368421052,0.0008271298593879239,0.00012257906349595488,1.0,1.0,0.0,/group/ctbrowngrp5/sourmash-db.new/gtdb-rs226/gtdb-rs226-k51.dna.rocksdb,GCA_016302545.1 Bacillota bacterium,a5ef0c9e01d4d67d86011e0553cf8dbe,0.006578947368421052,10000,253,5510000,outputs.mapping/bams.cds.rand/SRR14369296.x.s__Fimisoma sp002320005.fastq.gz,SRR14369296.x.s__Fimisoma sp002320005,19046aea,12090000,51,DNA,10000,1209,True,0.8700821691262152,0.9061889313384778,0.8881355502323465,0.9061889313384778,True,1,7382,8158,d__Bacteria;p__Bacillota;c__Clostridia;o__Peptostreptococcales;f__Anaerovoracaceae;g__CAG-238;s__CAG-238 sp016302545
10000,0.0008271298593879239,0.0035842293906810036,0.0008271298593879239,0.000980632507967639,8.0,8.0,0.0,/group/ctbrowngrp5/sourmash-db.new/gtdb-rs226/gtdb-rs226-k51.dna.rocksdb,GCA_034174285.1 Blautia sp.,f4bf9f65dcd55146e0138d3ef07cb7e8,0.0035842293906810036,10000,254,5500000,outputs.mapping/bams.cds.rand/SRR14369296.x.s__Fimisoma sp002320005.fastq.gz,SRR14369296.x.s__Fimisoma sp002320005,19046aea,12090000,51,DNA,10000,1209,True,0.8700821691262152,0.8954616198633102,0.8827718944947627,0.8954616198633102,True,8,7390,8158,d__Bacteria;p__Bacillota;c__Clostridia;o__Lachnospirales;f__Lachnospiraceae;g__Blautia_A;s__Blautia_A sp022764275
30000,0.0024813895781637717,0.004784688995215311,0.0008271298593879239,0.00036773719048786466,3.0,3.0,0.0,/group/ctbrowngrp5/sourmash-db.new/gtdb-rs226/gtdb-rs226-k51.dna.rocksdb,GCA_945875995.1 uncultured Eubacteriaceae bacterium,521eb7dad202c4ddd8b4a7ccd2791f32,0.014354066985645933,10000,255,5490000,outputs.mapping/bams.cds.rand/SRR14369296.x.s__Fimisoma sp002320005.fastq.gz,SRR14369296.x.s__Fimisoma sp002320005,19046aea,12090000,51,DNA,10000,1209,True,0.8890283029845609,0.9201576779260288,0.9045929904552948,0.9201576779260288,True,3,7393,8158,d__Bacteria;p__Bacillota;c__Clostridia;o__Peptostreptococcales;f__Anaerovoracaceae;g__Emergencia;s__Emergencia sp022767945
10000,0.0008271298593879239,0.0035714285714285713,0.0008271298593879239,0.00024515812699190976,2.0,2.0,0.0,/group/ctbrowngrp5/sourmash-db.new/gtdb-rs226/gtdb-rs226-k51.dna.rocksdb,GCA_034116245.1 Prevotella sp.,164c739aabdbbda1e3869d8e478714c9,0.0035714285714285713,10000,256,5480000,outputs.mapping/bams.cds.rand/SRR14369296.x.s__Fimisoma sp002320005.fastq.gz,SRR14369296.x.s__Fimisoma sp002320005,19046aea,12090000,51,DNA,10000,1209,True,0.8700821691262152,0.8953988024255913,0.8827404857759032,0.8953988024255913,True,2,7395,8158,d__Bacteria;p__Bacteroidota;c__Bacteroidia;o__Bacteroidales;f__Bacteroidaceae;g__Prevotella;s__Prevotella sp900548195
10000,0.0008271298593879239,0.003472222222222222,0.0008271298593879239,0.00012257906349595488,1.0,1.0,0.0,/group/ctbrowngrp5/sourmash-db.new/gtdb-rs226/gtdb-rs226-k51.dna.rocksdb,GCA_945915995.1 uncultured Clostridia bacterium,30b05fa6b454528eca9ea1d29967bc3c,0.003472222222222222,10000,257,5470000,outputs.mapping/bams.cds.rand/SRR14369296.x.s__Fimisoma sp002320005.fastq.gz,SRR14369296.x.s__Fimisoma sp002320005,19046aea,12090000,51,DNA,10000,1209,True,0.8700821691262152,0.8949043474404382,0.8824932582833267,0.8949043474404382,True,1,7396,8158,d__Bacteria;p__Bacillota;c__Clostridia;o__Oscillospirales;f__Ruminococcaceae;g__Negativibacillus;s__Negativibacillus massiliensis
10000,0.0008271298593879239,0.0028735632183908046,0.0008271298593879239,0.00012257906349595488,1.0,1.0,0.0,/group/ctbrowngrp5/sourmash-db.new/gtdb-rs226/gtdb-rs226-k51.dna.rocksdb,GCA_032565235.1 Clostridium sp.,7ef8c3f3d1bf907ba74c95b5885f0bc1,0.0028735632183908046,10000,258,5460000,outputs.mapping/bams.cds.rand/SRR14369296.x.s__Fimisoma sp002320005.fastq.gz,SRR14369296.x.s__Fimisoma sp002320005,19046aea,12090000,51,DNA,10000,1209,True,0.8700821691262152,0.891589844055826,0.8808360065910206,0.891589844055826,True,1,7397,8158,d__Bacteria;p__Bacillota;c__Clostridia;o__Oscillospirales;f__Acutalibacteraceae;g__Faecalispora;s__Faecalispora jeddahensis
10000,0.0008271298593879239,0.00392156862745098,0.0008271298593879239,0.003309634714390782,27.0,27.0,0.0,/group/ctbrowngrp5/sourmash-db.new/gtdb-rs226/gtdb-rs226-k51.dna.rocksdb,GCA_034100885.1 Lachnospiraceae bacterium,48bb0923e6d7bb2ea8421857ab060428,0.00392156862745098,10000,259,5450000,outputs.mapping/bams.cds.rand/SRR14369296.x.s__Fimisoma sp002320005.fastq.gz,SRR14369296.x.s__Fimisoma sp002320005,19046aea,12090000,51,DNA,10000,1209,True,0.8700821691262152,0.8970423309200757,0.8835622500231455,0.8970423309200757,True,27,7424,8158,d__Bacteria;p__Bacillota;c__Clostridia;o__Lachnospirales;f__Lachnospiraceae;g__W0P33-017;s__W0P33-017 sp022768825
20000,0.0016542597187758478,0.0031446540880503146,0.0008271298593879239,0.00024515812699190976,2.0,2.0,0.0,/group/ctbrowngrp5/sourmash-db.new/gtdb-rs226/gtdb-rs226-k51.dna.rocksdb,GCA_945864145.1 uncultured Lachnospiraceae bacterium,00d9152a834a03de274d3ff6eb4175b0,0.006289308176100629,10000,260,5440000,outputs.mapping/bams.cds.rand/SRR14369296.x.s__Fimisoma sp002320005.fastq.gz,SRR14369296.x.s__Fimisoma sp002320005,19046aea,12090000,51,DNA,10000,1209,True,0.8819882868010843,0.9053892851119669,0.8936887859565257,0.9053892851119669,True,2,7426,8158,d__Bacteria;p__Bacillota;c__Clostridia;o__Lachnospirales;f__Lachnospiraceae;g__COE1;s__COE1 sp945864145
1360000,0.11248966087675766,0.004975124378109453,0.0008271298593879239,0.00012257906349595488,1.0,1.0,0.0,/group/ctbrowngrp5/sourmash-db.new/gtdb-rs226/gtdb-rs226-k51.dna.rocksdb,GCA_945870845.1 uncultured Firmicutes bacterium,43fb41ede20e965dede7a46ebd6358da,0.6766169154228856,10000,261,5430000,outputs.mapping/bams.cds.rand/SRR14369296.x.s__Fimisoma sp002320005.fastq.gz,SRR14369296.x.s__Fimisoma sp002320005,19046aea,12090000,51,DNA,10000,1209,True,0.9580636543902574,0.99236945718191,0.9752165557860837,0.99236945718191,False,1,7427,8158,d__Bacteria;p__Bacillota;c__Clostridia;o__Peptostreptococcales;f__Anaerovoracaceae;g__Fimisoma;s__Fimisoma sp002320005
10000,0.0008271298593879239,0.003745318352059925,0.0008271298593879239,0.00012257906349595488,1.0,1.0,0.0,/group/ctbrowngrp5/sourmash-db.new/gtdb-rs226/gtdb-rs226-k51.dna.rocksdb,GCA_963589085.1 Bacteroidaceae bacterium,66ddd2ba94c5a304efd0ceeff628ffec,0.003745318352059925,10000,262,5420000,outputs.mapping/bams.cds.rand/SRR14369296.x.s__Fimisoma sp002320005.fastq.gz,SRR14369296.x.s__Fimisoma sp002320005,19046aea,12090000,51,DNA,10000,1209,True,0.8700821691262152,0.8962338603010542,0.8831580147136346,0.8962338603010542,True,1,7428,8158,d__Bacteria;p__Bacillota;c__Clostridia;o__Lachnospirales;f__Lachnospiraceae;g__Anaerobutyricum;s__Anaerobutyricum sp963600375
10000,0.0008271298593879239,0.004524886877828055,0.0008271298593879239,0.00012257906349595488,1.0,1.0,0.0,/group/ctbrowngrp5/sourmash-db.new/gtdb-rs226/gtdb-rs226-k51.dna.rocksdb,GCA_900759005.1 Clostridia bacterium,c8da4d804d74d315043823a23db02efb,0.004524886877828055,10000,263,5410000,outputs.mapping/bams.cds.rand/SRR14369296.x.s__Fimisoma sp002320005.fastq.gz,SRR14369296.x.s__Fimisoma sp002320005,19046aea,12090000,51,DNA,10000,1209,True,0.8700821691262152,0.8995628755480881,0.8848225223371516,0.8995628755480881,True,1,7429,8158,d__Bacteria;p__Bacillota;c__Clostridia;o__Christensenellales;f__Aristaeellaceae;g__Faecivicinus;s__Faecivicinus sp900759005
10000,0.0008271298593879239,0.0056179775280898875,0.0008271298593879239,0.00024515812699190976,2.0,2.0,0.0,/group/ctbrowngrp5/sourmash-db.new/gtdb-rs226/gtdb-rs226-k51.dna.rocksdb,GCA_037065605.1 Oscillospiraceae bacterium,60bbd02cb8e726e730f212ac42ece767,0.0056179775280898875,10000,264,5400000,outputs.mapping/bams.cds.rand/SRR14369296.x.s__Fimisoma sp002320005.fastq.gz,SRR14369296.x.s__Fimisoma sp002320005,19046aea,12090000,51,DNA,10000,1209,True,0.8700821691262152,0.9033875844208873,0.8867348767735512,0.9033875844208873,True,2,7431,8158,d__Bacteria;p__Bacillota;c__Clostridia;o__Oscillospirales;f__Oscillospiraceae;g__Vescimonas;s__Vescimonas sp003487665
10000,0.0008271298593879239,0.001976284584980237,0.0008271298593879239,0.00012257906349595488,1.0,1.0,0.0,/group/ctbrowngrp5/sourmash-db.new/gtdb-rs226/gtdb-rs226-k51.dna.rocksdb,GCA_947064455.1 Clostridium neonatale,fddb8181fad34322de4b3a5b20c98683,0.001976284584980237,10000,265,5390000,outputs.mapping/bams.cds.rand/SRR14369296.x.s__Fimisoma sp002320005.fastq.gz,SRR14369296.x.s__Fimisoma sp002320005,19046aea,12090000,51,DNA,10000,1209,True,0.8700821691262152,0.8850696342512554,0.8775759016887352,0.8850696342512554,True,1,7432,8158,d__Bacteria;p__Bacillota;c__Clostridia;o__Clostridiales;f__Clostridiaceae;g__Clostridium;s__Clostridium neonatale
60000,0.004962779156327543,0.0037313432835820895,0.0008271298593879239,0.00012257906349595488,1.0,1.0,0.0,/group/ctbrowngrp5/sourmash-db.new/gtdb-rs226/gtdb-rs226-k51.dna.rocksdb,GCA_021531315.1 Oscillibacter valericigenes,e3a0adb3601c06005d2da86cf1a2b756,0.022388059701492536,10000,266,5380000,outputs.mapping/bams.cds.rand/SRR14369296.x.s__Fimisoma sp002320005.fastq.gz,SRR14369296.x.s__Fimisoma sp002320005,19046aea,12090000,51,DNA,10000,1209,True,0.9011936776666479,0.9282124334068184,0.9147030555367331,0.9282124334068184,True,1,7433,8158,d__Bacteria;p__Bacillota;c__Clostridia;o__Oscillospirales;f__Oscillospiraceae;g__Hominicoprocola;s__Hominicoprocola sp900552375
10000,0.0008271298593879239,0.006097560975609756,0.0008271298593879239,0.00012257906349595488,1.0,1.0,0.0,/group/ctbrowngrp5/sourmash-db.new/gtdb-rs226/gtdb-rs226-k51.dna.rocksdb,GCA_034117365.1 Candidatus Enteromonas sp.,0f54e81555344a44e9ab6f0914974844,0.006097560975609756,10000,267,5370000,outputs.mapping/bams.cds.rand/SRR14369296.x.s__Fimisoma sp002320005.fastq.gz,SRR14369296.x.s__Fimisoma sp002320005,19046aea,12090000,51,DNA,10000,1209,True,0.8700821691262152,0.9048397878646056,0.8874609784954104,0.9048397878646056,True,1,7434,8158,d__Bacteria;p__Bacillota;c__Bacilli;o__RFN20;f__CAG-826;g__Alloenteromonas;s__Alloenteromonas sp022781015
10000,0.0008271298593879239,0.0017921146953405018,0.0008271298593879239,0.00012257906349595488,1.0,1.0,0.0,/group/ctbrowngrp5/sourmash-db.new/gtdb-rs226/gtdb-rs226-k51.dna.rocksdb,GCA_932182455.1 uncultured Blautia sp.,67f5c55d1abe7e19f65c6e58c6df5e6d,0.0017921146953405018,10000,268,5360000,outputs.mapping/bams.cds.rand/SRR14369296.x.s__Fimisoma sp002320005.fastq.gz,SRR14369296.x.s__Fimisoma sp002320005,19046aea,12090000,51,DNA,10000,1209,True,0.8700821691262152,0.8833736232549991,0.8767278961906071,0.8833736232549991,True,1,7435,8158,d__Bacteria;p__Bacillota;c__Clostridia;o__Lachnospirales;f__Lachnospiraceae;g__Blautia;s__Blautia pseudococcoides
30000,0.0024813895781637717,0.004761904761904762,0.0008271298593879239,0.00012257906349595488,1.0,1.0,0.0,/group/ctbrowngrp5/sourmash-db.new/gtdb-rs226/gtdb-rs226-k51.dna.rocksdb,GCA_029225245.1 Bacillota bacterium,2ebd3b8a8ed7a977b90cbd77d6c056df,0.014285714285714285,10000,269,5350000,outputs.mapping/bams.cds.rand/SRR14369296.x.s__Fimisoma sp002320005.fastq.gz,SRR14369296.x.s__Fimisoma sp002320005,19046aea,12090000,51,DNA,10000,1209,True,0.8890283029845609,0.9200715609934823,0.9045499319890216,0.9200715609934823,True,1,7436,8158,d__Bacteria;p__Bacillota;c__Clostridia;o__Peptostreptococcales;f__Anaerovoracaceae;g__Lentihominibacter;s__Lentihominibacter sp022763735
10000,0.0008271298593879239,0.0032679738562091504,0.0008271298593879239,0.00024515812699190976,2.0,2.0,0.0,/group/ctbrowngrp5/sourmash-db.new/gtdb-rs226/gtdb-rs226-k51.dna.rocksdb,GCF_022786255.1 Blautia massiliensis (ex Durand et al. 2017),3dc72b0ac99fffc0397410b696f314e5,0.0032679738562091504,10000,270,5340000,outputs.mapping/bams.cds.rand/SRR14369296.x.s__Fimisoma sp002320005.fastq.gz,SRR14369296.x.s__Fimisoma sp002320005,19046aea,12090000,51,DNA,10000,1209,True,0.8700821691262152,0.8938411904895232,0.8819616798078691,0.8938411904895232,True,2,7438,8158,d__Bacteria;p__Bacillota;c__Clostridia;o__Lachnospirales;f__Lachnospiraceae;g__Blautia_A;s__Blautia_A fusiformis
10000,0.0008271298593879239,0.007633587786259542,0.0008271298593879239,0.00012257906349595488,1.0,1.0,0.0,/group/ctbrowngrp5/sourmash-db.new/gtdb-rs226/gtdb-rs226-k51.dna.rocksdb,GCA_934122175.1 uncultured Clostridia bacterium,0e2fe41c4146e9106ed88fe191fba38a,0.007633587786259542,10000,271,5330000,outputs.mapping/bams.cds.rand/SRR14369296.x.s__Fimisoma sp002320005.fastq.gz,SRR14369296.x.s__Fimisoma sp002320005,19046aea,12090000,51,DNA,10000,1209,True,0.8700821691262152,0.908834650149845,0.88945840963803,0.908834650149845,True,1,7439,8158,d__Bacteria;p__Bacillota;c__Clostridia;o__TANB77;f__CAG-465;g__CAG-465;s__CAG-465 sp905204915
10000,0.0008271298593879239,0.005208333333333333,0.0008271298593879239,0.00012257906349595488,1.0,1.0,0.0,/group/ctbrowngrp5/sourmash-db.new/gtdb-rs226/gtdb-rs226-k51.dna.rocksdb,GCA_902788385.1 Oscillospiraceae bacterium,9e5d81f785935253bec0842d08146b83,0.005208333333333333,10000,272,5320000,outputs.mapping/bams.cds.rand/SRR14369296.x.s__Fimisoma sp002320005.fastq.gz,SRR14369296.x.s__Fimisoma sp002320005,19046aea,12090000,51,DNA,10000,1209,True,0.8700821691262152,0.9020474594102066,0.8860648142682108,0.9020474594102066,True,1,7440,8158,d__Bacteria;p__Bacillota;c__Clostridia;o__Oscillospirales;f__Oscillospiraceae;g__Evtepia;s__Evtepia sp902781745
10000,0.0008271298593879239,0.005780346820809248,0.0008271298593879239,0.0004903162539838195,4.0,4.0,0.0,/group/ctbrowngrp5/sourmash-db.new/gtdb-rs226/gtdb-rs226-k51.dna.rocksdb,GCA_004558525.1 Clostridiales bacterium,d5e00c7367ea65546bc537fa2f496630,0.005780346820809248,10000,273,5310000,outputs.mapping/bams.cds.rand/SRR14369296.x.s__Fimisoma sp002320005.fastq.gz,SRR14369296.x.s__Fimisoma sp002320005,19046aea,12090000,51,DNA,10000,1209,True,0.8700821691262152,0.9038924171716131,0.8869872931489141,0.9038924171716131,True,4,7444,8158,d__Bacteria;p__Bacillota;c__Clostridia;o__Christensenellales;f__CAG-138;g__Phil1;s__Phil1 sp004558525
30000,0.0024813895781637717,0.0038910505836575876,0.0008271298593879239,0.00012257906349595488,1.0,1.0,0.0,/group/ctbrowngrp5/sourmash-db.new/gtdb-rs226/gtdb-rs226-k51.dna.rocksdb,GCA_034088005.1 Blautia obeum,a4ab8f491889e708949d650b9815f8ae,0.011673151750972763,10000,274,5300000,outputs.mapping/bams.cds.rand/SRR14369296.x.s__Fimisoma sp002320005.fastq.gz,SRR14369296.x.s__Fimisoma sp002320005,19046aea,12090000,51,DNA,10000,1209,True,0.8890283029845609,0.9164351284831171,0.902731715733839,0.9164351284831171,True,1,7445,8158,d__Bacteria;p__Bacillota;c__Clostridia;o__Lachnospirales;f__Lachnospiraceae;g__Blautia_A;s__Blautia_A obeum
10000,0.0008271298593879239,0.004761904761904762,0.0008271298593879239,0.0004903162539838195,4.0,4.0,0.0,/group/ctbrowngrp5/sourmash-db.new/gtdb-rs226/gtdb-rs226-k51.dna.rocksdb,GCA_029101265.1 Clostridiaceae bacterium,e0ae13567ad38aecad4093dbb75e9b8f,0.004761904761904762,10000,275,5290000,outputs.mapping/bams.cds.rand/SRR14369296.x.s__Fimisoma sp002320005.fastq.gz,SRR14369296.x.s__Fimisoma sp002320005,19046aea,12090000,51,DNA,10000,1209,True,0.8700821691262152,0.900463862458667,0.8852730157924411,0.900463862458667,True,4,7449,8158,d__Bacteria;p__Bacillota;c__Clostridia;o__Lachnospirales;f__Lachnospiraceae;g__Hominiventricola;s__Hominiventricola aquisgranensis
20000,0.0016542597187758478,0.003424657534246575,0.0008271298593879239,0.00024515812699190976,2.0,2.0,0.0,/group/ctbrowngrp5/sourmash-db.new/gtdb-rs226/gtdb-rs226-k51.dna.rocksdb,GCA_958446835.1 uncultured Eubacterium sp.,3d5c42e8e842e186d3f714d7d823b895,0.00684931506849315,10000,276,5280000,outputs.mapping/bams.cds.rand/SRR14369296.x.s__Fimisoma sp002320005.fastq.gz,SRR14369296.x.s__Fimisoma sp002320005,19046aea,12090000,51,DNA,10000,1209,True,0.8819882868010843,0.9069048171321926,0.8944465519666385,0.9069048171321926,True,2,7451,8158,d__Bacteria;p__Bacillota;c__Clostridia;o__Lachnospirales;f__Lachnospiraceae;g__CAG-882;s__CAG-882 sp958446835
