intersect_bp,f_orig_query,f_match,f_unique_to_query,f_unique_weighted,average_abund,median_abund,std_abund,filename,name,md5,f_match_orig,unique_intersect_bp,gather_result_rank,remaining_bp,query_filename,query_name,query_md5,query_bp,ksize,moltype,scaled,query_n_hashes,query_abundance,query_containment_ani,match_containment_ani,average_containment_ani,max_containment_ani,potential_false_negative,n_unique_weighted_found,sum_weighted_found,total_weighted_hashes,lineage
1970000,0.053142702994335045,0.8347457627118644,0.053142702994335045,0.23980844202724166,50.58375634517766,45.0,73.8865871214001,/group/ctbrowngrp5/sourmash-db.new/gtdb-rs226/gtdb-rs226-k51.dna.rocksdb,GCA_022775645.1 Lachnospiraceae bacterium,737b1838efa2bfb429f3f0316c003db1,0.8347457627118644,1970000,0,35100000,outputs.mapping/bams.cds.rand/SRR17241595.x.s__UBA2868 sp004552595.fastq.gz,SRR17241595.x.s__UBA2868 sp004552595,15b9ab1e,37070000,51,DNA,10000,3707,True,0.9440797858138937,0.9964645375310712,0.9702721616724825,0.9964645375310712,False,9965,9965,41554,d__Bacteria;p__Bacillota;c__Clostridia;o__Lachnospirales;f__Lachnospiraceae;g__UBA2868;s__UBA2868 sp004552595
1900000,0.05125438359859725,0.33181818181818185,0.019692473698408416,0.039707368725032485,22.602739726027398,17.0,19.02827004714438,/group/ctbrowngrp5/sourmash-db.new/gtdb-rs226/gtdb-rs226-k51.dna.rocksdb,GCA_945864475.1 uncultured Lachnospiraceae bacterium,d3af2ba51f5c36490fd206085940418f,0.8636363636363636,730000,1,34370000,outputs.mapping/bams.cds.rand/SRR17241595.x.s__UBA2868 sp004552595.fastq.gz,SRR17241595.x.s__UBA2868 sp004552595,15b9ab1e,37070000,51,DNA,10000,3707,True,0.9434102883647433,0.997129549717769,0.9702699190412561,0.997129549717769,False,1650,11615,41554,d__Bacteria;p__Bacillota;c__Clostridia;o__Lachnospirales;f__Lachnospiraceae;g__UBA2868;s__UBA2868 sp004552595
1920000,0.0517939034259509,0.168,0.01132991637442676,0.01754343745487799,17.357142857142858,12.0,18.674940464712176,/group/ctbrowngrp5/sourmash-db.new/gtdb-rs226/gtdb-rs226-k51.dna.rocksdb,GCA_004552595.1 Lachnospiraceae bacterium,fb98018f0ff05e46cd82d942455d44aa,0.768,420000,2,33950000,outputs.mapping/bams.cds.rand/SRR17241595.x.s__UBA2868 sp004552595.fastq.gz,SRR17241595.x.s__UBA2868 sp004552595,15b9ab1e,37070000,51,DNA,10000,3707,True,0.94360400887936,0.9948375763315983,0.9692207926054792,0.9948375763315983,False,729,12344,41554,d__Bacteria;p__Bacillota;c__Clostridia;o__Lachnospirales;f__Lachnospiraceae;g__UBA2868;s__UBA2868 sp004552595
1760000,0.04747774480712166,0.1497584541062802,0.008362557323981657,0.013476440294556481,18.06451612903226,13.0,16.230070625471853,/group/ctbrowngrp5/sourmash-db.new/gtdb-rs226/gtdb-rs226-k51.dna.rocksdb,GCA_945877825.1 uncultured Lachnospiraceae bacterium,5d89ca24a7d1f9d3f163e73a383fad2b,0.8502415458937198,310000,3,33640000,outputs.mapping/bams.cds.rand/SRR17241595.x.s__UBA2868 sp004552595.fastq.gz,SRR17241595.x.s__UBA2868 sp004552595,15b9ab1e,37070000,51,DNA,10000,3707,True,0.9419954934935274,0.9968239797816217,0.9694097366375746,0.9968239797816217,False,560,12904,41554,d__Bacteria;p__Bacillota;c__Clostridia;o__Lachnospirales;f__Lachnospiraceae;g__UBA2868;s__UBA2868 sp004552595
1770000,0.047747504720798487,0.1065989847715736,0.00566495818721338,0.007460172305915194,14.761904761904763,13.0,12.347757698521862,/group/ctbrowngrp5/sourmash-db.new/gtdb-rs226/gtdb-rs226-k51.dna.rocksdb,GCA_034167515.1 Lachnospiraceae bacterium,f3dc280f93a02311f43da2648bd014a9,0.8984771573604061,210000,4,33430000,outputs.mapping/bams.cds.rand/SRR17241595.x.s__UBA2868 sp004552595.fastq.gz,SRR17241595.x.s__UBA2868 sp004552595,15b9ab1e,37070000,51,DNA,10000,3707,True,0.9421001483110529,0.9979031036014249,0.970001625956239,0.9979031036014249,False,310,13214,41554,d__Bacteria;p__Bacillota;c__Clostridia;o__Lachnospirales;f__Lachnospiraceae;g__UBA2868;s__UBA2868 sp004552595
1670000,0.045049905584030214,0.1092896174863388,0.005395198273536552,0.007652692881551716,15.9,12.5,11.57540496051866,/group/ctbrowngrp5/sourmash-db.new/gtdb-rs226/gtdb-rs226-k51.dna.rocksdb,GCA_945623865.1 uncultured Lachnospiraceae bacterium,b1d663d4d7890c619fdf8c6cf074b802,0.912568306010929,200000,5,33230000,outputs.mapping/bams.cds.rand/SRR17241595.x.s__UBA2868 sp004552595.fastq.gz,SRR17241595.x.s__UBA2868 sp004552595,15b9ab1e,37070000,51,DNA,10000,3707,True,0.9410264723352784,0.9982076407384868,0.9696170565368826,0.9982076407384868,False,318,13532,41554,d__Bacteria;p__Bacillota;c__Clostridia;o__Lachnospirales;f__Lachnospiraceae;g__UBA2868;s__UBA2868 sp004552595
190000,0.005125438359859725,0.051075268817204304,0.005125438359859725,0.020599701593107762,45.05263157894737,20.0,53.80811295139964,/group/ctbrowngrp5/sourmash-db.new/gtdb-rs226/gtdb-rs226-k51.dna.rocksdb,GCA_004556565.1 Lachnospiraceae bacterium,edb00f169e376430fe98e2e4c3b24f96,0.051075268817204304,190000,6,33040000,outputs.mapping/bams.cds.rand/SRR17241595.x.s__UBA2868 sp004552595.fastq.gz,SRR17241595.x.s__UBA2868 sp004552595,15b9ab1e,37070000,51,DNA,10000,3707,True,0.901763733140676,0.943345532979075,0.9225546330598755,0.943345532979075,False,856,14388,41554,d__Bacteria;p__Bacillota;c__Clostridia;o__Lachnospirales;f__Lachnospiraceae;g__Schaedlerella;s__Schaedlerella sp004556565
1630000,0.0439708659293229,0.07692307692307693,0.0048556784461828975,0.006088463204504981,14.055555555555555,6.5,15.211370828072525,/group/ctbrowngrp5/sourmash-db.new/gtdb-rs226/gtdb-rs226-k51.dna.rocksdb,GCA_030526605.1 Lachnospiraceae bacterium,69ad002a25241a08d20bfaefd6ad26a9,0.6965811965811965,180000,7,32860000,outputs.mapping/bams.cds.rand/SRR17241595.x.s__UBA2868 sp004552595.fastq.gz,SRR17241595.x.s__UBA2868 sp004552595,15b9ab1e,37070000,51,DNA,10000,3707,True,0.9405792476546944,0.9929354463356923,0.9667573469951933,0.9929354463356923,False,253,14641,41554,d__Bacteria;p__Bacillota;c__Clostridia;o__Lachnospirales;f__Lachnospiraceae;g__UBA2868;s__UBA2868 sp004552595
170000,0.004585918532506069,0.08,0.004316158618829242,0.00406699716032151,10.5625,10.0,6.324246496619182,/group/ctbrowngrp5/sourmash-db.new/gtdb-rs226/gtdb-rs226-k51.dna.rocksdb,GCA_945871235.1 uncultured Lachnospiraceae bacterium,f2a18bd1511953c83b21eafacfe0efba,0.085,160000,8,32700000,outputs.mapping/bams.cds.rand/SRR17241595.x.s__UBA2868 sp004552595.fastq.gz,SRR17241595.x.s__UBA2868 sp004552595,15b9ab1e,37070000,51,DNA,10000,3707,True,0.8997992242710007,0.9528141853453184,0.9263067048081595,0.9528141853453184,False,169,14810,41554,d__Bacteria;p__Bacillota;c__Clostridia;o__Lachnospirales;f__Lachnospiraceae;g__Colinaster;s__Colinaster sp900766815
1750000,0.04720798489344483,0.06217616580310881,0.0032371189641219314,0.003994801944457814,13.833333333333334,6.5,12.661183023539133,/group/ctbrowngrp5/sourmash-db.new/gtdb-rs226/gtdb-rs226-k51.dna.rocksdb,GCA_034116185.1 Lachnospiraceae bacterium,db3d5ed5d616d9ac2949b4214b6fae94,0.9067357512953368,120000,9,32580000,outputs.mapping/bams.cds.rand/SRR17241595.x.s__UBA2868 sp004552595.fastq.gz,SRR17241595.x.s__UBA2868 sp004552595,15b9ab1e,37070000,51,DNA,10000,3707,True,0.9418902540743506,0.9980821509374456,0.9699862025058981,0.9980821509374456,False,166,14976,41554,d__Bacteria;p__Bacillota;c__Clostridia;o__Lachnospirales;f__Lachnospiraceae;g__UBA2868;s__UBA2868 sp004552595
140000,0.0037766387914755866,0.03503184713375796,0.002967359050445104,0.038841026134668145,146.72727272727272,7.0,321.7667395967827,/group/ctbrowngrp5/sourmash-db.new/gtdb-rs226/gtdb-rs226-k51.dna.rocksdb,GCF_021531995.1 Faecalicatena contorta,4c931f1f8c50725e7bbd3ba64e4670a1,0.044585987261146494,110000,10,32470000,outputs.mapping/bams.cds.rand/SRR17241595.x.s__UBA2868 sp004552595.fastq.gz,SRR17241595.x.s__UBA2868 sp004552595,15b9ab1e,37070000,51,DNA,10000,3707,True,0.8963802181869175,0.9408354953460037,0.9186078567664606,0.9408354953460037,False,1614,16590,41554,d__Bacteria;p__Bacillota;c__Clostridia;o__Lachnospirales;f__Lachnospiraceae;g__Dorea_A;s__Dorea_A contorta_A
1800000,0.04855678446182897,0.05154639175257732,0.002697599136768276,0.0024546373393656445,10.2,6.0,8.072174428244226,/group/ctbrowngrp5/sourmash-db.new/gtdb-rs226/gtdb-rs226-k51.dna.rocksdb,GCA_022779385.1 Lachnospiraceae bacterium,27b77b595beea9d557a23c3158fbd407,0.9278350515463918,100000,11,32370000,outputs.mapping/bams.cds.rand/SRR17241595.x.s__UBA2868 sp004552595.fastq.gz,SRR17241595.x.s__UBA2868 sp004552595,15b9ab1e,37070000,51,DNA,10000,3707,True,0.9424106698404894,0.9985324248417597,0.9704715473411245,0.9985324248417597,False,102,16692,41554,d__Bacteria;p__Bacillota;c__Clostridia;o__Lachnospirales;f__Lachnospiraceae;g__UBA2868;s__UBA2868 sp004552595
110000,0.002967359050445104,0.025974025974025976,0.002697599136768276,0.004042932088366944,16.8,9.5,16.01749044014074,/group/ctbrowngrp5/sourmash-db.new/gtdb-rs226/gtdb-rs226-k51.dna.rocksdb,GCA_946011515.1 uncultured Lachnospiraceae bacterium,22d10b3bb0824123b63da9ff2df42f3e,0.02857142857142857,100000,12,32270000,outputs.mapping/bams.cds.rand/SRR17241595.x.s__UBA2868 sp004552595.fastq.gz,SRR17241595.x.s__UBA2868 sp004552595,15b9ab1e,37070000,51,DNA,10000,3707,True,0.8921515398170204,0.9326617285238548,0.9124066341704375,0.9326617285238548,False,168,16860,41554,d__Bacteria;p__Bacillota;c__Clostridia;o__Lachnospirales;f__Lachnospiraceae;g__COE1;s__COE1 sp022788085
1580000,0.042622066360938765,0.05555555555555555,0.002697599136768276,0.0030562641382297735,12.7,5.0,14.19189909772473,/group/ctbrowngrp5/sourmash-db.new/gtdb-rs226/gtdb-rs226-k51.dna.rocksdb,GCA_029225865.1 Lachnospiraceae bacterium,463895ca08f8f63175e9eb9ebf3ea1e7,0.8777777777777778,100000,13,32170000,outputs.mapping/bams.cds.rand/SRR17241595.x.s__UBA2868 sp004552595.fastq.gz,SRR17241595.x.s__UBA2868 sp004552595,15b9ab1e,37070000,51,DNA,10000,3707,True,0.9400048367639883,0.9974471500021235,0.9687259933830559,0.9974471500021235,False,127,16987,41554,d__Bacteria;p__Bacillota;c__Clostridia;o__Lachnospirales;f__Lachnospiraceae;g__UBA2868;s__UBA2868 sp004552595
120000,0.0032371189641219314,0.03745318352059925,0.002697599136768276,0.00252683255522934,10.5,5.5,10.29805806936434,/group/ctbrowngrp5/sourmash-db.new/gtdb-rs226/gtdb-rs226-k51.dna.rocksdb,GCA_034089445.1 Bariatricus sp.,9d20418ff58b4b6be00dd7d677cf98ec,0.0449438202247191,100000,14,32070000,outputs.mapping/bams.cds.rand/SRR17241595.x.s__UBA2868 sp004552595.fastq.gz,SRR17241595.x.s__UBA2868 sp004552595,15b9ab1e,37070000,51,DNA,10000,3707,True,0.8936749435787177,0.9409829717557522,0.917328957667235,0.9409829717557522,False,105,17092,41554,d__Bacteria;p__Bacillota;c__Clostridia;o__Lachnospirales;f__Lachnospiraceae;g__Bariatricus;s__Bariatricus sp004560705
1660000,0.044780145670353384,0.043010752688172046,0.002158079309414621,0.0014439043172739087,7.5,4.5,6.576473218982953,/group/ctbrowngrp5/sourmash-db.new/gtdb-rs226/gtdb-rs226-k51.dna.rocksdb,GCA_945917695.1 uncultured Lachnospiraceae bacterium,1c2a86bec56141abf2affabdef40266e,0.8924731182795699,80000,15,31990000,outputs.mapping/bams.cds.rand/SRR17241595.x.s__UBA2868 sp004552595.fastq.gz,SRR17241595.x.s__UBA2868 sp004552595,15b9ab1e,37070000,51,DNA,10000,3707,True,0.9409156587107105,0.9977719194850057,0.969343789097858,0.9977719194850057,False,60,17152,41554,d__Bacteria;p__Bacillota;c__Clostridia;o__Lachnospirales;f__Lachnospiraceae;g__UBA2868;s__UBA2868 sp004552595
80000,0.002158079309414621,0.025396825396825397,0.002158079309414621,0.000673822014727824,3.5,3.0,1.8027756377319946,/group/ctbrowngrp5/sourmash-db.new/gtdb-rs226/gtdb-rs226-k51.dna.rocksdb,GCA_028727045.1 Lachnospiraceae bacterium,1fa4a523766f9aee9cac3c30ff79928c,0.025396825396825397,80000,16,31910000,outputs.mapping/bams.cds.rand/SRR17241595.x.s__UBA2868 sp004552595.fastq.gz,SRR17241595.x.s__UBA2868 sp004552595,15b9ab1e,37070000,51,DNA,10000,3707,True,0.8865981316882069,0.9305102583765231,0.908554195032365,0.9305102583765231,False,28,17180,41554,d__Bacteria;p__Bacillota;c__Clostridia;o__Lachnospirales;f__Lachnospiraceae;g__Suilimivivens;s__Suilimivivens sp017622575
100000,0.002697599136768276,0.018018018018018018,0.002158079309414621,0.017062136015786687,88.625,7.0,217.1404715270739,/group/ctbrowngrp5/sourmash-db.new/gtdb-rs226/gtdb-rs226-k51.dna.rocksdb,GCF_028314305.1 Blautia wexlerae,aee00072603a66f5f073816829b5c672,0.02252252252252252,80000,17,31830000,outputs.mapping/bams.cds.rand/SRR17241595.x.s__UBA2868 sp004552595.fastq.gz,SRR17241595.x.s__UBA2868 sp004552595,15b9ab1e,37070000,51,DNA,10000,3707,True,0.8904858198383393,0.9283214236265154,0.9094036217324273,0.9283214236265154,False,709,17889,41554,d__Bacteria;p__Bacillota;c__Clostridia;o__Lachnospirales;f__Lachnospiraceae;g__Blautia_A;s__Blautia_A wexlerae
110000,0.002967359050445104,0.02666666666666667,0.002158079309414621,0.001516099533137604,7.875,9.0,5.797359312652615,/group/ctbrowngrp5/sourmash-db.new/gtdb-rs226/gtdb-rs226-k51.dna.rocksdb,GCA_945874845.1 uncultured Lachnospiraceae bacterium,ecc2291c662e1846adf66dcf0aba8826,0.03666666666666667,80000,18,31750000,outputs.mapping/bams.cds.rand/SRR17241595.x.s__UBA2868 sp004552595.fastq.gz,SRR17241595.x.s__UBA2868 sp004552595,15b9ab1e,37070000,51,DNA,10000,3707,True,0.8921515398170204,0.9372349157224297,0.9146932277697251,0.9372349157224297,False,63,17952,41554,d__Bacteria;p__Bacillota;c__Clostridia;o__Lachnospirales;f__Lachnospiraceae;g__Suilimivivens;s__Suilimivivens sp018384375
1670000,0.045049905584030214,0.04020100502512563,0.002158079309414621,0.0020455311161380373,10.625,5.5,10.896530411098755,/group/ctbrowngrp5/sourmash-db.new/gtdb-rs226/gtdb-rs226-k51.dna.rocksdb,GCA_034174165.1 Lachnospiraceae bacterium,fc08e5054a8dce048f75d342a73eb6e6,0.8391959798994975,80000,19,31670000,outputs.mapping/bams.cds.rand/SRR17241595.x.s__UBA2868 sp004552595.fastq.gz,SRR17241595.x.s__UBA2868 sp004552595,15b9ab1e,37070000,51,DNA,10000,3707,True,0.9410264723352784,0.9965684305094584,0.9687974514223684,0.9965684305094584,False,85,18037,41554,d__Bacteria;p__Bacillota;c__Clostridia;o__Lachnospirales;f__Lachnospiraceae;g__UBA2868;s__UBA2868 sp004552595
1760000,0.04747774480712166,0.04145077720207254,0.002158079309414621,0.0017326851807286903,9.0,8.5,4.949747468305833,/group/ctbrowngrp5/sourmash-db.new/gtdb-rs226/gtdb-rs226-k51.dna.rocksdb,GCA_945834985.1 uncultured Lachnospiraceae bacterium,c6db77b7670bfd6420cff44f5e35698a,0.9119170984455959,80000,20,31590000,outputs.mapping/bams.cds.rand/SRR17241595.x.s__UBA2868 sp004552595.fastq.gz,SRR17241595.x.s__UBA2868 sp004552595,15b9ab1e,37070000,51,DNA,10000,3707,True,0.9419954934935274,0.9981936687978344,0.9700945811456809,0.9981936687978344,False,72,18109,41554,d__Bacteria;p__Bacillota;c__Clostridia;o__Lachnospirales;f__Lachnospiraceae;g__UBA2868;s__UBA2868 sp004552595
80000,0.002158079309414621,0.032,0.002158079309414621,0.018457910189151466,95.875,2.0,246.11198543549236,/group/ctbrowngrp5/sourmash-db.new/gtdb-rs226/gtdb-rs226-k51.dna.rocksdb,GCA_004557415.1 Clostridiales bacterium,9cb221740bfac2d7de4ab20631f9e5b7,0.032,80000,21,31510000,outputs.mapping/bams.cds.rand/SRR17241595.x.s__UBA2868 sp004552595.fastq.gz,SRR17241595.x.s__UBA2868 sp004552595,15b9ab1e,37070000,51,DNA,10000,3707,True,0.8865981316882069,0.9347365295282309,0.9106673306082189,0.9347365295282309,False,767,18876,41554,d__Bacteria;p__Bacillota;c__Clostridia;o__Christensenellales;f__CAG-138;g__PeH17;s__PeH17 sp900542285
120000,0.0032371189641219314,0.021447721179624665,0.002158079309414621,0.043774365885353994,227.375,20.0,356.7568981463428,/group/ctbrowngrp5/sourmash-db.new/gtdb-rs226/gtdb-rs226-k51.dna.rocksdb,GCA_004554075.1 Treponema sp.,c1b576559310fababd5ec90cbc576bf5,0.032171581769437,80000,22,31430000,outputs.mapping/bams.cds.rand/SRR17241595.x.s__UBA2868 sp004552595.fastq.gz,SRR17241595.x.s__UBA2868 sp004552595,15b9ab1e,37070000,51,DNA,10000,3707,True,0.8936749435787177,0.9348345464900444,0.914254745034381,0.9348345464900444,False,1819,20695,41554,d__Bacteria;p__Spirochaetota;c__Spirochaetia;o__Treponematales;f__Treponemataceae;g__Treponema_D;s__Treponema_D sp004554075
100000,0.002697599136768276,0.020710059171597635,0.0018883193957377933,0.005294315830004332,31.428571428571427,7.0,60.37231423865258,/group/ctbrowngrp5/sourmash-db.new/gtdb-rs226/gtdb-rs226-k51.dna.rocksdb,GCA_022773565.1 Lachnospiraceae bacterium,22fb3c10dc1e4d51a67e4ee1e26e7869,0.029585798816568046,70000,23,31360000,outputs.mapping/bams.cds.rand/SRR17241595.x.s__UBA2868 sp004552595.fastq.gz,SRR17241595.x.s__UBA2868 sp004552595,15b9ab1e,37070000,51,DNA,10000,3707,True,0.8904858198383393,0.9332999470113132,0.9118928834248263,0.9332999470113132,False,220,20915,41554,d__Bacteria;p__Bacillota;c__Clostridia;o__Lachnospirales;f__Lachnospiraceae;g__Agathobacter;s__Agathobacter sp000434275
1850000,0.04990558403021311,0.02830188679245283,0.0016185594820609657,0.0006016267988641286,4.166666666666667,4.0,2.6087459737497545,/group/ctbrowngrp5/sourmash-db.new/gtdb-rs226/gtdb-rs226-k51.dna.rocksdb,GCA_034113045.1 Lachnospiraceae bacterium,63ee8cc1f2b27e72719ee577ee3ce7f7,0.8726415094339622,60000,24,31300000,outputs.mapping/bams.cds.rand/SRR17241595.x.s__UBA2868 sp004552595.fastq.gz,SRR17241595.x.s__UBA2868 sp004552595,15b9ab1e,37070000,51,DNA,10000,3707,True,0.9429171016611275,0.9973323791547987,0.9701247404079631,0.9973323791547987,False,25,20940,41554,d__Bacteria;p__Bacillota;c__Clostridia;o__Lachnospirales;f__Lachnospiraceae;g__UBA2868;s__UBA2868 sp004552595
80000,0.002158079309414621,0.01744186046511628,0.0016185594820609657,0.02091254752851711,144.83333333333334,4.0,310.4992843076382,/group/ctbrowngrp5/sourmash-db.new/gtdb-rs226/gtdb-rs226-k51.dna.rocksdb,GCA_025543015.1 Coprococcus eutactus,964f757eb0ac8d2cecb74a51bcd51d44,0.023255813953488372,60000,25,31240000,outputs.mapping/bams.cds.rand/SRR17241595.x.s__UBA2868 sp004552595.fastq.gz,SRR17241595.x.s__UBA2868 sp004552595,15b9ab1e,37070000,51,DNA,10000,3707,True,0.8865981316882069,0.9289047993714703,0.9077514655298387,0.9289047993714703,False,869,21809,41554,d__Bacteria;p__Bacillota;c__Clostridia;o__Lachnospirales;f__Lachnospiraceae;g__Coprococcus;s__Coprococcus aceti
60000,0.0016185594820609657,0.015384615384615385,0.0016185594820609657,0.06954805794869327,481.6666666666667,4.0,930.1898850354277,/group/ctbrowngrp5/sourmash-db.new/gtdb-rs226/gtdb-rs226-k51.dna.rocksdb,GCF_002251435.1 Prevotella sp. P2-180,c5f49e122048abf7e20aaf9064685581,0.015384615384615385,60000,26,31180000,outputs.mapping/bams.cds.rand/SRR17241595.x.s__UBA2868 sp004552595.fastq.gz,SRR17241595.x.s__UBA2868 sp004552595,15b9ab1e,37070000,51,DNA,10000,3707,True,0.8816110656332161,0.9214094865050211,0.9015102760691186,0.9214094865050211,True,2890,24699,41554,d__Bacteria;p__Bacteroidota;c__Bacteroidia;o__Bacteroidales;f__Bacteroidaceae;g__Prevotella;s__Prevotella sp002251435
90000,0.0024278392230914487,0.01662049861495845,0.0016185594820609657,0.0010588631660008664,7.333333333333333,5.5,5.405758246742285,/group/ctbrowngrp5/sourmash-db.new/gtdb-rs226/gtdb-rs226-k51.dna.rocksdb,GCA_029219025.1 Oscillospiraceae bacterium,e3d6152d8a156d31257c2c4c8ca5a991,0.024930747922437674,60000,27,31120000,outputs.mapping/bams.cds.rand/SRR17241595.x.s__UBA2868 sp004552595.fastq.gz,SRR17241595.x.s__UBA2868 sp004552595,15b9ab1e,37070000,51,DNA,10000,3707,True,0.8886480708434562,0.9301723751263732,0.9094102229849147,0.9301723751263732,False,44,24743,41554,d__Bacteria;p__Bacillota;c__Clostridia;o__Oscillospirales;f__Ruminococcaceae;g__HUN007;s__HUN007 sp016296165
70000,0.0018883193957377933,0.01662049861495845,0.0016185594820609657,0.0005775617269095634,4.0,1.5,4.163331998932265,/group/ctbrowngrp5/sourmash-db.new/gtdb-rs226/gtdb-rs226-k51.dna.rocksdb,GCA_900767545.1 uncultured Prevotella sp.,3c24bd84290a8e846399a50440910004,0.019390581717451522,60000,28,31060000,outputs.mapping/bams.cds.rand/SRR17241595.x.s__UBA2868 sp004552595.fastq.gz,SRR17241595.x.s__UBA2868 sp004552595,15b9ab1e,37070000,51,DNA,10000,3707,True,0.8842798212554951,0.9256000081481587,0.9049399147018269,0.9256000081481587,False,24,24767,41554,d__Bacteria;p__Bacteroidota;c__Bacteroidia;o__Bacteroidales;f__Bacteroidaceae;g__Prevotella;s__Prevotella sp900556795
130000,0.003506878877798759,0.014778325123152709,0.0016185594820609657,0.0009385378062280406,6.5,3.0,7.455423082115014,/group/ctbrowngrp5/sourmash-db.new/gtdb-rs226/gtdb-rs226-k51.dna.rocksdb,GCA_004562915.1 bacterium,d96ecbfc025f2a4a4d374ec049847024,0.03201970443349754,60000,29,31000000,outputs.mapping/bams.cds.rand/SRR17241595.x.s__UBA2868 sp004552595.fastq.gz,SRR17241595.x.s__UBA2868 sp004552595,15b9ab1e,37070000,51,DNA,10000,3707,True,0.8950786362306691,0.9347478119403184,0.9149132240854938,0.9347478119403184,False,39,24806,41554,d__Bacteria;p__Bacillota;c__Clostridia;o__Lachnospirales;f__Lachnospiraceae;g__Oliverpabstia;s__Oliverpabstia sp004562915
80000,0.002158079309414621,0.04081632653061224,0.0016185594820609657,0.002021466044183472,14.0,11.0,8.32666399786453,/group/ctbrowngrp5/sourmash-db.new/gtdb-rs226/gtdb-rs226-k51.dna.rocksdb,GCA_945921485.1 uncultured Clostridia bacterium,82e48b9461ccb856ba728ad40917d137,0.05442176870748299,60000,30,30940000,outputs.mapping/bams.cds.rand/SRR17241595.x.s__UBA2868 sp004552595.fastq.gz,SRR17241595.x.s__UBA2868 sp004552595,15b9ab1e,37070000,51,DNA,10000,3707,True,0.8865981316882069,0.9445201523071918,0.9155591419976994,0.9445201523071918,False,84,24890,41554,d__Bacteria;p__Bacillota;c__Clostridia;o__Peptostreptococcales;f__Anaerovoracaceae;g__CAG-238;s__CAG-238 sp945644815
80000,0.002158079309414621,0.016,0.0016185594820609657,0.0014198392453193436,9.833333333333334,2.0,18.415723957772848,/group/ctbrowngrp5/sourmash-db.new/gtdb-rs226/gtdb-rs226-k51.dna.rocksdb,GCA_022764165.1 Eubacterium sp.,86b632b7ed836955f537e7b9656a4752,0.021333333333333333,60000,31,30880000,outputs.mapping/bams.cds.rand/SRR17241595.x.s__UBA2868 sp004552595.fastq.gz,SRR17241595.x.s__UBA2868 sp004552595,15b9ab1e,37070000,51,DNA,10000,3707,True,0.8865981316882069,0.9273345601273987,0.9069663459078028,0.9273345601273987,False,59,24949,41554,d__Bacteria;p__Bacillota;c__Clostridia;o__Lachnospirales;f__Lachnospiraceae;g__Oliverpabstia;s__Oliverpabstia sp022764165
70000,0.0018883193957377933,0.018867924528301886,0.0016185594820609657,0.0005534966549549983,3.8333333333333335,3.0,2.192157739660984,/group/ctbrowngrp5/sourmash-db.new/gtdb-rs226/gtdb-rs226-k51.dna.rocksdb,GCA_945864145.1 uncultured Lachnospiraceae bacterium,00d9152a834a03de274d3ff6eb4175b0,0.0220125786163522,60000,32,30820000,outputs.mapping/bams.cds.rand/SRR17241595.x.s__UBA2868 sp004552595.fastq.gz,SRR17241595.x.s__UBA2868 sp004552595,15b9ab1e,37070000,51,DNA,10000,3707,True,0.8842798212554951,0.9279046505745566,0.9060922359150259,0.9279046505745566,False,23,24972,41554,d__Bacteria;p__Bacillota;c__Clostridia;o__Lachnospirales;f__Lachnospiraceae;g__COE1;s__COE1 sp945864145
60000,0.0016185594820609657,0.011904761904761904,0.0016185594820609657,0.0010588631660008664,7.333333333333333,2.5,9.321420969406375,/group/ctbrowngrp5/sourmash-db.new/gtdb-rs226/gtdb-rs226-k51.dna.rocksdb,GCF_024463855.1 Clostridium sp. DFI.1.208,5ad6267cd7c217a7564767e9de7fb52e,0.011904761904761904,60000,33,30760000,outputs.mapping/bams.cds.rand/SRR17241595.x.s__UBA2868 sp004552595.fastq.gz,SRR17241595.x.s__UBA2868 sp004552595,15b9ab1e,37070000,51,DNA,10000,3707,True,0.8816110656332161,0.9167882396034238,0.8991996526183199,0.9167882396034238,True,44,25016,41554,d__Bacteria;p__Bacillota;c__Bacilli;o__Erysipelotrichales;f__Erysipelotrichaceae;g__Clostridium_AQ;s__Clostridium_AQ sp003481775
60000,0.0016185594820609657,0.01904761904761905,0.0016185594820609657,0.0025990277710930356,18.0,18.5,14.787382008545888,/group/ctbrowngrp5/sourmash-db.new/gtdb-rs226/gtdb-rs226-k51.dna.rocksdb,GCA_946405505.1 uncultured Prevotella sp.,ecd9d9963770f31c373de76e87330fb1,0.01904761904761905,60000,34,30700000,outputs.mapping/bams.cds.rand/SRR17241595.x.s__UBA2868 sp004552595.fastq.gz,SRR17241595.x.s__UBA2868 sp004552595,15b9ab1e,37070000,51,DNA,10000,3707,True,0.8816110656332161,0.9252761890078747,0.9034436273205454,0.9252761890078747,True,108,25124,41554,d__Bacteria;p__Bacteroidota;c__Bacteroidia;o__Bacteroidales;f__Bacteroidaceae;g__Prevotella;s__Prevotella sp022771625
70000,0.0018883193957377933,0.020491803278688523,0.001348799568384138,0.003657890937093902,30.4,27.0,25.718475849085614,/group/ctbrowngrp5/sourmash-db.new/gtdb-rs226/gtdb-rs226-k51.dna.rocksdb,GCA_945982875.1 uncultured Lachnospiraceae bacterium,2214bb6cbea73b5e27e3baa9df38dd19,0.028688524590163935,50000,35,30650000,outputs.mapping/bams.cds.rand/SRR17241595.x.s__UBA2868 sp004552595.fastq.gz,SRR17241595.x.s__UBA2868 sp004552595,15b9ab1e,37070000,51,DNA,10000,3707,True,0.8842798212554951,0.9327365270664969,0.9085081741609959,0.9327365270664969,False,152,25276,41554,d__Bacteria;p__Bacillota;c__Clostridia;o__Lachnospirales;f__Lachnospiraceae;g__Acetatifactor;s__Acetatifactor sp945621435
140000,0.0037766387914755866,0.024390243902439025,0.001348799568384138,0.0015882947490012994,13.2,4.0,14.891608375189026,/group/ctbrowngrp5/sourmash-db.new/gtdb-rs226/gtdb-rs226-k51.dna.rocksdb,GCF_021531795.1 Lacrimispora saccharolytica,b9f95aaa82634ee90dd5ff5803ed0dee,0.06829268292682927,50000,36,30600000,outputs.mapping/bams.cds.rand/SRR17241595.x.s__UBA2868 sp004552595.fastq.gz,SRR17241595.x.s__UBA2868 sp004552595,15b9ab1e,37070000,51,DNA,10000,3707,True,0.8963802181869175,0.9487342771916123,0.922557247689265,0.9487342771916123,False,66,25342,41554,d__Bacteria;p__Bacillota;c__Clostridia;o__Lachnospirales;f__Lachnospiraceae;g__Colinaster;s__Colinaster sp018056665
70000,0.0018883193957377933,0.014925373134328358,0.001348799568384138,0.0063772440679597635,53.0,33.0,52.585169011804076,/group/ctbrowngrp5/sourmash-db.new/gtdb-rs226/gtdb-rs226-k51.dna.rocksdb,GCA_963558015.1 uncultured Acetatifactor sp.,c4b24070efc5d3de83ee68bb02d1dae6,0.020895522388059702,50000,37,30550000,outputs.mapping/bams.cds.rand/SRR17241595.x.s__UBA2868 sp004552595.fastq.gz,SRR17241595.x.s__UBA2868 sp004552595,15b9ab1e,37070000,51,DNA,10000,3707,True,0.8842798212554951,0.9269575952905772,0.9056187082730361,0.9269575952905772,False,265,25607,41554,d__Bacteria;p__Bacillota;c__Clostridia;o__Lachnospirales;f__Lachnospiraceae;g__Acetatifactor;s__Acetatifactor sp945929965
90000,0.0024278392230914487,0.01838235294117647,0.001348799568384138,0.0030562641382297735,25.4,9.0,37.43046887229707,/group/ctbrowngrp5/sourmash-db.new/gtdb-rs226/gtdb-rs226-k51.dna.rocksdb,GCF_030053595.1 Fusibacillus kribbianus,590b60dd682af06b2549e2e3047fd201,0.03308823529411765,50000,38,30500000,outputs.mapping/bams.cds.rand/SRR17241595.x.s__UBA2868 sp004552595.fastq.gz,SRR17241595.x.s__UBA2868 sp004552595,15b9ab1e,37070000,51,DNA,10000,3707,True,0.8886480708434562,0.9353496590299321,0.9119988649366941,0.9353496590299321,False,127,25734,41554,d__Bacteria;p__Bacillota;c__Clostridia;o__Lachnospirales;f__Lachnospiraceae;g__Lientehia;s__Lientehia kribbianus
50000,0.001348799568384138,0.02304147465437788,0.001348799568384138,0.0002165856475910863,1.8,2.0,0.7483314773547883,/group/ctbrowngrp5/sourmash-db.new/gtdb-rs226/gtdb-rs226-k51.dna.rocksdb,GCA_945917585.1 uncultured Firmicutes bacterium,b70fcd2c576dbcd8467b57ad6ab73a3d,0.02304147465437788,50000,39,30450000,outputs.mapping/bams.cds.rand/SRR17241595.x.s__UBA2868 sp004552595.fastq.gz,SRR17241595.x.s__UBA2868 sp004552595,15b9ab1e,37070000,51,DNA,10000,3707,True,0.8784649924447565,0.9287361669973476,0.903600579721052,0.9287361669973476,True,9,25743,41554,d__Bacteria;p__Bacillota;c__Clostridia;o__Peptostreptococcales;f__Anaerovoracaceae;g__Fimisoma;s__Fimisoma sp002320005
80000,0.002158079309414621,0.015337423312883436,0.001348799568384138,0.0019252057563652115,16.0,4.0,21.46625258399798,/group/ctbrowngrp5/sourmash-db.new/gtdb-rs226/gtdb-rs226-k51.dna.rocksdb,GCF_003434235.1 Coprococcus catus,7efe23bd083eb2c454097b794ed7974f,0.024539877300613498,50000,40,30400000,outputs.mapping/bams.cds.rand/SRR17241595.x.s__UBA2868 sp004552595.fastq.gz,SRR17241595.x.s__UBA2868 sp004552595,15b9ab1e,37070000,51,DNA,10000,3707,True,0.8865981316882069,0.9298842038811178,0.9082411677846624,0.9298842038811178,False,80,25823,41554,d__Bacteria;p__Bacillota;c__Clostridia;o__Lachnospirales;f__Lachnospiraceae;g__Coprococcus_A;s__Coprococcus_A intestinihominis
70000,0.0018883193957377933,0.02304147465437788,0.001348799568384138,0.008711556047552582,72.4,5.0,108.89554628174653,/group/ctbrowngrp5/sourmash-db.new/gtdb-rs226/gtdb-rs226-k51.dna.rocksdb,GCA_004561455.1 bacterium,53ec677c015c1b83f30b1cf2b3f886a9,0.03225806451612903,50000,41,30350000,outputs.mapping/bams.cds.rand/SRR17241595.x.s__UBA2868 sp004552595.fastq.gz,SRR17241595.x.s__UBA2868 sp004552595,15b9ab1e,37070000,51,DNA,10000,3707,True,0.8842798212554951,0.9348837561077591,0.9095817886816271,0.9348837561077591,False,362,26185,41554,d__Bacteria;p__Bacteroidota;c__Bacteroidia;o__Bacteroidales;f__Paludibacteraceae;g__Aphodosoma;s__Aphodosoma sp900769035
60000,0.0016185594820609657,0.02252252252252252,0.001348799568384138,0.000336911007363912,2.8,3.0,0.7483314773547882,/group/ctbrowngrp5/sourmash-db.new/gtdb-rs226/gtdb-rs226-k51.dna.rocksdb,GCA_034118865.1 Agathobacter sp.,0a210112a55a5355a69cb41cac755dac,0.02702702702702703,50000,42,30300000,outputs.mapping/bams.cds.rand/SRR17241595.x.s__UBA2868 sp004552595.fastq.gz,SRR17241595.x.s__UBA2868 sp004552595,15b9ab1e,37070000,51,DNA,10000,3707,True,0.8816110656332161,0.9316460491565735,0.9066285573948948,0.9316460491565735,True,14,26199,41554,d__Bacteria;p__Bacillota;c__Clostridia;o__Lachnospirales;f__Lachnospiraceae;g__Agathobacter;s__Agathobacter sp945868435
70000,0.0018883193957377933,0.018050541516245487,0.001348799568384138,0.0056793569812773744,47.2,13.0,67.94527209453209,/group/ctbrowngrp5/sourmash-db.new/gtdb-rs226/gtdb-rs226-k51.dna.rocksdb,GCA_004557945.1 Bacteroidales bacterium,09e14cec75f525839d7e831d2f205eca,0.02527075812274368,50000,43,30250000,outputs.mapping/bams.cds.rand/SRR17241595.x.s__UBA2868 sp004552595.fastq.gz,SRR17241595.x.s__UBA2868 sp004552595,15b9ab1e,37070000,51,DNA,10000,3707,True,0.8842798212554951,0.9304194694536365,0.9073496453545657,0.9304194694536365,False,236,26435,41554,d__Bacteria;p__Bacteroidota;c__Bacteroidia;o__Bacteroidales;f__Muribaculaceae;g__Sodaliphilus;s__Sodaliphilus sp004557565
90000,0.0024278392230914487,0.010660980810234541,0.001348799568384138,0.004187322520094335,34.8,13.0,48.20124479720415,/group/ctbrowngrp5/sourmash-db.new/gtdb-rs226/gtdb-rs226-k51.dna.rocksdb,GCA_030533325.1 Oscillospiraceae bacterium,9eeef6b7bf9fa9311a4943215b555b2b,0.019189765458422176,50000,44,30200000,outputs.mapping/bams.cds.rand/SRR17241595.x.s__UBA2868 sp004552595.fastq.gz,SRR17241595.x.s__UBA2868 sp004552595,15b9ab1e,37070000,51,DNA,10000,3707,True,0.8886480708434562,0.9254110892047007,0.9070295800240784,0.9254110892047007,False,174,26609,41554,d__Bacteria;p__Bacillota;c__Clostridia;o__Oscillospirales;f__Ruminococcaceae;g__HUN007;s__HUN007 sp030533325
50000,0.001348799568384138,0.012048192771084338,0.001348799568384138,0.0003128459354093469,2.6,1.0,2.727636339397171,/group/ctbrowngrp5/sourmash-db.new/gtdb-rs226/gtdb-rs226-k51.dna.rocksdb,GCA_937889405.1 uncultured Fibrobacter sp.,da98c8c0ccd9653c12274d068f75918f,0.012048192771084338,50000,45,30150000,outputs.mapping/bams.cds.rand/SRR17241595.x.s__UBA2868 sp004552595.fastq.gz,SRR17241595.x.s__UBA2868 sp004552595,15b9ab1e,37070000,51,DNA,10000,3707,True,0.8784649924447565,0.9170035517674673,0.8977342721061119,0.9170035517674673,True,13,26622,41554,d__Bacteria;p__Fibrobacterota;c__Fibrobacteria;o__Fibrobacterales;f__Fibrobacteraceae;g__Fibrobacter;s__Fibrobacter sp002449765
50000,0.001348799568384138,0.01845018450184502,0.001348799568384138,0.0006256918708186938,5.2,5.0,4.1182520563948,/group/ctbrowngrp5/sourmash-db.new/gtdb-rs226/gtdb-rs226-k51.dna.rocksdb,GCA_034091445.1 Lachnospiraceae bacterium,991c10009246acd2a6cfbce7a4351296,0.01845018450184502,50000,46,30100000,outputs.mapping/bams.cds.rand/SRR17241595.x.s__UBA2868 sp004552595.fastq.gz,SRR17241595.x.s__UBA2868 sp004552595,15b9ab1e,37070000,51,DNA,10000,3707,True,0.8784649924447565,0.9246982037244932,0.9015815980846249,0.9246982037244932,True,26,26648,41554,d__Bacteria;p__Bacillota;c__Clostridia;o__Lachnospirales;f__Lachnospiraceae;g__CALZKI01;s__CALZKI01 sp945787995
40000,0.0010790396547073105,0.01652892561983471,0.0010790396547073105,0.005270250758049767,54.75,36.0,41.45102531904368,/group/ctbrowngrp5/sourmash-db.new/gtdb-rs226/gtdb-rs226-k51.dna.rocksdb,GCF_028308535.1 Lactobacillus amylovorus,316d51968b8faa0e2930578972be1313,0.01652892561983471,40000,47,30060000,outputs.mapping/bams.cds.rand/SRR17241595.x.s__UBA2868 sp004552595.fastq.gz,SRR17241595.x.s__UBA2868 sp004552595,15b9ab1e,37070000,51,DNA,10000,3707,True,0.8746297848924862,0.9227065851930429,0.8986681850427646,0.9227065851930429,True,219,26867,41554,d__Bacteria;p__Bacillota;c__Bacilli;o__Lactobacillales;f__Lactobacillaceae;g__Lactobacillus;s__Lactobacillus amylovorus
60000,0.0016185594820609657,0.013245033112582781,0.0010790396547073105,0.003032199066275208,31.5,37.5,16.53027525481654,/group/ctbrowngrp5/sourmash-db.new/gtdb-rs226/gtdb-rs226-k51.dna.rocksdb,GCA_963559005.1 Roseburia porci,ef39ee806e793411e61ca7e61bce1827,0.019867549668874173,40000,48,30020000,outputs.mapping/bams.cds.rand/SRR17241595.x.s__UBA2868 sp004552595.fastq.gz,SRR17241595.x.s__UBA2868 sp004552595,15b9ab1e,37070000,51,DNA,10000,3707,True,0.8816110656332161,0.9260411391535373,0.9038261023933767,0.9260411391535373,True,126,26993,41554,d__Bacteria;p__Bacillota;c__Clostridia;o__Lachnospirales;f__Lachnospiraceae;g__Roseburia_A;s__Roseburia_A porci
60000,0.0016185594820609657,0.01532567049808429,0.0010790396547073105,0.006449439283823459,67.0,15.0,98.32598842625484,/group/ctbrowngrp5/sourmash-db.new/gtdb-rs226/gtdb-rs226-k51.dna.rocksdb,GCF_002128515.1 Limosilactobacillus reuteri,d5ae3ccf56e2809b1a47738b90552564,0.022988505747126436,40000,49,29980000,outputs.mapping/bams.cds.rand/SRR17241595.x.s__UBA2868 sp004552595.fastq.gz,SRR17241595.x.s__UBA2868 sp004552595,15b9ab1e,37070000,51,DNA,10000,3707,True,0.8816110656332161,0.9286942565020055,0.9051526610676108,0.9286942565020055,True,268,27261,41554,d__Bacteria;p__Bacillota;c__Bacilli;o__Lactobacillales;f__Lactobacillaceae;g__Limosilactobacillus;s__Limosilactobacillus reuteri_I
60000,0.0016185594820609657,0.013468013468013467,0.0010790396547073105,0.000336911007363912,3.5,3.5,2.0615528128088303,/group/ctbrowngrp5/sourmash-db.new/gtdb-rs226/gtdb-rs226-k51.dna.rocksdb,GCF_002251405.1 Prevotella sp. P4-98,e3b5e9139714e20a6798faa3e2a2f2f0,0.020202020202020204,40000,50,29940000,outputs.mapping/bams.cds.rand/SRR17241595.x.s__UBA2868 sp004552595.fastq.gz,SRR17241595.x.s__UBA2868 sp004552595,15b9ab1e,37070000,51,DNA,10000,3707,True,0.8816110656332161,0.926344328861196,0.903977697247206,0.926344328861196,True,14,27275,41554,d__Bacteria;p__Bacteroidota;c__Bacteroidia;o__Bacteroidales;f__Bacteroidaceae;g__Prevotella;s__Prevotella sp002251295
40000,0.0010790396547073105,0.024096385542168676,0.0010790396547073105,0.007676757953506281,79.75,57.0,56.543677807514435,/group/ctbrowngrp5/sourmash-db.new/gtdb-rs226/gtdb-rs226-k51.dna.rocksdb,GCA_025992245.1 Clostridiaceae bacterium,02dc81690359c30802802de88f57f67d,0.024096385542168676,40000,51,29900000,outputs.mapping/bams.cds.rand/SRR17241595.x.s__UBA2868 sp004552595.fastq.gz,SRR17241595.x.s__UBA2868 sp004552595,15b9ab1e,37070000,51,DNA,10000,3707,True,0.8746297848924862,0.9295517369654019,0.9020907609289441,0.9295517369654019,True,319,27594,41554,d__Bacteria;p__Bacillota;c__Clostridia;o__TANB77;f__CAG-508;g__CAG-269;s__CAG-269 sp000437215
50000,0.001348799568384138,0.0182648401826484,0.0010790396547073105,0.0027674832747749917,28.75,5.5,42.97891925118639,/group/ctbrowngrp5/sourmash-db.new/gtdb-rs226/gtdb-rs226-k51.dna.rocksdb,GCA_902487525.1 uncultured Alistipes sp.,299734f86cd949d589eb8c8789ff5cc6,0.0228310502283105,40000,52,29860000,outputs.mapping/bams.cds.rand/SRR17241595.x.s__UBA2868 sp004552595.fastq.gz,SRR17241595.x.s__UBA2868 sp004552595,15b9ab1e,37070000,51,DNA,10000,3707,True,0.8784649924447565,0.9285691119243834,0.9035170521845699,0.9285691119243834,True,115,27709,41554,d__Bacteria;p__Bacteroidota;c__Bacteroidia;o__Bacteroidales;f__Rikenellaceae;g__Alistipes;s__Alistipes sp900770635
1700000,0.0458591853250607,0.021621621621621623,0.0010790396547073105,0.00045723636713673776,4.75,3.0,4.493050188902857,/group/ctbrowngrp5/sourmash-db.new/gtdb-rs226/gtdb-rs226-k51.dna.rocksdb,GCA_034093925.1 Lachnospiraceae bacterium,3bb6526acc4397841c392629da680e9d,0.918918918918919,40000,53,29820000,outputs.mapping/bams.cds.rand/SRR17241595.x.s__UBA2868 sp004552595.fastq.gz,SRR17241595.x.s__UBA2868 sp004552595,15b9ab1e,37070000,51,DNA,10000,3707,True,0.941355051708928,0.9983433857022556,0.9698492187055918,0.9983433857022556,False,19,27728,41554,d__Bacteria;p__Bacillota;c__Clostridia;o__Lachnospirales;f__Lachnospiraceae;g__UBA2868;s__UBA2868 sp004552595
60000,0.0016185594820609657,0.017241379310344827,0.0010790396547073105,0.0002887808634547817,3.0,3.0,2.0,/group/ctbrowngrp5/sourmash-db.new/gtdb-rs226/gtdb-rs226-k51.dna.rocksdb,GCF_021531105.1 Faecalicatena contorta,6d6f19e57205f2217ca44b7f09ac978f,0.02586206896551724,40000,54,29780000,outputs.mapping/bams.cds.rand/SRR17241595.x.s__UBA2868 sp004552595.fastq.gz,SRR17241595.x.s__UBA2868 sp004552595,15b9ab1e,37070000,51,DNA,10000,3707,True,0.8816110656332161,0.9308415277984536,0.9062262967158349,0.9308415277984536,True,12,27740,41554,d__Bacteria;p__Bacillota;c__Clostridia;o__Lachnospirales;f__Lachnospiraceae;g__JAFBIY01;s__JAFBIY01 sp021531975
50000,0.001348799568384138,0.012307692307692308,0.0010790396547073105,0.000336911007363912,3.5,4.0,1.5,/group/ctbrowngrp5/sourmash-db.new/gtdb-rs226/gtdb-rs226-k51.dna.rocksdb,GCA_034086425.1 Oliverpabstia sp.,3e5d4b4fde161cf88ed9a189925e3d4b,0.015384615384615385,40000,55,29740000,outputs.mapping/bams.cds.rand/SRR17241595.x.s__UBA2868 sp004552595.fastq.gz,SRR17241595.x.s__UBA2868 sp004552595,15b9ab1e,37070000,51,DNA,10000,3707,True,0.8784649924447565,0.9214094865050211,0.8999372394748888,0.9214094865050211,True,14,27754,41554,d__Bacteria;p__Bacillota;c__Clostridia;o__Lachnospirales;f__Lachnospiraceae;g__Oliverpabstia;s__Oliverpabstia sp022764165
40000,0.0010790396547073105,0.018433179723502304,0.0010790396547073105,0.0008422775184097801,8.75,8.0,5.7608593109014565,/group/ctbrowngrp5/sourmash-db.new/gtdb-rs226/gtdb-rs226-k51.dna.rocksdb,GCA_021152245.1 Bacteroidia bacterium,f16be514215e5a17fe8473c329a40ede,0.018433179723502304,40000,56,29700000,outputs.mapping/bams.cds.rand/SRR17241595.x.s__UBA2868 sp004552595.fastq.gz,SRR17241595.x.s__UBA2868 sp004552595,15b9ab1e,37070000,51,DNA,10000,3707,True,0.8746297848924862,0.9246814852600344,0.8996556350762603,0.9246814852600344,True,35,27789,41554,d__Bacteria;p__Bacteroidota;c__Bacteroidia;o__Bacteroidales;f__UBA932;g__Cryptobacteroides;s__Cryptobacteroides sp900769905
40000,0.0010790396547073105,0.010309278350515464,0.0010790396547073105,0.000336911007363912,3.5,3.5,2.0615528128088303,/group/ctbrowngrp5/sourmash-db.new/gtdb-rs226/gtdb-rs226-k51.dna.rocksdb,GCF_002302065.1 Clostridioides difficile,4791ba81b2e50e4c19e5e89b9b3af733,0.010309278350515464,40000,57,29660000,outputs.mapping/bams.cds.rand/SRR17241595.x.s__UBA2868 sp004552595.fastq.gz,SRR17241595.x.s__UBA2868 sp004552595,15b9ab1e,37070000,51,DNA,10000,3707,True,0.8746297848924862,0.9142052089616286,0.8944174969270574,0.9142052089616286,True,14,27803,41554,d__Bacteria;p__Bacillota;c__Clostridia;o__Peptostreptococcales;f__Peptostreptococcaceae;g__Clostridioides;s__Clostridioides difficile
40000,0.0010790396547073105,0.016194331983805668,0.0010790396547073105,0.000168455503681956,1.75,1.5,0.82915619758885,/group/ctbrowngrp5/sourmash-db.new/gtdb-rs226/gtdb-rs226-k51.dna.rocksdb,GCA_034087245.1 Sodaliphilus sp.,27ac943e5ca1b9a7dabaa34dd4bf290e,0.016194331983805668,40000,58,29620000,outputs.mapping/bams.cds.rand/SRR17241595.x.s__UBA2868 sp004552595.fastq.gz,SRR17241595.x.s__UBA2868 sp004552595,15b9ab1e,37070000,51,DNA,10000,3707,True,0.8746297848924862,0.9223366610731755,0.8984832229828308,0.9223366610731755,True,7,27810,41554,d__Bacteria;p__Bacteroidota;c__Bacteroidia;o__Bacteroidales;f__Muribaculaceae;g__Sodaliphilus;s__Sodaliphilus sp004557565
70000,0.0018883193957377933,0.010723860589812333,0.0010790396547073105,0.004500168455503682,46.75,6.5,70.5846123457514,/group/ctbrowngrp5/sourmash-db.new/gtdb-rs226/gtdb-rs226-k51.dna.rocksdb,GCA_019409885.1 Prevotella sp.,6c154c098b819aff0d260c0c4f175361,0.01876675603217158,40000,59,29580000,outputs.mapping/bams.cds.rand/SRR17241595.x.s__UBA2868 sp004552595.fastq.gz,SRR17241595.x.s__UBA2868 sp004552595,15b9ab1e,37070000,51,DNA,10000,3707,True,0.8842798212554951,0.9250067170545706,0.9046432691550328,0.9250067170545706,False,187,27997,41554,d__Bacteria;p__Bacteroidota;c__Bacteroidia;o__Bacteroidales;f__Bacteroidaceae;g__Prevotella;s__Prevotella sp900313215
40000,0.0010790396547073105,0.011142061281337047,0.0010790396547073105,0.0023824421235019494,24.75,27.5,6.378675411086537,/group/ctbrowngrp5/sourmash-db.new/gtdb-rs226/gtdb-rs226-k51.dna.rocksdb,GCA_029011435.1 Oscillospiraceae bacterium,e17bdae51f3ccd12d7ea0f13b3ccec58,0.011142061281337047,40000,60,29540000,outputs.mapping/bams.cds.rand/SRR17241595.x.s__UBA2868 sp004552595.fastq.gz,SRR17241595.x.s__UBA2868 sp004552595,15b9ab1e,37070000,51,DNA,10000,3707,True,0.8746297848924862,0.9155987829479756,0.8951142839202308,0.9155987829479756,True,99,28096,41554,d__Bacteria;p__Bacillota;c__Clostridia;o__Oscillospirales;f__Ruminococcaceae;g__HUN007;s__HUN007 sp945876405
110000,0.002967359050445104,0.009900990099009901,0.0010790396547073105,0.00045723636713673776,4.75,3.5,3.112474899497183,/group/ctbrowngrp5/sourmash-db.new/gtdb-rs226/gtdb-rs226-k51.dna.rocksdb,GCA_022775705.1 Eubacterium sp.,895622936599ee0e13c179c7da9ce09a,0.027227722772277228,40000,61,29500000,outputs.mapping/bams.cds.rand/SRR17241595.x.s__UBA2868 sp004552595.fastq.gz,SRR17241595.x.s__UBA2868 sp004552595,15b9ab1e,37070000,51,DNA,10000,3707,True,0.8921515398170204,0.9317812080565145,0.9119663739367675,0.9317812080565145,False,19,28115,41554,d__Bacteria;p__Bacillota;c__Clostridia;o__Lachnospirales;f__Lachnospiraceae;g__Oliverpabstia;s__Oliverpabstia sp022764165
1880000,0.050714863771243596,0.019801980198019802,0.0010790396547073105,0.000505366511045868,5.25,3.5,4.602988159880492,/group/ctbrowngrp5/sourmash-db.new/gtdb-rs226/gtdb-rs226-k51.dna.rocksdb,GCA_945830415.1 uncultured Lachnospiraceae bacterium,c91d81598307ef3be84e4aa8f39726a2,0.9306930693069307,40000,62,29460000,outputs.mapping/bams.cds.rand/SRR17241595.x.s__UBA2868 sp004552595.fastq.gz,SRR17241595.x.s__UBA2868 sp004552595,15b9ab1e,37070000,51,DNA,10000,3707,True,0.943214558263556,0.9985926435195833,0.9709036008915697,0.9985926435195833,False,21,28136,41554,d__Bacteria;p__Bacillota;c__Clostridia;o__Lachnospirales;f__Lachnospiraceae;g__UBA2868;s__UBA2868 sp004552595
30000,0.0008092797410304828,0.023076923076923078,0.0008092797410304828,0.0008422775184097801,11.666666666666666,16.0,7.586537784494028,/group/ctbrowngrp5/sourmash-db.new/gtdb-rs226/gtdb-rs226-k51.dna.rocksdb,GCA_035647315.1 Oscillospiraceae bacterium,a4676e5dd4d0ddeb3a953ce1c5b88f23,0.023076923076923078,30000,63,29430000,outputs.mapping/bams.cds.rand/SRR17241595.x.s__UBA2868 sp004552595.fastq.gz,SRR17241595.x.s__UBA2868 sp004552595,15b9ab1e,37070000,51,DNA,10000,3707,True,0.8697100401343785,0.9287641620644111,0.8992371010993948,0.9287641620644111,True,35,28171,41554,d__Bacteria;p__Bacillota;c__Clostridia;o__Saccharofermentanales;f__DTU023;g__DTU032;s__DTU032 sp012728535
60000,0.0016185594820609657,0.006787330316742082,0.0008092797410304828,0.00014439043172739086,2.0,1.0,1.4142135623730951,/group/ctbrowngrp5/sourmash-db.new/gtdb-rs226/gtdb-rs226-k51.dna.rocksdb,GCA_030434875.1 Lachnospiraceae bacterium C1.1,a9afc0f670c510ba8e31cd0748d0d464,0.013574660633484163,30000,64,29400000,outputs.mapping/bams.cds.rand/SRR17241595.x.s__UBA2868 sp004552595.fastq.gz,SRR17241595.x.s__UBA2868 sp004552595,15b9ab1e,37070000,51,DNA,10000,3707,True,0.8816110656332161,0.9191509549949388,0.9003810103140775,0.9191509549949388,True,6,28177,41554,d__Bacteria;p__Bacillota;c__Clostridia;o__Lachnospirales;f__Lachnospiraceae;g__NK4A144;s__NK4A144 sp024682575
40000,0.0010790396547073105,0.01282051282051282,0.0008092797410304828,0.00012032535977282572,1.6666666666666667,2.0,0.4714045207910317,/group/ctbrowngrp5/sourmash-db.new/gtdb-rs226/gtdb-rs226-k51.dna.rocksdb,GCA_022779605.1 Lachnobacterium sp.,50cd1a9ae18f4e55f69ca9d51073c99b,0.017094017094017096,30000,65,29370000,outputs.mapping/bams.cds.rand/SRR17241595.x.s__UBA2868 sp004552595.fastq.gz,SRR17241595.x.s__UBA2868 sp004552595,15b9ab1e,37070000,51,DNA,10000,3707,True,0.8746297848924862,0.9233149870212076,0.8989723859568469,0.9233149870212076,True,5,28182,41554,d__Bacteria;p__Bacillota;c__Clostridia;o__Lachnospirales;f__Lachnospiraceae;g__Agathobacter;s__Agathobacter sp900549895
60000,0.0016185594820609657,0.008547008547008548,0.0008092797410304828,0.00012032535977282572,1.6666666666666667,2.0,0.4714045207910317,/group/ctbrowngrp5/sourmash-db.new/gtdb-rs226/gtdb-rs226-k51.dna.rocksdb,GCA_041324215.1 Roseburia faecis,d3f7fe9593c4d6a288f9d0877968e5ac,0.017094017094017096,30000,66,29340000,outputs.mapping/bams.cds.rand/SRR17241595.x.s__UBA2868 sp004552595.fastq.gz,SRR17241595.x.s__UBA2868 sp004552595,15b9ab1e,37070000,51,DNA,10000,3707,True,0.8816110656332161,0.9233149870212076,0.9024630263272119,0.9233149870212076,True,5,28187,41554,d__Bacteria;p__Bacillota;c__Clostridia;o__Lachnospirales;f__Lachnospiraceae;g__Agathobacter;s__Agathobacter faecis
40000,0.0010790396547073105,0.008403361344537815,0.0008092797410304828,0.0006497569427732589,9.0,3.0,9.201449161228174,/group/ctbrowngrp5/sourmash-db.new/gtdb-rs226/gtdb-rs226-k51.dna.rocksdb,GCF_036938235.1 Segatella copri,325bb3d595b9ee96ec4edc2aed5c772c,0.011204481792717087,30000,67,29310000,outputs.mapping/bams.cds.rand/SRR17241595.x.s__UBA2868 sp004552595.fastq.gz,SRR17241595.x.s__UBA2868 sp004552595,15b9ab1e,37070000,51,DNA,10000,3707,True,0.8746297848924862,0.9156990843297464,0.8951644346111163,0.9156990843297464,True,27,28214,41554,d__Bacteria;p__Bacteroidota;c__Bacteroidia;o__Bacteroidales;f__Bacteroidaceae;g__Prevotella;s__Prevotella copri
30000,0.0008092797410304828,0.014492753623188406,0.0008092797410304828,0.0033691100736391202,46.666666666666664,1.0,64.58241934837135,/group/ctbrowngrp5/sourmash-db.new/gtdb-rs226/gtdb-rs226-k51.dna.rocksdb,GCA_029013045.1 Bacteroidales bacterium,7b08be0b4b9f42c5fb1f5b9a256a2a81,0.014492753623188406,30000,68,29280000,outputs.mapping/bams.cds.rand/SRR17241595.x.s__UBA2868 sp004552595.fastq.gz,SRR17241595.x.s__UBA2868 sp004552595,15b9ab1e,37070000,51,DNA,10000,3707,True,0.8697100401343785,0.9203311793431016,0.8950206097387401,0.9203311793431016,True,140,28354,41554,d__Bacteria;p__Bacteroidota;c__Bacteroidia;o__Bacteroidales;f__P3;g__Onthomorpha;s__Onthomorpha sp004551865
110000,0.002967359050445104,0.015957446808510637,0.0008092797410304828,0.000505366511045868,7.0,3.0,6.377042156569663,/group/ctbrowngrp5/sourmash-db.new/gtdb-rs226/gtdb-rs226-k51.dna.rocksdb,GCA_945876065.1 uncultured Lachnospiraceae bacterium,005bd8bc6ff529d2e9864b2d19df8542,0.05851063829787234,30000,69,29250000,outputs.mapping/bams.cds.rand/SRR17241595.x.s__UBA2868 sp004552595.fastq.gz,SRR17241595.x.s__UBA2868 sp004552595,15b9ab1e,37070000,51,DNA,10000,3707,True,0.8921515398170204,0.9458627753365662,0.9190071575767933,0.9458627753365662,False,21,28375,41554,d__Bacteria;p__Bacillota;c__Clostridia;o__Lachnospirales;f__Lachnospiraceae;g__Colinaster;s__Colinaster sp018056665
140000,0.0037766387914755866,0.007444168734491315,0.0008092797410304828,0.00019252057563652115,2.6666666666666665,3.0,1.247219128924647,/group/ctbrowngrp5/sourmash-db.new/gtdb-rs226/gtdb-rs226-k51.dna.rocksdb,GCA_022782205.1 Lachnospiraceae bacterium,5d1fe08c84b2c770dab5488addf16ba5,0.034739454094292806,30000,70,29220000,outputs.mapping/bams.cds.rand/SRR17241595.x.s__UBA2868 sp004552595.fastq.gz,SRR17241595.x.s__UBA2868 sp004552595,15b9ab1e,37070000,51,DNA,10000,3707,True,0.8963802181869175,0.9362432208283828,0.9163117195076502,0.9362432208283828,False,8,28383,41554,d__Bacteria;p__Bacillota;c__Clostridia;o__Lachnospirales;f__Lachnospiraceae;g__Oliverpabstia;s__Oliverpabstia sp004556655
60000,0.0016185594820609657,0.009174311926605505,0.0008092797410304828,0.00014439043172739086,2.0,2.0,0.816496580927726,/group/ctbrowngrp5/sourmash-db.new/gtdb-rs226/gtdb-rs226-k51.dna.rocksdb,GCF_020538325.1 Mediterraneibacter faecis,524b02313f8156ad398427cfcd486da4,0.01834862385321101,30000,71,29190000,outputs.mapping/bams.cds.rand/SRR17241595.x.s__UBA2868 sp004552595.fastq.gz,SRR17241595.x.s__UBA2868 sp004552595,15b9ab1e,37070000,51,DNA,10000,3707,True,0.8816110656332161,0.9245981279073383,0.9031045967702772,0.9245981279073383,True,6,28389,41554,d__Bacteria;p__Bacillota;c__Clostridia;o__Lachnospirales;f__Lachnospiraceae;g__Mediterraneibacter;s__Mediterraneibacter faecis
40000,0.0010790396547073105,0.01048951048951049,0.0008092797410304828,0.0017326851807286903,24.0,3.0,29.698484809834994,/group/ctbrowngrp5/sourmash-db.new/gtdb-rs226/gtdb-rs226-k51.dna.rocksdb,GCA_022786845.1 Bacteroidales bacterium,10baaf963ff3bf496a29c55a3b4210fa,0.013986013986013986,30000,72,29160000,outputs.mapping/bams.cds.rand/SRR17241595.x.s__UBA2868 sp004552595.fastq.gz,SRR17241595.x.s__UBA2868 sp004552595,15b9ab1e,37070000,51,DNA,10000,3707,True,0.8746297848924862,0.919689139544086,0.8971594622182861,0.919689139544086,True,72,28461,41554,d__Bacteria;p__Bacteroidota;c__Bacteroidia;o__Bacteroidales;f__Bacteroidaceae;g__Prevotella;s__Prevotella sp004556065
30000,0.0008092797410304828,0.018404907975460124,0.0008092797410304828,0.00024065071954565144,3.3333333333333335,2.0,2.6246692913372702,/group/ctbrowngrp5/sourmash-db.new/gtdb-rs226/gtdb-rs226-k51.dna.rocksdb,GCA_029100805.1 Eubacteriales bacterium,12fe8b6824e9dc3d7b4e2ca622c6e2f7,0.018404907975460124,30000,73,29130000,outputs.mapping/bams.cds.rand/SRR17241595.x.s__UBA2868 sp004552595.fastq.gz,SRR17241595.x.s__UBA2868 sp004552595,15b9ab1e,37070000,51,DNA,10000,3707,True,0.8697100401343785,0.924653656034804,0.8971818480845912,0.924653656034804,True,10,28471,41554,d__Bacteria;p__Bacillota;c__Clostridia;o__Oscillospirales;f__Acutalibacteraceae;g__Eubacterium_R;s__Eubacterium_R sp945980375
30000,0.0008092797410304828,0.015706806282722512,0.0008092797410304828,0.0011069933099099967,15.333333333333334,6.0,16.858891488535722,/group/ctbrowngrp5/sourmash-db.new/gtdb-rs226/gtdb-rs226-k51.dna.rocksdb,GCA_028719945.1 Solobacterium sp.,07f6d3ee423e88ad1929e95dad3c408d,0.015706806282722512,30000,74,29100000,outputs.mapping/bams.cds.rand/SRR17241595.x.s__UBA2868 sp004552595.fastq.gz,SRR17241595.x.s__UBA2868 sp004552595,15b9ab1e,37070000,51,DNA,10000,3707,True,0.8697100401343785,0.9217840185503966,0.8957470293423875,0.9217840185503966,True,46,28517,41554,d__Bacteria;p__Bacillota;c__Bacilli;o__Erysipelotrichales;f__Erysipelotrichaceae;g__Colivicinus;s__Colivicinus sp002299675
30000,0.0008092797410304828,0.015384615384615385,0.0008092797410304828,0.00019252057563652115,2.6666666666666665,3.0,1.247219128924647,/group/ctbrowngrp5/sourmash-db.new/gtdb-rs226/gtdb-rs226-k51.dna.rocksdb,GCA_004555855.1 [Eubacterium] saphenum,671820cf5a1e131f8b980ad066bbc00a,0.015384615384615385,30000,75,29070000,outputs.mapping/bams.cds.rand/SRR17241595.x.s__UBA2868 sp004552595.fastq.gz,SRR17241595.x.s__UBA2868 sp004552595,15b9ab1e,37070000,51,DNA,10000,3707,True,0.8697100401343785,0.9214094865050211,0.8955597633196998,0.9214094865050211,True,8,28525,41554,d__Bacteria;p__Bacillota;c__Clostridia;o__Oscillospirales;f__Ruminococcaceae;g__CAG-115;s__CAG-115 sp004555855
40000,0.0010790396547073105,0.0069767441860465115,0.0008092797410304828,0.0004331712951821726,6.0,2.0,6.377042156569663,/group/ctbrowngrp5/sourmash-db.new/gtdb-rs226/gtdb-rs226-k51.dna.rocksdb,GCF_009696115.1 Eubacterium sp. BL-380-WT-2B,2fada29828c2c496b7550061b9b3d9ad,0.009302325581395349,30000,76,29040000,outputs.mapping/bams.cds.rand/SRR17241595.x.s__UBA2868 sp004552595.fastq.gz,SRR17241595.x.s__UBA2868 sp004552595,15b9ab1e,37070000,51,DNA,10000,3707,True,0.8746297848924862,0.9123646741588324,0.8934972295256594,0.9123646741588324,True,18,28543,41554,d__Bacteria;p__Bacillota;c__Clostridia;o__Eubacteriales;f__Eubacteriaceae;g__Eubacterium;s__Eubacterium callanderi
40000,0.0010790396547073105,0.019230769230769232,0.0008092797410304828,0.005294315830004332,73.33333333333333,50.0,62.63296966365948,/group/ctbrowngrp5/sourmash-db.new/gtdb-rs226/gtdb-rs226-k51.dna.rocksdb,GCA_945636655.1 uncultured Lachnospiraceae bacterium,75abc3392822a01ee11a7ce09852dbe7,0.02564102564102564,30000,77,29010000,outputs.mapping/bams.cds.rand/SRR17241595.x.s__UBA2868 sp004552595.fastq.gz,SRR17241595.x.s__UBA2868 sp004552595,15b9ab1e,37070000,51,DNA,10000,3707,True,0.8746297848924862,0.9306848722547763,0.9026573285736312,0.9306848722547763,True,220,28763,41554,d__Bacteria;p__Bacillota;c__Clostridia;o__Lachnospirales;f__Lachnospiraceae;g__Frisingicoccus;s__Frisingicoccus sp016298055
30000,0.0008092797410304828,0.013043478260869565,0.0008092797410304828,0.0013717091014102132,19.0,15.0,14.165686240583852,/group/ctbrowngrp5/sourmash-db.new/gtdb-rs226/gtdb-rs226-k51.dna.rocksdb,GCA_004563385.1 bacterium,0137849204f4000c69fd8e2589295ba8,0.013043478260869565,30000,78,28980000,outputs.mapping/bams.cds.rand/SRR17241595.x.s__UBA2868 sp004552595.fastq.gz,SRR17241595.x.s__UBA2868 sp004552595,15b9ab1e,37070000,51,DNA,10000,3707,True,0.8697100401343785,0.9184318366897796,0.8940709384120791,0.9184318366897796,True,57,28820,41554,d__Bacteria;p__Verrucomicrobiota;c__Verrucomicrobiia;o__Verrucomicrobiales;f__Akkermansiaceae;g__Akkermansia;s__Akkermansia muciniphila_D
1750000,0.04720798489344483,0.016042780748663103,0.0008092797410304828,0.0002647157915002166,3.6666666666666665,4.0,1.247219128924647,/group/ctbrowngrp5/sourmash-db.new/gtdb-rs226/gtdb-rs226-k51.dna.rocksdb,GCA_946061805.1 uncultured Lachnospiraceae bacterium,83ca68aff373caf2ef9f9f8c227fbb11,0.9358288770053476,30000,79,28950000,outputs.mapping/bams.cds.rand/SRR17241595.x.s__UBA2868 sp004552595.fastq.gz,SRR17241595.x.s__UBA2868 sp004552595,15b9ab1e,37070000,51,DNA,10000,3707,True,0.9418902540743506,0.9987004012318078,0.9702953276530792,0.9987004012318078,False,11,28831,41554,d__Bacteria;p__Bacillota;c__Clostridia;o__Lachnospirales;f__Lachnospiraceae;g__UBA2868;s__UBA2868 sp004552595
30000,0.0008092797410304828,0.018404907975460124,0.0008092797410304828,0.002310246907638254,32.0,41.0,17.146428199482248,/group/ctbrowngrp5/sourmash-db.new/gtdb-rs226/gtdb-rs226-k51.dna.rocksdb,GCA_945939425.1 uncultured Clostridia bacterium,2856125c92d979575dc95abd901784c2,0.018404907975460124,30000,80,28920000,outputs.mapping/bams.cds.rand/SRR17241595.x.s__UBA2868 sp004552595.fastq.gz,SRR17241595.x.s__UBA2868 sp004552595,15b9ab1e,37070000,51,DNA,10000,3707,True,0.8697100401343785,0.924653656034804,0.8971818480845912,0.924653656034804,True,96,28927,41554,d__Bacteria;p__Bacillota;c__Clostridia;o__Christensenellales;f__CAG-138;g__RGIG1693;s__RGIG1693 sp016293975
30000,0.0008092797410304828,0.009404388714733543,0.0008092797410304828,0.0002647157915002166,3.6666666666666665,4.0,1.247219128924647,/group/ctbrowngrp5/sourmash-db.new/gtdb-rs226/gtdb-rs226-k51.dna.rocksdb,GCA_022781515.1 Lachnospiraceae bacterium,6d7c17c94b4ad04753ffd58f7174f32c,0.009404388714733543,30000,81,28890000,outputs.mapping/bams.cds.rand/SRR17241595.x.s__UBA2868 sp004552595.fastq.gz,SRR17241595.x.s__UBA2868 sp004552595,15b9ab1e,37070000,51,DNA,10000,3707,True,0.8697100401343785,0.9125599059038049,0.8911349730190916,0.9125599059038049,True,11,28938,41554,d__Bacteria;p__Bacillota;c__Clostridia;o__Lachnospirales;f__Lachnospiraceae;g__TWA4;s__TWA4 sp022781515
30000,0.0008092797410304828,0.012345679012345678,0.0008092797410304828,0.002286181835683689,31.666666666666668,47.0,21.684607956387456,/group/ctbrowngrp5/sourmash-db.new/gtdb-rs226/gtdb-rs226-k51.dna.rocksdb,GCA_958448165.1 uncultured Oscillospiraceae bacterium,52589367e99f8ce433905bc20e82609c,0.012345679012345678,30000,82,28860000,outputs.mapping/bams.cds.rand/SRR17241595.x.s__UBA2868 sp004552595.fastq.gz,SRR17241595.x.s__UBA2868 sp004552595,15b9ab1e,37070000,51,DNA,10000,3707,True,0.8697100401343785,0.9174422262512953,0.8935761331928369,0.9174422262512953,True,95,29033,41554,d__Bacteria;p__Bacillota;c__Clostridia;o__Oscillospirales;f__Acutalibacteraceae;g__UBA7067;s__UBA7067 sp958448165
1500000,0.040463987051524146,0.017964071856287425,0.0008092797410304828,0.0006978870866823891,9.666666666666666,3.0,9.428090415820634,/group/ctbrowngrp5/sourmash-db.new/gtdb-rs226/gtdb-rs226-k51.dna.rocksdb,GCA_946410515.1 uncultured Lachnospiraceae bacterium,d9bc5b96e65a09d0244d1418dcd3e75b,0.8982035928143712,30000,83,28830000,outputs.mapping/bams.cds.rand/SRR17241595.x.s__UBA2868 sp004552595.fastq.gz,SRR17241595.x.s__UBA2868 sp004552595,15b9ab1e,37070000,51,DNA,10000,3707,True,0.9390476302230433,0.9978971451171567,0.9684723876701,0.9978971451171567,False,29,29062,41554,d__Bacteria;p__Bacillota;c__Clostridia;o__Lachnospirales;f__Lachnospiraceae;g__UBA2868;s__UBA2868 sp004552595
40000,0.0010790396547073105,0.005870841487279843,0.0008092797410304828,0.00040910622322760747,5.666666666666667,2.0,5.185449728701348,/group/ctbrowngrp5/sourmash-db.new/gtdb-rs226/gtdb-rs226-k51.dna.rocksdb,GCA_910575945.1 Lachnospiraceae bacterium,137549d6a69ef5ef5d386c340a31785b,0.007827788649706457,30000,84,28800000,outputs.mapping/bams.cds.rand/SRR17241595.x.s__UBA2868 sp004552595.fastq.gz,SRR17241595.x.s__UBA2868 sp004552595,15b9ab1e,37070000,51,DNA,10000,3707,True,0.8746297848924862,0.9092824433637275,0.8919561141281069,0.9092824433637275,True,17,29079,41554,d__Bacteria;p__Bacillota;c__Clostridia;o__Lachnospirales;f__Lachnospiraceae;g__Brotaphodocola;s__Brotaphodocola sp009911065
130000,0.003506878877798759,0.00964630225080386,0.0008092797410304828,0.00014439043172739086,2.0,1.0,1.4142135623730951,/group/ctbrowngrp5/sourmash-db.new/gtdb-rs226/gtdb-rs226-k51.dna.rocksdb,GCF_039832125.1 Dorea sp. YH-dor228,a0060173516bc4642ee6172ac1d68a1d,0.04180064308681672,30000,85,28770000,outputs.mapping/bams.cds.rand/SRR17241595.x.s__UBA2868 sp004552595.fastq.gz,SRR17241595.x.s__UBA2868 sp004552595,15b9ab1e,37070000,51,DNA,10000,3707,True,0.8950786362306691,0.9396462217438204,0.9173624289872447,0.9396462217438204,False,6,29085,41554,d__Bacteria;p__Bacillota;c__Clostridia;o__Lachnospirales;f__Lachnospiraceae;g__JAFBIX01;s__JAFBIX01 sp021531895
40000,0.0010790396547073105,0.010344827586206896,0.0008092797410304828,7.219521586369543e-05,1.0,1.0,0.0,/group/ctbrowngrp5/sourmash-db.new/gtdb-rs226/gtdb-rs226-k51.dna.rocksdb,GCA_946000955.1 uncultured Treponema sp.,daa31dbcac3a0b2d32f968c06a299bad,0.013793103448275862,30000,86,28740000,outputs.mapping/bams.cds.rand/SRR17241595.x.s__UBA2868 sp004552595.fastq.gz,SRR17241595.x.s__UBA2868 sp004552595,15b9ab1e,37070000,51,DNA,10000,3707,True,0.8746297848924862,0.9194387096145087,0.8970342472534975,0.9194387096145087,True,3,29088,41554,d__Bacteria;p__Spirochaetota;c__Spirochaetia;o__Treponematales;f__Treponemataceae;g__Treponema_D;s__Treponema_D sp016293915
30000,0.0008092797410304828,0.016129032258064516,0.0008092797410304828,0.000336911007363912,4.666666666666667,6.0,2.6246692913372702,/group/ctbrowngrp5/sourmash-db.new/gtdb-rs226/gtdb-rs226-k51.dna.rocksdb,GCA_946410205.1 uncultured Clostridia bacterium,76b85036735c04b6581d498b95d7f1b4,0.016129032258064516,30000,87,28710000,outputs.mapping/bams.cds.rand/SRR17241595.x.s__UBA2868 sp004552595.fastq.gz,SRR17241595.x.s__UBA2868 sp004552595,15b9ab1e,37070000,51,DNA,10000,3707,True,0.8697100401343785,0.9222635930295016,0.89598681658194,0.9222635930295016,True,14,29102,41554,d__Bacteria;p__Bacillota;c__Clostridia;o__Oscillospirales;f__Acutalibacteraceae;g__Eubacterium_R;s__Eubacterium_R sp900548085
30000,0.0008092797410304828,0.014018691588785047,0.0008092797410304828,0.00019252057563652115,2.6666666666666665,2.0,0.9428090415820634,/group/ctbrowngrp5/sourmash-db.new/gtdb-rs226/gtdb-rs226-k51.dna.rocksdb,GCA_945914485.1 uncultured Clostridia bacterium,a377ffcdc130e75359e7d0b03259832a,0.014018691588785047,30000,88,28680000,outputs.mapping/bams.cds.rand/SRR17241595.x.s__UBA2868 sp004552595.fastq.gz,SRR17241595.x.s__UBA2868 sp004552595,15b9ab1e,37070000,51,DNA,10000,3707,True,0.8697100401343785,0.9197312248210182,0.8947206324776984,0.9197312248210182,True,8,29110,41554,d__Bacteria;p__Bacillota;c__Clostridia;o__Peptostreptococcales;f__Anaerovoracaceae;g__CAG-238;s__CAG-238 sp022787405
50000,0.001348799568384138,0.004672897196261682,0.0005395198273536552,9.626028781826057e-05,2.0,2.0,0.0,/group/ctbrowngrp5/sourmash-db.new/gtdb-rs226/gtdb-rs226-k51.dna.rocksdb,GCA_963617045.1 Lachnospiraceae bacterium,a689919761c20377a0f38f9346a2f608,0.011682242990654205,20000,89,28660000,outputs.mapping/bams.cds.rand/SRR17241595.x.s__UBA2868 sp004552595.fastq.gz,SRR17241595.x.s__UBA2868 sp004552595,15b9ab1e,37070000,51,DNA,10000,3707,True,0.8784649924447565,0.9164491179376157,0.8974570551911861,0.9164491179376157,True,4,29114,41554,d__Bacteria;p__Bacillota;c__Clostridia;o__Lachnospirales;f__Lachnospiraceae;g__Roseburia;s__Roseburia inulinivorans
20000,0.0005395198273536552,0.008264462809917356,0.0005395198273536552,7.219521586369543e-05,1.5,1.5,0.5,/group/ctbrowngrp5/sourmash-db.new/gtdb-rs226/gtdb-rs226-k51.dna.rocksdb,GCA_034180845.1 Acetatifactor sp.,31e44902e35aa180bcefd2555396654b,0.008264462809917356,20000,90,28640000,outputs.mapping/bams.cds.rand/SRR17241595.x.s__UBA2868 sp004552595.fastq.gz,SRR17241595.x.s__UBA2868 sp004552595,15b9ab1e,37070000,51,DNA,10000,3707,True,0.8628230009513476,0.9102508039235093,0.8865369024374284,0.9102508039235093,True,3,29117,41554,d__Bacteria;p__Bacillota;c__Clostridia;o__Lachnospirales;f__Lachnospiraceae;g__Acetatifactor;s__Acetatifactor sp945485625
20000,0.0005395198273536552,0.007194244604316547,0.0005395198273536552,0.0003609760793184772,7.5,7.5,2.5,/group/ctbrowngrp5/sourmash-db.new/gtdb-rs226/gtdb-rs226-k51.dna.rocksdb,GCA_946411345.1 uncultured Treponema sp.,a9b1da5810df1871e266b0784e505989,0.007194244604316547,20000,91,28620000,outputs.mapping/bams.cds.rand/SRR17241595.x.s__UBA2868 sp004552595.fastq.gz,SRR17241595.x.s__UBA2868 sp004552595,15b9ab1e,37070000,51,DNA,10000,3707,True,0.8628230009513476,0.9077789375722995,0.8853009692618236,0.9077789375722995,True,15,29132,41554,d__Bacteria;p__Spirochaetota;c__Spirochaetia;o__Treponematales;f__Treponemataceae;g__Treponema_D;s__Treponema_D sp002395155
20000,0.0005395198273536552,0.01098901098901099,0.0005395198273536552,0.00012032535977282572,2.5,2.5,0.5,/group/ctbrowngrp5/sourmash-db.new/gtdb-rs226/gtdb-rs226-k51.dna.rocksdb,GCA_004556975.1 Oscillospiraceae bacterium,03a0f2605545fae9da55da1e58fb0606,0.01098901098901099,20000,92,28600000,outputs.mapping/bams.cds.rand/SRR17241595.x.s__UBA2868 sp004552595.fastq.gz,SRR17241595.x.s__UBA2868 sp004552595,15b9ab1e,37070000,51,DNA,10000,3707,True,0.8628230009513476,0.915350501215715,0.8890867510835313,0.915350501215715,True,5,29137,41554,d__Bacteria;p__Bacillota;c__Clostridia;o__Oscillospirales;f__Ruminococcaceae;g__UMGS1668;s__UMGS1668 sp004556975
30000,0.0008092797410304828,0.006825938566552901,0.0005395198273536552,7.219521586369543e-05,1.5,1.5,0.5,/group/ctbrowngrp5/sourmash-db.new/gtdb-rs226/gtdb-rs226-k51.dna.rocksdb,GCA_017622575.1 Lachnospiraceae bacterium,ff2fe3839f314dda53d5ebe2455bfe37,0.010238907849829351,20000,93,28580000,outputs.mapping/bams.cds.rand/SRR17241595.x.s__UBA2868 sp004552595.fastq.gz,SRR17241595.x.s__UBA2868 sp004552595,15b9ab1e,37070000,51,DNA,10000,3707,True,0.8697100401343785,0.9140824386962166,0.8918962394152976,0.9140824386962166,True,3,29140,41554,d__Bacteria;p__Bacillota;c__Clostridia;o__Lachnospirales;f__Lachnospiraceae;g__Suilimivivens;s__Suilimivivens sp017622575
50000,0.001348799568384138,0.004219409282700422,0.0005395198273536552,0.0016123598209558648,33.5,33.5,20.5,/group/ctbrowngrp5/sourmash-db.new/gtdb-rs226/gtdb-rs226-k51.dna.rocksdb,GCA_900766925.1 Lachnospiraceae bacterium,dd03feabaa3849fbef4c95c67fdcaa5b,0.010548523206751054,20000,94,28560000,outputs.mapping/bams.cds.rand/SRR17241595.x.s__UBA2868 sp004552595.fastq.gz,SRR17241595.x.s__UBA2868 sp004552595,15b9ab1e,37070000,51,DNA,10000,3707,True,0.8784649924447565,0.9146165426884915,0.8965407675666239,0.9146165426884915,True,67,29207,41554,d__Bacteria;p__Bacillota;c__Clostridia;o__Lachnospirales;f__Lachnospiraceae;g__Wujia;s__Wujia sp900766925
30000,0.0008092797410304828,0.010582010582010581,0.0005395198273536552,4.813014390913029e-05,1.0,1.0,0.0,/group/ctbrowngrp5/sourmash-db.new/gtdb-rs226/gtdb-rs226-k51.dna.rocksdb,GCF_002219045.1 Lactobacillus crispatus,368a4cb961c218de54556a641eb6d41a,0.015873015873015872,20000,95,28540000,outputs.mapping/bams.cds.rand/SRR17241595.x.s__UBA2868 sp004552595.fastq.gz,SRR17241595.x.s__UBA2868 sp004552595,15b9ab1e,37070000,51,DNA,10000,3707,True,0.8697100401343785,0.9219742946423962,0.8958421673883874,0.9219742946423962,True,2,29209,41554,d__Bacteria;p__Bacillota;c__Bacilli;o__Lactobacillales;f__Lactobacillaceae;g__Lactobacillus;s__Lactobacillus crispatus
20000,0.0005395198273536552,0.0136986301369863,0.0005395198273536552,9.626028781826057e-05,2.0,2.0,0.0,/group/ctbrowngrp5/sourmash-db.new/gtdb-rs226/gtdb-rs226-k51.dna.rocksdb,GCA_946011635.1 uncultured Ruminococcus sp.,0eed0a40d70a4b12700b07050954c472,0.0136986301369863,20000,96,28520000,outputs.mapping/bams.cds.rand/SRR17241595.x.s__UBA2868 sp004552595.fastq.gz,SRR17241595.x.s__UBA2868 sp004552595,15b9ab1e,37070000,51,DNA,10000,3707,True,0.8628230009513476,0.9193148122519929,0.8910689066016702,0.9193148122519929,True,4,29213,41554,d__Bacteria;p__Bacillota;c__Clostridia;o__Oscillospirales;f__Acutalibacteraceae;g__CAG-488;s__CAG-488 sp000434055
20000,0.0005395198273536552,0.010101010101010102,0.0005395198273536552,0.000168455503681956,3.5,3.5,2.5,/group/ctbrowngrp5/sourmash-db.new/gtdb-rs226/gtdb-rs226-k51.dna.rocksdb,GCA_945948205.1 uncultured Clostridia bacterium,d9c7dbf015bd7628db77a3255e72dd0b,0.010101010101010102,20000,97,28500000,outputs.mapping/bams.cds.rand/SRR17241595.x.s__UBA2868 sp004552595.fastq.gz,SRR17241595.x.s__UBA2868 sp004552595,15b9ab1e,37070000,51,DNA,10000,3707,True,0.8628230009513476,0.9138394410390787,0.8883312209952131,0.9138394410390787,True,7,29220,41554,d__Bacteria;p__Bacillota;c__Clostridia;o__Peptostreptococcales;f__Anaerovoracaceae;g__CAG-238;s__CAG-238 sp945828095
30000,0.0008092797410304828,0.00558659217877095,0.0005395198273536552,4.813014390913029e-05,1.0,1.0,0.0,/group/ctbrowngrp5/sourmash-db.new/gtdb-rs226/gtdb-rs226-k51.dna.rocksdb,GCA_003603715.1 Lachnospiraceae bacterium TM07-2AC,beaae8b606827342b878a137bafbc645,0.008379888268156424,20000,98,28480000,outputs.mapping/bams.cds.rand/SRR17241595.x.s__UBA2868 sp004552595.fastq.gz,SRR17241595.x.s__UBA2868 sp004552595,15b9ab1e,37070000,51,DNA,10000,3707,True,0.8697100401343785,0.9104983873953398,0.8901042137648592,0.9104983873953398,True,2,29222,41554,d__Bacteria;p__Bacillota;c__Clostridia;o__Lachnospirales;f__Lachnospiraceae;g__Ruminococcus_B;s__Ruminococcus_B gnavus
40000,0.0010790396547073105,0.009389671361502348,0.0005395198273536552,7.219521586369543e-05,1.5,1.5,0.5,/group/ctbrowngrp5/sourmash-db.new/gtdb-rs226/gtdb-rs226-k51.dna.rocksdb,GCA_946413915.1 uncultured Clostridium sp.,bffb2d5a9c725ef668f1a5a7ecafab4d,0.018779342723004695,20000,99,28460000,outputs.mapping/bams.cds.rand/SRR17241595.x.s__UBA2868 sp004552595.fastq.gz,SRR17241595.x.s__UBA2868 sp004552595,15b9ab1e,37070000,51,DNA,10000,3707,True,0.8746297848924862,0.9250188776355358,0.8998243312640111,0.9250188776355358,True,3,29225,41554,d__Bacteria;p__Bacillota;c__Clostridia;o__Lachnospirales;f__Lachnospiraceae;g__Wujia;s__Wujia sp945492935
20000,0.0005395198273536552,0.006535947712418301,0.0005395198273536552,4.813014390913029e-05,1.0,1.0,0.0,/group/ctbrowngrp5/sourmash-db.new/gtdb-rs226/gtdb-rs226-k51.dna.rocksdb,GCA_963619175.1 Flavonifractor plautii,3a0fecf508bb36dde9aa21bff94df0f2,0.006535947712418301,20000,100,28440000,outputs.mapping/bams.cds.rand/SRR17241595.x.s__UBA2868 sp004552595.fastq.gz,SRR17241595.x.s__UBA2868 sp004552595,15b9ab1e,37070000,51,DNA,10000,3707,True,0.8628230009513476,0.9060724242444924,0.88444771259792,0.9060724242444924,True,2,29227,41554,d__Bacteria;p__Bacillota;c__Clostridia;o__Christensenellales;f__Aristaeellaceae;g__SFHK01;s__SFHK01 sp963618055
20000,0.0005395198273536552,0.006060606060606061,0.0005395198273536552,4.813014390913029e-05,1.0,1.0,0.0,/group/ctbrowngrp5/sourmash-db.new/gtdb-rs226/gtdb-rs226-k51.dna.rocksdb,GCF_000820705.1 Clostridium polynesiense,e9060b90c1ac485d2bb0eebd7f7b9f3e,0.006060606060606061,20000,101,28420000,outputs.mapping/bams.cds.rand/SRR17241595.x.s__UBA2868 sp004552595.fastq.gz,SRR17241595.x.s__UBA2868 sp004552595,15b9ab1e,37070000,51,DNA,10000,3707,True,0.8628230009513476,0.9047319401204887,0.8837774705359182,0.9047319401204887,True,2,29229,41554,d__Bacteria;p__Bacillota;c__Clostridia;o__Clostridiales;f__Clostridiaceae;g__Clostridium_AA;s__Clostridium_AA polynesiense
20000,0.0005395198273536552,0.013793103448275862,0.0005395198273536552,0.00014439043172739086,3.0,3.0,2.0,/group/ctbrowngrp5/sourmash-db.new/gtdb-rs226/gtdb-rs226-k51.dna.rocksdb,GCA_947632395.1 uncultured Bacilli bacterium,152809a9690349752073edf29096935c,0.013793103448275862,20000,102,28400000,outputs.mapping/bams.cds.rand/SRR17241595.x.s__UBA2868 sp004552595.fastq.gz,SRR17241595.x.s__UBA2868 sp004552595,15b9ab1e,37070000,51,DNA,10000,3707,True,0.8628230009513476,0.9194387096145087,0.8911308552829281,0.9194387096145087,True,6,29235,41554,d__Bacteria;p__Bacillota;c__Bacilli;o__RF39;f__UBA660;g__UMGS1613;s__UMGS1613 sp947632395
50000,0.001348799568384138,0.007246376811594203,0.0005395198273536552,0.0002647157915002166,5.5,5.5,3.5,/group/ctbrowngrp5/sourmash-db.new/gtdb-rs226/gtdb-rs226-k51.dna.rocksdb,GCA_022781605.1 Lachnospiraceae bacterium,723f22ab6d67eea1c67da1336aa06b23,0.018115942028985508,20000,103,28380000,outputs.mapping/bams.cds.rand/SRR17241595.x.s__UBA2868 sp004552595.fastq.gz,SRR17241595.x.s__UBA2868 sp004552595,15b9ab1e,37070000,51,DNA,10000,3707,True,0.8784649924447565,0.924366785208091,0.9014158888264238,0.924366785208091,True,11,29246,41554,d__Bacteria;p__Bacillota;c__Clostridia;o__Lachnospirales;f__Lachnospiraceae;g__Acetatifactor;s__Acetatifactor intestinalis
20000,0.0005395198273536552,0.010810810810810811,0.0005395198273536552,0.0006978870866823891,14.5,14.5,13.5,/group/ctbrowngrp5/sourmash-db.new/gtdb-rs226/gtdb-rs226-k51.dna.rocksdb,GCA_004558595.1 Phascolarctobacterium sp.,82f5ae137c37969242b7840b4f05f8d0,0.010810810810810811,20000,104,28360000,outputs.mapping/bams.cds.rand/SRR17241595.x.s__UBA2868 sp004552595.fastq.gz,SRR17241595.x.s__UBA2868 sp004552595,15b9ab1e,37070000,51,DNA,10000,3707,True,0.8628230009513476,0.9150571131134657,0.8889400570324066,0.9150571131134657,True,29,29275,41554,d__Bacteria;p__Bacillota;c__Negativicutes;o__Acidaminococcales;f__Acidaminococcaceae;g__Phascolarctobacterium_A;s__Phascolarctobacterium_A sp004558595
30000,0.0008092797410304828,0.006920415224913495,0.0005395198273536552,4.813014390913029e-05,1.0,1.0,0.0,/group/ctbrowngrp5/sourmash-db.new/gtdb-rs226/gtdb-rs226-k51.dna.rocksdb,GCA_902363825.1 Lachnospiraceae bacterium,1baa5241695fdb60335365cbe03a030e,0.010380622837370242,20000,105,28340000,outputs.mapping/bams.cds.rand/SRR17241595.x.s__UBA2868 sp004552595.fastq.gz,SRR17241595.x.s__UBA2868 sp004552595,15b9ab1e,37070000,51,DNA,10000,3707,True,0.8697100401343785,0.9143288425854469,0.8920194413599127,0.9143288425854469,True,2,29277,41554,d__Bacteria;p__Bacillota;c__Clostridia;o__Lachnospirales;f__Lachnospiraceae;g__Roseburia_D;s__Roseburia_D yibonii
20000,0.0005395198273536552,0.00975609756097561,0.0005395198273536552,0.00019252057563652115,4.0,4.0,0.0,/group/ctbrowngrp5/sourmash-db.new/gtdb-rs226/gtdb-rs226-k51.dna.rocksdb,GCA_041329215.1 Oscillospiraceae bacterium,88972e64e8b1a5831ff6fe9573d48f70,0.00975609756097561,20000,106,28320000,outputs.mapping/bams.cds.rand/SRR17241595.x.s__UBA2868 sp004552595.fastq.gz,SRR17241595.x.s__UBA2868 sp004552595,15b9ab1e,37070000,51,DNA,10000,3707,True,0.8628230009513476,0.9132171142817191,0.8880200576165334,0.9132171142817191,True,8,29285,41554,d__Bacteria;p__Bacillota;c__Clostridia;o__Oscillospirales;f__Oscillospiraceae;g__CAG-103;s__CAG-103 sp000432375
40000,0.0010790396547073105,0.009174311926605505,0.0005395198273536552,4.813014390913029e-05,1.0,1.0,0.0,/group/ctbrowngrp5/sourmash-db.new/gtdb-rs226/gtdb-rs226-k51.dna.rocksdb,GCA_945828765.1 uncultured Lachnospiraceae bacterium,e3e02a989010d5942eadde7aef34f0a6,0.01834862385321101,20000,107,28300000,outputs.mapping/bams.cds.rand/SRR17241595.x.s__UBA2868 sp004552595.fastq.gz,SRR17241595.x.s__UBA2868 sp004552595,15b9ab1e,37070000,51,DNA,10000,3707,True,0.8746297848924862,0.9245981279073383,0.8996139563999123,0.9245981279073383,True,2,29287,41554,d__Bacteria;p__Bacillota;c__Clostridia;o__Lachnospirales;f__Lachnospiraceae;g__Maccoya;s__Maccoya sp900556645
30000,0.0008092797410304828,0.012578616352201259,0.0005395198273536552,7.219521586369543e-05,1.5,1.5,0.5,/group/ctbrowngrp5/sourmash-db.new/gtdb-rs226/gtdb-rs226-k51.dna.rocksdb,GCF_034115845.1 Floccifex porci,0a0aa9c7ae0eb684f42adb6fbe003f20,0.018867924528301886,20000,108,28280000,outputs.mapping/bams.cds.rand/SRR17241595.x.s__UBA2868 sp004552595.fastq.gz,SRR17241595.x.s__UBA2868 sp004552595,15b9ab1e,37070000,51,DNA,10000,3707,True,0.8697100401343785,0.9251042352607212,0.8974071376975499,0.9251042352607212,True,3,29290,41554,d__Bacteria;p__Bacillota;c__Bacilli;o__Erysipelotrichales;f__Erysipelotrichaceae;g__Floccifex;s__Floccifex porci
1580000,0.042622066360938765,0.010362694300518135,0.0005395198273536552,7.219521586369543e-05,1.5,1.5,0.5,/group/ctbrowngrp5/sourmash-db.new/gtdb-rs226/gtdb-rs226-k51.dna.rocksdb,GCA_022777355.1 Lachnospiraceae bacterium,e43b6dc61b9e4b6d3fe429854f56e537,0.8186528497409327,20000,109,28260000,outputs.mapping/bams.cds.rand/SRR17241595.x.s__UBA2868 sp004552595.fastq.gz,SRR17241595.x.s__UBA2868 sp004552595,15b9ab1e,37070000,51,DNA,10000,3707,True,0.9400048367639883,0.9960842521839539,0.9680445444739711,0.9960842521839539,False,3,29293,41554,d__Bacteria;p__Bacillota;c__Clostridia;o__Lachnospirales;f__Lachnospiraceae;g__UBA2868;s__UBA2868 sp004552595
20000,0.0005395198273536552,0.011627906976744186,0.0005395198273536552,0.0002887808634547817,6.0,6.0,5.0,/group/ctbrowngrp5/sourmash-db.new/gtdb-rs226/gtdb-rs226-k51.dna.rocksdb,GCA_945788145.1 uncultured Clostridium sp.,1edf5de9e51343c7a1f93793fda983f9,0.011627906976744186,20000,110,28240000,outputs.mapping/bams.cds.rand/SRR17241595.x.s__UBA2868 sp004552595.fastq.gz,SRR17241595.x.s__UBA2868 sp004552595,15b9ab1e,37070000,51,DNA,10000,3707,True,0.8628230009513476,0.916365347299856,0.8895941741256017,0.916365347299856,True,12,29305,41554,d__Bacteria;p__Bacillota;c__Clostridia;o__Clostridiales;f__Clostridiaceae;g__Clostridium;s__Clostridium sp000435835
70000,0.0018883193957377933,0.006756756756756757,0.0005395198273536552,0.00012032535977282572,2.5,2.5,0.5,/group/ctbrowngrp5/sourmash-db.new/gtdb-rs226/gtdb-rs226-k51.dna.rocksdb,GCA_945832105.1 uncultured Lachnospiraceae bacterium,edfc98743bb5bd9ab553a82c68932445,0.02364864864864865,20000,111,28220000,outputs.mapping/bams.cds.rand/SRR17241595.x.s__UBA2868 sp004552595.fastq.gz,SRR17241595.x.s__UBA2868 sp004552595,15b9ab1e,37070000,51,DNA,10000,3707,True,0.8842798212554951,0.9292099457201249,0.90674488348781,0.9292099457201249,False,5,29310,41554,d__Bacteria;p__Bacillota;c__Clostridia;o__Lachnospirales;f__Lachnospiraceae;g__Acetatifactor;s__Acetatifactor sp018385425
20000,0.0005395198273536552,0.009433962264150943,0.0005395198273536552,0.0002887808634547817,6.0,6.0,1.0,/group/ctbrowngrp5/sourmash-db.new/gtdb-rs226/gtdb-rs226-k51.dna.rocksdb,GCA_022786145.1 Oscillospiraceae bacterium,0bc8664daf8f9dc84213507b47678a7d,0.009433962264150943,20000,112,28200000,outputs.mapping/bams.cds.rand/SRR17241595.x.s__UBA2868 sp004552595.fastq.gz,SRR17241595.x.s__UBA2868 sp004552595,15b9ab1e,37070000,51,DNA,10000,3707,True,0.8628230009513476,0.9126160876839744,0.887719544317661,0.9126160876839744,True,12,29322,41554,d__Bacteria;p__Bacillota;c__Clostridia;o__Oscillospirales;f__Acutalibacteraceae;g__CAG-177;s__CAG-177 sp003514385
40000,0.0010790396547073105,0.008733624454148471,0.0005395198273536552,9.626028781826057e-05,2.0,2.0,1.0,/group/ctbrowngrp5/sourmash-db.new/gtdb-rs226/gtdb-rs226-k51.dna.rocksdb,GCA_034176335.1 Lachnospira sp.,bd05c1e2c7cdb2f8ebe5a222882e370a,0.017467248908296942,20000,113,28180000,outputs.mapping/bams.cds.rand/SRR17241595.x.s__UBA2868 sp004552595.fastq.gz,SRR17241595.x.s__UBA2868 sp004552595,15b9ab1e,37070000,51,DNA,10000,3707,True,0.8746297848924862,0.9237061048101245,0.8991679448513054,0.9237061048101245,True,4,29326,41554,d__Bacteria;p__Bacillota;c__Clostridia;o__Lachnospirales;f__Lachnospiraceae;g__Lachnospira;s__Lachnospira sp945648485
20000,0.0005395198273536552,0.006535947712418301,0.0005395198273536552,0.00014439043172739086,3.0,3.0,0.0,/group/ctbrowngrp5/sourmash-db.new/gtdb-rs226/gtdb-rs226-k51.dna.rocksdb,GCA_022785265.1 Clostridium sp.,bc13373edd189e2d5590d2fac4792d19,0.006535947712418301,20000,114,28160000,outputs.mapping/bams.cds.rand/SRR17241595.x.s__UBA2868 sp004552595.fastq.gz,SRR17241595.x.s__UBA2868 sp004552595,15b9ab1e,37070000,51,DNA,10000,3707,True,0.8628230009513476,0.9060724242444924,0.88444771259792,0.9060724242444924,True,6,29332,41554,d__Bacteria;p__Bacillota;c__Clostridia;o__Clostridiales;f__Clostridiaceae;g__Clostridium;s__Clostridium sp022785265
20000,0.0005395198273536552,0.008658008658008658,0.0005395198273536552,0.0009385378062280406,19.5,19.5,17.5,/group/ctbrowngrp5/sourmash-db.new/gtdb-rs226/gtdb-rs226-k51.dna.rocksdb,GCA_034174925.1 Succinivibrio sp.,c1dc4da81851644dc3439e87d80898e7,0.008658008658008658,20000,115,28140000,outputs.mapping/bams.cds.rand/SRR17241595.x.s__UBA2868 sp004552595.fastq.gz,SRR17241595.x.s__UBA2868 sp004552595,15b9ab1e,37070000,51,DNA,10000,3707,True,0.8628230009513476,0.9110814745136516,0.8869522377324996,0.9110814745136516,True,39,29371,41554,d__Bacteria;p__Pseudomonadota;c__Gammaproteobacteria;o__Enterobacterales;f__Succinivibrionaceae;g__Succinivibrio;s__Succinivibrio sp900316375
20000,0.0005395198273536552,0.0076045627376425855,0.0005395198273536552,0.0021417914039562978,44.5,44.5,29.5,/group/ctbrowngrp5/sourmash-db.new/gtdb-rs226/gtdb-rs226-k51.dna.rocksdb,GCA_948672045.1 Akkermansia muciniphila,dcdc78816df72d86235648d521c7111a,0.0076045627376425855,20000,116,28120000,outputs.mapping/bams.cds.rand/SRR17241595.x.s__UBA2868 sp004552595.fastq.gz,SRR17241595.x.s__UBA2868 sp004552595,15b9ab1e,37070000,51,DNA,10000,3707,True,0.8628230009513476,0.9087667657945412,0.8857948833729443,0.9087667657945412,True,89,29460,41554,d__Bacteria;p__Verrucomicrobiota;c__Verrucomicrobiia;o__Verrucomicrobiales;f__Akkermansiaceae;g__Akkermansia;s__Akkermansia muciniphila
20000,0.0005395198273536552,0.01098901098901099,0.0005395198273536552,4.813014390913029e-05,1.0,1.0,0.0,/group/ctbrowngrp5/sourmash-db.new/gtdb-rs226/gtdb-rs226-k51.dna.rocksdb,GCF_937976225.1 uncultured Mogibacterium sp.,eda441da348b673c2c5767240ebc7255,0.01098901098901099,20000,117,28100000,outputs.mapping/bams.cds.rand/SRR17241595.x.s__UBA2868 sp004552595.fastq.gz,SRR17241595.x.s__UBA2868 sp004552595,15b9ab1e,37070000,51,DNA,10000,3707,True,0.8628230009513476,0.915350501215715,0.8890867510835313,0.915350501215715,True,2,29462,41554,d__Bacteria;p__Bacillota;c__Clostridia;o__Peptostreptococcales;f__Anaerovoracaceae;g__Mogibacterium_A;s__Mogibacterium_A kristiansenii
20000,0.0005395198273536552,0.011764705882352941,0.0005395198273536552,0.0009385378062280406,19.5,19.5,17.5,/group/ctbrowngrp5/sourmash-db.new/gtdb-rs226/gtdb-rs226-k51.dna.rocksdb,GCA_945833725.1 uncultured Treponema sp.,aae36905a6cd18e7899bff51e665fae9,0.011764705882352941,20000,118,28080000,outputs.mapping/bams.cds.rand/SRR17241595.x.s__UBA2868 sp004552595.fastq.gz,SRR17241595.x.s__UBA2868 sp004552595,15b9ab1e,37070000,51,DNA,10000,3707,True,0.8628230009513476,0.9165755252335301,0.8896992630924389,0.9165755252335301,True,39,29501,41554,d__Bacteria;p__Spirochaetota;c__Spirochaetia;o__Treponematales;f__Treponemataceae;g__Treponema_D;s__Treponema_D sp945833725
50000,0.001348799568384138,0.005025125628140704,0.0005395198273536552,0.0007219521586369544,15.0,15.0,4.0,/group/ctbrowngrp5/sourmash-db.new/gtdb-rs226/gtdb-rs226-k51.dna.rocksdb,GCA_022784005.1 Parabacteroides sp.,cfe20a628244cf78707c28206eed0656,0.01256281407035176,20000,119,28060000,outputs.mapping/bams.cds.rand/SRR17241595.x.s__UBA2868 sp004552595.fastq.gz,SRR17241595.x.s__UBA2868 sp004552595,15b9ab1e,37070000,51,DNA,10000,3707,True,0.8784649924447565,0.9177559202986412,0.8981104563716988,0.9177559202986412,True,30,29531,41554,d__Bacteria;p__Bacteroidota;c__Bacteroidia;o__Bacteroidales;f__Tannerellaceae;g__Parabacteroides;s__Parabacteroides faecalis
20000,0.0005395198273536552,0.011235955056179775,0.0005395198273536552,0.00040910622322760747,8.5,8.5,7.5,/group/ctbrowngrp5/sourmash-db.new/gtdb-rs226/gtdb-rs226-k51.dna.rocksdb,GCA_958449105.1 uncultured Firmicutes bacterium,4b24e06ddcfa38a1124360065eaba9b8,0.011235955056179775,20000,120,28040000,outputs.mapping/bams.cds.rand/SRR17241595.x.s__UBA2868 sp004552595.fastq.gz,SRR17241595.x.s__UBA2868 sp004552595,15b9ab1e,37070000,51,DNA,10000,3707,True,0.8628230009513476,0.9157494500788544,0.8892862255151011,0.9157494500788544,True,17,29548,41554,d__Bacteria;p__Bacillota;c__Clostridia;o__Christensenellales;f__CAG-917;g__CAG-475;s__CAG-475 sp000434435
60000,0.0016185594820609657,0.007352941176470588,0.0005395198273536552,0.0002887808634547817,6.0,6.0,5.0,/group/ctbrowngrp5/sourmash-db.new/gtdb-rs226/gtdb-rs226-k51.dna.rocksdb,GCA_004553245.1 Bacteroidales bacterium,0619d4a72519c32a14509836e8d74c94,0.022058823529411766,20000,121,28020000,outputs.mapping/bams.cds.rand/SRR17241595.x.s__UBA2868 sp004552595.fastq.gz,SRR17241595.x.s__UBA2868 sp004552595,15b9ab1e,37070000,51,DNA,10000,3707,True,0.8816110656332161,0.9279428343937828,0.9047769500134994,0.9279428343937828,True,12,29560,41554,d__Bacteria;p__Bacteroidota;c__Bacteroidia;o__Bacteroidales;f__Bacteroidaceae;g__Prevotella;s__Prevotella sp900547005
20000,0.0005395198273536552,0.011764705882352941,0.0005395198273536552,0.0009626028781826057,20.0,20.0,5.0,/group/ctbrowngrp5/sourmash-db.new/gtdb-rs226/gtdb-rs226-k51.dna.rocksdb,GCA_037235615.1 bacterium,ecdbf603d0ee7bb8813ef77487958cf4,0.011764705882352941,20000,122,28000000,outputs.mapping/bams.cds.rand/SRR17241595.x.s__UBA2868 sp004552595.fastq.gz,SRR17241595.x.s__UBA2868 sp004552595,15b9ab1e,37070000,51,DNA,10000,3707,True,0.8628230009513476,0.9165755252335301,0.8896992630924389,0.9165755252335301,True,40,29600,41554,d__Bacteria;p__Bacillota;c__Clostridia;o__Christensenellales;f__CAG-138;g__SFEL01;s__SFEL01 sp004557245
20000,0.0005395198273536552,0.012422360248447204,0.0005395198273536552,0.0004331712951821726,9.0,9.0,3.0,/group/ctbrowngrp5/sourmash-db.new/gtdb-rs226/gtdb-rs226-k51.dna.rocksdb,GCA_029012965.1 Clostridiales bacterium,4d4c7dbba0f932b843e0f54c74be6e74,0.012422360248447204,20000,123,27980000,outputs.mapping/bams.cds.rand/SRR17241595.x.s__UBA2868 sp004552595.fastq.gz,SRR17241595.x.s__UBA2868 sp004552595,15b9ab1e,37070000,51,DNA,10000,3707,True,0.8628230009513476,0.9175536207579207,0.8901883108546341,0.9175536207579207,True,18,29618,41554,d__Bacteria;p__Bacillota;c__Clostridia;o__Christensenellales;f__CAG-138;g__PeH17;s__PeH17 sp004556165
30000,0.0008092797410304828,0.007722007722007722,0.0005395198273536552,0.0002647157915002166,5.5,5.5,4.5,/group/ctbrowngrp5/sourmash-db.new/gtdb-rs226/gtdb-rs226-k51.dna.rocksdb,GCA_030526355.1 Bacillota bacterium,18117e7c547355503e154e6adf75476a,0.011583011583011582,20000,124,27960000,outputs.mapping/bams.cds.rand/SRR17241595.x.s__UBA2868 sp004552595.fastq.gz,SRR17241595.x.s__UBA2868 sp004552595,15b9ab1e,37070000,51,DNA,10000,3707,True,0.8697100401343785,0.9162958413464571,0.8930029407404179,0.9162958413464571,True,11,29629,41554,d__Bacteria;p__Bacillota;c__Clostridia;o__Peptostreptococcales;f__Anaerovoracaceae;g__Lentihominibacter;s__Lentihominibacter sp030526355
50000,0.001348799568384138,0.006006006006006006,0.0005395198273536552,0.00019252057563652115,4.0,4.0,1.0,/group/ctbrowngrp5/sourmash-db.new/gtdb-rs226/gtdb-rs226-k51.dna.rocksdb,GCA_945919795.1 uncultured Lachnospiraceae bacterium,686c86d8953ad61d27f058f6b399653c,0.015015015015015015,20000,125,27940000,outputs.mapping/bams.cds.rand/SRR17241595.x.s__UBA2868 sp004552595.fastq.gz,SRR17241595.x.s__UBA2868 sp004552595,15b9ab1e,37070000,51,DNA,10000,3707,True,0.8784649924447565,0.9209702540137384,0.8997176232292474,0.9209702540137384,True,8,29637,41554,d__Bacteria;p__Bacillota;c__Clostridia;o__Lachnospirales;f__Lachnospiraceae;g__UBA2882;s__UBA2882 sp945919795
50000,0.001348799568384138,0.005025125628140704,0.0005395198273536552,0.0005294315830004332,11.0,11.0,6.0,/group/ctbrowngrp5/sourmash-db.new/gtdb-rs226/gtdb-rs226-k51.dna.rocksdb,GCA_004556655.1 Lachnospiraceae bacterium,a06449d157aac9233dd04a949482b8be,0.01256281407035176,20000,126,27920000,outputs.mapping/bams.cds.rand/SRR17241595.x.s__UBA2868 sp004552595.fastq.gz,SRR17241595.x.s__UBA2868 sp004552595,15b9ab1e,37070000,51,DNA,10000,3707,True,0.8784649924447565,0.9177559202986412,0.8981104563716988,0.9177559202986412,True,22,29659,41554,d__Bacteria;p__Bacillota;c__Clostridia;o__Lachnospirales;f__Lachnospiraceae;g__Oliverpabstia;s__Oliverpabstia sp004556655
1600000,0.04316158618829242,0.011834319526627219,0.0005395198273536552,0.0003850411512730423,8.0,8.0,0.0,/group/ctbrowngrp5/sourmash-db.new/gtdb-rs226/gtdb-rs226-k51.dna.rocksdb,GCA_946007015.1 uncultured Lachnospiraceae bacterium,f08d1524f4af4774b65cb36db527aea4,0.9467455621301775,20000,127,27900000,outputs.mapping/bams.cds.rand/SRR17241595.x.s__UBA2868 sp004552595.fastq.gz,SRR17241595.x.s__UBA2868 sp004552595,15b9ab1e,37070000,51,DNA,10000,3707,True,0.9402367107718593,0.9989275382497977,0.9695821245108285,0.9989275382497977,False,16,29675,41554,d__Bacteria;p__Bacillota;c__Clostridia;o__Lachnospirales;f__Lachnospiraceae;g__UBA2868;s__UBA2868 sp004552595
20000,0.0005395198273536552,0.009852216748768473,0.0005395198273536552,0.0013957741733647783,29.0,29.0,28.0,/group/ctbrowngrp5/sourmash-db.new/gtdb-rs226/gtdb-rs226-k51.dna.rocksdb,GCA_958432695.1 uncultured Erysipelotrichaceae bacterium,e29cf2d8c6863c67f0eefa650ab6bdd2,0.009852216748768473,20000,128,27880000,outputs.mapping/bams.cds.rand/SRR17241595.x.s__UBA2868 sp004552595.fastq.gz,SRR17241595.x.s__UBA2868 sp004552595,15b9ab1e,37070000,51,DNA,10000,3707,True,0.8628230009513476,0.9133926837187871,0.8881078423350673,0.9133926837187871,True,58,29733,41554,d__Bacteria;p__Bacillota;c__Bacilli;o__Erysipelotrichales;f__Erysipelotrichaceae;g__Bulleidia;s__Bulleidia sp900539965
20000,0.0005395198273536552,0.011111111111111112,0.0005395198273536552,0.0029600038504115126,61.5,61.5,53.5,/group/ctbrowngrp5/sourmash-db.new/gtdb-rs226/gtdb-rs226-k51.dna.rocksdb,GCF_946055985.1 uncultured Streptococcus sp.,c12e013c3dfa9b1b74ccc3c8d3644fc7,0.011111111111111112,20000,129,27860000,outputs.mapping/bams.cds.rand/SRR17241595.x.s__UBA2868 sp004552595.fastq.gz,SRR17241595.x.s__UBA2868 sp004552595,15b9ab1e,37070000,51,DNA,10000,3707,True,0.8628230009513476,0.9155488457037391,0.8891859233275433,0.9155488457037391,True,123,29856,41554,d__Bacteria;p__Bacillota;c__Bacilli;o__Lactobacillales;f__Streptococcaceae;g__Streptococcus;s__Streptococcus faecavium
20000,0.0005395198273536552,0.008264462809917356,0.0005395198273536552,0.00012032535977282572,2.5,2.5,1.5,/group/ctbrowngrp5/sourmash-db.new/gtdb-rs226/gtdb-rs226-k51.dna.rocksdb,GCA_016293925.1 Lachnospiraceae bacterium,645f3aa4a640dbeaca471059bd2c5ee2,0.008264462809917356,20000,130,27840000,outputs.mapping/bams.cds.rand/SRR17241595.x.s__UBA2868 sp004552595.fastq.gz,SRR17241595.x.s__UBA2868 sp004552595,15b9ab1e,37070000,51,DNA,10000,3707,True,0.8628230009513476,0.9102508039235093,0.8865369024374284,0.9102508039235093,True,5,29861,41554,d__Bacteria;p__Bacillota;c__Clostridia;o__Lachnospirales;f__Lachnospiraceae;g__RGIG4034;s__RGIG4034 sp016293925
30000,0.0008092797410304828,0.008583690987124463,0.0005395198273536552,4.813014390913029e-05,1.0,1.0,0.0,/group/ctbrowngrp5/sourmash-db.new/gtdb-rs226/gtdb-rs226-k51.dna.rocksdb,GCA_034090355.1 Sodaliphilus sp.,ad1a6d44391d6336de2e6e59ee8126a4,0.012875536480686695,20000,131,27820000,outputs.mapping/bams.cds.rand/SRR17241595.x.s__UBA2868 sp004552595.fastq.gz,SRR17241595.x.s__UBA2868 sp004552595,15b9ab1e,37070000,51,DNA,10000,3707,True,0.8697100401343785,0.9181984920039337,0.8939542660691561,0.9181984920039337,True,2,29863,41554,d__Bacteria;p__Bacteroidota;c__Bacteroidia;o__Bacteroidales;f__Muribaculaceae;g__Sodaliphilus;s__Sodaliphilus sp004557565
30000,0.0008092797410304828,0.007874015748031496,0.0005395198273536552,9.626028781826057e-05,2.0,2.0,0.0,/group/ctbrowngrp5/sourmash-db.new/gtdb-rs226/gtdb-rs226-k51.dna.rocksdb,GCA_022009895.1 Clostridiales bacterium,ec0422bdd27f74f65c760f99d93f8d57,0.011811023622047244,20000,132,27800000,outputs.mapping/bams.cds.rand/SRR17241595.x.s__UBA2868 sp004552595.fastq.gz,SRR17241595.x.s__UBA2868 sp004552595,15b9ab1e,37070000,51,DNA,10000,3707,True,0.8697100401343785,0.9166461452122722,0.8931780926733253,0.9166461452122722,True,4,29867,41554,d__Bacteria;p__Bacillota;c__Clostridia;o__UMGS1810;f__UMGS1810;g__Qingrenia;s__Qingrenia sp022009895
20000,0.0005395198273536552,0.0076045627376425855,0.0005395198273536552,7.219521586369543e-05,1.5,1.5,0.5,/group/ctbrowngrp5/sourmash-db.new/gtdb-rs226/gtdb-rs226-k51.dna.rocksdb,GCA_902786215.1 uncultured Lachnospiraceae bacterium,bbb4468087362e67bda4a8669aed4d61,0.0076045627376425855,20000,133,27780000,outputs.mapping/bams.cds.rand/SRR17241595.x.s__UBA2868 sp004552595.fastq.gz,SRR17241595.x.s__UBA2868 sp004552595,15b9ab1e,37070000,51,DNA,10000,3707,True,0.8628230009513476,0.9087667657945412,0.8857948833729443,0.9087667657945412,True,3,29870,41554,d__Bacteria;p__Bacillota;c__Clostridia;o__Lachnospirales;f__Lachnospiraceae;g__Agathobacter;s__Agathobacter sp900316805
20000,0.0005395198273536552,0.005141388174807198,0.0005395198273536552,0.001034798094046301,21.5,21.5,20.5,/group/ctbrowngrp5/sourmash-db.new/gtdb-rs226/gtdb-rs226-k51.dna.rocksdb,GCF_003697245.1 Clostridioides difficile,1f78420f304297954cddac2235851bb4,0.005141388174807198,20000,134,27760000,outputs.mapping/bams.cds.rand/SRR17241595.x.s__UBA2868 sp004552595.fastq.gz,SRR17241595.x.s__UBA2868 sp004552595,15b9ab1e,37070000,51,DNA,10000,3707,True,0.8628230009513476,0.9018186727526178,0.8823208368519827,0.9018186727526178,True,43,29913,41554,d__Bacteria;p__Bacillota;c__Clostridia;o__Peptostreptococcales;f__Peptostreptococcaceae;g__Clostridioides;s__Clostridioides difficile
20000,0.0005395198273536552,0.006968641114982578,0.0005395198273536552,0.007315781874187804,152.0,152.0,150.0,/group/ctbrowngrp5/sourmash-db.new/gtdb-rs226/gtdb-rs226-k51.dna.rocksdb,GCA_022786995.1 Clostridiales bacterium,aab56f0703bf883b1a340e34616a3d4b,0.006968641114982578,20000,135,27740000,outputs.mapping/bams.cds.rand/SRR17241595.x.s__UBA2868 sp004552595.fastq.gz,SRR17241595.x.s__UBA2868 sp004552595,15b9ab1e,37070000,51,DNA,10000,3707,True,0.8628230009513476,0.9072120002228622,0.8850175005871048,0.9072120002228622,True,304,30217,41554,d__Bacteria;p__Bacillota;c__Clostridia;o__Oscillospirales;f__Oscillospiraceae;g__Faecousia;s__Faecousia sp022786995
20000,0.0005395198273536552,0.011299435028248588,0.0005395198273536552,0.003176589498002599,66.0,66.0,49.0,/group/ctbrowngrp5/sourmash-db.new/gtdb-rs226/gtdb-rs226-k51.dna.rocksdb,GCA_022778295.1 Bacteroidales bacterium,667e5dd41edaefdce33f685218a3500a,0.011299435028248588,20000,136,27720000,outputs.mapping/bams.cds.rand/SRR17241595.x.s__UBA2868 sp004552595.fastq.gz,SRR17241595.x.s__UBA2868 sp004552595,15b9ab1e,37070000,51,DNA,10000,3707,True,0.8628230009513476,0.9158506157738865,0.889336808362617,0.9158506157738865,True,132,30349,41554,d__Bacteria;p__Bacteroidota;c__Bacteroidia;o__Bacteroidales;f__UBA932;g__Cryptobacteroides;s__Cryptobacteroides sp900546445
50000,0.001348799568384138,0.00546448087431694,0.0005395198273536552,0.0002887808634547817,6.0,6.0,1.0,/group/ctbrowngrp5/sourmash-db.new/gtdb-rs226/gtdb-rs226-k51.dna.rocksdb,GCF_951230155.1 Parablautia sp. Marseille-Q6255,b90220a694b748ee30991604bcf519bc,0.01366120218579235,20000,137,27700000,outputs.mapping/bams.cds.rand/SRR17241595.x.s__UBA2868 sp004552595.fastq.gz,SRR17241595.x.s__UBA2868 sp004552595,15b9ab1e,37070000,51,DNA,10000,3707,True,0.8784649924447565,0.9192654954028172,0.8988652439237869,0.9192654954028172,True,12,30361,41554,d__Bacteria;p__Bacillota;c__Clostridia;o__Lachnospirales;f__Lachnospiraceae;g__Choladousia;s__Choladousia sp951230155
20000,0.0005395198273536552,0.007462686567164179,0.0005395198273536552,0.000168455503681956,3.5,3.5,2.5,/group/ctbrowngrp5/sourmash-db.new/gtdb-rs226/gtdb-rs226-k51.dna.rocksdb,GCA_028721245.1 Lachnospiraceae bacterium,b690bb2f0d3fb951a00a1b6e2c802787,0.007462686567164179,20000,138,27680000,outputs.mapping/bams.cds.rand/SRR17241595.x.s__UBA2868 sp004552595.fastq.gz,SRR17241595.x.s__UBA2868 sp004552595,15b9ab1e,37070000,51,DNA,10000,3707,True,0.8628230009513476,0.9084312442666432,0.8856271226089953,0.9084312442666432,True,7,30368,41554,d__Bacteria;p__Bacillota;c__Clostridia;o__Lachnospirales;f__Lachnospiraceae;g__Choladousia;s__Choladousia sp022776305
20000,0.0005395198273536552,0.0072992700729927005,0.0005395198273536552,0.0002165856475910863,4.5,4.5,2.5,/group/ctbrowngrp5/sourmash-db.new/gtdb-rs226/gtdb-rs226-k51.dna.rocksdb,GCA_945949955.1 uncultured Lachnospiraceae bacterium,79bded3eae47f7c004db2c661b8c945c,0.0072992700729927005,20000,139,27660000,outputs.mapping/bams.cds.rand/SRR17241595.x.s__UBA2868 sp004552595.fastq.gz,SRR17241595.x.s__UBA2868 sp004552595,15b9ab1e,37070000,51,DNA,10000,3707,True,0.8628230009513476,0.908036943774764,0.8854299723630558,0.908036943774764,True,9,30377,41554,d__Bacteria;p__Bacillota;c__Clostridia;o__Lachnospirales;f__Lachnospiraceae;g__Acetatifactor;s__Acetatifactor sp022769665
1630000,0.0439708659293229,0.01098901098901099,0.0005395198273536552,0.00019252057563652115,4.0,4.0,0.0,/group/ctbrowngrp5/sourmash-db.new/gtdb-rs226/gtdb-rs226-k51.dna.rocksdb,GCA_028722585.1 Lachnospiraceae bacterium,3fb3d80f0a443a27b46afca3dba6576f,0.8956043956043956,20000,140,27640000,outputs.mapping/bams.cds.rand/SRR17241595.x.s__UBA2868 sp004552595.fastq.gz,SRR17241595.x.s__UBA2868 sp004552595,15b9ab1e,37070000,51,DNA,10000,3707,True,0.9405792476546944,0.9978404433174958,0.9692098454860951,0.9978404433174958,False,8,30385,41554,d__Bacteria;p__Bacillota;c__Clostridia;o__Lachnospirales;f__Lachnospiraceae;g__UBA2868;s__UBA2868 sp004552595
20000,0.0005395198273536552,0.007142857142857143,0.0005395198273536552,0.00014439043172739086,3.0,3.0,1.0,/group/ctbrowngrp5/sourmash-db.new/gtdb-rs226/gtdb-rs226-k51.dna.rocksdb,GCA_945875305.1 uncultured bacterium,c0627fd5e7ebd69e8a50b546f52e0d2a,0.007142857142857143,20000,141,27620000,outputs.mapping/bams.cds.rand/SRR17241595.x.s__UBA2868 sp004552595.fastq.gz,SRR17241595.x.s__UBA2868 sp004552595,15b9ab1e,37070000,51,DNA,10000,3707,True,0.8628230009513476,0.9076513503870351,0.8852371756691914,0.9076513503870351,True,6,30391,41554,d__Bacteria;p__Bacillota;c__Clostridia;o__Lachnospirales;f__Lachnospiraceae;g__W0P33-017;s__W0P33-017 sp945828315
20000,0.0005395198273536552,0.004201680672268907,0.0005395198273536552,0.00837464504018867,174.0,174.0,173.0,/group/ctbrowngrp5/sourmash-db.new/gtdb-rs226/gtdb-rs226-k51.dna.rocksdb,GCF_963669125.1 Clostridium butyricum,aa3cfab54ff288eb7265ad859160be8b,0.004201680672268907,20000,142,27600000,outputs.mapping/bams.cds.rand/SRR17241595.x.s__UBA2868 sp004552595.fastq.gz,SRR17241595.x.s__UBA2868 sp004552595,15b9ab1e,37070000,51,DNA,10000,3707,True,0.8628230009513476,0.8982566722388579,0.8805398365951027,0.8982566722388579,True,348,30739,41554,d__Bacteria;p__Bacillota;c__Clostridia;o__Clostridiales;f__Clostridiaceae;g__Clostridium;s__Clostridium butyricum
30000,0.0008092797410304828,0.0072992700729927005,0.0005395198273536552,0.00014439043172739086,3.0,3.0,1.0,/group/ctbrowngrp5/sourmash-db.new/gtdb-rs226/gtdb-rs226-k51.dna.rocksdb,GCA_946187225.1 uncultured Lachnospira sp.,d5a3e02fb1ce8f239d78eade87901d20,0.010948905109489052,20000,143,27580000,outputs.mapping/bams.cds.rand/SRR17241595.x.s__UBA2868 sp004552595.fastq.gz,SRR17241595.x.s__UBA2868 sp004552595,15b9ab1e,37070000,51,DNA,10000,3707,True,0.8697100401343785,0.9152848799152251,0.8924974600248018,0.9152848799152251,True,6,30745,41554,d__Bacteria;p__Bacillota;c__Clostridia;o__Lachnospirales;f__Lachnospiraceae;g__UBA2821;s__UBA2821 sp902763335
20000,0.0005395198273536552,0.010471204188481676,0.0005395198273536552,0.000168455503681956,3.5,3.5,2.5,/group/ctbrowngrp5/sourmash-db.new/gtdb-rs226/gtdb-rs226-k51.dna.rocksdb,GCA_029339055.1 Eubacteriales bacterium,50213b77079d191e616c2dc1966bec19,0.010471204188481676,20000,144,27560000,outputs.mapping/bams.cds.rand/SRR17241595.x.s__UBA2868 sp004552595.fastq.gz,SRR17241595.x.s__UBA2868 sp004552595,15b9ab1e,37070000,51,DNA,10000,3707,True,0.8628230009513476,0.9144846171854688,0.8886538090684082,0.9144846171854688,True,7,30752,41554,d__Bacteria;p__Bacillota;c__Clostridia;o__Oscillospirales;f__Oscillospiraceae;g__Faecousia;s__Faecousia sp945963595
50000,0.001348799568384138,0.007633587786259542,0.0005395198273536552,0.0002647157915002166,5.5,5.5,4.5,/group/ctbrowngrp5/sourmash-db.new/gtdb-rs226/gtdb-rs226-k51.dna.rocksdb,GCF_002157465.1 Butyricicoccus porcorum,b8e2211de5f0390af151e33c9f4d9658,0.019083969465648856,20000,145,27540000,outputs.mapping/bams.cds.rand/SRR17241595.x.s__UBA2868 sp004552595.fastq.gz,SRR17241595.x.s__UBA2868 sp004552595,15b9ab1e,37070000,51,DNA,10000,3707,True,0.8784649924447565,0.9253107800755478,0.9018878862601521,0.9253107800755478,True,11,30763,41554,d__Bacteria;p__Bacillota;c__Clostridia;o__Oscillospirales;f__Butyricicoccaceae;g__Butyricicoccus_A;s__Butyricicoccus_A porcorum
20000,0.0005395198273536552,0.0057306590257879654,0.0005395198273536552,4.813014390913029e-05,1.0,1.0,0.0,/group/ctbrowngrp5/sourmash-db.new/gtdb-rs226/gtdb-rs226-k51.dna.rocksdb,GCA_034100205.1 Lachnospiraceae bacterium,c60628c38eeb023f6ae5d8fefeeaaf94,0.0057306590257879654,20000,146,27520000,outputs.mapping/bams.cds.rand/SRR17241595.x.s__UBA2868 sp004552595.fastq.gz,SRR17241595.x.s__UBA2868 sp004552595,15b9ab1e,37070000,51,DNA,10000,3707,True,0.8628230009513476,0.9037394215675933,0.8832812112594705,0.9037394215675933,True,2,30765,41554,d__Bacteria;p__Bacillota;c__Clostridia;o__Lachnospirales;f__Lachnospiraceae;g__CAKRHR01;s__CAKRHR01 sp022770525
20000,0.0005395198273536552,0.009478672985781991,0.0005395198273536552,0.0003128459354093469,6.5,6.5,5.5,/group/ctbrowngrp5/sourmash-db.new/gtdb-rs226/gtdb-rs226-k51.dna.rocksdb,GCA_945645715.1 uncultured Prevotellaceae bacterium,05eacdd16cbc05124f37992ff6f812de,0.009478672985781991,20000,147,27500000,outputs.mapping/bams.cds.rand/SRR17241595.x.s__UBA2868 sp004552595.fastq.gz,SRR17241595.x.s__UBA2868 sp004552595,15b9ab1e,37070000,51,DNA,10000,3707,True,0.8628230009513476,0.9127006990122944,0.887761849981821,0.9127006990122944,True,13,30778,41554,d__Bacteria;p__Bacteroidota;c__Bacteroidia;o__Bacteroidales;f__Muribaculaceae;g__CALZFJ01;s__CALZFJ01 sp945645715
130000,0.003506878877798759,0.004672897196261682,0.0005395198273536552,9.626028781826057e-05,2.0,2.0,1.0,/group/ctbrowngrp5/sourmash-db.new/gtdb-rs226/gtdb-rs226-k51.dna.rocksdb,GCA_004562005.1 bacterium,96578991664abd2275b71f54014299fa,0.030373831775700934,20000,148,27480000,outputs.mapping/bams.cds.rand/SRR17241595.x.s__UBA2868 sp004552595.fastq.gz,SRR17241595.x.s__UBA2868 sp004552595,15b9ab1e,37070000,51,DNA,10000,3707,True,0.8950786362306691,0.9337811224275805,0.9144298793291248,0.9337811224275805,False,4,30782,41554,d__Bacteria;p__Bacillota;c__Clostridia;o__Lachnospirales;f__Lachnospiraceae;g__Roseburia;s__Roseburia inulinivorans
20000,0.0005395198273536552,0.0070921985815602835,0.0005395198273536552,9.626028781826057e-05,2.0,2.0,1.0,/group/ctbrowngrp5/sourmash-db.new/gtdb-rs226/gtdb-rs226-k51.dna.rocksdb,GCA_016297945.1 Lachnospiraceae bacterium,e20b9079c4f902879613bb31f24183c7,0.0070921985815602835,20000,149,27460000,outputs.mapping/bams.cds.rand/SRR17241595.x.s__UBA2868 sp004552595.fastq.gz,SRR17241595.x.s__UBA2868 sp004552595,15b9ab1e,37070000,51,DNA,10000,3707,True,0.8628230009513476,0.9075246890445401,0.8851738449979438,0.9075246890445401,True,4,30786,41554,d__Bacteria;p__Bacillota;c__Clostridia;o__Lachnospirales;f__Lachnospiraceae;g__UBA2882;s__UBA2882 sp016297945
80000,0.002158079309414621,0.007194244604316547,0.0005395198273536552,0.000505366511045868,10.5,10.5,6.5,/group/ctbrowngrp5/sourmash-db.new/gtdb-rs226/gtdb-rs226-k51.dna.rocksdb,GCA_021152665.1 Lachnospiraceae bacterium,576277a8f54bfbff26321df1c076c312,0.02877697841726619,20000,150,27440000,outputs.mapping/bams.cds.rand/SRR17241595.x.s__UBA2868 sp004552595.fastq.gz,SRR17241595.x.s__UBA2868 sp004552595,15b9ab1e,37070000,51,DNA,10000,3707,True,0.8865981316882069,0.9327928313803595,0.9096954815342833,0.9327928313803595,False,21,30807,41554,d__Bacteria;p__Bacillota;c__Clostridia;o__Lachnospirales;f__Lachnospiraceae;g__Suilimivivens;s__Suilimivivens sp018384375
20000,0.0005395198273536552,0.005249343832020997,0.0005395198273536552,0.00040910622322760747,8.5,8.5,1.5,/group/ctbrowngrp5/sourmash-db.new/gtdb-rs226/gtdb-rs226-k51.dna.rocksdb,GCF_030825295.1 Faecalispora jeddahensis,7384ad031551f17a6b236b73b7313a3a,0.005249343832020997,20000,151,27420000,outputs.mapping/bams.cds.rand/SRR17241595.x.s__UBA2868 sp004552595.fastq.gz,SRR17241595.x.s__UBA2868 sp004552595,15b9ab1e,37070000,51,DNA,10000,3707,True,0.8628230009513476,0.9021861939660565,0.882504597458702,0.9021861939660565,True,17,30824,41554,d__Bacteria;p__Bacillota;c__Clostridia;o__Oscillospirales;f__Acutalibacteraceae;g__Faecalispora;s__Faecalispora jeddahensis
30000,0.0008092797410304828,0.00641025641025641,0.0005395198273536552,0.000168455503681956,3.5,3.5,1.5,/group/ctbrowngrp5/sourmash-db.new/gtdb-rs226/gtdb-rs226-k51.dna.rocksdb,GCA_008662295.1 Fusicatenibacter saccharivorans,047d316d25ad8344fc69f001a075c33b,0.009615384615384616,20000,152,27400000,outputs.mapping/bams.cds.rand/SRR17241595.x.s__UBA2868 sp004552595.fastq.gz,SRR17241595.x.s__UBA2868 sp004552595,15b9ab1e,37070000,51,DNA,10000,3707,True,0.8697100401343785,0.9129570079962835,0.8913335240653311,0.9129570079962835,True,7,30831,41554,d__Bacteria;p__Bacillota;c__Clostridia;o__Lachnospirales;f__Lachnospiraceae;g__Fusicatenibacter;s__Fusicatenibacter saccharivorans
50000,0.001348799568384138,0.005291005291005291,0.0005395198273536552,0.019685228858834287,409.0,409.0,408.0,/group/ctbrowngrp5/sourmash-db.new/gtdb-rs226/gtdb-rs226-k51.dna.rocksdb,GCA_004552745.1 Bacteroidales bacterium,3e08b90199a5db83c0a22b1dda3b56da,0.013227513227513227,20000,153,27380000,outputs.mapping/bams.cds.rand/SRR17241595.x.s__UBA2868 sp004552595.fastq.gz,SRR17241595.x.s__UBA2868 sp004552595,15b9ab1e,37070000,51,DNA,10000,3707,True,0.8784649924447565,0.9186841832521313,0.8985745878484439,0.9186841832521313,True,818,31649,41554,d__Bacteria;p__Bacteroidota;c__Bacteroidia;o__Bacteroidales;f__UBA932;g__Cryptobacteroides;s__Cryptobacteroides sp000433355
60000,0.0016185594820609657,0.011428571428571429,0.0005395198273536552,0.0005534966549549983,11.5,11.5,2.5,/group/ctbrowngrp5/sourmash-db.new/gtdb-rs226/gtdb-rs226-k51.dna.rocksdb,GCA_900766815.1 Lachnospiraceae bacterium,77009302a3303b77fd598d3a8f9d10b9,0.03428571428571429,20000,154,27360000,outputs.mapping/bams.cds.rand/SRR17241595.x.s__UBA2868 sp004552595.fastq.gz,SRR17241595.x.s__UBA2868 sp004552595,15b9ab1e,37070000,51,DNA,10000,3707,True,0.8816110656332161,0.9360018981188267,0.9088064818760214,0.9360018981188267,True,23,31672,41554,d__Bacteria;p__Bacillota;c__Clostridia;o__Lachnospirales;f__Lachnospiraceae;g__Colinaster;s__Colinaster sp900766815
30000,0.0008092797410304828,0.00625,0.0005395198273536552,0.00040910622322760747,8.5,8.5,2.5,/group/ctbrowngrp5/sourmash-db.new/gtdb-rs226/gtdb-rs226-k51.dna.rocksdb,GCA_034174545.1 Prevotella sp.,4587d0699dbdde2ac6f94c46a55f7844,0.009375,20000,155,27340000,outputs.mapping/bams.cds.rand/SRR17241595.x.s__UBA2868 sp004552595.fastq.gz,SRR17241595.x.s__UBA2868 sp004552595,15b9ab1e,37070000,51,DNA,10000,3707,True,0.8697100401343785,0.9125039034091399,0.8911069717717592,0.9125039034091399,True,17,31689,41554,d__Bacteria;p__Bacteroidota;c__Bacteroidia;o__Bacteroidales;f__Bacteroidaceae;g__Prevotella;s__Prevotella sp900546535
20000,0.0005395198273536552,0.006042296072507553,0.0005395198273536552,0.00019252057563652115,4.0,4.0,1.0,/group/ctbrowngrp5/sourmash-db.new/gtdb-rs226/gtdb-rs226-k51.dna.rocksdb,GCA_025542975.1 Faecalibacterium sp.,741c7ad8a15ad8ef5405d027f9f516e6,0.006042296072507553,20000,156,27320000,outputs.mapping/bams.cds.rand/SRR17241595.x.s__UBA2868 sp004552595.fastq.gz,SRR17241595.x.s__UBA2868 sp004552595,15b9ab1e,37070000,51,DNA,10000,3707,True,0.8628230009513476,0.9046782659018088,0.8837506334265781,0.9046782659018088,True,8,31697,41554,d__Bacteria;p__Bacillota;c__Clostridia;o__Christensenellales;f__Aristaeellaceae;g__UBA11524;s__UBA11524 sp000437595
1760000,0.04747774480712166,0.010526315789473684,0.0005395198273536552,0.0004331712951821726,9.0,9.0,2.0,/group/ctbrowngrp5/sourmash-db.new/gtdb-rs226/gtdb-rs226-k51.dna.rocksdb,GCA_945229155.1 uncultured Lachnospiraceae bacterium,35436ff03df467b46a8fa165b5b2fa60,0.9263157894736842,20000,157,27300000,outputs.mapping/bams.cds.rand/SRR17241595.x.s__UBA2868 sp004552595.fastq.gz,SRR17241595.x.s__UBA2868 sp004552595,15b9ab1e,37070000,51,DNA,10000,3707,True,0.9419954934935274,0.9985003397899463,0.9702479166417368,0.9985003397899463,False,18,31715,41554,d__Bacteria;p__Bacillota;c__Clostridia;o__Lachnospirales;f__Lachnospiraceae;g__UBA2868;s__UBA2868 sp004552595
40000,0.0010790396547073105,0.006622516556291391,0.0005395198273536552,0.0008663425903643452,18.0,18.0,15.0,/group/ctbrowngrp5/sourmash-db.new/gtdb-rs226/gtdb-rs226-k51.dna.rocksdb,GCA_003458745.1 Coprococcus eutactus,1c38bd141054ac07f81635c28f117873,0.013245033112582781,20000,158,27280000,outputs.mapping/bams.cds.rand/SRR17241595.x.s__UBA2868 sp004552595.fastq.gz,SRR17241595.x.s__UBA2868 sp004552595,15b9ab1e,37070000,51,DNA,10000,3707,True,0.8746297848924862,0.9187080266032169,0.8966689057478516,0.9187080266032169,True,36,31751,41554,d__Bacteria;p__Bacillota;c__Clostridia;o__Lachnospirales;f__Lachnospiraceae;g__Coprococcus;s__Coprococcus eutactus
20000,0.0005395198273536552,0.00784313725490196,0.0005395198273536552,9.626028781826057e-05,2.0,2.0,0.0,/group/ctbrowngrp5/sourmash-db.new/gtdb-rs226/gtdb-rs226-k51.dna.rocksdb,GCA_034100885.1 Lachnospiraceae bacterium,48bb0923e6d7bb2ea8421857ab060428,0.00784313725490196,20000,159,27260000,outputs.mapping/bams.cds.rand/SRR17241595.x.s__UBA2868 sp004552595.fastq.gz,SRR17241595.x.s__UBA2868 sp004552595,15b9ab1e,37070000,51,DNA,10000,3707,True,0.8628230009513476,0.9093173687616155,0.8860701848564816,0.9093173687616155,True,4,31755,41554,d__Bacteria;p__Bacillota;c__Clostridia;o__Lachnospirales;f__Lachnospiraceae;g__W0P33-017;s__W0P33-017 sp022768825
20000,0.0005395198273536552,0.00847457627118644,0.0005395198273536552,4.813014390913029e-05,1.0,1.0,0.0,/group/ctbrowngrp5/sourmash-db.new/gtdb-rs226/gtdb-rs226-k51.dna.rocksdb,GCA_034087185.1 Lentihominibacter sp.,3323c964f7c6452fc3d91bb49b151a94,0.00847457627118644,20000,160,27240000,outputs.mapping/bams.cds.rand/SRR17241595.x.s__UBA2868 sp004552595.fastq.gz,SRR17241595.x.s__UBA2868 sp004552595,15b9ab1e,37070000,51,DNA,10000,3707,True,0.8628230009513476,0.9106990060940067,0.8867610035226772,0.9106990060940067,True,2,31757,41554,d__Bacteria;p__Bacillota;c__Clostridia;o__Peptostreptococcales;f__Anaerovoracaceae;g__Lentihominibacter;s__Lentihominibacter sp022763735
60000,0.0016185594820609657,0.006369426751592357,0.0005395198273536552,0.002671222986956731,55.5,55.5,51.5,/group/ctbrowngrp5/sourmash-db.new/gtdb-rs226/gtdb-rs226-k51.dna.rocksdb,GCA_022773545.1 Prevotella sp.,4afae2f71eaa979d43e819866f0bc649,0.01910828025477707,20000,161,27220000,outputs.mapping/bams.cds.rand/SRR17241595.x.s__UBA2868 sp004552595.fastq.gz,SRR17241595.x.s__UBA2868 sp004552595,15b9ab1e,37070000,51,DNA,10000,3707,True,0.8816110656332161,0.9253338782009847,0.9034724719171003,0.9253338782009847,True,111,31868,41554,d__Bacteria;p__Bacteroidota;c__Bacteroidia;o__Bacteroidales;f__Bacteroidaceae;g__Prevotella;s__Prevotella sp022771625
30000,0.0008092797410304828,0.007168458781362007,0.0005395198273536552,0.00012032535977282572,2.5,2.5,0.5,/group/ctbrowngrp5/sourmash-db.new/gtdb-rs226/gtdb-rs226-k51.dna.rocksdb,GCA_945836135.1 uncultured Clostridia bacterium,3968af1d2cde80999e7655d49ec71ca7,0.010752688172043012,20000,162,27200000,outputs.mapping/bams.cds.rand/SRR17241595.x.s__UBA2868 sp004552595.fastq.gz,SRR17241595.x.s__UBA2868 sp004552595,15b9ab1e,37070000,51,DNA,10000,3707,True,0.8697100401343785,0.9149603940215936,0.892335217077986,0.9149603940215936,True,5,31873,41554,d__Bacteria;p__Bacillota;c__Clostridia;o__Lachnospirales;f__Lachnospiraceae;g__CAG-882;s__CAG-882 sp945836135
20000,0.0005395198273536552,0.012121212121212121,0.0005395198273536552,9.626028781826057e-05,2.0,2.0,0.0,/group/ctbrowngrp5/sourmash-db.new/gtdb-rs226/gtdb-rs226-k51.dna.rocksdb,GCA_029097145.1 Bacillota bacterium,04bdedc575eea8c4080d1b0e51f796db,0.012121212121212121,20000,163,27180000,outputs.mapping/bams.cds.rand/SRR17241595.x.s__UBA2868 sp004552595.fastq.gz,SRR17241595.x.s__UBA2868 sp004552595,15b9ab1e,37070000,51,DNA,10000,3707,True,0.8628230009513476,0.9171122018078474,0.8899676013795974,0.9171122018078474,True,4,31877,41554,d__Bacteria;p__Bacillota;c__Bacilli;o__Erysipelotrichales;f__Erysipelotrichaceae;g__JAHHTG01;s__JAHHTG01 sp029097145
30000,0.0008092797410304828,0.007547169811320755,0.0005395198273536552,0.0003128459354093469,6.5,6.5,0.5,/group/ctbrowngrp5/sourmash-db.new/gtdb-rs226/gtdb-rs226-k51.dna.rocksdb,GCA_004555965.1 Clostridiales bacterium,a221d5b664f7e8efb223b2cf126ca5be,0.011320754716981131,20000,164,27160000,outputs.mapping/bams.cds.rand/SRR17241595.x.s__UBA2868 sp004552595.fastq.gz,SRR17241595.x.s__UBA2868 sp004552595,15b9ab1e,37070000,51,DNA,10000,3707,True,0.8697100401343785,0.9158844672204532,0.8927972536774158,0.9158844672204532,True,13,31890,41554,d__Bacteria;p__Bacillota;c__Clostridia;o__Oscillospirales;f__Butyricicoccaceae;g__Butyricicoccus_A;s__Butyricicoccus_A porcorum
20000,0.0005395198273536552,0.002840909090909091,0.0002697599136768276,2.4065071954565144e-05,1.0,1.0,0.0,/group/ctbrowngrp5/sourmash-db.new/gtdb-rs226/gtdb-rs226-k51.dna.rocksdb,GCF_027697445.1 Mediterraneibacter gnavus,236040bd67007dd4d08974fe81001a8d,0.005681818181818182,10000,165,27150000,outputs.mapping/bams.cds.rand/SRR17241595.x.s__UBA2868 sp004552595.fastq.gz,SRR17241595.x.s__UBA2868 sp004552595,15b9ab1e,37070000,51,DNA,10000,3707,True,0.8628230009513476,0.9035877610647627,0.8832053810080551,0.9035877610647627,True,1,31891,41554,d__Bacteria;p__Bacillota;c__Clostridia;o__Lachnospirales;f__Lachnospiraceae;g__Ruminococcus_B;s__Ruminococcus_B gnavus
20000,0.0005395198273536552,0.0035587188612099642,0.0002697599136768276,0.0003850411512730423,16.0,16.0,0.0,/group/ctbrowngrp5/sourmash-db.new/gtdb-rs226/gtdb-rs226-k51.dna.rocksdb,GCF_000195275.1 Treponema succinifaciens DSM 2489,41efb6bb5c2a4b81743c44a22ec34568,0.0071174377224199285,10000,166,27140000,outputs.mapping/bams.cds.rand/SRR17241595.x.s__UBA2868 sp004552595.fastq.gz,SRR17241595.x.s__UBA2868 sp004552595,15b9ab1e,37070000,51,DNA,10000,3707,True,0.8628230009513476,0.9075879048179513,0.8852054528846494,0.9075879048179513,True,16,31907,41554,d__Bacteria;p__Spirochaetota;c__Spirochaetia;o__Treponematales;f__Treponemataceae;g__Treponema_D;s__Treponema_D succinifaciens
30000,0.0008092797410304828,0.002824858757062147,0.0002697599136768276,0.000168455503681956,7.0,7.0,0.0,/group/ctbrowngrp5/sourmash-db.new/gtdb-rs226/gtdb-rs226-k51.dna.rocksdb,GCA_937921925.1 uncultured Oscillibacter sp.,3987b2326a561c16e73f35d4a53bc918,0.00847457627118644,10000,167,27130000,outputs.mapping/bams.cds.rand/SRR17241595.x.s__UBA2868 sp004552595.fastq.gz,SRR17241595.x.s__UBA2868 sp004552595,15b9ab1e,37070000,51,DNA,10000,3707,True,0.8697100401343785,0.9106990060940067,0.8902045231141926,0.9106990060940067,True,7,31914,41554,d__Bacteria;p__Bacillota;c__Clostridia;o__Oscillospirales;f__Oscillospiraceae;g__Oscillibacter;s__Oscillibacter sp900544105
10000,0.0002697599136768276,0.004,0.0002697599136768276,2.4065071954565144e-05,1.0,1.0,0.0,/group/ctbrowngrp5/sourmash-db.new/gtdb-rs226/gtdb-rs226-k51.dna.rocksdb,GCA_945868325.1 uncultured Clostridia bacterium,b9537905530e8f5505089e6d49df7756,0.004,10000,168,27120000,outputs.mapping/bams.cds.rand/SRR17241595.x.s__UBA2868 sp004552595.fastq.gz,SRR17241595.x.s__UBA2868 sp004552595,15b9ab1e,37070000,51,DNA,10000,3707,True,0.8511755988989127,0.8973907082557256,0.8742831535773192,0.8973907082557256,True,1,31915,41554,d__Bacteria;p__Bacillota;c__Clostridia;o__Christensenellales;f__Aristaeellaceae;g__SFMI01;s__SFMI01 sp004556155
10000,0.0002697599136768276,0.005813953488372093,0.0002697599136768276,2.4065071954565144e-05,1.0,1.0,0.0,/group/ctbrowngrp5/sourmash-db.new/gtdb-rs226/gtdb-rs226-k51.dna.rocksdb,GCF_023110015.1 Streptococcus lutetiensis,93a6c4470f7e4cca89ac2cf8057ae8b4,0.005813953488372093,10000,169,27110000,outputs.mapping/bams.cds.rand/SRR17241595.x.s__UBA2868 sp004552595.fastq.gz,SRR17241595.x.s__UBA2868 sp004552595,15b9ab1e,37070000,51,DNA,10000,3707,True,0.8511755988989127,0.903995167535116,0.8775853832170144,0.903995167535116,True,1,31916,41554,d__Bacteria;p__Bacillota;c__Bacilli;o__Lactobacillales;f__Streptococcaceae;g__Streptococcus;s__Streptococcus lutetiensis
10000,0.0002697599136768276,0.0019267822736030828,0.0002697599136768276,0.0003850411512730423,16.0,16.0,0.0,/group/ctbrowngrp5/sourmash-db.new/gtdb-rs226/gtdb-rs226-k51.dna.rocksdb,GCF_008572045.1 Phocaeicola dorei,36c6eb542a6f88af91cfc212fdcc803c,0.0019267822736030828,10000,170,27100000,outputs.mapping/bams.cds.rand/SRR17241595.x.s__UBA2868 sp004552595.fastq.gz,SRR17241595.x.s__UBA2868 sp004552595,15b9ab1e,37070000,51,DNA,10000,3707,True,0.8511755988989127,0.8846295133115383,0.8679025561052255,0.8846295133115383,True,16,31932,41554,d__Bacteria;p__Bacteroidota;c__Bacteroidia;o__Bacteroidales;f__Bacteroidaceae;g__Phocaeicola;s__Phocaeicola dorei
10000,0.0002697599136768276,0.004347826086956522,0.0002697599136768276,0.0008182124464552149,34.0,34.0,0.0,/group/ctbrowngrp5/sourmash-db.new/gtdb-rs226/gtdb-rs226-k51.dna.rocksdb,GCA_959027845.1 uncultured Eubacteriales bacterium,82cebae598d6bc458bd368775c81fc1c,0.004347826086956522,10000,171,27090000,outputs.mapping/bams.cds.rand/SRR17241595.x.s__UBA2868 sp004552595.fastq.gz,SRR17241595.x.s__UBA2868 sp004552595,15b9ab1e,37070000,51,DNA,10000,3707,True,0.8511755988989127,0.8988590824149439,0.8750173406569284,0.8988590824149439,True,34,31966,41554,d__Bacteria;p__Bacillota;c__Clostridia;o__Oscillospirales;f__Oscillospiraceae;g__Evtepia;s__Evtepia excrementipullorum
10000,0.0002697599136768276,0.003968253968253968,0.0002697599136768276,0.0024546373393656445,102.0,102.0,0.0,/group/ctbrowngrp5/sourmash-db.new/gtdb-rs226/gtdb-rs226-k51.dna.rocksdb,GCF_025595025.1 Turicibacter sp. H121,9c3fcbd0b50e60b4dc8bc0100b9d8897,0.003968253968253968,10000,172,27080000,outputs.mapping/bams.cds.rand/SRR17241595.x.s__UBA2868 sp004552595.fastq.gz,SRR17241595.x.s__UBA2868 sp004552595,15b9ab1e,37070000,51,DNA,10000,3707,True,0.8511755988989127,0.8972505121216641,0.8742130555102884,0.8972505121216641,True,102,32068,41554,d__Bacteria;p__Bacillota;c__Bacilli;o__MOL361;f__Turicibacteraceae;g__Turicibacter;s__Turicibacter bilis
10000,0.0002697599136768276,0.0035335689045936395,0.0002697599136768276,0.00024065071954565144,10.0,10.0,0.0,/group/ctbrowngrp5/sourmash-db.new/gtdb-rs226/gtdb-rs226-k51.dna.rocksdb,GCA_029008875.1 Lachnospiraceae bacterium,025225a51598f0553c15472e72087e0c,0.0035335689045936395,10000,173,27070000,outputs.mapping/bams.cds.rand/SRR17241595.x.s__UBA2868 sp004552595.fastq.gz,SRR17241595.x.s__UBA2868 sp004552595,15b9ab1e,37070000,51,DNA,10000,3707,True,0.8511755988989127,0.8952117135678687,0.8731936562333906,0.8952117135678687,True,10,32078,41554,d__Bacteria;p__Bacillota;c__Clostridia;o__Lachnospirales;f__Lachnospiraceae;g__Agathobacter;s__Agathobacter sp029008875
50000,0.001348799568384138,0.0053475935828877,0.0002697599136768276,0.0002165856475910863,9.0,9.0,0.0,/group/ctbrowngrp5/sourmash-db.new/gtdb-rs226/gtdb-rs226-k51.dna.rocksdb,GCF_022465435.1 Campylobacter coli,78f40d71a5059a0b295cbf656366d268,0.026737967914438502,10000,174,27060000,outputs.mapping/bams.cds.rand/SRR17241595.x.s__UBA2868 sp004552595.fastq.gz,SRR17241595.x.s__UBA2868 sp004552595,15b9ab1e,37070000,51,DNA,10000,3707,True,0.8784649924447565,0.9314496424903252,0.9049573174675409,0.9314496424903252,True,9,32087,41554,d__Bacteria;p__Campylobacterota;c__Campylobacteria;o__Campylobacterales;f__Campylobacteraceae;g__Campylobacter_D;s__Campylobacter_D coli
10000,0.0002697599136768276,0.004672897196261682,0.0002697599136768276,2.4065071954565144e-05,1.0,1.0,0.0,/group/ctbrowngrp5/sourmash-db.new/gtdb-rs226/gtdb-rs226-k51.dna.rocksdb,GCF_001119425.1 Streptococcus pneumoniae,7fc0485781653e41776ee4d91e04e427,0.004672897196261682,10000,175,27050000,outputs.mapping/bams.cds.rand/SRR17241595.x.s__UBA2868 sp004552595.fastq.gz,SRR17241595.x.s__UBA2868 sp004552595,15b9ab1e,37070000,51,DNA,10000,3707,True,0.8511755988989127,0.9001307792101635,0.875653189054538,0.9001307792101635,True,1,32088,41554,d__Bacteria;p__Bacillota;c__Bacilli;o__Lactobacillales;f__Streptococcaceae;g__Streptococcus;s__Streptococcus pneumoniae
10000,0.0002697599136768276,0.004081632653061225,0.0002697599136768276,4.813014390913029e-05,2.0,2.0,0.0,/group/ctbrowngrp5/sourmash-db.new/gtdb-rs226/gtdb-rs226-k51.dna.rocksdb,GCA_945836765.1 uncultured Bacteroidales bacterium,67af34fa7922e53181f00a05aa7bc684,0.004081632653061225,10000,176,27040000,outputs.mapping/bams.cds.rand/SRR17241595.x.s__UBA2868 sp004552595.fastq.gz,SRR17241595.x.s__UBA2868 sp004552595,15b9ab1e,37070000,51,DNA,10000,3707,True,0.8511755988989127,0.897746263416111,0.8744609311575118,0.897746263416111,True,2,32090,41554,d__Bacteria;p__Bacteroidota;c__Bacteroidia;o__Bacteroidales;f__Bacteroidaceae;g__Alloprevotella;s__Alloprevotella sp004555055
10000,0.0002697599136768276,0.0044444444444444444,0.0002697599136768276,2.4065071954565144e-05,1.0,1.0,0.0,/group/ctbrowngrp5/sourmash-db.new/gtdb-rs226/gtdb-rs226-k51.dna.rocksdb,GCA_902789245.1 uncultured Bacteroidia bacterium,8078f237af09eefc6b7d8213b7dba3f4,0.0044444444444444444,10000,177,27030000,outputs.mapping/bams.cds.rand/SRR17241595.x.s__UBA2868 sp004552595.fastq.gz,SRR17241595.x.s__UBA2868 sp004552595,15b9ab1e,37070000,51,DNA,10000,3707,True,0.8511755988989127,0.8992465372686094,0.875211068083761,0.8992465372686094,True,1,32091,41554,d__Bacteria;p__Bacteroidota;c__Bacteroidia;o__Bacteroidales;f__UBA932;g__Cryptobacteroides;s__Cryptobacteroides sp902789245
10000,0.0002697599136768276,0.004545454545454545,0.0002697599136768276,2.4065071954565144e-05,1.0,1.0,0.0,/group/ctbrowngrp5/sourmash-db.new/gtdb-rs226/gtdb-rs226-k51.dna.rocksdb,GCF_037267135.1 Holdemanella sp.,a138438f8b73ebdaecb77031ecf0b635,0.004545454545454545,10000,178,27020000,outputs.mapping/bams.cds.rand/SRR17241595.x.s__UBA2868 sp004552595.fastq.gz,SRR17241595.x.s__UBA2868 sp004552595,15b9ab1e,37070000,51,DNA,10000,3707,True,0.8511755988989127,0.8996428723837347,0.8754092356413237,0.8996428723837347,True,1,32092,41554,d__Bacteria;p__Bacillota;c__Bacilli;o__Erysipelotrichales;f__Erysipelotrichaceae;g__Holdemanella;s__Holdemanella sp900556915
10000,0.0002697599136768276,0.0011862396204033216,0.0002697599136768276,2.4065071954565144e-05,1.0,1.0,0.0,/group/ctbrowngrp5/sourmash-db.new/gtdb-rs226/gtdb-rs226-k51.dna.rocksdb,GCF_040638345.1 Kribbella sp. NPDC026611,e7e01f8d500b61b192194946ef8e2a34,0.0011862396204033216,10000,179,27010000,outputs.mapping/bams.cds.rand/SRR17241595.x.s__UBA2868 sp004552595.fastq.gz,SRR17241595.x.s__UBA2868 sp004552595,15b9ab1e,37070000,51,DNA,10000,3707,True,0.8511755988989127,0.8762556512173197,0.8637156250581162,0.8762556512173197,True,1,32093,41554,d__Bacteria;p__Actinomycetota;c__Actinomycetes;o__Propionibacteriales;f__Kribbellaceae;g__Kribbella;s__Kribbella sp040638345
10000,0.0002697599136768276,0.0028735632183908046,0.0002697599136768276,2.4065071954565144e-05,1.0,1.0,0.0,/group/ctbrowngrp5/sourmash-db.new/gtdb-rs226/gtdb-rs226-k51.dna.rocksdb,GCA_041323695.1 Lachnospiraceae bacterium,69eb6432cd98d9772054f7f183064e89,0.0028735632183908046,10000,180,27000000,outputs.mapping/bams.cds.rand/SRR17241595.x.s__UBA2868 sp004552595.fastq.gz,SRR17241595.x.s__UBA2868 sp004552595,15b9ab1e,37070000,51,DNA,10000,3707,True,0.8511755988989127,0.891589844055826,0.8713827214773693,0.891589844055826,True,1,32094,41554,d__Bacteria;p__Bacillota;c__Clostridia;o__Lachnospirales;f__Lachnospiraceae;g__Jutongia;s__Jutongia sp003524945
20000,0.0005395198273536552,0.006060606060606061,0.0002697599136768276,2.4065071954565144e-05,1.0,1.0,0.0,/group/ctbrowngrp5/sourmash-db.new/gtdb-rs226/gtdb-rs226-k51.dna.rocksdb,GCF_036431815.1 Limosilactobacillus pontis,32cf60f1157686475765c2ddcde6e20a,0.012121212121212121,10000,181,26990000,outputs.mapping/bams.cds.rand/SRR17241595.x.s__UBA2868 sp004552595.fastq.gz,SRR17241595.x.s__UBA2868 sp004552595,15b9ab1e,37070000,51,DNA,10000,3707,True,0.8628230009513476,0.9171122018078474,0.8899676013795974,0.9171122018078474,True,1,32095,41554,d__Bacteria;p__Bacillota;c__Bacilli;o__Lactobacillales;f__Lactobacillaceae;g__Limosilactobacillus;s__Limosilactobacillus pontis
10000,0.0002697599136768276,0.014285714285714285,0.0002697599136768276,2.4065071954565144e-05,1.0,1.0,0.0,/group/ctbrowngrp5/sourmash-db.new/gtdb-rs226/gtdb-rs226-k51.dna.rocksdb,GCA_948631615.1 uncultured Metamycoplasma sp.,8577eb61716f9e7e3ef685fe0031b889,0.014285714285714285,10000,182,26980000,outputs.mapping/bams.cds.rand/SRR17241595.x.s__UBA2868 sp004552595.fastq.gz,SRR17241595.x.s__UBA2868 sp004552595,15b9ab1e,37070000,51,DNA,10000,3707,True,,,,,True,1,32096,41554,d__Bacteria;p__Bacillota;c__Bacilli;o__Mycoplasmatales;f__Metamycoplasmataceae;g__UBA710;s__UBA710 sp002298905
10000,0.0002697599136768276,0.0072992700729927005,0.0002697599136768276,2.4065071954565144e-05,1.0,1.0,0.0,/group/ctbrowngrp5/sourmash-db.new/gtdb-rs226/gtdb-rs226-k51.dna.rocksdb,GCA_902466995.1 uncultured Eubacteriales bacterium,febe557d64c8ccbdb93948887b086130,0.0072992700729927005,10000,183,26970000,outputs.mapping/bams.cds.rand/SRR17241595.x.s__UBA2868 sp004552595.fastq.gz,SRR17241595.x.s__UBA2868 sp004552595,15b9ab1e,37070000,51,DNA,10000,3707,True,0.8511755988989127,0.908036943774764,0.8796062713368383,0.908036943774764,True,1,32097,41554,d__Bacteria;p__Bacillota;c__Clostridia;o__Monoglobales;f__Monoglobaceae;g__Monoglobus;s__Monoglobus sp900554105
10000,0.0002697599136768276,0.003076923076923077,0.0002697599136768276,7.219521586369543e-05,3.0,3.0,0.0,/group/ctbrowngrp5/sourmash-db.new/gtdb-rs226/gtdb-rs226-k51.dna.rocksdb,GCA_944384205.1 uncultured Acetatifactor sp.,26d0d8bf1b3f31f3c5f386f3b009359e,0.003076923076923077,10000,184,26960000,outputs.mapping/bams.cds.rand/SRR17241595.x.s__UBA2868 sp004552595.fastq.gz,SRR17241595.x.s__UBA2868 sp004552595,15b9ab1e,37070000,51,DNA,10000,3707,True,0.8511755988989127,0.8927860281881085,0.8719808135435105,0.8927860281881085,True,3,32100,41554,d__Bacteria;p__Bacillota;c__Clostridia;o__Lachnospirales;f__Lachnospiraceae;g__Acetatifactor;s__Acetatifactor sp944384205
10000,0.0002697599136768276,0.004975124378109453,0.0002697599136768276,0.0002165856475910863,9.0,9.0,0.0,/group/ctbrowngrp5/sourmash-db.new/gtdb-rs226/gtdb-rs226-k51.dna.rocksdb,GCA_945947555.1 uncultured Clostridia bacterium,9aab5842e5c93efba6b9ae3977ffb937,0.004975124378109453,10000,185,26950000,outputs.mapping/bams.cds.rand/SRR17241595.x.s__UBA2868 sp004552595.fastq.gz,SRR17241595.x.s__UBA2868 sp004552595,15b9ab1e,37070000,51,DNA,10000,3707,True,0.8511755988989127,0.9012375805331682,0.8762065897160405,0.9012375805331682,True,9,32109,41554,d__Bacteria;p__Bacillota;c__Clostridia;o__Oscillospirales;f__Oscillospiraceae;g__CAG-103;s__CAG-103 sp004556965
10000,0.0002697599136768276,0.005813953488372093,0.0002697599136768276,2.4065071954565144e-05,1.0,1.0,0.0,/group/ctbrowngrp5/sourmash-db.new/gtdb-rs226/gtdb-rs226-k51.dna.rocksdb,GCF_021600245.1 Lactobacillus delbrueckii,fc366aaec6e6cefd2811f7035978afe1,0.005813953488372093,10000,186,26940000,outputs.mapping/bams.cds.rand/SRR17241595.x.s__UBA2868 sp004552595.fastq.gz,SRR17241595.x.s__UBA2868 sp004552595,15b9ab1e,37070000,51,DNA,10000,3707,True,0.8511755988989127,0.903995167535116,0.8775853832170144,0.903995167535116,True,1,32110,41554,d__Bacteria;p__Bacillota;c__Bacilli;o__Lactobacillales;f__Lactobacillaceae;g__Lactobacillus;s__Lactobacillus delbrueckii
20000,0.0005395198273536552,0.0023752969121140144,0.0002697599136768276,2.4065071954565144e-05,1.0,1.0,0.0,/group/ctbrowngrp5/sourmash-db.new/gtdb-rs226/gtdb-rs226-k51.dna.rocksdb,GCA_023497945.1 Flavonifractor plautii,15d626622e06e9d0d96ba36655287677,0.004750593824228029,10000,187,26930000,outputs.mapping/bams.cds.rand/SRR17241595.x.s__UBA2868 sp004552595.fastq.gz,SRR17241595.x.s__UBA2868 sp004552595,15b9ab1e,37070000,51,DNA,10000,3707,True,0.8628230009513476,0.900421874941803,0.8816224379465754,0.900421874941803,True,1,32111,41554,d__Bacteria;p__Bacillota;c__Clostridia;o__Oscillospirales;f__Oscillospiraceae;g__Flavonifractor;s__Flavonifractor plautii
10000,0.0002697599136768276,0.006535947712418301,0.0002697599136768276,2.4065071954565144e-05,1.0,1.0,0.0,/group/ctbrowngrp5/sourmash-db.new/gtdb-rs226/gtdb-rs226-k51.dna.rocksdb,GCA_945931585.1 uncultured Clostridia bacterium,f088b1a55189ec5602a37ccf43aea363,0.006535947712418301,10000,188,26920000,outputs.mapping/bams.cds.rand/SRR17241595.x.s__UBA2868 sp004552595.fastq.gz,SRR17241595.x.s__UBA2868 sp004552595,15b9ab1e,37070000,51,DNA,10000,3707,True,0.8511755988989127,0.9060724242444924,0.8786240115717026,0.9060724242444924,True,1,32112,41554,d__Bacteria;p__Bacillota;c__Clostridia;o__Oscillospirales;f__Butyricicoccaceae;g__Butyricicoccus_A;s__Butyricicoccus_A sp945872165
30000,0.0008092797410304828,0.003115264797507788,0.0002697599136768276,4.813014390913029e-05,2.0,2.0,0.0,/group/ctbrowngrp5/sourmash-db.new/gtdb-rs226/gtdb-rs226-k51.dna.rocksdb,GCF_040929845.1 Anaerotruncus rubiinfantis,89c8a42fdeb9ad17d034ec0110c60d3b,0.009345794392523364,10000,189,26910000,outputs.mapping/bams.cds.rand/SRR17241595.x.s__UBA2868 sp004552595.fastq.gz,SRR17241595.x.s__UBA2868 sp004552595,15b9ab1e,37070000,51,DNA,10000,3707,True,0.8697100401343785,0.9124480790702567,0.8910790596023176,0.9124480790702567,True,2,32114,41554,d__Bacteria;p__Bacillota;c__Clostridia;o__Oscillospirales;f__Ruminococcaceae;g__Anaerotruncus;s__Anaerotruncus rubiinfantis
20000,0.0005395198273536552,0.0037735849056603774,0.0002697599136768276,4.813014390913029e-05,2.0,2.0,0.0,/group/ctbrowngrp5/sourmash-db.new/gtdb-rs226/gtdb-rs226-k51.dna.rocksdb,GCA_948881575.1 uncultured Lachnospiraceae bacterium,813035419d5aa2879cf2e48da503869d,0.007547169811320755,10000,190,26900000,outputs.mapping/bams.cds.rand/SRR17241595.x.s__UBA2868 sp004552595.fastq.gz,SRR17241595.x.s__UBA2868 sp004552595,15b9ab1e,37070000,51,DNA,10000,3707,True,0.8628230009513476,0.9086317830822983,0.8857273920168229,0.9086317830822983,True,2,32116,41554,d__Bacteria;p__Bacillota;c__Clostridia;o__Lachnospirales;f__Lachnospiraceae;g__CAG-632;s__CAG-632 sp910587045
30000,0.0008092797410304828,0.002398081534772182,0.0002697599136768276,7.219521586369543e-05,3.0,3.0,0.0,/group/ctbrowngrp5/sourmash-db.new/gtdb-rs226/gtdb-rs226-k51.dna.rocksdb,GCA_017621545.1 Lachnospiraceae bacterium,10b78ac2c0831b03e5eb887abaf5b2dd,0.007194244604316547,10000,191,26890000,outputs.mapping/bams.cds.rand/SRR17241595.x.s__UBA2868 sp004552595.fastq.gz,SRR17241595.x.s__UBA2868 sp004552595,15b9ab1e,37070000,51,DNA,10000,3707,True,0.8697100401343785,0.9077789375722995,0.888744488853339,0.9077789375722995,True,3,32119,41554,d__Bacteria;p__Bacillota;c__Clostridia;o__Lachnospirales;f__Lachnospiraceae;g__COE1;s__COE1 sp017622845
10000,0.0002697599136768276,0.0025252525252525255,0.0002697599136768276,2.4065071954565144e-05,1.0,1.0,0.0,/group/ctbrowngrp5/sourmash-db.new/gtdb-rs226/gtdb-rs226-k51.dna.rocksdb,GCA_948490215.1 uncultured Lachnospiraceae bacterium,f0c5d78e78e9eb4043e6c53785629eab,0.0025252525252525255,10000,192,26880000,outputs.mapping/bams.cds.rand/SRR17241595.x.s__UBA2868 sp004552595.fastq.gz,SRR17241595.x.s__UBA2868 sp004552595,15b9ab1e,37070000,51,DNA,10000,3707,True,0.8511755988989127,0.8893338038099182,0.8702547013544155,0.8893338038099182,True,1,32120,41554,d__Bacteria;p__Bacillota;c__Clostridia;o__Lachnospirales;f__Lachnospiraceae;g__Suilimivivens;s__Suilimivivens sp009917455
10000,0.0002697599136768276,0.004273504273504274,0.0002697599136768276,0.0006978870866823891,29.0,29.0,0.0,/group/ctbrowngrp5/sourmash-db.new/gtdb-rs226/gtdb-rs226-k51.dna.rocksdb,GCA_034113185.1 Alloprevotella sp.,1fe92a167f6a6086e1b2c3fa479d8538,0.004273504273504274,10000,193,26870000,outputs.mapping/bams.cds.rand/SRR17241595.x.s__UBA2868 sp004552595.fastq.gz,SRR17241595.x.s__UBA2868 sp004552595,15b9ab1e,37070000,51,DNA,10000,3707,True,0.8511755988989127,0.8985552523193859,0.8748654256091493,0.8985552523193859,True,29,32149,41554,d__Bacteria;p__Bacteroidota;c__Bacteroidia;o__Bacteroidales;f__Bacteroidaceae;g__Alloprevotella;s__Alloprevotella sp004555425
10000,0.0002697599136768276,0.0035335689045936395,0.0002697599136768276,0.00024065071954565144,10.0,10.0,0.0,/group/ctbrowngrp5/sourmash-db.new/gtdb-rs226/gtdb-rs226-k51.dna.rocksdb,GCA_022764385.1 Treponema sp.,2e625df7d285fbc203a236d45a080392,0.0035335689045936395,10000,194,26860000,outputs.mapping/bams.cds.rand/SRR17241595.x.s__UBA2868 sp004552595.fastq.gz,SRR17241595.x.s__UBA2868 sp004552595,15b9ab1e,37070000,51,DNA,10000,3707,True,0.8511755988989127,0.8952117135678687,0.8731936562333906,0.8952117135678687,True,10,32159,41554,d__Bacteria;p__Spirochaetota;c__Spirochaetia;o__Treponematales;f__Treponemataceae;g__Treponema_D;s__Treponema_D sp002395155
10000,0.0002697599136768276,0.00510204081632653,0.0002697599136768276,2.4065071954565144e-05,1.0,1.0,0.0,/group/ctbrowngrp5/sourmash-db.new/gtdb-rs226/gtdb-rs226-k51.dna.rocksdb,GCF_900542415.1 uncultured Ruminococcus sp.,85793ad68482b56b413487ec84862142,0.00510204081632653,10000,195,26850000,outputs.mapping/bams.cds.rand/SRR17241595.x.s__UBA2868 sp004552595.fastq.gz,SRR17241595.x.s__UBA2868 sp004552595,15b9ab1e,37070000,51,DNA,10000,3707,True,0.8511755988989127,0.9016828355623467,0.8764292172306297,0.9016828355623467,True,1,32160,41554,d__Bacteria;p__Bacillota;c__Clostridia;o__Oscillospirales;f__Acutalibacteraceae;g__Ruminococcoides;s__Ruminococcoides bromii
10000,0.0002697599136768276,0.002967359050445104,0.0002697599136768276,7.219521586369543e-05,3.0,3.0,0.0,/group/ctbrowngrp5/sourmash-db.new/gtdb-rs226/gtdb-rs226-k51.dna.rocksdb,GCA_934338905.1 uncultured Lachnospiraceae bacterium,7f6b656657fb42c0d2990849c03473cd,0.002967359050445104,10000,196,26840000,outputs.mapping/bams.cds.rand/SRR17241595.x.s__UBA2868 sp004552595.fastq.gz,SRR17241595.x.s__UBA2868 sp004552595,15b9ab1e,37070000,51,DNA,10000,3707,True,0.8511755988989127,0.8921515398170204,0.8716635693579666,0.8921515398170204,True,3,32163,41554,d__Bacteria;p__Bacillota;c__Clostridia;o__Lachnospirales;f__Lachnospiraceae;g__Butyribacter;s__Butyribacter sp934320845
10000,0.0002697599136768276,0.0051813471502590676,0.0002697599136768276,4.813014390913029e-05,2.0,2.0,0.0,/group/ctbrowngrp5/sourmash-db.new/gtdb-rs226/gtdb-rs226-k51.dna.rocksdb,GCA_028720665.1 Bacillota bacterium,007f5a5fb34d3bb0faba6d4e6a4ddfa1,0.0051813471502590676,10000,197,26830000,outputs.mapping/bams.cds.rand/SRR17241595.x.s__UBA2868 sp004552595.fastq.gz,SRR17241595.x.s__UBA2868 sp004552595,15b9ab1e,37070000,51,DNA,10000,3707,True,0.8511755988989127,0.9019555822980565,0.8765655905984846,0.9019555822980565,True,2,32165,41554,d__Bacteria;p__Bacillota;c__Clostridia;o__Peptostreptococcales;f__Anaerovoracaceae;g__Lentihominibacter;s__Lentihominibacter sp022773945
10000,0.0002697599136768276,0.004201680672268907,0.0002697599136768276,4.813014390913029e-05,2.0,2.0,0.0,/group/ctbrowngrp5/sourmash-db.new/gtdb-rs226/gtdb-rs226-k51.dna.rocksdb,GCA_022771765.1 Lachnospiraceae bacterium,89e37af22687d4e5df878607f371d859,0.004201680672268907,10000,198,26820000,outputs.mapping/bams.cds.rand/SRR17241595.x.s__UBA2868 sp004552595.fastq.gz,SRR17241595.x.s__UBA2868 sp004552595,15b9ab1e,37070000,51,DNA,10000,3707,True,0.8511755988989127,0.8982566722388579,0.8747161355688853,0.8982566722388579,True,2,32167,41554,d__Bacteria;p__Bacillota;c__Clostridia;o__Lachnospirales;f__Lachnospiraceae;g__W0P33-017;s__W0P33-017 sp022771765
10000,0.0002697599136768276,0.009433962264150943,0.0002697599136768276,4.813014390913029e-05,2.0,2.0,0.0,/group/ctbrowngrp5/sourmash-db.new/gtdb-rs226/gtdb-rs226-k51.dna.rocksdb,GCA_934168255.1 uncultured Bacilli bacterium,4f575d655b5a2a8609a920348ea402d6,0.009433962264150943,10000,199,26810000,outputs.mapping/bams.cds.rand/SRR17241595.x.s__UBA2868 sp004552595.fastq.gz,SRR17241595.x.s__UBA2868 sp004552595,15b9ab1e,37070000,51,DNA,10000,3707,True,0.8511755988989127,0.9126160876839744,0.8818958432914435,0.9126160876839744,True,2,32169,41554,d__Bacteria;p__Bacillota;c__Bacilli;o__RF39;f__UBA660;g__Aphodocola;s__Aphodocola sp900772415
60000,0.0016185594820609657,0.0025974025974025974,0.0002697599136768276,4.813014390913029e-05,2.0,2.0,0.0,/group/ctbrowngrp5/sourmash-db.new/gtdb-rs226/gtdb-rs226-k51.dna.rocksdb,GCF_039837555.1 Blautia wexlerae,10fe3de07974b79348bff1ab2eef3cf1,0.015584415584415584,10000,200,26800000,outputs.mapping/bams.cds.rand/SRR17241595.x.s__UBA2868 sp004552595.fastq.gz,SRR17241595.x.s__UBA2868 sp004552595,15b9ab1e,37070000,51,DNA,10000,3707,True,0.8816110656332161,0.9216426399128053,0.9016268527730107,0.9216426399128053,True,2,32171,41554,d__Bacteria;p__Bacillota;c__Clostridia;o__Lachnospirales;f__Lachnospiraceae;g__Blautia_A;s__Blautia_A wexlerae
10000,0.0002697599136768276,0.004048582995951417,0.0002697599136768276,0.000168455503681956,7.0,7.0,0.0,/group/ctbrowngrp5/sourmash-db.new/gtdb-rs226/gtdb-rs226-k51.dna.rocksdb,GCA_949153875.1 bacterium 1xD42-87,3ecc21955ebf16ad65c64d0963f49dd8,0.004048582995951417,10000,201,26790000,outputs.mapping/bams.cds.rand/SRR17241595.x.s__UBA2868 sp004552595.fastq.gz,SRR17241595.x.s__UBA2868 sp004552595,15b9ab1e,37070000,51,DNA,10000,3707,True,0.8511755988989127,0.8976031612871362,0.8743893800930245,0.8976031612871362,True,7,32178,41554,d__Bacteria;p__Bacillota;c__Clostridia;o__Lachnospirales;f__Lachnospiraceae;g__UBA3282;s__UBA3282 sp003611805
10000,0.0002697599136768276,0.006024096385542169,0.0002697599136768276,2.4065071954565144e-05,1.0,1.0,0.0,/group/ctbrowngrp5/sourmash-db.new/gtdb-rs226/gtdb-rs226-k51.dna.rocksdb,GCA_963597495.1 Flexilinea sp.,201b2dec284d0e4db10d87c6f8202dc9,0.006024096385542169,10000,202,26780000,outputs.mapping/bams.cds.rand/SRR17241595.x.s__UBA2868 sp004552595.fastq.gz,SRR17241595.x.s__UBA2868 sp004552595,15b9ab1e,37070000,51,DNA,10000,3707,True,0.8511755988989127,0.9046247567664416,0.8779001778326772,0.9046247567664416,True,1,32179,41554,d__Bacteria;p__Bacillota;c__Clostridia;o__Oscillospirales;f__CAG-272;g__UBA7573;s__UBA7573 sp002477905
10000,0.0002697599136768276,0.003367003367003367,0.0002697599136768276,4.813014390913029e-05,2.0,2.0,0.0,/group/ctbrowngrp5/sourmash-db.new/gtdb-rs226/gtdb-rs226-k51.dna.rocksdb,GCF_002300465.1 Fibrobacter sp. NR9,a7efd02fa2fb0aab3a7ce7e3dd215aa3,0.003367003367003367,10000,203,26770000,outputs.mapping/bams.cds.rand/SRR17241595.x.s__UBA2868 sp004552595.fastq.gz,SRR17241595.x.s__UBA2868 sp004552595,15b9ab1e,37070000,51,DNA,10000,3707,True,0.8511755988989127,0.8943645555749845,0.8727700772369487,0.8943645555749845,True,2,32181,41554,d__Bacteria;p__Fibrobacterota;c__Fibrobacteria;o__Fibrobacterales;f__Fibrobacteraceae;g__Hallerella;s__Hallerella intestinalis
10000,0.0002697599136768276,0.005988023952095809,0.0002697599136768276,2.4065071954565144e-05,1.0,1.0,0.0,/group/ctbrowngrp5/sourmash-db.new/gtdb-rs226/gtdb-rs226-k51.dna.rocksdb,GCA_034094035.1 Candidatus Egerieousia sp.,6772d291cb618e7fe0b13e490b685889,0.005988023952095809,10000,204,26760000,outputs.mapping/bams.cds.rand/SRR17241595.x.s__UBA2868 sp004552595.fastq.gz,SRR17241595.x.s__UBA2868 sp004552595,15b9ab1e,37070000,51,DNA,10000,3707,True,0.8511755988989127,0.9045182297439633,0.877846914321438,0.9045182297439633,True,1,32182,41554,d__Bacteria;p__Bacteroidota;c__Bacteroidia;o__Bacteroidales;f__UBA932;g__Egerieousia;s__Egerieousia sp004561775
10000,0.0002697599136768276,0.006097560975609756,0.0002697599136768276,0.0005294315830004332,22.0,22.0,0.0,/group/ctbrowngrp5/sourmash-db.new/gtdb-rs226/gtdb-rs226-k51.dna.rocksdb,GCA_004558825.1 Clostridiales bacterium,12a92cec39cf7125a02fc53e50ee926b,0.006097560975609756,10000,205,26750000,outputs.mapping/bams.cds.rand/SRR17241595.x.s__UBA2868 sp004552595.fastq.gz,SRR17241595.x.s__UBA2868 sp004552595,15b9ab1e,37070000,51,DNA,10000,3707,True,0.8511755988989127,0.9048397878646056,0.8780076933817591,0.9048397878646056,True,22,32204,41554,d__Bacteria;p__Bacillota;c__Clostridia;o__Christensenellales;f__CAG-138;g__SFDB01;s__SFDB01 sp004558825
10000,0.0002697599136768276,0.00411522633744856,0.0002697599136768276,2.4065071954565144e-05,1.0,1.0,0.0,/group/ctbrowngrp5/sourmash-db.new/gtdb-rs226/gtdb-rs226-k51.dna.rocksdb,GCA_034086765.1 Lachnospiraceae bacterium,5405a0205cc895b0e6d5894e9d56d4a9,0.00411522633744856,10000,206,26740000,outputs.mapping/bams.cds.rand/SRR17241595.x.s__UBA2868 sp004552595.fastq.gz,SRR17241595.x.s__UBA2868 sp004552595,15b9ab1e,37070000,51,DNA,10000,3707,True,0.8511755988989127,0.8978905616220562,0.8745330802604845,0.8978905616220562,True,1,32205,41554,d__Bacteria;p__Bacillota;c__Clostridia;o__Lachnospirales;f__Lachnospiraceae;g__Bovifimicola;s__Bovifimicola sp900314555
10000,0.0002697599136768276,0.004201680672268907,0.0002697599136768276,2.4065071954565144e-05,1.0,1.0,0.0,/group/ctbrowngrp5/sourmash-db.new/gtdb-rs226/gtdb-rs226-k51.dna.rocksdb,GCA_018385425.1 Acetatifactor sp.,0b4b3e66f0c4ced35710e27de2615813,0.004201680672268907,10000,207,26730000,outputs.mapping/bams.cds.rand/SRR17241595.x.s__UBA2868 sp004552595.fastq.gz,SRR17241595.x.s__UBA2868 sp004552595,15b9ab1e,37070000,51,DNA,10000,3707,True,0.8511755988989127,0.8982566722388579,0.8747161355688853,0.8982566722388579,True,1,32206,41554,d__Bacteria;p__Bacillota;c__Clostridia;o__Lachnospirales;f__Lachnospiraceae;g__Acetatifactor;s__Acetatifactor sp018385425
10000,0.0002697599136768276,0.0037313432835820895,0.0002697599136768276,2.4065071954565144e-05,1.0,1.0,0.0,/group/ctbrowngrp5/sourmash-db.new/gtdb-rs226/gtdb-rs226-k51.dna.rocksdb,GCA_945936115.1 uncultured Lachnospiraceae bacterium,8b8d5bc2935828c0e22d48f7a472f5ff,0.0037313432835820895,10000,208,26720000,outputs.mapping/bams.cds.rand/SRR17241595.x.s__UBA2868 sp004552595.fastq.gz,SRR17241595.x.s__UBA2868 sp004552595,15b9ab1e,37070000,51,DNA,10000,3707,True,0.8511755988989127,0.8961681683781925,0.8736718836385526,0.8961681683781925,True,1,32207,41554,d__Bacteria;p__Bacillota;c__Clostridia;o__Lachnospirales;f__Lachnospiraceae;g__UBA3282;s__UBA3282 sp022781395
30000,0.0008092797410304828,0.0037593984962406013,0.0002697599136768276,2.4065071954565144e-05,1.0,1.0,0.0,/group/ctbrowngrp5/sourmash-db.new/gtdb-rs226/gtdb-rs226-k51.dna.rocksdb,GCA_900760125.1 Oscillospiraceae bacterium,f819f8092acc6e37ed9a1dcd851bb038,0.011278195488721804,10000,209,26710000,outputs.mapping/bams.cds.rand/SRR17241595.x.s__UBA2868 sp004552595.fastq.gz,SRR17241595.x.s__UBA2868 sp004552595,15b9ab1e,37070000,51,DNA,10000,3707,True,0.8697100401343785,0.9158168292653892,0.8927634346998838,0.9158168292653892,True,1,32208,41554,d__Bacteria;p__Bacillota;c__Clostridia;o__Oscillospirales;f__Ruminococcaceae;g__Faeciplasma;s__Faeciplasma sp900760125
30000,0.0008092797410304828,0.0034965034965034965,0.0002697599136768276,0.00012032535977282572,5.0,5.0,0.0,/group/ctbrowngrp5/sourmash-db.new/gtdb-rs226/gtdb-rs226-k51.dna.rocksdb,GCF_034116265.1 Frisingicoccus sp.,0bc88f9b1977bc6cdc6271b3344f45f1,0.01048951048951049,10000,210,26700000,outputs.mapping/bams.cds.rand/SRR17241595.x.s__UBA2868 sp004552595.fastq.gz,SRR17241595.x.s__UBA2868 sp004552595,15b9ab1e,37070000,51,DNA,10000,3707,True,0.8697100401343785,0.9145159383777013,0.8921129892560399,0.9145159383777013,True,5,32213,41554,d__Bacteria;p__Bacillota;c__Clostridia;o__Lachnospirales;f__Lachnospiraceae;g__Frisingicoccus;s__Frisingicoccus sp016298055
10000,0.0002697599136768276,0.004901960784313725,0.0002697599136768276,4.813014390913029e-05,2.0,2.0,0.0,/group/ctbrowngrp5/sourmash-db.new/gtdb-rs226/gtdb-rs226-k51.dna.rocksdb,GCA_949283065.1 uncultured Eubacteriales bacterium,432d109677e74b8a12a3d8853015ca59,0.004901960784313725,10000,211,26690000,outputs.mapping/bams.cds.rand/SRR17241595.x.s__UBA2868 sp004552595.fastq.gz,SRR17241595.x.s__UBA2868 sp004552595,15b9ab1e,37070000,51,DNA,10000,3707,True,0.8511755988989127,0.9009758163577729,0.8760757076283427,0.9009758163577729,True,2,32215,41554,d__Bacteria;p__Bacillota;c__Clostridia;o__Oscillospirales;f__Oscillospiraceae;g__Faecousia;s__Faecousia intestinavium
10000,0.0002697599136768276,0.00398406374501992,0.0002697599136768276,0.00014439043172739086,6.0,6.0,0.0,/group/ctbrowngrp5/sourmash-db.new/gtdb-rs226/gtdb-rs226-k51.dna.rocksdb,GCA_945927885.1 uncultured Prevotellaceae bacterium,4f7bc0ed188ac92b11a261a43ace5a0c,0.00398406374501992,10000,212,26680000,outputs.mapping/bams.cds.rand/SRR17241595.x.s__UBA2868 sp004552595.fastq.gz,SRR17241595.x.s__UBA2868 sp004552595,15b9ab1e,37070000,51,DNA,10000,3707,True,0.8511755988989127,0.8973204678127464,0.8742480333558296,0.8973204678127464,True,6,32221,41554,d__Bacteria;p__Bacteroidota;c__Bacteroidia;o__Bacteroidales;f__Bacteroidaceae;g__Prevotella;s__Prevotella sp945941025
10000,0.0002697599136768276,0.004098360655737705,0.0002697599136768276,2.4065071954565144e-05,1.0,1.0,0.0,/group/ctbrowngrp5/sourmash-db.new/gtdb-rs226/gtdb-rs226-k51.dna.rocksdb,GCA_937981855.1 uncultured Clostridia bacterium,100c46d0e2fa119fafd12cb93165c933,0.004098360655737705,10000,213,26670000,outputs.mapping/bams.cds.rand/SRR17241595.x.s__UBA2868 sp004552595.fastq.gz,SRR17241595.x.s__UBA2868 sp004552595,15b9ab1e,37070000,51,DNA,10000,3707,True,0.8511755988989127,0.8978182617731918,0.8744969303360522,0.8978182617731918,True,1,32222,41554,d__Bacteria;p__Bacillota;c__Clostridia;o__Christensenellales;f__Aristaeellaceae;g__Faecivicinus;s__Faecivicinus sp900553265
10000,0.0002697599136768276,0.005780346820809248,0.0002697599136768276,9.626028781826057e-05,4.0,4.0,0.0,/group/ctbrowngrp5/sourmash-db.new/gtdb-rs226/gtdb-rs226-k51.dna.rocksdb,GCA_031549605.1 Oscillospiraceae bacterium,e569e4849b1225488a75f7a283855cc9,0.005780346820809248,10000,214,26660000,outputs.mapping/bams.cds.rand/SRR17241595.x.s__UBA2868 sp004552595.fastq.gz,SRR17241595.x.s__UBA2868 sp004552595,15b9ab1e,37070000,51,DNA,10000,3707,True,0.8511755988989127,0.9038924171716131,0.8775340080352629,0.9038924171716131,True,4,32226,41554,d__Bacteria;p__Bacillota;c__Clostridia;o__Oscillospirales;f__UBA929;g__WRAI01;s__WRAI01 sp031549605
10000,0.0002697599136768276,0.003663003663003663,0.0002697599136768276,0.0002647157915002166,11.0,11.0,0.0,/group/ctbrowngrp5/sourmash-db.new/gtdb-rs226/gtdb-rs226-k51.dna.rocksdb,GCA_937891655.1 uncultured Verrucomicrobiota bacterium,4d8f6960a8254676ceaf2d8f0c9aaa22,0.003663003663003663,10000,215,26650000,outputs.mapping/bams.cds.rand/SRR17241595.x.s__UBA2868 sp004552595.fastq.gz,SRR17241595.x.s__UBA2868 sp004552595,15b9ab1e,37070000,51,DNA,10000,3707,True,0.8511755988989127,0.8958434134603346,0.8735095061796236,0.8958434134603346,True,11,32237,41554,d__Bacteria;p__Verrucomicrobiota;c__Kiritimatiellia;o__RFP12;f__UBA3636;g__RGIG990;s__RGIG990 sp017481725
20000,0.0005395198273536552,0.007692307692307693,0.0002697599136768276,9.626028781826057e-05,4.0,4.0,0.0,/group/ctbrowngrp5/sourmash-db.new/gtdb-rs226/gtdb-rs226-k51.dna.rocksdb,GCA_037069245.1 Clostridia bacterium,2aed2e958675fddf5d5447fdeaf50c01,0.015384615384615385,10000,216,26640000,outputs.mapping/bams.cds.rand/SRR17241595.x.s__UBA2868 sp004552595.fastq.gz,SRR17241595.x.s__UBA2868 sp004552595,15b9ab1e,37070000,51,DNA,10000,3707,True,0.8628230009513476,0.9214094865050211,0.8921162437281843,0.9214094865050211,True,4,32241,41554,d__Bacteria;p__Bacillota;c__Clostridia;o__TANB77;f__CAG-508;g__CAG-452;s__CAG-452 sp000434035
10000,0.0002697599136768276,0.0038461538461538464,0.0002697599136768276,0.00012032535977282572,5.0,5.0,0.0,/group/ctbrowngrp5/sourmash-db.new/gtdb-rs226/gtdb-rs226-k51.dna.rocksdb,GCA_038211425.1 Candidatus Limnocylindria bacterium,b6d89644025723a1d0150e825f001981,0.0038461538461538464,10000,217,26630000,outputs.mapping/bams.cds.rand/SRR17241595.x.s__UBA2868 sp004552595.fastq.gz,SRR17241595.x.s__UBA2868 sp004552595,15b9ab1e,37070000,51,DNA,10000,3707,True,0.8511755988989127,0.896700849952713,0.8739382244258129,0.896700849952713,True,5,32246,41554,d__Bacteria;p__Chloroflexota;c__Limnocylindria;o__P2-11E;f__P2-11E;g__JALYKU01;s__JALYKU01 sp038211425
10000,0.0002697599136768276,0.001422475106685633,0.0002697599136768276,0.030562641382297733,1270.0,1270.0,0.0,/group/ctbrowngrp5/sourmash-db.new/gtdb-rs226/gtdb-rs226-k51.dna.rocksdb,GCF_028435945.1 Pseudomonas aeruginosa,04359910a96fab91ab19462b19baba79,0.001422475106685633,10000,218,26620000,outputs.mapping/bams.cds.rand/SRR17241595.x.s__UBA2868 sp004552595.fastq.gz,SRR17241595.x.s__UBA2868 sp004552595,15b9ab1e,37070000,51,DNA,10000,3707,True,0.8511755988989127,0.8793815438671498,0.8652785713830313,0.8793815438671498,True,1270,33516,41554,d__Bacteria;p__Pseudomonadota;c__Gammaproteobacteria;o__Pseudomonadales;f__Pseudomonadaceae;g__Pseudomonas;s__Pseudomonas aeruginosa
10000,0.0002697599136768276,0.00392156862745098,0.0002697599136768276,2.4065071954565144e-05,1.0,1.0,0.0,/group/ctbrowngrp5/sourmash-db.new/gtdb-rs226/gtdb-rs226-k51.dna.rocksdb,GCA_029218345.1 bacterium,98430dce0f1c4fd7f54bcc73402face0,0.00392156862745098,10000,219,26610000,outputs.mapping/bams.cds.rand/SRR17241595.x.s__UBA2868 sp004552595.fastq.gz,SRR17241595.x.s__UBA2868 sp004552595,15b9ab1e,37070000,51,DNA,10000,3707,True,0.8511755988989127,0.8970423309200757,0.8741089649094942,0.8970423309200757,True,1,33517,41554,d__Bacteria;p__Bacteroidota;c__Bacteroidia;o__Bacteroidales;f__Muribaculaceae;g__Sodaliphilus;s__Sodaliphilus sp004559845
10000,0.0002697599136768276,0.009433962264150943,0.0002697599136768276,4.813014390913029e-05,2.0,2.0,0.0,/group/ctbrowngrp5/sourmash-db.new/gtdb-rs226/gtdb-rs226-k51.dna.rocksdb,GCA_022009875.1 Clostridium sp.,b6cdbadae011a586af03cd81b1e23e09,0.009433962264150943,10000,220,26600000,outputs.mapping/bams.cds.rand/SRR17241595.x.s__UBA2868 sp004552595.fastq.gz,SRR17241595.x.s__UBA2868 sp004552595,15b9ab1e,37070000,51,DNA,10000,3707,True,0.8511755988989127,0.9126160876839744,0.8818958432914435,0.9126160876839744,True,2,33519,41554,d__Bacteria;p__Bacillota;c__Bacilli;o__RF39;f__UBA660;g__CAG-533;s__CAG-533 sp000434495
10000,0.0002697599136768276,0.004545454545454545,0.0002697599136768276,0.001179188525773692,49.0,49.0,0.0,/group/ctbrowngrp5/sourmash-db.new/gtdb-rs226/gtdb-rs226-k51.dna.rocksdb,GCA_948751085.1 uncultured Oscillospiraceae bacterium,ba40cdb1cebfa775676263524ca95551,0.004545454545454545,10000,221,26590000,outputs.mapping/bams.cds.rand/SRR17241595.x.s__UBA2868 sp004552595.fastq.gz,SRR17241595.x.s__UBA2868 sp004552595,15b9ab1e,37070000,51,DNA,10000,3707,True,0.8511755988989127,0.8996428723837347,0.8754092356413237,0.8996428723837347,True,49,33568,41554,d__Bacteria;p__Bacillota;c__Clostridia;o__Oscillospirales;f__Ruminococcaceae;g__Porcipelethomonas;s__Porcipelethomonas sp910588145
10000,0.0002697599136768276,0.0036101083032490976,0.0002697599136768276,4.813014390913029e-05,2.0,2.0,0.0,/group/ctbrowngrp5/sourmash-db.new/gtdb-rs226/gtdb-rs226-k51.dna.rocksdb,GCA_946058395.1 uncultured Bacteroidales bacterium,8ab7f721aac4f8d2c07266a675d02cb9,0.0036101083032490976,10000,222,26580000,outputs.mapping/bams.cds.rand/SRR17241595.x.s__UBA2868 sp004552595.fastq.gz,SRR17241595.x.s__UBA2868 sp004552595,15b9ab1e,37070000,51,DNA,10000,3707,True,0.8511755988989127,0.8955879463753921,0.8733817726371524,0.8955879463753921,True,2,33570,41554,d__Bacteria;p__Bacteroidota;c__Bacteroidia;o__Bacteroidales;f__Marinilabiliaceae;g__W3P20-009;s__W3P20-009 sp004552385
10000,0.0002697599136768276,0.002967359050445104,0.0002697599136768276,0.0003128459354093469,13.0,13.0,0.0,/group/ctbrowngrp5/sourmash-db.new/gtdb-rs226/gtdb-rs226-k51.dna.rocksdb,GCF_041333375.1 Clostridium sp.,0ec689644d2c5bdd1d804113ae21e87d,0.002967359050445104,10000,223,26570000,outputs.mapping/bams.cds.rand/SRR17241595.x.s__UBA2868 sp004552595.fastq.gz,SRR17241595.x.s__UBA2868 sp004552595,15b9ab1e,37070000,51,DNA,10000,3707,True,0.8511755988989127,0.8921515398170204,0.8716635693579666,0.8921515398170204,True,13,33583,41554,d__Bacteria;p__Bacillota;c__Clostridia;o__Clostridiales;f__Clostridiaceae;g__Clostridium;s__Clostridium sp900547475
80000,0.002158079309414621,0.007462686567164179,0.0002697599136768276,2.4065071954565144e-05,1.0,1.0,0.0,/group/ctbrowngrp5/sourmash-db.new/gtdb-rs226/gtdb-rs226-k51.dna.rocksdb,GCA_018384635.1 Lachnospiraceae bacterium,1ea9c47eb5b6c440b08ca1d3308d0df8,0.05970149253731343,10000,224,26560000,outputs.mapping/bams.cds.rand/SRR17241595.x.s__UBA2868 sp004552595.fastq.gz,SRR17241595.x.s__UBA2868 sp004552595,15b9ab1e,37070000,51,DNA,10000,3707,True,0.8865981316882069,0.946236528603367,0.916417330145787,0.946236528603367,False,1,33584,41554,d__Bacteria;p__Bacillota;c__Clostridia;o__Lachnospirales;f__Lachnospiraceae;g__Colinaster;s__Colinaster sp018056665
20000,0.0005395198273536552,0.003257328990228013,0.0002697599136768276,2.4065071954565144e-05,1.0,1.0,0.0,/group/ctbrowngrp5/sourmash-db.new/gtdb-rs226/gtdb-rs226-k51.dna.rocksdb,GCA_022775005.1 Parabacteroides sp.,9123f60340b29dd454753d7e3bb7de47,0.006514657980456026,10000,225,26550000,outputs.mapping/bams.cds.rand/SRR17241595.x.s__UBA2868 sp004552595.fastq.gz,SRR17241595.x.s__UBA2868 sp004552595,15b9ab1e,37070000,51,DNA,10000,3707,True,0.8628230009513476,0.9060144615252204,0.884418731238284,0.9060144615252204,True,1,33585,41554,d__Bacteria;p__Bacteroidota;c__Bacteroidia;o__Bacteroidales;f__Tannerellaceae;g__Parabacteroides;s__Parabacteroides sp022775005
10000,0.0002697599136768276,0.0040650406504065045,0.0002697599136768276,7.219521586369543e-05,3.0,3.0,0.0,/group/ctbrowngrp5/sourmash-db.new/gtdb-rs226/gtdb-rs226-k51.dna.rocksdb,GCA_963634295.1 bacterium,4a5f3f288b35138fe505efcb38dacb44,0.0040650406504065045,10000,226,26540000,outputs.mapping/bams.cds.rand/SRR17241595.x.s__UBA2868 sp004552595.fastq.gz,SRR17241595.x.s__UBA2868 sp004552595,15b9ab1e,37070000,51,DNA,10000,3707,True,0.8511755988989127,0.8976745640706776,0.8744250814847951,0.8976745640706776,True,3,33588,41554,d__Bacteria;p__Bacillota;c__Clostridia;o__Lachnospirales;f__Lachnospiraceae;g__Pseudobutyrivibrio;s__Pseudobutyrivibrio sp963649335
10000,0.0002697599136768276,0.0011862396204033216,0.0002697599136768276,7.219521586369543e-05,3.0,3.0,0.0,/group/ctbrowngrp5/sourmash-db.new/gtdb-rs226/gtdb-rs226-k51.dna.rocksdb,GCF_041028215.1 Streptomyces flavofungini,c91867cf87829569a5385d1ad9a9a70b,0.0011862396204033216,10000,227,26530000,outputs.mapping/bams.cds.rand/SRR17241595.x.s__UBA2868 sp004552595.fastq.gz,SRR17241595.x.s__UBA2868 sp004552595,15b9ab1e,37070000,51,DNA,10000,3707,True,0.8511755988989127,0.8762556512173197,0.8637156250581162,0.8762556512173197,True,3,33591,41554,d__Bacteria;p__Actinomycetota;c__Actinomycetes;o__Streptomycetales;f__Streptomycetaceae;g__Streptomyces;s__Streptomyces flavofungini_B
10000,0.0002697599136768276,0.003861003861003861,0.0002697599136768276,2.4065071954565144e-05,1.0,1.0,0.0,/group/ctbrowngrp5/sourmash-db.new/gtdb-rs226/gtdb-rs226-k51.dna.rocksdb,GCA_902468835.1 uncultured Dorea sp.,ef002b4a6e2ad53973c889a955ba6b4a,0.003861003861003861,10000,228,26520000,outputs.mapping/bams.cds.rand/SRR17241595.x.s__UBA2868 sp004552595.fastq.gz,SRR17241595.x.s__UBA2868 sp004552595,15b9ab1e,37070000,51,DNA,10000,3707,True,0.8511755988989127,0.8967686073925827,0.8739721031457477,0.8967686073925827,True,1,33592,41554,d__Bacteria;p__Bacillota;c__Clostridia;o__Lachnospirales;f__Lachnospiraceae;g__Dorea_D;s__Dorea_D sp900543415
10000,0.0002697599136768276,0.0027247956403269754,0.0002697599136768276,7.219521586369543e-05,3.0,3.0,0.0,/group/ctbrowngrp5/sourmash-db.new/gtdb-rs226/gtdb-rs226-k51.dna.rocksdb,GCA_030526405.1 Lachnospiraceae bacterium,e9b118175bcd0d25e2d8b0dd91100708,0.0027247956403269754,10000,229,26510000,outputs.mapping/bams.cds.rand/SRR17241595.x.s__UBA2868 sp004552595.fastq.gz,SRR17241595.x.s__UBA2868 sp004552595,15b9ab1e,37070000,51,DNA,10000,3707,True,0.8511755988989127,0.8906609879796527,0.8709182934392827,0.8906609879796527,True,3,33595,41554,d__Bacteria;p__Bacillota;c__Clostridia;o__Lachnospirales;f__Lachnospiraceae;g__JAKSRN01;s__JAKSRN01 sp030526405
10000,0.0002697599136768276,0.002506265664160401,0.0002697599136768276,4.813014390913029e-05,2.0,2.0,0.0,/group/ctbrowngrp5/sourmash-db.new/gtdb-rs226/gtdb-rs226-k51.dna.rocksdb,GCF_003467935.1 Segatella copri,cf1e8b742e4d331fb1208125db85d645,0.002506265664160401,10000,230,26500000,outputs.mapping/bams.cds.rand/SRR17241595.x.s__UBA2868 sp004552595.fastq.gz,SRR17241595.x.s__UBA2868 sp004552595,15b9ab1e,37070000,51,DNA,10000,3707,True,0.8511755988989127,0.8892022059964727,0.8701889024476928,0.8892022059964727,True,2,33597,41554,d__Bacteria;p__Bacteroidota;c__Bacteroidia;o__Bacteroidales;f__Bacteroidaceae;g__Prevotella;s__Prevotella sp015074785
10000,0.0002697599136768276,0.004273504273504274,0.0002697599136768276,0.00024065071954565144,10.0,10.0,0.0,/group/ctbrowngrp5/sourmash-db.new/gtdb-rs226/gtdb-rs226-k51.dna.rocksdb,GCA_004555205.1 Clostridiales bacterium,c3f0b2f9898965f036921b709be1c833,0.004273504273504274,10000,231,26490000,outputs.mapping/bams.cds.rand/SRR17241595.x.s__UBA2868 sp004552595.fastq.gz,SRR17241595.x.s__UBA2868 sp004552595,15b9ab1e,37070000,51,DNA,10000,3707,True,0.8511755988989127,0.8985552523193859,0.8748654256091493,0.8985552523193859,True,10,33607,41554,d__Bacteria;p__Bacillota;c__Clostridia;o__Oscillospirales;f__Oscillospiraceae;g__Vescimonas;s__Vescimonas sp004555205
10000,0.0002697599136768276,0.0011273957158962795,0.0002697599136768276,2.4065071954565144e-05,1.0,1.0,0.0,/group/ctbrowngrp5/sourmash-db.new/gtdb-rs226/gtdb-rs226-k51.dna.rocksdb,GCF_040612255.1 Streptomyces zaomyceticus,7cbd89c7576827831107751b0e16ba92,0.0011273957158962795,10000,232,26480000,outputs.mapping/bams.cds.rand/SRR17241595.x.s__UBA2868 sp004552595.fastq.gz,SRR17241595.x.s__UBA2868 sp004552595,15b9ab1e,37070000,51,DNA,10000,3707,True,0.8511755988989127,0.8753819271790765,0.8632787630389946,0.8753819271790765,True,1,33608,41554,d__Bacteria;p__Actinomycetota;c__Actinomycetes;o__Streptomycetales;f__Streptomycetaceae;g__Streptomyces;s__Streptomyces zaomyceticus
10000,0.0002697599136768276,0.004132231404958678,0.0002697599136768276,0.00012032535977282572,5.0,5.0,0.0,/group/ctbrowngrp5/sourmash-db.new/gtdb-rs226/gtdb-rs226-k51.dna.rocksdb,GCA_945876165.1 uncultured Clostridia bacterium,4848acaefdebcf9bec56f3982663b99b,0.004132231404958678,10000,233,26470000,outputs.mapping/bams.cds.rand/SRR17241595.x.s__UBA2868 sp004552595.fastq.gz,SRR17241595.x.s__UBA2868 sp004552595,15b9ab1e,37070000,51,DNA,10000,3707,True,0.8511755988989127,0.8979631654737237,0.8745693821863182,0.8979631654737237,True,5,33613,41554,d__Bacteria;p__Bacillota;c__Clostridia;o__Peptostreptococcales;f__Anaerovoracaceae;g__UMGS973;s__UMGS973 sp900547295
30000,0.0008092797410304828,0.0024096385542168677,0.0002697599136768276,0.00019252057563652115,8.0,8.0,0.0,/group/ctbrowngrp5/sourmash-db.new/gtdb-rs226/gtdb-rs226-k51.dna.rocksdb,GCA_004563615.1 bacterium,2a1efa1c0e476bb35e2d1bbb22da4458,0.007228915662650603,10000,234,26460000,outputs.mapping/bams.cds.rand/SRR17241595.x.s__UBA2868 sp004552595.fastq.gz,SRR17241595.x.s__UBA2868 sp004552595,15b9ab1e,37070000,51,DNA,10000,3707,True,0.8697100401343785,0.9078645167083368,0.8887872784213576,0.9078645167083368,True,8,33621,41554,d__Bacteria;p__Bacillota;c__Clostridia;o__Oscillospirales;f__Acutalibacteraceae;g__Fimivicinus;s__Fimivicinus sp900544715
20000,0.0005395198273536552,0.004830917874396135,0.0002697599136768276,9.626028781826057e-05,4.0,4.0,0.0,/group/ctbrowngrp5/sourmash-db.new/gtdb-rs226/gtdb-rs226-k51.dna.rocksdb,GCA_018384935.1 Bacteroidales bacterium,1f9e25c75e7fee517a306c4e0bccf461,0.00966183574879227,10000,235,26450000,outputs.mapping/bams.cds.rand/SRR17241595.x.s__UBA2868 sp004552595.fastq.gz,SRR17241595.x.s__UBA2868 sp004552595,15b9ab1e,37070000,51,DNA,10000,3707,True,0.8628230009513476,0.9130432826867383,0.8879331418190429,0.9130432826867383,True,4,33625,41554,d__Bacteria;p__Bacteroidota;c__Bacteroidia;o__Bacteroidales;f__F082;g__Limimorpha;s__Limimorpha sp900769945
10000,0.0002697599136768276,0.00558659217877095,0.0002697599136768276,9.626028781826057e-05,4.0,4.0,0.0,/group/ctbrowngrp5/sourmash-db.new/gtdb-rs226/gtdb-rs226-k51.dna.rocksdb,GCA_945966155.1 uncultured Bacteroidales bacterium,a0cca3163520c1ee58c1461acf3e6fe5,0.00558659217877095,10000,236,26440000,outputs.mapping/bams.cds.rand/SRR17241595.x.s__UBA2868 sp004552595.fastq.gz,SRR17241595.x.s__UBA2868 sp004552595,15b9ab1e,37070000,51,DNA,10000,3707,True,0.8511755988989127,0.9032883544180165,0.8772319766584646,0.9032883544180165,True,4,33629,41554,d__Bacteria;p__Bacteroidota;c__Bacteroidia;o__Bacteroidales;f__UBA3663;g__Liminaster;s__Liminaster sp016293065
20000,0.0005395198273536552,0.004048582995951417,0.0002697599136768276,0.00014439043172739086,6.0,6.0,0.0,/group/ctbrowngrp5/sourmash-db.new/gtdb-rs226/gtdb-rs226-k51.dna.rocksdb,GCA_029218745.1 Lachnospiraceae bacterium,d0c6e60106842c938954f65ad11de8dc,0.008097165991902834,10000,237,26430000,outputs.mapping/bams.cds.rand/SRR17241595.x.s__UBA2868 sp004552595.fastq.gz,SRR17241595.x.s__UBA2868 sp004552595,15b9ab1e,37070000,51,DNA,10000,3707,True,0.8628230009513476,0.9098858734755169,0.8863544372134322,0.9098858734755169,True,6,33635,41554,d__Bacteria;p__Bacillota;c__Clostridia;o__Lachnospirales;f__Lachnospiraceae;g__UBA2821;s__UBA2821 sp902763335
10000,0.0002697599136768276,0.004201680672268907,0.0002697599136768276,2.4065071954565144e-05,1.0,1.0,0.0,/group/ctbrowngrp5/sourmash-db.new/gtdb-rs226/gtdb-rs226-k51.dna.rocksdb,GCA_945827805.1 uncultured Lachnospiraceae bacterium,590d38b6ec0dded3aebc2bcd23bca850,0.004201680672268907,10000,238,26420000,outputs.mapping/bams.cds.rand/SRR17241595.x.s__UBA2868 sp004552595.fastq.gz,SRR17241595.x.s__UBA2868 sp004552595,15b9ab1e,37070000,51,DNA,10000,3707,True,0.8511755988989127,0.8982566722388579,0.8747161355688853,0.8982566722388579,True,1,33636,41554,d__Bacteria;p__Bacillota;c__Clostridia;o__Lachnospirales;f__Lachnospiraceae;g__UBA11957;s__UBA11957 sp945827805
10000,0.0002697599136768276,0.004291845493562232,0.0002697599136768276,9.626028781826057e-05,4.0,4.0,0.0,/group/ctbrowngrp5/sourmash-db.new/gtdb-rs226/gtdb-rs226-k51.dna.rocksdb,GCA_004553105.1 Veillonellaceae bacterium,b54cd689867d4647f44b5f27ddf17060,0.004291845493562232,10000,239,26410000,outputs.mapping/bams.cds.rand/SRR17241595.x.s__UBA2868 sp004552595.fastq.gz,SRR17241595.x.s__UBA2868 sp004552595,15b9ab1e,37070000,51,DNA,10000,3707,True,0.8511755988989127,0.8986307105512661,0.8749031547250894,0.8986307105512661,True,4,33640,41554,d__Bacteria;p__Bacillota;c__Negativicutes;o__Selenomonadales;f__Selenomonadaceae;g__Anaerovibrio;s__Anaerovibrio slackiae
30000,0.0008092797410304828,0.0030120481927710845,0.0002697599136768276,4.813014390913029e-05,2.0,2.0,0.0,/group/ctbrowngrp5/sourmash-db.new/gtdb-rs226/gtdb-rs226-k51.dna.rocksdb,GCA_028726745.1 Spirochaetales bacterium,65682441dc31af4df302695df94878fc,0.009036144578313253,10000,240,26400000,outputs.mapping/bams.cds.rand/SRR17241595.x.s__UBA2868 sp004552595.fastq.gz,SRR17241595.x.s__UBA2868 sp004552595,15b9ab1e,37070000,51,DNA,10000,3707,True,0.8697100401343785,0.9118454568856096,0.890777748509994,0.9118454568856096,True,2,33642,41554,d__Bacteria;p__Spirochaetota;c__Spirochaetia;o__Treponematales;f__Treponemataceae;g__Treponema_D;s__Treponema_D sp022773305
10000,0.0002697599136768276,0.004739336492890996,0.0002697599136768276,2.4065071954565144e-05,1.0,1.0,0.0,/group/ctbrowngrp5/sourmash-db.new/gtdb-rs226/gtdb-rs226-k51.dna.rocksdb,GCA_905214415.1 uncultured bacterium,e8e5e25522ff324099a7eea3c0f80a41,0.004739336492890996,10000,241,26390000,outputs.mapping/bams.cds.rand/SRR17241595.x.s__UBA2868 sp004552595.fastq.gz,SRR17241595.x.s__UBA2868 sp004552595,15b9ab1e,37070000,51,DNA,10000,3707,True,0.8511755988989127,0.900379988990409,0.8757777939446609,0.900379988990409,True,1,33643,41554,d__Bacteria;p__Bacillota;c__Clostridia;o__Oscillospirales;f__Oscillospiraceae;g__F23-B02;s__F23-B02 sp004558025
10000,0.0002697599136768276,0.0036101083032490976,0.0002697599136768276,4.813014390913029e-05,2.0,2.0,0.0,/group/ctbrowngrp5/sourmash-db.new/gtdb-rs226/gtdb-rs226-k51.dna.rocksdb,GCA_963599345.1 Eubacterium sp. CAG:180,86e6002761fc90f49ae543a336a205e3,0.0036101083032490976,10000,242,26380000,outputs.mapping/bams.cds.rand/SRR17241595.x.s__UBA2868 sp004552595.fastq.gz,SRR17241595.x.s__UBA2868 sp004552595,15b9ab1e,37070000,51,DNA,10000,3707,True,0.8511755988989127,0.8955879463753921,0.8733817726371524,0.8955879463753921,True,2,33645,41554,d__Bacteria;p__Bacteroidota;c__Bacteroidia;o__Bacteroidales;f__Bacteroidaceae;g__Alloprevotella;s__Alloprevotella timonensis
10000,0.0002697599136768276,0.0053475935828877,0.0002697599136768276,7.219521586369543e-05,3.0,3.0,0.0,/group/ctbrowngrp5/sourmash-db.new/gtdb-rs226/gtdb-rs226-k51.dna.rocksdb,GCA_002420965.1 Streptococcus suis,fdd09831a7d385f33c5ff2d690545122,0.0053475935828877,10000,243,26370000,outputs.mapping/bams.cds.rand/SRR17241595.x.s__UBA2868 sp004552595.fastq.gz,SRR17241595.x.s__UBA2868 sp004552595,15b9ab1e,37070000,51,DNA,10000,3707,True,0.8511755988989127,0.9025142881157426,0.8768449435073277,0.9025142881157426,True,3,33648,41554,d__Bacteria;p__Bacillota;c__Bacilli;o__Lactobacillales;f__Streptococcaceae;g__Streptococcus;s__Streptococcus suis_AA
10000,0.0002697599136768276,0.004784688995215311,0.0002697599136768276,2.4065071954565144e-05,1.0,1.0,0.0,/group/ctbrowngrp5/sourmash-db.new/gtdb-rs226/gtdb-rs226-k51.dna.rocksdb,GCF_037299525.1 Ruminococcus sp.,b092c17169ec3c6b811ce0232c71ba27,0.004784688995215311,10000,244,26360000,outputs.mapping/bams.cds.rand/SRR17241595.x.s__UBA2868 sp004552595.fastq.gz,SRR17241595.x.s__UBA2868 sp004552595,15b9ab1e,37070000,51,DNA,10000,3707,True,0.8511755988989127,0.9005481441482567,0.8758618715235846,0.9005481441482567,True,1,33649,41554,d__Bacteria;p__Bacillota;c__Clostridia;o__Oscillospirales;f__Acutalibacteraceae;g__Ruminococcoides;s__Ruminococcoides intestinalis
20000,0.0005395198273536552,0.002857142857142857,0.0002697599136768276,4.813014390913029e-05,2.0,2.0,0.0,/group/ctbrowngrp5/sourmash-db.new/gtdb-rs226/gtdb-rs226-k51.dna.rocksdb,GCA_958425375.1 uncultured Lachnospiraceae bacterium,88f3896e17964da6067181d25f177bda,0.005714285714285714,10000,245,26350000,outputs.mapping/bams.cds.rand/SRR17241595.x.s__UBA2868 sp004552595.fastq.gz,SRR17241595.x.s__UBA2868 sp004552595,15b9ab1e,37070000,51,DNA,10000,3707,True,0.8628230009513476,0.9036887208642069,0.8832558609077772,0.9036887208642069,True,2,33651,41554,d__Bacteria;p__Bacillota;c__Clostridia;o__Lachnospirales;f__Lachnospiraceae;g__Novisyntrophococcus;s__Novisyntrophococcus sp900539175
70000,0.0018883193957377933,0.003424657534246575,0.0002697599136768276,2.4065071954565144e-05,1.0,1.0,0.0,/group/ctbrowngrp5/sourmash-db.new/gtdb-rs226/gtdb-rs226-k51.dna.rocksdb,GCA_945963325.1 uncultured Clostridium sp.,c72e40e1317e7f0af39a23d82804a2a6,0.023972602739726026,10000,246,26340000,outputs.mapping/bams.cds.rand/SRR17241595.x.s__UBA2868 sp004552595.fastq.gz,SRR17241595.x.s__UBA2868 sp004552595,15b9ab1e,37070000,51,DNA,10000,3707,True,0.8842798212554951,0.929457871087309,0.9068688461714021,0.929457871087309,False,1,33652,41554,d__Bacteria;p__Bacillota;c__Clostridia;o__Lachnospirales;f__Lachnospiraceae;g__Suilimivivens;s__Suilimivivens sp017622575
10000,0.0002697599136768276,0.004166666666666667,0.0002697599136768276,0.000168455503681956,7.0,7.0,0.0,/group/ctbrowngrp5/sourmash-db.new/gtdb-rs226/gtdb-rs226-k51.dna.rocksdb,GCA_034099845.1 Faecousia sp.,5f934a406218ceb63e362d93f2fbd61c,0.004166666666666667,10000,247,26330000,outputs.mapping/bams.cds.rand/SRR17241595.x.s__UBA2868 sp004552595.fastq.gz,SRR17241595.x.s__UBA2868 sp004552595,15b9ab1e,37070000,51,DNA,10000,3707,True,0.8511755988989127,0.8981092953870639,0.8746424471429883,0.8981092953870639,True,7,33659,41554,d__Bacteria;p__Bacillota;c__Clostridia;o__Oscillospirales;f__Oscillospiraceae;g__Faecousia;s__Faecousia sp034099845
10000,0.0002697599136768276,0.0038022813688212928,0.0002697599136768276,2.4065071954565144e-05,1.0,1.0,0.0,/group/ctbrowngrp5/sourmash-db.new/gtdb-rs226/gtdb-rs226-k51.dna.rocksdb,GCA_018384615.1 Prevotella sp.,40a11a7b3bcbd647905b969929601524,0.0038022813688212928,10000,248,26320000,outputs.mapping/bams.cds.rand/SRR17241595.x.s__UBA2868 sp004552595.fastq.gz,SRR17241595.x.s__UBA2868 sp004552595,15b9ab1e,37070000,51,DNA,10000,3707,True,0.8511755988989127,0.896499160640959,0.8738373797699359,0.896499160640959,True,1,33660,41554,d__Bacteria;p__Bacteroidota;c__Bacteroidia;o__Bacteroidales;f__Bacteroidaceae;g__Prevotella;s__Prevotella sp900548195
10000,0.0002697599136768276,0.002688172043010753,0.0002697599136768276,0.000505366511045868,21.0,21.0,0.0,/group/ctbrowngrp5/sourmash-db.new/gtdb-rs226/gtdb-rs226-k51.dna.rocksdb,GCA_963663285.1 Candidatus Limiplasma sp.,90755839b8b6ce4bbdd24ce665edc9a2,0.002688172043010753,10000,249,26310000,outputs.mapping/bams.cds.rand/SRR17241595.x.s__UBA2868 sp004552595.fastq.gz,SRR17241595.x.s__UBA2868 sp004552595,15b9ab1e,37070000,51,DNA,10000,3707,True,0.8511755988989127,0.8904246971715558,0.8708001480352343,0.8904246971715558,True,21,33681,41554,d__Bacteria;p__Bacillota;c__Clostridia;o__Christensenellales;f__Aristaeellaceae;g__Limiplasma;s__Limiplasma sp963663285
30000,0.0008092797410304828,0.002512562814070352,0.0002697599136768276,9.626028781826057e-05,4.0,4.0,0.0,/group/ctbrowngrp5/sourmash-db.new/gtdb-rs226/gtdb-rs226-k51.dna.rocksdb,GCA_900016875.1 Eubacteriaceae bacterium CHKCI004,a5f95a9041bfe3ee5c4c92c92b342a81,0.007537688442211055,10000,250,26300000,outputs.mapping/bams.cds.rand/SRR17241595.x.s__UBA2868 sp004552595.fastq.gz,SRR17241595.x.s__UBA2868 sp004552595,15b9ab1e,37070000,51,DNA,10000,3707,True,0.8697100401343785,0.9086093869889635,0.889159713561671,0.9086093869889635,True,4,33685,41554,d__Bacteria;p__Bacillota;c__Clostridia;o__Lachnospirales;f__Lachnospiraceae;g__Anaerobutyricum;s__Anaerobutyricum stercoris
10000,0.0002697599136768276,0.005847953216374269,0.0002697599136768276,2.4065071954565144e-05,1.0,1.0,0.0,/group/ctbrowngrp5/sourmash-db.new/gtdb-rs226/gtdb-rs226-k51.dna.rocksdb,GCA_958427405.1 uncultured Eubacteriales bacterium,0a33f125495ab400a77ee4a2bd7ee673,0.005847953216374269,10000,251,26290000,outputs.mapping/bams.cds.rand/SRR17241595.x.s__UBA2868 sp004552595.fastq.gz,SRR17241595.x.s__UBA2868 sp004552595,15b9ab1e,37070000,51,DNA,10000,3707,True,0.8511755988989127,0.9040985288120411,0.8776370638554769,0.9040985288120411,True,1,33686,41554,d__Bacteria;p__Bacillota;c__Clostridia;o__Oscillospirales;f__Oscillospiraceae;g__F23-B02;s__F23-B02 sp000431075
20000,0.0005395198273536552,0.006329113924050633,0.0002697599136768276,4.813014390913029e-05,2.0,2.0,0.0,/group/ctbrowngrp5/sourmash-db.new/gtdb-rs226/gtdb-rs226-k51.dna.rocksdb,GCA_963621995.1 Lachnospiraceae bacterium,10bffa7a512173200bd12f50b3c46216,0.012658227848101266,10000,252,26280000,outputs.mapping/bams.cds.rand/SRR17241595.x.s__UBA2868 sp004552595.fastq.gz,SRR17241595.x.s__UBA2868 sp004552595,15b9ab1e,37070000,51,DNA,10000,3707,True,0.8628230009513476,0.9178920865148493,0.8903575437330984,0.9178920865148493,True,2,33688,41554,d__Bacteria;p__Bacillota;c__Clostridia;o__TANB77;f__CAG-508;g__UMGS1663;s__UMGS1663 sp963621995
20000,0.0005395198273536552,0.003246753246753247,0.0002697599136768276,9.626028781826057e-05,4.0,4.0,0.0,/group/ctbrowngrp5/sourmash-db.new/gtdb-rs226/gtdb-rs226-k51.dna.rocksdb,GCA_900771365.1 Bacteroidales bacterium,4d1d84aefc669ee9b839977a8b9bf2b5,0.006493506493506494,10000,253,26270000,outputs.mapping/bams.cds.rand/SRR17241595.x.s__UBA2868 sp004552595.fastq.gz,SRR17241595.x.s__UBA2868 sp004552595,15b9ab1e,37070000,51,DNA,10000,3707,True,0.8628230009513476,0.9059566909928176,0.8843898459720826,0.9059566909928176,True,4,33692,41554,d__Bacteria;p__Bacteroidota;c__Bacteroidia;o__Bacteroidales;f__P3;g__Colimorpha;s__Colimorpha sp900771365
10000,0.0002697599136768276,0.004366812227074236,0.0002697599136768276,2.4065071954565144e-05,1.0,1.0,0.0,/group/ctbrowngrp5/sourmash-db.new/gtdb-rs226/gtdb-rs226-k51.dna.rocksdb,GCA_022767245.1 Spirochaetia bacterium,91adea7aab8805508e2881d096b9da28,0.004366812227074236,10000,254,26260000,outputs.mapping/bams.cds.rand/SRR17241595.x.s__UBA2868 sp004552595.fastq.gz,SRR17241595.x.s__UBA2868 sp004552595,15b9ab1e,37070000,51,DNA,10000,3707,True,0.8511755988989127,0.8989358818428389,0.8750557403708759,0.8989358818428389,True,1,33693,41554,d__Bacteria;p__Spirochaetota;c__Spirochaetia;o__Treponematales;f__Treponemataceae;g__Treponema_D;s__Treponema_D sp018385315
10000,0.0002697599136768276,0.004098360655737705,0.0002697599136768276,2.4065071954565144e-05,1.0,1.0,0.0,/group/ctbrowngrp5/sourmash-db.new/gtdb-rs226/gtdb-rs226-k51.dna.rocksdb,GCA_958448465.1 uncultured Lachnospiraceae bacterium,2e3603c2d74318326652caef0df7f54a,0.004098360655737705,10000,255,26250000,outputs.mapping/bams.cds.rand/SRR17241595.x.s__UBA2868 sp004552595.fastq.gz,SRR17241595.x.s__UBA2868 sp004552595,15b9ab1e,37070000,51,DNA,10000,3707,True,0.8511755988989127,0.8978182617731918,0.8744969303360522,0.8978182617731918,True,1,33694,41554,d__Bacteria;p__Bacillota;c__Clostridia;o__Lachnospirales;f__Lachnospiraceae;g__Wujia;s__Wujia sp900553925
10000,0.0002697599136768276,0.0033333333333333335,0.0002697599136768276,0.0004331712951821726,18.0,18.0,0.0,/group/ctbrowngrp5/sourmash-db.new/gtdb-rs226/gtdb-rs226-k51.dna.rocksdb,GCA_017518725.1 Oscillospiraceae bacterium,aa606e602cbe1c4c3c84ef6d09e47f85,0.0033333333333333335,10000,256,26240000,outputs.mapping/bams.cds.rand/SRR17241595.x.s__UBA2868 sp004552595.fastq.gz,SRR17241595.x.s__UBA2868 sp004552595,15b9ab1e,37070000,51,DNA,10000,3707,True,0.8511755988989127,0.8941883246232241,0.8726819617610684,0.8941883246232241,True,18,33712,41554,d__Bacteria;p__Bacillota;c__Clostridia;o__Oscillospirales;f__Ruminococcaceae;g__UBA3855;s__UBA3855 sp900319285
10000,0.0002697599136768276,0.00425531914893617,0.0002697599136768276,0.00012032535977282572,5.0,5.0,0.0,/group/ctbrowngrp5/sourmash-db.new/gtdb-rs226/gtdb-rs226-k51.dna.rocksdb,GCA_004553285.1 Subdoligranulum variabile,88bd40466634bc6c8878e784fb41820e,0.00425531914893617,10000,257,26230000,outputs.mapping/bams.cds.rand/SRR17241595.x.s__UBA2868 sp004552595.fastq.gz,SRR17241595.x.s__UBA2868 sp004552595,15b9ab1e,37070000,51,DNA,10000,3707,True,0.8511755988989127,0.8984801221677612,0.8748278605333369,0.8984801221677612,True,5,33717,41554,d__Bacteria;p__Bacillota;c__Clostridia;o__Oscillospirales;f__Ruminococcaceae;g__Gemmiger;s__Gemmiger variabilis_A
10000,0.0002697599136768276,0.004347826086956522,0.0002697599136768276,0.00014439043172739086,6.0,6.0,0.0,/group/ctbrowngrp5/sourmash-db.new/gtdb-rs226/gtdb-rs226-k51.dna.rocksdb,GCA_946614955.1 uncultured Clostridia bacterium,8cd5f84e3e6ec8ead76569542d6185bb,0.004347826086956522,10000,258,26220000,outputs.mapping/bams.cds.rand/SRR17241595.x.s__UBA2868 sp004552595.fastq.gz,SRR17241595.x.s__UBA2868 sp004552595,15b9ab1e,37070000,51,DNA,10000,3707,True,0.8511755988989127,0.8988590824149439,0.8750173406569284,0.8988590824149439,True,6,33723,41554,d__Bacteria;p__Bacillota;c__Clostridia;o__Oscillospirales;f__Ruminococcaceae;g__UBA3818;s__UBA3818 sp002369315
10000,0.0002697599136768276,0.004784688995215311,0.0002697599136768276,2.4065071954565144e-05,1.0,1.0,0.0,/group/ctbrowngrp5/sourmash-db.new/gtdb-rs226/gtdb-rs226-k51.dna.rocksdb,GCF_034171605.1 Treponema porcinum,fad2b16906ea06de657c3c4d85a972a8,0.004784688995215311,10000,259,26210000,outputs.mapping/bams.cds.rand/SRR17241595.x.s__UBA2868 sp004552595.fastq.gz,SRR17241595.x.s__UBA2868 sp004552595,15b9ab1e,37070000,51,DNA,10000,3707,True,0.8511755988989127,0.9005481441482567,0.8758618715235846,0.9005481441482567,True,1,33724,41554,d__Bacteria;p__Spirochaetota;c__Spirochaetia;o__Treponematales;f__Treponemataceae;g__Treponema_D;s__Treponema_D porcinum
10000,0.0002697599136768276,0.005319148936170213,0.0002697599136768276,4.813014390913029e-05,2.0,2.0,0.0,/group/ctbrowngrp5/sourmash-db.new/gtdb-rs226/gtdb-rs226-k51.dna.rocksdb,GCA_002320035.1 Clostridiales bacterium UBA1701,b8ee822aa5450c52dad4620616cf1c54,0.005319148936170213,10000,260,26200000,outputs.mapping/bams.cds.rand/SRR17241595.x.s__UBA2868 sp004552595.fastq.gz,SRR17241595.x.s__UBA2868 sp004552595,15b9ab1e,37070000,51,DNA,10000,3707,True,0.8511755988989127,0.9024199122476589,0.8767977555732858,0.9024199122476589,True,2,33726,41554,d__Bacteria;p__Bacillota;c__Clostridia;o__Oscillospirales;f__Oscillospiraceae;g__Limivicinus;s__Limivicinus sp002320035
10000,0.0002697599136768276,0.005376344086021506,0.0002697599136768276,0.000168455503681956,7.0,7.0,0.0,/group/ctbrowngrp5/sourmash-db.new/gtdb-rs226/gtdb-rs226-k51.dna.rocksdb,GCA_945992195.1 uncultured Oribacterium sp.,8ed60d9be1ac596ad7d1ec6cba0e8ac7,0.005376344086021506,10000,261,26190000,outputs.mapping/bams.cds.rand/SRR17241595.x.s__UBA2868 sp004552595.fastq.gz,SRR17241595.x.s__UBA2868 sp004552595,15b9ab1e,37070000,51,DNA,10000,3707,True,0.8511755988989127,0.9026091799725088,0.8768923894357108,0.9026091799725088,True,7,33733,41554,d__Bacteria;p__Bacillota;c__Clostridia;o__Lachnospirales;f__Lachnospiraceae;g__Oribacterium;s__Oribacterium sp004554245
10000,0.0002697599136768276,0.003105590062111801,0.0002697599136768276,0.0007700823025460846,32.0,32.0,0.0,/group/ctbrowngrp5/sourmash-db.new/gtdb-rs226/gtdb-rs226-k51.dna.rocksdb,GCA_030533405.1 Eubacteriales bacterium,b625cfb7fc840a5de55437de34243377,0.003105590062111801,10000,262,26180000,outputs.mapping/bams.cds.rand/SRR17241595.x.s__UBA2868 sp004552595.fastq.gz,SRR17241595.x.s__UBA2868 sp004552595,15b9ab1e,37070000,51,DNA,10000,3707,True,0.8511755988989127,0.8929483836026613,0.872061991250787,0.8929483836026613,True,32,33765,41554,d__Bacteria;p__Bacillota;c__Clostridia;o__Lachnospirales;f__Lachnospiraceae;g__CAG-590;s__CAG-590 sp030533405
10000,0.0002697599136768276,0.004739336492890996,0.0002697599136768276,4.813014390913029e-05,2.0,2.0,0.0,/group/ctbrowngrp5/sourmash-db.new/gtdb-rs226/gtdb-rs226-k51.dna.rocksdb,GCA_945829225.1 uncultured Bacteroidales bacterium,873a45ef173704848df325a6974314aa,0.004739336492890996,10000,263,26170000,outputs.mapping/bams.cds.rand/SRR17241595.x.s__UBA2868 sp004552595.fastq.gz,SRR17241595.x.s__UBA2868 sp004552595,15b9ab1e,37070000,51,DNA,10000,3707,True,0.8511755988989127,0.900379988990409,0.8757777939446609,0.900379988990409,True,2,33767,41554,d__Bacteria;p__Bacteroidota;c__Bacteroidia;o__Bacteroidales;f__Muribaculaceae;g__CAG-873;s__CAG-873 sp945829225
10000,0.0002697599136768276,0.003787878787878788,0.0002697599136768276,2.4065071954565144e-05,1.0,1.0,0.0,/group/ctbrowngrp5/sourmash-db.new/gtdb-rs226/gtdb-rs226-k51.dna.rocksdb,GCA_963614365.1 Barnesiella intestinihominis,9d4bf44045ca93b4b89194ae38c2635e,0.003787878787878788,10000,264,26160000,outputs.mapping/bams.cds.rand/SRR17241595.x.s__UBA2868 sp004552595.fastq.gz,SRR17241595.x.s__UBA2868 sp004552595,15b9ab1e,37070000,51,DNA,10000,3707,True,0.8511755988989127,0.8964324517908826,0.8738040253448977,0.8964324517908826,True,1,33768,41554,d__Bacteria;p__Bacteroidota;c__Bacteroidia;o__Bacteroidales;f__UBA932;g__Cryptobacteroides;s__Cryptobacteroides sp000431015
20000,0.0005395198273536552,0.003355704697986577,0.0002697599136768276,2.4065071954565144e-05,1.0,1.0,0.0,/group/ctbrowngrp5/sourmash-db.new/gtdb-rs226/gtdb-rs226-k51.dna.rocksdb,GCF_948931475.1 uncultured Muribaculum sp.,f43aefe90c98b0273cc6d72fe4cb763c,0.006711409395973154,10000,265,26150000,outputs.mapping/bams.cds.rand/SRR17241595.x.s__UBA2868 sp004552595.fastq.gz,SRR17241595.x.s__UBA2868 sp004552595,15b9ab1e,37070000,51,DNA,10000,3707,True,0.8628230009513476,0.9065431998816279,0.8846831004164877,0.9065431998816279,True,1,33769,41554,d__Bacteria;p__Bacteroidota;c__Bacteroidia;o__Bacteroidales;f__Muribaculaceae;g__Muribaculum;s__Muribaculum gordoncarteri
20000,0.0005395198273536552,0.005952380952380952,0.0002697599136768276,2.4065071954565144e-05,1.0,1.0,0.0,/group/ctbrowngrp5/sourmash-db.new/gtdb-rs226/gtdb-rs226-k51.dna.rocksdb,GCA_029219505.1 Bacillota bacterium,a77f2d337e00ef215711debac13b919a,0.011904761904761904,10000,266,26140000,outputs.mapping/bams.cds.rand/SRR17241595.x.s__UBA2868 sp004552595.fastq.gz,SRR17241595.x.s__UBA2868 sp004552595,15b9ab1e,37070000,51,DNA,10000,3707,True,0.8628230009513476,0.9167882396034238,0.8898056202773856,0.9167882396034238,True,1,33770,41554,d__Bacteria;p__Bacillota;c__Clostridia;o__Peptostreptococcales;f__Anaerovoracaceae;g__Lentihominibacter;s__Lentihominibacter sp022775805
10000,0.0002697599136768276,0.0038910505836575876,0.0002697599136768276,0.00014439043172739086,6.0,6.0,0.0,/group/ctbrowngrp5/sourmash-db.new/gtdb-rs226/gtdb-rs226-k51.dna.rocksdb,GCA_945876075.1 Mobilibacterium timonense,701ad517ae8ef313732e1ddb3bf594f7,0.0038910505836575876,10000,267,26130000,outputs.mapping/bams.cds.rand/SRR17241595.x.s__UBA2868 sp004552595.fastq.gz,SRR17241595.x.s__UBA2868 sp004552595,15b9ab1e,37070000,51,DNA,10000,3707,True,0.8511755988989127,0.8969049261729743,0.8740402625359436,0.8969049261729743,True,6,33776,41554,d__Bacteria;p__Bacillota;c__Clostridia;o__Peptostreptococcales;f__Anaerovoracaceae;g__Baileyella;s__Baileyella intestinalis
40000,0.0010790396547073105,0.004694835680751174,0.0002697599136768276,2.4065071954565144e-05,1.0,1.0,0.0,/group/ctbrowngrp5/sourmash-db.new/gtdb-rs226/gtdb-rs226-k51.dna.rocksdb,GCF_030517815.1 Limosilactobacillus reuteri,961f0acd7bfba38ca06650d05449abfe,0.018779342723004695,10000,268,26120000,outputs.mapping/bams.cds.rand/SRR17241595.x.s__UBA2868 sp004552595.fastq.gz,SRR17241595.x.s__UBA2868 sp004552595,15b9ab1e,37070000,51,DNA,10000,3707,True,0.8746297848924862,0.9250188776355358,0.8998243312640111,0.9250188776355358,True,1,33777,41554,d__Bacteria;p__Bacillota;c__Bacilli;o__Lactobacillales;f__Lactobacillaceae;g__Limosilactobacillus;s__Limosilactobacillus reuteri
10000,0.0002697599136768276,0.00546448087431694,0.0002697599136768276,4.813014390913029e-05,2.0,2.0,0.0,/group/ctbrowngrp5/sourmash-db.new/gtdb-rs226/gtdb-rs226-k51.dna.rocksdb,GCA_022786525.1 Clostridiales bacterium,e9d7b578cc73125346266a5d6d9180d1,0.00546448087431694,10000,269,26110000,outputs.mapping/bams.cds.rand/SRR17241595.x.s__UBA2868 sp004552595.fastq.gz,SRR17241595.x.s__UBA2868 sp004552595,15b9ab1e,37070000,51,DNA,10000,3707,True,0.8511755988989127,0.9028970081176741,0.8770363035082934,0.9028970081176741,True,2,33779,41554,d__Bacteria;p__Bacillota;c__Clostridia;o__Oscillospirales;f__Oscillospiraceae;g__Oscillibacter;s__Oscillibacter sp004558115
10000,0.0002697599136768276,0.008403361344537815,0.0002697599136768276,7.219521586369543e-05,3.0,3.0,0.0,/group/ctbrowngrp5/sourmash-db.new/gtdb-rs226/gtdb-rs226-k51.dna.rocksdb,GCA_946006945.1 uncultured Clostridia bacterium,72f9327aeb5a3d61b305d014a13c19f4,0.008403361344537815,10000,270,26100000,outputs.mapping/bams.cds.rand/SRR17241595.x.s__UBA2868 sp004552595.fastq.gz,SRR17241595.x.s__UBA2868 sp004552595,15b9ab1e,37070000,51,DNA,10000,3707,True,0.8511755988989127,0.9105483270059616,0.8808619629524371,0.9105483270059616,True,3,33782,41554,d__Bacteria;p__Bacillota;c__Clostridia;o__Peptostreptococcales;f__Anaerovoracaceae;g__Crickella;s__Crickella sp946006945
20000,0.0005395198273536552,0.007692307692307693,0.0002697599136768276,0.0006497569427732589,27.0,27.0,0.0,/group/ctbrowngrp5/sourmash-db.new/gtdb-rs226/gtdb-rs226-k51.dna.rocksdb,GCA_947628115.1 uncultured Clostridia bacterium,b10a5bc1980e98f33ff6fe18ddd0a93c,0.015384615384615385,10000,271,26090000,outputs.mapping/bams.cds.rand/SRR17241595.x.s__UBA2868 sp004552595.fastq.gz,SRR17241595.x.s__UBA2868 sp004552595,15b9ab1e,37070000,51,DNA,10000,3707,True,0.8628230009513476,0.9214094865050211,0.8921162437281843,0.9214094865050211,True,27,33809,41554,d__Bacteria;p__Bacillota;c__Clostridia;o__TANB77;f__CAG-508;g__CAG-452;s__CAG-452 sp947628115
30000,0.0008092797410304828,0.0031645569620253164,0.0002697599136768276,0.000336911007363912,14.0,14.0,0.0,/group/ctbrowngrp5/sourmash-db.new/gtdb-rs226/gtdb-rs226-k51.dna.rocksdb,GCA_019409725.1 Prevotella sp.,624429c6cee4ba4e7a26c4ca18dbcbdf,0.00949367088607595,10000,272,26080000,outputs.mapping/bams.cds.rand/SRR17241595.x.s__UBA2868 sp004552595.fastq.gz,SRR17241595.x.s__UBA2868 sp004552595,15b9ab1e,37070000,51,DNA,10000,3707,True,0.8697100401343785,0.9127289936735792,0.8912195169039788,0.9127289936735792,True,14,33823,41554,d__Bacteria;p__Bacteroidota;c__Bacteroidia;o__Bacteroidales;f__Bacteroidaceae;g__Prevotella;s__Prevotella copri
20000,0.0005395198273536552,0.0055248618784530384,0.0002697599136768276,0.00019252057563652115,8.0,8.0,0.0,/group/ctbrowngrp5/sourmash-db.new/gtdb-rs226/gtdb-rs226-k51.dna.rocksdb,GCA_002299995.1 Lachnospiraceae bacterium UBA645,92b10f3868655e5401ac7f90eed80f3d,0.011049723756906077,10000,273,26070000,outputs.mapping/bams.cds.rand/SRR17241595.x.s__UBA2868 sp004552595.fastq.gz,SRR17241595.x.s__UBA2868 sp004552595,15b9ab1e,37070000,51,DNA,10000,3707,True,0.8628230009513476,0.9154493941301495,0.8891361975407486,0.9154493941301495,True,8,33831,41554,d__Bacteria;p__Bacillota;c__Clostridia;o__Lachnospirales;f__Lachnospiraceae;g__Eubacterium_Q;s__Eubacterium_Q sp900314445
10000,0.0002697599136768276,0.004484304932735426,0.0002697599136768276,2.4065071954565144e-05,1.0,1.0,0.0,/group/ctbrowngrp5/sourmash-db.new/gtdb-rs226/gtdb-rs226-k51.dna.rocksdb,GCA_934316925.1 uncultured Eubacterium sp.,bffdc0a6d2199da67c12f5ee34f3f55f,0.004484304932735426,10000,274,26060000,outputs.mapping/bams.cds.rand/SRR17241595.x.s__UBA2868 sp004552595.fastq.gz,SRR17241595.x.s__UBA2868 sp004552595,15b9ab1e,37070000,51,DNA,10000,3707,True,0.8511755988989127,0.8994039832126721,0.8752897910557924,0.8994039832126721,True,1,33832,41554,d__Bacteria;p__Bacillota;c__Clostridia;o__Lachnospirales;f__Lachnospiraceae;g__Eubacterium_F;s__Eubacterium_F sp934316925
20000,0.0005395198273536552,0.004291845493562232,0.0002697599136768276,0.0007941473745006497,33.0,33.0,0.0,/group/ctbrowngrp5/sourmash-db.new/gtdb-rs226/gtdb-rs226-k51.dna.rocksdb,GCA_029219645.1 Paraprevotella sp.,0b9d18cad61eea3e5ba863c7a8dcf137,0.008583690987124463,10000,275,26050000,outputs.mapping/bams.cds.rand/SRR17241595.x.s__UBA2868 sp004552595.fastq.gz,SRR17241595.x.s__UBA2868 sp004552595,15b9ab1e,37070000,51,DNA,10000,3707,True,0.8628230009513476,0.9109274836213538,0.8868752422863506,0.9109274836213538,True,33,33865,41554,d__Bacteria;p__Bacteroidota;c__Bacteroidia;o__Bacteroidales;f__Bacteroidaceae;g__Physcousia;s__Physcousia sp900766785
10000,0.0002697599136768276,0.004366812227074236,0.0002697599136768276,2.4065071954565144e-05,1.0,1.0,0.0,/group/ctbrowngrp5/sourmash-db.new/gtdb-rs226/gtdb-rs226-k51.dna.rocksdb,GCA_946056365.1 uncultured Clostridia bacterium,93ba90968d75461f28e5c63819f1ba0b,0.004366812227074236,10000,276,26040000,outputs.mapping/bams.cds.rand/SRR17241595.x.s__UBA2868 sp004552595.fastq.gz,SRR17241595.x.s__UBA2868 sp004552595,15b9ab1e,37070000,51,DNA,10000,3707,True,0.8511755988989127,0.8989358818428389,0.8750557403708759,0.8989358818428389,True,1,33866,41554,d__Bacteria;p__Bacillota;c__Clostridia;o__Oscillospirales;f__Acutalibacteraceae;g__CAG-177;s__CAG-177 sp000431775
80000,0.002158079309414621,0.005,0.0002697599136768276,7.219521586369543e-05,3.0,3.0,0.0,/group/ctbrowngrp5/sourmash-db.new/gtdb-rs226/gtdb-rs226-k51.dna.rocksdb,GCA_946055175.1 uncultured Roseburia sp.,631eed3ec165d2d427e4b4c64e607565,0.04,10000,277,26030000,outputs.mapping/bams.cds.rand/SRR17241595.x.s__UBA2868 sp004552595.fastq.gz,SRR17241595.x.s__UBA2868 sp004552595,15b9ab1e,37070000,51,DNA,10000,3707,True,0.8865981316882069,0.9388353021281948,0.9127167169082009,0.9388353021281948,False,3,33869,41554,d__Bacteria;p__Bacillota;c__Clostridia;o__Lachnospirales;f__Lachnospiraceae;g__Roseburia;s__Roseburia sp946055175
30000,0.0008092797410304828,0.0031446540880503146,0.0002697599136768276,0.0017326851807286903,72.0,72.0,0.0,/group/ctbrowngrp5/sourmash-db.new/gtdb-rs226/gtdb-rs226-k51.dna.rocksdb,GCF_902386895.1 Lachnoclostridium edouardi,6cd528a06abe977385d995605d696f97,0.009433962264150943,10000,278,26020000,outputs.mapping/bams.cds.rand/SRR17241595.x.s__UBA2868 sp004552595.fastq.gz,SRR17241595.x.s__UBA2868 sp004552595,15b9ab1e,37070000,51,DNA,10000,3707,True,0.8697100401343785,0.9126160876839744,0.8911630639091764,0.9126160876839744,True,72,33941,41554,d__Bacteria;p__Bacillota;c__Clostridia;o__Lachnospirales;f__Lachnospiraceae;g__Lachnoclostridium_A;s__Lachnoclostridium_A edouardi
90000,0.0024278392230914487,0.002717391304347826,0.0002697599136768276,0.0008663425903643452,36.0,36.0,0.0,/group/ctbrowngrp5/sourmash-db.new/gtdb-rs226/gtdb-rs226-k51.dna.rocksdb,GCF_001461035.1 Acetivibrio ethanolgignens,2c87d6e0353c52133f9d0ebfd5aafc8e,0.024456521739130436,10000,279,26010000,outputs.mapping/bams.cds.rand/SRR17241595.x.s__UBA2868 sp004552595.fastq.gz,SRR17241595.x.s__UBA2868 sp004552595,15b9ab1e,37070000,51,DNA,10000,3707,True,0.8886480708434562,0.9298221677021764,0.9092351192728163,0.9298221677021764,False,36,33977,41554,d__Bacteria;p__Bacillota;c__Clostridia;o__Lachnospirales;f__Lachnospiraceae;g__Velocimicrobium;s__Velocimicrobium ethanolgignens
10000,0.0002697599136768276,0.003703703703703704,0.0002697599136768276,7.219521586369543e-05,3.0,3.0,0.0,/group/ctbrowngrp5/sourmash-db.new/gtdb-rs226/gtdb-rs226-k51.dna.rocksdb,GCA_022767895.1 Eubacterium sp.,da9cb405b3ad62bfb2b64a42aa834a4a,0.003703703703703704,10000,280,26000000,outputs.mapping/bams.cds.rand/SRR17241595.x.s__UBA2868 sp004552595.fastq.gz,SRR17241595.x.s__UBA2868 sp004552595,15b9ab1e,37070000,51,DNA,10000,3707,True,0.8511755988989127,0.8960375310174413,0.873606564958177,0.8960375310174413,True,3,33980,41554,d__Bacteria;p__Bacillota;c__Clostridia;o__Lachnospirales;f__Lachnospiraceae;g__Eubacterium_F;s__Eubacterium_F sp022767895
10000,0.0002697599136768276,0.0036363636363636364,0.0002697599136768276,0.00014439043172739086,6.0,6.0,0.0,/group/ctbrowngrp5/sourmash-db.new/gtdb-rs226/gtdb-rs226-k51.dna.rocksdb,GCA_902494575.1 uncultured Eubacteriales bacterium,1304f42913fdd60f55d82b859a0d84e6,0.0036363636363636364,10000,281,25990000,outputs.mapping/bams.cds.rand/SRR17241595.x.s__UBA2868 sp004552595.fastq.gz,SRR17241595.x.s__UBA2868 sp004552595,15b9ab1e,37070000,51,DNA,10000,3707,True,0.8511755988989127,0.8957152063205601,0.8734454026097365,0.8957152063205601,True,6,33986,41554,d__Bacteria;p__Bacillota;c__Clostridia;o__Lachnospirales;f__Lachnospiraceae;g__Lachnospira;s__Lachnospira sp900772425
10000,0.0002697599136768276,0.0031847133757961785,0.0002697599136768276,0.00012032535977282572,5.0,5.0,0.0,/group/ctbrowngrp5/sourmash-db.new/gtdb-rs226/gtdb-rs226-k51.dna.rocksdb,GCA_003473415.1 Leyella stercorea,e49ecc275c68c22a53fe22a5c75824fa,0.0031847133757961785,10000,282,25980000,outputs.mapping/bams.cds.rand/SRR17241595.x.s__UBA2868 sp004552595.fastq.gz,SRR17241595.x.s__UBA2868 sp004552595,15b9ab1e,37070000,51,DNA,10000,3707,True,0.8511755988989127,0.8933889882535314,0.872282293576222,0.8933889882535314,True,5,33991,41554,d__Bacteria;p__Bacteroidota;c__Bacteroidia;o__Bacteroidales;f__Bacteroidaceae;g__Prevotella;s__Prevotella stercorea
10000,0.0002697599136768276,0.002793296089385475,0.0002697599136768276,2.4065071954565144e-05,1.0,1.0,0.0,/group/ctbrowngrp5/sourmash-db.new/gtdb-rs226/gtdb-rs226-k51.dna.rocksdb,GCA_963663605.1 uncultured Sporobacter sp.,52c3e24acb2563de764897c55a592f25,0.002793296089385475,10000,283,25970000,outputs.mapping/bams.cds.rand/SRR17241595.x.s__UBA2868 sp004552595.fastq.gz,SRR17241595.x.s__UBA2868 sp004552595,15b9ab1e,37070000,51,DNA,10000,3707,True,0.8511755988989127,0.8910947033197164,0.8711351511093146,0.8910947033197164,True,1,33992,41554,d__Bacteria;p__Bacillota;c__Clostridia;o__Oscillospirales;f__Oscillospiraceae;g__Sporobacter;s__Sporobacter sp963663605
10000,0.0002697599136768276,0.003787878787878788,0.0002697599136768276,9.626028781826057e-05,4.0,4.0,0.0,/group/ctbrowngrp5/sourmash-db.new/gtdb-rs226/gtdb-rs226-k51.dna.rocksdb,GCA_963639505.1 Clostridiales bacterium,e43ca0e42a0262f248e056da65fe2cc5,0.003787878787878788,10000,284,25960000,outputs.mapping/bams.cds.rand/SRR17241595.x.s__UBA2868 sp004552595.fastq.gz,SRR17241595.x.s__UBA2868 sp004552595,15b9ab1e,37070000,51,DNA,10000,3707,True,0.8511755988989127,0.8964324517908826,0.8738040253448977,0.8964324517908826,True,4,33996,41554,d__Bacteria;p__Bacillota;c__Clostridia;o__Lachnospirales;f__Lachnospiraceae;g__Lachnospira;s__Lachnospira eligens_A
1730000,0.04666846506609118,0.005291005291005291,0.0002697599136768276,7.219521586369543e-05,3.0,3.0,0.0,/group/ctbrowngrp5/sourmash-db.new/gtdb-rs226/gtdb-rs226-k51.dna.rocksdb,GCA_022777765.1 Lachnospiraceae bacterium,86e6dda8003b9461affa9c08c2c323b3,0.9153439153439153,10000,285,25950000,outputs.mapping/bams.cds.rand/SRR17241595.x.s__UBA2868 sp004552595.fastq.gz,SRR17241595.x.s__UBA2868 sp004552595,15b9ab1e,37070000,51,DNA,10000,3707,True,0.9416779947798902,0.9982670832261632,0.9699725390030267,0.9982670832261632,False,3,33999,41554,d__Bacteria;p__Bacillota;c__Clostridia;o__Lachnospirales;f__Lachnospiraceae;g__UBA2868;s__UBA2868 sp004552595
30000,0.0008092797410304828,0.005128205128205128,0.0002697599136768276,9.626028781826057e-05,4.0,4.0,0.0,/group/ctbrowngrp5/sourmash-db.new/gtdb-rs226/gtdb-rs226-k51.dna.rocksdb,GCA_945787995.1 uncultured Lachnospiraceae bacterium,694160de6619f578951208a3f54f53ce,0.015384615384615385,10000,286,25940000,outputs.mapping/bams.cds.rand/SRR17241595.x.s__UBA2868 sp004552595.fastq.gz,SRR17241595.x.s__UBA2868 sp004552595,15b9ab1e,37070000,51,DNA,10000,3707,True,0.8697100401343785,0.9214094865050211,0.8955597633196998,0.9214094865050211,True,4,34003,41554,d__Bacteria;p__Bacillota;c__Clostridia;o__Lachnospirales;f__Lachnospiraceae;g__CALZKI01;s__CALZKI01 sp945787995
10000,0.0002697599136768276,0.008403361344537815,0.0002697599136768276,0.00024065071954565144,10.0,10.0,0.0,/group/ctbrowngrp5/sourmash-db.new/gtdb-rs226/gtdb-rs226-k51.dna.rocksdb,GCA_945486155.1 uncultured Clostridia bacterium,df8931012c5624faa009c4a12cc24884,0.008403361344537815,10000,287,25930000,outputs.mapping/bams.cds.rand/SRR17241595.x.s__UBA2868 sp004552595.fastq.gz,SRR17241595.x.s__UBA2868 sp004552595,15b9ab1e,37070000,51,DNA,10000,3707,True,0.8511755988989127,0.9105483270059616,0.8808619629524371,0.9105483270059616,True,10,34013,41554,d__Bacteria;p__Bacillota;c__Clostridia;o__Peptostreptococcales;f__Anaerovoracaceae;g__CAG-238;s__CAG-238 sp927797855
40000,0.0010790396547073105,0.004761904761904762,0.0002697599136768276,2.4065071954565144e-05,1.0,1.0,0.0,/group/ctbrowngrp5/sourmash-db.new/gtdb-rs226/gtdb-rs226-k51.dna.rocksdb,GCF_000188175.1 Phascolarctobacterium succinatutens YIT 12067,c90964210746f7c7ce1dc8419f0465dc,0.01904761904761905,10000,288,25920000,outputs.mapping/bams.cds.rand/SRR17241595.x.s__UBA2868 sp004552595.fastq.gz,SRR17241595.x.s__UBA2868 sp004552595,15b9ab1e,37070000,51,DNA,10000,3707,True,0.8746297848924862,0.9252761890078747,0.8999529869501804,0.9252761890078747,True,1,34014,41554,d__Bacteria;p__Bacillota;c__Negativicutes;o__Acidaminococcales;f__Acidaminococcaceae;g__Phascolarctobacterium_A;s__Phascolarctobacterium_A succinatutens
10000,0.0002697599136768276,0.0041841004184100415,0.0002697599136768276,4.813014390913029e-05,2.0,2.0,0.0,/group/ctbrowngrp5/sourmash-db.new/gtdb-rs226/gtdb-rs226-k51.dna.rocksdb,GCA_945939115.1 uncultured Eubacterium sp.,ec53a24c3237756c6aded31d0ff6942c,0.0041841004184100415,10000,289,25910000,outputs.mapping/bams.cds.rand/SRR17241595.x.s__UBA2868 sp004552595.fastq.gz,SRR17241595.x.s__UBA2868 sp004552595,15b9ab1e,37070000,51,DNA,10000,3707,True,0.8511755988989127,0.8981828266298771,0.874679212764395,0.8981828266298771,True,2,34016,41554,d__Bacteria;p__Bacillota;c__Clostridia;o__Lachnospirales;f__Lachnospiraceae;g__Lachnospira;s__Lachnospira sp945939115
10000,0.0002697599136768276,0.004329004329004329,0.0002697599136768276,9.626028781826057e-05,4.0,4.0,0.0,/group/ctbrowngrp5/sourmash-db.new/gtdb-rs226/gtdb-rs226-k51.dna.rocksdb,GCA_021631245.1 Lachnospiraceae bacterium,2bf12fef7054730f9c6e6484163ffbdc,0.004329004329004329,10000,290,25900000,outputs.mapping/bams.cds.rand/SRR17241595.x.s__UBA2868 sp004552595.fastq.gz,SRR17241595.x.s__UBA2868 sp004552595,15b9ab1e,37070000,51,DNA,10000,3707,True,0.8511755988989127,0.8987826226929593,0.8749791107959359,0.8987826226929593,True,4,34020,41554,d__Bacteria;p__Bacillota;c__Clostridia;o__Lachnospirales;f__Lachnospiraceae;g__CAG-303;s__CAG-303 sp900539455
10000,0.0002697599136768276,0.0045871559633027525,0.0002697599136768276,0.0004813014390913029,20.0,20.0,0.0,/group/ctbrowngrp5/sourmash-db.new/gtdb-rs226/gtdb-rs226-k51.dna.rocksdb,GCF_024436455.1 Ruminococcus sp. zg-921,a802011501ecda0c7212fc6dae0010eb,0.0045871559633027525,10000,291,25890000,outputs.mapping/bams.cds.rand/SRR17241595.x.s__UBA2868 sp004552595.fastq.gz,SRR17241595.x.s__UBA2868 sp004552595,15b9ab1e,37070000,51,DNA,10000,3707,True,0.8511755988989127,0.8998039843327351,0.875489791615824,0.8998039843327351,True,20,34040,41554,d__Bacteria;p__Bacillota;c__Clostridia;o__Oscillospirales;f__Acutalibacteraceae;g__UBA7067;s__UBA7067 sp024433635
10000,0.0002697599136768276,0.0025974025974025974,0.0002697599136768276,0.00014439043172739086,6.0,6.0,0.0,/group/ctbrowngrp5/sourmash-db.new/gtdb-rs226/gtdb-rs226-k51.dna.rocksdb,GCA_902781795.1 uncultured Eubacteriales bacterium,ab7dc428f108cf0c9e629fb4bf451b56,0.0025974025974025974,10000,292,25880000,outputs.mapping/bams.cds.rand/SRR17241595.x.s__UBA2868 sp004552595.fastq.gz,SRR17241595.x.s__UBA2868 sp004552595,15b9ab1e,37070000,51,DNA,10000,3707,True,0.8511755988989127,0.8898251809431468,0.8705003899210297,0.8898251809431468,True,6,34046,41554,d__Bacteria;p__Bacillota;c__Clostridia;o__Christensenellales;f__Aristaeellaceae;g__UBA2943;s__UBA2943 sp002350845
30000,0.0008092797410304828,0.0041841004184100415,0.0002697599136768276,2.4065071954565144e-05,1.0,1.0,0.0,/group/ctbrowngrp5/sourmash-db.new/gtdb-rs226/gtdb-rs226-k51.dna.rocksdb,GCA_028727745.1 Bacteroidales bacterium,660375fc8a671b5269973d01f776546a,0.012552301255230125,10000,293,25870000,outputs.mapping/bams.cds.rand/SRR17241595.x.s__UBA2868 sp004552595.fastq.gz,SRR17241595.x.s__UBA2868 sp004552595,15b9ab1e,37070000,51,DNA,10000,3707,True,0.8697100401343785,0.9177408553614469,0.8937254477479126,0.9177408553614469,True,1,34047,41554,d__Bacteria;p__Bacteroidota;c__Bacteroidia;o__Bacteroidales;f__Muribaculaceae;g__Sodaliphilus;s__Sodaliphilus sp004557565
60000,0.0016185594820609657,0.0029069767441860465,0.0002697599136768276,2.4065071954565144e-05,1.0,1.0,0.0,/group/ctbrowngrp5/sourmash-db.new/gtdb-rs226/gtdb-rs226-k51.dna.rocksdb,GCA_964248825.1 butyrate-producing bacterium A2-232,d098eac5867eab045ca948d889a88127,0.01744186046511628,10000,294,25860000,outputs.mapping/bams.cds.rand/SRR17241595.x.s__UBA2868 sp004552595.fastq.gz,SRR17241595.x.s__UBA2868 sp004552595,15b9ab1e,37070000,51,DNA,10000,3707,True,0.8816110656332161,0.9236797606220173,0.9026454131276167,0.9236797606220173,True,1,34048,41554,d__Bacteria;p__Bacillota;c__Clostridia;o__Lachnospirales;f__Lachnospiraceae;g__Bariatricus;s__Bariatricus comes_A
10000,0.0002697599136768276,0.004672897196261682,0.0002697599136768276,4.813014390913029e-05,2.0,2.0,0.0,/group/ctbrowngrp5/sourmash-db.new/gtdb-rs226/gtdb-rs226-k51.dna.rocksdb,GCA_958447185.1 uncultured Eubacteriales bacterium,1c429281ef67c33f88d0e9a24bb68c97,0.004672897196261682,10000,295,25850000,outputs.mapping/bams.cds.rand/SRR17241595.x.s__UBA2868 sp004552595.fastq.gz,SRR17241595.x.s__UBA2868 sp004552595,15b9ab1e,37070000,51,DNA,10000,3707,True,0.8511755988989127,0.9001307792101635,0.875653189054538,0.9001307792101635,True,2,34050,41554,d__Bacteria;p__Bacillota;c__Clostridia;o__Christensenellales;f__CAG-138;g__Phil1;s__Phil1 sp001940855
10000,0.0002697599136768276,0.004830917874396135,0.0002697599136768276,0.0003609760793184772,15.0,15.0,0.0,/group/ctbrowngrp5/sourmash-db.new/gtdb-rs226/gtdb-rs226-k51.dna.rocksdb,GCA_023396135.1 Bacillota bacterium,a25a6c0f8e3125a4d7586bf89627f6dc,0.004830917874396135,10000,296,25840000,outputs.mapping/bams.cds.rand/SRR17241595.x.s__UBA2868 sp004552595.fastq.gz,SRR17241595.x.s__UBA2868 sp004552595,15b9ab1e,37070000,51,DNA,10000,3707,True,0.8511755988989127,0.9007179480665418,0.8759467734827273,0.9007179480665418,True,15,34065,41554,d__Bacteria;p__Bacillota;c__Clostridia;o__Clostridiales;f__Clostridiaceae;g__Clostridium;s__Clostridium sp023399035
10000,0.0002697599136768276,0.005319148936170213,0.0002697599136768276,7.219521586369543e-05,3.0,3.0,0.0,/group/ctbrowngrp5/sourmash-db.new/gtdb-rs226/gtdb-rs226-k51.dna.rocksdb,GCA_022795225.1 Oscillospiraceae bacterium,d5d802d78db390887b5a1f02ff713cd3,0.005319148936170213,10000,297,25830000,outputs.mapping/bams.cds.rand/SRR17241595.x.s__UBA2868 sp004552595.fastq.gz,SRR17241595.x.s__UBA2868 sp004552595,15b9ab1e,37070000,51,DNA,10000,3707,True,0.8511755988989127,0.9024199122476589,0.8767977555732858,0.9024199122476589,True,3,34068,41554,d__Bacteria;p__Bacillota;c__Clostridia;o__Oscillospirales;f__Ruminococcaceae;g__Porcipelethomonas;s__Porcipelethomonas sp910588145
10000,0.0002697599136768276,0.006134969325153374,0.0002697599136768276,2.4065071954565144e-05,1.0,1.0,0.0,/group/ctbrowngrp5/sourmash-db.new/gtdb-rs226/gtdb-rs226-k51.dna.rocksdb,GCA_016302825.1 Clostridiaceae bacterium,df0c1cfb9141bbb08f4e55f7b1d58f21,0.006134969325153374,10000,298,25820000,outputs.mapping/bams.cds.rand/SRR17241595.x.s__UBA2868 sp004552595.fastq.gz,SRR17241595.x.s__UBA2868 sp004552595,15b9ab1e,37070000,51,DNA,10000,3707,True,0.8511755988989127,0.9049483082061326,0.8780619535525227,0.9049483082061326,True,1,34069,41554,d__Bacteria;p__Bacillota;c__Clostridia;o__Oscillospirales;f__Acutalibacteraceae;g__UBA6857;s__UBA6857 sp016292455
40000,0.0010790396547073105,0.005050505050505051,0.0002697599136768276,2.4065071954565144e-05,1.0,1.0,0.0,/group/ctbrowngrp5/sourmash-db.new/gtdb-rs226/gtdb-rs226-k51.dna.rocksdb,GCA_004560175.1 bacterium,27317bd380f74e6eb024f667899644d8,0.020202020202020204,10000,299,25810000,outputs.mapping/bams.cds.rand/SRR17241595.x.s__UBA2868 sp004552595.fastq.gz,SRR17241595.x.s__UBA2868 sp004552595,15b9ab1e,37070000,51,DNA,10000,3707,True,0.8746297848924862,0.926344328861196,0.900487056876841,0.926344328861196,True,1,34070,41554,d__Bacteria;p__Bacteroidota;c__Bacteroidia;o__Bacteroidales;f__P3;g__Onthomorpha;s__Onthomorpha sp004551865
10000,0.0002697599136768276,0.0051813471502590676,0.0002697599136768276,9.626028781826057e-05,4.0,4.0,0.0,/group/ctbrowngrp5/sourmash-db.new/gtdb-rs226/gtdb-rs226-k51.dna.rocksdb,GCA_945871135.1 uncultured Clostridia bacterium,179b1dd146c2d001cf0f8c4e97660b77,0.0051813471502590676,10000,300,25800000,outputs.mapping/bams.cds.rand/SRR17241595.x.s__UBA2868 sp004552595.fastq.gz,SRR17241595.x.s__UBA2868 sp004552595,15b9ab1e,37070000,51,DNA,10000,3707,True,0.8511755988989127,0.9019555822980565,0.8765655905984846,0.9019555822980565,True,4,34074,41554,d__Bacteria;p__Bacillota;c__Clostridia;o__Oscillospirales;f__Butyricicoccaceae;g__Butyricicoccus_A;s__Butyricicoccus_A porcorum
1700000,0.0458591853250607,0.005434782608695652,0.0002697599136768276,0.00012032535977282572,5.0,5.0,0.0,/group/ctbrowngrp5/sourmash-db.new/gtdb-rs226/gtdb-rs226-k51.dna.rocksdb,GCA_947072335.1 uncultured Lachnospiraceae bacterium,1591ceb87bdb0efdf00c0ef2d7da8e89,0.9239130434782609,10000,301,25790000,outputs.mapping/bams.cds.rand/SRR17241595.x.s__UBA2868 sp004552595.fastq.gz,SRR17241595.x.s__UBA2868 sp004552595,15b9ab1e,37070000,51,DNA,10000,3707,True,0.941355051708928,0.9984494911150444,0.9699022714119863,0.9984494911150444,False,5,34079,41554,d__Bacteria;p__Bacillota;c__Clostridia;o__Lachnospirales;f__Lachnospiraceae;g__UBA2868;s__UBA2868 sp004552595
10000,0.0002697599136768276,0.004048582995951417,0.0002697599136768276,2.4065071954565144e-05,1.0,1.0,0.0,/group/ctbrowngrp5/sourmash-db.new/gtdb-rs226/gtdb-rs226-k51.dna.rocksdb,GCA_037359415.1 Coprococcus sp.,97fd818704c0dacfa4e4788d2d4d66f8,0.004048582995951417,10000,302,25780000,outputs.mapping/bams.cds.rand/SRR17241595.x.s__UBA2868 sp004552595.fastq.gz,SRR17241595.x.s__UBA2868 sp004552595,15b9ab1e,37070000,51,DNA,10000,3707,True,0.8511755988989127,0.8976031612871362,0.8743893800930245,0.8976031612871362,True,1,34080,41554,d__Bacteria;p__Bacillota;c__Clostridia;o__Lachnospirales;f__Lachnospiraceae;g__Wujia;s__Wujia hominis
10000,0.0002697599136768276,0.004484304932735426,0.0002697599136768276,0.000168455503681956,7.0,7.0,0.0,/group/ctbrowngrp5/sourmash-db.new/gtdb-rs226/gtdb-rs226-k51.dna.rocksdb,GCA_034169085.1 Candidatus Cryptobacteroides sp.,362454f529ad739568b16e459560dd3c,0.004484304932735426,10000,303,25770000,outputs.mapping/bams.cds.rand/SRR17241595.x.s__UBA2868 sp004552595.fastq.gz,SRR17241595.x.s__UBA2868 sp004552595,15b9ab1e,37070000,51,DNA,10000,3707,True,0.8511755988989127,0.8994039832126721,0.8752897910557924,0.8994039832126721,True,7,34087,41554,d__Bacteria;p__Bacteroidota;c__Bacteroidia;o__Bacteroidales;f__UBA932;g__Cryptobacteroides;s__Cryptobacteroides sp000434935
1510000,0.04073374696520097,0.006329113924050633,0.0002697599136768276,0.0004331712951821726,18.0,18.0,0.0,/group/ctbrowngrp5/sourmash-db.new/gtdb-rs226/gtdb-rs226-k51.dna.rocksdb,GCA_945788335.1 uncultured Lachnospiraceae bacterium,6ebb7015379176b64fdfd7ffacd1cd35,0.9556962025316456,10000,304,25760000,outputs.mapping/bams.cds.rand/SRR17241595.x.s__UBA2868 sp004552595.fastq.gz,SRR17241595.x.s__UBA2868 sp004552595,15b9ab1e,37070000,51,DNA,10000,3707,True,0.9391699821558154,0.9991118613697276,0.9691409217627716,0.9991118613697276,False,18,34105,41554,d__Bacteria;p__Bacillota;c__Clostridia;o__Lachnospirales;f__Lachnospiraceae;g__UBA2868;s__UBA2868 sp004552595
30000,0.0008092797410304828,0.002840909090909091,0.0002697599136768276,2.4065071954565144e-05,1.0,1.0,0.0,/group/ctbrowngrp5/sourmash-db.new/gtdb-rs226/gtdb-rs226-k51.dna.rocksdb,GCA_027664045.1 Lachnospiraceae bacterium AF98-51,f0163cbae84ab386636b21362676ec5a,0.008522727272727272,10000,305,25750000,outputs.mapping/bams.cds.rand/SRR17241595.x.s__UBA2868 sp004552595.fastq.gz,SRR17241595.x.s__UBA2868 sp004552595,15b9ab1e,37070000,51,DNA,10000,3707,True,0.8697100401343785,0.9108001839010786,0.8902551120177286,0.9108001839010786,True,1,34106,41554,d__Bacteria;p__Bacillota;c__Clostridia;o__Lachnospirales;f__Lachnospiraceae;g__Blautia_A;s__Blautia_A sp003471165
10000,0.0002697599136768276,0.004329004329004329,0.0002697599136768276,0.000168455503681956,7.0,7.0,0.0,/group/ctbrowngrp5/sourmash-db.new/gtdb-rs226/gtdb-rs226-k51.dna.rocksdb,GCF_002961565.1 Streptococcus suis,5a4c7963a59246296ad2614a237c461d,0.004329004329004329,10000,306,25740000,outputs.mapping/bams.cds.rand/SRR17241595.x.s__UBA2868 sp004552595.fastq.gz,SRR17241595.x.s__UBA2868 sp004552595,15b9ab1e,37070000,51,DNA,10000,3707,True,0.8511755988989127,0.8987826226929593,0.8749791107959359,0.8987826226929593,True,7,34113,41554,d__Bacteria;p__Bacillota;c__Bacilli;o__Lactobacillales;f__Streptococcaceae;g__Streptococcus;s__Streptococcus suis
20000,0.0005395198273536552,0.0038461538461538464,0.0002697599136768276,2.4065071954565144e-05,1.0,1.0,0.0,/group/ctbrowngrp5/sourmash-db.new/gtdb-rs226/gtdb-rs226-k51.dna.rocksdb,GCA_004556945.1 Clostridiales bacterium,28452a50d39427fd210f60f99e1f2e64,0.007692307692307693,10000,307,25730000,outputs.mapping/bams.cds.rand/SRR17241595.x.s__UBA2868 sp004552595.fastq.gz,SRR17241595.x.s__UBA2868 sp004552595,15b9ab1e,37070000,51,DNA,10000,3707,True,0.8628230009513476,0.9089712150027334,0.8858971079770405,0.9089712150027334,True,1,34114,41554,d__Bacteria;p__Bacillota;c__Clostridia;o__Oscillospirales;f__Oscillospiraceae;g__Hominicoprocola;s__Hominicoprocola sp003522105
20000,0.0005395198273536552,0.006896551724137931,0.0002697599136768276,4.813014390913029e-05,2.0,2.0,0.0,/group/ctbrowngrp5/sourmash-db.new/gtdb-rs226/gtdb-rs226-k51.dna.rocksdb,GCA_004557025.1 Ruminococcus sp.,3cf25617146405d6c33a7c9d03c1175c,0.013793103448275862,10000,308,25720000,outputs.mapping/bams.cds.rand/SRR17241595.x.s__UBA2868 sp004552595.fastq.gz,SRR17241595.x.s__UBA2868 sp004552595,15b9ab1e,37070000,51,DNA,10000,3707,True,0.8628230009513476,0.9194387096145087,0.8911308552829281,0.9194387096145087,True,2,34116,41554,d__Bacteria;p__Bacillota;c__Clostridia;o__Oscillospirales;f__Acutalibacteraceae;g__Eubacterium_R;s__Eubacterium_R coprostanoligenes
10000,0.0002697599136768276,0.0030581039755351682,0.0002697599136768276,2.4065071954565144e-05,1.0,1.0,0.0,/group/ctbrowngrp5/sourmash-db.new/gtdb-rs226/gtdb-rs226-k51.dna.rocksdb,GCA_041223905.1 Anaerovoracaceae bacterium 42-11,1069e263ad170bf700d1f6719d5263b5,0.0030581039755351682,10000,309,25710000,outputs.mapping/bams.cds.rand/SRR17241595.x.s__UBA2868 sp004552595.fastq.gz,SRR17241595.x.s__UBA2868 sp004552595,15b9ab1e,37070000,51,DNA,10000,3707,True,0.8511755988989127,0.8926786379400576,0.8719271184194852,0.8926786379400576,True,1,34117,41554,d__Bacteria;p__Bacillota;c__Clostridia;o__Peptostreptococcales;f__Anaerovoracaceae;g__Emergencia;s__Emergencia sp022767345
70000,0.0018883193957377933,0.006060606060606061,0.0002697599136768276,0.00014439043172739086,6.0,6.0,0.0,/group/ctbrowngrp5/sourmash-db.new/gtdb-rs226/gtdb-rs226-k51.dna.rocksdb,GCA_927798005.1 uncultured Lachnospiraceae bacterium,1a07d60c9994a9bfe775187847cef806,0.04242424242424243,10000,310,25700000,outputs.mapping/bams.cds.rand/SRR17241595.x.s__UBA2868 sp004552595.fastq.gz,SRR17241595.x.s__UBA2868 sp004552595,15b9ab1e,37070000,51,DNA,10000,3707,True,0.8842798212554951,0.9399190946366602,0.9120994579460777,0.9399190946366602,False,6,34123,41554,d__Bacteria;p__Bacillota;c__Clostridia;o__Lachnospirales;f__Lachnospiraceae;g__Colinaster;s__Colinaster sp018056665
10000,0.0002697599136768276,0.005291005291005291,0.0002697599136768276,7.219521586369543e-05,3.0,3.0,0.0,/group/ctbrowngrp5/sourmash-db.new/gtdb-rs226/gtdb-rs226-k51.dna.rocksdb,GCA_017558255.1 Bacteroidaceae bacterium,a6abb63fcc9431eddb8219ac3c9a15db,0.005291005291005291,10000,311,25690000,outputs.mapping/bams.cds.rand/SRR17241595.x.s__UBA2868 sp004552595.fastq.gz,SRR17241595.x.s__UBA2868 sp004552595,15b9ab1e,37070000,51,DNA,10000,3707,True,0.8511755988989127,0.9023260468401526,0.8767508228695327,0.9023260468401526,True,3,34126,41554,d__Bacteria;p__Bacteroidota;c__Bacteroidia;o__Bacteroidales;f__Bacteroidaceae;g__Physcousia;s__Physcousia sp017558255
60000,0.0016185594820609657,0.0036900369003690036,0.0002697599136768276,4.813014390913029e-05,2.0,2.0,0.0,/group/ctbrowngrp5/sourmash-db.new/gtdb-rs226/gtdb-rs226-k51.dna.rocksdb,GCA_022782135.1 Lachnospiraceae bacterium,ed16bb5af09b1b5f827e7a4b5dc1e149,0.02214022140221402,10000,312,25680000,outputs.mapping/bams.cds.rand/SRR17241595.x.s__UBA2868 sp004552595.fastq.gz,SRR17241595.x.s__UBA2868 sp004552595,15b9ab1e,37070000,51,DNA,10000,3707,True,0.8816110656332161,0.9280098533077716,0.9048104594704939,0.9280098533077716,True,2,34128,41554,d__Bacteria;p__Bacillota;c__Clostridia;o__Lachnospirales;f__Lachnospiraceae;g__JAFBIX01;s__JAFBIX01 sp021531895
10000,0.0002697599136768276,0.003745318352059925,0.0002697599136768276,0.00012032535977282572,5.0,5.0,0.0,/group/ctbrowngrp5/sourmash-db.new/gtdb-rs226/gtdb-rs226-k51.dna.rocksdb,GCA_015057405.1 Lachnospiraceae bacterium,0821f85a12e26d3dbb03cd197fc90a05,0.003745318352059925,10000,313,25670000,outputs.mapping/bams.cds.rand/SRR17241595.x.s__UBA2868 sp004552595.fastq.gz,SRR17241595.x.s__UBA2868 sp004552595,15b9ab1e,37070000,51,DNA,10000,3707,True,0.8511755988989127,0.8962338603010542,0.8737047295999835,0.8962338603010542,True,5,34133,41554,d__Bacteria;p__Bacillota;c__Clostridia;o__Lachnospirales;f__Lachnospiraceae;g__V9D3004;s__V9D3004 sp015057405
10000,0.0002697599136768276,0.003484320557491289,0.0002697599136768276,4.813014390913029e-05,2.0,2.0,0.0,/group/ctbrowngrp5/sourmash-db.new/gtdb-rs226/gtdb-rs226-k51.dna.rocksdb,GCF_041850275.1 Bacteroides heparinolyticus,f1cf1726afcb9d95e9cef3118bd67dd7,0.003484320557491289,10000,314,25660000,outputs.mapping/bams.cds.rand/SRR17241595.x.s__UBA2868 sp004552595.fastq.gz,SRR17241595.x.s__UBA2868 sp004552595,15b9ab1e,37070000,51,DNA,10000,3707,True,0.8511755988989127,0.8949653831278861,0.8730704910133994,0.8949653831278861,True,2,34135,41554,d__Bacteria;p__Bacteroidota;c__Bacteroidia;o__Bacteroidales;f__Bacteroidaceae;g__Bacteroides;s__Bacteroides heparinolyticus
30000,0.0008092797410304828,0.004975124378109453,0.0002697599136768276,4.813014390913029e-05,2.0,2.0,0.0,/group/ctbrowngrp5/sourmash-db.new/gtdb-rs226/gtdb-rs226-k51.dna.rocksdb,GCA_946056055.1 uncultured Lachnospiraceae bacterium,621cce69f65679048ba3373cf0a5bf75,0.014925373134328358,10000,315,25650000,outputs.mapping/bams.cds.rand/SRR17241595.x.s__UBA2868 sp004552595.fastq.gz,SRR17241595.x.s__UBA2868 sp004552595,15b9ab1e,37070000,51,DNA,10000,3707,True,0.8697100401343785,0.9208621268632012,0.8952860834987899,0.9208621268632012,True,2,34137,41554,d__Bacteria;p__Bacillota;c__Clostridia;o__Lachnospirales;f__Lachnospiraceae;g__CALZKI01;s__CALZKI01 sp945787995
10000,0.0002697599136768276,0.006802721088435374,0.0002697599136768276,9.626028781826057e-05,4.0,4.0,0.0,/group/ctbrowngrp5/sourmash-db.new/gtdb-rs226/gtdb-rs226-k51.dna.rocksdb,GCA_946406535.1 uncultured Clostridia bacterium,5b52bfb34ddbb704c7713b1341eddb70,0.006802721088435374,10000,316,25640000,outputs.mapping/bams.cds.rand/SRR17241595.x.s__UBA2868 sp004552595.fastq.gz,SRR17241595.x.s__UBA2868 sp004552595,15b9ab1e,37070000,51,DNA,10000,3707,True,0.8511755988989127,0.906783442890104,0.8789795208945084,0.906783442890104,True,4,34141,41554,d__Bacteria;p__Bacillota;c__Clostridia;o__Oscillospirales;f__Acutalibacteraceae;g__Eubacterium_R;s__Eubacterium_R sp022772725
10000,0.0002697599136768276,0.00546448087431694,0.0002697599136768276,2.4065071954565144e-05,1.0,1.0,0.0,/group/ctbrowngrp5/sourmash-db.new/gtdb-rs226/gtdb-rs226-k51.dna.rocksdb,GCA_037293675.1 bacterium,7f356c3c1fa2e4595e09aa63c308956a,0.00546448087431694,10000,317,25630000,outputs.mapping/bams.cds.rand/SRR17241595.x.s__UBA2868 sp004552595.fastq.gz,SRR17241595.x.s__UBA2868 sp004552595,15b9ab1e,37070000,51,DNA,10000,3707,True,0.8511755988989127,0.9028970081176741,0.8770363035082934,0.9028970081176741,True,1,34142,41554,d__Bacteria;p__Bacillota;c__Clostridia;o__Oscillospirales;f__Oscillospiraceae;g__Faecousia;s__Faecousia sp900546075
20000,0.0005395198273536552,0.0023923444976076554,0.0002697599136768276,2.4065071954565144e-05,1.0,1.0,0.0,/group/ctbrowngrp5/sourmash-db.new/gtdb-rs226/gtdb-rs226-k51.dna.rocksdb,GCA_000242195.1 Erysipelotrichaceae bacterium 21_3,689c6218a7c8e6f76fcfc7ac5cc3b97c,0.004784688995215311,10000,318,25620000,outputs.mapping/bams.cds.rand/SRR17241595.x.s__UBA2868 sp004552595.fastq.gz,SRR17241595.x.s__UBA2868 sp004552595,15b9ab1e,37070000,51,DNA,10000,3707,True,0.8628230009513476,0.9005481441482567,0.8816855725498021,0.9005481441482567,True,1,34143,41554,d__Bacteria;p__Bacillota;c__Bacilli;o__Erysipelotrichales;f__Erysipelotrichaceae;g__Clostridium_AQ;s__Clostridium_AQ innocuum
10000,0.0002697599136768276,0.00558659217877095,0.0002697599136768276,2.4065071954565144e-05,1.0,1.0,0.0,/group/ctbrowngrp5/sourmash-db.new/gtdb-rs226/gtdb-rs226-k51.dna.rocksdb,GCA_034087465.1 Candidatus Cryptobacteroides sp.,f108772c3858ab4698036c82db40ca88,0.00558659217877095,10000,319,25610000,outputs.mapping/bams.cds.rand/SRR17241595.x.s__UBA2868 sp004552595.fastq.gz,SRR17241595.x.s__UBA2868 sp004552595,15b9ab1e,37070000,51,DNA,10000,3707,True,0.8511755988989127,0.9032883544180165,0.8772319766584646,0.9032883544180165,True,1,34144,41554,d__Bacteria;p__Bacteroidota;c__Bacteroidia;o__Bacteroidales;f__UBA932;g__Cryptobacteroides;s__Cryptobacteroides sp004554455
10000,0.0002697599136768276,0.00392156862745098,0.0002697599136768276,0.0002887808634547817,12.0,12.0,0.0,/group/ctbrowngrp5/sourmash-db.new/gtdb-rs226/gtdb-rs226-k51.dna.rocksdb,GCA_945869915.1 uncultured bacterium,8993bafe74ea323974aacc41857b2b22,0.00392156862745098,10000,320,25600000,outputs.mapping/bams.cds.rand/SRR17241595.x.s__UBA2868 sp004552595.fastq.gz,SRR17241595.x.s__UBA2868 sp004552595,15b9ab1e,37070000,51,DNA,10000,3707,True,0.8511755988989127,0.8970423309200757,0.8741089649094942,0.8970423309200757,True,12,34156,41554,d__Bacteria;p__Bacteroidota;c__Bacteroidia;o__Bacteroidales;f__Muribaculaceae;g__SFTJ01;s__SFTJ01 sp004563195
60000,0.0016185594820609657,0.006493506493506494,0.0002697599136768276,4.813014390913029e-05,2.0,2.0,0.0,/group/ctbrowngrp5/sourmash-db.new/gtdb-rs226/gtdb-rs226-k51.dna.rocksdb,GCA_945980315.1 uncultured Lachnospiraceae bacterium,f5cab0edb1d3c62f45f6dc6b211e8885,0.03896103896103896,10000,321,25590000,outputs.mapping/bams.cds.rand/SRR17241595.x.s__UBA2868 sp004552595.fastq.gz,SRR17241595.x.s__UBA2868 sp004552595,15b9ab1e,37070000,51,DNA,10000,3707,True,0.8816110656332161,0.938350964004286,0.909981014818751,0.938350964004286,True,2,34158,41554,d__Bacteria;p__Bacillota;c__Clostridia;o__Lachnospirales;f__Lachnospiraceae;g__RGIG8767;s__RGIG8767 sp016294075
10000,0.0002697599136768276,0.004761904761904762,0.0002697599136768276,4.813014390913029e-05,2.0,2.0,0.0,/group/ctbrowngrp5/sourmash-db.new/gtdb-rs226/gtdb-rs226-k51.dna.rocksdb,GCA_029225025.1 Bulleidia sp.,4176ba488f0c33a4a6411edd48e58ff9,0.004761904761904762,10000,322,25580000,outputs.mapping/bams.cds.rand/SRR17241595.x.s__UBA2868 sp004552595.fastq.gz,SRR17241595.x.s__UBA2868 sp004552595,15b9ab1e,37070000,51,DNA,10000,3707,True,0.8511755988989127,0.900463862458667,0.8758197306787898,0.900463862458667,True,2,34160,41554,d__Bacteria;p__Bacillota;c__Bacilli;o__Erysipelotrichales;f__Erysipelotrichaceae;g__Bulleidia;s__Bulleidia sp016293365
10000,0.0002697599136768276,0.002976190476190476,0.0002697599136768276,7.219521586369543e-05,3.0,3.0,0.0,/group/ctbrowngrp5/sourmash-db.new/gtdb-rs226/gtdb-rs226-k51.dna.rocksdb,GCA_034103585.1 Lachnospiraceae bacterium,2e04eb7ce8ff6d4552e1ef579447561e,0.002976190476190476,10000,323,25570000,outputs.mapping/bams.cds.rand/SRR17241595.x.s__UBA2868 sp004552595.fastq.gz,SRR17241595.x.s__UBA2868 sp004552595,15b9ab1e,37070000,51,DNA,10000,3707,True,0.8511755988989127,0.8922035270086854,0.8716895629537991,0.8922035270086854,True,3,34163,41554,d__Bacteria;p__Bacillota;c__Clostridia;o__Lachnospirales;f__Lachnospiraceae;g__W0P33-017;s__W0P33-017 sp028727105
10000,0.0002697599136768276,0.003787878787878788,0.0002697599136768276,0.0002165856475910863,9.0,9.0,0.0,/group/ctbrowngrp5/sourmash-db.new/gtdb-rs226/gtdb-rs226-k51.dna.rocksdb,GCA_004556455.1 Clostridiales bacterium,814a1f3ead2019da5ecab962dd4b8408,0.003787878787878788,10000,324,25560000,outputs.mapping/bams.cds.rand/SRR17241595.x.s__UBA2868 sp004552595.fastq.gz,SRR17241595.x.s__UBA2868 sp004552595,15b9ab1e,37070000,51,DNA,10000,3707,True,0.8511755988989127,0.8964324517908826,0.8738040253448977,0.8964324517908826,True,9,34172,41554,d__Bacteria;p__Bacillota;c__Clostridia;o__Saccharofermentanales;f__DTU023;g__SFGY01;s__SFGY01 sp004556455
10000,0.0002697599136768276,0.0045662100456621,0.0002697599136768276,7.219521586369543e-05,3.0,3.0,0.0,/group/ctbrowngrp5/sourmash-db.new/gtdb-rs226/gtdb-rs226-k51.dna.rocksdb,GCA_029218925.1 Spirochaetales bacterium,68ab607739c4ec7ae4ff0f17a8238299,0.0045662100456621,10000,325,25550000,outputs.mapping/bams.cds.rand/SRR17241595.x.s__UBA2868 sp004552595.fastq.gz,SRR17241595.x.s__UBA2868 sp004552595,15b9ab1e,37070000,51,DNA,10000,3707,True,0.8511755988989127,0.8997232408336094,0.875449419866261,0.8997232408336094,True,3,34175,41554,d__Bacteria;p__Spirochaetota;c__Spirochaetia;o__Sphaerochaetales;f__Sphaerochaetaceae;g__Ornithospirochaeta;s__Ornithospirochaeta sp022771185
30000,0.0008092797410304828,0.003937007874015748,0.0002697599136768276,0.00012032535977282572,5.0,5.0,0.0,/group/ctbrowngrp5/sourmash-db.new/gtdb-rs226/gtdb-rs226-k51.dna.rocksdb,GCA_945868445.1 uncultured Dorea sp.,1d566d9384007a9b54b3ac5394e2c15c,0.011811023622047244,10000,326,25540000,outputs.mapping/bams.cds.rand/SRR17241595.x.s__UBA2868 sp004552595.fastq.gz,SRR17241595.x.s__UBA2868 sp004552595,15b9ab1e,37070000,51,DNA,10000,3707,True,0.8697100401343785,0.9166461452122722,0.8931780926733253,0.9166461452122722,True,5,34180,41554,d__Bacteria;p__Bacillota;c__Clostridia;o__Lachnospirales;f__Lachnospiraceae;g__Dorea_A;s__Dorea_A sp016295505
10000,0.0002697599136768276,0.003401360544217687,0.0002697599136768276,4.813014390913029e-05,2.0,2.0,0.0,/group/ctbrowngrp5/sourmash-db.new/gtdb-rs226/gtdb-rs226-k51.dna.rocksdb,GCA_946540175.1 uncultured Prevotellaceae bacterium,5779ca91043309d2504a7000fdff0cab,0.003401360544217687,10000,327,25530000,outputs.mapping/bams.cds.rand/SRR17241595.x.s__UBA2868 sp004552595.fastq.gz,SRR17241595.x.s__UBA2868 sp004552595,15b9ab1e,37070000,51,DNA,10000,3707,True,0.8511755988989127,0.8945426109672336,0.8728591049330732,0.8945426109672336,True,2,34182,41554,d__Bacteria;p__Bacteroidota;c__Bacteroidia;o__Bacteroidales;f__Bacteroidaceae;g__Prevotella;s__Prevotella sp002392645
10000,0.0002697599136768276,0.006289308176100629,0.0002697599136768276,2.4065071954565144e-05,1.0,1.0,0.0,/group/ctbrowngrp5/sourmash-db.new/gtdb-rs226/gtdb-rs226-k51.dna.rocksdb,GCA_017559435.1 Lachnospiraceae bacterium,d267a5f23bc2f15460fbaec610833c8c,0.006289308176100629,10000,328,25520000,outputs.mapping/bams.cds.rand/SRR17241595.x.s__UBA2868 sp004552595.fastq.gz,SRR17241595.x.s__UBA2868 sp004552595,15b9ab1e,37070000,51,DNA,10000,3707,True,0.8511755988989127,0.9053892851119669,0.8782824420054398,0.9053892851119669,True,1,34183,41554,d__Bacteria;p__Bacillota;c__Clostridia;o__Lachnospirales;f__Lachnospiraceae;g__Acetatifactor;s__Acetatifactor sp017559435
20000,0.0005395198273536552,0.004329004329004329,0.0002697599136768276,0.0003128459354093469,13.0,13.0,0.0,/group/ctbrowngrp5/sourmash-db.new/gtdb-rs226/gtdb-rs226-k51.dna.rocksdb,GCA_945829055.1 uncultured bacterium,d1ff92fc097a416645f4b64ba1a58b7b,0.008658008658008658,10000,329,25510000,outputs.mapping/bams.cds.rand/SRR17241595.x.s__UBA2868 sp004552595.fastq.gz,SRR17241595.x.s__UBA2868 sp004552595,15b9ab1e,37070000,51,DNA,10000,3707,True,0.8628230009513476,0.9110814745136516,0.8869522377324996,0.9110814745136516,True,13,34196,41554,d__Bacteria;p__Bacillota;c__Clostridia;o__Lachnospirales;f__Lachnospiraceae;g__Bariatricus;s__Bariatricus sp004560705
10000,0.0002697599136768276,0.009615384615384616,0.0002697599136768276,9.626028781826057e-05,4.0,4.0,0.0,/group/ctbrowngrp5/sourmash-db.new/gtdb-rs226/gtdb-rs226-k51.dna.rocksdb,GCA_902482455.1 uncultured Clostridium sp.,704941a512149694fb300e2f7e6a9560,0.009615384615384616,10000,330,25500000,outputs.mapping/bams.cds.rand/SRR17241595.x.s__UBA2868 sp004552595.fastq.gz,SRR17241595.x.s__UBA2868 sp004552595,15b9ab1e,37070000,51,DNA,10000,3707,True,0.8511755988989127,0.9129570079962835,0.8820663034475982,0.9129570079962835,True,4,34200,41554,d__Bacteria;p__Bacillota;c__Bacilli;o__RF39;f__UBA660;g__CAG-762;s__CAG-762 sp900551315
130000,0.003506878877798759,0.0026455026455026454,0.0002697599136768276,2.4065071954565144e-05,1.0,1.0,0.0,/group/ctbrowngrp5/sourmash-db.new/gtdb-rs226/gtdb-rs226-k51.dna.rocksdb,GCF_040096555.1 Coprococcus intestinihominis,b0eaca5ba589f9715c39079e7665ea4d,0.03439153439153439,10000,331,25490000,outputs.mapping/bams.cds.rand/SRR17241595.x.s__UBA2868 sp004552595.fastq.gz,SRR17241595.x.s__UBA2868 sp004552595,15b9ab1e,37070000,51,DNA,10000,3707,True,0.8950786362306691,0.9360584575869879,0.9155685469088285,0.9360584575869879,False,1,34201,41554,d__Bacteria;p__Bacillota;c__Clostridia;o__Lachnospirales;f__Lachnospiraceae;g__Coprococcus_A;s__Coprococcus_A intestinihominis
10000,0.0002697599136768276,0.006666666666666667,0.0002697599136768276,7.219521586369543e-05,3.0,3.0,0.0,/group/ctbrowngrp5/sourmash-db.new/gtdb-rs226/gtdb-rs226-k51.dna.rocksdb,GCA_946007455.1 uncultured Clostridia bacterium,b66742ed9267bf76b6d9d96de4440aaa,0.006666666666666667,10000,332,25480000,outputs.mapping/bams.cds.rand/SRR17241595.x.s__UBA2868 sp004552595.fastq.gz,SRR17241595.x.s__UBA2868 sp004552595,15b9ab1e,37070000,51,DNA,10000,3707,True,0.8511755988989127,0.9064243085270774,0.8787999537129951,0.9064243085270774,True,3,34204,41554,d__Bacteria;p__Bacillota;c__Clostridia;o__Christensenellales;f__CAG-138;g__SFDB01;s__SFDB01 sp004558825
10000,0.0002697599136768276,0.003816793893129771,0.0002697599136768276,0.0003609760793184772,15.0,15.0,0.0,/group/ctbrowngrp5/sourmash-db.new/gtdb-rs226/gtdb-rs226-k51.dna.rocksdb,GCA_927798465.1 uncultured bacterium,66102790e40a4422306e3e5cc501873a,0.003816793893129771,10000,333,25470000,outputs.mapping/bams.cds.rand/SRR17241595.x.s__UBA2868 sp004552595.fastq.gz,SRR17241595.x.s__UBA2868 sp004552595,15b9ab1e,37070000,51,DNA,10000,3707,True,0.8511755988989127,0.8965661286132058,0.8738708637560593,0.8965661286132058,True,15,34219,41554,d__Bacteria;p__Bacteroidota;c__Bacteroidia;o__Bacteroidales;f__Bacteroidaceae;g__Prevotella;s__Prevotella sp004556065
10000,0.0002697599136768276,0.004291845493562232,0.0002697599136768276,0.00024065071954565144,10.0,10.0,0.0,/group/ctbrowngrp5/sourmash-db.new/gtdb-rs226/gtdb-rs226-k51.dna.rocksdb,GCA_963618855.1 bacterium,b7f42c02f58e9a729836cefc2cda65c3,0.004291845493562232,10000,334,25460000,outputs.mapping/bams.cds.rand/SRR17241595.x.s__UBA2868 sp004552595.fastq.gz,SRR17241595.x.s__UBA2868 sp004552595,15b9ab1e,37070000,51,DNA,10000,3707,True,0.8511755988989127,0.8986307105512661,0.8749031547250894,0.8986307105512661,True,10,34229,41554,d__Bacteria;p__Bacillota;c__Bacilli;o__RFN20;f__CAG-288;g__Enterosoma;s__Enterosoma sp963648975
10000,0.0002697599136768276,0.00398406374501992,0.0002697599136768276,0.00012032535977282572,5.0,5.0,0.0,/group/ctbrowngrp5/sourmash-db.new/gtdb-rs226/gtdb-rs226-k51.dna.rocksdb,GCA_945897605.1 uncultured Bacteroidales bacterium,f1ea6a26c648052bb9e093e9459c070c,0.00398406374501992,10000,335,25450000,outputs.mapping/bams.cds.rand/SRR17241595.x.s__UBA2868 sp004552595.fastq.gz,SRR17241595.x.s__UBA2868 sp004552595,15b9ab1e,37070000,51,DNA,10000,3707,True,0.8511755988989127,0.8973204678127464,0.8742480333558296,0.8973204678127464,True,5,34234,41554,d__Bacteria;p__Bacteroidota;c__Bacteroidia;o__Bacteroidales;f__Muribaculaceae;g__CAG-873;s__CAG-873 sp001701165
20000,0.0005395198273536552,0.005649717514124294,0.0002697599136768276,0.00024065071954565144,10.0,10.0,0.0,/group/ctbrowngrp5/sourmash-db.new/gtdb-rs226/gtdb-rs226-k51.dna.rocksdb,GCA_900548675.1 uncultured Mollicutes bacterium,47914299e968ffcc80532734794d84a1,0.011299435028248588,10000,336,25440000,outputs.mapping/bams.cds.rand/SRR17241595.x.s__UBA2868 sp004552595.fastq.gz,SRR17241595.x.s__UBA2868 sp004552595,15b9ab1e,37070000,51,DNA,10000,3707,True,0.8628230009513476,0.9158506157738865,0.889336808362617,0.9158506157738865,True,10,34244,41554,d__Bacteria;p__Bacillota;c__Bacilli;o__ML615J-28;f__CAG-313;g__UMGS1109;s__UMGS1109 sp900548675
10000,0.0002697599136768276,0.002770083102493075,0.0002697599136768276,2.4065071954565144e-05,1.0,1.0,0.0,/group/ctbrowngrp5/sourmash-db.new/gtdb-rs226/gtdb-rs226-k51.dna.rocksdb,GCA_947059555.1 uncultured Hungatella sp.,48085f783ccb49aa1a6ecd1a0bb35681,0.002770083102493075,10000,337,25430000,outputs.mapping/bams.cds.rand/SRR17241595.x.s__UBA2868 sp004552595.fastq.gz,SRR17241595.x.s__UBA2868 sp004552595,15b9ab1e,37070000,51,DNA,10000,3707,True,0.8511755988989127,0.890948908183572,0.8710622535412423,0.890948908183572,True,1,34245,41554,d__Bacteria;p__Bacillota;c__Clostridia;o__Lachnospirales;f__Lachnospiraceae;g__UBA3402;s__UBA3402 sp910575585
30000,0.0008092797410304828,0.0024449877750611247,0.0002697599136768276,0.00019252057563652115,8.0,8.0,0.0,/group/ctbrowngrp5/sourmash-db.new/gtdb-rs226/gtdb-rs226-k51.dna.rocksdb,GCA_021616595.1 Bacteroidales bacterium,58da32daf3e3c54075353a3fd64979fd,0.007334963325183374,10000,338,25420000,outputs.mapping/bams.cds.rand/SRR17241595.x.s__UBA2868 sp004552595.fastq.gz,SRR17241595.x.s__UBA2868 sp004552595,15b9ab1e,37070000,51,DNA,10000,3707,True,0.8697100401343785,0.9081238000322381,0.8889169200833082,0.9081238000322381,True,8,34253,41554,d__Bacteria;p__Bacteroidota;c__Bacteroidia;o__Bacteroidales;f__UBA932;g__Cryptobacteroides;s__Cryptobacteroides sp000433355
20000,0.0005395198273536552,0.004310344827586207,0.0002697599136768276,2.4065071954565144e-05,1.0,1.0,0.0,/group/ctbrowngrp5/sourmash-db.new/gtdb-rs226/gtdb-rs226-k51.dna.rocksdb,GCF_013103505.1 Enterococcus cecorum,523738c943e64527a06f3a34e20fd810,0.008620689655172414,10000,339,25410000,outputs.mapping/bams.cds.rand/SRR17241595.x.s__UBA2868 sp004552595.fastq.gz,SRR17241595.x.s__UBA2868 sp004552595,15b9ab1e,37070000,51,DNA,10000,3707,True,0.8628230009513476,0.9110043098748272,0.8869136554130874,0.9110043098748272,True,1,34254,41554,d__Bacteria;p__Bacillota;c__Bacilli;o__Lactobacillales;f__Enterococcaceae;g__Enterococcus_E;s__Enterococcus_E cecorum
10000,0.0002697599136768276,0.005714285714285714,0.0002697599136768276,0.00012032535977282572,5.0,5.0,0.0,/group/ctbrowngrp5/sourmash-db.new/gtdb-rs226/gtdb-rs226-k51.dna.rocksdb,GCA_029338715.1 Bacillota bacterium,619b5afe7f8c006ef233f67e8501a5dc,0.005714285714285714,10000,340,25400000,outputs.mapping/bams.cds.rand/SRR17241595.x.s__UBA2868 sp004552595.fastq.gz,SRR17241595.x.s__UBA2868 sp004552595,15b9ab1e,37070000,51,DNA,10000,3707,True,0.8511755988989127,0.9036887208642069,0.8774321598815598,0.9036887208642069,True,5,34259,41554,d__Bacteria;p__Bacillota;c__Clostridia;o__Peptostreptococcales;f__Anaerovoracaceae;g__UMGS973;s__UMGS973 sp016293805
40000,0.0010790396547073105,0.002824858757062147,0.0002697599136768276,2.4065071954565144e-05,1.0,1.0,0.0,/group/ctbrowngrp5/sourmash-db.new/gtdb-rs226/gtdb-rs226-k51.dna.rocksdb,GCF_009695805.1 Segatella copri,6f25906e0e1c5453cea90d748e2b732d,0.011299435028248588,10000,341,25390000,outputs.mapping/bams.cds.rand/SRR17241595.x.s__UBA2868 sp004552595.fastq.gz,SRR17241595.x.s__UBA2868 sp004552595,15b9ab1e,37070000,51,DNA,10000,3707,True,0.8746297848924862,0.9158506157738865,0.8952402003331863,0.9158506157738865,True,1,34260,41554,d__Bacteria;p__Bacteroidota;c__Bacteroidia;o__Bacteroidales;f__Bacteroidaceae;g__Prevotella;s__Prevotella copri
30000,0.0008092797410304828,0.0035335689045936395,0.0002697599136768276,4.813014390913029e-05,2.0,2.0,0.0,/group/ctbrowngrp5/sourmash-db.new/gtdb-rs226/gtdb-rs226-k51.dna.rocksdb,GCA_946000975.1 uncultured Lachnospiraceae bacterium,a0d78b88bb756c193272cf223e5ec153,0.01060070671378092,10000,342,25380000,outputs.mapping/bams.cds.rand/SRR17241595.x.s__UBA2868 sp004552595.fastq.gz,SRR17241595.x.s__UBA2868 sp004552595,15b9ab1e,37070000,51,DNA,10000,3707,True,0.8697100401343785,0.9147050459893903,0.8922075430618843,0.9147050459893903,True,2,34262,41554,d__Bacteria;p__Bacillota;c__Clostridia;o__Lachnospirales;f__Lachnospiraceae;g__SFDP01;s__SFDP01 sp004558185
10000,0.0002697599136768276,0.007042253521126761,0.0002697599136768276,4.813014390913029e-05,2.0,2.0,0.0,/group/ctbrowngrp5/sourmash-db.new/gtdb-rs226/gtdb-rs226-k51.dna.rocksdb,GCA_028723785.1 Bacillota bacterium,54cb36a84463b740e45e81a5fce49dc8,0.007042253521126761,10000,343,25370000,outputs.mapping/bams.cds.rand/SRR17241595.x.s__UBA2868 sp004552595.fastq.gz,SRR17241595.x.s__UBA2868 sp004552595,15b9ab1e,37070000,51,DNA,10000,3707,True,0.8511755988989127,0.9073989403311536,0.8792872696150331,0.9073989403311536,True,2,34264,41554,d__Bacteria;p__Bacillota;c__Clostridia;o__Oscillospirales;f__Oscillospiraceae;g__Faecousia;s__Faecousia sp022770345
10000,0.0002697599136768276,0.004273504273504274,0.0002697599136768276,2.4065071954565144e-05,1.0,1.0,0.0,/group/ctbrowngrp5/sourmash-db.new/gtdb-rs226/gtdb-rs226-k51.dna.rocksdb,GCA_900314185.1 uncultured Eubacteriales bacterium,36dda089a20b234923609249c4441796,0.004273504273504274,10000,344,25360000,outputs.mapping/bams.cds.rand/SRR17241595.x.s__UBA2868 sp004552595.fastq.gz,SRR17241595.x.s__UBA2868 sp004552595,15b9ab1e,37070000,51,DNA,10000,3707,True,0.8511755988989127,0.8985552523193859,0.8748654256091493,0.8985552523193859,True,1,34265,41554,d__Bacteria;p__Bacillota;c__Clostridia;o__Peptostreptococcales;f__Anaerovoracaceae;g__Hornefia;s__Hornefia butyriciproducens
20000,0.0005395198273536552,0.0038314176245210726,0.0002697599136768276,0.000168455503681956,7.0,7.0,0.0,/group/ctbrowngrp5/sourmash-db.new/gtdb-rs226/gtdb-rs226-k51.dna.rocksdb,GCA_022787405.1 Bacillota bacterium,c434930ebfcc110ce818ba51905c9e2e,0.007662835249042145,10000,345,25350000,outputs.mapping/bams.cds.rand/SRR17241595.x.s__UBA2868 sp004552595.fastq.gz,SRR17241595.x.s__UBA2868 sp004552595,15b9ab1e,37070000,51,DNA,10000,3707,True,0.8628230009513476,0.9089027992018329,0.8858629000765903,0.9089027992018329,True,7,34272,41554,d__Bacteria;p__Bacillota;c__Clostridia;o__Peptostreptococcales;f__Anaerovoracaceae;g__CAG-238;s__CAG-238 sp022787405
10000,0.0002697599136768276,0.002347417840375587,0.0002697599136768276,2.4065071954565144e-05,1.0,1.0,0.0,/group/ctbrowngrp5/sourmash-db.new/gtdb-rs226/gtdb-rs226-k51.dna.rocksdb,GCA_902488015.1 uncultured Lachnospiraceae bacterium,7f52e64ed43267d0b941609505e112be,0.002347417840375587,10000,346,25340000,outputs.mapping/bams.cds.rand/SRR17241595.x.s__UBA2868 sp004552595.fastq.gz,SRR17241595.x.s__UBA2868 sp004552595,15b9ab1e,37070000,51,DNA,10000,3707,True,0.8511755988989127,0.8880613087521355,0.869618453825524,0.8880613087521355,True,1,34273,41554,d__Bacteria;p__Bacillota;c__Clostridia;o__Lachnospirales;f__Lachnospiraceae;g__NK4A136;s__NK4A136 sp002314855
30000,0.0008092797410304828,0.002770083102493075,0.0002697599136768276,2.4065071954565144e-05,1.0,1.0,0.0,/group/ctbrowngrp5/sourmash-db.new/gtdb-rs226/gtdb-rs226-k51.dna.rocksdb,GCA_034180265.1 Lachnospiraceae bacterium,01856f1493fd8dad274f74a209cc92f8,0.008310249307479225,10000,347,25330000,outputs.mapping/bams.cds.rand/SRR17241595.x.s__UBA2868 sp004552595.fastq.gz,SRR17241595.x.s__UBA2868 sp004552595,15b9ab1e,37070000,51,DNA,10000,3707,True,0.8697100401343785,0.9103494175542499,0.8900297288443142,0.9103494175542499,True,1,34274,41554,d__Bacteria;p__Bacillota;c__Clostridia;o__Lachnospirales;f__Lachnospiraceae;g__Agathobacter;s__Agathobacter faecis
20000,0.0005395198273536552,0.003389830508474576,0.0002697599136768276,0.00045723636713673776,19.0,19.0,0.0,/group/ctbrowngrp5/sourmash-db.new/gtdb-rs226/gtdb-rs226-k51.dna.rocksdb,GCA_028724765.1 Treponema sp.,c87fea937fb46e15687b3d21bc9f6f86,0.006779661016949152,10000,348,25320000,outputs.mapping/bams.cds.rand/SRR17241595.x.s__UBA2868 sp004552595.fastq.gz,SRR17241595.x.s__UBA2868 sp004552595,15b9ab1e,37070000,51,DNA,10000,3707,True,0.8628230009513476,0.9067230710982402,0.8847730360247938,0.9067230710982402,True,19,34293,41554,d__Bacteria;p__Spirochaetota;c__Spirochaetia;o__Treponematales;f__Treponemataceae;g__Treponema_D;s__Treponema_D sp016296655
10000,0.0002697599136768276,0.008333333333333333,0.0002697599136768276,0.00014439043172739086,6.0,6.0,0.0,/group/ctbrowngrp5/sourmash-db.new/gtdb-rs226/gtdb-rs226-k51.dna.rocksdb,GCA_945828665.1 Methanobrevibacter gottschalkii,9f7d7539ff8b1923b35c7fa2731fe2c3,0.008333333333333333,10000,349,25310000,outputs.mapping/bams.cds.rand/SRR17241595.x.s__UBA2868 sp004552595.fastq.gz,SRR17241595.x.s__UBA2868 sp004552595,15b9ab1e,37070000,51,DNA,10000,3707,True,0.8511755988989127,0.9103989334640178,0.8807872661814653,0.9103989334640178,True,6,34299,41554,d__Archaea;p__Methanobacteriota;c__Methanobacteria;o__Methanobacteriales;f__Methanobacteriaceae;g__Methanocatella;s__Methanocatella sp900769095
10000,0.0002697599136768276,0.003355704697986577,0.0002697599136768276,7.219521586369543e-05,3.0,3.0,0.0,/group/ctbrowngrp5/sourmash-db.new/gtdb-rs226/gtdb-rs226-k51.dna.rocksdb,GCA_017434525.1 Methanobrevibacter sp.,aeac1926bfb84622071b27c4848e3f0b,0.003355704697986577,10000,350,25300000,outputs.mapping/bams.cds.rand/SRR17241595.x.s__UBA2868 sp004552595.fastq.gz,SRR17241595.x.s__UBA2868 sp004552595,15b9ab1e,37070000,51,DNA,10000,3707,True,0.8511755988989127,0.8943056110421093,0.872740604970511,0.8943056110421093,True,3,34302,41554,d__Archaea;p__Methanobacteriota;c__Methanobacteria;o__Methanobacteriales;f__Methanobacteriaceae;g__Methanocatella;s__Methanocatella sp017434525
10000,0.0002697599136768276,0.0045045045045045045,0.0002697599136768276,0.00024065071954565144,10.0,10.0,0.0,/group/ctbrowngrp5/sourmash-db.new/gtdb-rs226/gtdb-rs226-k51.dna.rocksdb,GCA_945870715.1 uncultured Treponema sp.,f92a96fd2d6807096de0150eb269a806,0.0045045045045045045,10000,351,25290000,outputs.mapping/bams.cds.rand/SRR17241595.x.s__UBA2868 sp004552595.fastq.gz,SRR17241595.x.s__UBA2868 sp004552595,15b9ab1e,37070000,51,DNA,10000,3707,True,0.8511755988989127,0.8994832469384727,0.8753294229186928,0.8994832469384727,True,10,34312,41554,d__Bacteria;p__Spirochaetota;c__Spirochaetia;o__Treponematales;f__Treponemataceae;g__Treponema_D;s__Treponema_D sp945868875
20000,0.0005395198273536552,0.006493506493506494,0.0002697599136768276,7.219521586369543e-05,3.0,3.0,0.0,/group/ctbrowngrp5/sourmash-db.new/gtdb-rs226/gtdb-rs226-k51.dna.rocksdb,GCA_938049155.1 uncultured Clostridia bacterium,954eef3e85bb7714598a90d35abf9289,0.012987012987012988,10000,352,25280000,outputs.mapping/bams.cds.rand/SRR17241595.x.s__UBA2868 sp004552595.fastq.gz,SRR17241595.x.s__UBA2868 sp004552595,15b9ab1e,37070000,51,DNA,10000,3707,True,0.8628230009513476,0.9183537120490333,0.8905883565001904,0.9183537120490333,True,3,34315,41554,d__Bacteria;p__Bacillota;c__Clostridia;o__Oscillospirales;f__Acutalibacteraceae;g__UBA737;s__UBA737 sp905211675
40000,0.0010790396547073105,0.0035842293906810036,0.0002697599136768276,2.4065071954565144e-05,1.0,1.0,0.0,/group/ctbrowngrp5/sourmash-db.new/gtdb-rs226/gtdb-rs226-k51.dna.rocksdb,GCA_029226935.1 Bacillota bacterium,5efd7ffd59f7b38b9e76f8b52aa80639,0.014336917562724014,10000,353,25270000,outputs.mapping/bams.cds.rand/SRR17241595.x.s__UBA2868 sp004552595.fastq.gz,SRR17241595.x.s__UBA2868 sp004552595,15b9ab1e,37070000,51,DNA,10000,3707,True,0.8746297848924862,0.9201361093688241,0.8973829471306551,0.9201361093688241,True,1,34316,41554,d__Bacteria;p__Bacillota;c__Clostridia;o__Lachnospirales;f__Lachnospiraceae;g__Suilimivivens;s__Suilimivivens sp029226935
30000,0.0008092797410304828,0.0036496350364963502,0.0002697599136768276,7.219521586369543e-05,3.0,3.0,0.0,/group/ctbrowngrp5/sourmash-db.new/gtdb-rs226/gtdb-rs226-k51.dna.rocksdb,GCA_016296125.1 Bacteroidaceae bacterium,9aac2ede17ecb8d8db316d75c4d1b29a,0.010948905109489052,10000,354,25260000,outputs.mapping/bams.cds.rand/SRR17241595.x.s__UBA2868 sp004552595.fastq.gz,SRR17241595.x.s__UBA2868 sp004552595,15b9ab1e,37070000,51,DNA,10000,3707,True,0.8697100401343785,0.9152848799152251,0.8924974600248018,0.9152848799152251,True,3,34319,41554,d__Bacteria;p__Bacteroidota;c__Bacteroidia;o__Bacteroidales;f__Bacteroidaceae;g__Prevotella;s__Prevotella sp002251245
10000,0.0002697599136768276,0.006329113924050633,0.0002697599136768276,0.003176589498002599,132.0,132.0,0.0,/group/ctbrowngrp5/sourmash-db.new/gtdb-rs226/gtdb-rs226-k51.dna.rocksdb,GCA_945949115.1 uncultured Selenomonadales bacterium,467640f8f130cc3f62be5f2c930c8d63,0.006329113924050633,10000,355,25250000,outputs.mapping/bams.cds.rand/SRR17241595.x.s__UBA2868 sp004552595.fastq.gz,SRR17241595.x.s__UBA2868 sp004552595,15b9ab1e,37070000,51,DNA,10000,3707,True,0.8511755988989127,0.9055012970243063,0.8783384479616094,0.9055012970243063,True,132,34451,41554,d__Bacteria;p__Bacillota;c__Negativicutes;o__Selenomonadales;f__Selenomonadaceae;g__RGIG250;s__RGIG250 sp017383125
50000,0.001348799568384138,0.00425531914893617,0.0002697599136768276,4.813014390913029e-05,2.0,2.0,0.0,/group/ctbrowngrp5/sourmash-db.new/gtdb-rs226/gtdb-rs226-k51.dna.rocksdb,GCA_022777965.1 Lachnospiraceae bacterium,898408548f040ce8051aa03096087edd,0.02127659574468085,10000,356,25240000,outputs.mapping/bams.cds.rand/SRR17241595.x.s__UBA2868 sp004552595.fastq.gz,SRR17241595.x.s__UBA2868 sp004552595,15b9ab1e,37070000,51,DNA,10000,3707,True,0.8784649924447565,0.9272861378461615,0.902875565145459,0.9272861378461615,True,2,34453,41554,d__Bacteria;p__Bacillota;c__Clostridia;o__Lachnospirales;f__Lachnospiraceae;g__Eubacterium_Q;s__Eubacterium_Q sp900314445
20000,0.0005395198273536552,0.0025252525252525255,0.0002697599136768276,9.626028781826057e-05,4.0,4.0,0.0,/group/ctbrowngrp5/sourmash-db.new/gtdb-rs226/gtdb-rs226-k51.dna.rocksdb,GCA_945982685.1 uncultured Prevotella sp.,f1413d1d3c3a99c1363e9832573a9709,0.005050505050505051,10000,357,25230000,outputs.mapping/bams.cds.rand/SRR17241595.x.s__UBA2868 sp004552595.fastq.gz,SRR17241595.x.s__UBA2868 sp004552595,15b9ab1e,37070000,51,DNA,10000,3707,True,0.8628230009513476,0.901503358934848,0.8821631799430978,0.901503358934848,True,4,34457,41554,d__Bacteria;p__Bacteroidota;c__Bacteroidia;o__Bacteroidales;f__Bacteroidaceae;g__Prevotella;s__Prevotella sp022764085
1330000,0.03587806851901807,0.006535947712418301,0.0002697599136768276,0.00014439043172739086,6.0,6.0,0.0,/group/ctbrowngrp5/sourmash-db.new/gtdb-rs226/gtdb-rs226-k51.dna.rocksdb,GCA_018384285.1 Lachnospiraceae bacterium,336b011fe1dcbad2a8d6579048ca6746,0.869281045751634,10000,358,25220000,outputs.mapping/bams.cds.rand/SRR17241595.x.s__UBA2868 sp004552595.fastq.gz,SRR17241595.x.s__UBA2868 sp004552595,15b9ab1e,37070000,51,DNA,10000,3707,True,0.9368354471014707,0.997256930028856,0.9670461885651633,0.997256930028856,False,6,34463,41554,d__Bacteria;p__Bacillota;c__Clostridia;o__Lachnospirales;f__Lachnospiraceae;g__UBA2868;s__UBA2868 sp004552595
20000,0.0005395198273536552,0.004016064257028112,0.0002697599136768276,2.4065071954565144e-05,1.0,1.0,0.0,/group/ctbrowngrp5/sourmash-db.new/gtdb-rs226/gtdb-rs226-k51.dna.rocksdb,GCA_945913035.1 uncultured Lachnospiraceae bacterium,a02b8b1755705a18eacc9ed0c26ba9d2,0.008032128514056224,10000,359,25210000,outputs.mapping/bams.cds.rand/SRR17241595.x.s__UBA2868 sp004552595.fastq.gz,SRR17241595.x.s__UBA2868 sp004552595,15b9ab1e,37070000,51,DNA,10000,3707,True,0.8628230009513476,0.9097420058492147,0.8862825034002811,0.9097420058492147,True,1,34464,41554,d__Bacteria;p__Bacillota;c__Clostridia;o__Lachnospirales;f__Lachnospiraceae;g__CAG-194;s__CAG-194 sp000432915
10000,0.0002697599136768276,0.004032258064516129,0.0002697599136768276,2.4065071954565144e-05,1.0,1.0,0.0,/group/ctbrowngrp5/sourmash-db.new/gtdb-rs226/gtdb-rs226-k51.dna.rocksdb,GCA_036775875.1 Bifidobacterium longum,ed2d2c056e9f32e24233548ec4b239ad,0.004032258064516129,10000,360,25200000,outputs.mapping/bams.cds.rand/SRR17241595.x.s__UBA2868 sp004552595.fastq.gz,SRR17241595.x.s__UBA2868 sp004552595,15b9ab1e,37070000,51,DNA,10000,3707,True,0.8511755988989127,0.8975320526456187,0.8743538257722657,0.8975320526456187,True,1,34465,41554,d__Bacteria;p__Actinomycetota;c__Actinomycetes;o__Actinomycetales;f__Bifidobacteriaceae;g__Bifidobacterium;s__Bifidobacterium longum
40000,0.0010790396547073105,0.005813953488372093,0.0002697599136768276,4.813014390913029e-05,2.0,2.0,0.0,/group/ctbrowngrp5/sourmash-db.new/gtdb-rs226/gtdb-rs226-k51.dna.rocksdb,GCA_022778715.1 Ezakiella sp.,9bd64d814264109fb9db98b0d6be0d20,0.023255813953488372,10000,361,25190000,outputs.mapping/bams.cds.rand/SRR17241595.x.s__UBA2868 sp004552595.fastq.gz,SRR17241595.x.s__UBA2868 sp004552595,15b9ab1e,37070000,51,DNA,10000,3707,True,0.8746297848924862,0.9289047993714703,0.9017672921319783,0.9289047993714703,True,2,34467,41554,d__Bacteria;p__Bacillota;c__Clostridia;o__Tissierellales;f__Peptoniphilaceae;g__Ezakiella;s__Ezakiella sp022778715
20000,0.0005395198273536552,0.003424657534246575,0.0002697599136768276,2.4065071954565144e-05,1.0,1.0,0.0,/group/ctbrowngrp5/sourmash-db.new/gtdb-rs226/gtdb-rs226-k51.dna.rocksdb,GCA_022779665.1 Lachnospiraceae bacterium,797fa223bd60fc50c09a8beb374cdc04,0.00684931506849315,10000,362,25180000,outputs.mapping/bams.cds.rand/SRR17241595.x.s__UBA2868 sp004552595.fastq.gz,SRR17241595.x.s__UBA2868 sp004552595,15b9ab1e,37070000,51,DNA,10000,3707,True,0.8628230009513476,0.9069048171321926,0.88486390904177,0.9069048171321926,True,1,34468,41554,d__Bacteria;p__Bacillota;c__Clostridia;o__Lachnospirales;f__Lachnospiraceae;g__Porcincola;s__Porcincola intestinalis
40000,0.0010790396547073105,0.0049261083743842365,0.0002697599136768276,4.813014390913029e-05,2.0,2.0,0.0,/group/ctbrowngrp5/sourmash-db.new/gtdb-rs226/gtdb-rs226-k51.dna.rocksdb,GCF_009695905.1 Mogibacterium kristiansenii,aa4bcf5cd06035d4058a26c9ebece50a,0.019704433497536946,10000,363,25170000,outputs.mapping/bams.cds.rand/SRR17241595.x.s__UBA2868 sp004552595.fastq.gz,SRR17241595.x.s__UBA2868 sp004552595,15b9ab1e,37070000,51,DNA,10000,3707,True,0.8746297848924862,0.9258914581582652,0.9002606215253757,0.9258914581582652,True,2,34470,41554,d__Bacteria;p__Bacillota;c__Clostridia;o__Peptostreptococcales;f__Anaerovoracaceae;g__Mogibacterium_A;s__Mogibacterium_A kristiansenii
10000,0.0002697599136768276,0.0049261083743842365,0.0002697599136768276,2.4065071954565144e-05,1.0,1.0,0.0,/group/ctbrowngrp5/sourmash-db.new/gtdb-rs226/gtdb-rs226-k51.dna.rocksdb,GCA_946405205.1 uncultured Clostridia bacterium,62e0b05449819438224a39e571932859,0.0049261083743842365,10000,364,25160000,outputs.mapping/bams.cds.rand/SRR17241595.x.s__UBA2868 sp004552595.fastq.gz,SRR17241595.x.s__UBA2868 sp004552595,15b9ab1e,37070000,51,DNA,10000,3707,True,0.8511755988989127,0.9010626324715498,0.8761191156852313,0.9010626324715498,True,1,34471,41554,d__Bacteria;p__Bacillota;c__Clostridia;o__Oscillospirales;f__Oscillospiraceae;g__F23-B02;s__F23-B02 sp946405205
10000,0.0002697599136768276,0.003134796238244514,0.0002697599136768276,9.626028781826057e-05,4.0,4.0,0.0,/group/ctbrowngrp5/sourmash-db.new/gtdb-rs226/gtdb-rs226-k51.dna.rocksdb,GCA_034172405.1 Candidatus Ventricola sp.,9e66ca582afc1a4519fe64d5470ee657,0.003134796238244514,10000,365,25150000,outputs.mapping/bams.cds.rand/SRR17241595.x.s__UBA2868 sp004552595.fastq.gz,SRR17241595.x.s__UBA2868 sp004552595,15b9ab1e,37070000,51,DNA,10000,3707,True,0.8511755988989127,0.8931122886873784,0.8721439437931455,0.8931122886873784,True,4,34475,41554,d__Bacteria;p__Bacillota;c__Clostridia;o__Christensenellales;f__Aristaeellaceae;g__Ventricola;s__Ventricola sp004555535
90000,0.0024278392230914487,0.00423728813559322,0.0002697599136768276,0.00014439043172739086,6.0,6.0,0.0,/group/ctbrowngrp5/sourmash-db.new/gtdb-rs226/gtdb-rs226-k51.dna.rocksdb,GCA_022778745.1 Clostridiales bacterium,cf7bb8cbd1a812d163093ad75108686a,0.038135593220338986,10000,366,25140000,outputs.mapping/bams.cds.rand/SRR17241595.x.s__UBA2868 sp004552595.fastq.gz,SRR17241595.x.s__UBA2868 sp004552595,15b9ab1e,37070000,51,DNA,10000,3707,True,0.8886480708434562,0.937957047960206,0.9133025594018311,0.937957047960206,False,6,34481,41554,d__Bacteria;p__Bacillota;c__Clostridia;o__Lachnospirales;f__Lachnospiraceae;g__Fimimorpha;s__Fimimorpha sp022778745
30000,0.0008092797410304828,0.003472222222222222,0.0002697599136768276,0.000168455503681956,7.0,7.0,0.0,/group/ctbrowngrp5/sourmash-db.new/gtdb-rs226/gtdb-rs226-k51.dna.rocksdb,GCA_945621435.1 uncultured Lachnospiraceae bacterium,464f49589d986abfbefb383283218ffa,0.010416666666666666,10000,367,25130000,outputs.mapping/bams.cds.rand/SRR17241595.x.s__UBA2868 sp004552595.fastq.gz,SRR17241595.x.s__UBA2868 sp004552595,15b9ab1e,37070000,51,DNA,10000,3707,True,0.8697100401343785,0.9143909869311075,0.892050513532743,0.9143909869311075,True,7,34488,41554,d__Bacteria;p__Bacillota;c__Clostridia;o__Lachnospirales;f__Lachnospiraceae;g__Acetatifactor;s__Acetatifactor sp945621435
20000,0.0005395198273536552,0.0035460992907801418,0.0002697599136768276,2.4065071954565144e-05,1.0,1.0,0.0,/group/ctbrowngrp5/sourmash-db.new/gtdb-rs226/gtdb-rs226-k51.dna.rocksdb,GCA_029225525.1 Clostridiales bacterium,7730a3ee293dcb64da1f3ac4eaf4a0bf,0.0070921985815602835,10000,368,25120000,outputs.mapping/bams.cds.rand/SRR17241595.x.s__UBA2868 sp004552595.fastq.gz,SRR17241595.x.s__UBA2868 sp004552595,15b9ab1e,37070000,51,DNA,10000,3707,True,0.8628230009513476,0.9075246890445401,0.8851738449979438,0.9075246890445401,True,1,34489,41554,d__Bacteria;p__Bacillota;c__Clostridia;o__Lachnospirales;f__Lachnospiraceae;g__JALFVM01;s__JALFVM01 sp022787145
30000,0.0008092797410304828,0.006134969325153374,0.0002697599136768276,0.00019252057563652115,8.0,8.0,0.0,/group/ctbrowngrp5/sourmash-db.new/gtdb-rs226/gtdb-rs226-k51.dna.rocksdb,GCA_018384955.1 Oscillospiraceae bacterium,76b946851a6b3ac211a8510150705b03,0.018404907975460124,10000,369,25110000,outputs.mapping/bams.cds.rand/SRR17241595.x.s__UBA2868 sp004552595.fastq.gz,SRR17241595.x.s__UBA2868 sp004552595,15b9ab1e,37070000,51,DNA,10000,3707,True,0.8697100401343785,0.924653656034804,0.8971818480845912,0.924653656034804,True,8,34497,41554,d__Bacteria;p__Bacillota;c__Clostridia;o__Oscillospirales;f__Acutalibacteraceae;g__Fimenecus;s__Fimenecus sp004556705
10000,0.0002697599136768276,0.0037735849056603774,0.0002697599136768276,2.4065071954565144e-05,1.0,1.0,0.0,/group/ctbrowngrp5/sourmash-db.new/gtdb-rs226/gtdb-rs226-k51.dna.rocksdb,GCA_019118505.1 Candidatus Oscillibacter excrementavium,d72069186e2778f3a670a1c2f5027ec8,0.0037735849056603774,10000,370,25100000,outputs.mapping/bams.cds.rand/SRR17241595.x.s__UBA2868 sp004552595.fastq.gz,SRR17241595.x.s__UBA2868 sp004552595,15b9ab1e,37070000,51,DNA,10000,3707,True,0.8511755988989127,0.8963660000844977,0.8737707994917052,0.8963660000844977,True,1,34498,41554,d__Bacteria;p__Bacillota;c__Clostridia;o__Oscillospirales;f__Oscillospiraceae;g__Oscillibacter;s__Oscillibacter excrementavium
10000,0.0002697599136768276,0.0028169014084507044,0.0002697599136768276,0.0005775617269095634,24.0,24.0,0.0,/group/ctbrowngrp5/sourmash-db.new/gtdb-rs226/gtdb-rs226-k51.dna.rocksdb,GCA_022775105.1 Prevotella sp.,d142cef95775a625232b6647ba123562,0.0028169014084507044,10000,371,25090000,outputs.mapping/bams.cds.rand/SRR17241595.x.s__UBA2868 sp004552595.fastq.gz,SRR17241595.x.s__UBA2868 sp004552595,15b9ab1e,37070000,51,DNA,10000,3707,True,0.8511755988989127,0.891241749517792,0.8712086742083524,0.891241749517792,True,24,34522,41554,d__Bacteria;p__Bacteroidota;c__Bacteroidia;o__Bacteroidales;f__Bacteroidaceae;g__Prevotella;s__Prevotella sp022775105
30000,0.0008092797410304828,0.0033444816053511705,0.0002697599136768276,2.4065071954565144e-05,1.0,1.0,0.0,/group/ctbrowngrp5/sourmash-db.new/gtdb-rs226/gtdb-rs226-k51.dna.rocksdb,GCA_036308125.1 Agathobacter sp.,8577d289113ed13ce87a62b2aa92b152,0.010033444816053512,10000,372,25080000,outputs.mapping/bams.cds.rand/SRR17241595.x.s__UBA2868 sp004552595.fastq.gz,SRR17241595.x.s__UBA2868 sp004552595,15b9ab1e,37070000,51,DNA,10000,3707,True,0.8697100401343785,0.9137191906450144,0.8917146153896964,0.9137191906450144,True,1,34523,41554,d__Bacteria;p__Bacillota;c__Clostridia;o__Lachnospirales;f__Lachnospiraceae;g__Agathobacter;s__Agathobacter sp036308125
10000,0.0002697599136768276,0.004784688995215311,0.0002697599136768276,4.813014390913029e-05,2.0,2.0,0.0,/group/ctbrowngrp5/sourmash-db.new/gtdb-rs226/gtdb-rs226-k51.dna.rocksdb,GCA_948671395.1 uncultured Lachnospiraceae bacterium,662c00feb7ea0eebd0c924ae82f15ae6,0.004784688995215311,10000,373,25070000,outputs.mapping/bams.cds.rand/SRR17241595.x.s__UBA2868 sp004552595.fastq.gz,SRR17241595.x.s__UBA2868 sp004552595,15b9ab1e,37070000,51,DNA,10000,3707,True,0.8511755988989127,0.9005481441482567,0.8758618715235846,0.9005481441482567,True,2,34525,41554,d__Bacteria;p__Bacillota;c__Clostridia;o__Lachnospirales;f__Lachnospiraceae;g__UMGS1370;s__UMGS1370 sp910586755
50000,0.001348799568384138,0.006097560975609756,0.0002697599136768276,0.0002165856475910863,9.0,9.0,0.0,/group/ctbrowngrp5/sourmash-db.new/gtdb-rs226/gtdb-rs226-k51.dna.rocksdb,GCA_016292905.1 Bacillota bacterium,81f43184925e2389c48048c16f0fdf09,0.03048780487804878,10000,374,25060000,outputs.mapping/bams.cds.rand/SRR17241595.x.s__UBA2868 sp004552595.fastq.gz,SRR17241595.x.s__UBA2868 sp004552595,15b9ab1e,37070000,51,DNA,10000,3707,True,0.8784649924447565,0.9338496996841144,0.9061573460644354,0.9338496996841144,True,9,34534,41554,d__Bacteria;p__Bacillota;c__Clostridia;o__Peptostreptococcales;f__Anaerovoracaceae;g__UMGS973;s__UMGS973 sp016293805
1800000,0.04855678446182897,0.005208333333333333,0.0002697599136768276,2.4065071954565144e-05,1.0,1.0,0.0,/group/ctbrowngrp5/sourmash-db.new/gtdb-rs226/gtdb-rs226-k51.dna.rocksdb,GCA_945491485.1 uncultured Lachnospiraceae bacterium,afa588872c1c74207b7d640712096697,0.9375,10000,375,25050000,outputs.mapping/bams.cds.rand/SRR17241595.x.s__UBA2868 sp004552595.fastq.gz,SRR17241595.x.s__UBA2868 sp004552595,15b9ab1e,37070000,51,DNA,10000,3707,True,0.9424106698404894,0.9987353391596038,0.9705730045000466,0.9987353391596038,False,1,34535,41554,d__Bacteria;p__Bacillota;c__Clostridia;o__Lachnospirales;f__Lachnospiraceae;g__UBA2868;s__UBA2868 sp004552595
20000,0.0005395198273536552,0.005649717514124294,0.0002697599136768276,2.4065071954565144e-05,1.0,1.0,0.0,/group/ctbrowngrp5/sourmash-db.new/gtdb-rs226/gtdb-rs226-k51.dna.rocksdb,GCF_022128265.1 Campylobacter jejuni,1cf2a0d7f9c812e9458693dbea54e815,0.011299435028248588,10000,376,25040000,outputs.mapping/bams.cds.rand/SRR17241595.x.s__UBA2868 sp004552595.fastq.gz,SRR17241595.x.s__UBA2868 sp004552595,15b9ab1e,37070000,51,DNA,10000,3707,True,0.8628230009513476,0.9158506157738865,0.889336808362617,0.9158506157738865,True,1,34536,41554,d__Bacteria;p__Campylobacterota;c__Campylobacteria;o__Campylobacterales;f__Campylobacteraceae;g__Campylobacter_D;s__Campylobacter_D jejuni
10000,0.0002697599136768276,0.002364066193853428,0.0002697599136768276,7.219521586369543e-05,3.0,3.0,0.0,/group/ctbrowngrp5/sourmash-db.new/gtdb-rs226/gtdb-rs226-k51.dna.rocksdb,GCA_023405645.1 Bacillota bacterium,100b06ec688e6677c47d263d264dabf6,0.002364066193853428,10000,377,25030000,outputs.mapping/bams.cds.rand/SRR17241595.x.s__UBA2868 sp004552595.fastq.gz,SRR17241595.x.s__UBA2868 sp004552595,15b9ab1e,37070000,51,DNA,10000,3707,True,0.8511755988989127,0.8881843776273791,0.8696799882631459,0.8881843776273791,True,3,34539,41554,d__Bacteria;p__Bacillota;c__Clostridia;o__Lachnospirales;f__Cellulosilyticaceae;g__Cellulosilyticum;s__Cellulosilyticum lentocellum
30000,0.0008092797410304828,0.004651162790697674,0.0002697599136768276,4.813014390913029e-05,2.0,2.0,0.0,/group/ctbrowngrp5/sourmash-db.new/gtdb-rs226/gtdb-rs226-k51.dna.rocksdb,GCF_005049155.1 Lactobacillus amylovorus,d0acc89e366458223089ce7a3975144d,0.013953488372093023,10000,378,25020000,outputs.mapping/bams.cds.rand/SRR17241595.x.s__UBA2868 sp004552595.fastq.gz,SRR17241595.x.s__UBA2868 sp004552595,15b9ab1e,37070000,51,DNA,10000,3707,True,0.8697100401343785,0.9196471541729452,0.8946785971536618,0.9196471541729452,True,2,34541,41554,d__Bacteria;p__Bacillota;c__Bacilli;o__Lactobacillales;f__Lactobacillaceae;g__Lactobacillus;s__Lactobacillus amylovorus
50000,0.001348799568384138,0.0025974025974025974,0.0002697599136768276,2.4065071954565144e-05,1.0,1.0,0.0,/group/ctbrowngrp5/sourmash-db.new/gtdb-rs226/gtdb-rs226-k51.dna.rocksdb,GCA_022715305.1 Lachnospiraceae bacterium,582f91ecb23069f3eff2f33efaba6871,0.012987012987012988,10000,379,25010000,outputs.mapping/bams.cds.rand/SRR17241595.x.s__UBA2868 sp004552595.fastq.gz,SRR17241595.x.s__UBA2868 sp004552595,15b9ab1e,37070000,51,DNA,10000,3707,True,0.8784649924447565,0.9183537120490333,0.8984093522468949,0.9183537120490333,True,1,34542,41554,d__Bacteria;p__Bacillota;c__Clostridia;o__Lachnospirales;f__Lachnospiraceae;g__Blautia_A;s__Blautia_A wexlerae
30000,0.0008092797410304828,0.005050505050505051,0.0002697599136768276,0.00014439043172739086,6.0,6.0,0.0,/group/ctbrowngrp5/sourmash-db.new/gtdb-rs226/gtdb-rs226-k51.dna.rocksdb,GCA_946002205.1 uncultured Lachnospiraceae bacterium,08c9e0c578aed79bcfe5703302c979d7,0.015151515151515152,10000,380,25000000,outputs.mapping/bams.cds.rand/SRR17241595.x.s__UBA2868 sp004552595.fastq.gz,SRR17241595.x.s__UBA2868 sp004552595,15b9ab1e,37070000,51,DNA,10000,3707,True,0.8697100401343785,0.9211336926184823,0.8954218663764304,0.9211336926184823,True,6,34548,41554,d__Bacteria;p__Bacillota;c__Clostridia;o__Lachnospirales;f__Lachnospiraceae;g__Agathobacter;s__Agathobacter sp945868435
10000,0.0002697599136768276,0.0036496350364963502,0.0002697599136768276,0.0006978870866823891,29.0,29.0,0.0,/group/ctbrowngrp5/sourmash-db.new/gtdb-rs226/gtdb-rs226-k51.dna.rocksdb,GCA_959600525.1 uncultured Firmicutes bacterium,ed437a14a6aee44fd08186e031d72494,0.0036496350364963502,10000,381,24990000,outputs.mapping/bams.cds.rand/SRR17241595.x.s__UBA2868 sp004552595.fastq.gz,SRR17241595.x.s__UBA2868 sp004552595,15b9ab1e,37070000,51,DNA,10000,3707,True,0.8511755988989127,0.895779190619195,0.8734773947590538,0.895779190619195,True,29,34577,41554,d__Bacteria;p__Bacillota;c__Clostridia;o__Lachnospirales;f__Lachnospiraceae;g__Suilimivivens;s__Suilimivivens sp000436115
10000,0.0002697599136768276,0.0035460992907801418,0.0002697599136768276,2.4065071954565144e-05,1.0,1.0,0.0,/group/ctbrowngrp5/sourmash-db.new/gtdb-rs226/gtdb-rs226-k51.dna.rocksdb,GCA_017938885.1 Clostridia bacterium,f424eaf5a0d3735888de92c33e80ae3f,0.0035460992907801418,10000,382,24980000,outputs.mapping/bams.cds.rand/SRR17241595.x.s__UBA2868 sp004552595.fastq.gz,SRR17241595.x.s__UBA2868 sp004552595,15b9ab1e,37070000,51,DNA,10000,3707,True,0.8511755988989127,0.8952738509072189,0.8732247249030658,0.8952738509072189,True,1,34578,41554,d__Bacteria;p__Bacillota;c__Clostridia;o__Oscillospirales;f__CAG-272;g__CAG-448;s__CAG-448 sp017938885
30000,0.0008092797410304828,0.004807692307692308,0.0002697599136768276,0.00019252057563652115,8.0,8.0,0.0,/group/ctbrowngrp5/sourmash-db.new/gtdb-rs226/gtdb-rs226-k51.dna.rocksdb,GCA_945949755.1 uncultured Lachnospiraceae bacterium,20448333db67dd4c08c91943534708b0,0.014423076923076924,10000,383,24970000,outputs.mapping/bams.cds.rand/SRR17241595.x.s__UBA2868 sp004552595.fastq.gz,SRR17241595.x.s__UBA2868 sp004552595,15b9ab1e,37070000,51,DNA,10000,3707,True,0.8697100401343785,0.9202442160094686,0.8949771280719235,0.9202442160094686,True,8,34586,41554,d__Bacteria;p__Bacillota;c__Clostridia;o__Lachnospirales;f__Lachnospiraceae;g__Agathobacter;s__Agathobacter sp945868435
30000,0.0008092797410304828,0.002898550724637681,0.0002697599136768276,4.813014390913029e-05,2.0,2.0,0.0,/group/ctbrowngrp5/sourmash-db.new/gtdb-rs226/gtdb-rs226-k51.dna.rocksdb,GCA_937934525.1 Blautia obeum,0cd10316b4ceaab01d507ce56146283f,0.008695652173913044,10000,384,24960000,outputs.mapping/bams.cds.rand/SRR17241595.x.s__UBA2868 sp004552595.fastq.gz,SRR17241595.x.s__UBA2868 sp004552595,15b9ab1e,37070000,51,DNA,10000,3707,True,0.8697100401343785,0.9111589805028507,0.8904345103186146,0.9111589805028507,True,2,34588,41554,d__Bacteria;p__Bacillota;c__Clostridia;o__Lachnospirales;f__Lachnospiraceae;g__Blautia_A;s__Blautia_A obeum
70000,0.0018883193957377933,0.004545454545454545,0.0002697599136768276,2.4065071954565144e-05,1.0,1.0,0.0,/group/ctbrowngrp5/sourmash-db.new/gtdb-rs226/gtdb-rs226-k51.dna.rocksdb,GCA_029225305.1 Lachnospiraceae bacterium,87b59ff9ff5d22c27f732f55e19438a3,0.031818181818181815,10000,385,24950000,outputs.mapping/bams.cds.rand/SRR17241595.x.s__UBA2868 sp004552595.fastq.gz,SRR17241595.x.s__UBA2868 sp004552595,15b9ab1e,37070000,51,DNA,10000,3707,True,0.8842798212554951,0.9346321010780627,0.909455961166779,0.9346321010780627,False,1,34589,41554,d__Bacteria;p__Bacillota;c__Clostridia;o__Lachnospirales;f__Lachnospiraceae;g__Agathobacter;s__Agathobacter sp945868435
50000,0.001348799568384138,0.0033222591362126247,0.0002697599136768276,2.4065071954565144e-05,1.0,1.0,0.0,/group/ctbrowngrp5/sourmash-db.new/gtdb-rs226/gtdb-rs226-k51.dna.rocksdb,GCA_946011575.1 uncultured Dorea sp.,e2c514ba810774e7b9eaa90ac20edc27,0.016611295681063124,10000,386,24940000,outputs.mapping/bams.cds.rand/SRR17241595.x.s__UBA2868 sp004552595.fastq.gz,SRR17241595.x.s__UBA2868 sp004552595,15b9ab1e,37070000,51,DNA,10000,3707,True,0.8784649924447565,0.9227965265600997,0.9006307595024281,0.9227965265600997,True,1,34590,41554,d__Bacteria;p__Bacillota;c__Clostridia;o__Lachnospirales;f__Lachnospiraceae;g__Dorea_A;s__Dorea_A sp022769185
10000,0.0002697599136768276,0.0055248618784530384,0.0002697599136768276,4.813014390913029e-05,2.0,2.0,0.0,/group/ctbrowngrp5/sourmash-db.new/gtdb-rs226/gtdb-rs226-k51.dna.rocksdb,GCA_029227295.1 Lactimicrobium massiliense,8ed7c10cc273b1a4e916340097ba4ac3,0.0055248618784530384,10000,387,24930000,outputs.mapping/bams.cds.rand/SRR17241595.x.s__UBA2868 sp004552595.fastq.gz,SRR17241595.x.s__UBA2868 sp004552595,15b9ab1e,37070000,51,DNA,10000,3707,True,0.8511755988989127,0.9030915789811151,0.8771335889400139,0.9030915789811151,True,2,34592,41554,d__Bacteria;p__Bacillota;c__Bacilli;o__Erysipelotrichales;f__Erysipelotrichaceae;g__Bulleidia;s__Bulleidia massiliensis
10000,0.0002697599136768276,0.0031645569620253164,0.0002697599136768276,0.000168455503681956,7.0,7.0,0.0,/group/ctbrowngrp5/sourmash-db.new/gtdb-rs226/gtdb-rs226-k51.dna.rocksdb,GCA_023425145.1 Actinomycetes bacterium,f40d95b8c0b061d25661aa35de38da3f,0.0031645569620253164,10000,388,24920000,outputs.mapping/bams.cds.rand/SRR17241595.x.s__UBA2868 sp004552595.fastq.gz,SRR17241595.x.s__UBA2868 sp004552595,15b9ab1e,37070000,51,DNA,10000,3707,True,0.8511755988989127,0.8932777730178594,0.872226685958386,0.8932777730178594,True,7,34599,41554,d__Bacteria;p__Actinomycetota;c__Actinomycetes;o__Propionibacteriales;f__Propionibacteriaceae;g__Propionicimonas;s__Propionicimonas sp023425145
10000,0.0002697599136768276,0.004366812227074236,0.0002697599136768276,0.00019252057563652115,8.0,8.0,0.0,/group/ctbrowngrp5/sourmash-db.new/gtdb-rs226/gtdb-rs226-k51.dna.rocksdb,GCA_029225625.1 Paraprevotella sp.,7e776dd532f21d2cd5dd2bd9630f368f,0.004366812227074236,10000,389,24910000,outputs.mapping/bams.cds.rand/SRR17241595.x.s__UBA2868 sp004552595.fastq.gz,SRR17241595.x.s__UBA2868 sp004552595,15b9ab1e,37070000,51,DNA,10000,3707,True,0.8511755988989127,0.8989358818428389,0.8750557403708759,0.8989358818428389,True,8,34607,41554,d__Bacteria;p__Bacteroidota;c__Bacteroidia;o__Bacteroidales;f__Bacteroidaceae;g__Physcousia;s__Physcousia sp900766785
10000,0.0002697599136768276,0.004405286343612335,0.0002697599136768276,2.4065071954565144e-05,1.0,1.0,0.0,/group/ctbrowngrp5/sourmash-db.new/gtdb-rs226/gtdb-rs226-k51.dna.rocksdb,GCA_022780205.1 Clostridiaceae bacterium,f3adff8e4906d8ae33f85fda16354405,0.004405286343612335,10000,390,24900000,outputs.mapping/bams.cds.rand/SRR17241595.x.s__UBA2868 sp004552595.fastq.gz,SRR17241595.x.s__UBA2868 sp004552595,15b9ab1e,37070000,51,DNA,10000,3707,True,0.8511755988989127,0.8990905118668127,0.8751330553828627,0.8990905118668127,True,1,34608,41554,d__Bacteria;p__Bacillota;c__Clostridia;o__Lachnospirales;f__Lachnospiraceae;g__Otoolea;s__Otoolea sp016302185
50000,0.001348799568384138,0.0019193857965451055,0.0002697599136768276,0.000505366511045868,21.0,21.0,0.0,/group/ctbrowngrp5/sourmash-db.new/gtdb-rs226/gtdb-rs226-k51.dna.rocksdb,GCA_004555505.1 Bacteroides fragilis,ae21f80ad06fc1e69524b25773c27222,0.009596928982725527,10000,391,24890000,outputs.mapping/bams.cds.rand/SRR17241595.x.s__UBA2868 sp004552595.fastq.gz,SRR17241595.x.s__UBA2868 sp004552595,15b9ab1e,37070000,51,DNA,10000,3707,True,0.8784649924447565,0.9129226164763294,0.8956938044605429,0.9129226164763294,True,21,34629,41554,d__Bacteria;p__Bacteroidota;c__Bacteroidia;o__Bacteroidales;f__Bacteroidaceae;g__Bacteroides;s__Bacteroides fragilis
20000,0.0005395198273536552,0.0028169014084507044,0.0002697599136768276,2.4065071954565144e-05,1.0,1.0,0.0,/group/ctbrowngrp5/sourmash-db.new/gtdb-rs226/gtdb-rs226-k51.dna.rocksdb,GCA_900766915.1 Lachnospiraceae bacterium,a460395f50841e7e1603909550d8ee50,0.005633802816901409,10000,392,24880000,outputs.mapping/bams.cds.rand/SRR17241595.x.s__UBA2868 sp004552595.fastq.gz,SRR17241595.x.s__UBA2868 sp004552595,15b9ab1e,37070000,51,DNA,10000,3707,True,0.8628230009513476,0.9034374127816094,0.8831302068664785,0.9034374127816094,True,1,34630,41554,d__Bacteria;p__Bacillota;c__Clostridia;o__Lachnospirales;f__Lachnospiraceae;g__HGM12587;s__HGM12587 sp900766915
10000,0.0002697599136768276,0.0030581039755351682,0.0002697599136768276,0.0006016267988641286,25.0,25.0,0.0,/group/ctbrowngrp5/sourmash-db.new/gtdb-rs226/gtdb-rs226-k51.dna.rocksdb,GCA_945874985.1 uncultured Prevotella sp.,da6a98edb54e3a63a2cde697e8a479cc,0.0030581039755351682,10000,393,24870000,outputs.mapping/bams.cds.rand/SRR17241595.x.s__UBA2868 sp004552595.fastq.gz,SRR17241595.x.s__UBA2868 sp004552595,15b9ab1e,37070000,51,DNA,10000,3707,True,0.8511755988989127,0.8926786379400576,0.8719271184194852,0.8926786379400576,True,25,34655,41554,d__Bacteria;p__Bacteroidota;c__Bacteroidia;o__Bacteroidales;f__Bacteroidaceae;g__Prevotella;s__Prevotella sp900552515
30000,0.0008092797410304828,0.0035842293906810036,0.0002697599136768276,2.4065071954565144e-05,1.0,1.0,0.0,/group/ctbrowngrp5/sourmash-db.new/gtdb-rs226/gtdb-rs226-k51.dna.rocksdb,GCA_029338675.1 Lachnospiraceae bacterium,762f0f9fe3978307dd1ddc0a228b754e,0.010752688172043012,10000,394,24860000,outputs.mapping/bams.cds.rand/SRR17241595.x.s__UBA2868 sp004552595.fastq.gz,SRR17241595.x.s__UBA2868 sp004552595,15b9ab1e,37070000,51,DNA,10000,3707,True,0.8697100401343785,0.9149603940215936,0.892335217077986,0.9149603940215936,True,1,34656,41554,d__Bacteria;p__Bacillota;c__Clostridia;o__Lachnospirales;f__Lachnospiraceae;g__Wujia;s__Wujia sp029338675
10000,0.0002697599136768276,0.003436426116838488,0.0002697599136768276,4.813014390913029e-05,2.0,2.0,0.0,/group/ctbrowngrp5/sourmash-db.new/gtdb-rs226/gtdb-rs226-k51.dna.rocksdb,GCF_041333095.1 Intestinibacter bartlettii,dd98e2dacbf5138c06fb57ec9ba6a71f,0.003436426116838488,10000,395,24850000,outputs.mapping/bams.cds.rand/SRR17241595.x.s__UBA2868 sp004552595.fastq.gz,SRR17241595.x.s__UBA2868 sp004552595,15b9ab1e,37070000,51,DNA,10000,3707,True,0.8511755988989127,0.8947225285960692,0.8729490637474909,0.8947225285960692,True,2,34658,41554,d__Bacteria;p__Bacillota;c__Clostridia;o__Peptostreptococcales;f__Peptostreptococcaceae;g__Intestinibacter;s__Intestinibacter bartlettii
40000,0.0010790396547073105,0.0038314176245210726,0.0002697599136768276,0.00012032535977282572,5.0,5.0,0.0,/group/ctbrowngrp5/sourmash-db.new/gtdb-rs226/gtdb-rs226-k51.dna.rocksdb,GCA_945829625.1 uncultured Ruminococcus sp.,52b500ca060ee93129187192e67c4e95,0.01532567049808429,10000,396,24840000,outputs.mapping/bams.cds.rand/SRR17241595.x.s__UBA2868 sp004552595.fastq.gz,SRR17241595.x.s__UBA2868 sp004552595,15b9ab1e,37070000,51,DNA,10000,3707,True,0.8746297848924862,0.9213401345091207,0.8979849597008034,0.9213401345091207,True,5,34663,41554,d__Bacteria;p__Bacillota;c__Clostridia;o__Oscillospirales;f__Ruminococcaceae;g__HUN007;s__HUN007 sp945876405
10000,0.0002697599136768276,0.004424778761061947,0.0002697599136768276,0.000673822014727824,28.0,28.0,0.0,/group/ctbrowngrp5/sourmash-db.new/gtdb-rs226/gtdb-rs226-k51.dna.rocksdb,GCA_945934435.1 uncultured Clostridium sp.,3c17b877643b6d20ee3e09cc5e326544,0.004424778761061947,10000,397,24830000,outputs.mapping/bams.cds.rand/SRR17241595.x.s__UBA2868 sp004552595.fastq.gz,SRR17241595.x.s__UBA2868 sp004552595,15b9ab1e,37070000,51,DNA,10000,3707,True,0.8511755988989127,0.8991683485884662,0.8751719737436894,0.8991683485884662,True,28,34691,41554,d__Bacteria;p__Bacillota;c__Clostridia;o__Lachnospirales;f__Lachnospiraceae;g__Wujia;s__Wujia sp945492935
20000,0.0005395198273536552,0.005128205128205128,0.0002697599136768276,2.4065071954565144e-05,1.0,1.0,0.0,/group/ctbrowngrp5/sourmash-db.new/gtdb-rs226/gtdb-rs226-k51.dna.rocksdb,GCA_022776865.1 Bacillota bacterium,73277f5a89936651856ac9c3e93e51e0,0.010256410256410256,10000,398,24820000,outputs.mapping/bams.cds.rand/SRR17241595.x.s__UBA2868 sp004552595.fastq.gz,SRR17241595.x.s__UBA2868 sp004552595,15b9ab1e,37070000,51,DNA,10000,3707,True,0.8628230009513476,0.9141130509755474,0.8884680259634474,0.9141130509755474,True,1,34692,41554,d__Bacteria;p__Bacillota;c__Clostridia;o__Peptostreptococcales;f__Anaerovoracaceae;g__CAG-238;s__CAG-238 sp945828095
10000,0.0002697599136768276,0.003484320557491289,0.0002697599136768276,2.4065071954565144e-05,1.0,1.0,0.0,/group/ctbrowngrp5/sourmash-db.new/gtdb-rs226/gtdb-rs226-k51.dna.rocksdb,GCA_945830505.1 uncultured Clostridia bacterium,15e12f3e219cd71609bbc435637dc6c0,0.003484320557491289,10000,399,24810000,outputs.mapping/bams.cds.rand/SRR17241595.x.s__UBA2868 sp004552595.fastq.gz,SRR17241595.x.s__UBA2868 sp004552595,15b9ab1e,37070000,51,DNA,10000,3707,True,0.8511755988989127,0.8949653831278861,0.8730704910133994,0.8949653831278861,True,1,34693,41554,d__Bacteria;p__Bacillota;c__Clostridia;o__Oscillospirales;f__Oscillospiraceae;g__Faecousia;s__Faecousia sp945875335
10000,0.0002697599136768276,0.0038314176245210726,0.0002697599136768276,0.00014439043172739086,6.0,6.0,0.0,/group/ctbrowngrp5/sourmash-db.new/gtdb-rs226/gtdb-rs226-k51.dna.rocksdb,GCA_034090805.1 Clostridia bacterium,70ff0159ddd7b4335247cccc4ddaa1dd,0.0038314176245210726,10000,400,24800000,outputs.mapping/bams.cds.rand/SRR17241595.x.s__UBA2868 sp004552595.fastq.gz,SRR17241595.x.s__UBA2868 sp004552595,15b9ab1e,37070000,51,DNA,10000,3707,True,0.8511755988989127,0.8966333577089488,0.8739044783039307,0.8966333577089488,True,6,34699,41554,d__Bacteria;p__Bacillota;c__Clostridia;o__UBA1381;f__UBA1381;g__Ornithomonoglobus_A;s__Ornithomonoglobus_A sp034090805
20000,0.0005395198273536552,0.0036496350364963502,0.0002697599136768276,2.4065071954565144e-05,1.0,1.0,0.0,/group/ctbrowngrp5/sourmash-db.new/gtdb-rs226/gtdb-rs226-k51.dna.rocksdb,GCA_945920195.1 uncultured Lachnospiraceae bacterium,f877cd44ae385eb150c28357a987bdc4,0.0072992700729927005,10000,401,24790000,outputs.mapping/bams.cds.rand/SRR17241595.x.s__UBA2868 sp004552595.fastq.gz,SRR17241595.x.s__UBA2868 sp004552595,15b9ab1e,37070000,51,DNA,10000,3707,True,0.8628230009513476,0.908036943774764,0.8854299723630558,0.908036943774764,True,1,34700,41554,d__Bacteria;p__Bacillota;c__Clostridia;o__Lachnospirales;f__Lachnospiraceae;g__UBA2882;s__UBA2882 sp017626095
10000,0.0002697599136768276,0.003067484662576687,0.0002697599136768276,2.4065071954565144e-05,1.0,1.0,0.0,/group/ctbrowngrp5/sourmash-db.new/gtdb-rs226/gtdb-rs226-k51.dna.rocksdb,GCA_022788205.1 Robinsoniella sp.,db64a1013c6bcd5371d2b2ffcc216ef4,0.003067484662576687,10000,402,24780000,outputs.mapping/bams.cds.rand/SRR17241595.x.s__UBA2868 sp004552595.fastq.gz,SRR17241595.x.s__UBA2868 sp004552595,15b9ab1e,37070000,51,DNA,10000,3707,True,0.8511755988989127,0.8927322490946742,0.8719539239967935,0.8927322490946742,True,1,34701,41554,d__Bacteria;p__Bacillota;c__Clostridia;o__Lachnospirales;f__Lachnospiraceae;g__JAGZHZ01;s__JAGZHZ01 sp022788205
30000,0.0008092797410304828,0.008064516129032258,0.0002697599136768276,4.813014390913029e-05,2.0,2.0,0.0,/group/ctbrowngrp5/sourmash-db.new/gtdb-rs226/gtdb-rs226-k51.dna.rocksdb,GCA_004553715.1 Clostridiales bacterium,7a4ad72a33dc1d65ffe7ae245139e10d,0.024193548387096774,10000,403,24770000,outputs.mapping/bams.cds.rand/SRR17241595.x.s__UBA2868 sp004552595.fastq.gz,SRR17241595.x.s__UBA2868 sp004552595,15b9ab1e,37070000,51,DNA,10000,3707,True,0.8697100401343785,0.9296250860533011,0.8996675630938398,0.9296250860533011,True,2,34703,41554,d__Bacteria;p__Bacillota;c__Clostridia;o__TANB77;f__CAG-508;g__SFKP01;s__SFKP01 sp004553715
20000,0.0005395198273536552,0.003246753246753247,0.0002697599136768276,7.219521586369543e-05,3.0,3.0,0.0,/group/ctbrowngrp5/sourmash-db.new/gtdb-rs226/gtdb-rs226-k51.dna.rocksdb,GCA_022784025.1 Ruminococcus sp.,b6ca1ee57c3e6b3803a9dbda9528ec71,0.006493506493506494,10000,404,24760000,outputs.mapping/bams.cds.rand/SRR17241595.x.s__UBA2868 sp004552595.fastq.gz,SRR17241595.x.s__UBA2868 sp004552595,15b9ab1e,37070000,51,DNA,10000,3707,True,0.8628230009513476,0.9059566909928176,0.8843898459720826,0.9059566909928176,True,3,34706,41554,d__Bacteria;p__Bacillota;c__Clostridia;o__Oscillospirales;f__Ruminococcaceae;g__UMGS1889;s__UMGS1889 sp945877315
10000,0.0002697599136768276,0.0041841004184100415,0.0002697599136768276,9.626028781826057e-05,4.0,4.0,0.0,/group/ctbrowngrp5/sourmash-db.new/gtdb-rs226/gtdb-rs226-k51.dna.rocksdb,GCA_902795185.1 Oscillospiraceae bacterium,eb082e7d27bfd0d29fd5b4d83d29f8ab,0.0041841004184100415,10000,405,24750000,outputs.mapping/bams.cds.rand/SRR17241595.x.s__UBA2868 sp004552595.fastq.gz,SRR17241595.x.s__UBA2868 sp004552595,15b9ab1e,37070000,51,DNA,10000,3707,True,0.8511755988989127,0.8981828266298771,0.874679212764395,0.8981828266298771,True,4,34710,41554,d__Bacteria;p__Bacillota;c__Clostridia;o__Oscillospirales;f__Oscillospiraceae;g__Limivicinus;s__Limivicinus sp900316205
1800000,0.04855678446182897,0.005263157894736842,0.0002697599136768276,0.0006978870866823891,29.0,29.0,0.0,/group/ctbrowngrp5/sourmash-db.new/gtdb-rs226/gtdb-rs226-k51.dna.rocksdb,GCA_937896245.1 uncultured Lachnospiraceae bacterium,2fa4117b12452fb62408f58b9b1d5621,0.9473684210526315,10000,406,24740000,outputs.mapping/bams.cds.rand/SRR17241595.x.s__UBA2868 sp004552595.fastq.gz,SRR17241595.x.s__UBA2868 sp004552595,15b9ab1e,37070000,51,DNA,10000,3707,True,0.9424106698404894,0.9989404201580347,0.9706755449992621,0.9989404201580347,False,29,34739,41554,d__Bacteria;p__Bacillota;c__Clostridia;o__Lachnospirales;f__Lachnospiraceae;g__UBA2868;s__UBA2868 sp004552595
30000,0.0008092797410304828,0.001976284584980237,0.0002697599136768276,2.4065071954565144e-05,1.0,1.0,0.0,/group/ctbrowngrp5/sourmash-db.new/gtdb-rs226/gtdb-rs226-k51.dna.rocksdb,GCA_947064455.1 Clostridium neonatale,fddb8181fad34322de4b3a5b20c98683,0.005928853754940711,10000,407,24730000,outputs.mapping/bams.cds.rand/SRR17241595.x.s__UBA2868 sp004552595.fastq.gz,SRR17241595.x.s__UBA2868 sp004552595,15b9ab1e,37070000,51,DNA,10000,3707,True,0.8697100401343785,0.9043421217926578,0.8870260809635182,0.9043421217926578,True,1,34740,41554,d__Bacteria;p__Bacillota;c__Clostridia;o__Clostridiales;f__Clostridiaceae;g__Clostridium;s__Clostridium neonatale
10000,0.0002697599136768276,0.005988023952095809,0.0002697599136768276,2.4065071954565144e-05,1.0,1.0,0.0,/group/ctbrowngrp5/sourmash-db.new/gtdb-rs226/gtdb-rs226-k51.dna.rocksdb,GCA_945835565.1 uncultured Bacteroidales bacterium,9f28120c584e9ab4f7364a98038c85db,0.005988023952095809,10000,408,24720000,outputs.mapping/bams.cds.rand/SRR17241595.x.s__UBA2868 sp004552595.fastq.gz,SRR17241595.x.s__UBA2868 sp004552595,15b9ab1e,37070000,51,DNA,10000,3707,True,0.8511755988989127,0.9045182297439633,0.877846914321438,0.9045182297439633,True,1,34741,41554,d__Bacteria;p__Bacteroidota;c__Bacteroidia;o__Bacteroidales;f__UBA932;g__Cryptobacteroides;s__Cryptobacteroides sp004554455
20000,0.0005395198273536552,0.006211180124223602,0.0002697599136768276,2.4065071954565144e-05,1.0,1.0,0.0,/group/ctbrowngrp5/sourmash-db.new/gtdb-rs226/gtdb-rs226-k51.dna.rocksdb,GCA_947388215.1 uncultured Clostridium sp.,5ab5a1c117f62d0bc3ac16d7ae576705,0.012422360248447204,10000,409,24710000,outputs.mapping/bams.cds.rand/SRR17241595.x.s__UBA2868 sp004552595.fastq.gz,SRR17241595.x.s__UBA2868 sp004552595,15b9ab1e,37070000,51,DNA,10000,3707,True,0.8628230009513476,0.9175536207579207,0.8901883108546341,0.9175536207579207,True,1,34742,41554,d__Bacteria;p__Bacillota;c__Clostridia;o__TANB77;f__CAG-508;g__CAG-269;s__CAG-269 sp948441945
20000,0.0005395198273536552,0.0037593984962406013,0.0002697599136768276,4.813014390913029e-05,2.0,2.0,0.0,/group/ctbrowngrp5/sourmash-db.new/gtdb-rs226/gtdb-rs226-k51.dna.rocksdb,GCA_945990445.1 uncultured Roseburia sp.,38357d9ed4739a7c9d4c5493c18f33fd,0.007518796992481203,10000,410,24700000,outputs.mapping/bams.cds.rand/SRR17241595.x.s__UBA2868 sp004552595.fastq.gz,SRR17241595.x.s__UBA2868 sp004552595,15b9ab1e,37070000,51,DNA,10000,3707,True,0.8628230009513476,0.9085646807370644,0.885693840844206,0.9085646807370644,True,2,34744,41554,d__Bacteria;p__Bacillota;c__Clostridia;o__Lachnospirales;f__Lachnospiraceae;g__Roseburia_C;s__Roseburia_C sp900315735
20000,0.0005395198273536552,0.002890173410404624,0.0002697599136768276,4.813014390913029e-05,2.0,2.0,0.0,/group/ctbrowngrp5/sourmash-db.new/gtdb-rs226/gtdb-rs226-k51.dna.rocksdb,GCA_945787015.1 uncultured Roseburia sp.,166e00d6aec99624fb42d13c873561ca,0.005780346820809248,10000,411,24690000,outputs.mapping/bams.cds.rand/SRR17241595.x.s__UBA2868 sp004552595.fastq.gz,SRR17241595.x.s__UBA2868 sp004552595,15b9ab1e,37070000,51,DNA,10000,3707,True,0.8628230009513476,0.9038924171716131,0.8833577090614804,0.9038924171716131,True,2,34746,41554,d__Bacteria;p__Bacillota;c__Clostridia;o__Lachnospirales;f__Lachnospiraceae;g__Roseburia;s__Roseburia sp945787015
20000,0.0005395198273536552,0.00819672131147541,0.0002697599136768276,7.219521586369543e-05,3.0,3.0,0.0,/group/ctbrowngrp5/sourmash-db.new/gtdb-rs226/gtdb-rs226-k51.dna.rocksdb,GCA_018384005.1 Eubacteriales bacterium,32aa315f0330e7fd38e24ca1ed885d9f,0.01639344262295082,10000,412,24680000,outputs.mapping/bams.cds.rand/SRR17241595.x.s__UBA2868 sp004552595.fastq.gz,SRR17241595.x.s__UBA2868 sp004552595,15b9ab1e,37070000,51,DNA,10000,3707,True,0.8628230009513476,0.9225576886638306,0.8926903448075891,0.9225576886638306,True,3,34749,41554,d__Bacteria;p__Bacillota;c__Clostridia;o__Christensenellales;f__CAG-138;g__PeH17;s__PeH17 sp004556165
10000,0.0002697599136768276,0.0021929824561403508,0.0002697599136768276,4.813014390913029e-05,2.0,2.0,0.0,/group/ctbrowngrp5/sourmash-db.new/gtdb-rs226/gtdb-rs226-k51.dna.rocksdb,GCA_903918055.1 uncultured Spirochaetota bacterium,7212f8fa80946a4dd1c08d2466d708ed,0.0021929824561403508,10000,413,24670000,outputs.mapping/bams.cds.rand/SRR17241595.x.s__UBA2868 sp004552595.fastq.gz,SRR17241595.x.s__UBA2868 sp004552595,15b9ab1e,37070000,51,DNA,10000,3707,True,0.8511755988989127,0.8868770863314598,0.8690263426151863,0.8868770863314598,True,2,34751,41554,d__Bacteria;p__Spirochaetota;c__Spirochaetia;o__Treponematales;f__Rectinemataceae;g__CAIJMU01;s__CAIJMU01 sp903821875
10000,0.0002697599136768276,0.0037313432835820895,0.0002697599136768276,2.4065071954565144e-05,1.0,1.0,0.0,/group/ctbrowngrp5/sourmash-db.new/gtdb-rs226/gtdb-rs226-k51.dna.rocksdb,GCA_021531315.1 Oscillibacter valericigenes,e3a0adb3601c06005d2da86cf1a2b756,0.0037313432835820895,10000,414,24660000,outputs.mapping/bams.cds.rand/SRR17241595.x.s__UBA2868 sp004552595.fastq.gz,SRR17241595.x.s__UBA2868 sp004552595,15b9ab1e,37070000,51,DNA,10000,3707,True,0.8511755988989127,0.8961681683781925,0.8736718836385526,0.8961681683781925,True,1,34752,41554,d__Bacteria;p__Bacillota;c__Clostridia;o__Oscillospirales;f__Oscillospiraceae;g__Hominicoprocola;s__Hominicoprocola sp900552375
10000,0.0002697599136768276,0.003787878787878788,0.0002697599136768276,0.000168455503681956,7.0,7.0,0.0,/group/ctbrowngrp5/sourmash-db.new/gtdb-rs226/gtdb-rs226-k51.dna.rocksdb,GCF_934754765.1 uncultured Clostridium sp.,79cc4971cc6578180ee1baef97f48211,0.003787878787878788,10000,415,24650000,outputs.mapping/bams.cds.rand/SRR17241595.x.s__UBA2868 sp004552595.fastq.gz,SRR17241595.x.s__UBA2868 sp004552595,15b9ab1e,37070000,51,DNA,10000,3707,True,0.8511755988989127,0.8964324517908826,0.8738040253448977,0.8964324517908826,True,7,34759,41554,d__Bacteria;p__Bacillota;c__Clostridia;o__Clostridiales;f__Clostridiaceae;g__Clostridium;s__Clostridium sp000435835
10000,0.0002697599136768276,0.0035460992907801418,0.0002697599136768276,7.219521586369543e-05,3.0,3.0,0.0,/group/ctbrowngrp5/sourmash-db.new/gtdb-rs226/gtdb-rs226-k51.dna.rocksdb,GCA_945917665.1 uncultured Prevotella sp.,2bba3ccf01b88835ee5ed6fc78f504f8,0.0035460992907801418,10000,416,24640000,outputs.mapping/bams.cds.rand/SRR17241595.x.s__UBA2868 sp004552595.fastq.gz,SRR17241595.x.s__UBA2868 sp004552595,15b9ab1e,37070000,51,DNA,10000,3707,True,0.8511755988989127,0.8952738509072189,0.8732247249030658,0.8952738509072189,True,3,34762,41554,d__Bacteria;p__Bacteroidota;c__Bacteroidia;o__Bacteroidales;f__Bacteroidaceae;g__Prevotella;s__Prevotella sp016302965
10000,0.0002697599136768276,0.003875968992248062,0.0002697599136768276,2.4065071954565144e-05,1.0,1.0,0.0,/group/ctbrowngrp5/sourmash-db.new/gtdb-rs226/gtdb-rs226-k51.dna.rocksdb,GCA_949133225.1 uncultured Ruminiclostridium sp.,02d5c921be230a7493bd1a826dc3b1e0,0.003875968992248062,10000,417,24630000,outputs.mapping/bams.cds.rand/SRR17241595.x.s__UBA2868 sp004552595.fastq.gz,SRR17241595.x.s__UBA2868 sp004552595,15b9ab1e,37070000,51,DNA,10000,3707,True,0.8511755988989127,0.8968366321005671,0.8740061154997398,0.8968366321005671,True,1,34763,41554,d__Bacteria;p__Bacillota;c__Clostridia;o__Oscillospirales;f__Ruminococcaceae;g__Ruminiclostridium_E;s__Ruminiclostridium_E sp910585505
10000,0.0002697599136768276,0.005649717514124294,0.0002697599136768276,2.4065071954565144e-05,1.0,1.0,0.0,/group/ctbrowngrp5/sourmash-db.new/gtdb-rs226/gtdb-rs226-k51.dna.rocksdb,GCA_945915405.1 uncultured Erysipelotrichaceae bacterium,412ea5fb98278e0c58ff029ae2a527a7,0.005649717514124294,10000,418,24620000,outputs.mapping/bams.cds.rand/SRR17241595.x.s__UBA2868 sp004552595.fastq.gz,SRR17241595.x.s__UBA2868 sp004552595,15b9ab1e,37070000,51,DNA,10000,3707,True,0.8511755988989127,0.9034873844621032,0.877331491680508,0.9034873844621032,True,1,34764,41554,d__Bacteria;p__Bacillota;c__Bacilli;o__Erysipelotrichales;f__Erysipelotrichaceae;g__Bulleidia;s__Bulleidia sp016293365
70000,0.0018883193957377933,0.004464285714285714,0.0002697599136768276,2.4065071954565144e-05,1.0,1.0,0.0,/group/ctbrowngrp5/sourmash-db.new/gtdb-rs226/gtdb-rs226-k51.dna.rocksdb,GCA_945868435.1 uncultured Lachnospiraceae bacterium,531bbdb6d68dad49e318688bbf3f99ec,0.03125,10000,419,24610000,outputs.mapping/bams.cds.rand/SRR17241595.x.s__UBA2868 sp004552595.fastq.gz,SRR17241595.x.s__UBA2868 sp004552595,15b9ab1e,37070000,51,DNA,10000,3707,True,0.8842798212554951,0.9343019501159521,0.9092908856857236,0.9343019501159521,False,1,34765,41554,d__Bacteria;p__Bacillota;c__Clostridia;o__Lachnospirales;f__Lachnospiraceae;g__Agathobacter;s__Agathobacter sp945868435
10000,0.0002697599136768276,0.007751937984496124,0.0002697599136768276,9.626028781826057e-05,4.0,4.0,0.0,/group/ctbrowngrp5/sourmash-db.new/gtdb-rs226/gtdb-rs226-k51.dna.rocksdb,GCA_947072345.1 uncultured Clostridia bacterium,bcc25b32dce0ae0758dcb96af04d0860,0.007751937984496124,10000,420,24600000,outputs.mapping/bams.cds.rand/SRR17241595.x.s__UBA2868 sp004552595.fastq.gz,SRR17241595.x.s__UBA2868 sp004552595,15b9ab1e,37070000,51,DNA,10000,3707,True,0.8511755988989127,0.9091088551799642,0.8801422270394385,0.9091088551799642,True,4,34769,41554,d__Bacteria;p__Bacillota;c__Clostridia;o__Peptostreptococcales;f__Anaerovoracaceae;g__CAG-238;s__CAG-238 sp927797855
10000,0.0002697599136768276,0.0016366612111292963,0.0002697599136768276,4.813014390913029e-05,2.0,2.0,0.0,/group/ctbrowngrp5/sourmash-db.new/gtdb-rs226/gtdb-rs226-k51.dna.rocksdb,GCF_009102425.1 Bacteroides xylanisolvens,a7ae5b2e9cd33c9d9978127df4191095,0.0016366612111292963,10000,421,24590000,outputs.mapping/bams.cds.rand/SRR17241595.x.s__UBA2868 sp004552595.fastq.gz,SRR17241595.x.s__UBA2868 sp004552595,15b9ab1e,37070000,51,DNA,10000,3707,True,0.8511755988989127,0.8818033430623201,0.8664894709806163,0.8818033430623201,True,2,34771,41554,d__Bacteria;p__Bacteroidota;c__Bacteroidia;o__Bacteroidales;f__Bacteroidaceae;g__Bacteroides;s__Bacteroides xylanisolvens
10000,0.0002697599136768276,0.007142857142857143,0.0002697599136768276,2.4065071954565144e-05,1.0,1.0,0.0,/group/ctbrowngrp5/sourmash-db.new/gtdb-rs226/gtdb-rs226-k51.dna.rocksdb,GCF_040428365.1 Lactobacillus iners ATCC 55195,cbedccfa089efb919957b359b667fda7,0.007142857142857143,10000,422,24580000,outputs.mapping/bams.cds.rand/SRR17241595.x.s__UBA2868 sp004552595.fastq.gz,SRR17241595.x.s__UBA2868 sp004552595,15b9ab1e,37070000,51,DNA,10000,3707,True,0.8511755988989127,0.9076513503870351,0.8794134746429739,0.9076513503870351,True,1,34772,41554,d__Bacteria;p__Bacillota;c__Bacilli;o__Lactobacillales;f__Lactobacillaceae;g__Lactobacillus;s__Lactobacillus iners
10000,0.0002697599136768276,0.005434782608695652,0.0002697599136768276,2.4065071954565144e-05,1.0,1.0,0.0,/group/ctbrowngrp5/sourmash-db.new/gtdb-rs226/gtdb-rs226-k51.dna.rocksdb,GCA_905235925.1 Lachnospira sp. UBA2803,41e05fc12d223d2ae7cb6e3a675a9186,0.005434782608695652,10000,423,24570000,outputs.mapping/bams.cds.rand/SRR17241595.x.s__UBA2868 sp004552595.fastq.gz,SRR17241595.x.s__UBA2868 sp004552595,15b9ab1e,37070000,51,DNA,10000,3707,True,0.8511755988989127,0.9028005342164377,0.8769880665576752,0.9028005342164377,True,1,34773,41554,d__Bacteria;p__Bacillota;c__Clostridia;o__Lachnospirales;f__Lachnospiraceae;g__Bovifimicola;s__Bovifimicola sp900314525
10000,0.0002697599136768276,0.006060606060606061,0.0002697599136768276,7.219521586369543e-05,3.0,3.0,0.0,/group/ctbrowngrp5/sourmash-db.new/gtdb-rs226/gtdb-rs226-k51.dna.rocksdb,GCA_945921575.1 uncultured Bacteroidales bacterium,630e1b1eee3015fa579211a214be526e,0.006060606060606061,10000,424,24560000,outputs.mapping/bams.cds.rand/SRR17241595.x.s__UBA2868 sp004552595.fastq.gz,SRR17241595.x.s__UBA2868 sp004552595,15b9ab1e,37070000,51,DNA,10000,3707,True,0.8511755988989127,0.9047319401204887,0.8779537695097007,0.9047319401204887,True,3,34776,41554,d__Bacteria;p__Bacteroidota;c__Bacteroidia;o__Bacteroidales;f__UBA932;g__Cryptobacteroides;s__Cryptobacteroides sp945870315
20000,0.0005395198273536552,0.005,0.0002697599136768276,0.0005294315830004332,22.0,22.0,0.0,/group/ctbrowngrp5/sourmash-db.new/gtdb-rs226/gtdb-rs226-k51.dna.rocksdb,GCA_004552135.1 Bacteroidales bacterium,a7d44adc74bf2a4bdcbed7985303d2cb,0.01,10000,425,24550000,outputs.mapping/bams.cds.rand/SRR17241595.x.s__UBA2868 sp004552595.fastq.gz,SRR17241595.x.s__UBA2868 sp004552595,15b9ab1e,37070000,51,DNA,10000,3707,True,0.8628230009513476,0.9136593726391776,0.8882411867952626,0.9136593726391776,True,22,34798,41554,d__Bacteria;p__Bacteroidota;c__Bacteroidia;o__Bacteroidales;f__UBA932;g__Cryptobacteroides;s__Cryptobacteroides sp004554455
10000,0.0002697599136768276,0.0029239766081871343,0.0002697599136768276,9.626028781826057e-05,4.0,4.0,0.0,/group/ctbrowngrp5/sourmash-db.new/gtdb-rs226/gtdb-rs226-k51.dna.rocksdb,GCA_947168335.1 uncultured Butyrivibrio sp.,94daf4c85550bec590fa9ac719d9308b,0.0029239766081871343,10000,426,24540000,outputs.mapping/bams.cds.rand/SRR17241595.x.s__UBA2868 sp004552595.fastq.gz,SRR17241595.x.s__UBA2868 sp004552595,15b9ab1e,37070000,51,DNA,10000,3707,True,0.8511755988989127,0.8918939410246526,0.8715347699617826,0.8918939410246526,True,4,34802,41554,d__Bacteria;p__Bacillota;c__Clostridia;o__Lachnospirales;f__Lachnospiraceae;g__Butyrivibrio;s__Butyrivibrio sp947168335
10000,0.0002697599136768276,0.004201680672268907,0.0002697599136768276,9.626028781826057e-05,4.0,4.0,0.0,/group/ctbrowngrp5/sourmash-db.new/gtdb-rs226/gtdb-rs226-k51.dna.rocksdb,GCA_016297895.1 Marvinbryantia sp.,00a0d122bbb4dc2c4087d1eff3d03610,0.004201680672268907,10000,427,24530000,outputs.mapping/bams.cds.rand/SRR17241595.x.s__UBA2868 sp004552595.fastq.gz,SRR17241595.x.s__UBA2868 sp004552595,15b9ab1e,37070000,51,DNA,10000,3707,True,0.8511755988989127,0.8982566722388579,0.8747161355688853,0.8982566722388579,True,4,34806,41554,d__Bacteria;p__Bacillota;c__Clostridia;o__Lachnospirales;f__Lachnospiraceae;g__JAEDFS01;s__JAEDFS01 sp016297895
10000,0.0002697599136768276,2.3027149008681236e-05,0.0002697599136768276,2.4065071954565144e-05,1.0,1.0,0.0,/group/ctbrowngrp5/sourmash-db.new/ncbi-euks-2025.01/ncbi-euks-all-2025.01-k51.dna.rocksdb,GCA_044592535.1 Vitis heyneana,7e6530898b28031a6464ac91d52fe269,2.3027149008681236e-05,10000,428,24520000,outputs.mapping/bams.cds.rand/SRR17241595.x.s__UBA2868 sp004552595.fastq.gz,SRR17241595.x.s__UBA2868 sp004552595,15b9ab1e,37070000,51,DNA,10000,3707,True,0.8511755988989127,0.8110797017088089,0.8311276503038608,0.8511755988989127,True,1,34807,41554,Eukaryota;Streptophyta;Magnoliopsida;Vitales;Vitaceae;Vitis;Vitis heyneana;unclassified Vitis heyneana subspecies/strain
10000,0.0002697599136768276,1.321056316630778e-05,0.0002697599136768276,2.4065071954565144e-05,1.0,1.0,0.0,/group/ctbrowngrp5/sourmash-db.new/ncbi-euks-2025.01/ncbi-euks-all-2025.01-k51.dna.rocksdb,GCA_032468075.1 Amazona amazonica,05604bfdec1eaa60a4c15ccfc5380455,1.321056316630778e-05,10000,429,24510000,outputs.mapping/bams.cds.rand/SRR17241595.x.s__UBA2868 sp004552595.fastq.gz,SRR17241595.x.s__UBA2868 sp004552595,15b9ab1e,37070000,51,DNA,10000,3707,True,0.8511755988989127,0.8022907606850301,0.8267331797919715,0.8511755988989127,True,1,34808,41554,Eukaryota;Chordata;Aves;Psittaciformes;Psittacidae;Amazona;Amazona amazonica;unclassified Amazona amazonica subspecies/strain
