intersect_bp,f_orig_query,f_match,f_unique_to_query,f_unique_weighted,average_abund,median_abund,std_abund,filename,name,md5,f_match_orig,unique_intersect_bp,gather_result_rank,remaining_bp,query_filename,query_name,query_md5,query_bp,ksize,moltype,scaled,query_n_hashes,query_abundance,query_containment_ani,match_containment_ani,average_containment_ani,max_containment_ani,potential_false_negative,n_unique_weighted_found,sum_weighted_found,total_weighted_hashes,lineage
510000,0.05835240274599542,0.18613138686131386,0.05835240274599542,0.028334485141672427,1.607843137254902,1.0,1.0860692097353906,/group/ctbrowngrp5/sourmash-db.new/gtdb-rs226/gtdb-rs226-k51.dna.rocksdb,GCA_034104765.1 Bariatricus sp.,5fb309ac99bb26cd210eba81e4539c8d,0.18613138686131386,510000,0,8230000,outputs.mapping/bams.cds.rand/SRR11125497.x.s__Bariatricus sp004560705.fastq.gz,SRR11125497.x.s__Bariatricus sp004560705,fe39c5ad,8740000,51,DNA,10000,874,True,0.9458125522301468,0.9675707644815893,0.956691658355868,0.9675707644815893,False,82,82,2894,d__Bacteria;p__Bacillota;c__Clostridia;o__Lachnospirales;f__Lachnospiraceae;g__Bariatricus;s__Bariatricus sp004560705
390000,0.04462242562929062,0.12794612794612795,0.043478260869565216,0.1520387007601935,11.578947368421053,2.5,37.93736637291813,/group/ctbrowngrp5/sourmash-db.new/gtdb-rs226/gtdb-rs226-k51.dna.rocksdb,GCF_009696065.1 Oliverpabstia intestinalis,73677b2e91ab00f52564bad2dbf630bb,0.13131313131313133,380000,1,7850000,outputs.mapping/bams.cds.rand/SRR11125497.x.s__Bariatricus sp004560705.fastq.gz,SRR11125497.x.s__Bariatricus sp004560705,fe39c5ad,8740000,51,DNA,10000,874,True,0.9408505659314029,0.9609746351718405,0.9509126005516217,0.9609746351718405,False,440,522,2894,d__Bacteria;p__Bacillota;c__Clostridia;o__Lachnospirales;f__Lachnospiraceae;g__Oliverpabstia;s__Oliverpabstia intestinalis
350000,0.04004576659038902,0.09295774647887324,0.03775743707093822,0.06116102280580511,5.363636363636363,3.0,6.668870159262506,/group/ctbrowngrp5/sourmash-db.new/gtdb-rs226/gtdb-rs226-k51.dna.rocksdb,GCF_034103665.1 Blautia sp.,feb8d436083d4d3ce1ba8a5398c30a0c,0.09859154929577464,330000,2,7520000,outputs.mapping/bams.cds.rand/SRR11125497.x.s__Bariatricus sp004560705.fastq.gz,SRR11125497.x.s__Bariatricus sp004560705,fe39c5ad,8740000,51,DNA,10000,874,True,0.9388563527213559,0.9555894943050584,0.9472229235132071,0.9555894943050584,False,177,699,2894,d__Bacteria;p__Bacillota;c__Clostridia;o__Lachnospirales;f__Lachnospiraceae;g__Blautia_A;s__Blautia_A sp018919065
250000,0.028604118993135013,0.03653846153846154,0.021739130434782608,0.03420870767104354,5.2105263157894735,3.0,6.186393791543206,/group/ctbrowngrp5/sourmash-db.new/gtdb-rs226/gtdb-rs226-k51.dna.rocksdb,GCF_001404735.1 Blautia wexlerae,814967628fd4b3160d328a0134feab2d,0.04807692307692308,190000,3,7330000,outputs.mapping/bams.cds.rand/SRR11125497.x.s__Bariatricus sp004560705.fastq.gz,SRR11125497.x.s__Bariatricus sp004560705,fe39c5ad,8740000,51,DNA,10000,874,True,0.9326826406929642,0.94222716460542,0.9374549026491921,0.94222716460542,False,99,798,2894,d__Bacteria;p__Bacillota;c__Clostridia;o__Lachnospirales;f__Lachnospiraceae;g__Blautia_A;s__Blautia_A wexlerae
230000,0.02631578947368421,0.058823529411764705,0.019450800915331808,0.027988942639944715,4.764705882352941,2.0,6.932696714628746,/group/ctbrowngrp5/sourmash-db.new/gtdb-rs226/gtdb-rs226-k51.dna.rocksdb,GCF_012843825.1 Dorea formicigenerans,071f2629301e97499cd33e1b6b44012d,0.07958477508650519,170000,4,7160000,outputs.mapping/bams.cds.rand/SRR11125497.x.s__Bariatricus sp004560705.fastq.gz,SRR11125497.x.s__Bariatricus sp004560705,fe39c5ad,8740000,51,DNA,10000,874,True,0.9311590124456248,0.9515851300794089,0.9413720712625169,0.9515851300794089,False,81,879,2894,d__Bacteria;p__Bacillota;c__Clostridia;o__Lachnospirales;f__Lachnospiraceae;g__Dorea;s__Dorea formicigenerans
130000,0.014874141876430207,0.037037037037037035,0.013729977116704805,0.010366275051831375,2.5,1.0,2.217355782608345,/group/ctbrowngrp5/sourmash-db.new/gtdb-rs226/gtdb-rs226-k51.dna.rocksdb,GCA_034115705.1 Lachnospiraceae bacterium,5164d208e4d209cf107bbe1e3bd2ae80,0.040123456790123455,120000,5,7040000,outputs.mapping/bams.cds.rand/SRR11125497.x.s__Bariatricus sp004560705.fastq.gz,SRR11125497.x.s__Bariatricus sp004560705,fe39c5ad,8740000,51,DNA,10000,874,True,0.9208000448141396,0.9388920328094957,0.9298460388118177,0.9388920328094957,False,30,909,2894,d__Bacteria;p__Bacillota;c__Clostridia;o__Lachnospirales;f__Lachnospiraceae;g__JALFVM01;s__JALFVM01 sp022787145
140000,0.016018306636155607,0.021141649048625793,0.011441647597254004,0.012785072563925363,3.7,2.0,3.163858403911275,/group/ctbrowngrp5/sourmash-db.new/gtdb-rs226/gtdb-rs226-k51.dna.rocksdb,GCF_039060295.1 Ruminococcus sp. 2227st1_E6_2227SCRN_220401,3b736584ca7d51c5e97ffcc914537695,0.02959830866807611,100000,6,6940000,outputs.mapping/bams.cds.rand/SRR11125497.x.s__Bariatricus sp004560705.fastq.gz,SRR11125497.x.s__Bariatricus sp004560705,fe39c5ad,8740000,51,DNA,10000,874,True,0.9221390296531587,0.9333076832510422,0.9277233564521005,0.9333076832510422,False,37,946,2894,d__Bacteria;p__Bacillota;c__Clostridia;o__Lachnospirales;f__Lachnospiraceae;g__Blautia_A;s__Blautia_A faecis
100000,0.011441647597254004,0.0481283422459893,0.010297482837528604,0.006219765031098825,2.0,2.0,0.9428090415820634,/group/ctbrowngrp5/sourmash-db.new/gtdb-rs226/gtdb-rs226-k51.dna.rocksdb,GCA_036302585.1 Clostridia bacterium,5e094c09ccc62669e2c4eb7279e1cfc4,0.053475935828877004,90000,7,6850000,outputs.mapping/bams.cds.rand/SRR11125497.x.s__Bariatricus sp004560705.fastq.gz,SRR11125497.x.s__Bariatricus sp004560705,fe39c5ad,8740000,51,DNA,10000,874,True,0.9160752470492307,0.9441955065537638,0.9301353768014973,0.9441955065537638,False,18,964,2894,d__Bacteria;p__Bacillota;c__Clostridia;o__Peptostreptococcales;f__Anaerovoracaceae;g__Mogibacterium_A;s__Mogibacterium_A kristiansenii
140000,0.016018306636155607,0.023622047244094488,0.010297482837528604,0.017622667588113337,5.666666666666667,2.0,6.342099196813482,/group/ctbrowngrp5/sourmash-db.new/gtdb-rs226/gtdb-rs226-k51.dna.rocksdb,GCA_015559105.1 Ruminococcus sp. 1001262B_160229_C12,aa8ce316f814fbc09ef5d077ad3f7d01,0.03674540682414698,90000,8,6760000,outputs.mapping/bams.cds.rand/SRR11125497.x.s__Bariatricus sp004560705.fastq.gz,SRR11125497.x.s__Bariatricus sp004560705,fe39c5ad,8740000,51,DNA,10000,874,True,0.9221390296531587,0.9372743384226483,0.9297066840379036,0.9372743384226483,False,51,1015,2894,d__Bacteria;p__Bacillota;c__Clostridia;o__Lachnospirales;f__Lachnospiraceae;g__Blautia_A;s__Blautia_A sp900066205
420000,0.04805491990846682,0.03463203463203463,0.009153318077803204,0.005874222529371113,2.125,1.0,1.964529205687714,/group/ctbrowngrp5/sourmash-db.new/gtdb-rs226/gtdb-rs226-k51.dna.rocksdb,GCA_945829055.1 uncultured bacterium,d1ff92fc097a416645f4b64ba1a58b7b,0.18181818181818182,80000,9,6680000,outputs.mapping/bams.cds.rand/SRR11125497.x.s__Bariatricus sp004560705.fastq.gz,SRR11125497.x.s__Bariatricus sp004560705,fe39c5ad,8740000,51,DNA,10000,874,True,0.9422187073109127,0.9671260570018316,0.9546723821563722,0.9671260570018316,False,17,1032,2894,d__Bacteria;p__Bacillota;c__Clostridia;o__Lachnospirales;f__Lachnospiraceae;g__Bariatricus;s__Bariatricus sp004560705
330000,0.03775743707093822,0.024024024024024024,0.009153318077803204,0.017622667588113337,6.375,7.5,2.7357585785299112,/group/ctbrowngrp5/sourmash-db.new/gtdb-rs226/gtdb-rs226-k51.dna.rocksdb,GCF_029227735.1 Blautia sp.,7c18473b051acfc786ffd79bb8f8b1fb,0.0990990990990991,80000,10,6600000,outputs.mapping/bams.cds.rand/SRR11125497.x.s__Bariatricus sp004560705.fastq.gz,SRR11125497.x.s__Bariatricus sp004560705,fe39c5ad,8740000,51,DNA,10000,874,True,0.9377737856287085,0.9556857101374349,0.9467297478830716,0.9556857101374349,False,51,1083,2894,d__Bacteria;p__Bacillota;c__Clostridia;o__Lachnospirales;f__Lachnospiraceae;g__Blautia_A;s__Blautia_A sp018919065
170000,0.019450800915331808,0.02572347266881029,0.009153318077803204,0.010020732550103663,3.625,2.0,3.276335605520289,/group/ctbrowngrp5/sourmash-db.new/gtdb-rs226/gtdb-rs226-k51.dna.rocksdb,GCF_039832125.1 Dorea sp. YH-dor228,a0060173516bc4642ee6172ac1d68a1d,0.05466237942122187,80000,11,6520000,outputs.mapping/bams.cds.rand/SRR11125497.x.s__Bariatricus sp004560705.fastq.gz,SRR11125497.x.s__Bariatricus sp004560705,fe39c5ad,8740000,51,DNA,10000,874,True,0.9256562859343512,0.9446018564075925,0.9351290711709719,0.9446018564075925,False,29,1112,2894,d__Bacteria;p__Bacillota;c__Clostridia;o__Lachnospirales;f__Lachnospiraceae;g__JAFBIX01;s__JAFBIX01 sp021531895
200000,0.02288329519450801,0.017857142857142856,0.008009153318077803,0.006219765031098825,2.5714285714285716,2.0,1.498298354528788,/group/ctbrowngrp5/sourmash-db.new/gtdb-rs226/gtdb-rs226-k51.dna.rocksdb,GCA_018785585.1 Blautia sp. MCC289,f1feb8fc64a428911abf00ed27d9967f,0.05102040816326531,70000,12,6450000,outputs.mapping/bams.cds.rand/SRR11125497.x.s__Bariatricus sp004560705.fastq.gz,SRR11125497.x.s__Bariatricus sp004560705,fe39c5ad,8740000,51,DNA,10000,874,True,0.9286107294179319,0.9433256546576038,0.9359681920377678,0.9433256546576038,False,18,1130,2894,d__Bacteria;p__Bacillota;c__Clostridia;o__Lachnospirales;f__Lachnospiraceae;g__Oliverpabstia;s__Oliverpabstia intestinalis
70000,0.008009153318077803,0.03070175438596491,0.008009153318077803,0.004492052522460262,1.8571428571428572,1.0,1.1248582677159729,/group/ctbrowngrp5/sourmash-db.new/gtdb-rs226/gtdb-rs226-k51.dna.rocksdb,GCA_945867955.1 uncultured Clostridia bacterium,63ab50c3aef8bec83975bc071f715940,0.03070175438596491,70000,13,6380000,outputs.mapping/bams.cds.rand/SRR11125497.x.s__Bariatricus sp004560705.fastq.gz,SRR11125497.x.s__Bariatricus sp004560705,fe39c5ad,8740000,51,DNA,10000,874,True,0.909690909917396,0.9339777563867697,0.9218343331520829,0.9339777563867697,False,13,1143,2894,d__Bacteria;p__Bacillota;c__Clostridia;o__Oscillospirales;f__Oscillospiraceae;g__Vescimonas;s__Vescimonas sp003487665
140000,0.016018306636155607,0.01881720430107527,0.008009153318077803,0.0065653075328265375,2.7142857142857144,2.0,1.4846149779161804,/group/ctbrowngrp5/sourmash-db.new/gtdb-rs226/gtdb-rs226-k51.dna.rocksdb,GCA_004556565.1 Lachnospiraceae bacterium,edb00f169e376430fe98e2e4c3b24f96,0.03763440860215054,70000,14,6310000,outputs.mapping/bams.cds.rand/SRR11125497.x.s__Bariatricus sp004560705.fastq.gz,SRR11125497.x.s__Bariatricus sp004560705,fe39c5ad,8740000,51,DNA,10000,874,True,0.9221390296531587,0.9377137753504258,0.9299264025017923,0.9377137753504258,False,19,1162,2894,d__Bacteria;p__Bacillota;c__Clostridia;o__Lachnospirales;f__Lachnospiraceae;g__Schaedlerella;s__Schaedlerella sp004556565
80000,0.009153318077803204,0.017543859649122806,0.006864988558352402,0.0031098825155494126,1.5,1.0,0.7637626158259734,/group/ctbrowngrp5/sourmash-db.new/gtdb-rs226/gtdb-rs226-k51.dna.rocksdb,GCA_018378855.1 Blautia sp.,3b2e36cccda8780ca2fe71bc2cbd80fd,0.023391812865497075,60000,15,6250000,outputs.mapping/bams.cds.rand/SRR11125497.x.s__Bariatricus sp004560705.fastq.gz,SRR11125497.x.s__Bariatricus sp004560705,fe39c5ad,8740000,51,DNA,10000,874,True,0.9120758404295616,0.9290110087735257,0.9205434246015436,0.9290110087735257,False,9,1171,2894,d__Bacteria;p__Bacillota;c__Clostridia;o__Lachnospirales;f__Lachnospiraceae;g__Fusicatenibacter;s__Fusicatenibacter saccharivorans
80000,0.009153318077803204,0.02040816326530612,0.006864988558352402,0.0048375950241879755,2.3333333333333335,2.0,0.9428090415820634,/group/ctbrowngrp5/sourmash-db.new/gtdb-rs226/gtdb-rs226-k51.dna.rocksdb,GCF_034108925.1 Blautia sp.,bab4855e313d320981916d586a8b3c82,0.027210884353741496,60000,16,6190000,outputs.mapping/bams.cds.rand/SRR11125497.x.s__Bariatricus sp004560705.fastq.gz,SRR11125497.x.s__Bariatricus sp004560705,fe39c5ad,8740000,51,DNA,10000,874,True,0.9120758404295616,0.9317699057926471,0.9219228731111043,0.9317699057926471,False,14,1185,2894,d__Bacteria;p__Bacillota;c__Clostridia;o__Lachnospirales;f__Lachnospiraceae;g__Blautia_A;s__Blautia_A fusiformis
110000,0.012585812356979404,0.013368983957219251,0.005720823798627002,0.0017277125086385626,1.0,1.0,0.0,/group/ctbrowngrp5/sourmash-db.new/gtdb-rs226/gtdb-rs226-k51.dna.rocksdb,GCF_902167835.1 Blautia obeum,a7fd6b887f353e4dc675846b9193b6c6,0.029411764705882353,50000,17,6140000,outputs.mapping/bams.cds.rand/SRR11125497.x.s__Bariatricus sp004560705.fastq.gz,SRR11125497.x.s__Bariatricus sp004560705,fe39c5ad,8740000,51,DNA,10000,874,True,0.9177888339553784,0.9331919883470096,0.9254904111511939,0.9331919883470096,False,5,1190,2894,d__Bacteria;p__Bacillota;c__Clostridia;o__Lachnospirales;f__Lachnospiraceae;g__Blautia_A;s__Blautia_A obeum
110000,0.012585812356979404,0.013227513227513227,0.005720823798627002,0.03766413268832066,21.8,1.0,41.1018247770096,/group/ctbrowngrp5/sourmash-db.new/gtdb-rs226/gtdb-rs226-k51.dna.rocksdb,GCA_003478775.1 Ruminococcus sp. AF21-3,fbbeb59569b9aa0a127fcb9963045dcb,0.0291005291005291,50000,18,6090000,outputs.mapping/bams.cds.rand/SRR11125497.x.s__Bariatricus sp004560705.fastq.gz,SRR11125497.x.s__Bariatricus sp004560705,fe39c5ad,8740000,51,DNA,10000,874,True,0.9177888339553784,0.9329973484919181,0.9253930912236482,0.9329973484919181,False,109,1299,2894,d__Bacteria;p__Bacillota;c__Clostridia;o__Lachnospirales;f__Lachnospiraceae;g__Blautia_A;s__Blautia_A sp003471165
70000,0.008009153318077803,0.014925373134328358,0.005720823798627002,0.006219765031098825,3.6,2.0,2.870540018881465,/group/ctbrowngrp5/sourmash-db.new/gtdb-rs226/gtdb-rs226-k51.dna.rocksdb,GCA_963558015.1 uncultured Acetatifactor sp.,c4b24070efc5d3de83ee68bb02d1dae6,0.020895522388059702,50000,19,6040000,outputs.mapping/bams.cds.rand/SRR11125497.x.s__Bariatricus sp004560705.fastq.gz,SRR11125497.x.s__Bariatricus sp004560705,fe39c5ad,8740000,51,DNA,10000,874,True,0.909690909917396,0.9269575952905772,0.9183242526039865,0.9269575952905772,False,18,1317,2894,d__Bacteria;p__Bacillota;c__Clostridia;o__Lachnospirales;f__Lachnospiraceae;g__Acetatifactor;s__Acetatifactor sp945929965
50000,0.005720823798627002,0.02304147465437788,0.005720823798627002,0.024187975120939877,14.0,13.0,11.50651989091402,/group/ctbrowngrp5/sourmash-db.new/gtdb-rs226/gtdb-rs226-k51.dna.rocksdb,GCA_004561455.1 bacterium,53ec677c015c1b83f30b1cf2b3f886a9,0.02304147465437788,50000,20,5990000,outputs.mapping/bams.cds.rand/SRR11125497.x.s__Bariatricus sp004560705.fastq.gz,SRR11125497.x.s__Bariatricus sp004560705,fe39c5ad,8740000,51,DNA,10000,874,True,0.9037089833996741,0.9287361669973476,0.9162225751985109,0.9287361669973476,True,70,1387,2894,d__Bacteria;p__Bacteroidota;c__Bacteroidia;o__Bacteroidales;f__Paludibacteraceae;g__Aphodosoma;s__Aphodosoma sp900769035
70000,0.008009153318077803,0.012376237623762377,0.005720823798627002,0.007601935038009675,4.4,4.0,3.3823069050575527,/group/ctbrowngrp5/sourmash-db.new/gtdb-rs226/gtdb-rs226-k51.dna.rocksdb,GCA_022775705.1 Eubacterium sp.,895622936599ee0e13c179c7da9ce09a,0.017326732673267328,50000,21,5940000,outputs.mapping/bams.cds.rand/SRR11125497.x.s__Bariatricus sp004560705.fastq.gz,SRR11125497.x.s__Bariatricus sp004560705,fe39c5ad,8740000,51,DNA,10000,874,True,0.909690909917396,0.9235598251373712,0.9166253675273837,0.9235598251373712,False,22,1409,2894,d__Bacteria;p__Bacillota;c__Clostridia;o__Lachnospirales;f__Lachnospiraceae;g__Oliverpabstia;s__Oliverpabstia sp022764165
80000,0.009153318077803204,0.017482517482517484,0.005720823798627002,0.0034554250172771253,2.0,1.0,1.2649110640673518,/group/ctbrowngrp5/sourmash-db.new/gtdb-rs226/gtdb-rs226-k51.dna.rocksdb,GCF_020540285.1 [Ruminococcus] lactaris,82e2918b30044b04598b34bb88306bb5,0.027972027972027972,50000,22,5890000,outputs.mapping/bams.cds.rand/SRR11125497.x.s__Bariatricus sp004560705.fastq.gz,SRR11125497.x.s__Bariatricus sp004560705,fe39c5ad,8740000,51,DNA,10000,874,True,0.9120758404295616,0.9322740740574638,0.9221749572435127,0.9322740740574638,False,10,1419,2894,d__Bacteria;p__Bacillota;c__Clostridia;o__Lachnospirales;f__Lachnospiraceae;g__Mediterraneibacter;s__Mediterraneibacter lactaris
90000,0.010297482837528604,0.011494252873563218,0.004576659038901602,0.0017277125086385626,1.25,1.0,0.4330127018922193,/group/ctbrowngrp5/sourmash-db.new/gtdb-rs226/gtdb-rs226-k51.dna.rocksdb,GCA_003461025.1 Ruminococcus sp. AF25-13,493fdb2c271f7be316a6542ec3210356,0.02586206896551724,40000,23,5850000,outputs.mapping/bams.cds.rand/SRR11125497.x.s__Bariatricus sp004560705.fastq.gz,SRR11125497.x.s__Bariatricus sp004560705,fe39c5ad,8740000,51,DNA,10000,874,True,0.9141846876186407,0.9308415277984536,0.9225131077085471,0.9308415277984536,False,5,1424,2894,d__Bacteria;p__Bacillota;c__Clostridia;o__Lachnospirales;f__Lachnospiraceae;g__Mediterraneibacter;s__Mediterraneibacter faecis
40000,0.004576659038901602,0.02127659574468085,0.004576659038901602,0.008984105044920525,6.5,3.0,7.399324293474371,/group/ctbrowngrp5/sourmash-db.new/gtdb-rs226/gtdb-rs226-k51.dna.rocksdb,GCF_027683005.1 Holdemanella porci,13fcb172b92ef55a3f6332274ecfdf07,0.02127659574468085,40000,24,5810000,outputs.mapping/bams.cds.rand/SRR11125497.x.s__Bariatricus sp004560705.fastq.gz,SRR11125497.x.s__Bariatricus sp004560705,fe39c5ad,8740000,51,DNA,10000,874,True,0.8997635654854742,0.9272861378461615,0.9135248516658179,0.9272861378461615,True,26,1450,2894,d__Bacteria;p__Bacillota;c__Bacilli;o__Erysipelotrichales;f__Erysipelotrichaceae;g__Holdemanella;s__Holdemanella porci
40000,0.004576659038901602,0.017094017094017096,0.004576659038901602,0.0017277125086385626,1.25,1.0,0.4330127018922193,/group/ctbrowngrp5/sourmash-db.new/gtdb-rs226/gtdb-rs226-k51.dna.rocksdb,GCA_022779605.1 Lachnobacterium sp.,50cd1a9ae18f4e55f69ca9d51073c99b,0.017094017094017096,40000,25,5770000,outputs.mapping/bams.cds.rand/SRR11125497.x.s__Bariatricus sp004560705.fastq.gz,SRR11125497.x.s__Bariatricus sp004560705,fe39c5ad,8740000,51,DNA,10000,874,True,0.8997635654854742,0.9233149870212076,0.911539276253341,0.9233149870212076,True,5,1455,2894,d__Bacteria;p__Bacillota;c__Clostridia;o__Lachnospirales;f__Lachnospiraceae;g__Agathobacter;s__Agathobacter sp900549895
50000,0.005720823798627002,0.013245033112582781,0.004576659038901602,0.0017277125086385626,1.25,1.0,0.4330127018922193,/group/ctbrowngrp5/sourmash-db.new/gtdb-rs226/gtdb-rs226-k51.dna.rocksdb,GCA_963559005.1 Roseburia porci,ef39ee806e793411e61ca7e61bce1827,0.016556291390728478,40000,26,5730000,outputs.mapping/bams.cds.rand/SRR11125497.x.s__Bariatricus sp004560705.fastq.gz,SRR11125497.x.s__Bariatricus sp004560705,fe39c5ad,8740000,51,DNA,10000,874,True,0.9037089833996741,0.9227365150251989,0.9132227492124365,0.9227365150251989,True,5,1460,2894,d__Bacteria;p__Bacillota;c__Clostridia;o__Lachnospirales;f__Lachnospiraceae;g__Roseburia_A;s__Roseburia_A porci
200000,0.02288329519450801,0.009925558312655087,0.004576659038901602,0.005183137525915688,3.75,1.0,4.763139720814412,/group/ctbrowngrp5/sourmash-db.new/gtdb-rs226/gtdb-rs226-k51.dna.rocksdb,GCA_022782205.1 Lachnospiraceae bacterium,5d1fe08c84b2c770dab5488addf16ba5,0.04962779156327544,40000,27,5690000,outputs.mapping/bams.cds.rand/SRR11125497.x.s__Bariatricus sp004560705.fastq.gz,SRR11125497.x.s__Bariatricus sp004560705,fe39c5ad,8740000,51,DNA,10000,874,True,0.9286107294179319,0.9428139057654302,0.935712317591681,0.9428139057654302,False,15,1475,2894,d__Bacteria;p__Bacillota;c__Clostridia;o__Lachnospirales;f__Lachnospiraceae;g__Oliverpabstia;s__Oliverpabstia sp004556655
40000,0.004576659038901602,0.014492753623188406,0.004576659038901602,0.0027643400138217,2.0,1.0,1.7320508075688772,/group/ctbrowngrp5/sourmash-db.new/gtdb-rs226/gtdb-rs226-k51.dna.rocksdb,GCA_958404325.1 uncultured Oscillospiraceae bacterium,c17d7e62c5b051430601030d2fa8f657,0.014492753623188406,40000,28,5650000,outputs.mapping/bams.cds.rand/SRR11125497.x.s__Bariatricus sp004560705.fastq.gz,SRR11125497.x.s__Bariatricus sp004560705,fe39c5ad,8740000,51,DNA,10000,874,True,0.8997635654854742,0.9203311793431016,0.9100473724142879,0.9203311793431016,True,8,1483,2894,d__Bacteria;p__Bacillota;c__Clostridia;o__Oscillospirales;f__Ruminococcaceae;g__Gemmiger;s__Gemmiger qucibialis
60000,0.006864988558352402,0.015625,0.004576659038901602,0.004492052522460262,3.25,3.0,1.299038105676658,/group/ctbrowngrp5/sourmash-db.new/gtdb-rs226/gtdb-rs226-k51.dna.rocksdb,GCA_034086885.1 Lachnospiraceae bacterium,27c058a131c82c8e30aede7d90a20361,0.0234375,40000,29,5610000,outputs.mapping/bams.cds.rand/SRR11125497.x.s__Bariatricus sp004560705.fastq.gz,SRR11125497.x.s__Bariatricus sp004560705,fe39c5ad,8740000,51,DNA,10000,874,True,0.9069454636547738,0.9290465526884132,0.9179960081715934,0.9290465526884132,True,13,1496,2894,d__Bacteria;p__Bacillota;c__Clostridia;o__Lachnospirales;f__Lachnospiraceae;g__JAFBIX01;s__JAFBIX01 sp021531895
80000,0.009153318077803204,0.014388489208633094,0.004576659038901602,0.0027643400138217,2.0,1.5,1.224744871391589,/group/ctbrowngrp5/sourmash-db.new/gtdb-rs226/gtdb-rs226-k51.dna.rocksdb,GCA_034099995.1 Blautia sp.,0a4199b463d6243c8c712ed01dc18db9,0.02877697841726619,40000,30,5570000,outputs.mapping/bams.cds.rand/SRR11125497.x.s__Bariatricus sp004560705.fastq.gz,SRR11125497.x.s__Bariatricus sp004560705,fe39c5ad,8740000,51,DNA,10000,874,True,0.9120758404295616,0.9327928313803595,0.9224343359049605,0.9327928313803595,False,8,1504,2894,d__Bacteria;p__Bacillota;c__Clostridia;o__Lachnospirales;f__Lachnospiraceae;g__Blautia;s__Blautia sp022777285
50000,0.005720823798627002,0.017094017094017096,0.004576659038901602,0.00414651002073255,3.0,3.0,1.5811388300841898,/group/ctbrowngrp5/sourmash-db.new/gtdb-rs226/gtdb-rs226-k51.dna.rocksdb,GCA_945910065.1 uncultured Lachnospiraceae bacterium,e6beae4c738df1c59cb705d0eaf060e0,0.021367521367521368,40000,31,5530000,outputs.mapping/bams.cds.rand/SRR11125497.x.s__Bariatricus sp004560705.fastq.gz,SRR11125497.x.s__Bariatricus sp004560705,fe39c5ad,8740000,51,DNA,10000,874,True,0.9037089833996741,0.9273636767325731,0.9155363300661237,0.9273636767325731,True,12,1516,2894,d__Bacteria;p__Bacillota;c__Clostridia;o__Lachnospirales;f__Lachnospiraceae;g__Colinaster;s__Colinaster sp900766815
90000,0.010297482837528604,0.02185792349726776,0.004576659038901602,0.0027643400138217,2.0,2.0,0.7071067811865476,/group/ctbrowngrp5/sourmash-db.new/gtdb-rs226/gtdb-rs226-k51.dna.rocksdb,GCF_945827555.1 uncultured Mogibacterium sp.,811a1c54e1b7988af907bfcf940340ec,0.04918032786885246,40000,32,5490000,outputs.mapping/bams.cds.rand/SRR11125497.x.s__Bariatricus sp004560705.fastq.gz,SRR11125497.x.s__Bariatricus sp004560705,fe39c5ad,8740000,51,DNA,10000,874,True,0.9141846876186407,0.9426464826670732,0.9284155851428569,0.9426464826670732,False,8,1524,2894,d__Bacteria;p__Bacillota;c__Clostridia;o__Peptostreptococcales;f__Anaerovoracaceae;g__Mogibacterium_A;s__Mogibacterium_A kristiansenii
40000,0.004576659038901602,0.029850746268656716,0.004576659038901602,0.0017277125086385626,1.25,1.0,0.4330127018922193,/group/ctbrowngrp5/sourmash-db.new/gtdb-rs226/gtdb-rs226-k51.dna.rocksdb,GCA_934408715.1 uncultured Blautia sp.,aaac3da42082a3742b2a2a6d428e4bd6,0.029850746268656716,40000,33,5450000,outputs.mapping/bams.cds.rand/SRR11125497.x.s__Bariatricus sp004560705.fastq.gz,SRR11125497.x.s__Bariatricus sp004560705,fe39c5ad,8740000,51,DNA,10000,874,True,0.8997635654854742,0.9334631124181335,0.9166133389518039,0.9334631124181335,True,5,1529,2894,d__Bacteria;p__Bacillota;c__Clostridia;o__Lachnospirales;f__Lachnospiraceae;g__Blautia_A;s__Blautia_A sp003471165
40000,0.004576659038901602,0.017543859649122806,0.004576659038901602,0.002073255010366275,1.5,1.5,0.5,/group/ctbrowngrp5/sourmash-db.new/gtdb-rs226/gtdb-rs226-k51.dna.rocksdb,GCA_022778915.1 Bacillota bacterium,71b0c6c6f11ccc87344812598740e81f,0.017543859649122806,40000,34,5410000,outputs.mapping/bams.cds.rand/SRR11125497.x.s__Bariatricus sp004560705.fastq.gz,SRR11125497.x.s__Bariatricus sp004560705,fe39c5ad,8740000,51,DNA,10000,874,True,0.8997635654854742,0.9237853726019886,0.9117744690437314,0.9237853726019886,True,6,1535,2894,d__Bacteria;p__Bacillota;c__Clostridia;o__Lachnospirales;f__Lachnospiraceae;g__CAG-791;s__CAG-791 sp000431495
40000,0.004576659038901602,0.014388489208633094,0.004576659038901602,0.002073255010366275,1.5,1.5,0.5,/group/ctbrowngrp5/sourmash-db.new/gtdb-rs226/gtdb-rs226-k51.dna.rocksdb,GCA_022780805.1 Lachnospiraceae bacterium,97ac6c2adba095f09dc7051b46022e31,0.014388489208633094,40000,35,5370000,outputs.mapping/bams.cds.rand/SRR11125497.x.s__Bariatricus sp004560705.fastq.gz,SRR11125497.x.s__Bariatricus sp004560705,fe39c5ad,8740000,51,DNA,10000,874,True,0.8997635654854742,0.9202008940690722,0.9099822297772733,0.9202008940690722,True,6,1541,2894,d__Bacteria;p__Bacillota;c__Clostridia;o__Lachnospirales;f__Lachnospiraceae;g__Muricoprocola;s__Muricoprocola aceti
40000,0.004576659038901602,3.8095600910484865e-05,0.004576659038901602,0.009329647546648237,6.75,3.0,7.8222439235810075,/group/ctbrowngrp5/sourmash-db.new/ncbi-euks-2025.01/ncbi-euks-all-2025.01-k51.dna.rocksdb,GCA_041045085.1 white-cheeked turaco (Tauraco leucotis),dc1c3b30e5f07e688145167f80be850e,3.8095600910484865e-05,40000,36,5330000,outputs.mapping/bams.cds.rand/SRR11125497.x.s__Bariatricus sp004560705.fastq.gz,SRR11125497.x.s__Bariatricus sp004560705,fe39c5ad,8740000,51,DNA,10000,874,True,0.8997635654854742,0.8191255768983988,0.8594445711919365,0.8997635654854742,True,27,1568,2894,Eukaryota;Chordata;Aves;Musophagiformes;Musophagidae;Tauraco;Tauraco leucotis;unclassified Tauraco leucotis subspecies/strain
200000,0.02288329519450801,0.008064516129032258,0.003432494279176201,0.0024187975120939877,2.3333333333333335,3.0,0.9428090415820634,/group/ctbrowngrp5/sourmash-db.new/gtdb-rs226/gtdb-rs226-k51.dna.rocksdb,GCF_009707925.1 Blautia luti DSM 14534 = JCM 17040,1c6c4b2fe1822c673ff6fbdc03a3eda3,0.053763440860215055,30000,37,5300000,outputs.mapping/bams.cds.rand/SRR11125497.x.s__Bariatricus sp004560705.fastq.gz,SRR11125497.x.s__Bariatricus sp004560705,fe39c5ad,8740000,51,DNA,10000,874,True,0.9286107294179319,0.9442947808433203,0.9364527551306261,0.9442947808433203,False,7,1575,2894,d__Bacteria;p__Bacillota;c__Clostridia;o__Lachnospirales;f__Lachnospiraceae;g__Blautia_A;s__Blautia_A luti
30000,0.003432494279176201,0.011406844106463879,0.003432494279176201,0.0017277125086385626,1.6666666666666667,1.0,0.9428090415820634,/group/ctbrowngrp5/sourmash-db.new/gtdb-rs226/gtdb-rs226-k51.dna.rocksdb,GCA_034104485.1 Lachnospiraceae bacterium,5eaa8d8601202e429692abae76f48232,0.011406844106463879,30000,38,5270000,outputs.mapping/bams.cds.rand/SRR11125497.x.s__Bariatricus sp004560705.fastq.gz,SRR11125497.x.s__Bariatricus sp004560705,fe39c5ad,8740000,51,DNA,10000,874,True,0.8947024445846149,0.9160205273625133,0.9053614859735641,0.9160205273625133,True,5,1580,2894,d__Bacteria;p__Bacillota;c__Clostridia;o__Lachnospirales;f__Lachnospiraceae;g__JAFBIX01;s__JAFBIX01 sp021531895
40000,0.004576659038901602,0.005893909626719057,0.003432494279176201,0.0038009675190048375,3.6666666666666665,3.0,2.494438257849294,/group/ctbrowngrp5/sourmash-db.new/gtdb-rs226/gtdb-rs226-k51.dna.rocksdb,GCF_013304225.1 Enterocloster clostridioformis,983898dee12bf2c9824110005ee32f06,0.007858546168958742,30000,39,5240000,outputs.mapping/bams.cds.rand/SRR11125497.x.s__Bariatricus sp004560705.fastq.gz,SRR11125497.x.s__Bariatricus sp004560705,fe39c5ad,8740000,51,DNA,10000,874,True,0.8997635654854742,0.9093523640533552,0.9045579647694146,0.9093523640533552,True,11,1591,2894,d__Bacteria;p__Bacillota;c__Clostridia;o__Lachnospirales;f__Lachnospiraceae;g__Enterocloster;s__Enterocloster clostridioformis
50000,0.005720823798627002,0.009009009009009009,0.003432494279176201,0.0010366275051831375,1.0,1.0,0.0,/group/ctbrowngrp5/sourmash-db.new/gtdb-rs226/gtdb-rs226-k51.dna.rocksdb,GCF_013302285.1 Blautia massiliensis (ex Durand et al. 2017),34c3391168f6745db4945fcbb3e431dd,0.015015015015015015,30000,40,5210000,outputs.mapping/bams.cds.rand/SRR11125497.x.s__Bariatricus sp004560705.fastq.gz,SRR11125497.x.s__Bariatricus sp004560705,fe39c5ad,8740000,51,DNA,10000,874,True,0.9037089833996741,0.9209702540137384,0.9123396187067063,0.9209702540137384,True,3,1594,2894,d__Bacteria;p__Bacillota;c__Clostridia;o__Lachnospirales;f__Lachnospiraceae;g__Blautia_A;s__Blautia_A fusiformis
70000,0.008009153318077803,0.008955223880597015,0.003432494279176201,0.0017277125086385626,1.6666666666666667,2.0,0.4714045207910317,/group/ctbrowngrp5/sourmash-db.new/gtdb-rs226/gtdb-rs226-k51.dna.rocksdb,GCF_027687885.1 Dorea longicatena,677ba00476fc0b77c075b586c261753d,0.020895522388059702,30000,41,5180000,outputs.mapping/bams.cds.rand/SRR11125497.x.s__Bariatricus sp004560705.fastq.gz,SRR11125497.x.s__Bariatricus sp004560705,fe39c5ad,8740000,51,DNA,10000,874,True,0.909690909917396,0.9269575952905772,0.9183242526039865,0.9269575952905772,False,5,1599,2894,d__Bacteria;p__Bacillota;c__Clostridia;o__Lachnospirales;f__Lachnospiraceae;g__Dorea_A;s__Dorea_A longicatena
240000,0.02745995423340961,0.008108108108108109,0.003432494279176201,0.0010366275051831375,1.0,1.0,0.0,/group/ctbrowngrp5/sourmash-db.new/gtdb-rs226/gtdb-rs226-k51.dna.rocksdb,GCF_018919065.1 Blautia sp. MSJ-9,3f68c69a571a1395bf239b4d0e6bb427,0.06486486486486487,30000,42,5150000,outputs.mapping/bams.cds.rand/SRR11125497.x.s__Bariatricus sp004560705.fastq.gz,SRR11125497.x.s__Bariatricus sp004560705,fe39c5ad,8740000,51,DNA,10000,874,True,0.9319363910475515,0.9477767897138991,0.9398565903807253,0.9477767897138991,False,3,1602,2894,d__Bacteria;p__Bacillota;c__Clostridia;o__Lachnospirales;f__Lachnospiraceae;g__Blautia_A;s__Blautia_A sp018919065
160000,0.018306636155606407,0.008403361344537815,0.003432494279176201,0.07360055286800277,71.0,1.0,98.99494936611666,/group/ctbrowngrp5/sourmash-db.new/gtdb-rs226/gtdb-rs226-k51.dna.rocksdb,GCA_022715445.1 Lachnospiraceae bacterium,ef3ffcb24faf6965554d3da588bf6d98,0.04481792717086835,30000,43,5120000,outputs.mapping/bams.cds.rand/SRR11125497.x.s__Bariatricus sp004560705.fastq.gz,SRR11125497.x.s__Bariatricus sp004560705,fe39c5ad,8740000,51,DNA,10000,874,True,0.9245565953167294,0.9409312181759206,0.932743906746325,0.9409312181759206,False,213,1815,2894,d__Bacteria;p__Bacillota;c__Clostridia;o__Lachnospirales;f__Lachnospiraceae;g__Blautia_A;s__Blautia_A wexlerae
30000,0.003432494279176201,0.014423076923076924,0.003432494279176201,0.014858327574291638,14.333333333333334,21.0,9.428090415820634,/group/ctbrowngrp5/sourmash-db.new/gtdb-rs226/gtdb-rs226-k51.dna.rocksdb,GCF_036299005.1 Catenibacterium mitsuokai,ded9d201d0ca6a7c6b8687fd74ebf0ef,0.014423076923076924,30000,44,5090000,outputs.mapping/bams.cds.rand/SRR11125497.x.s__Bariatricus sp004560705.fastq.gz,SRR11125497.x.s__Bariatricus sp004560705,fe39c5ad,8740000,51,DNA,10000,874,True,0.8947024445846149,0.9202442160094686,0.9074733302970417,0.9202442160094686,True,43,1858,2894,d__Bacteria;p__Bacillota;c__Bacilli;o__Erysipelotrichales;f__Coprobacillaceae;g__Catenibacterium;s__Catenibacterium mitsuokai_A
60000,0.006864988558352402,0.012711864406779662,0.003432494279176201,0.0034554250172771253,3.3333333333333335,4.0,1.699673171197595,/group/ctbrowngrp5/sourmash-db.new/gtdb-rs226/gtdb-rs226-k51.dna.rocksdb,GCA_022775645.1 Lachnospiraceae bacterium,737b1838efa2bfb429f3f0316c003db1,0.025423728813559324,30000,45,5060000,outputs.mapping/bams.cds.rand/SRR11125497.x.s__Bariatricus sp004560705.fastq.gz,SRR11125497.x.s__Bariatricus sp004560705,fe39c5ad,8740000,51,DNA,10000,874,True,0.9069454636547738,0.9305295759946025,0.9187375198246881,0.9305295759946025,True,10,1868,2894,d__Bacteria;p__Bacillota;c__Clostridia;o__Lachnospirales;f__Lachnospiraceae;g__UBA2868;s__UBA2868 sp004552595
30000,0.003432494279176201,0.014150943396226415,0.003432494279176201,0.002073255010366275,2.0,2.0,0.816496580927726,/group/ctbrowngrp5/sourmash-db.new/gtdb-rs226/gtdb-rs226-k51.dna.rocksdb,GCF_037423505.1 Phascolarctobacterium succinatutens,3be10f6c66807794aaeace3251045a8a,0.014150943396226415,30000,46,5030000,outputs.mapping/bams.cds.rand/SRR11125497.x.s__Bariatricus sp004560705.fastq.gz,SRR11125497.x.s__Bariatricus sp004560705,fe39c5ad,8740000,51,DNA,10000,874,True,0.8947024445846149,0.9199005744767625,0.9073015095306887,0.9199005744767625,True,6,1874,2894,d__Bacteria;p__Bacillota;c__Negativicutes;o__Acidaminococcales;f__Acidaminococcaceae;g__Phascolarctobacterium_A;s__Phascolarctobacterium_A succinatutens
30000,0.003432494279176201,0.008152173913043478,0.003432494279176201,0.0027643400138217,2.6666666666666665,1.0,2.3570226039551585,/group/ctbrowngrp5/sourmash-db.new/gtdb-rs226/gtdb-rs226-k51.dna.rocksdb,GCA_004562765.1 bacterium,f21abf8b5f28158bda072c3feaf477c5,0.008152173913043478,30000,47,5000000,outputs.mapping/bams.cds.rand/SRR11125497.x.s__Bariatricus sp004560705.fastq.gz,SRR11125497.x.s__Bariatricus sp004560705,fe39c5ad,8740000,51,DNA,10000,874,True,0.8947024445846149,0.9100066734208334,0.9023545590027242,0.9100066734208334,True,8,1882,2894,d__Bacteria;p__Bacillota;c__Clostridia;o__Lachnospirales;f__Lachnospiraceae;g__W0P33-017;s__W0P33-017 sp004562765
110000,0.012585812356979404,0.008021390374331552,0.003432494279176201,0.0017277125086385626,1.6666666666666667,1.0,0.9428090415820634,/group/ctbrowngrp5/sourmash-db.new/gtdb-rs226/gtdb-rs226-k51.dna.rocksdb,GCA_902364905.1 Oscillospiraceae bacterium,2d428bcf7215a72b9123ef60802e9ec4,0.029411764705882353,30000,48,4970000,outputs.mapping/bams.cds.rand/SRR11125497.x.s__Bariatricus sp004560705.fastq.gz,SRR11125497.x.s__Bariatricus sp004560705,fe39c5ad,8740000,51,DNA,10000,874,True,0.9177888339553784,0.9331919883470096,0.9254904111511939,0.9331919883470096,False,5,1887,2894,d__Bacteria;p__Bacillota;c__Clostridia;o__Lachnospirales;f__Lachnospiraceae;g__Blautia_A;s__Blautia_A sp900066335
190000,0.021739130434782608,0.012096774193548387,0.003432494279176201,0.002073255010366275,2.0,2.0,0.0,/group/ctbrowngrp5/sourmash-db.new/gtdb-rs226/gtdb-rs226-k51.dna.rocksdb,GCF_034176665.1 Oliverpabstia intestinalis,b8d38053cb9b9710c15ed870257f911e,0.07661290322580645,30000,49,4940000,outputs.mapping/bams.cds.rand/SRR11125497.x.s__Bariatricus sp004560705.fastq.gz,SRR11125497.x.s__Bariatricus sp004560705,fe39c5ad,8740000,51,DNA,10000,874,True,0.9276772478722348,0.9508753017052223,0.9392762747887285,0.9508753017052223,False,6,1893,2894,d__Bacteria;p__Bacillota;c__Clostridia;o__Lachnospirales;f__Lachnospiraceae;g__Oliverpabstia;s__Oliverpabstia intestinalis
120000,0.013729977116704805,0.009554140127388535,0.003432494279176201,0.0027643400138217,2.6666666666666665,2.0,1.699673171197595,/group/ctbrowngrp5/sourmash-db.new/gtdb-rs226/gtdb-rs226-k51.dna.rocksdb,GCF_900209925.1 Anaerobutyricum hallii,84b0ba7d93d1acab2a2022439c432f48,0.03821656050955414,30000,50,4910000,outputs.mapping/bams.cds.rand/SRR11125497.x.s__Bariatricus sp004560705.fastq.gz,SRR11125497.x.s__Bariatricus sp004560705,fe39c5ad,8740000,51,DNA,10000,874,True,0.9193560149775375,0.937996054755491,0.9286760348665142,0.937996054755491,False,8,1901,2894,d__Bacteria;p__Bacillota;c__Clostridia;o__Lachnospirales;f__Lachnospiraceae;g__Anaerobutyricum;s__Anaerobutyricum soehngenii
30000,0.003432494279176201,0.010830324909747292,0.003432494279176201,0.00138217000691085,1.3333333333333333,1.0,0.4714045207910317,/group/ctbrowngrp5/sourmash-db.new/gtdb-rs226/gtdb-rs226-k51.dna.rocksdb,GCA_937942335.1 uncultured Ruminococcus sp.,ca0d46f3d4db09c56721d5b72e6882fe,0.010830324909747292,30000,51,4880000,outputs.mapping/bams.cds.rand/SRR11125497.x.s__Bariatricus sp004560705.fastq.gz,SRR11125497.x.s__Bariatricus sp004560705,fe39c5ad,8740000,51,DNA,10000,874,True,0.8947024445846149,0.9150894713072147,0.9048959579459148,0.9150894713072147,True,4,1905,2894,d__Bacteria;p__Bacillota;c__Clostridia;o__Oscillospirales;f__CAG-272;g__Apopatosoma;s__Apopatosoma sp900551005
50000,0.005720823798627002,0.009375,0.003432494279176201,0.00138217000691085,1.3333333333333333,1.0,0.4714045207910317,/group/ctbrowngrp5/sourmash-db.new/gtdb-rs226/gtdb-rs226-k51.dna.rocksdb,GCA_022782425.1 Lachnospiraceae bacterium,ec65a645deaf0f36e7513d36a16bc1f7,0.015625,30000,52,4850000,outputs.mapping/bams.cds.rand/SRR11125497.x.s__Bariatricus sp004560705.fastq.gz,SRR11125497.x.s__Bariatricus sp004560705,fe39c5ad,8740000,51,DNA,10000,874,True,0.9037089833996741,0.9216896409408654,0.9126993121702698,0.9216896409408654,True,4,1909,2894,d__Bacteria;p__Bacillota;c__Clostridia;o__Lachnospirales;f__Lachnospiraceae;g__Suilimivivens;s__Suilimivivens sp017622575
30000,0.003432494279176201,0.009345794392523364,0.003432494279176201,0.0010366275051831375,1.0,1.0,0.0,/group/ctbrowngrp5/sourmash-db.new/gtdb-rs226/gtdb-rs226-k51.dna.rocksdb,GCF_963558355.1 uncultured Agathobacter sp.,05a3c94d2912ec77d7c2098589d060b9,0.009345794392523364,30000,53,4820000,outputs.mapping/bams.cds.rand/SRR11125497.x.s__Bariatricus sp004560705.fastq.gz,SRR11125497.x.s__Bariatricus sp004560705,fe39c5ad,8740000,51,DNA,10000,874,True,0.8947024445846149,0.9124480790702567,0.9035752618274357,0.9124480790702567,True,3,1912,2894,d__Bacteria;p__Bacillota;c__Clostridia;o__Lachnospirales;f__Lachnospiraceae;g__Agathobacter;s__Agathobacter sp905209075
40000,0.004576659038901602,0.009287925696594427,0.003432494279176201,0.0038009675190048375,3.6666666666666665,1.0,3.7712361663282534,/group/ctbrowngrp5/sourmash-db.new/gtdb-rs226/gtdb-rs226-k51.dna.rocksdb,GCA_900548855.1 uncultured Eubacteriales bacterium,880a166345aa7a44b159937fb00f11ee,0.01238390092879257,30000,54,4790000,outputs.mapping/bams.cds.rand/SRR11125497.x.s__Bariatricus sp004560705.fastq.gz,SRR11125497.x.s__Bariatricus sp004560705,fe39c5ad,8740000,51,DNA,10000,874,True,0.8997635654854742,0.9174978355952487,0.9086307005403614,0.9174978355952487,True,11,1923,2894,d__Bacteria;p__Bacillota;c__Clostridia;o__Lachnospirales;f__Lachnospiraceae;g__CAG-590;s__CAG-590 sp900548855
310000,0.03546910755148741,0.008310249307479225,0.003432494279176201,0.0048375950241879755,4.666666666666667,6.0,1.8856180831641267,/group/ctbrowngrp5/sourmash-db.new/gtdb-rs226/gtdb-rs226-k51.dna.rocksdb,GCF_022773175.1 Blautia sp.,c0d5f5a2ddcc47af637d94899fac95d6,0.08587257617728532,30000,55,4760000,outputs.mapping/bams.cds.rand/SRR11125497.x.s__Bariatricus sp004560705.fastq.gz,SRR11125497.x.s__Bariatricus sp004560705,fe39c5ad,8740000,51,DNA,10000,874,True,0.9366248830873598,0.95300501518274,0.9448149491350499,0.95300501518274,False,14,1937,2894,d__Bacteria;p__Bacillota;c__Clostridia;o__Lachnospirales;f__Lachnospiraceae;g__Blautia_A;s__Blautia_A sp018919065
20000,0.002288329519450801,0.012345679012345678,0.002288329519450801,0.0031098825155494126,4.5,4.5,3.5,/group/ctbrowngrp5/sourmash-db.new/gtdb-rs226/gtdb-rs226-k51.dna.rocksdb,GCA_037426105.1 Dialister sp.,1986605475d3421cbe064861acf07421,0.012345679012345678,20000,56,4740000,outputs.mapping/bams.cds.rand/SRR11125497.x.s__Bariatricus sp004560705.fastq.gz,SRR11125497.x.s__Bariatricus sp004560705,fe39c5ad,8740000,51,DNA,10000,874,True,0.8876174961435739,0.9174422262512953,0.9025298611974346,0.9174422262512953,True,9,1946,2894,d__Bacteria;p__Bacillota;c__Negativicutes;o__Veillonellales;f__Dialisteraceae;g__Dialister;s__Dialister sp000434475
80000,0.009153318077803204,0.006896551724137931,0.002288329519450801,0.000691085003455425,1.0,1.0,0.0,/group/ctbrowngrp5/sourmash-db.new/gtdb-rs226/gtdb-rs226-k51.dna.rocksdb,GCF_003471015.1 Dorea longicatena,5db0c9a8f78424a0fc31a4893a455576,0.027586206896551724,20000,57,4720000,outputs.mapping/bams.cds.rand/SRR11125497.x.s__Bariatricus sp004560705.fastq.gz,SRR11125497.x.s__Bariatricus sp004560705,fe39c5ad,8740000,51,DNA,10000,874,True,0.9120758404295616,0.9320202172696922,0.9220480288496269,0.9320202172696922,False,2,1948,2894,d__Bacteria;p__Bacillota;c__Clostridia;o__Lachnospirales;f__Lachnospiraceae;g__Dorea_A;s__Dorea_A amylophila
20000,0.002288329519450801,0.011976047904191617,0.002288329519450801,0.0027643400138217,4.0,4.0,3.0,/group/ctbrowngrp5/sourmash-db.new/gtdb-rs226/gtdb-rs226-k51.dna.rocksdb,GCA_022774755.1 bacterium,32dadab5a35a86f575c5c08017f9c379,0.011976047904191617,20000,58,4700000,outputs.mapping/bams.cds.rand/SRR11125497.x.s__Bariatricus sp004560705.fastq.gz,SRR11125497.x.s__Bariatricus sp004560705,fe39c5ad,8740000,51,DNA,10000,874,True,0.8876174961435739,0.9168955670398317,0.9022565315917028,0.9168955670398317,True,8,1956,2894,d__Bacteria;p__Bacillota;c__Clostridia;o__Oscillospirales;f__Acutalibacteraceae;g__Ruminococcoides;s__Ruminococcoides sp004560275
80000,0.009153318077803204,0.005420054200542005,0.002288329519450801,0.0017277125086385626,2.5,2.5,0.5,/group/ctbrowngrp5/sourmash-db.new/gtdb-rs226/gtdb-rs226-k51.dna.rocksdb,GCA_902364235.1 Clostridiaceae bacterium,b10dd0b114052058cb5fbad68d74b337,0.02168021680216802,20000,59,4680000,outputs.mapping/bams.cds.rand/SRR11125497.x.s__Bariatricus sp004560705.fastq.gz,SRR11125497.x.s__Bariatricus sp004560705,fe39c5ad,8740000,51,DNA,10000,874,True,0.9120758404295616,0.9276278875542111,0.9198518639918863,0.9276278875542111,False,5,1961,2894,d__Bacteria;p__Bacillota;c__Clostridia;o__Lachnospirales;f__Lachnospiraceae;g__Brotaphodocola;s__Brotaphodocola sp003478505
20000,0.002288329519450801,0.008298755186721992,0.002288329519450801,0.002073255010366275,3.0,3.0,1.0,/group/ctbrowngrp5/sourmash-db.new/gtdb-rs226/gtdb-rs226-k51.dna.rocksdb,GCA_945921555.1 uncultured Clostridia bacterium,edff15beb902a73e1330d653c3d74c9f,0.008298755186721992,20000,60,4660000,outputs.mapping/bams.cds.rand/SRR11125497.x.s__Bariatricus sp004560705.fastq.gz,SRR11125497.x.s__Bariatricus sp004560705,fe39c5ad,8740000,51,DNA,10000,874,True,0.8876174961435739,0.9103247120190018,0.8989711040812878,0.9103247120190018,True,6,1967,2894,d__Bacteria;p__Bacillota;c__Clostridia;o__Oscillospirales;f__Oscillospiraceae;g__Faecousia;s__Faecousia sp028719885
20000,0.002288329519450801,0.00909090909090909,0.002288329519450801,0.002073255010366275,3.0,3.0,1.0,/group/ctbrowngrp5/sourmash-db.new/gtdb-rs226/gtdb-rs226-k51.dna.rocksdb,GCA_948751085.1 uncultured Oscillospiraceae bacterium,ba40cdb1cebfa775676263524ca95551,0.00909090909090909,20000,61,4640000,outputs.mapping/bams.cds.rand/SRR11125497.x.s__Bariatricus sp004560705.fastq.gz,SRR11125497.x.s__Bariatricus sp004560705,fe39c5ad,8740000,51,DNA,10000,874,True,0.8876174961435739,0.9119534957754483,0.8997854959595111,0.9119534957754483,True,6,1973,2894,d__Bacteria;p__Bacillota;c__Clostridia;o__Oscillospirales;f__Ruminococcaceae;g__Porcipelethomonas;s__Porcipelethomonas sp910588145
20000,0.002288329519450801,0.00980392156862745,0.002288329519450801,0.000691085003455425,1.0,1.0,0.0,/group/ctbrowngrp5/sourmash-db.new/gtdb-rs226/gtdb-rs226-k51.dna.rocksdb,GCA_945879155.1 uncultured Erysipelotrichaceae bacterium,23812d44742126b342c9fe1d7155401c,0.00980392156862745,20000,62,4620000,outputs.mapping/bams.cds.rand/SRR11125497.x.s__Bariatricus sp004560705.fastq.gz,SRR11125497.x.s__Bariatricus sp004560705,fe39c5ad,8740000,51,DNA,10000,874,True,0.8876174961435739,0.9133046796219629,0.9004610878827684,0.9133046796219629,True,2,1975,2894,d__Bacteria;p__Bacillota;c__Bacilli;o__Erysipelotrichales;f__Erysipelotrichaceae;g__Bulleidia;s__Bulleidia sp016293365
30000,0.003432494279176201,0.00881057268722467,0.002288329519450801,0.00138217000691085,2.0,2.0,1.0,/group/ctbrowngrp5/sourmash-db.new/gtdb-rs226/gtdb-rs226-k51.dna.rocksdb,GCA_037268495.1 Mediterraneibacter faecis,9dc2266290acbd3d9d4ad24ed89dedbd,0.013215859030837005,20000,63,4600000,outputs.mapping/bams.cds.rand/SRR11125497.x.s__Bariatricus sp004560705.fastq.gz,SRR11125497.x.s__Bariatricus sp004560705,fe39c5ad,8740000,51,DNA,10000,874,True,0.8947024445846149,0.9186683055431318,0.9066853750638734,0.9186683055431318,True,4,1979,2894,d__Bacteria;p__Bacillota;c__Clostridia;o__Lachnospirales;f__Lachnospiraceae;g__Mediterraneibacter;s__Mediterraneibacter faecis
150000,0.017162471395881007,0.006896551724137931,0.002288329519450801,0.002073255010366275,3.0,3.0,2.0,/group/ctbrowngrp5/sourmash-db.new/gtdb-rs226/gtdb-rs226-k51.dna.rocksdb,GCF_020562785.1 Dorea formicigenerans,28f06f96519ac8fcf9d042ef8e57dfa5,0.05172413793103448,20000,64,4580000,outputs.mapping/bams.cds.rand/SRR11125497.x.s__Bariatricus sp004560705.fastq.gz,SRR11125497.x.s__Bariatricus sp004560705,fe39c5ad,8740000,51,DNA,10000,874,True,0.9233873447959022,0.943579070481064,0.9334832076384831,0.943579070481064,False,6,1985,2894,d__Bacteria;p__Bacillota;c__Clostridia;o__Lachnospirales;f__Lachnospiraceae;g__Dorea;s__Dorea formicigenerans
60000,0.006864988558352402,0.0058997050147492625,0.002288329519450801,0.0010366275051831375,1.5,1.5,0.5,/group/ctbrowngrp5/sourmash-db.new/gtdb-rs226/gtdb-rs226-k51.dna.rocksdb,GCA_900066615.1 uncultured Ruminococcus sp.,dc31ec6e209c9805f8f32fed1febd0cd,0.017699115044247787,20000,65,4560000,outputs.mapping/bams.cds.rand/SRR11125497.x.s__Bariatricus sp004560705.fastq.gz,SRR11125497.x.s__Bariatricus sp004560705,fe39c5ad,8740000,51,DNA,10000,874,True,0.9069454636547738,0.9239449771884983,0.9154452204216361,0.9239449771884983,True,3,1988,2894,d__Bacteria;p__Bacillota;c__Clostridia;o__Lachnospirales;f__Lachnospiraceae;g__Hominisplanchenecus;s__Hominisplanchenecus faecis
30000,0.003432494279176201,0.008695652173913044,0.002288329519450801,0.0010366275051831375,1.5,1.5,0.5,/group/ctbrowngrp5/sourmash-db.new/gtdb-rs226/gtdb-rs226-k51.dna.rocksdb,GCA_946614955.1 uncultured Clostridia bacterium,8cd5f84e3e6ec8ead76569542d6185bb,0.013043478260869565,20000,66,4540000,outputs.mapping/bams.cds.rand/SRR11125497.x.s__Bariatricus sp004560705.fastq.gz,SRR11125497.x.s__Bariatricus sp004560705,fe39c5ad,8740000,51,DNA,10000,874,True,0.8947024445846149,0.9184318366897796,0.9065671406371972,0.9184318366897796,True,3,1991,2894,d__Bacteria;p__Bacillota;c__Clostridia;o__Oscillospirales;f__Ruminococcaceae;g__UBA3818;s__UBA3818 sp002369315
30000,0.003432494279176201,0.004395604395604396,0.002288329519450801,0.000691085003455425,1.0,1.0,0.0,/group/ctbrowngrp5/sourmash-db.new/gtdb-rs226/gtdb-rs226-k51.dna.rocksdb,GCF_900115365.1 Anaerocolumna aminovalerica,6f3bb2e92f482589ebe116683089ac39,0.006593406593406593,20000,67,4520000,outputs.mapping/bams.cds.rand/SRR11125497.x.s__Bariatricus sp004560705.fastq.gz,SRR11125497.x.s__Bariatricus sp004560705,fe39c5ad,8740000,51,DNA,10000,874,True,0.8947024445846149,0.9062279407786489,0.9004651926816318,0.9062279407786489,True,2,1993,2894,d__Bacteria;p__Bacillota;c__Clostridia;o__Lachnospirales;f__Lachnospiraceae;g__Anaerocolumna;s__Anaerocolumna aminovalerica
20000,0.002288329519450801,0.005194805194805195,0.002288329519450801,0.0038009675190048375,5.5,5.5,1.5,/group/ctbrowngrp5/sourmash-db.new/gtdb-rs226/gtdb-rs226-k51.dna.rocksdb,GCA_902781795.1 uncultured Eubacteriales bacterium,ab7dc428f108cf0c9e629fb4bf451b56,0.005194805194805195,20000,68,4500000,outputs.mapping/bams.cds.rand/SRR11125497.x.s__Bariatricus sp004560705.fastq.gz,SRR11125497.x.s__Bariatricus sp004560705,fe39c5ad,8740000,51,DNA,10000,874,True,0.8876174961435739,0.9020014600237883,0.894809478083681,0.9020014600237883,True,11,2004,2894,d__Bacteria;p__Bacillota;c__Clostridia;o__Christensenellales;f__Aristaeellaceae;g__UBA2943;s__UBA2943 sp002350845
20000,0.002288329519450801,0.0076045627376425855,0.002288329519450801,0.0017277125086385626,2.5,2.5,0.5,/group/ctbrowngrp5/sourmash-db.new/gtdb-rs226/gtdb-rs226-k51.dna.rocksdb,GCA_022775085.1 Clostridiales bacterium,2d509dd1575226aef1b5363516e0a251,0.0076045627376425855,20000,69,4480000,outputs.mapping/bams.cds.rand/SRR11125497.x.s__Bariatricus sp004560705.fastq.gz,SRR11125497.x.s__Bariatricus sp004560705,fe39c5ad,8740000,51,DNA,10000,874,True,0.8876174961435739,0.9087667657945412,0.8981921309690575,0.9087667657945412,True,5,2009,2894,d__Bacteria;p__Bacillota;c__Clostridia;o__Oscillospirales;f__Oscillospiraceae;g__Faecousia;s__Faecousia sp022775085
70000,0.008009153318077803,0.005479452054794521,0.002288329519450801,0.0010366275051831375,1.5,1.5,0.5,/group/ctbrowngrp5/sourmash-db.new/gtdb-rs226/gtdb-rs226-k51.dna.rocksdb,GCA_902363695.1 Lachnospiraceae bacterium,264938c6e9b9d7d0b492f277ce4af664,0.019178082191780823,20000,70,4460000,outputs.mapping/bams.cds.rand/SRR11125497.x.s__Bariatricus sp004560705.fastq.gz,SRR11125497.x.s__Bariatricus sp004560705,fe39c5ad,8740000,51,DNA,10000,874,True,0.909690909917396,0.9254000385300994,0.9175454742237477,0.9254000385300994,False,3,2012,2894,d__Bacteria;p__Bacillota;c__Clostridia;o__Lachnospirales;f__Lachnospiraceae;g__Hominiventricola;s__Hominiventricola aquisgranensis
20000,0.002288329519450801,0.007194244604316547,0.002288329519450801,0.000691085003455425,1.0,1.0,0.0,/group/ctbrowngrp5/sourmash-db.new/gtdb-rs226/gtdb-rs226-k51.dna.rocksdb,GCA_018383955.1 Prevotella sp.,8835624ac9b6c6bfdb9a6d3689d868fe,0.007194244604316547,20000,71,4440000,outputs.mapping/bams.cds.rand/SRR11125497.x.s__Bariatricus sp004560705.fastq.gz,SRR11125497.x.s__Bariatricus sp004560705,fe39c5ad,8740000,51,DNA,10000,874,True,0.8876174961435739,0.9077789375722995,0.8976982168579367,0.9077789375722995,True,2,2014,2894,d__Bacteria;p__Bacteroidota;c__Bacteroidia;o__Bacteroidales;f__Bacteroidaceae;g__Prevotella;s__Prevotella sp945863825
20000,0.002288329519450801,0.010362694300518135,0.002288329519450801,0.00138217000691085,2.0,2.0,1.0,/group/ctbrowngrp5/sourmash-db.new/gtdb-rs226/gtdb-rs226-k51.dna.rocksdb,GCA_938011965.1 uncultured Clostridium sp.,55f14fd72690679aa83ba701369e88fb,0.010362694300518135,20000,72,4420000,outputs.mapping/bams.cds.rand/SRR11125497.x.s__Bariatricus sp004560705.fastq.gz,SRR11125497.x.s__Bariatricus sp004560705,fe39c5ad,8740000,51,DNA,10000,874,True,0.8876174961435739,0.9142978525817129,0.9009576743626434,0.9142978525817129,True,4,2018,2894,d__Bacteria;p__Bacillota;c__Clostridia;o__Christensenellales;f__CAG-138;g__PeH17;s__PeH17 sp900542285
70000,0.008009153318077803,0.008771929824561403,0.002288329519450801,0.0010366275051831375,1.5,1.5,0.5,/group/ctbrowngrp5/sourmash-db.new/gtdb-rs226/gtdb-rs226-k51.dna.rocksdb,GCA_945876335.1 uncultured Lachnospiraceae bacterium,50b8550f8713f790eaae5b5938041399,0.03070175438596491,20000,73,4400000,outputs.mapping/bams.cds.rand/SRR11125497.x.s__Bariatricus sp004560705.fastq.gz,SRR11125497.x.s__Bariatricus sp004560705,fe39c5ad,8740000,51,DNA,10000,874,True,0.909690909917396,0.9339777563867697,0.9218343331520829,0.9339777563867697,False,3,2021,2894,d__Bacteria;p__Bacillota;c__Clostridia;o__Lachnospirales;f__Lachnospiraceae;g__UBA2882;s__UBA2882 sp017626095
30000,0.003432494279176201,0.007633587786259542,0.002288329519450801,0.0027643400138217,4.0,4.0,3.0,/group/ctbrowngrp5/sourmash-db.new/gtdb-rs226/gtdb-rs226-k51.dna.rocksdb,GCA_029219105.1 Clostridiales bacterium,ad1aac6db0647e60ff271f8ac2f30fcd,0.011450381679389313,20000,74,4380000,outputs.mapping/bams.cds.rand/SRR11125497.x.s__Bariatricus sp004560705.fastq.gz,SRR11125497.x.s__Bariatricus sp004560705,fe39c5ad,8740000,51,DNA,10000,874,True,0.8947024445846149,0.9160889535696389,0.9053956990771269,0.9160889535696389,True,8,2029,2894,d__Bacteria;p__Bacillota;c__Clostridia;o__Lachnospirales;f__Lachnospiraceae;g__CALZKI01;s__CALZKI01 sp945787995
60000,0.006864988558352402,0.0049504950495049506,0.002288329519450801,0.000691085003455425,1.0,1.0,0.0,/group/ctbrowngrp5/sourmash-db.new/gtdb-rs226/gtdb-rs226-k51.dna.rocksdb,GCA_945911275.1 uncultured bacterium,811f3fa8e4fa634b338d9e5ecb3d78ab,0.01485148514851485,20000,75,4360000,outputs.mapping/bams.cds.rand/SRR11125497.x.s__Bariatricus sp004560705.fastq.gz,SRR11125497.x.s__Bariatricus sp004560705,fe39c5ad,8740000,51,DNA,10000,874,True,0.9069454636547738,0.92077252250239,0.9138589930785819,0.92077252250239,True,2,2031,2894,d__Bacteria;p__Bacillota;c__Clostridia;o__Lachnospirales;f__Lachnospiraceae;g__Oliverpabstia;s__Oliverpabstia sp004562915
260000,0.029748283752860413,0.006802721088435374,0.002288329519450801,0.0034554250172771253,5.0,5.0,1.0,/group/ctbrowngrp5/sourmash-db.new/gtdb-rs226/gtdb-rs226-k51.dna.rocksdb,GCA_946402345.1 uncultured Ruminococcus sp.,1b3bc2a808500ca83852f35a624e9f10,0.08843537414965986,20000,76,4340000,outputs.mapping/bams.cds.rand/SRR11125497.x.s__Bariatricus sp004560705.fastq.gz,SRR11125497.x.s__Bariatricus sp004560705,fe39c5ad,8740000,51,DNA,10000,874,True,0.9334001808445006,0.9535546936126601,0.9434774372285804,0.9535546936126601,False,10,2041,2894,d__Bacteria;p__Bacillota;c__Clostridia;o__Lachnospirales;f__Lachnospiraceae;g__Blautia_A;s__Blautia_A sp018919065
20000,0.002288329519450801,0.009569377990430622,0.002288329519450801,0.00414651002073255,6.0,6.0,5.0,/group/ctbrowngrp5/sourmash-db.new/gtdb-rs226/gtdb-rs226-k51.dna.rocksdb,GCA_945636165.1 uncultured Lachnospiraceae bacterium,0235041542b773aaf2f4e4019fbbeac7,0.009569377990430622,20000,77,4320000,outputs.mapping/bams.cds.rand/SRR11125497.x.s__Bariatricus sp004560705.fastq.gz,SRR11125497.x.s__Bariatricus sp004560705,fe39c5ad,8740000,51,DNA,10000,874,True,0.8876174961435739,0.9128711551885609,0.9002443256660674,0.9128711551885609,True,12,2053,2894,d__Bacteria;p__Bacillota;c__Clostridia;o__Lachnospirales;f__Lachnospiraceae;g__CALZKI01;s__CALZKI01 sp945787995
60000,0.006864988558352402,0.0061162079510703364,0.002288329519450801,0.0031098825155494126,4.5,4.5,0.5,/group/ctbrowngrp5/sourmash-db.new/gtdb-rs226/gtdb-rs226-k51.dna.rocksdb,GCF_964241235.1 Mediterraneibacter gnavus,ba59008e38a7710e303bb91f1188c756,0.01834862385321101,20000,78,4300000,outputs.mapping/bams.cds.rand/SRR11125497.x.s__Bariatricus sp004560705.fastq.gz,SRR11125497.x.s__Bariatricus sp004560705,fe39c5ad,8740000,51,DNA,10000,874,True,0.9069454636547738,0.9245981279073383,0.915771795781056,0.9245981279073383,True,9,2062,2894,d__Bacteria;p__Bacillota;c__Clostridia;o__Lachnospirales;f__Lachnospiraceae;g__Ruminococcus_B;s__Ruminococcus_B gnavus
60000,0.006864988558352402,0.005025125628140704,0.002288329519450801,0.0010366275051831375,1.5,1.5,0.5,/group/ctbrowngrp5/sourmash-db.new/gtdb-rs226/gtdb-rs226-k51.dna.rocksdb,GCF_003463065.1 Blautia sp. OF03-15BH,5ff0995e953e4b10712c81e3aa391f8b,0.01507537688442211,20000,79,4280000,outputs.mapping/bams.cds.rand/SRR11125497.x.s__Bariatricus sp004560705.fastq.gz,SRR11125497.x.s__Bariatricus sp004560705,fe39c5ad,8740000,51,DNA,10000,874,True,0.9069454636547738,0.9210427072727769,0.9139940854637754,0.9210427072727769,True,3,2065,2894,d__Bacteria;p__Bacillota;c__Clostridia;o__Lachnospirales;f__Lachnospiraceae;g__Limivivens;s__Limivivens sp900066135
20000,0.002288329519450801,0.00554016620498615,0.002288329519450801,0.0034554250172771253,5.0,5.0,4.0,/group/ctbrowngrp5/sourmash-db.new/gtdb-rs226/gtdb-rs226-k51.dna.rocksdb,GCA_029219025.1 Oscillospiraceae bacterium,e3d6152d8a156d31257c2c4c8ca5a991,0.00554016620498615,20000,80,4260000,outputs.mapping/bams.cds.rand/SRR11125497.x.s__Bariatricus sp004560705.fastq.gz,SRR11125497.x.s__Bariatricus sp004560705,fe39c5ad,8740000,51,DNA,10000,874,True,0.8876174961435739,0.9031405642357614,0.8953790301896676,0.9031405642357614,True,10,2075,2894,d__Bacteria;p__Bacillota;c__Clostridia;o__Oscillospirales;f__Ruminococcaceae;g__HUN007;s__HUN007 sp016296165
50000,0.005720823798627002,0.00904977375565611,0.002288329519450801,0.0010366275051831375,1.5,1.5,0.5,/group/ctbrowngrp5/sourmash-db.new/gtdb-rs226/gtdb-rs226-k51.dna.rocksdb,GCA_900550985.1 uncultured Blautia sp.,5c7964a754721dbda73c4ac0458561cf,0.02262443438914027,20000,81,4240000,outputs.mapping/bams.cds.rand/SRR11125497.x.s__Bariatricus sp004560705.fastq.gz,SRR11125497.x.s__Bariatricus sp004560705,fe39c5ad,8740000,51,DNA,10000,874,True,0.9037089833996741,0.9284036051952007,0.9160562942974374,0.9284036051952007,True,3,2078,2894,d__Bacteria;p__Bacillota;c__Clostridia;o__Lachnospirales;f__Lachnospiraceae;g__Blautia_A;s__Blautia_A difficilis
30000,0.003432494279176201,0.008097165991902834,0.002288329519450801,0.000691085003455425,1.0,1.0,0.0,/group/ctbrowngrp5/sourmash-db.new/gtdb-rs226/gtdb-rs226-k51.dna.rocksdb,GCA_021531255.1 Fournierella massiliensis,d7696a6505237ef5ed60141b28a35346,0.012145748987854251,20000,82,4220000,outputs.mapping/bams.cds.rand/SRR11125497.x.s__Bariatricus sp004560705.fastq.gz,SRR11125497.x.s__Bariatricus sp004560705,fe39c5ad,8740000,51,DNA,10000,874,True,0.8947024445846149,0.9171485677428265,0.9059255061637207,0.9171485677428265,True,2,2080,2894,d__Bacteria;p__Bacillota;c__Clostridia;o__Oscillospirales;f__Ruminococcaceae;g__JAFBIO01;s__JAFBIO01 sp021531255
80000,0.009153318077803204,0.0070921985815602835,0.002288329519450801,0.000691085003455425,1.0,1.0,0.0,/group/ctbrowngrp5/sourmash-db.new/gtdb-rs226/gtdb-rs226-k51.dna.rocksdb,GCA_029225525.1 Clostridiales bacterium,7730a3ee293dcb64da1f3ac4eaf4a0bf,0.028368794326241134,20000,83,4200000,outputs.mapping/bams.cds.rand/SRR11125497.x.s__Bariatricus sp004560705.fastq.gz,SRR11125497.x.s__Bariatricus sp004560705,fe39c5ad,8740000,51,DNA,10000,874,True,0.9120758404295616,0.9325315770217628,0.9223037087256623,0.9325315770217628,False,2,2082,2894,d__Bacteria;p__Bacillota;c__Clostridia;o__Lachnospirales;f__Lachnospiraceae;g__JALFVM01;s__JALFVM01 sp022787145
20000,0.002288329519450801,0.011494252873563218,0.002288329519450801,0.0027643400138217,4.0,4.0,1.0,/group/ctbrowngrp5/sourmash-db.new/gtdb-rs226/gtdb-rs226-k51.dna.rocksdb,GCA_900549645.1 uncultured Eubacteriales bacterium,83377a5feef4af369dc6665a6e567452,0.011494252873563218,20000,84,4180000,outputs.mapping/bams.cds.rand/SRR11125497.x.s__Bariatricus sp004560705.fastq.gz,SRR11125497.x.s__Bariatricus sp004560705,fe39c5ad,8740000,51,DNA,10000,874,True,0.8876174961435739,0.9161576465862531,0.9018875713649135,0.9161576465862531,True,8,2090,2894,d__Bacteria;p__Bacillota;c__Clostridia;o__Oscillospirales;f__Oscillospiraceae;g__Limivicinus;s__Limivicinus sp900549645
20000,0.002288329519450801,0.0048543689320388345,0.002288329519450801,0.0024187975120939877,3.5,3.5,2.5,/group/ctbrowngrp5/sourmash-db.new/gtdb-rs226/gtdb-rs226-k51.dna.rocksdb,GCF_019249725.2 Segatella hominis,69c30158745548e272ed904b9ebeed24,0.0048543689320388345,20000,85,4160000,outputs.mapping/bams.cds.rand/SRR11125497.x.s__Bariatricus sp004560705.fastq.gz,SRR11125497.x.s__Bariatricus sp004560705,fe39c5ad,8740000,51,DNA,10000,874,True,0.8876174961435739,0.900803478377785,0.8942104872606794,0.900803478377785,True,7,2097,2894,d__Bacteria;p__Bacteroidota;c__Bacteroidia;o__Bacteroidales;f__Bacteroidaceae;g__Prevotella;s__Prevotella sp945863825
30000,0.003432494279176201,0.0061162079510703364,0.002288329519450801,0.0010366275051831375,1.5,1.5,0.5,/group/ctbrowngrp5/sourmash-db.new/gtdb-rs226/gtdb-rs226-k51.dna.rocksdb,GCA_021768575.1 Mediterraneibacter gnavus,dae612d4574f7d335adec12a50f5253f,0.009174311926605505,20000,86,4140000,outputs.mapping/bams.cds.rand/SRR11125497.x.s__Bariatricus sp004560705.fastq.gz,SRR11125497.x.s__Bariatricus sp004560705,fe39c5ad,8740000,51,DNA,10000,874,True,0.8947024445846149,0.9121168123642995,0.9034096284744573,0.9121168123642995,True,3,2100,2894,d__Bacteria;p__Bacillota;c__Clostridia;o__Lachnospirales;f__Lachnospiraceae;g__Ruminococcus_B;s__Ruminococcus_B gnavus
40000,0.004576659038901602,0.00980392156862745,0.002288329519450801,0.000691085003455425,1.0,1.0,0.0,/group/ctbrowngrp5/sourmash-db.new/gtdb-rs226/gtdb-rs226-k51.dna.rocksdb,GCA_004562525.1 bacterium,e89df9c0e0c9928c590770ee81e732a4,0.0196078431372549,20000,87,4120000,outputs.mapping/bams.cds.rand/SRR11125497.x.s__Bariatricus sp004560705.fastq.gz,SRR11125497.x.s__Bariatricus sp004560705,fe39c5ad,8740000,51,DNA,10000,874,True,0.8997635654854742,0.9258022498221521,0.9127829076538132,0.9258022498221521,True,2,2102,2894,d__Bacteria;p__Bacteroidota;c__Bacteroidia;o__Bacteroidales;f__Bacteroidaceae;g__Prevotella;s__Prevotella sp900546535
150000,0.017162471395881007,0.0061162079510703364,0.002288329519450801,0.00414651002073255,6.0,6.0,3.0,/group/ctbrowngrp5/sourmash-db.new/gtdb-rs226/gtdb-rs226-k51.dna.rocksdb,GCA_945828285.1 Blautia obeum,5ae75aa2df72670a81c6d330677c44ff,0.045871559633027525,20000,88,4100000,outputs.mapping/bams.cds.rand/SRR11125497.x.s__Bariatricus sp004560705.fastq.gz,SRR11125497.x.s__Bariatricus sp004560705,fe39c5ad,8740000,51,DNA,10000,874,True,0.9233873447959022,0.9413600316067089,0.9323736882013056,0.9413600316067089,False,12,2114,2894,d__Bacteria;p__Bacillota;c__Clostridia;o__Lachnospirales;f__Lachnospiraceae;g__Blautia_A;s__Blautia_A obeum
20000,0.002288329519450801,0.009615384615384616,0.002288329519450801,0.000691085003455425,1.0,1.0,0.0,/group/ctbrowngrp5/sourmash-db.new/gtdb-rs226/gtdb-rs226-k51.dna.rocksdb,GCA_016293365.1 Bulleidia sp.,82462850f4133da65c6e942a5a4b4c08,0.009615384615384616,20000,89,4080000,outputs.mapping/bams.cds.rand/SRR11125497.x.s__Bariatricus sp004560705.fastq.gz,SRR11125497.x.s__Bariatricus sp004560705,fe39c5ad,8740000,51,DNA,10000,874,True,0.8876174961435739,0.9129570079962835,0.9002872520699288,0.9129570079962835,True,2,2116,2894,d__Bacteria;p__Bacillota;c__Bacilli;o__Erysipelotrichales;f__Erysipelotrichaceae;g__Bulleidia;s__Bulleidia sp016293365
20000,0.002288329519450801,0.007042253521126761,0.002288329519450801,0.0038009675190048375,5.5,5.5,1.5,/group/ctbrowngrp5/sourmash-db.new/gtdb-rs226/gtdb-rs226-k51.dna.rocksdb,GCF_902801275.1 uncultured Blautia sp.,7f04c75b82367a59a7f65bd6b931b5eb,0.007042253521126761,20000,90,4060000,outputs.mapping/bams.cds.rand/SRR11125497.x.s__Bariatricus sp004560705.fastq.gz,SRR11125497.x.s__Bariatricus sp004560705,fe39c5ad,8740000,51,DNA,10000,874,True,0.8876174961435739,0.9073989403311536,0.8975082182373637,0.9073989403311536,True,11,2127,2894,d__Bacteria;p__Bacillota;c__Clostridia;o__Lachnospirales;f__Lachnospiraceae;g__Blautia_A;s__Blautia_A sp900316115
30000,0.003432494279176201,0.0058823529411764705,0.002288329519450801,0.00138217000691085,2.0,2.0,1.0,/group/ctbrowngrp5/sourmash-db.new/gtdb-rs226/gtdb-rs226-k51.dna.rocksdb,GCA_028727105.1 bacterium,af0c8fd6581ad99a1e93ba01d2a67de0,0.008823529411764706,20000,91,4040000,outputs.mapping/bams.cds.rand/SRR11125497.x.s__Bariatricus sp004560705.fastq.gz,SRR11125497.x.s__Bariatricus sp004560705,fe39c5ad,8740000,51,DNA,10000,874,True,0.8947024445846149,0.9114198379775423,0.9030611412810786,0.9114198379775423,True,4,2131,2894,d__Bacteria;p__Bacillota;c__Clostridia;o__Lachnospirales;f__Lachnospiraceae;g__W0P33-017;s__W0P33-017 sp028727105
30000,0.003432494279176201,0.002840909090909091,0.0011441647597254005,0.000691085003455425,2.0,2.0,0.0,/group/ctbrowngrp5/sourmash-db.new/gtdb-rs226/gtdb-rs226-k51.dna.rocksdb,GCF_027697445.1 Mediterraneibacter gnavus,236040bd67007dd4d08974fe81001a8d,0.008522727272727272,10000,92,4030000,outputs.mapping/bams.cds.rand/SRR11125497.x.s__Bariatricus sp004560705.fastq.gz,SRR11125497.x.s__Bariatricus sp004560705,fe39c5ad,8740000,51,DNA,10000,874,True,0.8947024445846149,0.9108001839010786,0.9027513142428467,0.9108001839010786,True,2,2133,2894,d__Bacteria;p__Bacillota;c__Clostridia;o__Lachnospirales;f__Lachnospiraceae;g__Ruminococcus_B;s__Ruminococcus_B gnavus
10000,0.0011441647597254005,0.004291845493562232,0.0011441647597254005,0.0010366275051831375,3.0,3.0,0.0,/group/ctbrowngrp5/sourmash-db.new/gtdb-rs226/gtdb-rs226-k51.dna.rocksdb,GCA_937990125.1 uncultured Collinsella sp.,3704d3ea31e981f4e54d1673bc96bf60,0.004291845493562232,10000,93,4020000,outputs.mapping/bams.cds.rand/SRR11125497.x.s__Bariatricus sp004560705.fastq.gz,SRR11125497.x.s__Bariatricus sp004560705,fe39c5ad,8740000,51,DNA,10000,874,True,0.8756353887647017,0.8986307105512661,0.8871330496579839,0.8986307105512661,True,3,2136,2894,d__Bacteria;p__Actinomycetota;c__Coriobacteriia;o__Coriobacteriales;f__Coriobacteriaceae;g__Collinsella;s__Collinsella sp900754435
10000,0.0011441647597254005,0.00510204081632653,0.0011441647597254005,0.0065653075328265375,19.0,19.0,0.0,/group/ctbrowngrp5/sourmash-db.new/gtdb-rs226/gtdb-rs226-k51.dna.rocksdb,GCA_041333455.1 Lactobacillus acidophilus,1a3d93e47996eb5d157c2cb5564aa78d,0.00510204081632653,10000,94,4010000,outputs.mapping/bams.cds.rand/SRR11125497.x.s__Bariatricus sp004560705.fastq.gz,SRR11125497.x.s__Bariatricus sp004560705,fe39c5ad,8740000,51,DNA,10000,874,True,0.8756353887647017,0.9016828355623467,0.8886591121635242,0.9016828355623467,True,19,2155,2894,d__Bacteria;p__Bacillota;c__Bacilli;o__Lactobacillales;f__Lactobacillaceae;g__Lactobacillus;s__Lactobacillus acidophilus
10000,0.0011441647597254005,0.0038910505836575876,0.0011441647597254005,0.000691085003455425,2.0,2.0,0.0,/group/ctbrowngrp5/sourmash-db.new/gtdb-rs226/gtdb-rs226-k51.dna.rocksdb,GCA_902782345.1 uncultured Sarcina sp.,b17c3e45c843a0849c57476e8d3702e4,0.0038910505836575876,10000,95,4000000,outputs.mapping/bams.cds.rand/SRR11125497.x.s__Bariatricus sp004560705.fastq.gz,SRR11125497.x.s__Bariatricus sp004560705,fe39c5ad,8740000,51,DNA,10000,874,True,0.8756353887647017,0.8969049261729743,0.8862701574688381,0.8969049261729743,True,2,2157,2894,d__Bacteria;p__Bacillota;c__Clostridia;o__Lachnospirales;f__Lachnospiraceae;g__Wujia;s__Wujia hominis
10000,0.0011441647597254005,0.005025125628140704,0.0011441647597254005,0.0003455425017277125,1.0,1.0,0.0,/group/ctbrowngrp5/sourmash-db.new/gtdb-rs226/gtdb-rs226-k51.dna.rocksdb,GCA_902463605.1 uncultured Ruminococcus sp.,ba87a88c97e95ed3207fcbea6a22b337,0.005025125628140704,10000,96,3990000,outputs.mapping/bams.cds.rand/SRR11125497.x.s__Bariatricus sp004560705.fastq.gz,SRR11125497.x.s__Bariatricus sp004560705,fe39c5ad,8740000,51,DNA,10000,874,True,0.8756353887647017,0.9014143125831353,0.8885248506739185,0.9014143125831353,True,1,2158,2894,d__Bacteria;p__Bacillota;c__Clostridia;o__Lachnospirales;f__Lachnospiraceae;g__Mediterraneibacter;s__Mediterraneibacter sp934309415
20000,0.002288329519450801,0.004032258064516129,0.0011441647597254005,0.0003455425017277125,1.0,1.0,0.0,/group/ctbrowngrp5/sourmash-db.new/gtdb-rs226/gtdb-rs226-k51.dna.rocksdb,GCF_036306805.1 Catenibacterium sp.,64c3edda3fe4cd2e199ca548bcb5774b,0.008064516129032258,10000,97,3980000,outputs.mapping/bams.cds.rand/SRR11125497.x.s__Bariatricus sp004560705.fastq.gz,SRR11125497.x.s__Bariatricus sp004560705,fe39c5ad,8740000,51,DNA,10000,874,True,0.8876174961435739,0.9098137917904366,0.8987156439670052,0.9098137917904366,True,1,2159,2894,d__Bacteria;p__Bacillota;c__Bacilli;o__Erysipelotrichales;f__Coprobacillaceae;g__Catenibacterium;s__Catenibacterium mitsuokai
120000,0.013729977116704805,0.004201680672268907,0.0011441647597254005,0.0010366275051831375,3.0,3.0,0.0,/group/ctbrowngrp5/sourmash-db.new/gtdb-rs226/gtdb-rs226-k51.dna.rocksdb,GCA_948465395.1 uncultured Blautia sp.,17f1d99e861034485a887a862cd4c37f,0.05042016806722689,10000,98,3970000,outputs.mapping/bams.cds.rand/SRR11125497.x.s__Bariatricus sp004560705.fastq.gz,SRR11125497.x.s__Bariatricus sp004560705,fe39c5ad,8740000,51,DNA,10000,874,True,0.9193560149775375,0.9431067830430182,0.9312313990102778,0.9431067830430182,False,3,2162,2894,d__Bacteria;p__Bacillota;c__Clostridia;o__Lachnospirales;f__Lachnospiraceae;g__Oliverpabstia;s__Oliverpabstia intestinalis
10000,0.0011441647597254005,0.0035335689045936395,0.0011441647597254005,0.000691085003455425,2.0,2.0,0.0,/group/ctbrowngrp5/sourmash-db.new/gtdb-rs226/gtdb-rs226-k51.dna.rocksdb,GCA_029008875.1 Lachnospiraceae bacterium,025225a51598f0553c15472e72087e0c,0.0035335689045936395,10000,99,3960000,outputs.mapping/bams.cds.rand/SRR11125497.x.s__Bariatricus sp004560705.fastq.gz,SRR11125497.x.s__Bariatricus sp004560705,fe39c5ad,8740000,51,DNA,10000,874,True,0.8756353887647017,0.8952117135678687,0.8854235511662851,0.8952117135678687,True,2,2164,2894,d__Bacteria;p__Bacillota;c__Clostridia;o__Lachnospirales;f__Lachnospiraceae;g__Agathobacter;s__Agathobacter sp029008875
10000,0.0011441647597254005,0.003968253968253968,0.0011441647597254005,0.00138217000691085,4.0,4.0,0.0,/group/ctbrowngrp5/sourmash-db.new/gtdb-rs226/gtdb-rs226-k51.dna.rocksdb,GCA_018056425.1 Lachnospiraceae bacterium,40388ce25286959887f7f7afeff81d3c,0.003968253968253968,10000,100,3950000,outputs.mapping/bams.cds.rand/SRR11125497.x.s__Bariatricus sp004560705.fastq.gz,SRR11125497.x.s__Bariatricus sp004560705,fe39c5ad,8740000,51,DNA,10000,874,True,0.8756353887647017,0.8972505121216641,0.8864429504431829,0.8972505121216641,True,4,2168,2894,d__Bacteria;p__Bacillota;c__Clostridia;o__Lachnospirales;f__Lachnospiraceae;g__AC2028;s__AC2028 sp018056425
10000,0.0011441647597254005,0.003424657534246575,0.0011441647597254005,0.000691085003455425,2.0,2.0,0.0,/group/ctbrowngrp5/sourmash-db.new/gtdb-rs226/gtdb-rs226-k51.dna.rocksdb,GCA_948500575.1 uncultured Lachnospiraceae bacterium,2b01961504ede0e8da691816b3b41c01,0.003424657534246575,10000,101,3940000,outputs.mapping/bams.cds.rand/SRR11125497.x.s__Bariatricus sp004560705.fastq.gz,SRR11125497.x.s__Bariatricus sp004560705,fe39c5ad,8740000,51,DNA,10000,874,True,0.8756353887647017,0.8946623467567137,0.8851488677607078,0.8946623467567137,True,2,2170,2894,d__Bacteria;p__Bacillota;c__Clostridia;o__Lachnospirales;f__Lachnospiraceae;g__Merdinaster;s__Merdinaster sp003979345
10000,0.0011441647597254005,0.005813953488372093,0.0011441647597254005,0.0003455425017277125,1.0,1.0,0.0,/group/ctbrowngrp5/sourmash-db.new/gtdb-rs226/gtdb-rs226-k51.dna.rocksdb,GCA_934623535.1 uncultured Oscillospiraceae bacterium,bac5421c572c096397f4d7860a7a6ac8,0.005813953488372093,10000,102,3930000,outputs.mapping/bams.cds.rand/SRR11125497.x.s__Bariatricus sp004560705.fastq.gz,SRR11125497.x.s__Bariatricus sp004560705,fe39c5ad,8740000,51,DNA,10000,874,True,0.8756353887647017,0.903995167535116,0.8898152781499089,0.903995167535116,True,1,2171,2894,d__Bacteria;p__Bacillota;c__Clostridia;o__Oscillospirales;f__Oscillospiraceae;g__Vescimonas;s__Vescimonas sp000435975
50000,0.005720823798627002,0.0029498525073746312,0.0011441647597254005,0.0003455425017277125,1.0,1.0,0.0,/group/ctbrowngrp5/sourmash-db.new/gtdb-rs226/gtdb-rs226-k51.dna.rocksdb,GCA_008679995.1 Blautia sp. LMAG:62,d8f6afa3dedb3a8e048f9d70ff848851,0.014749262536873156,10000,103,3920000,outputs.mapping/bams.cds.rand/SRR11125497.x.s__Bariatricus sp004560705.fastq.gz,SRR11125497.x.s__Bariatricus sp004560705,fe39c5ad,8740000,51,DNA,10000,874,True,0.9037089833996741,0.9206478333189884,0.9121784083593312,0.9206478333189884,True,1,2172,2894,d__Bacteria;p__Bacillota;c__Clostridia;o__Lachnospirales;f__Lachnospiraceae;g__Fusicatenibacter;s__Fusicatenibacter saccharivorans
20000,0.002288329519450801,0.004291845493562232,0.0011441647597254005,0.0003455425017277125,1.0,1.0,0.0,/group/ctbrowngrp5/sourmash-db.new/gtdb-rs226/gtdb-rs226-k51.dna.rocksdb,GCA_040930005.1 Erysipelotrichaceae bacterium 1033st1_E7_1033SCRN_220408,fb12c6d106ff67f7d8c41d7e54dfed16,0.008583690987124463,10000,104,3910000,outputs.mapping/bams.cds.rand/SRR11125497.x.s__Bariatricus sp004560705.fastq.gz,SRR11125497.x.s__Bariatricus sp004560705,fe39c5ad,8740000,51,DNA,10000,874,True,0.8876174961435739,0.9109274836213538,0.8992724898824638,0.9109274836213538,True,1,2173,2894,d__Bacteria;p__Bacillota;c__Bacilli;o__Erysipelotrichales;f__Erysipelotrichaceae;g__Holdemanella;s__Holdemanella sp900556915
10000,0.0011441647597254005,0.0025974025974025974,0.0011441647597254005,0.0003455425017277125,1.0,1.0,0.0,/group/ctbrowngrp5/sourmash-db.new/gtdb-rs226/gtdb-rs226-k51.dna.rocksdb,GCA_900170005.1 Gordonibacter massiliensis (ex Traore et al. 2017),c493ea4c12b3aaeb4514a0c4002b8391,0.0025974025974025974,10000,105,3900000,outputs.mapping/bams.cds.rand/SRR11125497.x.s__Bariatricus sp004560705.fastq.gz,SRR11125497.x.s__Bariatricus sp004560705,fe39c5ad,8740000,51,DNA,10000,874,True,0.8756353887647017,0.8898251809431468,0.8827302848539242,0.8898251809431468,True,1,2174,2894,d__Bacteria;p__Actinomycetota;c__Coriobacteriia;o__Coriobacteriales;f__Eggerthellaceae;g__Gordonibacter;s__Gordonibacter massiliensis
60000,0.006864988558352402,0.002506265664160401,0.0011441647597254005,0.0031098825155494126,9.0,9.0,0.0,/group/ctbrowngrp5/sourmash-db.new/gtdb-rs226/gtdb-rs226-k51.dna.rocksdb,GCF_028596655.1 Clostridioides difficile,0b7dbb5a129f218bd25402ebb2da55dd,0.015037593984962405,10000,106,3890000,outputs.mapping/bams.cds.rand/SRR11125497.x.s__Bariatricus sp004560705.fastq.gz,SRR11125497.x.s__Bariatricus sp004560705,fe39c5ad,8740000,51,DNA,10000,874,True,0.9069454636547738,0.920997389264983,0.9139714264598784,0.920997389264983,True,9,2183,2894,d__Bacteria;p__Bacillota;c__Clostridia;o__Peptostreptococcales;f__Peptostreptococcaceae;g__Clostridioides;s__Clostridioides difficile
20000,0.002288329519450801,0.0037593984962406013,0.0011441647597254005,0.0003455425017277125,1.0,1.0,0.0,/group/ctbrowngrp5/sourmash-db.new/gtdb-rs226/gtdb-rs226-k51.dna.rocksdb,GCA_023403145.1 Bacillota bacterium,518b0a7eaa531067c1ba91c2d9194af8,0.007518796992481203,10000,107,3880000,outputs.mapping/bams.cds.rand/SRR11125497.x.s__Bariatricus sp004560705.fastq.gz,SRR11125497.x.s__Bariatricus sp004560705,fe39c5ad,8740000,51,DNA,10000,874,True,0.8876174961435739,0.9085646807370644,0.8980910884403192,0.9085646807370644,True,1,2184,2894,d__Bacteria;p__Bacillota;c__Clostridia;o__Lachnospirales;f__Lachnospiraceae;g__Blautia_A;s__Blautia_A sp900066355
10000,0.0011441647597254005,0.006535947712418301,0.0011441647597254005,0.0003455425017277125,1.0,1.0,0.0,/group/ctbrowngrp5/sourmash-db.new/gtdb-rs226/gtdb-rs226-k51.dna.rocksdb,GCA_028721105.1 bacterium,07affa8941d2a625424845a69dd9ec57,0.006535947712418301,10000,108,3870000,outputs.mapping/bams.cds.rand/SRR11125497.x.s__Bariatricus sp004560705.fastq.gz,SRR11125497.x.s__Bariatricus sp004560705,fe39c5ad,8740000,51,DNA,10000,874,True,0.8756353887647017,0.9060724242444924,0.8908539065045971,0.9060724242444924,True,1,2185,2894,d__Bacteria;p__Bacillota;c__Bacilli;o__RFN20;f__CAG-288;g__Enterosoma;s__Enterosoma sp022774485
10000,0.0011441647597254005,0.0058823529411764705,0.0011441647597254005,0.0003455425017277125,1.0,1.0,0.0,/group/ctbrowngrp5/sourmash-db.new/gtdb-rs226/gtdb-rs226-k51.dna.rocksdb,GCA_016293215.1 Bacteroidales bacterium,7fec0c6722dd6eeef30d68229fc10ea4,0.0058823529411764705,10000,109,3860000,outputs.mapping/bams.cds.rand/SRR11125497.x.s__Bariatricus sp004560705.fastq.gz,SRR11125497.x.s__Bariatricus sp004560705,fe39c5ad,8740000,51,DNA,10000,874,True,0.8756353887647017,0.9042025082392618,0.8899189485019818,0.9042025082392618,True,1,2186,2894,d__Bacteria;p__Bacteroidota;c__Bacteroidia;o__Bacteroidales;f__UBA932;g__Egerieousia;s__Egerieousia sp004561775
70000,0.008009153318077803,0.0029498525073746312,0.0011441647597254005,0.0010366275051831375,3.0,3.0,0.0,/group/ctbrowngrp5/sourmash-db.new/gtdb-rs226/gtdb-rs226-k51.dna.rocksdb,GCF_003460065.1 Ruminococcus sp. AF17-22AC,51a1f990a7b0dacf957e2996ecb8cf54,0.02064896755162242,10000,110,3850000,outputs.mapping/bams.cds.rand/SRR11125497.x.s__Bariatricus sp004560705.fastq.gz,SRR11125497.x.s__Bariatricus sp004560705,fe39c5ad,8740000,51,DNA,10000,874,True,0.909690909917396,0.9267418832717689,0.9182163965945824,0.9267418832717689,False,3,2189,2894,d__Bacteria;p__Bacillota;c__Clostridia;o__Lachnospirales;f__Lachnospiraceae;g__Blautia_A;s__Blautia_A sp900120195
20000,0.002288329519450801,0.004878048780487805,0.0011441647597254005,0.000691085003455425,2.0,2.0,0.0,/group/ctbrowngrp5/sourmash-db.new/gtdb-rs226/gtdb-rs226-k51.dna.rocksdb,GCF_021531795.1 Lacrimispora saccharolytica,b9f95aaa82634ee90dd5ff5803ed0dee,0.00975609756097561,10000,111,3840000,outputs.mapping/bams.cds.rand/SRR11125497.x.s__Bariatricus sp004560705.fastq.gz,SRR11125497.x.s__Bariatricus sp004560705,fe39c5ad,8740000,51,DNA,10000,874,True,0.8876174961435739,0.9132171142817191,0.9004173052126465,0.9132171142817191,True,2,2191,2894,d__Bacteria;p__Bacillota;c__Clostridia;o__Lachnospirales;f__Lachnospiraceae;g__Colinaster;s__Colinaster sp018056665
10000,0.0011441647597254005,0.005050505050505051,0.0011441647597254005,0.00138217000691085,4.0,4.0,0.0,/group/ctbrowngrp5/sourmash-db.new/gtdb-rs226/gtdb-rs226-k51.dna.rocksdb,GCA_002361965.1 Ruminococcaceae bacterium UBA3315,a7b85a137bdc3e0c1fe28f5f5598a219,0.005050505050505051,10000,112,3830000,outputs.mapping/bams.cds.rand/SRR11125497.x.s__Bariatricus sp004560705.fastq.gz,SRR11125497.x.s__Bariatricus sp004560705,fe39c5ad,8740000,51,DNA,10000,874,True,0.8756353887647017,0.901503358934848,0.8885693738497749,0.901503358934848,True,4,2195,2894,d__Bacteria;p__Bacillota;c__Clostridia;o__Oscillospirales;f__Acutalibacteraceae;g__Ruminococcoides;s__Ruminococcoides intestinale
10000,0.0011441647597254005,0.003134796238244514,0.0011441647597254005,0.0017277125086385626,5.0,5.0,0.0,/group/ctbrowngrp5/sourmash-db.new/gtdb-rs226/gtdb-rs226-k51.dna.rocksdb,GCA_958402795.1 uncultured Lachnospiraceae bacterium,cc3b696979d5dddcd524c18e0e9c8925,0.003134796238244514,10000,113,3820000,outputs.mapping/bams.cds.rand/SRR11125497.x.s__Bariatricus sp004560705.fastq.gz,SRR11125497.x.s__Bariatricus sp004560705,fe39c5ad,8740000,51,DNA,10000,874,True,0.8756353887647017,0.8931122886873784,0.88437383872604,0.8931122886873784,True,5,2200,2894,d__Bacteria;p__Bacillota;c__Clostridia;o__Lachnospirales;f__Lachnospiraceae;g__Schaedlerella;s__Schaedlerella sp958402795
10000,0.0011441647597254005,0.005813953488372093,0.0011441647597254005,0.00138217000691085,4.0,4.0,0.0,/group/ctbrowngrp5/sourmash-db.new/gtdb-rs226/gtdb-rs226-k51.dna.rocksdb,GCA_028720885.1 Erysipelotrichaceae bacterium,bcf97a3c7d47222a9f955c4b9467e818,0.005813953488372093,10000,114,3810000,outputs.mapping/bams.cds.rand/SRR11125497.x.s__Bariatricus sp004560705.fastq.gz,SRR11125497.x.s__Bariatricus sp004560705,fe39c5ad,8740000,51,DNA,10000,874,True,0.8756353887647017,0.903995167535116,0.8898152781499089,0.903995167535116,True,4,2204,2894,d__Bacteria;p__Bacillota;c__Bacilli;o__Erysipelotrichales;f__Erysipelotrichaceae;g__Bulleidia;s__Bulleidia sp900539965
10000,0.0011441647597254005,0.0038461538461538464,0.0011441647597254005,0.0010366275051831375,3.0,3.0,0.0,/group/ctbrowngrp5/sourmash-db.new/gtdb-rs226/gtdb-rs226-k51.dna.rocksdb,GCA_028705855.1 Limnochordia bacterium,60459d4db0f55ccd599d6fdcf99ccc5f,0.0038461538461538464,10000,115,3800000,outputs.mapping/bams.cds.rand/SRR11125497.x.s__Bariatricus sp004560705.fastq.gz,SRR11125497.x.s__Bariatricus sp004560705,fe39c5ad,8740000,51,DNA,10000,874,True,0.8756353887647017,0.896700849952713,0.8861681193587074,0.896700849952713,True,3,2207,2894,d__Bacteria;p__Bacillota;c__Limnochordia;o__DUMW01;f__DUMW01;g__JALNWK01;s__JALNWK01 sp023230925
10000,0.0011441647597254005,0.002105263157894737,0.0011441647597254005,0.0003455425017277125,1.0,1.0,0.0,/group/ctbrowngrp5/sourmash-db.new/gtdb-rs226/gtdb-rs226-k51.dna.rocksdb,GCF_034172685.1 Eisenbergiella porci,aed4d8089ed6327fa8aaaaeff2e9aa9c,0.002105263157894737,10000,116,3790000,outputs.mapping/bams.cds.rand/SRR11125497.x.s__Bariatricus sp004560705.fastq.gz,SRR11125497.x.s__Bariatricus sp004560705,fe39c5ad,8740000,51,DNA,10000,874,True,0.8756353887647017,0.8861674862142025,0.8809014374894522,0.8861674862142025,True,1,2208,2894,d__Bacteria;p__Bacillota;c__Clostridia;o__Lachnospirales;f__Lachnospiraceae;g__Eisenbergiella;s__Eisenbergiella porci
10000,0.0011441647597254005,0.00267379679144385,0.0011441647597254005,0.000691085003455425,2.0,2.0,0.0,/group/ctbrowngrp5/sourmash-db.new/gtdb-rs226/gtdb-rs226-k51.dna.rocksdb,GCA_022788085.1 Lachnospiraceae bacterium,2d7df70a6e39a6d3d0410a7ec8b6ceba,0.00267379679144385,10000,117,3780000,outputs.mapping/bams.cds.rand/SRR11125497.x.s__Bariatricus sp004560705.fastq.gz,SRR11125497.x.s__Bariatricus sp004560705,fe39c5ad,8740000,51,DNA,10000,874,True,0.8756353887647017,0.8903310862769406,0.8829832375208211,0.8903310862769406,True,2,2210,2894,d__Bacteria;p__Bacillota;c__Clostridia;o__Lachnospirales;f__Lachnospiraceae;g__COE1;s__COE1 sp022788085
10000,0.0011441647597254005,0.005780346820809248,0.0011441647597254005,0.0003455425017277125,1.0,1.0,0.0,/group/ctbrowngrp5/sourmash-db.new/gtdb-rs226/gtdb-rs226-k51.dna.rocksdb,GCA_031549605.1 Oscillospiraceae bacterium,e569e4849b1225488a75f7a283855cc9,0.005780346820809248,10000,118,3770000,outputs.mapping/bams.cds.rand/SRR11125497.x.s__Bariatricus sp004560705.fastq.gz,SRR11125497.x.s__Bariatricus sp004560705,fe39c5ad,8740000,51,DNA,10000,874,True,0.8756353887647017,0.9038924171716131,0.8897639029681574,0.9038924171716131,True,1,2211,2894,d__Bacteria;p__Bacillota;c__Clostridia;o__Oscillospirales;f__UBA929;g__WRAI01;s__WRAI01 sp031549605
10000,0.0011441647597254005,0.0032258064516129032,0.0011441647597254005,0.0003455425017277125,1.0,1.0,0.0,/group/ctbrowngrp5/sourmash-db.new/gtdb-rs226/gtdb-rs226-k51.dna.rocksdb,GCA_938044495.1 uncultured Lachnospiraceae bacterium,a1af2e2ee2e8727325f1a2ee9992cc82,0.0032258064516129032,10000,119,3760000,outputs.mapping/bams.cds.rand/SRR11125497.x.s__Bariatricus sp004560705.fastq.gz,SRR11125497.x.s__Bariatricus sp004560705,fe39c5ad,8740000,51,DNA,10000,874,True,0.8756353887647017,0.893613602011483,0.8846244953880924,0.893613602011483,True,1,2212,2894,d__Bacteria;p__Bacillota;c__Clostridia;o__Lachnospirales;f__Lachnospiraceae;g__Choladousia;s__Choladousia sp902363135
340000,0.038901601830663615,0.004464285714285714,0.0011441647597254005,0.0003455425017277125,1.0,1.0,0.0,/group/ctbrowngrp5/sourmash-db.new/gtdb-rs226/gtdb-rs226-k51.dna.rocksdb,GCA_945947505.1 uncultured bacterium,e11b17d6f92655e869f92e5918a7ee33,0.15178571428571427,10000,120,3750000,outputs.mapping/bams.cds.rand/SRR11125497.x.s__Bariatricus sp004560705.fastq.gz,SRR11125497.x.s__Bariatricus sp004560705,fe39c5ad,8740000,51,DNA,10000,874,True,0.9383228742841442,0.9637085319030917,0.9510157030936179,0.9637085319030917,False,1,2213,2894,d__Bacteria;p__Bacillota;c__Clostridia;o__Lachnospirales;f__Lachnospiraceae;g__Bariatricus;s__Bariatricus sp004560705
10000,0.0011441647597254005,0.009433962264150943,0.0011441647597254005,0.0003455425017277125,1.0,1.0,0.0,/group/ctbrowngrp5/sourmash-db.new/gtdb-rs226/gtdb-rs226-k51.dna.rocksdb,GCA_022009875.1 Clostridium sp.,b6cdbadae011a586af03cd81b1e23e09,0.009433962264150943,10000,121,3740000,outputs.mapping/bams.cds.rand/SRR11125497.x.s__Bariatricus sp004560705.fastq.gz,SRR11125497.x.s__Bariatricus sp004560705,fe39c5ad,8740000,51,DNA,10000,874,True,0.8756353887647017,0.9126160876839744,0.894125738224338,0.9126160876839744,True,1,2214,2894,d__Bacteria;p__Bacillota;c__Bacilli;o__RF39;f__UBA660;g__CAG-533;s__CAG-533 sp000434495
20000,0.002288329519450801,0.003663003663003663,0.0011441647597254005,0.0003455425017277125,1.0,1.0,0.0,/group/ctbrowngrp5/sourmash-db.new/gtdb-rs226/gtdb-rs226-k51.dna.rocksdb,GCA_041331895.1 Agathobacter rectalis,ecd1a7c1527e27adb6b98b827eac76d9,0.007326007326007326,10000,122,3730000,outputs.mapping/bams.cds.rand/SRR11125497.x.s__Bariatricus sp004560705.fastq.gz,SRR11125497.x.s__Bariatricus sp004560705,fe39c5ad,8740000,51,DNA,10000,874,True,0.8876174961435739,0.9081020454348602,0.8978597707892171,0.9081020454348602,True,1,2215,2894,d__Bacteria;p__Bacillota;c__Clostridia;o__Lachnospirales;f__Lachnospiraceae;g__Agathobacter;s__Agathobacter rectalis
20000,0.002288329519450801,0.003424657534246575,0.0011441647597254005,0.0003455425017277125,1.0,1.0,0.0,/group/ctbrowngrp5/sourmash-db.new/gtdb-rs226/gtdb-rs226-k51.dna.rocksdb,GCA_902786155.1 uncultured Lachnospiraceae bacterium,fed25767c028f7a04849310030a905dc,0.00684931506849315,10000,123,3720000,outputs.mapping/bams.cds.rand/SRR11125497.x.s__Bariatricus sp004560705.fastq.gz,SRR11125497.x.s__Bariatricus sp004560705,fe39c5ad,8740000,51,DNA,10000,874,True,0.8876174961435739,0.9069048171321926,0.8972611566378832,0.9069048171321926,True,1,2216,2894,d__Bacteria;p__Bacillota;c__Clostridia;o__Lachnospirales;f__Lachnospiraceae;g__Agathobacter;s__Agathobacter sp900317585
70000,0.008009153318077803,0.0027100271002710027,0.0011441647597254005,0.00138217000691085,4.0,4.0,0.0,/group/ctbrowngrp5/sourmash-db.new/gtdb-rs226/gtdb-rs226-k51.dna.rocksdb,GCF_020560805.1 Coprococcus catus,264ac19ce571e7c668b59e94f13b174f,0.018970189701897018,10000,124,3710000,outputs.mapping/bams.cds.rand/SRR11125497.x.s__Bariatricus sp004560705.fastq.gz,SRR11125497.x.s__Bariatricus sp004560705,fe39c5ad,8740000,51,DNA,10000,874,True,0.909690909917396,0.9252022909591715,0.9174466004382837,0.9252022909591715,False,4,2220,2894,d__Bacteria;p__Bacillota;c__Clostridia;o__Lachnospirales;f__Lachnospiraceae;g__Coprococcus_A;s__Coprococcus_A intestinihominis
10000,0.0011441647597254005,0.003861003861003861,0.0011441647597254005,0.0003455425017277125,1.0,1.0,0.0,/group/ctbrowngrp5/sourmash-db.new/gtdb-rs226/gtdb-rs226-k51.dna.rocksdb,GCA_902468835.1 uncultured Dorea sp.,ef002b4a6e2ad53973c889a955ba6b4a,0.003861003861003861,10000,125,3700000,outputs.mapping/bams.cds.rand/SRR11125497.x.s__Bariatricus sp004560705.fastq.gz,SRR11125497.x.s__Bariatricus sp004560705,fe39c5ad,8740000,51,DNA,10000,874,True,0.8756353887647017,0.8967686073925827,0.8862019980786422,0.8967686073925827,True,1,2221,2894,d__Bacteria;p__Bacillota;c__Clostridia;o__Lachnospirales;f__Lachnospiraceae;g__Dorea_D;s__Dorea_D sp900543415
10000,0.0011441647597254005,0.0038461538461538464,0.0011441647597254005,0.0003455425017277125,1.0,1.0,0.0,/group/ctbrowngrp5/sourmash-db.new/gtdb-rs226/gtdb-rs226-k51.dna.rocksdb,GCF_944383995.1 uncultured Merdimonas sp.,1c914e6bff07ad3891af4fae57d3835e,0.0038461538461538464,10000,126,3690000,outputs.mapping/bams.cds.rand/SRR11125497.x.s__Bariatricus sp004560705.fastq.gz,SRR11125497.x.s__Bariatricus sp004560705,fe39c5ad,8740000,51,DNA,10000,874,True,0.8756353887647017,0.896700849952713,0.8861681193587074,0.896700849952713,True,1,2222,2894,d__Bacteria;p__Bacillota;c__Clostridia;o__Lachnospirales;f__Lachnospiraceae;g__Merdimonas;s__Merdimonas sp900553355
20000,0.002288329519450801,0.0024096385542168677,0.0011441647597254005,0.000691085003455425,2.0,2.0,0.0,/group/ctbrowngrp5/sourmash-db.new/gtdb-rs226/gtdb-rs226-k51.dna.rocksdb,GCA_004563615.1 bacterium,2a1efa1c0e476bb35e2d1bbb22da4458,0.004819277108433735,10000,127,3680000,outputs.mapping/bams.cds.rand/SRR11125497.x.s__Bariatricus sp004560705.fastq.gz,SRR11125497.x.s__Bariatricus sp004560705,fe39c5ad,8740000,51,DNA,10000,874,True,0.8876174961435739,0.9006753407635728,0.8941464184535733,0.9006753407635728,True,2,2224,2894,d__Bacteria;p__Bacillota;c__Clostridia;o__Oscillospirales;f__Acutalibacteraceae;g__Fimivicinus;s__Fimivicinus sp900544715
90000,0.010297482837528604,0.0034602076124567475,0.0011441647597254005,0.000691085003455425,2.0,2.0,0.0,/group/ctbrowngrp5/sourmash-db.new/gtdb-rs226/gtdb-rs226-k51.dna.rocksdb,GCA_934395065.1 uncultured Blautia sp.,c20f4bf05ceebde93c8da4db0332aa66,0.031141868512110725,10000,128,3670000,outputs.mapping/bams.cds.rand/SRR11125497.x.s__Bariatricus sp004560705.fastq.gz,SRR11125497.x.s__Bariatricus sp004560705,fe39c5ad,8740000,51,DNA,10000,874,True,0.9141846876186407,0.934238452570406,0.9242115700945234,0.934238452570406,False,2,2226,2894,d__Bacteria;p__Bacillota;c__Clostridia;o__Lachnospirales;f__Lachnospiraceae;g__Blautia_A;s__Blautia_A wexlerae_B
10000,0.0011441647597254005,0.0030211480362537764,0.0011441647597254005,0.000691085003455425,2.0,2.0,0.0,/group/ctbrowngrp5/sourmash-db.new/gtdb-rs226/gtdb-rs226-k51.dna.rocksdb,GCA_947642255.1 uncultured bacterium,d3297754f0c4fba4dc4336140c9296b0,0.0030211480362537764,10000,129,3660000,outputs.mapping/bams.cds.rand/SRR11125497.x.s__Bariatricus sp004560705.fastq.gz,SRR11125497.x.s__Bariatricus sp004560705,fe39c5ad,8740000,51,DNA,10000,874,True,0.8756353887647017,0.8924658521397282,0.8840506204522149,0.8924658521397282,True,2,2228,2894,d__Bacteria;p__Bacillota;c__Clostridia;o__Lachnospirales;f__Lachnospiraceae;g__Choladousia;s__Choladousia sp003612585
10000,0.0011441647597254005,0.0035335689045936395,0.0011441647597254005,0.0003455425017277125,1.0,1.0,0.0,/group/ctbrowngrp5/sourmash-db.new/gtdb-rs226/gtdb-rs226-k51.dna.rocksdb,GCA_904380095.1 Lachnoclostridium sp. An196,fff8bc2e21f5218b980c2aed9f34bdbd,0.0035335689045936395,10000,130,3650000,outputs.mapping/bams.cds.rand/SRR11125497.x.s__Bariatricus sp004560705.fastq.gz,SRR11125497.x.s__Bariatricus sp004560705,fe39c5ad,8740000,51,DNA,10000,874,True,0.8756353887647017,0.8952117135678687,0.8854235511662851,0.8952117135678687,True,1,2229,2894,d__Bacteria;p__Bacillota;c__Clostridia;o__Lachnospirales;f__Lachnospiraceae;g__Hominiventricola;s__Hominiventricola avistercoris
70000,0.008009153318077803,0.0027472527472527475,0.0011441647597254005,0.000691085003455425,2.0,2.0,0.0,/group/ctbrowngrp5/sourmash-db.new/gtdb-rs226/gtdb-rs226-k51.dna.rocksdb,GCA_040096595.1 Sakamotonia hominis,5aad87e58aeac0fa0023b16a815506d2,0.019230769230769232,10000,131,3640000,outputs.mapping/bams.cds.rand/SRR11125497.x.s__Bariatricus sp004560705.fastq.gz,SRR11125497.x.s__Bariatricus sp004560705,fe39c5ad,8740000,51,DNA,10000,874,True,0.909690909917396,0.925449820692602,0.9175703653049989,0.925449820692602,False,2,2231,2894,d__Bacteria;p__Bacillota;c__Clostridia;o__Lachnospirales;f__Lachnospiraceae;g__Pilosibacter;s__Pilosibacter fragilis
10000,0.0011441647597254005,0.0027624309392265192,0.0011441647597254005,0.000691085003455425,2.0,2.0,0.0,/group/ctbrowngrp5/sourmash-db.new/gtdb-rs226/gtdb-rs226-k51.dna.rocksdb,GCA_948756575.1 uncultured Lachnospiraceae bacterium,38d6dd314826f165eb03abfba6880f34,0.0027624309392265192,10000,132,3630000,outputs.mapping/bams.cds.rand/SRR11125497.x.s__Bariatricus sp004560705.fastq.gz,SRR11125497.x.s__Bariatricus sp004560705,fe39c5ad,8740000,51,DNA,10000,874,True,0.8756353887647017,0.8909005841896418,0.8832679864771718,0.8909005841896418,True,2,2233,2894,d__Bacteria;p__Bacillota;c__Clostridia;o__Lachnospirales;f__Lachnospiraceae;g__Hominiventricola;s__Hominiventricola sp009774145
10000,0.0011441647597254005,0.0034602076124567475,0.0011441647597254005,0.00138217000691085,4.0,4.0,0.0,/group/ctbrowngrp5/sourmash-db.new/gtdb-rs226/gtdb-rs226-k51.dna.rocksdb,GCA_945948915.1 uncultured Clostridia bacterium,f3c806b567e0c415539abfd22782b928,0.0034602076124567475,10000,133,3620000,outputs.mapping/bams.cds.rand/SRR11125497.x.s__Bariatricus sp004560705.fastq.gz,SRR11125497.x.s__Bariatricus sp004560705,fe39c5ad,8740000,51,DNA,10000,874,True,0.8756353887647017,0.8948435274565414,0.8852394581106215,0.8948435274565414,True,4,2237,2894,d__Bacteria;p__Bacillota;c__Clostridia;o__Christensenellales;f__Aristaeellaceae;g__Ventricola;s__Ventricola sp945948915
10000,0.0011441647597254005,0.0040650406504065045,0.0011441647597254005,0.0003455425017277125,1.0,1.0,0.0,/group/ctbrowngrp5/sourmash-db.new/gtdb-rs226/gtdb-rs226-k51.dna.rocksdb,GCA_945911025.1 uncultured Treponema sp.,940c7ad120fca73f2bef7f6153e556f9,0.0040650406504065045,10000,134,3610000,outputs.mapping/bams.cds.rand/SRR11125497.x.s__Bariatricus sp004560705.fastq.gz,SRR11125497.x.s__Bariatricus sp004560705,fe39c5ad,8740000,51,DNA,10000,874,True,0.8756353887647017,0.8976745640706776,0.8866549764176896,0.8976745640706776,True,1,2238,2894,d__Bacteria;p__Spirochaetota;c__Spirochaetia;o__Treponematales;f__Treponemataceae;g__Treponema_D;s__Treponema_D sp016296655
10000,0.0011441647597254005,0.005050505050505051,0.0011441647597254005,0.000691085003455425,2.0,2.0,0.0,/group/ctbrowngrp5/sourmash-db.new/gtdb-rs226/gtdb-rs226-k51.dna.rocksdb,GCA_905203005.1 uncultured Eubacteriales bacterium,49320b9c1740ef6e497c79bdd18add42,0.005050505050505051,10000,135,3600000,outputs.mapping/bams.cds.rand/SRR11125497.x.s__Bariatricus sp004560705.fastq.gz,SRR11125497.x.s__Bariatricus sp004560705,fe39c5ad,8740000,51,DNA,10000,874,True,0.8756353887647017,0.901503358934848,0.8885693738497749,0.901503358934848,True,2,2240,2894,d__Bacteria;p__Bacillota;c__Clostridia;o__Oscillospirales;f__Oscillospiraceae;g__Vescimonas;s__Vescimonas sp902388735
10000,0.0011441647597254005,0.004524886877828055,0.0011441647597254005,0.00138217000691085,4.0,4.0,0.0,/group/ctbrowngrp5/sourmash-db.new/gtdb-rs226/gtdb-rs226-k51.dna.rocksdb,GCA_934457145.1 uncultured Clostridia bacterium,c87e7fa6e8e306f9edc1d2bdc8ab42ef,0.004524886877828055,10000,136,3590000,outputs.mapping/bams.cds.rand/SRR11125497.x.s__Bariatricus sp004560705.fastq.gz,SRR11125497.x.s__Bariatricus sp004560705,fe39c5ad,8740000,51,DNA,10000,874,True,0.8756353887647017,0.8995628755480881,0.887599132156395,0.8995628755480881,True,4,2244,2894,d__Bacteria;p__Bacillota;c__Clostridia;o__UBA1381;f__UMGS1253;g__CAKSHP01;s__CAKSHP01 sp934457145
10000,0.0011441647597254005,0.0036231884057971015,0.0011441647597254005,0.0010366275051831375,3.0,3.0,0.0,/group/ctbrowngrp5/sourmash-db.new/gtdb-rs226/gtdb-rs226-k51.dna.rocksdb,GCA_019415925.1 Clostridiales bacterium,16b85c12db6ae31ce0216a9f26b763d5,0.0036231884057971015,10000,137,3580000,outputs.mapping/bams.cds.rand/SRR11125497.x.s__Bariatricus sp004560705.fastq.gz,SRR11125497.x.s__Bariatricus sp004560705,fe39c5ad,8740000,51,DNA,10000,874,True,0.8756353887647017,0.8956514588158029,0.8856434237902523,0.8956514588158029,True,3,2247,2894,d__Bacteria;p__Bacillota;c__Clostridia;o__Oscillospirales;f__Acutalibacteraceae;g__Ruminococcoides;s__Ruminococcoides sp019415925
70000,0.008009153318077803,0.0030864197530864196,0.0011441647597254005,0.0003455425017277125,1.0,1.0,0.0,/group/ctbrowngrp5/sourmash-db.new/gtdb-rs226/gtdb-rs226-k51.dna.rocksdb,GCF_902385375.1 Eubacterium ramulus,2b6354d57935f55a44ce3f054877b632,0.021604938271604937,10000,138,3570000,outputs.mapping/bams.cds.rand/SRR11125497.x.s__Bariatricus sp004560705.fastq.gz,SRR11125497.x.s__Bariatricus sp004560705,fe39c5ad,8740000,51,DNA,10000,874,True,0.909690909917396,0.9275646243186937,0.9186277671180448,0.9275646243186937,False,1,2248,2894,d__Bacteria;p__Bacillota;c__Clostridia;o__Lachnospirales;f__Lachnospiraceae;g__Eubacterium_I;s__Eubacterium_I ramulus_A
20000,0.002288329519450801,0.0033112582781456954,0.0011441647597254005,0.0003455425017277125,1.0,1.0,0.0,/group/ctbrowngrp5/sourmash-db.new/gtdb-rs226/gtdb-rs226-k51.dna.rocksdb,GCA_018378905.1 Clostridiales bacterium,2b3658f948b6ec74b793e7e07637ea7f,0.006622516556291391,10000,139,3560000,outputs.mapping/bams.cds.rand/SRR11125497.x.s__Bariatricus sp004560705.fastq.gz,SRR11125497.x.s__Bariatricus sp004560705,fe39c5ad,8740000,51,DNA,10000,874,True,0.8876174961435739,0.9063062225914459,0.8969618593675099,0.9063062225914459,True,1,2249,2894,d__Bacteria;p__Bacillota;c__Clostridia;o__Lachnospirales;f__Lachnospiraceae;g__Anaerobutyricum;s__Anaerobutyricum stercoripullorum
70000,0.008009153318077803,0.004016064257028112,0.0011441647597254005,0.0003455425017277125,1.0,1.0,0.0,/group/ctbrowngrp5/sourmash-db.new/gtdb-rs226/gtdb-rs226-k51.dna.rocksdb,GCA_958353315.1 uncultured Butyricicoccus sp.,40b18dc3e976ec6f5bceb3caa4923d65,0.028112449799196786,10000,140,3550000,outputs.mapping/bams.cds.rand/SRR11125497.x.s__Bariatricus sp004560705.fastq.gz,SRR11125497.x.s__Bariatricus sp004560705,fe39c5ad,8740000,51,DNA,10000,874,True,0.909690909917396,0.9323656154668517,0.9210282626921238,0.9323656154668517,False,1,2250,2894,d__Bacteria;p__Bacillota;c__Clostridia;o__Oscillospirales;f__Butyricicoccaceae;g__Butyricicoccus_A;s__Butyricicoccus_A intestinisimiae
20000,0.002288329519450801,0.0051813471502590676,0.0011441647597254005,0.000691085003455425,2.0,2.0,0.0,/group/ctbrowngrp5/sourmash-db.new/gtdb-rs226/gtdb-rs226-k51.dna.rocksdb,GCA_934246525.1 uncultured Clostridia bacterium,2fbd7ab5e67ceb37ff45738025c90d5f,0.010362694300518135,10000,141,3540000,outputs.mapping/bams.cds.rand/SRR11125497.x.s__Bariatricus sp004560705.fastq.gz,SRR11125497.x.s__Bariatricus sp004560705,fe39c5ad,8740000,51,DNA,10000,874,True,0.8876174961435739,0.9142978525817129,0.9009576743626434,0.9142978525817129,True,2,2252,2894,d__Bacteria;p__Bacillota;c__Clostridia;o__Peptostreptococcales;f__Anaerovoracaceae;g__Mogibacterium_A;s__Mogibacterium_A kristiansenii
10000,0.0011441647597254005,0.005208333333333333,0.0011441647597254005,0.000691085003455425,2.0,2.0,0.0,/group/ctbrowngrp5/sourmash-db.new/gtdb-rs226/gtdb-rs226-k51.dna.rocksdb,GCA_958442645.1 uncultured Lachnospiraceae bacterium,522c4cf2fa04a47d523b384078b8c211,0.005208333333333333,10000,142,3530000,outputs.mapping/bams.cds.rand/SRR11125497.x.s__Bariatricus sp004560705.fastq.gz,SRR11125497.x.s__Bariatricus sp004560705,fe39c5ad,8740000,51,DNA,10000,874,True,0.8756353887647017,0.9020474594102066,0.8888414240874541,0.9020474594102066,True,2,2254,2894,d__Bacteria;p__Bacillota;c__Clostridia;o__Lachnospirales;f__Lachnospiraceae;g__Eubacterium_I;s__Eubacterium_I ramulus_A
40000,0.004576659038901602,0.003861003861003861,0.0011441647597254005,0.0003455425017277125,1.0,1.0,0.0,/group/ctbrowngrp5/sourmash-db.new/gtdb-rs226/gtdb-rs226-k51.dna.rocksdb,GCA_008673855.1 Fusicatenibacter saccharivorans,257aa65b11e0fec9cd81a10e5ccae92f,0.015444015444015444,10000,143,3520000,outputs.mapping/bams.cds.rand/SRR11125497.x.s__Bariatricus sp004560705.fastq.gz,SRR11125497.x.s__Bariatricus sp004560705,fe39c5ad,8740000,51,DNA,10000,874,True,0.8997635654854742,0.9214791110045188,0.9106213382449966,0.9214791110045188,True,1,2255,2894,d__Bacteria;p__Bacillota;c__Clostridia;o__Lachnospirales;f__Lachnospiraceae;g__Fusicatenibacter;s__Fusicatenibacter saccharivorans
90000,0.010297482837528604,0.003067484662576687,0.0011441647597254005,0.0010366275051831375,3.0,3.0,0.0,/group/ctbrowngrp5/sourmash-db.new/gtdb-rs226/gtdb-rs226-k51.dna.rocksdb,GCF_039062885.1 Blautia sp. 2227st1_G12_2227SCRN_220401,e0b19638c767ed6a2208657670fa925a,0.027607361963190184,10000,144,3510000,outputs.mapping/bams.cds.rand/SRR11125497.x.s__Bariatricus sp004560705.fastq.gz,SRR11125497.x.s__Bariatricus sp004560705,fe39c5ad,8740000,51,DNA,10000,874,True,0.9141846876186407,0.9320342265027017,0.9231094570606713,0.9320342265027017,False,3,2258,2894,d__Bacteria;p__Bacillota;c__Clostridia;o__Lachnospirales;f__Lachnospiraceae;g__Blautia_A;s__Blautia_A fusiformis
20000,0.002288329519450801,0.0036900369003690036,0.0011441647597254005,0.0003455425017277125,1.0,1.0,0.0,/group/ctbrowngrp5/sourmash-db.new/gtdb-rs226/gtdb-rs226-k51.dna.rocksdb,GCA_025541715.1 Coprococcus catus,5fe78f71b01502cb38520164543524fb,0.007380073800738007,10000,145,3500000,outputs.mapping/bams.cds.rand/SRR11125497.x.s__Bariatricus sp004560705.fastq.gz,SRR11125497.x.s__Bariatricus sp004560705,fe39c5ad,8740000,51,DNA,10000,874,True,0.8876174961435739,0.9082329813638667,0.8979252387537202,0.9082329813638667,True,1,2259,2894,d__Bacteria;p__Bacillota;c__Clostridia;o__Lachnospirales;f__Lachnospiraceae;g__Coprococcus_A;s__Coprococcus_A intestinihominis
10000,0.0011441647597254005,0.0035335689045936395,0.0011441647597254005,0.0003455425017277125,1.0,1.0,0.0,/group/ctbrowngrp5/sourmash-db.new/gtdb-rs226/gtdb-rs226-k51.dna.rocksdb,GCF_034173355.1 Gemmiger sp.,8cf5ba412be895da8fc5797c0717be34,0.0035335689045936395,10000,146,3490000,outputs.mapping/bams.cds.rand/SRR11125497.x.s__Bariatricus sp004560705.fastq.gz,SRR11125497.x.s__Bariatricus sp004560705,fe39c5ad,8740000,51,DNA,10000,874,True,0.8756353887647017,0.8952117135678687,0.8854235511662851,0.8952117135678687,True,1,2260,2894,d__Bacteria;p__Bacillota;c__Clostridia;o__Oscillospirales;f__Ruminococcaceae;g__Gemmiger;s__Gemmiger variabilis_B
40000,0.004576659038901602,0.004761904761904762,0.0011441647597254005,0.0027643400138217,8.0,8.0,0.0,/group/ctbrowngrp5/sourmash-db.new/gtdb-rs226/gtdb-rs226-k51.dna.rocksdb,GCF_000188175.1 Phascolarctobacterium succinatutens YIT 12067,c90964210746f7c7ce1dc8419f0465dc,0.01904761904761905,10000,147,3480000,outputs.mapping/bams.cds.rand/SRR11125497.x.s__Bariatricus sp004560705.fastq.gz,SRR11125497.x.s__Bariatricus sp004560705,fe39c5ad,8740000,51,DNA,10000,874,True,0.8997635654854742,0.9252761890078747,0.9125198772466745,0.9252761890078747,True,8,2268,2894,d__Bacteria;p__Bacillota;c__Negativicutes;o__Acidaminococcales;f__Acidaminococcaceae;g__Phascolarctobacterium_A;s__Phascolarctobacterium_A succinatutens
10000,0.0011441647597254005,0.004629629629629629,0.0011441647597254005,0.00138217000691085,4.0,4.0,0.0,/group/ctbrowngrp5/sourmash-db.new/gtdb-rs226/gtdb-rs226-k51.dna.rocksdb,GCA_034088525.1 Oscillospiraceae bacterium,0a932685791a84b60e03ee12d7116046,0.004629629629629629,10000,148,3470000,outputs.mapping/bams.cds.rand/SRR11125497.x.s__Bariatricus sp004560705.fastq.gz,SRR11125497.x.s__Bariatricus sp004560705,fe39c5ad,8740000,51,DNA,10000,874,True,0.8756353887647017,0.8999666104581765,0.8878009996114391,0.8999666104581765,True,4,2272,2894,d__Bacteria;p__Bacillota;c__Clostridia;o__Oscillospirales;f__Oscillospiraceae;g__CAG-170;s__CAG-170 sp000436735
20000,0.002288329519450801,0.003937007874015748,0.0011441647597254005,0.0003455425017277125,1.0,1.0,0.0,/group/ctbrowngrp5/sourmash-db.new/gtdb-rs226/gtdb-rs226-k51.dna.rocksdb,GCA_029219845.1 Roseburia porci,bfc5c94b3f4b31d04b5ebfd98c031235,0.007874015748031496,10000,149,3460000,outputs.mapping/bams.cds.rand/SRR11125497.x.s__Bariatricus sp004560705.fastq.gz,SRR11125497.x.s__Bariatricus sp004560705,fe39c5ad,8740000,51,DNA,10000,874,True,0.8876174961435739,0.9093874295165494,0.8985024628300616,0.9093874295165494,True,1,2273,2894,d__Bacteria;p__Bacillota;c__Clostridia;o__Lachnospirales;f__Lachnospiraceae;g__Roseburia_A;s__Roseburia_A porci
10000,0.0011441647597254005,0.0038910505836575876,0.0011441647597254005,0.0003455425017277125,1.0,1.0,0.0,/group/ctbrowngrp5/sourmash-db.new/gtdb-rs226/gtdb-rs226-k51.dna.rocksdb,GCF_900456775.1 Sarcina ventriculi,c0c9492a5a5d003359a15c476e9e5507,0.0038910505836575876,10000,150,3450000,outputs.mapping/bams.cds.rand/SRR11125497.x.s__Bariatricus sp004560705.fastq.gz,SRR11125497.x.s__Bariatricus sp004560705,fe39c5ad,8740000,51,DNA,10000,874,True,0.8756353887647017,0.8969049261729743,0.8862701574688381,0.8969049261729743,True,1,2274,2894,d__Bacteria;p__Bacillota;c__Clostridia;o__Clostridiales;f__Clostridiaceae;g__Sarcina;s__Sarcina ventriculi
60000,0.006864988558352402,0.0028653295128939827,0.0011441647597254005,0.0003455425017277125,1.0,1.0,0.0,/group/ctbrowngrp5/sourmash-db.new/gtdb-rs226/gtdb-rs226-k51.dna.rocksdb,GCF_003459705.1 Mediterraneibacter gnavus,4e57cc55894bdf22cc131e03eaa9652f,0.017191977077363897,10000,151,3440000,outputs.mapping/bams.cds.rand/SRR11125497.x.s__Bariatricus sp004560705.fastq.gz,SRR11125497.x.s__Bariatricus sp004560705,fe39c5ad,8740000,51,DNA,10000,874,True,0.9069454636547738,0.9234184457582383,0.9151819547065061,0.9234184457582383,True,1,2275,2894,d__Bacteria;p__Bacillota;c__Clostridia;o__Lachnospirales;f__Lachnospiraceae;g__Ruminococcus_B;s__Ruminococcus_B gnavus
10000,0.0011441647597254005,0.005208333333333333,0.0011441647597254005,0.0010366275051831375,3.0,3.0,0.0,/group/ctbrowngrp5/sourmash-db.new/gtdb-rs226/gtdb-rs226-k51.dna.rocksdb,GCA_934234035.1 uncultured Clostridia bacterium,f87c22f4d9764e9022ebbe844f7ee8cf,0.005208333333333333,10000,152,3430000,outputs.mapping/bams.cds.rand/SRR11125497.x.s__Bariatricus sp004560705.fastq.gz,SRR11125497.x.s__Bariatricus sp004560705,fe39c5ad,8740000,51,DNA,10000,874,True,0.8756353887647017,0.9020474594102066,0.8888414240874541,0.9020474594102066,True,3,2278,2894,d__Bacteria;p__Bacillota;c__Clostridia;o__Peptostreptococcales;f__Anaerovoracaceae;g__Mogibacterium_A;s__Mogibacterium_A sp934234035
20000,0.002288329519450801,0.004048582995951417,0.0011441647597254005,0.0003455425017277125,1.0,1.0,0.0,/group/ctbrowngrp5/sourmash-db.new/gtdb-rs226/gtdb-rs226-k51.dna.rocksdb,GCA_004556375.1 [Eubacterium] saphenum,6f73b817ea1983fcbfdb3300020d0b82,0.008097165991902834,10000,153,3420000,outputs.mapping/bams.cds.rand/SRR11125497.x.s__Bariatricus sp004560705.fastq.gz,SRR11125497.x.s__Bariatricus sp004560705,fe39c5ad,8740000,51,DNA,10000,874,True,0.8876174961435739,0.9098858734755169,0.8987516848095454,0.9098858734755169,True,1,2279,2894,d__Bacteria;p__Bacillota;c__Clostridia;o__Peptostreptococcales;f__Anaerovoracaceae;g__Hornefia;s__Hornefia butyriciproducens
10000,0.0011441647597254005,0.0055248618784530384,0.0011441647597254005,0.0003455425017277125,1.0,1.0,0.0,/group/ctbrowngrp5/sourmash-db.new/gtdb-rs226/gtdb-rs226-k51.dna.rocksdb,GCA_945938975.1 uncultured Spirochaetales bacterium,e22a92a8724a82d9b2ba7596adca6b54,0.0055248618784530384,10000,154,3410000,outputs.mapping/bams.cds.rand/SRR11125497.x.s__Bariatricus sp004560705.fastq.gz,SRR11125497.x.s__Bariatricus sp004560705,fe39c5ad,8740000,51,DNA,10000,874,True,0.8756353887647017,0.9030915789811151,0.8893634838729084,0.9030915789811151,True,1,2280,2894,d__Bacteria;p__Spirochaetota;c__Spirochaetia;o__Sphaerochaetales;f__Sphaerochaetaceae;g__Ornithospirochaeta;s__Ornithospirochaeta sp022785155
10000,0.0011441647597254005,0.005,0.0011441647597254005,0.0003455425017277125,1.0,1.0,0.0,/group/ctbrowngrp5/sourmash-db.new/gtdb-rs226/gtdb-rs226-k51.dna.rocksdb,GCA_945829915.1 uncultured Clostridia bacterium,9f5836214d63df6c33d309a7a60974b9,0.005,10000,155,3400000,outputs.mapping/bams.cds.rand/SRR11125497.x.s__Bariatricus sp004560705.fastq.gz,SRR11125497.x.s__Bariatricus sp004560705,fe39c5ad,8740000,51,DNA,10000,874,True,0.8756353887647017,0.9013257213104922,0.8884805550375969,0.9013257213104922,True,1,2281,2894,d__Bacteria;p__Bacillota;c__Clostridia;o__Oscillospirales;f__Acutalibacteraceae;g__Hominenteromicrobium;s__Hominenteromicrobium mulieris
110000,0.012585812356979404,0.003367003367003367,0.0011441647597254005,0.0003455425017277125,1.0,1.0,0.0,/group/ctbrowngrp5/sourmash-db.new/gtdb-rs226/gtdb-rs226-k51.dna.rocksdb,GCF_009697165.1 Anaerobutyricum soehngenii,8fc040aa30516b54078f0701c4492cd4,0.037037037037037035,10000,156,3390000,outputs.mapping/bams.cds.rand/SRR11125497.x.s__Bariatricus sp004560705.fastq.gz,SRR11125497.x.s__Bariatricus sp004560705,fe39c5ad,8740000,51,DNA,10000,874,True,0.9177888339553784,0.9374196305041738,0.9276042322297761,0.9374196305041738,False,1,2282,2894,d__Bacteria;p__Bacillota;c__Clostridia;o__Lachnospirales;f__Lachnospiraceae;g__Anaerobutyricum;s__Anaerobutyricum soehngenii
10000,0.0011441647597254005,0.005235602094240838,0.0011441647597254005,0.0003455425017277125,1.0,1.0,0.0,/group/ctbrowngrp5/sourmash-db.new/gtdb-rs226/gtdb-rs226-k51.dna.rocksdb,GCA_017532025.1 Clostridia bacterium,ea2d893e6304fb7eedc8e1f42c7763ca,0.005235602094240838,10000,157,3380000,outputs.mapping/bams.cds.rand/SRR11125497.x.s__Bariatricus sp004560705.fastq.gz,SRR11125497.x.s__Bariatricus sp004560705,fe39c5ad,8740000,51,DNA,10000,874,True,0.8756353887647017,0.9021398257330133,0.8888876072488575,0.9021398257330133,True,1,2283,2894,d__Bacteria;p__Bacillota;c__Clostridia;o__Oscillospirales;f__CAG-272;g__RGIG1993;s__RGIG1993 sp017532025
10000,0.0011441647597254005,0.00398406374501992,0.0011441647597254005,0.0003455425017277125,1.0,1.0,0.0,/group/ctbrowngrp5/sourmash-db.new/gtdb-rs226/gtdb-rs226-k51.dna.rocksdb,GCA_017383525.1 Lachnospiraceae bacterium,5b6bf4c7cacea8bb104c03cea7f812c8,0.00398406374501992,10000,158,3370000,outputs.mapping/bams.cds.rand/SRR11125497.x.s__Bariatricus sp004560705.fastq.gz,SRR11125497.x.s__Bariatricus sp004560705,fe39c5ad,8740000,51,DNA,10000,874,True,0.8756353887647017,0.8973204678127464,0.8864779282887241,0.8973204678127464,True,1,2284,2894,d__Bacteria;p__Bacillota;c__Clostridia;o__Lachnospirales;f__Lachnospiraceae;g__Falcatimonas;s__Falcatimonas sp018918265
50000,0.005720823798627002,0.002044989775051125,0.0011441647597254005,0.0003455425017277125,1.0,1.0,0.0,/group/ctbrowngrp5/sourmash-db.new/gtdb-rs226/gtdb-rs226-k51.dna.rocksdb,GCF_964240875.1 Ruminococcus sp. 5_1_39BFAA,42fdf71e72afc12cb6ee744e5537d9bc,0.010224948875255624,10000,159,3360000,outputs.mapping/bams.cds.rand/SRR11125497.x.s__Bariatricus sp004560705.fastq.gz,SRR11125497.x.s__Bariatricus sp004560705,fe39c5ad,8740000,51,DNA,10000,874,True,0.9037089833996741,0.9140579871980847,0.9088834852988794,0.9140579871980847,True,1,2285,2894,d__Bacteria;p__Bacillota;c__Clostridia;o__Lachnospirales;f__Lachnospiraceae;g__Blautia_A;s__Blautia_A sp964240875
90000,0.010297482837528604,0.0025974025974025974,0.0011441647597254005,0.0003455425017277125,1.0,1.0,0.0,/group/ctbrowngrp5/sourmash-db.new/gtdb-rs226/gtdb-rs226-k51.dna.rocksdb,GCF_024460535.1 Blautia sp. MSK.18.38,fa3588671742fc941571cf768e1e8bb5,0.023376623376623377,10000,160,3350000,outputs.mapping/bams.cds.rand/SRR11125497.x.s__Bariatricus sp004560705.fastq.gz,SRR11125497.x.s__Bariatricus sp004560705,fe39c5ad,8740000,51,DNA,10000,874,True,0.9141846876186407,0.9289991764989103,0.9215919320587755,0.9289991764989103,False,1,2286,2894,d__Bacteria;p__Bacillota;c__Clostridia;o__Lachnospirales;f__Lachnospiraceae;g__Blautia_A;s__Blautia_A fusiformis
10000,0.0011441647597254005,0.00423728813559322,0.0011441647597254005,0.0003455425017277125,1.0,1.0,0.0,/group/ctbrowngrp5/sourmash-db.new/gtdb-rs226/gtdb-rs226-k51.dna.rocksdb,GCF_018785265.1 Collinsella aerofaciens,20879911bdf3ab15fbd335468be6d13d,0.00423728813559322,10000,161,3340000,outputs.mapping/bams.cds.rand/SRR11125497.x.s__Bariatricus sp004560705.fastq.gz,SRR11125497.x.s__Bariatricus sp004560705,fe39c5ad,8740000,51,DNA,10000,874,True,0.8756353887647017,0.8984053172829363,0.887020353023819,0.8984053172829363,True,1,2287,2894,d__Bacteria;p__Actinomycetota;c__Coriobacteriia;o__Coriobacteriales;f__Coriobacteriaceae;g__Collinsella;s__Collinsella aerofaciens_AI
180000,0.020594965675057208,0.0026455026455026454,0.0011441647597254005,0.000691085003455425,2.0,2.0,0.0,/group/ctbrowngrp5/sourmash-db.new/gtdb-rs226/gtdb-rs226-k51.dna.rocksdb,GCF_040096555.1 Coprococcus intestinihominis,b0eaca5ba589f9715c39079e7665ea4d,0.047619047619047616,10000,162,3330000,outputs.mapping/bams.cds.rand/SRR11125497.x.s__Bariatricus sp004560705.fastq.gz,SRR11125497.x.s__Bariatricus sp004560705,fe39c5ad,8740000,51,DNA,10000,874,True,0.9266942997605396,0.9420503851773752,0.9343723424689574,0.9420503851773752,False,2,2289,2894,d__Bacteria;p__Bacillota;c__Clostridia;o__Lachnospirales;f__Lachnospiraceae;g__Coprococcus_A;s__Coprococcus_A intestinihominis
10000,0.0011441647597254005,0.001451378809869376,0.0011441647597254005,0.00138217000691085,4.0,4.0,0.0,/group/ctbrowngrp5/sourmash-db.new/gtdb-rs226/gtdb-rs226-k51.dna.rocksdb,GCA_902484955.1 uncultured Bacteroides sp.,bd6e9f7d5ed0dbcaeb858a439c01072e,0.001451378809869376,10000,163,3320000,outputs.mapping/bams.cds.rand/SRR11125497.x.s__Bariatricus sp004560705.fastq.gz,SRR11125497.x.s__Bariatricus sp004560705,fe39c5ad,8740000,51,DNA,10000,874,True,0.8756353887647017,0.8797284614097737,0.8776819250872376,0.8797284614097737,True,4,2293,2894,d__Bacteria;p__Bacteroidota;c__Bacteroidia;o__Bacteroidales;f__Bacteroidaceae;g__Bacteroides;s__Bacteroides sp900765785
10000,0.0011441647597254005,0.005025125628140704,0.0011441647597254005,0.000691085003455425,2.0,2.0,0.0,/group/ctbrowngrp5/sourmash-db.new/gtdb-rs226/gtdb-rs226-k51.dna.rocksdb,GCA_945829275.1 uncultured Eubacterium sp.,55d0e6494e3f5ef2ef52fda1b77fa22e,0.005025125628140704,10000,164,3310000,outputs.mapping/bams.cds.rand/SRR11125497.x.s__Bariatricus sp004560705.fastq.gz,SRR11125497.x.s__Bariatricus sp004560705,fe39c5ad,8740000,51,DNA,10000,874,True,0.8756353887647017,0.9014143125831353,0.8885248506739185,0.9014143125831353,True,2,2295,2894,d__Bacteria;p__Bacillota;c__Clostridia;o__Peptostreptococcales;f__Anaerovoracaceae;g__Lentihominibacter;s__Lentihominibacter sp022763735
10000,0.0011441647597254005,0.004166666666666667,0.0011441647597254005,0.00138217000691085,4.0,4.0,0.0,/group/ctbrowngrp5/sourmash-db.new/gtdb-rs226/gtdb-rs226-k51.dna.rocksdb,GCA_017466835.1 Ruminococcus sp.,861bf08fa6a874504ed99f751c816d36,0.004166666666666667,10000,165,3300000,outputs.mapping/bams.cds.rand/SRR11125497.x.s__Bariatricus sp004560705.fastq.gz,SRR11125497.x.s__Bariatricus sp004560705,fe39c5ad,8740000,51,DNA,10000,874,True,0.8756353887647017,0.8981092953870639,0.8868723420758828,0.8981092953870639,True,4,2299,2894,d__Bacteria;p__Bacillota;c__Clostridia;o__Oscillospirales;f__Ruminococcaceae;g__Ruminococcus_F;s__Ruminococcus_F sp015066905
10000,0.0011441647597254005,0.004878048780487805,0.0011441647597254005,0.0003455425017277125,1.0,1.0,0.0,/group/ctbrowngrp5/sourmash-db.new/gtdb-rs226/gtdb-rs226-k51.dna.rocksdb,GCA_017624855.1 Lachnospiraceae bacterium,75a36e9a12a963f9a99d02d3b0505eae,0.004878048780487805,10000,166,3290000,outputs.mapping/bams.cds.rand/SRR11125497.x.s__Bariatricus sp004560705.fastq.gz,SRR11125497.x.s__Bariatricus sp004560705,fe39c5ad,8740000,51,DNA,10000,874,True,0.8756353887647017,0.9008894330777228,0.8882624109212123,0.9008894330777228,True,1,2300,2894,d__Bacteria;p__Bacillota;c__Clostridia;o__Lachnospirales;f__Lachnospiraceae;g__UBA3766;s__UBA3766 sp017624855
350000,0.04004576659038902,0.005128205128205128,0.0011441647597254005,0.000691085003455425,2.0,2.0,0.0,/group/ctbrowngrp5/sourmash-db.new/gtdb-rs226/gtdb-rs226-k51.dna.rocksdb,GCA_016293335.1 Bariatricus sp.,7fe25ae8d3afc362b827c559628b6ae4,0.1794871794871795,10000,167,3280000,outputs.mapping/bams.cds.rand/SRR11125497.x.s__Bariatricus sp004560705.fastq.gz,SRR11125497.x.s__Bariatricus sp004560705,fe39c5ad,8740000,51,DNA,10000,874,True,0.9388563527213559,0.966881397384121,0.9528688750527385,0.966881397384121,False,2,2302,2894,d__Bacteria;p__Bacillota;c__Clostridia;o__Lachnospirales;f__Lachnospiraceae;g__Bariatricus;s__Bariatricus sp004560705
160000,0.018306636155606407,0.002680965147453083,0.0011441647597254005,0.0003455425017277125,1.0,1.0,0.0,/group/ctbrowngrp5/sourmash-db.new/gtdb-rs226/gtdb-rs226-k51.dna.rocksdb,GCA_027667305.1 Oliverpabstia intestinalis,b6e7b5a1f13e050c95e7bc5b639bbff7,0.04289544235924933,10000,168,3270000,outputs.mapping/bams.cds.rand/SRR11125497.x.s__Bariatricus sp004560705.fastq.gz,SRR11125497.x.s__Bariatricus sp004560705,fe39c5ad,8740000,51,DNA,10000,874,True,0.9245565953167294,0.9401226852346332,0.9323396402756813,0.9401226852346332,False,1,2303,2894,d__Bacteria;p__Bacillota;c__Clostridia;o__Lachnospirales;f__Lachnospiraceae;g__Oliverpabstia;s__Oliverpabstia intestinalis
40000,0.004576659038901602,0.003787878787878788,0.0011441647597254005,0.000691085003455425,2.0,2.0,0.0,/group/ctbrowngrp5/sourmash-db.new/gtdb-rs226/gtdb-rs226-k51.dna.rocksdb,GCF_000765235.1 Oscillibacter sp. ER4,b86d494b379656b1b7a7b4d8bf763e29,0.015151515151515152,10000,169,3260000,outputs.mapping/bams.cds.rand/SRR11125497.x.s__Bariatricus sp004560705.fastq.gz,SRR11125497.x.s__Bariatricus sp004560705,fe39c5ad,8740000,51,DNA,10000,874,True,0.8997635654854742,0.9211336926184823,0.9104486290519782,0.9211336926184823,True,2,2305,2894,d__Bacteria;p__Bacillota;c__Clostridia;o__Oscillospirales;f__Oscillospiraceae;g__Hominicoprocola;s__Hominicoprocola fusiformis
10000,0.0011441647597254005,0.0045871559633027525,0.0011441647597254005,0.0003455425017277125,1.0,1.0,0.0,/group/ctbrowngrp5/sourmash-db.new/gtdb-rs226/gtdb-rs226-k51.dna.rocksdb,GCA_945874635.1 uncultured Blautia sp.,be6f3471fb5fc3e971cba5d774216e74,0.0045871559633027525,10000,170,3250000,outputs.mapping/bams.cds.rand/SRR11125497.x.s__Bariatricus sp004560705.fastq.gz,SRR11125497.x.s__Bariatricus sp004560705,fe39c5ad,8740000,51,DNA,10000,874,True,0.8756353887647017,0.8998039843327351,0.8877196865487185,0.8998039843327351,True,1,2306,2894,d__Bacteria;p__Bacillota;c__Clostridia;o__Lachnospirales;f__Lachnospiraceae;g__Blautia_A;s__Blautia_A sp934359835
20000,0.002288329519450801,0.0038314176245210726,0.0011441647597254005,0.0003455425017277125,1.0,1.0,0.0,/group/ctbrowngrp5/sourmash-db.new/gtdb-rs226/gtdb-rs226-k51.dna.rocksdb,GCA_022787405.1 Bacillota bacterium,c434930ebfcc110ce818ba51905c9e2e,0.007662835249042145,10000,171,3240000,outputs.mapping/bams.cds.rand/SRR11125497.x.s__Bariatricus sp004560705.fastq.gz,SRR11125497.x.s__Bariatricus sp004560705,fe39c5ad,8740000,51,DNA,10000,874,True,0.8876174961435739,0.9089027992018329,0.8982601476727035,0.9089027992018329,True,1,2307,2894,d__Bacteria;p__Bacillota;c__Clostridia;o__Peptostreptococcales;f__Anaerovoracaceae;g__CAG-238;s__CAG-238 sp022787405
10000,0.0011441647597254005,0.0033333333333333335,0.0011441647597254005,0.0003455425017277125,1.0,1.0,0.0,/group/ctbrowngrp5/sourmash-db.new/gtdb-rs226/gtdb-rs226-k51.dna.rocksdb,GCA_016293615.1 Acetatifactor sp.,809062d8f4024187379d24557d4d59b6,0.0033333333333333335,10000,172,3230000,outputs.mapping/bams.cds.rand/SRR11125497.x.s__Bariatricus sp004560705.fastq.gz,SRR11125497.x.s__Bariatricus sp004560705,fe39c5ad,8740000,51,DNA,10000,874,True,0.8756353887647017,0.8941883246232241,0.8849118566939629,0.8941883246232241,True,1,2308,2894,d__Bacteria;p__Bacillota;c__Clostridia;o__Lachnospirales;f__Lachnospiraceae;g__Acetatifactor;s__Acetatifactor sp016293615
170000,0.019450800915331808,0.0027624309392265192,0.0011441647597254005,0.0017277125086385626,5.0,5.0,0.0,/group/ctbrowngrp5/sourmash-db.new/gtdb-rs226/gtdb-rs226-k51.dna.rocksdb,GCA_934438315.1 uncultured Blautia sp.,8161e20ece9c0a7ec25bba4921d2bb54,0.04696132596685083,10000,173,3220000,outputs.mapping/bams.cds.rand/SRR11125497.x.s__Bariatricus sp004560705.fastq.gz,SRR11125497.x.s__Bariatricus sp004560705,fe39c5ad,8740000,51,DNA,10000,874,True,0.9256562859343512,0.9417935095806528,0.933724897757502,0.9417935095806528,False,5,2313,2894,d__Bacteria;p__Bacillota;c__Clostridia;o__Lachnospirales;f__Lachnospiraceae;g__Blautia_A;s__Blautia_A sp018919065
80000,0.009153318077803204,0.003436426116838488,0.0011441647597254005,0.0003455425017277125,1.0,1.0,0.0,/group/ctbrowngrp5/sourmash-db.new/gtdb-rs226/gtdb-rs226-k51.dna.rocksdb,GCF_022783245.1 Blautia sp.,a33267882fa3828bed6a8490c5b5dbd5,0.027491408934707903,10000,174,3210000,outputs.mapping/bams.cds.rand/SRR11125497.x.s__Bariatricus sp004560705.fastq.gz,SRR11125497.x.s__Bariatricus sp004560705,fe39c5ad,8740000,51,DNA,10000,874,True,0.9120758404295616,0.9319573108754404,0.922016575652501,0.9319573108754404,False,1,2314,2894,d__Bacteria;p__Bacillota;c__Clostridia;o__Lachnospirales;f__Lachnospiraceae;g__Blautia_A;s__Blautia_A obeum
10000,0.0011441647597254005,0.003289473684210526,0.0011441647597254005,0.0024187975120939877,7.0,7.0,0.0,/group/ctbrowngrp5/sourmash-db.new/gtdb-rs226/gtdb-rs226-k51.dna.rocksdb,GCA_034113565.1 Faecousia sp.,7a10c300c0f34698ff3d129eedc62947,0.003289473684210526,10000,175,3200000,outputs.mapping/bams.cds.rand/SRR11125497.x.s__Bariatricus sp004560705.fastq.gz,SRR11125497.x.s__Bariatricus sp004560705,fe39c5ad,8740000,51,DNA,10000,874,True,0.8756353887647017,0.8939561248334033,0.8847957567990525,0.8939561248334033,True,7,2321,2894,d__Bacteria;p__Bacillota;c__Clostridia;o__Oscillospirales;f__Oscillospiraceae;g__Faecousia;s__Faecousia sp034113565
10000,0.0011441647597254005,0.004329004329004329,0.0011441647597254005,0.0003455425017277125,1.0,1.0,0.0,/group/ctbrowngrp5/sourmash-db.new/gtdb-rs226/gtdb-rs226-k51.dna.rocksdb,GCA_028727085.1 Butyricicoccus sp.,88261b18c041014e94b0ed35408cf4f0,0.004329004329004329,10000,176,3190000,outputs.mapping/bams.cds.rand/SRR11125497.x.s__Bariatricus sp004560705.fastq.gz,SRR11125497.x.s__Bariatricus sp004560705,fe39c5ad,8740000,51,DNA,10000,874,True,0.8756353887647017,0.8987826226929593,0.8872090057288304,0.8987826226929593,True,1,2322,2894,d__Bacteria;p__Bacillota;c__Clostridia;o__Oscillospirales;f__Butyricicoccaceae;g__Butyricicoccus_A;s__Butyricicoccus_A intestinisimiae
50000,0.005720823798627002,0.003115264797507788,0.0011441647597254005,0.0003455425017277125,1.0,1.0,0.0,/group/ctbrowngrp5/sourmash-db.new/gtdb-rs226/gtdb-rs226-k51.dna.rocksdb,GCF_029226265.1 Blautia massiliensis (ex Durand et al. 2017),fd6ee7494b88adeafed10e1a2392c805,0.01557632398753894,10000,177,3180000,outputs.mapping/bams.cds.rand/SRR11125497.x.s__Bariatricus sp004560705.fastq.gz,SRR11125497.x.s__Bariatricus sp004560705,fe39c5ad,8740000,51,DNA,10000,874,True,0.9037089833996741,0.9216332546452355,0.9126711190224548,0.9216332546452355,True,1,2323,2894,d__Bacteria;p__Bacillota;c__Clostridia;o__Lachnospirales;f__Lachnospiraceae;g__Blautia_A;s__Blautia_A fusiformis
10000,0.0011441647597254005,0.004310344827586207,0.0011441647597254005,0.0003455425017277125,1.0,1.0,0.0,/group/ctbrowngrp5/sourmash-db.new/gtdb-rs226/gtdb-rs226-k51.dna.rocksdb,GCA_946011705.1 uncultured Clostridia bacterium,b394ebe4dadd6e43b2743549ccc8c710,0.004310344827586207,10000,178,3170000,outputs.mapping/bams.cds.rand/SRR11125497.x.s__Bariatricus sp004560705.fastq.gz,SRR11125497.x.s__Bariatricus sp004560705,fe39c5ad,8740000,51,DNA,10000,874,True,0.8756353887647017,0.8987064997133993,0.8871709442390505,0.8987064997133993,True,1,2324,2894,d__Bacteria;p__Bacillota;c__Clostridia;o__Oscillospirales;f__Oscillospiraceae;g__Faecousia;s__Faecousia sp946011705
30000,0.003432494279176201,0.005494505494505495,0.0011441647597254005,0.0010366275051831375,3.0,3.0,0.0,/group/ctbrowngrp5/sourmash-db.new/gtdb-rs226/gtdb-rs226-k51.dna.rocksdb,GCA_028722585.1 Lachnospiraceae bacterium,3fb3d80f0a443a27b46afca3dba6576f,0.016483516483516484,10000,179,3160000,outputs.mapping/bams.cds.rand/SRR11125497.x.s__Bariatricus sp004560705.fastq.gz,SRR11125497.x.s__Bariatricus sp004560705,fe39c5ad,8740000,51,DNA,10000,874,True,0.8947024445846149,0.922656814052912,0.9086796293187634,0.922656814052912,True,3,2327,2894,d__Bacteria;p__Bacillota;c__Clostridia;o__Lachnospirales;f__Lachnospiraceae;g__UBA2868;s__UBA2868 sp004552595
50000,0.005720823798627002,0.00303951367781155,0.0011441647597254005,0.0003455425017277125,1.0,1.0,0.0,/group/ctbrowngrp5/sourmash-db.new/gtdb-rs226/gtdb-rs226-k51.dna.rocksdb,GCA_019411875.1 Clostridiales bacterium,7f915bd28be8010232ecf76fbda98880,0.015197568389057751,10000,180,3150000,outputs.mapping/bams.cds.rand/SRR11125497.x.s__Bariatricus sp004560705.fastq.gz,SRR11125497.x.s__Bariatricus sp004560705,fe39c5ad,8740000,51,DNA,10000,874,True,0.9037089833996741,0.9211885089954989,0.9124487461975865,0.9211885089954989,True,1,2328,2894,d__Bacteria;p__Bacillota;c__Clostridia;o__Lachnospirales;f__Lachnospiraceae;g__Anaerobutyricum;s__Anaerobutyricum soehngenii
10000,0.0011441647597254005,0.0021008403361344537,0.0011441647597254005,0.0003455425017277125,1.0,1.0,0.0,/group/ctbrowngrp5/sourmash-db.new/gtdb-rs226/gtdb-rs226-k51.dna.rocksdb,GCF_963669125.1 Clostridium butyricum,aa3cfab54ff288eb7265ad859160be8b,0.0021008403361344537,10000,181,3140000,outputs.mapping/bams.cds.rand/SRR11125497.x.s__Bariatricus sp004560705.fastq.gz,SRR11125497.x.s__Bariatricus sp004560705,fe39c5ad,8740000,51,DNA,10000,874,True,0.8756353887647017,0.886130944718483,0.8808831667415924,0.886130944718483,True,1,2329,2894,d__Bacteria;p__Bacillota;c__Clostridia;o__Clostridiales;f__Clostridiaceae;g__Clostridium;s__Clostridium butyricum
70000,0.008009153318077803,0.004201680672268907,0.0011441647597254005,0.0003455425017277125,1.0,1.0,0.0,/group/ctbrowngrp5/sourmash-db.new/gtdb-rs226/gtdb-rs226-k51.dna.rocksdb,GCA_945873365.1 uncultured Ruminococcus sp.,6e39a0714701975056a23ecfb0c9e60e,0.029411764705882353,10000,182,3130000,outputs.mapping/bams.cds.rand/SRR11125497.x.s__Bariatricus sp004560705.fastq.gz,SRR11125497.x.s__Bariatricus sp004560705,fe39c5ad,8740000,51,DNA,10000,874,True,0.909690909917396,0.9331919883470096,0.9214414491322027,0.9331919883470096,False,1,2330,2894,d__Bacteria;p__Bacillota;c__Clostridia;o__Lachnospirales;f__Lachnospiraceae;g__Blautia_A;s__Blautia_A sp900066205
30000,0.003432494279176201,0.005291005291005291,0.0011441647597254005,0.0003455425017277125,1.0,1.0,0.0,/group/ctbrowngrp5/sourmash-db.new/gtdb-rs226/gtdb-rs226-k51.dna.rocksdb,GCA_022785515.1 Lachnospiraceae bacterium,6ea6c07acb39cd4c9d8bedfe3e95d7e8,0.015873015873015872,10000,183,3120000,outputs.mapping/bams.cds.rand/SRR11125497.x.s__Bariatricus sp004560705.fastq.gz,SRR11125497.x.s__Bariatricus sp004560705,fe39c5ad,8740000,51,DNA,10000,874,True,0.8947024445846149,0.9219742946423962,0.9083383696135056,0.9219742946423962,True,1,2331,2894,d__Bacteria;p__Bacillota;c__Clostridia;o__Lachnospirales;f__Lachnospiraceae;g__Weimeria;s__Weimeria sp900315505
30000,0.003432494279176201,0.0027397260273972603,0.0011441647597254005,0.0003455425017277125,1.0,1.0,0.0,/group/ctbrowngrp5/sourmash-db.new/gtdb-rs226/gtdb-rs226-k51.dna.rocksdb,GCA_964242155.1 Erysipelotrichaceae bacterium 6_1_45,00300c97cea4bd90664cd45500265358,0.00821917808219178,10000,184,3110000,outputs.mapping/bams.cds.rand/SRR11125497.x.s__Bariatricus sp004560705.fastq.gz,SRR11125497.x.s__Bariatricus sp004560705,fe39c5ad,8740000,51,DNA,10000,874,True,0.8947024445846149,0.910152742723085,0.90242759365385,0.910152742723085,True,1,2332,2894,d__Bacteria;p__Bacillota;c__Clostridia;o__Lachnospirales;f__Lachnospiraceae;g__Anthropogastromicrobium;s__Anthropogastromicrobium aceti
40000,0.004576659038901602,0.005025125628140704,0.0011441647597254005,0.0003455425017277125,1.0,1.0,0.0,/group/ctbrowngrp5/sourmash-db.new/gtdb-rs226/gtdb-rs226-k51.dna.rocksdb,GCA_037254195.1 bacterium,23442204881bb8558511135cfda3aea0,0.020100502512562814,10000,185,3100000,outputs.mapping/bams.cds.rand/SRR11125497.x.s__Bariatricus sp004560705.fastq.gz,SRR11125497.x.s__Bariatricus sp004560705,fe39c5ad,8740000,51,DNA,10000,874,True,0.8997635654854742,0.9262528288328298,0.9130081971591519,0.9262528288328298,True,1,2333,2894,d__Bacteria;p__Bacillota;c__Clostridia;o__Lachnospirales;f__Lachnospiraceae;g__CAG-791;s__CAG-791 sp000431495
20000,0.002288329519450801,0.003484320557491289,0.0011441647597254005,0.0003455425017277125,1.0,1.0,0.0,/group/ctbrowngrp5/sourmash-db.new/gtdb-rs226/gtdb-rs226-k51.dna.rocksdb,GCA_004554605.1 Subdoligranulum sp.,5665a6e77f793c29f9a9ef9a82abca3e,0.006968641114982578,10000,186,3090000,outputs.mapping/bams.cds.rand/SRR11125497.x.s__Bariatricus sp004560705.fastq.gz,SRR11125497.x.s__Bariatricus sp004560705,fe39c5ad,8740000,51,DNA,10000,874,True,0.8876174961435739,0.9072120002228622,0.897414748183218,0.9072120002228622,True,1,2334,2894,d__Bacteria;p__Bacillota;c__Clostridia;o__Oscillospirales;f__Ruminococcaceae;g__Gemmiger;s__Gemmiger qucibialis
10000,0.0011441647597254005,0.0036363636363636364,0.0011441647597254005,0.0010366275051831375,3.0,3.0,0.0,/group/ctbrowngrp5/sourmash-db.new/gtdb-rs226/gtdb-rs226-k51.dna.rocksdb,GCA_934373705.1 uncultured Lachnospiraceae bacterium,6ca3424eff36b1073a377864ca094066,0.0036363636363636364,10000,187,3080000,outputs.mapping/bams.cds.rand/SRR11125497.x.s__Bariatricus sp004560705.fastq.gz,SRR11125497.x.s__Bariatricus sp004560705,fe39c5ad,8740000,51,DNA,10000,874,True,0.8756353887647017,0.8957152063205601,0.885675297542631,0.8957152063205601,True,3,2337,2894,d__Bacteria;p__Bacillota;c__Clostridia;o__Lachnospirales;f__Lachnospiraceae;g__UBA11957;s__UBA11957 sp934394565
10000,0.0011441647597254005,0.006578947368421052,0.0011441647597254005,0.000691085003455425,2.0,2.0,0.0,/group/ctbrowngrp5/sourmash-db.new/gtdb-rs226/gtdb-rs226-k51.dna.rocksdb,GCA_028720385.1 Bacillota bacterium,4422742e10edc52606d5c03a2719d601,0.006578947368421052,10000,188,3070000,outputs.mapping/bams.cds.rand/SRR11125497.x.s__Bariatricus sp004560705.fastq.gz,SRR11125497.x.s__Bariatricus sp004560705,fe39c5ad,8740000,51,DNA,10000,874,True,0.8756353887647017,0.9061889313384778,0.8909121600515897,0.9061889313384778,True,2,2339,2894,d__Bacteria;p__Bacillota;c__Clostridia;o__Peptostreptococcales;f__Anaerovoracaceae;g__Lentihominibacter;s__Lentihominibacter sp022780965
10000,0.0011441647597254005,0.0041841004184100415,0.0011441647597254005,0.0010366275051831375,3.0,3.0,0.0,/group/ctbrowngrp5/sourmash-db.new/gtdb-rs226/gtdb-rs226-k51.dna.rocksdb,GCA_945895835.1 uncultured Clostridia bacterium,c2ef00dfd2569b89d5f0f8feff499e81,0.0041841004184100415,10000,189,3060000,outputs.mapping/bams.cds.rand/SRR11125497.x.s__Bariatricus sp004560705.fastq.gz,SRR11125497.x.s__Bariatricus sp004560705,fe39c5ad,8740000,51,DNA,10000,874,True,0.8756353887647017,0.8981828266298771,0.8869091076972895,0.8981828266298771,True,3,2342,2894,d__Bacteria;p__Bacillota;c__Clostridia;o__Oscillospirales;f__Oscillospiraceae;g__Vescimonas;s__Vescimonas sp934591815
20000,0.002288329519450801,0.004484304932735426,0.0011441647597254005,0.0003455425017277125,1.0,1.0,0.0,/group/ctbrowngrp5/sourmash-db.new/gtdb-rs226/gtdb-rs226-k51.dna.rocksdb,GCA_022778025.1 Oribacterium sp.,4c0de9ee4ebc55c0bfc51f6788176300,0.008968609865470852,10000,190,3050000,outputs.mapping/bams.cds.rand/SRR11125497.x.s__Bariatricus sp004560705.fastq.gz,SRR11125497.x.s__Bariatricus sp004560705,fe39c5ad,8740000,51,DNA,10000,874,True,0.8876174961435739,0.9117113376687807,0.8996644169061773,0.9117113376687807,True,1,2343,2894,d__Bacteria;p__Bacillota;c__Clostridia;o__Lachnospirales;f__Lachnospiraceae;g__Oribacterium;s__Oribacterium sp004554245
220000,0.02517162471395881,0.003676470588235294,0.0011441647597254005,0.0003455425017277125,1.0,1.0,0.0,/group/ctbrowngrp5/sourmash-db.new/gtdb-rs226/gtdb-rs226-k51.dna.rocksdb,GCA_945871195.1 uncultured Blautia sp.,13faaa07a55ccf7c564673fc2d959dc7,0.08088235294117647,10000,191,3040000,outputs.mapping/bams.cds.rand/SRR11125497.x.s__Bariatricus sp004560705.fastq.gz,SRR11125497.x.s__Bariatricus sp004560705,fe39c5ad,8740000,51,DNA,10000,874,True,0.9303477648764975,0.9518869397422048,0.9411173523093512,0.9518869397422048,False,1,2344,2894,d__Bacteria;p__Bacillota;c__Clostridia;o__Lachnospirales;f__Lachnospiraceae;g__Oliverpabstia;s__Oliverpabstia intestinalis
40000,0.004576659038901602,0.005714285714285714,0.0011441647597254005,0.0003455425017277125,1.0,1.0,0.0,/group/ctbrowngrp5/sourmash-db.new/gtdb-rs226/gtdb-rs226-k51.dna.rocksdb,GCA_036550655.1 Clostridia bacterium,1b7aa253e7719ed11923e404788f1cd0,0.022857142857142857,10000,192,3030000,outputs.mapping/bams.cds.rand/SRR11125497.x.s__Bariatricus sp004560705.fastq.gz,SRR11125497.x.s__Bariatricus sp004560705,fe39c5ad,8740000,51,DNA,10000,874,True,0.8997635654854742,0.9285899085472914,0.9141767370163828,0.9285899085472914,True,1,2345,2894,d__Bacteria;p__Bacillota;c__Clostridia;o__Peptostreptococcales;f__Anaerovoracaceae;g__Mogibacterium_A;s__Mogibacterium_A kristiansenii
10000,0.0011441647597254005,0.0029239766081871343,0.0011441647597254005,0.0003455425017277125,1.0,1.0,0.0,/group/ctbrowngrp5/sourmash-db.new/gtdb-rs226/gtdb-rs226-k51.dna.rocksdb,GCF_947631635.1 uncultured Dysosmobacter sp.,556b775dd60b253dee395469107db211,0.0029239766081871343,10000,193,3020000,outputs.mapping/bams.cds.rand/SRR11125497.x.s__Bariatricus sp004560705.fastq.gz,SRR11125497.x.s__Bariatricus sp004560705,fe39c5ad,8740000,51,DNA,10000,874,True,0.8756353887647017,0.8918939410246526,0.8837646648946771,0.8918939410246526,True,1,2346,2894,d__Bacteria;p__Bacillota;c__Clostridia;o__Oscillospirales;f__Oscillospiraceae;g__Oscillibacter;s__Oscillibacter sp947631635
10000,0.0011441647597254005,0.004366812227074236,0.0011441647597254005,0.000691085003455425,2.0,2.0,0.0,/group/ctbrowngrp5/sourmash-db.new/gtdb-rs226/gtdb-rs226-k51.dna.rocksdb,GCA_022780085.1 Oscillospiraceae bacterium,b63a0429ec579b6988b208e9f98eda4a,0.004366812227074236,10000,194,3010000,outputs.mapping/bams.cds.rand/SRR11125497.x.s__Bariatricus sp004560705.fastq.gz,SRR11125497.x.s__Bariatricus sp004560705,fe39c5ad,8740000,51,DNA,10000,874,True,0.8756353887647017,0.8989358818428389,0.8872856353037704,0.8989358818428389,True,2,2348,2894,d__Bacteria;p__Bacillota;c__Clostridia;o__Oscillospirales;f__Ruminococcaceae;g__Gemmiger;s__Gemmiger sp900554145
10000,0.0011441647597254005,0.0034129692832764505,0.0011441647597254005,0.0003455425017277125,1.0,1.0,0.0,/group/ctbrowngrp5/sourmash-db.new/gtdb-rs226/gtdb-rs226-k51.dna.rocksdb,GCA_934433445.1 uncultured Lachnospiraceae bacterium,30ff617ad6fc713334bf80f89b7f7b61,0.0034129692832764505,10000,195,3000000,outputs.mapping/bams.cds.rand/SRR11125497.x.s__Bariatricus sp004560705.fastq.gz,SRR11125497.x.s__Bariatricus sp004560705,fe39c5ad,8740000,51,DNA,10000,874,True,0.8756353887647017,0.8946023746949219,0.8851188817298118,0.8946023746949219,True,1,2349,2894,d__Bacteria;p__Bacillota;c__Clostridia;o__Lachnospirales;f__Lachnospiraceae;g__Suilimivivens;s__Suilimivivens sp000438155
10000,0.0011441647597254005,0.0036231884057971015,0.0011441647597254005,0.0003455425017277125,1.0,1.0,0.0,/group/ctbrowngrp5/sourmash-db.new/gtdb-rs226/gtdb-rs226-k51.dna.rocksdb,GCA_004556985.1 Clostridiales bacterium,b7003337dd5a9631fd3d0a4bf3c12821,0.0036231884057971015,10000,196,2990000,outputs.mapping/bams.cds.rand/SRR11125497.x.s__Bariatricus sp004560705.fastq.gz,SRR11125497.x.s__Bariatricus sp004560705,fe39c5ad,8740000,51,DNA,10000,874,True,0.8756353887647017,0.8956514588158029,0.8856434237902523,0.8956514588158029,True,1,2350,2894,d__Bacteria;p__Bacillota;c__Clostridia;o__Christensenellales;f__Aristaeellaceae;g__Ventricola;s__Ventricola sp004556985
20000,0.002288329519450801,0.0040650406504065045,0.0011441647597254005,0.01243953006219765,36.0,36.0,0.0,/group/ctbrowngrp5/sourmash-db.new/gtdb-rs226/gtdb-rs226-k51.dna.rocksdb,GCA_938001885.1 uncultured Lachnospiraceae bacterium,a67945618f3f9f32645ad8514201ccbe,0.008130081300813009,10000,197,2980000,outputs.mapping/bams.cds.rand/SRR11125497.x.s__Bariatricus sp004560705.fastq.gz,SRR11125497.x.s__Bariatricus sp004560705,fe39c5ad,8740000,51,DNA,10000,874,True,0.8876174961435739,0.9099582533276309,0.8987878747356024,0.9099582533276309,True,36,2386,2894,d__Bacteria;p__Bacillota;c__Clostridia;o__Lachnospirales;f__Lachnospiraceae;g__Frisingicoccus;s__Frisingicoccus caecimuris
20000,0.002288329519450801,0.0032258064516129032,0.0011441647597254005,0.0003455425017277125,1.0,1.0,0.0,/group/ctbrowngrp5/sourmash-db.new/gtdb-rs226/gtdb-rs226-k51.dna.rocksdb,GCA_029010515.1 Ruminococcus sp.,72c89a2514d3edb9add83eea25dc328d,0.0064516129032258064,10000,198,2970000,outputs.mapping/bams.cds.rand/SRR11125497.x.s__Bariatricus sp004560705.fastq.gz,SRR11125497.x.s__Bariatricus sp004560705,fe39c5ad,8740000,51,DNA,10000,874,True,0.8876174961435739,0.9058417214684041,0.8967296088059891,0.9058417214684041,True,1,2387,2894,d__Bacteria;p__Bacillota;c__Clostridia;o__Lachnospirales;f__Lachnospiraceae;g__Blautia_A;s__Blautia_A sp900066355
70000,0.008009153318077803,0.0026666666666666666,0.0011441647597254005,0.000691085003455425,2.0,2.0,0.0,/group/ctbrowngrp5/sourmash-db.new/gtdb-rs226/gtdb-rs226-k51.dna.rocksdb,GCA_022764165.1 Eubacterium sp.,86b632b7ed836955f537e7b9656a4752,0.018666666666666668,10000,199,2960000,outputs.mapping/bams.cds.rand/SRR11125497.x.s__Bariatricus sp004560705.fastq.gz,SRR11125497.x.s__Bariatricus sp004560705,fe39c5ad,8740000,51,DNA,10000,874,True,0.909690909917396,0.9249097305360438,0.9173003202267198,0.9249097305360438,False,2,2389,2894,d__Bacteria;p__Bacillota;c__Clostridia;o__Lachnospirales;f__Lachnospiraceae;g__Oliverpabstia;s__Oliverpabstia sp022764165
10000,0.0011441647597254005,0.0021321961620469083,0.0011441647597254005,0.0003455425017277125,1.0,1.0,0.0,/group/ctbrowngrp5/sourmash-db.new/gtdb-rs226/gtdb-rs226-k51.dna.rocksdb,GCA_009929525.1 Clostridia bacterium,45c2e8795135aafb221133cb59ab6d49,0.0021321961620469083,10000,200,2950000,outputs.mapping/bams.cds.rand/SRR11125497.x.s__Bariatricus sp004560705.fastq.gz,SRR11125497.x.s__Bariatricus sp004560705,fe39c5ad,8740000,51,DNA,10000,874,True,0.8756353887647017,0.886388395952828,0.8810118923587649,0.886388395952828,True,1,2390,2894,d__Bacteria;p__Bacillota;c__Clostridia;o__Lachnospirales;f__Lachnospiraceae;g__Oliverpabstia;s__Oliverpabstia sp009929525
30000,0.003432494279176201,0.0029154518950437317,0.0011441647597254005,0.0003455425017277125,1.0,1.0,0.0,/group/ctbrowngrp5/sourmash-db.new/gtdb-rs226/gtdb-rs226-k51.dna.rocksdb,GCA_019411745.1 Clostridiales bacterium,4044833f7847f3dc23e55ac175c166a5,0.008746355685131196,10000,201,2940000,outputs.mapping/bams.cds.rand/SRR11125497.x.s__Bariatricus sp004560705.fastq.gz,SRR11125497.x.s__Bariatricus sp004560705,fe39c5ad,8740000,51,DNA,10000,874,True,0.8947024445846149,0.9112628580091224,0.9029826512968686,0.9112628580091224,True,1,2391,2894,d__Bacteria;p__Bacillota;c__Clostridia;o__Lachnospirales;f__Lachnospiraceae;g__Anaerobutyricum;s__Anaerobutyricum soehngenii
10000,0.0011441647597254005,0.0053475935828877,0.0011441647597254005,0.0003455425017277125,1.0,1.0,0.0,/group/ctbrowngrp5/sourmash-db.new/gtdb-rs226/gtdb-rs226-k51.dna.rocksdb,GCA_900316665.1 uncultured Lachnospiraceae bacterium,8a1f960d0d3ab118ab948f784289e5ab,0.0053475935828877,10000,202,2930000,outputs.mapping/bams.cds.rand/SRR11125497.x.s__Bariatricus sp004560705.fastq.gz,SRR11125497.x.s__Bariatricus sp004560705,fe39c5ad,8740000,51,DNA,10000,874,True,0.8756353887647017,0.9025142881157426,0.8890748384402222,0.9025142881157426,True,1,2392,2894,d__Bacteria;p__Bacillota;c__Clostridia;o__Lachnospirales;f__Lachnospiraceae;g__UBA629;s__UBA629 sp900316665
20000,0.002288329519450801,0.004830917874396135,0.0011441647597254005,0.0003455425017277125,1.0,1.0,0.0,/group/ctbrowngrp5/sourmash-db.new/gtdb-rs226/gtdb-rs226-k51.dna.rocksdb,GCA_945877825.1 uncultured Lachnospiraceae bacterium,5d89ca24a7d1f9d3f163e73a383fad2b,0.00966183574879227,10000,203,2920000,outputs.mapping/bams.cds.rand/SRR11125497.x.s__Bariatricus sp004560705.fastq.gz,SRR11125497.x.s__Bariatricus sp004560705,fe39c5ad,8740000,51,DNA,10000,874,True,0.8876174961435739,0.9130432826867383,0.9003303894151561,0.9130432826867383,True,1,2393,2894,d__Bacteria;p__Bacillota;c__Clostridia;o__Lachnospirales;f__Lachnospiraceae;g__UBA2868;s__UBA2868 sp004552595
10000,0.0011441647597254005,0.002881844380403458,0.0011441647597254005,0.0003455425017277125,1.0,1.0,0.0,/group/ctbrowngrp5/sourmash-db.new/gtdb-rs226/gtdb-rs226-k51.dna.rocksdb,GCA_034117785.1 Lachnospiraceae bacterium,cae3b1979fcf875e3956e4344c22a762,0.002881844380403458,10000,204,2910000,outputs.mapping/bams.cds.rand/SRR11125497.x.s__Bariatricus sp004560705.fastq.gz,SRR11125497.x.s__Bariatricus sp004560705,fe39c5ad,8740000,51,DNA,10000,874,True,0.8756353887647017,0.8916401538661815,0.8836377713154415,0.8916401538661815,True,1,2394,2894,d__Bacteria;p__Bacillota;c__Clostridia;o__Lachnospirales;f__Lachnospiraceae;g__TWA4;s__TWA4 sp028724245
20000,0.002288329519450801,0.003937007874015748,0.0011441647597254005,0.0017277125086385626,5.0,5.0,0.0,/group/ctbrowngrp5/sourmash-db.new/gtdb-rs226/gtdb-rs226-k51.dna.rocksdb,GCA_945990685.1 uncultured Subdoligranulum sp.,dfdb9cd2536572a72eeae339962a3ac5,0.007874015748031496,10000,205,2900000,outputs.mapping/bams.cds.rand/SRR11125497.x.s__Bariatricus sp004560705.fastq.gz,SRR11125497.x.s__Bariatricus sp004560705,fe39c5ad,8740000,51,DNA,10000,874,True,0.8876174961435739,0.9093874295165494,0.8985024628300616,0.9093874295165494,True,5,2399,2894,d__Bacteria;p__Bacillota;c__Clostridia;o__Oscillospirales;f__Ruminococcaceae;g__Gemmiger;s__Gemmiger formicilis
30000,0.003432494279176201,0.003389830508474576,0.0011441647597254005,0.0003455425017277125,1.0,1.0,0.0,/group/ctbrowngrp5/sourmash-db.new/gtdb-rs226/gtdb-rs226-k51.dna.rocksdb,GCA_036750075.1 Oscillospiraceae bacterium,fbb974cd9f48c232a898d6cb2226f9ef,0.010169491525423728,10000,206,2890000,outputs.mapping/bams.cds.rand/SRR11125497.x.s__Bariatricus sp004560705.fastq.gz,SRR11125497.x.s__Bariatricus sp004560705,fe39c5ad,8740000,51,DNA,10000,874,True,0.8947024445846149,0.913960519928332,0.9043314822564734,0.913960519928332,True,1,2400,2894,d__Bacteria;p__Bacillota;c__Clostridia;o__Oscillospirales;f__Ruminococcaceae;g__Gemmiger;s__Gemmiger qucibialis
10000,0.0011441647597254005,0.004807692307692308,0.0011441647597254005,0.000691085003455425,2.0,2.0,0.0,/group/ctbrowngrp5/sourmash-db.new/gtdb-rs226/gtdb-rs226-k51.dna.rocksdb,GCA_029218765.1 Oscillospiraceae bacterium,09c8ecef37c84b778546205a8e23a4a4,0.004807692307692308,10000,207,2880000,outputs.mapping/bams.cds.rand/SRR11125497.x.s__Bariatricus sp004560705.fastq.gz,SRR11125497.x.s__Bariatricus sp004560705,fe39c5ad,8740000,51,DNA,10000,874,True,0.8756353887647017,0.9006328380135685,0.8881341133891352,0.9006328380135685,True,2,2402,2894,d__Bacteria;p__Bacillota;c__Clostridia;o__Oscillospirales;f__Oscillospiraceae;g__Faecousia;s__Faecousia sp017622995
30000,0.003432494279176201,0.005649717514124294,0.0011441647597254005,0.0003455425017277125,1.0,1.0,0.0,/group/ctbrowngrp5/sourmash-db.new/gtdb-rs226/gtdb-rs226-k51.dna.rocksdb,GCF_013293875.1 Campylobacter coli,7bf5402e74a93e556553cd08dec7ffbc,0.01694915254237288,10000,208,2870000,outputs.mapping/bams.cds.rand/SRR11125497.x.s__Bariatricus sp004560705.fastq.gz,SRR11125497.x.s__Bariatricus sp004560705,fe39c5ad,8740000,51,DNA,10000,874,True,0.8947024445846149,0.9231609205173658,0.9089316825509903,0.9231609205173658,True,1,2403,2894,d__Bacteria;p__Campylobacterota;c__Campylobacteria;o__Campylobacterales;f__Campylobacteraceae;g__Campylobacter_D;s__Campylobacter_D coli
10000,0.0011441647597254005,0.0032679738562091504,0.0011441647597254005,0.0003455425017277125,1.0,1.0,0.0,/group/ctbrowngrp5/sourmash-db.new/gtdb-rs226/gtdb-rs226-k51.dna.rocksdb,GCA_930989415.1 uncultured Blautia sp.,d1dfc842376d990e7e6ca53806c33267,0.0032679738562091504,10000,209,2860000,outputs.mapping/bams.cds.rand/SRR11125497.x.s__Bariatricus sp004560705.fastq.gz,SRR11125497.x.s__Bariatricus sp004560705,fe39c5ad,8740000,51,DNA,10000,874,True,0.8756353887647017,0.8938411904895232,0.8847382896271124,0.8938411904895232,True,1,2404,2894,d__Bacteria;p__Bacillota;c__Clostridia;o__Lachnospirales;f__Lachnospiraceae;g__Blautia_A;s__Blautia_A intestinigallinarum
10000,0.0011441647597254005,0.0045045045045045045,0.0011441647597254005,0.0003455425017277125,1.0,1.0,0.0,/group/ctbrowngrp5/sourmash-db.new/gtdb-rs226/gtdb-rs226-k51.dna.rocksdb,GCA_934591805.1 uncultured Oscillospiraceae bacterium,8debc5a8d30bd9b70d3e293504c7defe,0.0045045045045045045,10000,210,2850000,outputs.mapping/bams.cds.rand/SRR11125497.x.s__Bariatricus sp004560705.fastq.gz,SRR11125497.x.s__Bariatricus sp004560705,fe39c5ad,8740000,51,DNA,10000,874,True,0.8756353887647017,0.8994832469384727,0.8875593178515873,0.8994832469384727,True,1,2405,2894,d__Bacteria;p__Bacillota;c__Clostridia;o__Oscillospirales;f__Oscillospiraceae;g__Limivicinus;s__Limivicinus sp900546515
80000,0.009153318077803204,0.0032679738562091504,0.0011441647597254005,0.00138217000691085,4.0,4.0,0.0,/group/ctbrowngrp5/sourmash-db.new/gtdb-rs226/gtdb-rs226-k51.dna.rocksdb,GCF_022786255.1 Blautia massiliensis (ex Durand et al. 2017),3dc72b0ac99fffc0397410b696f314e5,0.026143790849673203,10000,211,2840000,outputs.mapping/bams.cds.rand/SRR11125497.x.s__Bariatricus sp004560705.fastq.gz,SRR11125497.x.s__Bariatricus sp004560705,fe39c5ad,8740000,51,DNA,10000,874,True,0.9120758404295616,0.9310392949928658,0.9215575677112137,0.9310392949928658,False,4,2409,2894,d__Bacteria;p__Bacillota;c__Clostridia;o__Lachnospirales;f__Lachnospiraceae;g__Blautia_A;s__Blautia_A fusiformis
10000,0.0011441647597254005,0.0037593984962406013,0.0011441647597254005,0.0003455425017277125,1.0,1.0,0.0,/group/ctbrowngrp5/sourmash-db.new/gtdb-rs226/gtdb-rs226-k51.dna.rocksdb,GCA_934463215.1 uncultured Eubacteriales bacterium,b320cb9615d04cc8e3169177f63081d1,0.0037593984962406013,10000,212,2830000,outputs.mapping/bams.cds.rand/SRR11125497.x.s__Bariatricus sp004560705.fastq.gz,SRR11125497.x.s__Bariatricus sp004560705,fe39c5ad,8740000,51,DNA,10000,874,True,0.8756353887647017,0.896299803565827,0.8859675961652643,0.896299803565827,True,1,2410,2894,d__Bacteria;p__Bacillota;c__Clostridia;o__Oscillospirales;f__CAG-272;g__UMGS1696;s__UMGS1696 sp900554225
170000,0.019450800915331808,0.005319148936170213,0.0011441647597254005,0.002073255010366275,6.0,6.0,0.0,/group/ctbrowngrp5/sourmash-db.new/gtdb-rs226/gtdb-rs226-k51.dna.rocksdb,GCA_945868135.1 uncultured Ruminococcus sp.,540b5ba125b2078149890cdc23e4a78e,0.09042553191489362,10000,213,2820000,outputs.mapping/bams.cds.rand/SRR11125497.x.s__Bariatricus sp004560705.fastq.gz,SRR11125497.x.s__Bariatricus sp004560705,fe39c5ad,8740000,51,DNA,10000,874,True,0.9256562859343512,0.9539708822216629,0.9398135840780071,0.9539708822216629,False,6,2416,2894,d__Bacteria;p__Bacillota;c__Clostridia;o__Lachnospirales;f__Lachnospiraceae;g__Blautia_A;s__Blautia_A sp018919065
