intersect_bp,f_orig_query,f_match,f_unique_to_query,f_unique_weighted,average_abund,median_abund,std_abund,filename,name,md5,f_match_orig,unique_intersect_bp,gather_result_rank,remaining_bp,query_filename,query_name,query_md5,query_bp,ksize,moltype,scaled,query_n_hashes,query_abundance,query_containment_ani,match_containment_ani,average_containment_ani,max_containment_ani,potential_false_negative,n_unique_weighted_found,sum_weighted_found,total_weighted_hashes,lineage
2410000,0.11492608488316643,0.77491961414791,0.11492608488316643,0.17378466729937783,13.676348547717842,7.0,54.28611596593458,/group/ctbrowngrp5/sourmash-db.new/gtdb-rs226/gtdb-rs226-k51.dna.rocksdb,GCF_039832125.1 Dorea sp. YH-dor228,a0060173516bc4642ee6172ac1d68a1d,0.77491961414791,2410000,0,18560000,outputs.mapping/bams.cds.rand/SRR17241609.x.s__JAFBIX01 sp021531895.fastq.gz,SRR17241609.x.s__JAFBIX01 sp021531895,61c7fd37,20970000,51,DNA,10000,2097,True,0.9584662734950422,0.9950125576486667,0.9767394155718545,0.9950125576486667,False,3296,3296,18966,d__Bacteria;p__Bacillota;c__Clostridia;o__Lachnospirales;f__Lachnospiraceae;g__JAFBIX01;s__JAFBIX01 sp021531895
2260000,0.10777300906056271,0.19083969465648856,0.023843586075345733,0.012759675208267426,4.84,4.0,3.7059951430081504,/group/ctbrowngrp5/sourmash-db.new/gtdb-rs226/gtdb-rs226-k51.dna.rocksdb,GCA_945872445.1 uncultured Dorea sp.,657e190970aba33fbd46678a682f5e0a,0.8625954198473282,500000,1,18060000,outputs.mapping/bams.cds.rand/SRR17241609.x.s__JAFBIX01 sp021531895.fastq.gz,SRR17241609.x.s__JAFBIX01 sp021531895,61c7fd37,20970000,51,DNA,10000,2097,True,0.9572593301966433,0.9971059702231008,0.977182650209872,0.9971059702231008,False,242,3538,18966,d__Bacteria;p__Bacillota;c__Clostridia;o__Lachnospirales;f__Lachnospiraceae;g__JAFBIX01;s__JAFBIX01 sp021531895
460000,0.021936099189318072,0.1362126245847176,0.0195517405817835,0.03142465464515449,14.536585365853659,7.0,21.283335472337942,/group/ctbrowngrp5/sourmash-db.new/gtdb-rs226/gtdb-rs226-k51.dna.rocksdb,GCA_946011575.1 uncultured Dorea sp.,e2c514ba810774e7b9eaa90ac20edc27,0.15282392026578073,410000,2,17650000,outputs.mapping/bams.cds.rand/SRR17241609.x.s__JAFBIX01 sp021531895.fastq.gz,SRR17241609.x.s__JAFBIX01 sp021531895,61c7fd37,20970000,51,DNA,10000,2097,True,0.9278413295982472,0.9638373497748799,0.9458393396865635,0.9638373497748799,False,596,4134,18966,d__Bacteria;p__Bacillota;c__Clostridia;o__Lachnospirales;f__Lachnospiraceae;g__Dorea_A;s__Dorea_A sp022769185
430000,0.02050548402479733,0.1180327868852459,0.017167381974248927,0.03827902562480228,20.166666666666668,7.5,40.676569832439576,/group/ctbrowngrp5/sourmash-db.new/gtdb-rs226/gtdb-rs226-k51.dna.rocksdb,GCF_039832105.1 Dorea sp. YH-dor226,3c56cbfb20755d30fd6683468b687848,0.14098360655737704,360000,3,17290000,outputs.mapping/bams.cds.rand/SRR17241609.x.s__JAFBIX01 sp021531895.fastq.gz,SRR17241609.x.s__JAFBIX01 sp021531895,61c7fd37,20970000,51,DNA,10000,2097,True,0.9266151834786754,0.9623145043608694,0.9444648439197725,0.9623145043608694,False,726,4860,18966,d__Bacteria;p__Bacillota;c__Clostridia;o__Lachnospirales;f__Lachnospiraceae;g__Dorea_A;s__Dorea_A sp016295505
370000,0.01764425369575584,0.10486891385767791,0.01335240820219361,0.01745228303279553,11.821428571428571,6.0,13.48028605946098,/group/ctbrowngrp5/sourmash-db.new/gtdb-rs226/gtdb-rs226-k51.dna.rocksdb,GCA_034089445.1 Bariatricus sp.,9d20418ff58b4b6be00dd7d677cf98ec,0.13857677902621723,280000,4,17010000,outputs.mapping/bams.cds.rand/SRR17241609.x.s__JAFBIX01 sp021531895.fastq.gz,SRR17241609.x.s__JAFBIX01 sp021531895,61c7fd37,20970000,51,DNA,10000,2097,True,0.9238887363747739,0.9619896538094289,0.9429391950921013,0.9619896538094289,False,331,5191,18966,d__Bacteria;p__Bacillota;c__Clostridia;o__Lachnospirales;f__Lachnospiraceae;g__Bariatricus;s__Bariatricus sp004560705
2190000,0.1044349070100143,0.0851063829787234,0.011444921316165951,0.006801645049035116,5.375,5.0,3.7728470681966426,/group/ctbrowngrp5/sourmash-db.new/gtdb-rs226/gtdb-rs226-k51.dna.rocksdb,GCF_021531895.1 Faecalicatena contorta,b5f59c163f35c50ba075dd4824e9bebf,0.776595744680851,240000,5,16770000,outputs.mapping/bams.cds.rand/SRR17241609.x.s__JAFBIX01 sp021531895.fastq.gz,SRR17241609.x.s__JAFBIX01 sp021531895,61c7fd37,20970000,51,DNA,10000,2097,True,0.9566689533398391,0.9950547126889063,0.9758618330143727,0.9950547126889063,False,129,5320,18966,d__Bacteria;p__Bacillota;c__Clostridia;o__Lachnospirales;f__Lachnospiraceae;g__JAFBIX01;s__JAFBIX01 sp021531895
260000,0.01239866475917978,0.060941828254847646,0.010491177873152123,0.010176104608246335,8.772727272727273,5.0,15.459424363568408,/group/ctbrowngrp5/sourmash-db.new/gtdb-rs226/gtdb-rs226-k51.dna.rocksdb,GCF_022773175.1 Blautia sp.,c0d5f5a2ddcc47af637d94899fac95d6,0.07202216066481995,220000,6,16550000,outputs.mapping/bams.cds.rand/SRR17241609.x.s__JAFBIX01 sp021531895.fastq.gz,SRR17241609.x.s__JAFBIX01 sp021531895,61c7fd37,20970000,51,DNA,10000,2097,True,0.9175192705599969,0.949723917845473,0.933621594202735,0.949723917845473,False,193,5513,18966,d__Bacteria;p__Bacillota;c__Clostridia;o__Lachnospirales;f__Lachnospiraceae;g__Blautia_A;s__Blautia_A sp018919065
1590000,0.07582260371959942,0.06642066420664207,0.008583690987124463,0.012337867763366024,13.0,8.5,12.814921857827391,/group/ctbrowngrp5/sourmash-db.new/gtdb-rs226/gtdb-rs226-k51.dna.rocksdb,GCA_022782135.1 Lachnospiraceae bacterium,ed16bb5af09b1b5f827e7a4b5dc1e149,0.5867158671586716,180000,7,16370000,outputs.mapping/bams.cds.rand/SRR17241609.x.s__JAFBIX01 sp021531895.fastq.gz,SRR17241609.x.s__JAFBIX01 sp021531895,61c7fd37,20970000,51,DNA,10000,2097,True,0.9506819942069141,0.9895992769022091,0.9701406355545616,0.9895992769022091,False,234,5747,18966,d__Bacteria;p__Bacillota;c__Clostridia;o__Lachnospirales;f__Lachnospiraceae;g__JAFBIX01;s__JAFBIX01 sp021531895
340000,0.016213638531235097,0.04218362282878412,0.008106819265617548,0.014657808710323737,16.352941176470587,6.0,20.65099677546024,/group/ctbrowngrp5/sourmash-db.new/gtdb-rs226/gtdb-rs226-k51.dna.rocksdb,GCA_022782205.1 Lachnospiraceae bacterium,5d1fe08c84b2c770dab5488addf16ba5,0.08436724565756824,170000,8,16200000,outputs.mapping/bams.cds.rand/SRR17241609.x.s__JAFBIX01 sp021531895.fastq.gz,SRR17241609.x.s__JAFBIX01 sp021531895,61c7fd37,20970000,51,DNA,10000,2097,True,0.9223582090845704,0.9526745986743017,0.9375164038794361,0.9526745986743017,False,278,6025,18966,d__Bacteria;p__Bacillota;c__Clostridia;o__Lachnospirales;f__Lachnospiraceae;g__Oliverpabstia;s__Oliverpabstia sp004556655
170000,0.008106819265617548,0.05434782608695652,0.00715307582260372,0.0050089634082041545,6.333333333333333,3.0,6.278711828251256,/group/ctbrowngrp5/sourmash-db.new/gtdb-rs226/gtdb-rs226-k51.dna.rocksdb,GCA_021531235.1 Blautia producta,4645e019875be83dc81769376aa27ccc,0.06159420289855073,150000,9,16050000,outputs.mapping/bams.cds.rand/SRR17241609.x.s__JAFBIX01 sp021531895.fastq.gz,SRR17241609.x.s__JAFBIX01 sp021531895,61c7fd37,20970000,51,DNA,10000,2097,True,0.9099071306064509,0.9468157791437822,0.9283614548751166,0.9468157791437822,False,95,6120,18966,d__Bacteria;p__Bacillota;c__Clostridia;o__Lachnospirales;f__Lachnospiraceae;g__Oliverpabstia;s__Oliverpabstia intestinalis
1580000,0.07534573199809251,0.046875,0.005722460658082976,0.0017926816408309607,2.8333333333333335,2.5,1.7240134054647664,/group/ctbrowngrp5/sourmash-db.new/gtdb-rs226/gtdb-rs226-k51.dna.rocksdb,GCA_945863625.1 uncultured Dorea sp.,82b2899f1e5fad7f4df733dc25e2fc5c,0.6171875,120000,10,15930000,outputs.mapping/bams.cds.rand/SRR17241609.x.s__JAFBIX01 sp021531895.fastq.gz,SRR17241609.x.s__JAFBIX01 sp021531895,61c7fd37,20970000,51,DNA,10000,2097,True,0.9505643933723845,0.9905822274119997,0.9705733103921921,0.9905822274119997,False,34,6154,18966,d__Bacteria;p__Bacillota;c__Clostridia;o__Lachnospirales;f__Lachnospiraceae;g__JAFBIX01;s__JAFBIX01 sp021531895
130000,0.00619933237958989,0.02997275204359673,0.005245588936576061,0.154434250764526,266.27272727272725,6.0,814.2452267322163,/group/ctbrowngrp5/sourmash-db.new/gtdb-rs226/gtdb-rs226-k51.dna.rocksdb,GCF_018784445.1 Gemmiger formicilis,05a0256de479fcb370d77f1d0c2ed04a,0.035422343324250684,110000,11,15820000,outputs.mapping/bams.cds.rand/SRR17241609.x.s__JAFBIX01 sp021531895.fastq.gz,SRR17241609.x.s__JAFBIX01 sp021531895,61c7fd37,20970000,51,DNA,10000,2097,True,0.9051335137787268,0.9366006538438919,0.9208670838113093,0.9366006538438919,False,2929,9083,18966,d__Bacteria;p__Bacillota;c__Clostridia;o__Oscillospirales;f__Ruminococcaceae;g__Gemmiger;s__Gemmiger sp900540775
280000,0.01335240820219361,0.03184713375796178,0.004768717215069146,0.002372666877570389,4.5,2.5,3.8794329482541645,/group/ctbrowngrp5/sourmash-db.new/gtdb-rs226/gtdb-rs226-k51.dna.rocksdb,GCF_021531995.1 Faecalicatena contorta,4c931f1f8c50725e7bbd3ba64e4670a1,0.08917197452229299,100000,12,15720000,outputs.mapping/bams.cds.rand/SRR17241609.x.s__JAFBIX01 sp021531895.fastq.gz,SRR17241609.x.s__JAFBIX01 sp021531895,61c7fd37,20970000,51,DNA,10000,2097,True,0.9188534846488285,0.953709794484363,0.9362816395665958,0.953709794484363,False,45,9128,18966,d__Bacteria;p__Bacillota;c__Clostridia;o__Lachnospirales;f__Lachnospiraceae;g__Dorea_A;s__Dorea_A contorta_A
180000,0.008583690987124463,0.03546099290780142,0.004768717215069146,0.0034799114204365706,6.6,4.5,5.553377350765928,/group/ctbrowngrp5/sourmash-db.new/gtdb-rs226/gtdb-rs226-k51.dna.rocksdb,GCA_945828465.1 uncultured Ruminococcus sp.,9323176e50fa9ee2158f3f64e4e0b5c1,0.06382978723404255,100000,13,15620000,outputs.mapping/bams.cds.rand/SRR17241609.x.s__JAFBIX01 sp021531895.fastq.gz,SRR17241609.x.s__JAFBIX01 sp021531895,61c7fd37,20970000,51,DNA,10000,2097,True,0.9109274836213538,0.9474778943445911,0.9292026889829724,0.9474778943445911,False,66,9194,18966,d__Bacteria;p__Bacillota;c__Clostridia;o__Lachnospirales;f__Lachnospiraceae;g__Mediterraneibacter;s__Mediterraneibacter faecis
120000,0.005722460658082976,0.022670025188916875,0.004291845493562232,0.0017926816408309607,3.7777777777777777,2.0,5.4319584718134735,/group/ctbrowngrp5/sourmash-db.new/gtdb-rs226/gtdb-rs226-k51.dna.rocksdb,GCA_902362695.1 Lachnospiraceae bacterium,88814aa8d627231136fd7d972eb4f967,0.030226700251889168,90000,14,15530000,outputs.mapping/bams.cds.rand/SRR17241609.x.s__JAFBIX01 sp021531895.fastq.gz,SRR17241609.x.s__JAFBIX01 sp021531895,61c7fd37,20970000,51,DNA,10000,2097,True,0.9037140527270402,0.9336922198436256,0.9187031362853328,0.9336922198436256,False,34,9228,18966,d__Bacteria;p__Bacillota;c__Clostridia;o__Lachnospirales;f__Lachnospiraceae;g__Blautia_A;s__Blautia_A ammoniilytica
1570000,0.0748688602765856,0.04081632653061224,0.003814973772055317,0.0015290519877675841,3.625,2.5,2.7357585785299112,/group/ctbrowngrp5/sourmash-db.new/gtdb-rs226/gtdb-rs226-k51.dna.rocksdb,GCA_946409975.1 uncultured Dorea sp.,eb3f1829877829c86e5b927ab1d2d995,0.8010204081632653,80000,15,15450000,outputs.mapping/bams.cds.rand/SRR17241609.x.s__JAFBIX01 sp021531895.fastq.gz,SRR17241609.x.s__JAFBIX01 sp021531895,61c7fd37,20970000,51,DNA,10000,2097,True,0.9504460605471311,0.9956590794668295,0.9730525700069803,0.9956590794668295,False,29,9257,18966,d__Bacteria;p__Bacillota;c__Clostridia;o__Lachnospirales;f__Lachnospiraceae;g__JAFBIX01;s__JAFBIX01 sp021531895
1440000,0.06866952789699571,0.03076923076923077,0.003814973772055317,0.0017926816408309607,4.25,3.0,3.191786333700926,/group/ctbrowngrp5/sourmash-db.new/gtdb-rs226/gtdb-rs226-k51.dna.rocksdb,GCA_022771105.1 Lachnospiraceae bacterium,0fd71474500a60348ca4f8734c2c36b0,0.5538461538461539,80000,16,15370000,outputs.mapping/bams.cds.rand/SRR17241609.x.s__JAFBIX01 sp021531895.fastq.gz,SRR17241609.x.s__JAFBIX01 sp021531895,61c7fd37,20970000,51,DNA,10000,2097,True,0.9488366514816495,0.9884812016902147,0.9686589265859321,0.9884812016902147,False,34,9291,18966,d__Bacteria;p__Bacillota;c__Clostridia;o__Lachnospirales;f__Lachnospiraceae;g__JAFBIX01;s__JAFBIX01 sp021531895
130000,0.00619933237958989,0.02857142857142857,0.003814973772055317,0.006907096910260466,16.375,19.0,9.771610665596537,/group/ctbrowngrp5/sourmash-db.new/gtdb-rs226/gtdb-rs226-k51.dna.rocksdb,GCA_946055295.1 uncultured Lachnospiraceae bacterium,f8fb263de90251262e89cbe7b29cbbba,0.04642857142857143,80000,17,15290000,outputs.mapping/bams.cds.rand/SRR17241609.x.s__JAFBIX01 sp021531895.fastq.gz,SRR17241609.x.s__JAFBIX01 sp021531895,61c7fd37,20970000,51,DNA,10000,2097,True,0.9051335137787268,0.9415828414189006,0.9233581775988137,0.9415828414189006,False,131,9422,18966,d__Bacteria;p__Bacillota;c__Clostridia;o__Lachnospirales;f__Lachnospiraceae;g__Suilimivivens;s__Suilimivivens sp018384375
120000,0.005722460658082976,0.025477707006369428,0.003814973772055317,0.001845407571443636,4.375,3.0,4.240798863421843,/group/ctbrowngrp5/sourmash-db.new/gtdb-rs226/gtdb-rs226-k51.dna.rocksdb,GCF_900209925.1 Anaerobutyricum hallii,84b0ba7d93d1acab2a2022439c432f48,0.03821656050955414,80000,18,15210000,outputs.mapping/bams.cds.rand/SRR17241609.x.s__JAFBIX01 sp021531895.fastq.gz,SRR17241609.x.s__JAFBIX01 sp021531895,61c7fd37,20970000,51,DNA,10000,2097,True,0.9037140527270402,0.937996054755491,0.9208550537412656,0.937996054755491,False,35,9457,18966,d__Bacteria;p__Bacillota;c__Clostridia;o__Lachnospirales;f__Lachnospiraceae;g__Anaerobutyricum;s__Anaerobutyricum soehngenii
300000,0.01430615164520744,0.029197080291970802,0.003814973772055317,0.0045871559633027525,10.875,10.5,5.946374946133148,/group/ctbrowngrp5/sourmash-db.new/gtdb-rs226/gtdb-rs226-k51.dna.rocksdb,GCA_034104765.1 Bariatricus sp.,5fb309ac99bb26cd210eba81e4539c8d,0.10948905109489052,80000,19,15130000,outputs.mapping/bams.cds.rand/SRR17241609.x.s__JAFBIX01 sp021531895.fastq.gz,SRR17241609.x.s__JAFBIX01 sp021531895,61c7fd37,20970000,51,DNA,10000,2097,True,0.9200973520939373,0.9575558882694685,0.9388266201817028,0.9575558882694685,False,87,9544,18966,d__Bacteria;p__Bacillota;c__Clostridia;o__Lachnospirales;f__Lachnospiraceae;g__Bariatricus;s__Bariatricus sp004560705
120000,0.005722460658082976,0.014799154334038054,0.0033381020505484026,0.0014236001265422334,3.857142857142857,1.0,4.763809143009447,/group/ctbrowngrp5/sourmash-db.new/gtdb-rs226/gtdb-rs226-k51.dna.rocksdb,GCF_039060295.1 Ruminococcus sp. 2227st1_E6_2227SCRN_220401,3b736584ca7d51c5e97ffcc914537695,0.02536997885835095,70000,20,15060000,outputs.mapping/bams.cds.rand/SRR17241609.x.s__JAFBIX01 sp021531895.fastq.gz,SRR17241609.x.s__JAFBIX01 sp021531895,61c7fd37,20970000,51,DNA,10000,2097,True,0.9037140527270402,0.9304909615899554,0.9171025071584977,0.9304909615899554,False,27,9571,18966,d__Bacteria;p__Bacillota;c__Clostridia;o__Lachnospirales;f__Lachnospiraceae;g__Blautia_A;s__Blautia_A faecis
70000,0.0033381020505484026,0.027888446215139442,0.0033381020505484026,0.002530844669408415,6.857142857142857,8.0,2.4743582965269675,/group/ctbrowngrp5/sourmash-db.new/gtdb-rs226/gtdb-rs226-k51.dna.rocksdb,GCA_034180035.1 Anaerobutyricum sp.,89e79d0aed333d99ff28cb4ecd878d94,0.027888446215139442,70000,21,14990000,outputs.mapping/bams.cds.rand/SRR17241609.x.s__JAFBIX01 sp021531895.fastq.gz,SRR17241609.x.s__JAFBIX01 sp021531895,61c7fd37,20970000,51,DNA,10000,2097,True,0.894213390174518,0.9322193727273286,0.9132163814509233,0.9322193727273286,False,48,9619,18966,d__Bacteria;p__Bacillota;c__Clostridia;o__Lachnospirales;f__Lachnospiraceae;g__Anaerobutyricum;s__Anaerobutyricum sp022764265
80000,0.003814973772055317,0.030434782608695653,0.0033381020505484026,0.0006854370979647791,1.8571428571428572,1.0,1.456862718169367,/group/ctbrowngrp5/sourmash-db.new/gtdb-rs226/gtdb-rs226-k51.dna.rocksdb,GCA_945828675.1 Dorea longicatena,eb8fe0a862529d3c4c00a92832369c65,0.034782608695652174,70000,22,14920000,outputs.mapping/bams.cds.rand/SRR17241609.x.s__JAFBIX01 sp021531895.fastq.gz,SRR17241609.x.s__JAFBIX01 sp021531895,61c7fd37,20970000,51,DNA,10000,2097,True,0.8965577433777482,0.9362660115620983,0.9164118774699233,0.9362660115620983,False,13,9632,18966,d__Bacteria;p__Bacillota;c__Clostridia;o__Lachnospirales;f__Lachnospiraceae;g__Dorea_A;s__Dorea_A longicatena
290000,0.013829279923700524,0.027131782945736434,0.0033381020505484026,0.0031108299061478437,8.428571428571429,10.0,6.020373573058708,/group/ctbrowngrp5/sourmash-db.new/gtdb-rs226/gtdb-rs226-k51.dna.rocksdb,GCA_022769185.1 Dorea sp.,657b2f7226762e5f70596028148d0b7e,0.1124031007751938,70000,23,14850000,outputs.mapping/bams.cds.rand/SRR17241609.x.s__JAFBIX01 sp021531895.fastq.gz,SRR17241609.x.s__JAFBIX01 sp021531895,61c7fd37,20970000,51,DNA,10000,2097,True,0.9194859332163665,0.9580491935606764,0.9387675633885215,0.9580491935606764,False,59,9691,18966,d__Bacteria;p__Bacillota;c__Clostridia;o__Lachnospirales;f__Lachnospiraceae;g__Dorea_A;s__Dorea_A sp022769185
140000,0.006676204101096805,0.01881720430107527,0.0033381020505484026,0.00247811873879574,6.714285714285714,3.0,6.942915931555923,/group/ctbrowngrp5/sourmash-db.new/gtdb-rs226/gtdb-rs226-k51.dna.rocksdb,GCA_004556565.1 Lachnospiraceae bacterium,edb00f169e376430fe98e2e4c3b24f96,0.03763440860215054,70000,24,14780000,outputs.mapping/bams.cds.rand/SRR17241609.x.s__JAFBIX01 sp021531895.fastq.gz,SRR17241609.x.s__JAFBIX01 sp021531895,61c7fd37,20970000,51,DNA,10000,2097,True,0.9064497170728767,0.9377137753504258,0.9220817462116513,0.9377137753504258,False,47,9738,18966,d__Bacteria;p__Bacillota;c__Clostridia;o__Lachnospirales;f__Lachnospiraceae;g__Schaedlerella;s__Schaedlerella sp004556565
80000,0.003814973772055317,0.011787819253438114,0.002861230329041488,0.0050089634082041545,15.833333333333334,7.0,18.613764321657836,/group/ctbrowngrp5/sourmash-db.new/gtdb-rs226/gtdb-rs226-k51.dna.rocksdb,GCF_013304225.1 Enterocloster clostridioformis,983898dee12bf2c9824110005ee32f06,0.015717092337917484,60000,25,14720000,outputs.mapping/bams.cds.rand/SRR17241609.x.s__JAFBIX01 sp021531895.fastq.gz,SRR17241609.x.s__JAFBIX01 sp021531895,61c7fd37,20970000,51,DNA,10000,2097,True,0.8965577433777482,0.9217958511612597,0.909176797269504,0.9217958511612597,False,95,9833,18966,d__Bacteria;p__Bacillota;c__Clostridia;o__Lachnospirales;f__Lachnospiraceae;g__Enterocloster;s__Enterocloster clostridioformis
300000,0.01430615164520744,0.023622047244094488,0.002861230329041488,0.0037435410734999474,11.833333333333334,11.5,2.266911751455907,/group/ctbrowngrp5/sourmash-db.new/gtdb-rs226/gtdb-rs226-k51.dna.rocksdb,GCA_945868445.1 uncultured Dorea sp.,1d566d9384007a9b54b3ac5394e2c15c,0.11811023622047244,60000,26,14660000,outputs.mapping/bams.cds.rand/SRR17241609.x.s__JAFBIX01 sp021531895.fastq.gz,SRR17241609.x.s__JAFBIX01 sp021531895,61c7fd37,20970000,51,DNA,10000,2097,True,0.9200973520939373,0.9589800214866643,0.9395386867903008,0.9589800214866643,False,71,9904,18966,d__Bacteria;p__Bacillota;c__Clostridia;o__Lachnospirales;f__Lachnospiraceae;g__Dorea_A;s__Dorea_A sp016295505
130000,0.00619933237958989,0.015584415584415584,0.002861230329041488,0.005378044922492882,17.0,2.5,33.10085598087558,/group/ctbrowngrp5/sourmash-db.new/gtdb-rs226/gtdb-rs226-k51.dna.rocksdb,GCA_946011515.1 uncultured Lachnospiraceae bacterium,22d10b3bb0824123b63da9ff2df42f3e,0.033766233766233764,60000,27,14600000,outputs.mapping/bams.cds.rand/SRR17241609.x.s__JAFBIX01 sp021531895.fastq.gz,SRR17241609.x.s__JAFBIX01 sp021531895,61c7fd37,20970000,51,DNA,10000,2097,True,0.9051335137787268,0.9357217364696679,0.9204276251241974,0.9357217364696679,False,102,10006,18966,d__Bacteria;p__Bacillota;c__Clostridia;o__Lachnospirales;f__Lachnospiraceae;g__COE1;s__COE1 sp022788085
60000,0.002861230329041488,0.014245014245014245,0.002384358607534573,0.012812401138880101,48.6,3.0,84.88250703177894,/group/ctbrowngrp5/sourmash-db.new/gtdb-rs226/gtdb-rs226-k51.dna.rocksdb,GCA_028310265.1 Blautia wexlerae,3b3ebeefbb8978cf20f7e28e0f78ff7c,0.017094017094017096,50000,28,14550000,outputs.mapping/bams.cds.rand/SRR17241609.x.s__JAFBIX01 sp021531895.fastq.gz,SRR17241609.x.s__JAFBIX01 sp021531895,61c7fd37,20970000,51,DNA,10000,2097,True,0.8915146550511075,0.9233149870212076,0.9074148210361576,0.9233149870212076,True,243,10249,18966,d__Bacteria;p__Bacillota;c__Clostridia;o__Lachnospirales;f__Lachnospiraceae;g__Fusicatenibacter;s__Fusicatenibacter saccharivorans
110000,0.005245588936576061,0.013123359580052493,0.002384358607534573,0.0009490667510281556,3.6,4.0,1.019803902718557,/group/ctbrowngrp5/sourmash-db.new/gtdb-rs226/gtdb-rs226-k51.dna.rocksdb,GCA_022771935.1 bacterium,46b1c2d1d8bb09a95671470ba00d748b,0.028871391076115485,50000,29,14500000,outputs.mapping/bams.cds.rand/SRR17241609.x.s__JAFBIX01 sp021531895.fastq.gz,SRR17241609.x.s__JAFBIX01 sp021531895,61c7fd37,20970000,51,DNA,10000,2097,True,0.9021735357892933,0.9328527418265475,0.9175131388079204,0.9328527418265475,False,18,10267,18966,d__Bacteria;p__Bacillota;c__Clostridia;o__Lachnospirales;f__Lachnospiraceae;g__Oliverpabstia;s__Oliverpabstia sp004562915
50000,0.002384358607534573,0.019083969465648856,0.002384358607534573,0.001159970473478857,4.4,3.0,2.5768197453450252,/group/ctbrowngrp5/sourmash-db.new/gtdb-rs226/gtdb-rs226-k51.dna.rocksdb,GCA_034118325.1 Blautia sp.,9c5d8f7f911b58e2d101c343147d34e0,0.019083969465648856,50000,30,14450000,outputs.mapping/bams.cds.rand/SRR17241609.x.s__JAFBIX01 sp021531895.fastq.gz,SRR17241609.x.s__JAFBIX01 sp021531895,61c7fd37,20970000,51,DNA,10000,2097,True,0.8883332404084038,0.9253107800755478,0.9068220102419757,0.9253107800755478,True,22,10289,18966,d__Bacteria;p__Bacillota;c__Clostridia;o__Lachnospirales;f__Lachnospiraceae;g__Blautia_A;s__Blautia_A sp022769545
130000,0.00619933237958989,0.021645021645021644,0.002384358607534573,0.005483496783718233,20.8,25.0,13.196969349058897,/group/ctbrowngrp5/sourmash-db.new/gtdb-rs226/gtdb-rs226-k51.dna.rocksdb,GCA_945829055.1 uncultured bacterium,d1ff92fc097a416645f4b64ba1a58b7b,0.05627705627705628,50000,31,14400000,outputs.mapping/bams.cds.rand/SRR17241609.x.s__JAFBIX01 sp021531895.fastq.gz,SRR17241609.x.s__JAFBIX01 sp021531895,61c7fd37,20970000,51,DNA,10000,2097,True,0.9051335137787268,0.9451411967501429,0.9251373552644349,0.9451411967501429,False,104,10393,18966,d__Bacteria;p__Bacillota;c__Clostridia;o__Lachnospirales;f__Lachnospiraceae;g__Bariatricus;s__Bariatricus sp004560705
50000,0.002384358607534573,0.023696682464454975,0.002384358607534573,0.0003690815142887272,1.4,1.0,0.4898979485566356,/group/ctbrowngrp5/sourmash-db.new/gtdb-rs226/gtdb-rs226-k51.dna.rocksdb,GCA_029227655.1 bacterium,099ca7b05cb43804f6932c03669cbfbe,0.023696682464454975,50000,32,14350000,outputs.mapping/bams.cds.rand/SRR17241609.x.s__JAFBIX01 sp021531895.fastq.gz,SRR17241609.x.s__JAFBIX01 sp021531895,61c7fd37,20970000,51,DNA,10000,2097,True,0.8883332404084038,0.9292469159701613,0.9087900781892826,0.9292469159701613,True,7,10400,18966,d__Bacteria;p__Bacillota;c__Clostridia;o__Lachnospirales;f__Lachnospiraceae;g__Bariatricus;s__Bariatricus sp029227655
50000,0.002384358607534573,0.018656716417910446,0.002384358607534573,0.0007381630285774544,2.8,2.0,2.638181191654584,/group/ctbrowngrp5/sourmash-db.new/gtdb-rs226/gtdb-rs226-k51.dna.rocksdb,GCA_028721245.1 Lachnospiraceae bacterium,b690bb2f0d3fb951a00a1b6e2c802787,0.018656716417910446,50000,33,14300000,outputs.mapping/bams.cds.rand/SRR17241609.x.s__JAFBIX01 sp021531895.fastq.gz,SRR17241609.x.s__JAFBIX01 sp021531895,61c7fd37,20970000,51,DNA,10000,2097,True,0.8883332404084038,0.9249000609063228,0.9066166506573633,0.9249000609063228,True,14,10414,18966,d__Bacteria;p__Bacillota;c__Clostridia;o__Lachnospirales;f__Lachnospiraceae;g__Choladousia;s__Choladousia sp022776305
60000,0.002861230329041488,0.015873015873015872,0.002384358607534573,0.0004745333755140778,1.8,1.0,1.1661903789690602,/group/ctbrowngrp5/sourmash-db.new/gtdb-rs226/gtdb-rs226-k51.dna.rocksdb,GCA_022787145.1 Lachnospiraceae bacterium,d0862086a2034a2fb11b1c8e4afd51cd,0.01904761904761905,50000,34,14250000,outputs.mapping/bams.cds.rand/SRR17241609.x.s__JAFBIX01 sp021531895.fastq.gz,SRR17241609.x.s__JAFBIX01 sp021531895,61c7fd37,20970000,51,DNA,10000,2097,True,0.8915146550511075,0.9252761890078747,0.9083954220294911,0.9252761890078747,True,9,10423,18966,d__Bacteria;p__Bacillota;c__Clostridia;o__Lachnospirales;f__Lachnospiraceae;g__JALFVM01;s__JALFVM01 sp022787145
110000,0.005245588936576061,0.013123359580052493,0.002384358607534573,0.0014236001265422334,5.4,2.0,4.6303347611160905,/group/ctbrowngrp5/sourmash-db.new/gtdb-rs226/gtdb-rs226-k51.dna.rocksdb,GCA_015559105.1 Ruminococcus sp. 1001262B_160229_C12,aa8ce316f814fbc09ef5d077ad3f7d01,0.028871391076115485,50000,35,14200000,outputs.mapping/bams.cds.rand/SRR17241609.x.s__JAFBIX01 sp021531895.fastq.gz,SRR17241609.x.s__JAFBIX01 sp021531895,61c7fd37,20970000,51,DNA,10000,2097,True,0.9021735357892933,0.9328527418265475,0.9175131388079204,0.9328527418265475,False,27,10450,18966,d__Bacteria;p__Bacillota;c__Clostridia;o__Lachnospirales;f__Lachnospiraceae;g__Blautia_A;s__Blautia_A sp900066205
260000,0.01239866475917978,0.020161290322580645,0.002384358607534573,0.002003585363281662,7.6,3.0,11.23565752415051,/group/ctbrowngrp5/sourmash-db.new/gtdb-rs226/gtdb-rs226-k51.dna.rocksdb,GCA_022771425.1 Dorea sp.,fdea4f66947771b1c37b881c87613c8e,0.10483870967741936,50000,36,14150000,outputs.mapping/bams.cds.rand/SRR17241609.x.s__JAFBIX01 sp021531895.fastq.gz,SRR17241609.x.s__JAFBIX01 sp021531895,61c7fd37,20970000,51,DNA,10000,2097,True,0.9175192705599969,0.9567413457729448,0.9371303081664708,0.9567413457729448,False,38,10488,18966,d__Bacteria;p__Bacillota;c__Clostridia;o__Lachnospirales;f__Lachnospiraceae;g__Dorea_A;s__Dorea_A sp016295505
50000,0.002384358607534573,0.010282776349614395,0.0019074868860276585,0.0016345038489929348,7.75,4.5,8.166241485530538,/group/ctbrowngrp5/sourmash-db.new/gtdb-rs226/gtdb-rs226-k51.dna.rocksdb,GCA_963587475.1 Blautia wexlerae,f1d1da5182d885c0df0b986c09747454,0.012853470437017995,40000,37,14110000,outputs.mapping/bams.cds.rand/SRR17241609.x.s__JAFBIX01 sp021531895.fastq.gz,SRR17241609.x.s__JAFBIX01 sp021531895,61c7fd37,20970000,51,DNA,10000,2097,True,0.8883332404084038,0.9181676110542629,0.9032504257313334,0.9181676110542629,True,31,10519,18966,d__Bacteria;p__Bacteroidota;c__Bacteroidia;o__Bacteroidales;f__Bacteroidaceae;g__Bacteroides;s__Bacteroides stercoris_A
70000,0.0033381020505484026,0.02127659574468085,0.0019074868860276585,0.009385215649056205,44.5,24.0,45.85575209284,/group/ctbrowngrp5/sourmash-db.new/gtdb-rs226/gtdb-rs226-k51.dna.rocksdb,GCF_027683005.1 Holdemanella porci,13fcb172b92ef55a3f6332274ecfdf07,0.03723404255319149,40000,38,14070000,outputs.mapping/bams.cds.rand/SRR17241609.x.s__JAFBIX01 sp021531895.fastq.gz,SRR17241609.x.s__JAFBIX01 sp021531895,61c7fd37,20970000,51,DNA,10000,2097,True,0.894213390174518,0.9375171465582985,0.9158652683664082,0.9375171465582985,False,178,10697,18966,d__Bacteria;p__Bacillota;c__Bacilli;o__Erysipelotrichales;f__Erysipelotrichaceae;g__Holdemanella;s__Holdemanella porci
40000,0.0019074868860276585,0.01762114537444934,0.0019074868860276585,0.0006854370979647791,3.25,1.5,3.344772040064913,/group/ctbrowngrp5/sourmash-db.new/gtdb-rs226/gtdb-rs226-k51.dna.rocksdb,GCA_022770085.1 Anaerostipes sp.,c13f140e33ed0cba4e726b9461c6f201,0.01762114537444934,40000,39,14030000,outputs.mapping/bams.cds.rand/SRR17241609.x.s__JAFBIX01 sp021531895.fastq.gz,SRR17241609.x.s__JAFBIX01 sp021531895,61c7fd37,20970000,51,DNA,10000,2097,True,0.8844549500020148,0.9238649956721054,0.9041599728370602,0.9238649956721054,True,13,10710,18966,d__Bacteria;p__Bacillota;c__Clostridia;o__Lachnospirales;f__Lachnospiraceae;g__Fimousia;s__Fimousia sp001940245
60000,0.002861230329041488,0.013245033112582781,0.0019074868860276585,0.0009490667510281556,4.5,4.5,3.0413812651491097,/group/ctbrowngrp5/sourmash-db.new/gtdb-rs226/gtdb-rs226-k51.dna.rocksdb,GCF_002865285.1 Mediterraneibacter gnavus,527352368ad83c1e0243521fa0bd3c66,0.019867549668874173,40000,40,13990000,outputs.mapping/bams.cds.rand/SRR17241609.x.s__JAFBIX01 sp021531895.fastq.gz,SRR17241609.x.s__JAFBIX01 sp021531895,61c7fd37,20970000,51,DNA,10000,2097,True,0.8915146550511075,0.9260411391535373,0.9087778971023224,0.9260411391535373,True,18,10728,18966,d__Bacteria;p__Bacillota;c__Clostridia;o__Lachnospirales;f__Lachnospiraceae;g__Ruminococcus_B;s__Ruminococcus_B gnavus
90000,0.004291845493562232,0.012307692307692308,0.0019074868860276585,0.0007381630285774544,3.5,3.5,1.8027756377319946,/group/ctbrowngrp5/sourmash-db.new/gtdb-rs226/gtdb-rs226-k51.dna.rocksdb,GCA_900066075.1 uncultured Clostridium sp.,ba6dfcb594b8671a45f3490d593843bc,0.027692307692307693,40000,41,13950000,outputs.mapping/bams.cds.rand/SRR17241609.x.s__JAFBIX01 sp021531895.fastq.gz,SRR17241609.x.s__JAFBIX01 sp021531895,61c7fd37,20970000,51,DNA,10000,2097,True,0.8986307105512661,0.9320903731869981,0.9153605418691321,0.9320903731869981,False,14,10742,18966,d__Bacteria;p__Bacillota;c__Clostridia;o__Lachnospirales;f__Lachnospiraceae;g__Muricoprocola;s__Muricoprocola aceti
60000,0.002861230329041488,0.0111731843575419,0.0019074868860276585,0.002319940946957714,11.0,13.0,4.743416490252569,/group/ctbrowngrp5/sourmash-db.new/gtdb-rs226/gtdb-rs226-k51.dna.rocksdb,GCF_003462165.1 Blautia sp. AM28-36,ae582a9d361788e04f0e53db461b0204,0.01675977653631285,40000,42,13910000,outputs.mapping/bams.cds.rand/SRR17241609.x.s__JAFBIX01 sp021531895.fastq.gz,SRR17241609.x.s__JAFBIX01 sp021531895,61c7fd37,20970000,51,DNA,10000,2097,True,0.8915146550511075,0.9229575565724236,0.9072361058117655,0.9229575565724236,True,44,10786,18966,d__Bacteria;p__Bacillota;c__Clostridia;o__Lachnospirales;f__Lachnospiraceae;g__Fusicatenibacter;s__Fusicatenibacter saccharivorans
130000,0.00619933237958989,0.008968609865470852,0.0019074868860276585,0.001159970473478857,5.5,4.0,2.598076211353316,/group/ctbrowngrp5/sourmash-db.new/gtdb-rs226/gtdb-rs226-k51.dna.rocksdb,GCA_958370685.1 Blautia wexlerae,fc8e8b0e57321595b6c63128529f6b2e,0.02914798206278027,40000,43,13870000,outputs.mapping/bams.cds.rand/SRR17241609.x.s__JAFBIX01 sp021531895.fastq.gz,SRR17241609.x.s__JAFBIX01 sp021531895,61c7fd37,20970000,51,DNA,10000,2097,True,0.9051335137787268,0.933027156006269,0.9190803348924979,0.933027156006269,False,22,10808,18966,d__Bacteria;p__Bacillota;c__Clostridia;o__Lachnospirales;f__Lachnospiraceae;g__Blautia_A;s__Blautia_A wexlerae
170000,0.008106819265617548,0.014705882352941176,0.0019074868860276585,0.003532637351049246,16.75,15.5,15.400892831261439,/group/ctbrowngrp5/sourmash-db.new/gtdb-rs226/gtdb-rs226-k51.dna.rocksdb,GCA_945871195.1 uncultured Blautia sp.,13faaa07a55ccf7c564673fc2d959dc7,0.0625,40000,44,13830000,outputs.mapping/bams.cds.rand/SRR17241609.x.s__JAFBIX01 sp021531895.fastq.gz,SRR17241609.x.s__JAFBIX01 sp021531895,61c7fd37,20970000,51,DNA,10000,2097,True,0.9099071306064509,0.9470868448726294,0.9284969877395401,0.9470868448726294,False,67,10875,18966,d__Bacteria;p__Bacillota;c__Clostridia;o__Lachnospirales;f__Lachnospiraceae;g__Oliverpabstia;s__Oliverpabstia intestinalis
1040000,0.04959465903671912,0.018433179723502304,0.0019074868860276585,0.0005799852367394285,2.75,2.5,1.7853571071357126,/group/ctbrowngrp5/sourmash-db.new/gtdb-rs226/gtdb-rs226-k51.dna.rocksdb,GCA_945876855.1 uncultured Dorea sp.,990b5181692a8507c1e62ac4926eda0e,0.4792626728110599,40000,45,13790000,outputs.mapping/bams.cds.rand/SRR17241609.x.s__JAFBIX01 sp021531895.fastq.gz,SRR17241609.x.s__JAFBIX01 sp021531895,61c7fd37,20970000,51,DNA,10000,2097,True,0.9428015597283426,0.9856817993421767,0.9642416795352596,0.9856817993421767,False,11,10886,18966,d__Bacteria;p__Bacillota;c__Clostridia;o__Lachnospirales;f__Lachnospiraceae;g__JAFBIX01;s__JAFBIX01 sp021531895
70000,0.0033381020505484026,0.01509433962264151,0.0019074868860276585,0.008014341453126649,38.0,13.0,49.26459174701441,/group/ctbrowngrp5/sourmash-db.new/gtdb-rs226/gtdb-rs226-k51.dna.rocksdb,GCA_022782345.1 Lachnospiraceae bacterium,4dd2cb8745c0d2cd66e5d952d88ce9ec,0.026415094339622643,40000,46,13750000,outputs.mapping/bams.cds.rand/SRR17241609.x.s__JAFBIX01 sp021531895.fastq.gz,SRR17241609.x.s__JAFBIX01 sp021531895,61c7fd37,20970000,51,DNA,10000,2097,True,0.894213390174518,0.931227783502706,0.9127205868386119,0.931227783502706,False,152,11038,18966,d__Bacteria;p__Bacillota;c__Clostridia;o__Lachnospirales;f__Lachnospiraceae;g__Suilimivivens;s__Suilimivivens sp017622575
50000,0.002384358607534573,0.012578616352201259,0.0019074868860276585,0.001159970473478857,5.5,5.0,2.8722813232690143,/group/ctbrowngrp5/sourmash-db.new/gtdb-rs226/gtdb-rs226-k51.dna.rocksdb,GCF_958428225.1 Anaerobutyricum hallii,93f302eb46b736d603c2518c0f582381,0.015723270440251572,40000,47,13710000,outputs.mapping/bams.cds.rand/SRR17241609.x.s__JAFBIX01 sp021531895.fastq.gz,SRR17241609.x.s__JAFBIX01 sp021531895,61c7fd37,20970000,51,DNA,10000,2097,True,0.8883332404084038,0.9218029545207911,0.9050680974645975,0.9218029545207911,True,22,11060,18966,d__Bacteria;p__Bacillota;c__Clostridia;o__Lachnospirales;f__Lachnospiraceae;g__Anaerobutyricum;s__Anaerobutyricum hallii
30000,0.001430615164520744,0.016042780748663103,0.001430615164520744,0.0009490667510281556,6.0,6.0,1.632993161855452,/group/ctbrowngrp5/sourmash-db.new/gtdb-rs226/gtdb-rs226-k51.dna.rocksdb,GCA_946414115.1 uncultured Ruminococcus sp.,7c8108caf4845f9ccbb662b9d30fc396,0.016042780748663103,30000,48,13680000,outputs.mapping/bams.cds.rand/SRR17241609.x.s__JAFBIX01 sp021531895.fastq.gz,SRR17241609.x.s__JAFBIX01 sp021531895,61c7fd37,20970000,51,DNA,10000,2097,True,0.8794799392269247,0.9221666348922344,0.9008232870595796,0.9221666348922344,True,18,11078,18966,d__Bacteria;p__Bacillota;c__Clostridia;o__Oscillospirales;f__Acutalibacteraceae;g__Ruminococcoides;s__Ruminococcoides sp946414115
30000,0.001430615164520744,0.011857707509881422,0.001430615164520744,0.0004218074449014025,2.6666666666666665,3.0,1.247219128924647,/group/ctbrowngrp5/sourmash-db.new/gtdb-rs226/gtdb-rs226-k51.dna.rocksdb,GCA_934434775.1 uncultured Lachnospiraceae bacterium,b47847e7d53796b19af67b4a2984c56e,0.011857707509881422,30000,49,13650000,outputs.mapping/bams.cds.rand/SRR17241609.x.s__JAFBIX01 sp021531895.fastq.gz,SRR17241609.x.s__JAFBIX01 sp021531895,61c7fd37,20970000,51,DNA,10000,2097,True,0.8794799392269247,0.9167170492448745,0.8980984942358996,0.9167170492448745,True,8,11086,18966,d__Bacteria;p__Bacillota;c__Clostridia;o__Lachnospirales;f__Lachnospiraceae;g__V9D3004;s__V9D3004 sp002349525
90000,0.004291845493562232,0.010101010101010102,0.001430615164520744,0.00168722977960561,10.666666666666666,5.0,8.73053390247253,/group/ctbrowngrp5/sourmash-db.new/gtdb-rs226/gtdb-rs226-k51.dna.rocksdb,GCF_034118965.1 Faecalimonas umbilicata,3f54c718e01ccdb30ebcdbff53c1f47b,0.030303030303030304,30000,50,13620000,outputs.mapping/bams.cds.rand/SRR17241609.x.s__JAFBIX01 sp021531895.fastq.gz,SRR17241609.x.s__JAFBIX01 sp021531895,61c7fd37,20970000,51,DNA,10000,2097,True,0.8986307105512661,0.9337383942521409,0.9161845524017035,0.9337383942521409,False,32,11118,18966,d__Bacteria;p__Bacillota;c__Clostridia;o__Lachnospirales;f__Lachnospiraceae;g__Faecalimonas;s__Faecalimonas umbilicata
40000,0.0019074868860276585,0.008620689655172414,0.001430615164520744,0.002003585363281662,12.666666666666666,13.0,4.4969125210773475,/group/ctbrowngrp5/sourmash-db.new/gtdb-rs226/gtdb-rs226-k51.dna.rocksdb,GCA_028727145.1 Clostridiales bacterium,f455aa9c11b6c19b1251397fae766f23,0.011494252873563218,30000,51,13590000,outputs.mapping/bams.cds.rand/SRR17241609.x.s__JAFBIX01 sp021531895.fastq.gz,SRR17241609.x.s__JAFBIX01 sp021531895,61c7fd37,20970000,51,DNA,10000,2097,True,0.8844549500020148,0.9161576465862531,0.9003062982941339,0.9161576465862531,True,38,11156,18966,d__Bacteria;p__Bacillota;c__Clostridia;o__Lachnospirales;f__Lachnospiraceae;g__Roseburia;s__Roseburia sp022771695
140000,0.006676204101096805,0.012396694214876033,0.001430615164520744,0.0004218074449014025,2.6666666666666665,3.0,1.247219128924647,/group/ctbrowngrp5/sourmash-db.new/gtdb-rs226/gtdb-rs226-k51.dna.rocksdb,GCA_022770955.1 bacterium,ee6b74b7821cf8c4643c3d691c9f29a6,0.05785123966942149,30000,52,13560000,outputs.mapping/bams.cds.rand/SRR17241609.x.s__JAFBIX01 sp021531895.fastq.gz,SRR17241609.x.s__JAFBIX01 sp021531895,61c7fd37,20970000,51,DNA,10000,2097,True,0.9064497170728767,0.9456526000421036,0.9260511585574902,0.9456526000421036,False,8,11164,18966,d__Bacteria;p__Bacillota;c__Clostridia;o__Lachnospirales;f__Lachnospiraceae;g__Bariatricus;s__Bariatricus sp004560705
60000,0.002861230329041488,0.008287292817679558,0.001430615164520744,0.0002636296530633766,1.6666666666666667,2.0,0.4714045207910317,/group/ctbrowngrp5/sourmash-db.new/gtdb-rs226/gtdb-rs226-k51.dna.rocksdb,GCF_015552275.1 Holdemania sp. 1001302B_160321_E10,91fa4ed59f9ea1df24e0e2923f8728d8,0.016574585635359115,30000,53,13530000,outputs.mapping/bams.cds.rand/SRR17241609.x.s__JAFBIX01 sp021531895.fastq.gz,SRR17241609.x.s__JAFBIX01 sp021531895,61c7fd37,20970000,51,DNA,10000,2097,True,0.8915146550511075,0.9227564963289836,0.9071355756900455,0.9227564963289836,True,5,11169,18966,d__Bacteria;p__Bacillota;c__Bacilli;o__Erysipelotrichales;f__Erysipelotrichaceae;g__Holdemania;s__Holdemania sp900120005
40000,0.0019074868860276585,0.006666666666666667,0.001430615164520744,0.0014763260571549089,9.333333333333334,1.0,11.785113019775793,/group/ctbrowngrp5/sourmash-db.new/gtdb-rs226/gtdb-rs226-k51.dna.rocksdb,GCA_014865245.1 Eubacterium sp.,fe43443679e3f5a81636cbc359ef2762,0.008888888888888889,30000,54,13500000,outputs.mapping/bams.cds.rand/SRR17241609.x.s__JAFBIX01 sp021531895.fastq.gz,SRR17241609.x.s__JAFBIX01 sp021531895,61c7fd37,20970000,51,DNA,10000,2097,True,0.8844549500020148,0.9115517372501132,0.8980033436260639,0.9115517372501132,True,28,11197,18966,d__Bacteria;p__Bacillota;c__Clostridia;o__Lachnospirales;f__Lachnospiraceae;g__Eubacterium_F;s__Eubacterium_F sp003491505
40000,0.0019074868860276585,0.014084507042253521,0.001430615164520744,0.0004218074449014025,2.6666666666666665,2.0,1.699673171197595,/group/ctbrowngrp5/sourmash-db.new/gtdb-rs226/gtdb-rs226-k51.dna.rocksdb,GCA_034088845.1 Oscillospiraceae bacterium,8288a1d693fdfd8c903b951437e06d19,0.018779342723004695,30000,55,13470000,outputs.mapping/bams.cds.rand/SRR17241609.x.s__JAFBIX01 sp021531895.fastq.gz,SRR17241609.x.s__JAFBIX01 sp021531895,61c7fd37,20970000,51,DNA,10000,2097,True,0.8844549500020148,0.9250188776355358,0.9047369138187753,0.9250188776355358,True,8,11205,18966,d__Bacteria;p__Bacillota;c__Clostridia;o__Oscillospirales;f__Acutalibacteraceae;g__CAG-177;s__CAG-177 sp003514385
40000,0.0019074868860276585,0.007633587786259542,0.001430615164520744,0.0004218074449014025,2.6666666666666665,2.0,0.9428090415820634,/group/ctbrowngrp5/sourmash-db.new/gtdb-rs226/gtdb-rs226-k51.dna.rocksdb,GCA_900066135.1 uncultured Clostridium sp.,d47495959904e43aaf103ff1f6028fd3,0.010178117048346057,30000,56,13440000,outputs.mapping/bams.cds.rand/SRR17241609.x.s__JAFBIX01 sp021531895.fastq.gz,SRR17241609.x.s__JAFBIX01 sp021531895,61c7fd37,20970000,51,DNA,10000,2097,True,0.8844549500020148,0.9139757136074665,0.8992153318047407,0.9139757136074665,True,8,11213,18966,d__Bacteria;p__Bacillota;c__Clostridia;o__Lachnospirales;f__Lachnospiraceae;g__Limivivens;s__Limivivens sp900066135
30000,0.001430615164520744,0.008571428571428572,0.001430615164520744,0.0005272593061267532,3.3333333333333335,2.0,2.6246692913372702,/group/ctbrowngrp5/sourmash-db.new/gtdb-rs226/gtdb-rs226-k51.dna.rocksdb,GCF_011062545.1 Clostridium perfringens,2044e713b3992a978ec642a1fd9d968d,0.008571428571428572,30000,57,13410000,outputs.mapping/bams.cds.rand/SRR17241609.x.s__JAFBIX01 sp021531895.fastq.gz,SRR17241609.x.s__JAFBIX01 sp021531895,61c7fd37,20970000,51,DNA,10000,2097,True,0.8794799392269247,0.9109019495600026,0.8951909443934636,0.9109019495600026,True,10,11223,18966,d__Bacteria;p__Bacillota;c__Clostridia;o__Clostridiales;f__Clostridiaceae;g__Sarcina;s__Sarcina perfringens
50000,0.002384358607534573,0.010067114093959731,0.001430615164520744,0.002319940946957714,14.666666666666666,16.0,4.189935029992179,/group/ctbrowngrp5/sourmash-db.new/gtdb-rs226/gtdb-rs226-k51.dna.rocksdb,GCF_020561835.1 Dorea formicigenerans,59d303c1bc3c052a1aca62cb95305570,0.016778523489932886,30000,58,13380000,outputs.mapping/bams.cds.rand/SRR17241609.x.s__JAFBIX01 sp021531895.fastq.gz,SRR17241609.x.s__JAFBIX01 sp021531895,61c7fd37,20970000,51,DNA,10000,2097,True,0.8883332404084038,0.9229777884418785,0.9056555144251411,0.9229777884418785,True,44,11267,18966,d__Bacteria;p__Bacillota;c__Clostridia;o__Lachnospirales;f__Lachnospiraceae;g__Dorea;s__Dorea formicigenerans
30000,0.001430615164520744,0.009836065573770493,0.001430615164520744,0.000843614889802805,5.333333333333333,4.0,3.39934634239519,/group/ctbrowngrp5/sourmash-db.new/gtdb-rs226/gtdb-rs226-k51.dna.rocksdb,GCA_937907285.1 uncultured Blautia sp.,55e372a686382a1d9091a3ba48b79dfc,0.009836065573770493,30000,59,13350000,outputs.mapping/bams.cds.rand/SRR17241609.x.s__JAFBIX01 sp021531895.fastq.gz,SRR17241609.x.s__JAFBIX01 sp021531895,61c7fd37,20970000,51,DNA,10000,2097,True,0.8794799392269247,0.9133633000003206,0.8964216196136227,0.9133633000003206,True,16,11283,18966,d__Bacteria;p__Bacillota;c__Clostridia;o__Lachnospirales;f__Lachnospiraceae;g__Blautia;s__Blautia sp000432195
120000,0.005722460658082976,0.013333333333333334,0.001430615164520744,0.0013708741959295582,8.666666666666666,11.0,3.2998316455372216,/group/ctbrowngrp5/sourmash-db.new/gtdb-rs226/gtdb-rs226-k51.dna.rocksdb,GCA_029378305.1 bacterium,1e60959badd15eb0aa8919863d3ed04b,0.05333333333333334,30000,60,13320000,outputs.mapping/bams.cds.rand/SRR17241609.x.s__JAFBIX01 sp021531895.fastq.gz,SRR17241609.x.s__JAFBIX01 sp021531895,61c7fd37,20970000,51,DNA,10000,2097,True,0.9037140527270402,0.9441460722046884,0.9239300624658643,0.9441460722046884,False,26,11309,18966,d__Bacteria;p__Bacillota;c__Clostridia;o__Lachnospirales;f__Lachnospiraceae;g__Bariatricus;s__Bariatricus sp004560705
220000,0.010491177873152123,0.00821917808219178,0.001430615164520744,0.00031635558367605187,2.0,2.0,0.816496580927726,/group/ctbrowngrp5/sourmash-db.new/gtdb-rs226/gtdb-rs226-k51.dna.rocksdb,GCA_022782435.1 Lachnospiraceae bacterium,5c2ffea3e1ece2c92b660a036b998227,0.06027397260273973,30000,61,13290000,outputs.mapping/bams.cds.rand/SRR17241609.x.s__JAFBIX01 sp021531895.fastq.gz,SRR17241609.x.s__JAFBIX01 sp021531895,61c7fd37,20970000,51,DNA,10000,2097,True,0.9145187885267988,0.9464136093668126,0.9304661989468057,0.9464136093668126,False,6,11315,18966,d__Bacteria;p__Bacillota;c__Clostridia;o__Lachnospirales;f__Lachnospiraceae;g__Schaedlerella;s__Schaedlerella sp004556565
30000,0.001430615164520744,0.010344827586206896,0.001430615164520744,0.00015817779183802593,1.0,1.0,0.0,/group/ctbrowngrp5/sourmash-db.new/gtdb-rs226/gtdb-rs226-k51.dna.rocksdb,GCA_034118545.1 Blautia sp.,ca4802d998b7c7db56ebd817c20496f4,0.010344827586206896,30000,62,13260000,outputs.mapping/bams.cds.rand/SRR17241609.x.s__JAFBIX01 sp021531895.fastq.gz,SRR17241609.x.s__JAFBIX01 sp021531895,61c7fd37,20970000,51,DNA,10000,2097,True,0.8794799392269247,0.9142669171027965,0.8968734281648606,0.9142669171027965,True,3,11318,18966,d__Bacteria;p__Bacillota;c__Clostridia;o__Lachnospirales;f__Lachnospiraceae;g__Blautia_A;s__Blautia_A sp034118545
40000,0.0019074868860276585,0.011111111111111112,0.001430615164520744,0.00031635558367605187,2.0,1.0,1.4142135623730951,/group/ctbrowngrp5/sourmash-db.new/gtdb-rs226/gtdb-rs226-k51.dna.rocksdb,GCA_937969095.1 uncultured Collinsella sp.,55b2fc99cf689cfb7755ef3fef4bff57,0.014814814814814815,30000,63,13230000,outputs.mapping/bams.cds.rand/SRR17241609.x.s__JAFBIX01 sp021531895.fastq.gz,SRR17241609.x.s__JAFBIX01 sp021531895,61c7fd37,20970000,51,DNA,10000,2097,True,0.8844549500020148,0.9207278897834723,0.9025914198927436,0.9207278897834723,True,6,11324,18966,d__Bacteria;p__Actinomycetota;c__Coriobacteriia;o__Coriobacteriales;f__Coriobacteriaceae;g__Collinsella;s__Collinsella sp900549085
180000,0.008583690987124463,0.013100436681222707,0.001430615164520744,0.0003690815142887272,2.3333333333333335,1.0,1.8856180831641267,/group/ctbrowngrp5/sourmash-db.new/gtdb-rs226/gtdb-rs226-k51.dna.rocksdb,GCA_034171565.1 Bariatricus sp.,4ec87acad20ef2555254de0e78e21518,0.07860262008733625,30000,64,13200000,outputs.mapping/bams.cds.rand/SRR17241609.x.s__JAFBIX01 sp021531895.fastq.gz,SRR17241609.x.s__JAFBIX01 sp021531895,61c7fd37,20970000,51,DNA,10000,2097,True,0.9109274836213538,0.9513534608613501,0.9311404722413519,0.9513534608613501,False,7,11331,18966,d__Bacteria;p__Bacillota;c__Clostridia;o__Lachnospirales;f__Lachnospiraceae;g__Bariatricus;s__Bariatricus sp004560705
70000,0.0033381020505484026,0.01775147928994083,0.001430615164520744,0.004692607824528103,29.666666666666668,27.0,17.249798710580816,/group/ctbrowngrp5/sourmash-db.new/gtdb-rs226/gtdb-rs226-k51.dna.rocksdb,GCF_015552045.1 Faecalitalea cylindroides,5542660ed722b8fcd8cbdb4d09cd0240,0.04142011834319527,30000,65,13170000,outputs.mapping/bams.cds.rand/SRR17241609.x.s__JAFBIX01 sp021531895.fastq.gz,SRR17241609.x.s__JAFBIX01 sp021531895,61c7fd37,20970000,51,DNA,10000,2097,True,0.894213390174518,0.9394777451792732,0.9168455676768956,0.9394777451792732,False,89,11420,18966,d__Bacteria;p__Bacillota;c__Bacilli;o__Erysipelotrichales;f__Erysipelotrichaceae;g__Faecalitalea;s__Faecalitalea cylindroides
30000,0.001430615164520744,0.013888888888888888,0.001430615164520744,0.00015817779183802593,1.0,1.0,0.0,/group/ctbrowngrp5/sourmash-db.new/gtdb-rs226/gtdb-rs226-k51.dna.rocksdb,GCF_034099445.1 Catenibacterium mitsuokai,ab5a9867897bb8dca1de711237257353,0.013888888888888888,30000,66,13140000,outputs.mapping/bams.cds.rand/SRR17241609.x.s__JAFBIX01 sp021531895.fastq.gz,SRR17241609.x.s__JAFBIX01 sp021531895,61c7fd37,20970000,51,DNA,10000,2097,True,0.8794799392269247,0.9195634812766026,0.8995217102517636,0.9195634812766026,True,3,11423,18966,d__Bacteria;p__Bacillota;c__Bacilli;o__Erysipelotrichales;f__Coprobacillaceae;g__Catenibacterium;s__Catenibacterium mitsuokai_A
30000,0.001430615164520744,0.00949367088607595,0.001430615164520744,0.0004745333755140778,3.0,3.0,0.816496580927726,/group/ctbrowngrp5/sourmash-db.new/gtdb-rs226/gtdb-rs226-k51.dna.rocksdb,GCA_902778155.1 Oscillospiraceae bacterium,58c5ba79fec50f0365e06c50268cab4b,0.00949367088607595,30000,67,13110000,outputs.mapping/bams.cds.rand/SRR17241609.x.s__JAFBIX01 sp021531895.fastq.gz,SRR17241609.x.s__JAFBIX01 sp021531895,61c7fd37,20970000,51,DNA,10000,2097,True,0.8794799392269247,0.9127289936735792,0.896104466450252,0.9127289936735792,True,9,11432,18966,d__Bacteria;p__Bacillota;c__Clostridia;o__Oscillospirales;f__Oscillospiraceae;g__Limivicinus;s__Limivicinus sp902778665
40000,0.0019074868860276585,0.005681818181818182,0.0009537434430138292,0.0010545186122535063,10.0,10.0,8.0,/group/ctbrowngrp5/sourmash-db.new/gtdb-rs226/gtdb-rs226-k51.dna.rocksdb,GCF_027697445.1 Mediterraneibacter gnavus,236040bd67007dd4d08974fe81001a8d,0.011363636363636364,20000,68,13090000,outputs.mapping/bams.cds.rand/SRR17241609.x.s__JAFBIX01 sp021531895.fastq.gz,SRR17241609.x.s__JAFBIX01 sp021531895,61c7fd37,20970000,51,DNA,10000,2097,True,0.8844549500020148,0.9159523659199715,0.9002036579609931,0.9159523659199715,True,20,11452,18966,d__Bacteria;p__Bacillota;c__Clostridia;o__Lachnospirales;f__Lachnospiraceae;g__Ruminococcus_B;s__Ruminococcus_B gnavus
70000,0.0033381020505484026,0.005747126436781609,0.0009537434430138292,0.0007381630285774544,7.0,7.0,6.0,/group/ctbrowngrp5/sourmash-db.new/gtdb-rs226/gtdb-rs226-k51.dna.rocksdb,GCA_003461025.1 Ruminococcus sp. AF25-13,493fdb2c271f7be316a6542ec3210356,0.020114942528735632,20000,69,13070000,outputs.mapping/bams.cds.rand/SRR17241609.x.s__JAFBIX01 sp021531895.fastq.gz,SRR17241609.x.s__JAFBIX01 sp021531895,61c7fd37,20970000,51,DNA,10000,2097,True,0.894213390174518,0.9262658715249827,0.9102396308497503,0.9262658715249827,False,14,11466,18966,d__Bacteria;p__Bacillota;c__Clostridia;o__Lachnospirales;f__Lachnospiraceae;g__Mediterraneibacter;s__Mediterraneibacter faecis
20000,0.0009537434430138292,0.008032128514056224,0.0009537434430138292,0.0006327111673521037,6.0,6.0,4.0,/group/ctbrowngrp5/sourmash-db.new/gtdb-rs226/gtdb-rs226-k51.dna.rocksdb,GCF_000417525.1 Megasphaera sp. BL7,b8bbd1fe2015e362064310ce6e2c2f8a,0.008032128514056224,20000,70,13050000,outputs.mapping/bams.cds.rand/SRR17241609.x.s__JAFBIX01 sp021531895.fastq.gz,SRR17241609.x.s__JAFBIX01 sp021531895,61c7fd37,20970000,51,DNA,10000,2097,True,0.8725155343993001,0.9097420058492147,0.8911287701242574,0.9097420058492147,True,12,11478,18966,d__Bacteria;p__Bacillota;c__Negativicutes;o__Veillonellales;f__Megasphaeraceae;g__Megasphaera;s__Megasphaera intestinihominis
40000,0.0019074868860276585,0.006349206349206349,0.0009537434430138292,0.001001792681640831,9.5,9.5,7.5,/group/ctbrowngrp5/sourmash-db.new/gtdb-rs226/gtdb-rs226-k51.dna.rocksdb,GCA_028727045.1 Lachnospiraceae bacterium,1fa4a523766f9aee9cac3c30ff79928c,0.012698412698412698,20000,71,13030000,outputs.mapping/bams.cds.rand/SRR17241609.x.s__JAFBIX01 sp021531895.fastq.gz,SRR17241609.x.s__JAFBIX01 sp021531895,61c7fd37,20970000,51,DNA,10000,2097,True,0.8844549500020148,0.9179491339265763,0.9012020419642955,0.9179491339265763,True,19,11497,18966,d__Bacteria;p__Bacillota;c__Clostridia;o__Lachnospirales;f__Lachnospiraceae;g__Suilimivivens;s__Suilimivivens sp017622575
40000,0.0019074868860276585,0.005714285714285714,0.0009537434430138292,0.00247811873879574,23.5,23.5,22.5,/group/ctbrowngrp5/sourmash-db.new/gtdb-rs226/gtdb-rs226-k51.dna.rocksdb,GCF_013304975.1 Blautia massiliensis (ex Durand et al. 2017),003683e908a9b767f8dcdb9a811407a9,0.011428571428571429,20000,72,13010000,outputs.mapping/bams.cds.rand/SRR17241609.x.s__JAFBIX01 sp021531895.fastq.gz,SRR17241609.x.s__JAFBIX01 sp021531895,61c7fd37,20970000,51,DNA,10000,2097,True,0.8844549500020148,0.9160547072432479,0.9002548286226313,0.9160547072432479,True,47,11544,18966,d__Bacteria;p__Bacillota;c__Clostridia;o__Lachnospirales;f__Lachnospiraceae;g__Blautia_A;s__Blautia_A fusiformis
20000,0.0009537434430138292,0.008403361344537815,0.0009537434430138292,0.0004218074449014025,4.0,4.0,1.0,/group/ctbrowngrp5/sourmash-db.new/gtdb-rs226/gtdb-rs226-k51.dna.rocksdb,GCA_945876825.1 uncultured Lachnospiraceae bacterium,8701c90c6c4f094aae56a15d7d2290bf,0.008403361344537815,20000,73,12990000,outputs.mapping/bams.cds.rand/SRR17241609.x.s__JAFBIX01 sp021531895.fastq.gz,SRR17241609.x.s__JAFBIX01 sp021531895,61c7fd37,20970000,51,DNA,10000,2097,True,0.8725155343993001,0.9105483270059616,0.8915319307026308,0.9105483270059616,True,8,11552,18966,d__Bacteria;p__Bacillota;c__Clostridia;o__Lachnospirales;f__Lachnospiraceae;g__UBA3282;s__UBA3282 sp022781395
20000,0.0009537434430138292,0.006042296072507553,0.0009537434430138292,0.00168722977960561,16.0,16.0,15.0,/group/ctbrowngrp5/sourmash-db.new/gtdb-rs226/gtdb-rs226-k51.dna.rocksdb,GCA_947642255.1 uncultured bacterium,d3297754f0c4fba4dc4336140c9296b0,0.006042296072507553,20000,74,12970000,outputs.mapping/bams.cds.rand/SRR17241609.x.s__JAFBIX01 sp021531895.fastq.gz,SRR17241609.x.s__JAFBIX01 sp021531895,61c7fd37,20970000,51,DNA,10000,2097,True,0.8725155343993001,0.9046782659018088,0.8885969001505545,0.9046782659018088,True,32,11584,18966,d__Bacteria;p__Bacillota;c__Clostridia;o__Lachnospirales;f__Lachnospiraceae;g__Choladousia;s__Choladousia sp003612585
20000,0.0009537434430138292,0.005633802816901409,0.0009537434430138292,0.08056522197616788,764.0,764.0,654.0,/group/ctbrowngrp5/sourmash-db.new/gtdb-rs226/gtdb-rs226-k51.dna.rocksdb,GCA_900012755.1 Terrisporobacter othiniensis,7410ca9d089f9b9bb4c36c127193c1be,0.005633802816901409,20000,75,12950000,outputs.mapping/bams.cds.rand/SRR17241609.x.s__JAFBIX01 sp021531895.fastq.gz,SRR17241609.x.s__JAFBIX01 sp021531895,61c7fd37,20970000,51,DNA,10000,2097,True,0.8725155343993001,0.9034374127816094,0.8879764735904547,0.9034374127816094,True,1528,13112,18966,d__Bacteria;p__Bacillota;c__Clostridia;o__Peptostreptococcales;f__Peptostreptococcaceae;g__Terrisporobacter;s__Terrisporobacter othiniensis
30000,0.001430615164520744,0.008032128514056224,0.0009537434430138292,0.00015817779183802593,1.5,1.5,0.5,/group/ctbrowngrp5/sourmash-db.new/gtdb-rs226/gtdb-rs226-k51.dna.rocksdb,GCA_959607745.1 uncultured Butyricicoccus sp.,a7b7f170d526f2d7b9f6ed733b583218,0.012048192771084338,20000,76,12930000,outputs.mapping/bams.cds.rand/SRR17241609.x.s__JAFBIX01 sp021531895.fastq.gz,SRR17241609.x.s__JAFBIX01 sp021531895,61c7fd37,20970000,51,DNA,10000,2097,True,0.8794799392269247,0.9170035517674673,0.898241745497196,0.9170035517674673,True,3,13115,18966,d__Bacteria;p__Bacillota;c__Clostridia;o__Oscillospirales;f__Butyricicoccaceae;g__Butyricicoccus_A;s__Butyricicoccus_A intestinisimiae
20000,0.0009537434430138292,0.0055248618784530384,0.0009537434430138292,0.001001792681640831,9.5,9.5,5.5,/group/ctbrowngrp5/sourmash-db.new/gtdb-rs226/gtdb-rs226-k51.dna.rocksdb,GCA_948756575.1 uncultured Lachnospiraceae bacterium,38d6dd314826f165eb03abfba6880f34,0.0055248618784530384,20000,77,12910000,outputs.mapping/bams.cds.rand/SRR17241609.x.s__JAFBIX01 sp021531895.fastq.gz,SRR17241609.x.s__JAFBIX01 sp021531895,61c7fd37,20970000,51,DNA,10000,2097,True,0.8725155343993001,0.9030915789811151,0.8878035566902076,0.9030915789811151,True,19,13134,18966,d__Bacteria;p__Bacillota;c__Clostridia;o__Lachnospirales;f__Lachnospiraceae;g__Hominiventricola;s__Hominiventricola sp009774145
20000,0.0009537434430138292,0.00749063670411985,0.0009537434430138292,0.00015817779183802593,1.5,1.5,0.5,/group/ctbrowngrp5/sourmash-db.new/gtdb-rs226/gtdb-rs226-k51.dna.rocksdb,GCA_022767065.1 Lachnospiraceae bacterium,e460f5c1db381aeff2cee2b9d7f1d459,0.00749063670411985,20000,78,12890000,outputs.mapping/bams.cds.rand/SRR17241609.x.s__JAFBIX01 sp021531895.fastq.gz,SRR17241609.x.s__JAFBIX01 sp021531895,61c7fd37,20970000,51,DNA,10000,2097,True,0.8725155343993001,0.9084978351112296,0.8905066847552648,0.9084978351112296,True,3,13137,18966,d__Bacteria;p__Bacillota;c__Clostridia;o__Lachnospirales;f__Lachnospiraceae;g__Butyribacter;s__Butyribacter sp022764445
50000,0.002384358607534573,0.005952380952380952,0.0009537434430138292,0.0005799852367394285,5.5,5.5,3.5,/group/ctbrowngrp5/sourmash-db.new/gtdb-rs226/gtdb-rs226-k51.dna.rocksdb,GCA_905215155.1 uncultured bacterium,9e9d82f50f198057abdc18d5750204b6,0.01488095238095238,20000,79,12870000,outputs.mapping/bams.cds.rand/SRR17241609.x.s__JAFBIX01 sp021531895.fastq.gz,SRR17241609.x.s__JAFBIX01 sp021531895,61c7fd37,20970000,51,DNA,10000,2097,True,0.8883332404084038,0.9208083098561101,0.9045707751322569,0.9208083098561101,True,11,13148,18966,d__Bacteria;p__Bacillota;c__Clostridia;o__Lachnospirales;f__Lachnospiraceae;g__Lacrimispora;s__Lacrimispora sp905215155
30000,0.001430615164520744,0.007067137809187279,0.0009537434430138292,0.0005799852367394285,5.5,5.5,2.5,/group/ctbrowngrp5/sourmash-db.new/gtdb-rs226/gtdb-rs226-k51.dna.rocksdb,GCA_928721865.1 uncultured Oscillospiraceae bacterium,02e24d13a29fdf87f07da4fc7b0dfbad,0.01060070671378092,20000,80,12850000,outputs.mapping/bams.cds.rand/SRR17241609.x.s__JAFBIX01 sp021531895.fastq.gz,SRR17241609.x.s__JAFBIX01 sp021531895,61c7fd37,20970000,51,DNA,10000,2097,True,0.8794799392269247,0.9147050459893903,0.8970924926081575,0.9147050459893903,True,11,13159,18966,d__Bacteria;p__Bacillota;c__Clostridia;o__Oscillospirales;f__Oscillospiraceae;g__Faecousia;s__Faecousia sp000434635
20000,0.0009537434430138292,0.007220216606498195,0.0009537434430138292,0.00031635558367605187,3.0,3.0,2.0,/group/ctbrowngrp5/sourmash-db.new/gtdb-rs226/gtdb-rs226-k51.dna.rocksdb,GCA_934394955.1 uncultured Blautia sp.,a7edbef0964f838731b2653c7e6878ea,0.007220216606498195,20000,81,12830000,outputs.mapping/bams.cds.rand/SRR17241609.x.s__JAFBIX01 sp021531895.fastq.gz,SRR17241609.x.s__JAFBIX01 sp021531895,61c7fd37,20970000,51,DNA,10000,2097,True,0.8725155343993001,0.9078430825637916,0.8901793084815459,0.9078430825637916,True,6,13165,18966,d__Bacteria;p__Bacillota;c__Clostridia;o__Lachnospirales;f__Lachnospiraceae;g__Blautia_A;s__Blautia_A sp934394595
20000,0.0009537434430138292,0.010582010582010581,0.0009537434430138292,0.00015817779183802593,1.5,1.5,0.5,/group/ctbrowngrp5/sourmash-db.new/gtdb-rs226/gtdb-rs226-k51.dna.rocksdb,GCA_016301965.1 Lachnospiraceae bacterium,5584eb3aace8eae3998591524fa40b63,0.010582010582010581,20000,82,12810000,outputs.mapping/bams.cds.rand/SRR17241609.x.s__JAFBIX01 sp021531895.fastq.gz,SRR17241609.x.s__JAFBIX01 sp021531895,61c7fd37,20970000,51,DNA,10000,2097,True,0.8725155343993001,0.9146733865236761,0.893594460461488,0.9146733865236761,True,3,13168,18966,d__Bacteria;p__Bacillota;c__Clostridia;o__Lachnospirales;f__Lachnospiraceae;g__UBA11957;s__UBA11957 sp016301965
80000,0.003814973772055317,0.006097560975609756,0.0009537434430138292,0.0003690815142887272,3.5,3.5,0.5,/group/ctbrowngrp5/sourmash-db.new/gtdb-rs226/gtdb-rs226-k51.dna.rocksdb,GCA_902468175.1 uncultured Lachnospiraceae bacterium,6175d94329675bef8e176f58388e4458,0.024390243902439025,20000,83,12790000,outputs.mapping/bams.cds.rand/SRR17241609.x.s__JAFBIX01 sp021531895.fastq.gz,SRR17241609.x.s__JAFBIX01 sp021531895,61c7fd37,20970000,51,DNA,10000,2097,True,0.8965577433777482,0.9297726932561785,0.9131652183169634,0.9297726932561785,False,7,13175,18966,d__Bacteria;p__Bacillota;c__Clostridia;o__Lachnospirales;f__Lachnospiraceae;g__Hominisplanchenecus_A;s__Hominisplanchenecus_A sp900539525
20000,0.0009537434430138292,0.007194244604316547,0.0009537434430138292,0.00168722977960561,16.0,16.0,15.0,/group/ctbrowngrp5/sourmash-db.new/gtdb-rs226/gtdb-rs226-k51.dna.rocksdb,GCA_022779115.1 Bacillota bacterium,4ba8c63f29bf7d42ef893e8a9d48113f,0.007194244604316547,20000,84,12770000,outputs.mapping/bams.cds.rand/SRR17241609.x.s__JAFBIX01 sp021531895.fastq.gz,SRR17241609.x.s__JAFBIX01 sp021531895,61c7fd37,20970000,51,DNA,10000,2097,True,0.8725155343993001,0.9077789375722995,0.8901472359857998,0.9077789375722995,True,32,13207,18966,d__Bacteria;p__Bacillota;c__Clostridia;o__Lachnospirales;f__Lachnospiraceae;g__Anthropogastromicrobium;s__Anthropogastromicrobium aceti
20000,0.0009537434430138292,0.006968641114982578,0.0009537434430138292,0.0004218074449014025,4.0,4.0,1.0,/group/ctbrowngrp5/sourmash-db.new/gtdb-rs226/gtdb-rs226-k51.dna.rocksdb,GCA_902487335.1 uncultured Lachnospiraceae bacterium,8004d5d476cc1fd3c0e8d5cd69e332b6,0.006968641114982578,20000,85,12750000,outputs.mapping/bams.cds.rand/SRR17241609.x.s__JAFBIX01 sp021531895.fastq.gz,SRR17241609.x.s__JAFBIX01 sp021531895,61c7fd37,20970000,51,DNA,10000,2097,True,0.8725155343993001,0.9072120002228622,0.8898637673110812,0.9072120002228622,True,8,13215,18966,d__Bacteria;p__Bacillota;c__Clostridia;o__Lachnospirales;f__Lachnospiraceae;g__Merdiplasma;s__Merdiplasma sp900770325
1420000,0.06771578445398188,0.0076045627376425855,0.0009537434430138292,0.00010545186122535063,1.0,1.0,0.0,/group/ctbrowngrp5/sourmash-db.new/gtdb-rs226/gtdb-rs226-k51.dna.rocksdb,GCA_034104485.1 Lachnospiraceae bacterium,5eaa8d8601202e429692abae76f48232,0.5399239543726235,20000,86,12730000,outputs.mapping/bams.cds.rand/SRR17241609.x.s__JAFBIX01 sp021531895.fastq.gz,SRR17241609.x.s__JAFBIX01 sp021531895,61c7fd37,20970000,51,DNA,10000,2097,True,0.9485764781582096,0.9879878858066368,0.9682821819824232,0.9879878858066368,False,2,13217,18966,d__Bacteria;p__Bacillota;c__Clostridia;o__Lachnospirales;f__Lachnospiraceae;g__JAFBIX01;s__JAFBIX01 sp021531895
70000,0.0033381020505484026,0.005780346820809248,0.0009537434430138292,0.0009490667510281556,9.0,9.0,0.0,/group/ctbrowngrp5/sourmash-db.new/gtdb-rs226/gtdb-rs226-k51.dna.rocksdb,GCA_021771755.1 Lachnospiraceae bacterium,f2a63443a4c73b9fe05252039614e9ef,0.02023121387283237,20000,87,12710000,outputs.mapping/bams.cds.rand/SRR17241609.x.s__JAFBIX01 sp021531895.fastq.gz,SRR17241609.x.s__JAFBIX01 sp021531895,61c7fd37,20970000,51,DNA,10000,2097,True,0.894213390174518,0.9263705582829979,0.9102919742287578,0.9263705582829979,False,18,13235,18966,d__Bacteria;p__Bacillota;c__Clostridia;o__Lachnospirales;f__Lachnospiraceae;g__Blautia_A;s__Blautia_A sp021771755
20000,0.0009537434430138292,0.007575757575757576,0.0009537434430138292,0.006168933881683012,58.5,58.5,57.5,/group/ctbrowngrp5/sourmash-db.new/gtdb-rs226/gtdb-rs226-k51.dna.rocksdb,GCF_028727925.1 Clostridium sp.,2b973e270695996f63cbb8120b1d9a07,0.007575757575757576,20000,88,12690000,outputs.mapping/bams.cds.rand/SRR17241609.x.s__JAFBIX01 sp021531895.fastq.gz,SRR17241609.x.s__JAFBIX01 sp021531895,61c7fd37,20970000,51,DNA,10000,2097,True,0.8725155343993001,0.9086991441072096,0.8906073392532549,0.9086991441072096,True,117,13352,18966,d__Bacteria;p__Bacillota;c__Clostridia;o__Clostridiales;f__Clostridiaceae;g__Clostridium;s__Clostridium sp000435835
40000,0.0019074868860276585,0.005952380952380952,0.0009537434430138292,0.00010545186122535063,1.0,1.0,0.0,/group/ctbrowngrp5/sourmash-db.new/gtdb-rs226/gtdb-rs226-k51.dna.rocksdb,GCF_020538335.1 Blautia hansenii,6dfddbcadd09784a79e8f416b772e94b,0.011904761904761904,20000,89,12670000,outputs.mapping/bams.cds.rand/SRR17241609.x.s__JAFBIX01 sp021531895.fastq.gz,SRR17241609.x.s__JAFBIX01 sp021531895,61c7fd37,20970000,51,DNA,10000,2097,True,0.8844549500020148,0.9167882396034238,0.9006215948027193,0.9167882396034238,True,2,13354,18966,d__Bacteria;p__Bacillota;c__Clostridia;o__Lachnospirales;f__Lachnospiraceae;g__Blautia;s__Blautia sp900541955
30000,0.001430615164520744,0.00796812749003984,0.0009537434430138292,0.0002636296530633766,2.5,2.5,0.5,/group/ctbrowngrp5/sourmash-db.new/gtdb-rs226/gtdb-rs226-k51.dna.rocksdb,GCA_028724205.1 Lachnospiraceae bacterium,63463849e669b97e649fdd09cd5f2980,0.01195219123505976,20000,90,12650000,outputs.mapping/bams.cds.rand/SRR17241609.x.s__JAFBIX01 sp021531895.fastq.gz,SRR17241609.x.s__JAFBIX01 sp021531895,61c7fd37,20970000,51,DNA,10000,2097,True,0.8794799392269247,0.9168597185872874,0.8981698289071061,0.9168597185872874,True,5,13359,18966,d__Bacteria;p__Bacillota;c__Clostridia;o__Lachnospirales;f__Lachnospiraceae;g__Maccoya;s__Maccoya sp900556645
170000,0.008106819265617548,0.005405405405405406,0.0009537434430138292,0.0005799852367394285,5.5,5.5,3.5,/group/ctbrowngrp5/sourmash-db.new/gtdb-rs226/gtdb-rs226-k51.dna.rocksdb,GCF_018919065.1 Blautia sp. MSJ-9,3f68c69a571a1395bf239b4d0e6bb427,0.04594594594594595,20000,91,12630000,outputs.mapping/bams.cds.rand/SRR17241609.x.s__JAFBIX01 sp021531895.fastq.gz,SRR17241609.x.s__JAFBIX01 sp021531895,61c7fd37,20970000,51,DNA,10000,2097,True,0.9099071306064509,0.9413899397953501,0.9256485352009005,0.9413899397953501,False,11,13370,18966,d__Bacteria;p__Bacillota;c__Clostridia;o__Lachnospirales;f__Lachnospiraceae;g__Blautia_A;s__Blautia_A sp018919065
20000,0.0009537434430138292,0.007722007722007722,0.0009537434430138292,0.0015817779183802593,15.0,15.0,11.0,/group/ctbrowngrp5/sourmash-db.new/gtdb-rs226/gtdb-rs226-k51.dna.rocksdb,GCA_030526355.1 Bacillota bacterium,18117e7c547355503e154e6adf75476a,0.007722007722007722,20000,92,12610000,outputs.mapping/bams.cds.rand/SRR17241609.x.s__JAFBIX01 sp021531895.fastq.gz,SRR17241609.x.s__JAFBIX01 sp021531895,61c7fd37,20970000,51,DNA,10000,2097,True,0.8725155343993001,0.9090398996286563,0.8907777170139781,0.9090398996286563,True,30,13400,18966,d__Bacteria;p__Bacillota;c__Clostridia;o__Peptostreptococcales;f__Anaerovoracaceae;g__Lentihominibacter;s__Lentihominibacter sp030526355
110000,0.005245588936576061,0.005025125628140704,0.0009537434430138292,0.0006327111673521037,6.0,6.0,4.0,/group/ctbrowngrp5/sourmash-db.new/gtdb-rs226/gtdb-rs226-k51.dna.rocksdb,GCA_004556655.1 Lachnospiraceae bacterium,a06449d157aac9233dd04a949482b8be,0.02763819095477387,20000,93,12590000,outputs.mapping/bams.cds.rand/SRR17241609.x.s__JAFBIX01 sp021531895.fastq.gz,SRR17241609.x.s__JAFBIX01 sp021531895,61c7fd37,20970000,51,DNA,10000,2097,True,0.9021735357892933,0.9320546231352632,0.9171140794622783,0.9320546231352632,False,12,13412,18966,d__Bacteria;p__Bacillota;c__Clostridia;o__Lachnospirales;f__Lachnospiraceae;g__Oliverpabstia;s__Oliverpabstia sp004556655
150000,0.00715307582260372,0.0049504950495049506,0.0009537434430138292,0.00015817779183802593,1.5,1.5,0.5,/group/ctbrowngrp5/sourmash-db.new/gtdb-rs226/gtdb-rs226-k51.dna.rocksdb,GCA_945911275.1 uncultured bacterium,811f3fa8e4fa634b338d9e5ecb3d78ab,0.03712871287128713,20000,94,12570000,outputs.mapping/bams.cds.rand/SRR17241609.x.s__JAFBIX01 sp021531895.fastq.gz,SRR17241609.x.s__JAFBIX01 sp021531895,61c7fd37,20970000,51,DNA,10000,2097,True,0.907676793328811,0.9374650723630991,0.922570932845955,0.9374650723630991,False,3,13415,18966,d__Bacteria;p__Bacillota;c__Clostridia;o__Lachnospirales;f__Lachnospiraceae;g__Oliverpabstia;s__Oliverpabstia sp004562915
20000,0.0009537434430138292,0.009433962264150943,0.0009537434430138292,0.002372666877570389,22.5,22.5,18.5,/group/ctbrowngrp5/sourmash-db.new/gtdb-rs226/gtdb-rs226-k51.dna.rocksdb,GCF_945875505.1 uncultured Ruminococcus sp.,e4b94a85e2a319bf5063daafc958318e,0.009433962264150943,20000,95,12550000,outputs.mapping/bams.cds.rand/SRR17241609.x.s__JAFBIX01 sp021531895.fastq.gz,SRR17241609.x.s__JAFBIX01 sp021531895,61c7fd37,20970000,51,DNA,10000,2097,True,0.8725155343993001,0.9126160876839744,0.8925658110416372,0.9126160876839744,True,45,13460,18966,d__Bacteria;p__Bacillota;c__Clostridia;o__Oscillospirales;f__Acutalibacteraceae;g__Ruminococcoides;s__Ruminococcoides sp003521625
20000,0.0009537434430138292,0.009174311926605505,0.0009537434430138292,0.00010545186122535063,1.0,1.0,0.0,/group/ctbrowngrp5/sourmash-db.new/gtdb-rs226/gtdb-rs226-k51.dna.rocksdb,GCA_945874635.1 uncultured Blautia sp.,be6f3471fb5fc3e971cba5d774216e74,0.009174311926605505,20000,96,12530000,outputs.mapping/bams.cds.rand/SRR17241609.x.s__JAFBIX01 sp021531895.fastq.gz,SRR17241609.x.s__JAFBIX01 sp021531895,61c7fd37,20970000,51,DNA,10000,2097,True,0.8725155343993001,0.9121168123642995,0.8923161733817998,0.9121168123642995,True,2,13462,18966,d__Bacteria;p__Bacillota;c__Clostridia;o__Lachnospirales;f__Lachnospiraceae;g__Blautia_A;s__Blautia_A sp934359835
50000,0.002384358607534573,0.0044444444444444444,0.0009537434430138292,0.0029526521143098177,28.0,28.0,26.0,/group/ctbrowngrp5/sourmash-db.new/gtdb-rs226/gtdb-rs226-k51.dna.rocksdb,GCA_902487345.1 uncultured Clostridium sp.,3f92858a311b225942517519979780cf,0.011111111111111112,20000,97,12510000,outputs.mapping/bams.cds.rand/SRR17241609.x.s__JAFBIX01 sp021531895.fastq.gz,SRR17241609.x.s__JAFBIX01 sp021531895,61c7fd37,20970000,51,DNA,10000,2097,True,0.8883332404084038,0.9155488457037391,0.9019410430560715,0.9155488457037391,True,56,13518,18966,d__Bacteria;p__Bacillota;c__Clostridia;o__Lachnospirales;f__Lachnospiraceae;g__Enterocloster;s__Enterocloster sp900770345
70000,0.0033381020505484026,0.00477326968973747,0.0009537434430138292,0.00021090372245070126,2.0,2.0,1.0,/group/ctbrowngrp5/sourmash-db.new/gtdb-rs226/gtdb-rs226-k51.dna.rocksdb,GCA_900066565.1 uncultured Clostridium sp.,a2604abb126820bcd34cbc7f002638b1,0.016706443914081145,20000,98,12490000,outputs.mapping/bams.cds.rand/SRR17241609.x.s__JAFBIX01 sp021531895.fastq.gz,SRR17241609.x.s__JAFBIX01 sp021531895,61c7fd37,20970000,51,DNA,10000,2097,True,0.894213390174518,0.9228998779849207,0.9085566340797193,0.9228998779849207,False,4,13522,18966,d__Bacteria;p__Bacillota;c__Clostridia;o__Lachnospirales;f__Lachnospiraceae;g__Acetatifactor;s__Acetatifactor acetigignens
30000,0.001430615164520744,0.006369426751592357,0.0009537434430138292,0.00021090372245070126,2.0,2.0,1.0,/group/ctbrowngrp5/sourmash-db.new/gtdb-rs226/gtdb-rs226-k51.dna.rocksdb,GCA_928722065.1 [Bacteroides] pectinophilus,7e9af9dc18fe45cf789fef38ea8f3d3b,0.009554140127388535,20000,99,12470000,outputs.mapping/bams.cds.rand/SRR17241609.x.s__JAFBIX01 sp021531895.fastq.gz,SRR17241609.x.s__JAFBIX01 sp021531895,61c7fd37,20970000,51,DNA,10000,2097,True,0.8794799392269247,0.9128426306331032,0.896161284930014,0.9128426306331032,True,4,13526,18966,d__Bacteria;p__Bacillota;c__Clostridia;o__Lachnospirales;f__Lachnospiraceae;g__Bacteroides_F;s__Bacteroides_F pectinophilus
20000,0.0009537434430138292,0.006644518272425249,0.0009537434430138292,0.00031635558367605187,3.0,3.0,0.0,/group/ctbrowngrp5/sourmash-db.new/gtdb-rs226/gtdb-rs226-k51.dna.rocksdb,GCA_017935345.1 Coprococcus sp.,5544aaf7a7f8eaf86f83b57dab2ddc59,0.006644518272425249,20000,100,12450000,outputs.mapping/bams.cds.rand/SRR17241609.x.s__JAFBIX01 sp021531895.fastq.gz,SRR17241609.x.s__JAFBIX01 sp021531895,61c7fd37,20970000,51,DNA,10000,2097,True,0.8725155343993001,0.9063651655579615,0.8894403499786308,0.9063651655579615,True,6,13532,18966,d__Bacteria;p__Bacillota;c__Clostridia;o__Lachnospirales;f__Lachnospiraceae;g__Coprococcus;s__Coprococcus sp017935345
1490000,0.07105388650453028,0.0078125,0.0009537434430138292,0.00015817779183802593,1.5,1.5,0.5,/group/ctbrowngrp5/sourmash-db.new/gtdb-rs226/gtdb-rs226-k51.dna.rocksdb,GCA_034086885.1 Lachnospiraceae bacterium,27c058a131c82c8e30aede7d90a20361,0.58203125,20000,101,12430000,outputs.mapping/bams.cds.rand/SRR17241609.x.s__JAFBIX01 sp021531895.fastq.gz,SRR17241609.x.s__JAFBIX01 sp021531895,61c7fd37,20970000,51,DNA,10000,2097,True,0.9494718963378779,0.9894437373176641,0.969457816827771,0.9894437373176641,False,3,13535,18966,d__Bacteria;p__Bacillota;c__Clostridia;o__Lachnospirales;f__Lachnospiraceae;g__JAFBIX01;s__JAFBIX01 sp021531895
20000,0.0009537434430138292,0.005154639175257732,0.0009537434430138292,0.00021090372245070126,2.0,2.0,1.0,/group/ctbrowngrp5/sourmash-db.new/gtdb-rs226/gtdb-rs226-k51.dna.rocksdb,GCF_002302065.1 Clostridioides difficile,4791ba81b2e50e4c19e5e89b9b3af733,0.005154639175257732,20000,102,12410000,outputs.mapping/bams.cds.rand/SRR17241609.x.s__JAFBIX01 sp021531895.fastq.gz,SRR17241609.x.s__JAFBIX01 sp021531895,61c7fd37,20970000,51,DNA,10000,2097,True,0.8725155343993001,0.901864189290774,0.8871898618450371,0.901864189290774,True,4,13539,18966,d__Bacteria;p__Bacillota;c__Clostridia;o__Peptostreptococcales;f__Peptostreptococcaceae;g__Clostridioides;s__Clostridioides difficile
20000,0.0009537434430138292,0.006153846153846154,0.0009537434430138292,0.002372666877570389,22.5,22.5,21.5,/group/ctbrowngrp5/sourmash-db.new/gtdb-rs226/gtdb-rs226-k51.dna.rocksdb,GCA_948557825.1 uncultured Oscillospiraceae bacterium,b6fe92bc00fa4da0d6b2987287434711,0.006153846153846154,20000,103,12390000,outputs.mapping/bams.cds.rand/SRR17241609.x.s__JAFBIX01 sp021531895.fastq.gz,SRR17241609.x.s__JAFBIX01 sp021531895,61c7fd37,20970000,51,DNA,10000,2097,True,0.8725155343993001,0.905002823207321,0.8887591788033105,0.905002823207321,True,45,13584,18966,d__Bacteria;p__Bacillota;c__Clostridia;o__Oscillospirales;f__Ruminococcaceae;g__CAG-115;s__CAG-115 sp910587465
30000,0.001430615164520744,0.005763688760806916,0.0009537434430138292,0.0019508594326689867,18.5,18.5,16.5,/group/ctbrowngrp5/sourmash-db.new/gtdb-rs226/gtdb-rs226-k51.dna.rocksdb,GCF_000420885.1 Dorea sp. AGR2135,9af9f2f560adfa50f43be338a567782b,0.008645533141210375,20000,104,12370000,outputs.mapping/bams.cds.rand/SRR17241609.x.s__JAFBIX01 sp021531895.fastq.gz,SRR17241609.x.s__JAFBIX01 sp021531895,61c7fd37,20970000,51,DNA,10000,2097,True,0.8794799392269247,0.9110557151867745,0.8952678272068496,0.9110557151867745,True,37,13621,18966,d__Bacteria;p__Bacillota;c__Clostridia;o__Lachnospirales;f__Lachnospiraceae;g__Dorea;s__Dorea formicigenerans
30000,0.001430615164520744,0.007633587786259542,0.0009537434430138292,0.00015817779183802593,1.5,1.5,0.5,/group/ctbrowngrp5/sourmash-db.new/gtdb-rs226/gtdb-rs226-k51.dna.rocksdb,GCF_002157465.1 Butyricicoccus porcorum,b8e2211de5f0390af151e33c9f4d9658,0.011450381679389313,20000,105,12350000,outputs.mapping/bams.cds.rand/SRR17241609.x.s__JAFBIX01 sp021531895.fastq.gz,SRR17241609.x.s__JAFBIX01 sp021531895,61c7fd37,20970000,51,DNA,10000,2097,True,0.8794799392269247,0.9160889535696389,0.8977844463982818,0.9160889535696389,True,3,13624,18966,d__Bacteria;p__Bacillota;c__Clostridia;o__Oscillospirales;f__Butyricicoccaceae;g__Butyricicoccus_A;s__Butyricicoccus_A porcorum
20000,0.0009537434430138292,0.005390835579514825,0.0009537434430138292,0.00010545186122535063,1.0,1.0,0.0,/group/ctbrowngrp5/sourmash-db.new/gtdb-rs226/gtdb-rs226-k51.dna.rocksdb,GCF_021531135.1 Segatella hominis,fbfb9fa1cd55529571913ff882c8b132,0.005390835579514825,20000,106,12330000,outputs.mapping/bams.cds.rand/SRR17241609.x.s__JAFBIX01 sp021531895.fastq.gz,SRR17241609.x.s__JAFBIX01 sp021531895,61c7fd37,20970000,51,DNA,10000,2097,True,0.8725155343993001,0.9026568211487351,0.8875861777740176,0.9026568211487351,True,2,13626,18966,d__Bacteria;p__Bacteroidota;c__Bacteroidia;o__Bacteroidales;f__Bacteroidaceae;g__Prevotella;s__Prevotella sp945863825
20000,0.0009537434430138292,0.004739336492890996,0.0009537434430138292,0.0004218074449014025,4.0,4.0,2.0,/group/ctbrowngrp5/sourmash-db.new/gtdb-rs226/gtdb-rs226-k51.dna.rocksdb,GCA_034114065.1 Bacteroides uniformis,8721c33a95d10bc05fdbeefc8b281ebc,0.004739336492890996,20000,107,12310000,outputs.mapping/bams.cds.rand/SRR17241609.x.s__JAFBIX01 sp021531895.fastq.gz,SRR17241609.x.s__JAFBIX01 sp021531895,61c7fd37,20970000,51,DNA,10000,2097,True,0.8725155343993001,0.900379988990409,0.8864477616948545,0.900379988990409,True,8,13634,18966,d__Bacteria;p__Bacteroidota;c__Bacteroidia;o__Bacteroidales;f__Bacteroidaceae;g__Bacteroides;s__Bacteroides uniformis
50000,0.002384358607534573,0.0070921985815602835,0.0009537434430138292,0.00031635558367605187,3.0,3.0,2.0,/group/ctbrowngrp5/sourmash-db.new/gtdb-rs226/gtdb-rs226-k51.dna.rocksdb,GCA_029225525.1 Clostridiales bacterium,7730a3ee293dcb64da1f3ac4eaf4a0bf,0.01773049645390071,20000,108,12290000,outputs.mapping/bams.cds.rand/SRR17241609.x.s__JAFBIX01 sp021531895.fastq.gz,SRR17241609.x.s__JAFBIX01 sp021531895,61c7fd37,20970000,51,DNA,10000,2097,True,0.8883332404084038,0.9239770708777102,0.9061551556430569,0.9239770708777102,True,6,13640,18966,d__Bacteria;p__Bacillota;c__Clostridia;o__Lachnospirales;f__Lachnospiraceae;g__JALFVM01;s__JALFVM01 sp022787145
20000,0.0009537434430138292,0.0057306590257879654,0.0009537434430138292,0.00015817779183802593,1.5,1.5,0.5,/group/ctbrowngrp5/sourmash-db.new/gtdb-rs226/gtdb-rs226-k51.dna.rocksdb,GCA_034100205.1 Lachnospiraceae bacterium,c60628c38eeb023f6ae5d8fefeeaaf94,0.0057306590257879654,20000,109,12270000,outputs.mapping/bams.cds.rand/SRR17241609.x.s__JAFBIX01 sp021531895.fastq.gz,SRR17241609.x.s__JAFBIX01 sp021531895,61c7fd37,20970000,51,DNA,10000,2097,True,0.8725155343993001,0.9037394215675933,0.8881274779834467,0.9037394215675933,True,3,13643,18966,d__Bacteria;p__Bacillota;c__Clostridia;o__Lachnospirales;f__Lachnospiraceae;g__CAKRHR01;s__CAKRHR01 sp022770525
20000,0.0009537434430138292,0.009302325581395349,0.0009537434430138292,0.013023304861330803,123.5,123.5,121.5,/group/ctbrowngrp5/sourmash-db.new/gtdb-rs226/gtdb-rs226-k51.dna.rocksdb,GCF_005049155.1 Lactobacillus amylovorus,d0acc89e366458223089ce7a3975144d,0.009302325581395349,20000,110,12250000,outputs.mapping/bams.cds.rand/SRR17241609.x.s__JAFBIX01 sp021531895.fastq.gz,SRR17241609.x.s__JAFBIX01 sp021531895,61c7fd37,20970000,51,DNA,10000,2097,True,0.8725155343993001,0.9123646741588324,0.8924401042790662,0.9123646741588324,True,247,13890,18966,d__Bacteria;p__Bacillota;c__Bacilli;o__Lactobacillales;f__Lactobacillaceae;g__Lactobacillus;s__Lactobacillus amylovorus
60000,0.002861230329041488,0.005037783375314861,0.0009537434430138292,0.00010545186122535063,1.0,1.0,0.0,/group/ctbrowngrp5/sourmash-db.new/gtdb-rs226/gtdb-rs226-k51.dna.rocksdb,GCA_000285855.2 Ruminococcus sp. JC304,d531218b22b575d3882f43062762ff19,0.015113350125944584,20000,111,12230000,outputs.mapping/bams.cds.rand/SRR17241609.x.s__JAFBIX01 sp021531895.fastq.gz,SRR17241609.x.s__JAFBIX01 sp021531895,61c7fd37,20970000,51,DNA,10000,2097,True,0.8915146550511075,0.9210881415265684,0.9063013982888379,0.9210881415265684,True,2,13892,18966,d__Bacteria;p__Bacillota;c__Clostridia;o__Lachnospirales;f__Lachnospiraceae;g__Blautia_A;s__Blautia_A difficilis
20000,0.0009537434430138292,0.008403361344537815,0.0009537434430138292,0.00031635558367605187,3.0,3.0,1.0,/group/ctbrowngrp5/sourmash-db.new/gtdb-rs226/gtdb-rs226-k51.dna.rocksdb,GCA_934320915.1 uncultured Lachnospiraceae bacterium,596eecb42d09862a2214ec073801a5b6,0.008403361344537815,20000,112,12210000,outputs.mapping/bams.cds.rand/SRR17241609.x.s__JAFBIX01 sp021531895.fastq.gz,SRR17241609.x.s__JAFBIX01 sp021531895,61c7fd37,20970000,51,DNA,10000,2097,True,0.8725155343993001,0.9105483270059616,0.8915319307026308,0.9105483270059616,True,6,13898,18966,d__Bacteria;p__Bacillota;c__Clostridia;o__Lachnospirales;f__Lachnospiraceae;g__CAG-632;s__CAG-632 sp000431515
20000,0.0009537434430138292,0.0035087719298245615,0.0009537434430138292,0.0003690815142887272,3.5,3.5,1.5,/group/ctbrowngrp5/sourmash-db.new/gtdb-rs226/gtdb-rs226-k51.dna.rocksdb,GCA_949348635.1 uncultured Lachnospiraceae bacterium,08a8c92b045dd8782dbfd6beb504df22,0.0035087719298245615,20000,113,12190000,outputs.mapping/bams.cds.rand/SRR17241609.x.s__JAFBIX01 sp021531895.fastq.gz,SRR17241609.x.s__JAFBIX01 sp021531895,61c7fd37,20970000,51,DNA,10000,2097,True,0.8725155343993001,0.8950881077119309,0.8838018210556156,0.8950881077119309,True,7,13905,18966,d__Bacteria;p__Bacillota;c__Clostridia;o__Lachnospirales;f__Lachnospiraceae;g__UBA3282;s__UBA3282 sp910575245
40000,0.0019074868860276585,0.009216589861751152,0.0009537434430138292,0.00021090372245070126,2.0,2.0,0.0,/group/ctbrowngrp5/sourmash-db.new/gtdb-rs226/gtdb-rs226-k51.dna.rocksdb,GCA_000980235.1 Ruminococcus sp. A254.MGS-254,01195f46f035f567ca552bddab5af029,0.018433179723502304,20000,114,12170000,outputs.mapping/bams.cds.rand/SRR17241609.x.s__JAFBIX01 sp021531895.fastq.gz,SRR17241609.x.s__JAFBIX01 sp021531895,61c7fd37,20970000,51,DNA,10000,2097,True,0.8844549500020148,0.9246814852600344,0.9045682176310246,0.9246814852600344,True,4,13909,18966,d__Bacteria;p__Bacillota;c__Clostridia;o__Oscillospirales;f__Ruminococcaceae;g__Ruminococcus_C;s__Ruminococcus_C sp000433635
270000,0.012875536480686695,0.007751937984496124,0.0009537434430138292,0.0005272593061267532,5.0,5.0,1.0,/group/ctbrowngrp5/sourmash-db.new/gtdb-rs226/gtdb-rs226-k51.dna.rocksdb,GCA_034088605.1 Dorea sp.,ea47119f566fd5444b57740909edbb30,0.10465116279069768,20000,115,12150000,outputs.mapping/bams.cds.rand/SRR17241609.x.s__JAFBIX01 sp021531895.fastq.gz,SRR17241609.x.s__JAFBIX01 sp021531895,61c7fd37,20970000,51,DNA,10000,2097,True,0.9181984920039337,0.9567077570353631,0.9374531245196485,0.9567077570353631,False,10,13919,18966,d__Bacteria;p__Bacillota;c__Clostridia;o__Lachnospirales;f__Lachnospiraceae;g__Dorea_A;s__Dorea_A sp022769185
20000,0.0009537434430138292,0.008849557522123894,0.0009537434430138292,0.0015817779183802593,15.0,15.0,6.0,/group/ctbrowngrp5/sourmash-db.new/gtdb-rs226/gtdb-rs226-k51.dna.rocksdb,GCA_022778545.1 bacterium,b6f312d6cb0f0c2345a6c1566858f513,0.008849557522123894,20000,116,12130000,outputs.mapping/bams.cds.rand/SRR17241609.x.s__JAFBIX01 sp021531895.fastq.gz,SRR17241609.x.s__JAFBIX01 sp021531895,61c7fd37,20970000,51,DNA,10000,2097,True,0.8725155343993001,0.9114724786438645,0.8919940065215823,0.9114724786438645,True,30,13949,18966,d__Bacteria;p__Bacillota;c__Clostridia;o__Christensenellales;f__CAG-138;g__UBA1685;s__UBA1685 sp004560435
80000,0.003814973772055317,0.0049504950495049506,0.0009537434430138292,0.0005272593061267532,5.0,5.0,3.0,/group/ctbrowngrp5/sourmash-db.new/gtdb-rs226/gtdb-rs226-k51.dna.rocksdb,GCA_022775705.1 Eubacterium sp.,895622936599ee0e13c179c7da9ce09a,0.019801980198019802,20000,117,12110000,outputs.mapping/bams.cds.rand/SRR17241609.x.s__JAFBIX01 sp021531895.fastq.gz,SRR17241609.x.s__JAFBIX01 sp021531895,61c7fd37,20970000,51,DNA,10000,2097,True,0.8965577433777482,0.9259811156908632,0.9112694295343057,0.9259811156908632,False,10,13959,18966,d__Bacteria;p__Bacillota;c__Clostridia;o__Lachnospirales;f__Lachnospiraceae;g__Oliverpabstia;s__Oliverpabstia sp022764165
30000,0.001430615164520744,0.0061162079510703364,0.0009537434430138292,0.00021090372245070126,2.0,2.0,1.0,/group/ctbrowngrp5/sourmash-db.new/gtdb-rs226/gtdb-rs226-k51.dna.rocksdb,GCA_021768575.1 Mediterraneibacter gnavus,dae612d4574f7d335adec12a50f5253f,0.009174311926605505,20000,118,12090000,outputs.mapping/bams.cds.rand/SRR17241609.x.s__JAFBIX01 sp021531895.fastq.gz,SRR17241609.x.s__JAFBIX01 sp021531895,61c7fd37,20970000,51,DNA,10000,2097,True,0.8794799392269247,0.9121168123642995,0.8957983757956121,0.9121168123642995,True,4,13963,18966,d__Bacteria;p__Bacillota;c__Clostridia;o__Lachnospirales;f__Lachnospiraceae;g__Ruminococcus_B;s__Ruminococcus_B gnavus
20000,0.0009537434430138292,0.003952569169960474,0.0009537434430138292,0.0018981335020563112,18.0,18.0,17.0,/group/ctbrowngrp5/sourmash-db.new/gtdb-rs226/gtdb-rs226-k51.dna.rocksdb,GCA_947064455.1 Clostridium neonatale,fddb8181fad34322de4b3a5b20c98683,0.003952569169960474,20000,119,12070000,outputs.mapping/bams.cds.rand/SRR17241609.x.s__JAFBIX01 sp021531895.fastq.gz,SRR17241609.x.s__JAFBIX01 sp021531895,61c7fd37,20970000,51,DNA,10000,2097,True,0.8725155343993001,0.8971808389049852,0.8848481866521427,0.8971808389049852,True,36,13999,18966,d__Bacteria;p__Bacillota;c__Clostridia;o__Clostridiales;f__Clostridiaceae;g__Clostridium;s__Clostridium neonatale
80000,0.003814973772055317,0.0053475935828877,0.0009537434430138292,0.0003690815142887272,3.5,3.5,0.5,/group/ctbrowngrp5/sourmash-db.new/gtdb-rs226/gtdb-rs226-k51.dna.rocksdb,GCF_018917985.1 Blautia sp. MSJ-36,37371b679473c42bec62833e678952f4,0.0213903743315508,20000,120,12050000,outputs.mapping/bams.cds.rand/SRR17241609.x.s__JAFBIX01 sp021531895.fastq.gz,SRR17241609.x.s__JAFBIX01 sp021531895,61c7fd37,20970000,51,DNA,10000,2097,True,0.8965577433777482,0.9273831142459876,0.911970428811868,0.9273831142459876,False,7,14006,18966,d__Bacteria;p__Bacillota;c__Clostridia;o__Lachnospirales;f__Lachnospiraceae;g__Blautia_A;s__Blautia_A sp900066205
20000,0.0009537434430138292,0.005763688760806916,0.0009537434430138292,0.00010545186122535063,1.0,1.0,0.0,/group/ctbrowngrp5/sourmash-db.new/gtdb-rs226/gtdb-rs226-k51.dna.rocksdb,GCA_034117785.1 Lachnospiraceae bacterium,cae3b1979fcf875e3956e4344c22a762,0.005763688760806916,20000,121,12030000,outputs.mapping/bams.cds.rand/SRR17241609.x.s__JAFBIX01 sp021531895.fastq.gz,SRR17241609.x.s__JAFBIX01 sp021531895,61c7fd37,20970000,51,DNA,10000,2097,True,0.8725155343993001,0.9038412688553902,0.8881784016273451,0.9038412688553902,True,2,14008,18966,d__Bacteria;p__Bacillota;c__Clostridia;o__Lachnospirales;f__Lachnospiraceae;g__TWA4;s__TWA4 sp028724245
60000,0.002861230329041488,0.0035842293906810036,0.0009537434430138292,0.00021090372245070126,2.0,2.0,0.0,/group/ctbrowngrp5/sourmash-db.new/gtdb-rs226/gtdb-rs226-k51.dna.rocksdb,GCA_932182455.1 uncultured Blautia sp.,67f5c55d1abe7e19f65c6e58c6df5e6d,0.010752688172043012,20000,122,12010000,outputs.mapping/bams.cds.rand/SRR17241609.x.s__JAFBIX01 sp021531895.fastq.gz,SRR17241609.x.s__JAFBIX01 sp021531895,61c7fd37,20970000,51,DNA,10000,2097,True,0.8915146550511075,0.9149603940215936,0.9032375245363505,0.9149603940215936,True,4,14012,18966,d__Bacteria;p__Bacillota;c__Clostridia;o__Lachnospirales;f__Lachnospiraceae;g__Blautia;s__Blautia pseudococcoides
50000,0.002384358607534573,0.008733624454148471,0.0009537434430138292,0.0035853632816619215,34.0,34.0,18.0,/group/ctbrowngrp5/sourmash-db.new/gtdb-rs226/gtdb-rs226-k51.dna.rocksdb,GCA_034178805.1 Lachnoclostridium sp.,2bec6d2543c5215dd261952bc081fccd,0.021834061135371178,20000,123,11990000,outputs.mapping/bams.cds.rand/SRR17241609.x.s__JAFBIX01 sp021531895.fastq.gz,SRR17241609.x.s__JAFBIX01 sp021531895,61c7fd37,20970000,51,DNA,10000,2097,True,0.8883332404084038,0.9277565095532941,0.908044874980849,0.9277565095532941,True,68,14080,18966,d__Bacteria;p__Bacillota;c__Clostridia;o__Lachnospirales;f__Lachnospiraceae;g__Claveliimonas;s__Claveliimonas sp034178805
10000,0.0004768717215069146,0.00510204081632653,0.0004768717215069146,5.2725930612675314e-05,1.0,1.0,0.0,/group/ctbrowngrp5/sourmash-db.new/gtdb-rs226/gtdb-rs226-k51.dna.rocksdb,GCA_949472025.1 Porphyromonadaceae bacterium UBA7167,8a12728c35d7f6d074f5a2562d8e6721,0.00510204081632653,10000,124,11980000,outputs.mapping/bams.cds.rand/SRR17241609.x.s__JAFBIX01 sp021531895.fastq.gz,SRR17241609.x.s__JAFBIX01 sp021531895,61c7fd37,20970000,51,DNA,10000,2097,True,0.860737291103817,0.9016828355623467,0.8812100633330819,0.9016828355623467,True,1,14081,18966,d__Bacteria;p__Bacteroidota;c__Bacteroidia;o__Bacteroidales;f__Muribaculaceae;g__Muribaculum;s__Muribaculum gordoncarteri
10000,0.0004768717215069146,0.005714285714285714,0.0004768717215069146,5.2725930612675314e-05,1.0,1.0,0.0,/group/ctbrowngrp5/sourmash-db.new/gtdb-rs226/gtdb-rs226-k51.dna.rocksdb,GCF_900985685.1 Streptococcus pyogenes,7ec5d03491ca9b54332fdd09958b7b7a,0.005714285714285714,10000,125,11970000,outputs.mapping/bams.cds.rand/SRR17241609.x.s__JAFBIX01 sp021531895.fastq.gz,SRR17241609.x.s__JAFBIX01 sp021531895,61c7fd37,20970000,51,DNA,10000,2097,True,0.860737291103817,0.9036887208642069,0.882213005984012,0.9036887208642069,True,1,14082,18966,d__Bacteria;p__Bacillota;c__Bacilli;o__Lactobacillales;f__Streptococcaceae;g__Streptococcus;s__Streptococcus pyogenes
10000,0.0004768717215069146,0.006896551724137931,0.0004768717215069146,0.004376252240852051,83.0,83.0,0.0,/group/ctbrowngrp5/sourmash-db.new/gtdb-rs226/gtdb-rs226-k51.dna.rocksdb,GCA_948615015.1 uncultured Eubacteriales bacterium,ad83bd1353708800df7a2bd077ca0204,0.006896551724137931,10000,126,11960000,outputs.mapping/bams.cds.rand/SRR17241609.x.s__JAFBIX01 sp021531895.fastq.gz,SRR17241609.x.s__JAFBIX01 sp021531895,61c7fd37,20970000,51,DNA,10000,2097,True,0.860737291103817,0.907027041982046,0.8838821665429315,0.907027041982046,True,83,14165,18966,d__Bacteria;p__Bacillota;c__Clostridia;o__Christensenellales;f__UBA3700;g__MGBC100798;s__MGBC100798 sp910588545
50000,0.002384358607534573,0.003861003861003861,0.0004768717215069146,0.00010545186122535063,2.0,2.0,0.0,/group/ctbrowngrp5/sourmash-db.new/gtdb-rs226/gtdb-rs226-k51.dna.rocksdb,GCA_022787605.1 Blautia glucerasea,dac65c6e7ca61b2d1cbd333f2b049c25,0.019305019305019305,10000,127,11950000,outputs.mapping/bams.cds.rand/SRR17241609.x.s__JAFBIX01 sp021531895.fastq.gz,SRR17241609.x.s__JAFBIX01 sp021531895,61c7fd37,20970000,51,DNA,10000,2097,True,0.8883332404084038,0.9255197504920231,0.9069264954502134,0.9255197504920231,True,2,14167,18966,d__Bacteria;p__Bacillota;c__Clostridia;o__Lachnospirales;f__Lachnospiraceae;g__Blautia_A;s__Blautia_A ammoniilytica
10000,0.0004768717215069146,0.0038022813688212928,0.0004768717215069146,5.2725930612675314e-05,1.0,1.0,0.0,/group/ctbrowngrp5/sourmash-db.new/gtdb-rs226/gtdb-rs226-k51.dna.rocksdb,GCA_036728005.1 Bacteroidaceae bacterium,c0142967ef0abab0130dd3889fde0fc7,0.0038022813688212928,10000,128,11940000,outputs.mapping/bams.cds.rand/SRR17241609.x.s__JAFBIX01 sp021531895.fastq.gz,SRR17241609.x.s__JAFBIX01 sp021531895,61c7fd37,20970000,51,DNA,10000,2097,True,0.860737291103817,0.896499160640959,0.878618225872388,0.896499160640959,True,1,14168,18966,d__Bacteria;p__Bacteroidota;c__Bacteroidia;o__Bacteroidales;f__Bacteroidaceae;g__Prevotella;s__Prevotella copri_K
90000,0.004291845493562232,0.002004008016032064,0.0004768717215069146,0.00010545186122535063,2.0,2.0,0.0,/group/ctbrowngrp5/sourmash-db.new/gtdb-rs226/gtdb-rs226-k51.dna.rocksdb,GCF_040910525.1 Blautia wexlerae,328a8c1bd93d81758f07537ef6f98611,0.018036072144288578,10000,129,11930000,outputs.mapping/bams.cds.rand/SRR17241609.x.s__JAFBIX01 sp021531895.fastq.gz,SRR17241609.x.s__JAFBIX01 sp021531895,61c7fd37,20970000,51,DNA,10000,2097,True,0.8986307105512661,0.9242867028959435,0.9114587067236049,0.9242867028959435,False,2,14170,18966,d__Bacteria;p__Bacillota;c__Clostridia;o__Lachnospirales;f__Lachnospiraceae;g__Blautia_A;s__Blautia_A wexlerae
10000,0.0004768717215069146,0.0053475935828877,0.0004768717215069146,0.0017399557102182853,33.0,33.0,0.0,/group/ctbrowngrp5/sourmash-db.new/gtdb-rs226/gtdb-rs226-k51.dna.rocksdb,GCA_004557305.1 Bacteroidales bacterium,e14e04a97c3121598757aa7e2cffb5e6,0.0053475935828877,10000,130,11920000,outputs.mapping/bams.cds.rand/SRR17241609.x.s__JAFBIX01 sp021531895.fastq.gz,SRR17241609.x.s__JAFBIX01 sp021531895,61c7fd37,20970000,51,DNA,10000,2097,True,0.860737291103817,0.9025142881157426,0.8816257896097799,0.9025142881157426,True,33,14203,18966,d__Bacteria;p__Bacteroidota;c__Bacteroidia;o__Bacteroidales;f__P3;g__Onthomorpha;s__Onthomorpha sp004551865
10000,0.0004768717215069146,0.004901960784313725,0.0004768717215069146,5.2725930612675314e-05,1.0,1.0,0.0,/group/ctbrowngrp5/sourmash-db.new/gtdb-rs226/gtdb-rs226-k51.dna.rocksdb,GCA_034178705.1 Eubacteriales bacterium,f9f75b3653f7f9eb2517e388bdcaa7e6,0.004901960784313725,10000,131,11910000,outputs.mapping/bams.cds.rand/SRR17241609.x.s__JAFBIX01 sp021531895.fastq.gz,SRR17241609.x.s__JAFBIX01 sp021531895,61c7fd37,20970000,51,DNA,10000,2097,True,0.860737291103817,0.9009758163577729,0.880856553730795,0.9009758163577729,True,1,14204,18966,d__Bacteria;p__Bacillota;c__Clostridia;o__Oscillospirales;f__CAG-272;g__RUG12395;s__RUG12395 sp034178705
10000,0.0004768717215069146,0.0053475935828877,0.0004768717215069146,0.0006327111673521037,12.0,12.0,0.0,/group/ctbrowngrp5/sourmash-db.new/gtdb-rs226/gtdb-rs226-k51.dna.rocksdb,GCF_022465435.1 Campylobacter coli,78f40d71a5059a0b295cbf656366d268,0.0053475935828877,10000,132,11900000,outputs.mapping/bams.cds.rand/SRR17241609.x.s__JAFBIX01 sp021531895.fastq.gz,SRR17241609.x.s__JAFBIX01 sp021531895,61c7fd37,20970000,51,DNA,10000,2097,True,0.860737291103817,0.9025142881157426,0.8816257896097799,0.9025142881157426,True,12,14216,18966,d__Bacteria;p__Campylobacterota;c__Campylobacteria;o__Campylobacterales;f__Campylobacteraceae;g__Campylobacter_D;s__Campylobacter_D coli
10000,0.0004768717215069146,0.002849002849002849,0.0004768717215069146,5.2725930612675314e-05,1.0,1.0,0.0,/group/ctbrowngrp5/sourmash-db.new/gtdb-rs226/gtdb-rs226-k51.dna.rocksdb,GCA_958477215.1 Blautia obeum,fb14e840f0fef9e92edcffcab4eb6b29,0.002849002849002849,10000,133,11890000,outputs.mapping/bams.cds.rand/SRR17241609.x.s__JAFBIX01 sp021531895.fastq.gz,SRR17241609.x.s__JAFBIX01 sp021531895,61c7fd37,20970000,51,DNA,10000,2097,True,0.860737291103817,0.8914397943560793,0.8760885427299482,0.8914397943560793,True,1,14217,18966,d__Bacteria;p__Bacillota;c__Clostridia;o__Lachnospirales;f__Lachnospiraceae;g__Blautia_A;s__Blautia_A sp900066355
30000,0.001430615164520744,0.00510204081632653,0.0004768717215069146,0.0004745333755140778,9.0,9.0,0.0,/group/ctbrowngrp5/sourmash-db.new/gtdb-rs226/gtdb-rs226-k51.dna.rocksdb,GCA_041838735.1 Bacillota bacterium,fed30fbc4709ce55c00a4eacb921fc5f,0.015306122448979591,10000,134,11880000,outputs.mapping/bams.cds.rand/SRR17241609.x.s__JAFBIX01 sp021531895.fastq.gz,SRR17241609.x.s__JAFBIX01 sp021531895,61c7fd37,20970000,51,DNA,10000,2097,True,0.8794799392269247,0.9213170773690638,0.9003985082979942,0.9213170773690638,True,9,14226,18966,d__Bacteria;p__Bacillota;c__Clostridia;o__Peptostreptococcales;f__Anaerovoracaceae;g__UBA3871;s__UBA3871 sp041797745
10000,0.0004768717215069146,0.007246376811594203,0.0004768717215069146,0.00015817779183802593,3.0,3.0,0.0,/group/ctbrowngrp5/sourmash-db.new/gtdb-rs226/gtdb-rs226-k51.dna.rocksdb,GCA_958408985.1 uncultured Clostridium sp.,8122d1bdbcf2c245ccc14c315cbb9cc1,0.007246376811594203,10000,135,11870000,outputs.mapping/bams.cds.rand/SRR17241609.x.s__JAFBIX01 sp021531895.fastq.gz,SRR17241609.x.s__JAFBIX01 sp021531895,61c7fd37,20970000,51,DNA,10000,2097,True,0.860737291103817,0.9079074641021062,0.8843223776029616,0.9079074641021062,True,3,14229,18966,d__Bacteria;p__Bacillota;c__Clostridia;o__TANB77;f__CAG-508;g__CAG-269;s__CAG-269 sp003525075
10000,0.0004768717215069146,0.008333333333333333,0.0004768717215069146,5.2725930612675314e-05,1.0,1.0,0.0,/group/ctbrowngrp5/sourmash-db.new/gtdb-rs226/gtdb-rs226-k51.dna.rocksdb,GCA_905216155.1 uncultured bacterium,97e947718c7ff884d00a60aeaf5e2102,0.008333333333333333,10000,136,11860000,outputs.mapping/bams.cds.rand/SRR17241609.x.s__JAFBIX01 sp021531895.fastq.gz,SRR17241609.x.s__JAFBIX01 sp021531895,61c7fd37,20970000,51,DNA,10000,2097,True,0.860737291103817,0.9103989334640178,0.8855681122839174,0.9103989334640178,True,1,14230,18966,d__Bacteria;p__Bacillota;c__Bacilli;o__RF39;f__UBA660;g__CAJMSU01;s__CAJMSU01 sp905216155
30000,0.001430615164520744,0.002544529262086514,0.0004768717215069146,0.00010545186122535063,2.0,2.0,0.0,/group/ctbrowngrp5/sourmash-db.new/gtdb-rs226/gtdb-rs226-k51.dna.rocksdb,GCF_009362915.1 Clostridioides difficile,9393b509ad2b4cbe4a8e40136663c241,0.007633587786259542,10000,137,11850000,outputs.mapping/bams.cds.rand/SRR17241609.x.s__JAFBIX01 sp021531895.fastq.gz,SRR17241609.x.s__JAFBIX01 sp021531895,61c7fd37,20970000,51,DNA,10000,2097,True,0.8794799392269247,0.908834650149845,0.8941572946883849,0.908834650149845,True,2,14232,18966,d__Bacteria;p__Bacillota;c__Clostridia;o__Peptostreptococcales;f__Peptostreptococcaceae;g__Clostridioides;s__Clostridioides difficile
60000,0.002861230329041488,0.003205128205128205,0.0004768717215069146,5.2725930612675314e-05,1.0,1.0,0.0,/group/ctbrowngrp5/sourmash-db.new/gtdb-rs226/gtdb-rs226-k51.dna.rocksdb,GCF_020537345.1 Mediterraneibacter faecis,92a8b388153d7186d9698c44c0b94dd7,0.019230769230769232,10000,138,11840000,outputs.mapping/bams.cds.rand/SRR17241609.x.s__JAFBIX01 sp021531895.fastq.gz,SRR17241609.x.s__JAFBIX01 sp021531895,61c7fd37,20970000,51,DNA,10000,2097,True,0.8915146550511075,0.925449820692602,0.9084822378718547,0.925449820692602,True,1,14233,18966,d__Bacteria;p__Bacillota;c__Clostridia;o__Lachnospirales;f__Lachnospiraceae;g__Mediterraneibacter;s__Mediterraneibacter faecis
60000,0.002861230329041488,0.0037593984962406013,0.0004768717215069146,0.0014236001265422334,27.0,27.0,0.0,/group/ctbrowngrp5/sourmash-db.new/gtdb-rs226/gtdb-rs226-k51.dna.rocksdb,GCA_945501765.1 uncultured Firmicutes bacterium,a87b68c73470b5f8b2444b91b273ac57,0.022556390977443608,10000,139,11830000,outputs.mapping/bams.cds.rand/SRR17241609.x.s__JAFBIX01 sp021531895.fastq.gz,SRR17241609.x.s__JAFBIX01 sp021531895,61c7fd37,20970000,51,DNA,10000,2097,True,0.8915146550511075,0.9283487754708947,0.9099317152610011,0.9283487754708947,True,27,14260,18966,d__Bacteria;p__Bacillota;c__Clostridia;o__Lachnospirales;f__Lachnospiraceae;g__Blautia;s__Blautia sp022777285
40000,0.0019074868860276585,0.0031545741324921135,0.0004768717215069146,0.00015817779183802593,3.0,3.0,0.0,/group/ctbrowngrp5/sourmash-db.new/gtdb-rs226/gtdb-rs226-k51.dna.rocksdb,GCA_022715465.1 Faecalibacterium prausnitzii,2d60d18aeb682dbb5c7c60e34b365e1b,0.012618296529968454,10000,140,11820000,outputs.mapping/bams.cds.rand/SRR17241609.x.s__JAFBIX01 sp021531895.fastq.gz,SRR17241609.x.s__JAFBIX01 sp021531895,61c7fd37,20970000,51,DNA,10000,2097,True,0.8844549500020148,0.9178352228765273,0.901145086439271,0.9178352228765273,True,3,14263,18966,d__Bacteria;p__Bacillota;c__Clostridia;o__Oscillospirales;f__Ruminococcaceae;g__Faecalibacterium;s__Faecalibacterium longum
20000,0.0009537434430138292,0.003205128205128205,0.0004768717215069146,0.0002636296530633766,5.0,5.0,0.0,/group/ctbrowngrp5/sourmash-db.new/gtdb-rs226/gtdb-rs226-k51.dna.rocksdb,GCA_003477405.1 Ruminococcaceae bacterium AM07-15,a557ffa873f8062f83bdc69d54a790b1,0.00641025641025641,10000,141,11810000,outputs.mapping/bams.cds.rand/SRR17241609.x.s__JAFBIX01 sp021531895.fastq.gz,SRR17241609.x.s__JAFBIX01 sp021531895,61c7fd37,20970000,51,DNA,10000,2097,True,0.8725155343993001,0.9057275057526144,0.8891215200759572,0.9057275057526144,True,5,14268,18966,d__Bacteria;p__Bacillota;c__Clostridia;o__Oscillospirales;f__Butyricicoccaceae;g__Pseudobutyricicoccus;s__Pseudobutyricicoccus sp003477405
10000,0.0004768717215069146,0.0021413276231263384,0.0004768717215069146,0.00021090372245070126,4.0,4.0,0.0,/group/ctbrowngrp5/sourmash-db.new/gtdb-rs226/gtdb-rs226-k51.dna.rocksdb,GCA_948649165.1 uncultured Lachnospiraceae bacterium,611f643f4ad504f798f861b97fae2f08,0.0021413276231263384,10000,142,11800000,outputs.mapping/bams.cds.rand/SRR17241609.x.s__JAFBIX01 sp021531895.fastq.gz,SRR17241609.x.s__JAFBIX01 sp021531895,61c7fd37,20970000,51,DNA,10000,2097,True,0.860737291103817,0.8864626733856426,0.8735999822447298,0.8864626733856426,True,4,14272,18966,d__Bacteria;p__Bacillota;c__Clostridia;o__Lachnospirales;f__Lachnospiraceae;g__COE1;s__COE1 sp003513705
70000,0.0033381020505484026,0.0021008403361344537,0.0004768717215069146,0.00021090372245070126,4.0,4.0,0.0,/group/ctbrowngrp5/sourmash-db.new/gtdb-rs226/gtdb-rs226-k51.dna.rocksdb,GCA_003480185.1 Ruminococcus sp. AM40-10AC,c2c45311ce70fd10dd8e15060a9edf3f,0.014705882352941176,10000,143,11790000,outputs.mapping/bams.cds.rand/SRR17241609.x.s__JAFBIX01 sp021531895.fastq.gz,SRR17241609.x.s__JAFBIX01 sp021531895,61c7fd37,20970000,51,DNA,10000,2097,True,0.894213390174518,0.9205946627444187,0.9074040264594683,0.9205946627444187,False,4,14276,18966,d__Bacteria;p__Bacillota;c__Clostridia;o__Lachnospirales;f__Lachnospiraceae;g__Blautia_A;s__Blautia_A wexlerae
10000,0.0004768717215069146,0.0024330900243309003,0.0004768717215069146,0.00010545186122535063,2.0,2.0,0.0,/group/ctbrowngrp5/sourmash-db.new/gtdb-rs226/gtdb-rs226-k51.dna.rocksdb,GCA_949098705.1 uncultured Lachnospiraceae bacterium,f5d4af68607a71b706f49f9095b88724,0.0024330900243309003,10000,144,11780000,outputs.mapping/bams.cds.rand/SRR17241609.x.s__JAFBIX01 sp021531895.fastq.gz,SRR17241609.x.s__JAFBIX01 sp021531895,61c7fd37,20970000,51,DNA,10000,2097,True,0.860737291103817,0.8886857156672617,0.8747115033855394,0.8886857156672617,True,2,14278,18966,d__Bacteria;p__Bacillota;c__Clostridia;o__Lachnospirales;f__Lachnospiraceae;g__CAG-303;s__CAG-303 sp910577835
10000,0.0004768717215069146,0.0030211480362537764,0.0004768717215069146,0.00010545186122535063,2.0,2.0,0.0,/group/ctbrowngrp5/sourmash-db.new/gtdb-rs226/gtdb-rs226-k51.dna.rocksdb,GCA_014849025.1 Alistipes senegalensis,4550017d8d2a21acb335ce5921ba2e1f,0.0030211480362537764,10000,145,11770000,outputs.mapping/bams.cds.rand/SRR17241609.x.s__JAFBIX01 sp021531895.fastq.gz,SRR17241609.x.s__JAFBIX01 sp021531895,61c7fd37,20970000,51,DNA,10000,2097,True,0.860737291103817,0.8924658521397282,0.8766015716217725,0.8924658521397282,True,2,14280,18966,d__Bacteria;p__Bacteroidota;c__Bacteroidia;o__Bacteroidales;f__Rikenellaceae;g__Alistipes;s__Alistipes senegalensis
10000,0.0004768717215069146,0.00425531914893617,0.0004768717215069146,5.2725930612675314e-05,1.0,1.0,0.0,/group/ctbrowngrp5/sourmash-db.new/gtdb-rs226/gtdb-rs226-k51.dna.rocksdb,GCA_945937295.1 uncultured Oscillospiraceae bacterium,da7bbb38aa13a2e4c9e3acb298b573c6,0.00425531914893617,10000,146,11760000,outputs.mapping/bams.cds.rand/SRR17241609.x.s__JAFBIX01 sp021531895.fastq.gz,SRR17241609.x.s__JAFBIX01 sp021531895,61c7fd37,20970000,51,DNA,10000,2097,True,0.860737291103817,0.8984801221677612,0.8796087066357892,0.8984801221677612,True,1,14281,18966,d__Bacteria;p__Bacillota;c__Clostridia;o__UBA1381;f__UBA1381;g__Hominilimicola;s__Hominilimicola sp945876665
10000,0.0004768717215069146,0.005494505494505495,0.0004768717215069146,0.00010545186122535063,2.0,2.0,0.0,/group/ctbrowngrp5/sourmash-db.new/gtdb-rs226/gtdb-rs226-k51.dna.rocksdb,GCA_959018465.1 uncultured Lachnospiraceae bacterium,5471e43c88bd19378a561780632f62d2,0.005494505494505495,10000,147,11750000,outputs.mapping/bams.cds.rand/SRR17241609.x.s__JAFBIX01 sp021531895.fastq.gz,SRR17241609.x.s__JAFBIX01 sp021531895,61c7fd37,20970000,51,DNA,10000,2097,True,0.860737291103817,0.9029940210398251,0.881865656071821,0.9029940210398251,True,2,14283,18966,d__Bacteria;p__Bacillota;c__Clostridia;o__Lachnospirales;f__Lachnospiraceae;g__Pararoseburia;s__Pararoseburia lenta
90000,0.004291845493562232,0.0034965034965034965,0.0004768717215069146,5.2725930612675314e-05,1.0,1.0,0.0,/group/ctbrowngrp5/sourmash-db.new/gtdb-rs226/gtdb-rs226-k51.dna.rocksdb,GCF_034116265.1 Frisingicoccus sp.,0bc88f9b1977bc6cdc6271b3344f45f1,0.03146853146853147,10000,148,11740000,outputs.mapping/bams.cds.rand/SRR17241609.x.s__JAFBIX01 sp021531895.fastq.gz,SRR17241609.x.s__JAFBIX01 sp021531895,61c7fd37,20970000,51,DNA,10000,2097,True,0.8986307105512661,0.9344296223938844,0.9165301664725752,0.9344296223938844,False,1,14284,18966,d__Bacteria;p__Bacillota;c__Clostridia;o__Lachnospirales;f__Lachnospiraceae;g__Frisingicoccus;s__Frisingicoccus sp016298055
10000,0.0004768717215069146,0.005494505494505495,0.0004768717215069146,0.00021090372245070126,4.0,4.0,0.0,/group/ctbrowngrp5/sourmash-db.new/gtdb-rs226/gtdb-rs226-k51.dna.rocksdb,GCA_014869965.1 Oscillospiraceae bacterium,32ca8c131aa0a871ab84b35f8e96a067,0.005494505494505495,10000,149,11730000,outputs.mapping/bams.cds.rand/SRR17241609.x.s__JAFBIX01 sp021531895.fastq.gz,SRR17241609.x.s__JAFBIX01 sp021531895,61c7fd37,20970000,51,DNA,10000,2097,True,0.860737291103817,0.9029940210398251,0.881865656071821,0.9029940210398251,True,4,14288,18966,d__Bacteria;p__Bacillota;c__Clostridia;o__Oscillospirales;f__Oscillospiraceae;g__CAG-103;s__CAG-103 sp900543625
10000,0.0004768717215069146,0.0034129692832764505,0.0004768717215069146,0.00031635558367605187,6.0,6.0,0.0,/group/ctbrowngrp5/sourmash-db.new/gtdb-rs226/gtdb-rs226-k51.dna.rocksdb,GCF_937922035.1 uncultured Ruminococcus sp.,27113172c71a196951edec1bdc672aeb,0.0034129692832764505,10000,150,11720000,outputs.mapping/bams.cds.rand/SRR17241609.x.s__JAFBIX01 sp021531895.fastq.gz,SRR17241609.x.s__JAFBIX01 sp021531895,61c7fd37,20970000,51,DNA,10000,2097,True,0.860737291103817,0.8946023746949219,0.8776698328993695,0.8946023746949219,True,6,14294,18966,d__Bacteria;p__Bacillota;c__Clostridia;o__Oscillospirales;f__Ruminococcaceae;g__Hominimerdicola;s__Hominimerdicola aceti
10000,0.0004768717215069146,0.005780346820809248,0.0004768717215069146,0.0014763260571549089,28.0,28.0,0.0,/group/ctbrowngrp5/sourmash-db.new/gtdb-rs226/gtdb-rs226-k51.dna.rocksdb,GCA_031549605.1 Oscillospiraceae bacterium,e569e4849b1225488a75f7a283855cc9,0.005780346820809248,10000,151,11710000,outputs.mapping/bams.cds.rand/SRR17241609.x.s__JAFBIX01 sp021531895.fastq.gz,SRR17241609.x.s__JAFBIX01 sp021531895,61c7fd37,20970000,51,DNA,10000,2097,True,0.860737291103817,0.9038924171716131,0.882314854137715,0.9038924171716131,True,28,14322,18966,d__Bacteria;p__Bacillota;c__Clostridia;o__Oscillospirales;f__UBA929;g__WRAI01;s__WRAI01 sp031549605
10000,0.0004768717215069146,0.0025906735751295338,0.0004768717215069146,0.00031635558367605187,6.0,6.0,0.0,/group/ctbrowngrp5/sourmash-db.new/gtdb-rs226/gtdb-rs226-k51.dna.rocksdb,GCF_000423965.1 Butyrivibrio sp. VCB2001,4cf6b9589fb16af05424d393cc2d31aa,0.0025906735751295338,10000,152,11700000,outputs.mapping/bams.cds.rand/SRR17241609.x.s__JAFBIX01 sp021531895.fastq.gz,SRR17241609.x.s__JAFBIX01 sp021531895,61c7fd37,20970000,51,DNA,10000,2097,True,0.860737291103817,0.8897799225290423,0.8752586068164296,0.8897799225290423,True,6,14328,18966,d__Bacteria;p__Bacillota;c__Clostridia;o__Lachnospirales;f__Lachnospiraceae;g__Butyrivibrio;s__Butyrivibrio sp000421405
10000,0.0004768717215069146,0.007692307692307693,0.0004768717215069146,0.0003690815142887272,7.0,7.0,0.0,/group/ctbrowngrp5/sourmash-db.new/gtdb-rs226/gtdb-rs226-k51.dna.rocksdb,GCA_037069245.1 Clostridia bacterium,2aed2e958675fddf5d5447fdeaf50c01,0.007692307692307693,10000,153,11690000,outputs.mapping/bams.cds.rand/SRR17241609.x.s__JAFBIX01 sp021531895.fastq.gz,SRR17241609.x.s__JAFBIX01 sp021531895,61c7fd37,20970000,51,DNA,10000,2097,True,0.860737291103817,0.9089712150027334,0.8848542530532753,0.9089712150027334,True,7,14335,18966,d__Bacteria;p__Bacillota;c__Clostridia;o__TANB77;f__CAG-508;g__CAG-452;s__CAG-452 sp000434035
10000,0.0004768717215069146,0.0038461538461538464,0.0004768717215069146,0.00168722977960561,32.0,32.0,0.0,/group/ctbrowngrp5/sourmash-db.new/gtdb-rs226/gtdb-rs226-k51.dna.rocksdb,GCA_038211425.1 Candidatus Limnocylindria bacterium,b6d89644025723a1d0150e825f001981,0.0038461538461538464,10000,154,11680000,outputs.mapping/bams.cds.rand/SRR17241609.x.s__JAFBIX01 sp021531895.fastq.gz,SRR17241609.x.s__JAFBIX01 sp021531895,61c7fd37,20970000,51,DNA,10000,2097,True,0.860737291103817,0.896700849952713,0.878719070528265,0.896700849952713,True,32,14367,18966,d__Bacteria;p__Chloroflexota;c__Limnocylindria;o__P2-11E;f__P2-11E;g__JALYKU01;s__JALYKU01 sp038211425
10000,0.0004768717215069146,0.00909090909090909,0.0004768717215069146,0.00010545186122535063,2.0,2.0,0.0,/group/ctbrowngrp5/sourmash-db.new/gtdb-rs226/gtdb-rs226-k51.dna.rocksdb,GCA_934101315.1 uncultured Bacilli bacterium,2bc6b71dd54c735ede6845b08840ed28,0.00909090909090909,10000,155,11670000,outputs.mapping/bams.cds.rand/SRR17241609.x.s__JAFBIX01 sp021531895.fastq.gz,SRR17241609.x.s__JAFBIX01 sp021531895,61c7fd37,20970000,51,DNA,10000,2097,True,0.860737291103817,0.9119534957754483,0.8863453934396326,0.9119534957754483,True,2,14369,18966,d__Bacteria;p__Bacillota;c__Bacilli;o__RF39;f__UBA660;g__CAG-533;s__CAG-533 sp000434495
20000,0.0009537434430138292,0.002325581395348837,0.0004768717215069146,0.002056311293894337,39.0,39.0,0.0,/group/ctbrowngrp5/sourmash-db.new/gtdb-rs226/gtdb-rs226-k51.dna.rocksdb,GCA_948971875.1 uncultured Kineothrix sp.,6ca565598475daaf48b58be9d6c3f921,0.004651162790697674,10000,156,11660000,outputs.mapping/bams.cds.rand/SRR17241609.x.s__JAFBIX01 sp021531895.fastq.gz,SRR17241609.x.s__JAFBIX01 sp021531895,61c7fd37,20970000,51,DNA,10000,2097,True,0.8725155343993001,0.90004850019656,0.88628201729793,0.90004850019656,True,39,14408,18966,d__Bacteria;p__Bacillota;c__Clostridia;o__Lachnospirales;f__Lachnospiraceae;g__Kineothrix;s__Kineothrix sp910579935
10000,0.0004768717215069146,0.004098360655737705,0.0004768717215069146,0.0004218074449014025,8.0,8.0,0.0,/group/ctbrowngrp5/sourmash-db.new/gtdb-rs226/gtdb-rs226-k51.dna.rocksdb,GCF_034172645.1 Dysosmobacter sp.,72125f4ddcb345f2692a5cae382db862,0.004098360655737705,10000,157,11650000,outputs.mapping/bams.cds.rand/SRR17241609.x.s__JAFBIX01 sp021531895.fastq.gz,SRR17241609.x.s__JAFBIX01 sp021531895,61c7fd37,20970000,51,DNA,10000,2097,True,0.860737291103817,0.8978182617731918,0.8792777764385045,0.8978182617731918,True,8,14416,18966,d__Bacteria;p__Bacillota;c__Clostridia;o__Oscillospirales;f__Oscillospiraceae;g__Oscillibacter;s__Oscillibacter sp018228705
20000,0.0009537434430138292,0.0019880715705765406,0.0004768717215069146,0.0002636296530633766,5.0,5.0,0.0,/group/ctbrowngrp5/sourmash-db.new/gtdb-rs226/gtdb-rs226-k51.dna.rocksdb,GCA_009911305.1 Clostridiaceae bacterium,6bab8dc76e8f519f4124841987c51bcd,0.003976143141153081,10000,158,11640000,outputs.mapping/bams.cds.rand/SRR17241609.x.s__JAFBIX01 sp021531895.fastq.gz,SRR17241609.x.s__JAFBIX01 sp021531895,61c7fd37,20970000,51,DNA,10000,2097,True,0.8725155343993001,0.8972854545162023,0.8849004944577512,0.8972854545162023,True,5,14421,18966,d__Bacteria;p__Bacillota;c__Clostridia;o__Lachnospirales;f__Lachnospiraceae;g__Otoolea;s__Otoolea sp009911305
40000,0.0019074868860276585,0.003663003663003663,0.0004768717215069146,0.0007381630285774544,14.0,14.0,0.0,/group/ctbrowngrp5/sourmash-db.new/gtdb-rs226/gtdb-rs226-k51.dna.rocksdb,GCA_041331895.1 Agathobacter rectalis,ecd1a7c1527e27adb6b98b827eac76d9,0.014652014652014652,10000,159,11630000,outputs.mapping/bams.cds.rand/SRR17241609.x.s__JAFBIX01 sp021531895.fastq.gz,SRR17241609.x.s__JAFBIX01 sp021531895,61c7fd37,20970000,51,DNA,10000,2097,True,0.8844549500020148,0.9205284233074177,0.9024916866547162,0.9205284233074177,True,14,14435,18966,d__Bacteria;p__Bacillota;c__Clostridia;o__Lachnospirales;f__Lachnospiraceae;g__Agathobacter;s__Agathobacter rectalis
20000,0.0009537434430138292,0.006944444444444444,0.0004768717215069146,5.2725930612675314e-05,1.0,1.0,0.0,/group/ctbrowngrp5/sourmash-db.new/gtdb-rs226/gtdb-rs226-k51.dna.rocksdb,GCA_945788595.1 uncultured Lachnospiraceae bacterium,adfe17a2ed2c194797a895988f81486f,0.013888888888888888,10000,160,11620000,outputs.mapping/bams.cds.rand/SRR17241609.x.s__JAFBIX01 sp021531895.fastq.gz,SRR17241609.x.s__JAFBIX01 sp021531895,61c7fd37,20970000,51,DNA,10000,2097,True,0.8725155343993001,0.9195634812766026,0.8960395078379513,0.9195634812766026,True,1,14436,18966,d__Bacteria;p__Bacillota;c__Clostridia;o__Lachnospirales;f__Lachnospiraceae;g__UBA11957;s__UBA11957 sp945788595
10000,0.0004768717215069146,0.0032679738562091504,0.0004768717215069146,5.2725930612675314e-05,1.0,1.0,0.0,/group/ctbrowngrp5/sourmash-db.new/gtdb-rs226/gtdb-rs226-k51.dna.rocksdb,GCA_963619175.1 Flavonifractor plautii,3a0fecf508bb36dde9aa21bff94df0f2,0.0032679738562091504,10000,161,11610000,outputs.mapping/bams.cds.rand/SRR17241609.x.s__JAFBIX01 sp021531895.fastq.gz,SRR17241609.x.s__JAFBIX01 sp021531895,61c7fd37,20970000,51,DNA,10000,2097,True,0.860737291103817,0.8938411904895232,0.8772892407966701,0.8938411904895232,True,1,14437,18966,d__Bacteria;p__Bacillota;c__Clostridia;o__Christensenellales;f__Aristaeellaceae;g__SFHK01;s__SFHK01 sp963618055
10000,0.0004768717215069146,0.0040650406504065045,0.0004768717215069146,0.00010545186122535063,2.0,2.0,0.0,/group/ctbrowngrp5/sourmash-db.new/gtdb-rs226/gtdb-rs226-k51.dna.rocksdb,GCA_004557735.1 Clostridiales bacterium,649bc065ec53a62a5641b30d13f57492,0.0040650406504065045,10000,162,11600000,outputs.mapping/bams.cds.rand/SRR17241609.x.s__JAFBIX01 sp021531895.fastq.gz,SRR17241609.x.s__JAFBIX01 sp021531895,61c7fd37,20970000,51,DNA,10000,2097,True,0.860737291103817,0.8976745640706776,0.8792059275872472,0.8976745640706776,True,2,14439,18966,d__Bacteria;p__Bacillota;c__Clostridia;o__Oscillospirales;f__Oscillospiraceae;g__Apopatocola;s__Apopatocola sp004557735
10000,0.0004768717215069146,0.002849002849002849,0.0004768717215069146,5.2725930612675314e-05,1.0,1.0,0.0,/group/ctbrowngrp5/sourmash-db.new/gtdb-rs226/gtdb-rs226-k51.dna.rocksdb,GCA_037045155.1 Thermomicrobiales bacterium,0776b83112e539364da62c3eabc20bd5,0.002849002849002849,10000,163,11590000,outputs.mapping/bams.cds.rand/SRR17241609.x.s__JAFBIX01 sp021531895.fastq.gz,SRR17241609.x.s__JAFBIX01 sp021531895,61c7fd37,20970000,51,DNA,10000,2097,True,0.860737291103817,0.8914397943560793,0.8760885427299482,0.8914397943560793,True,1,14440,18966,d__Bacteria;p__Chloroflexota;c__Chloroflexia;o__Thermomicrobiales;f__CFX8;g__JAMLIA01;s__JAMLIA01 sp937870985
10000,0.0004768717215069146,0.0043859649122807015,0.0004768717215069146,0.00010545186122535063,2.0,2.0,0.0,/group/ctbrowngrp5/sourmash-db.new/gtdb-rs226/gtdb-rs226-k51.dna.rocksdb,GCA_029009675.1 Bacteroidales bacterium,b59f28cd70a806ccb9252a1a81c3a266,0.0043859649122807015,10000,164,11580000,outputs.mapping/bams.cds.rand/SRR17241609.x.s__JAFBIX01 sp021531895.fastq.gz,SRR17241609.x.s__JAFBIX01 sp021531895,61c7fd37,20970000,51,DNA,10000,2097,True,0.860737291103817,0.8990130239792933,0.8798751575415551,0.8990130239792933,True,2,14442,18966,d__Bacteria;p__Bacteroidota;c__Bacteroidia;o__Bacteroidales;f__Muribaculaceae;g__W0P31-042;s__W0P31-042 sp004557195
10000,0.0004768717215069146,0.0031746031746031746,0.0004768717215069146,5.2725930612675314e-05,1.0,1.0,0.0,/group/ctbrowngrp5/sourmash-db.new/gtdb-rs226/gtdb-rs226-k51.dna.rocksdb,GCA_945923735.1 uncultured bacterium,0f4259bc023a37d65001503db53dbdfc,0.0031746031746031746,10000,165,11570000,outputs.mapping/bams.cds.rand/SRR17241609.x.s__JAFBIX01 sp021531895.fastq.gz,SRR17241609.x.s__JAFBIX01 sp021531895,61c7fd37,20970000,51,DNA,10000,2097,True,0.860737291103817,0.8933332906387786,0.8770352908712978,0.8933332906387786,True,1,14443,18966,d__Bacteria;p__Bacteroidota;c__Bacteroidia;o__Bacteroidales;f__Bacteroidaceae;g__Prevotella;s__Prevotella sp004556065
20000,0.0009537434430138292,0.002976190476190476,0.0004768717215069146,5.2725930612675314e-05,1.0,1.0,0.0,/group/ctbrowngrp5/sourmash-db.new/gtdb-rs226/gtdb-rs226-k51.dna.rocksdb,GCA_037347455.1 Mediterraneibacter gnavus,5940c79eb9cb1063e2455d71863c847d,0.005952380952380952,10000,166,11560000,outputs.mapping/bams.cds.rand/SRR17241609.x.s__JAFBIX01 sp021531895.fastq.gz,SRR17241609.x.s__JAFBIX01 sp021531895,61c7fd37,20970000,51,DNA,10000,2097,True,0.8725155343993001,0.9044123511398208,0.8884639427695604,0.9044123511398208,True,1,14444,18966,d__Bacteria;p__Bacillota;c__Clostridia;o__Lachnospirales;f__Lachnospiraceae;g__Ruminococcus_B;s__Ruminococcus_B gnavus
10000,0.0004768717215069146,0.004901960784313725,0.0004768717215069146,5.2725930612675314e-05,1.0,1.0,0.0,/group/ctbrowngrp5/sourmash-db.new/gtdb-rs226/gtdb-rs226-k51.dna.rocksdb,GCA_945879155.1 uncultured Erysipelotrichaceae bacterium,23812d44742126b342c9fe1d7155401c,0.004901960784313725,10000,167,11550000,outputs.mapping/bams.cds.rand/SRR17241609.x.s__JAFBIX01 sp021531895.fastq.gz,SRR17241609.x.s__JAFBIX01 sp021531895,61c7fd37,20970000,51,DNA,10000,2097,True,0.860737291103817,0.9009758163577729,0.880856553730795,0.9009758163577729,True,1,14445,18966,d__Bacteria;p__Bacillota;c__Bacilli;o__Erysipelotrichales;f__Erysipelotrichaceae;g__Bulleidia;s__Bulleidia sp016293365
10000,0.0004768717215069146,0.004424778761061947,0.0004768717215069146,5.2725930612675314e-05,1.0,1.0,0.0,/group/ctbrowngrp5/sourmash-db.new/gtdb-rs226/gtdb-rs226-k51.dna.rocksdb,GCF_022777625.1 Treponema porcinum,bda6c0b2d92b2926c3784ea238f0fbb9,0.004424778761061947,10000,168,11540000,outputs.mapping/bams.cds.rand/SRR17241609.x.s__JAFBIX01 sp021531895.fastq.gz,SRR17241609.x.s__JAFBIX01 sp021531895,61c7fd37,20970000,51,DNA,10000,2097,True,0.860737291103817,0.8991683485884662,0.8799528198461416,0.8991683485884662,True,1,14446,18966,d__Bacteria;p__Spirochaetota;c__Spirochaetia;o__Treponematales;f__Treponemataceae;g__Treponema_D;s__Treponema_D porcinum
10000,0.0004768717215069146,0.0028169014084507044,0.0004768717215069146,5.2725930612675314e-05,1.0,1.0,0.0,/group/ctbrowngrp5/sourmash-db.new/gtdb-rs226/gtdb-rs226-k51.dna.rocksdb,GCA_904419805.1 uncultured Lachnospiraceae bacterium,079043f9f3c82dc577f4b3ad18a5476f,0.0028169014084507044,10000,169,11530000,outputs.mapping/bams.cds.rand/SRR17241609.x.s__JAFBIX01 sp021531895.fastq.gz,SRR17241609.x.s__JAFBIX01 sp021531895,61c7fd37,20970000,51,DNA,10000,2097,True,0.860737291103817,0.891241749517792,0.8759895203108046,0.891241749517792,True,1,14447,18966,d__Bacteria;p__Bacillota;c__Clostridia;o__Lachnospirales;f__Lachnospiraceae;g__Limivivens;s__Limivivens merdigallinarum
10000,0.0004768717215069146,0.005208333333333333,0.0004768717215069146,0.00010545186122535063,2.0,2.0,0.0,/group/ctbrowngrp5/sourmash-db.new/gtdb-rs226/gtdb-rs226-k51.dna.rocksdb,GCA_945935505.1 uncultured Spirochaetales bacterium,d7f649982274a206b9e4d63b00a40443,0.005208333333333333,10000,170,11520000,outputs.mapping/bams.cds.rand/SRR17241609.x.s__JAFBIX01 sp021531895.fastq.gz,SRR17241609.x.s__JAFBIX01 sp021531895,61c7fd37,20970000,51,DNA,10000,2097,True,0.860737291103817,0.9020474594102066,0.8813923752570119,0.9020474594102066,True,2,14449,18966,d__Bacteria;p__Spirochaetota;c__Spirochaetia;o__Sphaerochaetales;f__Sphaerochaetaceae;g__Bullifex;s__Bullifex porci
10000,0.0004768717215069146,0.0045045045045045045,0.0004768717215069146,5.2725930612675314e-05,1.0,1.0,0.0,/group/ctbrowngrp5/sourmash-db.new/gtdb-rs226/gtdb-rs226-k51.dna.rocksdb,GCA_022780895.1 bacterium,7acf1a9d79c2207615b0e4188835b24a,0.0045045045045045045,10000,171,11510000,outputs.mapping/bams.cds.rand/SRR17241609.x.s__JAFBIX01 sp021531895.fastq.gz,SRR17241609.x.s__JAFBIX01 sp021531895,61c7fd37,20970000,51,DNA,10000,2097,True,0.860737291103817,0.8994832469384727,0.8801102690211449,0.8994832469384727,True,1,14450,18966,d__Bacteria;p__Bacillota;c__Clostridia;o__Oscillospirales;f__Ruminococcaceae;g__Gemmiger;s__Gemmiger sp004561545
20000,0.0009537434430138292,0.004291845493562232,0.0004768717215069146,5.2725930612675314e-05,1.0,1.0,0.0,/group/ctbrowngrp5/sourmash-db.new/gtdb-rs226/gtdb-rs226-k51.dna.rocksdb,GCF_021531715.1 Anaeromassilibacillus senegalensis,ec1ff3c784e865a555513b1cfd1fe874,0.008583690987124463,10000,172,11500000,outputs.mapping/bams.cds.rand/SRR17241609.x.s__JAFBIX01 sp021531895.fastq.gz,SRR17241609.x.s__JAFBIX01 sp021531895,61c7fd37,20970000,51,DNA,10000,2097,True,0.8725155343993001,0.9109274836213538,0.891721509010327,0.9109274836213538,True,1,14451,18966,d__Bacteria;p__Bacillota;c__Clostridia;o__Oscillospirales;f__Acutalibacteraceae;g__Hominenteromicrobium;s__Hominenteromicrobium sp004555625
10000,0.0004768717215069146,0.002967359050445104,0.0004768717215069146,0.00015817779183802593,3.0,3.0,0.0,/group/ctbrowngrp5/sourmash-db.new/gtdb-rs226/gtdb-rs226-k51.dna.rocksdb,GCA_041223735.1 Oscillospiraceae bacterium 44-5,18d1e2965f7744eb4951174acecb4b3f,0.002967359050445104,10000,173,11490000,outputs.mapping/bams.cds.rand/SRR17241609.x.s__JAFBIX01 sp021531895.fastq.gz,SRR17241609.x.s__JAFBIX01 sp021531895,61c7fd37,20970000,51,DNA,10000,2097,True,0.860737291103817,0.8921515398170204,0.8764444154604187,0.8921515398170204,True,3,14454,18966,d__Bacteria;p__Bacillota;c__Clostridia;o__Oscillospirales;f__Oscillospiraceae;g__Lawsonibacter;s__Lawsonibacter sp910584605
40000,0.0019074868860276585,0.00267379679144385,0.0004768717215069146,0.0005272593061267532,10.0,10.0,0.0,/group/ctbrowngrp5/sourmash-db.new/gtdb-rs226/gtdb-rs226-k51.dna.rocksdb,GCF_017851155.1 Blautia sp.,4978c6980d38c1a477b48c96ad79fc0a,0.0106951871657754,10000,174,11480000,outputs.mapping/bams.cds.rand/SRR17241609.x.s__JAFBIX01 sp021531895.fastq.gz,SRR17241609.x.s__JAFBIX01 sp021531895,61c7fd37,20970000,51,DNA,10000,2097,True,0.8844549500020148,0.9148642036741179,0.8996595768380664,0.9148642036741179,True,10,14464,18966,d__Bacteria;p__Bacillota;c__Clostridia;o__Lachnospirales;f__Lachnospiraceae;g__Oliverpabstia;s__Oliverpabstia faecicola
10000,0.0004768717215069146,0.002688172043010753,0.0004768717215069146,0.0003690815142887272,7.0,7.0,0.0,/group/ctbrowngrp5/sourmash-db.new/gtdb-rs226/gtdb-rs226-k51.dna.rocksdb,GCA_963663285.1 Candidatus Limiplasma sp.,90755839b8b6ce4bbdd24ce665edc9a2,0.002688172043010753,10000,175,11470000,outputs.mapping/bams.cds.rand/SRR17241609.x.s__JAFBIX01 sp021531895.fastq.gz,SRR17241609.x.s__JAFBIX01 sp021531895,61c7fd37,20970000,51,DNA,10000,2097,True,0.860737291103817,0.8904246971715558,0.8755809941376864,0.8904246971715558,True,7,14471,18966,d__Bacteria;p__Bacillota;c__Clostridia;o__Christensenellales;f__Aristaeellaceae;g__Limiplasma;s__Limiplasma sp963663285
10000,0.0004768717215069146,0.006756756756756757,0.0004768717215069146,5.2725930612675314e-05,1.0,1.0,0.0,/group/ctbrowngrp5/sourmash-db.new/gtdb-rs226/gtdb-rs226-k51.dna.rocksdb,GCA_938035045.1 uncultured Clostridia bacterium,62e28222e5585ecf925741b10e008d21,0.006756756756756757,10000,176,11460000,outputs.mapping/bams.cds.rand/SRR17241609.x.s__JAFBIX01 sp021531895.fastq.gz,SRR17241609.x.s__JAFBIX01 sp021531895,61c7fd37,20970000,51,DNA,10000,2097,True,0.860737291103817,0.9066629076096819,0.8837000993567494,0.9066629076096819,True,1,14472,18966,d__Bacteria;p__Bacillota;c__Clostridia;o__Oscillospirales;f__Acutalibacteraceae;g__UMGS1279;s__UMGS1279 sp902490735
10000,0.0004768717215069146,0.005649717514124294,0.0004768717215069146,0.06427290941685121,1219.0,1219.0,0.0,/group/ctbrowngrp5/sourmash-db.new/gtdb-rs226/gtdb-rs226-k51.dna.rocksdb,GCF_026011995.1 Streptococcus alactolyticus,fc007214371b644c540f55d5bbed66d4,0.005649717514124294,10000,177,11450000,outputs.mapping/bams.cds.rand/SRR17241609.x.s__JAFBIX01 sp021531895.fastq.gz,SRR17241609.x.s__JAFBIX01 sp021531895,61c7fd37,20970000,51,DNA,10000,2097,True,0.860737291103817,0.9034873844621032,0.88211233778296,0.9034873844621032,True,1219,15691,18966,d__Bacteria;p__Bacillota;c__Bacilli;o__Lactobacillales;f__Streptococcaceae;g__Streptococcus;s__Streptococcus faecavium
10000,0.0004768717215069146,0.005847953216374269,0.0004768717215069146,0.0005799852367394285,11.0,11.0,0.0,/group/ctbrowngrp5/sourmash-db.new/gtdb-rs226/gtdb-rs226-k51.dna.rocksdb,GCA_958427405.1 uncultured Eubacteriales bacterium,0a33f125495ab400a77ee4a2bd7ee673,0.005847953216374269,10000,178,11440000,outputs.mapping/bams.cds.rand/SRR17241609.x.s__JAFBIX01 sp021531895.fastq.gz,SRR17241609.x.s__JAFBIX01 sp021531895,61c7fd37,20970000,51,DNA,10000,2097,True,0.860737291103817,0.9040985288120411,0.882417909957929,0.9040985288120411,True,11,15702,18966,d__Bacteria;p__Bacillota;c__Clostridia;o__Oscillospirales;f__Oscillospiraceae;g__F23-B02;s__F23-B02 sp000431075
10000,0.0004768717215069146,0.004524886877828055,0.0004768717215069146,5.2725930612675314e-05,1.0,1.0,0.0,/group/ctbrowngrp5/sourmash-db.new/gtdb-rs226/gtdb-rs226-k51.dna.rocksdb,GCA_934457145.1 uncultured Clostridia bacterium,c87e7fa6e8e306f9edc1d2bdc8ab42ef,0.004524886877828055,10000,179,11430000,outputs.mapping/bams.cds.rand/SRR17241609.x.s__JAFBIX01 sp021531895.fastq.gz,SRR17241609.x.s__JAFBIX01 sp021531895,61c7fd37,20970000,51,DNA,10000,2097,True,0.860737291103817,0.8995628755480881,0.8801500833259526,0.8995628755480881,True,1,15703,18966,d__Bacteria;p__Bacillota;c__Clostridia;o__UBA1381;f__UMGS1253;g__CAKSHP01;s__CAKSHP01 sp934457145
10000,0.0004768717215069146,0.004694835680751174,0.0004768717215069146,5.2725930612675314e-05,1.0,1.0,0.0,/group/ctbrowngrp5/sourmash-db.new/gtdb-rs226/gtdb-rs226-k51.dna.rocksdb,GCF_034425555.1 Enterococcus cecorum,a85f31cfce4032d611b8efd6f75b3608,0.004694835680751174,10000,180,11420000,outputs.mapping/bams.cds.rand/SRR17241609.x.s__JAFBIX01 sp021531895.fastq.gz,SRR17241609.x.s__JAFBIX01 sp021531895,61c7fd37,20970000,51,DNA,10000,2097,True,0.860737291103817,0.9002134511815334,0.8804753711426752,0.9002134511815334,True,1,15704,18966,d__Bacteria;p__Bacillota;c__Bacilli;o__Lactobacillales;f__Enterococcaceae;g__Enterococcus_E;s__Enterococcus_E cecorum
20000,0.0009537434430138292,0.003246753246753247,0.0004768717215069146,5.2725930612675314e-05,1.0,1.0,0.0,/group/ctbrowngrp5/sourmash-db.new/gtdb-rs226/gtdb-rs226-k51.dna.rocksdb,GCA_900771365.1 Bacteroidales bacterium,4d1d84aefc669ee9b839977a8b9bf2b5,0.006493506493506494,10000,181,11410000,outputs.mapping/bams.cds.rand/SRR17241609.x.s__JAFBIX01 sp021531895.fastq.gz,SRR17241609.x.s__JAFBIX01 sp021531895,61c7fd37,20970000,51,DNA,10000,2097,True,0.8725155343993001,0.9059566909928176,0.8892361126960588,0.9059566909928176,True,1,15705,18966,d__Bacteria;p__Bacteroidota;c__Bacteroidia;o__Bacteroidales;f__P3;g__Colimorpha;s__Colimorpha sp900771365
10000,0.0004768717215069146,0.00186219739292365,0.0004768717215069146,5.2725930612675314e-05,1.0,1.0,0.0,/group/ctbrowngrp5/sourmash-db.new/gtdb-rs226/gtdb-rs226-k51.dna.rocksdb,GCA_032553655.1 Blautia producta,26e46def9b50ddac64652db68339eb00,0.00186219739292365,10000,182,11400000,outputs.mapping/bams.cds.rand/SRR17241609.x.s__JAFBIX01 sp021531895.fastq.gz,SRR17241609.x.s__JAFBIX01 sp021531895,61c7fd37,20970000,51,DNA,10000,2097,True,0.860737291103817,0.8840383237744073,0.8723878074391122,0.8840383237744073,True,1,15706,18966,d__Bacteria;p__Bacillota;c__Clostridia;o__Lachnospirales;f__Lachnospiraceae;g__Blautia;s__Blautia coccoides
20000,0.0009537434430138292,0.005405405405405406,0.0004768717215069146,0.00021090372245070126,4.0,4.0,0.0,/group/ctbrowngrp5/sourmash-db.new/gtdb-rs226/gtdb-rs226-k51.dna.rocksdb,GCA_004558595.1 Phascolarctobacterium sp.,82f5ae137c37969242b7840b4f05f8d0,0.010810810810810811,10000,183,11390000,outputs.mapping/bams.cds.rand/SRR17241609.x.s__JAFBIX01 sp021531895.fastq.gz,SRR17241609.x.s__JAFBIX01 sp021531895,61c7fd37,20970000,51,DNA,10000,2097,True,0.8725155343993001,0.9150571131134657,0.8937863237563829,0.9150571131134657,True,4,15710,18966,d__Bacteria;p__Bacillota;c__Negativicutes;o__Acidaminococcales;f__Acidaminococcaceae;g__Phascolarctobacterium_A;s__Phascolarctobacterium_A sp004558595
10000,0.0004768717215069146,0.002398081534772182,0.0004768717215069146,0.00010545186122535063,2.0,2.0,0.0,/group/ctbrowngrp5/sourmash-db.new/gtdb-rs226/gtdb-rs226-k51.dna.rocksdb,GCA_024709145.1 Bacteroidales bacterium,00579307efd364e051fd71ad9b5dbc42,0.002398081534772182,10000,184,11380000,outputs.mapping/bams.cds.rand/SRR17241609.x.s__JAFBIX01 sp021531895.fastq.gz,SRR17241609.x.s__JAFBIX01 sp021531895,61c7fd37,20970000,51,DNA,10000,2097,True,0.860737291103817,0.88843320784998,0.8745852494768985,0.88843320784998,True,2,15712,18966,d__Bacteria;p__Bacteroidota;c__Bacteroidia;o__Bacteroidales;f__F082;g__JALNZU01;s__JALNZU01 sp024709145
10000,0.0004768717215069146,0.0040650406504065045,0.0004768717215069146,0.0007908889591901297,15.0,15.0,0.0,/group/ctbrowngrp5/sourmash-db.new/gtdb-rs226/gtdb-rs226-k51.dna.rocksdb,GCA_945947085.1 uncultured Bacteroidales bacterium,50b0dd20daa6c647ebc5f41032b0c7b5,0.0040650406504065045,10000,185,11370000,outputs.mapping/bams.cds.rand/SRR17241609.x.s__JAFBIX01 sp021531895.fastq.gz,SRR17241609.x.s__JAFBIX01 sp021531895,61c7fd37,20970000,51,DNA,10000,2097,True,0.860737291103817,0.8976745640706776,0.8792059275872472,0.8976745640706776,True,15,15727,18966,d__Bacteria;p__Bacteroidota;c__Bacteroidia;o__Bacteroidales;f__Bacteroidaceae;g__Prevotella;s__Prevotella sp004554665
10000,0.0004768717215069146,0.004219409282700422,0.0004768717215069146,0.0022672150163450385,43.0,43.0,0.0,/group/ctbrowngrp5/sourmash-db.new/gtdb-rs226/gtdb-rs226-k51.dna.rocksdb,GCF_034090155.1 Hornefia butyriciproducens,1a64d9640d4fece923ee223945709767,0.004219409282700422,10000,186,11360000,outputs.mapping/bams.cds.rand/SRR17241609.x.s__JAFBIX01 sp021531895.fastq.gz,SRR17241609.x.s__JAFBIX01 sp021531895,61c7fd37,20970000,51,DNA,10000,2097,True,0.860737291103817,0.898330834887376,0.8795340629955966,0.898330834887376,True,43,15770,18966,d__Bacteria;p__Bacillota;c__Clostridia;o__Peptostreptococcales;f__Anaerovoracaceae;g__Hornefia;s__Hornefia butyriciproducens
10000,0.0004768717215069146,0.005376344086021506,0.0004768717215069146,5.2725930612675314e-05,1.0,1.0,0.0,/group/ctbrowngrp5/sourmash-db.new/gtdb-rs226/gtdb-rs226-k51.dna.rocksdb,GCA_945992195.1 uncultured Oribacterium sp.,8ed60d9be1ac596ad7d1ec6cba0e8ac7,0.005376344086021506,10000,187,11350000,outputs.mapping/bams.cds.rand/SRR17241609.x.s__JAFBIX01 sp021531895.fastq.gz,SRR17241609.x.s__JAFBIX01 sp021531895,61c7fd37,20970000,51,DNA,10000,2097,True,0.860737291103817,0.9026091799725088,0.8816732355381629,0.9026091799725088,True,1,15771,18966,d__Bacteria;p__Bacillota;c__Clostridia;o__Lachnospirales;f__Lachnospiraceae;g__Oribacterium;s__Oribacterium sp004554245
50000,0.002384358607534573,0.003676470588235294,0.0004768717215069146,5.2725930612675314e-05,1.0,1.0,0.0,/group/ctbrowngrp5/sourmash-db.new/gtdb-rs226/gtdb-rs226-k51.dna.rocksdb,GCF_030053595.1 Fusibacillus kribbianus,590b60dd682af06b2549e2e3047fd201,0.01838235294117647,10000,188,11340000,outputs.mapping/bams.cds.rand/SRR17241609.x.s__JAFBIX01 sp021531895.fastq.gz,SRR17241609.x.s__JAFBIX01 sp021531895,61c7fd37,20970000,51,DNA,10000,2097,True,0.8883332404084038,0.9246314239708513,0.9064823321896276,0.9246314239708513,True,1,15772,18966,d__Bacteria;p__Bacillota;c__Clostridia;o__Lachnospirales;f__Lachnospiraceae;g__Lientehia;s__Lientehia kribbianus
10000,0.0004768717215069146,0.0018832391713747645,0.0004768717215069146,0.0007908889591901297,15.0,15.0,0.0,/group/ctbrowngrp5/sourmash-db.new/gtdb-rs226/gtdb-rs226-k51.dna.rocksdb,GCF_004368405.1 Olivibacter sp. XZL3,18c97ededa1ae0050885263db02d6da4,0.0018832391713747645,10000,189,11330000,outputs.mapping/bams.cds.rand/SRR17241609.x.s__JAFBIX01 sp021531895.fastq.gz,SRR17241609.x.s__JAFBIX01 sp021531895,61c7fd37,20970000,51,DNA,10000,2097,True,0.860737291103817,0.8842331122776517,0.8724852016907343,0.8842331122776517,True,15,15787,18966,d__Bacteria;p__Bacteroidota;c__Bacteroidia;o__Sphingobacteriales;f__Sphingobacteriaceae;g__Olivibacter;s__Olivibacter sp004368405
30000,0.001430615164520744,0.0033112582781456954,0.0004768717215069146,0.0003690815142887272,7.0,7.0,0.0,/group/ctbrowngrp5/sourmash-db.new/gtdb-rs226/gtdb-rs226-k51.dna.rocksdb,GCA_018378905.1 Clostridiales bacterium,2b3658f948b6ec74b793e7e07637ea7f,0.009933774834437087,10000,190,11320000,outputs.mapping/bams.cds.rand/SRR17241609.x.s__JAFBIX01 sp021531895.fastq.gz,SRR17241609.x.s__JAFBIX01 sp021531895,61c7fd37,20970000,51,DNA,10000,2097,True,0.8794799392269247,0.9135403441435254,0.896510141685225,0.9135403441435254,True,7,15794,18966,d__Bacteria;p__Bacillota;c__Clostridia;o__Lachnospirales;f__Lachnospiraceae;g__Anaerobutyricum;s__Anaerobutyricum stercoripullorum
10000,0.0004768717215069146,0.006134969325153374,0.0004768717215069146,5.2725930612675314e-05,1.0,1.0,0.0,/group/ctbrowngrp5/sourmash-db.new/gtdb-rs226/gtdb-rs226-k51.dna.rocksdb,GCA_029008055.1 Lachnospiraceae bacterium,78becc7cddc0e5802d1c346ebe4bcb6c,0.006134969325153374,10000,191,11310000,outputs.mapping/bams.cds.rand/SRR17241609.x.s__JAFBIX01 sp021531895.fastq.gz,SRR17241609.x.s__JAFBIX01 sp021531895,61c7fd37,20970000,51,DNA,10000,2097,True,0.860737291103817,0.9049483082061326,0.8828427996549748,0.9049483082061326,True,1,15795,18966,d__Bacteria;p__Bacillota;c__Clostridia;o__Lachnospirales;f__Lachnospiraceae;g__Pararoseburia;s__Pararoseburia sp022768745
40000,0.0019074868860276585,0.004,0.0004768717215069146,0.00010545186122535063,2.0,2.0,0.0,/group/ctbrowngrp5/sourmash-db.new/gtdb-rs226/gtdb-rs226-k51.dna.rocksdb,GCA_003473925.1 Clostridium sp. AM09-51,473199774fe55d57c7bf76341b410b3a,0.016,10000,192,11300000,outputs.mapping/bams.cds.rand/SRR17241609.x.s__JAFBIX01 sp021531895.fastq.gz,SRR17241609.x.s__JAFBIX01 sp021531895,61c7fd37,20970000,51,DNA,10000,2097,True,0.8844549500020148,0.9221183538879099,0.9032866519449623,0.9221183538879099,True,2,15797,18966,d__Bacteria;p__Bacillota;c__Clostridia;o__Oscillospirales;f__Acutalibacteraceae;g__Pseudoruminococcus;s__Pseudoruminococcus massiliensis
10000,0.0004768717215069146,0.0043859649122807015,0.0004768717215069146,0.002056311293894337,39.0,39.0,0.0,/group/ctbrowngrp5/sourmash-db.new/gtdb-rs226/gtdb-rs226-k51.dna.rocksdb,GCA_034183335.1 Prevotella sp.,71bd37d09cf4ae7ee0ad173d9285afef,0.0043859649122807015,10000,193,11290000,outputs.mapping/bams.cds.rand/SRR17241609.x.s__JAFBIX01 sp021531895.fastq.gz,SRR17241609.x.s__JAFBIX01 sp021531895,61c7fd37,20970000,51,DNA,10000,2097,True,0.860737291103817,0.8990130239792933,0.8798751575415551,0.8990130239792933,True,39,15836,18966,d__Bacteria;p__Bacteroidota;c__Bacteroidia;o__Bacteroidales;f__Bacteroidaceae;g__Prevotella;s__Prevotella sp034183335
10000,0.0004768717215069146,0.009259259259259259,0.0004768717215069146,5.2725930612675314e-05,1.0,1.0,0.0,/group/ctbrowngrp5/sourmash-db.new/gtdb-rs226/gtdb-rs226-k51.dna.rocksdb,GCA_947855705.1 uncultured Clostridia bacterium,9d0cb58c816fea469ed86376795ec377,0.009259259259259259,10000,194,11280000,outputs.mapping/bams.cds.rand/SRR17241609.x.s__JAFBIX01 sp021531895.fastq.gz,SRR17241609.x.s__JAFBIX01 sp021531895,61c7fd37,20970000,51,DNA,10000,2097,True,0.860737291103817,0.9122816638494313,0.8865094774766242,0.9122816638494313,True,1,15837,18966,d__Bacteria;p__Bacillota;c__Clostridia;o__Christensenellales;f__UBA1242;g__UBA11490;s__UBA11490 sp944381145
20000,0.0009537434430138292,0.006289308176100629,0.0004768717215069146,5.2725930612675314e-05,1.0,1.0,0.0,/group/ctbrowngrp5/sourmash-db.new/gtdb-rs226/gtdb-rs226-k51.dna.rocksdb,GCF_034115845.1 Floccifex porci,0a0aa9c7ae0eb684f42adb6fbe003f20,0.012578616352201259,10000,195,11270000,outputs.mapping/bams.cds.rand/SRR17241609.x.s__JAFBIX01 sp021531895.fastq.gz,SRR17241609.x.s__JAFBIX01 sp021531895,61c7fd37,20970000,51,DNA,10000,2097,True,0.8725155343993001,0.9177785418426666,0.8951470381209834,0.9177785418426666,True,1,15838,18966,d__Bacteria;p__Bacillota;c__Bacilli;o__Erysipelotrichales;f__Erysipelotrichaceae;g__Floccifex;s__Floccifex porci
60000,0.002861230329041488,0.005,0.0004768717215069146,0.0007381630285774544,14.0,14.0,0.0,/group/ctbrowngrp5/sourmash-db.new/gtdb-rs226/gtdb-rs226-k51.dna.rocksdb,GCA_946055175.1 uncultured Roseburia sp.,631eed3ec165d2d427e4b4c64e607565,0.03,10000,196,11260000,outputs.mapping/bams.cds.rand/SRR17241609.x.s__JAFBIX01 sp021531895.fastq.gz,SRR17241609.x.s__JAFBIX01 sp021531895,61c7fd37,20970000,51,DNA,10000,2097,True,0.8915146550511075,0.9335544048432487,0.9125345299471781,0.9335544048432487,True,14,15852,18966,d__Bacteria;p__Bacillota;c__Clostridia;o__Lachnospirales;f__Lachnospiraceae;g__Roseburia;s__Roseburia sp946055175
10000,0.0004768717215069146,0.004366812227074236,0.0004768717215069146,0.00010545186122535063,2.0,2.0,0.0,/group/ctbrowngrp5/sourmash-db.new/gtdb-rs226/gtdb-rs226-k51.dna.rocksdb,GCA_963589365.1 Ruminococcus intestinalis,c2df09889554beb67fe4e06ad805811a,0.004366812227074236,10000,197,11250000,outputs.mapping/bams.cds.rand/SRR17241609.x.s__JAFBIX01 sp021531895.fastq.gz,SRR17241609.x.s__JAFBIX01 sp021531895,61c7fd37,20970000,51,DNA,10000,2097,True,0.860737291103817,0.8989358818428389,0.879836586473328,0.8989358818428389,True,2,15854,18966,d__Bacteria;p__Bacillota;c__Clostridia;o__Oscillospirales;f__Ruminococcaceae;g__Gemmiger;s__Gemmiger qucibialis
10000,0.0004768717215069146,0.004608294930875576,0.0004768717215069146,5.2725930612675314e-05,1.0,1.0,0.0,/group/ctbrowngrp5/sourmash-db.new/gtdb-rs226/gtdb-rs226-k51.dna.rocksdb,GCA_945917585.1 uncultured Firmicutes bacterium,b70fcd2c576dbcd8467b57ad6ab73a3d,0.004608294930875576,10000,198,11240000,outputs.mapping/bams.cds.rand/SRR17241609.x.s__JAFBIX01 sp021531895.fastq.gz,SRR17241609.x.s__JAFBIX01 sp021531895,61c7fd37,20970000,51,DNA,10000,2097,True,0.860737291103817,0.8998851063638268,0.8803111987338219,0.8998851063638268,True,1,15855,18966,d__Bacteria;p__Bacillota;c__Clostridia;o__Peptostreptococcales;f__Anaerovoracaceae;g__Fimisoma;s__Fimisoma sp002320005
10000,0.0004768717215069146,0.005208333333333333,0.0004768717215069146,5.2725930612675314e-05,1.0,1.0,0.0,/group/ctbrowngrp5/sourmash-db.new/gtdb-rs226/gtdb-rs226-k51.dna.rocksdb,GCA_021640385.1 Clostridiales bacterium,40f40aa23c0dc6983bea20cbf4b3b0b2,0.005208333333333333,10000,199,11230000,outputs.mapping/bams.cds.rand/SRR17241609.x.s__JAFBIX01 sp021531895.fastq.gz,SRR17241609.x.s__JAFBIX01 sp021531895,61c7fd37,20970000,51,DNA,10000,2097,True,0.860737291103817,0.9020474594102066,0.8813923752570119,0.9020474594102066,True,1,15856,18966,d__Bacteria;p__Bacillota;c__Clostridia;o__Peptostreptococcales;f__Anaerovoracaceae;g__Mogibacterium_A;s__Mogibacterium_A sp016775335
10000,0.0004768717215069146,0.0029940119760479044,0.0004768717215069146,0.00015817779183802593,3.0,3.0,0.0,/group/ctbrowngrp5/sourmash-db.new/gtdb-rs226/gtdb-rs226-k51.dna.rocksdb,GCA_947567625.1 uncultured Roseburia sp.,b85428b593b02efaade6f070136283c8,0.0029940119760479044,10000,200,11220000,outputs.mapping/bams.cds.rand/SRR17241609.x.s__JAFBIX01 sp021531895.fastq.gz,SRR17241609.x.s__JAFBIX01 sp021531895,61c7fd37,20970000,51,DNA,10000,2097,True,0.860737291103817,0.8923079763386086,0.8765226337212129,0.8923079763386086,True,3,15859,18966,d__Bacteria;p__Bacillota;c__Clostridia;o__Lachnospirales;f__Lachnospiraceae;g__Roseburia;s__Roseburia sp947567625
20000,0.0009537434430138292,0.0025974025974025974,0.0004768717215069146,0.00015817779183802593,3.0,3.0,0.0,/group/ctbrowngrp5/sourmash-db.new/gtdb-rs226/gtdb-rs226-k51.dna.rocksdb,GCA_030250715.1 Caldibacillus thermoamylovorans,26972d379d4aabea5fd3b7fc5e54b992,0.005194805194805195,10000,201,11210000,outputs.mapping/bams.cds.rand/SRR17241609.x.s__JAFBIX01 sp021531895.fastq.gz,SRR17241609.x.s__JAFBIX01 sp021531895,61c7fd37,20970000,51,DNA,10000,2097,True,0.8725155343993001,0.9020014600237883,0.8872584972115443,0.9020014600237883,True,3,15862,18966,d__Bacteria;p__Bacillota;c__Bacilli;o__Bacillales_B;f__Caldibacillaceae;g__Caldifermentibacillus;s__Caldifermentibacillus hisashii
10000,0.0004768717215069146,0.004629629629629629,0.0004768717215069146,0.0004218074449014025,8.0,8.0,0.0,/group/ctbrowngrp5/sourmash-db.new/gtdb-rs226/gtdb-rs226-k51.dna.rocksdb,GCA_034088525.1 Oscillospiraceae bacterium,0a932685791a84b60e03ee12d7116046,0.004629629629629629,10000,202,11200000,outputs.mapping/bams.cds.rand/SRR17241609.x.s__JAFBIX01 sp021531895.fastq.gz,SRR17241609.x.s__JAFBIX01 sp021531895,61c7fd37,20970000,51,DNA,10000,2097,True,0.860737291103817,0.8999666104581765,0.8803519507809967,0.8999666104581765,True,8,15870,18966,d__Bacteria;p__Bacillota;c__Clostridia;o__Oscillospirales;f__Oscillospiraceae;g__CAG-170;s__CAG-170 sp000436735
10000,0.0004768717215069146,0.005128205128205128,0.0004768717215069146,5.2725930612675314e-05,1.0,1.0,0.0,/group/ctbrowngrp5/sourmash-db.new/gtdb-rs226/gtdb-rs226-k51.dna.rocksdb,GCA_963622095.1 Clostridium sp. AM22-11AC,30ddaf509ee7584a727cd7d32bdf7b52,0.005128205128205128,10000,203,11190000,outputs.mapping/bams.cds.rand/SRR17241609.x.s__JAFBIX01 sp021531895.fastq.gz,SRR17241609.x.s__JAFBIX01 sp021531895,61c7fd37,20970000,51,DNA,10000,2097,True,0.860737291103817,0.9017732753618344,0.8812552832328258,0.9017732753618344,True,1,15871,18966,d__Bacteria;p__Bacillota;c__Clostridia;o__Oscillospirales;f__Oscillospiraceae;g__Vescimonas;s__Vescimonas sp900552475
10000,0.0004768717215069146,0.0045871559633027525,0.0004768717215069146,0.00010545186122535063,2.0,2.0,0.0,/group/ctbrowngrp5/sourmash-db.new/gtdb-rs226/gtdb-rs226-k51.dna.rocksdb,GCF_024436455.1 Ruminococcus sp. zg-921,a802011501ecda0c7212fc6dae0010eb,0.0045871559633027525,10000,204,11180000,outputs.mapping/bams.cds.rand/SRR17241609.x.s__JAFBIX01 sp021531895.fastq.gz,SRR17241609.x.s__JAFBIX01 sp021531895,61c7fd37,20970000,51,DNA,10000,2097,True,0.860737291103817,0.8998039843327351,0.8802706377182761,0.8998039843327351,True,2,15873,18966,d__Bacteria;p__Bacillota;c__Clostridia;o__Oscillospirales;f__Acutalibacteraceae;g__UBA7067;s__UBA7067 sp024433635
40000,0.0019074868860276585,0.0034482758620689655,0.0004768717215069146,0.00010545186122535063,2.0,2.0,0.0,/group/ctbrowngrp5/sourmash-db.new/gtdb-rs226/gtdb-rs226-k51.dna.rocksdb,GCA_900755575.1 Lachnospiraceae bacterium,04679174bf5087aeaeec278e984c3170,0.013793103448275862,10000,205,11170000,outputs.mapping/bams.cds.rand/SRR17241609.x.s__JAFBIX01 sp021531895.fastq.gz,SRR17241609.x.s__JAFBIX01 sp021531895,61c7fd37,20970000,51,DNA,10000,2097,True,0.8844549500020148,0.9194387096145087,0.9019468298082618,0.9194387096145087,True,2,15875,18966,d__Bacteria;p__Bacillota;c__Clostridia;o__Lachnospirales;f__Lachnospiraceae;g__Blautia_A;s__Blautia_A sp900541985
10000,0.0004768717215069146,0.0033112582781456954,0.0004768717215069146,0.00010545186122535063,2.0,2.0,0.0,/group/ctbrowngrp5/sourmash-db.new/gtdb-rs226/gtdb-rs226-k51.dna.rocksdb,GCA_028722045.1 bacterium,39f8c9df71787001b6251961aced0198,0.0033112582781456954,10000,206,11160000,outputs.mapping/bams.cds.rand/SRR17241609.x.s__JAFBIX01 sp021531895.fastq.gz,SRR17241609.x.s__JAFBIX01 sp021531895,61c7fd37,20970000,51,DNA,10000,2097,True,0.860737291103817,0.8940718327507637,0.8774045619272903,0.8940718327507637,True,2,15877,18966,d__Bacteria;p__Bacillota;c__Clostridia;o__Lachnospirales;f__Lachnospiraceae;g__W0P33-017;s__W0P33-017 sp022773965
10000,0.0004768717215069146,0.0016025641025641025,0.0004768717215069146,5.2725930612675314e-05,1.0,1.0,0.0,/group/ctbrowngrp5/sourmash-db.new/gtdb-rs226/gtdb-rs226-k51.dna.rocksdb,GCA_034121465.1 Bacteroides thetaiotaomicron,e39ec1cb8dc0da2eb494aa51bf58b628,0.0016025641025641025,10000,207,11150000,outputs.mapping/bams.cds.rand/SRR17241609.x.s__JAFBIX01 sp021531895.fastq.gz,SRR17241609.x.s__JAFBIX01 sp021531895,61c7fd37,20970000,51,DNA,10000,2097,True,0.860737291103817,0.8814393992344622,0.8710883451691396,0.8814393992344622,True,1,15878,18966,d__Bacteria;p__Bacteroidota;c__Bacteroidia;o__Bacteroidales;f__Bacteroidaceae;g__Bacteroides;s__Bacteroides thetaiotaomicron
10000,0.0004768717215069146,0.00684931506849315,0.0004768717215069146,0.00015817779183802593,3.0,3.0,0.0,/group/ctbrowngrp5/sourmash-db.new/gtdb-rs226/gtdb-rs226-k51.dna.rocksdb,GCA_034100545.1 Erysipelotrichaceae bacterium,603d41bc756726b07ff65eaef4863f9a,0.00684931506849315,10000,208,11140000,outputs.mapping/bams.cds.rand/SRR17241609.x.s__JAFBIX01 sp021531895.fastq.gz,SRR17241609.x.s__JAFBIX01 sp021531895,61c7fd37,20970000,51,DNA,10000,2097,True,0.860737291103817,0.9069048171321926,0.8838210541180048,0.9069048171321926,True,3,15881,18966,d__Bacteria;p__Bacillota;c__Bacilli;o__Erysipelotrichales;f__Erysipelotrichaceae;g__UBA1783;s__UBA1783 sp016302195
10000,0.0004768717215069146,0.0036101083032490976,0.0004768717215069146,5.2725930612675314e-05,1.0,1.0,0.0,/group/ctbrowngrp5/sourmash-db.new/gtdb-rs226/gtdb-rs226-k51.dna.rocksdb,GCA_945868305.1 uncultured Lachnospiraceae bacterium,35208213bf8a7b155d53181edfea45f0,0.0036101083032490976,10000,209,11130000,outputs.mapping/bams.cds.rand/SRR17241609.x.s__JAFBIX01 sp021531895.fastq.gz,SRR17241609.x.s__JAFBIX01 sp021531895,61c7fd37,20970000,51,DNA,10000,2097,True,0.860737291103817,0.8955879463753921,0.8781626187396046,0.8955879463753921,True,1,15882,18966,d__Bacteria;p__Bacillota;c__Clostridia;o__Lachnospirales;f__Lachnospiraceae;g__Roseburia_D;s__Roseburia_D sp945868305
10000,0.0004768717215069146,0.00425531914893617,0.0004768717215069146,0.00010545186122535063,2.0,2.0,0.0,/group/ctbrowngrp5/sourmash-db.new/gtdb-rs226/gtdb-rs226-k51.dna.rocksdb,GCA_945877405.1 uncultured Erysipelotrichaceae bacterium,7398269af3f78a19a72c0a68887b6cb1,0.00425531914893617,10000,210,11120000,outputs.mapping/bams.cds.rand/SRR17241609.x.s__JAFBIX01 sp021531895.fastq.gz,SRR17241609.x.s__JAFBIX01 sp021531895,61c7fd37,20970000,51,DNA,10000,2097,True,0.860737291103817,0.8984801221677612,0.8796087066357892,0.8984801221677612,True,2,15884,18966,d__Bacteria;p__Bacillota;c__Bacilli;o__Erysipelotrichales;f__Erysipelotrichaceae;g__Bulleidia;s__Bulleidia sp945877405
110000,0.005245588936576061,0.003367003367003367,0.0004768717215069146,0.00010545186122535063,2.0,2.0,0.0,/group/ctbrowngrp5/sourmash-db.new/gtdb-rs226/gtdb-rs226-k51.dna.rocksdb,GCF_009697165.1 Anaerobutyricum soehngenii,8fc040aa30516b54078f0701c4492cd4,0.037037037037037035,10000,211,11110000,outputs.mapping/bams.cds.rand/SRR17241609.x.s__JAFBIX01 sp021531895.fastq.gz,SRR17241609.x.s__JAFBIX01 sp021531895,61c7fd37,20970000,51,DNA,10000,2097,True,0.9021735357892933,0.9374196305041738,0.9197965831467335,0.9374196305041738,False,2,15886,18966,d__Bacteria;p__Bacillota;c__Clostridia;o__Lachnospirales;f__Lachnospiraceae;g__Anaerobutyricum;s__Anaerobutyricum soehngenii
30000,0.001430615164520744,0.0038461538461538464,0.0004768717215069146,0.0006854370979647791,13.0,13.0,0.0,/group/ctbrowngrp5/sourmash-db.new/gtdb-rs226/gtdb-rs226-k51.dna.rocksdb,GCA_004556945.1 Clostridiales bacterium,28452a50d39427fd210f60f99e1f2e64,0.011538461538461539,10000,212,11100000,outputs.mapping/bams.cds.rand/SRR17241609.x.s__JAFBIX01 sp021531895.fastq.gz,SRR17241609.x.s__JAFBIX01 sp021531895,61c7fd37,20970000,51,DNA,10000,2097,True,0.8794799392269247,0.9162266084809654,0.8978532738539451,0.9162266084809654,True,13,15899,18966,d__Bacteria;p__Bacillota;c__Clostridia;o__Oscillospirales;f__Oscillospiraceae;g__Hominicoprocola;s__Hominicoprocola sp003522105
10000,0.0004768717215069146,0.005,0.0004768717215069146,0.00021090372245070126,4.0,4.0,0.0,/group/ctbrowngrp5/sourmash-db.new/gtdb-rs226/gtdb-rs226-k51.dna.rocksdb,GCA_001916305.1 Coprococcus sp. CAG:131_42_139,709fb8f613f64f141620df32fc19b2bf,0.005,10000,213,11090000,outputs.mapping/bams.cds.rand/SRR17241609.x.s__JAFBIX01 sp021531895.fastq.gz,SRR17241609.x.s__JAFBIX01 sp021531895,61c7fd37,20970000,51,DNA,10000,2097,True,0.860737291103817,0.9013257213104922,0.8810315062071545,0.9013257213104922,True,4,15903,18966,d__Bacteria;p__Bacillota;c__Clostridia;o__Lachnospirales;f__Lachnospiraceae;g__Coprococcus;s__Coprococcus aceti
20000,0.0009537434430138292,0.0045871559633027525,0.0004768717215069146,0.0003690815142887272,7.0,7.0,0.0,/group/ctbrowngrp5/sourmash-db.new/gtdb-rs226/gtdb-rs226-k51.dna.rocksdb,GCA_944377335.1 Candidatus Blautia excrementigallinarum,244f35677080afa6a749ec71a15c7586,0.009174311926605505,10000,214,11080000,outputs.mapping/bams.cds.rand/SRR17241609.x.s__JAFBIX01 sp021531895.fastq.gz,SRR17241609.x.s__JAFBIX01 sp021531895,61c7fd37,20970000,51,DNA,10000,2097,True,0.8725155343993001,0.9121168123642995,0.8923161733817998,0.9121168123642995,True,7,15910,18966,d__Bacteria;p__Bacillota;c__Clostridia;o__Lachnospirales;f__Lachnospiraceae;g__Blautia_A;s__Blautia_A excrementigallinarum
10000,0.0004768717215069146,0.005263157894736842,0.0004768717215069146,0.00010545186122535063,2.0,2.0,0.0,/group/ctbrowngrp5/sourmash-db.new/gtdb-rs226/gtdb-rs226-k51.dna.rocksdb,GCA_004555655.1 Clostridiales bacterium,f68723414ff50c4fbbb3dbbb4e8e135e,0.005263157894736842,10000,215,11070000,outputs.mapping/bams.cds.rand/SRR17241609.x.s__JAFBIX01 sp021531895.fastq.gz,SRR17241609.x.s__JAFBIX01 sp021531895,61c7fd37,20970000,51,DNA,10000,2097,True,0.860737291103817,0.9022326864532024,0.8814849887785097,0.9022326864532024,True,2,15912,18966,d__Bacteria;p__Bacillota;c__Clostridia;o__Oscillospirales;f__Oscillospiraceae;g__CAG-170;s__CAG-170 sp004555655
10000,0.0004768717215069146,0.0036231884057971015,0.0004768717215069146,5.2725930612675314e-05,1.0,1.0,0.0,/group/ctbrowngrp5/sourmash-db.new/gtdb-rs226/gtdb-rs226-k51.dna.rocksdb,GCA_937921795.1 uncultured Lachnospiraceae bacterium,d3b7000b8f70e7d2f73098c44d49c49c,0.0036231884057971015,10000,216,11060000,outputs.mapping/bams.cds.rand/SRR17241609.x.s__JAFBIX01 sp021531895.fastq.gz,SRR17241609.x.s__JAFBIX01 sp021531895,61c7fd37,20970000,51,DNA,10000,2097,True,0.860737291103817,0.8956514588158029,0.87819437495981,0.8956514588158029,True,1,15913,18966,d__Bacteria;p__Bacillota;c__Clostridia;o__Lachnospirales;f__Lachnospiraceae;g__Hominisplanchenecus_A;s__Hominisplanchenecus_A sp900752065
10000,0.0004768717215069146,0.006097560975609756,0.0004768717215069146,0.00010545186122535063,2.0,2.0,0.0,/group/ctbrowngrp5/sourmash-db.new/gtdb-rs226/gtdb-rs226-k51.dna.rocksdb,GCA_029227635.1 Clostridiales bacterium,a00cc66f451a567213ee8b757162b0f8,0.006097560975609756,10000,217,11050000,outputs.mapping/bams.cds.rand/SRR17241609.x.s__JAFBIX01 sp021531895.fastq.gz,SRR17241609.x.s__JAFBIX01 sp021531895,61c7fd37,20970000,51,DNA,10000,2097,True,0.860737291103817,0.9048397878646056,0.8827885394842113,0.9048397878646056,True,2,15915,18966,d__Bacteria;p__Bacillota;c__Clostridia;o__Lachnospirales;f__Lachnospiraceae;g__SUG1684;s__SUG1684 sp029227635
70000,0.0033381020505484026,0.002044989775051125,0.0004768717215069146,0.00010545186122535063,2.0,2.0,0.0,/group/ctbrowngrp5/sourmash-db.new/gtdb-rs226/gtdb-rs226-k51.dna.rocksdb,GCF_964240875.1 Ruminococcus sp. 5_1_39BFAA,42fdf71e72afc12cb6ee744e5537d9bc,0.014314928425357873,10000,218,11040000,outputs.mapping/bams.cds.rand/SRR17241609.x.s__JAFBIX01 sp021531895.fastq.gz,SRR17241609.x.s__JAFBIX01 sp021531895,61c7fd37,20970000,51,DNA,10000,2097,True,0.894213390174518,0.9201084169412818,0.9071609035578998,0.9201084169412818,False,2,15917,18966,d__Bacteria;p__Bacillota;c__Clostridia;o__Lachnospirales;f__Lachnospiraceae;g__Blautia_A;s__Blautia_A sp964240875
20000,0.0009537434430138292,0.0025575447570332483,0.0004768717215069146,0.0009490667510281556,18.0,18.0,0.0,/group/ctbrowngrp5/sourmash-db.new/gtdb-rs226/gtdb-rs226-k51.dna.rocksdb,GCA_021531775.1 Parabacteroides distasonis,e7681d989796c8517d856526713d2eea,0.005115089514066497,10000,219,11030000,outputs.mapping/bams.cds.rand/SRR17241609.x.s__JAFBIX01 sp021531895.fastq.gz,SRR17241609.x.s__JAFBIX01 sp021531895,61c7fd37,20970000,51,DNA,10000,2097,True,0.8725155343993001,0.9017279965022258,0.8871217654507629,0.9017279965022258,True,18,15935,18966,d__Bacteria;p__Bacteroidota;c__Bacteroidia;o__Bacteroidales;f__Tannerellaceae;g__Parabacteroides;s__Parabacteroides sp004562445
10000,0.0004768717215069146,0.0036101083032490976,0.0004768717215069146,0.00015817779183802593,3.0,3.0,0.0,/group/ctbrowngrp5/sourmash-db.new/gtdb-rs226/gtdb-rs226-k51.dna.rocksdb,GCA_948906975.1 uncultured Ruminococcus sp.,b6fae4ba835370a7a2fb9d84d5363e6b,0.0036101083032490976,10000,220,11020000,outputs.mapping/bams.cds.rand/SRR17241609.x.s__JAFBIX01 sp021531895.fastq.gz,SRR17241609.x.s__JAFBIX01 sp021531895,61c7fd37,20970000,51,DNA,10000,2097,True,0.860737291103817,0.8955879463753921,0.8781626187396046,0.8955879463753921,True,3,15938,18966,d__Bacteria;p__Bacillota;c__Clostridia;o__Oscillospirales;f__Acutalibacteraceae;g__Ruminococcoides;s__Ruminococcoides sp002493635
50000,0.002384358607534573,0.004201680672268907,0.0004768717215069146,0.0002636296530633766,5.0,5.0,0.0,/group/ctbrowngrp5/sourmash-db.new/gtdb-rs226/gtdb-rs226-k51.dna.rocksdb,GCA_029984075.1 Blautia sp.,55aba8f8f7c3431a3c96cf54c43acc88,0.02100840336134454,10000,221,11010000,outputs.mapping/bams.cds.rand/SRR17241609.x.s__JAFBIX01 sp021531895.fastq.gz,SRR17241609.x.s__JAFBIX01 sp021531895,61c7fd37,20970000,51,DNA,10000,2097,True,0.8883332404084038,0.9270555239277647,0.9076943821680843,0.9270555239277647,True,5,15943,18966,d__Bacteria;p__Bacillota;c__Clostridia;o__Lachnospirales;f__Lachnospiraceae;g__Blautia;s__Blautia sp900539145
10000,0.0004768717215069146,0.003676470588235294,0.0004768717215069146,0.00010545186122535063,2.0,2.0,0.0,/group/ctbrowngrp5/sourmash-db.new/gtdb-rs226/gtdb-rs226-k51.dna.rocksdb,GCA_958368405.1 uncultured Eubacteriales bacterium,18cdf6815754921c618bef5da0223904,0.003676470588235294,10000,222,11000000,outputs.mapping/bams.cds.rand/SRR17241609.x.s__JAFBIX01 sp021531895.fastq.gz,SRR17241609.x.s__JAFBIX01 sp021531895,61c7fd37,20970000,51,DNA,10000,2097,True,0.860737291103817,0.8959078766119833,0.8783225838579002,0.8959078766119833,True,2,15945,18966,d__Bacteria;p__Bacillota;c__Clostridia;o__Oscillospirales;f__Ruminococcaceae;g__Negativibacillus;s__Negativibacillus massiliensis
10000,0.0004768717215069146,0.004098360655737705,0.0004768717215069146,0.00010545186122535063,2.0,2.0,0.0,/group/ctbrowngrp5/sourmash-db.new/gtdb-rs226/gtdb-rs226-k51.dna.rocksdb,GCA_034094355.1 Anaerovoracaceae bacterium,c4187728c1f9556b04fe53f38a379726,0.004098360655737705,10000,223,10990000,outputs.mapping/bams.cds.rand/SRR17241609.x.s__JAFBIX01 sp021531895.fastq.gz,SRR17241609.x.s__JAFBIX01 sp021531895,61c7fd37,20970000,51,DNA,10000,2097,True,0.860737291103817,0.8978182617731918,0.8792777764385045,0.8978182617731918,True,2,15947,18966,d__Bacteria;p__Bacillota;c__Clostridia;o__Peptostreptococcales;f__Anaerovoracaceae;g__RGIG7179;s__RGIG7179 sp016302925
20000,0.0009537434430138292,0.004608294930875576,0.0004768717215069146,5.2725930612675314e-05,1.0,1.0,0.0,/group/ctbrowngrp5/sourmash-db.new/gtdb-rs226/gtdb-rs226-k51.dna.rocksdb,GCA_004561455.1 bacterium,53ec677c015c1b83f30b1cf2b3f886a9,0.009216589861751152,10000,224,10980000,outputs.mapping/bams.cds.rand/SRR17241609.x.s__JAFBIX01 sp021531895.fastq.gz,SRR17241609.x.s__JAFBIX01 sp021531895,61c7fd37,20970000,51,DNA,10000,2097,True,0.8725155343993001,0.9121990444611786,0.8923572894302394,0.9121990444611786,True,1,15948,18966,d__Bacteria;p__Bacteroidota;c__Bacteroidia;o__Bacteroidales;f__Paludibacteraceae;g__Aphodosoma;s__Aphodosoma sp900769035
10000,0.0004768717215069146,0.005405405405405406,0.0004768717215069146,0.00021090372245070126,4.0,4.0,0.0,/group/ctbrowngrp5/sourmash-db.new/gtdb-rs226/gtdb-rs226-k51.dna.rocksdb,GCA_945831455.1 uncultured Prevotella sp.,f9e2608e706c796a7267cf39fde2cf08,0.005405405405405406,10000,225,10970000,outputs.mapping/bams.cds.rand/SRR17241609.x.s__JAFBIX01 sp021531895.fastq.gz,SRR17241609.x.s__JAFBIX01 sp021531895,61c7fd37,20970000,51,DNA,10000,2097,True,0.860737291103817,0.9027045934360562,0.8817209422699366,0.9027045934360562,True,4,15952,18966,d__Bacteria;p__Bacteroidota;c__Bacteroidia;o__Bacteroidales;f__Bacteroidaceae;g__Prevotella;s__Prevotella sp002299275
10000,0.0004768717215069146,0.003875968992248062,0.0004768717215069146,5.2725930612675314e-05,1.0,1.0,0.0,/group/ctbrowngrp5/sourmash-db.new/gtdb-rs226/gtdb-rs226-k51.dna.rocksdb,GCA_034093675.1 Prevotella sp.,0cb2f16609494f6ba80cc16043f69091,0.003875968992248062,10000,226,10960000,outputs.mapping/bams.cds.rand/SRR17241609.x.s__JAFBIX01 sp021531895.fastq.gz,SRR17241609.x.s__JAFBIX01 sp021531895,61c7fd37,20970000,51,DNA,10000,2097,True,0.860737291103817,0.8968366321005671,0.878786961602192,0.8968366321005671,True,1,15953,18966,d__Bacteria;p__Bacteroidota;c__Bacteroidia;o__Bacteroidales;f__Bacteroidaceae;g__Prevotella;s__Prevotella sp900543975
10000,0.0004768717215069146,0.002183406113537118,0.0004768717215069146,0.00021090372245070126,4.0,4.0,0.0,/group/ctbrowngrp5/sourmash-db.new/gtdb-rs226/gtdb-rs226-k51.dna.rocksdb,GCA_021770565.1 Lachnospiraceae bacterium,97e9cb0ee8d687e881d6a8d07eb97c7d,0.002183406113537118,10000,227,10950000,outputs.mapping/bams.cds.rand/SRR17241609.x.s__JAFBIX01 sp021531895.fastq.gz,SRR17241609.x.s__JAFBIX01 sp021531895,61c7fd37,20970000,51,DNA,10000,2097,True,0.860737291103817,0.8868009855505065,0.8737691383271617,0.8868009855505065,True,4,15957,18966,d__Bacteria;p__Bacillota;c__Clostridia;o__Lachnospirales;f__Lachnospiraceae;g__UBA3282;s__UBA3282 sp910577735
20000,0.0009537434430138292,0.005319148936170213,0.0004768717215069146,0.00010545186122535063,2.0,2.0,0.0,/group/ctbrowngrp5/sourmash-db.new/gtdb-rs226/gtdb-rs226-k51.dna.rocksdb,GCA_945830445.1 uncultured Clostridia bacterium,15a51f7903f7c438357d0650169cef0d,0.010638297872340425,10000,228,10940000,outputs.mapping/bams.cds.rand/SRR17241609.x.s__JAFBIX01 sp021531895.fastq.gz,SRR17241609.x.s__JAFBIX01 sp021531895,61c7fd37,20970000,51,DNA,10000,2097,True,0.8725155343993001,0.9147685363760626,0.8936420353876813,0.9147685363760626,True,2,15959,18966,d__Bacteria;p__Bacillota;c__Clostridia;o__Oscillospirales;f__Acutalibacteraceae;g__CAG-177;s__CAG-177 sp003514385
60000,0.002861230329041488,0.0025,0.0004768717215069146,5.2725930612675314e-05,1.0,1.0,0.0,/group/ctbrowngrp5/sourmash-db.new/gtdb-rs226/gtdb-rs226-k51.dna.rocksdb,GCA_020687465.1 Fusicatenibacter sp. CLA-AA-H213,37590b194251caa9407731f357fe3a3b,0.015,10000,229,10930000,outputs.mapping/bams.cds.rand/SRR17241609.x.s__JAFBIX01 sp021531895.fastq.gz,SRR17241609.x.s__JAFBIX01 sp021531895,61c7fd37,20970000,51,DNA,10000,2097,True,0.8915146550511075,0.9209521869155373,0.9062334209833224,0.9209521869155373,True,1,15960,18966,d__Bacteria;p__Bacillota;c__Clostridia;o__Lachnospirales;f__Lachnospiraceae;g__Oliverpabstia;s__Oliverpabstia intestinalis
30000,0.001430615164520744,0.003484320557491289,0.0004768717215069146,5.2725930612675314e-05,1.0,1.0,0.0,/group/ctbrowngrp5/sourmash-db.new/gtdb-rs226/gtdb-rs226-k51.dna.rocksdb,GCF_020540365.1 [Ruminococcus] lactaris,2ce061c9944c6fbbdb272dbfa4b8687f,0.010452961672473868,10000,230,10920000,outputs.mapping/bams.cds.rand/SRR17241609.x.s__JAFBIX01 sp021531895.fastq.gz,SRR17241609.x.s__JAFBIX01 sp021531895,61c7fd37,20970000,51,DNA,10000,2097,True,0.8794799392269247,0.9144533516772876,0.8969666454521061,0.9144533516772876,True,1,15961,18966,d__Bacteria;p__Bacillota;c__Clostridia;o__Lachnospirales;f__Lachnospiraceae;g__Mediterraneibacter;s__Mediterraneibacter lactaris
10000,0.0004768717215069146,0.005847953216374269,0.0004768717215069146,0.0006854370979647791,13.0,13.0,0.0,/group/ctbrowngrp5/sourmash-db.new/gtdb-rs226/gtdb-rs226-k51.dna.rocksdb,GCA_029219805.1 Coriobacteriaceae bacterium,3ebdf4e1b33e22fa104a3ecac7212b59,0.005847953216374269,10000,231,10910000,outputs.mapping/bams.cds.rand/SRR17241609.x.s__JAFBIX01 sp021531895.fastq.gz,SRR17241609.x.s__JAFBIX01 sp021531895,61c7fd37,20970000,51,DNA,10000,2097,True,0.860737291103817,0.9040985288120411,0.882417909957929,0.9040985288120411,True,13,15974,18966,d__Bacteria;p__Actinomycetota;c__Coriobacteriia;o__Coriobacteriales;f__QAMH01;g__W2P13-069;s__W2P13-069 sp004553405
10000,0.0004768717215069146,0.0033222591362126247,0.0004768717215069146,5.2725930612675314e-05,1.0,1.0,0.0,/group/ctbrowngrp5/sourmash-db.new/gtdb-rs226/gtdb-rs226-k51.dna.rocksdb,GCA_022771625.1 Prevotella sp.,f94923f2da488c81c7acffe33fea799e,0.0033222591362126247,10000,232,10900000,outputs.mapping/bams.cds.rand/SRR17241609.x.s__JAFBIX01 sp021531895.fastq.gz,SRR17241609.x.s__JAFBIX01 sp021531895,61c7fd37,20970000,51,DNA,10000,2097,True,0.860737291103817,0.8941299800356292,0.8774336355697231,0.8941299800356292,True,1,15975,18966,d__Bacteria;p__Bacteroidota;c__Bacteroidia;o__Bacteroidales;f__Bacteroidaceae;g__Prevotella;s__Prevotella sp022771625
20000,0.0009537434430138292,0.004424778761061947,0.0004768717215069146,0.00010545186122535063,2.0,2.0,0.0,/group/ctbrowngrp5/sourmash-db.new/gtdb-rs226/gtdb-rs226-k51.dna.rocksdb,GCA_022775045.1 Agathobacter sp.,8c2a7ae6737e3ba5c12890463865a54d,0.008849557522123894,10000,233,10890000,outputs.mapping/bams.cds.rand/SRR17241609.x.s__JAFBIX01 sp021531895.fastq.gz,SRR17241609.x.s__JAFBIX01 sp021531895,61c7fd37,20970000,51,DNA,10000,2097,True,0.8725155343993001,0.9114724786438645,0.8919940065215823,0.9114724786438645,True,2,15977,18966,d__Bacteria;p__Bacillota;c__Clostridia;o__Lachnospirales;f__Lachnospiraceae;g__Agathobacter;s__Agathobacter sp022775045
10000,0.0004768717215069146,0.004464285714285714,0.0004768717215069146,5.2725930612675314e-05,1.0,1.0,0.0,/group/ctbrowngrp5/sourmash-db.new/gtdb-rs226/gtdb-rs226-k51.dna.rocksdb,GCA_016294075.1 Lachnospiraceae bacterium,8f717ec6512788b55d72286a416c8232,0.004464285714285714,10000,234,10880000,outputs.mapping/bams.cds.rand/SRR17241609.x.s__JAFBIX01 sp021531895.fastq.gz,SRR17241609.x.s__JAFBIX01 sp021531895,61c7fd37,20970000,51,DNA,10000,2097,True,0.860737291103817,0.8993250810736236,0.8800311860887203,0.8993250810736236,True,1,15978,18966,d__Bacteria;p__Bacillota;c__Clostridia;o__Lachnospirales;f__Lachnospiraceae;g__RGIG8767;s__RGIG8767 sp016294075
50000,0.002384358607534573,0.0036101083032490976,0.0004768717215069146,0.00015817779183802593,3.0,3.0,0.0,/group/ctbrowngrp5/sourmash-db.new/gtdb-rs226/gtdb-rs226-k51.dna.rocksdb,GCA_945869215.1 uncultured Eubacterium sp.,e17e54058c473da9113b8b75c23e32a4,0.018050541516245487,10000,235,10870000,outputs.mapping/bams.cds.rand/SRR17241609.x.s__JAFBIX01 sp021531895.fastq.gz,SRR17241609.x.s__JAFBIX01 sp021531895,61c7fd37,20970000,51,DNA,10000,2097,True,0.8883332404084038,0.9243012365063217,0.9063172384573628,0.9243012365063217,True,3,15981,18966,d__Bacteria;p__Bacillota;c__Clostridia;o__Lachnospirales;f__Lachnospiraceae;g__Anaerobutyricum;s__Anaerobutyricum soehngenii
20000,0.0009537434430138292,0.0017543859649122807,0.0004768717215069146,5.2725930612675314e-05,1.0,1.0,0.0,/group/ctbrowngrp5/sourmash-db.new/gtdb-rs226/gtdb-rs226-k51.dna.rocksdb,GCF_001940505.1 Serratia marcescens,012b0879bf954fd8e1e39652173822a9,0.0035087719298245615,10000,236,10860000,outputs.mapping/bams.cds.rand/SRR17241609.x.s__JAFBIX01 sp021531895.fastq.gz,SRR17241609.x.s__JAFBIX01 sp021531895,61c7fd37,20970000,51,DNA,10000,2097,True,0.8725155343993001,0.8950881077119309,0.8838018210556156,0.8950881077119309,True,1,15982,18966,d__Bacteria;p__Pseudomonadota;c__Gammaproteobacteria;o__Enterobacterales;f__Enterobacteriaceae;g__Serratia;s__Serratia nematodiphila
40000,0.0019074868860276585,0.005319148936170213,0.0004768717215069146,0.0002636296530633766,5.0,5.0,0.0,/group/ctbrowngrp5/sourmash-db.new/gtdb-rs226/gtdb-rs226-k51.dna.rocksdb,GCF_009696175.1 Floccifex porci,c0c98ae7b22c52db7628aa582163ba23,0.02127659574468085,10000,237,10850000,outputs.mapping/bams.cds.rand/SRR17241609.x.s__JAFBIX01 sp021531895.fastq.gz,SRR17241609.x.s__JAFBIX01 sp021531895,61c7fd37,20970000,51,DNA,10000,2097,True,0.8844549500020148,0.9272861378461615,0.9058705439240882,0.9272861378461615,True,5,15987,18966,d__Bacteria;p__Bacillota;c__Bacilli;o__Erysipelotrichales;f__Erysipelotrichaceae;g__Floccifex;s__Floccifex porci
20000,0.0009537434430138292,0.004032258064516129,0.0004768717215069146,5.2725930612675314e-05,1.0,1.0,0.0,/group/ctbrowngrp5/sourmash-db.new/gtdb-rs226/gtdb-rs226-k51.dna.rocksdb,GCA_036808425.1 Oscillospiraceae bacterium,1e586592c6fdd13923850a6ce04be048,0.008064516129032258,10000,238,10840000,outputs.mapping/bams.cds.rand/SRR17241609.x.s__JAFBIX01 sp021531895.fastq.gz,SRR17241609.x.s__JAFBIX01 sp021531895,61c7fd37,20970000,51,DNA,10000,2097,True,0.8725155343993001,0.9098137917904366,0.8911646630948684,0.9098137917904366,True,1,15988,18966,d__Bacteria;p__Bacillota;c__Clostridia;o__Oscillospirales;f__Ruminococcaceae;g__Faecalibacterium;s__Faecalibacterium longum
10000,0.0004768717215069146,0.01,0.0004768717215069146,0.00010545186122535063,2.0,2.0,0.0,/group/ctbrowngrp5/sourmash-db.new/gtdb-rs226/gtdb-rs226-k51.dna.rocksdb,GCA_963559295.1 uncultured Erysipelotrichaceae bacterium,aa7240767354f6543aba19dddbbafc40,0.01,10000,239,10830000,outputs.mapping/bams.cds.rand/SRR17241609.x.s__JAFBIX01 sp021531895.fastq.gz,SRR17241609.x.s__JAFBIX01 sp021531895,61c7fd37,20970000,51,DNA,10000,2097,True,0.860737291103817,0.9136593726391776,0.8871983318714973,0.9136593726391776,True,2,15990,18966,d__Bacteria;p__Bacillota;c__Bacilli;o__Erysipelotrichales;f__Erysipelotrichaceae;g__CALUZH01;s__CALUZH01 sp937893115
10000,0.0004768717215069146,0.003355704697986577,0.0004768717215069146,5.2725930612675314e-05,1.0,1.0,0.0,/group/ctbrowngrp5/sourmash-db.new/gtdb-rs226/gtdb-rs226-k51.dna.rocksdb,GCA_021531695.1 Roseburia hominis,5e5f2ff49352fc385a8f1f7abb351a06,0.003355704697986577,10000,240,10820000,outputs.mapping/bams.cds.rand/SRR17241609.x.s__JAFBIX01 sp021531895.fastq.gz,SRR17241609.x.s__JAFBIX01 sp021531895,61c7fd37,20970000,51,DNA,10000,2097,True,0.860737291103817,0.8943056110421093,0.8775214510729632,0.8943056110421093,True,1,15991,18966,d__Bacteria;p__Bacillota;c__Clostridia;o__Lachnospirales;f__Lachnospiraceae;g__Roseburia_D;s__Roseburia_D sp002299665
10000,0.0004768717215069146,0.003289473684210526,0.0004768717215069146,0.00010545186122535063,2.0,2.0,0.0,/group/ctbrowngrp5/sourmash-db.new/gtdb-rs226/gtdb-rs226-k51.dna.rocksdb,GCA_036800785.1 Lachnospiraceae bacterium,e171cf3723d3838e3ade1aa265206b5c,0.003289473684210526,10000,241,10810000,outputs.mapping/bams.cds.rand/SRR17241609.x.s__JAFBIX01 sp021531895.fastq.gz,SRR17241609.x.s__JAFBIX01 sp021531895,61c7fd37,20970000,51,DNA,10000,2097,True,0.860737291103817,0.8939561248334033,0.8773467079686101,0.8939561248334033,True,2,15993,18966,d__Bacteria;p__Bacillota;c__Clostridia;o__Lachnospirales;f__Lachnospiraceae;g__Gallintestinimicrobium;s__Gallintestinimicrobium propionicum
70000,0.0033381020505484026,0.003076923076923077,0.0004768717215069146,0.00010545186122535063,2.0,2.0,0.0,/group/ctbrowngrp5/sourmash-db.new/gtdb-rs226/gtdb-rs226-k51.dna.rocksdb,GCA_034086425.1 Oliverpabstia sp.,3e5d4b4fde161cf88ed9a189925e3d4b,0.021538461538461538,10000,242,10800000,outputs.mapping/bams.cds.rand/SRR17241609.x.s__JAFBIX01 sp021531895.fastq.gz,SRR17241609.x.s__JAFBIX01 sp021531895,61c7fd37,20970000,51,DNA,10000,2097,True,0.894213390174518,0.9275085780734926,0.9108609841240053,0.9275085780734926,False,2,15995,18966,d__Bacteria;p__Bacillota;c__Clostridia;o__Lachnospirales;f__Lachnospiraceae;g__Oliverpabstia;s__Oliverpabstia sp022764165
110000,0.005245588936576061,0.0019193857965451055,0.0004768717215069146,5.2725930612675314e-05,1.0,1.0,0.0,/group/ctbrowngrp5/sourmash-db.new/gtdb-rs226/gtdb-rs226-k51.dna.rocksdb,GCF_012524165.2 Faecalicatena faecalis,1af9b3500bd306173045ba9c6bd5f627,0.02111324376199616,10000,243,10790000,outputs.mapping/bams.cds.rand/SRR17241609.x.s__JAFBIX01 sp021531895.fastq.gz,SRR17241609.x.s__JAFBIX01 sp021531895,61c7fd37,20970000,51,DNA,10000,2097,True,0.9021735357892933,0.9271460160939301,0.9146597759416117,0.9271460160939301,False,1,15996,18966,d__Bacteria;p__Bacillota;c__Clostridia;o__Lachnospirales;f__Lachnospiraceae;g__Faecalicatena_A;s__Faecalicatena_A faecalis
10000,0.0004768717215069146,0.006289308176100629,0.0004768717215069146,0.00015817779183802593,3.0,3.0,0.0,/group/ctbrowngrp5/sourmash-db.new/gtdb-rs226/gtdb-rs226-k51.dna.rocksdb,GCA_945939265.1 uncultured Solobacterium sp.,6ed7a881d3701440c14ae9518b825dab,0.006289308176100629,10000,244,10780000,outputs.mapping/bams.cds.rand/SRR17241609.x.s__JAFBIX01 sp021531895.fastq.gz,SRR17241609.x.s__JAFBIX01 sp021531895,61c7fd37,20970000,51,DNA,10000,2097,True,0.860737291103817,0.9053892851119669,0.8830632881078919,0.9053892851119669,True,3,15999,18966,d__Bacteria;p__Bacillota;c__Bacilli;o__Erysipelotrichales;f__Erysipelotrichaceae;g__Floccifex;s__Floccifex porci
10000,0.0004768717215069146,0.002398081534772182,0.0004768717215069146,0.00010545186122535063,2.0,2.0,0.0,/group/ctbrowngrp5/sourmash-db.new/gtdb-rs226/gtdb-rs226-k51.dna.rocksdb,GCA_934454215.1 uncultured Clostridia bacterium,a93b9de92c676ea8fa97efb0413b502e,0.002398081534772182,10000,245,10770000,outputs.mapping/bams.cds.rand/SRR17241609.x.s__JAFBIX01 sp021531895.fastq.gz,SRR17241609.x.s__JAFBIX01 sp021531895,61c7fd37,20970000,51,DNA,10000,2097,True,0.860737291103817,0.88843320784998,0.8745852494768985,0.88843320784998,True,2,16001,18966,d__Bacteria;p__Bacillota;c__Clostridia;o__UBA1381;f__UBA1381;g__Ornithomonoglobus_A;s__Ornithomonoglobus_A sp934454215
100000,0.004768717215069146,0.0022222222222222222,0.0004768717215069146,5.2725930612675314e-05,1.0,1.0,0.0,/group/ctbrowngrp5/sourmash-db.new/gtdb-rs226/gtdb-rs226-k51.dna.rocksdb,GCF_039503415.1 Blautia wexlerae,ece1ff253f1d97fde1676cc5609eb8d3,0.022222222222222223,10000,246,10760000,outputs.mapping/bams.cds.rand/SRR17241609.x.s__JAFBIX01 sp021531895.fastq.gz,SRR17241609.x.s__JAFBIX01 sp021531895,61c7fd37,20970000,51,DNA,10000,2097,True,0.9004891039234806,0.9280771248488988,0.9142831143861897,0.9280771248488988,False,1,16002,18966,d__Bacteria;p__Bacillota;c__Clostridia;o__Lachnospirales;f__Lachnospiraceae;g__Blautia_A;s__Blautia_A wexlerae
20000,0.0009537434430138292,0.003703703703703704,0.0004768717215069146,5.2725930612675314e-05,1.0,1.0,0.0,/group/ctbrowngrp5/sourmash-db.new/gtdb-rs226/gtdb-rs226-k51.dna.rocksdb,GCF_900625105.1 Agathobaculum sp. Marseille-P7918,3056edc1dbfa1a7d15d0fd9caf65bc75,0.007407407407407408,10000,247,10750000,outputs.mapping/bams.cds.rand/SRR17241609.x.s__JAFBIX01 sp021531895.fastq.gz,SRR17241609.x.s__JAFBIX01 sp021531895,61c7fd37,20970000,51,DNA,10000,2097,True,0.8725155343993001,0.9082988192772692,0.8904071768382846,0.9082988192772692,True,1,16003,18966,d__Bacteria;p__Bacillota;c__Clostridia;o__Oscillospirales;f__Butyricicoccaceae;g__Agathobaculum;s__Agathobaculum sp900625105
40000,0.0019074868860276585,0.005154639175257732,0.0004768717215069146,0.0005799852367394285,11.0,11.0,0.0,/group/ctbrowngrp5/sourmash-db.new/gtdb-rs226/gtdb-rs226-k51.dna.rocksdb,GCF_937925085.1 Faecalicoccus pleomorphus,55216a3df25038d3f04ebb30fda86a37,0.020618556701030927,10000,248,10740000,outputs.mapping/bams.cds.rand/SRR17241609.x.s__JAFBIX01 sp021531895.fastq.gz,SRR17241609.x.s__JAFBIX01 sp021531895,61c7fd37,20970000,51,DNA,10000,2097,True,0.8844549500020148,0.9267151019155395,0.9055850259587772,0.9267151019155395,True,11,16014,18966,d__Bacteria;p__Bacillota;c__Bacilli;o__Erysipelotrichales;f__Erysipelotrichaceae;g__Faecalicoccus;s__Faecalicoccus pleomorphus
10000,0.0004768717215069146,0.005747126436781609,0.0004768717215069146,5.2725930612675314e-05,1.0,1.0,0.0,/group/ctbrowngrp5/sourmash-db.new/gtdb-rs226/gtdb-rs226-k51.dna.rocksdb,GCF_022774615.1 Mogibacterium sp.,25f790e2843235b7d19ac08480cfe8a7,0.005747126436781609,10000,249,10730000,outputs.mapping/bams.cds.rand/SRR17241609.x.s__JAFBIX01 sp021531895.fastq.gz,SRR17241609.x.s__JAFBIX01 sp021531895,61c7fd37,20970000,51,DNA,10000,2097,True,0.860737291103817,0.9037902706106046,0.8822637808572108,0.9037902706106046,True,1,16015,18966,d__Bacteria;p__Bacillota;c__Clostridia;o__Peptostreptococcales;f__Anaerovoracaceae;g__Mogibacterium_A;s__Mogibacterium_A kristiansenii
10000,0.0004768717215069146,0.005050505050505051,0.0004768717215069146,5.2725930612675314e-05,1.0,1.0,0.0,/group/ctbrowngrp5/sourmash-db.new/gtdb-rs226/gtdb-rs226-k51.dna.rocksdb,GCF_022775115.1 Agathobaculum sp.,b0c7c19a58c023988ef12a9f7cac9fd0,0.005050505050505051,10000,250,10720000,outputs.mapping/bams.cds.rand/SRR17241609.x.s__JAFBIX01 sp021531895.fastq.gz,SRR17241609.x.s__JAFBIX01 sp021531895,61c7fd37,20970000,51,DNA,10000,2097,True,0.860737291103817,0.901503358934848,0.8811203250193325,0.901503358934848,True,1,16016,18966,d__Bacteria;p__Bacillota;c__Clostridia;o__Oscillospirales;f__Butyricicoccaceae;g__Agathobaculum;s__Agathobaculum sp022775115
10000,0.0004768717215069146,0.0036496350364963502,0.0004768717215069146,5.2725930612675314e-05,1.0,1.0,0.0,/group/ctbrowngrp5/sourmash-db.new/gtdb-rs226/gtdb-rs226-k51.dna.rocksdb,GCA_945949955.1 uncultured Lachnospiraceae bacterium,79bded3eae47f7c004db2c661b8c945c,0.0036496350364963502,10000,251,10710000,outputs.mapping/bams.cds.rand/SRR17241609.x.s__JAFBIX01 sp021531895.fastq.gz,SRR17241609.x.s__JAFBIX01 sp021531895,61c7fd37,20970000,51,DNA,10000,2097,True,0.860737291103817,0.895779190619195,0.8782582408615061,0.895779190619195,True,1,16017,18966,d__Bacteria;p__Bacillota;c__Clostridia;o__Lachnospirales;f__Lachnospiraceae;g__Acetatifactor;s__Acetatifactor sp022769665
180000,0.008583690987124463,0.0024630541871921183,0.0004768717215069146,0.00031635558367605187,6.0,6.0,0.0,/group/ctbrowngrp5/sourmash-db.new/gtdb-rs226/gtdb-rs226-k51.dna.rocksdb,GCA_004562915.1 bacterium,d96ecbfc025f2a4a4d374ec049847024,0.04433497536945813,10000,252,10700000,outputs.mapping/bams.cds.rand/SRR17241609.x.s__JAFBIX01 sp021531895.fastq.gz,SRR17241609.x.s__JAFBIX01 sp021531895,61c7fd37,20970000,51,DNA,10000,2097,True,0.9109274836213538,0.9407313497835186,0.9258294167024361,0.9407313497835186,False,6,16023,18966,d__Bacteria;p__Bacillota;c__Clostridia;o__Lachnospirales;f__Lachnospiraceae;g__Oliverpabstia;s__Oliverpabstia sp004562915
10000,0.0004768717215069146,0.005405405405405406,0.0004768717215069146,5.2725930612675314e-05,1.0,1.0,0.0,/group/ctbrowngrp5/sourmash-db.new/gtdb-rs226/gtdb-rs226-k51.dna.rocksdb,GCA_945837645.1 uncultured Clostridium sp.,1fafac1203a8bafefa5546405213c5e5,0.005405405405405406,10000,253,10690000,outputs.mapping/bams.cds.rand/SRR17241609.x.s__JAFBIX01 sp021531895.fastq.gz,SRR17241609.x.s__JAFBIX01 sp021531895,61c7fd37,20970000,51,DNA,10000,2097,True,0.860737291103817,0.9027045934360562,0.8817209422699366,0.9027045934360562,True,1,16024,18966,d__Bacteria;p__Bacillota;c__Clostridia;o__Lachnospirales;f__Lachnospiraceae;g__SUG393;s__SUG393 sp022788065
30000,0.001430615164520744,0.0036101083032490976,0.0004768717215069146,5.2725930612675314e-05,1.0,1.0,0.0,/group/ctbrowngrp5/sourmash-db.new/gtdb-rs226/gtdb-rs226-k51.dna.rocksdb,GCA_004557945.1 Bacteroidales bacterium,09e14cec75f525839d7e831d2f205eca,0.010830324909747292,10000,254,10680000,outputs.mapping/bams.cds.rand/SRR17241609.x.s__JAFBIX01 sp021531895.fastq.gz,SRR17241609.x.s__JAFBIX01 sp021531895,61c7fd37,20970000,51,DNA,10000,2097,True,0.8794799392269247,0.9150894713072147,0.8972847052670697,0.9150894713072147,True,1,16025,18966,d__Bacteria;p__Bacteroidota;c__Bacteroidia;o__Bacteroidales;f__Muribaculaceae;g__Sodaliphilus;s__Sodaliphilus sp004557565
10000,0.0004768717215069146,0.006289308176100629,0.0004768717215069146,0.0003690815142887272,7.0,7.0,0.0,/group/ctbrowngrp5/sourmash-db.new/gtdb-rs226/gtdb-rs226-k51.dna.rocksdb,GCA_034086705.1 Eubacteriales bacterium,89903deee54246dba13249b5a7a994ec,0.006289308176100629,10000,255,10670000,outputs.mapping/bams.cds.rand/SRR17241609.x.s__JAFBIX01 sp021531895.fastq.gz,SRR17241609.x.s__JAFBIX01 sp021531895,61c7fd37,20970000,51,DNA,10000,2097,True,0.860737291103817,0.9053892851119669,0.8830632881078919,0.9053892851119669,True,7,16032,18966,d__Bacteria;p__Bacillota;c__Clostridia;o__Oscillospirales;f__CAG-272;g__UMGS1225;s__UMGS1225 sp034086705
40000,0.0019074868860276585,0.0015220700152207,0.0004768717215069146,5.2725930612675314e-05,1.0,1.0,0.0,/group/ctbrowngrp5/sourmash-db.new/gtdb-rs226/gtdb-rs226-k51.dna.rocksdb,GCF_040094465.1 Hungatella hathewayi,4a19a89ef38ad427e1f3a694872cce80,0.0060882800608828,10000,256,10660000,outputs.mapping/bams.cds.rand/SRR17241609.x.s__JAFBIX01 sp021531895.fastq.gz,SRR17241609.x.s__JAFBIX01 sp021531895,61c7fd37,20970000,51,DNA,10000,2097,True,0.8844549500020148,0.9048127631957462,0.8946338565988805,0.9048127631957462,True,1,16033,18966,d__Bacteria;p__Bacillota;c__Clostridia;o__Lachnospirales;f__Lachnospiraceae;g__Hungatella;s__Hungatella hathewayi
10000,0.0004768717215069146,0.00625,0.0004768717215069146,0.00015817779183802593,3.0,3.0,0.0,/group/ctbrowngrp5/sourmash-db.new/gtdb-rs226/gtdb-rs226-k51.dna.rocksdb,GCF_034114685.1 Eubacterium coprostanoligenes,cc2d8d61872820ed67edf73b64c78671,0.00625,10000,257,10650000,outputs.mapping/bams.cds.rand/SRR17241609.x.s__JAFBIX01 sp021531895.fastq.gz,SRR17241609.x.s__JAFBIX01 sp021531895,61c7fd37,20970000,51,DNA,10000,2097,True,0.860737291103817,0.9052779891993,0.8830076401515585,0.9052779891993,True,3,16036,18966,d__Bacteria;p__Bacillota;c__Clostridia;o__Oscillospirales;f__Acutalibacteraceae;g__Eubacterium_R;s__Eubacterium_R coprostanoligenes
230000,0.010968049594659036,0.004761904761904762,0.0004768717215069146,0.00010545186122535063,2.0,2.0,0.0,/group/ctbrowngrp5/sourmash-db.new/gtdb-rs226/gtdb-rs226-k51.dna.rocksdb,GCA_016295505.1 Dorea sp.,262889ad66965b238491306765a5b5b2,0.10952380952380952,10000,258,10640000,outputs.mapping/bams.cds.rand/SRR17241609.x.s__JAFBIX01 sp021531895.fastq.gz,SRR17241609.x.s__JAFBIX01 sp021531895,61c7fd37,20970000,51,DNA,10000,2097,True,0.9153162334953607,0.9575618478518323,0.9364390406735965,0.9575618478518323,False,2,16038,18966,d__Bacteria;p__Bacillota;c__Clostridia;o__Lachnospirales;f__Lachnospiraceae;g__Dorea_A;s__Dorea_A sp016295505
40000,0.0019074868860276585,0.003875968992248062,0.0004768717215069146,0.00010545186122535063,2.0,2.0,0.0,/group/ctbrowngrp5/sourmash-db.new/gtdb-rs226/gtdb-rs226-k51.dna.rocksdb,GCA_028724025.1 Mediterraneibacter faecis,38f48b95a71644a768afdf111d534ac4,0.015503875968992248,10000,259,10630000,outputs.mapping/bams.cds.rand/SRR17241609.x.s__JAFBIX01 sp021531895.fastq.gz,SRR17241609.x.s__JAFBIX01 sp021531895,61c7fd37,20970000,51,DNA,10000,2097,True,0.8844549500020148,0.9215490101367176,0.9030019800693663,0.9215490101367176,True,2,16040,18966,d__Bacteria;p__Bacillota;c__Clostridia;o__Lachnospirales;f__Lachnospiraceae;g__Mediterraneibacter;s__Mediterraneibacter faecis
20000,0.0009537434430138292,0.003048780487804878,0.0004768717215069146,5.2725930612675314e-05,1.0,1.0,0.0,/group/ctbrowngrp5/sourmash-db.new/gtdb-rs226/gtdb-rs226-k51.dna.rocksdb,GCA_022773965.1 Lachnospiraceae bacterium,8da97a9192c3505456cacd3cea851a94,0.006097560975609756,10000,260,10620000,outputs.mapping/bams.cds.rand/SRR17241609.x.s__JAFBIX01 sp021531895.fastq.gz,SRR17241609.x.s__JAFBIX01 sp021531895,61c7fd37,20970000,51,DNA,10000,2097,True,0.8725155343993001,0.9048397878646056,0.8886776611319529,0.9048397878646056,True,1,16041,18966,d__Bacteria;p__Bacillota;c__Clostridia;o__Lachnospirales;f__Lachnospiraceae;g__W0P33-017;s__W0P33-017 sp022773965
180000,0.008583690987124463,0.003003003003003003,0.0004768717215069146,0.00010545186122535063,2.0,2.0,0.0,/group/ctbrowngrp5/sourmash-db.new/gtdb-rs226/gtdb-rs226-k51.dna.rocksdb,GCF_029227735.1 Blautia sp.,7c18473b051acfc786ffd79bb8f8b1fb,0.05405405405405406,10000,261,10610000,outputs.mapping/bams.cds.rand/SRR17241609.x.s__JAFBIX01 sp021531895.fastq.gz,SRR17241609.x.s__JAFBIX01 sp021531895,61c7fd37,20970000,51,DNA,10000,2097,True,0.9109274836213538,0.9443946008292557,0.9276610422253048,0.9443946008292557,False,2,16043,18966,d__Bacteria;p__Bacillota;c__Clostridia;o__Lachnospirales;f__Lachnospiraceae;g__Blautia_A;s__Blautia_A sp018919065
10000,0.0004768717215069146,0.003246753246753247,0.0004768717215069146,5.2725930612675314e-05,1.0,1.0,0.0,/group/ctbrowngrp5/sourmash-db.new/gtdb-rs226/gtdb-rs226-k51.dna.rocksdb,GCF_034113885.1 Intestinibacter sp.,b38259b0aff1612ee5f4f1630240a73c,0.003246753246753247,10000,262,10600000,outputs.mapping/bams.cds.rand/SRR17241609.x.s__JAFBIX01 sp021531895.fastq.gz,SRR17241609.x.s__JAFBIX01 sp021531895,61c7fd37,20970000,51,DNA,10000,2097,True,0.860737291103817,0.8937270195417178,0.8772321553227674,0.8937270195417178,True,1,16044,18966,d__Bacteria;p__Bacillota;c__Clostridia;o__Peptostreptococcales;f__Peptostreptococcaceae;g__Intestinibacter;s__Intestinibacter sp034113885
10000,0.0004768717215069146,0.003484320557491289,0.0004768717215069146,5.2725930612675314e-05,1.0,1.0,0.0,/group/ctbrowngrp5/sourmash-db.new/gtdb-rs226/gtdb-rs226-k51.dna.rocksdb,GCA_004554605.1 Subdoligranulum sp.,5665a6e77f793c29f9a9ef9a82abca3e,0.003484320557491289,10000,263,10590000,outputs.mapping/bams.cds.rand/SRR17241609.x.s__JAFBIX01 sp021531895.fastq.gz,SRR17241609.x.s__JAFBIX01 sp021531895,61c7fd37,20970000,51,DNA,10000,2097,True,0.860737291103817,0.8949653831278861,0.8778513371158516,0.8949653831278861,True,1,16045,18966,d__Bacteria;p__Bacillota;c__Clostridia;o__Oscillospirales;f__Ruminococcaceae;g__Gemmiger;s__Gemmiger qucibialis
10000,0.0004768717215069146,0.0037735849056603774,0.0004768717215069146,5.2725930612675314e-05,1.0,1.0,0.0,/group/ctbrowngrp5/sourmash-db.new/gtdb-rs226/gtdb-rs226-k51.dna.rocksdb,GCA_947628315.1 uncultured Oscillospiraceae bacterium,df4f392953df08857fcc3e2b001bfca4,0.0037735849056603774,10000,264,10580000,outputs.mapping/bams.cds.rand/SRR17241609.x.s__JAFBIX01 sp021531895.fastq.gz,SRR17241609.x.s__JAFBIX01 sp021531895,61c7fd37,20970000,51,DNA,10000,2097,True,0.860737291103817,0.8963660000844977,0.8785516455941573,0.8963660000844977,True,1,16046,18966,d__Bacteria;p__Bacillota;c__Clostridia;o__Oscillospirales;f__Oscillospiraceae;g__Enterenecus;s__Enterenecus sp947628315
20000,0.0009537434430138292,0.004830917874396135,0.0004768717215069146,5.2725930612675314e-05,1.0,1.0,0.0,/group/ctbrowngrp5/sourmash-db.new/gtdb-rs226/gtdb-rs226-k51.dna.rocksdb,GCA_016297195.1 Butyrivibrio sp.,418b19c3c1aca178477e66ea23ebdea1,0.00966183574879227,10000,265,10570000,outputs.mapping/bams.cds.rand/SRR17241609.x.s__JAFBIX01 sp021531895.fastq.gz,SRR17241609.x.s__JAFBIX01 sp021531895,61c7fd37,20970000,51,DNA,10000,2097,True,0.8725155343993001,0.9130432826867383,0.8927794085430192,0.9130432826867383,True,1,16047,18966,d__Bacteria;p__Bacillota;c__Clostridia;o__Lachnospirales;f__Lachnospiraceae;g__Butyrivibrio_A;s__Butyrivibrio_A sp016297265
10000,0.0004768717215069146,0.0025974025974025974,0.0004768717215069146,0.00010545186122535063,2.0,2.0,0.0,/group/ctbrowngrp5/sourmash-db.new/gtdb-rs226/gtdb-rs226-k51.dna.rocksdb,GCA_948977435.1 uncultured Acetatifactor sp.,b9d1bc10050b28060751dc13bdd67cca,0.0025974025974025974,10000,266,10560000,outputs.mapping/bams.cds.rand/SRR17241609.x.s__JAFBIX01 sp021531895.fastq.gz,SRR17241609.x.s__JAFBIX01 sp021531895,61c7fd37,20970000,51,DNA,10000,2097,True,0.860737291103817,0.8898251809431468,0.8752812360234818,0.8898251809431468,True,2,16049,18966,d__Bacteria;p__Bacillota;c__Clostridia;o__Lachnospirales;f__Lachnospiraceae;g__Acetatifactor;s__Acetatifactor sp910579755
1470000,0.07010014306151645,0.003861003861003861,0.0004768717215069146,0.00010545186122535063,2.0,2.0,0.0,/group/ctbrowngrp5/sourmash-db.new/gtdb-rs226/gtdb-rs226-k51.dna.rocksdb,GCA_945948395.1 uncultured Dorea sp.,1ca1492ad420d03991148c9f67d9759f,0.5675675675675675,10000,267,10550000,outputs.mapping/bams.cds.rand/SRR17241609.x.s__JAFBIX01 sp021531895.fastq.gz,SRR17241609.x.s__JAFBIX01 sp021531895,61c7fd37,20970000,51,DNA,10000,2097,True,0.9492203434598138,0.9889556480369754,0.9690879957483947,0.9889556480369754,False,2,16051,18966,d__Bacteria;p__Bacillota;c__Clostridia;o__Lachnospirales;f__Lachnospiraceae;g__JAFBIX01;s__JAFBIX01 sp021531895
10000,0.0004768717215069146,0.0035087719298245615,0.0004768717215069146,0.00015817779183802593,3.0,3.0,0.0,/group/ctbrowngrp5/sourmash-db.new/gtdb-rs226/gtdb-rs226-k51.dna.rocksdb,GCA_034089085.1 Eubacteriales bacterium,9f74fe8ceb65900662d516910de3c04e,0.0035087719298245615,10000,268,10540000,outputs.mapping/bams.cds.rand/SRR17241609.x.s__JAFBIX01 sp021531895.fastq.gz,SRR17241609.x.s__JAFBIX01 sp021531895,61c7fd37,20970000,51,DNA,10000,2097,True,0.860737291103817,0.8950881077119309,0.877912699407874,0.8950881077119309,True,3,16054,18966,d__Bacteria;p__Bacillota;c__Clostridia;o__Christensenellales;f__Aristaeellaceae;g__Firm-10;s__Firm-10 sp004552515
10000,0.0004768717215069146,0.007462686567164179,0.0004768717215069146,0.00010545186122535063,2.0,2.0,0.0,/group/ctbrowngrp5/sourmash-db.new/gtdb-rs226/gtdb-rs226-k51.dna.rocksdb,GCA_945613045.1 uncultured Clostridia bacterium,8ba1688b1a7bf17d0e09e074340f3640,0.007462686567164179,10000,269,10530000,outputs.mapping/bams.cds.rand/SRR17241609.x.s__JAFBIX01 sp021531895.fastq.gz,SRR17241609.x.s__JAFBIX01 sp021531895,61c7fd37,20970000,51,DNA,10000,2097,True,0.860737291103817,0.9084312442666432,0.8845842676852301,0.9084312442666432,True,2,16056,18966,d__Bacteria;p__Bacillota;c__Clostridia;o__Oscillospirales;f__Oscillospiraceae;g__F23-B02;s__F23-B02 sp945613045
10000,0.0004768717215069146,0.004366812227074236,0.0004768717215069146,0.00015817779183802593,3.0,3.0,0.0,/group/ctbrowngrp5/sourmash-db.new/gtdb-rs226/gtdb-rs226-k51.dna.rocksdb,GCA_002305725.1 Ruminococcus sp. UBA1394,85b5b1ca9d3525f39ca6328094149525,0.004366812227074236,10000,270,10520000,outputs.mapping/bams.cds.rand/SRR17241609.x.s__JAFBIX01 sp021531895.fastq.gz,SRR17241609.x.s__JAFBIX01 sp021531895,61c7fd37,20970000,51,DNA,10000,2097,True,0.860737291103817,0.8989358818428389,0.879836586473328,0.8989358818428389,True,3,16059,18966,d__Bacteria;p__Bacillota;c__Clostridia;o__Oscillospirales;f__Ruminococcaceae;g__Porcipelethomonas;s__Porcipelethomonas sp002305725
10000,0.0004768717215069146,0.0036496350364963502,0.0004768717215069146,5.2725930612675314e-05,1.0,1.0,0.0,/group/ctbrowngrp5/sourmash-db.new/gtdb-rs226/gtdb-rs226-k51.dna.rocksdb,GCA_959600525.1 uncultured Firmicutes bacterium,ed437a14a6aee44fd08186e031d72494,0.0036496350364963502,10000,271,10510000,outputs.mapping/bams.cds.rand/SRR17241609.x.s__JAFBIX01 sp021531895.fastq.gz,SRR17241609.x.s__JAFBIX01 sp021531895,61c7fd37,20970000,51,DNA,10000,2097,True,0.860737291103817,0.895779190619195,0.8782582408615061,0.895779190619195,True,1,16060,18966,d__Bacteria;p__Bacillota;c__Clostridia;o__Lachnospirales;f__Lachnospiraceae;g__Suilimivivens;s__Suilimivivens sp000436115
10000,0.0004768717215069146,0.0031446540880503146,0.0004768717215069146,5.2725930612675314e-05,1.0,1.0,0.0,/group/ctbrowngrp5/sourmash-db.new/gtdb-rs226/gtdb-rs226-k51.dna.rocksdb,GCA_900771625.1 uncultured Dorea sp.,fbc1402b4c9e413a7033e655bca895e4,0.0031446540880503146,10000,272,10500000,outputs.mapping/bams.cds.rand/SRR17241609.x.s__JAFBIX01 sp021531895.fastq.gz,SRR17241609.x.s__JAFBIX01 sp021531895,61c7fd37,20970000,51,DNA,10000,2097,True,0.860737291103817,0.8931672731743641,0.8769522821390905,0.8931672731743641,True,1,16061,18966,d__Bacteria;p__Bacillota;c__Clostridia;o__Lachnospirales;f__Lachnospiraceae;g__Claveliimonas;s__Claveliimonas bilis
150000,0.00715307582260372,0.002336448598130841,0.0004768717215069146,5.2725930612675314e-05,1.0,1.0,0.0,/group/ctbrowngrp5/sourmash-db.new/gtdb-rs226/gtdb-rs226-k51.dna.rocksdb,GCA_004562005.1 bacterium,96578991664abd2275b71f54014299fa,0.035046728971962614,10000,273,10490000,outputs.mapping/bams.cds.rand/SRR17241609.x.s__JAFBIX01 sp021531895.fastq.gz,SRR17241609.x.s__JAFBIX01 sp021531895,61c7fd37,20970000,51,DNA,10000,2097,True,0.907676793328811,0.9364048971489586,0.9220408452388849,0.9364048971489586,False,1,16062,18966,d__Bacteria;p__Bacillota;c__Clostridia;o__Lachnospirales;f__Lachnospiraceae;g__Roseburia;s__Roseburia inulinivorans
10000,0.0004768717215069146,0.0035460992907801418,0.0004768717215069146,5.2725930612675314e-05,1.0,1.0,0.0,/group/ctbrowngrp5/sourmash-db.new/gtdb-rs226/gtdb-rs226-k51.dna.rocksdb,GCA_016297945.1 Lachnospiraceae bacterium,e20b9079c4f902879613bb31f24183c7,0.0035460992907801418,10000,274,10480000,outputs.mapping/bams.cds.rand/SRR17241609.x.s__JAFBIX01 sp021531895.fastq.gz,SRR17241609.x.s__JAFBIX01 sp021531895,61c7fd37,20970000,51,DNA,10000,2097,True,0.860737291103817,0.8952738509072189,0.8780055710055179,0.8952738509072189,True,1,16063,18966,d__Bacteria;p__Bacillota;c__Clostridia;o__Lachnospirales;f__Lachnospiraceae;g__UBA2882;s__UBA2882 sp016297945
10000,0.0004768717215069146,0.0033333333333333335,0.0004768717215069146,0.00010545186122535063,2.0,2.0,0.0,/group/ctbrowngrp5/sourmash-db.new/gtdb-rs226/gtdb-rs226-k51.dna.rocksdb,GCA_016297985.1 Lachnospiraceae bacterium,f7af832a133a47fa12ed4a2eae2a3f56,0.0033333333333333335,10000,275,10470000,outputs.mapping/bams.cds.rand/SRR17241609.x.s__JAFBIX01 sp021531895.fastq.gz,SRR17241609.x.s__JAFBIX01 sp021531895,61c7fd37,20970000,51,DNA,10000,2097,True,0.860737291103817,0.8941883246232241,0.8774628078635205,0.8941883246232241,True,2,16065,18966,d__Bacteria;p__Bacillota;c__Clostridia;o__Lachnospirales;f__Lachnospiraceae;g__Suilimivivens;s__Suilimivivens sp018384375
70000,0.0033381020505484026,0.0028011204481792717,0.0004768717215069146,0.00015817779183802593,3.0,3.0,0.0,/group/ctbrowngrp5/sourmash-db.new/gtdb-rs226/gtdb-rs226-k51.dna.rocksdb,GCA_902469955.1 uncultured Lachnospiraceae bacterium,5196292d3b92960879aa9490b23c32d7,0.0196078431372549,10000,276,10460000,outputs.mapping/bams.cds.rand/SRR17241609.x.s__JAFBIX01 sp021531895.fastq.gz,SRR17241609.x.s__JAFBIX01 sp021531895,61c7fd37,20970000,51,DNA,10000,2097,True,0.894213390174518,0.9258022498221521,0.910007819998335,0.9258022498221521,False,3,16068,18966,d__Bacteria;p__Bacillota;c__Clostridia;o__Lachnospirales;f__Lachnospiraceae;g__Agathobacter;s__Agathobacter sp905209075
10000,0.0004768717215069146,0.002638522427440633,0.0004768717215069146,5.2725930612675314e-05,1.0,1.0,0.0,/group/ctbrowngrp5/sourmash-db.new/gtdb-rs226/gtdb-rs226-k51.dna.rocksdb,GCF_002303655.1 Clostridioides difficile,d45bbcb7ba09bbedfd14416fd987a5e0,0.002638522427440633,10000,277,10450000,outputs.mapping/bams.cds.rand/SRR17241609.x.s__JAFBIX01 sp021531895.fastq.gz,SRR17241609.x.s__JAFBIX01 sp021531895,61c7fd37,20970000,51,DNA,10000,2097,True,0.860737291103817,0.8900992741114834,0.8754182826076502,0.8900992741114834,True,1,16069,18966,d__Bacteria;p__Bacillota;c__Clostridia;o__Peptostreptococcales;f__Peptostreptococcaceae;g__Clostridioides;s__Clostridioides difficile
10000,0.0004768717215069146,0.0025974025974025974,0.0004768717215069146,0.00010545186122535063,2.0,2.0,0.0,/group/ctbrowngrp5/sourmash-db.new/gtdb-rs226/gtdb-rs226-k51.dna.rocksdb,GCA_918278025.1 Bacteroidaceae bacterium,34d8c56b045d8997187edae4797c9c25,0.0025974025974025974,10000,278,10440000,outputs.mapping/bams.cds.rand/SRR17241609.x.s__JAFBIX01 sp021531895.fastq.gz,SRR17241609.x.s__JAFBIX01 sp021531895,61c7fd37,20970000,51,DNA,10000,2097,True,0.860737291103817,0.8898251809431468,0.8752812360234818,0.8898251809431468,True,2,16071,18966,d__Bacteria;p__Bacteroidota;c__Bacteroidia;o__Bacteroidales;f__F082;g__Limimorpha;s__Limimorpha sp017645275
10000,0.0004768717215069146,0.0045871559633027525,0.0004768717215069146,0.0011072445428661815,21.0,21.0,0.0,/group/ctbrowngrp5/sourmash-db.new/gtdb-rs226/gtdb-rs226-k51.dna.rocksdb,GCA_034104445.1 Faecousia sp.,04a79d15329f61759efc8f3e5e3fc482,0.0045871559633027525,10000,279,10430000,outputs.mapping/bams.cds.rand/SRR17241609.x.s__JAFBIX01 sp021531895.fastq.gz,SRR17241609.x.s__JAFBIX01 sp021531895,61c7fd37,20970000,51,DNA,10000,2097,True,0.860737291103817,0.8998039843327351,0.8802706377182761,0.8998039843327351,True,21,16092,18966,d__Bacteria;p__Bacillota;c__Clostridia;o__Oscillospirales;f__Oscillospiraceae;g__Faecousia;s__Faecousia sp022781505
10000,0.0004768717215069146,0.010638297872340425,0.0004768717215069146,5.2725930612675314e-05,1.0,1.0,0.0,/group/ctbrowngrp5/sourmash-db.new/gtdb-rs226/gtdb-rs226-k51.dna.rocksdb,GCA_963924845.1 uncultured Alphaproteobacteria bacterium,31efca4a38078cafbadc6926d96653ab,0.010638297872340425,10000,280,10420000,outputs.mapping/bams.cds.rand/SRR17241609.x.s__JAFBIX01 sp021531895.fastq.gz,SRR17241609.x.s__JAFBIX01 sp021531895,61c7fd37,20970000,51,DNA,10000,2097,True,,,,,True,1,16093,18966,d__Bacteria;p__Pseudomonadota;c__Alphaproteobacteria;o__Puniceispirillales;f__Marisalimonadaceae;g__CAJJBL01;s__CAJJBL01 sp027625145
10000,0.0004768717215069146,0.0030303030303030303,0.0004768717215069146,5.2725930612675314e-05,1.0,1.0,0.0,/group/ctbrowngrp5/sourmash-db.new/gtdb-rs226/gtdb-rs226-k51.dna.rocksdb,GCA_022766945.1 Fusicatenibacter sp.,dc2c0cc596c1b991100a1abe313a6a97,0.0030303030303030303,10000,281,10410000,outputs.mapping/bams.cds.rand/SRR17241609.x.s__JAFBIX01 sp021531895.fastq.gz,SRR17241609.x.s__JAFBIX01 sp021531895,61c7fd37,20970000,51,DNA,10000,2097,True,0.860737291103817,0.8925188018005276,0.8766280464521723,0.8925188018005276,True,1,16094,18966,d__Bacteria;p__Bacillota;c__Clostridia;o__Lachnospirales;f__Lachnospiraceae;g__Fusicatenibacter;s__Fusicatenibacter sp022766945
20000,0.0009537434430138292,0.0043859649122807015,0.0004768717215069146,0.00021090372245070126,4.0,4.0,0.0,/group/ctbrowngrp5/sourmash-db.new/gtdb-rs226/gtdb-rs226-k51.dna.rocksdb,GCA_034084205.1 Faecousia sp.,a43c1cf04a949493e52e65d809412c9e,0.008771929824561403,10000,282,10400000,outputs.mapping/bams.cds.rand/SRR17241609.x.s__JAFBIX01 sp021531895.fastq.gz,SRR17241609.x.s__JAFBIX01 sp021531895,61c7fd37,20970000,51,DNA,10000,2097,True,0.8725155343993001,0.911315028588222,0.891915281493761,0.911315028588222,True,4,16098,18966,d__Bacteria;p__Bacillota;c__Clostridia;o__Oscillospirales;f__Oscillospiraceae;g__Faecousia;s__Faecousia sp017622995
20000,0.0009537434430138292,0.0031645569620253164,0.0004768717215069146,5.2725930612675314e-05,1.0,1.0,0.0,/group/ctbrowngrp5/sourmash-db.new/gtdb-rs226/gtdb-rs226-k51.dna.rocksdb,GCA_018374955.1 Clostridium sp.,a55fbd249d232d1844367a4fcee90b5c,0.006329113924050633,10000,283,10390000,outputs.mapping/bams.cds.rand/SRR17241609.x.s__JAFBIX01 sp021531895.fastq.gz,SRR17241609.x.s__JAFBIX01 sp021531895,61c7fd37,20970000,51,DNA,10000,2097,True,0.8725155343993001,0.9055012970243063,0.8890084157118032,0.9055012970243063,True,1,16099,18966,d__Bacteria;p__Bacillota;c__Clostridia;o__Lachnospirales;f__Lachnospiraceae;g__Enterocloster;s__Enterocloster sp900541315
10000,0.0004768717215069146,0.0041841004184100415,0.0004768717215069146,5.2725930612675314e-05,1.0,1.0,0.0,/group/ctbrowngrp5/sourmash-db.new/gtdb-rs226/gtdb-rs226-k51.dna.rocksdb,GCA_944375985.1 Candidatus Ruminococcus intestinipullorum,32a58086e7e220eb9c049339700495cb,0.0041841004184100415,10000,284,10380000,outputs.mapping/bams.cds.rand/SRR17241609.x.s__JAFBIX01 sp021531895.fastq.gz,SRR17241609.x.s__JAFBIX01 sp021531895,61c7fd37,20970000,51,DNA,10000,2097,True,0.860737291103817,0.8981828266298771,0.8794600588668471,0.8981828266298771,True,1,16100,18966,d__Bacteria;p__Bacillota;c__Clostridia;o__Lachnospirales;f__Lachnospiraceae;g__Ruminococcus_B;s__Ruminococcus_B intestinipullorum
20000,0.0009537434430138292,0.0016474464579901153,0.0004768717215069146,0.0002636296530633766,5.0,5.0,0.0,/group/ctbrowngrp5/sourmash-db.new/gtdb-rs226/gtdb-rs226-k51.dna.rocksdb,GCA_947644555.1 uncultured Lachnoclostridium sp.,6aca37fb9f58d7d786afdea1e794dc5a,0.0032948929159802307,10000,285,10370000,outputs.mapping/bams.cds.rand/SRR17241609.x.s__JAFBIX01 sp021531895.fastq.gz,SRR17241609.x.s__JAFBIX01 sp021531895,61c7fd37,20970000,51,DNA,10000,2097,True,0.8725155343993001,0.8939849788882291,0.8832502566437646,0.8939849788882291,True,5,16105,18966,d__Bacteria;p__Bacillota;c__Clostridia;o__Lachnospirales;f__Lachnospiraceae;g__Enterocloster;s__Enterocloster bolteae
10000,0.0004768717215069146,0.003484320557491289,0.0004768717215069146,0.00010545186122535063,2.0,2.0,0.0,/group/ctbrowngrp5/sourmash-db.new/gtdb-rs226/gtdb-rs226-k51.dna.rocksdb,GCA_945830505.1 uncultured Clostridia bacterium,15e12f3e219cd71609bbc435637dc6c0,0.003484320557491289,10000,286,10360000,outputs.mapping/bams.cds.rand/SRR17241609.x.s__JAFBIX01 sp021531895.fastq.gz,SRR17241609.x.s__JAFBIX01 sp021531895,61c7fd37,20970000,51,DNA,10000,2097,True,0.860737291103817,0.8949653831278861,0.8778513371158516,0.8949653831278861,True,2,16107,18966,d__Bacteria;p__Bacillota;c__Clostridia;o__Oscillospirales;f__Oscillospiraceae;g__Faecousia;s__Faecousia sp945875335
10000,0.0004768717215069146,0.00392156862745098,0.0004768717215069146,0.00010545186122535063,2.0,2.0,0.0,/group/ctbrowngrp5/sourmash-db.new/gtdb-rs226/gtdb-rs226-k51.dna.rocksdb,GCA_034100885.1 Lachnospiraceae bacterium,48bb0923e6d7bb2ea8421857ab060428,0.00392156862745098,10000,287,10350000,outputs.mapping/bams.cds.rand/SRR17241609.x.s__JAFBIX01 sp021531895.fastq.gz,SRR17241609.x.s__JAFBIX01 sp021531895,61c7fd37,20970000,51,DNA,10000,2097,True,0.860737291103817,0.8970423309200757,0.8788898110119463,0.8970423309200757,True,2,16109,18966,d__Bacteria;p__Bacillota;c__Clostridia;o__Lachnospirales;f__Lachnospiraceae;g__W0P33-017;s__W0P33-017 sp022768825
10000,0.0004768717215069146,0.004310344827586207,0.0004768717215069146,5.2725930612675314e-05,1.0,1.0,0.0,/group/ctbrowngrp5/sourmash-db.new/gtdb-rs226/gtdb-rs226-k51.dna.rocksdb,GCA_902766785.1 Oscillospiraceae bacterium,4dff4eaf37e43f42edf16a67b4a0d0e2,0.004310344827586207,10000,288,10340000,outputs.mapping/bams.cds.rand/SRR17241609.x.s__JAFBIX01 sp021531895.fastq.gz,SRR17241609.x.s__JAFBIX01 sp021531895,61c7fd37,20970000,51,DNA,10000,2097,True,0.860737291103817,0.8987064997133993,0.8797218954086081,0.8987064997133993,True,1,16110,18966,d__Bacteria;p__Bacillota;c__Clostridia;o__Oscillospirales;f__Ruminococcaceae;g__Metaruminococcus_A;s__Metaruminococcus_A sp902766785
10000,0.0004768717215069146,0.004608294930875576,0.0004768717215069146,0.00010545186122535063,2.0,2.0,0.0,/group/ctbrowngrp5/sourmash-db.new/gtdb-rs226/gtdb-rs226-k51.dna.rocksdb,GCA_945827825.1 uncultured Lachnospiraceae bacterium,a614c54ce23146edddd783cc4de0fa48,0.004608294930875576,10000,289,10330000,outputs.mapping/bams.cds.rand/SRR17241609.x.s__JAFBIX01 sp021531895.fastq.gz,SRR17241609.x.s__JAFBIX01 sp021531895,61c7fd37,20970000,51,DNA,10000,2097,True,0.860737291103817,0.8998851063638268,0.8803111987338219,0.8998851063638268,True,2,16112,18966,d__Bacteria;p__Bacillota;c__Clostridia;o__Lachnospirales;f__Lachnospiraceae;g__CALZKI01;s__CALZKI01 sp945787995
10000,0.0004768717215069146,0.003663003663003663,0.0004768717215069146,5.2725930612675314e-05,1.0,1.0,0.0,/group/ctbrowngrp5/sourmash-db.new/gtdb-rs226/gtdb-rs226-k51.dna.rocksdb,GCA_959601325.1 uncultured Clostridium sp.,e842fb48355d7554972c0e6c54c28602,0.003663003663003663,10000,290,10320000,outputs.mapping/bams.cds.rand/SRR17241609.x.s__JAFBIX01 sp021531895.fastq.gz,SRR17241609.x.s__JAFBIX01 sp021531895,61c7fd37,20970000,51,DNA,10000,2097,True,0.860737291103817,0.8958434134603346,0.8782903522820757,0.8958434134603346,True,1,16113,18966,d__Bacteria;p__Bacillota;c__Clostridia;o__Lachnospirales;f__Lachnospiraceae;g__Jutongia;s__Jutongia huaianensis
10000,0.0004768717215069146,0.0045045045045045045,0.0004768717215069146,5.2725930612675314e-05,1.0,1.0,0.0,/group/ctbrowngrp5/sourmash-db.new/gtdb-rs226/gtdb-rs226-k51.dna.rocksdb,GCA_022778785.1 Dysosmobacter sp.,66d6dd948f0009ed6311bdc000800933,0.0045045045045045045,10000,291,10310000,outputs.mapping/bams.cds.rand/SRR17241609.x.s__JAFBIX01 sp021531895.fastq.gz,SRR17241609.x.s__JAFBIX01 sp021531895,61c7fd37,20970000,51,DNA,10000,2097,True,0.860737291103817,0.8994832469384727,0.8801102690211449,0.8994832469384727,True,1,16114,18966,d__Bacteria;p__Bacillota;c__Clostridia;o__Oscillospirales;f__Oscillospiraceae;g__Oscillibacter;s__Oscillibacter sp022778785
10000,0.0004768717215069146,0.0045045045045045045,0.0004768717215069146,0.00015817779183802593,3.0,3.0,0.0,/group/ctbrowngrp5/sourmash-db.new/gtdb-rs226/gtdb-rs226-k51.dna.rocksdb,GCA_934591805.1 uncultured Oscillospiraceae bacterium,8debc5a8d30bd9b70d3e293504c7defe,0.0045045045045045045,10000,292,10300000,outputs.mapping/bams.cds.rand/SRR17241609.x.s__JAFBIX01 sp021531895.fastq.gz,SRR17241609.x.s__JAFBIX01 sp021531895,61c7fd37,20970000,51,DNA,10000,2097,True,0.860737291103817,0.8994832469384727,0.8801102690211449,0.8994832469384727,True,3,16117,18966,d__Bacteria;p__Bacillota;c__Clostridia;o__Oscillospirales;f__Oscillospiraceae;g__Limivicinus;s__Limivicinus sp900546515
20000,0.0009537434430138292,0.0032679738562091504,0.0004768717215069146,0.00021090372245070126,4.0,4.0,0.0,/group/ctbrowngrp5/sourmash-db.new/gtdb-rs226/gtdb-rs226-k51.dna.rocksdb,GCF_022786255.1 Blautia massiliensis (ex Durand et al. 2017),3dc72b0ac99fffc0397410b696f314e5,0.006535947712418301,10000,293,10290000,outputs.mapping/bams.cds.rand/SRR17241609.x.s__JAFBIX01 sp021531895.fastq.gz,SRR17241609.x.s__JAFBIX01 sp021531895,61c7fd37,20970000,51,DNA,10000,2097,True,0.8725155343993001,0.9060724242444924,0.8892939793218962,0.9060724242444924,True,4,16121,18966,d__Bacteria;p__Bacillota;c__Clostridia;o__Lachnospirales;f__Lachnospiraceae;g__Blautia_A;s__Blautia_A fusiformis
80000,0.003814973772055317,0.0020833333333333333,0.0004768717215069146,0.00010545186122535063,2.0,2.0,0.0,/group/ctbrowngrp5/sourmash-db.new/gtdb-rs226/gtdb-rs226-k51.dna.rocksdb,GCF_020554865.1 Lacrimispora sp. 210928-DFI.3.58,4213eb657fed6750e864452b8c115f42,0.016666666666666666,10000,294,10280000,outputs.mapping/bams.cds.rand/SRR17241609.x.s__JAFBIX01 sp021531895.fastq.gz,SRR17241609.x.s__JAFBIX01 sp021531895,61c7fd37,20970000,51,DNA,10000,2097,True,0.8965577433777482,0.9228567417234186,0.9097072425505834,0.9228567417234186,False,2,16123,18966,d__Bacteria;p__Bacillota;c__Clostridia;o__Lachnospirales;f__Lachnospiraceae;g__Enterocloster;s__Enterocloster sp900753815
40000,0.0019074868860276585,0.0049261083743842365,0.0004768717215069146,5.2725930612675314e-05,1.0,1.0,0.0,/group/ctbrowngrp5/sourmash-db.new/gtdb-rs226/gtdb-rs226-k51.dna.rocksdb,GCA_016292845.1 Frisingicoccus sp.,fcc0be053132ed42c72590659ad5c777,0.019704433497536946,10000,295,10270000,outputs.mapping/bams.cds.rand/SRR17241609.x.s__JAFBIX01 sp021531895.fastq.gz,SRR17241609.x.s__JAFBIX01 sp021531895,61c7fd37,20970000,51,DNA,10000,2097,True,0.8844549500020148,0.9258914581582652,0.90517320408014,0.9258914581582652,True,1,16124,18966,d__Bacteria;p__Bacillota;c__Clostridia;o__Lachnospirales;f__Lachnospiraceae;g__Frisingicoccus;s__Frisingicoccus sp016298055
20000,0.0009537434430138292,0.003076923076923077,0.0004768717215069146,5.2725930612675314e-05,1.0,1.0,0.0,/group/ctbrowngrp5/sourmash-db.new/gtdb-rs226/gtdb-rs226-k51.dna.rocksdb,GCA_029012605.1 Blautia sp.,937fbe9aaf9bb4887c631df99fb3ffe0,0.006153846153846154,10000,296,10260000,outputs.mapping/bams.cds.rand/SRR17241609.x.s__JAFBIX01 sp021531895.fastq.gz,SRR17241609.x.s__JAFBIX01 sp021531895,61c7fd37,20970000,51,DNA,10000,2097,True,0.8725155343993001,0.905002823207321,0.8887591788033105,0.905002823207321,True,1,16125,18966,d__Bacteria;p__Bacillota;c__Clostridia;o__Lachnospirales;f__Lachnospiraceae;g__Limivivens;s__Limivivens sp900066135
10000,0.0004768717215069146,0.007142857142857143,0.0004768717215069146,5.2725930612675314e-05,1.0,1.0,0.0,/group/ctbrowngrp5/sourmash-db.new/gtdb-rs226/gtdb-rs226-k51.dna.rocksdb,GCF_040428365.1 Lactobacillus iners ATCC 55195,cbedccfa089efb919957b359b667fda7,0.007142857142857143,10000,297,10250000,outputs.mapping/bams.cds.rand/SRR17241609.x.s__JAFBIX01 sp021531895.fastq.gz,SRR17241609.x.s__JAFBIX01 sp021531895,61c7fd37,20970000,51,DNA,10000,2097,True,0.860737291103817,0.9076513503870351,0.8841943207454261,0.9076513503870351,True,1,16126,18966,d__Bacteria;p__Bacillota;c__Bacilli;o__Lactobacillales;f__Lactobacillaceae;g__Lactobacillus;s__Lactobacillus iners
20000,0.0009537434430138292,0.003401360544217687,0.0004768717215069146,5.2725930612675314e-05,1.0,1.0,0.0,/group/ctbrowngrp5/sourmash-db.new/gtdb-rs226/gtdb-rs226-k51.dna.rocksdb,GCA_034089925.1 Fusicatenibacter sp.,f8929db958c495b87205be7ba0ed81b8,0.006802721088435374,10000,298,10240000,outputs.mapping/bams.cds.rand/SRR17241609.x.s__JAFBIX01 sp021531895.fastq.gz,SRR17241609.x.s__JAFBIX01 sp021531895,61c7fd37,20970000,51,DNA,10000,2097,True,0.8725155343993001,0.906783442890104,0.8896494886447021,0.906783442890104,True,1,16127,18966,d__Bacteria;p__Bacillota;c__Clostridia;o__Lachnospirales;f__Lachnospiraceae;g__Fusicatenibacter;s__Fusicatenibacter sp028727605
10000,0.0004768717215069146,0.006666666666666667,0.0004768717215069146,5.2725930612675314e-05,1.0,1.0,0.0,/group/ctbrowngrp5/sourmash-db.new/gtdb-rs226/gtdb-rs226-k51.dna.rocksdb,GCA_934182465.1 uncultured Clostridia bacterium,8ed994ca515775e1840737e77754646a,0.006666666666666667,10000,299,10230000,outputs.mapping/bams.cds.rand/SRR17241609.x.s__JAFBIX01 sp021531895.fastq.gz,SRR17241609.x.s__JAFBIX01 sp021531895,61c7fd37,20970000,51,DNA,10000,2097,True,0.860737291103817,0.9064243085270774,0.8835807998154472,0.9064243085270774,True,1,16128,18966,d__Bacteria;p__Bacillota;c__Clostridia;o__TANB77;f__CAG-508;g__Scatovivens;s__Scatovivens sp934182465
10000,0.0004768717215069146,0.003194888178913738,0.0004768717215069146,5.2725930612675314e-05,1.0,1.0,0.0,/group/ctbrowngrp5/sourmash-db.new/gtdb-rs226/gtdb-rs226-k51.dna.rocksdb,GCF_009696265.1 Desulfovibrio porci,86c13f2e41446de24fd323f85b127377,0.003194888178913738,10000,300,10220000,outputs.mapping/bams.cds.rand/SRR17241609.x.s__JAFBIX01 sp021531895.fastq.gz,SRR17241609.x.s__JAFBIX01 sp021531895,61c7fd37,20970000,51,DNA,10000,2097,True,0.860737291103817,0.8934448670217007,0.8770910790627588,0.8934448670217007,True,1,16129,18966,d__Bacteria;p__Desulfobacterota_I;c__Desulfovibrionia;o__Desulfovibrionales;f__Desulfovibrionaceae;g__Desulfovibrio;s__Desulfovibrio porci
70000,0.0033381020505484026,0.004201680672268907,0.0004768717215069146,0.0011072445428661815,21.0,21.0,0.0,/group/ctbrowngrp5/sourmash-db.new/gtdb-rs226/gtdb-rs226-k51.dna.rocksdb,GCF_016298055.1 Frisingicoccus sp.,93f52de340650de3f276f1f646267a5d,0.029411764705882353,10000,301,10210000,outputs.mapping/bams.cds.rand/SRR17241609.x.s__JAFBIX01 sp021531895.fastq.gz,SRR17241609.x.s__JAFBIX01 sp021531895,61c7fd37,20970000,51,DNA,10000,2097,True,0.894213390174518,0.9331919883470096,0.9137026892607638,0.9331919883470096,False,21,16150,18966,d__Bacteria;p__Bacillota;c__Clostridia;o__Lachnospirales;f__Lachnospiraceae;g__Frisingicoccus;s__Frisingicoccus sp016298055
10000,0.0004768717215069146,0.0035971223021582736,0.0004768717215069146,5.2725930612675314e-05,1.0,1.0,0.0,/group/ctbrowngrp5/sourmash-db.new/gtdb-rs226/gtdb-rs226-k51.dna.rocksdb,GCA_963620595.1 Anaerotignum sp.,6f8a070ec9c98723f0a9d14526a287fb,0.0035971223021582736,10000,302,10200000,outputs.mapping/bams.cds.rand/SRR17241609.x.s__JAFBIX01 sp021531895.fastq.gz,SRR17241609.x.s__JAFBIX01 sp021531895,61c7fd37,20970000,51,DNA,10000,2097,True,0.860737291103817,0.895524667288616,0.8781309791962165,0.895524667288616,True,1,16151,18966,d__Bacteria;p__Bacillota;c__Clostridia;o__Oscillospirales;f__Butyricicoccaceae;g__Butyricicoccus_A;s__Butyricicoccus_A sp963620595
30000,0.001430615164520744,0.003076923076923077,0.0004768717215069146,5.2725930612675314e-05,1.0,1.0,0.0,/group/ctbrowngrp5/sourmash-db.new/gtdb-rs226/gtdb-rs226-k51.dna.rocksdb,GCA_018374355.1 Clostridiales bacterium,21538bd8c67e7a4ae7b174a559785f3d,0.009230769230769232,10000,303,10190000,outputs.mapping/bams.cds.rand/SRR17241609.x.s__JAFBIX01 sp021531895.fastq.gz,SRR17241609.x.s__JAFBIX01 sp021531895,61c7fd37,20970000,51,DNA,10000,2097,True,0.8794799392269247,0.912226541046681,0.8958532401368029,0.912226541046681,True,1,16152,18966,d__Bacteria;p__Bacillota;c__Clostridia;o__Lachnospirales;f__Lachnospiraceae;g__Oliverpabstia;s__Oliverpabstia sp018374355
10000,0.0004768717215069146,0.004484304932735426,0.0004768717215069146,0.0002636296530633766,5.0,5.0,0.0,/group/ctbrowngrp5/sourmash-db.new/gtdb-rs226/gtdb-rs226-k51.dna.rocksdb,GCA_029219385.1 Prevotellaceae bacterium,a3281009c02ac51d15ea61cad4f839e0,0.004484304932735426,10000,304,10180000,outputs.mapping/bams.cds.rand/SRR17241609.x.s__JAFBIX01 sp021531895.fastq.gz,SRR17241609.x.s__JAFBIX01 sp021531895,61c7fd37,20970000,51,DNA,10000,2097,True,0.860737291103817,0.8994039832126721,0.8800706371582445,0.8994039832126721,True,5,16157,18966,d__Bacteria;p__Bacteroidota;c__Bacteroidia;o__Bacteroidales;f__Bacteroidaceae;g__UBA6382;s__UBA6382 sp029219385
10000,0.0004768717215069146,0.004098360655737705,0.0004768717215069146,0.00010545186122535063,2.0,2.0,0.0,/group/ctbrowngrp5/sourmash-db.new/gtdb-rs226/gtdb-rs226-k51.dna.rocksdb,GCA_946059765.1 uncultured Lachnospiraceae bacterium,d4b25c554d135fff49ff50ecc014cd4a,0.004098360655737705,10000,305,10170000,outputs.mapping/bams.cds.rand/SRR17241609.x.s__JAFBIX01 sp021531895.fastq.gz,SRR17241609.x.s__JAFBIX01 sp021531895,61c7fd37,20970000,51,DNA,10000,2097,True,0.860737291103817,0.8978182617731918,0.8792777764385045,0.8978182617731918,True,2,16159,18966,d__Bacteria;p__Bacillota;c__Clostridia;o__Lachnospirales;f__Lachnospiraceae;g__Acetatifactor;s__Acetatifactor sp945485625
10000,0.0004768717215069146,0.0043859649122807015,0.0004768717215069146,0.00021090372245070126,4.0,4.0,0.0,/group/ctbrowngrp5/sourmash-db.new/gtdb-rs226/gtdb-rs226-k51.dna.rocksdb,GCA_902802515.1 uncultured Lachnospiraceae bacterium,ba67ce117a77759cb10862507a360c66,0.0043859649122807015,10000,306,10160000,outputs.mapping/bams.cds.rand/SRR17241609.x.s__JAFBIX01 sp021531895.fastq.gz,SRR17241609.x.s__JAFBIX01 sp021531895,61c7fd37,20970000,51,DNA,10000,2097,True,0.860737291103817,0.8990130239792933,0.8798751575415551,0.8990130239792933,True,4,16163,18966,d__Bacteria;p__Bacillota;c__Clostridia;o__Lachnospirales;f__Lachnospiraceae;g__Merdiplasma;s__Merdiplasma sp902802515
10000,0.0004768717215069146,0.004273504273504274,0.0004768717215069146,5.2725930612675314e-05,1.0,1.0,0.0,/group/ctbrowngrp5/sourmash-db.new/gtdb-rs226/gtdb-rs226-k51.dna.rocksdb,GCA_024690485.1 Butyrivibrio sp.,d039a85312d018484a4e28f4798109e4,0.004273504273504274,10000,307,10150000,outputs.mapping/bams.cds.rand/SRR17241609.x.s__JAFBIX01 sp021531895.fastq.gz,SRR17241609.x.s__JAFBIX01 sp021531895,61c7fd37,20970000,51,DNA,10000,2097,True,0.860737291103817,0.8985552523193859,0.8796462717116015,0.8985552523193859,True,1,16164,18966,d__Bacteria;p__Bacillota;c__Clostridia;o__Lachnospirales;f__Lachnospiraceae;g__Butyrivibrio;s__Butyrivibrio sp024690485
10000,0.0004768717215069146,0.0030303030303030303,0.0004768717215069146,0.00015817779183802593,3.0,3.0,0.0,/group/ctbrowngrp5/sourmash-db.new/gtdb-rs226/gtdb-rs226-k51.dna.rocksdb,GCA_029225065.1 Lachnospiraceae bacterium,0e56a4c758aac75397f1423f91bec0f5,0.0030303030303030303,10000,308,10140000,outputs.mapping/bams.cds.rand/SRR17241609.x.s__JAFBIX01 sp021531895.fastq.gz,SRR17241609.x.s__JAFBIX01 sp021531895,61c7fd37,20970000,51,DNA,10000,2097,True,0.860737291103817,0.8925188018005276,0.8766280464521723,0.8925188018005276,True,3,16167,18966,d__Bacteria;p__Bacillota;c__Clostridia;o__Lachnospirales;f__Lachnospiraceae;g__Choladousia;s__Choladousia sp029225065
10000,0.0004768717215069146,0.003194888178913738,0.0004768717215069146,0.00010545186122535063,2.0,2.0,0.0,/group/ctbrowngrp5/sourmash-db.new/gtdb-rs226/gtdb-rs226-k51.dna.rocksdb,GCA_937921515.1 uncultured Eubacteriaceae bacterium,8f6d6d1f4d5784abd15a88e00cf3c36f,0.003194888178913738,10000,309,10130000,outputs.mapping/bams.cds.rand/SRR17241609.x.s__JAFBIX01 sp021531895.fastq.gz,SRR17241609.x.s__JAFBIX01 sp021531895,61c7fd37,20970000,51,DNA,10000,2097,True,0.860737291103817,0.8934448670217007,0.8770910790627588,0.8934448670217007,True,2,16169,18966,d__Bacteria;p__Bacillota;c__Clostridia;o__Lachnospirales;f__Lachnospiraceae;g__Anaerobutyricum;s__Anaerobutyricum stercoris
10000,0.0004768717215069146,0.002617801047120419,0.0004768717215069146,5.2725930612675314e-05,1.0,1.0,0.0,/group/ctbrowngrp5/sourmash-db.new/gtdb-rs226/gtdb-rs226-k51.dna.rocksdb,GCA_025929235.1 Chloroflexota bacterium,27281073721fc5be6f37136721e1f5a2,0.002617801047120419,10000,310,10120000,outputs.mapping/bams.cds.rand/SRR17241609.x.s__JAFBIX01 sp021531895.fastq.gz,SRR17241609.x.s__JAFBIX01 sp021531895,61c7fd37,20970000,51,DNA,10000,2097,True,0.860737291103817,0.8899616788289088,0.8753494849663629,0.8899616788289088,True,1,16170,18966,d__Bacteria;p__Chloroflexota;c__UBA5177;o__UBA5177;f__UBA5177;g__JAICWV01;s__JAICWV01 sp025966365
