intersect_bp,f_orig_query,f_match,f_unique_to_query,f_unique_weighted,average_abund,median_abund,std_abund,filename,name,md5,f_match_orig,unique_intersect_bp,gather_result_rank,remaining_bp,query_filename,query_name,query_md5,query_bp,ksize,moltype,scaled,query_n_hashes,query_abundance,query_containment_ani,match_containment_ani,average_containment_ani,max_containment_ani,potential_false_negative,n_unique_weighted_found,sum_weighted_found,total_weighted_hashes,lineage
1630000,0.05988243938280676,0.5948905109489051,0.05988243938280676,0.09849137931034482,16.822085889570552,7.0,39.45906012975868,/group/ctbrowngrp5/sourmash-db.new/gtdb-rs226/gtdb-rs226-k51.dna.rocksdb,GCA_034104765.1 Bariatricus sp.,5fb309ac99bb26cd210eba81e4539c8d,0.5948905109489051,1630000,0,25590000,outputs.mapping/bams.cds.rand/SRR18048904.x.s__Bariatricus sp004560705.fastq.gz,SRR18048904.x.s__Bariatricus sp004560705,e3a1ed76,27220000,51,DNA,10000,2722,True,0.9462926787549852,0.9898677996259108,0.9680802391904479,0.9898677996259108,False,2742,2742,27840,d__Bacteria;p__Bacillota;c__Clostridia;o__Lachnospirales;f__Lachnospiraceae;g__Bariatricus;s__Bariatricus sp004560705
440000,0.016164584864070537,0.11549295774647887,0.015062454077883909,0.0891882183908046,60.5609756097561,57.0,51.33251182028689,/group/ctbrowngrp5/sourmash-db.new/gtdb-rs226/gtdb-rs226-k51.dna.rocksdb,GCF_034103665.1 Blautia sp.,feb8d436083d4d3ce1ba8a5398c30a0c,0.12394366197183099,410000,1,25180000,outputs.mapping/bams.cds.rand/SRR18048904.x.s__Bariatricus sp004560705.fastq.gz,SRR18048904.x.s__Bariatricus sp004560705,e3a1ed76,27220000,51,DNA,10000,2722,True,0.922303411005734,0.9598869443512587,0.9410951776784964,0.9598869443512587,False,2483,5225,27840,d__Bacteria;p__Bacillota;c__Clostridia;o__Lachnospirales;f__Lachnospiraceae;g__Blautia_A;s__Blautia_A sp018919065
480000,0.01763409257898604,0.08436724565756824,0.012490815576781777,0.06591235632183907,53.970588235294116,54.0,45.50661574018186,/group/ctbrowngrp5/sourmash-db.new/gtdb-rs226/gtdb-rs226-k51.dna.rocksdb,GCA_022782205.1 Lachnospiraceae bacterium,5d1fe08c84b2c770dab5488addf16ba5,0.11910669975186104,340000,2,24840000,outputs.mapping/bams.cds.rand/SRR18048904.x.s__Bariatricus sp004560705.fastq.gz,SRR18048904.x.s__Bariatricus sp004560705,e3a1ed76,27220000,51,DNA,10000,2722,True,0.9238783009465623,0.9591380092396082,0.9415081550930853,0.9591380092396082,False,1835,7060,27840,d__Bacteria;p__Bacillota;c__Clostridia;o__Lachnospirales;f__Lachnospiraceae;g__Oliverpabstia;s__Oliverpabstia sp004556655
1560000,0.05731080088170463,0.11255411255411256,0.009551800146950772,0.006896551724137931,7.384615384615385,6.0,4.883858209030762,/group/ctbrowngrp5/sourmash-db.new/gtdb-rs226/gtdb-rs226-k51.dna.rocksdb,GCA_945829055.1 uncultured bacterium,d1ff92fc097a416645f4b64ba1a58b7b,0.6753246753246753,260000,3,24580000,outputs.mapping/bams.cds.rand/SRR18048904.x.s__Bariatricus sp004560705.fastq.gz,SRR18048904.x.s__Bariatricus sp004560705,e3a1ed76,27220000,51,DNA,10000,2722,True,0.9454785829824085,0.992332259961693,0.9689054214720507,0.992332259961693,False,192,7252,27840,d__Bacteria;p__Bacillota;c__Clostridia;o__Lachnospirales;f__Lachnospiraceae;g__Bariatricus;s__Bariatricus sp004560705
230000,0.008449669360764144,0.06764705882352941,0.008449669360764144,0.0824353448275862,99.78260869565217,14.0,358.3105231526006,/group/ctbrowngrp5/sourmash-db.new/gtdb-rs226/gtdb-rs226-k51.dna.rocksdb,GCF_020560115.1 Mediterraneibacter sp. 210702-DFI.5.30,527eee5d43b077aabb3019f5ff0fd01e,0.06764705882352941,230000,4,24350000,outputs.mapping/bams.cds.rand/SRR18048904.x.s__Bariatricus sp004560705.fastq.gz,SRR18048904.x.s__Bariatricus sp004560705,e3a1ed76,27220000,51,DNA,10000,2722,True,0.9106464487993036,0.9485575918466798,0.9296020203229917,0.9485575918466798,False,2295,9547,27840,d__Bacteria;p__Bacillota;c__Clostridia;o__Lachnospirales;f__Lachnospiraceae;g__Mediterraneibacter;s__Mediterraneibacter faecis
360000,0.01322556943423953,0.03694581280788178,0.005510653930933138,0.011314655172413793,21.0,13.0,22.16303228351211,/group/ctbrowngrp5/sourmash-db.new/gtdb-rs226/gtdb-rs226-k51.dna.rocksdb,GCA_004562915.1 bacterium,d96ecbfc025f2a4a4d374ec049847024,0.08866995073891626,150000,5,24200000,outputs.mapping/bams.cds.rand/SRR18048904.x.s__Bariatricus sp004560705.fastq.gz,SRR18048904.x.s__Bariatricus sp004560705,e3a1ed76,27220000,51,DNA,10000,2722,True,0.9186815359761468,0.9536042238043817,0.9361428798902642,0.9536042238043817,False,315,9862,27840,d__Bacteria;p__Bacillota;c__Clostridia;o__Lachnospirales;f__Lachnospiraceae;g__Oliverpabstia;s__Oliverpabstia sp004562915
1590000,0.05841293166789126,0.04868913857677903,0.004775900073475386,0.019504310344827587,41.76923076923077,12.0,46.24708530716594,/group/ctbrowngrp5/sourmash-db.new/gtdb-rs226/gtdb-rs226-k51.dna.rocksdb,GCA_034089445.1 Bariatricus sp.,9d20418ff58b4b6be00dd7d677cf98ec,0.5955056179775281,130000,6,24070000,outputs.mapping/bams.cds.rand/SRR18048904.x.s__Bariatricus sp004560705.fastq.gz,SRR18048904.x.s__Bariatricus sp004560705,e3a1ed76,27220000,51,DNA,10000,2722,True,0.9458317795325701,0.9898878582268837,0.9678598188797269,0.9898878582268837,False,543,10405,27840,d__Bacteria;p__Bacillota;c__Clostridia;o__Lachnospirales;f__Lachnospiraceae;g__Bariatricus;s__Bariatricus sp004560705
150000,0.005510653930933138,0.03170028818443804,0.004041146216017634,0.012679597701149426,32.09090909090909,5.0,45.852440294838566,/group/ctbrowngrp5/sourmash-db.new/gtdb-rs226/gtdb-rs226-k51.dna.rocksdb,GCF_009696415.1 [Clostridium] scindens,30a14913ada1a03ca22445fe5eaa998a,0.043227665706051875,110000,7,23960000,outputs.mapping/bams.cds.rand/SRR18048904.x.s__Bariatricus sp004560705.fastq.gz,SRR18048904.x.s__Bariatricus sp004560705,e3a1ed76,27220000,51,DNA,10000,2722,True,0.9030459837317095,0.9402649147762411,0.9216554492539752,0.9402649147762411,False,353,10758,27840,d__Bacteria;p__Bacillota;c__Clostridia;o__Lachnospirales;f__Lachnospiraceae;g__Clostridium_AP;s__Clostridium_AP scindens
120000,0.00440852314474651,0.0273224043715847,0.0036737692872887582,0.018354885057471265,51.1,7.5,99.79323624374548,/group/ctbrowngrp5/sourmash-db.new/gtdb-rs226/gtdb-rs226-k51.dna.rocksdb,GCA_019414985.1 Mediterraneibacter gnavus,0d5a113f24aecf13fd3960b6216fdc64,0.03278688524590164,100000,8,23860000,outputs.mapping/bams.cds.rand/SRR18048904.x.s__Bariatricus sp004560705.fastq.gz,SRR18048904.x.s__Bariatricus sp004560705,e3a1ed76,27220000,51,DNA,10000,2722,True,0.8991034603453004,0.9351818761174336,0.917142668231367,0.9351818761174336,False,511,11269,27840,d__Bacteria;p__Bacillota;c__Clostridia;o__Lachnospirales;f__Lachnospiraceae;g__Ruminococcus_B;s__Ruminococcus_B gnavus
100000,0.0036737692872887582,0.043859649122807015,0.0036737692872887582,0.028448275862068967,79.2,42.5,96.27439950474893,/group/ctbrowngrp5/sourmash-db.new/gtdb-rs226/gtdb-rs226-k51.dna.rocksdb,GCA_945867955.1 uncultured Clostridia bacterium,63ab50c3aef8bec83975bc071f715940,0.043859649122807015,100000,9,23760000,outputs.mapping/bams.cds.rand/SRR18048904.x.s__Bariatricus sp004560705.fastq.gz,SRR18048904.x.s__Bariatricus sp004560705,e3a1ed76,27220000,51,DNA,10000,2722,True,0.8958949646712903,0.9405325419797677,0.918213753325529,0.9405325419797677,False,792,12061,27840,d__Bacteria;p__Bacillota;c__Clostridia;o__Oscillospirales;f__Oscillospiraceae;g__Vescimonas;s__Vescimonas sp003487665
100000,0.0036737692872887582,0.039525691699604744,0.0036737692872887582,0.014224137931034483,39.6,23.5,39.595959389816535,/group/ctbrowngrp5/sourmash-db.new/gtdb-rs226/gtdb-rs226-k51.dna.rocksdb,GCF_003435415.1 Faecalicoccus pleomorphus,8c1715b0824d8b3e115ca7dbb1d46701,0.039525691699604744,100000,10,23660000,outputs.mapping/bams.cds.rand/SRR18048904.x.s__Bariatricus sp004560705.fastq.gz,SRR18048904.x.s__Bariatricus sp004560705,e3a1ed76,27220000,51,DNA,10000,2722,True,0.8958949646712903,0.9386157402879649,0.9172553524796276,0.9386157402879649,False,396,12457,27840,d__Bacteria;p__Bacillota;c__Bacilli;o__Erysipelotrichales;f__Erysipelotrichaceae;g__Faecalicoccus;s__Faecalicoccus sp900546545
100000,0.0036737692872887582,0.026627218934911243,0.0033063923585598823,0.00046695402298850574,1.4444444444444444,1.0,0.4969039949999533,/group/ctbrowngrp5/sourmash-db.new/gtdb-rs226/gtdb-rs226-k51.dna.rocksdb,GCF_003435155.1 Sellimonas intestinalis,1fc2cfbcfe8e5e87d507a19a767a07d2,0.029585798816568046,90000,11,23570000,outputs.mapping/bams.cds.rand/SRR18048904.x.s__Bariatricus sp004560705.fastq.gz,SRR18048904.x.s__Bariatricus sp004560705,e3a1ed76,27220000,51,DNA,10000,2722,True,0.8958949646712903,0.9332999470113132,0.9145974558413017,0.9332999470113132,False,13,12470,27840,d__Bacteria;p__Bacillota;c__Clostridia;o__Lachnospirales;f__Lachnospiraceae;g__Sellimonas;s__Sellimonas intestinalis
130000,0.004775900073475386,0.018947368421052633,0.0033063923585598823,0.04001436781609195,123.77777777777777,27.0,234.87385634646893,/group/ctbrowngrp5/sourmash-db.new/gtdb-rs226/gtdb-rs226-k51.dna.rocksdb,GCA_003479915.1 Ruminococcus sp. AM46-18,5cf0001cf5ff85a7a4fe8998694b3669,0.02736842105263158,90000,12,23480000,outputs.mapping/bams.cds.rand/SRR18048904.x.s__Bariatricus sp004560705.fastq.gz,SRR18048904.x.s__Bariatricus sp004560705,e3a1ed76,27220000,51,DNA,10000,2722,True,0.9005156795528535,0.9318753804251964,0.916195529989025,0.9318753804251964,False,1114,13584,27840,d__Bacteria;p__Bacillota;c__Clostridia;o__Lachnospirales;f__Lachnospiraceae;g__Blautia_A;s__Blautia_A wexlerae
150000,0.005510653930933138,0.041474654377880185,0.0033063923585598823,0.005136494252873563,15.88888888888889,13.0,15.444844119528797,/group/ctbrowngrp5/sourmash-db.new/gtdb-rs226/gtdb-rs226-k51.dna.rocksdb,GCA_945876855.1 uncultured Dorea sp.,990b5181692a8507c1e62ac4926eda0e,0.06912442396313365,90000,13,23390000,outputs.mapping/bams.cds.rand/SRR18048904.x.s__Bariatricus sp004560705.fastq.gz,SRR18048904.x.s__Bariatricus sp004560705,e3a1ed76,27220000,51,DNA,10000,2722,True,0.9030459837317095,0.9489594980382419,0.9260027408849757,0.9489594980382419,False,143,13727,27840,d__Bacteria;p__Bacillota;c__Clostridia;o__Lachnospirales;f__Lachnospiraceae;g__JAFBIX01;s__JAFBIX01 sp021531895
80000,0.0029390154298310064,0.02023121387283237,0.002571638501102131,0.00305316091954023,12.142857142857142,6.0,17.257947001131903,/group/ctbrowngrp5/sourmash-db.new/gtdb-rs226/gtdb-rs226-k51.dna.rocksdb,GCA_021771755.1 Lachnospiraceae bacterium,f2a63443a4c73b9fe05252039614e9ef,0.023121387283236993,70000,14,23320000,outputs.mapping/bams.cds.rand/SRR18048904.x.s__Bariatricus sp004560705.fastq.gz,SRR18048904.x.s__Bariatricus sp004560705,e3a1ed76,27220000,51,DNA,10000,2722,True,0.8919836612453153,0.9287992177165868,0.910391439480951,0.9287992177165868,False,85,13812,27840,d__Bacteria;p__Bacillota;c__Clostridia;o__Lachnospirales;f__Lachnospiraceae;g__Blautia_A;s__Blautia_A sp021771755
1440000,0.05290227773695812,0.031818181818181815,0.002571638501102131,0.003663793103448276,14.571428571428571,6.0,21.868811077861178,/group/ctbrowngrp5/sourmash-db.new/gtdb-rs226/gtdb-rs226-k51.dna.rocksdb,GCA_028721665.1 bacterium,b890a7376256dca8d43d4aa6fae852a7,0.6545454545454545,70000,15,23250000,outputs.mapping/bams.cds.rand/SRR18048904.x.s__Bariatricus sp004560705.fastq.gz,SRR18048904.x.s__Bariatricus sp004560705,e3a1ed76,27220000,51,DNA,10000,2722,True,0.9439958514258844,0.9917243500246556,0.9678601007252701,0.9917243500246556,False,102,13914,27840,d__Bacteria;p__Bacillota;c__Clostridia;o__Lachnospirales;f__Lachnospiraceae;g__Bariatricus;s__Bariatricus sp004560705
100000,0.0036737692872887582,0.012684989429175475,0.002204261572373255,0.03081896551724138,143.0,12.0,266.04886769163295,/group/ctbrowngrp5/sourmash-db.new/gtdb-rs226/gtdb-rs226-k51.dna.rocksdb,GCF_039060295.1 Ruminococcus sp. 2227st1_E6_2227SCRN_220401,3b736584ca7d51c5e97ffcc914537695,0.021141649048625793,60000,16,23190000,outputs.mapping/bams.cds.rand/SRR18048904.x.s__Bariatricus sp004560705.fastq.gz,SRR18048904.x.s__Bariatricus sp004560705,e3a1ed76,27220000,51,DNA,10000,2722,True,0.8958949646712903,0.9271704580476597,0.911532711359475,0.9271704580476597,False,858,14772,27840,d__Bacteria;p__Bacillota;c__Clostridia;o__Lachnospirales;f__Lachnospiraceae;g__Blautia_A;s__Blautia_A faecis
270000,0.009919177075679648,0.02054794520547945,0.002204261572373255,0.0025502873563218393,11.833333333333334,9.5,10.05678322769706,/group/ctbrowngrp5/sourmash-db.new/gtdb-rs226/gtdb-rs226-k51.dna.rocksdb,GCA_945871485.1 uncultured Ruminococcus sp.,24e4bb1314c2032bd973179df6293331,0.09246575342465753,60000,17,23130000,outputs.mapping/bams.cds.rand/SRR18048904.x.s__Bariatricus sp004560705.fastq.gz,SRR18048904.x.s__Bariatricus sp004560705,e3a1ed76,27220000,51,DNA,10000,2722,True,0.9135140025247853,0.9543883204958448,0.9339511615103151,0.9543883204958448,False,71,14843,27840,d__Bacteria;p__Bacillota;c__Clostridia;o__Lachnospirales;f__Lachnospiraceae;g__Mediterraneibacter;s__Mediterraneibacter faecis
80000,0.0029390154298310064,0.011787819253438114,0.002204261572373255,0.0011853448275862069,5.5,2.0,5.678908345800274,/group/ctbrowngrp5/sourmash-db.new/gtdb-rs226/gtdb-rs226-k51.dna.rocksdb,GCF_013304225.1 Enterocloster clostridioformis,983898dee12bf2c9824110005ee32f06,0.015717092337917484,60000,18,23070000,outputs.mapping/bams.cds.rand/SRR18048904.x.s__Bariatricus sp004560705.fastq.gz,SRR18048904.x.s__Bariatricus sp004560705,e3a1ed76,27220000,51,DNA,10000,2722,True,0.8919836612453153,0.9217958511612597,0.9068897562032875,0.9217958511612597,False,33,14876,27840,d__Bacteria;p__Bacillota;c__Clostridia;o__Lachnospirales;f__Lachnospiraceae;g__Enterocloster;s__Enterocloster clostridioformis
80000,0.0029390154298310064,0.023076923076923078,0.002204261572373255,0.001867816091954023,8.666666666666666,3.0,9.877021593352703,/group/ctbrowngrp5/sourmash-db.new/gtdb-rs226/gtdb-rs226-k51.dna.rocksdb,GCF_024622585.1 Frisingicoccus caecimuris,da7c6f0e538c95b9be5d88caf015f4fa,0.03076923076923077,60000,19,23010000,outputs.mapping/bams.cds.rand/SRR18048904.x.s__Bariatricus sp004560705.fastq.gz,SRR18048904.x.s__Bariatricus sp004560705,e3a1ed76,27220000,51,DNA,10000,2722,True,0.8919836612453153,0.9340179620747326,0.9130008116600239,0.9340179620747326,False,52,14928,27840,d__Bacteria;p__Bacillota;c__Clostridia;o__Lachnospirales;f__Lachnospiraceae;g__Frisingicoccus;s__Frisingicoccus caecimuris
1300000,0.04775900073475386,0.022321428571428572,0.0018368846436443791,0.017708333333333333,98.6,5.0,189.20528533843867,/group/ctbrowngrp5/sourmash-db.new/gtdb-rs226/gtdb-rs226-k51.dna.rocksdb,GCA_945947505.1 uncultured bacterium,e11b17d6f92655e869f92e5918a7ee33,0.5803571428571429,50000,20,22960000,outputs.mapping/bams.cds.rand/SRR18048904.x.s__Bariatricus sp004560705.fastq.gz,SRR18048904.x.s__Bariatricus sp004560705,e3a1ed76,27220000,51,DNA,10000,2722,True,0.9421045953634495,0.9893878554459168,0.9657462254046831,0.9893878554459168,False,493,15421,27840,d__Bacteria;p__Bacillota;c__Clostridia;o__Lachnospirales;f__Lachnospiraceae;g__Bariatricus;s__Bariatricus sp004560705
120000,0.00440852314474651,0.011086474501108648,0.0018368846436443791,0.007507183908045977,41.8,10.0,46.14065452504982,/group/ctbrowngrp5/sourmash-db.new/gtdb-rs226/gtdb-rs226-k51.dna.rocksdb,GCA_003481625.1 Ruminococcus sp. OM05-7,e8ffff010e3401380c85cd051f07e0d9,0.026607538802660754,50000,21,22910000,outputs.mapping/bams.cds.rand/SRR18048904.x.s__Bariatricus sp004560705.fastq.gz,SRR18048904.x.s__Bariatricus sp004560705,e3a1ed76,27220000,51,DNA,10000,2722,True,0.8991034603453004,0.9313603374569837,0.9152318989011421,0.9313603374569837,False,209,15630,27840,d__Bacteria;p__Bacillota;c__Clostridia;o__Lachnospirales;f__Lachnospiraceae;g__Blautia_A;s__Blautia_A wexlerae
50000,0.0018368846436443791,0.015873015873015872,0.0018368846436443791,0.004022988505747126,22.4,25.0,8.8,/group/ctbrowngrp5/sourmash-db.new/gtdb-rs226/gtdb-rs226-k51.dna.rocksdb,GCA_019422245.1 Prevotella sp.,33522f000c2fba9741d6f14014de7665,0.015873015873015872,50000,22,22860000,outputs.mapping/bams.cds.rand/SRR18048904.x.s__Bariatricus sp004560705.fastq.gz,SRR18048904.x.s__Bariatricus sp004560705,e3a1ed76,27220000,51,DNA,10000,2722,True,0.8838011182638892,0.9219742946423962,0.9028877064531426,0.9219742946423962,True,112,15742,27840,d__Bacteria;p__Bacteroidota;c__Bacteroidia;o__Bacteroidales;f__Bacteroidaceae;g__Prevotella;s__Prevotella sp945863825
80000,0.0029390154298310064,0.013297872340425532,0.0018368846436443791,0.011063218390804598,61.6,40.0,67.57099969661542,/group/ctbrowngrp5/sourmash-db.new/gtdb-rs226/gtdb-rs226-k51.dna.rocksdb,GCF_900638755.1 uncultured Blautia sp.,6aab0f836d1b7491eb38c93205cada20,0.02127659574468085,50000,23,22810000,outputs.mapping/bams.cds.rand/SRR18048904.x.s__Bariatricus sp004560705.fastq.gz,SRR18048904.x.s__Bariatricus sp004560705,e3a1ed76,27220000,51,DNA,10000,2722,True,0.8919836612453153,0.9272861378461615,0.9096348995457384,0.9272861378461615,False,308,16050,27840,d__Bacteria;p__Bacillota;c__Clostridia;o__Lachnospirales;f__Lachnospiraceae;g__Blautia_A;s__Blautia_A fusiformis
50000,0.0018368846436443791,0.03164556962025317,0.0018368846436443791,0.001903735632183908,10.6,5.0,13.951344021276228,/group/ctbrowngrp5/sourmash-db.new/gtdb-rs226/gtdb-rs226-k51.dna.rocksdb,GCA_017850715.1 Eubacterium sp.,1e3dc76f8f9307a21976f135b3d821fa,0.03164556962025317,50000,24,22760000,outputs.mapping/bams.cds.rand/SRR18048904.x.s__Bariatricus sp004560705.fastq.gz,SRR18048904.x.s__Bariatricus sp004560705,e3a1ed76,27220000,51,DNA,10000,2722,True,0.8838011182638892,0.9345324173744832,0.9091667678191862,0.9345324173744832,True,53,16103,27840,d__Bacteria;p__Bacillota;c__Bacilli;o__Erysipelotrichales;f__Erysipelotrichaceae;g__Holdemanella;s__Holdemanella porci
90000,0.0033063923585598823,0.006872852233676976,0.0014695077149155032,0.002262931034482759,15.75,1.5,24.973736204260668,/group/ctbrowngrp5/sourmash-db.new/gtdb-rs226/gtdb-rs226-k51.dna.rocksdb,GCF_001404335.1 Faecalicatena contorta,02779be69eceab00d050ea56978d493a,0.015463917525773196,40000,25,22720000,outputs.mapping/bams.cds.rand/SRR18048904.x.s__Bariatricus sp004560705.fastq.gz,SRR18048904.x.s__Bariatricus sp004560705,e3a1ed76,27220000,51,DNA,10000,2722,True,0.8940460524997923,0.9215023800946508,0.9077742162972215,0.9215023800946508,False,63,16166,27840,d__Bacteria;p__Bacillota;c__Clostridia;o__Lachnospirales;f__Lachnospiraceae;g__Faecalicatena;s__Faecalicatena contortus_B
1380000,0.050698016164584865,0.018691588785046728,0.0014695077149155032,0.0008979885057471264,6.25,5.5,2.277608394786075,/group/ctbrowngrp5/sourmash-db.new/gtdb-rs226/gtdb-rs226-k51.dna.rocksdb,GCA_034113225.1 Bariatricus sp.,f570152722b7d803062f92f85724619d,0.6448598130841121,40000,26,22680000,outputs.mapping/bams.cds.rand/SRR18048904.x.s__Bariatricus sp004560705.fastq.gz,SRR18048904.x.s__Bariatricus sp004560705,e3a1ed76,27220000,51,DNA,10000,2722,True,0.9432084133751165,0.9914344961359762,0.9673214547555464,0.9914344961359762,False,25,16191,27840,d__Bacteria;p__Bacillota;c__Clostridia;o__Lachnospirales;f__Lachnospiraceae;g__Bariatricus;s__Bariatricus sp004560705
180000,0.006612784717119765,0.014760147601476014,0.0014695077149155032,0.0017600574712643678,12.25,9.5,5.673402858955108,/group/ctbrowngrp5/sourmash-db.new/gtdb-rs226/gtdb-rs226-k51.dna.rocksdb,GCA_022782135.1 Lachnospiraceae bacterium,ed16bb5af09b1b5f827e7a4b5dc1e149,0.06642066420664207,40000,27,22640000,outputs.mapping/bams.cds.rand/SRR18048904.x.s__Bariatricus sp004560705.fastq.gz,SRR18048904.x.s__Bariatricus sp004560705,e3a1ed76,27220000,51,DNA,10000,2722,True,0.9062800895660899,0.9482173687890852,0.9272487291775875,0.9482173687890852,False,49,16240,27840,d__Bacteria;p__Bacillota;c__Clostridia;o__Lachnospirales;f__Lachnospiraceae;g__JAFBIX01;s__JAFBIX01 sp021531895
120000,0.00440852314474651,0.008620689655172414,0.0014695077149155032,0.036961206896551725,257.25,28.0,412.98327750648696,/group/ctbrowngrp5/sourmash-db.new/gtdb-rs226/gtdb-rs226-k51.dna.rocksdb,GCA_022715545.1 Lachnospiraceae bacterium,23aa1522ab37eb1e384024807f189b32,0.02586206896551724,40000,28,22600000,outputs.mapping/bams.cds.rand/SRR18048904.x.s__Bariatricus sp004560705.fastq.gz,SRR18048904.x.s__Bariatricus sp004560705,e3a1ed76,27220000,51,DNA,10000,2722,True,0.8991034603453004,0.9308415277984536,0.9149724940718771,0.9308415277984536,False,1029,17269,27840,d__Bacteria;p__Bacillota;c__Clostridia;o__Lachnospirales;f__Lachnospiraceae;g__Blautia_A;s__Blautia_A wexlerae
40000,0.0014695077149155032,0.01444043321299639,0.0014695077149155032,0.0004310344827586207,3.0,2.5,1.8708286933869707,/group/ctbrowngrp5/sourmash-db.new/gtdb-rs226/gtdb-rs226-k51.dna.rocksdb,GCA_004557945.1 Bacteroidales bacterium,09e14cec75f525839d7e831d2f205eca,0.01444043321299639,40000,29,22560000,outputs.mapping/bams.cds.rand/SRR18048904.x.s__Bariatricus sp004560705.fastq.gz,SRR18048904.x.s__Bariatricus sp004560705,e3a1ed76,27220000,51,DNA,10000,2722,True,0.8799426142226098,0.9202659168142341,0.9001042655184219,0.9202659168142341,True,12,17281,27840,d__Bacteria;p__Bacteroidota;c__Bacteroidia;o__Bacteroidales;f__Muribaculaceae;g__Sodaliphilus;s__Sodaliphilus sp004557565
120000,0.00440852314474651,0.014705882352941176,0.0014695077149155032,0.012895114942528735,89.75,88.0,12.316147936753602,/group/ctbrowngrp5/sourmash-db.new/gtdb-rs226/gtdb-rs226-k51.dna.rocksdb,GCA_945871195.1 uncultured Blautia sp.,13faaa07a55ccf7c564673fc2d959dc7,0.04411764705882353,40000,30,22520000,outputs.mapping/bams.cds.rand/SRR18048904.x.s__Bariatricus sp004560705.fastq.gz,SRR18048904.x.s__Bariatricus sp004560705,e3a1ed76,27220000,51,DNA,10000,2722,True,0.8991034603453004,0.9406407116447776,0.919872085995039,0.9406407116447776,False,359,17640,27840,d__Bacteria;p__Bacillota;c__Clostridia;o__Lachnospirales;f__Lachnospiraceae;g__Oliverpabstia;s__Oliverpabstia intestinalis
50000,0.0018368846436443791,0.008695652173913044,0.0011021307861866275,0.0016522988505747126,15.333333333333334,5.0,17.518244457961217,/group/ctbrowngrp5/sourmash-db.new/gtdb-rs226/gtdb-rs226-k51.dna.rocksdb,GCA_003479565.1 Clostridium sp. AF12-19,f32061b43a5e5798b34f75b201d103f1,0.014492753623188406,30000,31,22490000,outputs.mapping/bams.cds.rand/SRR18048904.x.s__Bariatricus sp004560705.fastq.gz,SRR18048904.x.s__Bariatricus sp004560705,e3a1ed76,27220000,51,DNA,10000,2722,True,0.8838011182638892,0.9203311793431016,0.9020661488034953,0.9203311793431016,True,46,17686,27840,d__Bacteria;p__Bacillota;c__Clostridia;o__Lachnospirales;f__Lachnospiraceae;g__Pilosibacter;s__Pilosibacter sp900066055
1460000,0.05363703159441587,0.016574585635359115,0.0011021307861866275,0.0010775862068965517,10.0,10.0,1.632993161855452,/group/ctbrowngrp5/sourmash-db.new/gtdb-rs226/gtdb-rs226-k51.dna.rocksdb,GCA_945877245.1 uncultured bacterium,ddc2e38a1a9b3ab33297e4b9ed49db7b,0.8066298342541437,30000,32,22460000,outputs.mapping/bams.cds.rand/SRR18048904.x.s__Bariatricus sp004560705.fastq.gz,SRR18048904.x.s__Bariatricus sp004560705,e3a1ed76,27220000,51,DNA,10000,2722,True,0.9442511965203843,0.995795327051922,0.9700232617861531,0.995795327051922,False,30,17716,27840,d__Bacteria;p__Bacillota;c__Clostridia;o__Lachnospirales;f__Lachnospiraceae;g__Bariatricus;s__Bariatricus sp004560705
50000,0.0018368846436443791,0.008595988538681949,0.0011021307861866275,0.0010057471264367816,9.333333333333334,8.0,2.6246692913372702,/group/ctbrowngrp5/sourmash-db.new/gtdb-rs226/gtdb-rs226-k51.dna.rocksdb,GCF_020687545.1 Ruminococcus turbiniformis,2fa59ef8b68dfb5af85bd56372219a7a,0.014326647564469915,30000,33,22430000,outputs.mapping/bams.cds.rand/SRR18048904.x.s__Bariatricus sp004560705.fastq.gz,SRR18048904.x.s__Bariatricus sp004560705,e3a1ed76,27220000,51,DNA,10000,2722,True,0.8838011182638892,0.9201231808424758,0.9019621495531824,0.9201231808424758,True,28,17744,27840,d__Bacteria;p__Bacillota;c__Clostridia;o__Lachnospirales;f__Lachnospiraceae;g__Mediterraneibacter;s__Mediterraneibacter turbiniformis
80000,0.0029390154298310064,0.007957559681697613,0.0011021307861866275,0.0006824712643678161,6.333333333333333,4.0,5.557777333511022,/group/ctbrowngrp5/sourmash-db.new/gtdb-rs226/gtdb-rs226-k51.dna.rocksdb,GCA_027669625.1 Lachnospiraceae bacterium AM46-4BH,75b003ed6c07e26a12dd7f6015188f08,0.021220159151193633,30000,34,22400000,outputs.mapping/bams.cds.rand/SRR18048904.x.s__Bariatricus sp004560705.fastq.gz,SRR18048904.x.s__Bariatricus sp004560705,e3a1ed76,27220000,51,DNA,10000,2722,True,0.8919836612453153,0.9272378466950962,0.9096107539702057,0.9272378466950962,False,19,17763,27840,d__Bacteria;p__Bacillota;c__Clostridia;o__Lachnospirales;f__Lachnospiraceae;g__Gallintestinimicrobium;s__Gallintestinimicrobium propionicum
290000,0.0106539309331374,0.008356545961002786,0.0011021307861866275,0.007435344827586207,69.0,99.0,46.73328578219169,/group/ctbrowngrp5/sourmash-db.new/gtdb-rs226/gtdb-rs226-k51.dna.rocksdb,GCF_022784915.1 Blautia sp.,813296a744f98eca3e19a0bd99b06bcd,0.0807799442896936,30000,35,22370000,outputs.mapping/bams.cds.rand/SRR18048904.x.s__Bariatricus sp004560705.fastq.gz,SRR18048904.x.s__Bariatricus sp004560705,e3a1ed76,27220000,51,DNA,10000,2722,True,0.9147948754354107,0.9518632931940412,0.9333290843147259,0.9518632931940412,False,207,17970,27840,d__Bacteria;p__Bacillota;c__Clostridia;o__Lachnospirales;f__Lachnospiraceae;g__Blautia_A;s__Blautia_A sp018919065
50000,0.0018368846436443791,0.009230769230769232,0.0011021307861866275,0.0027298850574712643,25.333333333333332,12.0,27.010286106510527,/group/ctbrowngrp5/sourmash-db.new/gtdb-rs226/gtdb-rs226-k51.dna.rocksdb,GCF_947363625.1 uncultured Blautia sp.,d75f60a956533a48dd5a4625a7a49ed9,0.015384615384615385,30000,36,22340000,outputs.mapping/bams.cds.rand/SRR18048904.x.s__Bariatricus sp004560705.fastq.gz,SRR18048904.x.s__Bariatricus sp004560705,e3a1ed76,27220000,51,DNA,10000,2722,True,0.8838011182638892,0.9214094865050211,0.9026053023844551,0.9214094865050211,True,76,18046,27840,d__Bacteria;p__Bacillota;c__Clostridia;o__Lachnospirales;f__Lachnospiraceae;g__Blautia;s__Blautia sp947654165
30000,0.0011021307861866275,0.014354066985645933,0.0011021307861866275,0.00017959770114942528,1.6666666666666667,2.0,0.4714045207910317,/group/ctbrowngrp5/sourmash-db.new/gtdb-rs226/gtdb-rs226-k51.dna.rocksdb,GCA_945636165.1 uncultured Lachnospiraceae bacterium,0235041542b773aaf2f4e4019fbbeac7,0.014354066985645933,30000,37,22310000,outputs.mapping/bams.cds.rand/SRR18048904.x.s__Bariatricus sp004560705.fastq.gz,SRR18048904.x.s__Bariatricus sp004560705,e3a1ed76,27220000,51,DNA,10000,2722,True,0.8749929850897653,0.9201576779260288,0.897575331507897,0.9201576779260288,True,5,18051,27840,d__Bacteria;p__Bacillota;c__Clostridia;o__Lachnospirales;f__Lachnospiraceae;g__CALZKI01;s__CALZKI01 sp945787995
60000,0.002204261572373255,0.009868421052631578,0.0011021307861866275,0.005783045977011494,53.666666666666664,61.0,23.442601296689656,/group/ctbrowngrp5/sourmash-db.new/gtdb-rs226/gtdb-rs226-k51.dna.rocksdb,GCA_900549205.1 uncultured Lachnospiraceae bacterium,2f740c136bf5434378606bf758ca979e,0.019736842105263157,30000,38,22280000,outputs.mapping/bams.cds.rand/SRR18048904.x.s__Bariatricus sp004560705.fastq.gz,SRR18048904.x.s__Bariatricus sp004560705,e3a1ed76,27220000,51,DNA,10000,2722,True,0.8869663018807827,0.9259212938707797,0.9064437978757812,0.9259212938707797,True,161,18212,27840,d__Bacteria;p__Bacillota;c__Clostridia;o__Lachnospirales;f__Lachnospiraceae;g__Merdimonas;s__Merdimonas faecis
160000,0.005878030859662013,0.008287292817679558,0.0011021307861866275,0.009159482758620689,85.0,89.0,14.165686240583852,/group/ctbrowngrp5/sourmash-db.new/gtdb-rs226/gtdb-rs226-k51.dna.rocksdb,GCA_934438315.1 uncultured Blautia sp.,8161e20ece9c0a7ec25bba4921d2bb54,0.04419889502762431,30000,39,22250000,outputs.mapping/bams.cds.rand/SRR18048904.x.s__Bariatricus sp004560705.fastq.gz,SRR18048904.x.s__Bariatricus sp004560705,e3a1ed76,27220000,51,DNA,10000,2722,True,0.9041894767552603,0.9406746477504458,0.922432062252853,0.9406746477504458,False,255,18467,27840,d__Bacteria;p__Bacillota;c__Clostridia;o__Lachnospirales;f__Lachnospiraceae;g__Blautia_A;s__Blautia_A sp018919065
150000,0.005510653930933138,0.008064516129032258,0.0011021307861866275,0.016666666666666666,154.66666666666666,8.0,211.6748029932288,/group/ctbrowngrp5/sourmash-db.new/gtdb-rs226/gtdb-rs226-k51.dna.rocksdb,GCA_004556565.1 Lachnospiraceae bacterium,edb00f169e376430fe98e2e4c3b24f96,0.04032258064516129,30000,40,22220000,outputs.mapping/bams.cds.rand/SRR18048904.x.s__Bariatricus sp004560705.fastq.gz,SRR18048904.x.s__Bariatricus sp004560705,e3a1ed76,27220000,51,DNA,10000,2722,True,0.9030459837317095,0.9389831742888585,0.9210145790102839,0.9389831742888585,False,464,18931,27840,d__Bacteria;p__Bacillota;c__Clostridia;o__Lachnospirales;f__Lachnospiraceae;g__Schaedlerella;s__Schaedlerella sp004556565
40000,0.0014695077149155032,0.006172839506172839,0.0011021307861866275,0.0009339080459770115,8.666666666666666,2.0,10.143416036468626,/group/ctbrowngrp5/sourmash-db.new/gtdb-rs226/gtdb-rs226-k51.dna.rocksdb,GCF_024460185.1 Flavonifractor plautii,de4974220b3d23bc395e1f7a44bc0f43,0.00823045267489712,30000,41,22190000,outputs.mapping/bams.cds.rand/SRR18048904.x.s__Bariatricus sp004560705.fastq.gz,SRR18048904.x.s__Bariatricus sp004560705,e3a1ed76,27220000,51,DNA,10000,2722,True,0.8799426142226098,0.9101772065679724,0.8950599103952911,0.9101772065679724,True,26,18957,27840,d__Bacteria;p__Bacillota;c__Clostridia;o__Oscillospirales;f__Oscillospiraceae;g__Flavonifractor;s__Flavonifractor plautii
60000,0.002204261572373255,0.00980392156862745,0.0011021307861866275,0.00010775862068965517,1.0,1.0,0.0,/group/ctbrowngrp5/sourmash-db.new/gtdb-rs226/gtdb-rs226-k51.dna.rocksdb,GCA_959602255.1 uncultured Lachnospiraceae bacterium,f23701ab3b1b244c5e97fbcc65141f90,0.0196078431372549,30000,42,22160000,outputs.mapping/bams.cds.rand/SRR18048904.x.s__Bariatricus sp004560705.fastq.gz,SRR18048904.x.s__Bariatricus sp004560705,e3a1ed76,27220000,51,DNA,10000,2722,True,0.8869663018807827,0.9258022498221521,0.9063842758514674,0.9258022498221521,True,3,18960,27840,d__Bacteria;p__Bacillota;c__Clostridia;o__Lachnospirales;f__Lachnospiraceae;g__Anaerobutyricum;s__Anaerobutyricum soehngenii
130000,0.004775900073475386,0.008,0.0011021307861866275,0.0021192528735632186,19.666666666666668,10.0,15.839472494022298,/group/ctbrowngrp5/sourmash-db.new/gtdb-rs226/gtdb-rs226-k51.dna.rocksdb,GCA_022764165.1 Eubacterium sp.,86b632b7ed836955f537e7b9656a4752,0.034666666666666665,30000,43,22130000,outputs.mapping/bams.cds.rand/SRR18048904.x.s__Bariatricus sp004560705.fastq.gz,SRR18048904.x.s__Bariatricus sp004560705,e3a1ed76,27220000,51,DNA,10000,2722,True,0.9005156795528535,0.9362047174946017,0.9183601985237275,0.9362047174946017,False,59,19019,27840,d__Bacteria;p__Bacillota;c__Clostridia;o__Lachnospirales;f__Lachnospiraceae;g__Oliverpabstia;s__Oliverpabstia sp022764165
30000,0.0011021307861866275,0.0064794816414686825,0.0011021307861866275,0.0035201149425287356,32.666666666666664,28.0,26.335442953471574,/group/ctbrowngrp5/sourmash-db.new/gtdb-rs226/gtdb-rs226-k51.dna.rocksdb,GCF_000371625.1 Clostridium butyricum 60E.3,d01495ab31760e2371faf8a140e232f5,0.0064794816414686825,30000,44,22100000,outputs.mapping/bams.cds.rand/SRR18048904.x.s__Bariatricus sp004560705.fastq.gz,SRR18048904.x.s__Bariatricus sp004560705,e3a1ed76,27220000,51,DNA,10000,2722,True,0.8749929850897653,0.90591828345323,0.8904556342714977,0.90591828345323,True,98,19117,27840,d__Bacteria;p__Bacillota;c__Clostridia;o__Clostridiales;f__Clostridiaceae;g__Clostridium;s__Clostridium butyricum
20000,0.0007347538574577516,0.003968253968253968,0.0007347538574577516,0.0003232758620689655,4.5,4.5,3.5,/group/ctbrowngrp5/sourmash-db.new/gtdb-rs226/gtdb-rs226-k51.dna.rocksdb,GCF_018789965.1 Escherichia coli,24e20d6b3f84eeb830148db35bbfd1be,0.003968253968253968,20000,45,22080000,outputs.mapping/bams.cds.rand/SRR18048904.x.s__Bariatricus sp004560705.fastq.gz,SRR18048904.x.s__Bariatricus sp004560705,e3a1ed76,27220000,51,DNA,10000,2722,True,0.8680641114478567,0.8972505121216641,0.8826573117847604,0.8972505121216641,True,9,19126,27840,d__Bacteria;p__Pseudomonadota;c__Gammaproteobacteria;o__Enterobacterales;f__Enterobacteriaceae;g__Escherichia;s__Escherichia coli
30000,0.0011021307861866275,0.006369426751592357,0.0007347538574577516,0.00010775862068965517,1.5,1.5,0.5,/group/ctbrowngrp5/sourmash-db.new/gtdb-rs226/gtdb-rs226-k51.dna.rocksdb,GCF_020562925.1 Anaerostipes caccae,4255cab61d6b2e52ae0fbd8ee788ef2b,0.009554140127388535,20000,46,22060000,outputs.mapping/bams.cds.rand/SRR18048904.x.s__Bariatricus sp004560705.fastq.gz,SRR18048904.x.s__Bariatricus sp004560705,e3a1ed76,27220000,51,DNA,10000,2722,True,0.8749929850897653,0.9128426306331032,0.8939178078614343,0.9128426306331032,True,3,19129,27840,d__Bacteria;p__Bacillota;c__Clostridia;o__Lachnospirales;f__Lachnospiraceae;g__Anaerostipes;s__Anaerostipes caccae
30000,0.0011021307861866275,0.0036231884057971015,0.0007347538574577516,0.0003232758620689655,4.5,4.5,0.5,/group/ctbrowngrp5/sourmash-db.new/gtdb-rs226/gtdb-rs226-k51.dna.rocksdb,GCF_039521465.1 Faecalicatena orotica,2d9195c2d7042bfe2e770c201326ef4a,0.005434782608695652,20000,47,22040000,outputs.mapping/bams.cds.rand/SRR18048904.x.s__Bariatricus sp004560705.fastq.gz,SRR18048904.x.s__Bariatricus sp004560705,e3a1ed76,27220000,51,DNA,10000,2722,True,0.8749929850897653,0.9028005342164377,0.8888967596531014,0.9028005342164377,True,9,19138,27840,d__Bacteria;p__Bacillota;c__Clostridia;o__Lachnospirales;f__Lachnospiraceae;g__Faecalicatena_A;s__Faecalicatena_A oroticus
20000,0.0007347538574577516,0.008583690987124463,0.0007347538574577516,0.0005028735632183908,7.0,7.0,6.0,/group/ctbrowngrp5/sourmash-db.new/gtdb-rs226/gtdb-rs226-k51.dna.rocksdb,GCF_022774225.1 Flintibacter sp.,032c982e12641fa54f98460e3be7c38b,0.008583690987124463,20000,48,22020000,outputs.mapping/bams.cds.rand/SRR18048904.x.s__Bariatricus sp004560705.fastq.gz,SRR18048904.x.s__Bariatricus sp004560705,e3a1ed76,27220000,51,DNA,10000,2722,True,0.8680641114478567,0.9109274836213538,0.8894957975346052,0.9109274836213538,True,14,19152,27840,d__Bacteria;p__Bacillota;c__Clostridia;o__Oscillospirales;f__Oscillospiraceae;g__Lawsonibacter;s__Lawsonibacter sp000177015
20000,0.0007347538574577516,0.008333333333333333,0.0007347538574577516,0.0003232758620689655,4.5,4.5,0.5,/group/ctbrowngrp5/sourmash-db.new/gtdb-rs226/gtdb-rs226-k51.dna.rocksdb,GCA_958425555.1 uncultured Eubacteriales bacterium,d9bff76e672db8e059a4871dbf8feb1b,0.008333333333333333,20000,49,22000000,outputs.mapping/bams.cds.rand/SRR18048904.x.s__Bariatricus sp004560705.fastq.gz,SRR18048904.x.s__Bariatricus sp004560705,e3a1ed76,27220000,51,DNA,10000,2722,True,0.8680641114478567,0.9103989334640178,0.8892315224559373,0.9103989334640178,True,9,19161,27840,d__Bacteria;p__Bacillota;c__Clostridia;o__Oscillospirales;f__Ruminococcaceae;g__Negativibacillus;s__Negativibacillus massiliensis
90000,0.0033063923585598823,0.006134969325153374,0.0007347538574577516,0.0003232758620689655,4.5,4.5,1.5,/group/ctbrowngrp5/sourmash-db.new/gtdb-rs226/gtdb-rs226-k51.dna.rocksdb,GCF_945875235.1 [Clostridium] scindens,9907ef2930dc7468804823da8fa1ed3e,0.027607361963190184,20000,50,21980000,outputs.mapping/bams.cds.rand/SRR18048904.x.s__Bariatricus sp004560705.fastq.gz,SRR18048904.x.s__Bariatricus sp004560705,e3a1ed76,27220000,51,DNA,10000,2722,True,0.8940460524997923,0.9320342265027017,0.9130401395012471,0.9320342265027017,False,9,19170,27840,d__Bacteria;p__Bacillota;c__Clostridia;o__Lachnospirales;f__Lachnospiraceae;g__Clostridium_AP;s__Clostridium_AP scindens
20000,0.0007347538574577516,0.005934718100890208,0.0007347538574577516,0.00017959770114942528,2.5,2.5,0.5,/group/ctbrowngrp5/sourmash-db.new/gtdb-rs226/gtdb-rs226-k51.dna.rocksdb,GCF_015558105.1 Holdemania sp. 1001095H_141210_F2,e31c67ecef91bb0c5b499525aca10681,0.005934718100890208,20000,51,21960000,outputs.mapping/bams.cds.rand/SRR18048904.x.s__Bariatricus sp004560705.fastq.gz,SRR18048904.x.s__Bariatricus sp004560705,e3a1ed76,27220000,51,DNA,10000,2722,True,0.8680641114478567,0.9043596525606069,0.8862118820042317,0.9043596525606069,True,5,19175,27840,d__Bacteria;p__Bacillota;c__Bacilli;o__Erysipelotrichales;f__Erysipelotrichaceae;g__Holdemania;s__Holdemania sp900120005
20000,0.0007347538574577516,0.008438818565400843,0.0007347538574577516,0.0013649425287356322,19.0,19.0,18.0,/group/ctbrowngrp5/sourmash-db.new/gtdb-rs226/gtdb-rs226-k51.dna.rocksdb,GCF_034090155.1 Hornefia butyriciproducens,1a64d9640d4fece923ee223945709767,0.008438818565400843,20000,52,21940000,outputs.mapping/bams.cds.rand/SRR18048904.x.s__Bariatricus sp004560705.fastq.gz,SRR18048904.x.s__Bariatricus sp004560705,e3a1ed76,27220000,51,DNA,10000,2722,True,0.8680641114478567,0.9106235044887697,0.8893438079683131,0.9106235044887697,True,38,19213,27840,d__Bacteria;p__Bacillota;c__Clostridia;o__Peptostreptococcales;f__Anaerovoracaceae;g__Hornefia;s__Hornefia butyriciproducens
40000,0.0014695077149155032,0.007352941176470588,0.0007347538574577516,0.001221264367816092,17.0,17.0,16.0,/group/ctbrowngrp5/sourmash-db.new/gtdb-rs226/gtdb-rs226-k51.dna.rocksdb,GCF_030053595.1 Fusibacillus kribbianus,590b60dd682af06b2549e2e3047fd201,0.014705882352941176,20000,53,21920000,outputs.mapping/bams.cds.rand/SRR18048904.x.s__Bariatricus sp004560705.fastq.gz,SRR18048904.x.s__Bariatricus sp004560705,e3a1ed76,27220000,51,DNA,10000,2722,True,0.8799426142226098,0.9205946627444187,0.9002686384835142,0.9205946627444187,True,34,19247,27840,d__Bacteria;p__Bacillota;c__Clostridia;o__Lachnospirales;f__Lachnospiraceae;g__Lientehia;s__Lientehia kribbianus
40000,0.0014695077149155032,0.008097165991902834,0.0007347538574577516,0.00014367816091954023,2.0,2.0,0.0,/group/ctbrowngrp5/sourmash-db.new/gtdb-rs226/gtdb-rs226-k51.dna.rocksdb,GCA_947654095.1 uncultured Lachnospiraceae bacterium,416f6ff53001f294197a0387f991c301,0.016194331983805668,20000,54,21900000,outputs.mapping/bams.cds.rand/SRR18048904.x.s__Bariatricus sp004560705.fastq.gz,SRR18048904.x.s__Bariatricus sp004560705,e3a1ed76,27220000,51,DNA,10000,2722,True,0.8799426142226098,0.9223366610731755,0.9011396376478926,0.9223366610731755,True,4,19251,27840,d__Bacteria;p__Bacillota;c__Clostridia;o__Lachnospirales;f__Lachnospiraceae;g__Frisingicoccus;s__Frisingicoccus caecimuris
20000,0.0007347538574577516,0.01639344262295082,0.0007347538574577516,0.00010775862068965517,1.5,1.5,0.5,/group/ctbrowngrp5/sourmash-db.new/gtdb-rs226/gtdb-rs226-k51.dna.rocksdb,GCA_945971225.1 Streptococcus hyointestinalis,285a468d71e721c1292b3065b3623ad7,0.01639344262295082,20000,55,21880000,outputs.mapping/bams.cds.rand/SRR18048904.x.s__Bariatricus sp004560705.fastq.gz,SRR18048904.x.s__Bariatricus sp004560705,e3a1ed76,27220000,51,DNA,10000,2722,True,0.8680641114478567,0.9225576886638306,0.8953109000558437,0.9225576886638306,True,3,19254,27840,d__Bacteria;p__Bacillota;c__Bacilli;o__Lactobacillales;f__Streptococcaceae;g__Streptococcus;s__Streptococcus hyointestinalis
50000,0.0018368846436443791,0.008032128514056224,0.0007347538574577516,0.0022270114942528735,31.0,31.0,3.0,/group/ctbrowngrp5/sourmash-db.new/gtdb-rs226/gtdb-rs226-k51.dna.rocksdb,GCA_958353315.1 uncultured Butyricicoccus sp.,40b18dc3e976ec6f5bceb3caa4923d65,0.020080321285140562,20000,56,21860000,outputs.mapping/bams.cds.rand/SRR18048904.x.s__Bariatricus sp004560705.fastq.gz,SRR18048904.x.s__Bariatricus sp004560705,e3a1ed76,27220000,51,DNA,10000,2722,True,0.8838011182638892,0.9262345850931617,0.9050178516785254,0.9262345850931617,True,62,19316,27840,d__Bacteria;p__Bacillota;c__Clostridia;o__Oscillospirales;f__Butyricicoccaceae;g__Butyricicoccus_A;s__Butyricicoccus_A intestinisimiae
30000,0.0011021307861866275,0.01904761904761905,0.0007347538574577516,0.0011135057471264368,15.5,15.5,0.5,/group/ctbrowngrp5/sourmash-db.new/gtdb-rs226/gtdb-rs226-k51.dna.rocksdb,GCA_004561445.1 bacterium,43e6a68934484b0b1d4221bb931d12f8,0.02857142857142857,20000,57,21840000,outputs.mapping/bams.cds.rand/SRR18048904.x.s__Bariatricus sp004560705.fastq.gz,SRR18048904.x.s__Bariatricus sp004560705,e3a1ed76,27220000,51,DNA,10000,2722,True,0.8749929850897653,0.9326617285238548,0.90382735680681,0.9326617285238548,True,31,19347,27840,d__Bacteria;p__Patescibacteriota;c__Saccharimonadia;o__Saccharimonadales;f__Nanosyncoccaceae;g__UBA2834;s__UBA2834 sp004561445
20000,0.0007347538574577516,0.008097165991902834,0.0007347538574577516,0.0071479885057471266,99.5,99.5,31.5,/group/ctbrowngrp5/sourmash-db.new/gtdb-rs226/gtdb-rs226-k51.dna.rocksdb,GCF_034103145.1 Negativibacillus massiliensis,b96580a7e37409e9237effb0265c3dac,0.008097165991902834,20000,58,21820000,outputs.mapping/bams.cds.rand/SRR18048904.x.s__Bariatricus sp004560705.fastq.gz,SRR18048904.x.s__Bariatricus sp004560705,e3a1ed76,27220000,51,DNA,10000,2722,True,0.8680641114478567,0.9098858734755169,0.8889749924616868,0.9098858734755169,True,199,19546,27840,d__Bacteria;p__Bacillota;c__Clostridia;o__Oscillospirales;f__Ruminococcaceae;g__Negativibacillus;s__Negativibacillus massiliensis
120000,0.00440852314474651,0.00558659217877095,0.0007347538574577516,0.0051005747126436785,71.0,71.0,70.0,/group/ctbrowngrp5/sourmash-db.new/gtdb-rs226/gtdb-rs226-k51.dna.rocksdb,GCF_015561395.1 Mediterraneibacter gnavus,8f1fccf498a4c4b2d86e28c3715c8c90,0.0335195530726257,20000,59,21800000,outputs.mapping/bams.cds.rand/SRR18048904.x.s__Bariatricus sp004560705.fastq.gz,SRR18048904.x.s__Bariatricus sp004560705,e3a1ed76,27220000,51,DNA,10000,2722,True,0.8991034603453004,0.93558721577863,0.9173453380619652,0.93558721577863,False,142,19688,27840,d__Bacteria;p__Bacillota;c__Clostridia;o__Lachnospirales;f__Lachnospiraceae;g__Ruminococcus_B;s__Ruminococcus_B gnavus
130000,0.004775900073475386,0.0078125,0.0007347538574577516,0.0009339080459770115,13.0,13.0,5.0,/group/ctbrowngrp5/sourmash-db.new/gtdb-rs226/gtdb-rs226-k51.dna.rocksdb,GCA_945863625.1 uncultured Dorea sp.,82b2899f1e5fad7f4df733dc25e2fc5c,0.05078125,20000,60,21780000,outputs.mapping/bams.cds.rand/SRR18048904.x.s__Bariatricus sp004560705.fastq.gz,SRR18048904.x.s__Bariatricus sp004560705,e3a1ed76,27220000,51,DNA,10000,2722,True,0.9005156795528535,0.9432387520883433,0.9218772158205983,0.9432387520883433,False,26,19714,27840,d__Bacteria;p__Bacillota;c__Clostridia;o__Lachnospirales;f__Lachnospiraceae;g__JAFBIX01;s__JAFBIX01 sp021531895
40000,0.0014695077149155032,0.005,0.0007347538574577516,0.001221264367816092,17.0,17.0,11.0,/group/ctbrowngrp5/sourmash-db.new/gtdb-rs226/gtdb-rs226-k51.dna.rocksdb,GCA_003604025.1 Subdoligranulum sp. OF01-18,6650883796a297926eb790ff2c66d10f,0.01,20000,61,21760000,outputs.mapping/bams.cds.rand/SRR18048904.x.s__Bariatricus sp004560705.fastq.gz,SRR18048904.x.s__Bariatricus sp004560705,e3a1ed76,27220000,51,DNA,10000,2722,True,0.8799426142226098,0.9136593726391776,0.8968009934308937,0.9136593726391776,True,34,19748,27840,d__Bacteria;p__Bacillota;c__Clostridia;o__Oscillospirales;f__Ruminococcaceae;g__Ruthenibacterium;s__Ruthenibacterium lactatiformans
20000,0.0007347538574577516,0.007246376811594203,0.0007347538574577516,0.0003951149425287356,5.5,5.5,4.5,/group/ctbrowngrp5/sourmash-db.new/gtdb-rs226/gtdb-rs226-k51.dna.rocksdb,GCA_937921795.1 uncultured Lachnospiraceae bacterium,d3b7000b8f70e7d2f73098c44d49c49c,0.007246376811594203,20000,62,21740000,outputs.mapping/bams.cds.rand/SRR18048904.x.s__Bariatricus sp004560705.fastq.gz,SRR18048904.x.s__Bariatricus sp004560705,e3a1ed76,27220000,51,DNA,10000,2722,True,0.8680641114478567,0.9079074641021062,0.8879857877749815,0.9079074641021062,True,11,19759,27840,d__Bacteria;p__Bacillota;c__Clostridia;o__Lachnospirales;f__Lachnospiraceae;g__Hominisplanchenecus_A;s__Hominisplanchenecus_A sp900752065
90000,0.0033063923585598823,0.006734006734006734,0.0007347538574577516,0.005639367816091954,78.5,78.5,68.5,/group/ctbrowngrp5/sourmash-db.new/gtdb-rs226/gtdb-rs226-k51.dna.rocksdb,GCF_034118965.1 Faecalimonas umbilicata,3f54c718e01ccdb30ebcdbff53c1f47b,0.030303030303030304,20000,63,21720000,outputs.mapping/bams.cds.rand/SRR18048904.x.s__Bariatricus sp004560705.fastq.gz,SRR18048904.x.s__Bariatricus sp004560705,e3a1ed76,27220000,51,DNA,10000,2722,True,0.8940460524997923,0.9337383942521409,0.9138922233759665,0.9337383942521409,False,157,19916,27840,d__Bacteria;p__Bacillota;c__Clostridia;o__Lachnospirales;f__Lachnospiraceae;g__Faecalimonas;s__Faecalimonas umbilicata
20000,0.0007347538574577516,0.005025125628140704,0.0007347538574577516,0.0009339080459770115,13.0,13.0,7.0,/group/ctbrowngrp5/sourmash-db.new/gtdb-rs226/gtdb-rs226-k51.dna.rocksdb,GCA_022784005.1 Parabacteroides sp.,cfe20a628244cf78707c28206eed0656,0.005025125628140704,20000,64,21700000,outputs.mapping/bams.cds.rand/SRR18048904.x.s__Bariatricus sp004560705.fastq.gz,SRR18048904.x.s__Bariatricus sp004560705,e3a1ed76,27220000,51,DNA,10000,2722,True,0.8680641114478567,0.9014143125831353,0.884739212015496,0.9014143125831353,True,26,19942,27840,d__Bacteria;p__Bacteroidota;c__Bacteroidia;o__Bacteroidales;f__Tannerellaceae;g__Parabacteroides;s__Parabacteroides faecalis
20000,0.0007347538574577516,0.010362694300518135,0.0007347538574577516,0.00021551724137931034,3.0,3.0,0.0,/group/ctbrowngrp5/sourmash-db.new/gtdb-rs226/gtdb-rs226-k51.dna.rocksdb,GCA_938011965.1 uncultured Clostridium sp.,55f14fd72690679aa83ba701369e88fb,0.010362694300518135,20000,65,21680000,outputs.mapping/bams.cds.rand/SRR18048904.x.s__Bariatricus sp004560705.fastq.gz,SRR18048904.x.s__Bariatricus sp004560705,e3a1ed76,27220000,51,DNA,10000,2722,True,0.8680641114478567,0.9142978525817129,0.8911809820147848,0.9142978525817129,True,6,19948,27840,d__Bacteria;p__Bacillota;c__Clostridia;o__Christensenellales;f__CAG-138;g__PeH17;s__PeH17 sp900542285
90000,0.0033063923585598823,0.006153846153846154,0.0007347538574577516,0.00014367816091954023,2.0,2.0,0.0,/group/ctbrowngrp5/sourmash-db.new/gtdb-rs226/gtdb-rs226-k51.dna.rocksdb,GCA_034086425.1 Oliverpabstia sp.,3e5d4b4fde161cf88ed9a189925e3d4b,0.027692307692307693,20000,66,21660000,outputs.mapping/bams.cds.rand/SRR18048904.x.s__Bariatricus sp004560705.fastq.gz,SRR18048904.x.s__Bariatricus sp004560705,e3a1ed76,27220000,51,DNA,10000,2722,True,0.8940460524997923,0.9320903731869981,0.9130682128433951,0.9320903731869981,False,4,19952,27840,d__Bacteria;p__Bacillota;c__Clostridia;o__Lachnospirales;f__Lachnospiraceae;g__Oliverpabstia;s__Oliverpabstia sp022764165
70000,0.002571638501102131,0.003838771593090211,0.0007347538574577516,7.183908045977011e-05,1.0,1.0,0.0,/group/ctbrowngrp5/sourmash-db.new/gtdb-rs226/gtdb-rs226-k51.dna.rocksdb,GCF_012524165.2 Faecalicatena faecalis,1af9b3500bd306173045ba9c6bd5f627,0.013435700575815739,20000,67,21640000,outputs.mapping/bams.cds.rand/SRR18048904.x.s__Bariatricus sp004560705.fastq.gz,SRR18048904.x.s__Bariatricus sp004560705,e3a1ed76,27220000,51,DNA,10000,2722,True,0.8896512685255878,0.9189655308530172,0.9043083996893025,0.9189655308530172,False,2,19954,27840,d__Bacteria;p__Bacillota;c__Clostridia;o__Lachnospirales;f__Lachnospiraceae;g__Faecalicatena_A;s__Faecalicatena_A faecalis
100000,0.0036737692872887582,0.0078125,0.0007347538574577516,0.0009339080459770115,13.0,13.0,6.0,/group/ctbrowngrp5/sourmash-db.new/gtdb-rs226/gtdb-rs226-k51.dna.rocksdb,GCA_034086885.1 Lachnospiraceae bacterium,27c058a131c82c8e30aede7d90a20361,0.0390625,20000,68,21620000,outputs.mapping/bams.cds.rand/SRR18048904.x.s__Bariatricus sp004560705.fastq.gz,SRR18048904.x.s__Bariatricus sp004560705,e3a1ed76,27220000,51,DNA,10000,2722,True,0.8958949646712903,0.9383988171070825,0.9171468908891864,0.9383988171070825,False,26,19980,27840,d__Bacteria;p__Bacillota;c__Clostridia;o__Lachnospirales;f__Lachnospiraceae;g__JAFBIX01;s__JAFBIX01 sp021531895
30000,0.0011021307861866275,0.006060606060606061,0.0007347538574577516,0.0011135057471264368,15.5,15.5,1.5,/group/ctbrowngrp5/sourmash-db.new/gtdb-rs226/gtdb-rs226-k51.dna.rocksdb,GCF_030371415.1 Mediterraneibacter glycyrrhizinilyticus,91844d6057c4149fdb249ee258d296c0,0.00909090909090909,20000,69,21600000,outputs.mapping/bams.cds.rand/SRR18048904.x.s__Bariatricus sp004560705.fastq.gz,SRR18048904.x.s__Bariatricus sp004560705,e3a1ed76,27220000,51,DNA,10000,2722,True,0.8749929850897653,0.9119534957754483,0.8934732404326068,0.9119534957754483,True,31,20011,27840,d__Bacteria;p__Bacillota;c__Clostridia;o__Lachnospirales;f__Lachnospiraceae;g__Mediterraneibacter;s__Mediterraneibacter faecipullorum
20000,0.0007347538574577516,0.007547169811320755,0.0007347538574577516,0.00028735632183908046,4.0,4.0,1.0,/group/ctbrowngrp5/sourmash-db.new/gtdb-rs226/gtdb-rs226-k51.dna.rocksdb,GCA_963651935.1 Akkermansia muciniphila,fb3a93174635307bc6dbe72808e319fa,0.007547169811320755,20000,70,21580000,outputs.mapping/bams.cds.rand/SRR18048904.x.s__Bariatricus sp004560705.fastq.gz,SRR18048904.x.s__Bariatricus sp004560705,e3a1ed76,27220000,51,DNA,10000,2722,True,0.8680641114478567,0.9086317830822983,0.8883479472650775,0.9086317830822983,True,8,20019,27840,d__Bacteria;p__Bacillota;c__Clostridia;o__Lachnospirales;f__Lachnospiraceae;g__Lachnospira;s__Lachnospira rogosae
20000,0.0007347538574577516,0.008620689655172414,0.0007347538574577516,0.004705459770114943,65.5,65.5,14.5,/group/ctbrowngrp5/sourmash-db.new/gtdb-rs226/gtdb-rs226-k51.dna.rocksdb,GCA_946011705.1 uncultured Clostridia bacterium,b394ebe4dadd6e43b2743549ccc8c710,0.008620689655172414,20000,71,21560000,outputs.mapping/bams.cds.rand/SRR18048904.x.s__Bariatricus sp004560705.fastq.gz,SRR18048904.x.s__Bariatricus sp004560705,e3a1ed76,27220000,51,DNA,10000,2722,True,0.8680641114478567,0.9110043098748272,0.889534210661342,0.9110043098748272,True,131,20150,27840,d__Bacteria;p__Bacillota;c__Clostridia;o__Oscillospirales;f__Oscillospiraceae;g__Faecousia;s__Faecousia sp946011705
100000,0.0036737692872887582,0.006711409395973154,0.0007347538574577516,0.00298132183908046,41.5,41.5,40.5,/group/ctbrowngrp5/sourmash-db.new/gtdb-rs226/gtdb-rs226-k51.dna.rocksdb,GCF_020561835.1 Dorea formicigenerans,59d303c1bc3c052a1aca62cb95305570,0.03355704697986577,20000,72,21540000,outputs.mapping/bams.cds.rand/SRR18048904.x.s__Bariatricus sp004560705.fastq.gz,SRR18048904.x.s__Bariatricus sp004560705,e3a1ed76,27220000,51,DNA,10000,2722,True,0.8958949646712903,0.9356077244989699,0.9157513445851301,0.9356077244989699,False,83,20233,27840,d__Bacteria;p__Bacillota;c__Clostridia;o__Lachnospirales;f__Lachnospiraceae;g__Dorea;s__Dorea formicigenerans
50000,0.0018368846436443791,0.007017543859649123,0.0007347538574577516,0.001867816091954023,26.0,26.0,23.0,/group/ctbrowngrp5/sourmash-db.new/gtdb-rs226/gtdb-rs226-k51.dna.rocksdb,GCA_945871565.1 uncultured Coprococcus sp.,3011f2f6356c9b639d33706feaaaf452,0.017543859649122806,20000,73,21520000,outputs.mapping/bams.cds.rand/SRR18048904.x.s__Bariatricus sp004560705.fastq.gz,SRR18048904.x.s__Bariatricus sp004560705,e3a1ed76,27220000,51,DNA,10000,2722,True,0.8838011182638892,0.9237853726019886,0.9037932454329389,0.9237853726019886,True,52,20285,27840,d__Bacteria;p__Bacillota;c__Clostridia;o__Lachnospirales;f__Lachnospiraceae;g__Coprococcus_A;s__Coprococcus_A intestinihominis
1430000,0.05253490080822924,0.008888888888888889,0.0007347538574577516,0.0005387931034482759,7.5,7.5,2.5,/group/ctbrowngrp5/sourmash-db.new/gtdb-rs226/gtdb-rs226-k51.dna.rocksdb,GCA_029378305.1 bacterium,1e60959badd15eb0aa8919863d3ed04b,0.6355555555555555,20000,74,21500000,outputs.mapping/bams.cds.rand/SRR18048904.x.s__Bariatricus sp004560705.fastq.gz,SRR18048904.x.s__Bariatricus sp004560705,e3a1ed76,27220000,51,DNA,10000,2722,True,0.9438668721022179,0.9911520078425555,0.9675094399723867,0.9911520078425555,False,15,20300,27840,d__Bacteria;p__Bacillota;c__Clostridia;o__Lachnospirales;f__Lachnospiraceae;g__Bariatricus;s__Bariatricus sp004560705
80000,0.0029390154298310064,0.004739336492890996,0.0007347538574577516,0.00028735632183908046,4.0,4.0,2.0,/group/ctbrowngrp5/sourmash-db.new/gtdb-rs226/gtdb-rs226-k51.dna.rocksdb,GCF_020563525.1 [Clostridium] scindens,8410daf404c257c471b187d54cbbf6c5,0.018957345971563982,20000,75,21480000,outputs.mapping/bams.cds.rand/SRR18048904.x.s__Bariatricus sp004560705.fastq.gz,SRR18048904.x.s__Bariatricus sp004560705,e3a1ed76,27220000,51,DNA,10000,2722,True,0.8919836612453153,0.9251900044020241,0.9085868328236697,0.9251900044020241,False,8,20308,27840,d__Bacteria;p__Bacillota;c__Clostridia;o__Lachnospirales;f__Lachnospiraceae;g__Clostridium_AP;s__Clostridium_AP sp000509125
20000,0.0007347538574577516,0.00823045267489712,0.0007347538574577516,0.000646551724137931,9.0,9.0,1.0,/group/ctbrowngrp5/sourmash-db.new/gtdb-rs226/gtdb-rs226-k51.dna.rocksdb,GCA_958405155.1 uncultured Clostridium sp.,1ff3244622c99714b21ae650b211f1af,0.00823045267489712,20000,76,21460000,outputs.mapping/bams.cds.rand/SRR18048904.x.s__Bariatricus sp004560705.fastq.gz,SRR18048904.x.s__Bariatricus sp004560705,e3a1ed76,27220000,51,DNA,10000,2722,True,0.8680641114478567,0.9101772065679724,0.8891206590079146,0.9101772065679724,True,18,20326,27840,d__Bacteria;p__Bacillota;c__Clostridia;o__Oscillospirales;f__Acutalibacteraceae;g__CAG-177;s__CAG-177 sp000431775
20000,0.0007347538574577516,0.008438818565400843,0.0007347538574577516,0.00010775862068965517,1.5,1.5,0.5,/group/ctbrowngrp5/sourmash-db.new/gtdb-rs226/gtdb-rs226-k51.dna.rocksdb,GCA_021531865.1 Butyricicoccus pullicaecorum,a17df5797ac6f0f4bb6bdd57ef75e4db,0.008438818565400843,20000,77,21440000,outputs.mapping/bams.cds.rand/SRR18048904.x.s__Bariatricus sp004560705.fastq.gz,SRR18048904.x.s__Bariatricus sp004560705,e3a1ed76,27220000,51,DNA,10000,2722,True,0.8680641114478567,0.9106235044887697,0.8893438079683131,0.9106235044887697,True,3,20329,27840,d__Bacteria;p__Bacillota;c__Clostridia;o__Oscillospirales;f__Butyricicoccaceae;g__Butyricicoccus;s__Butyricicoccus sp004552245
20000,0.0007347538574577516,0.009569377990430622,0.0007347538574577516,7.183908045977011e-05,1.0,1.0,0.0,/group/ctbrowngrp5/sourmash-db.new/gtdb-rs226/gtdb-rs226-k51.dna.rocksdb,GCA_945911845.1 uncultured Firmicutes bacterium,3ddb4f1ea2da7e1274239303a0365d09,0.009569377990430622,20000,78,21420000,outputs.mapping/bams.cds.rand/SRR18048904.x.s__Bariatricus sp004560705.fastq.gz,SRR18048904.x.s__Bariatricus sp004560705,e3a1ed76,27220000,51,DNA,10000,2722,True,0.8680641114478567,0.9128711551885609,0.8904676333182088,0.9128711551885609,True,2,20331,27840,d__Bacteria;p__Bacillota;c__Clostridia;o__Peptostreptococcales;f__Anaerovoracaceae;g__CAG-238;s__CAG-238 sp945828095
20000,0.0007347538574577516,0.00784313725490196,0.0007347538574577516,0.0009698275862068965,13.5,13.5,9.5,/group/ctbrowngrp5/sourmash-db.new/gtdb-rs226/gtdb-rs226-k51.dna.rocksdb,GCA_946011685.1 uncultured Mediterranea sp.,d7a902510cebeebb69c0f41804d84f28,0.00784313725490196,20000,79,21400000,outputs.mapping/bams.cds.rand/SRR18048904.x.s__Bariatricus sp004560705.fastq.gz,SRR18048904.x.s__Bariatricus sp004560705,e3a1ed76,27220000,51,DNA,10000,2722,True,0.8680641114478567,0.9093173687616155,0.8886907401047361,0.9093173687616155,True,27,20358,27840,d__Bacteria;p__Bacteroidota;c__Bacteroidia;o__Bacteroidales;f__Bacteroidaceae;g__Bacteroides;s__Bacteroides sp945879145
120000,0.00440852314474651,0.006711409395973154,0.0007347538574577516,0.0032686781609195404,45.5,45.5,44.5,/group/ctbrowngrp5/sourmash-db.new/gtdb-rs226/gtdb-rs226-k51.dna.rocksdb,GCA_020554405.1 bacterium 210928-DFI.3.100,c2057a4f1b9f840eba5be45724dda200,0.040268456375838924,20000,80,21380000,outputs.mapping/bams.cds.rand/SRR18048904.x.s__Bariatricus sp004560705.fastq.gz,SRR18048904.x.s__Bariatricus sp004560705,e3a1ed76,27220000,51,DNA,10000,2722,True,0.8991034603453004,0.9389584446782342,0.9190309525117673,0.9389584446782342,False,91,20449,27840,d__Bacteria;p__Bacillota;c__Clostridia;o__Lachnospirales;f__Lachnospiraceae;g__Dorea_A;s__Dorea_A amylophila
10000,0.0003673769287288758,0.004291845493562232,0.0003673769287288758,0.000646551724137931,18.0,18.0,0.0,/group/ctbrowngrp5/sourmash-db.new/gtdb-rs226/gtdb-rs226-k51.dna.rocksdb,GCA_937990125.1 uncultured Collinsella sp.,3704d3ea31e981f4e54d1673bc96bf60,0.004291845493562232,10000,81,21370000,outputs.mapping/bams.cds.rand/SRR18048904.x.s__Bariatricus sp004560705.fastq.gz,SRR18048904.x.s__Bariatricus sp004560705,e3a1ed76,27220000,51,DNA,10000,2722,True,0.8563459587071731,0.8986307105512661,0.8774883346292196,0.8986307105512661,True,18,20467,27840,d__Bacteria;p__Actinomycetota;c__Coriobacteriia;o__Coriobacteriales;f__Coriobacteriaceae;g__Collinsella;s__Collinsella sp900754435
10000,0.0003673769287288758,0.005319148936170213,0.0003673769287288758,3.591954022988506e-05,1.0,1.0,0.0,/group/ctbrowngrp5/sourmash-db.new/gtdb-rs226/gtdb-rs226-k51.dna.rocksdb,GCF_036540915.1 Streptococcus canis,8a8b9e646f19abd23c1629da4eb4a8ef,0.005319148936170213,10000,82,21360000,outputs.mapping/bams.cds.rand/SRR18048904.x.s__Bariatricus sp004560705.fastq.gz,SRR18048904.x.s__Bariatricus sp004560705,e3a1ed76,27220000,51,DNA,10000,2722,True,0.8563459587071731,0.9024199122476589,0.8793829354774161,0.9024199122476589,True,1,20468,27840,d__Bacteria;p__Bacillota;c__Bacilli;o__Lactobacillales;f__Streptococcaceae;g__Streptococcus;s__Streptococcus canis
10000,0.0003673769287288758,0.0035587188612099642,0.0003673769287288758,0.001939655172413793,54.0,54.0,0.0,/group/ctbrowngrp5/sourmash-db.new/gtdb-rs226/gtdb-rs226-k51.dna.rocksdb,GCF_039503375.1 Ligaoa zhengdingensis,b85c6f5c3cd1ecd2eb78b676eb3fec34,0.0035587188612099642,10000,83,21350000,outputs.mapping/bams.cds.rand/SRR18048904.x.s__Bariatricus sp004560705.fastq.gz,SRR18048904.x.s__Bariatricus sp004560705,e3a1ed76,27220000,51,DNA,10000,2722,True,0.8563459587071731,0.8953362133195951,0.8758410860133841,0.8953362133195951,True,54,20522,27840,d__Bacteria;p__Bacillota;c__Clostridia;o__Oscillospirales;f__Ruminococcaceae;g__Ligaoa;s__Ligaoa zhengdingensis
10000,0.0003673769287288758,0.0072992700729927005,0.0003673769287288758,0.003915229885057471,109.0,109.0,0.0,/group/ctbrowngrp5/sourmash-db.new/gtdb-rs226/gtdb-rs226-k51.dna.rocksdb,GCA_900553225.1 uncultured Clostridium sp.,acb940ccac33cbd5887bec338e90277a,0.0072992700729927005,10000,84,21340000,outputs.mapping/bams.cds.rand/SRR18048904.x.s__Bariatricus sp004560705.fastq.gz,SRR18048904.x.s__Bariatricus sp004560705,e3a1ed76,27220000,51,DNA,10000,2722,True,0.8563459587071731,0.908036943774764,0.8821914512409685,0.908036943774764,True,109,20631,27840,d__Bacteria;p__Bacillota;c__Clostridia;o__TANB77;f__CAG-508;g__CAG-492;s__CAG-492 sp900553225
10000,0.0003673769287288758,0.00423728813559322,0.0003673769287288758,0.0014008620689655172,39.0,39.0,0.0,/group/ctbrowngrp5/sourmash-db.new/gtdb-rs226/gtdb-rs226-k51.dna.rocksdb,GCA_959026075.1 uncultured Oscillospiraceae bacterium,3e77b0b74256013d5a89c8993eaeb688,0.00423728813559322,10000,85,21330000,outputs.mapping/bams.cds.rand/SRR18048904.x.s__Bariatricus sp004560705.fastq.gz,SRR18048904.x.s__Bariatricus sp004560705,e3a1ed76,27220000,51,DNA,10000,2722,True,0.8563459587071731,0.8984053172829363,0.8773756379950547,0.8984053172829363,True,39,20670,27840,d__Bacteria;p__Bacillota;c__Clostridia;o__Oscillospirales;f__Ruminococcaceae;g__Fimivivens;s__Fimivivens sp900113995
10000,0.0003673769287288758,0.002652519893899204,0.0003673769287288758,0.0026221264367816094,73.0,73.0,0.0,/group/ctbrowngrp5/sourmash-db.new/gtdb-rs226/gtdb-rs226-k51.dna.rocksdb,GCF_040578695.1 Clostridium botulinum,212ace08418e1ec7e2c4631920774899,0.002652519893899204,10000,86,21320000,outputs.mapping/bams.cds.rand/SRR18048904.x.s__Bariatricus sp004560705.fastq.gz,SRR18048904.x.s__Bariatricus sp004560705,e3a1ed76,27220000,51,DNA,10000,2722,True,0.8563459587071731,0.8901916226459998,0.8732687906765865,0.8901916226459998,True,73,20743,27840,d__Bacteria;p__Bacillota;c__Clostridia;o__Clostridiales;f__Clostridiaceae;g__Clostridium_F;s__Clostridium_F botulinum
20000,0.0007347538574577516,0.005434782608695652,0.0003673769287288758,0.00017959770114942528,5.0,5.0,0.0,/group/ctbrowngrp5/sourmash-db.new/gtdb-rs226/gtdb-rs226-k51.dna.rocksdb,GCF_011009625.1 Weissella paramesenteroides,5a476419edbf2ad52e6ba9cb92c1211a,0.010869565217391304,10000,87,21310000,outputs.mapping/bams.cds.rand/SRR18048904.x.s__Bariatricus sp004560705.fastq.gz,SRR18048904.x.s__Bariatricus sp004560705,e3a1ed76,27220000,51,DNA,10000,2722,True,0.8680641114478567,0.9151543667379227,0.8916092390928897,0.9151543667379227,True,5,20748,27840,d__Bacteria;p__Bacillota;c__Bacilli;o__Lactobacillales;f__Lactobacillaceae;g__Weissella;s__Weissella paramesenteroides
20000,0.0007347538574577516,0.0053475935828877,0.0003673769287288758,0.0002514367816091954,7.0,7.0,0.0,/group/ctbrowngrp5/sourmash-db.new/gtdb-rs226/gtdb-rs226-k51.dna.rocksdb,GCF_022465435.1 Campylobacter coli,78f40d71a5059a0b295cbf656366d268,0.0106951871657754,10000,88,21300000,outputs.mapping/bams.cds.rand/SRR18048904.x.s__Bariatricus sp004560705.fastq.gz,SRR18048904.x.s__Bariatricus sp004560705,e3a1ed76,27220000,51,DNA,10000,2722,True,0.8680641114478567,0.9148642036741179,0.8914641575609873,0.9148642036741179,True,7,20755,27840,d__Bacteria;p__Campylobacterota;c__Campylobacteria;o__Campylobacterales;f__Campylobacteraceae;g__Campylobacter_D;s__Campylobacter_D coli
10000,0.0003673769287288758,0.0033222591362126247,0.0003673769287288758,0.00010775862068965517,3.0,3.0,0.0,/group/ctbrowngrp5/sourmash-db.new/gtdb-rs226/gtdb-rs226-k51.dna.rocksdb,GCF_018916685.1 Intestinimonas butyriciproducens,2df3277b41b26b12cde9fc279b4dde2a,0.0033222591362126247,10000,89,21290000,outputs.mapping/bams.cds.rand/SRR18048904.x.s__Bariatricus sp004560705.fastq.gz,SRR18048904.x.s__Bariatricus sp004560705,e3a1ed76,27220000,51,DNA,10000,2722,True,0.8563459587071731,0.8941299800356292,0.8752379693714012,0.8941299800356292,True,3,20758,27840,d__Bacteria;p__Bacillota;c__Clostridia;o__Oscillospirales;f__Oscillospiraceae;g__Intestinimonas;s__Intestinimonas butyriciproducens
10000,0.0003673769287288758,0.001996007984031936,0.0003673769287288758,0.00010775862068965517,3.0,3.0,0.0,/group/ctbrowngrp5/sourmash-db.new/gtdb-rs226/gtdb-rs226-k51.dna.rocksdb,GCA_021769425.1 Eubacterium sp.,73e2d3bac660e965187bf1aee192d27b,0.001996007984031936,10000,90,21280000,outputs.mapping/bams.cds.rand/SRR18048904.x.s__Bariatricus sp004560705.fastq.gz,SRR18048904.x.s__Bariatricus sp004560705,e3a1ed76,27220000,51,DNA,10000,2722,True,0.8563459587071731,0.8852419891557706,0.8707939739314718,0.8852419891557706,True,3,20761,27840,d__Bacteria;p__Bacillota;c__Clostridia;o__Lachnospirales;f__Lachnospiraceae;g__Petralouisia;s__Petralouisia sp021769425
10000,0.0003673769287288758,0.004219409282700422,0.0003673769287288758,0.00021551724137931034,6.0,6.0,0.0,/group/ctbrowngrp5/sourmash-db.new/gtdb-rs226/gtdb-rs226-k51.dna.rocksdb,GCF_030844065.1 [Ruminococcus] torques,c2dad5fe56f345bd454eb9375f700cfe,0.004219409282700422,10000,91,21270000,outputs.mapping/bams.cds.rand/SRR18048904.x.s__Bariatricus sp004560705.fastq.gz,SRR18048904.x.s__Bariatricus sp004560705,e3a1ed76,27220000,51,DNA,10000,2722,True,0.8563459587071731,0.898330834887376,0.8773383967972745,0.898330834887376,True,6,20767,27840,d__Bacteria;p__Bacillota;c__Clostridia;o__Lachnospirales;f__Lachnospiraceae;g__Mediterraneibacter;s__Mediterraneibacter torques
10000,0.0003673769287288758,0.00546448087431694,0.0003673769287288758,3.591954022988506e-05,1.0,1.0,0.0,/group/ctbrowngrp5/sourmash-db.new/gtdb-rs226/gtdb-rs226-k51.dna.rocksdb,GCF_027858015.1 Lactobacillus delbrueckii,18b19d7a226ecf905ff8f5b06a84e92a,0.00546448087431694,10000,92,21260000,outputs.mapping/bams.cds.rand/SRR18048904.x.s__Bariatricus sp004560705.fastq.gz,SRR18048904.x.s__Bariatricus sp004560705,e3a1ed76,27220000,51,DNA,10000,2722,True,0.8563459587071731,0.9028970081176741,0.8796214834124236,0.9028970081176741,True,1,20768,27840,d__Bacteria;p__Bacillota;c__Bacilli;o__Lactobacillales;f__Lactobacillaceae;g__Lactobacillus;s__Lactobacillus delbrueckii
40000,0.0014695077149155032,0.003367003367003367,0.0003673769287288758,0.0038433908045977013,107.0,107.0,0.0,/group/ctbrowngrp5/sourmash-db.new/gtdb-rs226/gtdb-rs226-k51.dna.rocksdb,GCA_041404505.1 Eubacteriales bacterium,eaf8f0862379524b3525e674bcb4cdee,0.013468013468013467,10000,93,21250000,outputs.mapping/bams.cds.rand/SRR18048904.x.s__Bariatricus sp004560705.fastq.gz,SRR18048904.x.s__Bariatricus sp004560705,e3a1ed76,27220000,51,DNA,10000,2722,True,0.8799426142226098,0.9190088154194289,0.8994757148210193,0.9190088154194289,True,107,20875,27840,d__Bacteria;p__Bacillota;c__Clostridia;o__Oscillospirales;f__Acutalibacteraceae;g__Hominenteromicrobium;s__Hominenteromicrobium mulieris
10000,0.0003673769287288758,0.0036363636363636364,0.0003673769287288758,3.591954022988506e-05,1.0,1.0,0.0,/group/ctbrowngrp5/sourmash-db.new/gtdb-rs226/gtdb-rs226-k51.dna.rocksdb,GCA_018917785.1 Paraeggerthella hongkongensis,ed0e1b179afcf52670cacf241ba6be44,0.0036363636363636364,10000,94,21240000,outputs.mapping/bams.cds.rand/SRR18048904.x.s__Bariatricus sp004560705.fastq.gz,SRR18048904.x.s__Bariatricus sp004560705,e3a1ed76,27220000,51,DNA,10000,2722,True,0.8563459587071731,0.8957152063205601,0.8760305825138666,0.8957152063205601,True,1,20876,27840,d__Bacteria;p__Actinomycetota;c__Coriobacteriia;o__Coriobacteriales;f__Eggerthellaceae;g__Paraeggerthella;s__Paraeggerthella hominis
50000,0.0018368846436443791,0.002506265664160401,0.0003673769287288758,0.007183908045977011,200.0,200.0,0.0,/group/ctbrowngrp5/sourmash-db.new/gtdb-rs226/gtdb-rs226-k51.dna.rocksdb,GCF_028596655.1 Clostridioides difficile,0b7dbb5a129f218bd25402ebb2da55dd,0.012531328320802004,10000,95,21230000,outputs.mapping/bams.cds.rand/SRR18048904.x.s__Bariatricus sp004560705.fastq.gz,SRR18048904.x.s__Bariatricus sp004560705,e3a1ed76,27220000,51,DNA,10000,2722,True,0.8838011182638892,0.9177107640104251,0.9007559411371571,0.9177107640104251,True,200,21076,27840,d__Bacteria;p__Bacillota;c__Clostridia;o__Peptostreptococcales;f__Peptostreptococcaceae;g__Clostridioides;s__Clostridioides difficile
10000,0.0003673769287288758,0.002932551319648094,0.0003673769287288758,3.591954022988506e-05,1.0,1.0,0.0,/group/ctbrowngrp5/sourmash-db.new/gtdb-rs226/gtdb-rs226-k51.dna.rocksdb,GCA_944384045.1 Candidatus Eisenbergiella pullistercoris,8005b269f78a1230aefe368d3d996b09,0.002932551319648094,10000,96,21220000,outputs.mapping/bams.cds.rand/SRR18048904.x.s__Bariatricus sp004560705.fastq.gz,SRR18048904.x.s__Bariatricus sp004560705,e3a1ed76,27220000,51,DNA,10000,2722,True,0.8563459587071731,0.8919451522429638,0.8741455554750684,0.8919451522429638,True,1,21077,27840,d__Bacteria;p__Bacillota;c__Clostridia;o__Lachnospirales;f__Lachnospiraceae;g__Eisenbergiella;s__Eisenbergiella pullistercoris
10000,0.0003673769287288758,0.002304147465437788,0.0003673769287288758,0.00014367816091954023,4.0,4.0,0.0,/group/ctbrowngrp5/sourmash-db.new/gtdb-rs226/gtdb-rs226-k51.dna.rocksdb,GCF_022133525.1 Eubacterium callanderi,b56f1d759d08ce99ffc8b612455c8ab3,0.002304147465437788,10000,97,21210000,outputs.mapping/bams.cds.rand/SRR18048904.x.s__Bariatricus sp004560705.fastq.gz,SRR18048904.x.s__Bariatricus sp004560705,e3a1ed76,27220000,51,DNA,10000,2722,True,0.8563459587071731,0.8877373963198654,0.8720416775135192,0.8877373963198654,True,4,21081,27840,d__Bacteria;p__Bacillota;c__Clostridia;o__Eubacteriales;f__Eubacteriaceae;g__Eubacterium;s__Eubacterium callanderi
10000,0.0003673769287288758,0.003663003663003663,0.0003673769287288758,0.00010775862068965517,3.0,3.0,0.0,/group/ctbrowngrp5/sourmash-db.new/gtdb-rs226/gtdb-rs226-k51.dna.rocksdb,GCA_904419815.1 uncultured Blautia sp.,b37e360f73fd37cf7d9d4b7b063c11cc,0.003663003663003663,10000,98,21200000,outputs.mapping/bams.cds.rand/SRR18048904.x.s__Bariatricus sp004560705.fastq.gz,SRR18048904.x.s__Bariatricus sp004560705,e3a1ed76,27220000,51,DNA,10000,2722,True,0.8563459587071731,0.8958434134603346,0.8760946860837538,0.8958434134603346,True,3,21084,27840,d__Bacteria;p__Bacillota;c__Clostridia;o__Lachnospirales;f__Lachnospiraceae;g__Blautia_A;s__Blautia_A intestinigallinarum
20000,0.0007347538574577516,0.0034965034965034965,0.0003673769287288758,0.025754310344827586,717.0,717.0,0.0,/group/ctbrowngrp5/sourmash-db.new/gtdb-rs226/gtdb-rs226-k51.dna.rocksdb,GCF_900545545.1 uncultured Subdoligranulum sp.,91ac6a5e938451e2cc8a5ae3c7551202,0.006993006993006993,10000,99,21190000,outputs.mapping/bams.cds.rand/SRR18048904.x.s__Bariatricus sp004560705.fastq.gz,SRR18048904.x.s__Bariatricus sp004560705,e3a1ed76,27220000,51,DNA,10000,2722,True,0.8680641114478567,0.9072740913132011,0.8876691013805289,0.9072740913132011,True,717,21801,27840,d__Bacteria;p__Bacillota;c__Clostridia;o__Oscillospirales;f__Ruminococcaceae;g__Gemmiger;s__Gemmiger sp900545545
10000,0.0003673769287288758,0.00425531914893617,0.0003673769287288758,0.0007543103448275862,21.0,21.0,0.0,/group/ctbrowngrp5/sourmash-db.new/gtdb-rs226/gtdb-rs226-k51.dna.rocksdb,GCA_945989255.1 uncultured Bacteroides sp.,42383548cd2cdd1267a215f61c72c92e,0.00425531914893617,10000,100,21180000,outputs.mapping/bams.cds.rand/SRR18048904.x.s__Bariatricus sp004560705.fastq.gz,SRR18048904.x.s__Bariatricus sp004560705,e3a1ed76,27220000,51,DNA,10000,2722,True,0.8563459587071731,0.8984801221677612,0.8774130404374672,0.8984801221677612,True,21,21822,27840,d__Bacteria;p__Bacillota;c__Clostridia;o__Lachnospirales;f__Lachnospiraceae;g__Bacteroides_F;s__Bacteroides_F sp945913015
10000,0.0003673769287288758,0.002188183807439825,0.0003673769287288758,0.00014367816091954023,4.0,4.0,0.0,/group/ctbrowngrp5/sourmash-db.new/gtdb-rs226/gtdb-rs226-k51.dna.rocksdb,GCA_948491825.1 Bacteroides acidifaciens,a7d794468be7e5e6d0d380ff3d56cbba,0.002188183807439825,10000,101,21170000,outputs.mapping/bams.cds.rand/SRR18048904.x.s__Bariatricus sp004560705.fastq.gz,SRR18048904.x.s__Bariatricus sp004560705,e3a1ed76,27220000,51,DNA,10000,2722,True,0.8563459587071731,0.8868389934940387,0.871592476100606,0.8868389934940387,True,4,21826,27840,d__Bacteria;p__Bacteroidota;c__Bacteroidia;o__Bacteroidales;f__Bacteroidaceae;g__Bacteroides;s__Bacteroides acidifaciens
60000,0.002204261572373255,0.0027397260273972603,0.0003673769287288758,0.001867816091954023,52.0,52.0,0.0,/group/ctbrowngrp5/sourmash-db.new/gtdb-rs226/gtdb-rs226-k51.dna.rocksdb,GCF_003436145.1 Coprococcus comes,a9f3ecc7e87b01e78b1392adf7907973,0.01643835616438356,10000,102,21160000,outputs.mapping/bams.cds.rand/SRR18048904.x.s__Bariatricus sp004560705.fastq.gz,SRR18048904.x.s__Bariatricus sp004560705,e3a1ed76,27220000,51,DNA,10000,2722,True,0.8869663018807827,0.9226071821329266,0.9047867420068547,0.9226071821329266,True,52,21878,27840,d__Bacteria;p__Bacillota;c__Clostridia;o__Lachnospirales;f__Lachnospiraceae;g__Bariatricus;s__Bariatricus comes
50000,0.0018368846436443791,0.002544529262086514,0.0003673769287288758,3.591954022988506e-05,1.0,1.0,0.0,/group/ctbrowngrp5/sourmash-db.new/gtdb-rs226/gtdb-rs226-k51.dna.rocksdb,GCA_041335415.1 Blautia faecis,93a336a0f08178046cbad9469745726f,0.01272264631043257,10000,103,21150000,outputs.mapping/bams.cds.rand/SRR18048904.x.s__Bariatricus sp004560705.fastq.gz,SRR18048904.x.s__Bariatricus sp004560705,e3a1ed76,27220000,51,DNA,10000,2722,True,0.8838011182638892,0.9179834510753254,0.9008922846696072,0.9179834510753254,True,1,21879,27840,d__Bacteria;p__Bacillota;c__Clostridia;o__Lachnospirales;f__Lachnospiraceae;g__Blautia_A;s__Blautia_A faecis
10000,0.0003673769287288758,0.00390625,0.0003673769287288758,0.0011494252873563218,32.0,32.0,0.0,/group/ctbrowngrp5/sourmash-db.new/gtdb-rs226/gtdb-rs226-k51.dna.rocksdb,GCF_946499175.1 uncultured Bifidobacterium sp.,6d7c02c303e0f768764f4230524a903e,0.00390625,10000,104,21140000,outputs.mapping/bams.cds.rand/SRR18048904.x.s__Bariatricus sp004560705.fastq.gz,SRR18048904.x.s__Bariatricus sp004560705,e3a1ed76,27220000,51,DNA,10000,2722,True,0.8563459587071731,0.896973491730792,0.8766597252189825,0.896973491730792,True,32,21911,27840,d__Bacteria;p__Actinomycetota;c__Actinomycetes;o__Actinomycetales;f__Bifidobacteriaceae;g__Bifidobacterium;s__Bifidobacterium pullorum_B
10000,0.0003673769287288758,0.0045662100456621,0.0003673769287288758,3.591954022988506e-05,1.0,1.0,0.0,/group/ctbrowngrp5/sourmash-db.new/gtdb-rs226/gtdb-rs226-k51.dna.rocksdb,GCA_902471895.1 uncultured Dorea sp.,0cb305a9c296016817594e3c4bfd54bd,0.0045662100456621,10000,105,21130000,outputs.mapping/bams.cds.rand/SRR18048904.x.s__Bariatricus sp004560705.fastq.gz,SRR18048904.x.s__Bariatricus sp004560705,e3a1ed76,27220000,51,DNA,10000,2722,True,0.8563459587071731,0.8997232408336094,0.8780345997703913,0.8997232408336094,True,1,21912,27840,d__Bacteria;p__Bacillota;c__Clostridia;o__Lachnospirales;f__Lachnospiraceae;g__Dorea_D;s__Dorea_D sp000433535
20000,0.0007347538574577516,0.0019193857965451055,0.0003673769287288758,0.0002514367816091954,7.0,7.0,0.0,/group/ctbrowngrp5/sourmash-db.new/gtdb-rs226/gtdb-rs226-k51.dna.rocksdb,GCA_000162195.1 Bacteroides sp. 3_1_33FAA,921abbb7648daa59137b0679671088b2,0.003838771593090211,10000,106,21120000,outputs.mapping/bams.cds.rand/SRR18048904.x.s__Bariatricus sp004560705.fastq.gz,SRR18048904.x.s__Bariatricus sp004560705,e3a1ed76,27220000,51,DNA,10000,2722,True,0.8680641114478567,0.8966670708098794,0.882365591128868,0.8966670708098794,True,7,21919,27840,d__Bacteria;p__Bacteroidota;c__Bacteroidia;o__Bacteroidales;f__Bacteroidaceae;g__Phocaeicola;s__Phocaeicola dorei
20000,0.0007347538574577516,0.0015151515151515152,0.0003673769287288758,3.591954022988506e-05,1.0,1.0,0.0,/group/ctbrowngrp5/sourmash-db.new/gtdb-rs226/gtdb-rs226-k51.dna.rocksdb,GCF_011317135.1 Enterocloster aldenensis,e86a66afd33593482cf4d53264a31d0b,0.0030303030303030303,10000,107,21110000,outputs.mapping/bams.cds.rand/SRR18048904.x.s__Bariatricus sp004560705.fastq.gz,SRR18048904.x.s__Bariatricus sp004560705,e3a1ed76,27220000,51,DNA,10000,2722,True,0.8680641114478567,0.8925188018005276,0.8802914566241922,0.8925188018005276,True,1,21920,27840,d__Bacteria;p__Bacillota;c__Clostridia;o__Lachnospirales;f__Lachnospiraceae;g__Enterocloster;s__Enterocloster aldenensis
30000,0.0011021307861866275,0.004878048780487805,0.0003673769287288758,0.00010775862068965517,3.0,3.0,0.0,/group/ctbrowngrp5/sourmash-db.new/gtdb-rs226/gtdb-rs226-k51.dna.rocksdb,GCA_946221645.1 Fusicatenibacter saccharivorans,a376366703cb02355d98379f789b2596,0.014634146341463415,10000,108,21100000,outputs.mapping/bams.cds.rand/SRR18048904.x.s__Bariatricus sp004560705.fastq.gz,SRR18048904.x.s__Bariatricus sp004560705,e3a1ed76,27220000,51,DNA,10000,2722,True,0.8749929850897653,0.9205063984590509,0.8977496917744081,0.9205063984590509,True,3,21923,27840,d__Bacteria;p__Bacillota;c__Clostridia;o__Lachnospirales;f__Lachnospiraceae;g__Fusicatenibacter;s__Fusicatenibacter saccharivorans
10000,0.0003673769287288758,0.002304147465437788,0.0003673769287288758,7.183908045977011e-05,2.0,2.0,0.0,/group/ctbrowngrp5/sourmash-db.new/gtdb-rs226/gtdb-rs226-k51.dna.rocksdb,GCF_032452555.1 Segatella copri,e4d525fec242a06c973a8586e2b92735,0.002304147465437788,10000,109,21090000,outputs.mapping/bams.cds.rand/SRR18048904.x.s__Bariatricus sp004560705.fastq.gz,SRR18048904.x.s__Bariatricus sp004560705,e3a1ed76,27220000,51,DNA,10000,2722,True,0.8563459587071731,0.8877373963198654,0.8720416775135192,0.8877373963198654,True,2,21925,27840,d__Bacteria;p__Bacteroidota;c__Bacteroidia;o__Bacteroidales;f__Bacteroidaceae;g__Prevotella;s__Prevotella sp900551275
10000,0.0003673769287288758,0.0047169811320754715,0.0003673769287288758,0.00035919540229885057,10.0,10.0,0.0,/group/ctbrowngrp5/sourmash-db.new/gtdb-rs226/gtdb-rs226-k51.dna.rocksdb,GCA_017436575.1 Oscillospiraceae bacterium,ea675ee098406bd91b4416f043852ccf,0.0047169811320754715,10000,110,21080000,outputs.mapping/bams.cds.rand/SRR18048904.x.s__Bariatricus sp004560705.fastq.gz,SRR18048904.x.s__Bariatricus sp004560705,e3a1ed76,27220000,51,DNA,10000,2722,True,0.8563459587071731,0.9002965198455473,0.8783212392763602,0.9002965198455473,True,10,21935,27840,d__Bacteria;p__Bacillota;c__Clostridia;o__Oscillospirales;f__Ruminococcaceae;g__RGIG3102;s__RGIG3102 sp017436575
10000,0.0003673769287288758,0.002506265664160401,0.0003673769287288758,3.591954022988506e-05,1.0,1.0,0.0,/group/ctbrowngrp5/sourmash-db.new/gtdb-rs226/gtdb-rs226-k51.dna.rocksdb,GCF_039832495.1 Clostridium saudiense,0e13e256bd9ba4df7e64a1a3f60fd28b,0.002506265664160401,10000,111,21070000,outputs.mapping/bams.cds.rand/SRR18048904.x.s__Bariatricus sp004560705.fastq.gz,SRR18048904.x.s__Bariatricus sp004560705,e3a1ed76,27220000,51,DNA,10000,2722,True,0.8563459587071731,0.8892022059964727,0.8727740823518229,0.8892022059964727,True,1,21936,27840,d__Bacteria;p__Bacillota;c__Clostridia;o__Clostridiales;f__Clostridiaceae;g__Clostridium;s__Clostridium saudiense
10000,0.0003673769287288758,0.005714285714285714,0.0003673769287288758,0.00014367816091954023,4.0,4.0,0.0,/group/ctbrowngrp5/sourmash-db.new/gtdb-rs226/gtdb-rs226-k51.dna.rocksdb,GCF_000372425.1 Streptococcus ferus DSM 20646,4d8e92b1540794ac0e419bfcf39eae00,0.005714285714285714,10000,112,21060000,outputs.mapping/bams.cds.rand/SRR18048904.x.s__Bariatricus sp004560705.fastq.gz,SRR18048904.x.s__Bariatricus sp004560705,e3a1ed76,27220000,51,DNA,10000,2722,True,0.8563459587071731,0.9036887208642069,0.8800173397856901,0.9036887208642069,True,4,21940,27840,d__Bacteria;p__Bacillota;c__Bacilli;o__Lactobacillales;f__Streptococcaceae;g__Streptococcus;s__Streptococcus ferus
10000,0.0003673769287288758,0.004484304932735426,0.0003673769287288758,3.591954022988506e-05,1.0,1.0,0.0,/group/ctbrowngrp5/sourmash-db.new/gtdb-rs226/gtdb-rs226-k51.dna.rocksdb,GCA_946497995.1 uncultured Clostridia bacterium,9314e4655e46f1b53f91dfbcbe4468e9,0.004484304932735426,10000,113,21050000,outputs.mapping/bams.cds.rand/SRR18048904.x.s__Bariatricus sp004560705.fastq.gz,SRR18048904.x.s__Bariatricus sp004560705,e3a1ed76,27220000,51,DNA,10000,2722,True,0.8563459587071731,0.8994039832126721,0.8778749709599226,0.8994039832126721,True,1,21941,27840,d__Bacteria;p__Bacillota;c__Clostridia;o__Oscillospirales;f__Butyricicoccaceae;g__SIG471;s__SIG471 sp905199135
10000,0.0003673769287288758,0.004098360655737705,0.0003673769287288758,0.00017959770114942528,5.0,5.0,0.0,/group/ctbrowngrp5/sourmash-db.new/gtdb-rs226/gtdb-rs226-k51.dna.rocksdb,GCF_034172645.1 Dysosmobacter sp.,72125f4ddcb345f2692a5cae382db862,0.004098360655737705,10000,114,21040000,outputs.mapping/bams.cds.rand/SRR18048904.x.s__Bariatricus sp004560705.fastq.gz,SRR18048904.x.s__Bariatricus sp004560705,e3a1ed76,27220000,51,DNA,10000,2722,True,0.8563459587071731,0.8978182617731918,0.8770821102401825,0.8978182617731918,True,5,21946,27840,d__Bacteria;p__Bacillota;c__Clostridia;o__Oscillospirales;f__Oscillospiraceae;g__Oscillibacter;s__Oscillibacter sp018228705
80000,0.0029390154298310064,0.0029585798816568047,0.0003673769287288758,7.183908045977011e-05,2.0,2.0,0.0,/group/ctbrowngrp5/sourmash-db.new/gtdb-rs226/gtdb-rs226-k51.dna.rocksdb,GCA_032620915.1 Oscillospiraceae bacterium NTUH-002-81,3db6e59291feaaa403527319d329a43d,0.023668639053254437,10000,115,21030000,outputs.mapping/bams.cds.rand/SRR18048904.x.s__Bariatricus sp004560705.fastq.gz,SRR18048904.x.s__Bariatricus sp004560705,e3a1ed76,27220000,51,DNA,10000,2722,True,0.8919836612453153,0.9292253406967806,0.910604500971048,0.9292253406967806,False,2,21948,27840,d__Bacteria;p__Bacillota;c__Clostridia;o__Lachnospirales;f__Lachnospiraceae;g__JAGTTR01;s__JAGTTR01 sp018223385
10000,0.0003673769287288758,0.0035842293906810036,0.0003673769287288758,0.00010775862068965517,3.0,3.0,0.0,/group/ctbrowngrp5/sourmash-db.new/gtdb-rs226/gtdb-rs226-k51.dna.rocksdb,GCF_036849355.1 Muricomes intestini,ae7df6026908d414029870c8a055782b,0.0035842293906810036,10000,116,21020000,outputs.mapping/bams.cds.rand/SRR18048904.x.s__Bariatricus sp004560705.fastq.gz,SRR18048904.x.s__Bariatricus sp004560705,e3a1ed76,27220000,51,DNA,10000,2722,True,0.8563459587071731,0.8954616198633102,0.8759037892852417,0.8954616198633102,True,3,21951,27840,d__Bacteria;p__Bacillota;c__Clostridia;o__Lachnospirales;f__Lachnospiraceae;g__Muricomes;s__Muricomes intestini
10000,0.0003673769287288758,0.0030959752321981426,0.0003673769287288758,0.0014367816091954023,40.0,40.0,0.0,/group/ctbrowngrp5/sourmash-db.new/gtdb-rs226/gtdb-rs226-k51.dna.rocksdb,GCF_002161375.1 Anaerotignum lactatifermentans,8b458dc750da73a4850a6da04bba4461,0.0030959752321981426,10000,117,21010000,outputs.mapping/bams.cds.rand/SRR18048904.x.s__Bariatricus sp004560705.fastq.gz,SRR18048904.x.s__Bariatricus sp004560705,e3a1ed76,27220000,51,DNA,10000,2722,True,0.8563459587071731,0.8928940943821623,0.8746200265446678,0.8928940943821623,True,40,21991,27840,d__Bacteria;p__Bacillota;c__Clostridia;o__Lachnospirales;f__Anaerotignaceae;g__Anaerotignum;s__Anaerotignum lactatifermentans
20000,0.0007347538574577516,0.0045045045045045045,0.0003673769287288758,3.591954022988506e-05,1.0,1.0,0.0,/group/ctbrowngrp5/sourmash-db.new/gtdb-rs226/gtdb-rs226-k51.dna.rocksdb,GCA_022780895.1 bacterium,7acf1a9d79c2207615b0e4188835b24a,0.009009009009009009,10000,118,21000000,outputs.mapping/bams.cds.rand/SRR18048904.x.s__Bariatricus sp004560705.fastq.gz,SRR18048904.x.s__Bariatricus sp004560705,e3a1ed76,27220000,51,DNA,10000,2722,True,0.8680641114478567,0.9117916860315043,0.8899278987396805,0.9117916860315043,True,1,21992,27840,d__Bacteria;p__Bacillota;c__Clostridia;o__Oscillospirales;f__Ruminococcaceae;g__Gemmiger;s__Gemmiger sp004561545
10000,0.0003673769287288758,0.0024509803921568627,0.0003673769287288758,3.591954022988506e-05,1.0,1.0,0.0,/group/ctbrowngrp5/sourmash-db.new/gtdb-rs226/gtdb-rs226-k51.dna.rocksdb,GCF_026337825.1 Clostridioides difficile,5fd2f3a06aca5ac2bb79aeb82e17a0c8,0.0024509803921568627,10000,119,20990000,outputs.mapping/bams.cds.rand/SRR18048904.x.s__Bariatricus sp004560705.fastq.gz,SRR18048904.x.s__Bariatricus sp004560705,e3a1ed76,27220000,51,DNA,10000,2722,True,0.8563459587071731,0.8888133826244707,0.872579670665822,0.8888133826244707,True,1,21993,27840,d__Bacteria;p__Bacillota;c__Clostridia;o__Peptostreptococcales;f__Peptostreptococcaceae;g__Clostridioides;s__Clostridioides difficile
10000,0.0003673769287288758,0.0027624309392265192,0.0003673769287288758,0.00010775862068965517,3.0,3.0,0.0,/group/ctbrowngrp5/sourmash-db.new/gtdb-rs226/gtdb-rs226-k51.dna.rocksdb,GCA_948756575.1 uncultured Lachnospiraceae bacterium,38d6dd314826f165eb03abfba6880f34,0.0027624309392265192,10000,120,20980000,outputs.mapping/bams.cds.rand/SRR18048904.x.s__Bariatricus sp004560705.fastq.gz,SRR18048904.x.s__Bariatricus sp004560705,e3a1ed76,27220000,51,DNA,10000,2722,True,0.8563459587071731,0.8909005841896418,0.8736232714484075,0.8909005841896418,True,3,21996,27840,d__Bacteria;p__Bacillota;c__Clostridia;o__Lachnospirales;f__Lachnospiraceae;g__Hominiventricola;s__Hominiventricola sp009774145
40000,0.0014695077149155032,0.00267379679144385,0.0003673769287288758,0.010344827586206896,288.0,288.0,0.0,/group/ctbrowngrp5/sourmash-db.new/gtdb-rs226/gtdb-rs226-k51.dna.rocksdb,GCF_017851155.1 Blautia sp.,4978c6980d38c1a477b48c96ad79fc0a,0.0106951871657754,10000,121,20970000,outputs.mapping/bams.cds.rand/SRR18048904.x.s__Bariatricus sp004560705.fastq.gz,SRR18048904.x.s__Bariatricus sp004560705,e3a1ed76,27220000,51,DNA,10000,2722,True,0.8799426142226098,0.9148642036741179,0.8974034089483638,0.9148642036741179,True,288,22284,27840,d__Bacteria;p__Bacillota;c__Clostridia;o__Lachnospirales;f__Lachnospiraceae;g__Oliverpabstia;s__Oliverpabstia faecicola
50000,0.0018368846436443791,0.002551020408163265,0.0003673769287288758,0.0002514367816091954,7.0,7.0,0.0,/group/ctbrowngrp5/sourmash-db.new/gtdb-rs226/gtdb-rs226-k51.dna.rocksdb,GCF_020563965.1 Blautia glucerasea,9fafbfcd0e702ab69ff8a09981d7741b,0.012755102040816327,10000,122,20960000,outputs.mapping/bams.cds.rand/SRR18048904.x.s__Bariatricus sp004560705.fastq.gz,SRR18048904.x.s__Bariatricus sp004560705,e3a1ed76,27220000,51,DNA,10000,2722,True,0.8838011182638892,0.9180293112915147,0.900915214777702,0.9180293112915147,True,7,22291,27840,d__Bacteria;p__Bacillota;c__Clostridia;o__Lachnospirales;f__Lachnospiraceae;g__Blautia_A;s__Blautia_A sp900548245
10000,0.0003673769287288758,0.006756756756756757,0.0003673769287288758,0.00010775862068965517,3.0,3.0,0.0,/group/ctbrowngrp5/sourmash-db.new/gtdb-rs226/gtdb-rs226-k51.dna.rocksdb,GCA_938035045.1 uncultured Clostridia bacterium,62e28222e5585ecf925741b10e008d21,0.006756756756756757,10000,123,20950000,outputs.mapping/bams.cds.rand/SRR18048904.x.s__Bariatricus sp004560705.fastq.gz,SRR18048904.x.s__Bariatricus sp004560705,e3a1ed76,27220000,51,DNA,10000,2722,True,0.8563459587071731,0.9066629076096819,0.8815044331584275,0.9066629076096819,True,3,22294,27840,d__Bacteria;p__Bacillota;c__Clostridia;o__Oscillospirales;f__Acutalibacteraceae;g__UMGS1279;s__UMGS1279 sp902490735
10000,0.0003673769287288758,0.004524886877828055,0.0003673769287288758,0.0028017241379310344,78.0,78.0,0.0,/group/ctbrowngrp5/sourmash-db.new/gtdb-rs226/gtdb-rs226-k51.dna.rocksdb,GCA_934457145.1 uncultured Clostridia bacterium,c87e7fa6e8e306f9edc1d2bdc8ab42ef,0.004524886877828055,10000,124,20940000,outputs.mapping/bams.cds.rand/SRR18048904.x.s__Bariatricus sp004560705.fastq.gz,SRR18048904.x.s__Bariatricus sp004560705,e3a1ed76,27220000,51,DNA,10000,2722,True,0.8563459587071731,0.8995628755480881,0.8779544171276306,0.8995628755480881,True,78,22372,27840,d__Bacteria;p__Bacillota;c__Clostridia;o__UBA1381;f__UMGS1253;g__CAKSHP01;s__CAKSHP01 sp934457145
10000,0.0003673769287288758,0.004830917874396135,0.0003673769287288758,7.183908045977011e-05,2.0,2.0,0.0,/group/ctbrowngrp5/sourmash-db.new/gtdb-rs226/gtdb-rs226-k51.dna.rocksdb,GCA_938034745.1 uncultured Clostridia bacterium,5432c47f9fb2380bd1a48fab2fcf28d8,0.004830917874396135,10000,125,20930000,outputs.mapping/bams.cds.rand/SRR18048904.x.s__Bariatricus sp004560705.fastq.gz,SRR18048904.x.s__Bariatricus sp004560705,e3a1ed76,27220000,51,DNA,10000,2722,True,0.8563459587071731,0.9007179480665418,0.8785319533868574,0.9007179480665418,True,2,22374,27840,d__Bacteria;p__Bacillota;c__Clostridia;o__Oscillospirales;f__UBA644;g__UBA644;s__UBA644 sp002299265
10000,0.0003673769287288758,0.0035587188612099642,0.0003673769287288758,0.00010775862068965517,3.0,3.0,0.0,/group/ctbrowngrp5/sourmash-db.new/gtdb-rs226/gtdb-rs226-k51.dna.rocksdb,GCA_022770185.1 Prevotella sp.,233597460e38494daf7d5b0c8e844464,0.0035587188612099642,10000,126,20920000,outputs.mapping/bams.cds.rand/SRR18048904.x.s__Bariatricus sp004560705.fastq.gz,SRR18048904.x.s__Bariatricus sp004560705,e3a1ed76,27220000,51,DNA,10000,2722,True,0.8563459587071731,0.8953362133195951,0.8758410860133841,0.8953362133195951,True,3,22377,27840,d__Bacteria;p__Bacteroidota;c__Bacteroidia;o__Bacteroidales;f__Bacteroidaceae;g__Prevotella;s__Prevotella sp000434975
20000,0.0007347538574577516,0.00186219739292365,0.0003673769287288758,0.0008620689655172414,24.0,24.0,0.0,/group/ctbrowngrp5/sourmash-db.new/gtdb-rs226/gtdb-rs226-k51.dna.rocksdb,GCA_032553655.1 Blautia producta,26e46def9b50ddac64652db68339eb00,0.0037243947858473,10000,127,20910000,outputs.mapping/bams.cds.rand/SRR18048904.x.s__Bariatricus sp004560705.fastq.gz,SRR18048904.x.s__Bariatricus sp004560705,e3a1ed76,27220000,51,DNA,10000,2722,True,0.8680641114478567,0.8961354160783703,0.8820997637631135,0.8961354160783703,True,24,22401,27840,d__Bacteria;p__Bacillota;c__Clostridia;o__Lachnospirales;f__Lachnospiraceae;g__Blautia;s__Blautia coccoides
10000,0.0003673769287288758,0.0024875621890547263,0.0003673769287288758,0.00010775862068965517,3.0,3.0,0.0,/group/ctbrowngrp5/sourmash-db.new/gtdb-rs226/gtdb-rs226-k51.dna.rocksdb,GCA_021770065.1 Lachnoclostridium sp.,076a8d9aaf24bd7a2c113e02d71c561c,0.0024875621890547263,10000,128,20900000,outputs.mapping/bams.cds.rand/SRR18048904.x.s__Bariatricus sp004560705.fastq.gz,SRR18048904.x.s__Bariatricus sp004560705,e3a1ed76,27220000,51,DNA,10000,2722,True,0.8563459587071731,0.8890716131984315,0.8727087859528023,0.8890716131984315,True,3,22404,27840,d__Bacteria;p__Bacillota;c__Clostridia;o__Lachnospirales;f__Lachnospiraceae;g__Laedolimicola;s__Laedolimicola sp021770065
20000,0.0007347538574577516,0.0016339869281045752,0.0003673769287288758,0.0028017241379310344,78.0,78.0,0.0,/group/ctbrowngrp5/sourmash-db.new/gtdb-rs226/gtdb-rs226-k51.dna.rocksdb,GCA_948537855.1 uncultured Kineothrix sp.,0d7f5e83fe3104e7413e065309300ef6,0.0032679738562091504,10000,129,20890000,outputs.mapping/bams.cds.rand/SRR18048904.x.s__Bariatricus sp004560705.fastq.gz,SRR18048904.x.s__Bariatricus sp004560705,e3a1ed76,27220000,51,DNA,10000,2722,True,0.8680641114478567,0.8938411904895232,0.8809526509686899,0.8938411904895232,True,78,22482,27840,d__Bacteria;p__Bacillota;c__Clostridia;o__Lachnospirales;f__Lachnospiraceae;g__Kineothrix;s__Kineothrix sp011958945
10000,0.0003673769287288758,0.006756756756756757,0.0003673769287288758,3.591954022988506e-05,1.0,1.0,0.0,/group/ctbrowngrp5/sourmash-db.new/gtdb-rs226/gtdb-rs226-k51.dna.rocksdb,GCA_963632605.1 Parabacteroides merdae,e1bf58886a9f5ff6672617bc7cf95029,0.006756756756756757,10000,130,20880000,outputs.mapping/bams.cds.rand/SRR18048904.x.s__Bariatricus sp004560705.fastq.gz,SRR18048904.x.s__Bariatricus sp004560705,e3a1ed76,27220000,51,DNA,10000,2722,True,0.8563459587071731,0.9066629076096819,0.8815044331584275,0.9066629076096819,True,1,22483,27840,d__Bacteria;p__Bacillota;c__Clostridia;o__Oscillospirales;f__Oscillospiraceae;g__F23-B02;s__F23-B02 sp000431075
10000,0.0003673769287288758,0.004784688995215311,0.0003673769287288758,3.591954022988506e-05,1.0,1.0,0.0,/group/ctbrowngrp5/sourmash-db.new/gtdb-rs226/gtdb-rs226-k51.dna.rocksdb,GCA_036301445.1 Agathobaculum butyriciproducens,2956406b9193deb52b9f697e1569a501,0.004784688995215311,10000,131,20870000,outputs.mapping/bams.cds.rand/SRR18048904.x.s__Bariatricus sp004560705.fastq.gz,SRR18048904.x.s__Bariatricus sp004560705,e3a1ed76,27220000,51,DNA,10000,2722,True,0.8563459587071731,0.9005481441482567,0.878447051427715,0.9005481441482567,True,1,22484,27840,d__Bacteria;p__Bacillota;c__Clostridia;o__Oscillospirales;f__Butyricicoccaceae;g__Agathobaculum;s__Agathobaculum butyriciproducens
10000,0.0003673769287288758,0.005235602094240838,0.0003673769287288758,3.591954022988506e-05,1.0,1.0,0.0,/group/ctbrowngrp5/sourmash-db.new/gtdb-rs226/gtdb-rs226-k51.dna.rocksdb,GCA_034175745.1 Bullifex sp.,24912f04e878494ccc59b78fa62c6dec,0.005235602094240838,10000,132,20860000,outputs.mapping/bams.cds.rand/SRR18048904.x.s__Bariatricus sp004560705.fastq.gz,SRR18048904.x.s__Bariatricus sp004560705,e3a1ed76,27220000,51,DNA,10000,2722,True,0.8563459587071731,0.9021398257330133,0.8792428922200932,0.9021398257330133,True,1,22485,27840,d__Bacteria;p__Spirochaetota;c__Spirochaetia;o__Sphaerochaetales;f__Sphaerochaetaceae;g__Bullifex;s__Bullifex sp022788185
20000,0.0007347538574577516,0.0028089887640449437,0.0003673769287288758,3.591954022988506e-05,1.0,1.0,0.0,/group/ctbrowngrp5/sourmash-db.new/gtdb-rs226/gtdb-rs226-k51.dna.rocksdb,GCA_037320145.1 Roseburia inulinivorans,3615125798c07523a666ab470213cfdd,0.0056179775280898875,10000,133,20850000,outputs.mapping/bams.cds.rand/SRR18048904.x.s__Bariatricus sp004560705.fastq.gz,SRR18048904.x.s__Bariatricus sp004560705,e3a1ed76,27220000,51,DNA,10000,2722,True,0.8680641114478567,0.9033875844208873,0.8857258479343719,0.9033875844208873,True,1,22486,27840,d__Bacteria;p__Bacillota;c__Clostridia;o__Lachnospirales;f__Lachnospiraceae;g__Roseburia;s__Roseburia inulinivorans
30000,0.0011021307861866275,0.0027247956403269754,0.0003673769287288758,0.00021551724137931034,6.0,6.0,0.0,/group/ctbrowngrp5/sourmash-db.new/gtdb-rs226/gtdb-rs226-k51.dna.rocksdb,GCF_036419255.1 Agathobacter rectalis,da2e49254fc1f7d6ed32685b3223fa06,0.008174386920980926,10000,134,20840000,outputs.mapping/bams.cds.rand/SRR18048904.x.s__Bariatricus sp004560705.fastq.gz,SRR18048904.x.s__Bariatricus sp004560705,e3a1ed76,27220000,51,DNA,10000,2722,True,0.8749929850897653,0.9100552278565777,0.8925241064731715,0.9100552278565777,True,6,22492,27840,d__Bacteria;p__Bacillota;c__Clostridia;o__Lachnospirales;f__Lachnospiraceae;g__Agathobacter;s__Agathobacter rectalis
10000,0.0003673769287288758,0.0017605633802816902,0.0003673769287288758,3.591954022988506e-05,1.0,1.0,0.0,/group/ctbrowngrp5/sourmash-db.new/gtdb-rs226/gtdb-rs226-k51.dna.rocksdb,GCF_029602245.1 Klebsiella pneumoniae,577f9a9192a40808cc2aff3784cd0019,0.0017605633802816902,10000,135,20830000,outputs.mapping/bams.cds.rand/SRR18048904.x.s__Bariatricus sp004560705.fastq.gz,SRR18048904.x.s__Bariatricus sp004560705,e3a1ed76,27220000,51,DNA,10000,2722,True,0.8563459587071731,0.883066012406095,0.869705985556634,0.883066012406095,True,1,22493,27840,d__Bacteria;p__Pseudomonadota;c__Gammaproteobacteria;o__Enterobacterales;f__Enterobacteriaceae;g__Klebsiella;s__Klebsiella pneumoniae
10000,0.0003673769287288758,0.004629629629629629,0.0003673769287288758,0.0010775862068965517,30.0,30.0,0.0,/group/ctbrowngrp5/sourmash-db.new/gtdb-rs226/gtdb-rs226-k51.dna.rocksdb,GCA_034088525.1 Oscillospiraceae bacterium,0a932685791a84b60e03ee12d7116046,0.004629629629629629,10000,136,20820000,outputs.mapping/bams.cds.rand/SRR18048904.x.s__Bariatricus sp004560705.fastq.gz,SRR18048904.x.s__Bariatricus sp004560705,e3a1ed76,27220000,51,DNA,10000,2722,True,0.8563459587071731,0.8999666104581765,0.8781562845826748,0.8999666104581765,True,30,22523,27840,d__Bacteria;p__Bacillota;c__Clostridia;o__Oscillospirales;f__Oscillospiraceae;g__CAG-170;s__CAG-170 sp000436735
10000,0.0003673769287288758,0.006097560975609756,0.0003673769287288758,0.000610632183908046,17.0,17.0,0.0,/group/ctbrowngrp5/sourmash-db.new/gtdb-rs226/gtdb-rs226-k51.dna.rocksdb,GCF_028322105.1 Faecalitalea cylindroides,7f4beaec7e1869a99b82208e6bfceab6,0.006097560975609756,10000,137,20810000,outputs.mapping/bams.cds.rand/SRR18048904.x.s__Bariatricus sp004560705.fastq.gz,SRR18048904.x.s__Bariatricus sp004560705,e3a1ed76,27220000,51,DNA,10000,2722,True,0.8563459587071731,0.9048397878646056,0.8805928732858894,0.9048397878646056,True,17,22540,27840,d__Bacteria;p__Bacillota;c__Bacilli;o__Erysipelotrichales;f__Erysipelotrichaceae;g__Faecalitalea;s__Faecalitalea cylindroides
20000,0.0007347538574577516,0.003937007874015748,0.0003673769287288758,0.0003232758620689655,9.0,9.0,0.0,/group/ctbrowngrp5/sourmash-db.new/gtdb-rs226/gtdb-rs226-k51.dna.rocksdb,GCA_029219845.1 Roseburia porci,bfc5c94b3f4b31d04b5ebfd98c031235,0.007874015748031496,10000,138,20800000,outputs.mapping/bams.cds.rand/SRR18048904.x.s__Bariatricus sp004560705.fastq.gz,SRR18048904.x.s__Bariatricus sp004560705,e3a1ed76,27220000,51,DNA,10000,2722,True,0.8680641114478567,0.9093874295165494,0.888725770482203,0.9093874295165494,True,9,22549,27840,d__Bacteria;p__Bacillota;c__Clostridia;o__Lachnospirales;f__Lachnospiraceae;g__Roseburia_A;s__Roseburia_A porci
90000,0.0033063923585598823,0.0028653295128939827,0.0003673769287288758,0.004777298850574712,133.0,133.0,0.0,/group/ctbrowngrp5/sourmash-db.new/gtdb-rs226/gtdb-rs226-k51.dna.rocksdb,GCF_003459705.1 Mediterraneibacter gnavus,4e57cc55894bdf22cc131e03eaa9652f,0.025787965616045846,10000,139,20790000,outputs.mapping/bams.cds.rand/SRR18048904.x.s__Bariatricus sp004560705.fastq.gz,SRR18048904.x.s__Bariatricus sp004560705,e3a1ed76,27220000,51,DNA,10000,2722,True,0.8940460524997923,0.9307891567977659,0.9124176046487791,0.9307891567977659,False,133,22682,27840,d__Bacteria;p__Bacillota;c__Clostridia;o__Lachnospirales;f__Lachnospiraceae;g__Ruminococcus_B;s__Ruminococcus_B gnavus
10000,0.0003673769287288758,0.004830917874396135,0.0003673769287288758,0.00014367816091954023,4.0,4.0,0.0,/group/ctbrowngrp5/sourmash-db.new/gtdb-rs226/gtdb-rs226-k51.dna.rocksdb,GCA_023396135.1 Bacillota bacterium,a25a6c0f8e3125a4d7586bf89627f6dc,0.004830917874396135,10000,140,20780000,outputs.mapping/bams.cds.rand/SRR18048904.x.s__Bariatricus sp004560705.fastq.gz,SRR18048904.x.s__Bariatricus sp004560705,e3a1ed76,27220000,51,DNA,10000,2722,True,0.8563459587071731,0.9007179480665418,0.8785319533868574,0.9007179480665418,True,4,22686,27840,d__Bacteria;p__Bacillota;c__Clostridia;o__Clostridiales;f__Clostridiaceae;g__Clostridium;s__Clostridium sp023399035
20000,0.0007347538574577516,0.0033112582781456954,0.0003673769287288758,3.591954022988506e-05,1.0,1.0,0.0,/group/ctbrowngrp5/sourmash-db.new/gtdb-rs226/gtdb-rs226-k51.dna.rocksdb,GCA_945915475.1 uncultured Clostridium sp.,f738d8d9837bac1ca032f9dacf10eb9e,0.006622516556291391,10000,141,20770000,outputs.mapping/bams.cds.rand/SRR18048904.x.s__Bariatricus sp004560705.fastq.gz,SRR18048904.x.s__Bariatricus sp004560705,e3a1ed76,27220000,51,DNA,10000,2722,True,0.8680641114478567,0.9063062225914459,0.8871851670196513,0.9063062225914459,True,1,22687,27840,d__Bacteria;p__Bacillota;c__Clostridia;o__Lachnospirales;f__Lachnospiraceae;g__CAG-590;s__CAG-590 sp945915475
20000,0.0007347538574577516,0.004048582995951417,0.0003673769287288758,0.006573275862068966,183.0,183.0,0.0,/group/ctbrowngrp5/sourmash-db.new/gtdb-rs226/gtdb-rs226-k51.dna.rocksdb,GCA_004556375.1 [Eubacterium] saphenum,6f73b817ea1983fcbfdb3300020d0b82,0.008097165991902834,10000,142,20760000,outputs.mapping/bams.cds.rand/SRR18048904.x.s__Bariatricus sp004560705.fastq.gz,SRR18048904.x.s__Bariatricus sp004560705,e3a1ed76,27220000,51,DNA,10000,2722,True,0.8680641114478567,0.9098858734755169,0.8889749924616868,0.9098858734755169,True,183,22870,27840,d__Bacteria;p__Bacillota;c__Clostridia;o__Peptostreptococcales;f__Anaerovoracaceae;g__Hornefia;s__Hornefia butyriciproducens
20000,0.0007347538574577516,0.003703703703703704,0.0003673769287288758,0.000646551724137931,18.0,18.0,0.0,/group/ctbrowngrp5/sourmash-db.new/gtdb-rs226/gtdb-rs226-k51.dna.rocksdb,GCA_905202885.1 Oscillospiraceae bacterium,94dcb938f3f1831b73b6d298114588e1,0.007407407407407408,10000,143,20750000,outputs.mapping/bams.cds.rand/SRR18048904.x.s__Bariatricus sp004560705.fastq.gz,SRR18048904.x.s__Bariatricus sp004560705,e3a1ed76,27220000,51,DNA,10000,2722,True,0.8680641114478567,0.9082988192772692,0.8881814653625629,0.9082988192772692,True,18,22888,27840,d__Bacteria;p__Bacillota;c__Clostridia;o__Oscillospirales;f__Oscillospiraceae;g__Lawsonibacter;s__Lawsonibacter sp000177015
10000,0.0003673769287288758,0.002967359050445104,0.0003673769287288758,0.00010775862068965517,3.0,3.0,0.0,/group/ctbrowngrp5/sourmash-db.new/gtdb-rs226/gtdb-rs226-k51.dna.rocksdb,GCA_016283525.1 Bacteroidaceae bacterium,d12059035904732adb34be3c16eec6d4,0.002967359050445104,10000,144,20740000,outputs.mapping/bams.cds.rand/SRR18048904.x.s__Bariatricus sp004560705.fastq.gz,SRR18048904.x.s__Bariatricus sp004560705,e3a1ed76,27220000,51,DNA,10000,2722,True,0.8563459587071731,0.8921515398170204,0.8742487492620967,0.8921515398170204,True,3,22891,27840,d__Bacteria;p__Bacteroidota;c__Bacteroidia;o__Bacteroidales;f__Bacteroidaceae;g__Ga6A1;s__Ga6A1 sp900102385
110000,0.004041146216017634,0.003472222222222222,0.0003673769287288758,7.183908045977011e-05,2.0,2.0,0.0,/group/ctbrowngrp5/sourmash-db.new/gtdb-rs226/gtdb-rs226-k51.dna.rocksdb,GCA_945949875.1 uncultured bacterium,c2e73279b1161567034f5c72604794af,0.03819444444444445,10000,145,20730000,outputs.mapping/bams.cds.rand/SRR18048904.x.s__Bariatricus sp004560705.fastq.gz,SRR18048904.x.s__Bariatricus sp004560705,e3a1ed76,27220000,51,DNA,10000,2722,True,0.897570802857825,0.9379854081704605,0.9177781055141427,0.9379854081704605,False,2,22893,27840,d__Bacteria;p__Bacillota;c__Clostridia;o__Lachnospirales;f__Lachnospiraceae;g__1XD8-76;s__1XD8-76 sp945949875
10000,0.0003673769287288758,0.0035211267605633804,0.0003673769287288758,0.0034482758620689655,96.0,96.0,0.0,/group/ctbrowngrp5/sourmash-db.new/gtdb-rs226/gtdb-rs226-k51.dna.rocksdb,GCF_018917435.1 Intestinibacter bartlettii,06a1e298df7ab81906158273d3a2b850,0.0035211267605633804,10000,146,20720000,outputs.mapping/bams.cds.rand/SRR18048904.x.s__Bariatricus sp004560705.fastq.gz,SRR18048904.x.s__Bariatricus sp004560705,e3a1ed76,27220000,51,DNA,10000,2722,True,0.8563459587071731,0.8951497996982114,0.8757478792026923,0.8951497996982114,True,96,22989,27840,d__Bacteria;p__Bacillota;c__Clostridia;o__Peptostreptococcales;f__Peptostreptococcaceae;g__Intestinibacter;s__Intestinibacter bartlettii_A
10000,0.0003673769287288758,0.0045871559633027525,0.0003673769287288758,0.0002514367816091954,7.0,7.0,0.0,/group/ctbrowngrp5/sourmash-db.new/gtdb-rs226/gtdb-rs226-k51.dna.rocksdb,GCF_024135845.1 Anaerofustis sp. NSJ-163,503f3c6a5844d382c115ff60c1c73241,0.0045871559633027525,10000,147,20710000,outputs.mapping/bams.cds.rand/SRR18048904.x.s__Bariatricus sp004560705.fastq.gz,SRR18048904.x.s__Bariatricus sp004560705,e3a1ed76,27220000,51,DNA,10000,2722,True,0.8563459587071731,0.8998039843327351,0.8780749715199541,0.8998039843327351,True,7,22996,27840,d__Bacteria;p__Bacillota;c__Clostridia;o__Eubacteriales;f__Anaerofustaceae;g__Anaerofustis;s__Anaerofustis stercorihominis_A
20000,0.0007347538574577516,0.002544529262086514,0.0003673769287288758,7.183908045977011e-05,2.0,2.0,0.0,/group/ctbrowngrp5/sourmash-db.new/gtdb-rs226/gtdb-rs226-k51.dna.rocksdb,GCF_028210515.1 Clostridium paraputrificum,31ed46a9530928639084495e3b01fa07,0.005089058524173028,10000,148,20700000,outputs.mapping/bams.cds.rand/SRR18048904.x.s__Bariatricus sp004560705.fastq.gz,SRR18048904.x.s__Bariatricus sp004560705,e3a1ed76,27220000,51,DNA,10000,2722,True,0.8680641114478567,0.9016377919354555,0.8848509516916561,0.9016377919354555,True,2,22998,27840,d__Bacteria;p__Bacillota;c__Clostridia;o__Clostridiales;f__Clostridiaceae;g__Clostridium;s__Clostridium paraputrificum
10000,0.0003673769287288758,0.004761904761904762,0.0003673769287288758,0.0002514367816091954,7.0,7.0,0.0,/group/ctbrowngrp5/sourmash-db.new/gtdb-rs226/gtdb-rs226-k51.dna.rocksdb,GCA_029007845.1 Clostridiales bacterium,ea8659a064c586edf6c1b4a10983a6ab,0.004761904761904762,10000,149,20690000,outputs.mapping/bams.cds.rand/SRR18048904.x.s__Bariatricus sp004560705.fastq.gz,SRR18048904.x.s__Bariatricus sp004560705,e3a1ed76,27220000,51,DNA,10000,2722,True,0.8563459587071731,0.900463862458667,0.8784049105829201,0.900463862458667,True,7,23005,27840,d__Bacteria;p__Bacillota;c__Clostridia;o__Lachnospirales;f__Lachnospiraceae;g__SUG1228;s__SUG1228 sp029007845
20000,0.0007347538574577516,0.004201680672268907,0.0003673769287288758,0.0005387931034482759,15.0,15.0,0.0,/group/ctbrowngrp5/sourmash-db.new/gtdb-rs226/gtdb-rs226-k51.dna.rocksdb,GCA_029984075.1 Blautia sp.,55aba8f8f7c3431a3c96cf54c43acc88,0.008403361344537815,10000,150,20680000,outputs.mapping/bams.cds.rand/SRR18048904.x.s__Bariatricus sp004560705.fastq.gz,SRR18048904.x.s__Bariatricus sp004560705,e3a1ed76,27220000,51,DNA,10000,2722,True,0.8680641114478567,0.9105483270059616,0.8893062192269091,0.9105483270059616,True,15,23020,27840,d__Bacteria;p__Bacillota;c__Clostridia;o__Lachnospirales;f__Lachnospiraceae;g__Blautia;s__Blautia sp900539145
10000,0.0003673769287288758,0.003676470588235294,0.0003673769287288758,3.591954022988506e-05,1.0,1.0,0.0,/group/ctbrowngrp5/sourmash-db.new/gtdb-rs226/gtdb-rs226-k51.dna.rocksdb,GCA_958368405.1 uncultured Eubacteriales bacterium,18cdf6815754921c618bef5da0223904,0.003676470588235294,10000,151,20670000,outputs.mapping/bams.cds.rand/SRR18048904.x.s__Bariatricus sp004560705.fastq.gz,SRR18048904.x.s__Bariatricus sp004560705,e3a1ed76,27220000,51,DNA,10000,2722,True,0.8563459587071731,0.8959078766119833,0.8761269176595783,0.8959078766119833,True,1,23021,27840,d__Bacteria;p__Bacillota;c__Clostridia;o__Oscillospirales;f__Ruminococcaceae;g__Negativibacillus;s__Negativibacillus massiliensis
20000,0.0007347538574577516,0.002004008016032064,0.0003673769287288758,3.591954022988506e-05,1.0,1.0,0.0,/group/ctbrowngrp5/sourmash-db.new/gtdb-rs226/gtdb-rs226-k51.dna.rocksdb,GCF_009678895.1 Lactonifactor sp. BIOML-A7,eddde672b0007e5657ccd916f1c98e57,0.004008016032064128,10000,152,20660000,outputs.mapping/bams.cds.rand/SRR18048904.x.s__Bariatricus sp004560705.fastq.gz,SRR18048904.x.s__Bariatricus sp004560705,e3a1ed76,27220000,51,DNA,10000,2722,True,0.8680641114478567,0.8974259359784185,0.8827450237131376,0.8974259359784185,True,1,23022,27840,d__Bacteria;p__Bacillota;c__Clostridia;o__Lachnospirales;f__Lachnospiraceae;g__Lactonifactor;s__Lactonifactor sp009677585
10000,0.0003673769287288758,0.002680965147453083,0.0003673769287288758,3.591954022988506e-05,1.0,1.0,0.0,/group/ctbrowngrp5/sourmash-db.new/gtdb-rs226/gtdb-rs226-k51.dna.rocksdb,GCF_002302085.1 Clostridioides difficile,6dfacdab51d0b87d5c1d8e1f9a0819e2,0.002680965147453083,10000,153,20650000,outputs.mapping/bams.cds.rand/SRR18048904.x.s__Bariatricus sp004560705.fastq.gz,SRR18048904.x.s__Bariatricus sp004560705,e3a1ed76,27220000,51,DNA,10000,2722,True,0.8563459587071731,0.8903778277520528,0.873361893229613,0.8903778277520528,True,1,23023,27840,d__Bacteria;p__Bacillota;c__Clostridia;o__Peptostreptococcales;f__Peptostreptococcaceae;g__Clostridioides;s__Clostridioides difficile
10000,0.0003673769287288758,0.0037735849056603774,0.0003673769287288758,3.591954022988506e-05,1.0,1.0,0.0,/group/ctbrowngrp5/sourmash-db.new/gtdb-rs226/gtdb-rs226-k51.dna.rocksdb,GCA_034093895.1 Candidatus Choladocola sp.,b60e00fae5b93a04b3b385f2aa7270ae,0.0037735849056603774,10000,154,20640000,outputs.mapping/bams.cds.rand/SRR18048904.x.s__Bariatricus sp004560705.fastq.gz,SRR18048904.x.s__Bariatricus sp004560705,e3a1ed76,27220000,51,DNA,10000,2722,True,0.8563459587071731,0.8963660000844977,0.8763559793958354,0.8963660000844977,True,1,23024,27840,d__Bacteria;p__Bacillota;c__Clostridia;o__Lachnospirales;f__Lachnospiraceae;g__Choladousia;s__Choladousia sp034093895
30000,0.0011021307861866275,0.0029585798816568047,0.0003673769287288758,0.004418103448275862,123.0,123.0,0.0,/group/ctbrowngrp5/sourmash-db.new/gtdb-rs226/gtdb-rs226-k51.dna.rocksdb,GCA_022773565.1 Lachnospiraceae bacterium,22fb3c10dc1e4d51a67e4ee1e26e7869,0.008875739644970414,10000,155,20630000,outputs.mapping/bams.cds.rand/SRR18048904.x.s__Bariatricus sp004560705.fastq.gz,SRR18048904.x.s__Bariatricus sp004560705,e3a1ed76,27220000,51,DNA,10000,2722,True,0.8749929850897653,0.9115252778758233,0.8932591314827942,0.9115252778758233,True,123,23147,27840,d__Bacteria;p__Bacillota;c__Clostridia;o__Lachnospirales;f__Lachnospiraceae;g__Agathobacter;s__Agathobacter sp000434275
130000,0.004775900073475386,0.0026455026455026454,0.0003673769287288758,0.00021551724137931034,6.0,6.0,0.0,/group/ctbrowngrp5/sourmash-db.new/gtdb-rs226/gtdb-rs226-k51.dna.rocksdb,GCF_040096555.1 Coprococcus intestinihominis,b0eaca5ba589f9715c39079e7665ea4d,0.03439153439153439,10000,156,20620000,outputs.mapping/bams.cds.rand/SRR18048904.x.s__Bariatricus sp004560705.fastq.gz,SRR18048904.x.s__Bariatricus sp004560705,e3a1ed76,27220000,51,DNA,10000,2722,True,0.9005156795528535,0.9360584575869879,0.9182870685699207,0.9360584575869879,False,6,23153,27840,d__Bacteria;p__Bacillota;c__Clostridia;o__Lachnospirales;f__Lachnospiraceae;g__Coprococcus_A;s__Coprococcus_A intestinihominis
20000,0.0007347538574577516,0.004081632653061225,0.0003673769287288758,0.0014367816091954023,40.0,40.0,0.0,/group/ctbrowngrp5/sourmash-db.new/gtdb-rs226/gtdb-rs226-k51.dna.rocksdb,GCA_946411645.1 uncultured Bacteroidales bacterium,6c1751babf68dc3c1f04424863bbb1ed,0.00816326530612245,10000,157,20610000,outputs.mapping/bams.cds.rand/SRR18048904.x.s__Bariatricus sp004560705.fastq.gz,SRR18048904.x.s__Bariatricus sp004560705,e3a1ed76,27220000,51,DNA,10000,2722,True,0.8680641114478567,0.9100309337997604,0.8890475226238086,0.9100309337997604,True,40,23193,27840,d__Bacteria;p__Bacteroidota;c__Bacteroidia;o__Bacteroidales;f__Muribaculaceae;g__Sodaliphilus;s__Sodaliphilus sp004557565
1390000,0.05106539309331374,0.005128205128205128,0.0003673769287288758,0.0003232758620689655,9.0,9.0,0.0,/group/ctbrowngrp5/sourmash-db.new/gtdb-rs226/gtdb-rs226-k51.dna.rocksdb,GCA_016293335.1 Bariatricus sp.,7fe25ae8d3afc362b827c559628b6ae4,0.7128205128205128,10000,158,20600000,outputs.mapping/bams.cds.rand/SRR18048904.x.s__Bariatricus sp004560705.fastq.gz,SRR18048904.x.s__Bariatricus sp004560705,e3a1ed76,27220000,51,DNA,10000,2722,True,0.9433419561345242,0.9933842238876722,0.9683630900110982,0.9933842238876722,False,9,23202,27840,d__Bacteria;p__Bacillota;c__Clostridia;o__Lachnospirales;f__Lachnospiraceae;g__Bariatricus;s__Bariatricus sp004560705
10000,0.0003673769287288758,0.0036363636363636364,0.0003673769287288758,0.00010775862068965517,3.0,3.0,0.0,/group/ctbrowngrp5/sourmash-db.new/gtdb-rs226/gtdb-rs226-k51.dna.rocksdb,GCA_902756215.1 uncultured Lachnospiraceae bacterium,367102f8450ae5b7712d9590fc9725f6,0.0036363636363636364,10000,159,20590000,outputs.mapping/bams.cds.rand/SRR18048904.x.s__Bariatricus sp004560705.fastq.gz,SRR18048904.x.s__Bariatricus sp004560705,e3a1ed76,27220000,51,DNA,10000,2722,True,0.8563459587071731,0.8957152063205601,0.8760305825138666,0.8957152063205601,True,3,23205,27840,d__Bacteria;p__Bacillota;c__Clostridia;o__Lachnospirales;f__Lachnospiraceae;g__Roseburia_C;s__Roseburia_C sp900315735
10000,0.0003673769287288758,0.004672897196261682,0.0003673769287288758,0.00028735632183908046,8.0,8.0,0.0,/group/ctbrowngrp5/sourmash-db.new/gtdb-rs226/gtdb-rs226-k51.dna.rocksdb,GCA_934589235.1 uncultured Dysosmobacter sp.,c8b936eda56b95ba861f116639d29b8d,0.004672897196261682,10000,160,20580000,outputs.mapping/bams.cds.rand/SRR18048904.x.s__Bariatricus sp004560705.fastq.gz,SRR18048904.x.s__Bariatricus sp004560705,e3a1ed76,27220000,51,DNA,10000,2722,True,0.8563459587071731,0.9001307792101635,0.8782383689586684,0.9001307792101635,True,8,23213,27840,d__Bacteria;p__Bacillota;c__Clostridia;o__Oscillospirales;f__Oscillospiraceae;g__Oscillibacter;s__Oscillibacter segnis
220000,0.008082292432035268,0.002512562814070352,0.0003673769287288758,0.00014367816091954023,4.0,4.0,0.0,/group/ctbrowngrp5/sourmash-db.new/gtdb-rs226/gtdb-rs226-k51.dna.rocksdb,GCA_004556655.1 Lachnospiraceae bacterium,a06449d157aac9233dd04a949482b8be,0.05527638190954774,10000,161,20570000,outputs.mapping/bams.cds.rand/SRR18048904.x.s__Bariatricus sp004560705.fastq.gz,SRR18048904.x.s__Bariatricus sp004560705,e3a1ed76,27220000,51,DNA,10000,2722,True,0.9098530722566843,0.9448087656935444,0.9273309189751144,0.9448087656935444,False,4,23217,27840,d__Bacteria;p__Bacillota;c__Clostridia;o__Lachnospirales;f__Lachnospiraceae;g__Oliverpabstia;s__Oliverpabstia sp004556655
180000,0.006612784717119765,0.0024752475247524753,0.0003673769287288758,0.0017600574712643678,49.0,49.0,0.0,/group/ctbrowngrp5/sourmash-db.new/gtdb-rs226/gtdb-rs226-k51.dna.rocksdb,GCA_945911275.1 uncultured bacterium,811f3fa8e4fa634b338d9e5ecb3d78ab,0.04455445544554455,10000,162,20560000,outputs.mapping/bams.cds.rand/SRR18048904.x.s__Bariatricus sp004560705.fastq.gz,SRR18048904.x.s__Bariatricus sp004560705,e3a1ed76,27220000,51,DNA,10000,2722,True,0.9062800895660899,0.9408224443183217,0.9235512669422058,0.9408224443183217,False,49,23266,27840,d__Bacteria;p__Bacillota;c__Clostridia;o__Lachnospirales;f__Lachnospiraceae;g__Oliverpabstia;s__Oliverpabstia sp004562915
10000,0.0003673769287288758,0.004310344827586207,0.0003673769287288758,0.00014367816091954023,4.0,4.0,0.0,/group/ctbrowngrp5/sourmash-db.new/gtdb-rs226/gtdb-rs226-k51.dna.rocksdb,GCF_013103505.1 Enterococcus cecorum,523738c943e64527a06f3a34e20fd810,0.004310344827586207,10000,163,20550000,outputs.mapping/bams.cds.rand/SRR18048904.x.s__Bariatricus sp004560705.fastq.gz,SRR18048904.x.s__Bariatricus sp004560705,e3a1ed76,27220000,51,DNA,10000,2722,True,0.8563459587071731,0.8987064997133993,0.8775262292102862,0.8987064997133993,True,4,23270,27840,d__Bacteria;p__Bacillota;c__Bacilli;o__Lactobacillales;f__Enterococcaceae;g__Enterococcus_E;s__Enterococcus_E cecorum
10000,0.0003673769287288758,0.0033444816053511705,0.0003673769287288758,0.00010775862068965517,3.0,3.0,0.0,/group/ctbrowngrp5/sourmash-db.new/gtdb-rs226/gtdb-rs226-k51.dna.rocksdb,GCF_041842785.1 Bacteroides heparinolyticus,f4b2487f45ec41eee4617dc944475f81,0.0033444816053511705,10000,164,20540000,outputs.mapping/bams.cds.rand/SRR18048904.x.s__Bariatricus sp004560705.fastq.gz,SRR18048904.x.s__Bariatricus sp004560705,e3a1ed76,27220000,51,DNA,10000,2722,True,0.8563459587071731,0.8942468678440603,0.8752964132756167,0.8942468678440603,True,3,23273,27840,d__Bacteria;p__Bacteroidota;c__Bacteroidia;o__Bacteroidales;f__Bacteroidaceae;g__Bacteroides;s__Bacteroides heparinolyticus
40000,0.0014695077149155032,0.0022222222222222222,0.0003673769287288758,0.000610632183908046,17.0,17.0,0.0,/group/ctbrowngrp5/sourmash-db.new/gtdb-rs226/gtdb-rs226-k51.dna.rocksdb,GCA_014865245.1 Eubacterium sp.,fe43443679e3f5a81636cbc359ef2762,0.008888888888888889,10000,165,20530000,outputs.mapping/bams.cds.rand/SRR18048904.x.s__Bariatricus sp004560705.fastq.gz,SRR18048904.x.s__Bariatricus sp004560705,e3a1ed76,27220000,51,DNA,10000,2722,True,0.8799426142226098,0.9115517372501132,0.8957471757363615,0.9115517372501132,True,17,23290,27840,d__Bacteria;p__Bacillota;c__Clostridia;o__Lachnospirales;f__Lachnospiraceae;g__Eubacterium_F;s__Eubacterium_F sp003491505
120000,0.00440852314474651,0.003115264797507788,0.0003673769287288758,7.183908045977011e-05,2.0,2.0,0.0,/group/ctbrowngrp5/sourmash-db.new/gtdb-rs226/gtdb-rs226-k51.dna.rocksdb,GCF_008658335.1 Mediterraneibacter faecis,2b496ccc241a6207e17427c0c09c4255,0.037383177570093455,10000,166,20520000,outputs.mapping/bams.cds.rand/SRR18048904.x.s__Bariatricus sp004560705.fastq.gz,SRR18048904.x.s__Bariatricus sp004560705,e3a1ed76,27220000,51,DNA,10000,2722,True,0.8991034603453004,0.937590631304692,0.9183470458249963,0.937590631304692,False,2,23292,27840,d__Bacteria;p__Bacillota;c__Clostridia;o__Lachnospirales;f__Lachnospiraceae;g__Mediterraneibacter;s__Mediterraneibacter faecis
40000,0.0014695077149155032,0.0024937655860349127,0.0003673769287288758,3.591954022988506e-05,1.0,1.0,0.0,/group/ctbrowngrp5/sourmash-db.new/gtdb-rs226/gtdb-rs226-k51.dna.rocksdb,GCA_040096535.1 Sakamotonia hominis,f5601e07623d89aa3ebf9612edd86249,0.00997506234413965,10000,167,20510000,outputs.mapping/bams.cds.rand/SRR18048904.x.s__Bariatricus sp004560705.fastq.gz,SRR18048904.x.s__Bariatricus sp004560705,e3a1ed76,27220000,51,DNA,10000,2722,True,0.8799426142226098,0.9136146424008968,0.8967786283117534,0.9136146424008968,True,1,23293,27840,d__Bacteria;p__Bacillota;c__Clostridia;o__Lachnospirales;f__Lachnospiraceae;g__Pilosibacter;s__Pilosibacter fragilis
10000,0.0003673769287288758,0.004761904761904762,0.0003673769287288758,3.591954022988506e-05,1.0,1.0,0.0,/group/ctbrowngrp5/sourmash-db.new/gtdb-rs226/gtdb-rs226-k51.dna.rocksdb,GCA_900545415.1 uncultured Prevotella sp.,f099391a5923cf9fc65dc346dc3839ee,0.004761904761904762,10000,168,20500000,outputs.mapping/bams.cds.rand/SRR18048904.x.s__Bariatricus sp004560705.fastq.gz,SRR18048904.x.s__Bariatricus sp004560705,e3a1ed76,27220000,51,DNA,10000,2722,True,0.8563459587071731,0.900463862458667,0.8784049105829201,0.900463862458667,True,1,23294,27840,d__Bacteria;p__Bacteroidota;c__Bacteroidia;o__Bacteroidales;f__Bacteroidaceae;g__UBA6398;s__UBA6398 sp003150315
10000,0.0003673769287288758,0.005988023952095809,0.0003673769287288758,0.0004310344827586207,12.0,12.0,0.0,/group/ctbrowngrp5/sourmash-db.new/gtdb-rs226/gtdb-rs226-k51.dna.rocksdb,GCA_022776905.1 Bacillota bacterium,76d4f407b2da97c0228c36fdd7375dea,0.005988023952095809,10000,169,20490000,outputs.mapping/bams.cds.rand/SRR18048904.x.s__Bariatricus sp004560705.fastq.gz,SRR18048904.x.s__Bariatricus sp004560705,e3a1ed76,27220000,51,DNA,10000,2722,True,0.8563459587071731,0.9045182297439633,0.8804320942255682,0.9045182297439633,True,12,23306,27840,d__Bacteria;p__Bacillota;c__Clostridia;o__Oscillospirales;f__Oscillospiraceae;g__Vescimonas;s__Vescimonas sp000435555
80000,0.0029390154298310064,0.003436426116838488,0.0003673769287288758,0.00017959770114942528,5.0,5.0,0.0,/group/ctbrowngrp5/sourmash-db.new/gtdb-rs226/gtdb-rs226-k51.dna.rocksdb,GCF_022783245.1 Blautia sp.,a33267882fa3828bed6a8490c5b5dbd5,0.027491408934707903,10000,170,20480000,outputs.mapping/bams.cds.rand/SRR18048904.x.s__Bariatricus sp004560705.fastq.gz,SRR18048904.x.s__Bariatricus sp004560705,e3a1ed76,27220000,51,DNA,10000,2722,True,0.8919836612453153,0.9319573108754404,0.9119704860603779,0.9319573108754404,False,5,23311,27840,d__Bacteria;p__Bacillota;c__Clostridia;o__Lachnospirales;f__Lachnospiraceae;g__Blautia_A;s__Blautia_A obeum
10000,0.0003673769287288758,0.0016366612111292963,0.0003673769287288758,3.591954022988506e-05,1.0,1.0,0.0,/group/ctbrowngrp5/sourmash-db.new/gtdb-rs226/gtdb-rs226-k51.dna.rocksdb,GCF_025916275.1 Bacteroides thetaiotaomicron,64a483e9606c82f0d033a216d9c04cf9,0.0016366612111292963,10000,171,20470000,outputs.mapping/bams.cds.rand/SRR18048904.x.s__Bariatricus sp004560705.fastq.gz,SRR18048904.x.s__Bariatricus sp004560705,e3a1ed76,27220000,51,DNA,10000,2722,True,0.8563459587071731,0.8818033430623201,0.8690746508847467,0.8818033430623201,True,1,23312,27840,d__Bacteria;p__Bacteroidota;c__Bacteroidia;o__Bacteroidales;f__Bacteroidaceae;g__Bacteroides;s__Bacteroides thetaiotaomicron
10000,0.0003673769287288758,0.0051813471502590676,0.0003673769287288758,7.183908045977011e-05,2.0,2.0,0.0,/group/ctbrowngrp5/sourmash-db.new/gtdb-rs226/gtdb-rs226-k51.dna.rocksdb,GCA_905200645.1 uncultured Phascolarctobacterium sp.,a1bd8e09d1c10d2bd0c32cc07f8a260e,0.0051813471502590676,10000,172,20460000,outputs.mapping/bams.cds.rand/SRR18048904.x.s__Bariatricus sp004560705.fastq.gz,SRR18048904.x.s__Bariatricus sp004560705,e3a1ed76,27220000,51,DNA,10000,2722,True,0.8563459587071731,0.9019555822980565,0.8791507705026148,0.9019555822980565,True,2,23314,27840,d__Bacteria;p__Bacillota;c__Negativicutes;o__Acidaminococcales;f__Acidaminococcaceae;g__Phascolarctobacterium_A;s__Phascolarctobacterium_A sp905200645
30000,0.0011021307861866275,0.002793296089385475,0.0003673769287288758,0.00014367816091954023,4.0,4.0,0.0,/group/ctbrowngrp5/sourmash-db.new/gtdb-rs226/gtdb-rs226-k51.dna.rocksdb,GCF_017811815.1 Flavonifractor sp. AGMB03687,a24303dc8e8da3bd9c1b25c597da4cd0,0.008379888268156424,10000,173,20450000,outputs.mapping/bams.cds.rand/SRR18048904.x.s__Bariatricus sp004560705.fastq.gz,SRR18048904.x.s__Bariatricus sp004560705,e3a1ed76,27220000,51,DNA,10000,2722,True,0.8749929850897653,0.9104983873953398,0.8927456862425526,0.9104983873953398,True,4,23318,27840,d__Bacteria;p__Bacillota;c__Clostridia;o__Oscillospirales;f__Oscillospiraceae;g__Flavonifractor;s__Flavonifractor sp017811815
20000,0.0007347538574577516,0.004329004329004329,0.0003673769287288758,0.00035919540229885057,10.0,10.0,0.0,/group/ctbrowngrp5/sourmash-db.new/gtdb-rs226/gtdb-rs226-k51.dna.rocksdb,GCA_945831925.1 uncultured Clostridia bacterium,f904344169dd5fa56b60163c188fd87d,0.008658008658008658,10000,174,20440000,outputs.mapping/bams.cds.rand/SRR18048904.x.s__Bariatricus sp004560705.fastq.gz,SRR18048904.x.s__Bariatricus sp004560705,e3a1ed76,27220000,51,DNA,10000,2722,True,0.8680641114478567,0.9110814745136516,0.8895727929807542,0.9110814745136516,True,10,23328,27840,d__Bacteria;p__Bacillota;c__Clostridia;o__Oscillospirales;f__Butyricicoccaceae;g__Butyricicoccus_A;s__Butyricicoccus_A intestinisimiae
20000,0.0007347538574577516,0.004201680672268907,0.0003673769287288758,0.0031968390804597703,89.0,89.0,0.0,/group/ctbrowngrp5/sourmash-db.new/gtdb-rs226/gtdb-rs226-k51.dna.rocksdb,GCA_022734795.1 Catenibacterium sp.,3915844505363b3e00bca20699617b73,0.008403361344537815,10000,175,20430000,outputs.mapping/bams.cds.rand/SRR18048904.x.s__Bariatricus sp004560705.fastq.gz,SRR18048904.x.s__Bariatricus sp004560705,e3a1ed76,27220000,51,DNA,10000,2722,True,0.8680641114478567,0.9105483270059616,0.8893062192269091,0.9105483270059616,True,89,23417,27840,d__Bacteria;p__Bacillota;c__Bacilli;o__Erysipelotrichales;f__Coprobacillaceae;g__Catenibacterium;s__Catenibacterium mitsuokai_A
10000,0.0003673769287288758,0.002976190476190476,0.0003673769287288758,3.591954022988506e-05,1.0,1.0,0.0,/group/ctbrowngrp5/sourmash-db.new/gtdb-rs226/gtdb-rs226-k51.dna.rocksdb,GCA_022770525.1 Clostridiales bacterium,4c5efd47a1be7d431f031383caa95fed,0.002976190476190476,10000,176,20420000,outputs.mapping/bams.cds.rand/SRR18048904.x.s__Bariatricus sp004560705.fastq.gz,SRR18048904.x.s__Bariatricus sp004560705,e3a1ed76,27220000,51,DNA,10000,2722,True,0.8563459587071731,0.8922035270086854,0.8742747428579293,0.8922035270086854,True,1,23418,27840,d__Bacteria;p__Bacillota;c__Clostridia;o__Lachnospirales;f__Lachnospiraceae;g__CAKRHR01;s__CAKRHR01 sp022770525
10000,0.0003673769287288758,0.005405405405405406,0.0003673769287288758,3.591954022988506e-05,1.0,1.0,0.0,/group/ctbrowngrp5/sourmash-db.new/gtdb-rs226/gtdb-rs226-k51.dna.rocksdb,GCA_945837645.1 uncultured Clostridium sp.,1fafac1203a8bafefa5546405213c5e5,0.005405405405405406,10000,177,20410000,outputs.mapping/bams.cds.rand/SRR18048904.x.s__Bariatricus sp004560705.fastq.gz,SRR18048904.x.s__Bariatricus sp004560705,e3a1ed76,27220000,51,DNA,10000,2722,True,0.8563459587071731,0.9027045934360562,0.8795252760716147,0.9027045934360562,True,1,23419,27840,d__Bacteria;p__Bacillota;c__Clostridia;o__Lachnospirales;f__Lachnospiraceae;g__SUG393;s__SUG393 sp022788065
10000,0.0003673769287288758,0.00273224043715847,0.0003673769287288758,0.0008979885057471264,25.0,25.0,0.0,/group/ctbrowngrp5/sourmash-db.new/gtdb-rs226/gtdb-rs226-k51.dna.rocksdb,GCA_958420865.1 uncultured Prevotella sp.,4f3aa286191a36cd867f351d7a3b44a3,0.00273224043715847,10000,178,20400000,outputs.mapping/bams.cds.rand/SRR18048904.x.s__Bariatricus sp004560705.fastq.gz,SRR18048904.x.s__Bariatricus sp004560705,e3a1ed76,27220000,51,DNA,10000,2722,True,0.8563459587071731,0.8907086398730959,0.8735272992901345,0.8907086398730959,True,25,23444,27840,d__Bacteria;p__Bacteroidota;c__Bacteroidia;o__Bacteroidales;f__Bacteroidaceae;g__Prevotella;s__Prevotella sinensis
10000,0.0003673769287288758,0.004048582995951417,0.0003673769287288758,0.00010775862068965517,3.0,3.0,0.0,/group/ctbrowngrp5/sourmash-db.new/gtdb-rs226/gtdb-rs226-k51.dna.rocksdb,GCA_963927795.1 Candidatus Mediterraneibacter vanvlietii,a72e589718734cba0426a63733379296,0.004048582995951417,10000,179,20390000,outputs.mapping/bams.cds.rand/SRR18048904.x.s__Bariatricus sp004560705.fastq.gz,SRR18048904.x.s__Bariatricus sp004560705,e3a1ed76,27220000,51,DNA,10000,2722,True,0.8563459587071731,0.8976031612871362,0.8769745599971547,0.8976031612871362,True,3,23447,27840,d__Bacteria;p__Bacillota;c__Clostridia;o__Lachnospirales;f__Lachnospiraceae;g__Mediterraneibacter;s__Mediterraneibacter vanvlietii
10000,0.0003673769287288758,0.002881844380403458,0.0003673769287288758,0.0005028735632183908,14.0,14.0,0.0,/group/ctbrowngrp5/sourmash-db.new/gtdb-rs226/gtdb-rs226-k51.dna.rocksdb,GCA_030539395.1 Eubacteriales bacterium,704fec5ec3c2d0bdf17407ed5afd379d,0.002881844380403458,10000,180,20380000,outputs.mapping/bams.cds.rand/SRR18048904.x.s__Bariatricus sp004560705.fastq.gz,SRR18048904.x.s__Bariatricus sp004560705,e3a1ed76,27220000,51,DNA,10000,2722,True,0.8563459587071731,0.8916401538661815,0.8739930562866773,0.8916401538661815,True,14,23461,27840,d__Bacteria;p__Bacillota;c__Clostridia;o__Lachnospirales;f__Lachnospiraceae;g__Marvinbryantia;s__Marvinbryantia sp030539395
10000,0.0003673769287288758,0.003246753246753247,0.0003673769287288758,0.00010775862068965517,3.0,3.0,0.0,/group/ctbrowngrp5/sourmash-db.new/gtdb-rs226/gtdb-rs226-k51.dna.rocksdb,GCF_034113885.1 Intestinibacter sp.,b38259b0aff1612ee5f4f1630240a73c,0.003246753246753247,10000,181,20370000,outputs.mapping/bams.cds.rand/SRR18048904.x.s__Bariatricus sp004560705.fastq.gz,SRR18048904.x.s__Bariatricus sp004560705,e3a1ed76,27220000,51,DNA,10000,2722,True,0.8563459587071731,0.8937270195417178,0.8750364891244455,0.8937270195417178,True,3,23464,27840,d__Bacteria;p__Bacillota;c__Clostridia;o__Peptostreptococcales;f__Peptostreptococcaceae;g__Intestinibacter;s__Intestinibacter sp034113885
40000,0.0014695077149155032,0.006024096385542169,0.0003673769287288758,0.00017959770114942528,5.0,5.0,0.0,/group/ctbrowngrp5/sourmash-db.new/gtdb-rs226/gtdb-rs226-k51.dna.rocksdb,GCF_009696075.1 Holdemanella porci,a84000c7ef58f47f4eafd654fbfc98c6,0.024096385542168676,10000,182,20360000,outputs.mapping/bams.cds.rand/SRR18048904.x.s__Bariatricus sp004560705.fastq.gz,SRR18048904.x.s__Bariatricus sp004560705,e3a1ed76,27220000,51,DNA,10000,2722,True,0.8799426142226098,0.9295517369654019,0.9047471755940059,0.9295517369654019,True,5,23469,27840,d__Bacteria;p__Bacillota;c__Bacilli;o__Erysipelotrichales;f__Erysipelotrichaceae;g__Holdemanella;s__Holdemanella porci
10000,0.0003673769287288758,0.0020242914979757085,0.0003673769287288758,3.591954022988506e-05,1.0,1.0,0.0,/group/ctbrowngrp5/sourmash-db.new/gtdb-rs226/gtdb-rs226-k51.dna.rocksdb,GCA_959024035.1 uncultured Lachnospiraceae bacterium,7df96dc51d9bc73b2e98b0acf81c57fb,0.0020242914979757085,10000,183,20350000,outputs.mapping/bams.cds.rand/SRR18048904.x.s__Bariatricus sp004560705.fastq.gz,SRR18048904.x.s__Bariatricus sp004560705,e3a1ed76,27220000,51,DNA,10000,2722,True,0.8563459587071731,0.8854862556280145,0.8709161071675938,0.8854862556280145,True,1,23470,27840,d__Bacteria;p__Bacillota;c__Clostridia;o__Lachnospirales;f__Lachnospiraceae;g__Enterocloster;s__Enterocloster aldenensis
10000,0.0003673769287288758,0.007042253521126761,0.0003673769287288758,3.591954022988506e-05,1.0,1.0,0.0,/group/ctbrowngrp5/sourmash-db.new/gtdb-rs226/gtdb-rs226-k51.dna.rocksdb,GCA_022777265.1 Clostridia bacterium,3167fe444cc0767624ba47c37ebdd28a,0.007042253521126761,10000,184,20340000,outputs.mapping/bams.cds.rand/SRR18048904.x.s__Bariatricus sp004560705.fastq.gz,SRR18048904.x.s__Bariatricus sp004560705,e3a1ed76,27220000,51,DNA,10000,2722,True,0.8563459587071731,0.9073989403311536,0.8818724495191634,0.9073989403311536,True,1,23471,27840,d__Bacteria;p__Bacillota;c__Clostridia;o__Christensenellales;f__Borkfalkiaceae;g__UBA10281;s__UBA10281 sp900767815
10000,0.0003673769287288758,0.003484320557491289,0.0003673769287288758,3.591954022988506e-05,1.0,1.0,0.0,/group/ctbrowngrp5/sourmash-db.new/gtdb-rs226/gtdb-rs226-k51.dna.rocksdb,GCF_004135645.1 Senegalimassilia faecalis,e7822a6c5f2242491024fa7255f41f06,0.003484320557491289,10000,185,20330000,outputs.mapping/bams.cds.rand/SRR18048904.x.s__Bariatricus sp004560705.fastq.gz,SRR18048904.x.s__Bariatricus sp004560705,e3a1ed76,27220000,51,DNA,10000,2722,True,0.8563459587071731,0.8949653831278861,0.8756556709175296,0.8949653831278861,True,1,23472,27840,d__Bacteria;p__Actinomycetota;c__Coriobacteriia;o__Coriobacteriales;f__Eggerthellaceae;g__Senegalimassilia;s__Senegalimassilia faecalis
100000,0.0036737692872887582,0.0027397260273972603,0.0003673769287288758,0.00298132183908046,83.0,83.0,0.0,/group/ctbrowngrp5/sourmash-db.new/gtdb-rs226/gtdb-rs226-k51.dna.rocksdb,GCA_022782435.1 Lachnospiraceae bacterium,5c2ffea3e1ece2c92b660a036b998227,0.0273972602739726,10000,186,20320000,outputs.mapping/bams.cds.rand/SRR18048904.x.s__Bariatricus sp004560705.fastq.gz,SRR18048904.x.s__Bariatricus sp004560705,e3a1ed76,27220000,51,DNA,10000,2722,True,0.8958949646712903,0.9318946245080175,0.9138947945896538,0.9318946245080175,False,83,23555,27840,d__Bacteria;p__Bacillota;c__Clostridia;o__Lachnospirales;f__Lachnospiraceae;g__Schaedlerella;s__Schaedlerella sp004556565
20000,0.0007347538574577516,0.004,0.0003673769287288758,0.00021551724137931034,6.0,6.0,0.0,/group/ctbrowngrp5/sourmash-db.new/gtdb-rs226/gtdb-rs226-k51.dna.rocksdb,GCA_958435395.1 uncultured Eubacteriales bacterium,d68bbc450f0684239828a709150188b1,0.008,10000,187,20310000,outputs.mapping/bams.cds.rand/SRR18048904.x.s__Bariatricus sp004560705.fastq.gz,SRR18048904.x.s__Bariatricus sp004560705,e3a1ed76,27220000,51,DNA,10000,2722,True,0.8680641114478567,0.9096705132580012,0.8888673123529289,0.9096705132580012,True,6,23561,27840,d__Bacteria;p__Bacillota;c__Clostridia;o__Monoglobales;f__Monoglobaceae;g__Monoglobus;s__Monoglobus pectinilyticus
60000,0.002204261572373255,0.0024937655860349127,0.0003673769287288758,3.591954022988506e-05,1.0,1.0,0.0,/group/ctbrowngrp5/sourmash-db.new/gtdb-rs226/gtdb-rs226-k51.dna.rocksdb,GCF_013305115.1 Blautia glucerasea,aef103a0d556416d013a867d800f9c85,0.014962593516209476,10000,188,20300000,outputs.mapping/bams.cds.rand/SRR18048904.x.s__Bariatricus sp004560705.fastq.gz,SRR18048904.x.s__Bariatricus sp004560705,e3a1ed76,27220000,51,DNA,10000,2722,True,0.8869663018807827,0.9209070996412209,0.9039367007610017,0.9209070996412209,True,1,23562,27840,d__Bacteria;p__Bacillota;c__Clostridia;o__Lachnospirales;f__Lachnospiraceae;g__Blautia_A;s__Blautia_A acetigignens
10000,0.0003673769287288758,0.003436426116838488,0.0003673769287288758,7.183908045977011e-05,2.0,2.0,0.0,/group/ctbrowngrp5/sourmash-db.new/gtdb-rs226/gtdb-rs226-k51.dna.rocksdb,GCF_041333095.1 Intestinibacter bartlettii,dd98e2dacbf5138c06fb57ec9ba6a71f,0.003436426116838488,10000,189,20290000,outputs.mapping/bams.cds.rand/SRR18048904.x.s__Bariatricus sp004560705.fastq.gz,SRR18048904.x.s__Bariatricus sp004560705,e3a1ed76,27220000,51,DNA,10000,2722,True,0.8563459587071731,0.8947225285960692,0.8755342436516211,0.8947225285960692,True,2,23564,27840,d__Bacteria;p__Bacillota;c__Clostridia;o__Peptostreptococcales;f__Peptostreptococcaceae;g__Intestinibacter;s__Intestinibacter bartlettii
10000,0.0003673769287288758,0.0035211267605633804,0.0003673769287288758,0.00305316091954023,85.0,85.0,0.0,/group/ctbrowngrp5/sourmash-db.new/gtdb-rs226/gtdb-rs226-k51.dna.rocksdb,GCA_030524785.1 Eubacteriales bacterium,5b943c4f4fb1a37db16f1c87875cb4a2,0.0035211267605633804,10000,190,20280000,outputs.mapping/bams.cds.rand/SRR18048904.x.s__Bariatricus sp004560705.fastq.gz,SRR18048904.x.s__Bariatricus sp004560705,e3a1ed76,27220000,51,DNA,10000,2722,True,0.8563459587071731,0.8951497996982114,0.8757478792026923,0.8951497996982114,True,85,23649,27840,d__Bacteria;p__Bacillota;c__Clostridia;o__Lachnospirales;f__Lachnospiraceae;g__Marvinbryantia;s__Marvinbryantia sp030524785
30000,0.0011021307861866275,0.004901960784313725,0.0003673769287288758,0.0009698275862068965,27.0,27.0,0.0,/group/ctbrowngrp5/sourmash-db.new/gtdb-rs226/gtdb-rs226-k51.dna.rocksdb,GCA_004562525.1 bacterium,e89df9c0e0c9928c590770ee81e732a4,0.014705882352941176,10000,191,20270000,outputs.mapping/bams.cds.rand/SRR18048904.x.s__Bariatricus sp004560705.fastq.gz,SRR18048904.x.s__Bariatricus sp004560705,e3a1ed76,27220000,51,DNA,10000,2722,True,0.8749929850897653,0.9205946627444187,0.897793823917092,0.9205946627444187,True,27,23676,27840,d__Bacteria;p__Bacteroidota;c__Bacteroidia;o__Bacteroidales;f__Bacteroidaceae;g__Prevotella;s__Prevotella sp900546535
10000,0.0003673769287288758,0.002881844380403458,0.0003673769287288758,3.591954022988506e-05,1.0,1.0,0.0,/group/ctbrowngrp5/sourmash-db.new/gtdb-rs226/gtdb-rs226-k51.dna.rocksdb,GCA_034117785.1 Lachnospiraceae bacterium,cae3b1979fcf875e3956e4344c22a762,0.002881844380403458,10000,192,20260000,outputs.mapping/bams.cds.rand/SRR18048904.x.s__Bariatricus sp004560705.fastq.gz,SRR18048904.x.s__Bariatricus sp004560705,e3a1ed76,27220000,51,DNA,10000,2722,True,0.8563459587071731,0.8916401538661815,0.8739930562866773,0.8916401538661815,True,1,23677,27840,d__Bacteria;p__Bacillota;c__Clostridia;o__Lachnospirales;f__Lachnospiraceae;g__TWA4;s__TWA4 sp028724245
50000,0.0018368846436443791,0.004201680672268907,0.0003673769287288758,3.591954022988506e-05,1.0,1.0,0.0,/group/ctbrowngrp5/sourmash-db.new/gtdb-rs226/gtdb-rs226-k51.dna.rocksdb,GCF_016298055.1 Frisingicoccus sp.,93f52de340650de3f276f1f646267a5d,0.02100840336134454,10000,193,20250000,outputs.mapping/bams.cds.rand/SRR18048904.x.s__Bariatricus sp004560705.fastq.gz,SRR18048904.x.s__Bariatricus sp004560705,e3a1ed76,27220000,51,DNA,10000,2722,True,0.8838011182638892,0.9270555239277647,0.9054283210958269,0.9270555239277647,True,1,23678,27840,d__Bacteria;p__Bacillota;c__Clostridia;o__Lachnospirales;f__Lachnospiraceae;g__Frisingicoccus;s__Frisingicoccus sp016298055
20000,0.0007347538574577516,0.003937007874015748,0.0003673769287288758,0.003951149425287357,110.0,110.0,0.0,/group/ctbrowngrp5/sourmash-db.new/gtdb-rs226/gtdb-rs226-k51.dna.rocksdb,GCA_934358955.1 uncultured Roseburia sp.,c7213196b37d8314cddd61349b57d47a,0.007874015748031496,10000,194,20240000,outputs.mapping/bams.cds.rand/SRR18048904.x.s__Bariatricus sp004560705.fastq.gz,SRR18048904.x.s__Bariatricus sp004560705,e3a1ed76,27220000,51,DNA,10000,2722,True,0.8680641114478567,0.9093874295165494,0.888725770482203,0.9093874295165494,True,110,23788,27840,d__Bacteria;p__Bacillota;c__Clostridia;o__Lachnospirales;f__Lachnospiraceae;g__Roseburia;s__Roseburia sp934358955
30000,0.0011021307861866275,0.004291845493562232,0.0003673769287288758,0.00014367816091954023,4.0,4.0,0.0,/group/ctbrowngrp5/sourmash-db.new/gtdb-rs226/gtdb-rs226-k51.dna.rocksdb,GCA_945876475.1 uncultured Lachnospiraceae bacterium,80560c68165b9c8bb0b588b0e40ce4aa,0.012875536480686695,10000,195,20230000,outputs.mapping/bams.cds.rand/SRR18048904.x.s__Bariatricus sp004560705.fastq.gz,SRR18048904.x.s__Bariatricus sp004560705,e3a1ed76,27220000,51,DNA,10000,2722,True,0.8749929850897653,0.9181984920039337,0.8965957385468495,0.9181984920039337,True,4,23792,27840,d__Bacteria;p__Bacillota;c__Clostridia;o__Lachnospirales;f__Lachnospiraceae;g__Frisingicoccus;s__Frisingicoccus caecimuris
310000,0.011388684790595151,0.002770083102493075,0.0003673769287288758,3.591954022988506e-05,1.0,1.0,0.0,/group/ctbrowngrp5/sourmash-db.new/gtdb-rs226/gtdb-rs226-k51.dna.rocksdb,GCF_022773175.1 Blautia sp.,c0d5f5a2ddcc47af637d94899fac95d6,0.08587257617728532,10000,196,20220000,outputs.mapping/bams.cds.rand/SRR18048904.x.s__Bariatricus sp004560705.fastq.gz,SRR18048904.x.s__Bariatricus sp004560705,e3a1ed76,27220000,51,DNA,10000,2722,True,0.9159919114141359,0.95300501518274,0.9344984632984379,0.95300501518274,False,1,23793,27840,d__Bacteria;p__Bacillota;c__Clostridia;o__Lachnospirales;f__Lachnospiraceae;g__Blautia_A;s__Blautia_A sp018919065
10000,0.0003673769287288758,4.268578990054211e-06,0.0003673769287288758,3.591954022988506e-05,1.0,1.0,0.0,/group/ctbrowngrp5/sourmash-db.new/ncbi-euks-2025.01/ncbi-euks-all-2025.01-k51.dna.rocksdb,GCF_000003025.6 pig (Sus scrofa),2edac3821d65091319e98478f22e942c,4.268578990054211e-06,10000,197,20210000,outputs.mapping/bams.cds.rand/SRR18048904.x.s__Bariatricus sp004560705.fastq.gz,SRR18048904.x.s__Bariatricus sp004560705,e3a1ed76,27220000,51,DNA,10000,2722,True,0.8563459587071731,0.7847140665191747,0.8205300126131739,0.8563459587071731,True,1,23794,27840,Eukaryota;Chordata;Mammalia;Artiodactyla;Suidae;Sus;Sus scrofa;unclassified Sus scrofa subspecies/strain
