intersect_bp,f_orig_query,f_match,f_unique_to_query,f_unique_weighted,average_abund,median_abund,std_abund,filename,name,md5,f_match_orig,unique_intersect_bp,gather_result_rank,remaining_bp,query_filename,query_name,query_md5,query_bp,ksize,moltype,scaled,query_n_hashes,query_abundance,query_containment_ani,match_containment_ani,average_containment_ani,max_containment_ani,potential_false_negative,n_unique_weighted_found,sum_weighted_found,total_weighted_hashes,lineage
2530000,0.04469175057410352,0.8108974358974359,0.04469175057410352,0.1504537494029613,18.675889328063242,17.0,22.33144355487725,/group/ctbrowngrp5/sourmash-db.new/gtdb-rs226/gtdb-rs226-k51.dna.rocksdb,GCA_037279125.1 Prevotella sp.,64f5f820a8845b93cfc4831d5b25a33a,0.8108974358974359,2530000,0,54080000,outputs.mapping/bams.cds.rand/SRR10209667.x.s__Prevotella sp000434975.fastq.gz,SRR10209667.x.s__Prevotella sp000434975,4b5fad20,56610000,51,DNA,10000,5661,True,0.9408792048294038,0.9958983622572655,0.9683887835433347,0.9958983622572655,False,4725,4725,31405,d__Bacteria;p__Bacteroidota;c__Bacteroidia;o__Bacteroidales;f__Bacteroidaceae;g__Prevotella;s__Prevotella sp000434975
1110000,0.0196078431372549,0.3016759776536313,0.019077901430842606,0.049737302977232924,14.462962962962964,10.5,28.773517249800275,/group/ctbrowngrp5/sourmash-db.new/gtdb-rs226/gtdb-rs226-k51.dna.rocksdb,GCA_905193385.1 uncultured Prevotella sp.,fb54e231109b2ad44ac0cff7c4bd6760,0.3100558659217877,1080000,1,53000000,outputs.mapping/bams.cds.rand/SRR10209667.x.s__Prevotella sp000434975.fastq.gz,SRR10209667.x.s__Prevotella sp000434975,4b5fad20,56610000,51,DNA,10000,5661,True,0.9258022498221521,0.9773007551737286,0.9515515024979404,0.9773007551737286,False,1562,6287,31405,d__Bacteria;p__Bacteroidota;c__Bacteroidia;o__Bacteroidales;f__Bacteroidaceae;g__Prevotella;s__Prevotella sp905193385
2460000,0.04345521992580816,0.3,0.015368309485956544,0.0313007482884891,11.298850574712644,8.0,13.114101336013661,/group/ctbrowngrp5/sourmash-db.new/gtdb-rs226/gtdb-rs226-k51.dna.rocksdb,GCA_945830405.1 uncultured Bacteroidales bacterium,8e863c8ca825f6c151f6b856d354b387,0.8482758620689655,870000,2,52130000,outputs.mapping/bams.cds.rand/SRR10209667.x.s__Prevotella sp000434975.fastq.gz,SRR10209667.x.s__Prevotella sp000434975,4b5fad20,56610000,51,DNA,10000,5661,True,0.9403617169112943,0.9967787408544669,0.9685702288828806,0.9967787408544669,False,983,7270,31405,d__Bacteria;p__Bacteroidota;c__Bacteroidia;o__Bacteroidales;f__Bacteroidaceae;g__Prevotella;s__Prevotella sp000434975
2290000,0.04045221692280516,0.199288256227758,0.009892245186362834,0.03101416971819774,17.392857142857142,6.5,46.521760872669866,/group/ctbrowngrp5/sourmash-db.new/gtdb-rs226/gtdb-rs226-k51.dna.rocksdb,GCA_945967355.1 uncultured Bacteroidales bacterium,5e90b07f6d717811dc08b0675d75991e,0.8149466192170819,560000,3,51570000,outputs.mapping/bams.cds.rand/SRR10209667.x.s__Prevotella sp000434975.fastq.gz,SRR10209667.x.s__Prevotella sp000434975,4b5fad20,56610000,51,DNA,10000,5661,True,0.939042273589743,0.9959956337310018,0.9675189536603723,0.9959956337310018,False,974,8244,31405,d__Bacteria;p__Bacteroidota;c__Bacteroidia;o__Bacteroidales;f__Bacteroidaceae;g__Prevotella;s__Prevotella sp000434975
560000,0.009892245186362834,0.13672922252010725,0.009009009009009009,0.02544180862919917,15.666666666666666,5.0,34.49334500556887,/group/ctbrowngrp5/sourmash-db.new/gtdb-rs226/gtdb-rs226-k51.dna.rocksdb,GCA_019409885.1 Prevotella sp.,6c154c098b819aff0d260c0c4f175361,0.15013404825737264,510000,4,51060000,outputs.mapping/bams.cds.rand/SRR10209667.x.s__Prevotella sp000434975.fastq.gz,SRR10209667.x.s__Prevotella sp000434975,4b5fad20,56610000,51,DNA,10000,5661,True,0.9134653041031023,0.9635018064433752,0.9384835552732388,0.9635018064433752,False,799,9043,31405,d__Bacteria;p__Bacteroidota;c__Bacteroidia;o__Bacteroidales;f__Bacteroidaceae;g__Prevotella;s__Prevotella sp900313215
490000,0.00865571453806748,0.125,0.00830242006712595,0.11988536857188346,80.1063829787234,44.0,129.9145765235762,/group/ctbrowngrp5/sourmash-db.new/gtdb-rs226/gtdb-rs226-k51.dna.rocksdb,GCA_037065365.1 Prevotella sp.,605b0cec1d5e057a79649508b53f6ab4,0.13031914893617022,470000,5,50590000,outputs.mapping/bams.cds.rand/SRR10209667.x.s__Prevotella sp000434975.fastq.gz,SRR10209667.x.s__Prevotella sp000434975,4b5fad20,56610000,51,DNA,10000,5661,True,0.9110767403686062,0.9608314728147596,0.9359541065916829,0.9608314728147596,False,3765,12808,31405,d__Bacteria;p__Bacteroidota;c__Bacteroidia;o__Bacteroidales;f__Bacteroidaceae;g__Prevotella;s__Prevotella sp900546535
480000,0.008479067302596715,0.13253012048192772,0.0077724783607136545,0.02219391816589715,15.840909090909092,9.0,21.64165090095966,/group/ctbrowngrp5/sourmash-db.new/gtdb-rs226/gtdb-rs226-k51.dna.rocksdb,GCF_040095575.1 Hallella faecis,f700ccc7abfc04c22b47eb0be811ccdd,0.14457831325301204,440000,6,50150000,outputs.mapping/bams.cds.rand/SRR10209667.x.s__Prevotella sp000434975.fastq.gz,SRR10209667.x.s__Prevotella sp000434975,4b5fad20,56610000,51,DNA,10000,5661,True,0.9107084667225764,0.9627896975047106,0.9367490821136435,0.9627896975047106,False,697,13505,31405,d__Bacteria;p__Bacteroidota;c__Bacteroidia;o__Bacteroidales;f__Bacteroidaceae;g__Prevotella;s__Prevotella faecis
430000,0.00759583112524289,0.15891472868217055,0.00724253665430136,0.009584461073077536,7.341463414634147,5.0,5.6335655914395595,/group/ctbrowngrp5/sourmash-db.new/gtdb-rs226/gtdb-rs226-k51.dna.rocksdb,GCA_034093675.1 Prevotella sp.,0cb2f16609494f6ba80cc16043f69091,0.16666666666666666,410000,7,49740000,outputs.mapping/bams.cds.rand/SRR10209667.x.s__Prevotella sp000434975.fastq.gz,SRR10209667.x.s__Prevotella sp000434975,4b5fad20,56610000,51,DNA,10000,5661,True,0.908746294419271,0.9654774447364233,0.9371118695778471,0.9654774447364233,False,301,13806,31405,d__Bacteria;p__Bacteroidota;c__Bacteroidia;o__Bacteroidales;f__Bacteroidaceae;g__Prevotella;s__Prevotella sp900543975
2480000,0.04380851439674969,0.12871287128712872,0.00688924218335983,0.016780767393727112,13.512820512820513,8.0,16.818597451923143,/group/ctbrowngrp5/sourmash-db.new/gtdb-rs226/gtdb-rs226-k51.dna.rocksdb,GCA_037247825.1 Prevotella sp.,d023cd9b314ef6acd6593cdde9eec80e,0.8184818481848185,390000,8,49350000,outputs.mapping/bams.cds.rand/SRR10209667.x.s__Prevotella sp000434975.fastq.gz,SRR10209667.x.s__Prevotella sp000434975,4b5fad20,56610000,51,DNA,10000,5661,True,0.9405110288917999,0.9960801720853854,0.9682956004885926,0.9960801720853854,False,527,14333,31405,d__Bacteria;p__Bacteroidota;c__Bacteroidia;o__Bacteroidales;f__Bacteroidaceae;g__Prevotella;s__Prevotella sp000434975
360000,0.006359300476947536,0.0889487870619946,0.005829358770535241,0.017194714217481293,16.363636363636363,10.0,28.54960402189779,/group/ctbrowngrp5/sourmash-db.new/gtdb-rs226/gtdb-rs226-k51.dna.rocksdb,GCF_021531135.1 Segatella hominis,fbfb9fa1cd55529571913ff882c8b132,0.09703504043126684,330000,9,49020000,outputs.mapping/bams.cds.rand/SRR10209667.x.s__Prevotella sp000434975.fastq.gz,SRR10209667.x.s__Prevotella sp000434975,4b5fad20,56610000,51,DNA,10000,5661,True,0.9055857813501894,0.9552913707365934,0.9304385760433914,0.9552913707365934,False,540,14873,31405,d__Bacteria;p__Bacteroidota;c__Bacteroidia;o__Bacteroidales;f__Bacteroidaceae;g__Prevotella;s__Prevotella sp945863825
1770000,0.03126656067832538,0.09014084507042254,0.005652711535064477,0.010348670593854482,10.15625,5.0,12.482761550934953,/group/ctbrowngrp5/sourmash-db.new/gtdb-rs226/gtdb-rs226-k51.dna.rocksdb,GCF_019052395.1 Leyella stercorea,3f0fda1097a77cdaec6e92a540d9fada,0.49859154929577465,320000,10,48700000,outputs.mapping/bams.cds.rand/SRR10209667.x.s__Prevotella sp000434975.fastq.gz,SRR10209667.x.s__Prevotella sp000434975,4b5fad20,56610000,51,DNA,10000,5661,True,0.9343116559393503,0.9864462579611981,0.9603789569502742,0.9864462579611981,False,325,15198,31405,d__Bacteria;p__Bacteroidota;c__Bacteroidia;o__Bacteroidales;f__Bacteroidaceae;g__Prevotella;s__Prevotella sp000434975
430000,0.00759583112524289,0.10264900662251655,0.005476064299593711,0.007068938067186754,7.161290322580645,4.0,8.69592701913743,/group/ctbrowngrp5/sourmash-db.new/gtdb-rs226/gtdb-rs226-k51.dna.rocksdb,GCF_000833975.1 Prevotella pectinovora,3053a3b437c82ff57aec3c7b2c0264e0,0.1423841059602649,310000,11,48390000,outputs.mapping/bams.cds.rand/SRR10209667.x.s__Prevotella sp000434975.fastq.gz,SRR10209667.x.s__Prevotella sp000434975,4b5fad20,56610000,51,DNA,10000,5661,True,0.908746294419271,0.9625010370876803,0.9356236657534757,0.9625010370876803,False,222,15420,31405,d__Bacteria;p__Bacteroidota;c__Bacteroidia;o__Bacteroidales;f__Bacteroidaceae;g__Prevotella;s__Prevotella pectinovora
350000,0.006182653241476771,0.07397959183673469,0.005122769828652182,0.016685241203629995,18.06896551724138,13.0,18.13727545688191,/group/ctbrowngrp5/sourmash-db.new/gtdb-rs226/gtdb-rs226-k51.dna.rocksdb,GCF_002251365.1 Prevotella sp. P3-122,5ae49ef05423941dec413a8aae927173,0.08928571428571429,290000,12,48100000,outputs.mapping/bams.cds.rand/SRR10209667.x.s__Prevotella sp000434975.fastq.gz,SRR10209667.x.s__Prevotella sp000434975,4b5fad20,56610000,51,DNA,10000,5661,True,0.9050857009358988,0.9537336318690407,0.9294096664024698,0.9537336318690407,False,524,15944,31405,d__Bacteria;p__Bacteroidota;c__Bacteroidia;o__Bacteroidales;f__Bacteroidaceae;g__Prevotella;s__Prevotella sp002251365
370000,0.006535947712418301,0.08579881656804733,0.005122769828652182,0.011081038051265722,12.0,4.0,21.45243334803127,/group/ctbrowngrp5/sourmash-db.new/gtdb-rs226/gtdb-rs226-k51.dna.rocksdb,GCF_021531415.1 Segatella copri,bc0d0c632b87ac4d8583d45ab9a636fe,0.10946745562130178,290000,13,47810000,outputs.mapping/bams.cds.rand/SRR10209667.x.s__Prevotella sp000434975.fastq.gz,SRR10209667.x.s__Prevotella sp000434975,4b5fad20,56610000,51,DNA,10000,5661,True,0.9060724242444924,0.9575521846360918,0.9318123044402922,0.9575521846360918,False,348,16292,31405,d__Bacteria;p__Bacteroidota;c__Bacteroidia;o__Bacteroidales;f__Bacteroidaceae;g__Prevotella;s__Prevotella copri
2220000,0.0392156862745098,0.08904109589041095,0.004592828122239887,0.009297882502786181,11.23076923076923,6.5,15.539794306894533,/group/ctbrowngrp5/sourmash-db.new/gtdb-rs226/gtdb-rs226-k51.dna.rocksdb,GCA_004554545.1 Bacteroidales bacterium,8231d7fa6d5da2782e1963c6ae5d95e5,0.7602739726027398,260000,14,47550000,outputs.mapping/bams.cds.rand/SRR10209667.x.s__Prevotella sp000434975.fastq.gz,SRR10209667.x.s__Prevotella sp000434975,4b5fad20,56610000,51,DNA,10000,5661,True,0.9384708355272364,0.9946403669015875,0.966555601214412,0.9946403669015875,False,292,16584,31405,d__Bacteria;p__Bacteroidota;c__Bacteroidia;o__Bacteroidales;f__Bacteroidaceae;g__Prevotella;s__Prevotella sp000434975
290000,0.005122769828652182,0.10743801652892562,0.004592828122239887,0.0020378920554051903,2.4615384615384617,1.5,2.4056147340172136,/group/ctbrowngrp5/sourmash-db.new/gtdb-rs226/gtdb-rs226-k51.dna.rocksdb,GCF_945949315.1 uncultured Prevotella sp.,e25873f6a40d79d608f4d3d2ea5a4d98,0.11983471074380166,260000,15,47290000,outputs.mapping/bams.cds.rand/SRR10209667.x.s__Prevotella sp000434975.fastq.gz,SRR10209667.x.s__Prevotella sp000434975,4b5fad20,56610000,51,DNA,10000,5661,True,0.9017545249410949,0.9592526171843792,0.930503571062737,0.9592526171843792,False,64,16648,31405,d__Bacteria;p__Bacteroidota;c__Bacteroidia;o__Bacteroidales;f__Bacteroidaceae;g__Prevotella;s__Prevotella sp900553155
380000,0.0067125949478890655,0.07738095238095238,0.004592828122239887,0.012927877726476677,15.615384615384615,10.0,15.657578462636216,/group/ctbrowngrp5/sourmash-db.new/gtdb-rs226/gtdb-rs226-k51.dna.rocksdb,GCA_036298005.1 Segatella copri,87f15e944fac495c7d4032c34adb8e84,0.1130952380952381,260000,16,47030000,outputs.mapping/bams.cds.rand/SRR10209667.x.s__Prevotella sp000434975.fastq.gz,SRR10209667.x.s__Prevotella sp000434975,4b5fad20,56610000,51,DNA,10000,5661,True,0.906546339577413,0.9581645187167062,0.9323554291470596,0.9581645187167062,False,406,17054,31405,d__Bacteria;p__Bacteroidota;c__Bacteroidia;o__Bacteroidales;f__Bacteroidaceae;g__Prevotella;s__Prevotella sinensis
970000,0.017134781840664193,0.07947019867549669,0.0042395336512983575,0.005827097595924216,7.625,6.0,6.1699034298223285,/group/ctbrowngrp5/sourmash-db.new/gtdb-rs226/gtdb-rs226-k51.dna.rocksdb,GCA_963635295.1 bacterium,960410e321971d4c6430ce973736f86e,0.3211920529801324,240000,17,46790000,outputs.mapping/bams.cds.rand/SRR10209667.x.s__Prevotella sp000434975.fastq.gz,SRR10209667.x.s__Prevotella sp000434975,4b5fad20,56610000,51,DNA,10000,5661,True,0.9233581104354991,0.9779771806006959,0.9506676455180976,0.9779771806006959,False,183,17237,31405,d__Bacteria;p__Bacteroidota;c__Bacteroidia;o__Bacteroidales;f__Bacteroidaceae;g__Prevotella;s__Prevotella sp905193385
2280000,0.040275569687334395,0.07692307692307693,0.0038862391803568272,0.0035981531603247892,5.136363636363637,3.0,4.947868728925383,/group/ctbrowngrp5/sourmash-db.new/gtdb-rs226/gtdb-rs226-k51.dna.rocksdb,GCA_022785245.1 Prevotella sp.,45fde7906d179ce270108a20a3c53f6e,0.7972027972027972,220000,18,46570000,outputs.mapping/bams.cds.rand/SRR10209667.x.s__Prevotella sp000434975.fastq.gz,SRR10209667.x.s__Prevotella sp000434975,4b5fad20,56610000,51,DNA,10000,5661,True,0.9389616966400509,0.9955658173647361,0.9672637570023935,0.9955658173647361,False,113,17350,31405,d__Bacteria;p__Bacteroidota;c__Bacteroidia;o__Bacteroidales;f__Bacteroidaceae;g__Prevotella;s__Prevotella sp000434975
2350000,0.04151210033562975,0.05901639344262295,0.003179650238473768,0.0034071007801305523,5.944444444444445,5.0,4.982995776998035,/group/ctbrowngrp5/sourmash-db.new/gtdb-rs226/gtdb-rs226-k51.dna.rocksdb,GCF_021531515.1 Leyella stercorea,45a1d63dc3a3e4968b5575bf64359375,0.7704918032786885,180000,19,46390000,outputs.mapping/bams.cds.rand/SRR10209667.x.s__Prevotella sp000434975.fastq.gz,SRR10209667.x.s__Prevotella sp000434975,4b5fad20,56610000,51,DNA,10000,5661,True,0.9395186086704378,0.994900765805349,0.9672096872378935,0.994900765805349,False,107,17457,31405,d__Bacteria;p__Bacteroidota;c__Bacteroidia;o__Bacteroidales;f__Bacteroidaceae;g__Prevotella;s__Prevotella sp000434975
190000,0.0033562974739445328,0.06227106227106227,0.003003003003003003,0.0010826301544340073,2.0,1.0,1.3719886811400708,/group/ctbrowngrp5/sourmash-db.new/gtdb-rs226/gtdb-rs226-k51.dna.rocksdb,GCF_021531735.1 Prevotella dentalis,9016afa5bc2fe7966a090977f0843997,0.0695970695970696,170000,20,46220000,outputs.mapping/bams.cds.rand/SRR10209667.x.s__Prevotella sp000434975.fastq.gz,SRR10209667.x.s__Prevotella sp000434975,4b5fad20,56610000,51,DNA,10000,5661,True,0.8943087083545793,0.9490863012009558,0.9216975047777676,0.9490863012009558,False,34,17491,31405,d__Bacteria;p__Bacteroidota;c__Bacteroidia;o__Bacteroidales;f__Bacteroidaceae;g__Prevotella;s__Prevotella sp002251385
2310000,0.04080551139374669,0.05263157894736842,0.002649708532061473,0.003661837287056201,7.666666666666667,5.0,6.47731082746193,/group/ctbrowngrp5/sourmash-db.new/gtdb-rs226/gtdb-rs226-k51.dna.rocksdb,GCA_022785385.1 Prevotella sp.,1382327904e0cdf4335f8b100532d599,0.8105263157894737,150000,21,46070000,outputs.mapping/bams.cds.rand/SRR10209667.x.s__Prevotella sp000434975.fastq.gz,SRR10209667.x.s__Prevotella sp000434975,4b5fad20,56610000,51,DNA,10000,5661,True,0.9392023977587219,0.9958894232178647,0.9675459104882933,0.9958894232178647,False,115,17606,31405,d__Bacteria;p__Bacteroidota;c__Bacteroidia;o__Bacteroidales;f__Bacteroidaceae;g__Prevotella;s__Prevotella sp000434975
290000,0.005122769828652182,0.03712871287128713,0.002649708532061473,0.0014965769781881866,3.1333333333333333,2.0,4.129030017920539,/group/ctbrowngrp5/sourmash-db.new/gtdb-rs226/gtdb-rs226-k51.dna.rocksdb,GCF_964240925.1 Prevotella merdae,31814dd200788c22176abb83524c68eb,0.07178217821782178,150000,22,45920000,outputs.mapping/bams.cds.rand/SRR10209667.x.s__Prevotella sp000434975.fastq.gz,SRR10209667.x.s__Prevotella sp000434975,4b5fad20,56610000,51,DNA,10000,5661,True,0.9017545249410949,0.9496617664513468,0.9257081456962208,0.9496617664513468,False,47,17653,31405,d__Bacteria;p__Bacteroidota;c__Bacteroidia;o__Bacteroidales;f__Bacteroidaceae;g__Prevotella;s__Prevotella merdae
180000,0.003179650238473768,0.048109965635738834,0.0024730612965907085,0.005636045215729979,12.642857142857142,8.5,10.458128368861793,/group/ctbrowngrp5/sourmash-db.new/gtdb-rs226/gtdb-rs226-k51.dna.rocksdb,GCF_002251295.1 Prevotella sp. P5-50,e0b4f5e74144729f3a8f0c0fb991e304,0.061855670103092786,140000,23,45780000,outputs.mapping/bams.cds.rand/SRR10209667.x.s__Prevotella sp000434975.fastq.gz,SRR10209667.x.s__Prevotella sp000434975,4b5fad20,56610000,51,DNA,10000,5661,True,0.8933611168747129,0.9468944240444768,0.9201277704595948,0.9468944240444768,False,177,17830,31405,d__Bacteria;p__Bacteroidota;c__Bacteroidia;o__Bacteroidales;f__Bacteroidaceae;g__Prevotella;s__Prevotella sp002251295
2200000,0.03886239180356828,0.049429657794676805,0.0022964140611199434,0.0016557872950167171,4.0,2.0,4.169486225497739,/group/ctbrowngrp5/sourmash-db.new/gtdb-rs226/gtdb-rs226-k51.dna.rocksdb,GCA_004558345.1 Bacteroidales bacterium,f5e53fa27f71e9805a64ed97610c4ab2,0.8365019011406845,130000,24,45650000,outputs.mapping/bams.cds.rand/SRR10209667.x.s__Prevotella sp000434975.fastq.gz,SRR10209667.x.s__Prevotella sp000434975,4b5fad20,56610000,51,DNA,10000,5661,True,0.9383043207583376,0.9965056003451169,0.9674049605517272,0.9965056003451169,False,52,17882,31405,d__Bacteria;p__Bacteroidota;c__Bacteroidia;o__Bacteroidales;f__Bacteroidaceae;g__Prevotella;s__Prevotella sp000434975
170000,0.003003003003003003,0.04779411764705882,0.0022964140611199434,0.0021971023722337207,5.3076923076923075,2.0,5.149826216404938,/group/ctbrowngrp5/sourmash-db.new/gtdb-rs226/gtdb-rs226-k51.dna.rocksdb,GCA_004553245.1 Bacteroidales bacterium,0619d4a72519c32a14509836e8d74c94,0.0625,130000,25,45520000,outputs.mapping/bams.cds.rand/SRR10209667.x.s__Prevotella sp000434975.fastq.gz,SRR10209667.x.s__Prevotella sp000434975,4b5fad20,56610000,51,DNA,10000,5661,True,0.8923604403934454,0.9470868448726294,0.9197236426330374,0.9470868448726294,False,69,17951,31405,d__Bacteria;p__Bacteroidota;c__Bacteroidia;o__Bacteroidales;f__Bacteroidaceae;g__Prevotella;s__Prevotella sp900547005
2320000,0.040982158629217454,0.045774647887323945,0.0022964140611199434,0.0025155230058907818,6.076923076923077,3.0,6.843992744472376,/group/ctbrowngrp5/sourmash-db.new/gtdb-rs226/gtdb-rs226-k51.dna.rocksdb,GCA_034170805.1 Prevotella sp.,8cfef6f602bcc8dd590734bda4c72456,0.8169014084507042,130000,26,45390000,outputs.mapping/bams.cds.rand/SRR10209667.x.s__Prevotella sp000434975.fastq.gz,SRR10209667.x.s__Prevotella sp000434975,4b5fad20,56610000,51,DNA,10000,5661,True,0.9392819508552557,0.9960424231756172,0.9676621870154365,0.9960424231756172,False,79,18030,31405,d__Bacteria;p__Bacteroidota;c__Bacteroidia;o__Bacteroidales;f__Bacteroidaceae;g__Prevotella;s__Prevotella sp000434975
130000,0.0022964140611199434,0.046263345195729534,0.0022964140611199434,0.005636045215729979,13.615384615384615,5.0,16.236418994813725,/group/ctbrowngrp5/sourmash-db.new/gtdb-rs226/gtdb-rs226-k51.dna.rocksdb,GCA_022768725.1 Prevotella sp.,dd0c38e8bd3e859048d9d3b7b6abd04a,0.046263345195729534,130000,27,45260000,outputs.mapping/bams.cds.rand/SRR10209667.x.s__Prevotella sp000434975.fastq.gz,SRR10209667.x.s__Prevotella sp000434975,4b5fad20,56610000,51,DNA,10000,5661,True,0.8876788782082822,0.941517024010941,0.9145979511096116,0.941517024010941,False,177,18207,31405,d__Bacteria;p__Bacteroidota;c__Bacteroidia;o__Bacteroidales;f__Bacteroidaceae;g__Prevotella;s__Prevotella sp900548195
300000,0.005299417064122946,0.033854166666666664,0.0022964140611199434,0.006177360292946983,14.923076923076923,10.0,13.84786314235765,/group/ctbrowngrp5/sourmash-db.new/gtdb-rs226/gtdb-rs226-k51.dna.rocksdb,GCA_036773145.1 Bacteroidaceae bacterium,fec22a84aae9a8224a37834295e95ed2,0.078125,130000,28,45130000,outputs.mapping/bams.cds.rand/SRR10209667.x.s__Prevotella sp000434975.fastq.gz,SRR10209667.x.s__Prevotella sp000434975,4b5fad20,56610000,51,DNA,10000,5661,True,0.9023541531894088,0.9512397729833019,0.9267969630863553,0.9512397729833019,False,194,18401,31405,d__Bacteria;p__Bacteroidota;c__Bacteroidia;o__Bacteroidales;f__Bacteroidaceae;g__Prevotella;s__Prevotella sp002265625
140000,0.0024730612965907085,0.04513888888888889,0.0022964140611199434,0.0021015761821366026,5.076923076923077,4.0,4.906221144339069,/group/ctbrowngrp5/sourmash-db.new/gtdb-rs226/gtdb-rs226-k51.dna.rocksdb,GCA_945830495.1 uncultured Prevotella sp.,f75343380c7793d3a428c11ff830ce32,0.04861111111111111,130000,29,45000000,outputs.mapping/bams.cds.rand/SRR10209667.x.s__Prevotella sp000434975.fastq.gz,SRR10209667.x.s__Prevotella sp000434975,4b5fad20,56610000,51,DNA,10000,5661,True,0.8889696997786464,0.942431332915065,0.9157005163468557,0.942431332915065,False,66,18467,31405,d__Bacteria;p__Bacteroidota;c__Bacteroidia;o__Bacteroidales;f__Bacteroidaceae;g__Prevotella;s__Prevotella sp945869265
130000,0.0022964140611199434,0.03508771929824561,0.0021197668256491787,0.006973411877089636,18.25,3.0,35.53665947534555,/group/ctbrowngrp5/sourmash-db.new/gtdb-rs226/gtdb-rs226-k51.dna.rocksdb,GCA_034114445.1 Prevotella sp.,b5b49d68a615afcf9d6852954d51be84,0.038011695906432746,120000,30,44880000,outputs.mapping/bams.cds.rand/SRR10209667.x.s__Prevotella sp000434975.fastq.gz,SRR10209667.x.s__Prevotella sp000434975,4b5fad20,56610000,51,DNA,10000,5661,True,0.8876788782082822,0.9378972017377489,0.9127880399730155,0.9378972017377489,False,219,18686,31405,d__Bacteria;p__Bacteroidota;c__Bacteroidia;o__Bacteroidales;f__Bacteroidaceae;g__Prevotella;s__Prevotella sp022771625
380000,0.0067125949478890655,0.031914893617021274,0.0021197668256491787,0.004489730934564559,11.75,5.5,19.386958675013126,/group/ctbrowngrp5/sourmash-db.new/gtdb-rs226/gtdb-rs226-k51.dna.rocksdb,GCF_036938075.1 Segatella copri,0a1b10f122f8a1de4a24a1e4ccd493bb,0.10106382978723404,120000,31,44760000,outputs.mapping/bams.cds.rand/SRR10209667.x.s__Prevotella sp000434975.fastq.gz,SRR10209667.x.s__Prevotella sp000434975,4b5fad20,56610000,51,DNA,10000,5661,True,0.906546339577413,0.9560536627008913,0.9313000011391521,0.9560536627008913,False,141,18827,31405,d__Bacteria;p__Bacteroidota;c__Bacteroidia;o__Bacteroidales;f__Bacteroidaceae;g__Prevotella;s__Prevotella copri_B
360000,0.006359300476947536,0.03273809523809524,0.0019431195901784136,0.0015284190415538928,4.363636363636363,4.0,3.1986567428653054,/group/ctbrowngrp5/sourmash-db.new/gtdb-rs226/gtdb-rs226-k51.dna.rocksdb,GCA_963558525.1 uncultured Prevotella sp.,32c601d6131bc6ccad67d0ede487bbac,0.10714285714285714,110000,32,44650000,outputs.mapping/bams.cds.rand/SRR10209667.x.s__Prevotella sp000434975.fastq.gz,SRR10209667.x.s__Prevotella sp000434975,4b5fad20,56610000,51,DNA,10000,5661,True,0.9055857813501894,0.9571492669073876,0.9313675241287884,0.9571492669073876,False,48,18875,31405,d__Bacteria;p__Bacteroidota;c__Bacteroidia;o__Bacteroidales;f__Bacteroidaceae;g__Prevotella;s__Prevotella sp900543975
2280000,0.040275569687334395,0.039568345323741004,0.0019431195901784136,0.0024518388791593695,7.0,2.0,11.638494123147783,/group/ctbrowngrp5/sourmash-db.new/gtdb-rs226/gtdb-rs226-k51.dna.rocksdb,GCA_905206085.1 uncultured Prevotella sp.,7514df9e0c3036f8266f72f6ae16b0fd,0.8201438848920863,110000,33,44540000,outputs.mapping/bams.cds.rand/SRR10209667.x.s__Prevotella sp000434975.fastq.gz,SRR10209667.x.s__Prevotella sp000434975,4b5fad20,56610000,51,DNA,10000,5661,True,0.9389616966400509,0.9961197929311004,0.9675407447855757,0.9961197929311004,False,77,18952,31405,d__Bacteria;p__Bacteroidota;c__Bacteroidia;o__Bacteroidales;f__Bacteroidaceae;g__Prevotella;s__Prevotella sp000434975
350000,0.006182653241476771,0.03355704697986577,0.0017664723547076487,0.004457888871198854,14.0,4.0,25.294268125407385,/group/ctbrowngrp5/sourmash-db.new/gtdb-rs226/gtdb-rs226-k51.dna.rocksdb,GCA_019409775.1 bacterium,149f926f7747a8629bfb307a5a84e10d,0.1174496644295302,100000,34,44440000,outputs.mapping/bams.cds.rand/SRR10209667.x.s__Prevotella sp000434975.fastq.gz,SRR10209667.x.s__Prevotella sp000434975,4b5fad20,56610000,51,DNA,10000,5661,True,0.9050857009358988,0.9588745669424512,0.931980133939175,0.9588745669424512,False,140,19092,31405,d__Bacteria;p__Bacteroidota;c__Bacteroidia;o__Bacteroidales;f__Bacteroidaceae;g__Prevotella;s__Prevotella sp900546535
140000,0.0024730612965907085,0.04201680672268908,0.0017664723547076487,0.000636841267314122,2.0,1.0,1.3416407864998738,/group/ctbrowngrp5/sourmash-db.new/gtdb-rs226/gtdb-rs226-k51.dna.rocksdb,GCA_958448905.1 uncultured Prevotella sp.,acdc7c92ad13352bdfa0ccd317033593,0.058823529411764705,100000,35,44340000,outputs.mapping/bams.cds.rand/SRR10209667.x.s__Prevotella sp000434975.fastq.gz,SRR10209667.x.s__Prevotella sp000434975,4b5fad20,56610000,51,DNA,10000,5661,True,0.8889696997786464,0.9459616944974788,0.9174656971380626,0.9459616944974788,False,20,19112,31405,d__Bacteria;p__Bacteroidota;c__Bacteroidia;o__Bacteroidales;f__Bacteroidaceae;g__Prevotella;s__Prevotella sp022788105
1140000,0.020137784843667197,0.037037037037037035,0.0017664723547076487,0.0017831555484795415,5.6,2.5,6.514598989960933,/group/ctbrowngrp5/sourmash-db.new/gtdb-rs226/gtdb-rs226-k51.dna.rocksdb,GCA_958450955.1 uncultured Bacteroidales bacterium,03cc7cd4d7e3c7b76f5e9955a8cb41b0,0.4222222222222222,100000,36,44240000,outputs.mapping/bams.cds.rand/SRR10209667.x.s__Prevotella sp000434975.fastq.gz,SRR10209667.x.s__Prevotella sp000434975,4b5fad20,56610000,51,DNA,10000,5661,True,0.9262864847129877,0.9832357668956166,0.9547611258043022,0.9832357668956166,False,56,19168,31405,d__Bacteria;p__Bacteroidota;c__Bacteroidia;o__Bacteroidales;f__Bacteroidaceae;g__Prevotella;s__Prevotella sp000434975
270000,0.0047694753577106515,0.035842293906810034,0.0017664723547076487,0.0017831555484795415,5.6,5.0,3.2619012860600183,/group/ctbrowngrp5/sourmash-db.new/gtdb-rs226/gtdb-rs226-k51.dna.rocksdb,GCF_037267315.1 Prevotella sp.,519d51cd901bba6f9921e6fcd1ad3fad,0.0967741935483871,100000,37,44140000,outputs.mapping/bams.cds.rand/SRR10209667.x.s__Prevotella sp000434975.fastq.gz,SRR10209667.x.s__Prevotella sp000434975,4b5fad20,56610000,51,DNA,10000,5661,True,0.9004919108031646,0.9552409515701124,0.9278664311866385,0.9552409515701124,False,56,19224,31405,d__Bacteria;p__Bacteroidota;c__Bacteroidia;o__Bacteroidales;f__Bacteroidaceae;g__Prevotella;s__Prevotella sp900546575
290000,0.005122769828652182,0.02710843373493976,0.001589825119236884,0.0015921031682853048,5.555555555555555,3.0,4.924115512480076,/group/ctbrowngrp5/sourmash-db.new/gtdb-rs226/gtdb-rs226-k51.dna.rocksdb,GCA_004562875.1 bacterium,6eb5259a681430ee019e5de11fb4b808,0.08734939759036145,90000,38,44050000,outputs.mapping/bams.cds.rand/SRR10209667.x.s__Prevotella sp000434975.fastq.gz,SRR10209667.x.s__Prevotella sp000434975,4b5fad20,56610000,51,DNA,10000,5661,True,0.9017545249410949,0.9533237012893778,0.9275391131152364,0.9533237012893778,False,50,19274,31405,d__Bacteria;p__Bacteroidota;c__Bacteroidia;o__Bacteroidales;f__Bacteroidaceae;g__Prevotella;s__Prevotella sp002251365
130000,0.0022964140611199434,0.023076923076923078,0.001589825119236884,0.0005094730138512976,1.7777777777777777,1.0,1.227262335243029,/group/ctbrowngrp5/sourmash-db.new/gtdb-rs226/gtdb-rs226-k51.dna.rocksdb,GCF_002251435.1 Prevotella sp. P2-180,c5f49e122048abf7e20aaf9064685581,0.03333333333333333,90000,39,43960000,outputs.mapping/bams.cds.rand/SRR10209667.x.s__Prevotella sp000434975.fastq.gz,SRR10209667.x.s__Prevotella sp000434975,4b5fad20,56610000,51,DNA,10000,5661,True,0.8876788782082822,0.9354850213892802,0.9115819497987812,0.9354850213892802,False,16,19290,31405,d__Bacteria;p__Bacteroidota;c__Bacteroidia;o__Bacteroidales;f__Bacteroidaceae;g__Prevotella;s__Prevotella sp002251435
2140000,0.037802508390743686,0.03409090909090909,0.001589825119236884,0.0015602611049195987,5.444444444444445,4.0,3.1308895119123044,/group/ctbrowngrp5/sourmash-db.new/gtdb-rs226/gtdb-rs226-k51.dna.rocksdb,GCA_022773835.1 Prevotella sp.,b28594b4df8acbbd914c2012555fc993,0.8106060606060606,90000,40,43870000,outputs.mapping/bams.cds.rand/SRR10209667.x.s__Prevotella sp000434975.fastq.gz,SRR10209667.x.s__Prevotella sp000434975,4b5fad20,56610000,51,DNA,10000,5661,True,0.9377957223480407,0.9958913443416232,0.966843533344832,0.9958913443416232,False,49,19339,31405,d__Bacteria;p__Bacteroidota;c__Bacteroidia;o__Bacteroidales;f__Bacteroidaceae;g__Prevotella;s__Prevotella sp000434975
110000,0.0019431195901784136,0.04864864864864865,0.001589825119236884,0.001623945231651011,5.666666666666667,3.0,4.853406592853679,/group/ctbrowngrp5/sourmash-db.new/gtdb-rs226/gtdb-rs226-k51.dna.rocksdb,GCA_946055035.1 uncultured Bacteroidales bacterium,dd49f2bdad67b45cfd7dfde54197940e,0.05945945945945946,90000,41,43780000,outputs.mapping/bams.cds.rand/SRR10209667.x.s__Prevotella sp000434975.fastq.gz,SRR10209667.x.s__Prevotella sp000434975,4b5fad20,56610000,51,DNA,10000,5661,True,0.8847759805681183,0.9461611611936257,0.9154685708808721,0.9461611611936257,False,51,19390,31405,d__Bacteria;p__Bacteroidota;c__Bacteroidia;o__Bacteroidales;f__Bacteroidaceae;g__Prevotella;s__Prevotella sp004557285
190000,0.0033562974739445328,0.025714285714285714,0.001589825119236884,0.0008278936475083586,2.888888888888889,2.0,1.6629588385661962,/group/ctbrowngrp5/sourmash-db.new/gtdb-rs226/gtdb-rs226-k51.dna.rocksdb,GCA_958348905.1 Segatella copri,5c00120c08a51e3809c3f9fd17695b90,0.054285714285714284,90000,42,43690000,outputs.mapping/bams.cds.rand/SRR10209667.x.s__Prevotella sp000434975.fastq.gz,SRR10209667.x.s__Prevotella sp000434975,4b5fad20,56610000,51,DNA,10000,5661,True,0.8943087083545793,0.9444737954657058,0.9193912519101426,0.9444737954657058,False,26,19416,31405,d__Bacteria;p__Bacteroidota;c__Bacteroidia;o__Bacteroidales;f__Bacteroidaceae;g__Prevotella;s__Prevotella copri_M
90000,0.001589825119236884,0.03619909502262444,0.0014131778837661192,0.002579207132622194,10.125,5.5,12.936745147060755,/group/ctbrowngrp5/sourmash-db.new/gtdb-rs226/gtdb-rs226-k51.dna.rocksdb,GCA_945912845.1 uncultured Bacteroidales bacterium,88a0c89c53a152cee5ec79844bb82a1a,0.04072398190045249,80000,43,43610000,outputs.mapping/bams.cds.rand/SRR10209667.x.s__Prevotella sp000434975.fastq.gz,SRR10209667.x.s__Prevotella sp000434975,4b5fad20,56610000,51,DNA,10000,5661,True,0.8813014753320336,0.9391655670020427,0.9102335211670382,0.9391655670020427,False,81,19497,31405,d__Bacteria;p__Bacteroidota;c__Bacteroidia;o__Bacteroidales;f__Bacteroidaceae;g__Alloprevotella;s__Alloprevotella sp004555425
90000,0.001589825119236884,0.02867383512544803,0.0014131778837661192,0.003279732526667728,12.875,2.0,29.16520829687318,/group/ctbrowngrp5/sourmash-db.new/gtdb-rs226/gtdb-rs226-k51.dna.rocksdb,GCA_022775985.1 Prevotella sp.,af9ae782538970275ac8c6a0d7c1daca,0.03225806451612903,80000,44,43530000,outputs.mapping/bams.cds.rand/SRR10209667.x.s__Prevotella sp000434975.fastq.gz,SRR10209667.x.s__Prevotella sp000434975,4b5fad20,56610000,51,DNA,10000,5661,True,0.8813014753320336,0.9348837561077591,0.9080926157198963,0.9348837561077591,False,103,19600,31405,d__Bacteria;p__Bacteroidota;c__Bacteroidia;o__Bacteroidales;f__Bacteroidaceae;g__Prevotella;s__Prevotella sp022775985
110000,0.0019431195901784136,0.022408963585434174,0.0014131778837661192,0.0003502626970227671,1.375,1.0,0.4841229182759271,/group/ctbrowngrp5/sourmash-db.new/gtdb-rs226/gtdb-rs226-k51.dna.rocksdb,GCF_002251245.1 Prevotella sp. P5-92,89bbe07edc2e6138aa3281ac124654b9,0.03081232492997199,80000,45,43450000,outputs.mapping/bams.cds.rand/SRR10209667.x.s__Prevotella sp000434975.fastq.gz,SRR10209667.x.s__Prevotella sp000434975,4b5fad20,56610000,51,DNA,10000,5661,True,0.8847759805681183,0.9340435944497837,0.9094097875089511,0.9340435944497837,False,11,19611,31405,d__Bacteria;p__Bacteroidota;c__Bacteroidia;o__Bacteroidales;f__Bacteroidaceae;g__Prevotella;s__Prevotella sp002251245
280000,0.004946122593181417,0.02476780185758514,0.0014131778837661192,0.0007642095207769464,3.0,3.0,1.5,/group/ctbrowngrp5/sourmash-db.new/gtdb-rs226/gtdb-rs226-k51.dna.rocksdb,GCA_937991355.1 uncultured Prevotella sp.,0249e3d3c30725430f77b88f26622818,0.08668730650154799,80000,46,43370000,outputs.mapping/bams.cds.rand/SRR10209667.x.s__Prevotella sp000434975.fastq.gz,SRR10209667.x.s__Prevotella sp000434975,4b5fad20,56610000,51,DNA,10000,5661,True,0.9011342725403051,0.9531814858320729,0.927157879186189,0.9531814858320729,False,24,19635,31405,d__Bacteria;p__Bacteroidota;c__Bacteroidia;o__Bacteroidales;f__Bacteroidaceae;g__Prevotella;s__Prevotella sp900313215
110000,0.0019431195901784136,0.023391812865497075,0.0014131778837661192,0.000668683330679828,2.625,1.5,2.117634293262177,/group/ctbrowngrp5/sourmash-db.new/gtdb-rs226/gtdb-rs226-k51.dna.rocksdb,GCA_958446975.1 uncultured Prevotella sp.,82619ae1a3344edb3609aaa01d33ca6e,0.03216374269005848,80000,47,43290000,outputs.mapping/bams.cds.rand/SRR10209667.x.s__Prevotella sp000434975.fastq.gz,SRR10209667.x.s__Prevotella sp000434975,4b5fad20,56610000,51,DNA,10000,5661,True,0.8847759805681183,0.9348300795604857,0.9098030300643021,0.9348300795604857,False,21,19656,31405,d__Bacteria;p__Bacteroidota;c__Bacteroidia;o__Bacteroidales;f__Bacteroidaceae;g__Prevotella;s__Prevotella sp000436035
420000,0.007419183889772125,0.020671834625323,0.0014131778837661192,0.0025155230058907818,9.875,7.0,8.809618323173826,/group/ctbrowngrp5/sourmash-db.new/gtdb-rs226/gtdb-rs226-k51.dna.rocksdb,GCA_938023055.1 uncultured Prevotella sp.,fb4ffb74be3ac89aab6057bbc1c76914,0.10852713178294573,80000,48,43210000,outputs.mapping/bams.cds.rand/SRR10209667.x.s__Prevotella sp000434975.fastq.gz,SRR10209667.x.s__Prevotella sp000434975,4b5fad20,56610000,51,DNA,10000,5661,True,0.9083271116710587,0.9573902200862493,0.932858665878654,0.9573902200862493,False,79,19735,31405,d__Bacteria;p__Bacteroidota;c__Bacteroidia;o__Bacteroidales;f__Bacteroidaceae;g__Prevotella;s__Prevotella sp945863825
2300000,0.04062886415827592,0.029197080291970802,0.0014131778837661192,0.000955261900971183,3.75,2.5,3.992179855667828,/group/ctbrowngrp5/sourmash-db.new/gtdb-rs226/gtdb-rs226-k51.dna.rocksdb,GCA_022784965.1 Prevotella sp.,d17c699743f87bb32b21e26ddac9e45e,0.8394160583941606,80000,49,43130000,outputs.mapping/bams.cds.rand/SRR10209667.x.s__Prevotella sp000434975.fastq.gz,SRR10209667.x.s__Prevotella sp000434975,4b5fad20,56610000,51,DNA,10000,5661,True,0.939122506310079,0.9965735543468346,0.9678480303284568,0.9965735543468346,False,30,19765,31405,d__Bacteria;p__Bacteroidota;c__Bacteroidia;o__Bacteroidales;f__Bacteroidaceae;g__Prevotella;s__Prevotella sp000434975
70000,0.0012365306482953543,0.029045643153526972,0.0012365306482953543,0.0007642095207769464,3.4285714285714284,3.0,2.5555062599997598,/group/ctbrowngrp5/sourmash-db.new/gtdb-rs226/gtdb-rs226-k51.dna.rocksdb,GCA_945829785.1 uncultured Bacteroidales bacterium,776e4cbdbcba84488b571c91f0750d70,0.029045643153526972,70000,50,43060000,outputs.mapping/bams.cds.rand/SRR10209667.x.s__Prevotella sp000434975.fastq.gz,SRR10209667.x.s__Prevotella sp000434975,4b5fad20,56610000,51,DNA,10000,5661,True,0.8769693387609896,0.9329628124668107,0.9049660756139002,0.9329628124668107,False,24,19789,31405,d__Bacteria;p__Bacteroidota;c__Bacteroidia;o__Bacteroidales;f__Bacteroidaceae;g__Alloprevotella;s__Alloprevotella sp004557185
420000,0.007419183889772125,0.02364864864864865,0.0012365306482953543,0.000668683330679828,3.0,3.0,1.6035674514745464,/group/ctbrowngrp5/sourmash-db.new/gtdb-rs226/gtdb-rs226-k51.dna.rocksdb,GCF_000834015.1 Prevotella pectinovora,998bf93c9b97aad01e78f3ba768ae63b,0.14189189189189189,70000,51,42990000,outputs.mapping/bams.cds.rand/SRR10209667.x.s__Prevotella sp000434975.fastq.gz,SRR10209667.x.s__Prevotella sp000434975,4b5fad20,56610000,51,DNA,10000,5661,True,0.9083271116710587,0.9624356848375681,0.9353813982543134,0.9624356848375681,False,21,19810,31405,d__Bacteria;p__Bacteroidota;c__Bacteroidia;o__Bacteroidales;f__Bacteroidaceae;g__Prevotella;s__Prevotella pectinovora
2180000,0.038509097332626745,0.024390243902439025,0.0012365306482953543,0.0003502626970227671,1.5714285714285714,1.0,0.9035079029052512,/group/ctbrowngrp5/sourmash-db.new/gtdb-rs226/gtdb-rs226-k51.dna.rocksdb,GCA_963624575.1 Butyribacter intestini,c706e3a8fce33aeb4e250eccce4bb170,0.759581881533101,70000,52,42920000,outputs.mapping/bams.cds.rand/SRR10209667.x.s__Prevotella sp000434975.fastq.gz,SRR10209667.x.s__Prevotella sp000434975,4b5fad20,56610000,51,DNA,10000,5661,True,0.9381363152365739,0.9946226052683718,0.9663794602524729,0.9946226052683718,False,11,19821,31405,d__Bacteria;p__Bacteroidota;c__Bacteroidia;o__Bacteroidales;f__Bacteroidaceae;g__Prevotella;s__Prevotella sp000434975
420000,0.007419183889772125,0.01804123711340206,0.0012365306482953543,0.0007642095207769464,3.4285714285714284,4.0,2.060315014550851,/group/ctbrowngrp5/sourmash-db.new/gtdb-rs226/gtdb-rs226-k51.dna.rocksdb,GCA_040324585.2 Segatella sinensis,03d8682549facbb908f65394b5b79011,0.10824742268041238,70000,53,42850000,outputs.mapping/bams.cds.rand/SRR10209667.x.s__Prevotella sp000434975.fastq.gz,SRR10209667.x.s__Prevotella sp000434975,4b5fad20,56610000,51,DNA,10000,5661,True,0.9083271116710587,0.9573417764920986,0.9328344440815787,0.9573417764920986,False,24,19845,31405,d__Bacteria;p__Bacteroidota;c__Bacteroidia;o__Bacteroidales;f__Bacteroidaceae;g__Prevotella;s__Prevotella sinensis
2250000,0.0397456279809221,0.024305555555555556,0.0012365306482953543,0.0016557872950167171,7.428571428571429,9.0,3.7361990944634345,/group/ctbrowngrp5/sourmash-db.new/gtdb-rs226/gtdb-rs226-k51.dna.rocksdb,GCA_034169145.1 Prevotella sp.,c3508037f8ecb057f9d3692d6c35836e,0.78125,70000,54,42780000,outputs.mapping/bams.cds.rand/SRR10209667.x.s__Prevotella sp000434975.fastq.gz,SRR10209667.x.s__Prevotella sp000434975,4b5fad20,56610000,51,DNA,10000,5661,True,0.9387178702529178,0.9951713021421688,0.9669445861975432,0.9951713021421688,False,52,19897,31405,d__Bacteria;p__Bacteroidota;c__Bacteroidia;o__Bacteroidales;f__Bacteroidaceae;g__Prevotella;s__Prevotella sp000434975
930000,0.016428192898781134,0.021021021021021023,0.0012365306482953543,0.001273682534628244,5.714285714285714,4.0,5.495824017620384,/group/ctbrowngrp5/sourmash-db.new/gtdb-rs226/gtdb-rs226-k51.dna.rocksdb,GCF_958422095.1 uncultured Prevotella sp.,1514714af17f5fea6e2c25d35eb207dc,0.27927927927927926,70000,55,42710000,outputs.mapping/bams.cds.rand/SRR10209667.x.s__Prevotella sp000434975.fastq.gz,SRR10209667.x.s__Prevotella sp000434975,4b5fad20,56610000,51,DNA,10000,5661,True,0.9225959941137931,0.9752995279622838,0.9489477610380385,0.9752995279622838,False,40,19937,31405,d__Bacteria;p__Bacteroidota;c__Bacteroidia;o__Bacteroidales;f__Bacteroidaceae;g__Prevotella;s__Prevotella sp905193385
150000,0.002649708532061473,0.022292993630573247,0.0012365306482953543,0.0011463142811654196,5.142857142857143,2.0,6.770283206327307,/group/ctbrowngrp5/sourmash-db.new/gtdb-rs226/gtdb-rs226-k51.dna.rocksdb,GCA_022773545.1 Prevotella sp.,4afae2f71eaa979d43e819866f0bc649,0.04777070063694268,70000,56,42640000,outputs.mapping/bams.cds.rand/SRR10209667.x.s__Prevotella sp000434975.fastq.gz,SRR10209667.x.s__Prevotella sp000434975,4b5fad20,56610000,51,DNA,10000,5661,True,0.8901731130406263,0.9421091202093964,0.9161411166250113,0.9421091202093964,False,36,19973,31405,d__Bacteria;p__Bacteroidota;c__Bacteroidia;o__Bacteroidales;f__Bacteroidaceae;g__Prevotella;s__Prevotella sp022771625
350000,0.006182653241476771,0.014778325123152709,0.0010598834128245894,0.0006049992039484158,3.1666666666666665,2.5,2.4094720491334933,/group/ctbrowngrp5/sourmash-db.new/gtdb-rs226/gtdb-rs226-k51.dna.rocksdb,GCA_937921405.1 uncultured Prevotella sp.,1a93b4f0387562d6b472c028495d5784,0.08620689655172414,60000,57,42580000,outputs.mapping/bams.cds.rand/SRR10209667.x.s__Prevotella sp000434975.fastq.gz,SRR10209667.x.s__Prevotella sp000434975,4b5fad20,56610000,51,DNA,10000,5661,True,0.9050857009358988,0.9530776267606444,0.9290816638482716,0.9530776267606444,False,19,19992,31405,d__Bacteria;p__Bacteroidota;c__Bacteroidia;o__Bacteroidales;f__Bacteroidaceae;g__Prevotella;s__Prevotella sp900556795
310000,0.005476064299593711,0.014925373134328358,0.0010598834128245894,0.000987103964336889,5.166666666666667,3.5,5.871304984602846,/group/ctbrowngrp5/sourmash-db.new/gtdb-rs226/gtdb-rs226-k51.dna.rocksdb,GCA_022724405.1 Prevotella sp.,2d06b555eb78faf5cf1c006dfc1b7b6c,0.07711442786069651,60000,58,42520000,outputs.mapping/bams.cds.rand/SRR10209667.x.s__Prevotella sp000434975.fastq.gz,SRR10209667.x.s__Prevotella sp000434975,4b5fad20,56610000,51,DNA,10000,5661,True,0.9029344972379653,0.9509969634085214,0.9269657303232433,0.9509969634085214,False,31,20023,31405,d__Bacteria;p__Bacteroidota;c__Bacteroidia;o__Bacteroidales;f__Bacteroidaceae;g__Prevotella;s__Prevotella stercorea
70000,0.0012365306482953543,0.03225806451612903,0.0010598834128245894,0.0002865785702913549,1.5,1.5,0.5,/group/ctbrowngrp5/sourmash-db.new/gtdb-rs226/gtdb-rs226-k51.dna.rocksdb,GCA_034176235.1 Alloprevotella sp.,81bc78c3c8c75cdc18e8c37728e4f74d,0.03763440860215054,60000,59,42460000,outputs.mapping/bams.cds.rand/SRR10209667.x.s__Prevotella sp000434975.fastq.gz,SRR10209667.x.s__Prevotella sp000434975,4b5fad20,56610000,51,DNA,10000,5661,True,0.8769693387609896,0.9377137753504258,0.9073415570557077,0.9377137753504258,False,9,20032,31405,d__Bacteria;p__Bacteroidota;c__Bacteroidia;o__Bacteroidales;f__Bacteroidaceae;g__Alloprevotella;s__Alloprevotella sp018383375
270000,0.0047694753577106515,0.018518518518518517,0.0010598834128245894,0.001337366661359656,7.0,2.5,8.962886439832502,/group/ctbrowngrp5/sourmash-db.new/gtdb-rs226/gtdb-rs226-k51.dna.rocksdb,GCA_029225885.1 Prevotella sp.,d23a4976404eab0895f12253035f6020,0.08333333333333333,60000,60,42400000,outputs.mapping/bams.cds.rand/SRR10209667.x.s__Prevotella sp000434975.fastq.gz,SRR10209667.x.s__Prevotella sp000434975,4b5fad20,56610000,51,DNA,10000,5661,True,0.9004919108031646,0.9524442919820304,0.9264681013925975,0.9524442919820304,False,42,20074,31405,d__Bacteria;p__Bacteroidota;c__Bacteroidia;o__Bacteroidales;f__Bacteroidaceae;g__Prevotella;s__Prevotella sp002251365
1270000,0.02243419890478714,0.01904761904761905,0.0010598834128245894,0.0016557872950167171,8.666666666666666,6.0,8.259674462242579,/group/ctbrowngrp5/sourmash-db.new/gtdb-rs226/gtdb-rs226-k51.dna.rocksdb,GCA_963602675.1 bacterium,c52e94ee1cdb20b761604b3f5594c769,0.4031746031746032,60000,61,42340000,outputs.mapping/bams.cds.rand/SRR10209667.x.s__Prevotella sp000434975.fastq.gz,SRR10209667.x.s__Prevotella sp000434975,4b5fad20,56610000,51,DNA,10000,5661,True,0.9282499041644583,0.9823462054162048,0.9552980547903316,0.9823462054162048,False,52,20126,31405,d__Bacteria;p__Bacteroidota;c__Bacteroidia;o__Bacteroidales;f__Bacteroidaceae;g__Prevotella;s__Prevotella sp000434975
180000,0.003179650238473768,0.015345268542199489,0.0010598834128245894,0.0017194714217481292,9.0,6.0,8.679477710861024,/group/ctbrowngrp5/sourmash-db.new/gtdb-rs226/gtdb-rs226-k51.dna.rocksdb,GCA_037065325.1 Prevotella sp.,56bcecd5e88544965ab5bd5f778bb741,0.04603580562659847,60000,62,42280000,outputs.mapping/bams.cds.rand/SRR10209667.x.s__Prevotella sp000434975.fastq.gz,SRR10209667.x.s__Prevotella sp000434975,4b5fad20,56610000,51,DNA,10000,5661,True,0.8933611168747129,0.941426006048376,0.9173935614615445,0.941426006048376,False,54,20180,31405,d__Bacteria;p__Bacteroidota;c__Bacteroidia;o__Bacteroidales;f__Bacteroidaceae;g__Prevotella;s__Prevotella sp900767615
170000,0.003003003003003003,0.019417475728155338,0.0010598834128245894,0.0005094730138512976,2.6666666666666665,2.0,1.7950549357115013,/group/ctbrowngrp5/sourmash-db.new/gtdb-rs226/gtdb-rs226-k51.dna.rocksdb,GCA_958443005.1 Segatella copri,0f6d509443fce672cf834c7e46ba89f0,0.05501618122977346,60000,63,42220000,outputs.mapping/bams.cds.rand/SRR10209667.x.s__Prevotella sp000434975.fastq.gz,SRR10209667.x.s__Prevotella sp000434975,4b5fad20,56610000,51,DNA,10000,5661,True,0.8923604403934454,0.9447213586065716,0.9185408995000085,0.9447213586065716,False,16,20196,31405,d__Bacteria;p__Bacteroidota;c__Bacteroidia;o__Bacteroidales;f__Bacteroidaceae;g__Prevotella;s__Prevotella copri
60000,0.0010598834128245894,0.02643171806167401,0.0010598834128245894,0.0016557872950167171,8.666666666666666,9.0,6.574360974438674,/group/ctbrowngrp5/sourmash-db.new/gtdb-rs226/gtdb-rs226-k51.dna.rocksdb,GCA_022787245.1 Paraprevotella sp.,132c0163c68cf73421d484b0f9a426e4,0.02643171806167401,60000,64,42160000,outputs.mapping/bams.cds.rand/SRR10209667.x.s__Prevotella sp000434975.fastq.gz,SRR10209667.x.s__Prevotella sp000434975,4b5fad20,56610000,51,DNA,10000,5661,True,0.8743226461676182,0.9312392710657945,0.9027809586167064,0.9312392710657945,True,52,20248,31405,d__Bacteria;p__Bacteroidota;c__Bacteroidia;o__Bacteroidales;f__Bacteroidaceae;g__Physcousia;s__Physcousia sp900766785
80000,0.0014131778837661192,0.02631578947368421,0.0010598834128245894,0.0006049992039484158,3.1666666666666665,3.0,1.674979270186815,/group/ctbrowngrp5/sourmash-db.new/gtdb-rs226/gtdb-rs226-k51.dna.rocksdb,GCA_022770925.1 Bacteroidales bacterium,c9e3904dd6fe98a0c8bded6aaac3bf02,0.03508771929824561,60000,65,42100000,outputs.mapping/bams.cds.rand/SRR10209667.x.s__Prevotella sp000434975.fastq.gz,SRR10209667.x.s__Prevotella sp000434975,4b5fad20,56610000,51,DNA,10000,5661,True,0.879268483351139,0.936426359560229,0.907847421455684,0.936426359560229,False,19,20267,31405,d__Bacteria;p__Bacteroidota;c__Bacteroidia;o__Bacteroidales;f__Bacteroidaceae;g__Prevotella;s__Prevotella sp004558865
490000,0.00865571453806748,0.013793103448275862,0.0010598834128245894,0.0031523642732049035,16.5,10.5,17.95132307101624,/group/ctbrowngrp5/sourmash-db.new/gtdb-rs226/gtdb-rs226-k51.dna.rocksdb,GCA_963661995.1 Bacteroidaceae bacterium,c8c559163d1e781f1ce7fc37d76b4f80,0.11264367816091954,60000,66,42040000,outputs.mapping/bams.cds.rand/SRR10209667.x.s__Prevotella sp000434975.fastq.gz,SRR10209667.x.s__Prevotella sp000434975,4b5fad20,56610000,51,DNA,10000,5661,True,0.9110767403686062,0.9580893577400381,0.9345830490543221,0.9580893577400381,False,99,20366,31405,d__Bacteria;p__Bacteroidota;c__Bacteroidia;o__Bacteroidales;f__Bacteroidaceae;g__Prevotella;s__Prevotella sp900546535
70000,0.0012365306482953543,0.022304832713754646,0.0010598834128245894,0.0005094730138512976,2.6666666666666665,2.0,1.7950549357115015,/group/ctbrowngrp5/sourmash-db.new/gtdb-rs226/gtdb-rs226-k51.dna.rocksdb,GCA_963637675.1 Oscillibacter sp. MSJ-31,c707767299878e460bb860b61176db8d,0.026022304832713755,60000,67,41980000,outputs.mapping/bams.cds.rand/SRR10209667.x.s__Prevotella sp000434975.fastq.gz,SRR10209667.x.s__Prevotella sp000434975,4b5fad20,56610000,51,DNA,10000,5661,True,0.8769693387609896,0.9309542699725534,0.9039618043667714,0.9309542699725534,False,16,20382,31405,d__Bacteria;p__Bacteroidota;c__Bacteroidia;o__Bacteroidales;f__Muribaculaceae;g__UBA7173;s__UBA7173 sp905207535
410000,0.00724253665430136,0.017241379310344827,0.0010598834128245894,0.0014965769781881866,7.833333333333333,4.5,7.243771270700244,/group/ctbrowngrp5/sourmash-db.new/gtdb-rs226/gtdb-rs226-k51.dna.rocksdb,GCA_036298965.1 Prevotella sp.,49d2d3a4abc3d5e85093aa759be275ca,0.11781609195402298,60000,68,41920000,outputs.mapping/bams.cds.rand/SRR10209667.x.s__Prevotella sp000434975.fastq.gz,SRR10209667.x.s__Prevotella sp000434975,4b5fad20,56610000,51,DNA,10000,5661,True,0.9078980275714722,0.9589331355101088,0.9334155815407905,0.9589331355101088,False,47,20429,31405,d__Bacteria;p__Bacteroidota;c__Bacteroidia;o__Bacteroidales;f__Bacteroidaceae;g__Prevotella;s__Prevotella sp900313215
250000,0.004416180886769122,0.024691358024691357,0.0010598834128245894,0.000955261900971183,5.0,4.0,3.9157800414902435,/group/ctbrowngrp5/sourmash-db.new/gtdb-rs226/gtdb-rs226-k51.dna.rocksdb,GCA_022782225.1 Prevotella sp.,92dd403f0a1f6617bd8840eb298a9aa3,0.102880658436214,60000,69,41860000,outputs.mapping/bams.cds.rand/SRR10209667.x.s__Prevotella sp000434975.fastq.gz,SRR10209667.x.s__Prevotella sp000434975,4b5fad20,56610000,51,DNA,10000,5661,True,0.8991340572553754,0.9563877280569624,0.9277608926561689,0.9563877280569624,False,30,20459,31405,d__Bacteria;p__Bacteroidota;c__Bacteroidia;o__Bacteroidales;f__Bacteroidaceae;g__Prevotella;s__Prevotella sp002251365
70000,0.0012365306482953543,0.03,0.0010598834128245894,0.002993153956376373,15.666666666666666,5.5,20.49119051907158,/group/ctbrowngrp5/sourmash-db.new/gtdb-rs226/gtdb-rs226-k51.dna.rocksdb,GCA_004552135.1 Bacteroidales bacterium,a7d44adc74bf2a4bdcbed7985303d2cb,0.035,60000,70,41800000,outputs.mapping/bams.cds.rand/SRR10209667.x.s__Prevotella sp000434975.fastq.gz,SRR10209667.x.s__Prevotella sp000434975,4b5fad20,56610000,51,DNA,10000,5661,True,0.8769693387609896,0.9363803999603123,0.906674869360651,0.9363803999603123,False,94,20553,31405,d__Bacteria;p__Bacteroidota;c__Bacteroidia;o__Bacteroidales;f__UBA932;g__Cryptobacteroides;s__Cryptobacteroides sp004554455
70000,0.0012365306482953543,0.02631578947368421,0.0010598834128245894,0.0030249960197420793,15.833333333333334,12.5,13.80116742244011,/group/ctbrowngrp5/sourmash-db.new/gtdb-rs226/gtdb-rs226-k51.dna.rocksdb,GCA_004560055.1 bacterium,a88f4fce57f98f5160d3b7f6ebf75245,0.03070175438596491,60000,71,41740000,outputs.mapping/bams.cds.rand/SRR10209667.x.s__Prevotella sp000434975.fastq.gz,SRR10209667.x.s__Prevotella sp000434975,4b5fad20,56610000,51,DNA,10000,5661,True,0.8769693387609896,0.9339777563867697,0.9054735475738797,0.9339777563867697,False,95,20648,31405,d__Bacteria;p__Bacteroidota;c__Bacteroidia;o__Bacteroidales;f__UBA932;g__Cryptobacteroides;s__Cryptobacteroides sp000431015
70000,0.0012365306482953543,0.02,0.0008832361773538244,0.0001592103168285305,1.0,1.0,0.0,/group/ctbrowngrp5/sourmash-db.new/gtdb-rs226/gtdb-rs226-k51.dna.rocksdb,GCA_034104045.1 Prevotella sp.,d76865a9f7ecec65cf178eda6f613a9a,0.028,50000,72,41690000,outputs.mapping/bams.cds.rand/SRR10209667.x.s__Prevotella sp000434975.fastq.gz,SRR10209667.x.s__Prevotella sp000434975,4b5fad20,56610000,51,DNA,10000,5661,True,0.8769693387609896,0.9322923449864523,0.904630841873721,0.9322923449864523,False,5,20653,31405,d__Bacteria;p__Bacteroidota;c__Bacteroidia;o__Bacteroidales;f__Bacteroidaceae;g__Prevotella;s__Prevotella sp000436915
150000,0.002649708532061473,0.02,0.0008832361773538244,0.0001910523801942366,1.2,1.0,0.4,/group/ctbrowngrp5/sourmash-db.new/gtdb-rs226/gtdb-rs226-k51.dna.rocksdb,GCA_000433895.1 Prevotella sp. CAG:474,bc79a61e18a1ff53908b05b8387b3bfa,0.06,50000,73,41640000,outputs.mapping/bams.cds.rand/SRR10209667.x.s__Prevotella sp000434975.fastq.gz,SRR10209667.x.s__Prevotella sp000434975,4b5fad20,56610000,51,DNA,10000,5661,True,0.8901731130406263,0.9463290702649277,0.9182510916527771,0.9463290702649277,False,6,20659,31405,d__Bacteria;p__Bacteroidota;c__Bacteroidia;o__Bacteroidales;f__Bacteroidaceae;g__Prevotella;s__Prevotella sp002251385
230000,0.004062886415827592,0.02252252252252252,0.0008832361773538244,0.0001592103168285305,1.0,1.0,0.0,/group/ctbrowngrp5/sourmash-db.new/gtdb-rs226/gtdb-rs226-k51.dna.rocksdb,GCA_905208595.1 uncultured Prevotella sp.,86feb52f5353dfa5a7465123ce0def1d,0.1036036036036036,50000,74,41590000,outputs.mapping/bams.cds.rand/SRR10209667.x.s__Prevotella sp000434975.fastq.gz,SRR10209667.x.s__Prevotella sp000434975,4b5fad20,56610000,51,DNA,10000,5661,True,0.8976652338978812,0.9565190519677359,0.9270921429328085,0.9565190519677359,False,5,20664,31405,d__Bacteria;p__Bacteroidota;c__Bacteroidia;o__Bacteroidales;f__Bacteroidaceae;g__Prevotella;s__Prevotella sp900553155
110000,0.0019431195901784136,0.02127659574468085,0.0008832361773538244,0.001623945231651011,10.2,8.0,5.844655678480983,/group/ctbrowngrp5/sourmash-db.new/gtdb-rs226/gtdb-rs226-k51.dna.rocksdb,GCA_004554495.1 Bacteroidales bacterium,ee96a02261cff23da7f1832e323f86d6,0.04680851063829787,50000,75,41540000,outputs.mapping/bams.cds.rand/SRR10209667.x.s__Prevotella sp000434975.fastq.gz,SRR10209667.x.s__Prevotella sp000434975,4b5fad20,56610000,51,DNA,10000,5661,True,0.8847759805681183,0.9417333221533646,0.9132546513607415,0.9417333221533646,False,51,20715,31405,d__Bacteria;p__Bacteroidota;c__Bacteroidia;o__Bacteroidales;f__Bacteroidaceae;g__Minthosoma;s__Minthosoma sp900316975
60000,0.0010598834128245894,0.017241379310344827,0.0008832361773538244,0.021238656264925968,133.4,2.0,257.8469313371792,/group/ctbrowngrp5/sourmash-db.new/gtdb-rs226/gtdb-rs226-k51.dna.rocksdb,GCF_000162015.1 Faecalibacterium duncaniae,56d26dc5686878ff1851b702acf0d980,0.020689655172413793,50000,76,41490000,outputs.mapping/bams.cds.rand/SRR10209667.x.s__Prevotella sp000434975.fastq.gz,SRR10209667.x.s__Prevotella sp000434975,4b5fad20,56610000,51,DNA,10000,5661,True,0.8743226461676182,0.9267776544647602,0.9005501503161892,0.9267776544647602,True,667,21382,31405,d__Bacteria;p__Bacillota;c__Clostridia;o__Oscillospirales;f__Ruminococcaceae;g__Faecalibacterium;s__Faecalibacterium duncaniae
410000,0.00724253665430136,0.013404825737265416,0.0008832361773538244,0.0011144722177997134,7.0,6.0,4.0,/group/ctbrowngrp5/sourmash-db.new/gtdb-rs226/gtdb-rs226-k51.dna.rocksdb,GCF_021630825.1 Leyella stercorea,bc98a7275811a7f31548336fe12d83be,0.10991957104557641,50000,77,41440000,outputs.mapping/bams.cds.rand/SRR10209667.x.s__Prevotella sp000434975.fastq.gz,SRR10209667.x.s__Prevotella sp000434975,4b5fad20,56610000,51,DNA,10000,5661,True,0.9078980275714722,0.957629573561512,0.9327638005664921,0.957629573561512,False,35,21417,31405,d__Bacteria;p__Bacteroidota;c__Bacteroidia;o__Bacteroidales;f__Bacteroidaceae;g__Prevotella;s__Prevotella stercorea
290000,0.005122769828652182,0.017421602787456445,0.0008832361773538244,0.0020378920554051903,12.8,12.0,7.138627319029899,/group/ctbrowngrp5/sourmash-db.new/gtdb-rs226/gtdb-rs226-k51.dna.rocksdb,GCF_958366955.1 Leyella stercorea,e6c99ce296c00485e4f7e66bcf99947f,0.10104529616724739,50000,78,41390000,outputs.mapping/bams.cds.rand/SRR10209667.x.s__Prevotella sp000434975.fastq.gz,SRR10209667.x.s__Prevotella sp000434975,4b5fad20,56610000,51,DNA,10000,5661,True,0.9017545249410949,0.9560502246235699,0.9289023747823324,0.9560502246235699,False,64,21481,31405,d__Bacteria;p__Bacteroidota;c__Bacteroidia;o__Bacteroidales;f__Bacteroidaceae;g__Prevotella;s__Prevotella stercorea
2190000,0.03868574456809751,0.018656716417910446,0.0008832361773538244,0.000318420633657061,2.0,2.0,1.0954451150103321,/group/ctbrowngrp5/sourmash-db.new/gtdb-rs226/gtdb-rs226-k51.dna.rocksdb,GCA_946410715.1 uncultured Bacteroidales bacterium,a429b85a2a4914cd01c28c2de7ec2d3c,0.8171641791044776,50000,79,41340000,outputs.mapping/bams.cds.rand/SRR10209667.x.s__Prevotella sp000434975.fastq.gz,SRR10209667.x.s__Prevotella sp000434975,4b5fad20,56610000,51,DNA,10000,5661,True,0.9382205060247089,0.99604870443035,0.9671346052275294,0.99604870443035,False,10,21491,31405,d__Bacteria;p__Bacteroidota;c__Bacteroidia;o__Bacteroidales;f__Bacteroidaceae;g__Prevotella;s__Prevotella sp000434975
320000,0.005652711535064477,0.014124293785310734,0.0008832361773538244,0.000955261900971183,6.0,6.0,4.09878030638384,/group/ctbrowngrp5/sourmash-db.new/gtdb-rs226/gtdb-rs226-k51.dna.rocksdb,GCF_009695805.1 Segatella copri,6f25906e0e1c5453cea90d748e2b732d,0.0903954802259887,50000,80,41290000,outputs.mapping/bams.cds.rand/SRR10209667.x.s__Prevotella sp000434975.fastq.gz,SRR10209667.x.s__Prevotella sp000434975,4b5fad20,56610000,51,DNA,10000,5661,True,0.9034967701740725,0.9539646647542762,0.9287307174641743,0.9539646647542762,False,30,21521,31405,d__Bacteria;p__Bacteroidota;c__Bacteroidia;o__Bacteroidales;f__Bacteroidaceae;g__Prevotella;s__Prevotella copri
1340000,0.023670729553082494,0.017985611510791366,0.0008832361773538244,0.0004139468237541793,2.6,2.0,1.8547236990991407,/group/ctbrowngrp5/sourmash-db.new/gtdb-rs226/gtdb-rs226-k51.dna.rocksdb,GCA_037428325.1 Prevotella sp.,41aa26c395c6dfe1c883a4fc6ba191ea,0.48201438848920863,50000,81,41240000,outputs.mapping/bams.cds.rand/SRR10209667.x.s__Prevotella sp000434975.fastq.gz,SRR10209667.x.s__Prevotella sp000434975,4b5fad20,56610000,51,DNA,10000,5661,True,0.9292269498926744,0.9857924558853691,0.9575097028890218,0.9857924558853691,False,13,21534,31405,d__Bacteria;p__Bacteroidota;c__Bacteroidia;o__Bacteroidales;f__Bacteroidaceae;g__Prevotella;s__Prevotella sp000434975
120000,0.0021197668256491787,0.02040816326530612,0.0008832361773538244,0.0007323674574112402,4.6,2.0,3.6660605559646715,/group/ctbrowngrp5/sourmash-db.new/gtdb-rs226/gtdb-rs226-k51.dna.rocksdb,GCA_029226795.1 Prevotella sp.,d158ac05acd38b3973d1e2697a66a456,0.04897959183673469,50000,82,41190000,outputs.mapping/bams.cds.rand/SRR10209667.x.s__Prevotella sp000434975.fastq.gz,SRR10209667.x.s__Prevotella sp000434975,4b5fad20,56610000,51,DNA,10000,5661,True,0.8862867901076426,0.9425708894195868,0.9144288397636147,0.9425708894195868,False,23,21557,31405,d__Bacteria;p__Bacteroidota;c__Bacteroidia;o__Bacteroidales;f__Bacteroidaceae;g__Prevotella;s__Prevotella sp900548195
790000,0.013955131602190425,0.01773049645390071,0.0008832361773538244,0.0017831555484795415,11.2,12.0,3.655133376499413,/group/ctbrowngrp5/sourmash-db.new/gtdb-rs226/gtdb-rs226-k51.dna.rocksdb,GCF_900753085.1 uncultured Prevotella sp.,b2f4eeb509276e331d2996e0c2f33839,0.2801418439716312,50000,83,41140000,outputs.mapping/bams.cds.rand/SRR10209667.x.s__Prevotella sp000434975.fastq.gz,SRR10209667.x.s__Prevotella sp000434975,4b5fad20,56610000,51,DNA,10000,5661,True,0.9196492776206583,0.9753585024427982,0.9475038900317283,0.9753585024427982,False,56,21613,31405,d__Bacteria;p__Bacteroidota;c__Bacteroidia;o__Bacteroidales;f__Bacteroidaceae;g__Prevotella;s__Prevotella sp905193385
2130000,0.03762586115527292,0.021645021645021644,0.0008832361773538244,0.0014647349148224804,9.2,12.0,6.881860213634101,/group/ctbrowngrp5/sourmash-db.new/gtdb-rs226/gtdb-rs226-k51.dna.rocksdb,GCA_022775405.1 Prevotella sp.,da202c8099e395f4664faeff547f7c04,0.922077922077922,50000,84,41090000,outputs.mapping/bams.cds.rand/SRR10209667.x.s__Prevotella sp000434975.fastq.gz,SRR10209667.x.s__Prevotella sp000434975,4b5fad20,56610000,51,DNA,10000,5661,True,0.9377095989725157,0.9984105675307382,0.968060083251627,0.9984105675307382,False,46,21659,31405,d__Bacteria;p__Bacteroidota;c__Bacteroidia;o__Bacteroidales;f__Bacteroidaceae;g__Prevotella;s__Prevotella sp000434975
320000,0.005652711535064477,0.012254901960784314,0.0008832361773538244,0.0023563126890622514,14.8,17.0,10.007996802557443,/group/ctbrowngrp5/sourmash-db.new/gtdb-rs226/gtdb-rs226-k51.dna.rocksdb,GCA_027666885.1 Bacteroidaceae bacterium AM72-11pH9A,acc16f84994198ceb0e4d6413bdc19a9,0.0784313725490196,50000,85,41040000,outputs.mapping/bams.cds.rand/SRR10209667.x.s__Prevotella sp000434975.fastq.gz,SRR10209667.x.s__Prevotella sp000434975,4b5fad20,56610000,51,DNA,10000,5661,True,0.9034967701740725,0.9513127768963385,0.9274047735352056,0.9513127768963385,False,74,21733,31405,d__Bacteria;p__Bacteroidota;c__Bacteroidia;o__Bacteroidales;f__Bacteroidaceae;g__Prevotella;s__Prevotella sp002265625
90000,0.001589825119236884,0.015384615384615385,0.0008832361773538244,0.0004776309504855915,3.0,1.0,2.5298221281347035,/group/ctbrowngrp5/sourmash-db.new/gtdb-rs226/gtdb-rs226-k51.dna.rocksdb,GCA_016292465.1 Bacteroidaceae bacterium,2f4ff216378f58cd2c29e9ca08d2a459,0.027692307692307693,50000,86,40990000,outputs.mapping/bams.cds.rand/SRR10209667.x.s__Prevotella sp000434975.fastq.gz,SRR10209667.x.s__Prevotella sp000434975,4b5fad20,56610000,51,DNA,10000,5661,True,0.8813014753320336,0.9320903731869981,0.9066959242595158,0.9320903731869981,False,15,21748,31405,d__Bacteria;p__Bacteroidota;c__Bacteroidia;o__Bacteroidales;f__Bacteroidaceae;g__Prevotella;s__Prevotella sp004556065
70000,0.0012365306482953543,0.01466275659824047,0.0008832361773538244,0.0004139468237541793,2.6,2.0,1.624807680927192,/group/ctbrowngrp5/sourmash-db.new/gtdb-rs226/gtdb-rs226-k51.dna.rocksdb,GCA_004563195.1 bacterium,2f5a6033e650c2b0069078b7bb5f3909,0.020527859237536656,50000,87,40940000,outputs.mapping/bams.cds.rand/SRR10209667.x.s__Prevotella sp000434975.fastq.gz,SRR10209667.x.s__Prevotella sp000434975,4b5fad20,56610000,51,DNA,10000,5661,True,0.8769693387609896,0.926634998483767,0.9018021686223783,0.926634998483767,False,13,21761,31405,d__Bacteria;p__Bacteroidota;c__Bacteroidia;o__Bacteroidales;f__Muribaculaceae;g__SFTJ01;s__SFTJ01 sp004563195
40000,0.0007065889418830596,0.020833333333333332,0.0007065889418830596,0.0008915777742397708,7.0,7.0,3.605551275463989,/group/ctbrowngrp5/sourmash-db.new/gtdb-rs226/gtdb-rs226-k51.dna.rocksdb,GCA_018384095.1 Bacteroidales bacterium,6402a4b31dfe560c711cb35eab2e6422,0.020833333333333332,40000,88,40900000,outputs.mapping/bams.cds.rand/SRR10209667.x.s__Prevotella sp000434975.fastq.gz,SRR10209667.x.s__Prevotella sp000434975,4b5fad20,56610000,51,DNA,10000,5661,True,0.8673990807896248,0.9269034220522349,0.8971512514209299,0.9269034220522349,True,28,21789,31405,d__Bacteria;p__Bacteroidota;c__Bacteroidia;o__Bacteroidales;f__UBA932;g__Cryptobacteroides;s__Cryptobacteroides sp900546925
340000,0.006006006006006006,0.012698412698412698,0.0007065889418830596,0.0005413150772170036,4.25,3.5,1.6393596310755,/group/ctbrowngrp5/sourmash-db.new/gtdb-rs226/gtdb-rs226-k51.dna.rocksdb,GCA_945914615.1 uncultured Prevotella sp.,abcc3410ce16c30389017e805477970a,0.10793650793650794,40000,89,40860000,outputs.mapping/bams.cds.rand/SRR10209667.x.s__Prevotella sp000434975.fastq.gz,SRR10209667.x.s__Prevotella sp000434975,4b5fad20,56610000,51,DNA,10000,5661,True,0.9045714117116971,0.9572877840723495,0.9309295978920233,0.9572877840723495,False,17,21806,31405,d__Bacteria;p__Bacteroidota;c__Bacteroidia;o__Bacteroidales;f__Bacteroidaceae;g__Prevotella;s__Prevotella sp945863825
170000,0.003003003003003003,0.014084507042253521,0.0007065889418830596,0.0003502626970227671,2.75,1.5,2.48746859276655,/group/ctbrowngrp5/sourmash-db.new/gtdb-rs226/gtdb-rs226-k51.dna.rocksdb,GCA_037363145.1 Prevotella sp.,c080ce31357a6e159cb6c4b39bd46f62,0.05985915492957746,40000,90,40820000,outputs.mapping/bams.cds.rand/SRR10209667.x.s__Prevotella sp000434975.fastq.gz,SRR10209667.x.s__Prevotella sp000434975,4b5fad20,56610000,51,DNA,10000,5661,True,0.8923604403934454,0.9462854626198579,0.9193229515066517,0.9462854626198579,False,11,21817,31405,d__Bacteria;p__Bacteroidota;c__Bacteroidia;o__Bacteroidales;f__Bacteroidaceae;g__Prevotella;s__Prevotella sp900552515
60000,0.0010598834128245894,0.017543859649122806,0.0007065889418830596,0.0004776309504855915,3.75,3.0,1.920286436967152,/group/ctbrowngrp5/sourmash-db.new/gtdb-rs226/gtdb-rs226-k51.dna.rocksdb,GCA_945949515.1 uncultured Prevotella sp.,dc156b0e6a3af5c9b9c6b3bb81641dca,0.02631578947368421,40000,91,40780000,outputs.mapping/bams.cds.rand/SRR10209667.x.s__Prevotella sp000434975.fastq.gz,SRR10209667.x.s__Prevotella sp000434975,4b5fad20,56610000,51,DNA,10000,5661,True,0.8743226461676182,0.9311590124456248,0.9027408293066215,0.9311590124456248,True,15,21832,31405,d__Bacteria;p__Bacteroidota;c__Bacteroidia;o__Bacteroidales;f__Bacteroidaceae;g__Prevotella;s__Prevotella sp945827565
300000,0.005299417064122946,0.012698412698412698,0.0007065889418830596,0.0004776309504855915,3.75,3.0,2.5860201081971503,/group/ctbrowngrp5/sourmash-db.new/gtdb-rs226/gtdb-rs226-k51.dna.rocksdb,GCF_036298125.1 Hallella sp.,48c40443ac5227986065d5c4fa1743b6,0.09523809523809523,40000,92,40740000,outputs.mapping/bams.cds.rand/SRR10209667.x.s__Prevotella sp000434975.fastq.gz,SRR10209667.x.s__Prevotella sp000434975,4b5fad20,56610000,51,DNA,10000,5661,True,0.9023541531894088,0.9549413087470898,0.9286477309682493,0.9549413087470898,False,15,21847,31405,d__Bacteria;p__Bacteroidota;c__Bacteroidia;o__Bacteroidales;f__Bacteroidaceae;g__Prevotella;s__Prevotella faecis
330000,0.005829358770535241,0.015444015444015444,0.0007065889418830596,0.0003821047603884732,3.0,1.5,2.9154759474226504,/group/ctbrowngrp5/sourmash-db.new/gtdb-rs226/gtdb-rs226-k51.dna.rocksdb,GCA_004557705.1 Bacteroidales bacterium,c09c2436c42f9a1ed34d95dd06289b0c,0.1274131274131274,40000,93,40700000,outputs.mapping/bams.cds.rand/SRR10209667.x.s__Prevotella sp000434975.fastq.gz,SRR10209667.x.s__Prevotella sp000434975,4b5fad20,56610000,51,DNA,10000,5661,True,0.9040420737686342,0.960406697328572,0.9322243855486031,0.960406697328572,False,12,21859,31405,d__Bacteria;p__Bacteroidota;c__Bacteroidia;o__Bacteroidales;f__Bacteroidaceae;g__Prevotella;s__Prevotella pectinovora
50000,0.0008832361773538244,0.010443864229765013,0.0007065889418830596,0.000987103964336889,7.75,2.0,9.959292143521045,/group/ctbrowngrp5/sourmash-db.new/gtdb-rs226/gtdb-rs226-k51.dna.rocksdb,GCF_040092875.1 Blautia wexlerae,64d1cff9ab2ebbd5d09a254a0144ba22,0.013054830287206266,40000,94,40660000,outputs.mapping/bams.cds.rand/SRR10209667.x.s__Prevotella sp000434975.fastq.gz,SRR10209667.x.s__Prevotella sp000434975,4b5fad20,56610000,51,DNA,10000,5661,True,0.8712025820686096,0.9184475031726977,0.8948250426206537,0.9184475031726977,True,31,21890,31405,d__Bacteria;p__Bacillota;c__Clostridia;o__Lachnospirales;f__Lachnospiraceae;g__Blautia_A;s__Blautia_A wexlerae
170000,0.003003003003003003,0.011111111111111112,0.0007065889418830596,0.0004139468237541793,3.25,2.5,2.48746859276655,/group/ctbrowngrp5/sourmash-db.new/gtdb-rs226/gtdb-rs226-k51.dna.rocksdb,GCA_937926435.1 uncultured Prevotella sp.,f83b62308a2e89b569d6b7e06e62157a,0.04722222222222222,40000,95,40620000,outputs.mapping/bams.cds.rand/SRR10209667.x.s__Prevotella sp000434975.fastq.gz,SRR10209667.x.s__Prevotella sp000434975,4b5fad20,56610000,51,DNA,10000,5661,True,0.8923604403934454,0.9418958230969703,0.9171281317452078,0.9418958230969703,False,13,21903,31405,d__Bacteria;p__Bacteroidota;c__Bacteroidia;o__Bacteroidales;f__Bacteroidaceae;g__Prevotella;s__Prevotella sp900555035
220000,0.0038862391803568272,0.011695906432748537,0.0007065889418830596,0.000668683330679828,5.25,5.0,1.920286436967152,/group/ctbrowngrp5/sourmash-db.new/gtdb-rs226/gtdb-rs226-k51.dna.rocksdb,GCA_021615025.1 Prevotella sp.,2764df3d88b4663b669fc63194b5ee9b,0.06432748538011696,40000,96,40580000,outputs.mapping/bams.cds.rand/SRR10209667.x.s__Prevotella sp000434975.fastq.gz,SRR10209667.x.s__Prevotella sp000434975,4b5fad20,56610000,51,DNA,10000,5661,True,0.8968831668941187,0.9476222011878396,0.9222526840409792,0.9476222011878396,False,21,21924,31405,d__Bacteria;p__Bacteroidota;c__Bacteroidia;o__Bacteroidales;f__Bacteroidaceae;g__Prevotella;s__Prevotella hominis
990000,0.017488076311605722,0.012618296529968454,0.0007065889418830596,0.0001910523801942366,1.5,1.0,0.8660254037844386,/group/ctbrowngrp5/sourmash-db.new/gtdb-rs226/gtdb-rs226-k51.dna.rocksdb,GCA_963639235.1 Coriobacteriaceae bacterium,cdb0f60107d55e7fe9f09a5820de8794,0.31230283911671924,40000,97,40540000,outputs.mapping/bams.cds.rand/SRR10209667.x.s__Prevotella sp000434975.fastq.gz,SRR10209667.x.s__Prevotella sp000434975,4b5fad20,56610000,51,DNA,10000,5661,True,0.9237276882438717,0.9774391366021776,0.9505834124230247,0.9774391366021776,False,6,21930,31405,d__Bacteria;p__Bacteroidota;c__Bacteroidia;o__Bacteroidales;f__Bacteroidaceae;g__Prevotella;s__Prevotella sp905193385
50000,0.0008832361773538244,0.0182648401826484,0.0007065889418830596,0.0004457888871198854,3.5,4.0,1.5,/group/ctbrowngrp5/sourmash-db.new/gtdb-rs226/gtdb-rs226-k51.dna.rocksdb,GCA_022766335.1 Bacteroidales bacterium,ddf3057bffd9648b20c3f9b17ce5fcf5,0.0228310502283105,40000,98,40500000,outputs.mapping/bams.cds.rand/SRR10209667.x.s__Prevotella sp000434975.fastq.gz,SRR10209667.x.s__Prevotella sp000434975,4b5fad20,56610000,51,DNA,10000,5661,True,0.8712025820686096,0.9285691119243834,0.8998858469964965,0.9285691119243834,True,14,21944,31405,d__Bacteria;p__Bacteroidota;c__Bacteroidia;o__Bacteroidales;f__Bacteroidaceae;g__Alloprevotella;s__Alloprevotella sp004552155
130000,0.0022964140611199434,0.0149812734082397,0.0007065889418830596,0.0002547365069256488,2.0,1.5,1.224744871391589,/group/ctbrowngrp5/sourmash-db.new/gtdb-rs226/gtdb-rs226-k51.dna.rocksdb,GCA_900314235.1 uncultured Prevotellaceae bacterium,e804f376a4eca488d1437c123143a92e,0.04868913857677903,40000,99,40460000,outputs.mapping/bams.cds.rand/SRR10209667.x.s__Prevotella sp000434975.fastq.gz,SRR10209667.x.s__Prevotella sp000434975,4b5fad20,56610000,51,DNA,10000,5661,True,0.8876788782082822,0.942460970990883,0.9150699245995826,0.942460970990883,False,8,21952,31405,d__Bacteria;p__Bacteroidota;c__Bacteroidia;o__Bacteroidales;f__Bacteroidaceae;g__Prevotella;s__Prevotella sp002251295
190000,0.0033562974739445328,0.010230179028132993,0.0007065889418830596,0.0004139468237541793,3.25,3.0,1.920286436967152,/group/ctbrowngrp5/sourmash-db.new/gtdb-rs226/gtdb-rs226-k51.dna.rocksdb,GCA_022721995.1 Prevotella sp.,e01bff5aeceed8d7e73e2d19589c3a38,0.04859335038363171,40000,100,40420000,outputs.mapping/bams.cds.rand/SRR10209667.x.s__Prevotella sp000434975.fastq.gz,SRR10209667.x.s__Prevotella sp000434975,4b5fad20,56610000,51,DNA,10000,5661,True,0.8943087083545793,0.9424245801360607,0.91836664424532,0.9424245801360607,False,13,21965,31405,d__Bacteria;p__Bacteroidota;c__Bacteroidia;o__Bacteroidales;f__Bacteroidaceae;g__Prevotella;s__Prevotella hominis
250000,0.004416180886769122,0.0110803324099723,0.0007065889418830596,0.0023563126890622514,18.5,5.5,25.30316185775999,/group/ctbrowngrp5/sourmash-db.new/gtdb-rs226/gtdb-rs226-k51.dna.rocksdb,GCA_900767545.1 uncultured Prevotella sp.,3c24bd84290a8e846399a50440910004,0.06925207756232687,40000,101,40380000,outputs.mapping/bams.cds.rand/SRR10209667.x.s__Prevotella sp000434975.fastq.gz,SRR10209667.x.s__Prevotella sp000434975,4b5fad20,56610000,51,DNA,10000,5661,True,0.8991340572553754,0.9489938290176436,0.9240639431365095,0.9489938290176436,False,74,22039,31405,d__Bacteria;p__Bacteroidota;c__Bacteroidia;o__Bacteroidales;f__Bacteroidaceae;g__Prevotella;s__Prevotella sp900556795
250000,0.004416180886769122,0.015267175572519083,0.0007065889418830596,0.001337366661359656,10.5,2.0,15.321553446044563,/group/ctbrowngrp5/sourmash-db.new/gtdb-rs226/gtdb-rs226-k51.dna.rocksdb,GCA_022773325.1 Prevotella sp.,b0142c2cf6e6e612ae84d39d12ecd015,0.09541984732824428,40000,102,40340000,outputs.mapping/bams.cds.rand/SRR10209667.x.s__Prevotella sp000434975.fastq.gz,SRR10209667.x.s__Prevotella sp000434975,4b5fad20,56610000,51,DNA,10000,5661,True,0.8991340572553754,0.9549770088329963,0.9270555330441859,0.9549770088329963,False,42,22081,31405,d__Bacteria;p__Bacteroidota;c__Bacteroidia;o__Bacteroidales;f__Bacteroidaceae;g__Prevotella;s__Prevotella sp002251365
2330000,0.04115880586468822,0.014545454545454545,0.0007065889418830596,0.0002228944435599427,1.75,1.0,1.299038105676658,/group/ctbrowngrp5/sourmash-db.new/gtdb-rs226/gtdb-rs226-k51.dna.rocksdb,GCA_945863895.1 uncultured Bacteroidales bacterium,09e5b6730bbd1298e562ceff682a04cc,0.8472727272727273,40000,103,40300000,outputs.mapping/bams.cds.rand/SRR10209667.x.s__Prevotella sp000434975.fastq.gz,SRR10209667.x.s__Prevotella sp000434975,4b5fad20,56610000,51,DNA,10000,5661,True,0.9393611684818362,0.9967556147408789,0.9680583916113575,0.9967556147408789,False,7,22088,31405,d__Bacteria;p__Bacteroidota;c__Bacteroidia;o__Bacteroidales;f__Bacteroidaceae;g__Prevotella;s__Prevotella sp000434975
280000,0.004946122593181417,0.013422818791946308,0.0007065889418830596,0.0002547365069256488,2.0,2.0,0.7071067811865476,/group/ctbrowngrp5/sourmash-db.new/gtdb-rs226/gtdb-rs226-k51.dna.rocksdb,GCF_036313445.1 Prevotella pectinovora,0a663c02057b20667ea82b67c5d6418a,0.09395973154362416,40000,104,40260000,outputs.mapping/bams.cds.rand/SRR10209667.x.s__Prevotella sp000434975.fastq.gz,SRR10209667.x.s__Prevotella sp000434975,4b5fad20,56610000,51,DNA,10000,5661,True,0.9011342725403051,0.9546883068040897,0.9279112896721974,0.9546883068040897,False,8,22096,31405,d__Bacteria;p__Bacteroidota;c__Bacteroidia;o__Bacteroidales;f__Bacteroidaceae;g__Prevotella;s__Prevotella pectinovora
240000,0.0042395336512983575,0.011363636363636364,0.0007065889418830596,0.0004139468237541793,3.25,1.5,3.344772040064913,/group/ctbrowngrp5/sourmash-db.new/gtdb-rs226/gtdb-rs226-k51.dna.rocksdb,GCA_036426095.1 Segatella copri,39961dcaad06d6b28c87cc97b18698b4,0.06818181818181818,40000,105,40220000,outputs.mapping/bams.cds.rand/SRR10209667.x.s__Prevotella sp000434975.fastq.gz,SRR10209667.x.s__Prevotella sp000434975,4b5fad20,56610000,51,DNA,10000,5661,True,0.8984146502007885,0.9487040540548597,0.923559352127824,0.9487040540548597,False,13,22109,31405,d__Bacteria;p__Bacteroidota;c__Bacteroidia;o__Bacteroidales;f__Bacteroidaceae;g__Prevotella;s__Prevotella copri_E
430000,0.00759583112524289,0.011428571428571429,0.0007065889418830596,0.0004457888871198854,3.5,4.0,0.8660254037844386,/group/ctbrowngrp5/sourmash-db.new/gtdb-rs226/gtdb-rs226-k51.dna.rocksdb,GCA_019409665.1 Prevotella sp.,317995851a148cfd7786f732a109ba0f,0.12285714285714286,40000,106,40180000,outputs.mapping/bams.cds.rand/SRR10209667.x.s__Prevotella sp000434975.fastq.gz,SRR10209667.x.s__Prevotella sp000434975,4b5fad20,56610000,51,DNA,10000,5661,True,0.908746294419271,0.9597212391957022,0.9342337668074866,0.9597212391957022,False,14,22123,31405,d__Bacteria;p__Bacteroidota;c__Bacteroidia;o__Bacteroidales;f__Bacteroidaceae;g__Prevotella;s__Prevotella sp900313215
990000,0.017488076311605722,0.013029315960912053,0.0007065889418830596,0.0008597357108740646,6.75,6.5,4.322904116447646,/group/ctbrowngrp5/sourmash-db.new/gtdb-rs226/gtdb-rs226-k51.dna.rocksdb,GCF_022784205.1 Prevotella sp.,fc0ae56c1ef8fefc2e994e4dd1716346,0.32247557003257327,40000,107,40140000,outputs.mapping/bams.cds.rand/SRR10209667.x.s__Prevotella sp000434975.fastq.gz,SRR10209667.x.s__Prevotella sp000434975,4b5fad20,56610000,51,DNA,10000,5661,True,0.9237276882438717,0.9780536602831387,0.9508906742635053,0.9780536602831387,False,27,22150,31405,d__Bacteria;p__Bacteroidota;c__Bacteroidia;o__Bacteroidales;f__Bacteroidaceae;g__Prevotella;s__Prevotella sp905193385
2020000,0.0356827415650945,0.01680672268907563,0.0007065889418830596,0.0002547365069256488,2.0,2.0,0.7071067811865476,/group/ctbrowngrp5/sourmash-db.new/gtdb-rs226/gtdb-rs226-k51.dna.rocksdb,GCA_036303345.1 Prevotella sp.,45e62c06d1b677460d3564aea06187f4,0.8487394957983193,40000,108,40100000,outputs.mapping/bams.cds.rand/SRR10209667.x.s__Prevotella sp000434975.fastq.gz,SRR10209667.x.s__Prevotella sp000434975,4b5fad20,56610000,51,DNA,10000,5661,True,0.9367351732032558,0.9967894203361308,0.9667622967696934,0.9967894203361308,False,8,22158,31405,d__Bacteria;p__Bacteroidota;c__Bacteroidia;o__Bacteroidales;f__Bacteroidaceae;g__Prevotella;s__Prevotella sp000434975
40000,0.0007065889418830596,0.011764705882352941,0.0005299417064122947,9.55261900971183e-05,1.0,1.0,0.0,/group/ctbrowngrp5/sourmash-db.new/gtdb-rs226/gtdb-rs226-k51.dna.rocksdb,GCA_029010315.1 Bacteroidales bacterium,f99bffc09f7a574e269b0e04e03a72b4,0.01568627450980392,30000,109,40070000,outputs.mapping/bams.cds.rand/SRR10209667.x.s__Prevotella sp000434975.fastq.gz,SRR10209667.x.s__Prevotella sp000434975,4b5fad20,56610000,51,DNA,10000,5661,True,0.8673990807896248,0.9217603769974362,0.8945797288935304,0.9217603769974362,True,3,22161,31405,d__Bacteria;p__Bacteroidota;c__Bacteroidia;o__Bacteroidales;f__Bacteroidaceae;g__Alloprevotella;s__Alloprevotella sp945869305
30000,0.0005299417064122947,0.012875536480686695,0.0005299417064122947,0.0001910523801942366,2.0,2.0,0.816496580927726,/group/ctbrowngrp5/sourmash-db.new/gtdb-rs226/gtdb-rs226-k51.dna.rocksdb,GCA_029225385.1 Bacteroides sp.,54922f6a9b1980e3e23edbf733b9dfab,0.012875536480686695,30000,110,40040000,outputs.mapping/bams.cds.rand/SRR10209667.x.s__Prevotella sp000434975.fastq.gz,SRR10209667.x.s__Prevotella sp000434975,4b5fad20,56610000,51,DNA,10000,5661,True,0.862520008347075,0.9181984920039337,0.8903592501755043,0.9181984920039337,True,6,22167,31405,d__Bacteria;p__Bacteroidota;c__Bacteroidia;o__Bacteroidales;f__UBA932;g__Cryptobacteroides;s__Cryptobacteroides sp000434935
120000,0.0021197668256491787,0.004016064257028112,0.0005299417064122947,0.0002228944435599427,2.3333333333333335,1.0,1.8856180831641267,/group/ctbrowngrp5/sourmash-db.new/gtdb-rs226/gtdb-rs226-k51.dna.rocksdb,GCF_028400095.1 Bacteroides ovatus,28693391d43e19cb5bb0975a718fb733,0.01606425702811245,30000,111,40010000,outputs.mapping/bams.cds.rand/SRR10209667.x.s__Prevotella sp000434975.fastq.gz,SRR10209667.x.s__Prevotella sp000434975,4b5fad20,56610000,51,DNA,10000,5661,True,0.8862867901076426,0.9221908247766154,0.904238807442129,0.9221908247766154,False,7,22174,31405,d__Bacteria;p__Bacteroidota;c__Bacteroidia;o__Bacteroidales;f__Bacteroidaceae;g__Bacteroides;s__Bacteroides ovatus
2020000,0.0356827415650945,0.013636363636363636,0.0005299417064122947,0.000668683330679828,7.0,8.0,1.4142135623730951,/group/ctbrowngrp5/sourmash-db.new/gtdb-rs226/gtdb-rs226-k51.dna.rocksdb,GCA_945787405.1 uncultured Bacteroidales bacterium,ed2381e4887988d604eaadb8c6803419,0.9181818181818182,30000,112,39980000,outputs.mapping/bams.cds.rand/SRR10209667.x.s__Prevotella sp000434975.fastq.gz,SRR10209667.x.s__Prevotella sp000434975,4b5fad20,56610000,51,DNA,10000,5661,True,0.9367351732032558,0.9983276773639777,0.9675314252836167,0.9983276773639777,False,21,22195,31405,d__Bacteria;p__Bacteroidota;c__Bacteroidia;o__Bacteroidales;f__Bacteroidaceae;g__Prevotella;s__Prevotella sp000434975
40000,0.0007065889418830596,0.012195121951219513,0.0005299417064122947,9.55261900971183e-05,1.0,1.0,0.0,/group/ctbrowngrp5/sourmash-db.new/gtdb-rs226/gtdb-rs226-k51.dna.rocksdb,GCA_945929835.1 uncultured Bacteroidales bacterium,c46ca7fd69f4edeb42c532c741e7b707,0.016260162601626018,30000,113,39950000,outputs.mapping/bams.cds.rand/SRR10209667.x.s__Prevotella sp000434975.fastq.gz,SRR10209667.x.s__Prevotella sp000434975,4b5fad20,56610000,51,DNA,10000,5661,True,0.8673990807896248,0.9224100313639713,0.8949045560767981,0.9224100313639713,True,3,22198,31405,d__Bacteria;p__Bacteroidota;c__Bacteroidia;o__Bacteroidales;f__Bacteroidaceae;g__Alloprevotella;s__Alloprevotella sp022772475
180000,0.003179650238473768,0.009230769230769232,0.0005299417064122947,0.0020378920554051903,21.333333333333332,11.0,21.29684379328438,/group/ctbrowngrp5/sourmash-db.new/gtdb-rs226/gtdb-rs226-k51.dna.rocksdb,GCA_034115605.1 Prevotella sp.,71e2ebfa22d8805797cfd978fe98c329,0.055384615384615386,30000,114,39920000,outputs.mapping/bams.cds.rand/SRR10209667.x.s__Prevotella sp000434975.fastq.gz,SRR10209667.x.s__Prevotella sp000434975,4b5fad20,56610000,51,DNA,10000,5661,True,0.8933611168747129,0.9448450049454238,0.9191030609100683,0.9448450049454238,False,64,22262,31405,d__Bacteria;p__Bacteroidota;c__Bacteroidia;o__Bacteroidales;f__Bacteroidaceae;g__Prevotella;s__Prevotella sp900548195
60000,0.0010598834128245894,0.013333333333333334,0.0005299417064122947,0.0005094730138512976,5.333333333333333,6.0,3.299831645537222,/group/ctbrowngrp5/sourmash-db.new/gtdb-rs226/gtdb-rs226-k51.dna.rocksdb,GCA_022772905.1 Bacteroidales bacterium,31b31a1b89427ffe96bfaf31b5b8e701,0.02666666666666667,30000,115,39890000,outputs.mapping/bams.cds.rand/SRR10209667.x.s__Prevotella sp000434975.fastq.gz,SRR10209667.x.s__Prevotella sp000434975,4b5fad20,56610000,51,DNA,10000,5661,True,0.8743226461676182,0.9314008754643719,0.902861760815995,0.9314008754643719,True,16,22278,31405,d__Bacteria;p__Bacteroidota;c__Bacteroidia;o__Bacteroidales;f__Bacteroidaceae;g__Alloprevotella;s__Alloprevotella sp004555425
40000,0.0007065889418830596,0.012,0.0005299417064122947,0.0001273682534628244,1.3333333333333333,1.0,0.4714045207910317,/group/ctbrowngrp5/sourmash-db.new/gtdb-rs226/gtdb-rs226-k51.dna.rocksdb,GCA_022782805.1 Bacteroidales bacterium,449d1015263fe49a659c15a38488a34b,0.016,30000,116,39860000,outputs.mapping/bams.cds.rand/SRR10209667.x.s__Prevotella sp000434975.fastq.gz,SRR10209667.x.s__Prevotella sp000434975,4b5fad20,56610000,51,DNA,10000,5661,True,0.8673990807896248,0.9221183538879099,0.8947587173387673,0.9221183538879099,True,4,22282,31405,d__Bacteria;p__Bacteroidota;c__Bacteroidia;o__Bacteroidales;f__Bacteroidaceae;g__Alloprevotella;s__Alloprevotella sp022773145
30000,0.0005299417064122947,0.013452914798206279,0.0005299417064122947,0.0001592103168285305,1.6666666666666667,2.0,0.4714045207910317,/group/ctbrowngrp5/sourmash-db.new/gtdb-rs226/gtdb-rs226-k51.dna.rocksdb,GCA_945501165.1 uncultured Bacteroidales bacterium,7a9a2a94ff26c42661365fc6945a9316,0.013452914798206279,30000,117,39830000,outputs.mapping/bams.cds.rand/SRR10209667.x.s__Prevotella sp000434975.fastq.gz,SRR10209667.x.s__Prevotella sp000434975,4b5fad20,56610000,51,DNA,10000,5661,True,0.862520008347075,0.9189886027616389,0.890754305554357,0.9189886027616389,True,5,22287,31405,d__Bacteria;p__Bacteroidota;c__Bacteroidia;o__Bacteroidales;f__UBA932;g__Cryptobacteroides;s__Cryptobacteroides sp034089285
40000,0.0007065889418830596,0.011583011583011582,0.0005299417064122947,9.55261900971183e-05,1.0,1.0,0.0,/group/ctbrowngrp5/sourmash-db.new/gtdb-rs226/gtdb-rs226-k51.dna.rocksdb,GCA_946011715.1 uncultured Prevotella sp.,06217291779a4c287d99fc0f647e4354,0.015444015444015444,30000,118,39800000,outputs.mapping/bams.cds.rand/SRR10209667.x.s__Prevotella sp000434975.fastq.gz,SRR10209667.x.s__Prevotella sp000434975,4b5fad20,56610000,51,DNA,10000,5661,True,0.8673990807896248,0.9214791110045188,0.8944390958970718,0.9214791110045188,True,3,22290,31405,d__Bacteria;p__Bacteroidota;c__Bacteroidia;o__Bacteroidales;f__Bacteroidaceae;g__Prevotella;s__Prevotella sp022771265
320000,0.005652711535064477,0.0075,0.0005299417064122947,0.000987103964336889,10.333333333333334,5.0,10.498677165349081,/group/ctbrowngrp5/sourmash-db.new/gtdb-rs226/gtdb-rs226-k51.dna.rocksdb,GCA_905206415.1 uncultured Prevotella sp.,4c1a9dd1066f13c99002320567ebccef,0.08,30000,119,39770000,outputs.mapping/bams.cds.rand/SRR10209667.x.s__Prevotella sp000434975.fastq.gz,SRR10209667.x.s__Prevotella sp000434975,4b5fad20,56610000,51,DNA,10000,5661,True,0.9034967701740725,0.9516822308219354,0.9275895004980039,0.9516822308219354,False,31,22321,31405,d__Bacteria;p__Bacteroidota;c__Bacteroidia;o__Bacteroidales;f__Bacteroidaceae;g__Prevotella;s__Prevotella sp900546535
60000,0.0010598834128245894,0.012048192771084338,0.0005299417064122947,9.55261900971183e-05,1.0,1.0,0.0,/group/ctbrowngrp5/sourmash-db.new/gtdb-rs226/gtdb-rs226-k51.dna.rocksdb,GCA_963603195.1 [Ruminococcus] torques,7ff99ffc18756b0fe606973b8d4f29b7,0.024096385542168676,30000,120,39740000,outputs.mapping/bams.cds.rand/SRR10209667.x.s__Prevotella sp000434975.fastq.gz,SRR10209667.x.s__Prevotella sp000434975,4b5fad20,56610000,51,DNA,10000,5661,True,0.8743226461676182,0.9295517369654019,0.9019371915665101,0.9295517369654019,True,3,22324,31405,d__Bacteria;p__Bacteroidota;c__Bacteroidia;o__Bacteroidales;f__Bacteroidaceae;g__Prevotella;s__Prevotella sp002251385
280000,0.004946122593181417,0.009202453987730062,0.0005299417064122947,0.0010507880910683013,11.0,4.0,12.083045973594572,/group/ctbrowngrp5/sourmash-db.new/gtdb-rs226/gtdb-rs226-k51.dna.rocksdb,GCA_004553185.1 Bacteroidales bacterium,a0fc8596b30503fcde751b93e4aac32e,0.08588957055214724,30000,121,39710000,outputs.mapping/bams.cds.rand/SRR10209667.x.s__Prevotella sp000434975.fastq.gz,SRR10209667.x.s__Prevotella sp000434975,4b5fad20,56610000,51,DNA,10000,5661,True,0.9011342725403051,0.9530087128990078,0.9270714927196564,0.9530087128990078,False,33,22357,31405,d__Bacteria;p__Bacteroidota;c__Bacteroidia;o__Bacteroidales;f__Bacteroidaceae;g__Prevotella;s__Prevotella sp002251365
900000,0.01589825119236884,0.010033444816053512,0.0005299417064122947,0.0005413150772170036,5.666666666666667,2.0,5.9066817155564495,/group/ctbrowngrp5/sourmash-db.new/gtdb-rs226/gtdb-rs226-k51.dna.rocksdb,GCA_945831055.1 uncultured Prevotella sp.,596f75092c7cdd3ad2c022985e198274,0.3010033444816054,30000,122,39680000,outputs.mapping/bams.cds.rand/SRR10209667.x.s__Prevotella sp000434975.fastq.gz,SRR10209667.x.s__Prevotella sp000434975,4b5fad20,56610000,51,DNA,10000,5661,True,0.9220030130104643,0.9767331060929851,0.9493680595517247,0.9767331060929851,False,17,22374,31405,d__Bacteria;p__Bacteroidota;c__Bacteroidia;o__Bacteroidales;f__Bacteroidaceae;g__Prevotella;s__Prevotella sp905193385
380000,0.0067125949478890655,0.012396694214876033,0.0005299417064122947,9.55261900971183e-05,1.0,1.0,0.0,/group/ctbrowngrp5/sourmash-db.new/gtdb-rs226/gtdb-rs226-k51.dna.rocksdb,GCA_022781125.1 Prevotella sp.,1c18f6c320f5a422b85ade6285945288,0.15702479338842976,30000,123,39650000,outputs.mapping/bams.cds.rand/SRR10209667.x.s__Prevotella sp000434975.fastq.gz,SRR10209667.x.s__Prevotella sp000434975,4b5fad20,56610000,51,DNA,10000,5661,True,0.906546339577413,0.9643499697385578,0.9354481546579854,0.9643499697385578,False,3,22377,31405,d__Bacteria;p__Bacteroidota;c__Bacteroidia;o__Bacteroidales;f__Bacteroidaceae;g__Prevotella;s__Prevotella sp900543975
30000,0.0005299417064122947,0.012875536480686695,0.0005299417064122947,0.0004139468237541793,4.333333333333333,3.0,3.39934634239519,/group/ctbrowngrp5/sourmash-db.new/gtdb-rs226/gtdb-rs226-k51.dna.rocksdb,GCF_034087485.1 Candidatus Cryptobacteroides sp.,9c6f02a1c2aaca988d48e37a5dfed069,0.012875536480686695,30000,124,39620000,outputs.mapping/bams.cds.rand/SRR10209667.x.s__Prevotella sp000434975.fastq.gz,SRR10209667.x.s__Prevotella sp000434975,4b5fad20,56610000,51,DNA,10000,5661,True,0.862520008347075,0.9181984920039337,0.8903592501755043,0.9181984920039337,True,13,22390,31405,d__Bacteria;p__Bacteroidota;c__Bacteroidia;o__Bacteroidales;f__UBA932;g__Cryptobacteroides;s__Cryptobacteroides sp004552965
420000,0.007419183889772125,0.012048192771084338,0.0005299417064122947,0.0002228944435599427,2.3333333333333335,1.0,1.8856180831641267,/group/ctbrowngrp5/sourmash-db.new/gtdb-rs226/gtdb-rs226-k51.dna.rocksdb,GCA_034119085.1 Prevotella sp.,61dacafd28009b2945a52aa33d2b299b,0.1686746987951807,30000,125,39590000,outputs.mapping/bams.cds.rand/SRR10209667.x.s__Prevotella sp000434975.fastq.gz,SRR10209667.x.s__Prevotella sp000434975,4b5fad20,56610000,51,DNA,10000,5661,True,0.9083271116710587,0.965704191796411,0.9370156517337349,0.965704191796411,False,7,22397,31405,d__Bacteria;p__Bacteroidota;c__Bacteroidia;o__Bacteroidales;f__Bacteroidaceae;g__Prevotella;s__Prevotella sp900543975
40000,0.0007065889418830596,0.0136986301369863,0.0005299417064122947,0.0011463142811654196,12.0,4.0,12.027745701779143,/group/ctbrowngrp5/sourmash-db.new/gtdb-rs226/gtdb-rs226-k51.dna.rocksdb,GCA_902487525.1 uncultured Alistipes sp.,299734f86cd949d589eb8c8789ff5cc6,0.0182648401826484,30000,126,39560000,outputs.mapping/bams.cds.rand/SRR10209667.x.s__Prevotella sp000434975.fastq.gz,SRR10209667.x.s__Prevotella sp000434975,4b5fad20,56610000,51,DNA,10000,5661,True,0.8673990807896248,0.9245151595170753,0.89595712015335,0.9245151595170753,True,36,22433,31405,d__Bacteria;p__Bacteroidota;c__Bacteroidia;o__Bacteroidales;f__Rikenellaceae;g__Alistipes;s__Alistipes sp900770635
50000,0.0008832361773538244,0.015151515151515152,0.0005299417064122947,0.0001592103168285305,1.6666666666666667,2.0,0.4714045207910317,/group/ctbrowngrp5/sourmash-db.new/gtdb-rs226/gtdb-rs226-k51.dna.rocksdb,GCA_945981735.1 uncultured Bacteroidales bacterium,8843abb41196faf9e9279eedac8c29a1,0.025252525252525252,30000,127,39530000,outputs.mapping/bams.cds.rand/SRR10209667.x.s__Prevotella sp000434975.fastq.gz,SRR10209667.x.s__Prevotella sp000434975,4b5fad20,56610000,51,DNA,10000,5661,True,0.8712025820686096,0.9304063020839441,0.9008044420762769,0.9304063020839441,True,5,22438,31405,d__Bacteria;p__Bacteroidota;c__Bacteroidia;o__Bacteroidales;f__Bacteroidaceae;g__Prevotella;s__Prevotella sp004558865
120000,0.0021197668256491787,0.005154639175257732,0.0005299417064122947,0.0002865785702913549,3.0,2.0,2.160246899469287,/group/ctbrowngrp5/sourmash-db.new/gtdb-rs226/gtdb-rs226-k51.dna.rocksdb,GCA_021153065.1 Bacteroides uniformis,36e7587620d4e56ab3ccc724fb62957d,0.020618556701030927,30000,128,39500000,outputs.mapping/bams.cds.rand/SRR10209667.x.s__Prevotella sp000434975.fastq.gz,SRR10209667.x.s__Prevotella sp000434975,4b5fad20,56610000,51,DNA,10000,5661,True,0.8862867901076426,0.9267151019155395,0.906500946011591,0.9267151019155395,False,9,22447,31405,d__Bacteria;p__Bacteroidota;c__Bacteroidia;o__Bacteroidales;f__Bacteroidaceae;g__Bacteroides;s__Bacteroides uniformis
30000,0.0005299417064122947,0.011857707509881422,0.0005299417064122947,0.0001592103168285305,1.6666666666666667,1.0,0.9428090415820634,/group/ctbrowngrp5/sourmash-db.new/gtdb-rs226/gtdb-rs226-k51.dna.rocksdb,GCA_004562995.1 bacterium,b5b8e34be48f80f17f2400b742c7afa8,0.011857707509881422,30000,129,39470000,outputs.mapping/bams.cds.rand/SRR10209667.x.s__Prevotella sp000434975.fastq.gz,SRR10209667.x.s__Prevotella sp000434975,4b5fad20,56610000,51,DNA,10000,5661,True,0.862520008347075,0.9167170492448745,0.8896185287959748,0.9167170492448745,True,5,22452,31405,d__Bacteria;p__Bacteroidota;c__Bacteroidia;o__Bacteroidales;f__Muribaculaceae;g__CAG-873;s__CAG-873 sp004552485
30000,0.0005299417064122947,0.01507537688442211,0.0005299417064122947,0.0001273682534628244,1.3333333333333333,1.0,0.4714045207910317,/group/ctbrowngrp5/sourmash-db.new/gtdb-rs226/gtdb-rs226-k51.dna.rocksdb,GCA_034179245.1 Candidatus Limisoma sp.,4a6b70eae5650311c3b2012bb8cd9de9,0.01507537688442211,30000,130,39440000,outputs.mapping/bams.cds.rand/SRR10209667.x.s__Prevotella sp000434975.fastq.gz,SRR10209667.x.s__Prevotella sp000434975,4b5fad20,56610000,51,DNA,10000,5661,True,0.862520008347075,0.9210427072727769,0.891781357809926,0.9210427072727769,True,4,22456,31405,d__Bacteria;p__Bacteroidota;c__Bacteroidia;o__Bacteroidales;f__Muribaculaceae;g__Limisoma;s__Limisoma sp004555955
90000,0.001589825119236884,0.014778325123152709,0.0005299417064122947,0.0004776309504855915,5.0,3.0,3.559026084010437,/group/ctbrowngrp5/sourmash-db.new/gtdb-rs226/gtdb-rs226-k51.dna.rocksdb,GCA_004557285.1 Bacteroidales bacterium,915f5df204472489874804b4631e5d9e,0.04433497536945813,30000,131,39410000,outputs.mapping/bams.cds.rand/SRR10209667.x.s__Prevotella sp000434975.fastq.gz,SRR10209667.x.s__Prevotella sp000434975,4b5fad20,56610000,51,DNA,10000,5661,True,0.8813014753320336,0.9407313497835186,0.9110164125577761,0.9407313497835186,False,15,22471,31405,d__Bacteria;p__Bacteroidota;c__Bacteroidia;o__Bacteroidales;f__Bacteroidaceae;g__Prevotella;s__Prevotella sp004557285
30000,0.0005299417064122947,0.020689655172413793,0.0005299417064122947,0.024263652284668046,254.0,3.0,356.3827530432227,/group/ctbrowngrp5/sourmash-db.new/gtdb-rs226/gtdb-rs226-k51.dna.rocksdb,GCA_004554845.1 Bacteroidales bacterium,1afd5445afb65eb502389bd9d2ed5afc,0.020689655172413793,30000,132,39380000,outputs.mapping/bams.cds.rand/SRR10209667.x.s__Prevotella sp000434975.fastq.gz,SRR10209667.x.s__Prevotella sp000434975,4b5fad20,56610000,51,DNA,10000,5661,True,0.862520008347075,0.9267776544647602,0.8946488314059176,0.9267776544647602,True,762,23233,31405,d__Bacteria;p__Bacteroidota;c__Bacteroidia;o__Bacteroidales;f__UBA932;g__Cryptobacteroides;s__Cryptobacteroides sp900546445
30000,0.0005299417064122947,0.01276595744680851,0.0005299417064122947,0.0001910523801942366,2.0,2.0,0.816496580927726,/group/ctbrowngrp5/sourmash-db.new/gtdb-rs226/gtdb-rs226-k51.dna.rocksdb,GCA_945900065.1 uncultured Bacteroidales bacterium,d5c2c21d01ddf43da195bc68022d5d9e,0.01276595744680851,30000,133,39350000,outputs.mapping/bams.cds.rand/SRR10209667.x.s__Prevotella sp000434975.fastq.gz,SRR10209667.x.s__Prevotella sp000434975,4b5fad20,56610000,51,DNA,10000,5661,True,0.862520008347075,0.9180446245420006,0.8902823164445378,0.9180446245420006,True,6,23239,31405,d__Bacteria;p__Bacteroidota;c__Bacteroidia;o__Bacteroidales;f__Muribaculaceae;g__Sodaliphilus;s__Sodaliphilus sp004557565
50000,0.0008832361773538244,0.010869565217391304,0.0005299417064122947,0.0002865785702913549,3.0,1.0,2.8284271247461903,/group/ctbrowngrp5/sourmash-db.new/gtdb-rs226/gtdb-rs226-k51.dna.rocksdb,GCA_958441445.1 uncultured Prevotellaceae bacterium,4c9927626caf9cc2c093442c1dc6d173,0.018115942028985508,30000,134,39320000,outputs.mapping/bams.cds.rand/SRR10209667.x.s__Prevotella sp000434975.fastq.gz,SRR10209667.x.s__Prevotella sp000434975,4b5fad20,56610000,51,DNA,10000,5661,True,0.8712025820686096,0.924366785208091,0.8977846836383503,0.924366785208091,True,9,23248,31405,d__Bacteria;p__Bacteroidota;c__Bacteroidia;o__Bacteroidales;f__Muribaculaceae;g__CAG-1031;s__CAG-1031 sp000431215
280000,0.004946122593181417,0.011904761904761904,0.0005299417064122947,0.0007323674574112402,7.666666666666667,2.0,8.73053390247253,/group/ctbrowngrp5/sourmash-db.new/gtdb-rs226/gtdb-rs226-k51.dna.rocksdb,GCF_959603685.1 uncultured Prevotella sp.,498f21acb816977dddc233100413fe65,0.1111111111111111,30000,135,39290000,outputs.mapping/bams.cds.rand/SRR10209667.x.s__Prevotella sp000434975.fastq.gz,SRR10209667.x.s__Prevotella sp000434975,4b5fad20,56610000,51,DNA,10000,5661,True,0.9011342725403051,0.9578320449072976,0.9294831587238013,0.9578320449072976,False,23,23271,31405,d__Bacteria;p__Bacteroidota;c__Bacteroidia;o__Bacteroidales;f__Bacteroidaceae;g__Prevotella;s__Prevotella pectinovora
390000,0.00688924218335983,0.01195219123505976,0.0005299417064122947,0.0004457888871198854,4.666666666666667,2.0,4.4969125210773475,/group/ctbrowngrp5/sourmash-db.new/gtdb-rs226/gtdb-rs226-k51.dna.rocksdb,GCA_021153305.1 Prevotellaceae bacterium,8c0054ab64afc8702926f1c58b2c8231,0.1553784860557769,30000,136,39260000,outputs.mapping/bams.cds.rand/SRR10209667.x.s__Prevotella sp000434975.fastq.gz,SRR10209667.x.s__Prevotella sp000434975,4b5fad20,56610000,51,DNA,10000,5661,True,0.9070081823206168,0.9641506965067589,0.9355794394136878,0.9641506965067589,False,14,23285,31405,d__Bacteria;p__Bacteroidota;c__Bacteroidia;o__Bacteroidales;f__Bacteroidaceae;g__Prevotella;s__Prevotella sp900543975
1450000,0.025613849143260908,0.01107011070110701,0.0005299417064122947,0.0003502626970227671,3.6666666666666665,3.0,2.494438257849294,/group/ctbrowngrp5/sourmash-db.new/gtdb-rs226/gtdb-rs226-k51.dna.rocksdb,GCA_000434975.1 Prevotella sp. CAG:520,2e907296bcfd2c20fb54857490e689e6,0.5350553505535055,30000,137,39230000,outputs.mapping/bams.cds.rand/SRR10209667.x.s__Prevotella sp000434975.fastq.gz,SRR10209667.x.s__Prevotella sp000434975,4b5fad20,56610000,51,DNA,10000,5661,True,0.9306655206800429,0.9878124249789959,0.9592389728295194,0.9878124249789959,False,11,23296,31405,d__Bacteria;p__Bacteroidota;c__Bacteroidia;o__Bacteroidales;f__Bacteroidaceae;g__Prevotella;s__Prevotella sp000434975
350000,0.006182653241476771,0.010067114093959731,0.0005299417064122947,0.0002865785702913549,3.0,4.0,1.4142135623730951,/group/ctbrowngrp5/sourmash-db.new/gtdb-rs226/gtdb-rs226-k51.dna.rocksdb,GCA_958417355.1 uncultured Prevotella sp.,5d6e12666c8be1d4e84c41a98d3b2ca9,0.1174496644295302,30000,138,39200000,outputs.mapping/bams.cds.rand/SRR10209667.x.s__Prevotella sp000434975.fastq.gz,SRR10209667.x.s__Prevotella sp000434975,4b5fad20,56610000,51,DNA,10000,5661,True,0.9050857009358988,0.9588745669424512,0.931980133939175,0.9588745669424512,False,9,23305,31405,d__Bacteria;p__Bacteroidota;c__Bacteroidia;o__Bacteroidales;f__Bacteroidaceae;g__Prevotella;s__Prevotella sp900552515
300000,0.005299417064122946,0.011278195488721804,0.0005299417064122947,0.000668683330679828,7.0,6.0,4.546060565661952,/group/ctbrowngrp5/sourmash-db.new/gtdb-rs226/gtdb-rs226-k51.dna.rocksdb,GCF_959026275.1 uncultured Prevotella sp.,e156dde5754428b440de7223f819ff8c,0.11278195488721804,30000,139,39170000,outputs.mapping/bams.cds.rand/SRR10209667.x.s__Prevotella sp000434975.fastq.gz,SRR10209667.x.s__Prevotella sp000434975,4b5fad20,56610000,51,DNA,10000,5661,True,0.9023541531894088,0.9581124048728651,0.930233279031137,0.9581124048728651,False,21,23326,31405,d__Bacteria;p__Bacteroidota;c__Bacteroidia;o__Bacteroidales;f__Bacteroidaceae;g__Prevotella;s__Prevotella pectinovora
430000,0.00759583112524289,0.00911854103343465,0.0005299417064122947,0.0002547365069256488,2.6666666666666665,1.0,2.3570226039551585,/group/ctbrowngrp5/sourmash-db.new/gtdb-rs226/gtdb-rs226-k51.dna.rocksdb,GCA_900757625.1 uncultured Prevotella sp.,535fd2e18f761d638e7cb11e44fe43b2,0.13069908814589665,30000,140,39140000,outputs.mapping/bams.cds.rand/SRR10209667.x.s__Prevotella sp000434975.fastq.gz,SRR10209667.x.s__Prevotella sp000434975,4b5fad20,56610000,51,DNA,10000,5661,True,0.908746294419271,0.9608863210937396,0.9348163077565053,0.9608863210937396,False,8,23334,31405,d__Bacteria;p__Bacteroidota;c__Bacteroidia;o__Bacteroidales;f__Bacteroidaceae;g__Prevotella;s__Prevotella sp900546535
260000,0.004592828122239887,0.011494252873563218,0.0005299417064122947,0.0001273682534628244,1.3333333333333333,1.0,0.4714045207910317,/group/ctbrowngrp5/sourmash-db.new/gtdb-rs226/gtdb-rs226-k51.dna.rocksdb,GCA_034093875.1 Prevotella sp.,0d7fea76f9aa02ba13b28f33e93fb3d7,0.09961685823754789,30000,141,39110000,outputs.mapping/bams.cds.rand/SRR10209667.x.s__Prevotella sp000434975.fastq.gz,SRR10209667.x.s__Prevotella sp000434975,4b5fad20,56610000,51,DNA,10000,5661,True,0.8998257874962377,0.9557833648288498,0.9278045761625437,0.9557833648288498,False,4,23338,31405,d__Bacteria;p__Bacteroidota;c__Bacteroidia;o__Bacteroidales;f__Bacteroidaceae;g__Prevotella;s__Prevotella sp002251365
70000,0.0012365306482953543,0.010238907849829351,0.0005299417064122947,0.0009234198376054768,9.666666666666666,2.0,11.556623882239812,/group/ctbrowngrp5/sourmash-db.new/gtdb-rs226/gtdb-rs226-k51.dna.rocksdb,GCA_022783585.1 Prevotella sp.,ccbda88d47aee248b3d6d19940f76168,0.023890784982935155,30000,142,39080000,outputs.mapping/bams.cds.rand/SRR10209667.x.s__Prevotella sp000434975.fastq.gz,SRR10209667.x.s__Prevotella sp000434975,4b5fad20,56610000,51,DNA,10000,5661,True,0.8769693387609896,0.9293955665708846,0.9031824526659371,0.9293955665708846,False,29,23367,31405,d__Bacteria;p__Bacteroidota;c__Bacteroidia;o__Bacteroidales;f__Bacteroidaceae;g__Prevotella;s__Prevotella sp002251245
170000,0.003003003003003003,0.009836065573770493,0.0005299417064122947,0.0007005253940455342,7.333333333333333,7.0,2.8674417556808756,/group/ctbrowngrp5/sourmash-db.new/gtdb-rs226/gtdb-rs226-k51.dna.rocksdb,GCA_958371835.1 uncultured Prevotella sp.,67dda519a98c6aac79dee66813c29a8f,0.05573770491803279,30000,143,39050000,outputs.mapping/bams.cds.rand/SRR10209667.x.s__Prevotella sp000434975.fastq.gz,SRR10209667.x.s__Prevotella sp000434975,4b5fad20,56610000,51,DNA,10000,5661,True,0.8923604403934454,0.9449627472288432,0.9186615938111443,0.9449627472288432,False,22,23389,31405,d__Bacteria;p__Bacteroidota;c__Bacteroidia;o__Bacteroidales;f__Bacteroidaceae;g__Prevotella;s__Prevotella sp022741625
30000,0.0005299417064122947,0.011538461538461539,0.0005299417064122947,0.0001273682534628244,1.3333333333333333,1.0,0.4714045207910317,/group/ctbrowngrp5/sourmash-db.new/gtdb-rs226/gtdb-rs226-k51.dna.rocksdb,GCA_945832175.1 uncultured Prevotellaceae bacterium,46f387d2bf08d4cd146ef7bb42c33ce5,0.011538461538461539,30000,144,39020000,outputs.mapping/bams.cds.rand/SRR10209667.x.s__Prevotella sp000434975.fastq.gz,SRR10209667.x.s__Prevotella sp000434975,4b5fad20,56610000,51,DNA,10000,5661,True,0.862520008347075,0.9162266084809654,0.8893733084140202,0.9162266084809654,True,4,23393,31405,d__Bacteria;p__Bacteroidota;c__Bacteroidia;o__Bacteroidales;f__Bacteroidaceae;g__Minthosoma;s__Minthosoma sp016302435
120000,0.0021197668256491787,0.013761467889908258,0.0005299417064122947,0.0002228944435599427,2.3333333333333335,2.0,0.4714045207910317,/group/ctbrowngrp5/sourmash-db.new/gtdb-rs226/gtdb-rs226-k51.dna.rocksdb,GCA_945876045.1 uncultured Prevotella sp.,fc36de315b95805c1862b4a877f6aa7b,0.05504587155963303,30000,145,38990000,outputs.mapping/bams.cds.rand/SRR10209667.x.s__Prevotella sp000434975.fastq.gz,SRR10209667.x.s__Prevotella sp000434975,4b5fad20,56610000,51,DNA,10000,5661,True,0.8862867901076426,0.9447313526970158,0.9155090714023292,0.9447313526970158,False,7,23400,31405,d__Bacteria;p__Bacteroidota;c__Bacteroidia;o__Bacteroidales;f__Bacteroidaceae;g__Prevotella;s__Prevotella sp900547005
30000,0.0005299417064122947,0.010273972602739725,0.0005299417064122947,0.0002228944435599427,2.3333333333333335,1.0,1.8856180831641267,/group/ctbrowngrp5/sourmash-db.new/gtdb-rs226/gtdb-rs226-k51.dna.rocksdb,GCA_959604195.1 uncultured Porphyromonadaceae bacterium,ed25bfa3458f63a3688a33965731dd07,0.010273972602739725,30000,146,38960000,outputs.mapping/bams.cds.rand/SRR10209667.x.s__Prevotella sp000434975.fastq.gz,SRR10209667.x.s__Prevotella sp000434975,4b5fad20,56610000,51,DNA,10000,5661,True,0.862520008347075,0.9141437166561762,0.8883318625016257,0.9141437166561762,True,7,23407,31405,d__Bacteria;p__Bacteroidota;c__Bacteroidia;o__Bacteroidales;f__Muribaculaceae;g__Lepagella;s__Lepagella sp002361235
220000,0.0038862391803568272,0.009836065573770493,0.0005299417064122947,0.0013692087247253622,14.333333333333334,18.0,9.741092797468305,/group/ctbrowngrp5/sourmash-db.new/gtdb-rs226/gtdb-rs226-k51.dna.rocksdb,GCF_002251285.1 Prevotella sp. P5-64,daee6af40260f4a4ae19c552b300363c,0.07213114754098361,30000,147,38930000,outputs.mapping/bams.cds.rand/SRR10209667.x.s__Prevotella sp000434975.fastq.gz,SRR10209667.x.s__Prevotella sp000434975,4b5fad20,56610000,51,DNA,10000,5661,True,0.8968831668941187,0.9497520765912661,0.9233176217426924,0.9497520765912661,False,43,23450,31405,d__Bacteria;p__Bacteroidota;c__Bacteroidia;o__Bacteroidales;f__Bacteroidaceae;g__Prevotella;s__Prevotella sp002251385
270000,0.0047694753577106515,0.009523809523809525,0.0005299417064122947,0.0002228944435599427,2.3333333333333335,2.0,1.247219128924647,/group/ctbrowngrp5/sourmash-db.new/gtdb-rs226/gtdb-rs226-k51.dna.rocksdb,GCA_019409405.1 Prevotella sp.,43b0db6d1467755e51032d1f6856827a,0.08571428571428572,30000,148,38900000,outputs.mapping/bams.cds.rand/SRR10209667.x.s__Prevotella sp000434975.fastq.gz,SRR10209667.x.s__Prevotella sp000434975,4b5fad20,56610000,51,DNA,10000,5661,True,0.9004919108031646,0.9529705390939124,0.9267312249485384,0.9529705390939124,False,7,23457,31405,d__Bacteria;p__Bacteroidota;c__Bacteroidia;o__Bacteroidales;f__Bacteroidaceae;g__Prevotella;s__Prevotella copri
50000,0.0008832361773538244,0.012448132780082987,0.0005299417064122947,0.0001592103168285305,1.6666666666666667,1.0,0.9428090415820634,/group/ctbrowngrp5/sourmash-db.new/gtdb-rs226/gtdb-rs226-k51.dna.rocksdb,GCA_945875635.1 uncultured Prevotella sp.,7357f68377c683334551d329d4655027,0.02074688796680498,30000,149,38870000,outputs.mapping/bams.cds.rand/SRR10209667.x.s__Prevotella sp000434975.fastq.gz,SRR10209667.x.s__Prevotella sp000434975,4b5fad20,56610000,51,DNA,10000,5661,True,0.8712025820686096,0.9268278550575403,0.8990152185630749,0.9268278550575403,True,5,23462,31405,d__Bacteria;p__Bacteroidota;c__Bacteroidia;o__Bacteroidales;f__Bacteroidaceae;g__Prevotella;s__Prevotella sp002299275
180000,0.003179650238473768,0.008086253369272238,0.0005299417064122947,0.0005094730138512976,5.333333333333333,4.0,4.189935029992179,/group/ctbrowngrp5/sourmash-db.new/gtdb-rs226/gtdb-rs226-k51.dna.rocksdb,GCA_019422265.1 Prevotella sp.,ec98d3c10fcab1552122270b5c7d9f90,0.04851752021563342,30000,150,38840000,outputs.mapping/bams.cds.rand/SRR10209667.x.s__Prevotella sp000434975.fastq.gz,SRR10209667.x.s__Prevotella sp000434975,4b5fad20,56610000,51,DNA,10000,5661,True,0.8933611168747129,0.9423957216174549,0.9178784192460838,0.9423957216174549,False,16,23478,31405,d__Bacteria;p__Bacteroidota;c__Bacteroidia;o__Bacteroidales;f__Bacteroidaceae;g__Prevotella;s__Prevotella copri_A
2210000,0.03903903903903904,0.011406844106463879,0.0005299417064122947,0.0001592103168285305,1.6666666666666667,1.0,0.9428090415820634,/group/ctbrowngrp5/sourmash-db.new/gtdb-rs226/gtdb-rs226-k51.dna.rocksdb,GCA_034100625.1 Prevotella sp.,36dc10425a91759539ad88fafbf9a02c,0.8403041825095057,30000,151,38810000,outputs.mapping/bams.cds.rand/SRR10209667.x.s__Prevotella sp000434975.fastq.gz,SRR10209667.x.s__Prevotella sp000434975,4b5fad20,56610000,51,DNA,10000,5661,True,0.9383877628151126,0.9965942181581666,0.9674909904866396,0.9965942181581666,False,5,23483,31405,d__Bacteria;p__Bacteroidota;c__Bacteroidia;o__Bacteroidales;f__Bacteroidaceae;g__Prevotella;s__Prevotella sp000434975
130000,0.0022964140611199434,0.010416666666666666,0.0005299417064122947,0.0004457888871198854,4.666666666666667,6.0,2.6246692913372702,/group/ctbrowngrp5/sourmash-db.new/gtdb-rs226/gtdb-rs226-k51.dna.rocksdb,GCA_902766535.1 uncultured Prevotellaceae bacterium,0f73cd4a856af0200f176ce99c2aa8ef,0.04513888888888889,30000,152,38780000,outputs.mapping/bams.cds.rand/SRR10209667.x.s__Prevotella sp000434975.fastq.gz,SRR10209667.x.s__Prevotella sp000434975,4b5fad20,56610000,51,DNA,10000,5661,True,0.8876788782082822,0.9410628827941928,0.9143708805012375,0.9410628827941928,False,14,23497,31405,d__Bacteria;p__Bacteroidota;c__Bacteroidia;o__Bacteroidales;f__Bacteroidaceae;g__Prevotella;s__Prevotella sp900548195
20000,0.0003532944709415298,0.008968609865470852,0.0003532944709415298,0.0001592103168285305,2.5,2.5,0.5,/group/ctbrowngrp5/sourmash-db.new/gtdb-rs226/gtdb-rs226-k51.dna.rocksdb,GCA_945835935.1 uncultured Bacteroidales bacterium,5e084982beea6ee814b2a74d05daaa69,0.008968609865470852,20000,153,38760000,outputs.mapping/bams.cds.rand/SRR10209667.x.s__Prevotella sp000434975.fastq.gz,SRR10209667.x.s__Prevotella sp000434975,4b5fad20,56610000,51,DNA,10000,5661,True,0.8556899054167735,0.9117113376687807,0.8837006215427771,0.9117113376687807,True,5,23502,31405,d__Bacteria;p__Bacteroidota;c__Bacteroidia;o__Bacteroidales;f__Muribaculaceae;g__SFTJ01;s__SFTJ01 sp004557385
320000,0.005652711535064477,0.006872852233676976,0.0003532944709415298,0.0001592103168285305,2.5,2.5,0.5,/group/ctbrowngrp5/sourmash-db.new/gtdb-rs226/gtdb-rs226-k51.dna.rocksdb,GCF_000833995.1 Prevotella pectinovora,79de9c3502c6a3fe77fe820bc2cde0b5,0.10996563573883161,20000,154,38740000,outputs.mapping/bams.cds.rand/SRR10209667.x.s__Prevotella sp000434975.fastq.gz,SRR10209667.x.s__Prevotella sp000434975,4b5fad20,56610000,51,DNA,10000,5661,True,0.9034967701740725,0.9576374409633086,0.9305671055686906,0.9576374409633086,False,5,23507,31405,d__Bacteria;p__Bacteroidota;c__Bacteroidia;o__Bacteroidales;f__Bacteroidaceae;g__Prevotella;s__Prevotella pectinovora
1340000,0.023670729553082494,0.00749063670411985,0.0003532944709415298,9.55261900971183e-05,1.5,1.5,0.5,/group/ctbrowngrp5/sourmash-db.new/gtdb-rs226/gtdb-rs226-k51.dna.rocksdb,GCA_037244645.1 Prevotella sp.,19e92a401c98c9fefb38143ee251cd34,0.50187265917603,20000,155,38720000,outputs.mapping/bams.cds.rand/SRR10209667.x.s__Prevotella sp000434975.fastq.gz,SRR10209667.x.s__Prevotella sp000434975,4b5fad20,56610000,51,DNA,10000,5661,True,0.9292269498926744,0.9865731346840281,0.9579000422883512,0.9865731346840281,False,3,23510,31405,d__Bacteria;p__Bacteroidota;c__Bacteroidia;o__Bacteroidales;f__Bacteroidaceae;g__Prevotella;s__Prevotella sp000434975
220000,0.0038862391803568272,0.005128205128205128,0.0003532944709415298,0.0007323674574112402,11.5,11.5,10.5,/group/ctbrowngrp5/sourmash-db.new/gtdb-rs226/gtdb-rs226-k51.dna.rocksdb,GCF_949820605.1 Segatella copri,0465e039ee1d16db9db0a7688d43b665,0.05641025641025641,20000,156,38700000,outputs.mapping/bams.cds.rand/SRR10209667.x.s__Prevotella sp000434975.fastq.gz,SRR10209667.x.s__Prevotella sp000434975,4b5fad20,56610000,51,DNA,10000,5661,True,0.8968831668941187,0.9451850090869965,0.9210340879905576,0.9451850090869965,False,23,23533,31405,d__Bacteria;p__Bacteroidota;c__Bacteroidia;o__Bacteroidales;f__Bacteroidaceae;g__Prevotella;s__Prevotella sp934191715
20000,0.0003532944709415298,0.0091324200913242,0.0003532944709415298,0.0012099984078968317,19.0,19.0,3.0,/group/ctbrowngrp5/sourmash-db.new/gtdb-rs226/gtdb-rs226-k51.dna.rocksdb,GCF_945970865.1 Megasphaera elsdenii,0838a1a29c3328e983519dae9eca25d6,0.0091324200913242,20000,157,38680000,outputs.mapping/bams.cds.rand/SRR10209667.x.s__Prevotella sp000434975.fastq.gz,SRR10209667.x.s__Prevotella sp000434975,4b5fad20,56610000,51,DNA,10000,5661,True,0.8556899054167735,0.91203496397918,0.8838624346979768,0.91203496397918,True,38,23571,31405,d__Bacteria;p__Bacillota;c__Negativicutes;o__Veillonellales;f__Megasphaeraceae;g__Megasphaera;s__Megasphaera elsdenii
20000,0.0003532944709415298,0.02857142857142857,0.0003532944709415298,0.0001273682534628244,2.0,2.0,1.0,/group/ctbrowngrp5/sourmash-db.new/gtdb-rs226/gtdb-rs226-k51.dna.rocksdb,GCA_948631615.1 uncultured Metamycoplasma sp.,8577eb61716f9e7e3ef685fe0031b889,0.02857142857142857,20000,158,38660000,outputs.mapping/bams.cds.rand/SRR10209667.x.s__Prevotella sp000434975.fastq.gz,SRR10209667.x.s__Prevotella sp000434975,4b5fad20,56610000,51,DNA,10000,5661,True,,,,,True,4,23575,31405,d__Bacteria;p__Bacillota;c__Bacilli;o__Mycoplasmatales;f__Metamycoplasmataceae;g__UBA710;s__UBA710 sp002298905
20000,0.0003532944709415298,0.006666666666666667,0.0003532944709415298,0.000318420633657061,5.0,5.0,0.0,/group/ctbrowngrp5/sourmash-db.new/gtdb-rs226/gtdb-rs226-k51.dna.rocksdb,GCA_905213315.1 uncultured Firmicutes bacterium,1f2e37ded41da81a52477806df8e9a7d,0.006666666666666667,20000,159,38640000,outputs.mapping/bams.cds.rand/SRR10209667.x.s__Prevotella sp000434975.fastq.gz,SRR10209667.x.s__Prevotella sp000434975,4b5fad20,56610000,51,DNA,10000,5661,True,0.8556899054167735,0.9064243085270774,0.8810571069719255,0.9064243085270774,True,10,23585,31405,d__Bacteria;p__Bacillota;c__Clostridia;o__Lachnospirales;f__Lachnospiraceae;g__CAG-882;s__CAG-882 sp003486385
190000,0.0033562974739445328,0.007194244604316547,0.0003532944709415298,0.0001592103168285305,2.5,2.5,1.5,/group/ctbrowngrp5/sourmash-db.new/gtdb-rs226/gtdb-rs226-k51.dna.rocksdb,GCF_037229945.1 Prevotella sp.,f47dda9a64b108a69d859f2757d57b65,0.0683453237410072,20000,160,38620000,outputs.mapping/bams.cds.rand/SRR10209667.x.s__Prevotella sp000434975.fastq.gz,SRR10209667.x.s__Prevotella sp000434975,4b5fad20,56610000,51,DNA,10000,5661,True,0.8943087083545793,0.9487486109075486,0.9215286596310639,0.9487486109075486,False,5,23590,31405,d__Bacteria;p__Bacteroidota;c__Bacteroidia;o__Bacteroidales;f__Bacteroidaceae;g__Prevotella;s__Prevotella sp900553155
50000,0.0008832361773538244,0.006211180124223602,0.0003532944709415298,0.0001910523801942366,3.0,3.0,1.0,/group/ctbrowngrp5/sourmash-db.new/gtdb-rs226/gtdb-rs226-k51.dna.rocksdb,GCA_022788165.1 Bacteroidales bacterium,79ca3d926185b30c7e7a3fc7a509e01e,0.015527950310559006,20000,161,38600000,outputs.mapping/bams.cds.rand/SRR10209667.x.s__Prevotella sp000434975.fastq.gz,SRR10209667.x.s__Prevotella sp000434975,4b5fad20,56610000,51,DNA,10000,5661,True,0.8712025820686096,0.9215770471684176,0.8963898146185136,0.9215770471684176,True,6,23596,31405,d__Bacteria;p__Bacteroidota;c__Bacteroidia;o__Bacteroidales;f__Bacteroidaceae;g__Alloprevotella;s__Alloprevotella sp004555055
30000,0.0005299417064122947,0.007067137809187279,0.0003532944709415298,6.36841267314122e-05,1.0,1.0,0.0,/group/ctbrowngrp5/sourmash-db.new/gtdb-rs226/gtdb-rs226-k51.dna.rocksdb,GCA_948865065.1 uncultured Bacteroidales bacterium,856e669fb2f599e4c3e14b8e094343d5,0.01060070671378092,20000,162,38580000,outputs.mapping/bams.cds.rand/SRR10209667.x.s__Prevotella sp000434975.fastq.gz,SRR10209667.x.s__Prevotella sp000434975,4b5fad20,56610000,51,DNA,10000,5661,True,0.862520008347075,0.9147050459893903,0.8886125271682326,0.9147050459893903,True,2,23598,31405,d__Bacteria;p__Bacteroidota;c__Bacteroidia;o__Bacteroidales;f__UBA932;g__Cryptobacteroides;s__Cryptobacteroides sp910585445
20000,0.0003532944709415298,0.004608294930875576,0.0003532944709415298,0.0001592103168285305,2.5,2.5,1.5,/group/ctbrowngrp5/sourmash-db.new/gtdb-rs226/gtdb-rs226-k51.dna.rocksdb,GCA_016715895.1 Flavobacteriales bacterium,d795bf6ff025bca888e359df991f907d,0.004608294930875576,20000,163,38560000,outputs.mapping/bams.cds.rand/SRR10209667.x.s__Prevotella sp000434975.fastq.gz,SRR10209667.x.s__Prevotella sp000434975,4b5fad20,56610000,51,DNA,10000,5661,True,0.8556899054167735,0.8998851063638268,0.8777875058903002,0.8998851063638268,True,5,23603,31405,d__Bacteria;p__Bacteroidota;c__Bacteroidia;o__Flavobacteriales;f__PHOS-HE28;g__PHOS-HE28;s__PHOS-HE28 sp016715895
20000,0.0003532944709415298,0.013333333333333334,0.0003532944709415298,0.0003821047603884732,6.0,6.0,5.0,/group/ctbrowngrp5/sourmash-db.new/gtdb-rs226/gtdb-rs226-k51.dna.rocksdb,GCA_945915065.1 uncultured Clostridia bacterium,6d1f4f942ff3960496b8a9d2b1bcec92,0.013333333333333334,20000,164,38540000,outputs.mapping/bams.cds.rand/SRR10209667.x.s__Prevotella sp000434975.fastq.gz,SRR10209667.x.s__Prevotella sp000434975,4b5fad20,56610000,51,DNA,10000,5661,True,0.8556899054167735,0.9188277284150211,0.8872588169158973,0.9188277284150211,True,12,23615,31405,d__Bacteria;p__Bacillota;c__Clostridia;o__Oscillospirales;f__Oscillospiraceae;g__Vescimonas;s__Vescimonas sp945915065
20000,0.0003532944709415298,0.008658008658008658,0.0003532944709415298,0.0005731571405827098,9.0,9.0,7.0,/group/ctbrowngrp5/sourmash-db.new/gtdb-rs226/gtdb-rs226-k51.dna.rocksdb,GCA_034117885.1 Oscillospiraceae bacterium,b5576349c62150291d29f281ea6e356a,0.008658008658008658,20000,165,38520000,outputs.mapping/bams.cds.rand/SRR10209667.x.s__Prevotella sp000434975.fastq.gz,SRR10209667.x.s__Prevotella sp000434975,4b5fad20,56610000,51,DNA,10000,5661,True,0.8556899054167735,0.9110814745136516,0.8833856899652126,0.9110814745136516,True,18,23633,31405,d__Bacteria;p__Bacillota;c__Clostridia;o__Oscillospirales;f__Oscillospiraceae;g__CAG-170;s__CAG-170 sp002404795
20000,0.0003532944709415298,0.007518796992481203,0.0003532944709415298,0.0001592103168285305,2.5,2.5,1.5,/group/ctbrowngrp5/sourmash-db.new/gtdb-rs226/gtdb-rs226-k51.dna.rocksdb,GCA_022774945.1 Lachnobacterium sp.,af426f33d2866d663b77828fd6516469,0.007518796992481203,20000,166,38500000,outputs.mapping/bams.cds.rand/SRR10209667.x.s__Prevotella sp000434975.fastq.gz,SRR10209667.x.s__Prevotella sp000434975,4b5fad20,56610000,51,DNA,10000,5661,True,0.8556899054167735,0.9085646807370644,0.882127293076919,0.9085646807370644,True,5,23638,31405,d__Bacteria;p__Bacillota;c__Clostridia;o__Lachnospirales;f__Lachnospiraceae;g__Agathobacter;s__Agathobacter sp905209075
20000,0.0003532944709415298,0.008733624454148471,0.0003532944709415298,9.55261900971183e-05,1.5,1.5,0.5,/group/ctbrowngrp5/sourmash-db.new/gtdb-rs226/gtdb-rs226-k51.dna.rocksdb,GCA_036843145.1 Muribaculaceae bacterium,69f56092b27f3aee523cd7ca177fbfed,0.008733624454148471,20000,167,38480000,outputs.mapping/bams.cds.rand/SRR10209667.x.s__Prevotella sp000434975.fastq.gz,SRR10209667.x.s__Prevotella sp000434975,4b5fad20,56610000,51,DNA,10000,5661,True,0.8556899054167735,0.9112368308464617,0.8834633681316175,0.9112368308464617,True,3,23641,31405,d__Bacteria;p__Bacteroidota;c__Bacteroidia;o__Bacteroidales;f__Muribaculaceae;g__Lepagella;s__Lepagella sp000437495
20000,0.0003532944709415298,0.007662835249042145,0.0003532944709415298,6.36841267314122e-05,1.0,1.0,0.0,/group/ctbrowngrp5/sourmash-db.new/gtdb-rs226/gtdb-rs226-k51.dna.rocksdb,GCA_946008185.1 uncultured Parabacteroides sp.,01b6b0b546c1975e79536ecc423b02e9,0.007662835249042145,20000,168,38460000,outputs.mapping/bams.cds.rand/SRR10209667.x.s__Prevotella sp000434975.fastq.gz,SRR10209667.x.s__Prevotella sp000434975,4b5fad20,56610000,51,DNA,10000,5661,True,0.8556899054167735,0.9089027992018329,0.8822963523093033,0.9089027992018329,True,2,23643,31405,d__Bacteria;p__Bacteroidota;c__Bacteroidia;o__Bacteroidales;f__Tannerellaceae;g__Parabacteroides;s__Parabacteroides sp946055095
280000,0.004946122593181417,0.007326007326007326,0.0003532944709415298,0.0002547365069256488,4.0,4.0,3.0,/group/ctbrowngrp5/sourmash-db.new/gtdb-rs226/gtdb-rs226-k51.dna.rocksdb,GCA_004553465.1 Bacteroidales bacterium,12f0b9190ec96b8883b62eadcb4e6cca,0.10256410256410256,20000,169,38440000,outputs.mapping/bams.cds.rand/SRR10209667.x.s__Prevotella sp000434975.fastq.gz,SRR10209667.x.s__Prevotella sp000434975,4b5fad20,56610000,51,DNA,10000,5661,True,0.9011342725403051,0.9563299402331185,0.9287321063867118,0.9563299402331185,False,8,23651,31405,d__Bacteria;p__Bacteroidota;c__Bacteroidia;o__Bacteroidales;f__Bacteroidaceae;g__Prevotella;s__Prevotella sp002251365
1290000,0.02278749337572867,0.006269592476489028,0.0003532944709415298,0.000318420633657061,5.0,5.0,1.0,/group/ctbrowngrp5/sourmash-db.new/gtdb-rs226/gtdb-rs226-k51.dna.rocksdb,GCA_934204685.1 uncultured Prevotella sp.,1ac02faa0783bdcea345b9d131fa4ff3,0.4043887147335423,20000,170,38420000,outputs.mapping/bams.cds.rand/SRR10209667.x.s__Prevotella sp000434975.fastq.gz,SRR10209667.x.s__Prevotella sp000434975,4b5fad20,56610000,51,DNA,10000,5661,True,0.9285343438107828,0.9824041242130249,0.9554692340119039,0.9824041242130249,False,10,23661,31405,d__Bacteria;p__Bacteroidota;c__Bacteroidia;o__Bacteroidales;f__Bacteroidaceae;g__Prevotella;s__Prevotella sp000434975
30000,0.0005299417064122947,0.008438818565400843,0.0003532944709415298,0.0002547365069256488,4.0,4.0,3.0,/group/ctbrowngrp5/sourmash-db.new/gtdb-rs226/gtdb-rs226-k51.dna.rocksdb,GCA_945831405.1 uncultured Prevotellaceae bacterium,f7618324455eaf035eccc194dc802fa8,0.012658227848101266,20000,171,38400000,outputs.mapping/bams.cds.rand/SRR10209667.x.s__Prevotella sp000434975.fastq.gz,SRR10209667.x.s__Prevotella sp000434975,4b5fad20,56610000,51,DNA,10000,5661,True,0.862520008347075,0.9178920865148493,0.8902060474309621,0.9178920865148493,True,8,23669,31405,d__Bacteria;p__Bacteroidota;c__Bacteroidia;o__Bacteroidales;f__Bacteroidaceae;g__Physcousia;s__Physcousia sp900766785
20000,0.0003532944709415298,0.009478672985781991,0.0003532944709415298,9.55261900971183e-05,1.5,1.5,0.5,/group/ctbrowngrp5/sourmash-db.new/gtdb-rs226/gtdb-rs226-k51.dna.rocksdb,GCA_034176175.1 Alloprevotella sp.,7d5d80bd68388a93a2f5797a0da9c35a,0.009478672985781991,20000,172,38380000,outputs.mapping/bams.cds.rand/SRR10209667.x.s__Prevotella sp000434975.fastq.gz,SRR10209667.x.s__Prevotella sp000434975,4b5fad20,56610000,51,DNA,10000,5661,True,0.8556899054167735,0.9127006990122944,0.8841953022145339,0.9127006990122944,True,3,23672,31405,d__Bacteria;p__Bacteroidota;c__Bacteroidia;o__Bacteroidales;f__Bacteroidaceae;g__Alloprevotella;s__Alloprevotella sp945788445
30000,0.0005299417064122947,0.004555808656036446,0.0003532944709415298,6.36841267314122e-05,1.0,1.0,0.0,/group/ctbrowngrp5/sourmash-db.new/gtdb-rs226/gtdb-rs226-k51.dna.rocksdb,GCA_963929045.1 uncultured Mediterraneibacter sp.,f65aadb770ec82b7314c49cf73bc2812,0.00683371298405467,20000,173,38360000,outputs.mapping/bams.cds.rand/SRR10209667.x.s__Prevotella sp000434975.fastq.gz,SRR10209667.x.s__Prevotella sp000434975,4b5fad20,56610000,51,DNA,10000,5661,True,0.862520008347075,0.9068642651195823,0.8846921367333287,0.9068642651195823,True,2,23674,31405,d__Bacteria;p__Bacillota;c__Clostridia;o__Lachnospirales;f__Lachnospiraceae;g__Mediterraneibacter;s__Mediterraneibacter sp944377745
30000,0.0005299417064122947,0.008888888888888889,0.0003532944709415298,9.55261900971183e-05,1.5,1.5,0.5,/group/ctbrowngrp5/sourmash-db.new/gtdb-rs226/gtdb-rs226-k51.dna.rocksdb,GCA_034115865.1 Bacteroidaceae bacterium,e4d79ad9c75bcf7a6336768f70135aa7,0.013333333333333334,20000,174,38340000,outputs.mapping/bams.cds.rand/SRR10209667.x.s__Prevotella sp000434975.fastq.gz,SRR10209667.x.s__Prevotella sp000434975,4b5fad20,56610000,51,DNA,10000,5661,True,0.862520008347075,0.9188277284150211,0.890673868381048,0.9188277284150211,True,3,23677,31405,d__Bacteria;p__Bacteroidota;c__Bacteroidia;o__Bacteroidales;f__Bacteroidaceae;g__UBA6398;s__UBA6398 sp003150315
70000,0.0012365306482953543,0.006191950464396285,0.0003532944709415298,0.0021015761821366026,33.0,33.0,18.0,/group/ctbrowngrp5/sourmash-db.new/gtdb-rs226/gtdb-rs226-k51.dna.rocksdb,GCF_934193235.1 uncultured Prevotella sp.,84422b50b76d2f33cfdda6029889acf9,0.021671826625386997,20000,175,38320000,outputs.mapping/bams.cds.rand/SRR10209667.x.s__Prevotella sp000434975.fastq.gz,SRR10209667.x.s__Prevotella sp000434975,4b5fad20,56610000,51,DNA,10000,5661,True,0.8769693387609896,0.9276208472161762,0.9022950929885829,0.9276208472161762,False,66,23743,31405,d__Bacteria;p__Bacteroidota;c__Bacteroidia;o__Bacteroidales;f__Bacteroidaceae;g__Prevotella;s__Prevotella sp900548745
40000,0.0007065889418830596,0.006230529595015576,0.0003532944709415298,0.0002228944435599427,3.5,3.5,0.5,/group/ctbrowngrp5/sourmash-db.new/gtdb-rs226/gtdb-rs226-k51.dna.rocksdb,GCF_027692125.1 Gemmiger qucibialis,1665d12d4bb5bb6ff3ff37192d6de9d6,0.012461059190031152,20000,176,38300000,outputs.mapping/bams.cds.rand/SRR10209667.x.s__Prevotella sp000434975.fastq.gz,SRR10209667.x.s__Prevotella sp000434975,4b5fad20,56610000,51,DNA,10000,5661,True,0.8673990807896248,0.9176095828438107,0.8925043318167177,0.9176095828438107,True,7,23750,31405,d__Bacteria;p__Bacillota;c__Clostridia;o__Oscillospirales;f__Ruminococcaceae;g__Gemmiger;s__Gemmiger qucibialis
20000,0.0003532944709415298,0.008368200836820083,0.0003532944709415298,0.005349466645438624,84.0,84.0,80.0,/group/ctbrowngrp5/sourmash-db.new/gtdb-rs226/gtdb-rs226-k51.dna.rocksdb,GCF_021531495.1 Anaerovibrio lipolyticus,17467dcaf9481746cf50adc61e9a02e8,0.008368200836820083,20000,177,38280000,outputs.mapping/bams.cds.rand/SRR10209667.x.s__Prevotella sp000434975.fastq.gz,SRR10209667.x.s__Prevotella sp000434975,4b5fad20,56610000,51,DNA,10000,5661,True,0.8556899054167735,0.9104734709010283,0.8830816881589009,0.9104734709010283,True,168,23918,31405,d__Bacteria;p__Bacillota;c__Negativicutes;o__Selenomonadales;f__Selenomonadaceae;g__Anaerovibrio;s__Anaerovibrio sp900548165
140000,0.0024730612965907085,0.005319148936170213,0.0003532944709415298,9.55261900971183e-05,1.5,1.5,0.5,/group/ctbrowngrp5/sourmash-db.new/gtdb-rs226/gtdb-rs226-k51.dna.rocksdb,GCF_022733255.1 Prevotella sp.,31e38c13908dde32f60228e3f750f68e,0.03723404255319149,20000,178,38260000,outputs.mapping/bams.cds.rand/SRR10209667.x.s__Prevotella sp000434975.fastq.gz,SRR10209667.x.s__Prevotella sp000434975,4b5fad20,56610000,51,DNA,10000,5661,True,0.8889696997786464,0.9375171465582985,0.9132434231684725,0.9375171465582985,False,3,23921,31405,d__Bacteria;p__Bacteroidota;c__Bacteroidia;o__Bacteroidales;f__Bacteroidaceae;g__Prevotella;s__Prevotella merdae
2030000,0.03585938880056527,0.008097165991902834,0.0003532944709415298,9.55261900971183e-05,1.5,1.5,0.5,/group/ctbrowngrp5/sourmash-db.new/gtdb-rs226/gtdb-rs226-k51.dna.rocksdb,GCA_945876555.1 uncultured Bacteroidales bacterium,f6a23d66294bb95089efc4d90f323a87,0.8218623481781376,20000,179,38240000,outputs.mapping/bams.cds.rand/SRR10209667.x.s__Prevotella sp000434975.fastq.gz,SRR10209667.x.s__Prevotella sp000434975,4b5fad20,56610000,51,DNA,10000,5661,True,0.9368258807733356,0.9961606762285498,0.9664932785009427,0.9961606762285498,False,3,23924,31405,d__Bacteria;p__Bacteroidota;c__Bacteroidia;o__Bacteroidales;f__Bacteroidaceae;g__Prevotella;s__Prevotella sp000434975
2060000,0.03638933050697757,0.007751937984496124,0.0003532944709415298,0.0003502626970227671,5.5,5.5,1.5,/group/ctbrowngrp5/sourmash-db.new/gtdb-rs226/gtdb-rs226-k51.dna.rocksdb,GCA_004551885.1 Bacteroidales bacterium,5743330a220e23ed0df5080cd0a2380a,0.7984496124031008,20000,180,38220000,outputs.mapping/bams.cds.rand/SRR10209667.x.s__Prevotella sp000434975.fastq.gz,SRR10209667.x.s__Prevotella sp000434975,4b5fad20,56610000,51,DNA,10000,5661,True,0.9370953982296674,0.995596324423212,0.9663458613264397,0.995596324423212,False,11,23935,31405,d__Bacteria;p__Bacteroidota;c__Bacteroidia;o__Bacteroidales;f__Bacteroidaceae;g__Prevotella;s__Prevotella sp000434975
280000,0.004946122593181417,0.007462686567164179,0.0003532944709415298,0.0002865785702913549,4.5,4.5,0.5,/group/ctbrowngrp5/sourmash-db.new/gtdb-rs226/gtdb-rs226-k51.dna.rocksdb,GCF_958454795.1 Leyella stercorea,e2bf0fcf6d32a5b8b686a1b05c352d5a,0.1044776119402985,20000,181,38200000,outputs.mapping/bams.cds.rand/SRR10209667.x.s__Prevotella sp000434975.fastq.gz,SRR10209667.x.s__Prevotella sp000434975,4b5fad20,56610000,51,DNA,10000,5661,True,0.9011342725403051,0.9566766223055866,0.9289054474229459,0.9566766223055866,False,9,23944,31405,d__Bacteria;p__Bacteroidota;c__Bacteroidia;o__Bacteroidales;f__Bacteroidaceae;g__Prevotella;s__Prevotella stercorea
20000,0.0003532944709415298,0.007692307692307693,0.0003532944709415298,9.55261900971183e-05,1.5,1.5,0.5,/group/ctbrowngrp5/sourmash-db.new/gtdb-rs226/gtdb-rs226-k51.dna.rocksdb,GCA_004556945.1 Clostridiales bacterium,28452a50d39427fd210f60f99e1f2e64,0.007692307692307693,20000,182,38180000,outputs.mapping/bams.cds.rand/SRR10209667.x.s__Prevotella sp000434975.fastq.gz,SRR10209667.x.s__Prevotella sp000434975,4b5fad20,56610000,51,DNA,10000,5661,True,0.8556899054167735,0.9089712150027334,0.8823305602097534,0.9089712150027334,True,3,23947,31405,d__Bacteria;p__Bacillota;c__Clostridia;o__Oscillospirales;f__Oscillospiraceae;g__Hominicoprocola;s__Hominicoprocola sp003522105
2080000,0.036742624977919094,0.00816326530612245,0.0003532944709415298,0.0002547365069256488,4.0,4.0,2.0,/group/ctbrowngrp5/sourmash-db.new/gtdb-rs226/gtdb-rs226-k51.dna.rocksdb,GCA_022771985.1 Prevotella sp.,9524cf6937a6cccf46ae68b59b7cbfbc,0.8489795918367347,20000,183,38160000,outputs.mapping/bams.cds.rand/SRR10209667.x.s__Prevotella sp000434975.fastq.gz,SRR10209667.x.s__Prevotella sp000434975,4b5fad20,56610000,51,DNA,10000,5661,True,0.937272947052351,0.9967949485343838,0.9670339477933674,0.9967949485343838,False,8,23955,31405,d__Bacteria;p__Bacteroidota;c__Bacteroidia;o__Bacteroidales;f__Bacteroidaceae;g__Prevotella;s__Prevotella sp000434975
250000,0.004416180886769122,0.007042253521126761,0.0003532944709415298,0.0004139468237541793,6.5,6.5,2.5,/group/ctbrowngrp5/sourmash-db.new/gtdb-rs226/gtdb-rs226-k51.dna.rocksdb,GCA_945921625.1 uncultured Prevotella sp.,45b4d0d75c7bcc6c3081304734915840,0.0880281690140845,20000,184,38140000,outputs.mapping/bams.cds.rand/SRR10209667.x.s__Prevotella sp000434975.fastq.gz,SRR10209667.x.s__Prevotella sp000434975,4b5fad20,56610000,51,DNA,10000,5661,True,0.8991340572553754,0.9534684067259134,0.9263012319906444,0.9534684067259134,False,13,23968,31405,d__Bacteria;p__Bacteroidota;c__Bacteroidia;o__Bacteroidales;f__Bacteroidaceae;g__Prevotella;s__Prevotella sinensis
140000,0.0024730612965907085,0.008438818565400843,0.0003532944709415298,6.36841267314122e-05,1.0,1.0,0.0,/group/ctbrowngrp5/sourmash-db.new/gtdb-rs226/gtdb-rs226-k51.dna.rocksdb,GCA_037237905.1 Prevotella sp.,5e44f838e6c364940ed241a63cffa369,0.05907172995780591,20000,185,38120000,outputs.mapping/bams.cds.rand/SRR10209667.x.s__Prevotella sp000434975.fastq.gz,SRR10209667.x.s__Prevotella sp000434975,4b5fad20,56610000,51,DNA,10000,5661,True,0.8889696997786464,0.94603979580953,0.9175047477940882,0.94603979580953,False,2,23970,31405,d__Bacteria;p__Bacteroidota;c__Bacteroidia;o__Bacteroidales;f__Bacteroidaceae;g__Prevotella;s__Prevotella sp900551275
220000,0.0038862391803568272,0.007874015748031496,0.0003532944709415298,9.55261900971183e-05,1.5,1.5,0.5,/group/ctbrowngrp5/sourmash-db.new/gtdb-rs226/gtdb-rs226-k51.dna.rocksdb,GCA_945827815.1 Segatella copri,b9b967e58926b46665ba7c8cb213810a,0.08661417322834646,20000,186,38100000,outputs.mapping/bams.cds.rand/SRR10209667.x.s__Prevotella sp000434975.fastq.gz,SRR10209667.x.s__Prevotella sp000434975,4b5fad20,56610000,51,DNA,10000,5661,True,0.8968831668941187,0.9531657117320449,0.9250244393130818,0.9531657117320449,False,3,23973,31405,d__Bacteria;p__Bacteroidota;c__Bacteroidia;o__Bacteroidales;f__Bacteroidaceae;g__Prevotella;s__Prevotella copri
140000,0.0024730612965907085,0.008064516129032258,0.0003532944709415298,0.0005094730138512976,8.0,8.0,6.0,/group/ctbrowngrp5/sourmash-db.new/gtdb-rs226/gtdb-rs226-k51.dna.rocksdb,GCA_946405155.1 uncultured Prevotella sp.,4c448c0361f8bc8359e30f5716d87ace,0.056451612903225805,20000,187,38080000,outputs.mapping/bams.cds.rand/SRR10209667.x.s__Prevotella sp000434975.fastq.gz,SRR10209667.x.s__Prevotella sp000434975,4b5fad20,56610000,51,DNA,10000,5661,True,0.8889696997786464,0.94519859147863,0.9170841456286382,0.94519859147863,False,16,23989,31405,d__Bacteria;p__Bacteroidota;c__Bacteroidia;o__Bacteroidales;f__Bacteroidaceae;g__Prevotella;s__Prevotella sp002251295
320000,0.005652711535064477,0.00546448087431694,0.0003532944709415298,9.55261900971183e-05,1.5,1.5,0.5,/group/ctbrowngrp5/sourmash-db.new/gtdb-rs226/gtdb-rs226-k51.dna.rocksdb,GCA_945963825.1 uncultured Prevotella sp.,c29731de801a8c3f46bff6fca7efcb94,0.08743169398907104,20000,188,38060000,outputs.mapping/bams.cds.rand/SRR10209667.x.s__Prevotella sp000434975.fastq.gz,SRR10209667.x.s__Prevotella sp000434975,4b5fad20,56610000,51,DNA,10000,5661,True,0.9034967701740725,0.9533413044493315,0.9284190373117021,0.9533413044493315,False,3,23992,31405,d__Bacteria;p__Bacteroidota;c__Bacteroidia;o__Bacteroidales;f__Bacteroidaceae;g__Prevotella;s__Prevotella sp945863825
40000,0.0007065889418830596,0.008733624454148471,0.0003532944709415298,9.55261900971183e-05,1.5,1.5,0.5,/group/ctbrowngrp5/sourmash-db.new/gtdb-rs226/gtdb-rs226-k51.dna.rocksdb,GCA_945834015.1 uncultured Bacteroidales bacterium,5bf1ef9b2af6e79ec556a718420c3783,0.017467248908296942,20000,189,38040000,outputs.mapping/bams.cds.rand/SRR10209667.x.s__Prevotella sp000434975.fastq.gz,SRR10209667.x.s__Prevotella sp000434975,4b5fad20,56610000,51,DNA,10000,5661,True,0.8673990807896248,0.9237061048101245,0.8955525927998746,0.9237061048101245,True,3,23995,31405,d__Bacteria;p__Bacteroidota;c__Bacteroidia;o__Bacteroidales;f__Bacteroidaceae;g__Prevotella;s__Prevotella sp004554665
150000,0.002649708532061473,0.006269592476489028,0.0003532944709415298,6.36841267314122e-05,1.0,1.0,0.0,/group/ctbrowngrp5/sourmash-db.new/gtdb-rs226/gtdb-rs226-k51.dna.rocksdb,GCA_035434925.1 Prevotella sp.,25f4e4a7be77d692aa158d27fa5005ed,0.047021943573667714,20000,190,38020000,outputs.mapping/bams.cds.rand/SRR10209667.x.s__Prevotella sp000434975.fastq.gz,SRR10209667.x.s__Prevotella sp000434975,4b5fad20,56610000,51,DNA,10000,5661,True,0.8901731130406263,0.9418173310914889,0.9159952220660577,0.9418173310914889,False,2,23997,31405,d__Bacteria;p__Bacteroidota;c__Bacteroidia;o__Bacteroidales;f__Bacteroidaceae;g__Prevotella;s__Prevotella sp000436035
120000,0.0021197668256491787,0.006644518272425249,0.0003532944709415298,0.0001592103168285305,2.5,2.5,0.5,/group/ctbrowngrp5/sourmash-db.new/gtdb-rs226/gtdb-rs226-k51.dna.rocksdb,GCA_022771625.1 Prevotella sp.,f94923f2da488c81c7acffe33fea799e,0.03986710963455149,20000,191,38000000,outputs.mapping/bams.cds.rand/SRR10209667.x.s__Prevotella sp000434975.fastq.gz,SRR10209667.x.s__Prevotella sp000434975,4b5fad20,56610000,51,DNA,10000,5661,True,0.8862867901076426,0.9387740443852631,0.9125304172464528,0.9387740443852631,False,5,24002,31405,d__Bacteria;p__Bacteroidota;c__Bacteroidia;o__Bacteroidales;f__Bacteroidaceae;g__Prevotella;s__Prevotella sp022771625
20000,0.0003532944709415298,0.009259259259259259,0.0003532944709415298,0.0001273682534628244,2.0,2.0,1.0,/group/ctbrowngrp5/sourmash-db.new/gtdb-rs226/gtdb-rs226-k51.dna.rocksdb,GCA_029004035.1 Prevotella sp.,a0fc5d4a5166424429b038cb8bcb51ec,0.009259259259259259,20000,192,37980000,outputs.mapping/bams.cds.rand/SRR10209667.x.s__Prevotella sp000434975.fastq.gz,SRR10209667.x.s__Prevotella sp000434975,4b5fad20,56610000,51,DNA,10000,5661,True,0.8556899054167735,0.9122816638494313,0.8839857846331024,0.9122816638494313,True,4,24006,31405,d__Bacteria;p__Bacteroidota;c__Bacteroidia;o__Bacteroidales;f__Bacteroidaceae;g__Prevotella;s__Prevotella sp900768785
370000,0.006535947712418301,0.006369426751592357,0.0003532944709415298,0.0005413150772170036,8.5,8.5,2.5,/group/ctbrowngrp5/sourmash-db.new/gtdb-rs226/gtdb-rs226-k51.dna.rocksdb,GCA_029226565.1 Segatella copri,f7a7a0ceba047b9cb86c8bd20b017555,0.1178343949044586,20000,193,37960000,outputs.mapping/bams.cds.rand/SRR10209667.x.s__Prevotella sp000434975.fastq.gz,SRR10209667.x.s__Prevotella sp000434975,4b5fad20,56610000,51,DNA,10000,5661,True,0.9060724242444924,0.958936056308427,0.9325042402764597,0.958936056308427,False,17,24023,31405,d__Bacteria;p__Bacteroidota;c__Bacteroidia;o__Bacteroidales;f__Bacteroidaceae;g__Prevotella;s__Prevotella sp900313215
20000,0.0003532944709415298,0.007220216606498195,0.0003532944709415298,0.0001273682534628244,2.0,2.0,1.0,/group/ctbrowngrp5/sourmash-db.new/gtdb-rs226/gtdb-rs226-k51.dna.rocksdb,GCA_029226715.1 Prevotellaceae bacterium,48372914978546816f5d58987b36896d,0.007220216606498195,20000,194,37940000,outputs.mapping/bams.cds.rand/SRR10209667.x.s__Prevotella sp000434975.fastq.gz,SRR10209667.x.s__Prevotella sp000434975,4b5fad20,56610000,51,DNA,10000,5661,True,0.8556899054167735,0.9078430825637916,0.8817664939902825,0.9078430825637916,True,4,24027,31405,d__Bacteria;p__Bacteroidota;c__Bacteroidia;o__Bacteroidales;f__Bacteroidaceae;g__Prevotella;s__Prevotella sp945837185
30000,0.0005299417064122947,0.012658227848101266,0.0003532944709415298,9.55261900971183e-05,1.5,1.5,0.5,/group/ctbrowngrp5/sourmash-db.new/gtdb-rs226/gtdb-rs226-k51.dna.rocksdb,GCA_945829215.1 uncultured Prevotella sp.,a43ed6fe2ff439b0c01828d12cca86a1,0.0189873417721519,20000,195,37920000,outputs.mapping/bams.cds.rand/SRR10209667.x.s__Prevotella sp000434975.fastq.gz,SRR10209667.x.s__Prevotella sp000434975,4b5fad20,56610000,51,DNA,10000,5661,True,0.862520008347075,0.9252186862446335,0.8938693472958543,0.9252186862446335,True,3,24030,31405,d__Bacteria;p__Bacteroidota;c__Bacteroidia;o__Bacteroidales;f__Bacteroidaceae;g__Prevotella;s__Prevotella sp945637645
2050000,0.0362126832715068,0.008583690987124463,0.0003532944709415298,0.0001910523801942366,3.0,3.0,1.0,/group/ctbrowngrp5/sourmash-db.new/gtdb-rs226/gtdb-rs226-k51.dna.rocksdb,GCA_028727125.1 Leyella stercorea,8443e04ab4ead8c11a1beea3731663df,0.8798283261802575,20000,196,37900000,outputs.mapping/bams.cds.rand/SRR10209667.x.s__Prevotella sp000434975.fastq.gz,SRR10209667.x.s__Prevotella sp000434975,4b5fad20,56610000,51,DNA,10000,5661,True,0.9370059890848705,0.9974927860805957,0.967249387582733,0.9974927860805957,False,6,24036,31405,d__Bacteria;p__Bacteroidota;c__Bacteroidia;o__Bacteroidales;f__Bacteroidaceae;g__Prevotella;s__Prevotella sp000434975
70000,0.0012365306482953543,0.006329113924050633,0.0003532944709415298,0.0001273682534628244,2.0,2.0,0.0,/group/ctbrowngrp5/sourmash-db.new/gtdb-rs226/gtdb-rs226-k51.dna.rocksdb,GCA_004555245.1 Bacteroidales bacterium,69b804f42f43064a8a11c625b7810ff0,0.022151898734177215,20000,197,37880000,outputs.mapping/bams.cds.rand/SRR10209667.x.s__Prevotella sp000434975.fastq.gz,SRR10209667.x.s__Prevotella sp000434975,4b5fad20,56610000,51,DNA,10000,5661,True,0.8769693387609896,0.9280194480170364,0.902494393389013,0.9280194480170364,False,4,24040,31405,d__Bacteria;p__Bacteroidota;c__Bacteroidia;o__Bacteroidales;f__Bacteroidaceae;g__Prevotella;s__Prevotella sp004555245
230000,0.004062886415827592,0.006600660066006601,0.0003532944709415298,6.36841267314122e-05,1.0,1.0,0.0,/group/ctbrowngrp5/sourmash-db.new/gtdb-rs226/gtdb-rs226-k51.dna.rocksdb,GCF_022728525.1 Leyella stercorea,32308f92e86660cb0dfaaca99d8c7639,0.07590759075907591,20000,198,37860000,outputs.mapping/bams.cds.rand/SRR10209667.x.s__Prevotella sp000434975.fastq.gz,SRR10209667.x.s__Prevotella sp000434975,4b5fad20,56610000,51,DNA,10000,5661,True,0.8976652338978812,0.9507028766155333,0.9241840552567073,0.9507028766155333,False,2,24042,31405,d__Bacteria;p__Bacteroidota;c__Bacteroidia;o__Bacteroidales;f__Bacteroidaceae;g__Prevotella;s__Prevotella stercorea
270000,0.0047694753577106515,0.005305039787798408,0.0003532944709415298,9.55261900971183e-05,1.5,1.5,0.5,/group/ctbrowngrp5/sourmash-db.new/gtdb-rs226/gtdb-rs226-k51.dna.rocksdb,GCF_018784085.1 Segatella copri,a80259a8178e0fbb66c8dc7c597f31df,0.07161803713527852,20000,199,37840000,outputs.mapping/bams.cds.rand/SRR10209667.x.s__Prevotella sp000434975.fastq.gz,SRR10209667.x.s__Prevotella sp000434975,4b5fad20,56610000,51,DNA,10000,5661,True,0.9004919108031646,0.9496191392612792,0.9250555250322219,0.9496191392612792,False,3,24045,31405,d__Bacteria;p__Bacteroidota;c__Bacteroidia;o__Bacteroidales;f__Bacteroidaceae;g__Prevotella;s__Prevotella copri_B
70000,0.0012365306482953543,0.01,0.0003532944709415298,0.0001592103168285305,2.5,2.5,1.5,/group/ctbrowngrp5/sourmash-db.new/gtdb-rs226/gtdb-rs226-k51.dna.rocksdb,GCA_945948565.1 uncultured Bacteroidales bacterium,9cc9b943ef9915bdd7bd234708c08d75,0.035,20000,200,37820000,outputs.mapping/bams.cds.rand/SRR10209667.x.s__Prevotella sp000434975.fastq.gz,SRR10209667.x.s__Prevotella sp000434975,4b5fad20,56610000,51,DNA,10000,5661,True,0.8769693387609896,0.9363803999603123,0.906674869360651,0.9363803999603123,False,5,24050,31405,d__Bacteria;p__Bacteroidota;c__Bacteroidia;o__Bacteroidales;f__Bacteroidaceae;g__Prevotella;s__Prevotella sp004557285
360000,0.006359300476947536,0.005128205128205128,0.0003532944709415298,9.55261900971183e-05,1.5,1.5,0.5,/group/ctbrowngrp5/sourmash-db.new/gtdb-rs226/gtdb-rs226-k51.dna.rocksdb,GCF_036938045.1 Segatella copri,a4610786b6de84eec90f7cea4ed346fe,0.09230769230769231,20000,201,37800000,outputs.mapping/bams.cds.rand/SRR10209667.x.s__Prevotella sp000434975.fastq.gz,SRR10209667.x.s__Prevotella sp000434975,4b5fad20,56610000,51,DNA,10000,5661,True,0.9055857813501894,0.9543563047778575,0.9299710430640235,0.9543563047778575,False,3,24053,31405,d__Bacteria;p__Bacteroidota;c__Bacteroidia;o__Bacteroidales;f__Bacteroidaceae;g__Prevotella;s__Prevotella copri
220000,0.0038862391803568272,0.007575757575757576,0.0003532944709415298,0.0002865785702913549,4.5,4.5,3.5,/group/ctbrowngrp5/sourmash-db.new/gtdb-rs226/gtdb-rs226-k51.dna.rocksdb,GCF_002251385.1 Prevotella sp. P5-108,64704f53e80135c1fb9a81d8fb322b06,0.08333333333333333,20000,202,37780000,outputs.mapping/bams.cds.rand/SRR10209667.x.s__Prevotella sp000434975.fastq.gz,SRR10209667.x.s__Prevotella sp000434975,4b5fad20,56610000,51,DNA,10000,5661,True,0.8968831668941187,0.9524442919820304,0.9246637294380746,0.9524442919820304,False,9,24062,31405,d__Bacteria;p__Bacteroidota;c__Bacteroidia;o__Bacteroidales;f__Bacteroidaceae;g__Prevotella;s__Prevotella sp002251385
240000,0.0042395336512983575,0.007905138339920948,0.0003532944709415298,0.0003502626970227671,5.5,5.5,3.5,/group/ctbrowngrp5/sourmash-db.new/gtdb-rs226/gtdb-rs226-k51.dna.rocksdb,GCA_946405375.1 uncultured Prevotella sp.,372f96e7027d29f73a09939680e169cb,0.09486166007905138,20000,203,37760000,outputs.mapping/bams.cds.rand/SRR10209667.x.s__Prevotella sp000434975.fastq.gz,SRR10209667.x.s__Prevotella sp000434975,4b5fad20,56610000,51,DNA,10000,5661,True,0.8984146502007885,0.954867155729821,0.9266409029653047,0.954867155729821,False,11,24073,31405,d__Bacteria;p__Bacteroidota;c__Bacteroidia;o__Bacteroidales;f__Bacteroidaceae;g__Prevotella;s__Prevotella sp900546535
20000,0.0003532944709415298,0.004201680672268907,0.0003532944709415298,0.0001592103168285305,2.5,2.5,1.5,/group/ctbrowngrp5/sourmash-db.new/gtdb-rs226/gtdb-rs226-k51.dna.rocksdb,GCF_963669125.1 Clostridium butyricum,aa3cfab54ff288eb7265ad859160be8b,0.004201680672268907,20000,204,37740000,outputs.mapping/bams.cds.rand/SRR10209667.x.s__Prevotella sp000434975.fastq.gz,SRR10209667.x.s__Prevotella sp000434975,4b5fad20,56610000,51,DNA,10000,5661,True,0.8556899054167735,0.8982566722388579,0.8769732888278157,0.8982566722388579,True,5,24078,31405,d__Bacteria;p__Bacillota;c__Clostridia;o__Clostridiales;f__Clostridiaceae;g__Clostridium;s__Clostridium butyricum
20000,0.0003532944709415298,0.00641025641025641,0.0003532944709415298,9.55261900971183e-05,1.5,1.5,0.5,/group/ctbrowngrp5/sourmash-db.new/gtdb-rs226/gtdb-rs226-k51.dna.rocksdb,GCA_036798445.1 Oscillospiraceae bacterium,05efb1d7b4f0a6f19ed99c40091cd9d0,0.00641025641025641,20000,205,37720000,outputs.mapping/bams.cds.rand/SRR10209667.x.s__Prevotella sp000434975.fastq.gz,SRR10209667.x.s__Prevotella sp000434975,4b5fad20,56610000,51,DNA,10000,5661,True,0.8556899054167735,0.9057275057526144,0.8807087055846939,0.9057275057526144,True,3,24081,31405,d__Bacteria;p__Bacillota;c__Clostridia;o__Oscillospirales;f__Ruminococcaceae;g__Ruminiclostridium_E;s__Ruminiclostridium_E siraeum
2270000,0.040098922451863625,0.007042253521126761,0.0003532944709415298,0.003247890463302022,51.0,51.0,48.0,/group/ctbrowngrp5/sourmash-db.new/gtdb-rs226/gtdb-rs226-k51.dna.rocksdb,GCA_958447005.1 uncultured Bacteroidales bacterium,0c7cb7a6309c787a0850a8c84264fd57,0.7992957746478874,20000,206,37700000,outputs.mapping/bams.cds.rand/SRR10209667.x.s__Prevotella sp000434975.fastq.gz,SRR10209667.x.s__Prevotella sp000434975,4b5fad20,56610000,51,DNA,10000,5661,True,0.9388807724645937,0.9956170017183041,0.9672488870914489,0.9956170017183041,False,102,24183,31405,d__Bacteria;p__Bacteroidota;c__Bacteroidia;o__Bacteroidales;f__Bacteroidaceae;g__Prevotella;s__Prevotella sp000434975
1540000,0.02720367426249779,0.006472491909385114,0.0003532944709415298,0.0005413150772170036,8.5,8.5,7.5,/group/ctbrowngrp5/sourmash-db.new/gtdb-rs226/gtdb-rs226-k51.dna.rocksdb,GCA_037295445.1 Prevotella sp.,d286cc036363caa74ed3a472a65f681f,0.49838187702265374,20000,207,37680000,outputs.mapping/bams.cds.rand/SRR10209667.x.s__Prevotella sp000434975.fastq.gz,SRR10209667.x.s__Prevotella sp000434975,4b5fad20,56610000,51,DNA,10000,5661,True,0.93176506414675,0.9864381223743485,0.9591015932605492,0.9864381223743485,False,17,24200,31405,d__Bacteria;p__Bacteroidota;c__Bacteroidia;o__Bacteroidales;f__Bacteroidaceae;g__Prevotella;s__Prevotella sp000434975
60000,0.0010598834128245894,0.006644518272425249,0.0003532944709415298,0.0001910523801942366,3.0,3.0,2.0,/group/ctbrowngrp5/sourmash-db.new/gtdb-rs226/gtdb-rs226-k51.dna.rocksdb,GCA_034118925.1 Prevotella sp.,1e429c3e9f9c9d8215a4ef30d784f365,0.019933554817275746,20000,208,37660000,outputs.mapping/bams.cds.rand/SRR10209667.x.s__Prevotella sp000434975.fastq.gz,SRR10209667.x.s__Prevotella sp000434975,4b5fad20,56610000,51,DNA,10000,5661,True,0.8743226461676182,0.926101365609559,0.9002120058885886,0.926101365609559,True,6,24206,31405,d__Bacteria;p__Bacteroidota;c__Bacteroidia;o__Bacteroidales;f__Bacteroidaceae;g__Prevotella;s__Prevotella sp004556065
30000,0.0005299417064122947,0.007692307692307693,0.0003532944709415298,0.0001273682534628244,2.0,2.0,1.0,/group/ctbrowngrp5/sourmash-db.new/gtdb-rs226/gtdb-rs226-k51.dna.rocksdb,GCA_021631305.1 Prevotella sp.,d9af6ff240cc43b5c8d366fd2a988015,0.011538461538461539,20000,209,37640000,outputs.mapping/bams.cds.rand/SRR10209667.x.s__Prevotella sp000434975.fastq.gz,SRR10209667.x.s__Prevotella sp000434975,4b5fad20,56610000,51,DNA,10000,5661,True,0.862520008347075,0.9162266084809654,0.8893733084140202,0.9162266084809654,True,4,24210,31405,d__Bacteria;p__Bacteroidota;c__Bacteroidia;o__Bacteroidales;f__Bacteroidaceae;g__Prevotella;s__Prevotella sp000436915
250000,0.004416180886769122,0.007936507936507936,0.0003532944709415298,0.0002228944435599427,3.5,3.5,0.5,/group/ctbrowngrp5/sourmash-db.new/gtdb-rs226/gtdb-rs226-k51.dna.rocksdb,GCF_945947475.1 uncultured Prevotella sp.,7bfc4cf94a3e8e86b9dc371369f50f2e,0.0992063492063492,20000,210,37620000,outputs.mapping/bams.cds.rand/SRR10209667.x.s__Prevotella sp000434975.fastq.gz,SRR10209667.x.s__Prevotella sp000434975,4b5fad20,56610000,51,DNA,10000,5661,True,0.8991340572553754,0.9557059796193599,0.9274200184373677,0.9557059796193599,False,7,24217,31405,d__Bacteria;p__Bacteroidota;c__Bacteroidia;o__Bacteroidales;f__Bacteroidaceae;g__Prevotella;s__Prevotella pectinovora
40000,0.0007065889418830596,0.021505376344086023,0.0003532944709415298,9.55261900971183e-05,1.5,1.5,0.5,/group/ctbrowngrp5/sourmash-db.new/gtdb-rs226/gtdb-rs226-k51.dna.rocksdb,GCA_938008595.1 uncultured bacterium,e7c663ed747a2005b20630aaa5c0e421,0.043010752688172046,20000,211,37600000,outputs.mapping/bams.cds.rand/SRR10209667.x.s__Prevotella sp000434975.fastq.gz,SRR10209667.x.s__Prevotella sp000434975,4b5fad20,56610000,51,DNA,10000,5661,True,,,,,True,3,24220,31405,d__Bacteria;p__Patescibacteriota;c__Minisyncoccia;o__UBA9973;f__UBA2103;g__C7867-001;s__C7867-001 sp938008595
60000,0.0010598834128245894,0.008733624454148471,0.0003532944709415298,6.36841267314122e-05,1.0,1.0,0.0,/group/ctbrowngrp5/sourmash-db.new/gtdb-rs226/gtdb-rs226-k51.dna.rocksdb,GCA_945910415.1 uncultured Bacteroidales bacterium,c11f04d2a5df0f48a244be85dfbdecae,0.026200873362445413,20000,212,37580000,outputs.mapping/bams.cds.rand/SRR10209667.x.s__Prevotella sp000434975.fastq.gz,SRR10209667.x.s__Prevotella sp000434975,4b5fad20,56610000,51,DNA,10000,5661,True,0.8743226461676182,0.9310791119395333,0.9027008790535758,0.9310791119395333,True,2,24222,31405,d__Bacteria;p__Bacteroidota;c__Bacteroidia;o__Bacteroidales;f__Bacteroidaceae;g__Alloprevotella;s__Alloprevotella sp022784065
40000,0.0007065889418830596,0.007905138339920948,0.0003532944709415298,9.55261900971183e-05,1.5,1.5,0.5,/group/ctbrowngrp5/sourmash-db.new/gtdb-rs226/gtdb-rs226-k51.dna.rocksdb,GCA_900769055.1 uncultured Prevotella sp.,5ce321023b493be488495a3c1029c5cd,0.015810276679841896,20000,213,37560000,outputs.mapping/bams.cds.rand/SRR10209667.x.s__Prevotella sp000434975.fastq.gz,SRR10209667.x.s__Prevotella sp000434975,4b5fad20,56610000,51,DNA,10000,5661,True,0.8673990807896248,0.9219027015767639,0.8946508911831943,0.9219027015767639,True,3,24225,31405,d__Bacteria;p__Bacteroidota;c__Bacteroidia;o__Bacteroidales;f__Bacteroidaceae;g__Prevotella;s__Prevotella sp900769055
40000,0.0007065889418830596,0.006514657980456026,0.0003532944709415298,0.0004457888871198854,7.0,7.0,6.0,/group/ctbrowngrp5/sourmash-db.new/gtdb-rs226/gtdb-rs226-k51.dna.rocksdb,GCF_019967995.1 Faecalibacterium prausnitzii,264221f02d0ea5438188a28327519ed3,0.013029315960912053,20000,214,37540000,outputs.mapping/bams.cds.rand/SRR10209667.x.s__Prevotella sp000434975.fastq.gz,SRR10209667.x.s__Prevotella sp000434975,4b5fad20,56610000,51,DNA,10000,5661,True,0.8673990807896248,0.9184122731076431,0.8929056769486339,0.9184122731076431,True,14,24239,31405,d__Bacteria;p__Bacillota;c__Clostridia;o__Oscillospirales;f__Ruminococcaceae;g__Faecalibacterium;s__Faecalibacterium prausnitzii_E
120000,0.0021197668256491787,0.006472491909385114,0.0003532944709415298,6.36841267314122e-05,1.0,1.0,0.0,/group/ctbrowngrp5/sourmash-db.new/gtdb-rs226/gtdb-rs226-k51.dna.rocksdb,GCA_958366005.1 uncultured Prevotella sp.,63a2c62758af4c722d85d6b69ac1b5e4,0.038834951456310676,20000,215,37520000,outputs.mapping/bams.cds.rand/SRR10209667.x.s__Prevotella sp000434975.fastq.gz,SRR10209667.x.s__Prevotella sp000434975,4b5fad20,56610000,51,DNA,10000,5661,True,0.8862867901076426,0.9382913255280378,0.9122890578178402,0.9382913255280378,False,2,24241,31405,d__Bacteria;p__Bacteroidota;c__Bacteroidia;o__Bacteroidales;f__Bacteroidaceae;g__Prevotella;s__Prevotella sp000436915
110000,0.0019431195901784136,0.006920415224913495,0.0003532944709415298,0.0001910523801942366,3.0,3.0,2.0,/group/ctbrowngrp5/sourmash-db.new/gtdb-rs226/gtdb-rs226-k51.dna.rocksdb,GCA_034113945.1 Prevotella sp.,f477fb20c5dc40b09ba4f46be50c37b5,0.03806228373702422,20000,216,37500000,outputs.mapping/bams.cds.rand/SRR10209667.x.s__Prevotella sp000434975.fastq.gz,SRR10209667.x.s__Prevotella sp000434975,4b5fad20,56610000,51,DNA,10000,5661,True,0.8847759805681183,0.9379216602877024,0.9113488204279103,0.9379216602877024,False,6,24247,31405,d__Bacteria;p__Bacteroidota;c__Bacteroidia;o__Bacteroidales;f__Bacteroidaceae;g__Prevotella;s__Prevotella sp022771625
260000,0.004592828122239887,0.006872852233676976,0.0003532944709415298,0.0005731571405827098,9.0,9.0,4.0,/group/ctbrowngrp5/sourmash-db.new/gtdb-rs226/gtdb-rs226-k51.dna.rocksdb,GCF_034178305.1 Hallella sp.,239e8f6df4dd61007baa7b95688be74f,0.08934707903780069,20000,217,37480000,outputs.mapping/bams.cds.rand/SRR10209667.x.s__Prevotella sp000434975.fastq.gz,SRR10209667.x.s__Prevotella sp000434975,4b5fad20,56610000,51,DNA,10000,5661,True,0.8998257874962377,0.9537464802277821,0.9267861338620098,0.9537464802277821,False,18,24265,31405,d__Bacteria;p__Bacteroidota;c__Bacteroidia;o__Bacteroidales;f__Bacteroidaceae;g__Prevotella;s__Prevotella faecis
300000,0.005299417064122946,0.0056657223796034,0.0003532944709415298,0.0003502626970227671,5.5,5.5,0.5,/group/ctbrowngrp5/sourmash-db.new/gtdb-rs226/gtdb-rs226-k51.dna.rocksdb,GCA_963588435.1 Hallerella sp.,44bed5a2fd47cff67ab7c0a7f33a759a,0.08498583569405099,20000,218,37460000,outputs.mapping/bams.cds.rand/SRR10209667.x.s__Prevotella sp000434975.fastq.gz,SRR10209667.x.s__Prevotella sp000434975,4b5fad20,56610000,51,DNA,10000,5661,True,0.9023541531894088,0.9528110718380101,0.9275826125137094,0.9528110718380101,False,11,24276,31405,d__Bacteria;p__Bacteroidota;c__Bacteroidia;o__Bacteroidales;f__Bacteroidaceae;g__Prevotella;s__Prevotella sp900313215
20000,0.0003532944709415298,0.01,0.0003532944709415298,0.0001592103168285305,2.5,2.5,0.5,/group/ctbrowngrp5/sourmash-db.new/gtdb-rs226/gtdb-rs226-k51.dna.rocksdb,GCA_034176515.1 Oscillospiraceae bacterium,30023551f7d9b1b26c41e7a5a246d135,0.01,20000,219,37440000,outputs.mapping/bams.cds.rand/SRR10209667.x.s__Prevotella sp000434975.fastq.gz,SRR10209667.x.s__Prevotella sp000434975,4b5fad20,56610000,51,DNA,10000,5661,True,0.8556899054167735,0.9136593726391776,0.8846746390279756,0.9136593726391776,True,5,24281,31405,d__Bacteria;p__Bacillota;c__Clostridia;o__Oscillospirales;f__Oscillospiraceae;g__Hominicoprocola;s__Hominicoprocola sp900317525
20000,0.0003532944709415298,0.009523809523809525,0.0003532944709415298,6.36841267314122e-05,1.0,1.0,0.0,/group/ctbrowngrp5/sourmash-db.new/gtdb-rs226/gtdb-rs226-k51.dna.rocksdb,GCA_022769825.1 Prevotella sp.,632223b5f39393b4b17332558725dd64,0.009523809523809525,20000,220,37420000,outputs.mapping/bams.cds.rand/SRR10209667.x.s__Prevotella sp000434975.fastq.gz,SRR10209667.x.s__Prevotella sp000434975,4b5fad20,56610000,51,DNA,10000,5661,True,0.8556899054167735,0.9127857201967318,0.8842378128067526,0.9127857201967318,True,2,24283,31405,d__Bacteria;p__Bacteroidota;c__Bacteroidia;o__Bacteroidales;f__Bacteroidaceae;g__Prevotella;s__Prevotella sp002299635
50000,0.0008832361773538244,0.009478672985781991,0.0003532944709415298,0.0001910523801942366,3.0,3.0,1.0,/group/ctbrowngrp5/sourmash-db.new/gtdb-rs226/gtdb-rs226-k51.dna.rocksdb,GCA_946410925.1 uncultured Prevotellaceae bacterium,2a97ca428eba234793e79d81a6d0f9cb,0.023696682464454975,20000,221,37400000,outputs.mapping/bams.cds.rand/SRR10209667.x.s__Prevotella sp000434975.fastq.gz,SRR10209667.x.s__Prevotella sp000434975,4b5fad20,56610000,51,DNA,10000,5661,True,0.8712025820686096,0.9292469159701613,0.9002247490193854,0.9292469159701613,True,6,24289,31405,d__Bacteria;p__Bacteroidota;c__Bacteroidia;o__Bacteroidales;f__Bacteroidaceae;g__Physcousia;s__Physcousia sp900766785
170000,0.003003003003003003,0.009569377990430622,0.0003532944709415298,0.0001273682534628244,2.0,2.0,1.0,/group/ctbrowngrp5/sourmash-db.new/gtdb-rs226/gtdb-rs226-k51.dna.rocksdb,GCA_037293295.1 Leyella stercorea,a7b53db149203b19ae89f2e1d53d5edd,0.08133971291866028,20000,222,37380000,outputs.mapping/bams.cds.rand/SRR10209667.x.s__Prevotella sp000434975.fastq.gz,SRR10209667.x.s__Prevotella sp000434975,4b5fad20,56610000,51,DNA,10000,5661,True,0.8923604403934454,0.951992188887366,0.9221763146404057,0.951992188887366,False,4,24293,31405,d__Bacteria;p__Bacteroidota;c__Bacteroidia;o__Bacteroidales;f__Bacteroidaceae;g__Prevotella;s__Prevotella stercorea
70000,0.0012365306482953543,0.009009009009009009,0.0003532944709415298,0.0001273682534628244,2.0,2.0,1.0,/group/ctbrowngrp5/sourmash-db.new/gtdb-rs226/gtdb-rs226-k51.dna.rocksdb,GCA_945965565.1 uncultured bacterium,86520f72c04b15b685d317c5b021b2a3,0.03153153153153153,20000,223,37360000,outputs.mapping/bams.cds.rand/SRR10209667.x.s__Prevotella sp000434975.fastq.gz,SRR10209667.x.s__Prevotella sp000434975,4b5fad20,56610000,51,DNA,10000,5661,True,0.8769693387609896,0.9344662674235421,0.9057178030922659,0.9344662674235421,False,4,24297,31405,d__Bacteria;p__Bacteroidota;c__Bacteroidia;o__Bacteroidales;f__Bacteroidaceae;g__Alloprevotella;s__Alloprevotella sp945867195
20000,0.0003532944709415298,0.007462686567164179,0.0003532944709415298,0.0001910523801942366,3.0,3.0,0.0,/group/ctbrowngrp5/sourmash-db.new/gtdb-rs226/gtdb-rs226-k51.dna.rocksdb,GCA_021531315.1 Oscillibacter valericigenes,e3a0adb3601c06005d2da86cf1a2b756,0.007462686567164179,20000,224,37340000,outputs.mapping/bams.cds.rand/SRR10209667.x.s__Prevotella sp000434975.fastq.gz,SRR10209667.x.s__Prevotella sp000434975,4b5fad20,56610000,51,DNA,10000,5661,True,0.8556899054167735,0.9084312442666432,0.8820605748417083,0.9084312442666432,True,6,24303,31405,d__Bacteria;p__Bacillota;c__Clostridia;o__Oscillospirales;f__Oscillospiraceae;g__Hominicoprocola;s__Hominicoprocola sp900552375
70000,0.0012365306482953543,0.007874015748031496,0.0003532944709415298,0.0002547365069256488,4.0,4.0,3.0,/group/ctbrowngrp5/sourmash-db.new/gtdb-rs226/gtdb-rs226-k51.dna.rocksdb,GCA_004551685.1 Bacteroidales bacterium,c88df866a400aca57f9da6f8839b1f57,0.027559055118110236,20000,225,37320000,outputs.mapping/bams.cds.rand/SRR10209667.x.s__Prevotella sp000434975.fastq.gz,SRR10209667.x.s__Prevotella sp000434975,4b5fad20,56610000,51,DNA,10000,5661,True,0.8769693387609896,0.9320022214732689,0.9044857801171293,0.9320022214732689,False,8,24311,31405,d__Bacteria;p__Bacteroidota;c__Bacteroidia;o__Bacteroidales;f__Bacteroidaceae;g__Alloprevotella;s__Alloprevotella sp004556745
470000,0.00830242006712595,0.005154639175257732,0.0003532944709415298,0.0002865785702913549,4.5,4.5,1.5,/group/ctbrowngrp5/sourmash-db.new/gtdb-rs226/gtdb-rs226-k51.dna.rocksdb,GCA_019409385.1 bacterium,5c6752bffab256bdaa5f71d6c71698db,0.1211340206185567,20000,226,37300000,outputs.mapping/bams.cds.rand/SRR10209667.x.s__Prevotella sp000434975.fastq.gz,SRR10209667.x.s__Prevotella sp000434975,4b5fad20,56610000,51,DNA,10000,5661,True,0.910332592976974,0.9594554765143236,0.9348940347456488,0.9594554765143236,False,9,24320,31405,d__Bacteria;p__Bacteroidota;c__Bacteroidia;o__Bacteroidales;f__Bacteroidaceae;g__Prevotella;s__Prevotella sp900546535
20000,0.0003532944709415298,0.007722007722007722,0.0003532944709415298,0.0001273682534628244,2.0,2.0,1.0,/group/ctbrowngrp5/sourmash-db.new/gtdb-rs226/gtdb-rs226-k51.dna.rocksdb,GCA_022776825.1 Clostridiales bacterium,4952d26558469a5eeb9b6296150bd0f0,0.007722007722007722,20000,227,37280000,outputs.mapping/bams.cds.rand/SRR10209667.x.s__Prevotella sp000434975.fastq.gz,SRR10209667.x.s__Prevotella sp000434975,4b5fad20,56610000,51,DNA,10000,5661,True,0.8556899054167735,0.9090398996286563,0.8823649025227149,0.9090398996286563,True,4,24324,31405,d__Bacteria;p__Bacillota;c__Clostridia;o__Oscillospirales;f__UMGS1384;g__JAAZKA01;s__JAAZKA01 sp016297585
40000,0.0007065889418830596,0.008658008658008658,0.0003532944709415298,9.55261900971183e-05,1.5,1.5,0.5,/group/ctbrowngrp5/sourmash-db.new/gtdb-rs226/gtdb-rs226-k51.dna.rocksdb,GCA_037434845.1 Sodaliphilus sp.,40a3268df8179f29325920e93127369e,0.017316017316017316,20000,228,37260000,outputs.mapping/bams.cds.rand/SRR10209667.x.s__Prevotella sp000434975.fastq.gz,SRR10209667.x.s__Prevotella sp000434975,4b5fad20,56610000,51,DNA,10000,5661,True,0.8673990807896248,0.9235486225967418,0.8954738516931833,0.9235486225967418,True,3,24327,31405,d__Bacteria;p__Bacteroidota;c__Bacteroidia;o__Bacteroidales;f__Muribaculaceae;g__Sodaliphilus;s__Sodaliphilus sp004557565
400000,0.007065889418830595,0.007575757575757576,0.0003532944709415298,0.0002865785702913549,4.5,4.5,0.5,/group/ctbrowngrp5/sourmash-db.new/gtdb-rs226/gtdb-rs226-k51.dna.rocksdb,GCF_008680225.1 Prevotella sp. LMAG:51,0d801736f5debf09a3e2dd438a541476,0.15151515151515152,20000,229,37240000,outputs.mapping/bams.cds.rand/SRR10209667.x.s__Prevotella sp000434975.fastq.gz,SRR10209667.x.s__Prevotella sp000434975,4b5fad20,56610000,51,DNA,10000,5661,True,0.9074585580027928,0.9636748192889648,0.9355666886458789,0.9636748192889648,False,9,24336,31405,d__Bacteria;p__Bacteroidota;c__Bacteroidia;o__Bacteroidales;f__Bacteroidaceae;g__Prevotella;s__Prevotella pectinovora
30000,0.0005299417064122947,3.978990927900685e-05,0.0003532944709415298,0.0001592103168285305,2.5,2.5,0.5,/group/ctbrowngrp5/sourmash-db.new/ncbi-euks-2025.01/ncbi-euks-all-2025.01-k51.dna.rocksdb,GCA_951804985.1 Dryomyza anilis,a86cd535529f459d25c72b9295253354,5.9684863918510264e-05,20000,230,37220000,outputs.mapping/bams.cds.rand/SRR10209667.x.s__Prevotella sp000434975.fastq.gz,SRR10209667.x.s__Prevotella sp000434975,4b5fad20,56610000,51,DNA,10000,5661,True,0.862520008347075,0.8263686024941719,0.8444443054206234,0.862520008347075,True,5,24341,31405,Eukaryota;Arthropoda;Insecta;Diptera;Dryomyzidae;Dryomyza;Dryomyza anilis;unclassified Dryomyza anilis subspecies/strain
20000,0.0003532944709415298,0.004672897196261682,0.0001766472354707649,0.0007005253940455342,22.0,22.0,0.0,/group/ctbrowngrp5/sourmash-db.new/gtdb-rs226/gtdb-rs226-k51.dna.rocksdb,GCF_001437365.1 Lactobacillus amylovorus DSM 16698,89c02a7f724dfc52de798b4ab114e323,0.009345794392523364,10000,231,37210000,outputs.mapping/bams.cds.rand/SRR10209667.x.s__Prevotella sp000434975.fastq.gz,SRR10209667.x.s__Prevotella sp000434975,4b5fad20,56610000,51,DNA,10000,5661,True,0.8556899054167735,0.9124480790702567,0.8840689922435151,0.9124480790702567,True,22,24363,31405,d__Bacteria;p__Bacillota;c__Bacilli;o__Lactobacillales;f__Lactobacillaceae;g__Lactobacillus;s__Lactobacillus amylovorus
10000,0.0001766472354707649,0.003278688524590164,0.0001766472354707649,0.0001910523801942366,6.0,6.0,0.0,/group/ctbrowngrp5/sourmash-db.new/gtdb-rs226/gtdb-rs226-k51.dna.rocksdb,GCA_949050245.1 uncultured Muribaculaceae bacterium,dc0d92f381bf4a0d0b432b67245f2d78,0.003278688524590164,10000,232,37200000,outputs.mapping/bams.cds.rand/SRR10209667.x.s__Prevotella sp000434975.fastq.gz,SRR10209667.x.s__Prevotella sp000434975,4b5fad20,56610000,51,DNA,10000,5661,True,0.8441387942971,0.8938985616055892,0.8690186779513447,0.8938985616055892,True,6,24369,31405,d__Bacteria;p__Bacteroidota;c__Bacteroidia;o__Bacteroidales;f__Muribaculaceae;g__UBA7173;s__UBA7173 sp910586565
2060000,0.03638933050697757,0.004545454545454545,0.0001766472354707649,9.55261900971183e-05,3.0,3.0,0.0,/group/ctbrowngrp5/sourmash-db.new/gtdb-rs226/gtdb-rs226-k51.dna.rocksdb,GCA_927798605.1 uncultured Bacteroidales bacterium,da0ef6b1d94a4721cd2131d59403bd21,0.9363636363636364,10000,233,37190000,outputs.mapping/bams.cds.rand/SRR10209667.x.s__Prevotella sp000434975.fastq.gz,SRR10209667.x.s__Prevotella sp000434975,4b5fad20,56610000,51,DNA,10000,5661,True,0.9370953982296674,0.9987115880190202,0.9679034931243438,0.9987115880190202,False,3,24372,31405,d__Bacteria;p__Bacteroidota;c__Bacteroidia;o__Bacteroidales;f__Bacteroidaceae;g__Prevotella;s__Prevotella sp000434975
10000,0.0001766472354707649,0.003367003367003367,0.0001766472354707649,0.0001910523801942366,6.0,6.0,0.0,/group/ctbrowngrp5/sourmash-db.new/gtdb-rs226/gtdb-rs226-k51.dna.rocksdb,GCA_027398285.1 Ignavibacteriales bacterium,18377c5a74fec7f3f7b5fbf96006f5f7,0.003367003367003367,10000,234,37180000,outputs.mapping/bams.cds.rand/SRR10209667.x.s__Prevotella sp000434975.fastq.gz,SRR10209667.x.s__Prevotella sp000434975,4b5fad20,56610000,51,DNA,10000,5661,True,0.8441387942971,0.8943645555749845,0.8692516749360423,0.8943645555749845,True,6,24378,31405,d__Bacteria;p__Bacteroidota_A;c__Ignavibacteria;o__Ignavibacteriales;f__Ignavibacteriaceae;g__JAKAGZ01;s__JAKAGZ01 sp021815365
10000,0.0001766472354707649,0.006993006993006993,0.0001766472354707649,3.18420633657061e-05,1.0,1.0,0.0,/group/ctbrowngrp5/sourmash-db.new/gtdb-rs226/gtdb-rs226-k51.dna.rocksdb,GCA_016292605.1 Lachnospiraceae bacterium,9be919d77d5d8a6a800b0929abc6d57d,0.006993006993006993,10000,235,37170000,outputs.mapping/bams.cds.rand/SRR10209667.x.s__Prevotella sp000434975.fastq.gz,SRR10209667.x.s__Prevotella sp000434975,4b5fad20,56610000,51,DNA,10000,5661,True,0.8441387942971,0.9072740913132011,0.8757064428051506,0.9072740913132011,True,1,24379,31405,d__Bacteria;p__Bacillota;c__Clostridia;o__Lachnospirales;f__Lachnospiraceae;g__Colinaster;s__Colinaster sp018056665
290000,0.005122769828652182,0.003676470588235294,0.0001766472354707649,6.36841267314122e-05,2.0,2.0,0.0,/group/ctbrowngrp5/sourmash-db.new/gtdb-rs226/gtdb-rs226-k51.dna.rocksdb,GCF_037459075.1 Segatella sp.,b1aeec6e371b7a056cbc1c1d26803807,0.10661764705882353,10000,236,37160000,outputs.mapping/bams.cds.rand/SRR10209667.x.s__Prevotella sp000434975.fastq.gz,SRR10209667.x.s__Prevotella sp000434975,4b5fad20,56610000,51,DNA,10000,5661,True,0.9017545249410949,0.9570570469254875,0.9294057859332912,0.9570570469254875,False,2,24381,31405,d__Bacteria;p__Bacteroidota;c__Bacteroidia;o__Bacteroidales;f__Bacteroidaceae;g__Prevotella;s__Prevotella copri
10000,0.0001766472354707649,0.005649717514124294,0.0001766472354707649,3.18420633657061e-05,1.0,1.0,0.0,/group/ctbrowngrp5/sourmash-db.new/gtdb-rs226/gtdb-rs226-k51.dna.rocksdb,GCA_016293005.1 Treponema sp.,4eeb5af632323e17c04cf633ddd09b34,0.005649717514124294,10000,237,37150000,outputs.mapping/bams.cds.rand/SRR10209667.x.s__Prevotella sp000434975.fastq.gz,SRR10209667.x.s__Prevotella sp000434975,4b5fad20,56610000,51,DNA,10000,5661,True,0.8441387942971,0.9034873844621032,0.8738130893796017,0.9034873844621032,True,1,24382,31405,d__Bacteria;p__Spirochaetota;c__Spirochaetia;o__Treponematales;f__Treponemataceae;g__Treponema_D;s__Treponema_D sp016293005
10000,0.0001766472354707649,0.004329004329004329,0.0001766472354707649,0.0008278936475083586,26.0,26.0,0.0,/group/ctbrowngrp5/sourmash-db.new/gtdb-rs226/gtdb-rs226-k51.dna.rocksdb,GCA_945948085.1 uncultured Treponema sp.,4fd6542dd0a8b4d731ac1fe98c8fe6f8,0.004329004329004329,10000,238,37140000,outputs.mapping/bams.cds.rand/SRR10209667.x.s__Prevotella sp000434975.fastq.gz,SRR10209667.x.s__Prevotella sp000434975,4b5fad20,56610000,51,DNA,10000,5661,True,0.8441387942971,0.8987826226929593,0.8714607084950297,0.8987826226929593,True,26,24408,31405,d__Bacteria;p__Spirochaetota;c__Spirochaetia;o__Treponematales;f__Treponemataceae;g__Treponema_D;s__Treponema_D sp022773305
10000,0.0001766472354707649,0.0035587188612099642,0.0001766472354707649,3.18420633657061e-05,1.0,1.0,0.0,/group/ctbrowngrp5/sourmash-db.new/gtdb-rs226/gtdb-rs226-k51.dna.rocksdb,GCF_000195275.1 Treponema succinifaciens DSM 2489,41efb6bb5c2a4b81743c44a22ec34568,0.0035587188612099642,10000,239,37130000,outputs.mapping/bams.cds.rand/SRR10209667.x.s__Prevotella sp000434975.fastq.gz,SRR10209667.x.s__Prevotella sp000434975,4b5fad20,56610000,51,DNA,10000,5661,True,0.8441387942971,0.8953362133195951,0.8697375038083476,0.8953362133195951,True,1,24409,31405,d__Bacteria;p__Spirochaetota;c__Spirochaetia;o__Treponematales;f__Treponemataceae;g__Treponema_D;s__Treponema_D succinifaciens
20000,0.0003532944709415298,0.00411522633744856,0.0001766472354707649,3.18420633657061e-05,1.0,1.0,0.0,/group/ctbrowngrp5/sourmash-db.new/gtdb-rs226/gtdb-rs226-k51.dna.rocksdb,GCA_034118305.1 Prevotella sp.,0af4ad644fc2fdce979d9691f8e45fff,0.00823045267489712,10000,240,37120000,outputs.mapping/bams.cds.rand/SRR10209667.x.s__Prevotella sp000434975.fastq.gz,SRR10209667.x.s__Prevotella sp000434975,4b5fad20,56610000,51,DNA,10000,5661,True,0.8556899054167735,0.9101772065679724,0.882933555992373,0.9101772065679724,True,1,24410,31405,d__Bacteria;p__Bacteroidota;c__Bacteroidia;o__Bacteroidales;f__Bacteroidaceae;g__Prevotella;s__Prevotella sp022782305
10000,0.0001766472354707649,0.005649717514124294,0.0001766472354707649,0.0001273682534628244,4.0,4.0,0.0,/group/ctbrowngrp5/sourmash-db.new/gtdb-rs226/gtdb-rs226-k51.dna.rocksdb,GCA_945829085.1 uncultured Bacteroidales bacterium,2a5ed3fde7e5507db6abe6890878e422,0.005649717514124294,10000,241,37110000,outputs.mapping/bams.cds.rand/SRR10209667.x.s__Prevotella sp000434975.fastq.gz,SRR10209667.x.s__Prevotella sp000434975,4b5fad20,56610000,51,DNA,10000,5661,True,0.8441387942971,0.9034873844621032,0.8738130893796017,0.9034873844621032,True,4,24414,31405,d__Bacteria;p__Bacteroidota;c__Bacteroidia;o__Bacteroidales;f__Paludibacteraceae;g__W0P28-013;s__W0P28-013 sp004557405
10000,0.0001766472354707649,0.004166666666666667,0.0001766472354707649,3.18420633657061e-05,1.0,1.0,0.0,/group/ctbrowngrp5/sourmash-db.new/gtdb-rs226/gtdb-rs226-k51.dna.rocksdb,GCA_023446195.1 Bacillota bacterium,e8e9ceeca62935818db408271de37ded,0.004166666666666667,10000,242,37100000,outputs.mapping/bams.cds.rand/SRR10209667.x.s__Prevotella sp000434975.fastq.gz,SRR10209667.x.s__Prevotella sp000434975,4b5fad20,56610000,51,DNA,10000,5661,True,0.8441387942971,0.8981092953870639,0.871124044842082,0.8981092953870639,True,1,24415,31405,d__Bacteria;p__Bacillota;c__Clostridia;o__Lachnospirales;f__Lachnospiraceae;g__Agathobacter;s__Agathobacter faecis
150000,0.002649708532061473,0.003194888178913738,0.0001766472354707649,6.36841267314122e-05,2.0,2.0,0.0,/group/ctbrowngrp5/sourmash-db.new/gtdb-rs226/gtdb-rs226-k51.dna.rocksdb,GCA_938021875.1 uncultured Prevotella sp.,d9f82f4be00753fea05e76084af58a9b,0.04792332268370607,10000,243,37090000,outputs.mapping/bams.cds.rand/SRR10209667.x.s__Prevotella sp000434975.fastq.gz,SRR10209667.x.s__Prevotella sp000434975,4b5fad20,56610000,51,DNA,10000,5661,True,0.8901731130406263,0.9421680462738661,0.9161705796572461,0.9421680462738661,False,2,24417,31405,d__Bacteria;p__Bacteroidota;c__Bacteroidia;o__Bacteroidales;f__Bacteroidaceae;g__Prevotella;s__Prevotella sp900553595
10000,0.0001766472354707649,0.004291845493562232,0.0001766472354707649,3.18420633657061e-05,1.0,1.0,0.0,/group/ctbrowngrp5/sourmash-db.new/gtdb-rs226/gtdb-rs226-k51.dna.rocksdb,GCF_022774225.1 Flintibacter sp.,032c982e12641fa54f98460e3be7c38b,0.004291845493562232,10000,244,37080000,outputs.mapping/bams.cds.rand/SRR10209667.x.s__Prevotella sp000434975.fastq.gz,SRR10209667.x.s__Prevotella sp000434975,4b5fad20,56610000,51,DNA,10000,5661,True,0.8441387942971,0.8986307105512661,0.8713847524241831,0.8986307105512661,True,1,24418,31405,d__Bacteria;p__Bacillota;c__Clostridia;o__Oscillospirales;f__Oscillospiraceae;g__Lawsonibacter;s__Lawsonibacter sp000177015
20000,0.0003532944709415298,0.003861003861003861,0.0001766472354707649,6.36841267314122e-05,2.0,2.0,0.0,/group/ctbrowngrp5/sourmash-db.new/gtdb-rs226/gtdb-rs226-k51.dna.rocksdb,GCA_945867485.1 uncultured bacterium,fc442c871236ef01a8d7fe038dd54f41,0.007722007722007722,10000,245,37070000,outputs.mapping/bams.cds.rand/SRR10209667.x.s__Prevotella sp000434975.fastq.gz,SRR10209667.x.s__Prevotella sp000434975,4b5fad20,56610000,51,DNA,10000,5661,True,0.8556899054167735,0.9090398996286563,0.8823649025227149,0.9090398996286563,True,2,24420,31405,d__Bacteria;p__Bacteroidota;c__Bacteroidia;o__Bacteroidales;f__Bacteroidaceae;g__Prevotella;s__Prevotella sp004556065
250000,0.004416180886769122,0.002680965147453083,0.0001766472354707649,6.36841267314122e-05,2.0,2.0,0.0,/group/ctbrowngrp5/sourmash-db.new/gtdb-rs226/gtdb-rs226-k51.dna.rocksdb,GCF_009495205.1 Segatella copri,942581ee6e8826cf92a24f87bdbb45bd,0.06702412868632708,10000,246,37060000,outputs.mapping/bams.cds.rand/SRR10209667.x.s__Prevotella sp000434975.fastq.gz,SRR10209667.x.s__Prevotella sp000434975,4b5fad20,56610000,51,DNA,10000,5661,True,0.8991340572553754,0.9483855429527455,0.9237598001040604,0.9483855429527455,False,2,24422,31405,d__Bacteria;p__Bacteroidota;c__Bacteroidia;o__Bacteroidales;f__Bacteroidaceae;g__Prevotella;s__Prevotella copri_B
10000,0.0001766472354707649,0.005128205128205128,0.0001766472354707649,3.18420633657061e-05,1.0,1.0,0.0,/group/ctbrowngrp5/sourmash-db.new/gtdb-rs226/gtdb-rs226-k51.dna.rocksdb,GCF_934839295.1 Alistipes putredinis,d8e78c35dccdc2ce165fba06e0be7d25,0.005128205128205128,10000,247,37050000,outputs.mapping/bams.cds.rand/SRR10209667.x.s__Prevotella sp000434975.fastq.gz,SRR10209667.x.s__Prevotella sp000434975,4b5fad20,56610000,51,DNA,10000,5661,True,0.8441387942971,0.9017732753618344,0.8729560348294672,0.9017732753618344,True,1,24423,31405,d__Bacteria;p__Bacteroidota;c__Bacteroidia;o__Bacteroidales;f__Rikenellaceae;g__Alistipes;s__Alistipes putredinis
10000,0.0001766472354707649,0.004761904761904762,0.0001766472354707649,3.18420633657061e-05,1.0,1.0,0.0,/group/ctbrowngrp5/sourmash-db.new/gtdb-rs226/gtdb-rs226-k51.dna.rocksdb,GCA_902766555.1 uncultured Lachnospiraceae bacterium,2a7d8f0bca81d7fd16bb8009bb66c8d8,0.004761904761904762,10000,248,37040000,outputs.mapping/bams.cds.rand/SRR10209667.x.s__Prevotella sp000434975.fastq.gz,SRR10209667.x.s__Prevotella sp000434975,4b5fad20,56610000,51,DNA,10000,5661,True,0.8441387942971,0.900463862458667,0.8723013283778835,0.900463862458667,True,1,24424,31405,d__Bacteria;p__Bacillota;c__Clostridia;o__Lachnospirales;f__Lachnospiraceae;g__CAG-194;s__CAG-194 sp000432915
10000,0.0001766472354707649,0.0037735849056603774,0.0001766472354707649,0.0003502626970227671,11.0,11.0,0.0,/group/ctbrowngrp5/sourmash-db.new/gtdb-rs226/gtdb-rs226-k51.dna.rocksdb,GCF_018918025.1 Oscillibacter sp. MSJ-31,b4b9b3d4ee70eb2a856753f090684864,0.0037735849056603774,10000,249,37030000,outputs.mapping/bams.cds.rand/SRR10209667.x.s__Prevotella sp000434975.fastq.gz,SRR10209667.x.s__Prevotella sp000434975,4b5fad20,56610000,51,DNA,10000,5661,True,0.8441387942971,0.8963660000844977,0.8702523971907989,0.8963660000844977,True,11,24435,31405,d__Bacteria;p__Bacillota;c__Clostridia;o__Oscillospirales;f__Oscillospiraceae;g__Hominicoprocola;s__Hominicoprocola sp900317525
260000,0.004592828122239887,0.002457002457002457,0.0001766472354707649,3.18420633657061e-05,1.0,1.0,0.0,/group/ctbrowngrp5/sourmash-db.new/gtdb-rs226/gtdb-rs226-k51.dna.rocksdb,GCF_019127335.1 Segatella copri,4b5891a64bc44210556da6149a190676,0.06388206388206388,10000,250,37020000,outputs.mapping/bams.cds.rand/SRR10209667.x.s__Prevotella sp000434975.fastq.gz,SRR10209667.x.s__Prevotella sp000434975,4b5fad20,56610000,51,DNA,10000,5661,True,0.8998257874962377,0.9474931036348704,0.923659445565554,0.9474931036348704,False,1,24436,31405,d__Bacteria;p__Bacteroidota;c__Bacteroidia;o__Bacteroidales;f__Bacteroidaceae;g__Prevotella;s__Prevotella sp900551275
10000,0.0001766472354707649,0.0031746031746031746,0.0001766472354707649,9.55261900971183e-05,3.0,3.0,0.0,/group/ctbrowngrp5/sourmash-db.new/gtdb-rs226/gtdb-rs226-k51.dna.rocksdb,GCA_028727045.1 Lachnospiraceae bacterium,1fa4a523766f9aee9cac3c30ff79928c,0.0031746031746031746,10000,251,37010000,outputs.mapping/bams.cds.rand/SRR10209667.x.s__Prevotella sp000434975.fastq.gz,SRR10209667.x.s__Prevotella sp000434975,4b5fad20,56610000,51,DNA,10000,5661,True,0.8441387942971,0.8933332906387786,0.8687360424679393,0.8933332906387786,True,3,24439,31405,d__Bacteria;p__Bacillota;c__Clostridia;o__Lachnospirales;f__Lachnospiraceae;g__Suilimivivens;s__Suilimivivens sp017622575
10000,0.0001766472354707649,0.008,0.0001766472354707649,0.0004139468237541793,13.0,13.0,0.0,/group/ctbrowngrp5/sourmash-db.new/gtdb-rs226/gtdb-rs226-k51.dna.rocksdb,GCA_902464445.1 uncultured Pseudomonadota bacterium,841477bd0b6f28464e5e07e4e3c196f1,0.008,10000,252,37000000,outputs.mapping/bams.cds.rand/SRR10209667.x.s__Prevotella sp000434975.fastq.gz,SRR10209667.x.s__Prevotella sp000434975,4b5fad20,56610000,51,DNA,10000,5661,True,0.8441387942971,0.9096705132580012,0.8769046537775507,0.9096705132580012,True,13,24452,31405,d__Bacteria;p__Pseudomonadota;c__Alphaproteobacteria;o__RF32;f__CAG-239;g__CAZU01;s__CAZU01 sp934271465
10000,0.0001766472354707649,0.005494505494505495,0.0001766472354707649,0.0001273682534628244,4.0,4.0,0.0,/group/ctbrowngrp5/sourmash-db.new/gtdb-rs226/gtdb-rs226-k51.dna.rocksdb,GCA_022775425.1 Clostridium sp.,08785b4435c3f191a53d4368559218c9,0.005494505494505495,10000,253,36990000,outputs.mapping/bams.cds.rand/SRR10209667.x.s__Prevotella sp000434975.fastq.gz,SRR10209667.x.s__Prevotella sp000434975,4b5fad20,56610000,51,DNA,10000,5661,True,0.8441387942971,0.9029940210398251,0.8735664076684626,0.9029940210398251,True,4,24456,31405,d__Bacteria;p__Bacillota;c__Clostridia;o__Christensenellales;f__CAG-138;g__PeH17;s__PeH17 sp000435055
10000,0.0001766472354707649,0.010526315789473684,0.0001766472354707649,3.18420633657061e-05,1.0,1.0,0.0,/group/ctbrowngrp5/sourmash-db.new/gtdb-rs226/gtdb-rs226-k51.dna.rocksdb,GCA_944350255.1 Candidatus Caccopulliclostridium gallistercoris,0a336fd0ee5111b1e16d0172dac309ec,0.010526315789473684,10000,254,36980000,outputs.mapping/bams.cds.rand/SRR10209667.x.s__Prevotella sp000434975.fastq.gz,SRR10209667.x.s__Prevotella sp000434975,4b5fad20,56610000,51,DNA,10000,5661,True,0.8441387942971,0.9145787486024968,0.8793587714497983,0.9145787486024968,True,1,24457,31405,d__Bacteria;p__Bacillota;c__Clostridia;o__Christensenellales;f__UBA1242;g__Caccopulliclostridium;s__Caccopulliclostridium gallistercoris
20000,0.0003532944709415298,0.0043859649122807015,0.0001766472354707649,0.0004139468237541793,13.0,13.0,0.0,/group/ctbrowngrp5/sourmash-db.new/gtdb-rs226/gtdb-rs226-k51.dna.rocksdb,GCA_036308005.1 Bacteroidaceae bacterium,0f92556cd59a3fe1986e265f03a85918,0.008771929824561403,10000,255,36970000,outputs.mapping/bams.cds.rand/SRR10209667.x.s__Prevotella sp000434975.fastq.gz,SRR10209667.x.s__Prevotella sp000434975,4b5fad20,56610000,51,DNA,10000,5661,True,0.8556899054167735,0.911315028588222,0.8835024670024978,0.911315028588222,True,13,24470,31405,d__Bacteria;p__Bacteroidota;c__Bacteroidia;o__Bacteroidales;f__Bacteroidaceae;g__Physcousia;s__Physcousia sp900770805
170000,0.003003003003003003,0.003257328990228013,0.0001766472354707649,6.36841267314122e-05,2.0,2.0,0.0,/group/ctbrowngrp5/sourmash-db.new/gtdb-rs226/gtdb-rs226-k51.dna.rocksdb,GCF_002251535.1 Prevotella sp. P3-120,33bc6d324db58f2094a2a920d166e5a9,0.05537459283387622,10000,256,36960000,outputs.mapping/bams.cds.rand/SRR10209667.x.s__Prevotella sp000434975.fastq.gz,SRR10209667.x.s__Prevotella sp000434975,4b5fad20,56610000,51,DNA,10000,5661,True,0.8923604403934454,0.944841652065173,0.9186010462293093,0.944841652065173,False,2,24472,31405,d__Bacteria;p__Bacteroidota;c__Bacteroidia;o__Bacteroidales;f__Bacteroidaceae;g__Prevotella;s__Prevotella sp002251295
90000,0.001589825119236884,0.0037593984962406013,0.0001766472354707649,0.0002228944435599427,7.0,7.0,0.0,/group/ctbrowngrp5/sourmash-db.new/gtdb-rs226/gtdb-rs226-k51.dna.rocksdb,GCA_037320745.1 Segatella copri,c455ec42c0abc3c3d562f2038caddeb8,0.03383458646616541,10000,257,36950000,outputs.mapping/bams.cds.rand/SRR10209667.x.s__Prevotella sp000434975.fastq.gz,SRR10209667.x.s__Prevotella sp000434975,4b5fad20,56610000,51,DNA,10000,5661,True,0.8813014753320336,0.9357588403221299,0.9085301578270817,0.9357588403221299,False,7,24479,31405,d__Bacteria;p__Bacteroidota;c__Bacteroidia;o__Bacteroidales;f__Bacteroidaceae;g__Prevotella;s__Prevotella copri_A
10000,0.0001766472354707649,0.0048543689320388345,0.0001766472354707649,0.0001273682534628244,4.0,4.0,0.0,/group/ctbrowngrp5/sourmash-db.new/gtdb-rs226/gtdb-rs226-k51.dna.rocksdb,GCA_018384035.1 Bacteroidales bacterium,75912bfc778a3118cf90e06a8a889029,0.0048543689320388345,10000,258,36940000,outputs.mapping/bams.cds.rand/SRR10209667.x.s__Prevotella sp000434975.fastq.gz,SRR10209667.x.s__Prevotella sp000434975,4b5fad20,56610000,51,DNA,10000,5661,True,0.8441387942971,0.900803478377785,0.8724711363374424,0.900803478377785,True,4,24483,31405,d__Bacteria;p__Bacteroidota;c__Bacteroidia;o__Bacteroidales;f__UBA932;g__Cryptobacteroides;s__Cryptobacteroides sp018384035
10000,0.0001766472354707649,0.0027247956403269754,0.0001766472354707649,3.18420633657061e-05,1.0,1.0,0.0,/group/ctbrowngrp5/sourmash-db.new/gtdb-rs226/gtdb-rs226-k51.dna.rocksdb,GCA_037456035.1 bacterium,b22e0b5c5c5016ac39f0800dce6ee3c0,0.0027247956403269754,10000,259,36930000,outputs.mapping/bams.cds.rand/SRR10209667.x.s__Prevotella sp000434975.fastq.gz,SRR10209667.x.s__Prevotella sp000434975,4b5fad20,56610000,51,DNA,10000,5661,True,0.8441387942971,0.8906609879796527,0.8673998911383763,0.8906609879796527,True,1,24484,31405,d__Bacteria;p__Verrucomicrobiota;c__Kiritimatiellia;o__RFP12;f__UBA1067;g__RUG572;s__RUG572 sp900547945
10000,0.0001766472354707649,0.002188183807439825,0.0001766472354707649,9.55261900971183e-05,3.0,3.0,0.0,/group/ctbrowngrp5/sourmash-db.new/gtdb-rs226/gtdb-rs226-k51.dna.rocksdb,GCA_948491825.1 Bacteroides acidifaciens,a7d794468be7e5e6d0d380ff3d56cbba,0.002188183807439825,10000,260,36920000,outputs.mapping/bams.cds.rand/SRR10209667.x.s__Prevotella sp000434975.fastq.gz,SRR10209667.x.s__Prevotella sp000434975,4b5fad20,56610000,51,DNA,10000,5661,True,0.8441387942971,0.8868389934940387,0.8654888938955694,0.8868389934940387,True,3,24487,31405,d__Bacteria;p__Bacteroidota;c__Bacteroidia;o__Bacteroidales;f__Bacteroidaceae;g__Bacteroides;s__Bacteroides acidifaciens
10000,0.0001766472354707649,0.005813953488372093,0.0001766472354707649,3.18420633657061e-05,1.0,1.0,0.0,/group/ctbrowngrp5/sourmash-db.new/gtdb-rs226/gtdb-rs226-k51.dna.rocksdb,GCA_958348405.1 uncultured Firmicutes bacterium,348ca1109c846ea5c2a87804d813867e,0.005813953488372093,10000,261,36910000,outputs.mapping/bams.cds.rand/SRR10209667.x.s__Prevotella sp000434975.fastq.gz,SRR10209667.x.s__Prevotella sp000434975,4b5fad20,56610000,51,DNA,10000,5661,True,0.8441387942971,0.903995167535116,0.874066980916108,0.903995167535116,True,1,24488,31405,d__Bacteria;p__Bacillota;c__Clostridia;o__Christensenellales;f__CAG-917;g__CAG-475;s__CAG-475 sp000434435
20000,0.0003532944709415298,0.00909090909090909,0.0001766472354707649,3.18420633657061e-05,1.0,1.0,0.0,/group/ctbrowngrp5/sourmash-db.new/gtdb-rs226/gtdb-rs226-k51.dna.rocksdb,GCA_934842585.1 uncultured bacterium,23860c2fe5f8ed6bbe0d5a669c97dfb6,0.01818181818181818,10000,262,36900000,outputs.mapping/bams.cds.rand/SRR10209667.x.s__Prevotella sp000434975.fastq.gz,SRR10209667.x.s__Prevotella sp000434975,4b5fad20,56610000,51,DNA,10000,5661,True,0.8556899054167735,0.9244325765105641,0.8900612409636688,0.9244325765105641,True,1,24489,31405,d__Bacteria;p__Bacillota;c__Bacilli;o__RF39;f__UBA660;g__CAG-433;s__CAG-433 sp900546245
10000,0.0001766472354707649,0.002544529262086514,0.0001766472354707649,0.0001273682534628244,4.0,4.0,0.0,/group/ctbrowngrp5/sourmash-db.new/gtdb-rs226/gtdb-rs226-k51.dna.rocksdb,GCF_002302835.1 Clostridioides difficile,6b2fd4dd35b789702d919b214b1390fb,0.002544529262086514,10000,263,36890000,outputs.mapping/bams.cds.rand/SRR10209667.x.s__Prevotella sp000434975.fastq.gz,SRR10209667.x.s__Prevotella sp000434975,4b5fad20,56610000,51,DNA,10000,5661,True,0.8441387942971,0.8894664220753999,0.86680260818625,0.8894664220753999,True,4,24493,31405,d__Bacteria;p__Bacillota;c__Clostridia;o__Peptostreptococcales;f__Peptostreptococcaceae;g__Clostridioides;s__Clostridioides difficile
10000,0.0001766472354707649,0.0025380710659898475,0.0001766472354707649,3.18420633657061e-05,1.0,1.0,0.0,/group/ctbrowngrp5/sourmash-db.new/gtdb-rs226/gtdb-rs226-k51.dna.rocksdb,GCA_023421275.1 Bacteroidota bacterium,14f15074c1a39efefb963a53df86e4ad,0.0025380710659898475,10000,264,36880000,outputs.mapping/bams.cds.rand/SRR10209667.x.s__Prevotella sp000434975.fastq.gz,SRR10209667.x.s__Prevotella sp000434975,4b5fad20,56610000,51,DNA,10000,5661,True,0.8441387942971,0.8894221016358875,0.8667804479664938,0.8894221016358875,True,1,24494,31405,d__Bacteria;p__Bacteroidota;c__Bacteroidia;o__Bacteroidales;f__Marinifilaceae;g__Culturomica;s__Culturomica massiliensis
10000,0.0001766472354707649,0.0022624434389140274,0.0001766472354707649,9.55261900971183e-05,3.0,3.0,0.0,/group/ctbrowngrp5/sourmash-db.new/gtdb-rs226/gtdb-rs226-k51.dna.rocksdb,GCA_027685215.1 [Clostridium] innocuum,24523bb4fe49fe13ae47f45c5f6028f0,0.0022624434389140274,10000,265,36870000,outputs.mapping/bams.cds.rand/SRR10209667.x.s__Prevotella sp000434975.fastq.gz,SRR10209667.x.s__Prevotella sp000434975,4b5fad20,56610000,51,DNA,10000,5661,True,0.8441387942971,0.8874195153555567,0.8657791548263284,0.8874195153555567,True,3,24497,31405,d__Bacteria;p__Bacillota;c__Bacilli;o__Erysipelotrichales;f__Erysipelotrichaceae;g__Clostridium_AQ;s__Clostridium_AQ innocuum
10000,0.0001766472354707649,0.0024330900243309003,0.0001766472354707649,6.36841267314122e-05,2.0,2.0,0.0,/group/ctbrowngrp5/sourmash-db.new/gtdb-rs226/gtdb-rs226-k51.dna.rocksdb,GCA_949098705.1 uncultured Lachnospiraceae bacterium,f5d4af68607a71b706f49f9095b88724,0.0024330900243309003,10000,266,36860000,outputs.mapping/bams.cds.rand/SRR10209667.x.s__Prevotella sp000434975.fastq.gz,SRR10209667.x.s__Prevotella sp000434975,4b5fad20,56610000,51,DNA,10000,5661,True,0.8441387942971,0.8886857156672617,0.8664122549821809,0.8886857156672617,True,2,24499,31405,d__Bacteria;p__Bacillota;c__Clostridia;o__Lachnospirales;f__Lachnospiraceae;g__CAG-303;s__CAG-303 sp910577835
10000,0.0001766472354707649,0.00303951367781155,0.0001766472354707649,0.0005094730138512976,16.0,16.0,0.0,/group/ctbrowngrp5/sourmash-db.new/gtdb-rs226/gtdb-rs226-k51.dna.rocksdb,GCA_018377805.1 Eubacterium sp.,5ed0278bc9aa582071a154f58de31f34,0.00303951367781155,10000,267,36850000,outputs.mapping/bams.cds.rand/SRR10209667.x.s__Prevotella sp000434975.fastq.gz,SRR10209667.x.s__Prevotella sp000434975,4b5fad20,56610000,51,DNA,10000,5661,True,0.8441387942971,0.8925719153143703,0.8683553548057352,0.8925719153143703,True,16,24515,31405,d__Bacteria;p__Bacillota;c__Clostridia;o__Oscillospirales;f__Ruminococcaceae;g__CAG-115;s__CAG-115 sp003531585
20000,0.0003532944709415298,0.006097560975609756,0.0001766472354707649,0.0003502626970227671,11.0,11.0,0.0,/group/ctbrowngrp5/sourmash-db.new/gtdb-rs226/gtdb-rs226-k51.dna.rocksdb,GCA_004558825.1 Clostridiales bacterium,12a92cec39cf7125a02fc53e50ee926b,0.012195121951219513,10000,268,36840000,outputs.mapping/bams.cds.rand/SRR10209667.x.s__Prevotella sp000434975.fastq.gz,SRR10209667.x.s__Prevotella sp000434975,4b5fad20,56610000,51,DNA,10000,5661,True,0.8556899054167735,0.9172215253297448,0.8864557153732591,0.9172215253297448,True,11,24526,31405,d__Bacteria;p__Bacillota;c__Clostridia;o__Christensenellales;f__CAG-138;g__SFDB01;s__SFDB01 sp004558825
10000,0.0001766472354707649,0.003952569169960474,0.0001766472354707649,3.18420633657061e-05,1.0,1.0,0.0,/group/ctbrowngrp5/sourmash-db.new/gtdb-rs226/gtdb-rs226-k51.dna.rocksdb,GCA_958402585.1 uncultured Eubacteriales bacterium,4b1ff67c39433ee49ccbcc557ce26b9e,0.003952569169960474,10000,269,36830000,outputs.mapping/bams.cds.rand/SRR10209667.x.s__Prevotella sp000434975.fastq.gz,SRR10209667.x.s__Prevotella sp000434975,4b5fad20,56610000,51,DNA,10000,5661,True,0.8441387942971,0.8971808389049852,0.8706598166010426,0.8971808389049852,True,1,24527,31405,d__Bacteria;p__Bacillota;c__Clostridia;o__Oscillospirales;f__Oscillospiraceae;g__Apopatocola;s__Apopatocola sp003522945
30000,0.0005299417064122947,0.0033444816053511705,0.0001766472354707649,6.36841267314122e-05,2.0,2.0,0.0,/group/ctbrowngrp5/sourmash-db.new/gtdb-rs226/gtdb-rs226-k51.dna.rocksdb,GCA_004102785.1 Muribaculaceae bacterium Isolate-013 (NCI),ff1ee086463906cd3f2c63acc2f22bb1,0.010033444816053512,10000,270,36820000,outputs.mapping/bams.cds.rand/SRR10209667.x.s__Prevotella sp000434975.fastq.gz,SRR10209667.x.s__Prevotella sp000434975,4b5fad20,56610000,51,DNA,10000,5661,True,0.862520008347075,0.9137191906450144,0.8881195994960447,0.9137191906450144,True,2,24529,31405,d__Bacteria;p__Bacteroidota;c__Bacteroidia;o__Bacteroidales;f__Muribaculaceae;g__UBA7173;s__UBA7173 sp002491305
20000,0.0003532944709415298,0.001941747572815534,0.0001766472354707649,6.36841267314122e-05,2.0,2.0,0.0,/group/ctbrowngrp5/sourmash-db.new/gtdb-rs226/gtdb-rs226-k51.dna.rocksdb,GCA_034128305.1 Parabacteroides distasonis,56685803b624a54faf0c5ad241af5e73,0.003883495145631068,10000,271,36810000,outputs.mapping/bams.cds.rand/SRR10209667.x.s__Prevotella sp000434975.fastq.gz,SRR10209667.x.s__Prevotella sp000434975,4b5fad20,56610000,51,DNA,10000,5661,True,0.8556899054167735,0.896870745334239,0.8762803253755063,0.896870745334239,True,2,24531,31405,d__Bacteria;p__Bacteroidota;c__Bacteroidia;o__Bacteroidales;f__Tannerellaceae;g__Parabacteroides;s__Parabacteroides distasonis
10000,0.0001766472354707649,0.004273504273504274,0.0001766472354707649,6.36841267314122e-05,2.0,2.0,0.0,/group/ctbrowngrp5/sourmash-db.new/gtdb-rs226/gtdb-rs226-k51.dna.rocksdb,GCA_900315665.1 uncultured Eubacteriales bacterium,49606a4357271b490a5315195445e4d7,0.004273504273504274,10000,272,36800000,outputs.mapping/bams.cds.rand/SRR10209667.x.s__Prevotella sp000434975.fastq.gz,SRR10209667.x.s__Prevotella sp000434975,4b5fad20,56610000,51,DNA,10000,5661,True,0.8441387942971,0.8985552523193859,0.871347023308243,0.8985552523193859,True,2,24533,31405,d__Bacteria;p__Bacillota;c__Clostridia;o__Lachnospirales;f__Lachnospiraceae;g__Oribacterium;s__Oribacterium sp900315665
30000,0.0005299417064122947,0.004347826086956522,0.0001766472354707649,9.55261900971183e-05,3.0,3.0,0.0,/group/ctbrowngrp5/sourmash-db.new/gtdb-rs226/gtdb-rs226-k51.dna.rocksdb,GCA_004552155.1 Bacteroidales bacterium,556a7ff8002ae193ea3c3c4aa52f29fe,0.013043478260869565,10000,273,36790000,outputs.mapping/bams.cds.rand/SRR10209667.x.s__Prevotella sp000434975.fastq.gz,SRR10209667.x.s__Prevotella sp000434975,4b5fad20,56610000,51,DNA,10000,5661,True,0.862520008347075,0.9184318366897796,0.8904759225184273,0.9184318366897796,True,3,24536,31405,d__Bacteria;p__Bacteroidota;c__Bacteroidia;o__Bacteroidales;f__Bacteroidaceae;g__Alloprevotella;s__Alloprevotella sp004552155
100000,0.0017664723547076487,0.004149377593360996,0.0001766472354707649,3.18420633657061e-05,1.0,1.0,0.0,/group/ctbrowngrp5/sourmash-db.new/gtdb-rs226/gtdb-rs226-k51.dna.rocksdb,GCA_900764865.1 uncultured Prevotella sp.,5317177d286b4e3ff6e26c9cdf17ec3a,0.04149377593360996,10000,274,36780000,outputs.mapping/bams.cds.rand/SRR10209667.x.s__Prevotella sp000434975.fastq.gz,SRR10209667.x.s__Prevotella sp000434975,4b5fad20,56610000,51,DNA,10000,5661,True,0.8831240313625026,0.9395104750424361,0.9113172532024694,0.9395104750424361,False,1,24537,31405,d__Bacteria;p__Bacteroidota;c__Bacteroidia;o__Bacteroidales;f__Bacteroidaceae;g__Prevotella;s__Prevotella sp900550035
10000,0.0001766472354707649,0.0048543689320388345,0.0001766472354707649,0.0001592103168285305,5.0,5.0,0.0,/group/ctbrowngrp5/sourmash-db.new/gtdb-rs226/gtdb-rs226-k51.dna.rocksdb,GCA_934255005.1 uncultured Clostridia bacterium,10e5392fd27e4987eae9c4dd20b741ee,0.0048543689320388345,10000,275,36770000,outputs.mapping/bams.cds.rand/SRR10209667.x.s__Prevotella sp000434975.fastq.gz,SRR10209667.x.s__Prevotella sp000434975,4b5fad20,56610000,51,DNA,10000,5661,True,0.8441387942971,0.900803478377785,0.8724711363374424,0.900803478377785,True,5,24542,31405,d__Bacteria;p__Bacillota;c__Clostridia;o__Peptostreptococcales;f__Anaerovoracaceae;g__CAG-238;s__CAG-238 sp900542245
10000,0.0001766472354707649,0.002506265664160401,0.0001766472354707649,3.18420633657061e-05,1.0,1.0,0.0,/group/ctbrowngrp5/sourmash-db.new/gtdb-rs226/gtdb-rs226-k51.dna.rocksdb,GCF_039832495.1 Clostridium saudiense,0e13e256bd9ba4df7e64a1a3f60fd28b,0.002506265664160401,10000,276,36760000,outputs.mapping/bams.cds.rand/SRR10209667.x.s__Prevotella sp000434975.fastq.gz,SRR10209667.x.s__Prevotella sp000434975,4b5fad20,56610000,51,DNA,10000,5661,True,0.8441387942971,0.8892022059964727,0.8666705001467864,0.8892022059964727,True,1,24543,31405,d__Bacteria;p__Bacillota;c__Clostridia;o__Clostridiales;f__Clostridiaceae;g__Clostridium;s__Clostridium saudiense
10000,0.0001766472354707649,0.007692307692307693,0.0001766472354707649,3.18420633657061e-05,1.0,1.0,0.0,/group/ctbrowngrp5/sourmash-db.new/gtdb-rs226/gtdb-rs226-k51.dna.rocksdb,GCA_037069245.1 Clostridia bacterium,2aed2e958675fddf5d5447fdeaf50c01,0.007692307692307693,10000,277,36750000,outputs.mapping/bams.cds.rand/SRR10209667.x.s__Prevotella sp000434975.fastq.gz,SRR10209667.x.s__Prevotella sp000434975,4b5fad20,56610000,51,DNA,10000,5661,True,0.8441387942971,0.9089712150027334,0.8765550046499166,0.9089712150027334,True,1,24544,31405,d__Bacteria;p__Bacillota;c__Clostridia;o__TANB77;f__CAG-508;g__CAG-452;s__CAG-452 sp000434035
60000,0.0010598834128245894,0.0035087719298245615,0.0001766472354707649,6.36841267314122e-05,2.0,2.0,0.0,/group/ctbrowngrp5/sourmash-db.new/gtdb-rs226/gtdb-rs226-k51.dna.rocksdb,GCA_938016525.1 uncultured Prevotella sp.,92e28719ed4087f460a7b220d13c2512,0.021052631578947368,10000,278,36740000,outputs.mapping/bams.cds.rand/SRR10209667.x.s__Prevotella sp000434975.fastq.gz,SRR10209667.x.s__Prevotella sp000434975,4b5fad20,56610000,51,DNA,10000,5661,True,0.8743226461676182,0.9270937530356198,0.9007081996016191,0.9270937530356198,True,2,24546,31405,d__Bacteria;p__Bacteroidota;c__Bacteroidia;o__Bacteroidales;f__Bacteroidaceae;g__Prevotella;s__Prevotella sp900547005
10000,0.0001766472354707649,0.00423728813559322,0.0001766472354707649,3.18420633657061e-05,1.0,1.0,0.0,/group/ctbrowngrp5/sourmash-db.new/gtdb-rs226/gtdb-rs226-k51.dna.rocksdb,GCA_002472535.1 Prevotella sp. UBA7267,6708797175d830202e0211d1e507577c,0.00423728813559322,10000,279,36730000,outputs.mapping/bams.cds.rand/SRR10209667.x.s__Prevotella sp000434975.fastq.gz,SRR10209667.x.s__Prevotella sp000434975,4b5fad20,56610000,51,DNA,10000,5661,True,0.8441387942971,0.8984053172829363,0.8712720557900182,0.8984053172829363,True,1,24547,31405,d__Bacteria;p__Bacteroidota;c__Bacteroidia;o__Bacteroidales;f__Bacteroidaceae;g__Prevotella;s__Prevotella sp900316565
10000,0.0001766472354707649,0.004975124378109453,0.0001766472354707649,6.36841267314122e-05,2.0,2.0,0.0,/group/ctbrowngrp5/sourmash-db.new/gtdb-rs226/gtdb-rs226-k51.dna.rocksdb,GCA_945969395.1 uncultured Clostridia bacterium,0d65bf6a9c1921a2043ceddd9313765d,0.004975124378109453,10000,280,36720000,outputs.mapping/bams.cds.rand/SRR10209667.x.s__Prevotella sp000434975.fastq.gz,SRR10209667.x.s__Prevotella sp000434975,4b5fad20,56610000,51,DNA,10000,5661,True,0.8441387942971,0.9012375805331682,0.8726881874151341,0.9012375805331682,True,2,24549,31405,d__Bacteria;p__Bacillota;c__Clostridia;o__Oscillospirales;f__Oscillospiraceae;g__F23-B02;s__F23-B02 sp022784505
10000,0.0001766472354707649,0.0038461538461538464,0.0001766472354707649,3.18420633657061e-05,1.0,1.0,0.0,/group/ctbrowngrp5/sourmash-db.new/gtdb-rs226/gtdb-rs226-k51.dna.rocksdb,GCA_038211425.1 Candidatus Limnocylindria bacterium,b6d89644025723a1d0150e825f001981,0.0038461538461538464,10000,281,36710000,outputs.mapping/bams.cds.rand/SRR10209667.x.s__Prevotella sp000434975.fastq.gz,SRR10209667.x.s__Prevotella sp000434975,4b5fad20,56610000,51,DNA,10000,5661,True,0.8441387942971,0.896700849952713,0.8704198221249065,0.896700849952713,True,1,24550,31405,d__Bacteria;p__Chloroflexota;c__Limnocylindria;o__P2-11E;f__P2-11E;g__JALYKU01;s__JALYKU01 sp038211425
10000,0.0001766472354707649,0.001422475106685633,0.0001766472354707649,0.0005731571405827098,18.0,18.0,0.0,/group/ctbrowngrp5/sourmash-db.new/gtdb-rs226/gtdb-rs226-k51.dna.rocksdb,GCF_028435945.1 Pseudomonas aeruginosa,04359910a96fab91ab19462b19baba79,0.001422475106685633,10000,282,36700000,outputs.mapping/bams.cds.rand/SRR10209667.x.s__Prevotella sp000434975.fastq.gz,SRR10209667.x.s__Prevotella sp000434975,4b5fad20,56610000,51,DNA,10000,5661,True,0.8441387942971,0.8793815438671498,0.8617601690821249,0.8793815438671498,True,18,24568,31405,d__Bacteria;p__Pseudomonadota;c__Gammaproteobacteria;o__Pseudomonadales;f__Pseudomonadaceae;g__Pseudomonas;s__Pseudomonas aeruginosa
20000,0.0003532944709415298,0.0019880715705765406,0.0001766472354707649,3.18420633657061e-05,1.0,1.0,0.0,/group/ctbrowngrp5/sourmash-db.new/gtdb-rs226/gtdb-rs226-k51.dna.rocksdb,GCA_009911305.1 Clostridiaceae bacterium,6bab8dc76e8f519f4124841987c51bcd,0.003976143141153081,10000,283,36690000,outputs.mapping/bams.cds.rand/SRR10209667.x.s__Prevotella sp000434975.fastq.gz,SRR10209667.x.s__Prevotella sp000434975,4b5fad20,56610000,51,DNA,10000,5661,True,0.8556899054167735,0.8972854545162023,0.8764876799664879,0.8972854545162023,True,1,24569,31405,d__Bacteria;p__Bacillota;c__Clostridia;o__Lachnospirales;f__Lachnospiraceae;g__Otoolea;s__Otoolea sp009911305
10000,0.0001766472354707649,0.009433962264150943,0.0001766472354707649,0.0004776309504855915,15.0,15.0,0.0,/group/ctbrowngrp5/sourmash-db.new/gtdb-rs226/gtdb-rs226-k51.dna.rocksdb,GCA_022009875.1 Clostridium sp.,b6cdbadae011a586af03cd81b1e23e09,0.009433962264150943,10000,284,36680000,outputs.mapping/bams.cds.rand/SRR10209667.x.s__Prevotella sp000434975.fastq.gz,SRR10209667.x.s__Prevotella sp000434975,4b5fad20,56610000,51,DNA,10000,5661,True,0.8441387942971,0.9126160876839744,0.8783774409905372,0.9126160876839744,True,15,24584,31405,d__Bacteria;p__Bacillota;c__Bacilli;o__RF39;f__UBA660;g__CAG-533;s__CAG-533 sp000434495
20000,0.0003532944709415298,0.00303951367781155,0.0001766472354707649,6.36841267314122e-05,2.0,2.0,0.0,/group/ctbrowngrp5/sourmash-db.new/gtdb-rs226/gtdb-rs226-k51.dna.rocksdb,GCF_948625085.1 uncultured Bacteroides sp.,04aa6a8c8dff61cf8852e0d4f199a8f1,0.0060790273556231,10000,285,36670000,outputs.mapping/bams.cds.rand/SRR10209667.x.s__Prevotella sp000434975.fastq.gz,SRR10209667.x.s__Prevotella sp000434975,4b5fad20,56610000,51,DNA,10000,5661,True,0.8556899054167735,0.9047857804343606,0.8802378429255671,0.9047857804343606,True,2,24586,31405,d__Bacteria;p__Bacteroidota;c__Bacteroidia;o__Bacteroidales;f__Bacteroidaceae;g__Bacteroides;s__Bacteroides sp910585845
10000,0.0001766472354707649,0.003003003003003003,0.0001766472354707649,3.18420633657061e-05,1.0,1.0,0.0,/group/ctbrowngrp5/sourmash-db.new/gtdb-rs226/gtdb-rs226-k51.dna.rocksdb,GCA_034113255.1 Parabacteroides sp.,cf53d928ecbd78e8fa315c79e0399cd2,0.003003003003003003,10000,286,36660000,outputs.mapping/bams.cds.rand/SRR10209667.x.s__Prevotella sp000434975.fastq.gz,SRR10209667.x.s__Prevotella sp000434975,4b5fad20,56610000,51,DNA,10000,5661,True,0.8441387942971,0.8923604403934454,0.8682496173452727,0.8923604403934454,True,1,24587,31405,d__Bacteria;p__Bacteroidota;c__Bacteroidia;o__Bacteroidales;f__Tannerellaceae;g__Parabacteroides;s__Parabacteroides sp004562445
140000,0.0024730612965907085,0.003215434083601286,0.0001766472354707649,3.18420633657061e-05,1.0,1.0,0.0,/group/ctbrowngrp5/sourmash-db.new/gtdb-rs226/gtdb-rs226-k51.dna.rocksdb,GCA_036837525.1 Segatella copri,993b131265d2a895b863e2d8e317941c,0.04501607717041801,10000,287,36650000,outputs.mapping/bams.cds.rand/SRR10209667.x.s__Prevotella sp000434975.fastq.gz,SRR10209667.x.s__Prevotella sp000434975,4b5fad20,56610000,51,DNA,10000,5661,True,0.8889696997786464,0.9410126118217124,0.9149911558001793,0.9410126118217124,False,1,24588,31405,d__Bacteria;p__Bacteroidota;c__Bacteroidia;o__Bacteroidales;f__Bacteroidaceae;g__Prevotella;s__Prevotella copri_B
10000,0.0001766472354707649,0.0048543689320388345,0.0001766472354707649,0.000318420633657061,10.0,10.0,0.0,/group/ctbrowngrp5/sourmash-db.new/gtdb-rs226/gtdb-rs226-k51.dna.rocksdb,GCA_022777685.1 Rikenellaceae bacterium,7296b8534e1c9fa0e0753f6395625323,0.0048543689320388345,10000,288,36640000,outputs.mapping/bams.cds.rand/SRR10209667.x.s__Prevotella sp000434975.fastq.gz,SRR10209667.x.s__Prevotella sp000434975,4b5fad20,56610000,51,DNA,10000,5661,True,0.8441387942971,0.900803478377785,0.8724711363374424,0.900803478377785,True,10,24598,31405,d__Bacteria;p__Bacteroidota;c__Bacteroidia;o__Bacteroidales;f__UBA932;g__Cryptobacteroides;s__Cryptobacteroides sp945874155
10000,0.0001766472354707649,0.003436426116838488,0.0001766472354707649,3.18420633657061e-05,1.0,1.0,0.0,/group/ctbrowngrp5/sourmash-db.new/gtdb-rs226/gtdb-rs226-k51.dna.rocksdb,GCA_023664685.1 Roseburia sp.,4c4718edf19ee6f6d2011d9cf728cc5f,0.003436426116838488,10000,289,36630000,outputs.mapping/bams.cds.rand/SRR10209667.x.s__Prevotella sp000434975.fastq.gz,SRR10209667.x.s__Prevotella sp000434975,4b5fad20,56610000,51,DNA,10000,5661,True,0.8441387942971,0.8947225285960692,0.8694306614465845,0.8947225285960692,True,1,24599,31405,d__Bacteria;p__Bacillota;c__Clostridia;o__Lachnospirales;f__Lachnospiraceae;g__Eubacterium_F;s__Eubacterium_F sp023664685
230000,0.004062886415827592,0.00234192037470726,0.0001766472354707649,3.18420633657061e-05,1.0,1.0,0.0,/group/ctbrowngrp5/sourmash-db.new/gtdb-rs226/gtdb-rs226-k51.dna.rocksdb,GCF_021347545.1 Segatella copri,83f9ba2b909de2275494e8526d2ea802,0.053864168618266976,10000,290,36620000,outputs.mapping/bams.cds.rand/SRR10209667.x.s__Prevotella sp000434975.fastq.gz,SRR10209667.x.s__Prevotella sp000434975,4b5fad20,56610000,51,DNA,10000,5661,True,0.8976652338978812,0.9443294386423364,0.9209973362701088,0.9443294386423364,False,1,24600,31405,d__Bacteria;p__Bacteroidota;c__Bacteroidia;o__Bacteroidales;f__Bacteroidaceae;g__Prevotella;s__Prevotella sp900551275
30000,0.0005299417064122947,0.0035460992907801418,0.0001766472354707649,3.18420633657061e-05,1.0,1.0,0.0,/group/ctbrowngrp5/sourmash-db.new/gtdb-rs226/gtdb-rs226-k51.dna.rocksdb,GCA_963656025.1 uncultured Eubacteriales bacterium,52a5d5d77f21c29a52347102bdcaa344,0.010638297872340425,10000,291,36610000,outputs.mapping/bams.cds.rand/SRR10209667.x.s__Prevotella sp000434975.fastq.gz,SRR10209667.x.s__Prevotella sp000434975,4b5fad20,56610000,51,DNA,10000,5661,True,0.862520008347075,0.9147685363760626,0.8886442723615688,0.9147685363760626,True,1,24601,31405,d__Bacteria;p__Bacteroidota;c__Bacteroidia;o__Bacteroidales;f__Paludibacteraceae;g__Colicola;s__Colicola sp963635385
10000,0.0001766472354707649,0.0011862396204033216,0.0001766472354707649,3.18420633657061e-05,1.0,1.0,0.0,/group/ctbrowngrp5/sourmash-db.new/gtdb-rs226/gtdb-rs226-k51.dna.rocksdb,GCF_041028215.1 Streptomyces flavofungini,c91867cf87829569a5385d1ad9a9a70b,0.0011862396204033216,10000,292,36600000,outputs.mapping/bams.cds.rand/SRR10209667.x.s__Prevotella sp000434975.fastq.gz,SRR10209667.x.s__Prevotella sp000434975,4b5fad20,56610000,51,DNA,10000,5661,True,0.8441387942971,0.8762556512173197,0.8601972227572099,0.8762556512173197,True,1,24602,31405,d__Bacteria;p__Actinomycetota;c__Actinomycetes;o__Streptomycetales;f__Streptomycetaceae;g__Streptomyces;s__Streptomyces flavofungini_B
20000,0.0003532944709415298,0.004132231404958678,0.0001766472354707649,0.0021015761821366026,66.0,66.0,0.0,/group/ctbrowngrp5/sourmash-db.new/gtdb-rs226/gtdb-rs226-k51.dna.rocksdb,GCF_028308535.1 Lactobacillus amylovorus,316d51968b8faa0e2930578972be1313,0.008264462809917356,10000,293,36590000,outputs.mapping/bams.cds.rand/SRR10209667.x.s__Prevotella sp000434975.fastq.gz,SRR10209667.x.s__Prevotella sp000434975,4b5fad20,56610000,51,DNA,10000,5661,True,0.8556899054167735,0.9102508039235093,0.8829703546701414,0.9102508039235093,True,66,24668,31405,d__Bacteria;p__Bacillota;c__Bacilli;o__Lactobacillales;f__Lactobacillaceae;g__Lactobacillus;s__Lactobacillus amylovorus
110000,0.0019431195901784136,0.003472222222222222,0.0001766472354707649,6.36841267314122e-05,2.0,2.0,0.0,/group/ctbrowngrp5/sourmash-db.new/gtdb-rs226/gtdb-rs226-k51.dna.rocksdb,GCA_022721495.1 Prevotella sp.,2608a18473b02d4a2680d1fb0623db1e,0.03819444444444445,10000,294,36580000,outputs.mapping/bams.cds.rand/SRR10209667.x.s__Prevotella sp000434975.fastq.gz,SRR10209667.x.s__Prevotella sp000434975,4b5fad20,56610000,51,DNA,10000,5661,True,0.8847759805681183,0.9379854081704605,0.9113806943692895,0.9379854081704605,False,2,24670,31405,d__Bacteria;p__Bacteroidota;c__Bacteroidia;o__Bacteroidales;f__Bacteroidaceae;g__Prevotella;s__Prevotella hominis
10000,0.0001766472354707649,0.004291845493562232,0.0001766472354707649,3.18420633657061e-05,1.0,1.0,0.0,/group/ctbrowngrp5/sourmash-db.new/gtdb-rs226/gtdb-rs226-k51.dna.rocksdb,GCA_004553105.1 Veillonellaceae bacterium,b54cd689867d4647f44b5f27ddf17060,0.004291845493562232,10000,295,36570000,outputs.mapping/bams.cds.rand/SRR10209667.x.s__Prevotella sp000434975.fastq.gz,SRR10209667.x.s__Prevotella sp000434975,4b5fad20,56610000,51,DNA,10000,5661,True,0.8441387942971,0.8986307105512661,0.8713847524241831,0.8986307105512661,True,1,24671,31405,d__Bacteria;p__Bacillota;c__Negativicutes;o__Selenomonadales;f__Selenomonadaceae;g__Anaerovibrio;s__Anaerovibrio slackiae
250000,0.004416180886769122,0.0033222591362126247,0.0001766472354707649,3.18420633657061e-05,1.0,1.0,0.0,/group/ctbrowngrp5/sourmash-db.new/gtdb-rs226/gtdb-rs226-k51.dna.rocksdb,GCA_900543835.1 uncultured Prevotella sp.,c728bd22bfc3227d23dea925e4c1a178,0.08305647840531562,10000,296,36560000,outputs.mapping/bams.cds.rand/SRR10209667.x.s__Prevotella sp000434975.fastq.gz,SRR10209667.x.s__Prevotella sp000434975,4b5fad20,56610000,51,DNA,10000,5661,True,0.8991340572553754,0.952382146270783,0.9257581017630792,0.952382146270783,False,1,24672,31405,d__Bacteria;p__Bacteroidota;c__Bacteroidia;o__Bacteroidales;f__Bacteroidaceae;g__Prevotella;s__Prevotella sp900313215
20000,0.0003532944709415298,0.003215434083601286,0.0001766472354707649,6.36841267314122e-05,2.0,2.0,0.0,/group/ctbrowngrp5/sourmash-db.new/gtdb-rs226/gtdb-rs226-k51.dna.rocksdb,GCA_902487205.1 uncultured Treponema sp.,a82b60307772149e7abf06ddf6655852,0.006430868167202572,10000,297,36550000,outputs.mapping/bams.cds.rand/SRR10209667.x.s__Prevotella sp000434975.fastq.gz,SRR10209667.x.s__Prevotella sp000434975,4b5fad20,56610000,51,DNA,10000,5661,True,0.8556899054167735,0.9057845199968129,0.8807372127067932,0.9057845199968129,True,2,24674,31405,d__Bacteria;p__Spirochaetota;c__Spirochaetia;o__Treponematales;f__Treponemataceae;g__Treponema_D;s__Treponema_D sp900769975
10000,0.0001766472354707649,0.0033112582781456954,0.0001766472354707649,3.18420633657061e-05,1.0,1.0,0.0,/group/ctbrowngrp5/sourmash-db.new/gtdb-rs226/gtdb-rs226-k51.dna.rocksdb,GCA_020635635.1 Flavobacteriales bacterium,08f35a003925af93c60bf94b0a98730e,0.0033112582781456954,10000,298,36540000,outputs.mapping/bams.cds.rand/SRR10209667.x.s__Prevotella sp000434975.fastq.gz,SRR10209667.x.s__Prevotella sp000434975,4b5fad20,56610000,51,DNA,10000,5661,True,0.8441387942971,0.8940718327507637,0.8691053135239319,0.8940718327507637,True,1,24675,31405,d__Bacteria;p__Bacteroidota;c__Bacteroidia;o__Flavobacteriales;f__PHOS-HE28;g__PHOS-HE28;s__PHOS-HE28 sp020635695
10000,0.0001766472354707649,0.00819672131147541,0.0001766472354707649,3.18420633657061e-05,1.0,1.0,0.0,/group/ctbrowngrp5/sourmash-db.new/gtdb-rs226/gtdb-rs226-k51.dna.rocksdb,GCA_934178565.1 uncultured Bacilli bacterium,57b1933bf96226c16cc2bbf3d9c1b915,0.00819672131147541,10000,299,36530000,outputs.mapping/bams.cds.rand/SRR10209667.x.s__Prevotella sp000434975.fastq.gz,SRR10209667.x.s__Prevotella sp000434975,4b5fad20,56610000,51,DNA,10000,5661,True,0.8441387942971,0.910103917375183,0.8771213558361415,0.910103917375183,True,1,24676,31405,d__Bacteria;p__Bacillota;c__Bacilli;o__RF39;f__UBA660;g__CAG-710;s__CAG-710 sp000432595
10000,0.0001766472354707649,0.00423728813559322,0.0001766472354707649,9.55261900971183e-05,3.0,3.0,0.0,/group/ctbrowngrp5/sourmash-db.new/gtdb-rs226/gtdb-rs226-k51.dna.rocksdb,GCA_945871265.1 uncultured bacterium,9159488178baaf1a51f5e56da3b25425,0.00423728813559322,10000,300,36520000,outputs.mapping/bams.cds.rand/SRR10209667.x.s__Prevotella sp000434975.fastq.gz,SRR10209667.x.s__Prevotella sp000434975,4b5fad20,56610000,51,DNA,10000,5661,True,0.8441387942971,0.8984053172829363,0.8712720557900182,0.8984053172829363,True,3,24679,31405,d__Bacteria;p__Bacteroidota;c__Bacteroidia;o__Bacteroidales;f__Muribaculaceae;g__SFRY01;s__SFRY01 sp004562065
180000,0.003179650238473768,0.0034965034965034965,0.0001766472354707649,6.36841267314122e-05,2.0,2.0,0.0,/group/ctbrowngrp5/sourmash-db.new/gtdb-rs226/gtdb-rs226-k51.dna.rocksdb,GCA_036748735.1 Segatella copri,ac5f4d5484c6e421b5865926b439ddd6,0.06293706293706294,10000,301,36510000,outputs.mapping/bams.cds.rand/SRR10209667.x.s__Prevotella sp000434975.fastq.gz,SRR10209667.x.s__Prevotella sp000434975,4b5fad20,56610000,51,DNA,10000,5661,True,0.8933611168747129,0.947216264205287,0.92028869054,0.947216264205287,False,2,24681,31405,d__Bacteria;p__Bacteroidota;c__Bacteroidia;o__Bacteroidales;f__Bacteroidaceae;g__Prevotella;s__Prevotella copri_B
20000,0.0003532944709415298,0.0036101083032490976,0.0001766472354707649,3.18420633657061e-05,1.0,1.0,0.0,/group/ctbrowngrp5/sourmash-db.new/gtdb-rs226/gtdb-rs226-k51.dna.rocksdb,GCA_963599345.1 Eubacterium sp. CAG:180,86e6002761fc90f49ae543a336a205e3,0.007220216606498195,10000,302,36500000,outputs.mapping/bams.cds.rand/SRR10209667.x.s__Prevotella sp000434975.fastq.gz,SRR10209667.x.s__Prevotella sp000434975,4b5fad20,56610000,51,DNA,10000,5661,True,0.8556899054167735,0.9078430825637916,0.8817664939902825,0.9078430825637916,True,1,24682,31405,d__Bacteria;p__Bacteroidota;c__Bacteroidia;o__Bacteroidales;f__Bacteroidaceae;g__Alloprevotella;s__Alloprevotella timonensis
10000,0.0001766472354707649,0.003472222222222222,0.0001766472354707649,3.18420633657061e-05,1.0,1.0,0.0,/group/ctbrowngrp5/sourmash-db.new/gtdb-rs226/gtdb-rs226-k51.dna.rocksdb,GCA_905201865.1 uncultured Firmicutes bacterium,d204665a998005c07f5811bfc65b7b83,0.003472222222222222,10000,303,36490000,outputs.mapping/bams.cds.rand/SRR10209667.x.s__Prevotella sp000434975.fastq.gz,SRR10209667.x.s__Prevotella sp000434975,4b5fad20,56610000,51,DNA,10000,5661,True,0.8441387942971,0.8949043474404382,0.8695215708687691,0.8949043474404382,True,1,24683,31405,d__Bacteria;p__Bacillota;c__Clostridia;o__Lachnospirales;f__Lachnospiraceae;g__CAG-882;s__CAG-882 sp000435595
110000,0.0019431195901784136,0.0036363636363636364,0.0001766472354707649,0.0008278936475083586,26.0,26.0,0.0,/group/ctbrowngrp5/sourmash-db.new/gtdb-rs226/gtdb-rs226-k51.dna.rocksdb,GCF_037365725.1 Prevotella pectinovora,76e9e4a4439a550d8aff1c3c924d0844,0.04,10000,304,36480000,outputs.mapping/bams.cds.rand/SRR10209667.x.s__Prevotella sp000434975.fastq.gz,SRR10209667.x.s__Prevotella sp000434975,4b5fad20,56610000,51,DNA,10000,5661,True,0.8847759805681183,0.9388353021281948,0.9118056413481566,0.9388353021281948,False,26,24709,31405,d__Bacteria;p__Bacteroidota;c__Bacteroidia;o__Bacteroidales;f__Bacteroidaceae;g__Prevotella;s__Prevotella pectinovora
20000,0.0003532944709415298,0.003484320557491289,0.0001766472354707649,6.36841267314122e-05,2.0,2.0,0.0,/group/ctbrowngrp5/sourmash-db.new/gtdb-rs226/gtdb-rs226-k51.dna.rocksdb,GCA_945497555.1 uncultured Prevotellaceae bacterium,8bf2c1e5bd842ee93aaaf5e4e525c891,0.006968641114982578,10000,305,36470000,outputs.mapping/bams.cds.rand/SRR10209667.x.s__Prevotella sp000434975.fastq.gz,SRR10209667.x.s__Prevotella sp000434975,4b5fad20,56610000,51,DNA,10000,5661,True,0.8556899054167735,0.9072120002228622,0.8814509528198178,0.9072120002228622,True,2,24711,31405,d__Bacteria;p__Bacteroidota;c__Bacteroidia;o__Bacteroidales;f__Bacteroidaceae;g__Physcousia;s__Physcousia sp945865175
250000,0.004416180886769122,0.003205128205128205,0.0001766472354707649,3.18420633657061e-05,1.0,1.0,0.0,/group/ctbrowngrp5/sourmash-db.new/gtdb-rs226/gtdb-rs226-k51.dna.rocksdb,GCA_022725545.1 Bacteroidales bacterium,c0a42bacba0f49dbbd99619a184db9f2,0.08012820512820513,10000,306,36460000,outputs.mapping/bams.cds.rand/SRR10209667.x.s__Prevotella sp000434975.fastq.gz,SRR10209667.x.s__Prevotella sp000434975,4b5fad20,56610000,51,DNA,10000,5661,True,0.8991340572553754,0.9517121118993349,0.9254230845773552,0.9517121118993349,False,1,24712,31405,d__Bacteria;p__Bacteroidota;c__Bacteroidia;o__Bacteroidales;f__Bacteroidaceae;g__Prevotella;s__Prevotella sp900543975
40000,0.0007065889418830596,0.0019880715705765406,0.0001766472354707649,9.55261900971183e-05,3.0,3.0,0.0,/group/ctbrowngrp5/sourmash-db.new/gtdb-rs226/gtdb-rs226-k51.dna.rocksdb,GCF_040095815.1 Phocaeicola vulgatus,7c0d5764cb6395e9b470a1489bd2b549,0.007952286282306162,10000,307,36450000,outputs.mapping/bams.cds.rand/SRR10209667.x.s__Prevotella sp000434975.fastq.gz,SRR10209667.x.s__Prevotella sp000434975,4b5fad20,56610000,51,DNA,10000,5661,True,0.8673990807896248,0.9095638192367976,0.8884814500132112,0.9095638192367976,True,3,24715,31405,d__Bacteria;p__Bacteroidota;c__Bacteroidia;o__Bacteroidales;f__Bacteroidaceae;g__Phocaeicola;s__Phocaeicola vulgatus
10000,0.0001766472354707649,0.002688172043010753,0.0001766472354707649,3.18420633657061e-05,1.0,1.0,0.0,/group/ctbrowngrp5/sourmash-db.new/gtdb-rs226/gtdb-rs226-k51.dna.rocksdb,GCA_963663285.1 Candidatus Limiplasma sp.,90755839b8b6ce4bbdd24ce665edc9a2,0.002688172043010753,10000,308,36440000,outputs.mapping/bams.cds.rand/SRR10209667.x.s__Prevotella sp000434975.fastq.gz,SRR10209667.x.s__Prevotella sp000434975,4b5fad20,56610000,51,DNA,10000,5661,True,0.8441387942971,0.8904246971715558,0.8672817457343279,0.8904246971715558,True,1,24716,31405,d__Bacteria;p__Bacillota;c__Clostridia;o__Christensenellales;f__Aristaeellaceae;g__Limiplasma;s__Limiplasma sp963663285
20000,0.0003532944709415298,0.004405286343612335,0.0001766472354707649,0.000955261900971183,30.0,30.0,0.0,/group/ctbrowngrp5/sourmash-db.new/gtdb-rs226/gtdb-rs226-k51.dna.rocksdb,GCF_000191545.1 Lactobacillus amylovorus,f378a56a2490dd743feac2276075e3f0,0.00881057268722467,10000,309,36430000,outputs.mapping/bams.cds.rand/SRR10209667.x.s__Prevotella sp000434975.fastq.gz,SRR10209667.x.s__Prevotella sp000434975,4b5fad20,56610000,51,DNA,10000,5661,True,0.8556899054167735,0.9113935768122705,0.883541741114522,0.9113935768122705,True,30,24746,31405,d__Bacteria;p__Bacillota;c__Bacilli;o__Lactobacillales;f__Lactobacillaceae;g__Lactobacillus;s__Lactobacillus amylovorus
10000,0.0001766472354707649,0.005649717514124294,0.0001766472354707649,0.0010826301544340073,34.0,34.0,0.0,/group/ctbrowngrp5/sourmash-db.new/gtdb-rs226/gtdb-rs226-k51.dna.rocksdb,GCF_026011995.1 Streptococcus alactolyticus,fc007214371b644c540f55d5bbed66d4,0.005649717514124294,10000,310,36420000,outputs.mapping/bams.cds.rand/SRR10209667.x.s__Prevotella sp000434975.fastq.gz,SRR10209667.x.s__Prevotella sp000434975,4b5fad20,56610000,51,DNA,10000,5661,True,0.8441387942971,0.9034873844621032,0.8738130893796017,0.9034873844621032,True,34,24780,31405,d__Bacteria;p__Bacillota;c__Bacilli;o__Lactobacillales;f__Streptococcaceae;g__Streptococcus;s__Streptococcus faecavium
10000,0.0001766472354707649,0.0034602076124567475,0.0001766472354707649,6.36841267314122e-05,2.0,2.0,0.0,/group/ctbrowngrp5/sourmash-db.new/gtdb-rs226/gtdb-rs226-k51.dna.rocksdb,GCA_028719865.1 Prevotella sp.,44dc22a78ee1f18df42dcb0f5a45eb5d,0.0034602076124567475,10000,311,36410000,outputs.mapping/bams.cds.rand/SRR10209667.x.s__Prevotella sp000434975.fastq.gz,SRR10209667.x.s__Prevotella sp000434975,4b5fad20,56610000,51,DNA,10000,5661,True,0.8441387942971,0.8948435274565414,0.8694911608768208,0.8948435274565414,True,2,24782,31405,d__Bacteria;p__Bacteroidota;c__Bacteroidia;o__Bacteroidales;f__Bacteroidaceae;g__Prevotella;s__Prevotella sp900322035
20000,0.0003532944709415298,0.003246753246753247,0.0001766472354707649,0.0001273682534628244,4.0,4.0,0.0,/group/ctbrowngrp5/sourmash-db.new/gtdb-rs226/gtdb-rs226-k51.dna.rocksdb,GCA_900771365.1 Bacteroidales bacterium,4d1d84aefc669ee9b839977a8b9bf2b5,0.006493506493506494,10000,312,36400000,outputs.mapping/bams.cds.rand/SRR10209667.x.s__Prevotella sp000434975.fastq.gz,SRR10209667.x.s__Prevotella sp000434975,4b5fad20,56610000,51,DNA,10000,5661,True,0.8556899054167735,0.9059566909928176,0.8808232982047955,0.9059566909928176,True,4,24786,31405,d__Bacteria;p__Bacteroidota;c__Bacteroidia;o__Bacteroidales;f__P3;g__Colimorpha;s__Colimorpha sp900771365
20000,0.0003532944709415298,0.0056179775280898875,0.0001766472354707649,3.18420633657061e-05,1.0,1.0,0.0,/group/ctbrowngrp5/sourmash-db.new/gtdb-rs226/gtdb-rs226-k51.dna.rocksdb,GCA_946002925.1 uncultured Bacteroidales bacterium,397c78111548122238dc66780e7c0774,0.011235955056179775,10000,313,36390000,outputs.mapping/bams.cds.rand/SRR10209667.x.s__Prevotella sp000434975.fastq.gz,SRR10209667.x.s__Prevotella sp000434975,4b5fad20,56610000,51,DNA,10000,5661,True,0.8556899054167735,0.9157494500788544,0.885719677747814,0.9157494500788544,True,1,24787,31405,d__Bacteria;p__Bacteroidota;c__Bacteroidia;o__Bacteroidales;f__Bacteroidaceae;g__Alloprevotella;s__Alloprevotella sp004552865
50000,0.0008832361773538244,0.0018214936247723133,0.0001766472354707649,3.18420633657061e-05,1.0,1.0,0.0,/group/ctbrowngrp5/sourmash-db.new/gtdb-rs226/gtdb-rs226-k51.dna.rocksdb,GCA_963586565.1 Clostridiales bacterium,dd4a67b28162b563a102cd2dfe8676d7,0.009107468123861567,10000,314,36380000,outputs.mapping/bams.cds.rand/SRR10209667.x.s__Prevotella sp000434975.fastq.gz,SRR10209667.x.s__Prevotella sp000434975,4b5fad20,56610000,51,DNA,10000,5661,True,0.8712025820686096,0.9119860376590969,0.8915943098638532,0.9119860376590969,True,1,24788,31405,d__Bacteria;p__Bacteroidota;c__Bacteroidia;o__Bacteroidales;f__Bacteroidaceae;g__Phocaeicola;s__Phocaeicola dorei
20000,0.0003532944709415298,0.005405405405405406,0.0001766472354707649,0.0005413150772170036,17.0,17.0,0.0,/group/ctbrowngrp5/sourmash-db.new/gtdb-rs226/gtdb-rs226-k51.dna.rocksdb,GCA_004558595.1 Phascolarctobacterium sp.,82f5ae137c37969242b7840b4f05f8d0,0.010810810810810811,10000,315,36370000,outputs.mapping/bams.cds.rand/SRR10209667.x.s__Prevotella sp000434975.fastq.gz,SRR10209667.x.s__Prevotella sp000434975,4b5fad20,56610000,51,DNA,10000,5661,True,0.8556899054167735,0.9150571131134657,0.8853735092651196,0.9150571131134657,True,17,24805,31405,d__Bacteria;p__Bacillota;c__Negativicutes;o__Acidaminococcales;f__Acidaminococcaceae;g__Phascolarctobacterium_A;s__Phascolarctobacterium_A sp004558595
1190000,0.021021021021021023,0.003861003861003861,0.0001766472354707649,9.55261900971183e-05,3.0,3.0,0.0,/group/ctbrowngrp5/sourmash-db.new/gtdb-rs226/gtdb-rs226-k51.dna.rocksdb,GCA_036837545.1 Bacteroidaceae bacterium,fb8b6d02810c4b51f96f0121bd948be8,0.4594594594594595,10000,316,36360000,outputs.mapping/bams.cds.rand/SRR10209667.x.s__Prevotella sp000434975.fastq.gz,SRR10209667.x.s__Prevotella sp000434975,4b5fad20,56610000,51,DNA,10000,5661,True,0.9270664381678373,0.9848665697309126,0.955966503949375,0.9848665697309126,False,3,24808,31405,d__Bacteria;p__Bacteroidota;c__Bacteroidia;o__Bacteroidales;f__Bacteroidaceae;g__Prevotella;s__Prevotella sp000434975
20000,0.0003532944709415298,0.004484304932735426,0.0001766472354707649,0.0001592103168285305,5.0,5.0,0.0,/group/ctbrowngrp5/sourmash-db.new/gtdb-rs226/gtdb-rs226-k51.dna.rocksdb,GCA_022783035.1 Paraprevotella sp.,21debe2642859e465e66bc9d30f5986d,0.008968609865470852,10000,317,36350000,outputs.mapping/bams.cds.rand/SRR10209667.x.s__Prevotella sp000434975.fastq.gz,SRR10209667.x.s__Prevotella sp000434975,4b5fad20,56610000,51,DNA,10000,5661,True,0.8556899054167735,0.9117113376687807,0.8837006215427771,0.9117113376687807,True,5,24813,31405,d__Bacteria;p__Bacteroidota;c__Bacteroidia;o__Bacteroidales;f__Bacteroidaceae;g__Physcousia;s__Physcousia sp900766785
10000,0.0001766472354707649,0.0040650406504065045,0.0001766472354707649,3.18420633657061e-05,1.0,1.0,0.0,/group/ctbrowngrp5/sourmash-db.new/gtdb-rs226/gtdb-rs226-k51.dna.rocksdb,GCA_945947085.1 uncultured Bacteroidales bacterium,50b0dd20daa6c647ebc5f41032b0c7b5,0.0040650406504065045,10000,318,36340000,outputs.mapping/bams.cds.rand/SRR10209667.x.s__Prevotella sp000434975.fastq.gz,SRR10209667.x.s__Prevotella sp000434975,4b5fad20,56610000,51,DNA,10000,5661,True,0.8441387942971,0.8976745640706776,0.8709066791838889,0.8976745640706776,True,1,24814,31405,d__Bacteria;p__Bacteroidota;c__Bacteroidia;o__Bacteroidales;f__Bacteroidaceae;g__Prevotella;s__Prevotella sp004554665
10000,0.0001766472354707649,0.00411522633744856,0.0001766472354707649,3.18420633657061e-05,1.0,1.0,0.0,/group/ctbrowngrp5/sourmash-db.new/gtdb-rs226/gtdb-rs226-k51.dna.rocksdb,GCA_022769285.1 Prevotella sp.,34792b678d76750261b923a440a60922,0.00411522633744856,10000,319,36330000,outputs.mapping/bams.cds.rand/SRR10209667.x.s__Prevotella sp000434975.fastq.gz,SRR10209667.x.s__Prevotella sp000434975,4b5fad20,56610000,51,DNA,10000,5661,True,0.8441387942971,0.8978905616220562,0.8710146779595781,0.8978905616220562,True,1,24815,31405,d__Bacteria;p__Bacteroidota;c__Bacteroidia;o__Bacteroidales;f__Bacteroidaceae;g__Prevotella;s__Prevotella sp022769285
10000,0.0001766472354707649,0.006097560975609756,0.0001766472354707649,9.55261900971183e-05,3.0,3.0,0.0,/group/ctbrowngrp5/sourmash-db.new/gtdb-rs226/gtdb-rs226-k51.dna.rocksdb,GCA_022778005.1 Eubacterium coprostanoligenes,33ec24b776cbe6fa41553be8c49e1b92,0.006097560975609756,10000,320,36320000,outputs.mapping/bams.cds.rand/SRR10209667.x.s__Prevotella sp000434975.fastq.gz,SRR10209667.x.s__Prevotella sp000434975,4b5fad20,56610000,51,DNA,10000,5661,True,0.8441387942971,0.9048397878646056,0.8744892910808528,0.9048397878646056,True,3,24818,31405,d__Bacteria;p__Bacillota;c__Clostridia;o__Oscillospirales;f__Acutalibacteraceae;g__Eubacterium_R;s__Eubacterium_R coprostanoligenes
90000,0.001589825119236884,0.0014184397163120568,0.0001766472354707649,3.18420633657061e-05,1.0,1.0,0.0,/group/ctbrowngrp5/sourmash-db.new/gtdb-rs226/gtdb-rs226-k51.dna.rocksdb,GCF_001049535.1 Bacteroides thetaiotaomicron,0f9ac980df5b653adb2892bbf63593b1,0.01276595744680851,10000,321,36310000,outputs.mapping/bams.cds.rand/SRR10209667.x.s__Prevotella sp000434975.fastq.gz,SRR10209667.x.s__Prevotella sp000434975,4b5fad20,56610000,51,DNA,10000,5661,True,0.8813014753320336,0.9180446245420006,0.8996730499370171,0.9180446245420006,False,1,24819,31405,d__Bacteria;p__Bacteroidota;c__Bacteroidia;o__Bacteroidales;f__Bacteroidaceae;g__Bacteroides;s__Bacteroides thetaiotaomicron
10000,0.0001766472354707649,0.004545454545454545,0.0001766472354707649,0.000318420633657061,10.0,10.0,0.0,/group/ctbrowngrp5/sourmash-db.new/gtdb-rs226/gtdb-rs226-k51.dna.rocksdb,GCA_023401155.1 Spirochaetota bacterium,20f6c6299556026c0646e5553d2edfd9,0.004545454545454545,10000,322,36300000,outputs.mapping/bams.cds.rand/SRR10209667.x.s__Prevotella sp000434975.fastq.gz,SRR10209667.x.s__Prevotella sp000434975,4b5fad20,56610000,51,DNA,10000,5661,True,0.8441387942971,0.8996428723837347,0.8718908333404174,0.8996428723837347,True,10,24829,31405,d__Bacteria;p__Spirochaetota;c__Spirochaetia;o__Treponematales;f__Treponemataceae;g__Treponema_D;s__Treponema_D porcinum
90000,0.001589825119236884,0.003125,0.0001766472354707649,0.0005094730138512976,16.0,16.0,0.0,/group/ctbrowngrp5/sourmash-db.new/gtdb-rs226/gtdb-rs226-k51.dna.rocksdb,GCF_022730775.1 Prevotella sp.,cf9422ca33a112a5bb2deb0bb9e1737f,0.028125,10000,323,36290000,outputs.mapping/bams.cds.rand/SRR10209667.x.s__Prevotella sp000434975.fastq.gz,SRR10209667.x.s__Prevotella sp000434975,4b5fad20,56610000,51,DNA,10000,5661,True,0.8813014753320336,0.9323737751450641,0.9068376252385488,0.9323737751450641,False,16,24845,31405,d__Bacteria;p__Bacteroidota;c__Bacteroidia;o__Bacteroidales;f__Bacteroidaceae;g__Prevotella;s__Prevotella sp002265625
50000,0.0008832361773538244,0.003787878787878788,0.0001766472354707649,0.0001592103168285305,5.0,5.0,0.0,/group/ctbrowngrp5/sourmash-db.new/gtdb-rs226/gtdb-rs226-k51.dna.rocksdb,GCF_902495735.1 uncultured Prevotella sp.,ff41b1fe95f197d168d39508ba488bb5,0.01893939393939394,10000,324,36280000,outputs.mapping/bams.cds.rand/SRR10209667.x.s__Prevotella sp000434975.fastq.gz,SRR10209667.x.s__Prevotella sp000434975,4b5fad20,56610000,51,DNA,10000,5661,True,0.8712025820686096,0.9251728174637622,0.898187699766186,0.9251728174637622,True,5,24850,31405,d__Bacteria;p__Bacteroidota;c__Bacteroidia;o__Bacteroidales;f__Bacteroidaceae;g__Prevotella;s__Prevotella sp900548745
230000,0.004062886415827592,0.002544529262086514,0.0001766472354707649,0.001910523801942366,60.0,60.0,0.0,/group/ctbrowngrp5/sourmash-db.new/gtdb-rs226/gtdb-rs226-k51.dna.rocksdb,GCA_003463005.1 Segatella copri,9bbe27b04688442e47ce8e4c2d42d6de,0.058524173027989825,10000,325,36270000,outputs.mapping/bams.cds.rand/SRR10209667.x.s__Prevotella sp000434975.fastq.gz,SRR10209667.x.s__Prevotella sp000434975,4b5fad20,56610000,51,DNA,10000,5661,True,0.8976652338978812,0.9458670650025929,0.921766149450237,0.9458670650025929,False,60,24910,31405,d__Bacteria;p__Bacteroidota;c__Bacteroidia;o__Bacteroidales;f__Bacteroidaceae;g__Prevotella;s__Prevotella copri_I
10000,0.0001766472354707649,0.003236245954692557,0.0001766472354707649,9.55261900971183e-05,3.0,3.0,0.0,/group/ctbrowngrp5/sourmash-db.new/gtdb-rs226/gtdb-rs226-k51.dna.rocksdb,GCA_963660075.1 Lachnospiraceae bacterium,f6e1d2336e8e03b12abcb9d82d165f93,0.003236245954692557,10000,326,36260000,outputs.mapping/bams.cds.rand/SRR10209667.x.s__Prevotella sp000434975.fastq.gz,SRR10209667.x.s__Prevotella sp000434975,4b5fad20,56610000,51,DNA,10000,5661,True,0.8441387942971,0.8936702172154328,0.8689045057562664,0.8936702172154328,True,3,24913,31405,d__Bacteria;p__Bacteroidota;c__Bacteroidia;o__Bacteroidales;f__Bacteroidaceae;g__Prevotella;s__Prevotella sp963660075
10000,0.0001766472354707649,0.0037593984962406013,0.0001766472354707649,6.36841267314122e-05,2.0,2.0,0.0,/group/ctbrowngrp5/sourmash-db.new/gtdb-rs226/gtdb-rs226-k51.dna.rocksdb,GCA_900755675.1 Bacteroidales bacterium,88d066ad25859a2a0e2862f6dcd5bda7,0.0037593984962406013,10000,327,36250000,outputs.mapping/bams.cds.rand/SRR10209667.x.s__Prevotella sp000434975.fastq.gz,SRR10209667.x.s__Prevotella sp000434975,4b5fad20,56610000,51,DNA,10000,5661,True,0.8441387942971,0.896299803565827,0.8702192989314634,0.896299803565827,True,2,24915,31405,d__Bacteria;p__Bacteroidota;c__Bacteroidia;o__Bacteroidales;f__Paludibacteraceae;g__Colicola;s__Colicola sp900542355
10000,0.0001766472354707649,0.004098360655737705,0.0001766472354707649,3.18420633657061e-05,1.0,1.0,0.0,/group/ctbrowngrp5/sourmash-db.new/gtdb-rs226/gtdb-rs226-k51.dna.rocksdb,GCA_934501405.1 uncultured Oscillospiraceae bacterium,5bd9a11caf8d6ee8eb41c3540582d917,0.004098360655737705,10000,328,36240000,outputs.mapping/bams.cds.rand/SRR10209667.x.s__Prevotella sp000434975.fastq.gz,SRR10209667.x.s__Prevotella sp000434975,4b5fad20,56610000,51,DNA,10000,5661,True,0.8441387942971,0.8978182617731918,0.8709785280351459,0.8978182617731918,True,1,24916,31405,d__Bacteria;p__Bacillota;c__Clostridia;o__Oscillospirales;f__Ruminococcaceae;g__Ruminococcus;s__Ruminococcus sp934481385
10000,0.0001766472354707649,0.004694835680751174,0.0001766472354707649,3.18420633657061e-05,1.0,1.0,0.0,/group/ctbrowngrp5/sourmash-db.new/gtdb-rs226/gtdb-rs226-k51.dna.rocksdb,GCA_963639275.1 bacterium,5eb972343a72b4cd9805cacfd59bb9a1,0.004694835680751174,10000,329,36230000,outputs.mapping/bams.cds.rand/SRR10209667.x.s__Prevotella sp000434975.fastq.gz,SRR10209667.x.s__Prevotella sp000434975,4b5fad20,56610000,51,DNA,10000,5661,True,0.8441387942971,0.9002134511815334,0.8721761227393168,0.9002134511815334,True,1,24917,31405,d__Bacteria;p__Bacillota;c__Clostridia;o__Oscillospirales;f__Oscillospiraceae;g__Hominicoprocola;s__Hominicoprocola fusiformis
10000,0.0001766472354707649,0.005319148936170213,0.0001766472354707649,3.18420633657061e-05,1.0,1.0,0.0,/group/ctbrowngrp5/sourmash-db.new/gtdb-rs226/gtdb-rs226-k51.dna.rocksdb,GCA_937968665.1 uncultured Faecalibacterium sp.,ef6e22aa4d8999c6d0c9d02a8ccd8e08,0.005319148936170213,10000,330,36220000,outputs.mapping/bams.cds.rand/SRR10209667.x.s__Prevotella sp000434975.fastq.gz,SRR10209667.x.s__Prevotella sp000434975,4b5fad20,56610000,51,DNA,10000,5661,True,0.8441387942971,0.9024199122476589,0.8732793532723795,0.9024199122476589,True,1,24918,31405,d__Bacteria;p__Bacillota;c__Clostridia;o__Oscillospirales;f__Ruminococcaceae;g__Faecalibacterium;s__Faecalibacterium prausnitzii_M
20000,0.0003532944709415298,0.0031446540880503146,0.0001766472354707649,6.36841267314122e-05,2.0,2.0,0.0,/group/ctbrowngrp5/sourmash-db.new/gtdb-rs226/gtdb-rs226-k51.dna.rocksdb,GCF_902386895.1 Lachnoclostridium edouardi,6cd528a06abe977385d995605d696f97,0.006289308176100629,10000,331,36210000,outputs.mapping/bams.cds.rand/SRR10209667.x.s__Prevotella sp000434975.fastq.gz,SRR10209667.x.s__Prevotella sp000434975,4b5fad20,56610000,51,DNA,10000,5661,True,0.8556899054167735,0.9053892851119669,0.8805395952643702,0.9053892851119669,True,2,24920,31405,d__Bacteria;p__Bacillota;c__Clostridia;o__Lachnospirales;f__Lachnospiraceae;g__Lachnoclostridium_A;s__Lachnoclostridium_A edouardi
10000,0.0001766472354707649,0.005988023952095809,0.0001766472354707649,6.36841267314122e-05,2.0,2.0,0.0,/group/ctbrowngrp5/sourmash-db.new/gtdb-rs226/gtdb-rs226-k51.dna.rocksdb,GCA_945949375.1 uncultured Bacteroidales bacterium,de744729cd0f3926a5ad0cdeb8168763,0.005988023952095809,10000,332,36200000,outputs.mapping/bams.cds.rand/SRR10209667.x.s__Prevotella sp000434975.fastq.gz,SRR10209667.x.s__Prevotella sp000434975,4b5fad20,56610000,51,DNA,10000,5661,True,0.8441387942971,0.9045182297439633,0.8743285120205317,0.9045182297439633,True,2,24922,31405,d__Bacteria;p__Bacteroidota;c__Bacteroidia;o__Bacteroidales;f__Paludibacteraceae;g__Colicola;s__Colicola sp945949375
250000,0.004416180886769122,0.004048582995951417,0.0001766472354707649,0.0007005253940455342,22.0,22.0,0.0,/group/ctbrowngrp5/sourmash-db.new/gtdb-rs226/gtdb-rs226-k51.dna.rocksdb,GCF_000436015.1 Prevotella sp. CAG:592,eed5d2bb8a90b5558e2616f691ac1e7c,0.10121457489878542,10000,333,36190000,outputs.mapping/bams.cds.rand/SRR10209667.x.s__Prevotella sp000434975.fastq.gz,SRR10209667.x.s__Prevotella sp000434975,4b5fad20,56610000,51,DNA,10000,5661,True,0.8991340572553754,0.956081603719426,0.9276078304874007,0.956081603719426,False,22,24944,31405,d__Bacteria;p__Bacteroidota;c__Bacteroidia;o__Bacteroidales;f__Bacteroidaceae;g__Prevotella;s__Prevotella pectinovora
110000,0.0019431195901784136,0.004,0.0001766472354707649,0.0005413150772170036,17.0,17.0,0.0,/group/ctbrowngrp5/sourmash-db.new/gtdb-rs226/gtdb-rs226-k51.dna.rocksdb,GCA_937901035.1 uncultured Prevotella sp.,eff21b76e20d8a60ba44a9fe97b66f26,0.044,10000,334,36180000,outputs.mapping/bams.cds.rand/SRR10209667.x.s__Prevotella sp000434975.fastq.gz,SRR10209667.x.s__Prevotella sp000434975,4b5fad20,56610000,51,DNA,10000,5661,True,0.8847759805681183,0.9405914634107293,0.9126837219894238,0.9405914634107293,False,17,24961,31405,d__Bacteria;p__Bacteroidota;c__Bacteroidia;o__Bacteroidales;f__Bacteroidaceae;g__Prevotella;s__Prevotella sp900548195
10000,0.0001766472354707649,0.005434782608695652,0.0001766472354707649,6.36841267314122e-05,2.0,2.0,0.0,/group/ctbrowngrp5/sourmash-db.new/gtdb-rs226/gtdb-rs226-k51.dna.rocksdb,GCA_948809965.1 uncultured Eubacteriales bacterium,e726c2ca4bf56e9a3fb3f43984d3b8a6,0.005434782608695652,10000,335,36170000,outputs.mapping/bams.cds.rand/SRR10209667.x.s__Prevotella sp000434975.fastq.gz,SRR10209667.x.s__Prevotella sp000434975,4b5fad20,56610000,51,DNA,10000,5661,True,0.8441387942971,0.9028005342164377,0.8734696642567689,0.9028005342164377,True,2,24963,31405,d__Bacteria;p__Bacillota;c__Clostridia;o__Christensenellales;f__UBA3700;g__RACS-045;s__RACS-045 sp910579785
10000,0.0001766472354707649,0.002793296089385475,0.0001766472354707649,6.36841267314122e-05,2.0,2.0,0.0,/group/ctbrowngrp5/sourmash-db.new/gtdb-rs226/gtdb-rs226-k51.dna.rocksdb,GCA_963663605.1 uncultured Sporobacter sp.,52c3e24acb2563de764897c55a592f25,0.002793296089385475,10000,336,36160000,outputs.mapping/bams.cds.rand/SRR10209667.x.s__Prevotella sp000434975.fastq.gz,SRR10209667.x.s__Prevotella sp000434975,4b5fad20,56610000,51,DNA,10000,5661,True,0.8441387942971,0.8910947033197164,0.8676167488084082,0.8910947033197164,True,2,24965,31405,d__Bacteria;p__Bacillota;c__Clostridia;o__Oscillospirales;f__Oscillospiraceae;g__Sporobacter;s__Sporobacter sp963663605
30000,0.0005299417064122947,0.0041841004184100415,0.0001766472354707649,3.18420633657061e-05,1.0,1.0,0.0,/group/ctbrowngrp5/sourmash-db.new/gtdb-rs226/gtdb-rs226-k51.dna.rocksdb,GCA_945829975.1 uncultured Bacteroidales bacterium,e585de6de580dd813b8de3b8736e8d21,0.012552301255230125,10000,337,36150000,outputs.mapping/bams.cds.rand/SRR10209667.x.s__Prevotella sp000434975.fastq.gz,SRR10209667.x.s__Prevotella sp000434975,4b5fad20,56610000,51,DNA,10000,5661,True,0.862520008347075,0.9177408553614469,0.8901304318542609,0.9177408553614469,True,1,24966,31405,d__Bacteria;p__Bacteroidota;c__Bacteroidia;o__Bacteroidales;f__UBA932;g__Cryptobacteroides;s__Cryptobacteroides sp022777585
100000,0.0017664723547076487,0.0030959752321981426,0.0001766472354707649,6.36841267314122e-05,2.0,2.0,0.0,/group/ctbrowngrp5/sourmash-db.new/gtdb-rs226/gtdb-rs226-k51.dna.rocksdb,GCA_934230405.1 uncultured Prevotella sp.,2383671333f465a3dc953ff011b933e8,0.030959752321981424,10000,338,36140000,outputs.mapping/bams.cds.rand/SRR10209667.x.s__Prevotella sp000434975.fastq.gz,SRR10209667.x.s__Prevotella sp000434975,4b5fad20,56610000,51,DNA,10000,5661,True,0.8831240313625026,0.9341310191378501,0.9086275252501763,0.9341310191378501,False,2,24968,31405,d__Bacteria;p__Bacteroidota;c__Bacteroidia;o__Bacteroidales;f__Bacteroidaceae;g__Prevotella;s__Prevotella sp934254985
10000,0.0001766472354707649,0.004608294930875576,0.0001766472354707649,3.18420633657061e-05,1.0,1.0,0.0,/group/ctbrowngrp5/sourmash-db.new/gtdb-rs226/gtdb-rs226-k51.dna.rocksdb,GCA_963604575.1 Lachnospira eligens,9b8f00a09528567ff49c9bc0d6b306e8,0.004608294930875576,10000,339,36130000,outputs.mapping/bams.cds.rand/SRR10209667.x.s__Prevotella sp000434975.fastq.gz,SRR10209667.x.s__Prevotella sp000434975,4b5fad20,56610000,51,DNA,10000,5661,True,0.8441387942971,0.8998851063638268,0.8720119503304634,0.8998851063638268,True,1,24969,31405,d__Bacteria;p__Bacillota;c__Clostridia;o__Oscillospirales;f__Ruminococcaceae;g__Faecalibacterium;s__Faecalibacterium sp963615155
120000,0.0021197668256491787,0.003355704697986577,0.0001766472354707649,0.0010507880910683013,33.0,33.0,0.0,/group/ctbrowngrp5/sourmash-db.new/gtdb-rs226/gtdb-rs226-k51.dna.rocksdb,GCA_022776845.1 Prevotella sp.,ac221b7645d0b6be20f9cfbc5e56f38f,0.040268456375838924,10000,340,36120000,outputs.mapping/bams.cds.rand/SRR10209667.x.s__Prevotella sp000434975.fastq.gz,SRR10209667.x.s__Prevotella sp000434975,4b5fad20,56610000,51,DNA,10000,5661,True,0.8862867901076426,0.9389584446782342,0.9126226173929384,0.9389584446782342,False,33,25002,31405,d__Bacteria;p__Bacteroidota;c__Bacteroidia;o__Bacteroidales;f__Bacteroidaceae;g__Prevotella;s__Prevotella sp900548195
20000,0.0003532944709415298,0.003952569169960474,0.0001766472354707649,6.36841267314122e-05,2.0,2.0,0.0,/group/ctbrowngrp5/sourmash-db.new/gtdb-rs226/gtdb-rs226-k51.dna.rocksdb,GCA_959604555.1 uncultured Eubacteriales bacterium,253043289dc0442b486e50dd31df3f0f,0.007905138339920948,10000,341,36110000,outputs.mapping/bams.cds.rand/SRR10209667.x.s__Prevotella sp000434975.fastq.gz,SRR10209667.x.s__Prevotella sp000434975,4b5fad20,56610000,51,DNA,10000,5661,True,0.8556899054167735,0.9094577720759845,0.8825738387463791,0.9094577720759845,True,2,25004,31405,d__Bacteria;p__Bacillota;c__Clostridia;o__Oscillospirales;f__Oscillospiraceae;g__Faecousia;s__Faecousia sp000434635
10000,0.0001766472354707649,0.0021551724137931034,0.0001766472354707649,0.0002547365069256488,8.0,8.0,0.0,/group/ctbrowngrp5/sourmash-db.new/gtdb-rs226/gtdb-rs226-k51.dna.rocksdb,GCA_017519645.1 Prevotella sp.,d271eb3501646d96c25c62197af352c7,0.0021551724137931034,10000,342,36100000,outputs.mapping/bams.cds.rand/SRR10209667.x.s__Prevotella sp000434975.fastq.gz,SRR10209667.x.s__Prevotella sp000434975,4b5fad20,56610000,51,DNA,10000,5661,True,0.8441387942971,0.8865746998914696,0.8653567470942849,0.8865746998914696,True,8,25012,31405,d__Bacteria;p__Bacteroidota;c__Bacteroidia;o__Bacteroidales;f__Bacteroidaceae;g__Prevotella;s__Prevotella sp900314715
10000,0.0001766472354707649,0.0045871559633027525,0.0001766472354707649,3.18420633657061e-05,1.0,1.0,0.0,/group/ctbrowngrp5/sourmash-db.new/gtdb-rs226/gtdb-rs226-k51.dna.rocksdb,GCF_024436455.1 Ruminococcus sp. zg-921,a802011501ecda0c7212fc6dae0010eb,0.0045871559633027525,10000,343,36090000,outputs.mapping/bams.cds.rand/SRR10209667.x.s__Prevotella sp000434975.fastq.gz,SRR10209667.x.s__Prevotella sp000434975,4b5fad20,56610000,51,DNA,10000,5661,True,0.8441387942971,0.8998039843327351,0.8719713893149176,0.8998039843327351,True,1,25013,31405,d__Bacteria;p__Bacillota;c__Clostridia;o__Oscillospirales;f__Acutalibacteraceae;g__UBA7067;s__UBA7067 sp024433635
10000,0.0001766472354707649,0.0049261083743842365,0.0001766472354707649,6.36841267314122e-05,2.0,2.0,0.0,/group/ctbrowngrp5/sourmash-db.new/gtdb-rs226/gtdb-rs226-k51.dna.rocksdb,GCA_945872165.1 uncultured Clostridia bacterium,4b89bcfc30f75a2b7cdebc0659d016e2,0.0049261083743842365,10000,344,36080000,outputs.mapping/bams.cds.rand/SRR10209667.x.s__Prevotella sp000434975.fastq.gz,SRR10209667.x.s__Prevotella sp000434975,4b5fad20,56610000,51,DNA,10000,5661,True,0.8441387942971,0.9010626324715498,0.872600713384325,0.9010626324715498,True,2,25015,31405,d__Bacteria;p__Bacillota;c__Clostridia;o__Oscillospirales;f__Butyricicoccaceae;g__Butyricicoccus_A;s__Butyricicoccus_A sp945872165
10000,0.0001766472354707649,0.01,0.0001766472354707649,0.000318420633657061,10.0,10.0,0.0,/group/ctbrowngrp5/sourmash-db.new/gtdb-rs226/gtdb-rs226-k51.dna.rocksdb,GCA_902774655.1 uncultured Erysipelotrichaceae bacterium,54702ff7c6ba404b6b20473e0e3d9437,0.01,10000,345,36070000,outputs.mapping/bams.cds.rand/SRR10209667.x.s__Prevotella sp000434975.fastq.gz,SRR10209667.x.s__Prevotella sp000434975,4b5fad20,56610000,51,DNA,10000,5661,True,0.8441387942971,0.9136593726391776,0.8788990834681388,0.9136593726391776,True,10,25025,31405,d__Bacteria;p__Bacillota;c__Bacilli;o__RFN20;f__CAG-826;g__Fiminaster;s__Fiminaster sp902774655
30000,0.0005299417064122947,0.00423728813559322,0.0001766472354707649,0.0005094730138512976,16.0,16.0,0.0,/group/ctbrowngrp5/sourmash-db.new/gtdb-rs226/gtdb-rs226-k51.dna.rocksdb,GCA_034101645.1 Bacteroidaceae bacterium,4884f36c270512ab5c80f1f200ce0509,0.012711864406779662,10000,346,36060000,outputs.mapping/bams.cds.rand/SRR10209667.x.s__Prevotella sp000434975.fastq.gz,SRR10209667.x.s__Prevotella sp000434975,4b5fad20,56610000,51,DNA,10000,5661,True,0.862520008347075,0.9179681907726733,0.8902440995598742,0.9179681907726733,True,16,25041,31405,d__Bacteria;p__Bacteroidota;c__Bacteroidia;o__Bacteroidales;f__Bacteroidaceae;g__Physcousia;s__Physcousia sp900766785
170000,0.003003003003003003,0.003367003367003367,0.0001766472354707649,0.0002228944435599427,7.0,7.0,0.0,/group/ctbrowngrp5/sourmash-db.new/gtdb-rs226/gtdb-rs226-k51.dna.rocksdb,GCF_002251405.1 Prevotella sp. P4-98,e3b5e9139714e20a6798faa3e2a2f2f0,0.05723905723905724,10000,347,36050000,outputs.mapping/bams.cds.rand/SRR10209667.x.s__Prevotella sp000434975.fastq.gz,SRR10209667.x.s__Prevotella sp000434975,4b5fad20,56610000,51,DNA,10000,5661,True,0.8923604403934454,0.9454553612237924,0.918907900808619,0.9454553612237924,False,7,25048,31405,d__Bacteria;p__Bacteroidota;c__Bacteroidia;o__Bacteroidales;f__Bacteroidaceae;g__Prevotella;s__Prevotella sp002251295
10000,0.0001766472354707649,0.005319148936170213,0.0001766472354707649,0.0001273682534628244,4.0,4.0,0.0,/group/ctbrowngrp5/sourmash-db.new/gtdb-rs226/gtdb-rs226-k51.dna.rocksdb,GCA_022795225.1 Oscillospiraceae bacterium,d5d802d78db390887b5a1f02ff713cd3,0.005319148936170213,10000,348,36040000,outputs.mapping/bams.cds.rand/SRR10209667.x.s__Prevotella sp000434975.fastq.gz,SRR10209667.x.s__Prevotella sp000434975,4b5fad20,56610000,51,DNA,10000,5661,True,0.8441387942971,0.9024199122476589,0.8732793532723795,0.9024199122476589,True,4,25052,31405,d__Bacteria;p__Bacillota;c__Clostridia;o__Oscillospirales;f__Ruminococcaceae;g__Porcipelethomonas;s__Porcipelethomonas sp910588145
20000,0.0003532944709415298,0.00425531914893617,0.0001766472354707649,6.36841267314122e-05,2.0,2.0,0.0,/group/ctbrowngrp5/sourmash-db.new/gtdb-rs226/gtdb-rs226-k51.dna.rocksdb,GCA_902473885.1 uncultured Prevotella sp.,d1a85575c7d9147ed45304888a960317,0.00851063829787234,10000,349,36030000,outputs.mapping/bams.cds.rand/SRR10209667.x.s__Prevotella sp000434975.fastq.gz,SRR10209667.x.s__Prevotella sp000434975,4b5fad20,56610000,51,DNA,10000,5661,True,0.8556899054167735,0.9107748346014192,0.8832323700090963,0.9107748346014192,True,2,25054,31405,d__Bacteria;p__Bacteroidota;c__Bacteroidia;o__Bacteroidales;f__Bacteroidaceae;g__Alloprevotella;s__Alloprevotella sp900541575
10000,0.0001766472354707649,0.0033112582781456954,0.0001766472354707649,6.36841267314122e-05,2.0,2.0,0.0,/group/ctbrowngrp5/sourmash-db.new/gtdb-rs226/gtdb-rs226-k51.dna.rocksdb,GCA_028722045.1 bacterium,39f8c9df71787001b6251961aced0198,0.0033112582781456954,10000,350,36020000,outputs.mapping/bams.cds.rand/SRR10209667.x.s__Prevotella sp000434975.fastq.gz,SRR10209667.x.s__Prevotella sp000434975,4b5fad20,56610000,51,DNA,10000,5661,True,0.8441387942971,0.8940718327507637,0.8691053135239319,0.8940718327507637,True,2,25056,31405,d__Bacteria;p__Bacillota;c__Clostridia;o__Lachnospirales;f__Lachnospiraceae;g__W0P33-017;s__W0P33-017 sp022773965
10000,0.0001766472354707649,0.006134969325153374,0.0001766472354707649,0.0002865785702913549,9.0,9.0,0.0,/group/ctbrowngrp5/sourmash-db.new/gtdb-rs226/gtdb-rs226-k51.dna.rocksdb,GCA_029100805.1 Eubacteriales bacterium,12fe8b6824e9dc3d7b4e2ca622c6e2f7,0.006134969325153374,10000,351,36010000,outputs.mapping/bams.cds.rand/SRR10209667.x.s__Prevotella sp000434975.fastq.gz,SRR10209667.x.s__Prevotella sp000434975,4b5fad20,56610000,51,DNA,10000,5661,True,0.8441387942971,0.9049483082061326,0.8745435512516163,0.9049483082061326,True,9,25065,31405,d__Bacteria;p__Bacillota;c__Clostridia;o__Oscillospirales;f__Acutalibacteraceae;g__Eubacterium_R;s__Eubacterium_R sp945980375
150000,0.002649708532061473,0.003484320557491289,0.0001766472354707649,3.18420633657061e-05,1.0,1.0,0.0,/group/ctbrowngrp5/sourmash-db.new/gtdb-rs226/gtdb-rs226-k51.dna.rocksdb,GCA_022724235.1 Prevotella sp.,a3678cd8e436b7c601547c1b962e7cfa,0.05226480836236934,10000,352,36000000,outputs.mapping/bams.cds.rand/SRR10209667.x.s__Prevotella sp000434975.fastq.gz,SRR10209667.x.s__Prevotella sp000434975,4b5fad20,56610000,51,DNA,10000,5661,True,0.8901731130406263,0.9437714823021778,0.9169722976714021,0.9437714823021778,False,1,25066,31405,d__Bacteria;p__Bacteroidota;c__Bacteroidia;o__Bacteroidales;f__Bacteroidaceae;g__Prevotella;s__Prevotella sp900313215
110000,0.0019431195901784136,0.005263157894736842,0.0001766472354707649,3.18420633657061e-05,1.0,1.0,0.0,/group/ctbrowngrp5/sourmash-db.new/gtdb-rs226/gtdb-rs226-k51.dna.rocksdb,GCA_037456295.1 Prevotella sp.,373971aeed751408d093e509536825b8,0.05789473684210526,10000,353,35990000,outputs.mapping/bams.cds.rand/SRR10209667.x.s__Prevotella sp000434975.fastq.gz,SRR10209667.x.s__Prevotella sp000434975,4b5fad20,56610000,51,DNA,10000,5661,True,0.8847759805681183,0.9456665364159087,0.9152212584920135,0.9456665364159087,False,1,25067,31405,d__Bacteria;p__Bacteroidota;c__Bacteroidia;o__Bacteroidales;f__Bacteroidaceae;g__Prevotella;s__Prevotella sp900553155
10000,0.0001766472354707649,0.006289308176100629,0.0001766472354707649,9.55261900971183e-05,3.0,3.0,0.0,/group/ctbrowngrp5/sourmash-db.new/gtdb-rs226/gtdb-rs226-k51.dna.rocksdb,GCA_945948705.1 uncultured Bacteroidales bacterium,d713bcb903a560d655b573a56aacb883,0.006289308176100629,10000,354,35980000,outputs.mapping/bams.cds.rand/SRR10209667.x.s__Prevotella sp000434975.fastq.gz,SRR10209667.x.s__Prevotella sp000434975,4b5fad20,56610000,51,DNA,10000,5661,True,0.8441387942971,0.9053892851119669,0.8747640397045335,0.9053892851119669,True,3,25070,31405,d__Bacteria;p__Bacteroidota;c__Bacteroidia;o__Bacteroidales;f__UBA932;g__Cryptobacteroides;s__Cryptobacteroides sp016295455
140000,0.0024730612965907085,0.00411522633744856,0.0001766472354707649,3.18420633657061e-05,1.0,1.0,0.0,/group/ctbrowngrp5/sourmash-db.new/gtdb-rs226/gtdb-rs226-k51.dna.rocksdb,GCA_037311545.1 Prevotella sp.,e6c8e6630a8c0cd03625facbae31211c,0.05761316872427984,10000,355,35970000,outputs.mapping/bams.cds.rand/SRR10209667.x.s__Prevotella sp000434975.fastq.gz,SRR10209667.x.s__Prevotella sp000434975,4b5fad20,56610000,51,DNA,10000,5661,True,0.8889696997786464,0.9455761403121922,0.9172729200454193,0.9455761403121922,False,1,25071,31405,d__Bacteria;p__Bacteroidota;c__Bacteroidia;o__Bacteroidales;f__Bacteroidaceae;g__Prevotella;s__Prevotella sp900313215
350000,0.006182653241476771,0.001976284584980237,0.0001766472354707649,0.0002228944435599427,7.0,7.0,0.0,/group/ctbrowngrp5/sourmash-db.new/gtdb-rs226/gtdb-rs226-k51.dna.rocksdb,GCA_021618225.1 Prevotella sp.,77b59c353ccfb68b26ebc51de2941d6c,0.0691699604743083,10000,356,35960000,outputs.mapping/bams.cds.rand/SRR10209667.x.s__Prevotella sp000434975.fastq.gz,SRR10209667.x.s__Prevotella sp000434975,4b5fad20,56610000,51,DNA,10000,5661,True,0.9050857009358988,0.9489717516897316,0.9270287263128152,0.9489717516897316,False,7,25078,31405,d__Bacteria;p__Bacteroidota;c__Bacteroidia;o__Bacteroidales;f__Bacteroidaceae;g__Prevotella;s__Prevotella sinensis
20000,0.0003532944709415298,0.004166666666666667,0.0001766472354707649,0.0001273682534628244,4.0,4.0,0.0,/group/ctbrowngrp5/sourmash-db.new/gtdb-rs226/gtdb-rs226-k51.dna.rocksdb,GCA_945646205.1 uncultured Bacteroides sp.,4406a17a535fe261d656f9eea8ece5ea,0.008333333333333333,10000,357,35950000,outputs.mapping/bams.cds.rand/SRR10209667.x.s__Prevotella sp000434975.fastq.gz,SRR10209667.x.s__Prevotella sp000434975,4b5fad20,56610000,51,DNA,10000,5661,True,0.8556899054167735,0.9103989334640178,0.8830444194403957,0.9103989334640178,True,4,25082,31405,d__Bacteria;p__Bacteroidota;c__Bacteroidia;o__Bacteroidales;f__UBA932;g__Cryptobacteroides;s__Cryptobacteroides sp000432655
190000,0.0033562974739445328,0.004016064257028112,0.0001766472354707649,3.18420633657061e-05,1.0,1.0,0.0,/group/ctbrowngrp5/sourmash-db.new/gtdb-rs226/gtdb-rs226-k51.dna.rocksdb,GCA_029224985.1 Prevotella sp.,a3ef61ed6097a1ef97bc62ed44e06aad,0.07630522088353414,10000,358,35940000,outputs.mapping/bams.cds.rand/SRR10209667.x.s__Prevotella sp000434975.fastq.gz,SRR10209667.x.s__Prevotella sp000434975,4b5fad20,56610000,51,DNA,10000,5661,True,0.8943087083545793,0.9508002759371657,0.9225544921458725,0.9508002759371657,False,1,25083,31405,d__Bacteria;p__Bacteroidota;c__Bacteroidia;o__Bacteroidales;f__Bacteroidaceae;g__Prevotella;s__Prevotella sp002251365
300000,0.005299417064122946,0.002824858757062147,0.0001766472354707649,0.0001273682534628244,4.0,4.0,0.0,/group/ctbrowngrp5/sourmash-db.new/gtdb-rs226/gtdb-rs226-k51.dna.rocksdb,GCF_003437315.1 Segatella copri,404de5cf77eeee9edb7b9e88c4af8764,0.0847457627118644,10000,359,35930000,outputs.mapping/bams.cds.rand/SRR10209667.x.s__Prevotella sp000434975.fastq.gz,SRR10209667.x.s__Prevotella sp000434975,4b5fad20,56610000,51,DNA,10000,5661,True,0.9023541531894088,0.9527582229996399,0.9275561880945243,0.9527582229996399,False,4,25087,31405,d__Bacteria;p__Bacteroidota;c__Bacteroidia;o__Bacteroidales;f__Bacteroidaceae;g__Prevotella;s__Prevotella sp015074785
20000,0.0003532944709415298,0.0041841004184100415,0.0001766472354707649,3.18420633657061e-05,1.0,1.0,0.0,/group/ctbrowngrp5/sourmash-db.new/gtdb-rs226/gtdb-rs226-k51.dna.rocksdb,GCA_946060335.1 uncultured Bacteroidales bacterium,5e841f1f33c7f1c8aa21fc4eda6f1601,0.008368200836820083,10000,360,35920000,outputs.mapping/bams.cds.rand/SRR10209667.x.s__Prevotella sp000434975.fastq.gz,SRR10209667.x.s__Prevotella sp000434975,4b5fad20,56610000,51,DNA,10000,5661,True,0.8556899054167735,0.9104734709010283,0.8830816881589009,0.9104734709010283,True,1,25088,31405,d__Bacteria;p__Bacteroidota;c__Bacteroidia;o__Bacteroidales;f__Bacteroidaceae;g__Alloprevotella;s__Alloprevotella sp004555055
90000,0.001589825119236884,0.0049261083743842365,0.0001766472354707649,3.18420633657061e-05,1.0,1.0,0.0,/group/ctbrowngrp5/sourmash-db.new/gtdb-rs226/gtdb-rs226-k51.dna.rocksdb,GCA_958351855.1 Leyella stercorea,e039f12cbf7596dea12212029dc85895,0.04433497536945813,10000,361,35910000,outputs.mapping/bams.cds.rand/SRR10209667.x.s__Prevotella sp000434975.fastq.gz,SRR10209667.x.s__Prevotella sp000434975,4b5fad20,56610000,51,DNA,10000,5661,True,0.8813014753320336,0.9407313497835186,0.9110164125577761,0.9407313497835186,False,1,25089,31405,d__Bacteria;p__Bacteroidota;c__Bacteroidia;o__Bacteroidales;f__Bacteroidaceae;g__Prevotella;s__Prevotella stercorea
10000,0.0001766472354707649,0.005291005291005291,0.0001766472354707649,3.18420633657061e-05,1.0,1.0,0.0,/group/ctbrowngrp5/sourmash-db.new/gtdb-rs226/gtdb-rs226-k51.dna.rocksdb,GCA_900761225.1 Candidatus Gastranaerophilales bacterium,58431ffbfe3d8223e935457e2fb18ba2,0.005291005291005291,10000,362,35900000,outputs.mapping/bams.cds.rand/SRR10209667.x.s__Prevotella sp000434975.fastq.gz,SRR10209667.x.s__Prevotella sp000434975,4b5fad20,56610000,51,DNA,10000,5661,True,0.8441387942971,0.9023260468401526,0.8732324205686264,0.9023260468401526,True,1,25090,31405,d__Bacteria;p__Cyanobacteriota;c__Vampirovibrionia;o__Gastranaerophilales;f__Gastranaerophilaceae;g__Stercorousia;s__Stercorousia sp900761225
250000,0.004416180886769122,0.0024813895781637717,0.0001766472354707649,3.18420633657061e-05,1.0,1.0,0.0,/group/ctbrowngrp5/sourmash-db.new/gtdb-rs226/gtdb-rs226-k51.dna.rocksdb,GCF_009494055.1 Segatella copri,d382d7b09d6bebac6f7924e8a841e02a,0.062034739454094295,10000,363,35890000,outputs.mapping/bams.cds.rand/SRR10209667.x.s__Prevotella sp000434975.fastq.gz,SRR10209667.x.s__Prevotella sp000434975,4b5fad20,56610000,51,DNA,10000,5661,True,0.8991340572553754,0.9469480972533425,0.9230410772543589,0.9469480972533425,False,1,25091,31405,d__Bacteria;p__Bacteroidota;c__Bacteroidia;o__Bacteroidales;f__Bacteroidaceae;g__Prevotella;s__Prevotella copri_F
40000,0.0007065889418830596,0.002369668246445498,0.0001766472354707649,3.18420633657061e-05,1.0,1.0,0.0,/group/ctbrowngrp5/sourmash-db.new/gtdb-rs226/gtdb-rs226-k51.dna.rocksdb,GCF_905203935.1 Butyricimonas virosa,2347cda471cb4871d7cfb8722ab4e949,0.009478672985781991,10000,364,35880000,outputs.mapping/bams.cds.rand/SRR10209667.x.s__Prevotella sp000434975.fastq.gz,SRR10209667.x.s__Prevotella sp000434975,4b5fad20,56610000,51,DNA,10000,5661,True,0.8673990807896248,0.9127006990122944,0.8900498899009597,0.9127006990122944,True,1,25092,31405,d__Bacteria;p__Bacteroidota;c__Bacteroidia;o__Bacteroidales;f__Marinifilaceae;g__Butyricimonas;s__Butyricimonas virosa
80000,0.0014131778837661192,0.0033783783783783786,0.0001766472354707649,6.36841267314122e-05,2.0,2.0,0.0,/group/ctbrowngrp5/sourmash-db.new/gtdb-rs226/gtdb-rs226-k51.dna.rocksdb,GCA_022775295.1 Prevotella sp.,caf609ec612775af080ac06a37714289,0.02702702702702703,10000,365,35870000,outputs.mapping/bams.cds.rand/SRR10209667.x.s__Prevotella sp000434975.fastq.gz,SRR10209667.x.s__Prevotella sp000434975,4b5fad20,56610000,51,DNA,10000,5661,True,0.879268483351139,0.9316460491565735,0.9054572662538563,0.9316460491565735,False,2,25094,31405,d__Bacteria;p__Bacteroidota;c__Bacteroidia;o__Bacteroidales;f__Bacteroidaceae;g__Prevotella;s__Prevotella sp016302965
1340000,0.023670729553082494,0.0040650406504065045,0.0001766472354707649,9.55261900971183e-05,3.0,3.0,0.0,/group/ctbrowngrp5/sourmash-db.new/gtdb-rs226/gtdb-rs226-k51.dna.rocksdb,GCA_037344405.1 Prevotella sp.,9f21abca2b9193a3a47d1d652744be42,0.5447154471544715,10000,366,35860000,outputs.mapping/bams.cds.rand/SRR10209667.x.s__Prevotella sp000434975.fastq.gz,SRR10209667.x.s__Prevotella sp000434975,4b5fad20,56610000,51,DNA,10000,5661,True,0.9292269498926744,0.9881590596274027,0.9586930047600386,0.9881590596274027,False,3,25097,31405,d__Bacteria;p__Bacteroidota;c__Bacteroidia;o__Bacteroidales;f__Bacteroidaceae;g__Prevotella;s__Prevotella sp000434975
340000,0.006006006006006006,0.004219409282700422,0.0001766472354707649,0.0002865785702913549,9.0,9.0,0.0,/group/ctbrowngrp5/sourmash-db.new/gtdb-rs226/gtdb-rs226-k51.dna.rocksdb,GCA_022779905.1 Prevotella sp.,effb1b86e9cf5887c9ceee40288cc281,0.14345991561181434,10000,367,35850000,outputs.mapping/bams.cds.rand/SRR10209667.x.s__Prevotella sp000434975.fastq.gz,SRR10209667.x.s__Prevotella sp000434975,4b5fad20,56610000,51,DNA,10000,5661,True,0.9045714117116971,0.9626431067830059,0.9336072592473514,0.9626431067830059,False,9,25106,31405,d__Bacteria;p__Bacteroidota;c__Bacteroidia;o__Bacteroidales;f__Bacteroidaceae;g__Prevotella;s__Prevotella sp900543975
140000,0.0024730612965907085,0.0035087719298245615,0.0001766472354707649,0.0003821047603884732,12.0,12.0,0.0,/group/ctbrowngrp5/sourmash-db.new/gtdb-rs226/gtdb-rs226-k51.dna.rocksdb,GCA_034113285.1 Prevotella sp.,f5fc8c76196591b36293c931db7015f2,0.04912280701754386,10000,368,35840000,outputs.mapping/bams.cds.rand/SRR10209667.x.s__Prevotella sp000434975.fastq.gz,SRR10209667.x.s__Prevotella sp000434975,4b5fad20,56610000,51,DNA,10000,5661,True,0.8889696997786464,0.9426248524102993,0.9157972760944728,0.9426248524102993,False,12,25118,31405,d__Bacteria;p__Bacteroidota;c__Bacteroidia;o__Bacteroidales;f__Bacteroidaceae;g__Prevotella;s__Prevotella sp002251435
170000,0.003003003003003003,0.002145922746781116,0.0001766472354707649,9.55261900971183e-05,3.0,3.0,0.0,/group/ctbrowngrp5/sourmash-db.new/gtdb-rs226/gtdb-rs226-k51.dna.rocksdb,GCA_022718335.1 Prevotella sp.,7f33a946c0d5e461a267e63ba001d600,0.03648068669527897,10000,369,35830000,outputs.mapping/bams.cds.rand/SRR10209667.x.s__Prevotella sp000434975.fastq.gz,SRR10209667.x.s__Prevotella sp000434975,4b5fad20,56610000,51,DNA,10000,5661,True,0.8923604403934454,0.9371414709257636,0.9147509556596045,0.9371414709257636,False,3,25121,31405,d__Bacteria;p__Bacteroidota;c__Bacteroidia;o__Bacteroidales;f__Bacteroidaceae;g__Prevotella;s__Prevotella sp002265625
2040000,0.036036036036036036,0.004201680672268907,0.0001766472354707649,0.0001592103168285305,5.0,5.0,0.0,/group/ctbrowngrp5/sourmash-db.new/gtdb-rs226/gtdb-rs226-k51.dna.rocksdb,GCA_028719725.1 Leyella stercorea,15d47478f1c5a793b66f5a46fa3704aa,0.8571428571428571,10000,370,35820000,outputs.mapping/bams.cds.rand/SRR10209667.x.s__Prevotella sp000434975.fastq.gz,SRR10209667.x.s__Prevotella sp000434975,4b5fad20,56610000,51,DNA,10000,5661,True,0.9369161513230859,0.9969820009932039,0.966949076158145,0.9969820009932039,False,5,25126,31405,d__Bacteria;p__Bacteroidota;c__Bacteroidia;o__Bacteroidales;f__Bacteroidaceae;g__Prevotella;s__Prevotella sp000434975
90000,0.001589825119236884,0.0037313432835820895,0.0001766472354707649,0.0004457888871198854,14.0,14.0,0.0,/group/ctbrowngrp5/sourmash-db.new/gtdb-rs226/gtdb-rs226-k51.dna.rocksdb,GCA_902487985.1 uncultured Prevotella sp.,8b0652d24c4590cbc7bbb27b43fa9c1f,0.033582089552238806,10000,371,35810000,outputs.mapping/bams.cds.rand/SRR10209667.x.s__Prevotella sp000434975.fastq.gz,SRR10209667.x.s__Prevotella sp000434975,4b5fad20,56610000,51,DNA,10000,5661,True,0.8813014753320336,0.935621409977912,0.9084614426549729,0.935621409977912,False,14,25140,31405,d__Bacteria;p__Bacteroidota;c__Bacteroidia;o__Bacteroidales;f__Bacteroidaceae;g__Prevotella;s__Prevotella sp900771975
30000,0.0005299417064122947,0.00392156862745098,0.0001766472354707649,6.36841267314122e-05,2.0,2.0,0.0,/group/ctbrowngrp5/sourmash-db.new/gtdb-rs226/gtdb-rs226-k51.dna.rocksdb,GCA_945869915.1 uncultured bacterium,8993bafe74ea323974aacc41857b2b22,0.011764705882352941,10000,372,35800000,outputs.mapping/bams.cds.rand/SRR10209667.x.s__Prevotella sp000434975.fastq.gz,SRR10209667.x.s__Prevotella sp000434975,4b5fad20,56610000,51,DNA,10000,5661,True,0.862520008347075,0.9165755252335301,0.8895477667903026,0.9165755252335301,True,2,25142,31405,d__Bacteria;p__Bacteroidota;c__Bacteroidia;o__Bacteroidales;f__Muribaculaceae;g__SFTJ01;s__SFTJ01 sp004563195
220000,0.0038862391803568272,0.0033222591362126247,0.0001766472354707649,0.0001273682534628244,4.0,4.0,0.0,/group/ctbrowngrp5/sourmash-db.new/gtdb-rs226/gtdb-rs226-k51.dna.rocksdb,GCA_035435725.1 Segatella copri,858d0a72245a55656d854e6e9f65924f,0.07308970099667775,10000,373,35790000,outputs.mapping/bams.cds.rand/SRR10209667.x.s__Prevotella sp000434975.fastq.gz,SRR10209667.x.s__Prevotella sp000434975,4b5fad20,56610000,51,DNA,10000,5661,True,0.8968831668941187,0.9499979547523152,0.923440560823217,0.9499979547523152,False,4,25146,31405,d__Bacteria;p__Bacteroidota;c__Bacteroidia;o__Bacteroidales;f__Bacteroidaceae;g__Prevotella;s__Prevotella copri_C
70000,0.0012365306482953543,0.002967359050445104,0.0001766472354707649,3.18420633657061e-05,1.0,1.0,0.0,/group/ctbrowngrp5/sourmash-db.new/gtdb-rs226/gtdb-rs226-k51.dna.rocksdb,GCA_000511755.1 Bacteroides pyogenes DSM 20611 = JCM 6294,ffe1b160a1bccc60b446ee35c382340c,0.020771513353115726,10000,374,35780000,outputs.mapping/bams.cds.rand/SRR10209667.x.s__Prevotella sp000434975.fastq.gz,SRR10209667.x.s__Prevotella sp000434975,4b5fad20,56610000,51,DNA,10000,5661,True,0.8769693387609896,0.9268494129563296,0.9019093758586596,0.9268494129563296,False,1,25147,31405,d__Bacteria;p__Bacteroidota;c__Bacteroidia;o__Bacteroidales;f__Bacteroidaceae;g__Bacteroides;s__Bacteroides pyogenes
220000,0.0038862391803568272,0.0035971223021582736,0.0001766472354707649,0.0001910523801942366,6.0,6.0,0.0,/group/ctbrowngrp5/sourmash-db.new/gtdb-rs226/gtdb-rs226-k51.dna.rocksdb,GCA_018383955.1 Prevotella sp.,8835624ac9b6c6bfdb9a6d3689d868fe,0.07913669064748201,10000,375,35770000,outputs.mapping/bams.cds.rand/SRR10209667.x.s__Prevotella sp000434975.fastq.gz,SRR10209667.x.s__Prevotella sp000434975,4b5fad20,56610000,51,DNA,10000,5661,True,0.8968831668941187,0.9514797863287531,0.9241814766114359,0.9514797863287531,False,6,25153,31405,d__Bacteria;p__Bacteroidota;c__Bacteroidia;o__Bacteroidales;f__Bacteroidaceae;g__Prevotella;s__Prevotella sp945863825
20000,0.0003532944709415298,0.004424778761061947,0.0001766472354707649,3.18420633657061e-05,1.0,1.0,0.0,/group/ctbrowngrp5/sourmash-db.new/gtdb-rs226/gtdb-rs226-k51.dna.rocksdb,GCA_037456015.1 Prevotella sp.,d692d70266c1ae07b9ae6e36a845bb2c,0.008849557522123894,10000,376,35760000,outputs.mapping/bams.cds.rand/SRR10209667.x.s__Prevotella sp000434975.fastq.gz,SRR10209667.x.s__Prevotella sp000434975,4b5fad20,56610000,51,DNA,10000,5661,True,0.8556899054167735,0.9114724786438645,0.8835811920303189,0.9114724786438645,True,1,25154,31405,d__Bacteria;p__Bacteroidota;c__Bacteroidia;o__Bacteroidales;f__Bacteroidaceae;g__Prevotella;s__Prevotella sp002265625
350000,0.006182653241476771,0.0029940119760479044,0.0001766472354707649,6.36841267314122e-05,2.0,2.0,0.0,/group/ctbrowngrp5/sourmash-db.new/gtdb-rs226/gtdb-rs226-k51.dna.rocksdb,GCA_963641685.1 bacterium,aa55b6b2326e5b9aeded5fd551d85533,0.10479041916167664,10000,377,35750000,outputs.mapping/bams.cds.rand/SRR10209667.x.s__Prevotella sp000434975.fastq.gz,SRR10209667.x.s__Prevotella sp000434975,4b5fad20,56610000,51,DNA,10000,5661,True,0.9050857009358988,0.9567327028105731,0.9309092018732359,0.9567327028105731,False,2,25156,31405,d__Bacteria;p__Bacteroidota;c__Bacteroidia;o__Bacteroidales;f__Bacteroidaceae;g__Prevotella;s__Prevotella sp900546535
110000,0.0019431195901784136,0.0036496350364963502,0.0001766472354707649,9.55261900971183e-05,3.0,3.0,0.0,/group/ctbrowngrp5/sourmash-db.new/gtdb-rs226/gtdb-rs226-k51.dna.rocksdb,GCA_963556885.1 uncultured Prevotella sp.,df9431ca7115c3dce815fbad3e862096,0.040145985401459854,10000,378,35740000,outputs.mapping/bams.cds.rand/SRR10209667.x.s__Prevotella sp000434975.fastq.gz,SRR10209667.x.s__Prevotella sp000434975,4b5fad20,56610000,51,DNA,10000,5661,True,0.8847759805681183,0.9389023666570947,0.9118391736126066,0.9389023666570947,False,3,25159,31405,d__Bacteria;p__Bacteroidota;c__Bacteroidia;o__Bacteroidales;f__Bacteroidaceae;g__Prevotella;s__Prevotella sp002251385
320000,0.005652711535064477,0.003952569169960474,0.0001766472354707649,3.18420633657061e-05,1.0,1.0,0.0,/group/ctbrowngrp5/sourmash-db.new/gtdb-rs226/gtdb-rs226-k51.dna.rocksdb,GCA_946404375.1 uncultured Bacteroidales bacterium,3d9c3f591d424be3d9eb463e14f19451,0.12648221343873517,10000,379,35730000,outputs.mapping/bams.cds.rand/SRR10209667.x.s__Prevotella sp000434975.fastq.gz,SRR10209667.x.s__Prevotella sp000434975,4b5fad20,56610000,51,DNA,10000,5661,True,0.9034967701740725,0.9602686142243845,0.9318826921992285,0.9602686142243845,False,1,25160,31405,d__Bacteria;p__Bacteroidota;c__Bacteroidia;o__Bacteroidales;f__Bacteroidaceae;g__Prevotella;s__Prevotella sp900543975
300000,0.005299417064122946,0.0041841004184100415,0.0001766472354707649,3.18420633657061e-05,1.0,1.0,0.0,/group/ctbrowngrp5/sourmash-db.new/gtdb-rs226/gtdb-rs226-k51.dna.rocksdb,GCF_958441405.1 uncultured Prevotella sp.,bb2d8babecdd6367d0f52bca4b14791b,0.12552301255230125,10000,380,35720000,outputs.mapping/bams.cds.rand/SRR10209667.x.s__Prevotella sp000434975.fastq.gz,SRR10209667.x.s__Prevotella sp000434975,4b5fad20,56610000,51,DNA,10000,5661,True,0.9023541531894088,0.9601252891211385,0.9312397211552736,0.9601252891211385,False,1,25161,31405,d__Bacteria;p__Bacteroidota;c__Bacteroidia;o__Bacteroidales;f__Bacteroidaceae;g__Prevotella;s__Prevotella pectinovora
120000,0.0021197668256491787,0.0034965034965034965,0.0001766472354707649,6.36841267314122e-05,2.0,2.0,0.0,/group/ctbrowngrp5/sourmash-db.new/gtdb-rs226/gtdb-rs226-k51.dna.rocksdb,GCA_945869265.1 uncultured Prevotella sp.,33193da5f8eacad67419eebc3e05da30,0.04195804195804196,10000,381,35710000,outputs.mapping/bams.cds.rand/SRR10209667.x.s__Prevotella sp000434975.fastq.gz,SRR10209667.x.s__Prevotella sp000434975,4b5fad20,56610000,51,DNA,10000,5661,True,0.8862867901076426,0.9397154705782776,0.9130011303429602,0.9397154705782776,False,2,25163,31405,d__Bacteria;p__Bacteroidota;c__Bacteroidia;o__Bacteroidales;f__Bacteroidaceae;g__Prevotella;s__Prevotella sp945869265
150000,0.002649708532061473,0.0035335689045936395,0.0001766472354707649,3.18420633657061e-05,1.0,1.0,0.0,/group/ctbrowngrp5/sourmash-db.new/gtdb-rs226/gtdb-rs226-k51.dna.rocksdb,GCA_037267515.1 Prevotella sp.,e2b92322d7b57e583f3b32ffefb56c9d,0.053003533568904596,10000,382,35700000,outputs.mapping/bams.cds.rand/SRR10209667.x.s__Prevotella sp000434975.fastq.gz,SRR10209667.x.s__Prevotella sp000434975,4b5fad20,56610000,51,DNA,10000,5661,True,0.8901731130406263,0.9440312461420548,0.9171021795913405,0.9440312461420548,False,1,25164,31405,d__Bacteria;p__Bacteroidota;c__Bacteroidia;o__Bacteroidales;f__Bacteroidaceae;g__Prevotella;s__Prevotella copri_M
10000,0.0001766472354707649,0.007633587786259542,0.0001766472354707649,6.36841267314122e-05,2.0,2.0,0.0,/group/ctbrowngrp5/sourmash-db.new/gtdb-rs226/gtdb-rs226-k51.dna.rocksdb,GCA_023403375.1 Bacillota bacterium,f475eb9ff2920219ac26395a368fd1cb,0.007633587786259542,10000,383,35690000,outputs.mapping/bams.cds.rand/SRR10209667.x.s__Prevotella sp000434975.fastq.gz,SRR10209667.x.s__Prevotella sp000434975,4b5fad20,56610000,51,DNA,10000,5661,True,0.8441387942971,0.908834650149845,0.8764867222234725,0.908834650149845,True,2,25166,31405,d__Bacteria;p__Bacillota;c__Clostridia;o__Christensenellales;f__Borkfalkiaceae;g__UBA1259;s__UBA1259 sp023403375
10000,0.0001766472354707649,0.0021645021645021645,0.0001766472354707649,3.18420633657061e-05,1.0,1.0,0.0,/group/ctbrowngrp5/sourmash-db.new/gtdb-rs226/gtdb-rs226-k51.dna.rocksdb,GCA_946001085.1 Bacteroides thetaiotaomicron,24f216d7879f683137152ad17056b40d,0.0021645021645021645,10000,384,35680000,outputs.mapping/bams.cds.rand/SRR10209667.x.s__Prevotella sp000434975.fastq.gz,SRR10209667.x.s__Prevotella sp000434975,4b5fad20,56610000,51,DNA,10000,5661,True,0.8441387942971,0.8866497952733098,0.8653942947852049,0.8866497952733098,True,1,25167,31405,d__Bacteria;p__Bacteroidota;c__Bacteroidia;o__Bacteroidales;f__Bacteroidaceae;g__Bacteroides;s__Bacteroides thetaiotaomicron
20000,0.0003532944709415298,0.0026666666666666666,0.0001766472354707649,6.36841267314122e-05,2.0,2.0,0.0,/group/ctbrowngrp5/sourmash-db.new/gtdb-rs226/gtdb-rs226-k51.dna.rocksdb,GCF_018128085.1 Prevotella jejuni,88a09f47bd67924aeac45c6ce5455a9c,0.005333333333333333,10000,385,35670000,outputs.mapping/bams.cds.rand/SRR10209667.x.s__Prevotella sp000434975.fastq.gz,SRR10209667.x.s__Prevotella sp000434975,4b5fad20,56610000,51,DNA,10000,5661,True,0.8556899054167735,0.9024670360307087,0.8790784707237411,0.9024670360307087,True,2,25169,31405,d__Bacteria;p__Bacteroidota;c__Bacteroidia;o__Bacteroidales;f__Bacteroidaceae;g__Prevotella;s__Prevotella jejuni
290000,0.005122769828652182,0.0031746031746031746,0.0001766472354707649,3.18420633657061e-05,1.0,1.0,0.0,/group/ctbrowngrp5/sourmash-db.new/gtdb-rs226/gtdb-rs226-k51.dna.rocksdb,GCF_037271525.1 Prevotella sp.,42f166014df5cc731326cdcf073fbb98,0.09206349206349207,10000,386,35660000,outputs.mapping/bams.cds.rand/SRR10209667.x.s__Prevotella sp000434975.fastq.gz,SRR10209667.x.s__Prevotella sp000434975,4b5fad20,56610000,51,DNA,10000,5661,True,0.9017545249410949,0.9543067355230594,0.9280306302320771,0.9543067355230594,False,1,25170,31405,d__Bacteria;p__Bacteroidota;c__Bacteroidia;o__Bacteroidales;f__Bacteroidaceae;g__Prevotella;s__Prevotella sp900546575
10000,0.0001766472354707649,0.004608294930875576,0.0001766472354707649,6.36841267314122e-05,2.0,2.0,0.0,/group/ctbrowngrp5/sourmash-db.new/gtdb-rs226/gtdb-rs226-k51.dna.rocksdb,GCA_041329895.1 Anaerotignum faecicola,f41c83e585604672a7124d87822f30c1,0.004608294930875576,10000,387,35650000,outputs.mapping/bams.cds.rand/SRR10209667.x.s__Prevotella sp000434975.fastq.gz,SRR10209667.x.s__Prevotella sp000434975,4b5fad20,56610000,51,DNA,10000,5661,True,0.8441387942971,0.8998851063638268,0.8720119503304634,0.8998851063638268,True,2,25172,31405,d__Bacteria;p__Bacillota;c__Clostridia;o__Lachnospirales;f__Anaerotignaceae;g__Anaerotignum_A;s__Anaerotignum_A faecicola
20000,0.0003532944709415298,0.004201680672268907,0.0001766472354707649,0.0004457888871198854,14.0,14.0,0.0,/group/ctbrowngrp5/sourmash-db.new/gtdb-rs226/gtdb-rs226-k51.dna.rocksdb,GCA_034091415.1 Bacteroidaceae bacterium,1d5d5d0599403d99882a347118e67c71,0.008403361344537815,10000,388,35640000,outputs.mapping/bams.cds.rand/SRR10209667.x.s__Prevotella sp000434975.fastq.gz,SRR10209667.x.s__Prevotella sp000434975,4b5fad20,56610000,51,DNA,10000,5661,True,0.8556899054167735,0.9105483270059616,0.8831191162113675,0.9105483270059616,True,14,25186,31405,d__Bacteria;p__Bacteroidota;c__Bacteroidia;o__Bacteroidales;f__Bacteroidaceae;g__Physcousia;s__Physcousia sp900766785
230000,0.004062886415827592,0.0044444444444444444,0.0001766472354707649,3.18420633657061e-05,1.0,1.0,0.0,/group/ctbrowngrp5/sourmash-db.new/gtdb-rs226/gtdb-rs226-k51.dna.rocksdb,GCA_945985135.1 uncultured Prevotellaceae bacterium,4e4d40194741c2a1195217db46de8f60,0.10222222222222223,10000,389,35630000,outputs.mapping/bams.cds.rand/SRR10209667.x.s__Prevotella sp000434975.fastq.gz,SRR10209667.x.s__Prevotella sp000434975,4b5fad20,56610000,51,DNA,10000,5661,True,0.8976652338978812,0.9562673326502501,0.9269662832740657,0.9562673326502501,False,1,25187,31405,d__Bacteria;p__Bacteroidota;c__Bacteroidia;o__Bacteroidales;f__Bacteroidaceae;g__UBA6382;s__UBA6382 sp945827465
50000,0.0008832361773538244,0.0014619883040935672,0.0001766472354707649,0.0003821047603884732,12.0,12.0,0.0,/group/ctbrowngrp5/sourmash-db.new/gtdb-rs226/gtdb-rs226-k51.dna.rocksdb,GCF_020256745.1 Bacteroides xylanisolvens,48ea7bd216fc5d7b050b3304abb11052,0.007309941520467836,10000,390,35620000,outputs.mapping/bams.cds.rand/SRR10209667.x.s__Prevotella sp000434975.fastq.gz,SRR10209667.x.s__Prevotella sp000434975,4b5fad20,56610000,51,DNA,10000,5661,True,0.8712025820686096,0.9080629553220789,0.8896327686953442,0.9080629553220789,True,12,25199,31405,d__Bacteria;p__Bacteroidota;c__Bacteroidia;o__Bacteroidales;f__Bacteroidaceae;g__Bacteroides;s__Bacteroides xylanisolvens
40000,0.0007065889418830596,0.00423728813559322,0.0001766472354707649,0.0001592103168285305,5.0,5.0,0.0,/group/ctbrowngrp5/sourmash-db.new/gtdb-rs226/gtdb-rs226-k51.dna.rocksdb,GCA_029219145.1 Paraprevotella sp.,e96605f7be4616c3ebaf04aeb114016f,0.01694915254237288,10000,391,35610000,outputs.mapping/bams.cds.rand/SRR10209667.x.s__Prevotella sp000434975.fastq.gz,SRR10209667.x.s__Prevotella sp000434975,4b5fad20,56610000,51,DNA,10000,5661,True,0.8673990807896248,0.9231609205173658,0.8952800006534953,0.9231609205173658,True,5,25204,31405,d__Bacteria;p__Bacteroidota;c__Bacteroidia;o__Bacteroidales;f__Bacteroidaceae;g__Physcousia;s__Physcousia sp900766785
10000,0.0001766472354707649,0.008264462809917356,0.0001766472354707649,3.18420633657061e-05,1.0,1.0,0.0,/group/ctbrowngrp5/sourmash-db.new/gtdb-rs226/gtdb-rs226-k51.dna.rocksdb,GCA_949285875.1 uncultured bacterium,7cc044d1c009fbbb581eee6c97f104f3,0.008264462809917356,10000,392,35600000,outputs.mapping/bams.cds.rand/SRR10209667.x.s__Prevotella sp000434975.fastq.gz,SRR10209667.x.s__Prevotella sp000434975,4b5fad20,56610000,51,DNA,10000,5661,True,0.8441387942971,0.9102508039235093,0.8771947991103046,0.9102508039235093,True,1,25205,31405,d__Bacteria;p__Bacillota;c__Bacilli;o__RF39;f__UBA660;g__Aphodocola;s__Aphodocola sp949285875
20000,0.0003532944709415298,0.0038910505836575876,0.0001766472354707649,6.36841267314122e-05,2.0,2.0,0.0,/group/ctbrowngrp5/sourmash-db.new/gtdb-rs226/gtdb-rs226-k51.dna.rocksdb,GCA_963589695.1 Blautia wexlerae,9baa48541ad94ef6ba135271040d0501,0.007782101167315175,10000,393,35590000,outputs.mapping/bams.cds.rand/SRR10209667.x.s__Prevotella sp000434975.fastq.gz,SRR10209667.x.s__Prevotella sp000434975,4b5fad20,56610000,51,DNA,10000,5661,True,0.8556899054167735,0.9091780837816509,0.8824339945992121,0.9091780837816509,True,2,25207,31405,d__Bacteria;p__Bacteroidota;c__Bacteroidia;o__Bacteroidales;f__Muribaculaceae;g__Limisoma;s__Limisoma sp000437795
200000,0.0035329447094152974,0.0032679738562091504,0.0001766472354707649,6.36841267314122e-05,2.0,2.0,0.0,/group/ctbrowngrp5/sourmash-db.new/gtdb-rs226/gtdb-rs226-k51.dna.rocksdb,GCF_037270145.1 Prevotella sp.,32a0bf43cbe9e6aa31aee8358d26ff79,0.06535947712418301,10000,394,35580000,outputs.mapping/bams.cds.rand/SRR10209667.x.s__Prevotella sp000434975.fastq.gz,SRR10209667.x.s__Prevotella sp000434975,4b5fad20,56610000,51,DNA,10000,5661,True,0.8952086125802353,0.9479179696645543,0.9215632911223948,0.9479179696645543,False,2,25209,31405,d__Bacteria;p__Bacteroidota;c__Bacteroidia;o__Bacteroidales;f__Bacteroidaceae;g__Prevotella;s__Prevotella sp900552515
310000,0.005476064299593711,0.003003003003003003,0.0001766472354707649,6.36841267314122e-05,2.0,2.0,0.0,/group/ctbrowngrp5/sourmash-db.new/gtdb-rs226/gtdb-rs226-k51.dna.rocksdb,GCF_020735445.1 Segatella copri DSM 18205,8fe32a8e68be2b6916d180186f028f5e,0.09309309309309309,10000,395,35570000,outputs.mapping/bams.cds.rand/SRR10209667.x.s__Prevotella sp000434975.fastq.gz,SRR10209667.x.s__Prevotella sp000434975,4b5fad20,56610000,51,DNA,10000,5661,True,0.9029344972379653,0.9545148630121109,0.9287246801250381,0.9545148630121109,False,2,25211,31405,d__Bacteria;p__Bacteroidota;c__Bacteroidia;o__Bacteroidales;f__Bacteroidaceae;g__Prevotella;s__Prevotella copri
20000,0.0003532944709415298,0.0017543859649122807,0.0001766472354707649,6.36841267314122e-05,2.0,2.0,0.0,/group/ctbrowngrp5/sourmash-db.new/gtdb-rs226/gtdb-rs226-k51.dna.rocksdb,GCF_001940505.1 Serratia marcescens,012b0879bf954fd8e1e39652173822a9,0.0035087719298245615,10000,396,35560000,outputs.mapping/bams.cds.rand/SRR10209667.x.s__Prevotella sp000434975.fastq.gz,SRR10209667.x.s__Prevotella sp000434975,4b5fad20,56610000,51,DNA,10000,5661,True,0.8556899054167735,0.8950881077119309,0.8753890065643521,0.8950881077119309,True,2,25213,31405,d__Bacteria;p__Pseudomonadota;c__Gammaproteobacteria;o__Enterobacterales;f__Enterobacteriaceae;g__Serratia;s__Serratia nematodiphila
10000,0.0001766472354707649,0.0038910505836575876,0.0001766472354707649,3.18420633657061e-05,1.0,1.0,0.0,/group/ctbrowngrp5/sourmash-db.new/gtdb-rs226/gtdb-rs226-k51.dna.rocksdb,GCA_037360055.1 Prevotellamassilia sp.,a91844f2bfd01b7ebf33bf3bab77b8ad,0.0038910505836575876,10000,397,35550000,outputs.mapping/bams.cds.rand/SRR10209667.x.s__Prevotella sp000434975.fastq.gz,SRR10209667.x.s__Prevotella sp000434975,4b5fad20,56610000,51,DNA,10000,5661,True,0.8441387942971,0.8969049261729743,0.8705218602350372,0.8969049261729743,True,1,25214,31405,d__Bacteria;p__Bacteroidota;c__Bacteroidia;o__Bacteroidales;f__Bacteroidaceae;g__Alloprevotella;s__Alloprevotella sp900539625
20000,0.0003532944709415298,0.0024449877750611247,0.0001766472354707649,0.002961311893010667,93.0,93.0,0.0,/group/ctbrowngrp5/sourmash-db.new/gtdb-rs226/gtdb-rs226-k51.dna.rocksdb,GCA_021616595.1 Bacteroidales bacterium,58da32daf3e3c54075353a3fd64979fd,0.004889975550122249,10000,398,35540000,outputs.mapping/bams.cds.rand/SRR10209667.x.s__Prevotella sp000434975.fastq.gz,SRR10209667.x.s__Prevotella sp000434975,4b5fad20,56610000,51,DNA,10000,5661,True,0.8556899054167735,0.900932570880855,0.8783112381488143,0.900932570880855,True,93,25307,31405,d__Bacteria;p__Bacteroidota;c__Bacteroidia;o__Bacteroidales;f__UBA932;g__Cryptobacteroides;s__Cryptobacteroides sp000433355
140000,0.0024730612965907085,0.0029940119760479044,0.0001766472354707649,0.0001273682534628244,4.0,4.0,0.0,/group/ctbrowngrp5/sourmash-db.new/gtdb-rs226/gtdb-rs226-k51.dna.rocksdb,GCA_022723075.1 Prevotella sp.,9ca33f39bd4b8ae7107f99e896c5750a,0.041916167664670656,10000,399,35530000,outputs.mapping/bams.cds.rand/SRR10209667.x.s__Prevotella sp000434975.fastq.gz,SRR10209667.x.s__Prevotella sp000434975,4b5fad20,56610000,51,DNA,10000,5661,True,0.8889696997786464,0.9396970725606059,0.9143333861696261,0.9396970725606059,False,4,25311,31405,d__Bacteria;p__Bacteroidota;c__Bacteroidia;o__Bacteroidales;f__Bacteroidaceae;g__Prevotella;s__Prevotella hominis
20000,0.0003532944709415298,0.0027397260273972603,0.0001766472354707649,3.18420633657061e-05,1.0,1.0,0.0,/group/ctbrowngrp5/sourmash-db.new/gtdb-rs226/gtdb-rs226-k51.dna.rocksdb,GCA_928721575.1 uncultured Lachnospira sp.,9d07afdf1903b43ea32600325f1f2c95,0.005479452054794521,10000,400,35520000,outputs.mapping/bams.cds.rand/SRR10209667.x.s__Prevotella sp000434975.fastq.gz,SRR10209667.x.s__Prevotella sp000434975,4b5fad20,56610000,51,DNA,10000,5661,True,0.8556899054167735,0.9029454468285724,0.8793176761226729,0.9029454468285724,True,1,25312,31405,d__Bacteria;p__Bacillota;c__Clostridia;o__Lachnospirales;f__Lachnospiraceae;g__Lachnospira;s__Lachnospira sp000436475
10000,0.0001766472354707649,0.0038314176245210726,0.0001766472354707649,6.36841267314122e-05,2.0,2.0,0.0,/group/ctbrowngrp5/sourmash-db.new/gtdb-rs226/gtdb-rs226-k51.dna.rocksdb,GCF_902496205.1 uncultured Alistipes sp.,c85d4ee9a331997bebc6b0483c31efb2,0.0038314176245210726,10000,401,35510000,outputs.mapping/bams.cds.rand/SRR10209667.x.s__Prevotella sp000434975.fastq.gz,SRR10209667.x.s__Prevotella sp000434975,4b5fad20,56610000,51,DNA,10000,5661,True,0.8441387942971,0.8966333577089488,0.8703860760030244,0.8966333577089488,True,2,25314,31405,d__Bacteria;p__Bacteroidota;c__Bacteroidia;o__Bacteroidales;f__Rikenellaceae;g__Alistipes;s__Alistipes excrementigallinarum
20000,0.0003532944709415298,0.005235602094240838,0.0001766472354707649,3.18420633657061e-05,1.0,1.0,0.0,/group/ctbrowngrp5/sourmash-db.new/gtdb-rs226/gtdb-rs226-k51.dna.rocksdb,GCA_022773825.1 Prevotella sp.,d0e6751a6bd7dfdbf0ac48620dec1f9c,0.010471204188481676,10000,402,35500000,outputs.mapping/bams.cds.rand/SRR10209667.x.s__Prevotella sp000434975.fastq.gz,SRR10209667.x.s__Prevotella sp000434975,4b5fad20,56610000,51,DNA,10000,5661,True,0.8556899054167735,0.9144846171854688,0.8850872613011211,0.9144846171854688,True,1,25315,31405,d__Bacteria;p__Bacteroidota;c__Bacteroidia;o__Bacteroidales;f__Bacteroidaceae;g__Prevotella;s__Prevotella sp022773825
140000,0.0024730612965907085,0.003257328990228013,0.0001766472354707649,6.36841267314122e-05,2.0,2.0,0.0,/group/ctbrowngrp5/sourmash-db.new/gtdb-rs226/gtdb-rs226-k51.dna.rocksdb,GCA_022785035.1 Prevotella sp.,4c21c25c6ce67c6acbe38fbd0f95568f,0.04560260586319218,10000,403,35490000,outputs.mapping/bams.cds.rand/SRR10209667.x.s__Prevotella sp000434975.fastq.gz,SRR10209667.x.s__Prevotella sp000434975,4b5fad20,56610000,51,DNA,10000,5661,True,0.8889696997786464,0.941251496317347,0.9151105980479967,0.941251496317347,False,2,25317,31405,d__Bacteria;p__Bacteroidota;c__Bacteroidia;o__Bacteroidales;f__Bacteroidaceae;g__Prevotella;s__Prevotella sp900548195
2010000,0.03550609432962374,0.00392156862745098,0.0001766472354707649,0.0028657857029135486,90.0,90.0,0.0,/group/ctbrowngrp5/sourmash-db.new/gtdb-rs226/gtdb-rs226-k51.dna.rocksdb,GCA_004562625.1 bacterium,804476c0d2f269c97412290a93063701,0.788235294117647,10000,404,35480000,outputs.mapping/bams.cds.rand/SRR10209667.x.s__Prevotella sp000434975.fastq.gz,SRR10209667.x.s__Prevotella sp000434975,4b5fad20,56610000,51,DNA,10000,5661,True,0.9366440243178844,0.9953450125652655,0.965994518441575,0.9953450125652655,False,90,25407,31405,d__Bacteria;p__Bacteroidota;c__Bacteroidia;o__Bacteroidales;f__Bacteroidaceae;g__Prevotella;s__Prevotella sp000434975
90000,0.001589825119236884,0.004329004329004329,0.0001766472354707649,3.18420633657061e-05,1.0,1.0,0.0,/group/ctbrowngrp5/sourmash-db.new/gtdb-rs226/gtdb-rs226-k51.dna.rocksdb,GCA_029100245.1 Prevotellaceae bacterium,ca53876fa1a492705972878af579083c,0.03896103896103896,10000,405,35470000,outputs.mapping/bams.cds.rand/SRR10209667.x.s__Prevotella sp000434975.fastq.gz,SRR10209667.x.s__Prevotella sp000434975,4b5fad20,56610000,51,DNA,10000,5661,True,0.8813014753320336,0.938350964004286,0.9098262196681598,0.938350964004286,False,1,25408,31405,d__Bacteria;p__Bacteroidota;c__Bacteroidia;o__Bacteroidales;f__Bacteroidaceae;g__Prevotella;s__Prevotella sp022788105
10000,0.0001766472354707649,0.004484304932735426,0.0001766472354707649,0.0002547365069256488,8.0,8.0,0.0,/group/ctbrowngrp5/sourmash-db.new/gtdb-rs226/gtdb-rs226-k51.dna.rocksdb,GCA_900768695.1 uncultured Anaerovibrio sp.,d40fd8aa060e3d200d67d6a6618a6192,0.004484304932735426,10000,406,35460000,outputs.mapping/bams.cds.rand/SRR10209667.x.s__Prevotella sp000434975.fastq.gz,SRR10209667.x.s__Prevotella sp000434975,4b5fad20,56610000,51,DNA,10000,5661,True,0.8441387942971,0.8994039832126721,0.8717713887548861,0.8994039832126721,True,8,25416,31405,d__Bacteria;p__Bacillota;c__Negativicutes;o__Selenomonadales;f__Selenomonadaceae;g__Anaerovibrio;s__Anaerovibrio sp900768695
60000,0.0010598834128245894,0.004166666666666667,0.0001766472354707649,0.0001592103168285305,5.0,5.0,0.0,/group/ctbrowngrp5/sourmash-db.new/gtdb-rs226/gtdb-rs226-k51.dna.rocksdb,GCA_945995445.1 uncultured Bacteroidales bacterium,e4ce279f1cdfc56cac7a42f37c5c96f1,0.025,10000,407,35450000,outputs.mapping/bams.cds.rand/SRR10209667.x.s__Prevotella sp000434975.fastq.gz,SRR10209667.x.s__Prevotella sp000434975,4b5fad20,56610000,51,DNA,10000,5661,True,0.8743226461676182,0.9302229692504613,0.9022728077090398,0.9302229692504613,True,5,25421,31405,d__Bacteria;p__Bacteroidota;c__Bacteroidia;o__Bacteroidales;f__Bacteroidaceae;g__Alloprevotella;s__Alloprevotella sp004552155
20000,0.0003532944709415298,0.0035971223021582736,0.0001766472354707649,3.18420633657061e-05,1.0,1.0,0.0,/group/ctbrowngrp5/sourmash-db.new/gtdb-rs226/gtdb-rs226-k51.dna.rocksdb,GCF_014281125.1 Lawsonibacter celer,6b84cef6d89ebcbe758f152b6f283d24,0.007194244604316547,10000,408,35440000,outputs.mapping/bams.cds.rand/SRR10209667.x.s__Prevotella sp000434975.fastq.gz,SRR10209667.x.s__Prevotella sp000434975,4b5fad20,56610000,51,DNA,10000,5661,True,0.8556899054167735,0.9077789375722995,0.8817344214945365,0.9077789375722995,True,1,25422,31405,d__Bacteria;p__Bacillota;c__Clostridia;o__Oscillospirales;f__Oscillospiraceae;g__Instestinimonas_A;s__Instestinimonas_A celer
270000,0.0047694753577106515,0.0028011204481792717,0.0001766472354707649,0.0001273682534628244,4.0,4.0,0.0,/group/ctbrowngrp5/sourmash-db.new/gtdb-rs226/gtdb-rs226-k51.dna.rocksdb,GCA_902464455.1 uncultured Prevotella sp.,82cda80eeb3b31b6f829e0e469c65bac,0.07563025210084033,10000,409,35430000,outputs.mapping/bams.cds.rand/SRR10209667.x.s__Prevotella sp000434975.fastq.gz,SRR10209667.x.s__Prevotella sp000434975,4b5fad20,56610000,51,DNA,10000,5661,True,0.9004919108031646,0.9506346460710529,0.9255632784371087,0.9506346460710529,False,4,25426,31405,d__Bacteria;p__Bacteroidota;c__Bacteroidia;o__Bacteroidales;f__Bacteroidaceae;g__Prevotella;s__Prevotella sp900546535
10000,0.0001766472354707649,0.006896551724137931,0.0001766472354707649,3.18420633657061e-05,1.0,1.0,0.0,/group/ctbrowngrp5/sourmash-db.new/gtdb-rs226/gtdb-rs226-k51.dna.rocksdb,GCA_021620605.1 Clostridiales bacterium,4f68f2951a640ef26aefab921c87b2a6,0.006896551724137931,10000,410,35420000,outputs.mapping/bams.cds.rand/SRR10209667.x.s__Prevotella sp000434975.fastq.gz,SRR10209667.x.s__Prevotella sp000434975,4b5fad20,56610000,51,DNA,10000,5661,True,0.8441387942971,0.907027041982046,0.875582918139573,0.907027041982046,True,1,25427,31405,d__Bacteria;p__Bacillota;c__Clostridia;o__Christensenellales;f__CAG-917;g__CAG-349;s__CAG-349 sp003539515
60000,0.0010598834128245894,0.0029239766081871343,0.0001766472354707649,9.55261900971183e-05,3.0,3.0,0.0,/group/ctbrowngrp5/sourmash-db.new/gtdb-rs226/gtdb-rs226-k51.dna.rocksdb,GCF_018206495.1 Bacteroides pyogenes,3cbaf8af1107fa27b05a39bbe0706077,0.017543859649122806,10000,411,35410000,outputs.mapping/bams.cds.rand/SRR10209667.x.s__Prevotella sp000434975.fastq.gz,SRR10209667.x.s__Prevotella sp000434975,4b5fad20,56610000,51,DNA,10000,5661,True,0.8743226461676182,0.9237853726019886,0.8990540093848034,0.9237853726019886,True,3,25430,31405,d__Bacteria;p__Bacteroidota;c__Bacteroidia;o__Bacteroidales;f__Bacteroidaceae;g__Bacteroides;s__Bacteroides pyogenes
20000,0.0003532944709415298,0.004878048780487805,0.0001766472354707649,3.18420633657061e-05,1.0,1.0,0.0,/group/ctbrowngrp5/sourmash-db.new/gtdb-rs226/gtdb-rs226-k51.dna.rocksdb,GCF_020785115.1 Limosilactobacillus reuteri,c6ba25ea98590e300cacca2a1c31777f,0.00975609756097561,10000,412,35400000,outputs.mapping/bams.cds.rand/SRR10209667.x.s__Prevotella sp000434975.fastq.gz,SRR10209667.x.s__Prevotella sp000434975,4b5fad20,56610000,51,DNA,10000,5661,True,0.8556899054167735,0.9132171142817191,0.8844535098492463,0.9132171142817191,True,1,25431,31405,d__Bacteria;p__Bacillota;c__Bacilli;o__Lactobacillales;f__Lactobacillaceae;g__Limosilactobacillus;s__Limosilactobacillus reuteri_I
140000,0.0024730612965907085,0.003003003003003003,0.0001766472354707649,9.55261900971183e-05,3.0,3.0,0.0,/group/ctbrowngrp5/sourmash-db.new/gtdb-rs226/gtdb-rs226-k51.dna.rocksdb,GCA_937968095.1 uncultured Prevotella sp.,d988b8856ca861ffd4261c0ec93aa8f4,0.042042042042042045,10000,413,35390000,outputs.mapping/bams.cds.rand/SRR10209667.x.s__Prevotella sp000434975.fastq.gz,SRR10209667.x.s__Prevotella sp000434975,4b5fad20,56610000,51,DNA,10000,5661,True,0.8889696997786464,0.9397523229002331,0.9143610113394398,0.9397523229002331,False,3,25434,31405,d__Bacteria;p__Bacteroidota;c__Bacteroidia;o__Bacteroidales;f__Bacteroidaceae;g__Prevotella;s__Prevotella faecis
2170000,0.03833245009715598,0.00392156862745098,0.0001766472354707649,0.0001592103168285305,5.0,5.0,0.0,/group/ctbrowngrp5/sourmash-db.new/gtdb-rs226/gtdb-rs226-k51.dna.rocksdb,GCA_034108885.1 Prevotella sp.,89d1093f41f135743b79a30a0ba9ba8e,0.8509803921568627,10000,414,35380000,outputs.mapping/bams.cds.rand/SRR10209667.x.s__Prevotella sp000434975.fastq.gz,SRR10209667.x.s__Prevotella sp000434975,4b5fad20,56610000,51,DNA,10000,5661,True,0.9380517449699981,0.9968409573359449,0.9674463511529715,0.9968409573359449,False,5,25439,31405,d__Bacteria;p__Bacteroidota;c__Bacteroidia;o__Bacteroidales;f__Bacteroidaceae;g__Prevotella;s__Prevotella sp000434975
20000,0.0003532944709415298,0.0051813471502590676,0.0001766472354707649,3.18420633657061e-05,1.0,1.0,0.0,/group/ctbrowngrp5/sourmash-db.new/gtdb-rs226/gtdb-rs226-k51.dna.rocksdb,GCA_945912285.1 uncultured Eubacterium sp.,975fb7cf745f950cc7b83410f3cae64f,0.010362694300518135,10000,415,35370000,outputs.mapping/bams.cds.rand/SRR10209667.x.s__Prevotella sp000434975.fastq.gz,SRR10209667.x.s__Prevotella sp000434975,4b5fad20,56610000,51,DNA,10000,5661,True,0.8556899054167735,0.9142978525817129,0.8849938789992432,0.9142978525817129,True,1,25440,31405,d__Bacteria;p__Bacillota;c__Clostridia;o__Oscillospirales;f__CAG-272;g__CAG-841;s__CAG-841 sp018383975
230000,0.004062886415827592,0.0033003300330033004,0.0001766472354707649,0.0007323674574112402,23.0,23.0,0.0,/group/ctbrowngrp5/sourmash-db.new/gtdb-rs226/gtdb-rs226-k51.dna.rocksdb,GCA_018383335.1 Prevotella sp.,77fe15a06ad849794e2a3e987177df3e,0.07590759075907591,10000,416,35360000,outputs.mapping/bams.cds.rand/SRR10209667.x.s__Prevotella sp000434975.fastq.gz,SRR10209667.x.s__Prevotella sp000434975,4b5fad20,56610000,51,DNA,10000,5661,True,0.8976652338978812,0.9507028766155333,0.9241840552567073,0.9507028766155333,False,23,25463,31405,d__Bacteria;p__Bacteroidota;c__Bacteroidia;o__Bacteroidales;f__Bacteroidaceae;g__Prevotella;s__Prevotella faecis
230000,0.004062886415827592,0.0031847133757961785,0.0001766472354707649,6.36841267314122e-05,2.0,2.0,0.0,/group/ctbrowngrp5/sourmash-db.new/gtdb-rs226/gtdb-rs226-k51.dna.rocksdb,GCA_963611295.1 Acetobacter sp. 46_36,bf665c2993bef181114e5183dc21acf5,0.0732484076433121,10000,417,35350000,outputs.mapping/bams.cds.rand/SRR10209667.x.s__Prevotella sp000434975.fastq.gz,SRR10209667.x.s__Prevotella sp000434975,4b5fad20,56610000,51,DNA,10000,5661,True,0.8976652338978812,0.9500383592370965,0.9238517965674888,0.9500383592370965,False,2,25465,31405,d__Bacteria;p__Bacteroidota;c__Bacteroidia;o__Bacteroidales;f__Bacteroidaceae;g__Prevotella;s__Prevotella faecis
140000,0.0024730612965907085,0.0027247956403269754,0.0001766472354707649,3.18420633657061e-05,1.0,1.0,0.0,/group/ctbrowngrp5/sourmash-db.new/gtdb-rs226/gtdb-rs226-k51.dna.rocksdb,GCA_938034775.1 uncultured Prevotella sp.,7fdce2d77cef070313e53394054701db,0.03814713896457766,10000,418,35340000,outputs.mapping/bams.cds.rand/SRR10209667.x.s__Prevotella sp000434975.fastq.gz,SRR10209667.x.s__Prevotella sp000434975,4b5fad20,56610000,51,DNA,10000,5661,True,0.8889696997786464,0.9379626151977986,0.9134661574882225,0.9379626151977986,False,1,25466,31405,d__Bacteria;p__Bacteroidota;c__Bacteroidia;o__Bacteroidales;f__Bacteroidaceae;g__Prevotella;s__Prevotella sp900544825
10000,0.0001766472354707649,0.004739336492890996,0.0001766472354707649,6.36841267314122e-05,2.0,2.0,0.0,/group/ctbrowngrp5/sourmash-db.new/gtdb-rs226/gtdb-rs226-k51.dna.rocksdb,GCA_034117925.1 Dysosmobacter sp.,39d0b2233a16ec24dd850a0e8ff9a085,0.004739336492890996,10000,419,35330000,outputs.mapping/bams.cds.rand/SRR10209667.x.s__Prevotella sp000434975.fastq.gz,SRR10209667.x.s__Prevotella sp000434975,4b5fad20,56610000,51,DNA,10000,5661,True,0.8441387942971,0.900379988990409,0.8722593916437545,0.900379988990409,True,2,25468,31405,d__Bacteria;p__Bacillota;c__Clostridia;o__Oscillospirales;f__Oscillospiraceae;g__Oscillibacter;s__Oscillibacter sp900763685
230000,0.004062886415827592,0.004329004329004329,0.0001766472354707649,3.18420633657061e-05,1.0,1.0,0.0,/group/ctbrowngrp5/sourmash-db.new/gtdb-rs226/gtdb-rs226-k51.dna.rocksdb,GCF_022775155.1 Prevotella sp.,b04dcbe995a8bb562b3fbd52526f1736,0.09956709956709957,10000,420,35320000,outputs.mapping/bams.cds.rand/SRR10209667.x.s__Prevotella sp000434975.fastq.gz,SRR10209667.x.s__Prevotella sp000434975,4b5fad20,56610000,51,DNA,10000,5661,True,0.8976652338978812,0.9557740014719261,0.9267196176849037,0.9557740014719261,False,1,25469,31405,d__Bacteria;p__Bacteroidota;c__Bacteroidia;o__Bacteroidales;f__Bacteroidaceae;g__Prevotella;s__Prevotella sp900553155
30000,0.0005299417064122947,0.0015037593984962407,0.0001766472354707649,0.0007323674574112402,23.0,23.0,0.0,/group/ctbrowngrp5/sourmash-db.new/gtdb-rs226/gtdb-rs226-k51.dna.rocksdb,GCA_030839605.1 Bacteroides ovatus,e80435e8acdc5edea2caf99baf3e32d1,0.004511278195488722,10000,421,35310000,outputs.mapping/bams.cds.rand/SRR10209667.x.s__Prevotella sp000434975.fastq.gz,SRR10209667.x.s__Prevotella sp000434975,4b5fad20,56610000,51,DNA,10000,5661,True,0.862520008347075,0.8995097491015877,0.8810148787243313,0.8995097491015877,True,23,25492,31405,d__Bacteria;p__Bacteroidota;c__Bacteroidia;o__Bacteroidales;f__Bacteroidaceae;g__Bacteroides;s__Bacteroides ovatus
2110000,0.03727256668433139,0.004132231404958678,0.0001766472354707649,0.0012099984078968317,38.0,38.0,0.0,/group/ctbrowngrp5/sourmash-db.new/gtdb-rs226/gtdb-rs226-k51.dna.rocksdb,GCA_034105725.1 Prevotella sp.,4e610462ef4e503f46a7867b12337884,0.871900826446281,10000,422,35300000,outputs.mapping/bams.cds.rand/SRR10209667.x.s__Prevotella sp000434975.fastq.gz,SRR10209667.x.s__Prevotella sp000434975,4b5fad20,56610000,51,DNA,10000,5661,True,0.9375361565327858,0.997315773844113,0.9674259651884494,0.997315773844113,False,38,25530,31405,d__Bacteria;p__Bacteroidota;c__Bacteroidia;o__Bacteroidales;f__Bacteroidaceae;g__Prevotella;s__Prevotella sp000434975
140000,0.0024730612965907085,0.0044444444444444444,0.0001766472354707649,9.55261900971183e-05,3.0,3.0,0.0,/group/ctbrowngrp5/sourmash-db.new/gtdb-rs226/gtdb-rs226-k51.dna.rocksdb,GCA_900763235.1 uncultured Prevotella sp.,88cea72e000980ace8584526aca3820b,0.06222222222222222,10000,423,35290000,outputs.mapping/bams.cds.rand/SRR10209667.x.s__Prevotella sp000434975.fastq.gz,SRR10209667.x.s__Prevotella sp000434975,4b5fad20,56610000,51,DNA,10000,5661,True,0.8889696997786464,0.9470041297276381,0.9179869147531423,0.9470041297276381,False,3,25533,31405,d__Bacteria;p__Bacteroidota;c__Bacteroidia;o__Bacteroidales;f__Bacteroidaceae;g__Prevotella;s__Prevotella sp900553155
50000,0.0008832361773538244,0.005128205128205128,0.0001766472354707649,6.36841267314122e-05,2.0,2.0,0.0,/group/ctbrowngrp5/sourmash-db.new/gtdb-rs226/gtdb-rs226-k51.dna.rocksdb,GCA_004558905.1 bacterium,1622ceed56eabf8cd6fd34edbf9d0af1,0.02564102564102564,10000,424,35280000,outputs.mapping/bams.cds.rand/SRR10209667.x.s__Prevotella sp000434975.fastq.gz,SRR10209667.x.s__Prevotella sp000434975,4b5fad20,56610000,51,DNA,10000,5661,True,0.8712025820686096,0.9306848722547763,0.9009437271616929,0.9306848722547763,True,2,25535,31405,d__Bacteria;p__Bacteroidota;c__Bacteroidia;o__Bacteroidales;f__Bacteroidaceae;g__Alloprevotella;s__Alloprevotella sp004557185
10000,0.0001766472354707649,0.007352941176470588,0.0001766472354707649,3.18420633657061e-05,1.0,1.0,0.0,/group/ctbrowngrp5/sourmash-db.new/gtdb-rs226/gtdb-rs226-k51.dna.rocksdb,GCA_902466975.1 uncultured Clostridium sp.,8f05e69fb17485123a67a02777652192,0.007352941176470588,10000,425,35270000,outputs.mapping/bams.cds.rand/SRR10209667.x.s__Prevotella sp000434975.fastq.gz,SRR10209667.x.s__Prevotella sp000434975,4b5fad20,56610000,51,DNA,10000,5661,True,0.8441387942971,0.9081673906938506,0.8761530924954752,0.9081673906938506,True,1,25536,31405,d__Bacteria;p__Bacillota;c__Bacilli;o__RF39;f__UBA660;g__CAG-914;s__CAG-914 sp000437895
10000,0.0001766472354707649,0.00273224043715847,0.0001766472354707649,3.18420633657061e-05,1.0,1.0,0.0,/group/ctbrowngrp5/sourmash-db.new/gtdb-rs226/gtdb-rs226-k51.dna.rocksdb,GCA_015061665.1 Lentisphaerota bacterium,e9b9d1c2ec88a33d6918f7b631103eb6,0.00273224043715847,10000,426,35260000,outputs.mapping/bams.cds.rand/SRR10209667.x.s__Prevotella sp000434975.fastq.gz,SRR10209667.x.s__Prevotella sp000434975,4b5fad20,56610000,51,DNA,10000,5661,True,0.8441387942971,0.8907086398730959,0.867423717085098,0.8907086398730959,True,1,25537,31405,d__Bacteria;p__Verrucomicrobiota;c__Kiritimatiellia;o__RFP12;f__UBA1067;g__UBA1067;s__UBA1067 sp015061665
170000,0.003003003003003003,0.003401360544217687,0.0001766472354707649,0.0001592103168285305,5.0,5.0,0.0,/group/ctbrowngrp5/sourmash-db.new/gtdb-rs226/gtdb-rs226-k51.dna.rocksdb,GCF_934141675.1 uncultured Prevotella sp.,4b8f4a86c0bfefdf795acc9e49b18903,0.05782312925170068,10000,427,35250000,outputs.mapping/bams.cds.rand/SRR10209667.x.s__Prevotella sp000434975.fastq.gz,SRR10209667.x.s__Prevotella sp000434975,4b5fad20,56610000,51,DNA,10000,5661,True,0.8923604403934454,0.9456435880761954,0.9190020142348204,0.9456435880761954,False,5,25542,31405,d__Bacteria;p__Bacteroidota;c__Bacteroidia;o__Bacteroidales;f__Bacteroidaceae;g__Prevotella;s__Prevotella pectinovora
10000,0.0001766472354707649,0.005494505494505495,0.0001766472354707649,6.36841267314122e-05,2.0,2.0,0.0,/group/ctbrowngrp5/sourmash-db.new/gtdb-rs226/gtdb-rs226-k51.dna.rocksdb,GCA_004556045.1 Clostridiales bacterium,8eaf90fe4a23ee2885a2e58543c5725a,0.005494505494505495,10000,428,35240000,outputs.mapping/bams.cds.rand/SRR10209667.x.s__Prevotella sp000434975.fastq.gz,SRR10209667.x.s__Prevotella sp000434975,4b5fad20,56610000,51,DNA,10000,5661,True,0.8441387942971,0.9029940210398251,0.8735664076684626,0.9029940210398251,True,2,25544,31405,d__Bacteria;p__Bacillota;c__Clostridia;o__Oscillospirales;f__Oscillospiraceae;g__Vescimonas;s__Vescimonas sp003487665
20000,0.0003532944709415298,0.004405286343612335,0.0001766472354707649,3.18420633657061e-05,1.0,1.0,0.0,/group/ctbrowngrp5/sourmash-db.new/gtdb-rs226/gtdb-rs226-k51.dna.rocksdb,GCA_020860605.1 Ruminococcus sp.,9ce05dbe00e6a46bad4f22c19c640354,0.00881057268722467,10000,429,35230000,outputs.mapping/bams.cds.rand/SRR10209667.x.s__Prevotella sp000434975.fastq.gz,SRR10209667.x.s__Prevotella sp000434975,4b5fad20,56610000,51,DNA,10000,5661,True,0.8556899054167735,0.9113935768122705,0.883541741114522,0.9113935768122705,True,1,25545,31405,d__Bacteria;p__Bacillota;c__Clostridia;o__Oscillospirales;f__Ruminococcaceae;g__Faeciplasma;s__Faeciplasma sp020860605
10000,0.0001766472354707649,0.005235602094240838,0.0001766472354707649,3.18420633657061e-05,1.0,1.0,0.0,/group/ctbrowngrp5/sourmash-db.new/gtdb-rs226/gtdb-rs226-k51.dna.rocksdb,GCA_945837185.1 uncultured Bacteroidales bacterium,46a0e8379665cba5c53b6678e7eea063,0.005235602094240838,10000,430,35220000,outputs.mapping/bams.cds.rand/SRR10209667.x.s__Prevotella sp000434975.fastq.gz,SRR10209667.x.s__Prevotella sp000434975,4b5fad20,56610000,51,DNA,10000,5661,True,0.8441387942971,0.9021398257330133,0.8731393100150566,0.9021398257330133,True,1,25546,31405,d__Bacteria;p__Bacteroidota;c__Bacteroidia;o__Bacteroidales;f__Bacteroidaceae;g__Prevotella;s__Prevotella sp945837185
60000,0.0010598834128245894,0.0031446540880503146,0.0001766472354707649,0.0001592103168285305,5.0,5.0,0.0,/group/ctbrowngrp5/sourmash-db.new/gtdb-rs226/gtdb-rs226-k51.dna.rocksdb,GCA_037432105.1 Prevotella sp.,4ed4a643e44d9e045b4118a1681e1539,0.018867924528301886,10000,431,35210000,outputs.mapping/bams.cds.rand/SRR10209667.x.s__Prevotella sp000434975.fastq.gz,SRR10209667.x.s__Prevotella sp000434975,4b5fad20,56610000,51,DNA,10000,5661,True,0.8743226461676182,0.9251042352607212,0.8997134407141697,0.9251042352607212,True,5,25551,31405,d__Bacteria;p__Bacteroidota;c__Bacteroidia;o__Bacteroidales;f__Bacteroidaceae;g__Prevotella;s__Prevotella sp003447235
20000,0.0003532944709415298,0.003246753246753247,0.0001766472354707649,3.18420633657061e-05,1.0,1.0,0.0,/group/ctbrowngrp5/sourmash-db.new/gtdb-rs226/gtdb-rs226-k51.dna.rocksdb,GCA_040766325.1 Dehalobacterium sp.,fba23551c68e1de89de74380f8e12113,0.006493506493506494,10000,432,35200000,outputs.mapping/bams.cds.rand/SRR10209667.x.s__Prevotella sp000434975.fastq.gz,SRR10209667.x.s__Prevotella sp000434975,4b5fad20,56610000,51,DNA,10000,5661,True,0.8556899054167735,0.9059566909928176,0.8808232982047955,0.9059566909928176,True,1,25552,31405,d__Bacteria;p__Bacillota;c__Dehalobacteriia;o__Dehalobacteriales;f__Dehalobacteriaceae;g__Dehalobacterium;s__Dehalobacterium sp040766325
20000,0.0003532944709415298,0.0015037593984962407,0.0001766472354707649,3.18420633657061e-05,1.0,1.0,0.0,/group/ctbrowngrp5/sourmash-db.new/gtdb-rs226/gtdb-rs226-k51.dna.rocksdb,GCA_034133165.1 Bacteroides ovatus,df64e54ae2ce9a40ad9aede10e7ff5b7,0.0030075187969924814,10000,433,35190000,outputs.mapping/bams.cds.rand/SRR10209667.x.s__Prevotella sp000434975.fastq.gz,SRR10209667.x.s__Prevotella sp000434975,4b5fad20,56610000,51,DNA,10000,5661,True,0.8556899054167735,0.8923867326918613,0.8740383190543174,0.8923867326918613,True,1,25553,31405,d__Bacteria;p__Bacteroidota;c__Bacteroidia;o__Bacteroidales;f__Bacteroidaceae;g__Bacteroides;s__Bacteroides ovatus
130000,0.0022964140611199434,0.0025974025974025974,0.0001766472354707649,9.55261900971183e-05,3.0,3.0,0.0,/group/ctbrowngrp5/sourmash-db.new/gtdb-rs226/gtdb-rs226-k51.dna.rocksdb,GCA_934216725.1 uncultured Prevotella sp.,46a865bf09f2e9e0f2d6d06da5742b0b,0.033766233766233764,10000,434,35180000,outputs.mapping/bams.cds.rand/SRR10209667.x.s__Prevotella sp000434975.fastq.gz,SRR10209667.x.s__Prevotella sp000434975,4b5fad20,56610000,51,DNA,10000,5661,True,0.8876788782082822,0.9357217364696679,0.9117003073389751,0.9357217364696679,False,3,25556,31405,d__Bacteria;p__Bacteroidota;c__Bacteroidia;o__Bacteroidales;f__Bacteroidaceae;g__Prevotella;s__Prevotella hominis
1390000,0.02455396573043632,0.0036101083032490976,0.0001766472354707649,0.0001273682534628244,4.0,4.0,0.0,/group/ctbrowngrp5/sourmash-db.new/gtdb-rs226/gtdb-rs226-k51.dna.rocksdb,GCA_036737435.1 Bacteroidaceae bacterium,e2e45595fadbb8f9dd2c38ab0672b98f,0.5018050541516246,10000,435,35170000,outputs.mapping/bams.cds.rand/SRR10209667.x.s__Prevotella sp000434975.fastq.gz,SRR10209667.x.s__Prevotella sp000434975,4b5fad20,56610000,51,DNA,10000,5661,True,0.9298946685793413,0.9865705286911479,0.9582325986352447,0.9865705286911479,False,4,25560,31405,d__Bacteria;p__Bacteroidota;c__Bacteroidia;o__Bacteroidales;f__Bacteroidaceae;g__Prevotella;s__Prevotella sp000434975
20000,0.0003532944709415298,0.0032258064516129032,0.0001766472354707649,3.18420633657061e-05,1.0,1.0,0.0,/group/ctbrowngrp5/sourmash-db.new/gtdb-rs226/gtdb-rs226-k51.dna.rocksdb,GCA_945788405.1 uncultured Bacteroidales bacterium,cf94fde0196a0e2c495df10caf4b88c4,0.0064516129032258064,10000,436,35160000,outputs.mapping/bams.cds.rand/SRR10209667.x.s__Prevotella sp000434975.fastq.gz,SRR10209667.x.s__Prevotella sp000434975,4b5fad20,56610000,51,DNA,10000,5661,True,0.8556899054167735,0.9058417214684041,0.8807658134425889,0.9058417214684041,True,1,25561,31405,d__Bacteria;p__Bacteroidota;c__Bacteroidia;o__Bacteroidales;f__Bacteroidaceae;g__Alloprevotella;s__Alloprevotella sp004555055
30000,0.0005299417064122947,0.004048582995951417,0.0001766472354707649,6.36841267314122e-05,2.0,2.0,0.0,/group/ctbrowngrp5/sourmash-db.new/gtdb-rs226/gtdb-rs226-k51.dna.rocksdb,GCA_021531255.1 Fournierella massiliensis,d7696a6505237ef5ed60141b28a35346,0.012145748987854251,10000,437,35150000,outputs.mapping/bams.cds.rand/SRR10209667.x.s__Prevotella sp000434975.fastq.gz,SRR10209667.x.s__Prevotella sp000434975,4b5fad20,56610000,51,DNA,10000,5661,True,0.862520008347075,0.9171485677428265,0.8898342880449508,0.9171485677428265,True,2,25563,31405,d__Bacteria;p__Bacillota;c__Clostridia;o__Oscillospirales;f__Ruminococcaceae;g__JAFBIO01;s__JAFBIO01 sp021531255
160000,0.0028263557675322383,0.0014044943820224719,0.0001766472354707649,0.0004457888871198854,14.0,14.0,0.0,/group/ctbrowngrp5/sourmash-db.new/gtdb-rs226/gtdb-rs226-k51.dna.rocksdb,GCF_039895195.1 Bacteroides thetaiotaomicron,36bb2e290b5d91e6639fc1e969ec4fa0,0.02247191011235955,10000,438,35140000,outputs.mapping/bams.cds.rand/SRR10209667.x.s__Prevotella sp000434975.fastq.gz,SRR10209667.x.s__Prevotella sp000434975,4b5fad20,56610000,51,DNA,10000,5661,True,0.8913003056341949,0.9282804742742876,0.9097903899542412,0.9282804742742876,False,14,25577,31405,d__Bacteria;p__Bacteroidota;c__Bacteroidia;o__Bacteroidales;f__Bacteroidaceae;g__Bacteroides;s__Bacteroides thetaiotaomicron
40000,0.0007065889418830596,0.0025252525252525255,0.0001766472354707649,3.18420633657061e-05,1.0,1.0,0.0,/group/ctbrowngrp5/sourmash-db.new/gtdb-rs226/gtdb-rs226-k51.dna.rocksdb,GCA_945982685.1 uncultured Prevotella sp.,f1413d1d3c3a99c1363e9832573a9709,0.010101010101010102,10000,439,35130000,outputs.mapping/bams.cds.rand/SRR10209667.x.s__Prevotella sp000434975.fastq.gz,SRR10209667.x.s__Prevotella sp000434975,4b5fad20,56610000,51,DNA,10000,5661,True,0.8673990807896248,0.9138394410390787,0.8906192609143517,0.9138394410390787,True,1,25578,31405,d__Bacteria;p__Bacteroidota;c__Bacteroidia;o__Bacteroidales;f__Bacteroidaceae;g__Prevotella;s__Prevotella sp022764085
170000,0.003003003003003003,0.0035842293906810036,0.0001766472354707649,9.55261900971183e-05,3.0,3.0,0.0,/group/ctbrowngrp5/sourmash-db.new/gtdb-rs226/gtdb-rs226-k51.dna.rocksdb,GCA_934229875.1 uncultured Prevotella sp.,ded80bfa11ca439ebe012a0c55b11200,0.06093189964157706,10000,440,35120000,outputs.mapping/bams.cds.rand/SRR10209667.x.s__Prevotella sp000434975.fastq.gz,SRR10209667.x.s__Prevotella sp000434975,4b5fad20,56610000,51,DNA,10000,5661,True,0.8923604403934454,0.9466150955922209,0.9194877679928332,0.9466150955922209,False,3,25581,31405,d__Bacteria;p__Bacteroidota;c__Bacteroidia;o__Bacteroidales;f__Bacteroidaceae;g__Prevotella;s__Prevotella sp900556795
2190000,0.03868574456809751,0.004201680672268907,0.0001766472354707649,3.18420633657061e-05,1.0,1.0,0.0,/group/ctbrowngrp5/sourmash-db.new/gtdb-rs226/gtdb-rs226-k51.dna.rocksdb,GCA_945494815.1 uncultured Bacteroidales bacterium,26135a0d680ae0ed71768fb0fb2f13a2,0.9201680672268907,10000,441,35110000,outputs.mapping/bams.cds.rand/SRR10209667.x.s__Prevotella sp000434975.fastq.gz,SRR10209667.x.s__Prevotella sp000434975,4b5fad20,56610000,51,DNA,10000,5661,True,0.9382205060247089,0.9983699780908263,0.9682952420577675,0.9983699780908263,False,1,25582,31405,d__Bacteria;p__Bacteroidota;c__Bacteroidia;o__Bacteroidales;f__Bacteroidaceae;g__Prevotella;s__Prevotella sp000434975
10000,0.0001766472354707649,0.0019157088122605363,0.0001766472354707649,0.0002228944435599427,7.0,7.0,0.0,/group/ctbrowngrp5/sourmash-db.new/gtdb-rs226/gtdb-rs226-k51.dna.rocksdb,GCA_016709845.1 Flammeovirgaceae bacterium,413cae90e0465009c67d61df9e9d3eab,0.0019157088122605363,10000,442,35100000,outputs.mapping/bams.cds.rand/SRR10209667.x.s__Prevotella sp000434975.fastq.gz,SRR10209667.x.s__Prevotella sp000434975,4b5fad20,56610000,51,DNA,10000,5661,True,0.8441387942971,0.8845295436018308,0.8643341689494655,0.8845295436018308,True,7,25589,31405,d__Bacteria;p__Bacteroidota;c__Bacteroidia;o__Cytophagales;f__Cyclobacteriaceae;g__ELB16-189;s__ELB16-189 sp016709845
10000,0.0001766472354707649,0.008,0.0001766472354707649,0.0001273682534628244,4.0,4.0,0.0,/group/ctbrowngrp5/sourmash-db.new/gtdb-rs226/gtdb-rs226-k51.dna.rocksdb,GCA_022772105.1 Erysipelotrichaceae bacterium,53034fff1ef889771f43af366dd8f339,0.008,10000,443,35090000,outputs.mapping/bams.cds.rand/SRR10209667.x.s__Prevotella sp000434975.fastq.gz,SRR10209667.x.s__Prevotella sp000434975,4b5fad20,56610000,51,DNA,10000,5661,True,0.8441387942971,0.9096705132580012,0.8769046537775507,0.9096705132580012,True,4,25593,31405,d__Bacteria;p__Bacillota;c__Bacilli;o__RFN20;f__CAG-449;g__UBA3210;s__UBA3210 sp022772105
260000,0.004592828122239887,0.003861003861003861,0.0001766472354707649,3.18420633657061e-05,1.0,1.0,0.0,/group/ctbrowngrp5/sourmash-db.new/gtdb-rs226/gtdb-rs226-k51.dna.rocksdb,GCA_946408065.1 uncultured Prevotella sp.,5f21e6565444f5ecf04d0ac1d90c84e3,0.10038610038610038,10000,444,35080000,outputs.mapping/bams.cds.rand/SRR10209667.x.s__Prevotella sp000434975.fastq.gz,SRR10209667.x.s__Prevotella sp000434975,4b5fad20,56610000,51,DNA,10000,5661,True,0.8998257874962377,0.9559275367990361,0.9278766621476369,0.9559275367990361,False,1,25594,31405,d__Bacteria;p__Bacteroidota;c__Bacteroidia;o__Bacteroidales;f__Bacteroidaceae;g__Prevotella;s__Prevotella sp945863825
1160000,0.020491079314608727,0.0037593984962406013,0.0001766472354707649,6.36841267314122e-05,2.0,2.0,0.0,/group/ctbrowngrp5/sourmash-db.new/gtdb-rs226/gtdb-rs226-k51.dna.rocksdb,GCA_963602875.1 Eggerthellaceae bacterium,03150c74444cd982d58264c94bb52dde,0.43609022556390975,10000,445,35070000,outputs.mapping/bams.cds.rand/SRR10209667.x.s__Prevotella sp000434975.fastq.gz,SRR10209667.x.s__Prevotella sp000434975,4b5fad20,56610000,51,DNA,10000,5661,True,0.9266024157592465,0.9838590156494204,0.9552307157043334,0.9838590156494204,False,2,25596,31405,d__Bacteria;p__Bacteroidota;c__Bacteroidia;o__Bacteroidales;f__Bacteroidaceae;g__Prevotella;s__Prevotella sp000434975
170000,0.003003003003003003,0.004132231404958678,0.0001766472354707649,0.0001910523801942366,6.0,6.0,0.0,/group/ctbrowngrp5/sourmash-db.new/gtdb-rs226/gtdb-rs226-k51.dna.rocksdb,GCA_037426385.1 Prevotella sp.,e39e25ee63dd865c79e6de6dc22d294e,0.07024793388429752,10000,446,35060000,outputs.mapping/bams.cds.rand/SRR10209667.x.s__Prevotella sp000434975.fastq.gz,SRR10209667.x.s__Prevotella sp000434975,4b5fad20,56610000,51,DNA,10000,5661,True,0.8923604403934454,0.9492595426400926,0.920809991516769,0.9492595426400926,False,6,25602,31405,d__Bacteria;p__Bacteroidota;c__Bacteroidia;o__Bacteroidales;f__Bacteroidaceae;g__Prevotella;s__Prevotella sp900546575
60000,0.0010598834128245894,0.0037593984962406013,0.0001766472354707649,3.18420633657061e-05,1.0,1.0,0.0,/group/ctbrowngrp5/sourmash-db.new/gtdb-rs226/gtdb-rs226-k51.dna.rocksdb,GCA_029219065.1 Prevotella sp.,c5f36e2c46fe780a0713098985c4272b,0.022556390977443608,10000,447,35050000,outputs.mapping/bams.cds.rand/SRR10209667.x.s__Prevotella sp000434975.fastq.gz,SRR10209667.x.s__Prevotella sp000434975,4b5fad20,56610000,51,DNA,10000,5661,True,0.8743226461676182,0.9283487754708947,0.9013357108192565,0.9283487754708947,True,1,25603,31405,d__Bacteria;p__Bacteroidota;c__Bacteroidia;o__Bacteroidales;f__Bacteroidaceae;g__Prevotella;s__Prevotella sp002251245
190000,0.0033562974739445328,0.003401360544217687,0.0001766472354707649,9.55261900971183e-05,3.0,3.0,0.0,/group/ctbrowngrp5/sourmash-db.new/gtdb-rs226/gtdb-rs226-k51.dna.rocksdb,GCF_905204425.1 uncultured Prevotella sp.,e5129119fb25144acc9a711a923978a1,0.06462585034013606,10000,448,35040000,outputs.mapping/bams.cds.rand/SRR10209667.x.s__Prevotella sp000434975.fastq.gz,SRR10209667.x.s__Prevotella sp000434975,4b5fad20,56610000,51,DNA,10000,5661,True,0.8943087083545793,0.9477081877849054,0.9210084480697424,0.9477081877849054,False,3,25606,31405,d__Bacteria;p__Bacteroidota;c__Bacteroidia;o__Bacteroidales;f__Bacteroidaceae;g__Prevotella;s__Prevotella pectinovora
10000,0.0001766472354707649,0.006578947368421052,0.0001766472354707649,3.18420633657061e-05,1.0,1.0,0.0,/group/ctbrowngrp5/sourmash-db.new/gtdb-rs226/gtdb-rs226-k51.dna.rocksdb,GCA_945864325.1 uncultured Veillonellaceae bacterium,41a5a49aadd733e3a004738784bf1534,0.006578947368421052,10000,449,35030000,outputs.mapping/bams.cds.rand/SRR10209667.x.s__Prevotella sp000434975.fastq.gz,SRR10209667.x.s__Prevotella sp000434975,4b5fad20,56610000,51,DNA,10000,5661,True,0.8441387942971,0.9061889313384778,0.8751638628177889,0.9061889313384778,True,1,25607,31405,d__Bacteria;p__Bacillota;c__Negativicutes;o__Selenomonadales;f__Selenomonadaceae;g__Anaerovibrio;s__Anaerovibrio sp900548165
20000,0.0003532944709415298,0.004807692307692308,0.0001766472354707649,3.18420633657061e-05,1.0,1.0,0.0,/group/ctbrowngrp5/sourmash-db.new/gtdb-rs226/gtdb-rs226-k51.dna.rocksdb,GCA_902496695.1 uncultured Prevotellaceae bacterium,022c5b73aefffd4b8c58f56026b4020d,0.009615384615384616,10000,450,35020000,outputs.mapping/bams.cds.rand/SRR10209667.x.s__Prevotella sp000434975.fastq.gz,SRR10209667.x.s__Prevotella sp000434975,4b5fad20,56610000,51,DNA,10000,5661,True,0.8556899054167735,0.9129570079962835,0.8843234567065286,0.9129570079962835,True,1,25608,31405,d__Bacteria;p__Bacteroidota;c__Bacteroidia;o__Bacteroidales;f__Bacteroidaceae;g__UBA6382;s__UBA6382 sp900557555
10000,0.0001766472354707649,0.00558659217877095,0.0001766472354707649,9.55261900971183e-05,3.0,3.0,0.0,/group/ctbrowngrp5/sourmash-db.new/gtdb-rs226/gtdb-rs226-k51.dna.rocksdb,GCA_017468435.1 Bacteroidales bacterium,840699c908919f532338b1d128074fb8,0.00558659217877095,10000,451,35010000,outputs.mapping/bams.cds.rand/SRR10209667.x.s__Prevotella sp000434975.fastq.gz,SRR10209667.x.s__Prevotella sp000434975,4b5fad20,56610000,51,DNA,10000,5661,True,0.8441387942971,0.9032883544180165,0.8737135743575583,0.9032883544180165,True,3,25611,31405,d__Bacteria;p__Bacteroidota;c__Bacteroidia;o__Bacteroidales;f__UBA1402;g__UBA1757;s__UBA1757 sp017468435
40000,0.0007065889418830596,0.004310344827586207,0.0001766472354707649,9.55261900971183e-05,3.0,3.0,0.0,/group/ctbrowngrp5/sourmash-db.new/gtdb-rs226/gtdb-rs226-k51.dna.rocksdb,GCA_036805225.1 Bacteroidaceae bacterium,8caa7c1e546a03dd0d9922cae5cf8915,0.017241379310344827,10000,452,35000000,outputs.mapping/bams.cds.rand/SRR10209667.x.s__Prevotella sp000434975.fastq.gz,SRR10209667.x.s__Prevotella sp000434975,4b5fad20,56610000,51,DNA,10000,5661,True,0.8673990807896248,0.9234704020446912,0.895434741417158,0.9234704020446912,True,3,25614,31405,d__Bacteria;p__Bacteroidota;c__Bacteroidia;o__Bacteroidales;f__Bacteroidaceae;g__Physcousia;s__Physcousia sp017622815
60000,0.0010598834128245894,0.0045871559633027525,0.0001766472354707649,0.0002865785702913549,9.0,9.0,0.0,/group/ctbrowngrp5/sourmash-db.new/gtdb-rs226/gtdb-rs226-k51.dna.rocksdb,GCA_946057985.1 uncultured Bacteroidales bacterium,27b59a75233bb2c656352d9a94e4548d,0.027522935779816515,10000,453,34990000,outputs.mapping/bams.cds.rand/SRR10209667.x.s__Prevotella sp000434975.fastq.gz,SRR10209667.x.s__Prevotella sp000434975,4b5fad20,56610000,51,DNA,10000,5661,True,0.8743226461676182,0.9319782551506243,0.9031504506591213,0.9319782551506243,True,9,25623,31405,d__Bacteria;p__Bacteroidota;c__Bacteroidia;o__Bacteroidales;f__Bacteroidaceae;g__Alloprevotella;s__Alloprevotella sp004555425
280000,0.004946122593181417,0.0025188916876574307,0.0001766472354707649,9.55261900971183e-05,3.0,3.0,0.0,/group/ctbrowngrp5/sourmash-db.new/gtdb-rs226/gtdb-rs226-k51.dna.rocksdb,GCF_949820615.1 Segatella copri,daff1b874b429f08f7dff36dcba63217,0.07052896725440806,10000,454,34980000,outputs.mapping/bams.cds.rand/SRR10209667.x.s__Prevotella sp000434975.fastq.gz,SRR10209667.x.s__Prevotella sp000434975,4b5fad20,56610000,51,DNA,10000,5661,True,0.9011342725403051,0.9493338597579001,0.9252340661491025,0.9493338597579001,False,3,25626,31405,d__Bacteria;p__Bacteroidota;c__Bacteroidia;o__Bacteroidales;f__Bacteroidaceae;g__Prevotella;s__Prevotella sp934191715
30000,0.0005299417064122947,0.003003003003003003,0.0001766472354707649,0.0007323674574112402,23.0,23.0,0.0,/group/ctbrowngrp5/sourmash-db.new/gtdb-rs226/gtdb-rs226-k51.dna.rocksdb,GCA_937916045.1 uncultured Prevotellaceae bacterium,e0e9639bffe00389bcf2327331f45fda,0.009009009009009009,10000,455,34970000,outputs.mapping/bams.cds.rand/SRR10209667.x.s__Prevotella sp000434975.fastq.gz,SRR10209667.x.s__Prevotella sp000434975,4b5fad20,56610000,51,DNA,10000,5661,True,0.862520008347075,0.9117916860315043,0.8871558471892896,0.9117916860315043,True,23,25649,31405,d__Bacteria;p__Bacteroidota;c__Bacteroidia;o__Bacteroidales;f__Bacteroidaceae;g__Minthosoma;s__Minthosoma sp030528885
370000,0.006535947712418301,0.003703703703703704,0.0001766472354707649,3.18420633657061e-05,1.0,1.0,0.0,/group/ctbrowngrp5/sourmash-db.new/gtdb-rs226/gtdb-rs226-k51.dna.rocksdb,GCF_022782505.1 Prevotella sp.,81f48c792fadc7763818f5b120caba6d,0.13703703703703704,10000,456,34960000,outputs.mapping/bams.cds.rand/SRR10209667.x.s__Prevotella sp000434975.fastq.gz,SRR10209667.x.s__Prevotella sp000434975,4b5fad20,56610000,51,DNA,10000,5661,True,0.9060724242444924,0.9617789200401067,0.9339256721422995,0.9617789200401067,False,1,25650,31405,d__Bacteria;p__Bacteroidota;c__Bacteroidia;o__Bacteroidales;f__Bacteroidaceae;g__Prevotella;s__Prevotella sp900552515
10000,0.0001766472354707649,0.0037735849056603774,0.0001766472354707649,3.18420633657061e-05,1.0,1.0,0.0,/group/ctbrowngrp5/sourmash-db.new/gtdb-rs226/gtdb-rs226-k51.dna.rocksdb,GCA_947628315.1 uncultured Oscillospiraceae bacterium,df4f392953df08857fcc3e2b001bfca4,0.0037735849056603774,10000,457,34950000,outputs.mapping/bams.cds.rand/SRR10209667.x.s__Prevotella sp000434975.fastq.gz,SRR10209667.x.s__Prevotella sp000434975,4b5fad20,56610000,51,DNA,10000,5661,True,0.8441387942971,0.8963660000844977,0.8702523971907989,0.8963660000844977,True,1,25651,31405,d__Bacteria;p__Bacillota;c__Clostridia;o__Oscillospirales;f__Oscillospiraceae;g__Enterenecus;s__Enterenecus sp947628315
10000,0.0001766472354707649,0.008849557522123894,0.0001766472354707649,6.36841267314122e-05,2.0,2.0,0.0,/group/ctbrowngrp5/sourmash-db.new/gtdb-rs226/gtdb-rs226-k51.dna.rocksdb,GCA_037071015.1 Bacilli bacterium,641c2309d419f1d71a91dfaa0a6fc92c,0.008849557522123894,10000,458,34940000,outputs.mapping/bams.cds.rand/SRR10209667.x.s__Prevotella sp000434975.fastq.gz,SRR10209667.x.s__Prevotella sp000434975,4b5fad20,56610000,51,DNA,10000,5661,True,0.8441387942971,0.9114724786438645,0.8778056364704823,0.9114724786438645,True,2,25653,31405,d__Bacteria;p__Bacillota;c__Bacilli;o__RF39;f__UBA660;g__JBAMOY01;s__JBAMOY01 sp037071015
210000,0.0037095919448860626,0.004166666666666667,0.0001766472354707649,3.18420633657061e-05,1.0,1.0,0.0,/group/ctbrowngrp5/sourmash-db.new/gtdb-rs226/gtdb-rs226-k51.dna.rocksdb,GCA_022782125.1 Prevotella sp.,fe24b85744dd4523e558a9ddae83b329,0.0875,10000,459,34930000,outputs.mapping/bams.cds.rand/SRR10209667.x.s__Prevotella sp000434975.fastq.gz,SRR10209667.x.s__Prevotella sp000434975,4b5fad20,56610000,51,DNA,10000,5661,True,0.8960654414871454,0.9533559027397056,0.9247106721134255,0.9533559027397056,False,1,25654,31405,d__Bacteria;p__Bacteroidota;c__Bacteroidia;o__Bacteroidales;f__Bacteroidaceae;g__Prevotella;s__Prevotella sp002251365
10000,0.0001766472354707649,0.00546448087431694,0.0001766472354707649,3.18420633657061e-05,1.0,1.0,0.0,/group/ctbrowngrp5/sourmash-db.new/gtdb-rs226/gtdb-rs226-k51.dna.rocksdb,GCA_945947925.1 uncultured Verrucomicrobiota bacterium,c7008a59f831d63f3a6cf5f737a13299,0.00546448087431694,10000,460,34920000,outputs.mapping/bams.cds.rand/SRR10209667.x.s__Prevotella sp000434975.fastq.gz,SRR10209667.x.s__Prevotella sp000434975,4b5fad20,56610000,51,DNA,10000,5661,True,0.8441387942971,0.9028970081176741,0.873517901207387,0.9028970081176741,True,1,25655,31405,d__Bacteria;p__Verrucomicrobiota;c__Kiritimatiellia;o__RFP12;f__UBA1067;g__UBA1067;s__UBA1067 sp945947925
210000,0.0037095919448860626,0.003484320557491289,0.0001766472354707649,3.18420633657061e-05,1.0,1.0,0.0,/group/ctbrowngrp5/sourmash-db.new/gtdb-rs226/gtdb-rs226-k51.dna.rocksdb,GCA_036754445.1 Bacteroidaceae bacterium,e90801e18044a1931739fd8b75948143,0.07317073170731707,10000,461,34910000,outputs.mapping/bams.cds.rand/SRR10209667.x.s__Prevotella sp000434975.fastq.gz,SRR10209667.x.s__Prevotella sp000434975,4b5fad20,56610000,51,DNA,10000,5661,True,0.8960654414871454,0.950018594769086,0.9230420181281157,0.950018594769086,False,1,25656,31405,d__Bacteria;p__Bacteroidota;c__Bacteroidia;o__Bacteroidales;f__Bacteroidaceae;g__Prevotella;s__Prevotella sp900313215
10000,0.0001766472354707649,0.0024813895781637717,0.0001766472354707649,0.0002865785702913549,9.0,9.0,0.0,/group/ctbrowngrp5/sourmash-db.new/gtdb-rs226/gtdb-rs226-k51.dna.rocksdb,GCA_949747665.1 uncultured Lachnospiraceae bacterium,0f541cbed10e86430ebec95f1d9bd951,0.0024813895781637717,10000,462,34900000,outputs.mapping/bams.cds.rand/SRR10209667.x.s__Prevotella sp000434975.fastq.gz,SRR10209667.x.s__Prevotella sp000434975,4b5fad20,56610000,51,DNA,10000,5661,True,0.8441387942971,0.8890283029845609,0.8665835486408304,0.8890283029845609,True,9,25665,31405,d__Bacteria;p__Bacillota;c__Clostridia;o__Lachnospirales;f__Lachnospiraceae;g__COE1;s__COE1 sp011959805
350000,0.006182653241476771,0.0036101083032490976,0.0001766472354707649,6.36841267314122e-05,2.0,2.0,0.0,/group/ctbrowngrp5/sourmash-db.new/gtdb-rs226/gtdb-rs226-k51.dna.rocksdb,GCF_000833955.1 Prevotella pectinovora,f21257989e56fba1d557f96b9512fcd5,0.1263537906137184,10000,463,34890000,outputs.mapping/bams.cds.rand/SRR10209667.x.s__Prevotella sp000434975.fastq.gz,SRR10209667.x.s__Prevotella sp000434975,4b5fad20,56610000,51,DNA,10000,5661,True,0.9050857009358988,0.96024948701697,0.9326675939764344,0.96024948701697,False,2,25667,31405,d__Bacteria;p__Bacteroidota;c__Bacteroidia;o__Bacteroidales;f__Bacteroidaceae;g__Prevotella;s__Prevotella pectinovora
20000,0.0003532944709415298,0.0028089887640449437,0.0001766472354707649,9.55261900971183e-05,3.0,3.0,0.0,/group/ctbrowngrp5/sourmash-db.new/gtdb-rs226/gtdb-rs226-k51.dna.rocksdb,GCA_902764835.1 uncultured Prevotellaceae bacterium,05342ec1c9803cb46c0d66b5fa89f808,0.0056179775280898875,10000,464,34880000,outputs.mapping/bams.cds.rand/SRR10209667.x.s__Prevotella sp000434975.fastq.gz,SRR10209667.x.s__Prevotella sp000434975,4b5fad20,56610000,51,DNA,10000,5661,True,0.8556899054167735,0.9033875844208873,0.8795387449188303,0.9033875844208873,True,3,25670,31405,d__Bacteria;p__Bacteroidota;c__Bacteroidia;o__Bacteroidales;f__Bacteroidaceae;g__Prevotella;s__Prevotella sp900322095
10000,0.0001766472354707649,0.0033222591362126247,0.0001766472354707649,3.18420633657061e-05,1.0,1.0,0.0,/group/ctbrowngrp5/sourmash-db.new/gtdb-rs226/gtdb-rs226-k51.dna.rocksdb,GCA_963543055.1 uncultured Prevotella sp.,4e2d6834fec89d22775725b7eeb211af,0.0033222591362126247,10000,465,34870000,outputs.mapping/bams.cds.rand/SRR10209667.x.s__Prevotella sp000434975.fastq.gz,SRR10209667.x.s__Prevotella sp000434975,4b5fad20,56610000,51,DNA,10000,5661,True,0.8441387942971,0.8941299800356292,0.8691343871663646,0.8941299800356292,True,1,25671,31405,d__Bacteria;p__Bacteroidota;c__Bacteroidia;o__Bacteroidales;f__Bacteroidaceae;g__Prevotella;s__Prevotella multisaccharivorax
10000,0.0001766472354707649,0.010752688172043012,0.0001766472354707649,3.18420633657061e-05,1.0,1.0,0.0,/group/ctbrowngrp5/sourmash-db.new/gtdb-rs226/gtdb-rs226-k51.dna.rocksdb,GCA_963621425.1 bacterium,29062c934517b8cbd5ee6b7de79e672f,0.010752688172043012,10000,466,34860000,outputs.mapping/bams.cds.rand/SRR10209667.x.s__Prevotella sp000434975.fastq.gz,SRR10209667.x.s__Prevotella sp000434975,4b5fad20,56610000,51,DNA,10000,5661,True,,,,,True,1,25672,31405,d__Bacteria;p__Bacillota;c__Clostridia;o__Christensenellales;f__UBA1242;g__CASFBJ01;s__CASFBJ01 sp963621425
210000,0.0037095919448860626,0.004016064257028112,0.0001766472354707649,0.0001592103168285305,5.0,5.0,0.0,/group/ctbrowngrp5/sourmash-db.new/gtdb-rs226/gtdb-rs226-k51.dna.rocksdb,GCA_945939595.1 uncultured Bacteroidales bacterium,4002db915d52a40d5dbe63dedc279a87,0.08433734939759036,10000,467,34850000,outputs.mapping/bams.cds.rand/SRR10209667.x.s__Prevotella sp000434975.fastq.gz,SRR10209667.x.s__Prevotella sp000434975,4b5fad20,56610000,51,DNA,10000,5661,True,0.8960654414871454,0.9526679781428893,0.9243667098150173,0.9526679781428893,False,5,25677,31405,d__Bacteria;p__Bacteroidota;c__Bacteroidia;o__Bacteroidales;f__Bacteroidaceae;g__Prevotella;s__Prevotella sp002251365
120000,0.0021197668256491787,0.0043859649122807015,0.0001766472354707649,3.18420633657061e-05,1.0,1.0,0.0,/group/ctbrowngrp5/sourmash-db.new/gtdb-rs226/gtdb-rs226-k51.dna.rocksdb,GCA_928228845.1 uncultured Prevotella sp.,da5442914ef4087edbb432969748a4fc,0.05263157894736842,10000,468,34840000,outputs.mapping/bams.cds.rand/SRR10209667.x.s__Prevotella sp000434975.fastq.gz,SRR10209667.x.s__Prevotella sp000434975,4b5fad20,56610000,51,DNA,10000,5661,True,0.8862867901076426,0.943900899556501,0.9150938448320718,0.943900899556501,False,1,25678,31405,d__Bacteria;p__Bacteroidota;c__Bacteroidia;o__Bacteroidales;f__Bacteroidaceae;g__Prevotella;s__Prevotella sp002251385
2210000,0.03903903903903904,0.00392156862745098,0.0001766472354707649,3.18420633657061e-05,1.0,1.0,0.0,/group/ctbrowngrp5/sourmash-db.new/gtdb-rs226/gtdb-rs226-k51.dna.rocksdb,GCA_034112725.1 Prevotella sp.,30bf265ddc53fb263b01d45ac3c44212,0.8666666666666667,10000,469,34830000,outputs.mapping/bams.cds.rand/SRR10209667.x.s__Prevotella sp000434975.fastq.gz,SRR10209667.x.s__Prevotella sp000434975,4b5fad20,56610000,51,DNA,10000,5661,True,0.9383877628151126,0.9971980339601313,0.967792898387622,0.9971980339601313,False,1,25679,31405,d__Bacteria;p__Bacteroidota;c__Bacteroidia;o__Bacteroidales;f__Bacteroidaceae;g__Prevotella;s__Prevotella sp000434975
430000,0.00759583112524289,0.002890173410404624,0.0001766472354707649,0.0001910523801942366,6.0,6.0,0.0,/group/ctbrowngrp5/sourmash-db.new/gtdb-rs226/gtdb-rs226-k51.dna.rocksdb,GCF_021531355.1 Leyella stercorea,54ca2f53dc3b2581e6ad7338841f2186,0.12427745664739884,10000,470,34820000,outputs.mapping/bams.cds.rand/SRR10209667.x.s__Prevotella sp000434975.fastq.gz,SRR10209667.x.s__Prevotella sp000434975,4b5fad20,56610000,51,DNA,10000,5661,True,0.908746294419271,0.9599375655346837,0.9343419299769773,0.9599375655346837,False,6,25685,31405,d__Bacteria;p__Bacteroidota;c__Bacteroidia;o__Bacteroidales;f__Bacteroidaceae;g__Prevotella;s__Prevotella sp900552515
160000,0.0028263557675322383,0.003424657534246575,0.0001766472354707649,3.18420633657061e-05,1.0,1.0,0.0,/group/ctbrowngrp5/sourmash-db.new/gtdb-rs226/gtdb-rs226-k51.dna.rocksdb,GCA_025543455.1 Segatella copri,613027268f853cb637a116b8085322ad,0.0547945205479452,10000,471,34810000,outputs.mapping/bams.cds.rand/SRR10209667.x.s__Prevotella sp000434975.fastq.gz,SRR10209667.x.s__Prevotella sp000434975,4b5fad20,56610000,51,DNA,10000,5661,True,0.8913003056341949,0.9446465776610317,0.9179734416476133,0.9446465776610317,False,1,25686,31405,d__Bacteria;p__Bacteroidota;c__Bacteroidia;o__Bacteroidales;f__Bacteroidaceae;g__Prevotella;s__Prevotella copri_B
160000,0.0028263557675322383,0.003278688524590164,0.0001766472354707649,3.18420633657061e-05,1.0,1.0,0.0,/group/ctbrowngrp5/sourmash-db.new/gtdb-rs226/gtdb-rs226-k51.dna.rocksdb,GCF_021626785.1 Leyella stercorea,0be538a07f5e82e44375fc5daea2c6c3,0.05245901639344262,10000,472,34800000,outputs.mapping/bams.cds.rand/SRR10209667.x.s__Prevotella sp000434975.fastq.gz,SRR10209667.x.s__Prevotella sp000434975,4b5fad20,56610000,51,DNA,10000,5661,True,0.8913003056341949,0.9438401203068201,0.9175702129705074,0.9438401203068201,False,1,25687,31405,d__Bacteria;p__Bacteroidota;c__Bacteroidia;o__Bacteroidales;f__Bacteroidaceae;g__Prevotella;s__Prevotella stercorea
10000,0.0001766472354707649,0.0036363636363636364,0.0001766472354707649,3.18420633657061e-05,1.0,1.0,0.0,/group/ctbrowngrp5/sourmash-db.new/gtdb-rs226/gtdb-rs226-k51.dna.rocksdb,GCA_937976385.1 uncultured Porphyromonadaceae bacterium,e195e11b254e45f34f9e8cdc1e6d25f7,0.0036363636363636364,10000,473,34790000,outputs.mapping/bams.cds.rand/SRR10209667.x.s__Prevotella sp000434975.fastq.gz,SRR10209667.x.s__Prevotella sp000434975,4b5fad20,56610000,51,DNA,10000,5661,True,0.8441387942971,0.8957152063205601,0.8699270003088301,0.8957152063205601,True,1,25688,31405,d__Bacteria;p__Bacteroidota;c__Bacteroidia;o__Bacteroidales;f__Muribaculaceae;g__UBA7173;s__UBA7173 sp900545955
10000,0.0001766472354707649,0.010638297872340425,0.0001766472354707649,3.18420633657061e-05,1.0,1.0,0.0,/group/ctbrowngrp5/sourmash-db.new/gtdb-rs226/gtdb-rs226-k51.dna.rocksdb,GCA_963924845.1 uncultured Alphaproteobacteria bacterium,31efca4a38078cafbadc6926d96653ab,0.010638297872340425,10000,474,34780000,outputs.mapping/bams.cds.rand/SRR10209667.x.s__Prevotella sp000434975.fastq.gz,SRR10209667.x.s__Prevotella sp000434975,4b5fad20,56610000,51,DNA,10000,5661,True,,,,,True,1,25689,31405,d__Bacteria;p__Pseudomonadota;c__Alphaproteobacteria;o__Puniceispirillales;f__Marisalimonadaceae;g__CAJJBL01;s__CAJJBL01 sp027625145
30000,0.0005299417064122947,0.004484304932735426,0.0001766472354707649,3.18420633657061e-05,1.0,1.0,0.0,/group/ctbrowngrp5/sourmash-db.new/gtdb-rs226/gtdb-rs226-k51.dna.rocksdb,GCA_022772335.1 Paraprevotella sp.,4045c7fa2271c157113b8bf1ee9ec2ee,0.013452914798206279,10000,475,34770000,outputs.mapping/bams.cds.rand/SRR10209667.x.s__Prevotella sp000434975.fastq.gz,SRR10209667.x.s__Prevotella sp000434975,4b5fad20,56610000,51,DNA,10000,5661,True,0.862520008347075,0.9189886027616389,0.890754305554357,0.9189886027616389,True,1,25690,31405,d__Bacteria;p__Bacteroidota;c__Bacteroidia;o__Bacteroidales;f__Bacteroidaceae;g__Prevotella;s__Prevotella sp900768785
10000,0.0001766472354707649,0.005405405405405406,0.0001766472354707649,6.36841267314122e-05,2.0,2.0,0.0,/group/ctbrowngrp5/sourmash-db.new/gtdb-rs226/gtdb-rs226-k51.dna.rocksdb,GCA_945947065.1 uncultured Clostridia bacterium,b2f578fe47df545283781e513fa52cc8,0.005405405405405406,10000,476,34760000,outputs.mapping/bams.cds.rand/SRR10209667.x.s__Prevotella sp000434975.fastq.gz,SRR10209667.x.s__Prevotella sp000434975,4b5fad20,56610000,51,DNA,10000,5661,True,0.8441387942971,0.9027045934360562,0.8734216938665782,0.9027045934360562,True,2,25692,31405,d__Bacteria;p__Bacillota;c__Clostridia;o__Christensenellales;f__UBA3700;g__HGM11368;s__HGM11368 sp945872615
210000,0.0037095919448860626,0.004761904761904762,0.0001766472354707649,0.0001273682534628244,4.0,4.0,0.0,/group/ctbrowngrp5/sourmash-db.new/gtdb-rs226/gtdb-rs226-k51.dna.rocksdb,GCA_945624775.1 uncultured Bacteroidales bacterium,263d627a74efdf30a735f38183275c2d,0.1,10000,477,34750000,outputs.mapping/bams.cds.rand/SRR10209667.x.s__Prevotella sp000434975.fastq.gz,SRR10209667.x.s__Prevotella sp000434975,4b5fad20,56610000,51,DNA,10000,5661,True,0.8960654414871454,0.9558553094685291,0.9259603754778373,0.9558553094685291,False,4,25696,31405,d__Bacteria;p__Bacteroidota;c__Bacteroidia;o__Bacteroidales;f__Bacteroidaceae;g__Prevotella;s__Prevotella sp002251365
80000,0.0014131778837661192,0.0030120481927710845,0.0001766472354707649,6.36841267314122e-05,2.0,2.0,0.0,/group/ctbrowngrp5/sourmash-db.new/gtdb-rs226/gtdb-rs226-k51.dna.rocksdb,GCF_937926765.1 uncultured Prevotella sp.,5e3230cc17836bfb79ed989105e2efab,0.024096385542168676,10000,478,34740000,outputs.mapping/bams.cds.rand/SRR10209667.x.s__Prevotella sp000434975.fastq.gz,SRR10209667.x.s__Prevotella sp000434975,4b5fad20,56610000,51,DNA,10000,5661,True,0.879268483351139,0.9295517369654019,0.9044101101582704,0.9295517369654019,False,2,25698,31405,d__Bacteria;p__Bacteroidota;c__Bacteroidia;o__Bacteroidales;f__Bacteroidaceae;g__Prevotella;s__Prevotella sp900548745
370000,0.006535947712418301,0.0024271844660194173,0.0001766472354707649,0.0002228944435599427,7.0,7.0,0.0,/group/ctbrowngrp5/sourmash-db.new/gtdb-rs226/gtdb-rs226-k51.dna.rocksdb,GCF_019249725.2 Segatella hominis,69c30158745548e272ed904b9ebeed24,0.08980582524271845,10000,479,34730000,outputs.mapping/bams.cds.rand/SRR10209667.x.s__Prevotella sp000434975.fastq.gz,SRR10209667.x.s__Prevotella sp000434975,4b5fad20,56610000,51,DNA,10000,5661,True,0.9060724242444924,0.9538422578727217,0.9299573410586071,0.9538422578727217,False,7,25705,31405,d__Bacteria;p__Bacteroidota;c__Bacteroidia;o__Bacteroidales;f__Bacteroidaceae;g__Prevotella;s__Prevotella sp945863825
210000,0.0037095919448860626,0.0037735849056603774,0.0001766472354707649,3.18420633657061e-05,1.0,1.0,0.0,/group/ctbrowngrp5/sourmash-db.new/gtdb-rs226/gtdb-rs226-k51.dna.rocksdb,GCA_963658495.1 Faecalibacterium prausnitzii,e1571f2af014d8996d10707dda90f51a,0.07924528301886792,10000,480,34720000,outputs.mapping/bams.cds.rand/SRR10209667.x.s__Prevotella sp000434975.fastq.gz,SRR10209667.x.s__Prevotella sp000434975,4b5fad20,56610000,51,DNA,10000,5661,True,0.8960654414871454,0.9515053697639796,0.9237854056255626,0.9515053697639796,False,1,25706,31405,d__Bacteria;p__Bacteroidota;c__Bacteroidia;o__Bacteroidales;f__Bacteroidaceae;g__Prevotella;s__Prevotella stercorea
20000,0.0003532944709415298,0.0032258064516129032,0.0001766472354707649,3.18420633657061e-05,1.0,1.0,0.0,/group/ctbrowngrp5/sourmash-db.new/gtdb-rs226/gtdb-rs226-k51.dna.rocksdb,GCA_022734575.1 Erysipelotrichales bacterium,99593f38e4a753f65ee98ef4a1941feb,0.0064516129032258064,10000,481,34710000,outputs.mapping/bams.cds.rand/SRR10209667.x.s__Prevotella sp000434975.fastq.gz,SRR10209667.x.s__Prevotella sp000434975,4b5fad20,56610000,51,DNA,10000,5661,True,0.8556899054167735,0.9058417214684041,0.8807658134425889,0.9058417214684041,True,1,25707,31405,d__Bacteria;p__Bacillota;c__Bacilli;o__Erysipelotrichales;f__Erysipelotrichaceae;g__Holdemanella;s__Holdemanella sp900556915
320000,0.005652711535064477,0.0030581039755351682,0.0001766472354707649,3.18420633657061e-05,1.0,1.0,0.0,/group/ctbrowngrp5/sourmash-db.new/gtdb-rs226/gtdb-rs226-k51.dna.rocksdb,GCA_945874985.1 uncultured Prevotella sp.,da6a98edb54e3a63a2cde697e8a479cc,0.09785932721712538,10000,482,34700000,outputs.mapping/bams.cds.rand/SRR10209667.x.s__Prevotella sp000434975.fastq.gz,SRR10209667.x.s__Prevotella sp000434975,4b5fad20,56610000,51,DNA,10000,5661,True,0.9034967701740725,0.9554498284299539,0.9294732993020132,0.9554498284299539,False,1,25708,31405,d__Bacteria;p__Bacteroidota;c__Bacteroidia;o__Bacteroidales;f__Bacteroidaceae;g__Prevotella;s__Prevotella sp900552515
10000,0.0001766472354707649,0.003436426116838488,0.0001766472354707649,3.18420633657061e-05,1.0,1.0,0.0,/group/ctbrowngrp5/sourmash-db.new/gtdb-rs226/gtdb-rs226-k51.dna.rocksdb,GCF_041333095.1 Intestinibacter bartlettii,dd98e2dacbf5138c06fb57ec9ba6a71f,0.003436426116838488,10000,483,34690000,outputs.mapping/bams.cds.rand/SRR10209667.x.s__Prevotella sp000434975.fastq.gz,SRR10209667.x.s__Prevotella sp000434975,4b5fad20,56610000,51,DNA,10000,5661,True,0.8441387942971,0.8947225285960692,0.8694306614465845,0.8947225285960692,True,1,25709,31405,d__Bacteria;p__Bacillota;c__Clostridia;o__Peptostreptococcales;f__Peptostreptococcaceae;g__Intestinibacter;s__Intestinibacter bartlettii
10000,0.0001766472354707649,0.0034129692832764505,0.0001766472354707649,0.0001910523801942366,6.0,6.0,0.0,/group/ctbrowngrp5/sourmash-db.new/gtdb-rs226/gtdb-rs226-k51.dna.rocksdb,GCA_002481375.1 bacterium UBA7760,56ffd650a61303928b662bc7f9dc040d,0.0034129692832764505,10000,484,34680000,outputs.mapping/bams.cds.rand/SRR10209667.x.s__Prevotella sp000434975.fastq.gz,SRR10209667.x.s__Prevotella sp000434975,4b5fad20,56610000,51,DNA,10000,5661,True,0.8441387942971,0.8946023746949219,0.8693705844960109,0.8946023746949219,True,6,25715,31405,d__Bacteria;p__Bacteroidota;c__Bacteroidia;o__Bacteroidales;f__Bacteroidaceae;g__Prevotella;s__Prevotella sp900318855
230000,0.004062886415827592,0.00423728813559322,0.0001766472354707649,3.18420633657061e-05,1.0,1.0,0.0,/group/ctbrowngrp5/sourmash-db.new/gtdb-rs226/gtdb-rs226-k51.dna.rocksdb,GCA_946412345.1 uncultured Prevotella sp.,fd9fac15ef3e79f499215b5d60877809,0.09745762711864407,10000,485,34670000,outputs.mapping/bams.cds.rand/SRR10209667.x.s__Prevotella sp000434975.fastq.gz,SRR10209667.x.s__Prevotella sp000434975,4b5fad20,56610000,51,DNA,10000,5661,True,0.8976652338978812,0.9553727713052433,0.9265190026015623,0.9553727713052433,False,1,25716,31405,d__Bacteria;p__Bacteroidota;c__Bacteroidia;o__Bacteroidales;f__Bacteroidaceae;g__Prevotella;s__Prevotella sp900313215
30000,0.0005299417064122947,0.004524886877828055,0.0001766472354707649,6.36841267314122e-05,2.0,2.0,0.0,/group/ctbrowngrp5/sourmash-db.new/gtdb-rs226/gtdb-rs226-k51.dna.rocksdb,GCA_029378145.1 Prevotella sp.,b7928ad86faf4215948f4f6bfffdbee5,0.013574660633484163,10000,486,34660000,outputs.mapping/bams.cds.rand/SRR10209667.x.s__Prevotella sp000434975.fastq.gz,SRR10209667.x.s__Prevotella sp000434975,4b5fad20,56610000,51,DNA,10000,5661,True,0.862520008347075,0.9191509549949388,0.8908354816710069,0.9191509549949388,True,2,25718,31405,d__Bacteria;p__Bacteroidota;c__Bacteroidia;o__Bacteroidales;f__Bacteroidaceae;g__Prevotella;s__Prevotella sp002299275
160000,0.0028263557675322383,0.003787878787878788,0.0001766472354707649,3.18420633657061e-05,1.0,1.0,0.0,/group/ctbrowngrp5/sourmash-db.new/gtdb-rs226/gtdb-rs226-k51.dna.rocksdb,GCA_963660995.1 Candidatus Campylobacter infans,afea7d6e9380e940afbd2cec8e8b4e38,0.06060606060606061,10000,487,34650000,outputs.mapping/bams.cds.rand/SRR10209667.x.s__Prevotella sp000434975.fastq.gz,SRR10209667.x.s__Prevotella sp000434975,4b5fad20,56610000,51,DNA,10000,5661,True,0.8913003056341949,0.9465155773665517,0.9189079415003734,0.9465155773665517,False,1,25719,31405,d__Bacteria;p__Bacteroidota;c__Bacteroidia;o__Bacteroidales;f__Bacteroidaceae;g__Prevotella;s__Prevotella stercorea
100000,0.0017664723547076487,0.0035087719298245615,0.0001766472354707649,3.18420633657061e-05,1.0,1.0,0.0,/group/ctbrowngrp5/sourmash-db.new/gtdb-rs226/gtdb-rs226-k51.dna.rocksdb,GCA_946405715.1 uncultured Prevotella sp.,fe587c8dd5fa44b38f4cd390384cf363,0.03508771929824561,10000,488,34640000,outputs.mapping/bams.cds.rand/SRR10209667.x.s__Prevotella sp000434975.fastq.gz,SRR10209667.x.s__Prevotella sp000434975,4b5fad20,56610000,51,DNA,10000,5661,True,0.8831240313625026,0.936426359560229,0.9097751954613658,0.936426359560229,False,1,25720,31405,d__Bacteria;p__Bacteroidota;c__Bacteroidia;o__Bacteroidales;f__Bacteroidaceae;g__Prevotella;s__Prevotella sp945869265
90000,0.001589825119236884,0.0045045045045045045,0.0001766472354707649,3.18420633657061e-05,1.0,1.0,0.0,/group/ctbrowngrp5/sourmash-db.new/gtdb-rs226/gtdb-rs226-k51.dna.rocksdb,GCA_945935995.1 uncultured Prevotella sp.,7bbee429505b38f1fbf5088841742091,0.04054054054054054,10000,489,34630000,outputs.mapping/bams.cds.rand/SRR10209667.x.s__Prevotella sp000434975.fastq.gz,SRR10209667.x.s__Prevotella sp000434975,4b5fad20,56610000,51,DNA,10000,5661,True,0.8813014753320336,0.9390824327928263,0.9101919540624299,0.9390824327928263,False,1,25721,31405,d__Bacteria;p__Bacteroidota;c__Bacteroidia;o__Bacteroidales;f__Bacteroidaceae;g__Prevotella;s__Prevotella sp945869265
240000,0.0042395336512983575,0.003745318352059925,0.0001766472354707649,3.18420633657061e-05,1.0,1.0,0.0,/group/ctbrowngrp5/sourmash-db.new/gtdb-rs226/gtdb-rs226-k51.dna.rocksdb,GCA_945996005.1 uncultured Bacteroidales bacterium,37cf040c90c7aeb0d5d7e388510b981d,0.0898876404494382,10000,490,34620000,outputs.mapping/bams.cds.rand/SRR10209667.x.s__Prevotella sp000434975.fastq.gz,SRR10209667.x.s__Prevotella sp000434975,4b5fad20,56610000,51,DNA,10000,5661,True,0.8984146502007885,0.9538592889466023,0.9261369695736954,0.9538592889466023,False,1,25722,31405,d__Bacteria;p__Bacteroidota;c__Bacteroidia;o__Bacteroidales;f__Bacteroidaceae;g__Prevotella;s__Prevotella sp002251365
20000,0.0003532944709415298,0.005988023952095809,0.0001766472354707649,0.0001273682534628244,4.0,4.0,0.0,/group/ctbrowngrp5/sourmash-db.new/gtdb-rs226/gtdb-rs226-k51.dna.rocksdb,GCA_945835565.1 uncultured Bacteroidales bacterium,9f28120c584e9ab4f7364a98038c85db,0.011976047904191617,10000,491,34610000,outputs.mapping/bams.cds.rand/SRR10209667.x.s__Prevotella sp000434975.fastq.gz,SRR10209667.x.s__Prevotella sp000434975,4b5fad20,56610000,51,DNA,10000,5661,True,0.8556899054167735,0.9168955670398317,0.8862927362283026,0.9168955670398317,True,4,25726,31405,d__Bacteria;p__Bacteroidota;c__Bacteroidia;o__Bacteroidales;f__UBA932;g__Cryptobacteroides;s__Cryptobacteroides sp004554455
310000,0.005476064299593711,0.002386634844868735,0.0001766472354707649,9.55261900971183e-05,3.0,3.0,0.0,/group/ctbrowngrp5/sourmash-db.new/gtdb-rs226/gtdb-rs226-k51.dna.rocksdb,GCF_009495335.1 Segatella copri,ea9e9749f32e382eb81a5d5e02e4987c,0.07398568019093078,10000,492,34600000,outputs.mapping/bams.cds.rand/SRR10209667.x.s__Prevotella sp000434975.fastq.gz,SRR10209667.x.s__Prevotella sp000434975,4b5fad20,56610000,51,DNA,10000,5661,True,0.9029344972379653,0.9502249400265605,0.9265797186322628,0.9502249400265605,False,3,25729,31405,d__Bacteria;p__Bacteroidota;c__Bacteroidia;o__Bacteroidales;f__Bacteroidaceae;g__Prevotella;s__Prevotella copri_A
10000,0.0001766472354707649,0.003875968992248062,0.0001766472354707649,6.36841267314122e-05,2.0,2.0,0.0,/group/ctbrowngrp5/sourmash-db.new/gtdb-rs226/gtdb-rs226-k51.dna.rocksdb,GCA_017628515.1 Bacteroidaceae bacterium,9db7b296d6368e7a1f3198858bd4ccb6,0.003875968992248062,10000,493,34590000,outputs.mapping/bams.cds.rand/SRR10209667.x.s__Prevotella sp000434975.fastq.gz,SRR10209667.x.s__Prevotella sp000434975,4b5fad20,56610000,51,DNA,10000,5661,True,0.8441387942971,0.8968366321005671,0.8704877131988336,0.8968366321005671,True,2,25731,31405,d__Bacteria;p__Bacteroidota;c__Bacteroidia;o__Bacteroidales;f__Bacteroidaceae;g__Physcousia;s__Physcousia sp900770805
250000,0.004416180886769122,0.003424657534246575,0.0001766472354707649,3.18420633657061e-05,1.0,1.0,0.0,/group/ctbrowngrp5/sourmash-db.new/gtdb-rs226/gtdb-rs226-k51.dna.rocksdb,GCA_021153385.1 Prevotella sp.,b264b72d9637e7b59d33d1acbd9c5585,0.08561643835616438,10000,494,34580000,outputs.mapping/bams.cds.rand/SRR10209667.x.s__Prevotella sp000434975.fastq.gz,SRR10209667.x.s__Prevotella sp000434975,4b5fad20,56610000,51,DNA,10000,5661,True,0.8991340572553754,0.952949196444416,0.9260416268498957,0.952949196444416,False,1,25732,31405,d__Bacteria;p__Bacteroidota;c__Bacteroidia;o__Bacteroidales;f__Bacteroidaceae;g__Prevotella;s__Prevotella copri
220000,0.0038862391803568272,0.002890173410404624,0.0001766472354707649,0.0002228944435599427,7.0,7.0,0.0,/group/ctbrowngrp5/sourmash-db.new/gtdb-rs226/gtdb-rs226-k51.dna.rocksdb,GCF_934201635.1 uncultured Prevotella sp.,d52168678ed52fccea8dfb970a1fe6cd,0.06358381502890173,10000,495,34570000,outputs.mapping/bams.cds.rand/SRR10209667.x.s__Prevotella sp000434975.fastq.gz,SRR10209667.x.s__Prevotella sp000434975,4b5fad20,56610000,51,DNA,10000,5661,True,0.8968831668941187,0.9474061672488734,0.9221446670714961,0.9474061672488734,False,7,25739,31405,d__Bacteria;p__Bacteroidota;c__Bacteroidia;o__Bacteroidales;f__Bacteroidaceae;g__Prevotella;s__Prevotella sp900552515
370000,0.006535947712418301,0.0034602076124567475,0.0001766472354707649,6.36841267314122e-05,2.0,2.0,0.0,/group/ctbrowngrp5/sourmash-db.new/gtdb-rs226/gtdb-rs226-k51.dna.rocksdb,GCF_000834035.1 Prevotella pectinovora,e42ca70d89480979cffcaa66c99acb78,0.12802768166089964,10000,496,34560000,outputs.mapping/bams.cds.rand/SRR10209667.x.s__Prevotella sp000434975.fastq.gz,SRR10209667.x.s__Prevotella sp000434975,4b5fad20,56610000,51,DNA,10000,5661,True,0.9060724242444924,0.9604973136167436,0.933284868930618,0.9604973136167436,False,2,25741,31405,d__Bacteria;p__Bacteroidota;c__Bacteroidia;o__Bacteroidales;f__Bacteroidaceae;g__Prevotella;s__Prevotella pectinovora
50000,0.0008832361773538244,0.002257336343115124,0.0001766472354707649,0.000636841267314122,20.0,20.0,0.0,/group/ctbrowngrp5/sourmash-db.new/gtdb-rs226/gtdb-rs226-k51.dna.rocksdb,GCF_027691565.1 Paraprevotella clara,27c1586c5fd80c57d5e7a3442aa69ccf,0.011286681715575621,10000,497,34550000,outputs.mapping/bams.cds.rand/SRR10209667.x.s__Prevotella sp000434975.fastq.gz,SRR10209667.x.s__Prevotella sp000434975,4b5fad20,56610000,51,DNA,10000,5661,True,0.8712025820686096,0.9158303360920134,0.8935164590803115,0.9158303360920134,True,20,25761,31405,d__Bacteria;p__Bacteroidota;c__Bacteroidia;o__Bacteroidales;f__Bacteroidaceae;g__Paraprevotella;s__Paraprevotella clara
190000,0.0033562974739445328,0.0029498525073746312,0.0001766472354707649,6.36841267314122e-05,2.0,2.0,0.0,/group/ctbrowngrp5/sourmash-db.new/gtdb-rs226/gtdb-rs226-k51.dna.rocksdb,GCA_022740875.1 Prevotella sp.,f770139659291e5bb447af20d6449644,0.05604719764011799,10000,498,34540000,outputs.mapping/bams.cds.rand/SRR10209667.x.s__Prevotella sp000434975.fastq.gz,SRR10209667.x.s__Prevotella sp000434975,4b5fad20,56610000,51,DNA,10000,5661,True,0.8943087083545793,0.94506535174629,0.9196870300504347,0.94506535174629,False,2,25763,31405,d__Bacteria;p__Bacteroidota;c__Bacteroidia;o__Bacteroidales;f__Bacteroidaceae;g__Prevotella;s__Prevotella sp022741625
10000,0.0001766472354707649,0.004081632653061225,0.0001766472354707649,3.18420633657061e-05,1.0,1.0,0.0,/group/ctbrowngrp5/sourmash-db.new/gtdb-rs226/gtdb-rs226-k51.dna.rocksdb,GCA_036751205.1 Muribaculaceae bacterium,f68297d237cf7887e311e3208e6e6ace,0.004081632653061225,10000,499,34530000,outputs.mapping/bams.cds.rand/SRR10209667.x.s__Prevotella sp000434975.fastq.gz,SRR10209667.x.s__Prevotella sp000434975,4b5fad20,56610000,51,DNA,10000,5661,True,0.8441387942971,0.897746263416111,0.8709425288566055,0.897746263416111,True,1,25764,31405,d__Bacteria;p__Bacteroidota;c__Bacteroidia;o__Bacteroidales;f__Muribaculaceae;g__CAG-873;s__CAG-873 sp001701165
10000,0.0001766472354707649,0.0038314176245210726,0.0001766472354707649,0.0002865785702913549,9.0,9.0,0.0,/group/ctbrowngrp5/sourmash-db.new/gtdb-rs226/gtdb-rs226-k51.dna.rocksdb,GCA_945875835.1 uncultured Bacteroidales bacterium,3d0ba42f972708ef7f4fb85db3db81ed,0.0038314176245210726,10000,500,34520000,outputs.mapping/bams.cds.rand/SRR10209667.x.s__Prevotella sp000434975.fastq.gz,SRR10209667.x.s__Prevotella sp000434975,4b5fad20,56610000,51,DNA,10000,5661,True,0.8441387942971,0.8966333577089488,0.8703860760030244,0.8966333577089488,True,9,25773,31405,d__Bacteria;p__Bacteroidota;c__Bacteroidia;o__Bacteroidales;f__Muribaculaceae;g__Lepagella;s__Lepagella sp004553095
320000,0.005652711535064477,0.002570694087403599,0.0001766472354707649,3.18420633657061e-05,1.0,1.0,0.0,/group/ctbrowngrp5/sourmash-db.new/gtdb-rs226/gtdb-rs226-k51.dna.rocksdb,GCA_937959105.1 uncultured Prevotella sp.,9b7cc064ae405e110ab0b1c5a221cfbb,0.08226221079691516,10000,501,34510000,outputs.mapping/bams.cds.rand/SRR10209667.x.s__Prevotella sp000434975.fastq.gz,SRR10209667.x.s__Prevotella sp000434975,4b5fad20,56610000,51,DNA,10000,5661,True,0.9034967701740725,0.9522027231556579,0.9278497466648652,0.9522027231556579,False,1,25774,31405,d__Bacteria;p__Bacteroidota;c__Bacteroidia;o__Bacteroidales;f__Bacteroidaceae;g__Prevotella;s__Prevotella sp900546535
30000,0.0005299417064122947,0.003289473684210526,0.0001766472354707649,6.36841267314122e-05,2.0,2.0,0.0,/group/ctbrowngrp5/sourmash-db.new/gtdb-rs226/gtdb-rs226-k51.dna.rocksdb,GCA_003535815.1 Prevotella sp.,05c84cfeb0fd2622c9410c7a9b2564a9,0.009868421052631578,10000,502,34500000,outputs.mapping/bams.cds.rand/SRR10209667.x.s__Prevotella sp000434975.fastq.gz,SRR10209667.x.s__Prevotella sp000434975,4b5fad20,56610000,51,DNA,10000,5661,True,0.862520008347075,0.9134221166736807,0.8879710625103778,0.9134221166736807,True,2,25776,31405,d__Bacteria;p__Bacteroidota;c__Bacteroidia;o__Bacteroidales;f__Bacteroidaceae;g__Prevotella;s__Prevotella sp900316015
40000,0.0007065889418830596,0.004366812227074236,0.0001766472354707649,6.36841267314122e-05,2.0,2.0,0.0,/group/ctbrowngrp5/sourmash-db.new/gtdb-rs226/gtdb-rs226-k51.dna.rocksdb,GCA_900546925.1 uncultured Bacteroides sp.,17593b7cb4c9e6c2b8b253074934f2c3,0.017467248908296942,10000,503,34490000,outputs.mapping/bams.cds.rand/SRR10209667.x.s__Prevotella sp000434975.fastq.gz,SRR10209667.x.s__Prevotella sp000434975,4b5fad20,56610000,51,DNA,10000,5661,True,0.8673990807896248,0.9237061048101245,0.8955525927998746,0.9237061048101245,True,2,25778,31405,d__Bacteria;p__Bacteroidota;c__Bacteroidia;o__Bacteroidales;f__UBA932;g__Cryptobacteroides;s__Cryptobacteroides sp900546925
80000,0.0014131778837661192,0.003703703703703704,0.0001766472354707649,3.18420633657061e-05,1.0,1.0,0.0,/group/ctbrowngrp5/sourmash-db.new/gtdb-rs226/gtdb-rs226-k51.dna.rocksdb,GCA_021630235.1 Prevotella sp.,d46025911246ba1304a159d246d4ccb3,0.02962962962962963,10000,504,34480000,outputs.mapping/bams.cds.rand/SRR10209667.x.s__Prevotella sp000434975.fastq.gz,SRR10209667.x.s__Prevotella sp000434975,4b5fad20,56610000,51,DNA,10000,5661,True,0.879268483351139,0.9333270384515859,0.9062977609013625,0.9333270384515859,False,1,25779,31405,d__Bacteria;p__Bacteroidota;c__Bacteroidia;o__Bacteroidales;f__Bacteroidaceae;g__Prevotella;s__Prevotella sp002265625
10000,0.0001766472354707649,0.004739336492890996,0.0001766472354707649,9.55261900971183e-05,3.0,3.0,0.0,/group/ctbrowngrp5/sourmash-db.new/gtdb-rs226/gtdb-rs226-k51.dna.rocksdb,GCA_018384745.1 Caryophanon sp.,dd06a5ea864c576518223f9a142ff865,0.004739336492890996,10000,505,34470000,outputs.mapping/bams.cds.rand/SRR10209667.x.s__Prevotella sp000434975.fastq.gz,SRR10209667.x.s__Prevotella sp000434975,4b5fad20,56610000,51,DNA,10000,5661,True,0.8441387942971,0.900379988990409,0.8722593916437545,0.900379988990409,True,3,25782,31405,d__Bacteria;p__Bacillota;c__Bacilli;o__Bacillales_A;f__Planococcaceae;g__Caryophanon;s__Caryophanon sp018384745
20000,0.0003532944709415298,0.00411522633744856,0.0001766472354707649,0.0004457888871198854,14.0,14.0,0.0,/group/ctbrowngrp5/sourmash-db.new/gtdb-rs226/gtdb-rs226-k51.dna.rocksdb,GCA_004552485.1 Bacteroidales bacterium,51741fea91693ac95c4c165db4791042,0.00823045267489712,10000,506,34460000,outputs.mapping/bams.cds.rand/SRR10209667.x.s__Prevotella sp000434975.fastq.gz,SRR10209667.x.s__Prevotella sp000434975,4b5fad20,56610000,51,DNA,10000,5661,True,0.8556899054167735,0.9101772065679724,0.882933555992373,0.9101772065679724,True,14,25796,31405,d__Bacteria;p__Bacteroidota;c__Bacteroidia;o__Bacteroidales;f__Muribaculaceae;g__CAG-873;s__CAG-873 sp004552485
1500000,0.026497085320614733,0.003424657534246575,0.0001766472354707649,0.0003502626970227671,11.0,11.0,0.0,/group/ctbrowngrp5/sourmash-db.new/gtdb-rs226/gtdb-rs226-k51.dna.rocksdb,GCA_037458415.1 Prevotella sp.,e9c0f6873bbbd1c5d4e1c9c8de2cf0ac,0.5136986301369864,10000,507,34450000,outputs.mapping/bams.cds.rand/SRR10209667.x.s__Prevotella sp000434975.fastq.gz,SRR10209667.x.s__Prevotella sp000434975,4b5fad20,56610000,51,DNA,10000,5661,True,0.9312843735058361,0.987023779415761,0.9591540764607986,0.987023779415761,False,11,25807,31405,d__Bacteria;p__Bacteroidota;c__Bacteroidia;o__Bacteroidales;f__Bacteroidaceae;g__Prevotella;s__Prevotella sp000434975
20000,0.0003532944709415298,0.0045662100456621,0.0001766472354707649,6.36841267314122e-05,2.0,2.0,0.0,/group/ctbrowngrp5/sourmash-db.new/gtdb-rs226/gtdb-rs226-k51.dna.rocksdb,GCA_022764525.1 bacterium,7140b079d752e76adb24dacf1191f7b9,0.0091324200913242,10000,508,34440000,outputs.mapping/bams.cds.rand/SRR10209667.x.s__Prevotella sp000434975.fastq.gz,SRR10209667.x.s__Prevotella sp000434975,4b5fad20,56610000,51,DNA,10000,5661,True,0.8556899054167735,0.91203496397918,0.8838624346979768,0.91203496397918,True,2,25809,31405,d__Bacteria;p__Bacteroidota;c__Bacteroidia;o__Bacteroidales;f__Bacteroidaceae;g__Physcousia;s__Physcousia sp004559785
250000,0.004416180886769122,0.003816793893129771,0.0001766472354707649,3.18420633657061e-05,1.0,1.0,0.0,/group/ctbrowngrp5/sourmash-db.new/gtdb-rs226/gtdb-rs226-k51.dna.rocksdb,GCA_902780435.1 uncultured Prevotellaceae bacterium,271d3d1e919c6f666e75713f6fbbfd1b,0.09541984732824428,10000,509,34430000,outputs.mapping/bams.cds.rand/SRR10209667.x.s__Prevotella sp000434975.fastq.gz,SRR10209667.x.s__Prevotella sp000434975,4b5fad20,56610000,51,DNA,10000,5661,True,0.8991340572553754,0.9549770088329963,0.9270555330441859,0.9549770088329963,False,1,25810,31405,d__Bacteria;p__Bacteroidota;c__Bacteroidia;o__Bacteroidales;f__Bacteroidaceae;g__Prevotella;s__Prevotella sp900313215
290000,0.005122769828652182,0.002638522427440633,0.0001766472354707649,3.18420633657061e-05,1.0,1.0,0.0,/group/ctbrowngrp5/sourmash-db.new/gtdb-rs226/gtdb-rs226-k51.dna.rocksdb,GCA_902794725.1 uncultured Prevotellaceae bacterium,a3bc7ea67580bfeb1899e8d68491898f,0.07651715039577836,10000,510,34420000,outputs.mapping/bams.cds.rand/SRR10209667.x.s__Prevotella sp000434975.fastq.gz,SRR10209667.x.s__Prevotella sp000434975,4b5fad20,56610000,51,DNA,10000,5661,True,0.9017545249410949,0.9508519848861678,0.9263032549136314,0.9508519848861678,False,1,25811,31405,d__Bacteria;p__Bacteroidota;c__Bacteroidia;o__Bacteroidales;f__Bacteroidaceae;g__Prevotella;s__Prevotella sp945863825
120000,0.0021197668256491787,0.0036231884057971015,0.0001766472354707649,6.36841267314122e-05,2.0,2.0,0.0,/group/ctbrowngrp5/sourmash-db.new/gtdb-rs226/gtdb-rs226-k51.dna.rocksdb,GCF_022732275.1 Leyella stercorea,e1baa0d648bea0ada0efd94de441731e,0.043478260869565216,10000,511,34410000,outputs.mapping/bams.cds.rand/SRR10209667.x.s__Prevotella sp000434975.fastq.gz,SRR10209667.x.s__Prevotella sp000434975,4b5fad20,56610000,51,DNA,10000,5661,True,0.8862867901076426,0.9403714908637417,0.9133291404856921,0.9403714908637417,False,2,25813,31405,d__Bacteria;p__Bacteroidota;c__Bacteroidia;o__Bacteroidales;f__Bacteroidaceae;g__Prevotella;s__Prevotella stercorea
130000,0.0022964140611199434,0.0030959752321981426,0.0001766472354707649,3.18420633657061e-05,1.0,1.0,0.0,/group/ctbrowngrp5/sourmash-db.new/gtdb-rs226/gtdb-rs226-k51.dna.rocksdb,GCA_036298045.1 Prevotella sp.,fc405f121c22e5165b16a5508505b8c7,0.04024767801857585,10000,512,34400000,outputs.mapping/bams.cds.rand/SRR10209667.x.s__Prevotella sp000434975.fastq.gz,SRR10209667.x.s__Prevotella sp000434975,4b5fad20,56610000,51,DNA,10000,5661,True,0.8876788782082822,0.9389489423003536,0.913313910254318,0.9389489423003536,False,1,25814,31405,d__Bacteria;p__Bacteroidota;c__Bacteroidia;o__Bacteroidales;f__Bacteroidaceae;g__Prevotella;s__Prevotella sp000436035
30000,0.0005299417064122947,0.004081632653061225,0.0001766472354707649,3.18420633657061e-05,1.0,1.0,0.0,/group/ctbrowngrp5/sourmash-db.new/gtdb-rs226/gtdb-rs226-k51.dna.rocksdb,GCA_947072865.1 uncultured Bacteroidales bacterium,61939dbccdda43c428688289fe398450,0.012244897959183673,10000,513,34390000,outputs.mapping/bams.cds.rand/SRR10209667.x.s__Prevotella sp000434975.fastq.gz,SRR10209667.x.s__Prevotella sp000434975,4b5fad20,56610000,51,DNA,10000,5661,True,0.862520008347075,0.9172947859362226,0.8899073971416488,0.9172947859362226,True,1,25815,31405,d__Bacteria;p__Bacteroidota;c__Bacteroidia;o__Bacteroidales;f__Bacteroidaceae;g__Physcousia;s__Physcousia sp900766785
2190000,0.03868574456809751,0.0037735849056603774,0.0001766472354707649,6.36841267314122e-05,2.0,2.0,0.0,/group/ctbrowngrp5/sourmash-db.new/gtdb-rs226/gtdb-rs226-k51.dna.rocksdb,GCA_034117245.1 Prevotella sp.,17f60869cc2aff7f0ea381ab2117988d,0.8264150943396227,10000,514,34380000,outputs.mapping/bams.cds.rand/SRR10209667.x.s__Prevotella sp000434975.fastq.gz,SRR10209667.x.s__Prevotella sp000434975,4b5fad20,56610000,51,DNA,10000,5661,True,0.9382205060247089,0.9962685850528868,0.9672445455387979,0.9962685850528868,False,2,25817,31405,d__Bacteria;p__Bacteroidota;c__Bacteroidia;o__Bacteroidales;f__Bacteroidaceae;g__Prevotella;s__Prevotella sp000434975
1500000,0.026497085320614733,0.0031446540880503146,0.0001766472354707649,6.36841267314122e-05,2.0,2.0,0.0,/group/ctbrowngrp5/sourmash-db.new/gtdb-rs226/gtdb-rs226-k51.dna.rocksdb,GCA_938021855.1 uncultured Bacteroidales bacterium,36c5db6cdd8838a49742bd23a5589476,0.4716981132075472,10000,515,34370000,outputs.mapping/bams.cds.rand/SRR10209667.x.s__Prevotella sp000434975.fastq.gz,SRR10209667.x.s__Prevotella sp000434975,4b5fad20,56610000,51,DNA,10000,5661,True,0.9312843735058361,0.9853743602990349,0.9583293669024355,0.9853743602990349,False,2,25819,31405,d__Bacteria;p__Bacteroidota;c__Bacteroidia;o__Bacteroidales;f__Bacteroidaceae;g__Prevotella;s__Prevotella sp000434975
160000,0.0028263557675322383,0.003472222222222222,0.0001766472354707649,0.0003821047603884732,12.0,12.0,0.0,/group/ctbrowngrp5/sourmash-db.new/gtdb-rs226/gtdb-rs226-k51.dna.rocksdb,GCF_934167805.1 uncultured Prevotella sp.,e8acdafb2ad55d76d21855a6ff782908,0.05555555555555555,10000,516,34360000,outputs.mapping/bams.cds.rand/SRR10209667.x.s__Prevotella sp000434975.fastq.gz,SRR10209667.x.s__Prevotella sp000434975,4b5fad20,56610000,51,DNA,10000,5661,True,0.8913003056341949,0.9449020987729916,0.9181012022035933,0.9449020987729916,False,12,25831,31405,d__Bacteria;p__Bacteroidota;c__Bacteroidia;o__Bacteroidales;f__Bacteroidaceae;g__Prevotella;s__Prevotella pectinovora
10000,0.0001766472354707649,5.81358168954311e-06,0.0001766472354707649,3.18420633657061e-05,1.0,1.0,0.0,/group/ctbrowngrp5/sourmash-db.new/ncbi-euks-2025.01/ncbi-euks-all-2025.01-k51.dna.rocksdb,GCA_007990325.1 Gossypium_darwinii_v1.1 Gossypium darwinii,bd98935034eaaf882810c0ae3658ed03,5.81358168954311e-06,10000,517,34350000,outputs.mapping/bams.cds.rand/SRR10209667.x.s__Prevotella sp000434975.fastq.gz,SRR10209667.x.s__Prevotella sp000434975,4b5fad20,56610000,51,DNA,10000,5661,True,0.8441387942971,0.7894816405050562,0.8168102174010781,0.8441387942971,True,1,25832,31405,Eukaryota;Streptophyta;Magnoliopsida;Malvales;Malvaceae;Gossypium;Gossypium darwinii;unclassified Gossypium darwinii subspecies/strain
10000,0.0001766472354707649,4.268578990054211e-06,0.0001766472354707649,3.18420633657061e-05,1.0,1.0,0.0,/group/ctbrowngrp5/sourmash-db.new/ncbi-euks-2025.01/ncbi-euks-all-2025.01-k51.dna.rocksdb,GCF_000003025.6 pig (Sus scrofa),2edac3821d65091319e98478f22e942c,4.268578990054211e-06,10000,518,34340000,outputs.mapping/bams.cds.rand/SRR10209667.x.s__Prevotella sp000434975.fastq.gz,SRR10209667.x.s__Prevotella sp000434975,4b5fad20,56610000,51,DNA,10000,5661,True,0.8441387942971,0.7847140665191747,0.8144264304081374,0.8441387942971,True,1,25833,31405,Eukaryota;Chordata;Mammalia;Artiodactyla;Suidae;Sus;Sus scrofa;unclassified Sus scrofa subspecies/strain
10000,0.0001766472354707649,9.189993934604003e-06,0.0001766472354707649,0.000318420633657061,10.0,10.0,0.0,/group/ctbrowngrp5/sourmash-db.new/ncbi-euks-2025.01/ncbi-euks-all-2025.01-k51.dna.rocksdb,GCA_027576815.1 snowy-crowned robin-chat (Cossypha niveicapilla),da068dd47a235418c5469f4d9afdebc5,9.189993934604003e-06,10000,519,34330000,outputs.mapping/bams.cds.rand/SRR10209667.x.s__Prevotella sp000434975.fastq.gz,SRR10209667.x.s__Prevotella sp000434975,4b5fad20,56610000,51,DNA,10000,5661,True,0.8441387942971,0.7966021514221951,0.8203704728596476,0.8441387942971,True,10,25843,31405,Eukaryota;Chordata;Aves;Passeriformes;Muscicapidae;Cossypha;Cossypha niveicapilla;unclassified Cossypha niveicapilla subspecies/strain
