intersect_bp,f_orig_query,f_match,f_unique_to_query,f_unique_weighted,average_abund,median_abund,std_abund,filename,name,md5,f_match_orig,unique_intersect_bp,gather_result_rank,remaining_bp,query_filename,query_name,query_md5,query_bp,ksize,moltype,scaled,query_n_hashes,query_abundance,query_containment_ani,match_containment_ani,average_containment_ani,max_containment_ani,potential_false_negative,n_unique_weighted_found,sum_weighted_found,total_weighted_hashes,lineage
1180000,0.09111969111969112,0.0005036923208263969,0.09111969111969112,0.021772672724155666,1.076271186440678,1.0,0.26543152141298015,/group/ctbrowngrp5/sourmash-db.new/ncbi-euks-2025.01/ncbi-euks-all-2025.01-k51.dna.rocksdb,GCF_000003025.6 pig (Sus scrofa),2edac3821d65091319e98478f22e942c,0.0005036923208263969,1180000,0,11770000,outputs.mapping/bams.cds.rand/SRR14369134.x.s__Holdemanella porci.fastq.gz,SRR14369134.x.s__Holdemanella porci,91158d62,12950000,51,DNA,10000,1295,True,0.9541139374968164,0.861661274766092,0.9078876061314543,0.9541139374968164,False,127,127,5833,Eukaryota;Chordata;Mammalia;Artiodactyla;Suidae;Sus;Sus scrofa;unclassified Sus scrofa subspecies/strain
620000,0.047876447876447875,0.3974358974358974,0.047876447876447875,0.02348705640322304,2.2096774193548385,2.0,1.482555517909418,/group/ctbrowngrp5/sourmash-db.new/gtdb-rs226/gtdb-rs226-k51.dna.rocksdb,GCA_034172225.1 Holdemanella porci,e534a57ba7fbc4ee344c1a5ab1f36480,0.3974358974358974,620000,1,11150000,outputs.mapping/bams.cds.rand/SRR14369134.x.s__Holdemanella porci.fastq.gz,SRR14369134.x.s__Holdemanella porci,91158d62,12950000,51,DNA,10000,1295,True,0.9421499679116088,0.9820701072861734,0.9621100375988911,0.9820701072861734,False,137,264,5833,d__Bacteria;p__Bacillota;c__Bacilli;o__Erysipelotrichales;f__Erysipelotrichaceae;g__Holdemanella;s__Holdemanella porci
580000,0.044787644787644784,0.112,0.010810810810810811,0.0041145208297617,1.7142857142857142,1.0,1.3324827218698307,/group/ctbrowngrp5/sourmash-db.new/gtdb-rs226/gtdb-rs226-k51.dna.rocksdb,GCA_945989275.1 uncultured Solobacterium sp.,24c8d70e7313247e874f5e9c7e484430,0.464,140000,2,11010000,outputs.mapping/bams.cds.rand/SRR14369134.x.s__Holdemanella porci.fastq.gz,SRR14369134.x.s__Holdemanella porci,91158d62,12950000,51,DNA,10000,1295,True,0.9409187480777962,0.9850564904341979,0.962987619255997,0.9850564904341979,False,24,288,5833,d__Bacteria;p__Bacillota;c__Bacilli;o__Erysipelotrichales;f__Erysipelotrichaceae;g__Holdemanella;s__Holdemanella porci
610000,0.047104247104247106,0.05319148936170213,0.007722007722007722,0.007543288187896451,4.4,3.0,3.5832945734337835,/group/ctbrowngrp5/sourmash-db.new/gtdb-rs226/gtdb-rs226-k51.dna.rocksdb,GCF_027683005.1 Holdemanella porci,13fcb172b92ef55a3f6332274ecfdf07,0.324468085106383,100000,3,10910000,outputs.mapping/bams.cds.rand/SRR14369134.x.s__Holdemanella porci.fastq.gz,SRR14369134.x.s__Holdemanella porci,91158d62,12950000,51,DNA,10000,1295,True,0.9418496265932818,0.9781717970988483,0.960010711846065,0.9781717970988483,False,44,332,5833,d__Bacteria;p__Bacillota;c__Bacilli;o__Erysipelotrichales;f__Erysipelotrichaceae;g__Holdemanella;s__Holdemanella porci
100000,0.007722007722007722,0.06578947368421052,0.007722007722007722,0.0082290416595234,4.8,4.0,2.925747767665559,/group/ctbrowngrp5/sourmash-db.new/gtdb-rs226/gtdb-rs226-k51.dna.rocksdb,GCA_022763865.1 Mollicutes bacterium,141030705e7e096dae13819b5c6738a4,0.06578947368421052,100000,4,10810000,outputs.mapping/bams.cds.rand/SRR14369134.x.s__Holdemanella porci.fastq.gz,SRR14369134.x.s__Holdemanella porci,91158d62,12950000,51,DNA,10000,1295,True,0.9090398996286563,0.948039857457436,0.9285398785430461,0.948039857457436,False,48,380,5833,d__Bacteria;p__Bacillota;c__Bacilli;o__RFN20;f__CAG-826;g__Onthovivens;s__Onthovivens sp016302065
80000,0.006177606177606178,0.01834862385321101,0.006177606177606178,0.10183439053660209,74.25,8.5,125.08671991862286,/group/ctbrowngrp5/sourmash-db.new/gtdb-rs226/gtdb-rs226-k51.dna.rocksdb,GCF_040914065.1 Mediterraneibacter gnavus,d03e136b2c48793858765770864650b6,0.01834862385321101,80000,5,10730000,outputs.mapping/bams.cds.rand/SRR14369134.x.s__Holdemanella porci.fastq.gz,SRR14369134.x.s__Holdemanella porci,91158d62,12950000,51,DNA,10000,1295,True,0.9050712079695061,0.9245981279073383,0.9148346679384223,0.9245981279073383,False,594,974,5833,d__Bacteria;p__Bacillota;c__Clostridia;o__Lachnospirales;f__Lachnospiraceae;g__Ruminococcus_B;s__Ruminococcus_B gnavus
70000,0.005405405405405406,0.032407407407407406,0.005405405405405406,0.003257328990228013,2.7142857142857144,2.0,2.1852940772540506,/group/ctbrowngrp5/sourmash-db.new/gtdb-rs226/gtdb-rs226-k51.dna.rocksdb,GCF_034099445.1 Catenibacterium mitsuokai,ab5a9867897bb8dca1de711237257353,0.032407407407407406,70000,6,10660000,outputs.mapping/bams.cds.rand/SRR14369134.x.s__Holdemanella porci.fastq.gz,SRR14369134.x.s__Holdemanella porci,91158d62,12950000,51,DNA,10000,1295,True,0.9027045934360562,0.9349684300881651,0.9188365117621107,0.9349684300881651,False,19,993,5833,d__Bacteria;p__Bacillota;c__Bacilli;o__Erysipelotrichales;f__Coprobacillaceae;g__Catenibacterium;s__Catenibacterium mitsuokai_A
620000,0.047876447876447875,0.03614457831325301,0.004633204633204633,0.0015429453111606378,1.5,1.5,0.5,/group/ctbrowngrp5/sourmash-db.new/gtdb-rs226/gtdb-rs226-k51.dna.rocksdb,GCA_905207195.1 Erysipelotrichaceae bacterium,a3b35bce67877593321cb269a879aa34,0.37349397590361444,60000,7,10600000,outputs.mapping/bams.cds.rand/SRR14369134.x.s__Holdemanella porci.fastq.gz,SRR14369134.x.s__Holdemanella porci,91158d62,12950000,51,DNA,10000,1295,True,0.9421499679116088,0.9808744090123747,0.9615121884619917,0.9808744090123747,False,9,1002,5833,d__Bacteria;p__Bacillota;c__Bacilli;o__Erysipelotrichales;f__Erysipelotrichaceae;g__Holdemanella;s__Holdemanella porci
60000,0.004633204633204633,1.1160859609407117e-05,0.004633204633204633,0.0012000685753471626,1.1666666666666667,1.0,0.3726779962499649,/group/ctbrowngrp5/sourmash-db.new/ncbi-euks-2025.01/ncbi-euks-all-2025.01-k51.dna.rocksdb,GCA_026074375.1 Tcoc_v1.0 Tanacetum coccineum,414990e1a76413a5651c02ae40736a75,1.1160859609407117e-05,60000,8,10540000,outputs.mapping/bams.cds.rand/SRR14369134.x.s__Holdemanella porci.fastq.gz,SRR14369134.x.s__Holdemanella porci,91158d62,12950000,51,DNA,10000,1295,True,0.8999802318696359,0.7996428019478502,0.849811516908743,0.8999802318696359,True,7,1009,5833,Eukaryota;Streptophyta;Magnoliopsida;Asterales;Asteraceae;Tanacetum;Tanacetum coccineum;unclassified Tanacetum coccineum subspecies/strain
50000,0.003861003861003861,0.04424778761061947,0.003861003861003861,0.0015429453111606378,1.8,1.0,1.1661903789690602,/group/ctbrowngrp5/sourmash-db.new/gtdb-rs226/gtdb-rs226-k51.dna.rocksdb,GCA_945983435.1 uncultured Solobacterium sp.,11d231e76d6d1aee3e6afdf756c687df,0.04424778761061947,50000,9,10490000,outputs.mapping/bams.cds.rand/SRR14369134.x.s__Holdemanella porci.fastq.gz,SRR14369134.x.s__Holdemanella porci,91158d62,12950000,51,DNA,10000,1295,True,0.8967686073925827,0.9406950400143911,0.9187318237034869,0.9406950400143911,True,9,1018,5833,d__Bacteria;p__Bacillota;c__Bacilli;o__Erysipelotrichales;f__Erysipelotrichaceae;g__Floccifex;s__Floccifex porci
50000,0.003861003861003861,0.03125,0.003861003861003861,0.002914452254414538,3.4,3.0,2.3323807579381204,/group/ctbrowngrp5/sourmash-db.new/gtdb-rs226/gtdb-rs226-k51.dna.rocksdb,GCA_945910455.1 Lactobacillus johnsonii,a00a35776c28df69169a6aa31e0090e9,0.03125,50000,10,10440000,outputs.mapping/bams.cds.rand/SRR14369134.x.s__Holdemanella porci.fastq.gz,SRR14369134.x.s__Holdemanella porci,91158d62,12950000,51,DNA,10000,1295,True,0.8967686073925827,0.9343019501159521,0.9155352787542674,0.9343019501159521,True,17,1035,5833,d__Bacteria;p__Bacillota;c__Bacilli;o__Lactobacillales;f__Lactobacillaceae;g__Lactobacillus;s__Lactobacillus sp910589675
70000,0.005405405405405406,0.01953125,0.003861003861003861,0.050231441796674096,58.6,12.0,65.34095193674484,/group/ctbrowngrp5/sourmash-db.new/gtdb-rs226/gtdb-rs226-k51.dna.rocksdb,GCA_963928095.1 Candidatus Mediterraneibacter guildfordensis,2a28af920d1ce12202ceccb3aa585b12,0.02734375,50000,11,10390000,outputs.mapping/bams.cds.rand/SRR14369134.x.s__Holdemanella porci.fastq.gz,SRR14369134.x.s__Holdemanella porci,91158d62,12950000,51,DNA,10000,1295,True,0.9027045934360562,0.9318589019289087,0.9172817476824825,0.9318589019289087,False,293,1328,5833,d__Bacteria;p__Bacillota;c__Clostridia;o__Lachnospirales;f__Lachnospiraceae;g__Mediterraneibacter;s__Mediterraneibacter guildfordensis
40000,0.003088803088803089,0.0182648401826484,0.003088803088803089,0.04303103034459112,62.75,1.5,106.37757047423108,/group/ctbrowngrp5/sourmash-db.new/gtdb-rs226/gtdb-rs226-k51.dna.rocksdb,GCA_902487525.1 uncultured Alistipes sp.,299734f86cd949d589eb8c8789ff5cc6,0.0182648401826484,40000,12,10350000,outputs.mapping/bams.cds.rand/SRR14369134.x.s__Holdemanella porci.fastq.gz,SRR14369134.x.s__Holdemanella porci,91158d62,12950000,51,DNA,10000,1295,True,0.8928534898121547,0.9245151595170753,0.908684324664615,0.9245151595170753,True,251,1579,5833,d__Bacteria;p__Bacteroidota;c__Bacteroidia;o__Bacteroidales;f__Rikenellaceae;g__Alistipes;s__Alistipes sp900770635
70000,0.005405405405405406,0.010958904109589041,0.003088803088803089,0.0013715069432539003,2.0,1.5,1.224744871391589,/group/ctbrowngrp5/sourmash-db.new/gtdb-rs226/gtdb-rs226-k51.dna.rocksdb,GCA_022782435.1 Lachnospiraceae bacterium,5c2ffea3e1ece2c92b660a036b998227,0.019178082191780823,40000,13,10310000,outputs.mapping/bams.cds.rand/SRR14369134.x.s__Holdemanella porci.fastq.gz,SRR14369134.x.s__Holdemanella porci,91158d62,12950000,51,DNA,10000,1295,True,0.9027045934360562,0.9254000385300994,0.9140523159830778,0.9254000385300994,False,8,1587,5833,d__Bacteria;p__Bacillota;c__Clostridia;o__Lachnospirales;f__Lachnospiraceae;g__Schaedlerella;s__Schaedlerella sp004556565
40000,0.003088803088803089,0.016,0.003088803088803089,0.007714726555803189,11.25,2.0,16.60383991732033,/group/ctbrowngrp5/sourmash-db.new/gtdb-rs226/gtdb-rs226-k51.dna.rocksdb,GCA_034099875.1 Sodaliphilus sp.,dc8565192ef992673d48c031778e8cf5,0.016,40000,14,10270000,outputs.mapping/bams.cds.rand/SRR14369134.x.s__Holdemanella porci.fastq.gz,SRR14369134.x.s__Holdemanella porci,91158d62,12950000,51,DNA,10000,1295,True,0.8928534898121547,0.9221183538879099,0.9074859218500323,0.9221183538879099,True,45,1632,5833,d__Bacteria;p__Bacteroidota;c__Bacteroidia;o__Bacteroidales;f__Muribaculaceae;g__Sodaliphilus;s__Sodaliphilus sp004557565
390000,0.030115830115830116,1.7286757047594765e-05,0.003088803088803089,0.0008571918395336877,1.25,1.0,0.4330127018922193,/group/ctbrowngrp5/sourmash-db.new/ncbi-euks-2025.01/ncbi-euks-all-2025.01-k51.dna.rocksdb,GCA_028533215.1 North Sulawesi babirusa (Babyrousa celebensis),9e113c6dcedb7ae538351720d0618ddf,0.00016854588121404895,40000,15,10230000,outputs.mapping/bams.cds.rand/SRR14369134.x.s__Holdemanella porci.fastq.gz,SRR14369134.x.s__Holdemanella porci,91158d62,12950000,51,DNA,10000,1295,True,0.9336249470496653,0.8433621018950574,0.8884935244723613,0.9336249470496653,False,5,1637,5833,Eukaryota;Chordata;Mammalia;Artiodactyla;Suidae;Babyrousa;Babyrousa celebensis;unclassified Babyrousa celebensis subspecies/strain
30000,0.0023166023166023165,0.015306122448979591,0.0023166023166023165,0.001028630207440425,2.0,2.0,0.816496580927726,/group/ctbrowngrp5/sourmash-db.new/gtdb-rs226/gtdb-rs226-k51.dna.rocksdb,GCA_034100775.1 Erysipelotrichaceae bacterium,32866ada50040630ee18388c5e8d88e5,0.015306122448979591,30000,16,10200000,outputs.mapping/bams.cds.rand/SRR14369134.x.s__Holdemanella porci.fastq.gz,SRR14369134.x.s__Holdemanella porci,91158d62,12950000,51,DNA,10000,1295,True,0.8878312377094533,0.9213170773690638,0.9045741575392585,0.9213170773690638,True,6,1643,5833,d__Bacteria;p__Bacillota;c__Bacilli;o__Erysipelotrichales;f__Erysipelotrichaceae;g__Colivicinus;s__Colivicinus sp022776215
200000,0.015444015444015444,0.011904761904761904,0.0023166023166023165,0.0008571918395336877,1.6666666666666667,1.0,0.9428090415820634,/group/ctbrowngrp5/sourmash-db.new/gtdb-rs226/gtdb-rs226-k51.dna.rocksdb,GCF_963557395.1 Holdemanella porci,a01a9f398f22ce06223c0eb98912d2ac,0.07936507936507936,30000,17,10170000,outputs.mapping/bams.cds.rand/SRR14369134.x.s__Holdemanella porci.fastq.gz,SRR14369134.x.s__Holdemanella porci,91158d62,12950000,51,DNA,10000,1295,True,0.9214791110045188,0.9515335529178865,0.9365063319612027,0.9515335529178865,False,5,1648,5833,d__Bacteria;p__Bacillota;c__Bacilli;o__Erysipelotrichales;f__Erysipelotrichaceae;g__Holdemanella;s__Holdemanella hominis
570000,0.044015444015444015,0.022058823529411766,0.0023166023166023165,0.0017143836790673753,3.3333333333333335,4.0,0.9428090415820634,/group/ctbrowngrp5/sourmash-db.new/gtdb-rs226/gtdb-rs226-k51.dna.rocksdb,GCF_022782705.1 Holdemanella sp.,d3031c97ea482738f770e467d059b990,0.41911764705882354,30000,18,10140000,outputs.mapping/bams.cds.rand/SRR14369134.x.s__Holdemanella porci.fastq.gz,SRR14369134.x.s__Holdemanella porci,91158d62,12950000,51,DNA,10000,1295,True,0.9405979357860634,0.9830934951219812,0.9618457154540223,0.9830934951219812,False,10,1658,5833,d__Bacteria;p__Bacillota;c__Bacilli;o__Erysipelotrichales;f__Erysipelotrichaceae;g__Holdemanella;s__Holdemanella porci
30000,0.0023166023166023165,0.008264462809917356,0.0023166023166023165,0.002914452254414538,5.666666666666667,2.0,5.9066817155564495,/group/ctbrowngrp5/sourmash-db.new/gtdb-rs226/gtdb-rs226-k51.dna.rocksdb,GCA_964250675.1 Eubacterium ramulus,51338bfd98141037c62e75d91bbdf19e,0.008264462809917356,30000,19,10110000,outputs.mapping/bams.cds.rand/SRR14369134.x.s__Holdemanella porci.fastq.gz,SRR14369134.x.s__Holdemanella porci,91158d62,12950000,51,DNA,10000,1295,True,0.8878312377094533,0.9102508039235093,0.8990410208164813,0.9102508039235093,True,17,1675,5833,d__Bacteria;p__Bacillota;c__Clostridia;o__Lachnospirales;f__Lachnospiraceae;g__Eubacterium_I;s__Eubacterium_I ramulus
30000,0.0023166023166023165,0.013824884792626729,0.0023166023166023165,0.016800960054860276,32.666666666666664,12.0,32.097074979228594,/group/ctbrowngrp5/sourmash-db.new/gtdb-rs226/gtdb-rs226-k51.dna.rocksdb,GCA_004561455.1 bacterium,53ec677c015c1b83f30b1cf2b3f886a9,0.013824884792626729,30000,20,10080000,outputs.mapping/bams.cds.rand/SRR14369134.x.s__Holdemanella porci.fastq.gz,SRR14369134.x.s__Holdemanella porci,91158d62,12950000,51,DNA,10000,1295,True,0.8878312377094533,0.9194802024217343,0.9036557200655938,0.9194802024217343,True,98,1773,5833,d__Bacteria;p__Bacteroidota;c__Bacteroidia;o__Bacteroidales;f__Paludibacteraceae;g__Aphodosoma;s__Aphodosoma sp900769035
30000,0.0023166023166023165,0.0076726342710997444,0.0023166023166023165,0.006171781244642551,12.0,7.0,10.801234497346433,/group/ctbrowngrp5/sourmash-db.new/gtdb-rs226/gtdb-rs226-k51.dna.rocksdb,GCA_037065325.1 Prevotella sp.,56bcecd5e88544965ab5bd5f778bb741,0.0076726342710997444,30000,21,10050000,outputs.mapping/bams.cds.rand/SRR14369134.x.s__Holdemanella porci.fastq.gz,SRR14369134.x.s__Holdemanella porci,91158d62,12950000,51,DNA,10000,1295,True,0.8878312377094533,0.9089255747280026,0.8983784062187279,0.9089255747280026,True,36,1809,5833,d__Bacteria;p__Bacteroidota;c__Bacteroidia;o__Bacteroidales;f__Bacteroidaceae;g__Prevotella;s__Prevotella sp900767615
40000,0.003088803088803089,0.007352941176470588,0.0023166023166023165,0.0022286987827875877,4.333333333333333,4.0,2.0548046676563256,/group/ctbrowngrp5/sourmash-db.new/gtdb-rs226/gtdb-rs226-k51.dna.rocksdb,GCF_040920965.1 Blautia wexlerae,03353be80adbfcb77ea4d9a3e0911fe4,0.00980392156862745,30000,22,10020000,outputs.mapping/bams.cds.rand/SRR14369134.x.s__Holdemanella porci.fastq.gz,SRR14369134.x.s__Holdemanella porci,91158d62,12950000,51,DNA,10000,1295,True,0.8928534898121547,0.9133046796219629,0.9030790847170589,0.9133046796219629,True,13,1822,5833,d__Bacteria;p__Bacillota;c__Clostridia;o__Lachnospirales;f__Lachnospiraceae;g__Blautia_A;s__Blautia_A wexlerae
30000,0.0023166023166023165,0.020689655172413793,0.0023166023166023165,0.0012000685753471626,2.3333333333333335,2.0,0.4714045207910317,/group/ctbrowngrp5/sourmash-db.new/gtdb-rs226/gtdb-rs226-k51.dna.rocksdb,GCA_004554845.1 Bacteroidales bacterium,1afd5445afb65eb502389bd9d2ed5afc,0.020689655172413793,30000,23,9990000,outputs.mapping/bams.cds.rand/SRR14369134.x.s__Holdemanella porci.fastq.gz,SRR14369134.x.s__Holdemanella porci,91158d62,12950000,51,DNA,10000,1295,True,0.8878312377094533,0.9267776544647602,0.9073044460871067,0.9267776544647602,True,7,1829,5833,d__Bacteria;p__Bacteroidota;c__Bacteroidia;o__Bacteroidales;f__UBA932;g__Cryptobacteroides;s__Cryptobacteroides sp900546445
570000,0.044015444015444015,0.0189873417721519,0.0023166023166023165,0.0008571918395336877,1.6666666666666667,2.0,0.4714045207910317,/group/ctbrowngrp5/sourmash-db.new/gtdb-rs226/gtdb-rs226-k51.dna.rocksdb,GCA_017850715.1 Eubacterium sp.,1e3dc76f8f9307a21976f135b3d821fa,0.36075949367088606,30000,24,9960000,outputs.mapping/bams.cds.rand/SRR14369134.x.s__Holdemanella porci.fastq.gz,SRR14369134.x.s__Holdemanella porci,91158d62,12950000,51,DNA,10000,1295,True,0.9405979357860634,0.9802074419881944,0.9604026888871289,0.9802074419881944,False,5,1834,5833,d__Bacteria;p__Bacillota;c__Bacilli;o__Erysipelotrichales;f__Erysipelotrichaceae;g__Holdemanella;s__Holdemanella porci
30000,0.0023166023166023165,0.01293103448275862,0.0023166023166023165,0.0006857534716269502,1.3333333333333333,1.0,0.4714045207910317,/group/ctbrowngrp5/sourmash-db.new/gtdb-rs226/gtdb-rs226-k51.dna.rocksdb,GCA_014610835.1 Erysipelotrichaceae bacterium 7770_A6,7730c1f33dead92cc59bd10fa72aa9ad,0.01293103448275862,30000,25,9930000,outputs.mapping/bams.cds.rand/SRR14369134.x.s__Holdemanella porci.fastq.gz,SRR14369134.x.s__Holdemanella porci,91158d62,12950000,51,DNA,10000,1295,True,0.8878312377094533,0.9182759314833148,0.9030535845963841,0.9182759314833148,True,4,1838,5833,d__Bacteria;p__Bacillota;c__Bacilli;o__Erysipelotrichales;f__Erysipelotrichaceae;g__Bulleidia;s__Bulleidia sp900539965
30000,0.0023166023166023165,0.012345679012345678,0.0023166023166023165,0.006686096348362764,13.0,2.0,16.268579122549905,/group/ctbrowngrp5/sourmash-db.new/gtdb-rs226/gtdb-rs226-k51.dna.rocksdb,GCA_028722105.1 Prevotella sp.,82420eabe08f3220077a6fae6dc817a9,0.012345679012345678,30000,26,9900000,outputs.mapping/bams.cds.rand/SRR14369134.x.s__Holdemanella porci.fastq.gz,SRR14369134.x.s__Holdemanella porci,91158d62,12950000,51,DNA,10000,1295,True,0.8878312377094533,0.9174422262512953,0.9026367319803743,0.9174422262512953,True,39,1877,5833,d__Bacteria;p__Bacteroidota;c__Bacteroidia;o__Bacteroidales;f__Bacteroidaceae;g__Prevotella;s__Prevotella sp002251295
50000,0.003861003861003861,1.1557175272267787e-05,0.0023166023166023165,0.0008571918395336877,1.6666666666666667,1.0,0.9428090415820634,/group/ctbrowngrp5/sourmash-db.new/ncbi-euks-2025.01/ncbi-euks-all-2025.01-k51.dna.rocksdb,GCA_023783065.1 southern white-cheeked gibbon (Nomascus siki),283831ff296a3d002cab236d6128b21f,1.926195878711298e-05,30000,27,9870000,outputs.mapping/bams.cds.rand/SRR14369134.x.s__Holdemanella porci.fastq.gz,SRR14369134.x.s__Holdemanella porci,91158d62,12950000,51,DNA,10000,1295,True,0.8967686073925827,0.8082452222547559,0.8525069148236692,0.8967686073925827,True,5,1882,5833,Eukaryota;Chordata;Mammalia;Primates;Hylobatidae;Nomascus;Nomascus siki;unclassified Nomascus siki subspecies/strain
30000,0.0023166023166023165,0.012422360248447204,0.0015444015444015444,0.0005143151037202125,1.5,1.5,0.5,/group/ctbrowngrp5/sourmash-db.new/gtdb-rs226/gtdb-rs226-k51.dna.rocksdb,GCA_022786405.1 Lactobacillus johnsonii,d496e2e861cf4f0ed6633682928b4c11,0.018633540372670808,20000,28,9850000,outputs.mapping/bams.cds.rand/SRR14369134.x.s__Holdemanella porci.fastq.gz,SRR14369134.x.s__Holdemanella porci,91158d62,12950000,51,DNA,10000,1295,True,0.8878312377094533,0.9248775188595291,0.9063543782844912,0.9248775188595291,True,3,1885,5833,d__Bacteria;p__Bacillota;c__Bacilli;o__Lactobacillales;f__Lactobacillaceae;g__Lactobacillus;s__Lactobacillus sp910589675
340000,0.026254826254826256,0.00909090909090909,0.0015444015444015444,0.0005143151037202125,1.5,1.5,0.5,/group/ctbrowngrp5/sourmash-db.new/gtdb-rs226/gtdb-rs226-k51.dna.rocksdb,GCF_037267135.1 Holdemanella sp.,a138438f8b73ebdaecb77031ecf0b635,0.15454545454545454,20000,29,9830000,outputs.mapping/bams.cds.rand/SRR14369134.x.s__Holdemanella porci.fastq.gz,SRR14369134.x.s__Holdemanella porci,91158d62,12950000,51,DNA,10000,1295,True,0.9311166677694231,0.9640490741645764,0.9475828709669998,0.9640490741645764,False,3,1888,5833,d__Bacteria;p__Bacillota;c__Bacilli;o__Erysipelotrichales;f__Erysipelotrichaceae;g__Holdemanella;s__Holdemanella sp900556915
20000,0.0015444015444015444,0.006349206349206349,0.0015444015444015444,0.0013715069432539003,4.0,4.0,1.0,/group/ctbrowngrp5/sourmash-db.new/gtdb-rs226/gtdb-rs226-k51.dna.rocksdb,GCA_028727045.1 Lachnospiraceae bacterium,1fa4a523766f9aee9cac3c30ff79928c,0.006349206349206349,20000,30,9810000,outputs.mapping/bams.cds.rand/SRR14369134.x.s__Holdemanella porci.fastq.gz,SRR14369134.x.s__Holdemanella porci,91158d62,12950000,51,DNA,10000,1295,True,0.8808007008180095,0.9055575743428164,0.893179137580413,0.9055575743428164,True,8,1896,5833,d__Bacteria;p__Bacillota;c__Clostridia;o__Lachnospirales;f__Lachnospiraceae;g__Suilimivivens;s__Suilimivivens sp017622575
40000,0.003088803088803089,0.006968641114982578,0.0015444015444015444,0.0008571918395336877,2.5,2.5,1.5,/group/ctbrowngrp5/sourmash-db.new/gtdb-rs226/gtdb-rs226-k51.dna.rocksdb,GCA_027684195.1 Lachnospiraceae bacterium AF22-4AC,a35074dd6ce4e08b4a97556ddbe73827,0.013937282229965157,20000,31,9790000,outputs.mapping/bams.cds.rand/SRR14369134.x.s__Holdemanella porci.fastq.gz,SRR14369134.x.s__Holdemanella porci,91158d62,12950000,51,DNA,10000,1295,True,0.8928534898121547,0.919626198805456,0.9062398443088053,0.919626198805456,True,5,1901,5833,d__Bacteria;p__Bacillota;c__Clostridia;o__Lachnospirales;f__Lachnospiraceae;g__Coprococcus;s__Coprococcus sp000154245
40000,0.003088803088803089,0.004975124378109453,0.0015444015444015444,0.0005143151037202125,1.5,1.5,0.5,/group/ctbrowngrp5/sourmash-db.new/gtdb-rs226/gtdb-rs226-k51.dna.rocksdb,GCA_022724405.1 Prevotella sp.,2d06b555eb78faf5cf1c006dfc1b7b6c,0.009950248756218905,20000,32,9770000,outputs.mapping/bams.cds.rand/SRR14369134.x.s__Holdemanella porci.fastq.gz,SRR14369134.x.s__Holdemanella porci,91158d62,12950000,51,DNA,10000,1295,True,0.8928534898121547,0.9135700257522423,0.9032117577821985,0.9135700257522423,True,3,1904,5833,d__Bacteria;p__Bacteroidota;c__Bacteroidia;o__Bacteroidales;f__Bacteroidaceae;g__Prevotella;s__Prevotella stercorea
30000,0.0023166023166023165,0.006289308176100629,0.0015444015444015444,0.0018858220469741129,5.5,5.5,4.5,/group/ctbrowngrp5/sourmash-db.new/gtdb-rs226/gtdb-rs226-k51.dna.rocksdb,GCF_040097225.1 Dorea longicatena,22487b86083fb5f3c36695feda809b0f,0.009433962264150943,20000,33,9750000,outputs.mapping/bams.cds.rand/SRR14369134.x.s__Holdemanella porci.fastq.gz,SRR14369134.x.s__Holdemanella porci,91158d62,12950000,51,DNA,10000,1295,True,0.8878312377094533,0.9126160876839744,0.9002236626967138,0.9126160876839744,True,11,1915,5833,d__Bacteria;p__Bacillota;c__Clostridia;o__Lachnospirales;f__Lachnospiraceae;g__Dorea_A;s__Dorea_A longicatena
20000,0.0015444015444015444,0.005333333333333333,0.0015444015444015444,0.0022286987827875877,6.5,6.5,5.5,/group/ctbrowngrp5/sourmash-db.new/gtdb-rs226/gtdb-rs226-k51.dna.rocksdb,GCF_002160765.1 Lachnoclostridium sp. An138,33ee6295597bb4afdf6be870bb2dce0d,0.005333333333333333,20000,34,9730000,outputs.mapping/bams.cds.rand/SRR14369134.x.s__Holdemanella porci.fastq.gz,SRR14369134.x.s__Holdemanella porci,91158d62,12950000,51,DNA,10000,1295,True,0.8808007008180095,0.9024670360307087,0.8916338684243591,0.9024670360307087,True,13,1928,5833,d__Bacteria;p__Bacillota;c__Clostridia;o__Lachnospirales;f__Lachnospiraceae;g__Laedolimicola;s__Laedolimicola faecalis
30000,0.0023166023166023165,0.00980392156862745,0.0015444015444015444,0.0006857534716269502,2.0,2.0,0.0,/group/ctbrowngrp5/sourmash-db.new/gtdb-rs226/gtdb-rs226-k51.dna.rocksdb,GCA_945879155.1 uncultured Erysipelotrichaceae bacterium,23812d44742126b342c9fe1d7155401c,0.014705882352941176,20000,35,9710000,outputs.mapping/bams.cds.rand/SRR14369134.x.s__Holdemanella porci.fastq.gz,SRR14369134.x.s__Holdemanella porci,91158d62,12950000,51,DNA,10000,1295,True,0.8878312377094533,0.9205946627444187,0.904212950226936,0.9205946627444187,True,4,1932,5833,d__Bacteria;p__Bacillota;c__Bacilli;o__Erysipelotrichales;f__Erysipelotrichaceae;g__Bulleidia;s__Bulleidia sp016293365
20000,0.0015444015444015444,0.010810810810810811,0.0015444015444015444,0.005657466140922339,16.5,16.5,12.5,/group/ctbrowngrp5/sourmash-db.new/gtdb-rs226/gtdb-rs226-k51.dna.rocksdb,GCA_004558595.1 Phascolarctobacterium sp.,82f5ae137c37969242b7840b4f05f8d0,0.010810810810810811,20000,36,9690000,outputs.mapping/bams.cds.rand/SRR14369134.x.s__Holdemanella porci.fastq.gz,SRR14369134.x.s__Holdemanella porci,91158d62,12950000,51,DNA,10000,1295,True,0.8808007008180095,0.9150571131134657,0.8979289069657377,0.9150571131134657,True,33,1965,5833,d__Bacteria;p__Bacillota;c__Negativicutes;o__Acidaminococcales;f__Acidaminococcaceae;g__Phascolarctobacterium_A;s__Phascolarctobacterium_A sp004558595
20000,0.0015444015444015444,0.005649717514124294,0.0015444015444015444,0.0018858220469741129,5.5,5.5,4.5,/group/ctbrowngrp5/sourmash-db.new/gtdb-rs226/gtdb-rs226-k51.dna.rocksdb,GCA_014870915.1 Prevotella sp.,deeb77d03e6cf4ad9120c72064eb8c8e,0.005649717514124294,20000,37,9670000,outputs.mapping/bams.cds.rand/SRR14369134.x.s__Holdemanella porci.fastq.gz,SRR14369134.x.s__Holdemanella porci,91158d62,12950000,51,DNA,10000,1295,True,0.8808007008180095,0.9034873844621032,0.8921440426400564,0.9034873844621032,True,11,1976,5833,d__Bacteria;p__Bacteroidota;c__Bacteroidia;o__Bacteroidales;f__Bacteroidaceae;g__Prevotella;s__Prevotella sp945863825
20000,0.0015444015444015444,0.010362694300518135,0.0015444015444015444,0.0012000685753471626,3.5,3.5,1.5,/group/ctbrowngrp5/sourmash-db.new/gtdb-rs226/gtdb-rs226-k51.dna.rocksdb,GCA_934246525.1 uncultured Clostridia bacterium,2fbd7ab5e67ceb37ff45738025c90d5f,0.010362694300518135,20000,38,9650000,outputs.mapping/bams.cds.rand/SRR14369134.x.s__Holdemanella porci.fastq.gz,SRR14369134.x.s__Holdemanella porci,91158d62,12950000,51,DNA,10000,1295,True,0.8808007008180095,0.9142978525817129,0.8975492766998612,0.9142978525817129,True,7,1983,5833,d__Bacteria;p__Bacillota;c__Clostridia;o__Peptostreptococcales;f__Anaerovoracaceae;g__Mogibacterium_A;s__Mogibacterium_A kristiansenii
20000,0.0015444015444015444,0.011363636363636364,0.0015444015444015444,0.0005143151037202125,1.5,1.5,0.5,/group/ctbrowngrp5/sourmash-db.new/gtdb-rs226/gtdb-rs226-k51.dna.rocksdb,GCA_023459935.1 Bacillota bacterium,c4eb8b2ab0ee17e03325cb28473282f3,0.011363636363636364,20000,39,9630000,outputs.mapping/bams.cds.rand/SRR14369134.x.s__Holdemanella porci.fastq.gz,SRR14369134.x.s__Holdemanella porci,91158d62,12950000,51,DNA,10000,1295,True,0.8808007008180095,0.9159523659199715,0.8983765333689906,0.9159523659199715,True,3,1986,5833,d__Bacteria;p__Bacillota;c__Bacilli;o__MOL361;f__Turicibacteraceae;g__Turicibacter;s__Turicibacter bilis
30000,0.0023166023166023165,0.01904761904761905,0.0015444015444015444,0.0030858906223212757,9.0,9.0,4.0,/group/ctbrowngrp5/sourmash-db.new/gtdb-rs226/gtdb-rs226-k51.dna.rocksdb,GCA_004561445.1 bacterium,43e6a68934484b0b1d4221bb931d12f8,0.02857142857142857,20000,40,9610000,outputs.mapping/bams.cds.rand/SRR14369134.x.s__Holdemanella porci.fastq.gz,SRR14369134.x.s__Holdemanella porci,91158d62,12950000,51,DNA,10000,1295,True,0.8878312377094533,0.9326617285238548,0.910246483116654,0.9326617285238548,True,18,2004,5833,d__Bacteria;p__Patescibacteriota;c__Saccharimonadia;o__Saccharimonadales;f__Nanosyncoccaceae;g__UBA2834;s__UBA2834 sp004561445
20000,0.0015444015444015444,0.004048582995951417,0.0015444015444015444,0.0013715069432539003,4.0,4.0,2.0,/group/ctbrowngrp5/sourmash-db.new/gtdb-rs226/gtdb-rs226-k51.dna.rocksdb,GCA_947058295.1 Clostridium neonatale,d11ead47bb366b92049d17cec05b6d3b,0.004048582995951417,20000,41,9590000,outputs.mapping/bams.cds.rand/SRR14369134.x.s__Holdemanella porci.fastq.gz,SRR14369134.x.s__Holdemanella porci,91158d62,12950000,51,DNA,10000,1295,True,0.8808007008180095,0.8976031612871362,0.889201931052573,0.8976031612871362,True,8,2012,5833,d__Bacteria;p__Bacillota;c__Clostridia;o__Clostridiales;f__Clostridiaceae;g__Clostridium;s__Clostridium neonatale
560000,0.043243243243243246,0.012578616352201259,0.0015444015444015444,0.001028630207440425,3.0,3.0,2.0,/group/ctbrowngrp5/sourmash-db.new/gtdb-rs226/gtdb-rs226-k51.dna.rocksdb,GCF_036298905.1 Holdemanella sp.,e0edcb9d426f87906c18336df5f4abf2,0.3522012578616352,20000,42,9570000,outputs.mapping/bams.cds.rand/SRR14369134.x.s__Holdemanella porci.fastq.gz,SRR14369134.x.s__Holdemanella porci,91158d62,12950000,51,DNA,10000,1295,True,0.9402715574108221,0.979746108393415,0.9600088329021186,0.979746108393415,False,6,2018,5833,d__Bacteria;p__Bacillota;c__Bacilli;o__Erysipelotrichales;f__Erysipelotrichaceae;g__Holdemanella;s__Holdemanella porci
30000,0.0023166023166023165,0.007722007722007722,0.0015444015444015444,0.0006857534716269502,2.0,2.0,0.0,/group/ctbrowngrp5/sourmash-db.new/gtdb-rs226/gtdb-rs226-k51.dna.rocksdb,GCA_004557705.1 Bacteroidales bacterium,c09c2436c42f9a1ed34d95dd06289b0c,0.011583011583011582,20000,43,9550000,outputs.mapping/bams.cds.rand/SRR14369134.x.s__Holdemanella porci.fastq.gz,SRR14369134.x.s__Holdemanella porci,91158d62,12950000,51,DNA,10000,1295,True,0.8878312377094533,0.9162958413464571,0.9020635395279553,0.9162958413464571,True,4,2022,5833,d__Bacteria;p__Bacteroidota;c__Bacteroidia;o__Bacteroidales;f__Bacteroidaceae;g__Prevotella;s__Prevotella pectinovora
20000,0.0015444015444015444,0.009433962264150943,0.0015444015444015444,0.0017143836790673753,5.0,5.0,1.0,/group/ctbrowngrp5/sourmash-db.new/gtdb-rs226/gtdb-rs226-k51.dna.rocksdb,GCA_022786145.1 Oscillospiraceae bacterium,0bc8664daf8f9dc84213507b47678a7d,0.009433962264150943,20000,44,9530000,outputs.mapping/bams.cds.rand/SRR14369134.x.s__Holdemanella porci.fastq.gz,SRR14369134.x.s__Holdemanella porci,91158d62,12950000,51,DNA,10000,1295,True,0.8808007008180095,0.9126160876839744,0.8967083942509919,0.9126160876839744,True,10,2032,5833,d__Bacteria;p__Bacillota;c__Clostridia;o__Oscillospirales;f__Acutalibacteraceae;g__CAG-177;s__CAG-177 sp003514385
20000,0.0015444015444015444,0.008264462809917356,0.0015444015444015444,0.0006857534716269502,2.0,2.0,0.0,/group/ctbrowngrp5/sourmash-db.new/gtdb-rs226/gtdb-rs226-k51.dna.rocksdb,GCA_022781125.1 Prevotella sp.,1c18f6c320f5a422b85ade6285945288,0.008264462809917356,20000,45,9510000,outputs.mapping/bams.cds.rand/SRR14369134.x.s__Holdemanella porci.fastq.gz,SRR14369134.x.s__Holdemanella porci,91158d62,12950000,51,DNA,10000,1295,True,0.8808007008180095,0.9102508039235093,0.8955257523707594,0.9102508039235093,True,4,2036,5833,d__Bacteria;p__Bacteroidota;c__Bacteroidia;o__Bacteroidales;f__Bacteroidaceae;g__Prevotella;s__Prevotella sp900543975
20000,0.0015444015444015444,0.006191950464396285,0.0015444015444015444,0.008571918395336876,25.0,25.0,7.0,/group/ctbrowngrp5/sourmash-db.new/gtdb-rs226/gtdb-rs226-k51.dna.rocksdb,GCF_003428235.1 Adlercreutzia equolifaciens,a4dba60fdf2234b74fe3caffbe7eec5a,0.006191950464396285,20000,46,9490000,outputs.mapping/bams.cds.rand/SRR14369134.x.s__Holdemanella porci.fastq.gz,SRR14369134.x.s__Holdemanella porci,91158d62,12950000,51,DNA,10000,1295,True,0.8808007008180095,0.9051123681684023,0.892956534493206,0.9051123681684023,True,50,2086,5833,d__Bacteria;p__Actinomycetota;c__Coriobacteriia;o__Coriobacteriales;f__Eggerthellaceae;g__Adlercreutzia;s__Adlercreutzia equolifaciens
20000,0.0015444015444015444,0.006535947712418301,0.0015444015444015444,0.0005143151037202125,1.5,1.5,0.5,/group/ctbrowngrp5/sourmash-db.new/gtdb-rs226/gtdb-rs226-k51.dna.rocksdb,GCA_022785265.1 Clostridium sp.,bc13373edd189e2d5590d2fac4792d19,0.006535947712418301,20000,47,9470000,outputs.mapping/bams.cds.rand/SRR14369134.x.s__Holdemanella porci.fastq.gz,SRR14369134.x.s__Holdemanella porci,91158d62,12950000,51,DNA,10000,1295,True,0.8808007008180095,0.9060724242444924,0.893436562531251,0.9060724242444924,True,3,2089,5833,d__Bacteria;p__Bacillota;c__Clostridia;o__Clostridiales;f__Clostridiaceae;g__Clostridium;s__Clostridium sp022785265
20000,0.0015444015444015444,0.0076045627376425855,0.0015444015444015444,0.0041145208297617,12.0,12.0,11.0,/group/ctbrowngrp5/sourmash-db.new/gtdb-rs226/gtdb-rs226-k51.dna.rocksdb,GCA_948672045.1 Akkermansia muciniphila,dcdc78816df72d86235648d521c7111a,0.0076045627376425855,20000,48,9450000,outputs.mapping/bams.cds.rand/SRR14369134.x.s__Holdemanella porci.fastq.gz,SRR14369134.x.s__Holdemanella porci,91158d62,12950000,51,DNA,10000,1295,True,0.8808007008180095,0.9087667657945412,0.8947837333062754,0.9087667657945412,True,24,2113,5833,d__Bacteria;p__Verrucomicrobiota;c__Verrucomicrobiia;o__Verrucomicrobiales;f__Akkermansiaceae;g__Akkermansia;s__Akkermansia muciniphila
20000,0.0015444015444015444,0.016666666666666666,0.0015444015444015444,0.004285959197668438,12.5,12.5,11.5,/group/ctbrowngrp5/sourmash-db.new/gtdb-rs226/gtdb-rs226-k51.dna.rocksdb,GCA_938024315.1 uncultured Mollicutes bacterium,a9c4e439a0d97aa454522311cdbfc279,0.016666666666666666,20000,49,9430000,outputs.mapping/bams.cds.rand/SRR14369134.x.s__Holdemanella porci.fastq.gz,SRR14369134.x.s__Holdemanella porci,91158d62,12950000,51,DNA,10000,1295,True,0.8808007008180095,0.9228567417234186,0.9018287212707141,0.9228567417234186,True,25,2138,5833,d__Bacteria;p__Bacillota;c__Bacilli;o__RF39;f__UBA660;g__RUG705;s__RUG705 sp900551455
20000,0.0015444015444015444,0.008583690987124463,0.0015444015444015444,0.0005143151037202125,1.5,1.5,0.5,/group/ctbrowngrp5/sourmash-db.new/gtdb-rs226/gtdb-rs226-k51.dna.rocksdb,GCF_034087485.1 Candidatus Cryptobacteroides sp.,9c6f02a1c2aaca988d48e37a5dfed069,0.008583690987124463,20000,50,9410000,outputs.mapping/bams.cds.rand/SRR14369134.x.s__Holdemanella porci.fastq.gz,SRR14369134.x.s__Holdemanella porci,91158d62,12950000,51,DNA,10000,1295,True,0.8808007008180095,0.9109274836213538,0.8958640922196817,0.9109274836213538,True,3,2141,5833,d__Bacteria;p__Bacteroidota;c__Bacteroidia;o__Bacteroidales;f__UBA932;g__Cryptobacteroides;s__Cryptobacteroides sp004552965
20000,0.0015444015444015444,0.006993006993006993,0.0015444015444015444,0.0008571918395336877,2.5,2.5,0.5,/group/ctbrowngrp5/sourmash-db.new/gtdb-rs226/gtdb-rs226-k51.dna.rocksdb,GCA_945869265.1 uncultured Prevotella sp.,33193da5f8eacad67419eebc3e05da30,0.006993006993006993,20000,51,9390000,outputs.mapping/bams.cds.rand/SRR14369134.x.s__Holdemanella porci.fastq.gz,SRR14369134.x.s__Holdemanella porci,91158d62,12950000,51,DNA,10000,1295,True,0.8808007008180095,0.9072740913132011,0.8940373960656054,0.9072740913132011,True,5,2146,5833,d__Bacteria;p__Bacteroidota;c__Bacteroidia;o__Bacteroidales;f__Bacteroidaceae;g__Prevotella;s__Prevotella sp945869265
20000,0.0015444015444015444,0.012903225806451613,0.0015444015444015444,0.0003428767358134751,1.0,1.0,0.0,/group/ctbrowngrp5/sourmash-db.new/gtdb-rs226/gtdb-rs226-k51.dna.rocksdb,GCA_945981915.1 uncultured Erysipelotrichaceae bacterium,df94d6bda55654e0899a38bb6ff7494f,0.012903225806451613,20000,52,9370000,outputs.mapping/bams.cds.rand/SRR14369134.x.s__Holdemanella porci.fastq.gz,SRR14369134.x.s__Holdemanella porci,91158d62,12950000,51,DNA,10000,1295,True,0.8808007008180095,0.9182371692931076,0.8995189350555586,0.9182371692931076,True,2,2148,5833,d__Bacteria;p__Bacillota;c__Bacilli;o__Erysipelotrichales;f__Coprobacillaceae;g__Faecalibacillus;s__Faecalibacillus sp945981915
20000,0.0015444015444015444,0.015748031496062992,0.0015444015444015444,0.0003428767358134751,1.0,1.0,0.0,/group/ctbrowngrp5/sourmash-db.new/gtdb-rs226/gtdb-rs226-k51.dna.rocksdb,GCA_034104185.1 Candidatus Onthovivens sp.,733d4ad4f6cd1fa48099233b79cd58a4,0.015748031496062992,20000,53,9350000,outputs.mapping/bams.cds.rand/SRR14369134.x.s__Holdemanella porci.fastq.gz,SRR14369134.x.s__Holdemanella porci,91158d62,12950000,51,DNA,10000,1295,True,0.8808007008180095,0.921831396456757,0.9013160486373832,0.921831396456757,True,2,2150,5833,d__Bacteria;p__Bacillota;c__Bacilli;o__RFN20;f__CAG-826;g__Onthovivens;s__Onthovivens sp029098125
20000,0.0015444015444015444,0.005154639175257732,0.0015444015444015444,0.0003428767358134751,1.0,1.0,0.0,/group/ctbrowngrp5/sourmash-db.new/gtdb-rs226/gtdb-rs226-k51.dna.rocksdb,GCF_002302065.1 Clostridioides difficile,4791ba81b2e50e4c19e5e89b9b3af733,0.005154639175257732,20000,54,9330000,outputs.mapping/bams.cds.rand/SRR14369134.x.s__Holdemanella porci.fastq.gz,SRR14369134.x.s__Holdemanella porci,91158d62,12950000,51,DNA,10000,1295,True,0.8808007008180095,0.901864189290774,0.8913324450543918,0.901864189290774,True,2,2152,5833,d__Bacteria;p__Bacillota;c__Clostridia;o__Peptostreptococcales;f__Peptostreptococcaceae;g__Clostridioides;s__Clostridioides difficile
20000,0.0015444015444015444,0.008695652173913044,0.0015444015444015444,0.0005143151037202125,1.5,1.5,0.5,/group/ctbrowngrp5/sourmash-db.new/gtdb-rs226/gtdb-rs226-k51.dna.rocksdb,GCA_004563385.1 bacterium,0137849204f4000c69fd8e2589295ba8,0.008695652173913044,20000,55,9310000,outputs.mapping/bams.cds.rand/SRR14369134.x.s__Holdemanella porci.fastq.gz,SRR14369134.x.s__Holdemanella porci,91158d62,12950000,51,DNA,10000,1295,True,0.8808007008180095,0.9111589805028507,0.8959798406604301,0.9111589805028507,True,3,2155,5833,d__Bacteria;p__Verrucomicrobiota;c__Verrucomicrobiia;o__Verrucomicrobiales;f__Akkermansiaceae;g__Akkermansia;s__Akkermansia muciniphila_D
290000,0.022393822393822392,0.00819672131147541,0.0015444015444015444,0.001028630207440425,3.0,3.0,1.0,/group/ctbrowngrp5/sourmash-db.new/gtdb-rs226/gtdb-rs226-k51.dna.rocksdb,GCA_963652455.1 Bacteroidaceae bacterium,0422afd6bc2f5cf391dd92a5f13f1501,0.11885245901639344,20000,56,9290000,outputs.mapping/bams.cds.rand/SRR14369134.x.s__Holdemanella porci.fastq.gz,SRR14369134.x.s__Holdemanella porci,91158d62,12950000,51,DNA,10000,1295,True,0.9282171175632501,0.9590978232470337,0.9436574704051419,0.9590978232470337,False,6,2161,5833,d__Bacteria;p__Bacillota;c__Bacilli;o__Erysipelotrichales;f__Erysipelotrichaceae;g__Holdemanella;s__Holdemanella sp900556915
20000,0.0015444015444015444,0.007662835249042145,0.0015444015444015444,0.0006857534716269502,2.0,2.0,0.0,/group/ctbrowngrp5/sourmash-db.new/gtdb-rs226/gtdb-rs226-k51.dna.rocksdb,GCF_022731075.1 Leyella stercorea,cdd76118fd0ffdb91650d0f0f825ef25,0.007662835249042145,20000,57,9270000,outputs.mapping/bams.cds.rand/SRR14369134.x.s__Holdemanella porci.fastq.gz,SRR14369134.x.s__Holdemanella porci,91158d62,12950000,51,DNA,10000,1295,True,0.8808007008180095,0.9089027992018329,0.8948517500099212,0.9089027992018329,True,4,2165,5833,d__Bacteria;p__Bacteroidota;c__Bacteroidia;o__Bacteroidales;f__Bacteroidaceae;g__Prevotella;s__Prevotella stercorea
30000,0.0023166023166023165,0.00749063670411985,0.0015444015444015444,0.0003428767358134751,1.0,1.0,0.0,/group/ctbrowngrp5/sourmash-db.new/gtdb-rs226/gtdb-rs226-k51.dna.rocksdb,GCA_034089445.1 Bariatricus sp.,9d20418ff58b4b6be00dd7d677cf98ec,0.011235955056179775,20000,58,9250000,outputs.mapping/bams.cds.rand/SRR14369134.x.s__Holdemanella porci.fastq.gz,SRR14369134.x.s__Holdemanella porci,91158d62,12950000,51,DNA,10000,1295,True,0.8878312377094533,0.9157494500788544,0.9017903438941539,0.9157494500788544,True,2,2167,5833,d__Bacteria;p__Bacillota;c__Clostridia;o__Lachnospirales;f__Lachnospiraceae;g__Bariatricus;s__Bariatricus sp004560705
20000,0.0015444015444015444,0.009009009009009009,0.0015444015444015444,0.0022286987827875877,6.5,6.5,3.5,/group/ctbrowngrp5/sourmash-db.new/gtdb-rs226/gtdb-rs226-k51.dna.rocksdb,GCA_034115305.1 Lactobacillus amylovorus,65a0aa43917458e4176370713b44a7d7,0.009009009009009009,20000,59,9230000,outputs.mapping/bams.cds.rand/SRR14369134.x.s__Holdemanella porci.fastq.gz,SRR14369134.x.s__Holdemanella porci,91158d62,12950000,51,DNA,10000,1295,True,0.8808007008180095,0.9117916860315043,0.8962961934247569,0.9117916860315043,True,13,2180,5833,d__Bacteria;p__Bacillota;c__Bacilli;o__Lactobacillales;f__Lactobacillaceae;g__Lactobacillus;s__Lactobacillus amylovorus
30000,0.0023166023166023165,0.00966183574879227,0.0015444015444015444,0.004457397565575175,13.0,13.0,11.0,/group/ctbrowngrp5/sourmash-db.new/gtdb-rs226/gtdb-rs226-k51.dna.rocksdb,GCA_022771005.1 Solobacterium sp.,4e656f84c6540468ff648902b3297776,0.014492753623188406,20000,60,9210000,outputs.mapping/bams.cds.rand/SRR14369134.x.s__Holdemanella porci.fastq.gz,SRR14369134.x.s__Holdemanella porci,91158d62,12950000,51,DNA,10000,1295,True,0.8878312377094533,0.9203311793431016,0.9040812085262775,0.9203311793431016,True,26,2206,5833,d__Bacteria;p__Bacillota;c__Bacilli;o__Erysipelotrichales;f__Erysipelotrichaceae;g__Colivicinus;s__Colivicinus sp022776215
20000,0.0015444015444015444,0.007722007722007722,0.0015444015444015444,0.0008571918395336877,2.5,2.5,0.5,/group/ctbrowngrp5/sourmash-db.new/gtdb-rs226/gtdb-rs226-k51.dna.rocksdb,GCA_022776825.1 Clostridiales bacterium,4952d26558469a5eeb9b6296150bd0f0,0.007722007722007722,20000,61,9190000,outputs.mapping/bams.cds.rand/SRR14369134.x.s__Holdemanella porci.fastq.gz,SRR14369134.x.s__Holdemanella porci,91158d62,12950000,51,DNA,10000,1295,True,0.8808007008180095,0.9090398996286563,0.8949203002233329,0.9090398996286563,True,5,2211,5833,d__Bacteria;p__Bacillota;c__Clostridia;o__Oscillospirales;f__UMGS1384;g__JAAZKA01;s__JAAZKA01 sp016297585
20000,0.0015444015444015444,0.006230529595015576,0.0015444015444015444,0.0022286987827875877,6.5,6.5,4.5,/group/ctbrowngrp5/sourmash-db.new/gtdb-rs226/gtdb-rs226-k51.dna.rocksdb,GCA_928721625.1 uncultured Clostridia bacterium,03d09a822b63d7e32103b77c236eb9a2,0.006230529595015576,20000,62,9170000,outputs.mapping/bams.cds.rand/SRR14369134.x.s__Holdemanella porci.fastq.gz,SRR14369134.x.s__Holdemanella porci,91158d62,12950000,51,DNA,10000,1295,True,0.8808007008180095,0.905222606920864,0.8930116538694368,0.905222606920864,True,13,2224,5833,d__Bacteria;p__Bacillota;c__Clostridia;o__Christensenellales;f__CAG-138;g__Phil1;s__Phil1 sp001940855
20000,0.0015444015444015444,0.008771929824561403,0.0015444015444015444,0.0006857534716269502,2.0,2.0,1.0,/group/ctbrowngrp5/sourmash-db.new/gtdb-rs226/gtdb-rs226-k51.dna.rocksdb,GCA_004560055.1 bacterium,a88f4fce57f98f5160d3b7f6ebf75245,0.008771929824561403,20000,63,9150000,outputs.mapping/bams.cds.rand/SRR14369134.x.s__Holdemanella porci.fastq.gz,SRR14369134.x.s__Holdemanella porci,91158d62,12950000,51,DNA,10000,1295,True,0.8808007008180095,0.911315028588222,0.8960578647031158,0.911315028588222,True,4,2228,5833,d__Bacteria;p__Bacteroidota;c__Bacteroidia;o__Bacteroidales;f__UBA932;g__Cryptobacteroides;s__Cryptobacteroides sp000431015
20000,0.0015444015444015444,0.013513513513513514,0.0015444015444015444,0.0005143151037202125,1.5,1.5,0.5,/group/ctbrowngrp5/sourmash-db.new/gtdb-rs226/gtdb-rs226-k51.dna.rocksdb,GCA_934168055.1 uncultured Clostridia bacterium,b596a7be4f0b9fef1f5f842a64b1f76b,0.013513513513513514,20000,64,9130000,outputs.mapping/bams.cds.rand/SRR14369134.x.s__Holdemanella porci.fastq.gz,SRR14369134.x.s__Holdemanella porci,91158d62,12950000,51,DNA,10000,1295,True,0.8808007008180095,0.919069592463689,0.8999351466408493,0.919069592463689,True,3,2231,5833,d__Bacteria;p__Bacillota;c__Clostridia;o__TANB77;f__CAG-508;g__Scatovivens;s__Scatovivens sp934182465
20000,0.0015444015444015444,0.010309278350515464,0.0015444015444015444,0.0006857534716269502,2.0,2.0,1.0,/group/ctbrowngrp5/sourmash-db.new/gtdb-rs226/gtdb-rs226-k51.dna.rocksdb,GCA_946061705.1 uncultured bacterium,ad3c574a9fc6b776f407b0cf1762ddbf,0.010309278350515464,20000,65,9110000,outputs.mapping/bams.cds.rand/SRR14369134.x.s__Holdemanella porci.fastq.gz,SRR14369134.x.s__Holdemanella porci,91158d62,12950000,51,DNA,10000,1295,True,0.8808007008180095,0.9142052089616286,0.897502954889819,0.9142052089616286,True,4,2235,5833,d__Bacteria;p__Bacteroidota;c__Bacteroidia;o__Bacteroidales;f__Paludibacteraceae;g__Aphodosoma;s__Aphodosoma sp900769035
50000,0.003861003861003861,6.104372562066208e-06,0.0015444015444015444,0.0003428767358134751,1.0,1.0,0.0,/group/ctbrowngrp5/sourmash-db.new/ncbi-euks-2025.01/ncbi-euks-all-2025.01-k51.dna.rocksdb,GCA_045071785.1 Sarcandra glabra,7965cbbe425227dcfb5248f419522616,1.526093140516552e-05,20000,66,9090000,outputs.mapping/bams.cds.rand/SRR14369134.x.s__Holdemanella porci.fastq.gz,SRR14369134.x.s__Holdemanella porci,91158d62,12950000,51,DNA,10000,1295,True,0.8967686073925827,0.80456365963461,0.8506661335135963,0.8967686073925827,True,2,2237,5833,Eukaryota;Streptophyta;Magnoliopsida;Chloranthales;Chloranthaceae;Sarcandra;Sarcandra glabra;unclassified Sarcandra glabra subspecies/strain
20000,0.0015444015444015444,1.2098701204425706e-05,0.0015444015444015444,0.0003428767358134751,1.0,1.0,0.0,/group/ctbrowngrp5/sourmash-db.new/ncbi-euks-2025.01/ncbi-euks-all-2025.01-k51.dna.rocksdb,GCF_002127325.2 HanXRQr2.0-SUNRISE Helianthus annuus,3d2c8dfe4052c7fa44aa729e38576761,1.2098701204425706e-05,20000,67,9070000,outputs.mapping/bams.cds.rand/SRR14369134.x.s__Holdemanella porci.fastq.gz,SRR14369134.x.s__Holdemanella porci,91158d62,12950000,51,DNA,10000,1295,True,0.8808007008180095,0.8009088871604262,0.8408547939892179,0.8808007008180095,True,2,2239,5833,Eukaryota;Streptophyta;Magnoliopsida;Asterales;Asteraceae;Helianthus;Helianthus annuus;unclassified Helianthus annuus subspecies/strain
10000,0.0007722007722007722,0.005714285714285714,0.0007722007722007722,0.00017143836790673754,1.0,1.0,0.0,/group/ctbrowngrp5/sourmash-db.new/gtdb-rs226/gtdb-rs226-k51.dna.rocksdb,GCF_900985685.1 Streptococcus pyogenes,7ec5d03491ca9b54332fdd09958b7b7a,0.005714285714285714,10000,68,9060000,outputs.mapping/bams.cds.rand/SRR14369134.x.s__Holdemanella porci.fastq.gz,SRR14369134.x.s__Holdemanella porci,91158d62,12950000,51,DNA,10000,1295,True,0.8689106145787899,0.9036887208642069,0.8862996677214985,0.9036887208642069,True,1,2240,5833,d__Bacteria;p__Bacillota;c__Bacilli;o__Lactobacillales;f__Streptococcaceae;g__Streptococcus;s__Streptococcus pyogenes
10000,0.0007722007722007722,0.008,0.0007722007722007722,0.00017143836790673754,1.0,1.0,0.0,/group/ctbrowngrp5/sourmash-db.new/gtdb-rs226/gtdb-rs226-k51.dna.rocksdb,GCA_937923505.1 uncultured Clostridium sp.,ac5cc9b5857efc9aaac8817923971893,0.008,10000,69,9050000,outputs.mapping/bams.cds.rand/SRR14369134.x.s__Holdemanella porci.fastq.gz,SRR14369134.x.s__Holdemanella porci,91158d62,12950000,51,DNA,10000,1295,True,0.8689106145787899,0.9096705132580012,0.8892905639183956,0.9096705132580012,True,1,2241,5833,d__Bacteria;p__Bacillota;c__Bacilli;o__RF39;f__UBA660;g__CAG-914;s__CAG-914 sp000437895
10000,0.0007722007722007722,0.003194888178913738,0.0007722007722007722,0.00017143836790673754,1.0,1.0,0.0,/group/ctbrowngrp5/sourmash-db.new/gtdb-rs226/gtdb-rs226-k51.dna.rocksdb,GCA_938021875.1 uncultured Prevotella sp.,d9f82f4be00753fea05e76084af58a9b,0.003194888178913738,10000,70,9040000,outputs.mapping/bams.cds.rand/SRR14369134.x.s__Holdemanella porci.fastq.gz,SRR14369134.x.s__Holdemanella porci,91158d62,12950000,51,DNA,10000,1295,True,0.8689106145787899,0.8934448670217007,0.8811777408002452,0.8934448670217007,True,1,2242,5833,d__Bacteria;p__Bacteroidota;c__Bacteroidia;o__Bacteroidales;f__Bacteroidaceae;g__Prevotella;s__Prevotella sp900553595
10000,0.0007722007722007722,0.0022727272727272726,0.0007722007722007722,0.0003428767358134751,2.0,2.0,0.0,/group/ctbrowngrp5/sourmash-db.new/gtdb-rs226/gtdb-rs226-k51.dna.rocksdb,GCF_015555785.1 Roseburia intestinalis,2decb5bb33b21e6f148f844e9229bfc7,0.0022727272727272726,10000,71,9030000,outputs.mapping/bams.cds.rand/SRR14369134.x.s__Holdemanella porci.fastq.gz,SRR14369134.x.s__Holdemanella porci,91158d62,12950000,51,DNA,10000,1295,True,0.8689106145787899,0.8874984322996072,0.8782045234391986,0.8874984322996072,True,2,2244,5833,d__Bacteria;p__Bacillota;c__Clostridia;o__Lachnospirales;f__Lachnospiraceae;g__Roseburia;s__Roseburia intestinalis
10000,0.0007722007722007722,0.010526315789473684,0.0007722007722007722,0.001028630207440425,6.0,6.0,0.0,/group/ctbrowngrp5/sourmash-db.new/gtdb-rs226/gtdb-rs226-k51.dna.rocksdb,GCA_944350255.1 Candidatus Caccopulliclostridium gallistercoris,0a336fd0ee5111b1e16d0172dac309ec,0.010526315789473684,10000,72,9020000,outputs.mapping/bams.cds.rand/SRR14369134.x.s__Holdemanella porci.fastq.gz,SRR14369134.x.s__Holdemanella porci,91158d62,12950000,51,DNA,10000,1295,True,0.8689106145787899,0.9145787486024968,0.8917446815906434,0.9145787486024968,True,6,2250,5833,d__Bacteria;p__Bacillota;c__Clostridia;o__Christensenellales;f__UBA1242;g__Caccopulliclostridium;s__Caccopulliclostridium gallistercoris
10000,0.0007722007722007722,0.0036900369003690036,0.0007722007722007722,0.00017143836790673754,1.0,1.0,0.0,/group/ctbrowngrp5/sourmash-db.new/gtdb-rs226/gtdb-rs226-k51.dna.rocksdb,GCF_003320155.1 Enterococcus faecium,15d5834941198574bbf3882a60f6f551,0.0036900369003690036,10000,73,9010000,outputs.mapping/bams.cds.rand/SRR14369134.x.s__Holdemanella porci.fastq.gz,SRR14369134.x.s__Holdemanella porci,91158d62,12950000,51,DNA,10000,1295,True,0.8689106145787899,0.8959725818618104,0.8824415982203002,0.8959725818618104,True,1,2251,5833,d__Bacteria;p__Bacillota;c__Bacilli;o__Lactobacillales;f__Enterococcaceae;g__Enterococcus_B;s__Enterococcus_B faecium
20000,0.0015444015444015444,0.004901960784313725,0.0007722007722007722,0.00017143836790673754,1.0,1.0,0.0,/group/ctbrowngrp5/sourmash-db.new/gtdb-rs226/gtdb-rs226-k51.dna.rocksdb,GCA_958437595.1 uncultured Eubacteriales bacterium,1d78a324cbca691b973817c3e9bf4540,0.00980392156862745,10000,74,9000000,outputs.mapping/bams.cds.rand/SRR14369134.x.s__Holdemanella porci.fastq.gz,SRR14369134.x.s__Holdemanella porci,91158d62,12950000,51,DNA,10000,1295,True,0.8808007008180095,0.9133046796219629,0.8970526902199862,0.9133046796219629,True,1,2252,5833,d__Bacteria;p__Bacillota;c__Clostridia;o__Oscillospirales;f__Acutalibacteraceae;g__CAG-217;s__CAG-217 sp000436335
10000,0.0007722007722007722,0.0053475935828877,0.0007722007722007722,0.0017143836790673753,10.0,10.0,0.0,/group/ctbrowngrp5/sourmash-db.new/gtdb-rs226/gtdb-rs226-k51.dna.rocksdb,GCA_946414115.1 uncultured Ruminococcus sp.,7c8108caf4845f9ccbb662b9d30fc396,0.0053475935828877,10000,75,8990000,outputs.mapping/bams.cds.rand/SRR14369134.x.s__Holdemanella porci.fastq.gz,SRR14369134.x.s__Holdemanella porci,91158d62,12950000,51,DNA,10000,1295,True,0.8689106145787899,0.9025142881157426,0.8857124513472663,0.9025142881157426,True,10,2262,5833,d__Bacteria;p__Bacillota;c__Clostridia;o__Oscillospirales;f__Acutalibacteraceae;g__Ruminococcoides;s__Ruminococcoides sp946414115
30000,0.0023166023166023165,0.0033333333333333335,0.0007722007722007722,0.00017143836790673754,1.0,1.0,0.0,/group/ctbrowngrp5/sourmash-db.new/gtdb-rs226/gtdb-rs226-k51.dna.rocksdb,GCA_937966125.1 uncultured Ruminococcus sp.,9d5958087ed9331cdeacd48c5dc570ea,0.01,10000,76,8980000,outputs.mapping/bams.cds.rand/SRR14369134.x.s__Holdemanella porci.fastq.gz,SRR14369134.x.s__Holdemanella porci,91158d62,12950000,51,DNA,10000,1295,True,0.8878312377094533,0.9136593726391776,0.9007453051743155,0.9136593726391776,True,1,2263,5833,d__Bacteria;p__Bacillota;c__Clostridia;o__Oscillospirales;f__Ruminococcaceae;g__UMGS363;s__UMGS363 sp900543105
10000,0.0007722007722007722,0.003745318352059925,0.0007722007722007722,0.00017143836790673754,1.0,1.0,0.0,/group/ctbrowngrp5/sourmash-db.new/gtdb-rs226/gtdb-rs226-k51.dna.rocksdb,GCA_934352075.1 uncultured Lachnospiraceae bacterium,3c14ae79ac1640c0a25b016268b41515,0.003745318352059925,10000,77,8970000,outputs.mapping/bams.cds.rand/SRR14369134.x.s__Holdemanella porci.fastq.gz,SRR14369134.x.s__Holdemanella porci,91158d62,12950000,51,DNA,10000,1295,True,0.8689106145787899,0.8962338603010542,0.8825722374399221,0.8962338603010542,True,1,2264,5833,d__Bacteria;p__Bacillota;c__Clostridia;o__Lachnospirales;f__Lachnospiraceae;g__Petralouisia;s__Petralouisia sp012519695
10000,0.0007722007722007722,0.003875968992248062,0.0007722007722007722,0.0006857534716269502,4.0,4.0,0.0,/group/ctbrowngrp5/sourmash-db.new/gtdb-rs226/gtdb-rs226-k51.dna.rocksdb,GCA_934632465.1 uncultured Oscillospiraceae bacterium,15292f246c44c98b55a90b665311b2d4,0.003875968992248062,10000,78,8960000,outputs.mapping/bams.cds.rand/SRR14369134.x.s__Holdemanella porci.fastq.gz,SRR14369134.x.s__Holdemanella porci,91158d62,12950000,51,DNA,10000,1295,True,0.8689106145787899,0.8968366321005671,0.8828736233396786,0.8968366321005671,True,4,2268,5833,d__Bacteria;p__Bacillota;c__Clostridia;o__Oscillospirales;f__Oscillospiraceae;g__CAG-170;s__CAG-170 sp937967235
10000,0.0007722007722007722,0.002881844380403458,0.0007722007722007722,0.00017143836790673754,1.0,1.0,0.0,/group/ctbrowngrp5/sourmash-db.new/gtdb-rs226/gtdb-rs226-k51.dna.rocksdb,GCF_959603745.1 uncultured Blautia sp.,7390b01dbb00fe14c8b408b5ab97bed7,0.002881844380403458,10000,79,8950000,outputs.mapping/bams.cds.rand/SRR14369134.x.s__Holdemanella porci.fastq.gz,SRR14369134.x.s__Holdemanella porci,91158d62,12950000,51,DNA,10000,1295,True,0.8689106145787899,0.8916401538661815,0.8802753842224857,0.8916401538661815,True,1,2269,5833,d__Bacteria;p__Bacillota;c__Clostridia;o__Lachnospirales;f__Lachnospiraceae;g__Blautia_A;s__Blautia_A difficilis
10000,0.0007722007722007722,0.005813953488372093,0.0007722007722007722,0.0006857534716269502,4.0,4.0,0.0,/group/ctbrowngrp5/sourmash-db.new/gtdb-rs226/gtdb-rs226-k51.dna.rocksdb,GCA_958348405.1 uncultured Firmicutes bacterium,348ca1109c846ea5c2a87804d813867e,0.005813953488372093,10000,80,8940000,outputs.mapping/bams.cds.rand/SRR14369134.x.s__Holdemanella porci.fastq.gz,SRR14369134.x.s__Holdemanella porci,91158d62,12950000,51,DNA,10000,1295,True,0.8689106145787899,0.903995167535116,0.8864528910569529,0.903995167535116,True,4,2273,5833,d__Bacteria;p__Bacillota;c__Clostridia;o__Christensenellales;f__CAG-917;g__CAG-475;s__CAG-475 sp000434435
10000,0.0007722007722007722,0.007042253521126761,0.0007722007722007722,0.0005143151037202125,3.0,3.0,0.0,/group/ctbrowngrp5/sourmash-db.new/gtdb-rs226/gtdb-rs226-k51.dna.rocksdb,GCA_958421665.1 uncultured Clostridiaceae bacterium,5a31aea1f5881dd9e8d25aaa9cefb317,0.007042253521126761,10000,81,8930000,outputs.mapping/bams.cds.rand/SRR14369134.x.s__Holdemanella porci.fastq.gz,SRR14369134.x.s__Holdemanella porci,91158d62,12950000,51,DNA,10000,1295,True,0.8689106145787899,0.9073989403311536,0.8881547774549718,0.9073989403311536,True,3,2276,5833,d__Bacteria;p__Bacillota;c__Clostridia;o__TANB77;f__CAG-508;g__UMGS1663;s__UMGS1663 sp900553865
10000,0.0007722007722007722,0.004807692307692308,0.0007722007722007722,0.0030858906223212757,18.0,18.0,0.0,/group/ctbrowngrp5/sourmash-db.new/gtdb-rs226/gtdb-rs226-k51.dna.rocksdb,GCA_023462315.1 Bacillota bacterium,080406dff6d5f24fd456a17aff61f30b,0.004807692307692308,10000,82,8920000,outputs.mapping/bams.cds.rand/SRR14369134.x.s__Holdemanella porci.fastq.gz,SRR14369134.x.s__Holdemanella porci,91158d62,12950000,51,DNA,10000,1295,True,0.8689106145787899,0.9006328380135685,0.8847717262961792,0.9006328380135685,True,18,2294,5833,d__Bacteria;p__Bacillota;c__Clostridia;o__Clostridiales;f__Clostridiaceae;g__Clostridium;s__Clostridium sp000435835
10000,0.0007722007722007722,0.003367003367003367,0.0007722007722007722,0.0005143151037202125,3.0,3.0,0.0,/group/ctbrowngrp5/sourmash-db.new/gtdb-rs226/gtdb-rs226-k51.dna.rocksdb,GCF_002300465.1 Fibrobacter sp. NR9,a7efd02fa2fb0aab3a7ce7e3dd215aa3,0.003367003367003367,10000,83,8910000,outputs.mapping/bams.cds.rand/SRR14369134.x.s__Holdemanella porci.fastq.gz,SRR14369134.x.s__Holdemanella porci,91158d62,12950000,51,DNA,10000,1295,True,0.8689106145787899,0.8943645555749845,0.8816375850768872,0.8943645555749845,True,3,2297,5833,d__Bacteria;p__Fibrobacterota;c__Fibrobacteria;o__Fibrobacterales;f__Fibrobacteraceae;g__Hallerella;s__Hallerella intestinalis
20000,0.0015444015444015444,0.0036496350364963502,0.0007722007722007722,0.0013715069432539003,8.0,8.0,0.0,/group/ctbrowngrp5/sourmash-db.new/gtdb-rs226/gtdb-rs226-k51.dna.rocksdb,GCF_001703875.1 Limosilactobacillus reuteri,7c552852865182121257af441f6d9c17,0.0072992700729927005,10000,84,8900000,outputs.mapping/bams.cds.rand/SRR14369134.x.s__Holdemanella porci.fastq.gz,SRR14369134.x.s__Holdemanella porci,91158d62,12950000,51,DNA,10000,1295,True,0.8808007008180095,0.908036943774764,0.8944188222963867,0.908036943774764,True,8,2305,5833,d__Bacteria;p__Bacillota;c__Bacilli;o__Lactobacillales;f__Lactobacillaceae;g__Limosilactobacillus;s__Limosilactobacillus sp011958095
10000,0.0007722007722007722,0.006097560975609756,0.0007722007722007722,0.007886164923709926,46.0,46.0,0.0,/group/ctbrowngrp5/sourmash-db.new/gtdb-rs226/gtdb-rs226-k51.dna.rocksdb,GCA_004558825.1 Clostridiales bacterium,12a92cec39cf7125a02fc53e50ee926b,0.006097560975609756,10000,85,8890000,outputs.mapping/bams.cds.rand/SRR14369134.x.s__Holdemanella porci.fastq.gz,SRR14369134.x.s__Holdemanella porci,91158d62,12950000,51,DNA,10000,1295,True,0.8689106145787899,0.9048397878646056,0.8868752012216978,0.9048397878646056,True,46,2351,5833,d__Bacteria;p__Bacillota;c__Clostridia;o__Christensenellales;f__CAG-138;g__SFDB01;s__SFDB01 sp004558825
10000,0.0007722007722007722,0.005154639175257732,0.0007722007722007722,0.0003428767358134751,2.0,2.0,0.0,/group/ctbrowngrp5/sourmash-db.new/gtdb-rs226/gtdb-rs226-k51.dna.rocksdb,GCA_934839105.1 uncultured bacterium,33a9e19548743993353f7ba0630fd6f8,0.005154639175257732,10000,86,8880000,outputs.mapping/bams.cds.rand/SRR14369134.x.s__Holdemanella porci.fastq.gz,SRR14369134.x.s__Holdemanella porci,91158d62,12950000,51,DNA,10000,1295,True,0.8689106145787899,0.901864189290774,0.885387401934782,0.901864189290774,True,2,2353,5833,d__Bacteria;p__Bacillota;c__Clostridia;o__Oscillospirales;f__Acutalibacteraceae;g__Eubacterium_R;s__Eubacterium_R sp000436835
10000,0.0007722007722007722,0.002109704641350211,0.0007722007722007722,0.0003428767358134751,2.0,2.0,0.0,/group/ctbrowngrp5/sourmash-db.new/gtdb-rs226/gtdb-rs226-k51.dna.rocksdb,GCA_900766925.1 Lachnospiraceae bacterium,dd03feabaa3849fbef4c95c67fdcaa5b,0.002109704641350211,10000,87,8870000,outputs.mapping/bams.cds.rand/SRR14369134.x.s__Holdemanella porci.fastq.gz,SRR14369134.x.s__Holdemanella porci,91158d62,12950000,51,DNA,10000,1295,True,0.8689106145787899,0.8862041062321407,0.8775573604054654,0.8862041062321407,True,2,2355,5833,d__Bacteria;p__Bacillota;c__Clostridia;o__Lachnospirales;f__Lachnospiraceae;g__Wujia;s__Wujia sp900766925
10000,0.0007722007722007722,0.004901960784313725,0.0007722007722007722,0.0003428767358134751,2.0,2.0,0.0,/group/ctbrowngrp5/sourmash-db.new/gtdb-rs226/gtdb-rs226-k51.dna.rocksdb,GCA_900539595.1 uncultured Mollicutes bacterium,4e45b4ed0a702cd798cfbb0490b65ace,0.004901960784313725,10000,88,8860000,outputs.mapping/bams.cds.rand/SRR14369134.x.s__Holdemanella porci.fastq.gz,SRR14369134.x.s__Holdemanella porci,91158d62,12950000,51,DNA,10000,1295,True,0.8689106145787899,0.9009758163577729,0.8849432154682815,0.9009758163577729,True,2,2357,5833,d__Bacteria;p__Bacillota;c__Bacilli;o__RFN20;f__CAG-826;g__Alloenteromonas;s__Alloenteromonas sp900539595
10000,0.0007722007722007722,0.006622516556291391,0.0007722007722007722,0.00017143836790673754,1.0,1.0,0.0,/group/ctbrowngrp5/sourmash-db.new/gtdb-rs226/gtdb-rs226-k51.dna.rocksdb,GCA_945946685.1 uncultured Lachnospiraceae bacterium,41b30a676bd8d95434702e6644c20b52,0.006622516556291391,10000,89,8850000,outputs.mapping/bams.cds.rand/SRR14369134.x.s__Holdemanella porci.fastq.gz,SRR14369134.x.s__Holdemanella porci,91158d62,12950000,51,DNA,10000,1295,True,0.8689106145787899,0.9063062225914459,0.8876084185851179,0.9063062225914459,True,1,2358,5833,d__Bacteria;p__Bacillota;c__Clostridia;o__Lachnospirales;f__Lachnospiraceae;g__JAGTTR01;s__JAGTTR01 sp022763925
20000,0.0015444015444015444,0.004608294930875576,0.0007722007722007722,0.00017143836790673754,1.0,1.0,0.0,/group/ctbrowngrp5/sourmash-db.new/gtdb-rs226/gtdb-rs226-k51.dna.rocksdb,GCF_000785105.2 Lentilactobacillus curieae,5441a64b02dfe6424f8f05805c98db10,0.009216589861751152,10000,90,8840000,outputs.mapping/bams.cds.rand/SRR14369134.x.s__Holdemanella porci.fastq.gz,SRR14369134.x.s__Holdemanella porci,91158d62,12950000,51,DNA,10000,1295,True,0.8808007008180095,0.9121990444611786,0.8964998726395941,0.9121990444611786,True,1,2359,5833,d__Bacteria;p__Bacillota;c__Bacilli;o__Lactobacillales;f__Lactobacillaceae;g__Lentilactobacillus;s__Lentilactobacillus curieae
10000,0.0007722007722007722,0.002304147465437788,0.0007722007722007722,0.0008571918395336877,5.0,5.0,0.0,/group/ctbrowngrp5/sourmash-db.new/gtdb-rs226/gtdb-rs226-k51.dna.rocksdb,GCF_032452555.1 Segatella copri,e4d525fec242a06c973a8586e2b92735,0.002304147465437788,10000,91,8830000,outputs.mapping/bams.cds.rand/SRR14369134.x.s__Holdemanella porci.fastq.gz,SRR14369134.x.s__Holdemanella porci,91158d62,12950000,51,DNA,10000,1295,True,0.8689106145787899,0.8877373963198654,0.8783240054493276,0.8877373963198654,True,5,2364,5833,d__Bacteria;p__Bacteroidota;c__Bacteroidia;o__Bacteroidales;f__Bacteroidaceae;g__Prevotella;s__Prevotella sp900551275
10000,0.0007722007722007722,0.003236245954692557,0.0007722007722007722,0.0003428767358134751,2.0,2.0,0.0,/group/ctbrowngrp5/sourmash-db.new/gtdb-rs226/gtdb-rs226-k51.dna.rocksdb,GCA_022716015.1 Prevotella sp.,7fb9e86e449eecbfd57a0fadbcbbf039,0.003236245954692557,10000,92,8820000,outputs.mapping/bams.cds.rand/SRR14369134.x.s__Holdemanella porci.fastq.gz,SRR14369134.x.s__Holdemanella porci,91158d62,12950000,51,DNA,10000,1295,True,0.8689106145787899,0.8936702172154328,0.8812904158971113,0.8936702172154328,True,2,2366,5833,d__Bacteria;p__Bacteroidota;c__Bacteroidia;o__Bacteroidales;f__Bacteroidaceae;g__Prevotella;s__Prevotella sp000436915
10000,0.0007722007722007722,0.007692307692307693,0.0007722007722007722,0.00017143836790673754,1.0,1.0,0.0,/group/ctbrowngrp5/sourmash-db.new/gtdb-rs226/gtdb-rs226-k51.dna.rocksdb,GCA_037069245.1 Clostridia bacterium,2aed2e958675fddf5d5447fdeaf50c01,0.007692307692307693,10000,93,8810000,outputs.mapping/bams.cds.rand/SRR14369134.x.s__Holdemanella porci.fastq.gz,SRR14369134.x.s__Holdemanella porci,91158d62,12950000,51,DNA,10000,1295,True,0.8689106145787899,0.9089712150027334,0.8889409147907616,0.9089712150027334,True,1,2367,5833,d__Bacteria;p__Bacillota;c__Clostridia;o__TANB77;f__CAG-508;g__CAG-452;s__CAG-452 sp000434035
10000,0.0007722007722007722,0.0034482758620689655,0.0007722007722007722,0.00017143836790673754,1.0,1.0,0.0,/group/ctbrowngrp5/sourmash-db.new/gtdb-rs226/gtdb-rs226-k51.dna.rocksdb,GCA_945877945.1 uncultured Clostridia bacterium,4ee1ded38b6064222e99ba5b00a3150b,0.0034482758620689655,10000,94,8800000,outputs.mapping/bams.cds.rand/SRR14369134.x.s__Holdemanella porci.fastq.gz,SRR14369134.x.s__Holdemanella porci,91158d62,12950000,51,DNA,10000,1295,True,0.8689106145787899,0.8947829216714525,0.8818467681251212,0.8947829216714525,True,1,2368,5833,d__Bacteria;p__Bacillota;c__Clostridia;o__Oscillospirales;f__Oscillospiraceae;g__Faecousia;s__Faecousia sp016302405
10000,0.0007722007722007722,0.005714285714285714,0.0007722007722007722,0.0003428767358134751,2.0,2.0,0.0,/group/ctbrowngrp5/sourmash-db.new/gtdb-rs226/gtdb-rs226-k51.dna.rocksdb,GCA_945874675.1 uncultured Clostridia bacterium,644b73dddb623e3c40732764f323b65e,0.005714285714285714,10000,95,8790000,outputs.mapping/bams.cds.rand/SRR14369134.x.s__Holdemanella porci.fastq.gz,SRR14369134.x.s__Holdemanella porci,91158d62,12950000,51,DNA,10000,1295,True,0.8689106145787899,0.9036887208642069,0.8862996677214985,0.9036887208642069,True,2,2370,5833,d__Bacteria;p__Bacillota;c__Clostridia;o__Oscillospirales;f__Oscillospiraceae;g__Limivicinus;s__Limivicinus sp900549645
40000,0.003088803088803089,0.002840909090909091,0.0007722007722007722,0.0006857534716269502,4.0,4.0,0.0,/group/ctbrowngrp5/sourmash-db.new/gtdb-rs226/gtdb-rs226-k51.dna.rocksdb,GCF_041330965.1 Gemmiger formicilis,46111ac4c050ac4b66ad8e0d8a4b4533,0.011363636363636364,10000,96,8780000,outputs.mapping/bams.cds.rand/SRR14369134.x.s__Holdemanella porci.fastq.gz,SRR14369134.x.s__Holdemanella porci,91158d62,12950000,51,DNA,10000,1295,True,0.8928534898121547,0.9159523659199715,0.9044029278660631,0.9159523659199715,True,4,2374,5833,d__Bacteria;p__Bacillota;c__Clostridia;o__Oscillospirales;f__Ruminococcaceae;g__Gemmiger;s__Gemmiger formicilis
10000,0.0007722007722007722,0.0038461538461538464,0.0007722007722007722,0.00017143836790673754,1.0,1.0,0.0,/group/ctbrowngrp5/sourmash-db.new/gtdb-rs226/gtdb-rs226-k51.dna.rocksdb,GCA_038211425.1 Candidatus Limnocylindria bacterium,b6d89644025723a1d0150e825f001981,0.0038461538461538464,10000,97,8770000,outputs.mapping/bams.cds.rand/SRR14369134.x.s__Holdemanella porci.fastq.gz,SRR14369134.x.s__Holdemanella porci,91158d62,12950000,51,DNA,10000,1295,True,0.8689106145787899,0.896700849952713,0.8828057322657514,0.896700849952713,True,1,2375,5833,d__Bacteria;p__Chloroflexota;c__Limnocylindria;o__P2-11E;f__P2-11E;g__JALYKU01;s__JALYKU01 sp038211425
10000,0.0007722007722007722,0.005434782608695652,0.0007722007722007722,0.00017143836790673754,1.0,1.0,0.0,/group/ctbrowngrp5/sourmash-db.new/gtdb-rs226/gtdb-rs226-k51.dna.rocksdb,GCA_016303285.1 Sphaerochaetaceae bacterium,5cde783fad2fe05e12df199c61ebffe0,0.005434782608695652,10000,98,8760000,outputs.mapping/bams.cds.rand/SRR14369134.x.s__Holdemanella porci.fastq.gz,SRR14369134.x.s__Holdemanella porci,91158d62,12950000,51,DNA,10000,1295,True,0.8689106145787899,0.9028005342164377,0.8858555743976138,0.9028005342164377,True,1,2376,5833,d__Bacteria;p__Spirochaetota;c__Spirochaetia;o__Sphaerochaetales;f__Sphaerochaetaceae;g__Ornithospirochaeta;s__Ornithospirochaeta sp016302165
10000,0.0007722007722007722,0.004366812227074236,0.0007722007722007722,0.001028630207440425,6.0,6.0,0.0,/group/ctbrowngrp5/sourmash-db.new/gtdb-rs226/gtdb-rs226-k51.dna.rocksdb,GCA_037066775.1 Lachnospiraceae bacterium,7d15a4de2b1640e12513dac9557baf95,0.004366812227074236,10000,99,8750000,outputs.mapping/bams.cds.rand/SRR14369134.x.s__Holdemanella porci.fastq.gz,SRR14369134.x.s__Holdemanella porci,91158d62,12950000,51,DNA,10000,1295,True,0.8689106145787899,0.8989358818428389,0.8839232482108144,0.8989358818428389,True,6,2382,5833,d__Bacteria;p__Bacillota;c__Clostridia;o__Lachnospirales;f__Lachnospiraceae;g__Roseburia_D;s__Roseburia_D yibonii
10000,0.0007722007722007722,0.00392156862745098,0.0007722007722007722,0.00017143836790673754,1.0,1.0,0.0,/group/ctbrowngrp5/sourmash-db.new/gtdb-rs226/gtdb-rs226-k51.dna.rocksdb,GCA_029218345.1 bacterium,98430dce0f1c4fd7f54bcc73402face0,0.00392156862745098,10000,100,8740000,outputs.mapping/bams.cds.rand/SRR14369134.x.s__Holdemanella porci.fastq.gz,SRR14369134.x.s__Holdemanella porci,91158d62,12950000,51,DNA,10000,1295,True,0.8689106145787899,0.8970423309200757,0.8829764727494328,0.8970423309200757,True,1,2383,5833,d__Bacteria;p__Bacteroidota;c__Bacteroidia;o__Bacteroidales;f__Muribaculaceae;g__Sodaliphilus;s__Sodaliphilus sp004559845
10000,0.0007722007722007722,0.002325581395348837,0.0007722007722007722,0.00205726041488085,12.0,12.0,0.0,/group/ctbrowngrp5/sourmash-db.new/gtdb-rs226/gtdb-rs226-k51.dna.rocksdb,GCA_948971875.1 uncultured Kineothrix sp.,6ca565598475daaf48b58be9d6c3f921,0.002325581395348837,10000,101,8730000,outputs.mapping/bams.cds.rand/SRR14369134.x.s__Holdemanella porci.fastq.gz,SRR14369134.x.s__Holdemanella porci,91158d62,12950000,51,DNA,10000,1295,True,0.8689106145787899,0.8878985844700187,0.8784045995244043,0.8878985844700187,True,12,2395,5833,d__Bacteria;p__Bacillota;c__Clostridia;o__Lachnospirales;f__Lachnospiraceae;g__Kineothrix;s__Kineothrix sp910579935
20000,0.0015444015444015444,0.0019880715705765406,0.0007722007722007722,0.0006857534716269502,4.0,4.0,0.0,/group/ctbrowngrp5/sourmash-db.new/gtdb-rs226/gtdb-rs226-k51.dna.rocksdb,GCA_009911305.1 Clostridiaceae bacterium,6bab8dc76e8f519f4124841987c51bcd,0.003976143141153081,10000,102,8720000,outputs.mapping/bams.cds.rand/SRR14369134.x.s__Holdemanella porci.fastq.gz,SRR14369134.x.s__Holdemanella porci,91158d62,12950000,51,DNA,10000,1295,True,0.8808007008180095,0.8972854545162023,0.8890430776671059,0.8972854545162023,True,4,2399,5833,d__Bacteria;p__Bacillota;c__Clostridia;o__Lachnospirales;f__Lachnospiraceae;g__Otoolea;s__Otoolea sp009911305
10000,0.0007722007722007722,0.009433962264150943,0.0007722007722007722,0.0005143151037202125,3.0,3.0,0.0,/group/ctbrowngrp5/sourmash-db.new/gtdb-rs226/gtdb-rs226-k51.dna.rocksdb,GCA_022009875.1 Clostridium sp.,b6cdbadae011a586af03cd81b1e23e09,0.009433962264150943,10000,103,8710000,outputs.mapping/bams.cds.rand/SRR14369134.x.s__Holdemanella porci.fastq.gz,SRR14369134.x.s__Holdemanella porci,91158d62,12950000,51,DNA,10000,1295,True,0.8689106145787899,0.9126160876839744,0.8907633511313822,0.9126160876839744,True,3,2402,5833,d__Bacteria;p__Bacillota;c__Bacilli;o__RF39;f__UBA660;g__CAG-533;s__CAG-533 sp000434495
30000,0.0023166023166023165,0.002352941176470588,0.0007722007722007722,0.0003428767358134751,2.0,2.0,0.0,/group/ctbrowngrp5/sourmash-db.new/gtdb-rs226/gtdb-rs226-k51.dna.rocksdb,GCF_039753475.1 Blautia wexlerae,bc89f2519295f740716c87a920cd39b9,0.007058823529411765,10000,104,8700000,outputs.mapping/bams.cds.rand/SRR14369134.x.s__Holdemanella porci.fastq.gz,SRR14369134.x.s__Holdemanella porci,91158d62,12950000,51,DNA,10000,1295,True,0.8878312377094533,0.9074407559697636,0.8976359968396084,0.9074407559697636,True,2,2404,5833,d__Bacteria;p__Bacillota;c__Clostridia;o__Lachnospirales;f__Lachnospiraceae;g__Blautia_A;s__Blautia_A wexlerae
10000,0.0007722007722007722,0.004366812227074236,0.0007722007722007722,0.00017143836790673754,1.0,1.0,0.0,/group/ctbrowngrp5/sourmash-db.new/gtdb-rs226/gtdb-rs226-k51.dna.rocksdb,GCA_034104145.1 Treponema sp.,eb1f721eefde7788824534dfcb144b15,0.004366812227074236,10000,105,8690000,outputs.mapping/bams.cds.rand/SRR14369134.x.s__Holdemanella porci.fastq.gz,SRR14369134.x.s__Holdemanella porci,91158d62,12950000,51,DNA,10000,1295,True,0.8689106145787899,0.8989358818428389,0.8839232482108144,0.8989358818428389,True,1,2405,5833,d__Bacteria;p__Spirochaetota;c__Spirochaetia;o__Treponematales;f__Treponemataceae;g__Treponema_D;s__Treponema_D sp016294035
10000,0.0007722007722007722,0.002857142857142857,0.0007722007722007722,0.00017143836790673754,1.0,1.0,0.0,/group/ctbrowngrp5/sourmash-db.new/gtdb-rs226/gtdb-rs226-k51.dna.rocksdb,GCA_963589295.1 Lachnospiraceae bacterium,18ae3e07be0d3cd7c395ee3cfe2e29b4,0.002857142857142857,10000,106,8680000,outputs.mapping/bams.cds.rand/SRR14369134.x.s__Holdemanella porci.fastq.gz,SRR14369134.x.s__Holdemanella porci,91158d62,12950000,51,DNA,10000,1295,True,0.8689106145787899,0.8914896651476225,0.8802001398632062,0.8914896651476225,True,1,2406,5833,d__Bacteria;p__Bacteroidota;c__Bacteroidia;o__Bacteroidales;f__Bacteroidaceae;g__Prevotella;s__Prevotella sp900546575
20000,0.0015444015444015444,0.0024096385542168677,0.0007722007722007722,0.0012000685753471626,7.0,7.0,0.0,/group/ctbrowngrp5/sourmash-db.new/gtdb-rs226/gtdb-rs226-k51.dna.rocksdb,GCA_004563615.1 bacterium,2a1efa1c0e476bb35e2d1bbb22da4458,0.004819277108433735,10000,107,8670000,outputs.mapping/bams.cds.rand/SRR14369134.x.s__Holdemanella porci.fastq.gz,SRR14369134.x.s__Holdemanella porci,91158d62,12950000,51,DNA,10000,1295,True,0.8808007008180095,0.9006753407635728,0.8907380207907911,0.9006753407635728,True,7,2413,5833,d__Bacteria;p__Bacillota;c__Clostridia;o__Oscillospirales;f__Acutalibacteraceae;g__Fimivicinus;s__Fimivicinus sp900544715
10000,0.0007722007722007722,0.0037593984962406013,0.0007722007722007722,0.0003428767358134751,2.0,2.0,0.0,/group/ctbrowngrp5/sourmash-db.new/gtdb-rs226/gtdb-rs226-k51.dna.rocksdb,GCA_022774945.1 Lachnobacterium sp.,af426f33d2866d663b77828fd6516469,0.0037593984962406013,10000,108,8660000,outputs.mapping/bams.cds.rand/SRR14369134.x.s__Holdemanella porci.fastq.gz,SRR14369134.x.s__Holdemanella porci,91158d62,12950000,51,DNA,10000,1295,True,0.8689106145787899,0.896299803565827,0.8826052090723084,0.896299803565827,True,2,2415,5833,d__Bacteria;p__Bacillota;c__Clostridia;o__Lachnospirales;f__Lachnospiraceae;g__Agathobacter;s__Agathobacter sp905209075
10000,0.0007722007722007722,0.004608294930875576,0.0007722007722007722,0.0003428767358134751,2.0,2.0,0.0,/group/ctbrowngrp5/sourmash-db.new/gtdb-rs226/gtdb-rs226-k51.dna.rocksdb,GCA_958351705.1 uncultured Oscillospiraceae bacterium,5587e15a6c504b97193d6314a3092a20,0.004608294930875576,10000,109,8650000,outputs.mapping/bams.cds.rand/SRR14369134.x.s__Holdemanella porci.fastq.gz,SRR14369134.x.s__Holdemanella porci,91158d62,12950000,51,DNA,10000,1295,True,0.8689106145787899,0.8998851063638268,0.8843978604713083,0.8998851063638268,True,2,2417,5833,d__Bacteria;p__Bacillota;c__Clostridia;o__Oscillospirales;f__Oscillospiraceae;g__Vescimonas;s__Vescimonas sp900545585
10000,0.0007722007722007722,0.006896551724137931,0.0007722007722007722,0.00017143836790673754,1.0,1.0,0.0,/group/ctbrowngrp5/sourmash-db.new/gtdb-rs226/gtdb-rs226-k51.dna.rocksdb,GCA_947632395.1 uncultured Bacilli bacterium,152809a9690349752073edf29096935c,0.006896551724137931,10000,110,8640000,outputs.mapping/bams.cds.rand/SRR14369134.x.s__Holdemanella porci.fastq.gz,SRR14369134.x.s__Holdemanella porci,91158d62,12950000,51,DNA,10000,1295,True,0.8689106145787899,0.907027041982046,0.8879688282804179,0.907027041982046,True,1,2418,5833,d__Bacteria;p__Bacillota;c__Bacilli;o__RF39;f__UBA660;g__UMGS1613;s__UMGS1613 sp947632395
40000,0.003088803088803089,0.00267379679144385,0.0007722007722007722,0.0003428767358134751,2.0,2.0,0.0,/group/ctbrowngrp5/sourmash-db.new/gtdb-rs226/gtdb-rs226-k51.dna.rocksdb,GCF_017851155.1 Blautia sp.,4978c6980d38c1a477b48c96ad79fc0a,0.0106951871657754,10000,111,8630000,outputs.mapping/bams.cds.rand/SRR14369134.x.s__Holdemanella porci.fastq.gz,SRR14369134.x.s__Holdemanella porci,91158d62,12950000,51,DNA,10000,1295,True,0.8928534898121547,0.9148642036741179,0.9038588467431363,0.9148642036741179,True,2,2420,5833,d__Bacteria;p__Bacillota;c__Clostridia;o__Lachnospirales;f__Lachnospiraceae;g__Oliverpabstia;s__Oliverpabstia faecicola
10000,0.0007722007722007722,0.005434782608695652,0.0007722007722007722,0.00017143836790673754,1.0,1.0,0.0,/group/ctbrowngrp5/sourmash-db.new/gtdb-rs226/gtdb-rs226-k51.dna.rocksdb,GCA_018384575.1 Bacteroidales bacterium,c3e591aae45fbed9fe550599d4f97689,0.005434782608695652,10000,112,8620000,outputs.mapping/bams.cds.rand/SRR14369134.x.s__Holdemanella porci.fastq.gz,SRR14369134.x.s__Holdemanella porci,91158d62,12950000,51,DNA,10000,1295,True,0.8689106145787899,0.9028005342164377,0.8858555743976138,0.9028005342164377,True,1,2421,5833,d__Bacteria;p__Bacteroidota;c__Bacteroidia;o__Bacteroidales;f__UBA932;g__Cryptobacteroides;s__Cryptobacteroides sp004556005
10000,0.0007722007722007722,0.004761904761904762,0.0007722007722007722,0.00017143836790673754,1.0,1.0,0.0,/group/ctbrowngrp5/sourmash-db.new/gtdb-rs226/gtdb-rs226-k51.dna.rocksdb,GCA_934489945.1 uncultured Eubacteriales bacterium,f209c80986058b6f01e95026441ba71f,0.004761904761904762,10000,113,8610000,outputs.mapping/bams.cds.rand/SRR14369134.x.s__Holdemanella porci.fastq.gz,SRR14369134.x.s__Holdemanella porci,91158d62,12950000,51,DNA,10000,1295,True,0.8689106145787899,0.900463862458667,0.8846872385187285,0.900463862458667,True,1,2422,5833,d__Bacteria;p__Bacillota;c__Clostridia;o__Oscillospirales;f__CAG-272;g__RGIG8775;s__RGIG8775 sp934489945
10000,0.0007722007722007722,0.0078125,0.0007722007722007722,0.0005143151037202125,3.0,3.0,0.0,/group/ctbrowngrp5/sourmash-db.new/gtdb-rs226/gtdb-rs226-k51.dna.rocksdb,GCA_934130435.1 uncultured Clostridia bacterium,d237fb1a20372b172d623bf7ff453a56,0.0078125,10000,114,8600000,outputs.mapping/bams.cds.rand/SRR14369134.x.s__Holdemanella porci.fastq.gz,SRR14369134.x.s__Holdemanella porci,91158d62,12950000,51,DNA,10000,1295,True,0.8689106145787899,0.9092475875837274,0.8890791010812586,0.9092475875837274,True,3,2425,5833,d__Bacteria;p__Bacillota;c__Clostridia;o__TANB77;f__CAG-508;g__HGM13634;s__HGM13634 sp934130435
10000,0.0007722007722007722,0.002688172043010753,0.0007722007722007722,0.0006857534716269502,4.0,4.0,0.0,/group/ctbrowngrp5/sourmash-db.new/gtdb-rs226/gtdb-rs226-k51.dna.rocksdb,GCA_963663285.1 Candidatus Limiplasma sp.,90755839b8b6ce4bbdd24ce665edc9a2,0.002688172043010753,10000,115,8590000,outputs.mapping/bams.cds.rand/SRR14369134.x.s__Holdemanella porci.fastq.gz,SRR14369134.x.s__Holdemanella porci,91158d62,12950000,51,DNA,10000,1295,True,0.8689106145787899,0.8904246971715558,0.8796676558751728,0.8904246971715558,True,4,2429,5833,d__Bacteria;p__Bacillota;c__Clostridia;o__Christensenellales;f__Aristaeellaceae;g__Limiplasma;s__Limiplasma sp963663285
40000,0.003088803088803089,0.004132231404958678,0.0007722007722007722,0.00017143836790673754,1.0,1.0,0.0,/group/ctbrowngrp5/sourmash-db.new/gtdb-rs226/gtdb-rs226-k51.dna.rocksdb,GCA_902364145.1 Erysipelotrichaceae bacterium,4234aeb1b953766329a39a60a739ad90,0.01652892561983471,10000,116,8580000,outputs.mapping/bams.cds.rand/SRR14369134.x.s__Holdemanella porci.fastq.gz,SRR14369134.x.s__Holdemanella porci,91158d62,12950000,51,DNA,10000,1295,True,0.8928534898121547,0.9227065851930429,0.9077800375025988,0.9227065851930429,True,1,2430,5833,d__Bacteria;p__Bacillota;c__Bacilli;o__Erysipelotrichales;f__Erysipelotrichaceae;g__Holdemanella;s__Holdemanella sp003458715
10000,0.0007722007722007722,0.002976190476190476,0.0007722007722007722,0.00017143836790673754,1.0,1.0,0.0,/group/ctbrowngrp5/sourmash-db.new/gtdb-rs226/gtdb-rs226-k51.dna.rocksdb,GCA_963558525.1 uncultured Prevotella sp.,32c601d6131bc6ccad67d0ede487bbac,0.002976190476190476,10000,117,8570000,outputs.mapping/bams.cds.rand/SRR14369134.x.s__Holdemanella porci.fastq.gz,SRR14369134.x.s__Holdemanella porci,91158d62,12950000,51,DNA,10000,1295,True,0.8689106145787899,0.8922035270086854,0.8805570707937377,0.8922035270086854,True,1,2431,5833,d__Bacteria;p__Bacteroidota;c__Bacteroidia;o__Bacteroidales;f__Bacteroidaceae;g__Prevotella;s__Prevotella sp900543975
10000,0.0007722007722007722,0.005649717514124294,0.0007722007722007722,0.003943082461854963,23.0,23.0,0.0,/group/ctbrowngrp5/sourmash-db.new/gtdb-rs226/gtdb-rs226-k51.dna.rocksdb,GCF_026011995.1 Streptococcus alactolyticus,fc007214371b644c540f55d5bbed66d4,0.005649717514124294,10000,118,8560000,outputs.mapping/bams.cds.rand/SRR14369134.x.s__Holdemanella porci.fastq.gz,SRR14369134.x.s__Holdemanella porci,91158d62,12950000,51,DNA,10000,1295,True,0.8689106145787899,0.9034873844621032,0.8861989995204466,0.9034873844621032,True,23,2454,5833,d__Bacteria;p__Bacillota;c__Bacilli;o__Lactobacillales;f__Streptococcaceae;g__Streptococcus;s__Streptococcus faecavium
10000,0.0007722007722007722,0.006711409395973154,0.0007722007722007722,0.0003428767358134751,2.0,2.0,0.0,/group/ctbrowngrp5/sourmash-db.new/gtdb-rs226/gtdb-rs226-k51.dna.rocksdb,GCA_034175285.1 Eubacteriales bacterium,62ea660068f9fd1ac64731888a516488,0.006711409395973154,10000,119,8550000,outputs.mapping/bams.cds.rand/SRR14369134.x.s__Holdemanella porci.fastq.gz,SRR14369134.x.s__Holdemanella porci,91158d62,12950000,51,DNA,10000,1295,True,0.8689106145787899,0.9065431998816279,0.887726907230209,0.9065431998816279,True,2,2456,5833,d__Bacteria;p__Bacillota;c__Clostridia;o__Christensenellales;f__CAG-138;g__SFEL01;s__SFEL01 sp004557245
10000,0.0007722007722007722,0.0047169811320754715,0.0007722007722007722,0.00017143836790673754,1.0,1.0,0.0,/group/ctbrowngrp5/sourmash-db.new/gtdb-rs226/gtdb-rs226-k51.dna.rocksdb,GCA_938010065.1 uncultured Succiniclasticum sp.,82adabd1f2ff56e50b0447927399d517,0.0047169811320754715,10000,120,8540000,outputs.mapping/bams.cds.rand/SRR14369134.x.s__Holdemanella porci.fastq.gz,SRR14369134.x.s__Holdemanella porci,91158d62,12950000,51,DNA,10000,1295,True,0.8689106145787899,0.9002965198455473,0.8846035672121686,0.9002965198455473,True,1,2457,5833,d__Bacteria;p__Bacillota;c__Negativicutes;o__Acidaminococcales;f__Acidaminococcaceae;g__Succiniclasticum;s__Succiniclasticum sp900314855
10000,0.0007722007722007722,0.004524886877828055,0.0007722007722007722,0.00017143836790673754,1.0,1.0,0.0,/group/ctbrowngrp5/sourmash-db.new/gtdb-rs226/gtdb-rs226-k51.dna.rocksdb,GCA_945912845.1 uncultured Bacteroidales bacterium,88a0c89c53a152cee5ec79844bb82a1a,0.004524886877828055,10000,121,8530000,outputs.mapping/bams.cds.rand/SRR14369134.x.s__Holdemanella porci.fastq.gz,SRR14369134.x.s__Holdemanella porci,91158d62,12950000,51,DNA,10000,1295,True,0.8689106145787899,0.8995628755480881,0.884236745063439,0.8995628755480881,True,1,2458,5833,d__Bacteria;p__Bacteroidota;c__Bacteroidia;o__Bacteroidales;f__Bacteroidaceae;g__Alloprevotella;s__Alloprevotella sp004555425
20000,0.0015444015444015444,0.003246753246753247,0.0007722007722007722,0.0012000685753471626,7.0,7.0,0.0,/group/ctbrowngrp5/sourmash-db.new/gtdb-rs226/gtdb-rs226-k51.dna.rocksdb,GCA_900771365.1 Bacteroidales bacterium,4d1d84aefc669ee9b839977a8b9bf2b5,0.006493506493506494,10000,122,8520000,outputs.mapping/bams.cds.rand/SRR14369134.x.s__Holdemanella porci.fastq.gz,SRR14369134.x.s__Holdemanella porci,91158d62,12950000,51,DNA,10000,1295,True,0.8808007008180095,0.9059566909928176,0.8933786959054135,0.9059566909928176,True,7,2465,5833,d__Bacteria;p__Bacteroidota;c__Bacteroidia;o__Bacteroidales;f__P3;g__Colimorpha;s__Colimorpha sp900771365
10000,0.0007722007722007722,0.00425531914893617,0.0007722007722007722,0.00017143836790673754,1.0,1.0,0.0,/group/ctbrowngrp5/sourmash-db.new/gtdb-rs226/gtdb-rs226-k51.dna.rocksdb,GCA_004553285.1 Subdoligranulum variabile,88bd40466634bc6c8878e784fb41820e,0.00425531914893617,10000,123,8510000,outputs.mapping/bams.cds.rand/SRR14369134.x.s__Holdemanella porci.fastq.gz,SRR14369134.x.s__Holdemanella porci,91158d62,12950000,51,DNA,10000,1295,True,0.8689106145787899,0.8984801221677612,0.8836953683732756,0.8984801221677612,True,1,2466,5833,d__Bacteria;p__Bacillota;c__Clostridia;o__Oscillospirales;f__Ruminococcaceae;g__Gemmiger;s__Gemmiger variabilis_A
10000,0.0007722007722007722,0.004878048780487805,0.0007722007722007722,0.0003428767358134751,2.0,2.0,0.0,/group/ctbrowngrp5/sourmash-db.new/gtdb-rs226/gtdb-rs226-k51.dna.rocksdb,GCA_963600335.1 bacterium,856c461d6c7794f4dbc063b48f3ea44c,0.004878048780487805,10000,124,8500000,outputs.mapping/bams.cds.rand/SRR14369134.x.s__Holdemanella porci.fastq.gz,SRR14369134.x.s__Holdemanella porci,91158d62,12950000,51,DNA,10000,1295,True,0.8689106145787899,0.9008894330777228,0.8849000238282564,0.9008894330777228,True,2,2468,5833,d__Bacteria;p__Bacillota;c__Clostridia;o__Oscillospirales;f__Acutalibacteraceae;g__Ruminococcoides;s__Ruminococcoides sp963599905
10000,0.0007722007722007722,0.0038022813688212928,0.0007722007722007722,0.0003428767358134751,2.0,2.0,0.0,/group/ctbrowngrp5/sourmash-db.new/gtdb-rs226/gtdb-rs226-k51.dna.rocksdb,GCA_022776305.1 Lachnospiraceae bacterium,53c43c8f0fda61e91112b62695489b74,0.0038022813688212928,10000,125,8490000,outputs.mapping/bams.cds.rand/SRR14369134.x.s__Holdemanella porci.fastq.gz,SRR14369134.x.s__Holdemanella porci,91158d62,12950000,51,DNA,10000,1295,True,0.8689106145787899,0.896499160640959,0.8827048876098744,0.896499160640959,True,2,2470,5833,d__Bacteria;p__Bacillota;c__Clostridia;o__Lachnospirales;f__Lachnospiraceae;g__Choladousia;s__Choladousia sp022776305
10000,0.0007722007722007722,0.007246376811594203,0.0007722007722007722,0.00017143836790673754,1.0,1.0,0.0,/group/ctbrowngrp5/sourmash-db.new/gtdb-rs226/gtdb-rs226-k51.dna.rocksdb,GCA_934178435.1 uncultured Clostridia bacterium,51ec198d702a6c139995f9c90ba92baf,0.007246376811594203,10000,126,8480000,outputs.mapping/bams.cds.rand/SRR14369134.x.s__Holdemanella porci.fastq.gz,SRR14369134.x.s__Holdemanella porci,91158d62,12950000,51,DNA,10000,1295,True,0.8689106145787899,0.9079074641021062,0.888409039340448,0.9079074641021062,True,1,2471,5833,d__Bacteria;p__Bacillota;c__Clostridia;o__TANB77;f__CAG-508;g__CAG-269;s__CAG-269 sp905203305
10000,0.0007722007722007722,0.004098360655737705,0.0007722007722007722,0.0003428767358134751,2.0,2.0,0.0,/group/ctbrowngrp5/sourmash-db.new/gtdb-rs226/gtdb-rs226-k51.dna.rocksdb,GCA_934501405.1 uncultured Oscillospiraceae bacterium,5bd9a11caf8d6ee8eb41c3540582d917,0.004098360655737705,10000,127,8470000,outputs.mapping/bams.cds.rand/SRR14369134.x.s__Holdemanella porci.fastq.gz,SRR14369134.x.s__Holdemanella porci,91158d62,12950000,51,DNA,10000,1295,True,0.8689106145787899,0.8978182617731918,0.8833644381759909,0.8978182617731918,True,2,2473,5833,d__Bacteria;p__Bacillota;c__Clostridia;o__Oscillospirales;f__Ruminococcaceae;g__Ruminococcus;s__Ruminococcus sp934481385
10000,0.0007722007722007722,0.004739336492890996,0.0007722007722007722,0.00017143836790673754,1.0,1.0,0.0,/group/ctbrowngrp5/sourmash-db.new/gtdb-rs226/gtdb-rs226-k51.dna.rocksdb,GCA_902475165.1 uncultured Eubacteriales bacterium,575abffddaac699d569d76cb095ea8ef,0.004739336492890996,10000,128,8460000,outputs.mapping/bams.cds.rand/SRR14369134.x.s__Holdemanella porci.fastq.gz,SRR14369134.x.s__Holdemanella porci,91158d62,12950000,51,DNA,10000,1295,True,0.8689106145787899,0.900379988990409,0.8846453017845994,0.900379988990409,True,1,2474,5833,d__Bacteria;p__Bacillota;c__Clostridia;o__Oscillospirales;f__Oscillospiraceae;g__CAG-170;s__CAG-170 sp900553545
20000,0.0015444015444015444,0.0038022813688212928,0.0007722007722007722,0.00017143836790673754,1.0,1.0,0.0,/group/ctbrowngrp5/sourmash-db.new/gtdb-rs226/gtdb-rs226-k51.dna.rocksdb,GCA_004558345.1 Bacteroidales bacterium,f5e53fa27f71e9805a64ed97610c4ab2,0.0076045627376425855,10000,129,8450000,outputs.mapping/bams.cds.rand/SRR14369134.x.s__Holdemanella porci.fastq.gz,SRR14369134.x.s__Holdemanella porci,91158d62,12950000,51,DNA,10000,1295,True,0.8808007008180095,0.9087667657945412,0.8947837333062754,0.9087667657945412,True,1,2475,5833,d__Bacteria;p__Bacteroidota;c__Bacteroidia;o__Bacteroidales;f__Bacteroidaceae;g__Prevotella;s__Prevotella sp000434975
10000,0.0007722007722007722,0.005917159763313609,0.0007722007722007722,0.00017143836790673754,1.0,1.0,0.0,/group/ctbrowngrp5/sourmash-db.new/gtdb-rs226/gtdb-rs226-k51.dna.rocksdb,GCA_945876895.1 uncultured Streptococcus sp.,9173e4f22cb36d3a668f3a87998b95de,0.005917159763313609,10000,130,8440000,outputs.mapping/bams.cds.rand/SRR14369134.x.s__Holdemanella porci.fastq.gz,SRR14369134.x.s__Holdemanella porci,91158d62,12950000,51,DNA,10000,1295,True,0.8689106145787899,0.9043071131825837,0.8866088638806868,0.9043071131825837,True,1,2476,5833,d__Bacteria;p__Bacillota;c__Bacilli;o__Lactobacillales;f__Streptococcaceae;g__Streptococcus;s__Streptococcus porcorum
10000,0.0007722007722007722,0.003194888178913738,0.0007722007722007722,0.00017143836790673754,1.0,1.0,0.0,/group/ctbrowngrp5/sourmash-db.new/gtdb-rs226/gtdb-rs226-k51.dna.rocksdb,GCA_025643675.1 Clostridium perfringens,641ccef66c83cae2d2bcb47c867f900b,0.003194888178913738,10000,131,8430000,outputs.mapping/bams.cds.rand/SRR14369134.x.s__Holdemanella porci.fastq.gz,SRR14369134.x.s__Holdemanella porci,91158d62,12950000,51,DNA,10000,1295,True,0.8689106145787899,0.8934448670217007,0.8811777408002452,0.8934448670217007,True,1,2477,5833,d__Bacteria;p__Bacillota;c__Clostridia;o__Clostridiales;f__Clostridiaceae;g__Sarcina;s__Sarcina perfringens
10000,0.0007722007722007722,0.002564102564102564,0.0007722007722007722,0.005828904508829076,34.0,34.0,0.0,/group/ctbrowngrp5/sourmash-db.new/gtdb-rs226/gtdb-rs226-k51.dna.rocksdb,GCF_002251435.1 Prevotella sp. P2-180,c5f49e122048abf7e20aaf9064685581,0.002564102564102564,10000,132,8420000,outputs.mapping/bams.cds.rand/SRR14369134.x.s__Holdemanella porci.fastq.gz,SRR14369134.x.s__Holdemanella porci,91158d62,12950000,51,DNA,10000,1295,True,0.8689106145787899,0.8896000765867677,0.8792553455827787,0.8896000765867677,True,34,2511,5833,d__Bacteria;p__Bacteroidota;c__Bacteroidia;o__Bacteroidales;f__Bacteroidaceae;g__Prevotella;s__Prevotella sp002251435
10000,0.0007722007722007722,0.004545454545454545,0.0007722007722007722,0.00017143836790673754,1.0,1.0,0.0,/group/ctbrowngrp5/sourmash-db.new/gtdb-rs226/gtdb-rs226-k51.dna.rocksdb,GCA_022768655.1 Anaeroplasma sp.,786730304a2f5e172a4088a31438848c,0.004545454545454545,10000,133,8410000,outputs.mapping/bams.cds.rand/SRR14369134.x.s__Holdemanella porci.fastq.gz,SRR14369134.x.s__Holdemanella porci,91158d62,12950000,51,DNA,10000,1295,True,0.8689106145787899,0.8996428723837347,0.8842767434812624,0.8996428723837347,True,1,2512,5833,d__Bacteria;p__Bacillota;c__Bacilli;o__Acholeplasmatales;f__Anaeroplasmataceae;g__Anaeroplasma;s__Anaeroplasma sp022768655
10000,0.0007722007722007722,0.005235602094240838,0.0007722007722007722,0.00017143836790673754,1.0,1.0,0.0,/group/ctbrowngrp5/sourmash-db.new/gtdb-rs226/gtdb-rs226-k51.dna.rocksdb,GCA_959607365.1 uncultured Eubacteriales bacterium,205549468d816744e53a69bd36c6ece4,0.005235602094240838,10000,134,8400000,outputs.mapping/bams.cds.rand/SRR14369134.x.s__Holdemanella porci.fastq.gz,SRR14369134.x.s__Holdemanella porci,91158d62,12950000,51,DNA,10000,1295,True,0.8689106145787899,0.9021398257330133,0.8855252201559016,0.9021398257330133,True,1,2513,5833,d__Bacteria;p__Bacillota;c__Clostridia;o__Oscillospirales;f__Oscillospiraceae;g__Evtepia;s__Evtepia sp004556345
10000,0.0007722007722007722,0.0038910505836575876,0.0007722007722007722,0.0006857534716269502,4.0,4.0,0.0,/group/ctbrowngrp5/sourmash-db.new/gtdb-rs226/gtdb-rs226-k51.dna.rocksdb,GCF_900456775.1 Sarcina ventriculi,c0c9492a5a5d003359a15c476e9e5507,0.0038910505836575876,10000,135,8390000,outputs.mapping/bams.cds.rand/SRR14369134.x.s__Holdemanella porci.fastq.gz,SRR14369134.x.s__Holdemanella porci,91158d62,12950000,51,DNA,10000,1295,True,0.8689106145787899,0.8969049261729743,0.8829077703758821,0.8969049261729743,True,4,2517,5833,d__Bacteria;p__Bacillota;c__Clostridia;o__Clostridiales;f__Clostridiaceae;g__Sarcina;s__Sarcina ventriculi
10000,0.0007722007722007722,0.006134969325153374,0.0007722007722007722,0.00017143836790673754,1.0,1.0,0.0,/group/ctbrowngrp5/sourmash-db.new/gtdb-rs226/gtdb-rs226-k51.dna.rocksdb,GCA_029100805.1 Eubacteriales bacterium,12fe8b6824e9dc3d7b4e2ca622c6e2f7,0.006134969325153374,10000,136,8380000,outputs.mapping/bams.cds.rand/SRR14369134.x.s__Holdemanella porci.fastq.gz,SRR14369134.x.s__Holdemanella porci,91158d62,12950000,51,DNA,10000,1295,True,0.8689106145787899,0.9049483082061326,0.8869294613924612,0.9049483082061326,True,1,2518,5833,d__Bacteria;p__Bacillota;c__Clostridia;o__Oscillospirales;f__Acutalibacteraceae;g__Eubacterium_R;s__Eubacterium_R sp945980375
10000,0.0007722007722007722,0.003816793893129771,0.0007722007722007722,0.0003428767358134751,2.0,2.0,0.0,/group/ctbrowngrp5/sourmash-db.new/gtdb-rs226/gtdb-rs226-k51.dna.rocksdb,GCA_934167865.1 uncultured Clostridia bacterium,218ee222da42956fa83aef0c3e2a5230,0.003816793893129771,10000,137,8370000,outputs.mapping/bams.cds.rand/SRR14369134.x.s__Holdemanella porci.fastq.gz,SRR14369134.x.s__Holdemanella porci,91158d62,12950000,51,DNA,10000,1295,True,0.8689106145787899,0.8965661286132058,0.8827383715959979,0.8965661286132058,True,2,2520,5833,d__Bacteria;p__Bacillota;c__Clostridia;o__TANB77;f__CAG-508;g__UMGS1994;s__UMGS1994 sp900553945
10000,0.0007722007722007722,0.003703703703703704,0.0007722007722007722,0.00017143836790673754,1.0,1.0,0.0,/group/ctbrowngrp5/sourmash-db.new/gtdb-rs226/gtdb-rs226-k51.dna.rocksdb,GCA_905202885.1 Oscillospiraceae bacterium,94dcb938f3f1831b73b6d298114588e1,0.003703703703703704,10000,138,8360000,outputs.mapping/bams.cds.rand/SRR14369134.x.s__Holdemanella porci.fastq.gz,SRR14369134.x.s__Holdemanella porci,91158d62,12950000,51,DNA,10000,1295,True,0.8689106145787899,0.8960375310174413,0.8824740727981156,0.8960375310174413,True,1,2521,5833,d__Bacteria;p__Bacillota;c__Clostridia;o__Oscillospirales;f__Oscillospiraceae;g__Lawsonibacter;s__Lawsonibacter sp000177015
30000,0.0023166023166023165,0.003968253968253968,0.0007722007722007722,0.00017143836790673754,1.0,1.0,0.0,/group/ctbrowngrp5/sourmash-db.new/gtdb-rs226/gtdb-rs226-k51.dna.rocksdb,GCA_034094275.1 Sodaliphilus sp.,44bfeef1370111cb2c7d441215da5931,0.011904761904761904,10000,139,8350000,outputs.mapping/bams.cds.rand/SRR14369134.x.s__Holdemanella porci.fastq.gz,SRR14369134.x.s__Holdemanella porci,91158d62,12950000,51,DNA,10000,1295,True,0.8878312377094533,0.9167882396034238,0.9023097386564385,0.9167882396034238,True,1,2522,5833,d__Bacteria;p__Bacteroidota;c__Bacteroidia;o__Bacteroidales;f__Muribaculaceae;g__Sodaliphilus;s__Sodaliphilus sp004557565
20000,0.0015444015444015444,0.0028653295128939827,0.0007722007722007722,0.002914452254414538,17.0,17.0,0.0,/group/ctbrowngrp5/sourmash-db.new/gtdb-rs226/gtdb-rs226-k51.dna.rocksdb,GCF_016937335.1 Ruthenibacterium lactatiformans,0ede28993cc5b30cd7ab23f1642fb834,0.0057306590257879654,10000,140,8340000,outputs.mapping/bams.cds.rand/SRR14369134.x.s__Holdemanella porci.fastq.gz,SRR14369134.x.s__Holdemanella porci,91158d62,12950000,51,DNA,10000,1295,True,0.8808007008180095,0.9037394215675933,0.8922700611928014,0.9037394215675933,True,17,2539,5833,d__Bacteria;p__Bacillota;c__Clostridia;o__Oscillospirales;f__Ruminococcaceae;g__Ruthenibacterium;s__Ruthenibacterium lactatiformans
20000,0.0015444015444015444,0.002544529262086514,0.0007722007722007722,0.0015429453111606378,9.0,9.0,0.0,/group/ctbrowngrp5/sourmash-db.new/gtdb-rs226/gtdb-rs226-k51.dna.rocksdb,GCF_003324155.1 Blautia obeum,6810755629478b66335cccd37dbde079,0.005089058524173028,10000,141,8330000,outputs.mapping/bams.cds.rand/SRR14369134.x.s__Holdemanella porci.fastq.gz,SRR14369134.x.s__Holdemanella porci,91158d62,12950000,51,DNA,10000,1295,True,0.8808007008180095,0.9016377919354555,0.8912192463767326,0.9016377919354555,True,9,2548,5833,d__Bacteria;p__Bacillota;c__Clostridia;o__Lachnospirales;f__Lachnospiraceae;g__Blautia_A;s__Blautia_A fusiformis
10000,0.0007722007722007722,0.005291005291005291,0.0007722007722007722,0.0006857534716269502,4.0,4.0,0.0,/group/ctbrowngrp5/sourmash-db.new/gtdb-rs226/gtdb-rs226-k51.dna.rocksdb,GCA_947251455.1 uncultured Candidatus Arthromitus sp.,03b27e49a831ffadfb1d650f38ac416a,0.005291005291005291,10000,142,8320000,outputs.mapping/bams.cds.rand/SRR14369134.x.s__Holdemanella porci.fastq.gz,SRR14369134.x.s__Holdemanella porci,91158d62,12950000,51,DNA,10000,1295,True,0.8689106145787899,0.9023260468401526,0.8856183307094713,0.9023260468401526,True,4,2552,5833,d__Bacteria;p__Bacillota;c__Clostridia;o__Clostridiales;f__Clostridiaceae;g__Dwaynesavagella;s__Dwaynesavagella gallinarum
10000,0.0007722007722007722,0.004366812227074236,0.0007722007722007722,0.00017143836790673754,1.0,1.0,0.0,/group/ctbrowngrp5/sourmash-db.new/gtdb-rs226/gtdb-rs226-k51.dna.rocksdb,GCA_034176335.1 Lachnospira sp.,bd05c1e2c7cdb2f8ebe5a222882e370a,0.004366812227074236,10000,143,8310000,outputs.mapping/bams.cds.rand/SRR14369134.x.s__Holdemanella porci.fastq.gz,SRR14369134.x.s__Holdemanella porci,91158d62,12950000,51,DNA,10000,1295,True,0.8689106145787899,0.8989358818428389,0.8839232482108144,0.8989358818428389,True,1,2553,5833,d__Bacteria;p__Bacillota;c__Clostridia;o__Lachnospirales;f__Lachnospiraceae;g__Lachnospira;s__Lachnospira sp945648485
10000,0.0007722007722007722,0.008130081300813009,0.0007722007722007722,0.0006857534716269502,4.0,4.0,0.0,/group/ctbrowngrp5/sourmash-db.new/gtdb-rs226/gtdb-rs226-k51.dna.rocksdb,GCA_036311445.1 Acutalibacteraceae bacterium,668bb6957550c0a1e33db7d516f8b58b,0.008130081300813009,10000,144,8300000,outputs.mapping/bams.cds.rand/SRR14369134.x.s__Holdemanella porci.fastq.gz,SRR14369134.x.s__Holdemanella porci,91158d62,12950000,51,DNA,10000,1295,True,0.8689106145787899,0.9099582533276309,0.8894344339532104,0.9099582533276309,True,4,2557,5833,d__Bacteria;p__Bacillota;c__Clostridia;o__Oscillospirales;f__Acutalibacteraceae;g__UBA737;s__UBA737 sp017391425
30000,0.0023166023166023165,0.005235602094240838,0.0007722007722007722,0.00017143836790673754,1.0,1.0,0.0,/group/ctbrowngrp5/sourmash-db.new/gtdb-rs226/gtdb-rs226-k51.dna.rocksdb,GCA_002553855.1 Lactobacillus sp. UMNPBX18,d870a1c8be0e3e1d49429a37f72d6312,0.015706806282722512,10000,145,8290000,outputs.mapping/bams.cds.rand/SRR14369134.x.s__Holdemanella porci.fastq.gz,SRR14369134.x.s__Holdemanella porci,91158d62,12950000,51,DNA,10000,1295,True,0.8878312377094533,0.9217840185503966,0.9048076281299249,0.9217840185503966,True,1,2558,5833,d__Bacteria;p__Bacillota;c__Bacilli;o__Lactobacillales;f__Lactobacillaceae;g__Limosilactobacillus;s__Limosilactobacillus sp946487795
60000,0.004633204633204633,0.005208333333333333,0.0007722007722007722,0.00017143836790673754,1.0,1.0,0.0,/group/ctbrowngrp5/sourmash-db.new/gtdb-rs226/gtdb-rs226-k51.dna.rocksdb,GCF_958406475.1 Holdemanella biformis,a68d2a1060d5ac6b6b588d9293a1c69d,0.03125,10000,146,8280000,outputs.mapping/bams.cds.rand/SRR14369134.x.s__Holdemanella porci.fastq.gz,SRR14369134.x.s__Holdemanella porci,91158d62,12950000,51,DNA,10000,1295,True,0.8999802318696359,0.9343019501159521,0.917141090992794,0.9343019501159521,True,1,2559,5833,d__Bacteria;p__Bacillota;c__Bacilli;o__Erysipelotrichales;f__Erysipelotrichaceae;g__Holdemanella;s__Holdemanella biformis
10000,0.0007722007722007722,0.002512562814070352,0.0007722007722007722,0.001028630207440425,6.0,6.0,0.0,/group/ctbrowngrp5/sourmash-db.new/gtdb-rs226/gtdb-rs226-k51.dna.rocksdb,GCA_022784005.1 Parabacteroides sp.,cfe20a628244cf78707c28206eed0656,0.002512562814070352,10000,147,8270000,outputs.mapping/bams.cds.rand/SRR14369134.x.s__Holdemanella porci.fastq.gz,SRR14369134.x.s__Holdemanella porci,91158d62,12950000,51,DNA,10000,1295,True,0.8689106145787899,0.8892459595108382,0.879078287044814,0.8892459595108382,True,6,2565,5833,d__Bacteria;p__Bacteroidota;c__Bacteroidia;o__Bacteroidales;f__Tannerellaceae;g__Parabacteroides;s__Parabacteroides faecalis
10000,0.0007722007722007722,0.00411522633744856,0.0007722007722007722,0.01045774044231099,61.0,61.0,0.0,/group/ctbrowngrp5/sourmash-db.new/gtdb-rs226/gtdb-rs226-k51.dna.rocksdb,GCA_937880075.1 uncultured Romboutsia sp.,860f354aee4673b1c02172dbd97a73e3,0.00411522633744856,10000,148,8260000,outputs.mapping/bams.cds.rand/SRR14369134.x.s__Holdemanella porci.fastq.gz,SRR14369134.x.s__Holdemanella porci,91158d62,12950000,51,DNA,10000,1295,True,0.8689106145787899,0.8978905616220562,0.883400588100423,0.8978905616220562,True,61,2626,5833,d__Bacteria;p__Bacillota;c__Clostridia;o__Peptostreptococcales;f__Peptostreptococcaceae;g__Romboutsia;s__Romboutsia sp937880075
10000,0.0007722007722007722,0.005319148936170213,0.0007722007722007722,0.0005143151037202125,3.0,3.0,0.0,/group/ctbrowngrp5/sourmash-db.new/gtdb-rs226/gtdb-rs226-k51.dna.rocksdb,GCA_945830445.1 uncultured Clostridia bacterium,15a51f7903f7c438357d0650169cef0d,0.005319148936170213,10000,149,8250000,outputs.mapping/bams.cds.rand/SRR14369134.x.s__Holdemanella porci.fastq.gz,SRR14369134.x.s__Holdemanella porci,91158d62,12950000,51,DNA,10000,1295,True,0.8689106145787899,0.9024199122476589,0.8856652634132245,0.9024199122476589,True,3,2629,5833,d__Bacteria;p__Bacillota;c__Clostridia;o__Oscillospirales;f__Acutalibacteraceae;g__CAG-177;s__CAG-177 sp003514385
10000,0.0007722007722007722,0.007633587786259542,0.0007722007722007722,0.0003428767358134751,2.0,2.0,0.0,/group/ctbrowngrp5/sourmash-db.new/gtdb-rs226/gtdb-rs226-k51.dna.rocksdb,GCA_023403375.1 Bacillota bacterium,f475eb9ff2920219ac26395a368fd1cb,0.007633587786259542,10000,150,8240000,outputs.mapping/bams.cds.rand/SRR14369134.x.s__Holdemanella porci.fastq.gz,SRR14369134.x.s__Holdemanella porci,91158d62,12950000,51,DNA,10000,1295,True,0.8689106145787899,0.908834650149845,0.8888726323643175,0.908834650149845,True,2,2631,5833,d__Bacteria;p__Bacillota;c__Clostridia;o__Christensenellales;f__Borkfalkiaceae;g__UBA1259;s__UBA1259 sp023403375
10000,0.0007722007722007722,0.004291845493562232,0.0007722007722007722,0.0017143836790673753,10.0,10.0,0.0,/group/ctbrowngrp5/sourmash-db.new/gtdb-rs226/gtdb-rs226-k51.dna.rocksdb,GCA_963618855.1 bacterium,b7f42c02f58e9a729836cefc2cda65c3,0.004291845493562232,10000,151,8230000,outputs.mapping/bams.cds.rand/SRR14369134.x.s__Holdemanella porci.fastq.gz,SRR14369134.x.s__Holdemanella porci,91158d62,12950000,51,DNA,10000,1295,True,0.8689106145787899,0.8986307105512661,0.883770662565028,0.8986307105512661,True,10,2641,5833,d__Bacteria;p__Bacillota;c__Bacilli;o__RFN20;f__CAG-288;g__Enterosoma;s__Enterosoma sp963648975
10000,0.0007722007722007722,0.00423728813559322,0.0007722007722007722,0.002571575518601063,15.0,15.0,0.0,/group/ctbrowngrp5/sourmash-db.new/gtdb-rs226/gtdb-rs226-k51.dna.rocksdb,GCA_022775645.1 Lachnospiraceae bacterium,737b1838efa2bfb429f3f0316c003db1,0.00423728813559322,10000,152,8220000,outputs.mapping/bams.cds.rand/SRR14369134.x.s__Holdemanella porci.fastq.gz,SRR14369134.x.s__Holdemanella porci,91158d62,12950000,51,DNA,10000,1295,True,0.8689106145787899,0.8984053172829363,0.8836579659308631,0.8984053172829363,True,15,2656,5833,d__Bacteria;p__Bacillota;c__Clostridia;o__Lachnospirales;f__Lachnospiraceae;g__UBA2868;s__UBA2868 sp004552595
10000,0.0007722007722007722,0.0045045045045045045,0.0007722007722007722,0.00017143836790673754,1.0,1.0,0.0,/group/ctbrowngrp5/sourmash-db.new/gtdb-rs226/gtdb-rs226-k51.dna.rocksdb,GCA_034118865.1 Agathobacter sp.,0a210112a55a5355a69cb41cac755dac,0.0045045045045045045,10000,153,8210000,outputs.mapping/bams.cds.rand/SRR14369134.x.s__Holdemanella porci.fastq.gz,SRR14369134.x.s__Holdemanella porci,91158d62,12950000,51,DNA,10000,1295,True,0.8689106145787899,0.8994832469384727,0.8841969307586313,0.8994832469384727,True,1,2657,5833,d__Bacteria;p__Bacillota;c__Clostridia;o__Lachnospirales;f__Lachnospiraceae;g__Agathobacter;s__Agathobacter sp945868435
10000,0.0007722007722007722,0.004672897196261682,0.0007722007722007722,0.00017143836790673754,1.0,1.0,0.0,/group/ctbrowngrp5/sourmash-db.new/gtdb-rs226/gtdb-rs226-k51.dna.rocksdb,GCA_029003925.1 Clostridia bacterium,06fe66bc992780a8289162a659cafb5a,0.004672897196261682,10000,154,8200000,outputs.mapping/bams.cds.rand/SRR14369134.x.s__Holdemanella porci.fastq.gz,SRR14369134.x.s__Holdemanella porci,91158d62,12950000,51,DNA,10000,1295,True,0.8689106145787899,0.9001307792101635,0.8845206968944768,0.9001307792101635,True,1,2658,5833,d__Bacteria;p__Bacillota;c__Clostridia;o__Oscillospirales;f__Butyricicoccaceae;g__UBA4644;s__UBA4644 sp900763355
20000,0.0015444015444015444,0.0051813471502590676,0.0007722007722007722,0.00017143836790673754,1.0,1.0,0.0,/group/ctbrowngrp5/sourmash-db.new/gtdb-rs226/gtdb-rs226-k51.dna.rocksdb,GCF_003413665.1 Limosilactobacillus reuteri,16e8be3d327ae7abb11676f92836c62b,0.010362694300518135,10000,155,8190000,outputs.mapping/bams.cds.rand/SRR14369134.x.s__Holdemanella porci.fastq.gz,SRR14369134.x.s__Holdemanella porci,91158d62,12950000,51,DNA,10000,1295,True,0.8808007008180095,0.9142978525817129,0.8975492766998612,0.9142978525817129,True,1,2659,5833,d__Bacteria;p__Bacillota;c__Bacilli;o__Lactobacillales;f__Lactobacillaceae;g__Limosilactobacillus;s__Limosilactobacillus reuteri
30000,0.0023166023166023165,0.0044444444444444444,0.0007722007722007722,0.00017143836790673754,1.0,1.0,0.0,/group/ctbrowngrp5/sourmash-db.new/gtdb-rs226/gtdb-rs226-k51.dna.rocksdb,GCA_938014355.1 uncultured Catenibacterium sp.,d21e1aedf3c03f81da7f8c2995a49c76,0.013333333333333334,10000,156,8180000,outputs.mapping/bams.cds.rand/SRR14369134.x.s__Holdemanella porci.fastq.gz,SRR14369134.x.s__Holdemanella porci,91158d62,12950000,51,DNA,10000,1295,True,0.8878312377094533,0.9188277284150211,0.9033294830622371,0.9188277284150211,True,1,2660,5833,d__Bacteria;p__Bacillota;c__Bacilli;o__Erysipelotrichales;f__Coprobacillaceae;g__Catenibacterium;s__Catenibacterium mitsuokai_A
10000,0.0007722007722007722,0.0033333333333333335,0.0007722007722007722,0.00017143836790673754,1.0,1.0,0.0,/group/ctbrowngrp5/sourmash-db.new/gtdb-rs226/gtdb-rs226-k51.dna.rocksdb,GCA_016293615.1 Acetatifactor sp.,809062d8f4024187379d24557d4d59b6,0.0033333333333333335,10000,157,8170000,outputs.mapping/bams.cds.rand/SRR14369134.x.s__Holdemanella porci.fastq.gz,SRR14369134.x.s__Holdemanella porci,91158d62,12950000,51,DNA,10000,1295,True,0.8689106145787899,0.8941883246232241,0.881549469601007,0.8941883246232241,True,1,2661,5833,d__Bacteria;p__Bacillota;c__Clostridia;o__Lachnospirales;f__Lachnospiraceae;g__Acetatifactor;s__Acetatifactor sp016293615
20000,0.0015444015444015444,0.00392156862745098,0.0007722007722007722,0.0003428767358134751,2.0,2.0,0.0,/group/ctbrowngrp5/sourmash-db.new/gtdb-rs226/gtdb-rs226-k51.dna.rocksdb,GCF_033488895.1 Mitsuokella jalaludinii,3c244018b31ba4bfa6b4bcfd7b7002f1,0.00784313725490196,10000,158,8160000,outputs.mapping/bams.cds.rand/SRR14369134.x.s__Holdemanella porci.fastq.gz,SRR14369134.x.s__Holdemanella porci,91158d62,12950000,51,DNA,10000,1295,True,0.8808007008180095,0.9093173687616155,0.8950590347898125,0.9093173687616155,True,2,2663,5833,d__Bacteria;p__Bacillota;c__Negativicutes;o__Selenomonadales;f__Selenomonadaceae;g__Mitsuokella;s__Mitsuokella jalaludinii
10000,0.0007722007722007722,0.0036101083032490976,0.0007722007722007722,0.00017143836790673754,1.0,1.0,0.0,/group/ctbrowngrp5/sourmash-db.new/gtdb-rs226/gtdb-rs226-k51.dna.rocksdb,GCA_934351615.1 uncultured Eubacterium sp.,569c1531461eb872a93a4e9d83a4f58b,0.0036101083032490976,10000,159,8150000,outputs.mapping/bams.cds.rand/SRR14369134.x.s__Holdemanella porci.fastq.gz,SRR14369134.x.s__Holdemanella porci,91158d62,12950000,51,DNA,10000,1295,True,0.8689106145787899,0.8955879463753921,0.882249280477091,0.8955879463753921,True,1,2664,5833,d__Bacteria;p__Bacillota;c__Clostridia;o__Lachnospirales;f__Lachnospiraceae;g__Eubacterium_F;s__Eubacterium_F sp900539115
10000,0.0007722007722007722,0.004,0.0007722007722007722,0.00017143836790673754,1.0,1.0,0.0,/group/ctbrowngrp5/sourmash-db.new/gtdb-rs226/gtdb-rs226-k51.dna.rocksdb,GCA_034104085.1 Bacteroidales bacterium,6aa1a2d6efd0e28f66d71c6fdb28bbbc,0.004,10000,160,8140000,outputs.mapping/bams.cds.rand/SRR14369134.x.s__Holdemanella porci.fastq.gz,SRR14369134.x.s__Holdemanella porci,91158d62,12950000,51,DNA,10000,1295,True,0.8689106145787899,0.8973907082557256,0.8831506614172577,0.8973907082557256,True,1,2665,5833,d__Bacteria;p__Bacteroidota;c__Bacteroidia;o__Bacteroidales;f__Marinilabiliaceae;g__W3P20-009;s__W3P20-009 sp022768325
20000,0.0015444015444015444,0.005154639175257732,0.0007722007722007722,0.0003428767358134751,2.0,2.0,0.0,/group/ctbrowngrp5/sourmash-db.new/gtdb-rs226/gtdb-rs226-k51.dna.rocksdb,GCF_937925085.1 Faecalicoccus pleomorphus,55216a3df25038d3f04ebb30fda86a37,0.010309278350515464,10000,161,8130000,outputs.mapping/bams.cds.rand/SRR14369134.x.s__Holdemanella porci.fastq.gz,SRR14369134.x.s__Holdemanella porci,91158d62,12950000,51,DNA,10000,1295,True,0.8808007008180095,0.9142052089616286,0.897502954889819,0.9142052089616286,True,2,2667,5833,d__Bacteria;p__Bacillota;c__Bacilli;o__Erysipelotrichales;f__Erysipelotrichaceae;g__Faecalicoccus;s__Faecalicoccus pleomorphus
20000,0.0015444015444015444,0.0045045045045045045,0.0007722007722007722,0.0003428767358134751,2.0,2.0,0.0,/group/ctbrowngrp5/sourmash-db.new/gtdb-rs226/gtdb-rs226-k51.dna.rocksdb,GCA_022784905.1 Bacteroidales bacterium,0f8ad58d5510dd7a9a7da6f1a2670570,0.009009009009009009,10000,162,8120000,outputs.mapping/bams.cds.rand/SRR14369134.x.s__Holdemanella porci.fastq.gz,SRR14369134.x.s__Holdemanella porci,91158d62,12950000,51,DNA,10000,1295,True,0.8808007008180095,0.9117916860315043,0.8962961934247569,0.9117916860315043,True,2,2669,5833,d__Bacteria;p__Bacteroidota;c__Bacteroidia;o__Bacteroidales;f__Muribaculaceae;g__Sodaliphilus;s__Sodaliphilus sp004557565
10000,0.0007722007722007722,0.004524886877828055,0.0007722007722007722,0.00017143836790673754,1.0,1.0,0.0,/group/ctbrowngrp5/sourmash-db.new/gtdb-rs226/gtdb-rs226-k51.dna.rocksdb,GCA_029101345.1 Erysipelotrichaceae bacterium,239d3d623cf4b34548174d052a34b242,0.004524886877828055,10000,163,8110000,outputs.mapping/bams.cds.rand/SRR14369134.x.s__Holdemanella porci.fastq.gz,SRR14369134.x.s__Holdemanella porci,91158d62,12950000,51,DNA,10000,1295,True,0.8689106145787899,0.8995628755480881,0.884236745063439,0.8995628755480881,True,1,2670,5833,d__Bacteria;p__Bacillota;c__Bacilli;o__Erysipelotrichales;f__Erysipelotrichaceae;g__Colivicinus;s__Colivicinus sp029101345
10000,0.0007722007722007722,0.0053475935828877,0.0007722007722007722,0.0003428767358134751,2.0,2.0,0.0,/group/ctbrowngrp5/sourmash-db.new/gtdb-rs226/gtdb-rs226-k51.dna.rocksdb,GCA_022775905.1 Methanobrevibacter sp.,2227d27da365c7ee68d76d3ecc693505,0.0053475935828877,10000,164,8100000,outputs.mapping/bams.cds.rand/SRR14369134.x.s__Holdemanella porci.fastq.gz,SRR14369134.x.s__Holdemanella porci,91158d62,12950000,51,DNA,10000,1295,True,0.8689106145787899,0.9025142881157426,0.8857124513472663,0.9025142881157426,True,2,2672,5833,d__Archaea;p__Methanobacteriota;c__Methanobacteria;o__Methanobacteriales;f__Methanobacteriaceae;g__Methanocatella;s__Methanocatella sp022775905
10000,0.0007722007722007722,0.0043859649122807015,0.0007722007722007722,0.0015429453111606378,9.0,9.0,0.0,/group/ctbrowngrp5/sourmash-db.new/gtdb-rs226/gtdb-rs226-k51.dna.rocksdb,GCA_963648635.1 Ruminococcus intestinalis,f5ff671b37960a8c0968508a01eb913b,0.0043859649122807015,10000,165,8090000,outputs.mapping/bams.cds.rand/SRR14369134.x.s__Holdemanella porci.fastq.gz,SRR14369134.x.s__Holdemanella porci,91158d62,12950000,51,DNA,10000,1295,True,0.8689106145787899,0.8990130239792933,0.8839618192790416,0.8990130239792933,True,9,2681,5833,d__Bacteria;p__Spirochaetota;c__Spirochaetia;o__Sphaerochaetales;f__Sphaerochaetaceae;g__Ornithospirochaeta;s__Ornithospirochaeta sp963648635
10000,0.0007722007722007722,0.006535947712418301,0.0007722007722007722,0.0003428767358134751,2.0,2.0,0.0,/group/ctbrowngrp5/sourmash-db.new/gtdb-rs226/gtdb-rs226-k51.dna.rocksdb,GCA_959603975.1 uncultured bacterium,8d9fb054fc30586088e1bfa9dffa1c14,0.006535947712418301,10000,166,8080000,outputs.mapping/bams.cds.rand/SRR14369134.x.s__Holdemanella porci.fastq.gz,SRR14369134.x.s__Holdemanella porci,91158d62,12950000,51,DNA,10000,1295,True,0.8689106145787899,0.9060724242444924,0.8874915194116412,0.9060724242444924,True,2,2683,5833,d__Bacteria;p__Bacillota;c__Clostridia;o__Oscillospirales;f__Oscillospiraceae;g__Faecousia;s__Faecousia sp905215665
10000,0.0007722007722007722,0.0031446540880503146,0.0007722007722007722,0.0006857534716269502,4.0,4.0,0.0,/group/ctbrowngrp5/sourmash-db.new/gtdb-rs226/gtdb-rs226-k51.dna.rocksdb,GCF_009696465.1 Inconstantimicrobium porci,e275542b2fc3aa242d28b29a2285f96f,0.0031446540880503146,10000,167,8070000,outputs.mapping/bams.cds.rand/SRR14369134.x.s__Holdemanella porci.fastq.gz,SRR14369134.x.s__Holdemanella porci,91158d62,12950000,51,DNA,10000,1295,True,0.8689106145787899,0.8931672731743641,0.881038943876577,0.8931672731743641,True,4,2687,5833,d__Bacteria;p__Bacillota;c__Clostridia;o__Clostridiales;f__Clostridiaceae;g__Inconstantimicrobium;s__Inconstantimicrobium porci
250000,0.019305019305019305,0.0035714285714285713,0.0007722007722007722,0.00017143836790673754,1.0,1.0,0.0,/group/ctbrowngrp5/sourmash-db.new/gtdb-rs226/gtdb-rs226-k51.dna.rocksdb,GCF_020593575.1 Holdemanella sp. DFI.5.55,80b9ae991fb5d7e7fb38c36eeb8f16fa,0.08928571428571429,10000,168,8060000,outputs.mapping/bams.cds.rand/SRR14369134.x.s__Holdemanella porci.fastq.gz,SRR14369134.x.s__Holdemanella porci,91158d62,12950000,51,DNA,10000,1295,True,0.9255197504920231,0.9537336318690407,0.9396266911805319,0.9537336318690407,False,1,2688,5833,d__Bacteria;p__Bacillota;c__Bacilli;o__Erysipelotrichales;f__Erysipelotrichaceae;g__Holdemanella;s__Holdemanella hominis
10000,0.0007722007722007722,0.003003003003003003,0.0007722007722007722,0.0005143151037202125,3.0,3.0,0.0,/group/ctbrowngrp5/sourmash-db.new/gtdb-rs226/gtdb-rs226-k51.dna.rocksdb,GCF_029227735.1 Blautia sp.,7c18473b051acfc786ffd79bb8f8b1fb,0.003003003003003003,10000,169,8050000,outputs.mapping/bams.cds.rand/SRR14369134.x.s__Holdemanella porci.fastq.gz,SRR14369134.x.s__Holdemanella porci,91158d62,12950000,51,DNA,10000,1295,True,0.8689106145787899,0.8923604403934454,0.8806355274861177,0.8923604403934454,True,3,2691,5833,d__Bacteria;p__Bacillota;c__Clostridia;o__Lachnospirales;f__Lachnospiraceae;g__Blautia_A;s__Blautia_A sp018919065
10000,0.0007722007722007722,0.002890173410404624,0.0007722007722007722,0.00017143836790673754,1.0,1.0,0.0,/group/ctbrowngrp5/sourmash-db.new/gtdb-rs226/gtdb-rs226-k51.dna.rocksdb,GCA_022776405.1 Parabacteroides sp.,da980a0b68f9563f645cfb7733a208c9,0.002890173410404624,10000,170,8040000,outputs.mapping/bams.cds.rand/SRR14369134.x.s__Holdemanella porci.fastq.gz,SRR14369134.x.s__Holdemanella porci,91158d62,12950000,51,DNA,10000,1295,True,0.8689106145787899,0.8916906117221329,0.8803006131504614,0.8916906117221329,True,1,2692,5833,d__Bacteria;p__Bacteroidota;c__Bacteroidia;o__Bacteroidales;f__Tannerellaceae;g__Parabacteroides;s__Parabacteroides sp004562445
50000,0.003861003861003861,0.007407407407407408,0.0007722007722007722,0.00017143836790673754,1.0,1.0,0.0,/group/ctbrowngrp5/sourmash-db.new/gtdb-rs226/gtdb-rs226-k51.dna.rocksdb,GCA_034178975.1 Candidatus Onthovivens sp.,35ec23860a0423a584470eb3b62746d2,0.037037037037037035,10000,171,8030000,outputs.mapping/bams.cds.rand/SRR14369134.x.s__Holdemanella porci.fastq.gz,SRR14369134.x.s__Holdemanella porci,91158d62,12950000,51,DNA,10000,1295,True,0.8967686073925827,0.9374196305041738,0.9170941189483782,0.9374196305041738,True,1,2693,5833,d__Bacteria;p__Bacillota;c__Bacilli;o__RFN20;f__CAG-826;g__Onthovivens;s__Onthovivens sp016302065
60000,0.004633204633204633,0.006097560975609756,0.0007722007722007722,0.00017143836790673754,1.0,1.0,0.0,/group/ctbrowngrp5/sourmash-db.new/gtdb-rs226/gtdb-rs226-k51.dna.rocksdb,GCA_934777115.1 uncultured Holdemanella sp.,d90c1dc4f405b6b50af57c6c5319fe3c,0.036585365853658534,10000,172,8020000,outputs.mapping/bams.cds.rand/SRR14369134.x.s__Holdemanella porci.fastq.gz,SRR14369134.x.s__Holdemanella porci,91158d62,12950000,51,DNA,10000,1295,True,0.8999802318696359,0.9371941237960542,0.918587177832845,0.9371941237960542,True,1,2694,5833,d__Bacteria;p__Bacillota;c__Bacilli;o__Erysipelotrichales;f__Erysipelotrichaceae;g__Holdemanella;s__Holdemanella sp900547815
10000,0.0007722007722007722,0.006944444444444444,0.0007722007722007722,0.00017143836790673754,1.0,1.0,0.0,/group/ctbrowngrp5/sourmash-db.new/gtdb-rs226/gtdb-rs226-k51.dna.rocksdb,GCA_937997795.1 uncultured Mollicutes bacterium,b15d78b365c997429964089a29011dfe,0.006944444444444444,10000,173,8010000,outputs.mapping/bams.cds.rand/SRR14369134.x.s__Holdemanella porci.fastq.gz,SRR14369134.x.s__Holdemanella porci,91158d62,12950000,51,DNA,10000,1295,True,0.8689106145787899,0.9071501293291512,0.8880303719539706,0.9071501293291512,True,1,2695,5833,d__Bacteria;p__Bacillota;c__Bacilli;o__RFN20;f__CAG-826;g__Onthovivens;s__Onthovivens sp900540365
10000,0.0007722007722007722,0.0055248618784530384,0.0007722007722007722,0.00017143836790673754,1.0,1.0,0.0,/group/ctbrowngrp5/sourmash-db.new/gtdb-rs226/gtdb-rs226-k51.dna.rocksdb,GCA_029227295.1 Lactimicrobium massiliense,8ed7c10cc273b1a4e916340097ba4ac3,0.0055248618784530384,10000,174,8000000,outputs.mapping/bams.cds.rand/SRR14369134.x.s__Holdemanella porci.fastq.gz,SRR14369134.x.s__Holdemanella porci,91158d62,12950000,51,DNA,10000,1295,True,0.8689106145787899,0.9030915789811151,0.8860010967799525,0.9030915789811151,True,1,2696,5833,d__Bacteria;p__Bacillota;c__Bacilli;o__Erysipelotrichales;f__Erysipelotrichaceae;g__Bulleidia;s__Bulleidia massiliensis
10000,0.0007722007722007722,0.0041841004184100415,0.0007722007722007722,0.00017143836790673754,1.0,1.0,0.0,/group/ctbrowngrp5/sourmash-db.new/gtdb-rs226/gtdb-rs226-k51.dna.rocksdb,GCA_022775565.1 Akkermansia muciniphila,e125cb24976aaa564b7c887c38d77b80,0.0041841004184100415,10000,175,7990000,outputs.mapping/bams.cds.rand/SRR14369134.x.s__Holdemanella porci.fastq.gz,SRR14369134.x.s__Holdemanella porci,91158d62,12950000,51,DNA,10000,1295,True,0.8689106145787899,0.8981828266298771,0.8835467206043335,0.8981828266298771,True,1,2697,5833,d__Bacteria;p__Verrucomicrobiota;c__Verrucomicrobiia;o__Verrucomicrobiales;f__Akkermansiaceae;g__Akkermansia;s__Akkermansia muciniphila_D
10000,0.0007722007722007722,0.0030303030303030303,0.0007722007722007722,0.001028630207440425,6.0,6.0,0.0,/group/ctbrowngrp5/sourmash-db.new/gtdb-rs226/gtdb-rs226-k51.dna.rocksdb,GCA_946011765.1 uncultured Prevotella sp.,fdedb87d28b4bd821efe8b5dc8ceea91,0.0030303030303030303,10000,176,7980000,outputs.mapping/bams.cds.rand/SRR14369134.x.s__Holdemanella porci.fastq.gz,SRR14369134.x.s__Holdemanella porci,91158d62,12950000,51,DNA,10000,1295,True,0.8689106145787899,0.8925188018005276,0.8807147081896587,0.8925188018005276,True,6,2703,5833,d__Bacteria;p__Bacteroidota;c__Bacteroidia;o__Bacteroidales;f__Bacteroidaceae;g__Prevotella;s__Prevotella sp900546535
10000,0.0007722007722007722,0.0019193857965451055,0.0007722007722007722,0.0003428767358134751,2.0,2.0,0.0,/group/ctbrowngrp5/sourmash-db.new/gtdb-rs226/gtdb-rs226-k51.dna.rocksdb,GCA_004555505.1 Bacteroides fragilis,ae21f80ad06fc1e69524b25773c27222,0.0019193857965451055,10000,177,7970000,outputs.mapping/bams.cds.rand/SRR14369134.x.s__Holdemanella porci.fastq.gz,SRR14369134.x.s__Holdemanella porci,91158d62,12950000,51,DNA,10000,1295,True,0.8689106145787899,0.8845628016035806,0.8767367080911852,0.8845628016035806,True,2,2705,5833,d__Bacteria;p__Bacteroidota;c__Bacteroidia;o__Bacteroidales;f__Bacteroidaceae;g__Bacteroides;s__Bacteroides fragilis
20000,0.0015444015444015444,0.00411522633744856,0.0007722007722007722,0.0005143151037202125,3.0,3.0,0.0,/group/ctbrowngrp5/sourmash-db.new/gtdb-rs226/gtdb-rs226-k51.dna.rocksdb,GCA_022780365.1 Cuneatibacter sp.,098cce0ddca27e1a3af36e5520ff1c77,0.00823045267489712,10000,178,7960000,outputs.mapping/bams.cds.rand/SRR14369134.x.s__Holdemanella porci.fastq.gz,SRR14369134.x.s__Holdemanella porci,91158d62,12950000,51,DNA,10000,1295,True,0.8808007008180095,0.9101772065679724,0.895488953692991,0.9101772065679724,True,3,2708,5833,d__Bacteria;p__Bacillota;c__Clostridia;o__Lachnospirales;f__Lachnospiraceae;g__CAKQHB01;s__CAKQHB01 sp934234215
10000,0.0007722007722007722,0.00423728813559322,0.0007722007722007722,0.0005143151037202125,3.0,3.0,0.0,/group/ctbrowngrp5/sourmash-db.new/gtdb-rs226/gtdb-rs226-k51.dna.rocksdb,GCA_946405585.1 uncultured Clostridium sp.,2e2125e8a17b3c5f968d27f675c5e65b,0.00423728813559322,10000,179,7950000,outputs.mapping/bams.cds.rand/SRR14369134.x.s__Holdemanella porci.fastq.gz,SRR14369134.x.s__Holdemanella porci,91158d62,12950000,51,DNA,10000,1295,True,0.8689106145787899,0.8984053172829363,0.8836579659308631,0.8984053172829363,True,3,2711,5833,d__Bacteria;p__Bacillota;c__Clostridia;o__Peptostreptococcales;f__Peptostreptococcaceae;g__Intestinibacter;s__Intestinibacter sp022780145
10000,0.0007722007722007722,0.005154639175257732,0.0007722007722007722,0.00017143836790673754,1.0,1.0,0.0,/group/ctbrowngrp5/sourmash-db.new/gtdb-rs226/gtdb-rs226-k51.dna.rocksdb,GCA_036809405.1 Clostridiales bacterium,fd01d2452bd1ea9b7a7b835b5da2bf42,0.005154639175257732,10000,180,7940000,outputs.mapping/bams.cds.rand/SRR14369134.x.s__Holdemanella porci.fastq.gz,SRR14369134.x.s__Holdemanella porci,91158d62,12950000,51,DNA,10000,1295,True,0.8689106145787899,0.901864189290774,0.885387401934782,0.901864189290774,True,1,2712,5833,d__Bacteria;p__Bacillota;c__Clostridia;o__Oscillospirales;f__Acutalibacteraceae;g__CAG-217;s__CAG-217 sp000436335
10000,0.0007722007722007722,0.004651162790697674,0.0007722007722007722,0.00017143836790673754,1.0,1.0,0.0,/group/ctbrowngrp5/sourmash-db.new/gtdb-rs226/gtdb-rs226-k51.dna.rocksdb,GCA_004553695.1 Clostridiales bacterium,edaea260e8abf0b8ef1609104986ab6a,0.004651162790697674,10000,181,7930000,outputs.mapping/bams.cds.rand/SRR14369134.x.s__Holdemanella porci.fastq.gz,SRR14369134.x.s__Holdemanella porci,91158d62,12950000,51,DNA,10000,1295,True,0.8689106145787899,0.90004850019656,0.8844795573876749,0.90004850019656,True,1,2713,5833,d__Bacteria;p__Bacillota;c__Clostridia;o__Christensenellales;f__CAG-138;g__CAG-1024;s__CAG-1024 sp000432015
10000,0.0007722007722007722,0.005319148936170213,0.0007722007722007722,0.00017143836790673754,1.0,1.0,0.0,/group/ctbrowngrp5/sourmash-db.new/gtdb-rs226/gtdb-rs226-k51.dna.rocksdb,GCA_946008205.1 uncultured Clostridium sp.,a782e5c795455ca2504fd96051d40651,0.005319148936170213,10000,182,7920000,outputs.mapping/bams.cds.rand/SRR14369134.x.s__Holdemanella porci.fastq.gz,SRR14369134.x.s__Holdemanella porci,91158d62,12950000,51,DNA,10000,1295,True,0.8689106145787899,0.9024199122476589,0.8856652634132245,0.9024199122476589,True,1,2714,5833,d__Bacteria;p__Bacillota;c__Clostridia;o__TANB77;f__CAG-508;g__CAG-245;s__CAG-245 sp946008205
20000,0.0015444015444015444,0.004016064257028112,0.0007722007722007722,0.00017143836790673754,1.0,1.0,0.0,/group/ctbrowngrp5/sourmash-db.new/gtdb-rs226/gtdb-rs226-k51.dna.rocksdb,GCA_900543255.1 uncultured Bacteroidales bacterium,f1249f015d405f64c66b58d9a0ecb61f,0.008032128514056224,10000,183,7910000,outputs.mapping/bams.cds.rand/SRR14369134.x.s__Holdemanella porci.fastq.gz,SRR14369134.x.s__Holdemanella porci,91158d62,12950000,51,DNA,10000,1295,True,0.8808007008180095,0.9097420058492147,0.8952713533336121,0.9097420058492147,True,1,2715,5833,d__Bacteria;p__Bacteroidota;c__Bacteroidia;o__Bacteroidales;f__Muribaculaceae;g__Sodaliphilus;s__Sodaliphilus sp004557565
20000,0.0015444015444015444,0.00625,0.0007722007722007722,0.0017143836790673753,10.0,10.0,0.0,/group/ctbrowngrp5/sourmash-db.new/gtdb-rs226/gtdb-rs226-k51.dna.rocksdb,GCF_014841035.1 Lactobacillus johnsonii,cacf65b335de55ab4fb91ed14699ca66,0.0125,10000,184,7900000,outputs.mapping/bams.cds.rand/SRR14369134.x.s__Holdemanella porci.fastq.gz,SRR14369134.x.s__Holdemanella porci,91158d62,12950000,51,DNA,10000,1295,True,0.8808007008180095,0.9176657229678244,0.8992332118929169,0.9176657229678244,True,10,2725,5833,d__Bacteria;p__Bacillota;c__Bacilli;o__Lactobacillales;f__Lactobacillaceae;g__Lactobacillus;s__Lactobacillus sp945980025
10000,0.0007722007722007722,0.00398406374501992,0.0007722007722007722,0.0003428767358134751,2.0,2.0,0.0,/group/ctbrowngrp5/sourmash-db.new/gtdb-rs226/gtdb-rs226-k51.dna.rocksdb,GCA_945872655.1 uncultured Ruminococcus sp.,23bae99073614fe358b1add1e4476e19,0.00398406374501992,10000,185,7890000,outputs.mapping/bams.cds.rand/SRR14369134.x.s__Holdemanella porci.fastq.gz,SRR14369134.x.s__Holdemanella porci,91158d62,12950000,51,DNA,10000,1295,True,0.8689106145787899,0.8973204678127464,0.8831155411957682,0.8973204678127464,True,2,2727,5833,d__Bacteria;p__Bacillota;c__Clostridia;o__Oscillospirales;f__Ruminococcaceae;g__UMGS363;s__UMGS363 sp022769565
20000,0.0015444015444015444,7.609539318489659e-06,0.0007722007722007722,0.00017143836790673754,1.0,1.0,0.0,/group/ctbrowngrp5/sourmash-db.new/ncbi-euks-2025.01/ncbi-euks-all-2025.01-k51.dna.rocksdb,GCA_039621445.1 Euglena gracilis,5a87de253fba2bb3bd3a2c701bd3feb7,1.5219078636979318e-05,10000,186,7880000,outputs.mapping/bams.cds.rand/SRR14369134.x.s__Holdemanella porci.fastq.gz,SRR14369134.x.s__Holdemanella porci,91158d62,12950000,51,DNA,10000,1295,True,0.8808007008180095,0.8045203366972857,0.8426605187576477,0.8808007008180095,True,1,2728,5833,Eukaryota;Euglenozoa;Euglenida;Euglenales;Euglenaceae;Euglena;Euglena gracilis;unclassified Euglena gracilis subspecies/strain
10000,0.0007722007722007722,2.249061017025392e-05,0.0007722007722007722,0.00017143836790673754,1.0,1.0,0.0,/group/ctbrowngrp5/sourmash-db.new/ncbi-euks-2025.01/ncbi-euks-all-2025.01-k51.dna.rocksdb,GCF_000648655.2 Copidosoma floridanum,16bdff84b4dce3182f07e73455861103,2.249061017025392e-05,10000,187,7870000,outputs.mapping/bams.cds.rand/SRR14369134.x.s__Holdemanella porci.fastq.gz,SRR14369134.x.s__Holdemanella porci,91158d62,12950000,51,DNA,10000,1295,True,0.8689106145787899,0.8107048466459386,0.8398077306123642,0.8689106145787899,True,1,2729,5833,Eukaryota;Arthropoda;Insecta;Hymenoptera;Encyrtidae;Copidosoma;Copidosoma floridanum;unclassified Copidosoma floridanum subspecies/strain
10000,0.0007722007722007722,6.303024191006845e-06,0.0007722007722007722,0.00017143836790673754,1.0,1.0,0.0,/group/ctbrowngrp5/sourmash-db.new/ncbi-euks-2025.01/ncbi-euks-all-2025.01-k51.dna.rocksdb,GCA_017312745.1 two-spotted cricket (Gryllus bimaculatus),6f4331a8abd8ca57657f7a048e0a0593,6.303024191006845e-06,10000,188,7860000,outputs.mapping/bams.cds.rand/SRR14369134.x.s__Holdemanella porci.fastq.gz,SRR14369134.x.s__Holdemanella porci,91158d62,12950000,51,DNA,10000,1295,True,0.8689106145787899,0.7907339254127004,0.8298222699957452,0.8689106145787899,True,1,2730,5833,Eukaryota;Arthropoda;Insecta;Orthoptera;Gryllidae;Gryllus;Gryllus bimaculatus;unclassified Gryllus bimaculatus subspecies/strain
10000,0.0007722007722007722,9.320359393058196e-06,0.0007722007722007722,0.00017143836790673754,1.0,1.0,0.0,/group/ctbrowngrp5/sourmash-db.new/ncbi-euks-2025.01/ncbi-euks-all-2025.01-k51.dna.rocksdb,GCF_000695195.1 Macqueen's bustard (Chlamydotis macqueenii),39a1c1b661e1b3f3987e39cce33c9def,9.320359393058196e-06,10000,189,7850000,outputs.mapping/bams.cds.rand/SRR14369134.x.s__Holdemanella porci.fastq.gz,SRR14369134.x.s__Holdemanella porci,91158d62,12950000,51,DNA,10000,1295,True,0.8689106145787899,0.7968221988412516,0.8328664067100208,0.8689106145787899,True,1,2731,5833,Eukaryota;Chordata;Aves;Otidiformes;Otididae;Chlamydotis;Chlamydotis macqueenii;unclassified Chlamydotis macqueenii subspecies/strain
20000,0.0015444015444015444,4.8016210272588025e-06,0.0007722007722007722,0.00017143836790673754,1.0,1.0,0.0,/group/ctbrowngrp5/sourmash-db.new/ncbi-euks-2025.01/ncbi-euks-all-2025.01-k51.dna.rocksdb,GCA_019844195.1 mesic four-striped grass rat (Rhabdomys dilectus),2d280d39940699b8a3533bfa2b9ccf28,9.603242054517605e-06,10000,190,7840000,outputs.mapping/bams.cds.rand/SRR14369134.x.s__Holdemanella porci.fastq.gz,SRR14369134.x.s__Holdemanella porci,91158d62,12950000,51,DNA,10000,1295,True,0.8808007008180095,0.7972894855687621,0.8390450931933858,0.8808007008180095,True,1,2732,5833,Eukaryota;Chordata;Mammalia;Rodentia;Muridae;Rhabdomys;Rhabdomys dilectus;unclassified Rhabdomys dilectus subspecies/strain
390000,0.030115830115830116,4.306724951011004e-06,0.0007722007722007722,0.00017143836790673754,1.0,1.0,0.0,/group/ctbrowngrp5/sourmash-db.new/ncbi-euks-2025.01/ncbi-euks-all-2025.01-k51.dna.rocksdb,GCF_016906955.1 Common warthog (Phacochoerus africanus),f5c408ffac8dbe14cbc168d5bd65367b,0.00016796227308942915,10000,191,7830000,outputs.mapping/bams.cds.rand/SRR14369134.x.s__Holdemanella porci.fastq.gz,SRR14369134.x.s__Holdemanella porci,91158d62,12950000,51,DNA,10000,1295,True,0.9336249470496653,0.8433047450434433,0.8884648460465543,0.9336249470496653,False,1,2733,5833,Eukaryota;Chordata;Mammalia;Artiodactyla;Suidae;Phacochoerus;Phacochoerus africanus;unclassified Phacochoerus africanus subspecies/strain
690000,0.05328185328185328,4.313598619648442e-06,0.0007722007722007722,0.00017143836790673754,1.0,1.0,0.0,/group/ctbrowngrp5/sourmash-db.new/ncbi-euks-2025.01/ncbi-euks-all-2025.01-k51.dna.rocksdb,GCA_905335845.1 Visayan warty pig (Sus cebifrons),e9ee0dbbf165d1d6b656319badbdd6da,0.0002976383047557425,10000,192,7820000,outputs.mapping/bams.cds.rand/SRR14369134.x.s__Holdemanella porci.fastq.gz,SRR14369134.x.s__Holdemanella porci,91158d62,12950000,51,DNA,10000,1295,True,0.9441281943734495,0.8528185603576893,0.8984733773655694,0.9441281943734495,False,1,2734,5833,Eukaryota;Chordata;Mammalia;Artiodactyla;Suidae;Sus;Sus cebifrons;unclassified Sus cebifrons subspecies/strain
