intersect_bp,f_orig_query,f_match,f_unique_to_query,f_unique_weighted,average_abund,median_abund,std_abund,filename,name,md5,f_match_orig,unique_intersect_bp,gather_result_rank,remaining_bp,query_filename,query_name,query_md5,query_bp,ksize,moltype,scaled,query_n_hashes,query_abundance,query_containment_ani,match_containment_ani,average_containment_ani,max_containment_ani,potential_false_negative,n_unique_weighted_found,sum_weighted_found,total_weighted_hashes,lineage
200000,0.0128783000643915,0.04962779156327544,0.0128783000643915,0.0074045206547155105,4.75,2.0,8.791330957255562,/group/ctbrowngrp5/sourmash-db.new/gtdb-rs226/gtdb-rs226-k51.dna.rocksdb,GCA_022782205.1 Lachnospiraceae bacterium,5d1fe08c84b2c770dab5488addf16ba5,0.04962779156327544,200000,0,15330000,outputs.mapping/bams.cds.rand/SRR5976181.x.s__JALFVM01 sp022787145.fastq.gz,SRR5976181.x.s__JALFVM01 sp022787145,13f540bc,15530000,51,DNA,10000,1553,True,0.9182023559227985,0.9428139057654302,0.9305081308441143,0.9428139057654302,False,95,95,12830,d__Bacteria;p__Bacillota;c__Clostridia;o__Lachnospirales;f__Lachnospiraceae;g__Oliverpabstia;s__Oliverpabstia sp004556655
190000,0.012234385061171926,0.060714285714285714,0.010946555054732776,0.0102883865939205,7.764705882352941,3.0,9.1299726935015,/group/ctbrowngrp5/sourmash-db.new/gtdb-rs226/gtdb-rs226-k51.dna.rocksdb,GCA_946055295.1 uncultured Lachnospiraceae bacterium,f8fb263de90251262e89cbe7b29cbbba,0.06785714285714285,170000,1,15160000,outputs.mapping/bams.cds.rand/SRR5976181.x.s__JALFVM01 sp022787145.fastq.gz,SRR5976181.x.s__JALFVM01 sp022787145,13f540bc,15530000,51,DNA,10000,1553,True,0.9172793373453514,0.9486152654863463,0.9329473014158489,0.9486152654863463,False,132,227,12830,d__Bacteria;p__Bacillota;c__Clostridia;o__Lachnospirales;f__Lachnospiraceae;g__Suilimivivens;s__Suilimivivens sp018384375
150000,0.009658725048293626,0.04076086956521739,0.009658725048293626,0.03858144972720187,33.0,3.0,56.985378241557136,/group/ctbrowngrp5/sourmash-db.new/gtdb-rs226/gtdb-rs226-k51.dna.rocksdb,GCF_001461035.1 Acetivibrio ethanolgignens,2c87d6e0353c52133f9d0ebfd5aafc8e,0.04076086956521739,150000,2,15010000,outputs.mapping/bams.cds.rand/SRR5976181.x.s__JALFVM01 sp022787145.fastq.gz,SRR5976181.x.s__JALFVM01 sp022787145,13f540bc,15530000,51,DNA,10000,1553,True,0.913037517833059,0.9391822398638213,0.9261098788484401,0.9391822398638213,False,495,722,12830,d__Bacteria;p__Bacillota;c__Clostridia;o__Lachnospirales;f__Lachnospiraceae;g__Velocimicrobium;s__Velocimicrobium ethanolgignens
120000,0.0077269800386349004,0.037037037037037035,0.0077269800386349004,0.002572096648480125,2.75,1.5,2.8613807855648994,/group/ctbrowngrp5/sourmash-db.new/gtdb-rs226/gtdb-rs226-k51.dna.rocksdb,GCA_034115705.1 Lachnospiraceae bacterium,5164d208e4d209cf107bbe1e3bd2ae80,0.037037037037037035,120000,3,14890000,outputs.mapping/bams.cds.rand/SRR5976181.x.s__JALFVM01 sp022787145.fastq.gz,SRR5976181.x.s__JALFVM01 sp022787145,13f540bc,15530000,51,DNA,10000,1553,True,0.9090513733491971,0.9374196305041738,0.9232355019266854,0.9374196305041738,False,33,755,12830,d__Bacteria;p__Bacillota;c__Clostridia;o__Lachnospirales;f__Lachnospiraceae;g__JALFVM01;s__JALFVM01 sp022787145
130000,0.008370895041854474,0.038461538461538464,0.0077269800386349004,0.019719407638347623,21.083333333333332,6.0,33.61908766691261,/group/ctbrowngrp5/sourmash-db.new/gtdb-rs226/gtdb-rs226-k51.dna.rocksdb,GCF_003480955.1 Clostridium sp. AM27-28,7adba5c506026a35c8b802f2caf18efd,0.041666666666666664,120000,4,14770000,outputs.mapping/bams.cds.rand/SRR5976181.x.s__JALFVM01 sp022787145.fastq.gz,SRR5976181.x.s__JALFVM01 sp022787145,13f540bc,15530000,51,DNA,10000,1553,True,0.9104792177149648,0.9395870760883538,0.9250331469016593,0.9395870760883538,False,253,1008,12830,d__Bacteria;p__Bacillota;c__Clostridia;o__Lachnospirales;f__Lachnospiraceae;g__Otoolea;s__Otoolea fessa
140000,0.00901481004507405,0.026865671641791045,0.005795235028976175,0.047700701480904134,68.0,6.0,134.27914539826685,/group/ctbrowngrp5/sourmash-db.new/gtdb-rs226/gtdb-rs226-k51.dna.rocksdb,GCA_963558015.1 uncultured Acetatifactor sp.,c4b24070efc5d3de83ee68bb02d1dae6,0.041791044776119404,90000,5,14680000,outputs.mapping/bams.cds.rand/SRR5976181.x.s__JALFVM01 sp022787145.fastq.gz,SRR5976181.x.s__JALFVM01 sp022787145,13f540bc,15530000,51,DNA,10000,1553,True,0.9118031944845449,0.9396419906278898,0.9257225925562174,0.9396419906278898,False,612,1620,12830,d__Bacteria;p__Bacillota;c__Clostridia;o__Lachnospirales;f__Lachnospiraceae;g__Acetatifactor;s__Acetatifactor sp945929965
110000,0.0070830650354153256,0.01768172888015717,0.005795235028976175,0.009508963367108339,13.555555555555555,3.0,29.166613756565766,/group/ctbrowngrp5/sourmash-db.new/gtdb-rs226/gtdb-rs226-k51.dna.rocksdb,GCF_013304225.1 Enterocloster clostridioformis,983898dee12bf2c9824110005ee32f06,0.021611001964636542,90000,6,14590000,outputs.mapping/bams.cds.rand/SRR5976181.x.s__JALFVM01 sp022787145.fastq.gz,SRR5976181.x.s__JALFVM01 sp022787145,13f540bc,15530000,51,DNA,10000,1553,True,0.9075017581432582,0.9275697281749615,0.9175357431591098,0.9275697281749615,False,122,1742,12830,d__Bacteria;p__Bacillota;c__Clostridia;o__Lachnospirales;f__Lachnospiraceae;g__Enterocloster;s__Enterocloster clostridioformis
110000,0.0070830650354153256,0.039301310043668124,0.005795235028976175,0.0018706157443491816,2.6666666666666665,1.0,2.3570226039551585,/group/ctbrowngrp5/sourmash-db.new/gtdb-rs226/gtdb-rs226-k51.dna.rocksdb,GCA_034171565.1 Bariatricus sp.,4ec87acad20ef2555254de0e78e21518,0.048034934497816595,90000,7,14500000,outputs.mapping/bams.cds.rand/SRR5976181.x.s__JALFVM01 sp022787145.fastq.gz,SRR5976181.x.s__JALFVM01 sp022787145,13f540bc,15530000,51,DNA,10000,1553,True,0.9075017581432582,0.9422110222853151,0.9248563902142866,0.9422110222853151,False,24,1766,12830,d__Bacteria;p__Bacillota;c__Clostridia;o__Lachnospirales;f__Lachnospiraceae;g__Bariatricus;s__Bariatricus sp004560705
110000,0.0070830650354153256,0.024539877300613498,0.0051513200257566,0.08371005455962588,134.25,6.5,232.42834917453592,/group/ctbrowngrp5/sourmash-db.new/gtdb-rs226/gtdb-rs226-k51.dna.rocksdb,GCF_040929905.1 Anaerotruncus rubiinfantis,a6b3d7ef2a2af161de14f10a3e9765fd,0.03374233128834356,80000,8,14420000,outputs.mapping/bams.cds.rand/SRR5976181.x.s__JALFVM01 sp022787145.fastq.gz,SRR5976181.x.s__JALFVM01 sp022787145,13f540bc,15530000,51,DNA,10000,1553,True,0.9075017581432582,0.9357087441233306,0.9216052511332944,0.9357087441233306,False,1074,2840,12830,d__Bacteria;p__Bacillota;c__Clostridia;o__Oscillospirales;f__Ruminococcaceae;g__Anaerotruncus;s__Anaerotruncus rubiinfantis
170000,0.010946555054732776,0.021164021164021163,0.0051513200257566,0.0026500389711613405,4.25,2.5,4.683748498798798,/group/ctbrowngrp5/sourmash-db.new/gtdb-rs226/gtdb-rs226-k51.dna.rocksdb,GCF_040096555.1 Coprococcus intestinihominis,b0eaca5ba589f9715c39079e7665ea4d,0.04497354497354497,80000,9,14340000,outputs.mapping/bams.cds.rand/SRR5976181.x.s__JALFVM01 sp022787145.fastq.gz,SRR5976181.x.s__JALFVM01 sp022787145,13f540bc,15530000,51,DNA,10000,1553,True,0.9152810274466944,0.9409951706098173,0.9281380990282558,0.9409951706098173,False,34,2874,12830,d__Bacteria;p__Bacillota;c__Clostridia;o__Lachnospirales;f__Lachnospiraceae;g__Coprococcus_A;s__Coprococcus_A intestinihominis
120000,0.0077269800386349004,0.015765765765765764,0.004507405022537025,0.004910366328916602,9.0,2.0,12.375090187261552,/group/ctbrowngrp5/sourmash-db.new/gtdb-rs226/gtdb-rs226-k51.dna.rocksdb,GCF_020731525.1 Roseburia inulinivorans DSM 16841,b1e9f68d57ff5c0cb20a4cb3ad79b686,0.02702702702702703,70000,10,14270000,outputs.mapping/bams.cds.rand/SRR5976181.x.s__JALFVM01 sp022787145.fastq.gz,SRR5976181.x.s__JALFVM01 sp022787145,13f540bc,15530000,51,DNA,10000,1553,True,0.9090513733491971,0.9316460491565735,0.9203487112528852,0.9316460491565735,False,63,2937,12830,d__Bacteria;p__Bacillota;c__Clostridia;o__Lachnospirales;f__Lachnospiraceae;g__Roseburia;s__Roseburia inulinivorans
70000,0.004507405022537025,0.02491103202846975,0.004507405022537025,0.0011691348402182386,2.142857142857143,1.0,1.7261494247992246,/group/ctbrowngrp5/sourmash-db.new/gtdb-rs226/gtdb-rs226-k51.dna.rocksdb,GCA_945939025.1 uncultured bacterium,dad96407fecce8f8a4feb577cbbf7ccd,0.02491103202846975,70000,11,14200000,outputs.mapping/bams.cds.rand/SRR5976181.x.s__JALFVM01 sp022787145.fastq.gz,SRR5976181.x.s__JALFVM01 sp022787145,13f540bc,15530000,51,DNA,10000,1553,True,0.8994946000368468,0.9301579459068241,0.9148262729718355,0.9301579459068241,False,15,2952,12830,d__Bacteria;p__Bacillota;c__Clostridia;o__Lachnospirales;f__Lachnospiraceae;g__W0P33-017;s__W0P33-017 sp022768825
120000,0.0077269800386349004,0.017241379310344827,0.004507405022537025,0.004988308651597818,9.142857142857142,8.0,7.199773239059516,/group/ctbrowngrp5/sourmash-db.new/gtdb-rs226/gtdb-rs226-k51.dna.rocksdb,GCA_004562915.1 bacterium,d96ecbfc025f2a4a4d374ec049847024,0.029556650246305417,70000,12,14130000,outputs.mapping/bams.cds.rand/SRR5976181.x.s__JALFVM01 sp022787145.fastq.gz,SRR5976181.x.s__JALFVM01 sp022787145,13f540bc,15530000,51,DNA,10000,1553,True,0.9090513733491971,0.9332819087426131,0.9211666410459051,0.9332819087426131,False,64,3016,12830,d__Bacteria;p__Bacillota;c__Clostridia;o__Lachnospirales;f__Lachnospiraceae;g__Oliverpabstia;s__Oliverpabstia sp004562915
70000,0.004507405022537025,0.03125,0.004507405022537025,0.00436477007014809,8.0,2.0,9.396047801374484,/group/ctbrowngrp5/sourmash-db.new/gtdb-rs226/gtdb-rs226-k51.dna.rocksdb,GCA_945868435.1 uncultured Lachnospiraceae bacterium,531bbdb6d68dad49e318688bbf3f99ec,0.03125,70000,13,14060000,outputs.mapping/bams.cds.rand/SRR5976181.x.s__JALFVM01 sp022787145.fastq.gz,SRR5976181.x.s__JALFVM01 sp022787145,13f540bc,15530000,51,DNA,10000,1553,True,0.8994946000368468,0.9343019501159521,0.9168982750763994,0.9343019501159521,False,56,3072,12830,d__Bacteria;p__Bacillota;c__Clostridia;o__Lachnospirales;f__Lachnospiraceae;g__Agathobacter;s__Agathobacter sp945868435
60000,0.0038634900193174502,0.0160857908847185,0.0038634900193174502,0.31948558067030397,683.1666666666666,16.5,1496.3429215553797,/group/ctbrowngrp5/sourmash-db.new/gtdb-rs226/gtdb-rs226-k51.dna.rocksdb,GCF_003468525.1 Prevotella sp. AM34-19LB,5475600e57093b289f3e8df9b0a4a4b9,0.0160857908847185,60000,14,14000000,outputs.mapping/bams.cds.rand/SRR5976181.x.s__JALFVM01 sp022787145.fastq.gz,SRR5976181.x.s__JALFVM01 sp022787145,13f540bc,15530000,51,DNA,10000,1553,True,0.8967799262273172,0.9222150477012202,0.9094974869642687,0.9222150477012202,True,4099,7171,12830,d__Bacteria;p__Bacteroidota;c__Bacteroidia;o__Bacteroidales;f__Bacteroidaceae;g__Prevotella;s__Prevotella sp900557035
60000,0.0038634900193174502,0.015306122448979591,0.0038634900193174502,0.04996102883865939,106.83333333333333,22.0,162.80603660661836,/group/ctbrowngrp5/sourmash-db.new/gtdb-rs226/gtdb-rs226-k51.dna.rocksdb,GCA_034116325.1 Prevotella sp.,e4dc07bb9206f79f367a8777c6d769f4,0.015306122448979591,60000,15,13940000,outputs.mapping/bams.cds.rand/SRR5976181.x.s__JALFVM01 sp022787145.fastq.gz,SRR5976181.x.s__JALFVM01 sp022787145,13f540bc,15530000,51,DNA,10000,1553,True,0.8967799262273172,0.9213170773690638,0.9090485017981904,0.9213170773690638,True,641,7812,12830,d__Bacteria;p__Bacteroidota;c__Bacteroidia;o__Bacteroidales;f__Bacteroidaceae;g__Prevotella;s__Prevotella sp022764085
80000,0.0051513200257566,0.025423728813559324,0.0038634900193174502,0.02299298519095869,49.166666666666664,11.5,61.012066201877005,/group/ctbrowngrp5/sourmash-db.new/gtdb-rs226/gtdb-rs226-k51.dna.rocksdb,GCA_022775645.1 Lachnospiraceae bacterium,737b1838efa2bfb429f3f0316c003db1,0.03389830508474576,60000,16,13880000,outputs.mapping/bams.cds.rand/SRR5976181.x.s__JALFVM01 sp022787145.fastq.gz,SRR5976181.x.s__JALFVM01 sp022787145,13f540bc,15530000,51,DNA,10000,1553,True,0.9018527989522904,0.935793362535524,0.9188230807439073,0.935793362535524,False,295,8107,12830,d__Bacteria;p__Bacillota;c__Clostridia;o__Lachnospirales;f__Lachnospiraceae;g__UBA2868;s__UBA2868 sp004552595
60000,0.0038634900193174502,0.03,0.0038634900193174502,0.007014809041309431,15.0,2.5,28.629821282478634,/group/ctbrowngrp5/sourmash-db.new/gtdb-rs226/gtdb-rs226-k51.dna.rocksdb,GCA_945871235.1 uncultured Lachnospiraceae bacterium,f2a18bd1511953c83b21eafacfe0efba,0.03,60000,17,13820000,outputs.mapping/bams.cds.rand/SRR5976181.x.s__JALFVM01 sp022787145.fastq.gz,SRR5976181.x.s__JALFVM01 sp022787145,13f540bc,15530000,51,DNA,10000,1553,True,0.8967799262273172,0.9335544048432487,0.9151671655352829,0.9335544048432487,True,90,8197,12830,d__Bacteria;p__Bacillota;c__Clostridia;o__Lachnospirales;f__Lachnospiraceae;g__Colinaster;s__Colinaster sp900766815
110000,0.0070830650354153256,0.016,0.0038634900193174502,0.009976617303195635,21.333333333333332,1.0,44.13867037216031,/group/ctbrowngrp5/sourmash-db.new/gtdb-rs226/gtdb-rs226-k51.dna.rocksdb,GCA_022764165.1 Eubacterium sp.,86b632b7ed836955f537e7b9656a4752,0.029333333333333333,60000,18,13760000,outputs.mapping/bams.cds.rand/SRR5976181.x.s__JALFVM01 sp022787145.fastq.gz,SRR5976181.x.s__JALFVM01 sp022787145,13f540bc,15530000,51,DNA,10000,1553,True,0.9075017581432582,0.9331431300987059,0.9203224441209821,0.9331431300987059,False,128,8325,12830,d__Bacteria;p__Bacillota;c__Clostridia;o__Lachnospirales;f__Lachnospiraceae;g__Oliverpabstia;s__Oliverpabstia sp022764165
80000,0.0051513200257566,0.017142857142857144,0.0038634900193174502,0.0012470771628994544,2.6666666666666665,3.0,0.9428090415820634,/group/ctbrowngrp5/sourmash-db.new/gtdb-rs226/gtdb-rs226-k51.dna.rocksdb,GCA_027669665.1 Lachnospiraceae bacterium AM46-1BH,0ee900a9beff528cead8a9bf84ee7e9c,0.022857142857142857,60000,19,13700000,outputs.mapping/bams.cds.rand/SRR5976181.x.s__JALFVM01 sp022787145.fastq.gz,SRR5976181.x.s__JALFVM01 sp022787145,13f540bc,15530000,51,DNA,10000,1553,True,0.9018527989522904,0.9285899085472914,0.9152213537497909,0.9285899085472914,False,16,8341,12830,d__Bacteria;p__Bacillota;c__Clostridia;o__Lachnospirales;f__Lachnospiraceae;g__Pilosibacter;s__Pilosibacter sp900066055
100000,0.00643915003219575,0.025210084033613446,0.0038634900193174502,0.0013250194855806703,2.8333333333333335,2.0,2.4094720491334933,/group/ctbrowngrp5/sourmash-db.new/gtdb-rs226/gtdb-rs226-k51.dna.rocksdb,GCF_016298055.1 Frisingicoccus sp.,93f52de340650de3f276f1f646267a5d,0.04201680672268908,60000,20,13640000,outputs.mapping/bams.cds.rand/SRR5976181.x.s__JALFVM01 sp022787145.fastq.gz,SRR5976181.x.s__JALFVM01 sp022787145,13f540bc,15530000,51,DNA,10000,1553,True,0.905807378050009,0.9397412593107872,0.922774318680398,0.9397412593107872,False,17,8358,12830,d__Bacteria;p__Bacillota;c__Clostridia;o__Lachnospirales;f__Lachnospiraceae;g__Frisingicoccus;s__Frisingicoccus sp016298055
70000,0.004507405022537025,0.011363636363636364,0.003219575016097875,0.0017926734216679658,4.6,4.0,3.8781438859330635,/group/ctbrowngrp5/sourmash-db.new/gtdb-rs226/gtdb-rs226-k51.dna.rocksdb,GCF_000169255.2 Pseudoflavonifractor capillosus ATCC 29799,d4725743bf7377b9b1586882d9ae2d62,0.015909090909090907,50000,21,13590000,outputs.mapping/bams.cds.rand/SRR5976181.x.s__JALFVM01 sp022787145.fastq.gz,SRR5976181.x.s__JALFVM01 sp022787145,13f540bc,15530000,51,DNA,10000,1553,True,0.8994946000368468,0.9220153351360731,0.9107549675864599,0.9220153351360731,False,23,8381,12830,d__Bacteria;p__Bacillota;c__Clostridia;o__Oscillospirales;f__Oscillospiraceae;g__Pseudoflavonifractor;s__Pseudoflavonifractor capillosus
60000,0.0038634900193174502,0.016891891891891893,0.003219575016097875,0.0013250194855806703,3.4,3.0,1.3564659966250538,/group/ctbrowngrp5/sourmash-db.new/gtdb-rs226/gtdb-rs226-k51.dna.rocksdb,GCF_009695765.1 Roseburia porci,b3095a4628d275f2e4de918dfc374c99,0.02027027027027027,50000,22,13540000,outputs.mapping/bams.cds.rand/SRR5976181.x.s__JALFVM01 sp022787145.fastq.gz,SRR5976181.x.s__JALFVM01 sp022787145,13f540bc,15530000,51,DNA,10000,1553,True,0.8967799262273172,0.9264055910268365,0.9115927586270769,0.9264055910268365,True,17,8398,12830,d__Bacteria;p__Bacillota;c__Clostridia;o__Lachnospirales;f__Lachnospiraceae;g__Roseburia_A;s__Roseburia_A porci
50000,0.003219575016097875,0.015015015015015015,0.003219575016097875,0.0009353078721745908,2.4,2.0,1.019803902718557,/group/ctbrowngrp5/sourmash-db.new/gtdb-rs226/gtdb-rs226-k51.dna.rocksdb,GCA_945919795.1 uncultured Lachnospiraceae bacterium,686c86d8953ad61d27f058f6b399653c,0.015015015015015015,50000,23,13490000,outputs.mapping/bams.cds.rand/SRR5976181.x.s__JALFVM01 sp022787145.fastq.gz,SRR5976181.x.s__JALFVM01 sp022787145,13f540bc,15530000,51,DNA,10000,1553,True,0.893579722201037,0.9209702540137384,0.9072749881073877,0.9209702540137384,True,12,8410,12830,d__Bacteria;p__Bacillota;c__Clostridia;o__Lachnospirales;f__Lachnospiraceae;g__UBA2882;s__UBA2882 sp945919795
80000,0.0051513200257566,0.027932960893854747,0.003219575016097875,0.0019485580670303975,5.0,6.0,2.1908902300206643,/group/ctbrowngrp5/sourmash-db.new/gtdb-rs226/gtdb-rs226-k51.dna.rocksdb,GCA_945917815.1 uncultured Clostridia bacterium,21978f00bce7592dfabe68c0ee2a17f1,0.0446927374301676,50000,24,13440000,outputs.mapping/bams.cds.rand/SRR5976181.x.s__JALFVM01 sp022787145.fastq.gz,SRR5976181.x.s__JALFVM01 sp022787145,13f540bc,15530000,51,DNA,10000,1553,True,0.9018527989522904,0.9408796121960249,0.9213662055741576,0.9408796121960249,False,25,8435,12830,d__Bacteria;p__Bacillota;c__Clostridia;o__Christensenellales;f__CAG-138;g__SFDB01;s__SFDB01 sp004558825
110000,0.0070830650354153256,0.012531328320802004,0.003219575016097875,0.007248636009353078,18.6,9.0,18.906083676954356,/group/ctbrowngrp5/sourmash-db.new/gtdb-rs226/gtdb-rs226-k51.dna.rocksdb,GCA_902385435.1 Oscillospiraceae bacterium,4db09cf07e30a57f38626a68f81e6630,0.02756892230576441,50000,25,13390000,outputs.mapping/bams.cds.rand/SRR5976181.x.s__JALFVM01 sp022787145.fastq.gz,SRR5976181.x.s__JALFVM01 sp022787145,13f540bc,15530000,51,DNA,10000,1553,True,0.9075017581432582,0.9320087633088491,0.9197552607260536,0.9320087633088491,False,93,8528,12830,d__Bacteria;p__Bacillota;c__Clostridia;o__Lachnospirales;f__Lachnospiraceae;g__Sellimonas;s__Sellimonas catena
60000,0.0038634900193174502,0.013422818791946308,0.0025756600128783,0.0035074045206547155,11.25,11.0,8.926785535678562,/group/ctbrowngrp5/sourmash-db.new/gtdb-rs226/gtdb-rs226-k51.dna.rocksdb,GCA_021531195.1 Xylanibacter brevis,0dfb71efc6b6aab26f5e21fb08385525,0.020134228187919462,40000,26,13350000,outputs.mapping/bams.cds.rand/SRR5976181.x.s__JALFVM01 sp022787145.fastq.gz,SRR5976181.x.s__JALFVM01 sp022787145,13f540bc,15530000,51,DNA,10000,1553,True,0.8967799262273172,0.9262832766499852,0.9115316014386512,0.9262832766499852,True,45,8573,12830,d__Bacteria;p__Bacteroidota;c__Bacteroidia;o__Bacteroidales;f__Bacteroidaceae;g__Prevotella;s__Prevotella sp002251295
70000,0.004507405022537025,0.015810276679841896,0.0025756600128783,0.0056118472330475445,18.0,9.5,20.627651344736268,/group/ctbrowngrp5/sourmash-db.new/gtdb-rs226/gtdb-rs226-k51.dna.rocksdb,GCF_003435415.1 Faecalicoccus pleomorphus,8c1715b0824d8b3e115ca7dbb1d46701,0.02766798418972332,40000,27,13310000,outputs.mapping/bams.cds.rand/SRR5976181.x.s__JALFVM01 sp022787145.fastq.gz,SRR5976181.x.s__JALFVM01 sp022787145,13f540bc,15530000,51,DNA,10000,1553,True,0.8994946000368468,0.932074313322716,0.9157844566797814,0.932074313322716,False,72,8645,12830,d__Bacteria;p__Bacillota;c__Bacilli;o__Erysipelotrichales;f__Erysipelotrichaceae;g__Faecalicoccus;s__Faecalicoccus sp900546545
100000,0.00643915003219575,0.015151515151515152,0.0025756600128783,0.003351519875292284,10.75,2.5,15.20485119953497,/group/ctbrowngrp5/sourmash-db.new/gtdb-rs226/gtdb-rs226-k51.dna.rocksdb,GCF_000765235.1 Oscillibacter sp. ER4,b86d494b379656b1b7a7b4d8bf763e29,0.03787878787878788,40000,28,13270000,outputs.mapping/bams.cds.rand/SRR5976181.x.s__JALFVM01 sp022787145.fastq.gz,SRR5976181.x.s__JALFVM01 sp022787145,13f540bc,15530000,51,DNA,10000,1553,True,0.905807378050009,0.9378327900791945,0.9218200840646018,0.9378327900791945,False,43,8688,12830,d__Bacteria;p__Bacillota;c__Clostridia;o__Oscillospirales;f__Oscillospiraceae;g__Hominicoprocola;s__Hominicoprocola fusiformis
40000,0.0025756600128783,0.01532567049808429,0.0025756600128783,0.0010911925175370225,3.5,3.5,2.0615528128088303,/group/ctbrowngrp5/sourmash-db.new/gtdb-rs226/gtdb-rs226-k51.dna.rocksdb,GCA_022787405.1 Bacillota bacterium,c434930ebfcc110ce818ba51905c9e2e,0.01532567049808429,40000,29,13230000,outputs.mapping/bams.cds.rand/SRR5976181.x.s__JALFVM01 sp022787145.fastq.gz,SRR5976181.x.s__JALFVM01 sp022787145,13f540bc,15530000,51,DNA,10000,1553,True,0.889678526674049,0.9213401345091207,0.9055093305915849,0.9213401345091207,True,14,8702,12830,d__Bacteria;p__Bacillota;c__Clostridia;o__Peptostreptococcales;f__Anaerovoracaceae;g__CAG-238;s__CAG-238 sp022787405
80000,0.0051513200257566,0.009900990099009901,0.0025756600128783,0.0018706157443491816,6.0,6.0,3.0,/group/ctbrowngrp5/sourmash-db.new/gtdb-rs226/gtdb-rs226-k51.dna.rocksdb,GCA_022775705.1 Eubacterium sp.,895622936599ee0e13c179c7da9ce09a,0.019801980198019802,40000,30,13190000,outputs.mapping/bams.cds.rand/SRR5976181.x.s__JALFVM01 sp022787145.fastq.gz,SRR5976181.x.s__JALFVM01 sp022787145,13f540bc,15530000,51,DNA,10000,1553,True,0.9018527989522904,0.9259811156908632,0.9139169573215769,0.9259811156908632,False,24,8726,12830,d__Bacteria;p__Bacillota;c__Clostridia;o__Lachnospirales;f__Lachnospiraceae;g__Oliverpabstia;s__Oliverpabstia sp022764165
90000,0.005795235028976175,0.01509433962264151,0.0025756600128783,0.0011691348402182386,3.75,1.0,4.763139720814412,/group/ctbrowngrp5/sourmash-db.new/gtdb-rs226/gtdb-rs226-k51.dna.rocksdb,GCA_022782345.1 Lachnospiraceae bacterium,4dd2cb8745c0d2cd66e5d952d88ce9ec,0.033962264150943396,40000,31,13150000,outputs.mapping/bams.cds.rand/SRR5976181.x.s__JALFVM01 sp022787145.fastq.gz,SRR5976181.x.s__JALFVM01 sp022787145,13f540bc,15530000,51,DNA,10000,1553,True,0.9039380090365066,0.9358279511010213,0.919882980068764,0.9358279511010213,False,15,8741,12830,d__Bacteria;p__Bacillota;c__Clostridia;o__Lachnospirales;f__Lachnospiraceae;g__Suilimivivens;s__Suilimivivens sp017622575
90000,0.005795235028976175,0.014134275618374558,0.0025756600128783,0.002260327357755261,7.25,5.5,6.417748826496718,/group/ctbrowngrp5/sourmash-db.new/gtdb-rs226/gtdb-rs226-k51.dna.rocksdb,GCA_945830865.1 uncultured Lachnospiraceae bacterium,0e91b3bce485f196b8e242abece6f8c8,0.03180212014134275,40000,32,13110000,outputs.mapping/bams.cds.rand/SRR5976181.x.s__JALFVM01 sp022787145.fastq.gz,SRR5976181.x.s__JALFVM01 sp022787145,13f540bc,15530000,51,DNA,10000,1553,True,0.9039380090365066,0.9346228478443842,0.9192804284404454,0.9346228478443842,False,29,8770,12830,d__Bacteria;p__Bacillota;c__Clostridia;o__Lachnospirales;f__Lachnospiraceae;g__Suilimivivens;s__Suilimivivens sp018384375
40000,0.0025756600128783,0.012698412698412698,0.0025756600128783,0.003897116134060795,12.5,10.5,10.062305898749054,/group/ctbrowngrp5/sourmash-db.new/gtdb-rs226/gtdb-rs226-k51.dna.rocksdb,GCA_946405505.1 uncultured Prevotella sp.,ecd9d9963770f31c373de76e87330fb1,0.012698412698412698,40000,33,13070000,outputs.mapping/bams.cds.rand/SRR5976181.x.s__JALFVM01 sp022787145.fastq.gz,SRR5976181.x.s__JALFVM01 sp022787145,13f540bc,15530000,51,DNA,10000,1553,True,0.889678526674049,0.9179491339265763,0.9038138303003127,0.9179491339265763,True,50,8820,12830,d__Bacteria;p__Bacteroidota;c__Bacteroidia;o__Bacteroidales;f__Bacteroidaceae;g__Prevotella;s__Prevotella sp022771625
50000,0.003219575016097875,0.01509433962264151,0.0025756600128783,0.003819173811379579,12.25,9.0,9.832980219648569,/group/ctbrowngrp5/sourmash-db.new/gtdb-rs226/gtdb-rs226-k51.dna.rocksdb,GCA_004555965.1 Clostridiales bacterium,a221d5b664f7e8efb223b2cf126ca5be,0.018867924528301886,40000,34,13030000,outputs.mapping/bams.cds.rand/SRR5976181.x.s__JALFVM01 sp022787145.fastq.gz,SRR5976181.x.s__JALFVM01 sp022787145,13f540bc,15530000,51,DNA,10000,1553,True,0.893579722201037,0.9251042352607212,0.9093419787308791,0.9251042352607212,True,49,8869,12830,d__Bacteria;p__Bacillota;c__Clostridia;o__Oscillospirales;f__Butyricicoccaceae;g__Butyricicoccus_A;s__Butyricicoccus_A porcorum
30000,0.0019317450096587251,0.012396694214876033,0.0019317450096587251,0.0004676539360872954,2.0,2.0,0.0,/group/ctbrowngrp5/sourmash-db.new/gtdb-rs226/gtdb-rs226-k51.dna.rocksdb,GCA_034180845.1 Acetatifactor sp.,31e44902e35aa180bcefd2555396654b,0.012396694214876033,30000,35,13000000,outputs.mapping/bams.cds.rand/SRR5976181.x.s__JALFVM01 sp022787145.fastq.gz,SRR5976181.x.s__JALFVM01 sp022787145,13f540bc,15530000,51,DNA,10000,1553,True,0.884674133565548,0.9175164110597289,0.9010952723126384,0.9175164110597289,True,6,8875,12830,d__Bacteria;p__Bacillota;c__Clostridia;o__Lachnospirales;f__Lachnospiraceae;g__Acetatifactor;s__Acetatifactor sp945485625
30000,0.0019317450096587251,0.014634146341463415,0.0019317450096587251,0.0008573655494933749,3.6666666666666665,5.0,1.8856180831641267,/group/ctbrowngrp5/sourmash-db.new/gtdb-rs226/gtdb-rs226-k51.dna.rocksdb,GCF_021531795.1 Lacrimispora saccharolytica,b9f95aaa82634ee90dd5ff5803ed0dee,0.014634146341463415,30000,36,12970000,outputs.mapping/bams.cds.rand/SRR5976181.x.s__JALFVM01 sp022787145.fastq.gz,SRR5976181.x.s__JALFVM01 sp022787145,13f540bc,15530000,51,DNA,10000,1553,True,0.884674133565548,0.9205063984590509,0.9025902660122995,0.9205063984590509,True,11,8886,12830,d__Bacteria;p__Bacillota;c__Clostridia;o__Lachnospirales;f__Lachnospiraceae;g__Colinaster;s__Colinaster sp018056665
40000,0.0025756600128783,0.007874015748031496,0.0019317450096587251,0.0003117692907248636,1.3333333333333333,1.0,0.4714045207910317,/group/ctbrowngrp5/sourmash-db.new/gtdb-rs226/gtdb-rs226-k51.dna.rocksdb,GCA_022771935.1 bacterium,46b1c2d1d8bb09a95671470ba00d748b,0.010498687664041995,30000,37,12940000,outputs.mapping/bams.cds.rand/SRR5976181.x.s__JALFVM01 sp022787145.fastq.gz,SRR5976181.x.s__JALFVM01 sp022787145,13f540bc,15530000,51,DNA,10000,1553,True,0.889678526674049,0.9145316199167911,0.9021050732954201,0.9145316199167911,True,4,8890,12830,d__Bacteria;p__Bacillota;c__Clostridia;o__Lachnospirales;f__Lachnospiraceae;g__Oliverpabstia;s__Oliverpabstia sp004562915
30000,0.0019317450096587251,0.00964630225080386,0.0019317450096587251,0.00303975058456742,13.0,8.0,7.788880963698615,/group/ctbrowngrp5/sourmash-db.new/gtdb-rs226/gtdb-rs226-k51.dna.rocksdb,GCA_902487205.1 uncultured Treponema sp.,a82b60307772149e7abf06ddf6655852,0.00964630225080386,30000,38,12910000,outputs.mapping/bams.cds.rand/SRR5976181.x.s__JALFVM01 sp022787145.fastq.gz,SRR5976181.x.s__JALFVM01 sp022787145,13f540bc,15530000,51,DNA,10000,1553,True,0.884674133565548,0.9130144773272534,0.8988443054464007,0.9130144773272534,True,39,8929,12830,d__Bacteria;p__Spirochaetota;c__Spirochaetia;o__Treponematales;f__Treponemataceae;g__Treponema_D;s__Treponema_D sp900769975
30000,0.0019317450096587251,0.0125,0.0019317450096587251,0.003117692907248636,13.333333333333334,9.0,12.229290885229426,/group/ctbrowngrp5/sourmash-db.new/gtdb-rs226/gtdb-rs226-k51.dna.rocksdb,GCA_034099845.1 Faecousia sp.,5f934a406218ceb63e362d93f2fbd61c,0.0125,30000,39,12880000,outputs.mapping/bams.cds.rand/SRR5976181.x.s__JALFVM01 sp022787145.fastq.gz,SRR5976181.x.s__JALFVM01 sp022787145,13f540bc,15530000,51,DNA,10000,1553,True,0.884674133565548,0.9176657229678244,0.9011699282666863,0.9176657229678244,True,40,8969,12830,d__Bacteria;p__Bacillota;c__Clostridia;o__Oscillospirales;f__Oscillospiraceae;g__Faecousia;s__Faecousia sp034099845
40000,0.0025756600128783,0.011029411764705883,0.0019317450096587251,0.0005455962587685113,2.3333333333333335,3.0,0.9428090415820634,/group/ctbrowngrp5/sourmash-db.new/gtdb-rs226/gtdb-rs226-k51.dna.rocksdb,GCA_030526045.1 Bacillota bacterium,4d969d601256062644f4df62d5fd1e86,0.014705882352941176,30000,40,12850000,outputs.mapping/bams.cds.rand/SRR5976181.x.s__JALFVM01 sp022787145.fastq.gz,SRR5976181.x.s__JALFVM01 sp022787145,13f540bc,15530000,51,DNA,10000,1553,True,0.889678526674049,0.9205946627444187,0.9051365947092338,0.9205946627444187,True,7,8976,12830,d__Bacteria;p__Bacillota;c__Clostridia;o__Lachnospirales;f__Lachnospiraceae;g__Suilimivivens;s__Suilimivivens sp030526045
80000,0.0051513200257566,0.015,0.0019317450096587251,0.0007014809041309431,3.0,3.0,0.816496580927726,/group/ctbrowngrp5/sourmash-db.new/gtdb-rs226/gtdb-rs226-k51.dna.rocksdb,GCA_946055175.1 uncultured Roseburia sp.,631eed3ec165d2d427e4b4c64e607565,0.04,30000,41,12820000,outputs.mapping/bams.cds.rand/SRR5976181.x.s__JALFVM01 sp022787145.fastq.gz,SRR5976181.x.s__JALFVM01 sp022787145,13f540bc,15530000,51,DNA,10000,1553,True,0.9018527989522904,0.9388353021281948,0.9203440505402426,0.9388353021281948,False,9,8985,12830,d__Bacteria;p__Bacillota;c__Clostridia;o__Lachnospirales;f__Lachnospiraceae;g__Roseburia;s__Roseburia sp946055175
70000,0.004507405022537025,0.01060070671378092,0.0019317450096587251,0.008417770849571318,36.0,4.0,46.676189504571454,/group/ctbrowngrp5/sourmash-db.new/gtdb-rs226/gtdb-rs226-k51.dna.rocksdb,GCA_928721865.1 uncultured Oscillospiraceae bacterium,02e24d13a29fdf87f07da4fc7b0dfbad,0.024734982332155476,30000,42,12790000,outputs.mapping/bams.cds.rand/SRR5976181.x.s__JALFVM01 sp022787145.fastq.gz,SRR5976181.x.s__JALFVM01 sp022787145,13f540bc,15530000,51,DNA,10000,1553,True,0.8994946000368468,0.9300286040667319,0.9147616020517894,0.9300286040667319,False,108,9093,12830,d__Bacteria;p__Bacillota;c__Clostridia;o__Oscillospirales;f__Oscillospiraceae;g__Faecousia;s__Faecousia sp000434635
30000,0.0019317450096587251,0.015384615384615385,0.0019317450096587251,0.0004676539360872954,2.0,2.0,0.816496580927726,/group/ctbrowngrp5/sourmash-db.new/gtdb-rs226/gtdb-rs226-k51.dna.rocksdb,GCA_945787995.1 uncultured Lachnospiraceae bacterium,694160de6619f578951208a3f54f53ce,0.015384615384615385,30000,43,12760000,outputs.mapping/bams.cds.rand/SRR5976181.x.s__JALFVM01 sp022787145.fastq.gz,SRR5976181.x.s__JALFVM01 sp022787145,13f540bc,15530000,51,DNA,10000,1553,True,0.884674133565548,0.9214094865050211,0.9030418100352846,0.9214094865050211,True,6,9099,12830,d__Bacteria;p__Bacillota;c__Clostridia;o__Lachnospirales;f__Lachnospiraceae;g__CALZKI01;s__CALZKI01 sp945787995
50000,0.003219575016097875,0.011406844106463879,0.0019317450096587251,0.005066250974279034,21.666666666666668,24.0,16.006942938057293,/group/ctbrowngrp5/sourmash-db.new/gtdb-rs226/gtdb-rs226-k51.dna.rocksdb,GCA_019418695.1 Lachnospiraceae bacterium,95a32f8d8e9caba1648a368e1a9c3655,0.019011406844106463,30000,44,12730000,outputs.mapping/bams.cds.rand/SRR5976181.x.s__JALFVM01 sp022787145.fastq.gz,SRR5976181.x.s__JALFVM01 sp022787145,13f540bc,15530000,51,DNA,10000,1553,True,0.893579722201037,0.9252416650547343,0.9094106936278856,0.9252416650547343,True,65,9164,12830,d__Bacteria;p__Bacillota;c__Clostridia;o__Lachnospirales;f__Lachnospiraceae;g__Agathobacter;s__Agathobacter sp900317585
70000,0.004507405022537025,0.008875739644970414,0.0019317450096587251,0.0006235385814497272,2.6666666666666665,2.0,0.9428090415820634,/group/ctbrowngrp5/sourmash-db.new/gtdb-rs226/gtdb-rs226-k51.dna.rocksdb,GCA_022773565.1 Lachnospiraceae bacterium,22fb3c10dc1e4d51a67e4ee1e26e7869,0.020710059171597635,30000,45,12700000,outputs.mapping/bams.cds.rand/SRR5976181.x.s__JALFVM01 sp022787145.fastq.gz,SRR5976181.x.s__JALFVM01 sp022787145,13f540bc,15530000,51,DNA,10000,1553,True,0.8994946000368468,0.9267955670206557,0.9131450835287512,0.9267955670206557,False,8,9172,12830,d__Bacteria;p__Bacillota;c__Clostridia;o__Lachnospirales;f__Lachnospiraceae;g__Agathobacter;s__Agathobacter sp000434275
50000,0.003219575016097875,0.00819672131147541,0.0019317450096587251,0.0035074045206547155,15.0,12.0,12.027745701779143,/group/ctbrowngrp5/sourmash-db.new/gtdb-rs226/gtdb-rs226-k51.dna.rocksdb,GCA_945963825.1 uncultured Prevotella sp.,c29731de801a8c3f46bff6fca7efcb94,0.01366120218579235,30000,46,12670000,outputs.mapping/bams.cds.rand/SRR5976181.x.s__JALFVM01 sp022787145.fastq.gz,SRR5976181.x.s__JALFVM01 sp022787145,13f540bc,15530000,51,DNA,10000,1553,True,0.893579722201037,0.9192654954028172,0.9064226088019272,0.9192654954028172,True,45,9217,12830,d__Bacteria;p__Bacteroidota;c__Bacteroidia;o__Bacteroidales;f__Bacteroidaceae;g__Prevotella;s__Prevotella sp945863825
50000,0.003219575016097875,0.010067114093959731,0.0019317450096587251,0.0010132501948558067,4.333333333333333,2.0,4.0276819911981905,/group/ctbrowngrp5/sourmash-db.new/gtdb-rs226/gtdb-rs226-k51.dna.rocksdb,GCA_021531695.1 Roseburia hominis,5e5f2ff49352fc385a8f1f7abb351a06,0.016778523489932886,30000,47,12640000,outputs.mapping/bams.cds.rand/SRR5976181.x.s__JALFVM01 sp022787145.fastq.gz,SRR5976181.x.s__JALFVM01 sp022787145,13f540bc,15530000,51,DNA,10000,1553,True,0.893579722201037,0.9229777884418785,0.9082787553214577,0.9229777884418785,True,13,9230,12830,d__Bacteria;p__Bacillota;c__Clostridia;o__Lachnospirales;f__Lachnospiraceae;g__Roseburia_D;s__Roseburia_D sp002299665
70000,0.004507405022537025,0.008287292817679558,0.0019317450096587251,0.0002338269680436477,1.0,1.0,0.0,/group/ctbrowngrp5/sourmash-db.new/gtdb-rs226/gtdb-rs226-k51.dna.rocksdb,GCF_900078295.2 Blautia sp. Marseille-P2398,9bca3150ac384d9da3b1eba867227fe4,0.019337016574585635,30000,48,12610000,outputs.mapping/bams.cds.rand/SRR5976181.x.s__JALFVM01 sp022787145.fastq.gz,SRR5976181.x.s__JALFVM01 sp022787145,13f540bc,15530000,51,DNA,10000,1553,True,0.8994946000368468,0.92554980472037,0.9125222023786084,0.92554980472037,False,3,9233,12830,d__Bacteria;p__Bacillota;c__Clostridia;o__Lachnospirales;f__Lachnospiraceae;g__Blautia_A;s__Blautia_A wexlerae
30000,0.0019317450096587251,0.01171875,0.0019317450096587251,0.0010911925175370225,4.666666666666667,2.0,3.7712361663282534,/group/ctbrowngrp5/sourmash-db.new/gtdb-rs226/gtdb-rs226-k51.dna.rocksdb,GCA_022787565.1 Clostridiales bacterium,f7bae6fb51e33f6dd4e15326694cd87e,0.01171875,30000,49,12580000,outputs.mapping/bams.cds.rand/SRR5976181.x.s__JALFVM01 sp022787145.fastq.gz,SRR5976181.x.s__JALFVM01 sp022787145,13f540bc,15530000,51,DNA,10000,1553,True,0.884674133565548,0.9165051870634132,0.9005896603144806,0.9165051870634132,True,14,9247,12830,d__Bacteria;p__Bacillota;c__Clostridia;o__Oscillospirales;f__Oscillospiraceae;g__Limivicinus;s__Limivicinus sp022787565
30000,0.0019317450096587251,0.009900990099009901,0.0019317450096587251,0.0014809041309431022,6.333333333333333,5.0,4.988876515698588,/group/ctbrowngrp5/sourmash-db.new/gtdb-rs226/gtdb-rs226-k51.dna.rocksdb,GCF_028721705.1 Hallella sp.,b542f64acbe04c4b1ba66b9a5bcff591,0.009900990099009901,30000,50,12550000,outputs.mapping/bams.cds.rand/SRR5976181.x.s__JALFVM01 sp022787145.fastq.gz,SRR5976181.x.s__JALFVM01 sp022787145,13f540bc,15530000,51,DNA,10000,1553,True,0.884674133565548,0.9134811309483124,0.8990776322569303,0.9134811309483124,True,19,9266,12830,d__Bacteria;p__Bacteroidota;c__Bacteroidia;o__Bacteroidales;f__Bacteroidaceae;g__Prevotella;s__Prevotella faecis
40000,0.0025756600128783,0.016216216216216217,0.0019317450096587251,0.0003117692907248636,1.3333333333333333,1.0,0.4714045207910317,/group/ctbrowngrp5/sourmash-db.new/gtdb-rs226/gtdb-rs226-k51.dna.rocksdb,GCA_034180535.1 Eubacteriales bacterium,c0c7521497e693761a01128dda2c2bce,0.021621621621621623,30000,51,12520000,outputs.mapping/bams.cds.rand/SRR5976181.x.s__JALFVM01 sp022787145.fastq.gz,SRR5976181.x.s__JALFVM01 sp022787145,13f540bc,15530000,51,DNA,10000,1553,True,0.889678526674049,0.9275786634388747,0.9086285950564619,0.9275786634388747,True,4,9270,12830,d__Bacteria;p__Bacillota;c__Clostridia;o__Christensenellales;f__CAG-138;g__PeH17;s__PeH17 sp900542285
50000,0.003219575016097875,0.008670520231213872,0.0019317450096587251,0.0013250194855806703,5.666666666666667,6.0,3.6817870057290873,/group/ctbrowngrp5/sourmash-db.new/gtdb-rs226/gtdb-rs226-k51.dna.rocksdb,GCA_022713785.1 Mediterraneibacter gnavus,6766574d04e51e7019d9e4ff11b48d41,0.014450867052023121,30000,52,12490000,outputs.mapping/bams.cds.rand/SRR5976181.x.s__JALFVM01 sp022787145.fastq.gz,SRR5976181.x.s__JALFVM01 sp022787145,13f540bc,15530000,51,DNA,10000,1553,True,0.893579722201037,0.9202789500813361,0.9069293361411865,0.9202789500813361,True,17,9287,12830,d__Bacteria;p__Bacillota;c__Clostridia;o__Lachnospirales;f__Lachnospiraceae;g__Ruminococcus_B;s__Ruminococcus_B gnavus
80000,0.0051513200257566,0.007481296758104738,0.0019317450096587251,0.0007014809041309431,3.0,1.0,2.8284271247461903,/group/ctbrowngrp5/sourmash-db.new/gtdb-rs226/gtdb-rs226-k51.dna.rocksdb,GCA_041403645.1 Lachnospiraceae bacterium,f825663d4a862e0d3161bdaea2c45e23,0.0199501246882793,30000,53,12460000,outputs.mapping/bams.cds.rand/SRR5976181.x.s__JALFVM01 sp022787145.fastq.gz,SRR5976181.x.s__JALFVM01 sp022787145,13f540bc,15530000,51,DNA,10000,1553,True,0.9018527989522904,0.9261164541008567,0.9139846265265736,0.9261164541008567,False,9,9296,12830,d__Bacteria;p__Bacillota;c__Clostridia;o__Lachnospirales;f__Lachnospiraceae;g__Acetatifactor;s__Acetatifactor acetigignens
30000,0.0019317450096587251,0.011627906976744186,0.0019317450096587251,0.0009353078721745908,4.0,3.0,2.160246899469287,/group/ctbrowngrp5/sourmash-db.new/gtdb-rs226/gtdb-rs226-k51.dna.rocksdb,GCA_017622995.1 Oscillospiraceae bacterium,d0431d4ee246c5ed700648fb9f1b7e93,0.011627906976744186,30000,54,12430000,outputs.mapping/bams.cds.rand/SRR5976181.x.s__JALFVM01 sp022787145.fastq.gz,SRR5976181.x.s__JALFVM01 sp022787145,13f540bc,15530000,51,DNA,10000,1553,True,0.884674133565548,0.916365347299856,0.900519740432702,0.916365347299856,True,12,9308,12830,d__Bacteria;p__Bacillota;c__Clostridia;o__Oscillospirales;f__Oscillospiraceae;g__Faecousia;s__Faecousia sp017622995
60000,0.0038634900193174502,0.01079136690647482,0.0019317450096587251,0.0019485580670303975,8.333333333333334,9.0,1.699673171197595,/group/ctbrowngrp5/sourmash-db.new/gtdb-rs226/gtdb-rs226-k51.dna.rocksdb,GCA_902779585.1 uncultured Lachnospiraceae bacterium,3521d74fbb9aac4f1af5d519ec7bc4c4,0.02158273381294964,30000,55,12400000,outputs.mapping/bams.cds.rand/SRR5976181.x.s__JALFVM01 sp022787145.fastq.gz,SRR5976181.x.s__JALFVM01 sp022787145,13f540bc,15530000,51,DNA,10000,1553,True,0.8967799262273172,0.9275459226632637,0.9121629244452905,0.9275459226632637,True,25,9333,12830,d__Bacteria;p__Bacillota;c__Clostridia;o__Lachnospirales;f__Lachnospiraceae;g__Roseburia_C;s__Roseburia_C sp900315735
30000,0.0019317450096587251,0.01485148514851485,0.0019317450096587251,0.006858924395946999,29.333333333333332,34.0,19.067132861433457,/group/ctbrowngrp5/sourmash-db.new/gtdb-rs226/gtdb-rs226-k51.dna.rocksdb,GCF_018913925.1 Arcanobacterium phocae,72d0205d100318c44e3cc765c1b64887,0.01485148514851485,30000,56,12370000,outputs.mapping/bams.cds.rand/SRR5976181.x.s__JALFVM01 sp022787145.fastq.gz,SRR5976181.x.s__JALFVM01 sp022787145,13f540bc,15530000,51,DNA,10000,1553,True,0.884674133565548,0.92077252250239,0.902723328033969,0.92077252250239,True,88,9421,12830,d__Bacteria;p__Actinomycetota;c__Actinomycetes;o__Actinomycetales;f__Actinomycetaceae;g__Arcanobacterium;s__Arcanobacterium phocae_A
30000,0.0019317450096587251,0.008130081300813009,0.0019317450096587251,0.0006235385814497272,2.6666666666666665,1.0,2.3570226039551585,/group/ctbrowngrp5/sourmash-db.new/gtdb-rs226/gtdb-rs226-k51.dna.rocksdb,GCA_017937345.1 Lachnospiraceae bacterium,0fb5bd1140822159495c9b7883ddd9d8,0.008130081300813009,30000,57,12340000,outputs.mapping/bams.cds.rand/SRR5976181.x.s__JALFVM01 sp022787145.fastq.gz,SRR5976181.x.s__JALFVM01 sp022787145,13f540bc,15530000,51,DNA,10000,1553,True,0.884674133565548,0.9099582533276309,0.8973161934465894,0.9099582533276309,True,8,9429,12830,d__Bacteria;p__Bacillota;c__Clostridia;o__Lachnospirales;f__Lachnospiraceae;g__CAG-632;s__CAG-632 sp017623675
70000,0.004507405022537025,0.011764705882352941,0.0019317450096587251,0.0002338269680436477,1.0,1.0,0.0,/group/ctbrowngrp5/sourmash-db.new/gtdb-rs226/gtdb-rs226-k51.dna.rocksdb,GCA_034100885.1 Lachnospiraceae bacterium,48bb0923e6d7bb2ea8421857ab060428,0.027450980392156862,30000,58,12310000,outputs.mapping/bams.cds.rand/SRR5976181.x.s__JALFVM01 sp022787145.fastq.gz,SRR5976181.x.s__JALFVM01 sp022787145,13f540bc,15530000,51,DNA,10000,1553,True,0.8994946000368468,0.9319304184362827,0.9157125092365648,0.9319304184362827,False,3,9432,12830,d__Bacteria;p__Bacillota;c__Clostridia;o__Lachnospirales;f__Lachnospiraceae;g__W0P33-017;s__W0P33-017 sp022768825
80000,0.0051513200257566,0.009433962264150943,0.0019317450096587251,0.0009353078721745908,4.0,2.0,3.559026084010437,/group/ctbrowngrp5/sourmash-db.new/gtdb-rs226/gtdb-rs226-k51.dna.rocksdb,GCA_945864145.1 uncultured Lachnospiraceae bacterium,00d9152a834a03de274d3ff6eb4175b0,0.025157232704402517,30000,59,12280000,outputs.mapping/bams.cds.rand/SRR5976181.x.s__JALFVM01 sp022787145.fastq.gz,SRR5976181.x.s__JALFVM01 sp022787145,13f540bc,15530000,51,DNA,10000,1553,True,0.9018527989522904,0.9303373319275413,0.9160950654399158,0.9303373319275413,False,12,9444,12830,d__Bacteria;p__Bacillota;c__Clostridia;o__Lachnospirales;f__Lachnospiraceae;g__COE1;s__COE1 sp945864145
50000,0.003219575016097875,0.0125,0.0019317450096587251,0.0003117692907248636,1.3333333333333333,1.0,0.4714045207910317,/group/ctbrowngrp5/sourmash-db.new/gtdb-rs226/gtdb-rs226-k51.dna.rocksdb,GCA_945871645.1 uncultured Lachnospiraceae bacterium,76c52ec99b957e8c619badee0f0757e4,0.020833333333333332,30000,60,12250000,outputs.mapping/bams.cds.rand/SRR5976181.x.s__JALFVM01 sp022787145.fastq.gz,SRR5976181.x.s__JALFVM01 sp022787145,13f540bc,15530000,51,DNA,10000,1553,True,0.893579722201037,0.9269034220522349,0.9102415721266359,0.9269034220522349,True,4,9448,12830,d__Bacteria;p__Bacillota;c__Clostridia;o__Lachnospirales;f__Lachnospiraceae;g__JALFVM01;s__JALFVM01 sp022787145
20000,0.00128783000643915,0.0038535645472061657,0.00128783000643915,0.002260327357755261,14.5,14.5,5.5,/group/ctbrowngrp5/sourmash-db.new/gtdb-rs226/gtdb-rs226-k51.dna.rocksdb,GCF_008572045.1 Phocaeicola dorei,36c6eb542a6f88af91cfc212fdcc803c,0.0038535645472061657,20000,61,12230000,outputs.mapping/bams.cds.rand/SRR5976181.x.s__JALFVM01 sp022787145.fastq.gz,SRR5976181.x.s__JALFVM01 sp022787145,13f540bc,15530000,51,DNA,10000,1553,True,0.8776685970753191,0.8967346953941991,0.8872016462347592,0.8967346953941991,True,29,9477,12830,d__Bacteria;p__Bacteroidota;c__Bacteroidia;o__Bacteroidales;f__Bacteroidaceae;g__Phocaeicola;s__Phocaeicola dorei
20000,0.00128783000643915,0.006269592476489028,0.00128783000643915,0.0008573655494933749,5.5,5.5,3.5,/group/ctbrowngrp5/sourmash-db.new/gtdb-rs226/gtdb-rs226-k51.dna.rocksdb,GCF_958422165.1 uncultured Gemmiger sp.,369feb0da13a2a460572e5bec1d5df86,0.006269592476489028,20000,62,12210000,outputs.mapping/bams.cds.rand/SRR5976181.x.s__JALFVM01 sp022787145.fastq.gz,SRR5976181.x.s__JALFVM01 sp022787145,13f540bc,15530000,51,DNA,10000,1553,True,0.8776685970753191,0.905333548222742,0.8915010726490306,0.905333548222742,True,11,9488,12830,d__Bacteria;p__Bacillota;c__Clostridia;o__Oscillospirales;f__Ruminococcaceae;g__Gemmiger;s__Gemmiger formicilis_B
30000,0.0019317450096587251,0.015384615384615385,0.00128783000643915,0.0014809041309431022,9.5,9.5,7.5,/group/ctbrowngrp5/sourmash-db.new/gtdb-rs226/gtdb-rs226-k51.dna.rocksdb,GCA_035647315.1 Oscillospiraceae bacterium,a4676e5dd4d0ddeb3a953ce1c5b88f23,0.023076923076923078,20000,63,12190000,outputs.mapping/bams.cds.rand/SRR5976181.x.s__JALFVM01 sp022787145.fastq.gz,SRR5976181.x.s__JALFVM01 sp022787145,13f540bc,15530000,51,DNA,10000,1553,True,0.884674133565548,0.9287641620644111,0.9067191478149796,0.9287641620644111,True,19,9507,12830,d__Bacteria;p__Bacillota;c__Clostridia;o__Saccharofermentanales;f__DTU023;g__DTU032;s__DTU032 sp012728535
20000,0.00128783000643915,0.006825938566552901,0.00128783000643915,0.0001558846453624318,1.0,1.0,0.0,/group/ctbrowngrp5/sourmash-db.new/gtdb-rs226/gtdb-rs226-k51.dna.rocksdb,GCA_017622575.1 Lachnospiraceae bacterium,ff2fe3839f314dda53d5ebe2455bfe37,0.006825938566552901,20000,64,12170000,outputs.mapping/bams.cds.rand/SRR5976181.x.s__JALFVM01 sp022787145.fastq.gz,SRR5976181.x.s__JALFVM01 sp022787145,13f540bc,15530000,51,DNA,10000,1553,True,0.8776685970753191,0.906844024418685,0.8922563107470021,0.906844024418685,True,2,9509,12830,d__Bacteria;p__Bacillota;c__Clostridia;o__Lachnospirales;f__Lachnospiraceae;g__Suilimivivens;s__Suilimivivens sp017622575
40000,0.0025756600128783,0.006896551724137931,0.00128783000643915,0.0014029618082618861,9.0,9.0,2.0,/group/ctbrowngrp5/sourmash-db.new/gtdb-rs226/gtdb-rs226-k51.dna.rocksdb,GCA_945877945.1 uncultured Clostridia bacterium,4ee1ded38b6064222e99ba5b00a3150b,0.013793103448275862,20000,65,12150000,outputs.mapping/bams.cds.rand/SRR5976181.x.s__JALFVM01 sp022787145.fastq.gz,SRR5976181.x.s__JALFVM01 sp022787145,13f540bc,15530000,51,DNA,10000,1553,True,0.889678526674049,0.9194387096145087,0.9045586181442788,0.9194387096145087,True,18,9527,12830,d__Bacteria;p__Bacillota;c__Clostridia;o__Oscillospirales;f__Oscillospiraceae;g__Faecousia;s__Faecousia sp016302405
20000,0.00128783000643915,0.008064516129032258,0.00128783000643915,0.002182385035074045,14.0,14.0,12.0,/group/ctbrowngrp5/sourmash-db.new/gtdb-rs226/gtdb-rs226-k51.dna.rocksdb,GCF_022731835.1 Veillonella sp.,5d29b8ca328f7f1d091a4516084ef1f0,0.008064516129032258,20000,66,12130000,outputs.mapping/bams.cds.rand/SRR5976181.x.s__JALFVM01 sp022787145.fastq.gz,SRR5976181.x.s__JALFVM01 sp022787145,13f540bc,15530000,51,DNA,10000,1553,True,0.8776685970753191,0.9098137917904366,0.8937411944328779,0.9098137917904366,True,28,9555,12830,d__Bacteria;p__Bacillota;c__Negativicutes;o__Veillonellales;f__Veillonellaceae;g__Veillonella_A;s__Veillonella_A sp000431435
70000,0.004507405022537025,0.005917159763313609,0.00128783000643915,0.0014029618082618861,9.0,9.0,8.0,/group/ctbrowngrp5/sourmash-db.new/gtdb-rs226/gtdb-rs226-k51.dna.rocksdb,GCA_032620915.1 Oscillospiraceae bacterium NTUH-002-81,3db6e59291feaaa403527319d329a43d,0.020710059171597635,20000,67,12110000,outputs.mapping/bams.cds.rand/SRR5976181.x.s__JALFVM01 sp022787145.fastq.gz,SRR5976181.x.s__JALFVM01 sp022787145,13f540bc,15530000,51,DNA,10000,1553,True,0.8994946000368468,0.9267955670206557,0.9131450835287512,0.9267955670206557,False,18,9573,12830,d__Bacteria;p__Bacillota;c__Clostridia;o__Lachnospirales;f__Lachnospiraceae;g__JAGTTR01;s__JAGTTR01 sp018223385
20000,0.00128783000643915,0.006688963210702341,0.00128783000643915,0.0009353078721745908,6.0,6.0,3.0,/group/ctbrowngrp5/sourmash-db.new/gtdb-rs226/gtdb-rs226-k51.dna.rocksdb,GCA_034115725.1 Parabacteroides sp.,ef8f3dcc2ced9c690fc3f9eed22046b0,0.006688963210702341,20000,68,12090000,outputs.mapping/bams.cds.rand/SRR5976181.x.s__JALFVM01 sp022787145.fastq.gz,SRR5976181.x.s__JALFVM01 sp022787145,13f540bc,15530000,51,DNA,10000,1553,True,0.8776685970753191,0.9064836528475121,0.8920761249614155,0.9064836528475121,True,12,9585,12830,d__Bacteria;p__Bacteroidota;c__Bacteroidia;o__Bacteroidales;f__Tannerellaceae;g__Parabacteroides;s__Parabacteroides sp022775005
20000,0.00128783000643915,0.004056795131845842,0.00128783000643915,0.0008573655494933749,5.5,5.5,4.5,/group/ctbrowngrp5/sourmash-db.new/gtdb-rs226/gtdb-rs226-k51.dna.rocksdb,GCA_963623465.1 bacterium,ce0981c18ea1bbaffa5a3db345313a30,0.004056795131845842,20000,69,12070000,outputs.mapping/bams.cds.rand/SRR5976181.x.s__JALFVM01 sp022787145.fastq.gz,SRR5976181.x.s__JALFVM01 sp022787145,13f540bc,15530000,51,DNA,10000,1553,True,0.8776685970753191,0.8976388257606069,0.887653711417963,0.8976388257606069,True,11,9596,12830,d__Bacteria;p__Bacteroidota;c__Bacteroidia;o__Bacteroidales;f__Bacteroidaceae;g__Bacteroides;s__Bacteroides uniformis
20000,0.00128783000643915,0.013513513513513514,0.00128783000643915,0.0006235385814497272,4.0,4.0,0.0,/group/ctbrowngrp5/sourmash-db.new/gtdb-rs226/gtdb-rs226-k51.dna.rocksdb,GCA_945831445.1 uncultured Oscillibacter sp.,6e4dc6229c0a12ae217dbf6f85598bc5,0.013513513513513514,20000,70,12050000,outputs.mapping/bams.cds.rand/SRR5976181.x.s__JALFVM01 sp022787145.fastq.gz,SRR5976181.x.s__JALFVM01 sp022787145,13f540bc,15530000,51,DNA,10000,1553,True,0.8776685970753191,0.919069592463689,0.898369094769504,0.919069592463689,True,8,9604,12830,d__Bacteria;p__Bacillota;c__Clostridia;o__Oscillospirales;f__Oscillospiraceae;g__Vescimonas;s__Vescimonas sp000435975
70000,0.004507405022537025,0.007246376811594203,0.00128783000643915,0.0002338269680436477,1.5,1.5,0.5,/group/ctbrowngrp5/sourmash-db.new/gtdb-rs226/gtdb-rs226-k51.dna.rocksdb,GCA_019415925.1 Clostridiales bacterium,16b85c12db6ae31ce0216a9f26b763d5,0.025362318840579712,20000,71,12030000,outputs.mapping/bams.cds.rand/SRR5976181.x.s__JALFVM01 sp022787145.fastq.gz,SRR5976181.x.s__JALFVM01 sp022787145,13f540bc,15530000,51,DNA,10000,1553,True,0.8994946000368468,0.9304854520423368,0.9149900260395918,0.9304854520423368,False,3,9607,12830,d__Bacteria;p__Bacillota;c__Clostridia;o__Oscillospirales;f__Acutalibacteraceae;g__Ruminococcoides;s__Ruminococcoides sp019415925
30000,0.0019317450096587251,0.008928571428571428,0.00128783000643915,0.0002338269680436477,1.5,1.5,0.5,/group/ctbrowngrp5/sourmash-db.new/gtdb-rs226/gtdb-rs226-k51.dna.rocksdb,GCA_022772705.1 bacterium,4ef8a116b9144f88ec50b8e336624063,0.013392857142857142,20000,72,12010000,outputs.mapping/bams.cds.rand/SRR5976181.x.s__JALFVM01 sp022787145.fastq.gz,SRR5976181.x.s__JALFVM01 sp022787145,13f540bc,15530000,51,DNA,10000,1553,True,0.884674133565548,0.9189079825199316,0.9017910580427397,0.9189079825199316,True,3,9610,12830,d__Bacteria;p__Bacillota;c__Clostridia;o__Oscillospirales;f__Ruminococcaceae;g__Gemmiger;s__Gemmiger sp004561545
30000,0.0019317450096587251,0.008658008658008658,0.00128783000643915,0.0003117692907248636,2.0,2.0,1.0,/group/ctbrowngrp5/sourmash-db.new/gtdb-rs226/gtdb-rs226-k51.dna.rocksdb,GCA_946056135.1 uncultured bacterium,b7c6d2236e140c1224960cbaf34323d8,0.012987012987012988,20000,73,11990000,outputs.mapping/bams.cds.rand/SRR5976181.x.s__JALFVM01 sp022787145.fastq.gz,SRR5976181.x.s__JALFVM01 sp022787145,13f540bc,15530000,51,DNA,10000,1553,True,0.884674133565548,0.9183537120490333,0.9015139228072906,0.9183537120490333,True,4,9614,12830,d__Bacteria;p__Bacillota;c__Clostridia;o__Oscillospirales;f__Oscillospiraceae;g__Faecousia;s__Faecousia sp946056135
20000,0.00128783000643915,0.009302325581395349,0.00128783000643915,0.0003117692907248636,2.0,2.0,1.0,/group/ctbrowngrp5/sourmash-db.new/gtdb-rs226/gtdb-rs226-k51.dna.rocksdb,GCA_034101805.1 Agathobacter sp.,c18477874030bc1be19f127c2d8fd41e,0.009302325581395349,20000,74,11970000,outputs.mapping/bams.cds.rand/SRR5976181.x.s__JALFVM01 sp022787145.fastq.gz,SRR5976181.x.s__JALFVM01 sp022787145,13f540bc,15530000,51,DNA,10000,1553,True,0.8776685970753191,0.9123646741588324,0.8950166356170757,0.9123646741588324,True,4,9618,12830,d__Bacteria;p__Bacillota;c__Clostridia;o__Lachnospirales;f__Lachnospiraceae;g__Agathobacter;s__Agathobacter sp022767075
20000,0.00128783000643915,0.008130081300813009,0.00128783000643915,0.0005455962587685113,3.5,3.5,2.5,/group/ctbrowngrp5/sourmash-db.new/gtdb-rs226/gtdb-rs226-k51.dna.rocksdb,GCA_945947085.1 uncultured Bacteroidales bacterium,50b0dd20daa6c647ebc5f41032b0c7b5,0.008130081300813009,20000,75,11950000,outputs.mapping/bams.cds.rand/SRR5976181.x.s__JALFVM01 sp022787145.fastq.gz,SRR5976181.x.s__JALFVM01 sp022787145,13f540bc,15530000,51,DNA,10000,1553,True,0.8776685970753191,0.9099582533276309,0.893813425201475,0.9099582533276309,True,7,9625,12830,d__Bacteria;p__Bacteroidota;c__Bacteroidia;o__Bacteroidales;f__Bacteroidaceae;g__Prevotella;s__Prevotella sp004554665
40000,0.0025756600128783,0.00816326530612245,0.00128783000643915,0.0001558846453624318,1.0,1.0,0.0,/group/ctbrowngrp5/sourmash-db.new/gtdb-rs226/gtdb-rs226-k51.dna.rocksdb,GCA_025542615.1 Clostridiales bacterium,2f390ce40f7a6656728cb4166a767cb9,0.0163265306122449,20000,76,11930000,outputs.mapping/bams.cds.rand/SRR5976181.x.s__JALFVM01 sp022787145.fastq.gz,SRR5976181.x.s__JALFVM01 sp022787145,13f540bc,15530000,51,DNA,10000,1553,True,0.889678526674049,0.9224837063884368,0.9060811165312429,0.9224837063884368,True,2,9627,12830,d__Bacteria;p__Bacillota;c__Clostridia;o__Oscillospirales;f__Oscillospiraceae;g__Onthomonas;s__Onthomonas sp900545815
20000,0.00128783000643915,0.015384615384615385,0.00128783000643915,0.002338269680436477,15.0,15.0,6.0,/group/ctbrowngrp5/sourmash-db.new/gtdb-rs226/gtdb-rs226-k51.dna.rocksdb,GCA_947628115.1 uncultured Clostridia bacterium,b10a5bc1980e98f33ff6fe18ddd0a93c,0.015384615384615385,20000,77,11910000,outputs.mapping/bams.cds.rand/SRR5976181.x.s__JALFVM01 sp022787145.fastq.gz,SRR5976181.x.s__JALFVM01 sp022787145,13f540bc,15530000,51,DNA,10000,1553,True,0.8776685970753191,0.9214094865050211,0.8995390417901701,0.9214094865050211,True,30,9657,12830,d__Bacteria;p__Bacillota;c__Clostridia;o__TANB77;f__CAG-508;g__CAG-452;s__CAG-452 sp947628115
60000,0.0038634900193174502,0.006920415224913495,0.00128783000643915,0.0003897116134060795,2.5,2.5,1.5,/group/ctbrowngrp5/sourmash-db.new/gtdb-rs226/gtdb-rs226-k51.dna.rocksdb,GCF_015558275.1 Massiliimalia timonensis,6efbc5d15f8ccb7283a4ec7185b74cf6,0.020761245674740483,20000,78,11890000,outputs.mapping/bams.cds.rand/SRR5976181.x.s__JALFVM01 sp022787145.fastq.gz,SRR5976181.x.s__JALFVM01 sp022787145,13f540bc,15530000,51,DNA,10000,1553,True,0.8967799262273172,0.9268404273295426,0.9118101767784299,0.9268404273295426,True,5,9662,12830,d__Bacteria;p__Bacillota;c__Clostridia;o__Oscillospirales;f__Ruminococcaceae;g__Massiliimalia;s__Massiliimalia timonensis
20000,0.00128783000643915,0.006944444444444444,0.00128783000643915,0.0001558846453624318,1.0,1.0,0.0,/group/ctbrowngrp5/sourmash-db.new/gtdb-rs226/gtdb-rs226-k51.dna.rocksdb,GCA_022785725.1 Spirochaetia bacterium,c6d0c70a98ad48735e68db7953290d5e,0.006944444444444444,20000,79,11870000,outputs.mapping/bams.cds.rand/SRR5976181.x.s__JALFVM01 sp022787145.fastq.gz,SRR5976181.x.s__JALFVM01 sp022787145,13f540bc,15530000,51,DNA,10000,1553,True,0.8776685970753191,0.9071501293291512,0.8924093632022352,0.9071501293291512,True,2,9664,12830,d__Bacteria;p__Spirochaetota;c__Spirochaetia;o__Treponematales;f__Treponemataceae;g__Treponema_D;s__Treponema_D sp017381365
50000,0.003219575016097875,0.0064516129032258064,0.00128783000643915,0.0003897116134060795,2.5,2.5,1.5,/group/ctbrowngrp5/sourmash-db.new/gtdb-rs226/gtdb-rs226-k51.dna.rocksdb,GCF_003478515.1 Roseburia sp. AF25-18LB,b14da9ee404f90b2486f24321e094921,0.016129032258064516,20000,80,11850000,outputs.mapping/bams.cds.rand/SRR5976181.x.s__JALFVM01 sp022787145.fastq.gz,SRR5976181.x.s__JALFVM01 sp022787145,13f540bc,15530000,51,DNA,10000,1553,True,0.893579722201037,0.9222635930295016,0.9079216576152693,0.9222635930295016,True,5,9669,12830,d__Bacteria;p__Bacillota;c__Clostridia;o__Lachnospirales;f__Lachnospiraceae;g__Roseburia_C;s__Roseburia_C amylophila
20000,0.00128783000643915,0.00558659217877095,0.00128783000643915,0.0006235385814497272,4.0,4.0,1.0,/group/ctbrowngrp5/sourmash-db.new/gtdb-rs226/gtdb-rs226-k51.dna.rocksdb,GCA_963663605.1 uncultured Sporobacter sp.,52c3e24acb2563de764897c55a592f25,0.00558659217877095,20000,81,11830000,outputs.mapping/bams.cds.rand/SRR5976181.x.s__JALFVM01 sp022787145.fastq.gz,SRR5976181.x.s__JALFVM01 sp022787145,13f540bc,15530000,51,DNA,10000,1553,True,0.8776685970753191,0.9032883544180165,0.8904784757466677,0.9032883544180165,True,8,9677,12830,d__Bacteria;p__Bacillota;c__Clostridia;o__Oscillospirales;f__Oscillospiraceae;g__Sporobacter;s__Sporobacter sp963663605
70000,0.004507405022537025,0.006514657980456026,0.00128783000643915,0.000779423226812159,5.0,5.0,2.0,/group/ctbrowngrp5/sourmash-db.new/gtdb-rs226/gtdb-rs226-k51.dna.rocksdb,GCF_003480665.1 Clostridium sp. AM28-20LB,590959d2dac3cf37270b7f78d1403138,0.02280130293159609,20000,82,11810000,outputs.mapping/bams.cds.rand/SRR5976181.x.s__JALFVM01 sp022787145.fastq.gz,SRR5976181.x.s__JALFVM01 sp022787145,13f540bc,15530000,51,DNA,10000,1553,True,0.8994946000368468,0.9285453739747852,0.914019987005816,0.9285453739747852,False,10,9687,12830,d__Bacteria;p__Bacillota;c__Clostridia;o__Lachnospirales;f__Lachnospiraceae;g__Otoolea;s__Otoolea fessa
50000,0.003219575016097875,0.005128205128205128,0.00128783000643915,0.0020265003897116133,13.0,13.0,9.0,/group/ctbrowngrp5/sourmash-db.new/gtdb-rs226/gtdb-rs226-k51.dna.rocksdb,GCF_002251435.1 Prevotella sp. P2-180,c5f49e122048abf7e20aaf9064685581,0.01282051282051282,20000,83,11790000,outputs.mapping/bams.cds.rand/SRR5976181.x.s__JALFVM01 sp022787145.fastq.gz,SRR5976181.x.s__JALFVM01 sp022787145,13f540bc,15530000,51,DNA,10000,1553,True,0.893579722201037,0.9181213906608477,0.9058505564309424,0.9181213906608477,True,26,9713,12830,d__Bacteria;p__Bacteroidota;c__Bacteroidia;o__Bacteroidales;f__Bacteroidaceae;g__Prevotella;s__Prevotella sp002251435
20000,0.00128783000643915,0.00816326530612245,0.00128783000643915,0.0002338269680436477,1.5,1.5,0.5,/group/ctbrowngrp5/sourmash-db.new/gtdb-rs226/gtdb-rs226-k51.dna.rocksdb,GCA_022764275.1 Blautia sp.,6d154cc6a1ef63ddf500234060e66a12,0.00816326530612245,20000,84,11770000,outputs.mapping/bams.cds.rand/SRR5976181.x.s__JALFVM01 sp022787145.fastq.gz,SRR5976181.x.s__JALFVM01 sp022787145,13f540bc,15530000,51,DNA,10000,1553,True,0.8776685970753191,0.9100309337997604,0.8938497654375397,0.9100309337997604,True,3,9716,12830,d__Bacteria;p__Bacillota;c__Clostridia;o__Lachnospirales;f__Lachnospiraceae;g__Blautia_A;s__Blautia_A sp022764275
30000,0.0019317450096587251,0.009216589861751152,0.00128783000643915,0.0004676539360872954,3.0,3.0,1.0,/group/ctbrowngrp5/sourmash-db.new/gtdb-rs226/gtdb-rs226-k51.dna.rocksdb,GCA_902466965.1 uncultured Eubacteriales bacterium,79156b918a631b0ba4fc34d1cd035738,0.013824884792626729,20000,85,11750000,outputs.mapping/bams.cds.rand/SRR5976181.x.s__JALFVM01 sp022787145.fastq.gz,SRR5976181.x.s__JALFVM01 sp022787145,13f540bc,15530000,51,DNA,10000,1553,True,0.884674133565548,0.9194802024217343,0.9020771679936412,0.9194802024217343,True,6,9722,12830,d__Bacteria;p__Bacillota;c__Clostridia;o__Oscillospirales;f__Oscillospiraceae;g__CAG-103;s__CAG-103 sp934589185
30000,0.0019317450096587251,0.0076045627376425855,0.00128783000643915,0.0008573655494933749,5.5,5.5,3.5,/group/ctbrowngrp5/sourmash-db.new/gtdb-rs226/gtdb-rs226-k51.dna.rocksdb,GCA_022775085.1 Clostridiales bacterium,2d509dd1575226aef1b5363516e0a251,0.011406844106463879,20000,86,11730000,outputs.mapping/bams.cds.rand/SRR5976181.x.s__JALFVM01 sp022787145.fastq.gz,SRR5976181.x.s__JALFVM01 sp022787145,13f540bc,15530000,51,DNA,10000,1553,True,0.884674133565548,0.9160205273625133,0.9003473304640306,0.9160205273625133,True,11,9733,12830,d__Bacteria;p__Bacillota;c__Clostridia;o__Oscillospirales;f__Oscillospiraceae;g__Faecousia;s__Faecousia sp022775085
40000,0.0025756600128783,0.008733624454148471,0.00128783000643915,0.0002338269680436477,1.5,1.5,0.5,/group/ctbrowngrp5/sourmash-db.new/gtdb-rs226/gtdb-rs226-k51.dna.rocksdb,GCA_034176335.1 Lachnospira sp.,bd05c1e2c7cdb2f8ebe5a222882e370a,0.017467248908296942,20000,87,11710000,outputs.mapping/bams.cds.rand/SRR5976181.x.s__JALFVM01 sp022787145.fastq.gz,SRR5976181.x.s__JALFVM01 sp022787145,13f540bc,15530000,51,DNA,10000,1553,True,0.889678526674049,0.9237061048101245,0.9066923157420868,0.9237061048101245,True,3,9736,12830,d__Bacteria;p__Bacillota;c__Clostridia;o__Lachnospirales;f__Lachnospiraceae;g__Lachnospira;s__Lachnospira sp945648485
40000,0.0025756600128783,0.006756756756756757,0.00128783000643915,0.0001558846453624318,1.0,1.0,0.0,/group/ctbrowngrp5/sourmash-db.new/gtdb-rs226/gtdb-rs226-k51.dna.rocksdb,GCA_938022155.1 uncultured Clostridia bacterium,90bf51c8e839a793b7ba21564b5b53bd,0.013513513513513514,20000,88,11690000,outputs.mapping/bams.cds.rand/SRR5976181.x.s__JALFVM01 sp022787145.fastq.gz,SRR5976181.x.s__JALFVM01 sp022787145,13f540bc,15530000,51,DNA,10000,1553,True,0.889678526674049,0.919069592463689,0.904374059568869,0.919069592463689,True,2,9738,12830,d__Bacteria;p__Bacillota;c__Clostridia;o__HGM11514;f__HGM11514;g__CAKSKB01;s__CAKSKB01 sp902492655
20000,0.00128783000643915,0.007874015748031496,0.00128783000643915,0.0002338269680436477,1.5,1.5,0.5,/group/ctbrowngrp5/sourmash-db.new/gtdb-rs226/gtdb-rs226-k51.dna.rocksdb,GCA_945868445.1 uncultured Dorea sp.,1d566d9384007a9b54b3ac5394e2c15c,0.007874015748031496,20000,89,11670000,outputs.mapping/bams.cds.rand/SRR5976181.x.s__JALFVM01 sp022787145.fastq.gz,SRR5976181.x.s__JALFVM01 sp022787145,13f540bc,15530000,51,DNA,10000,1553,True,0.8776685970753191,0.9093874295165494,0.8935280132959342,0.9093874295165494,True,3,9741,12830,d__Bacteria;p__Bacillota;c__Clostridia;o__Lachnospirales;f__Lachnospiraceae;g__Dorea_A;s__Dorea_A sp016295505
20000,0.00128783000643915,0.0091324200913242,0.00128783000643915,0.004053000779423227,26.0,26.0,25.0,/group/ctbrowngrp5/sourmash-db.new/gtdb-rs226/gtdb-rs226-k51.dna.rocksdb,GCA_902487525.1 uncultured Alistipes sp.,299734f86cd949d589eb8c8789ff5cc6,0.0091324200913242,20000,90,11650000,outputs.mapping/bams.cds.rand/SRR5976181.x.s__JALFVM01 sp022787145.fastq.gz,SRR5976181.x.s__JALFVM01 sp022787145,13f540bc,15530000,51,DNA,10000,1553,True,0.8776685970753191,0.91203496397918,0.8948517805272496,0.91203496397918,True,52,9793,12830,d__Bacteria;p__Bacteroidota;c__Bacteroidia;o__Bacteroidales;f__Rikenellaceae;g__Alistipes;s__Alistipes sp900770635
70000,0.004507405022537025,0.008658008658008658,0.00128783000643915,0.0001558846453624318,1.0,1.0,0.0,/group/ctbrowngrp5/sourmash-db.new/gtdb-rs226/gtdb-rs226-k51.dna.rocksdb,GCA_945829055.1 uncultured bacterium,d1ff92fc097a416645f4b64ba1a58b7b,0.030303030303030304,20000,91,11630000,outputs.mapping/bams.cds.rand/SRR5976181.x.s__JALFVM01 sp022787145.fastq.gz,SRR5976181.x.s__JALFVM01 sp022787145,13f540bc,15530000,51,DNA,10000,1553,True,0.8994946000368468,0.9337383942521409,0.9166164971444939,0.9337383942521409,False,2,9795,12830,d__Bacteria;p__Bacillota;c__Clostridia;o__Lachnospirales;f__Lachnospiraceae;g__Bariatricus;s__Bariatricus sp004560705
60000,0.0038634900193174502,0.008368200836820083,0.00128783000643915,0.0002338269680436477,1.5,1.5,0.5,/group/ctbrowngrp5/sourmash-db.new/gtdb-rs226/gtdb-rs226-k51.dna.rocksdb,GCA_945641335.1 uncultured Lachnospiraceae bacterium,14ae6f77d2966b3194c8f9c1f260a056,0.02510460251046025,20000,92,11610000,outputs.mapping/bams.cds.rand/SRR5976181.x.s__JALFVM01 sp022787145.fastq.gz,SRR5976181.x.s__JALFVM01 sp022787145,13f540bc,15530000,51,DNA,10000,1553,True,0.8967799262273172,0.930299129748269,0.9135395279877931,0.930299129748269,True,3,9798,12830,d__Bacteria;p__Bacillota;c__Clostridia;o__Lachnospirales;f__Lachnospiraceae;g__Suilimivivens;s__Suilimivivens sp018384375
30000,0.0019317450096587251,0.007194244604316547,0.00128783000643915,0.0014809041309431022,9.5,9.5,4.5,/group/ctbrowngrp5/sourmash-db.new/gtdb-rs226/gtdb-rs226-k51.dna.rocksdb,GCA_034093855.1 Prevotella sp.,322898e40c38147ed94a54a2883571ab,0.01079136690647482,20000,93,11590000,outputs.mapping/bams.cds.rand/SRR5976181.x.s__JALFVM01 sp022787145.fastq.gz,SRR5976181.x.s__JALFVM01 sp022787145,13f540bc,15530000,51,DNA,10000,1553,True,0.884674133565548,0.9150248143114421,0.899849473938495,0.9150248143114421,True,19,9817,12830,d__Bacteria;p__Bacteroidota;c__Bacteroidia;o__Bacteroidales;f__Bacteroidaceae;g__Prevotella;s__Prevotella sp022771625
110000,0.0070830650354153256,0.006153846153846154,0.00128783000643915,0.0001558846453624318,1.0,1.0,0.0,/group/ctbrowngrp5/sourmash-db.new/gtdb-rs226/gtdb-rs226-k51.dna.rocksdb,GCA_034086425.1 Oliverpabstia sp.,3e5d4b4fde161cf88ed9a189925e3d4b,0.033846153846153845,20000,94,11570000,outputs.mapping/bams.cds.rand/SRR5976181.x.s__JALFVM01 sp022787145.fastq.gz,SRR5976181.x.s__JALFVM01 sp022787145,13f540bc,15530000,51,DNA,10000,1553,True,0.9075017581432582,0.9357651121642842,0.9216334351537712,0.9357651121642842,False,2,9819,12830,d__Bacteria;p__Bacillota;c__Clostridia;o__Lachnospirales;f__Lachnospiraceae;g__Oliverpabstia;s__Oliverpabstia sp022764165
20000,0.00128783000643915,0.007246376811594203,0.00128783000643915,0.0005455962587685113,3.5,3.5,1.5,/group/ctbrowngrp5/sourmash-db.new/gtdb-rs226/gtdb-rs226-k51.dna.rocksdb,GCA_900316115.1 uncultured Eubacteriales bacterium,338dc35af3e23d0971b1efefcf756740,0.007246376811594203,20000,95,11550000,outputs.mapping/bams.cds.rand/SRR5976181.x.s__JALFVM01 sp022787145.fastq.gz,SRR5976181.x.s__JALFVM01 sp022787145,13f540bc,15530000,51,DNA,10000,1553,True,0.8776685970753191,0.9079074641021062,0.8927880305887126,0.9079074641021062,True,7,9826,12830,d__Bacteria;p__Bacillota;c__Clostridia;o__Lachnospirales;f__Lachnospiraceae;g__Blautia_A;s__Blautia_A sp900316115
40000,0.0025756600128783,0.007380073800738007,0.00128783000643915,0.0010911925175370225,7.0,7.0,5.0,/group/ctbrowngrp5/sourmash-db.new/gtdb-rs226/gtdb-rs226-k51.dna.rocksdb,GCA_945917985.1 uncultured Clostridium sp.,0ba0956380bdda8152e9ecb55628e1c5,0.014760147601476014,20000,96,11530000,outputs.mapping/bams.cds.rand/SRR5976181.x.s__JALFVM01 sp022787145.fastq.gz,SRR5976181.x.s__JALFVM01 sp022787145,13f540bc,15530000,51,DNA,10000,1553,True,0.889678526674049,0.9206611509506253,0.9051698388123371,0.9206611509506253,True,14,9840,12830,d__Bacteria;p__Bacillota;c__Clostridia;o__Lachnospirales;f__Lachnospiraceae;g__Suilimivivens;s__Suilimivivens sp945917985
40000,0.0025756600128783,0.006688963210702341,0.00128783000643915,0.0003117692907248636,2.0,2.0,0.0,/group/ctbrowngrp5/sourmash-db.new/gtdb-rs226/gtdb-rs226-k51.dna.rocksdb,GCA_946407265.1 uncultured Lachnospiraceae bacterium,afdb4d947cee69a6df438936460c68a4,0.013377926421404682,20000,97,11510000,outputs.mapping/bams.cds.rand/SRR5976181.x.s__JALFVM01 sp022787145.fastq.gz,SRR5976181.x.s__JALFVM01 sp022787145,13f540bc,15530000,51,DNA,10000,1553,True,0.889678526674049,0.9188878847972213,0.9042832057356351,0.9188878847972213,True,4,9844,12830,d__Bacteria;p__Bacillota;c__Clostridia;o__Lachnospirales;f__Lachnospiraceae;g__UBA3282;s__UBA3282 sp022781395
80000,0.0051513200257566,0.007246376811594203,0.00128783000643915,0.0003897116134060795,2.5,2.5,0.5,/group/ctbrowngrp5/sourmash-db.new/gtdb-rs226/gtdb-rs226-k51.dna.rocksdb,GCA_021531235.1 Blautia producta,4645e019875be83dc81769376aa27ccc,0.028985507246376812,20000,98,11490000,outputs.mapping/bams.cds.rand/SRR5976181.x.s__JALFVM01 sp022787145.fastq.gz,SRR5976181.x.s__JALFVM01 sp022787145,13f540bc,15530000,51,DNA,10000,1553,True,0.9018527989522904,0.9329248994650923,0.9173888492086913,0.9329248994650923,False,5,9849,12830,d__Bacteria;p__Bacillota;c__Clostridia;o__Lachnospirales;f__Lachnospiraceae;g__Oliverpabstia;s__Oliverpabstia intestinalis
30000,0.0019317450096587251,0.006666666666666667,0.00128783000643915,0.0003117692907248636,2.0,2.0,0.0,/group/ctbrowngrp5/sourmash-db.new/gtdb-rs226/gtdb-rs226-k51.dna.rocksdb,GCA_016293615.1 Acetatifactor sp.,809062d8f4024187379d24557d4d59b6,0.01,20000,99,11470000,outputs.mapping/bams.cds.rand/SRR5976181.x.s__JALFVM01 sp022787145.fastq.gz,SRR5976181.x.s__JALFVM01 sp022787145,13f540bc,15530000,51,DNA,10000,1553,True,0.884674133565548,0.9136593726391776,0.8991667531023628,0.9136593726391776,True,4,9853,12830,d__Bacteria;p__Bacillota;c__Clostridia;o__Lachnospirales;f__Lachnospiraceae;g__Acetatifactor;s__Acetatifactor sp016293615
20000,0.00128783000643915,0.008264462809917356,0.00128783000643915,0.0005455962587685113,3.5,3.5,2.5,/group/ctbrowngrp5/sourmash-db.new/gtdb-rs226/gtdb-rs226-k51.dna.rocksdb,GCA_016293925.1 Lachnospiraceae bacterium,645f3aa4a640dbeaca471059bd2c5ee2,0.008264462809917356,20000,100,11450000,outputs.mapping/bams.cds.rand/SRR5976181.x.s__JALFVM01 sp022787145.fastq.gz,SRR5976181.x.s__JALFVM01 sp022787145,13f540bc,15530000,51,DNA,10000,1553,True,0.8776685970753191,0.9102508039235093,0.8939597004994142,0.9102508039235093,True,7,9860,12830,d__Bacteria;p__Bacillota;c__Clostridia;o__Lachnospirales;f__Lachnospiraceae;g__RGIG4034;s__RGIG4034 sp016293925
50000,0.003219575016097875,0.005141388174807198,0.00128783000643915,0.0001558846453624318,1.0,1.0,0.0,/group/ctbrowngrp5/sourmash-db.new/gtdb-rs226/gtdb-rs226-k51.dna.rocksdb,GCF_003697245.1 Clostridioides difficile,1f78420f304297954cddac2235851bb4,0.012853470437017995,20000,101,11430000,outputs.mapping/bams.cds.rand/SRR5976181.x.s__JALFVM01 sp022787145.fastq.gz,SRR5976181.x.s__JALFVM01 sp022787145,13f540bc,15530000,51,DNA,10000,1553,True,0.893579722201037,0.9181676110542629,0.9058736666276499,0.9181676110542629,True,2,9862,12830,d__Bacteria;p__Bacillota;c__Clostridia;o__Peptostreptococcales;f__Peptostreptococcaceae;g__Clostridioides;s__Clostridioides difficile
30000,0.0019317450096587251,0.005434782608695652,0.00128783000643915,0.0002338269680436477,1.5,1.5,0.5,/group/ctbrowngrp5/sourmash-db.new/gtdb-rs226/gtdb-rs226-k51.dna.rocksdb,GCA_004562765.1 bacterium,f21abf8b5f28158bda072c3feaf477c5,0.008152173913043478,20000,102,11410000,outputs.mapping/bams.cds.rand/SRR5976181.x.s__JALFVM01 sp022787145.fastq.gz,SRR5976181.x.s__JALFVM01 sp022787145,13f540bc,15530000,51,DNA,10000,1553,True,0.884674133565548,0.9100066734208334,0.8973404034931907,0.9100066734208334,True,3,9865,12830,d__Bacteria;p__Bacillota;c__Clostridia;o__Lachnospirales;f__Lachnospiraceae;g__W0P33-017;s__W0P33-017 sp004562765
110000,0.0070830650354153256,0.0034965034965034965,0.00128783000643915,0.0003117692907248636,2.0,2.0,0.0,/group/ctbrowngrp5/sourmash-db.new/gtdb-rs226/gtdb-rs226-k51.dna.rocksdb,GCF_000371545.1 [Clostridium] clostridioforme 90A6,b360ac44cb0bacf1a9cb01b1903c7c7c,0.019230769230769232,20000,103,11390000,outputs.mapping/bams.cds.rand/SRR5976181.x.s__JALFVM01 sp022787145.fastq.gz,SRR5976181.x.s__JALFVM01 sp022787145,13f540bc,15530000,51,DNA,10000,1553,True,0.9075017581432582,0.925449820692602,0.9164757894179301,0.925449820692602,False,4,9869,12830,d__Bacteria;p__Bacillota;c__Clostridia;o__Lachnospirales;f__Lachnospiraceae;g__Enterocloster;s__Enterocloster clostridioformis
20000,0.00128783000643915,0.010416666666666666,0.00128783000643915,0.007950116913484021,51.0,51.0,48.0,/group/ctbrowngrp5/sourmash-db.new/gtdb-rs226/gtdb-rs226-k51.dna.rocksdb,GCA_937984015.1 uncultured Phascolarctobacterium sp.,e0cfdc977895caf17cc430ba4a64b072,0.010416666666666666,20000,104,11370000,outputs.mapping/bams.cds.rand/SRR5976181.x.s__JALFVM01 sp022787145.fastq.gz,SRR5976181.x.s__JALFVM01 sp022787145,13f540bc,15530000,51,DNA,10000,1553,True,0.8776685970753191,0.9143909869311075,0.8960297920032133,0.9143909869311075,True,102,9971,12830,d__Bacteria;p__Bacillota;c__Negativicutes;o__Acidaminococcales;f__Acidaminococcaceae;g__Phascolarctobacterium_A;s__Phascolarctobacterium_A sp900553055
20000,0.00128783000643915,0.017241379310344827,0.00128783000643915,0.0001558846453624318,1.0,1.0,0.0,/group/ctbrowngrp5/sourmash-db.new/gtdb-rs226/gtdb-rs226-k51.dna.rocksdb,GCA_945829695.1 uncultured Clostridia bacterium,11a2b3d6c2f088300a7d38f26effce09,0.017241379310344827,20000,105,11350000,outputs.mapping/bams.cds.rand/SRR5976181.x.s__JALFVM01 sp022787145.fastq.gz,SRR5976181.x.s__JALFVM01 sp022787145,13f540bc,15530000,51,DNA,10000,1553,True,0.8776685970753191,0.9234704020446912,0.9005694995600051,0.9234704020446912,True,2,9973,12830,d__Bacteria;p__Bacillota;c__Clostridia;o__Oscillospirales;f__Oscillospiraceae;g__F23-B02;s__F23-B02 sp945613045
20000,0.00128783000643915,0.013333333333333334,0.00128783000643915,0.0013250194855806703,8.5,8.5,4.5,/group/ctbrowngrp5/sourmash-db.new/gtdb-rs226/gtdb-rs226-k51.dna.rocksdb,GCA_034175705.1 Anaerovoracaceae bacterium,cf1342ba777df5d3b488438c7ee51537,0.013333333333333334,20000,106,11330000,outputs.mapping/bams.cds.rand/SRR5976181.x.s__JALFVM01 sp022787145.fastq.gz,SRR5976181.x.s__JALFVM01 sp022787145,13f540bc,15530000,51,DNA,10000,1553,True,0.8776685970753191,0.9188277284150211,0.8982481627451702,0.9188277284150211,True,17,9990,12830,d__Bacteria;p__Bacillota;c__Clostridia;o__Peptostreptococcales;f__Anaerovoracaceae;g__S5-A14a;s__S5-A14a sp900112915
40000,0.0025756600128783,0.012345679012345678,0.00128783000643915,0.0003897116134060795,2.5,2.5,0.5,/group/ctbrowngrp5/sourmash-db.new/gtdb-rs226/gtdb-rs226-k51.dna.rocksdb,GCA_015655695.1 Eubacterium sp.,04417eda73f5ab84d93802c5f5dc2aea,0.024691358024691357,20000,107,11310000,outputs.mapping/bams.cds.rand/SRR5976181.x.s__JALFVM01 sp022787145.fastq.gz,SRR5976181.x.s__JALFVM01 sp022787145,13f540bc,15530000,51,DNA,10000,1553,True,0.889678526674049,0.9299964142271407,0.9098374704505949,0.9299964142271407,True,5,9995,12830,d__Bacteria;p__Bacillota;c__Clostridia;o__Oscillospirales;f__Acutalibacteraceae;g__Eubacterium_R;s__Eubacterium_R sp900540305
20000,0.00128783000643915,0.00749063670411985,0.00128783000643915,0.003663289166017147,23.5,23.5,21.5,/group/ctbrowngrp5/sourmash-db.new/gtdb-rs226/gtdb-rs226-k51.dna.rocksdb,GCF_021531435.1 Oscillibacter valericigenes,617c99d9156a7335d3a3995071c8d7b4,0.00749063670411985,20000,108,11290000,outputs.mapping/bams.cds.rand/SRR5976181.x.s__JALFVM01 sp022787145.fastq.gz,SRR5976181.x.s__JALFVM01 sp022787145,13f540bc,15530000,51,DNA,10000,1553,True,0.8776685970753191,0.9084978351112296,0.8930832160932743,0.9084978351112296,True,47,10042,12830,d__Bacteria;p__Bacillota;c__Clostridia;o__Oscillospirales;f__Oscillospiraceae;g__Oscillibacter;s__Oscillibacter valericigenes_B
40000,0.0025756600128783,0.008130081300813009,0.00128783000643915,0.0001558846453624318,1.0,1.0,0.0,/group/ctbrowngrp5/sourmash-db.new/gtdb-rs226/gtdb-rs226-k51.dna.rocksdb,GCF_021531975.1 Faecalicatena contorta,4bbb84c6c52428215cbefce961d2b180,0.016260162601626018,20000,109,11270000,outputs.mapping/bams.cds.rand/SRR5976181.x.s__JALFVM01 sp022787145.fastq.gz,SRR5976181.x.s__JALFVM01 sp022787145,13f540bc,15530000,51,DNA,10000,1553,True,0.889678526674049,0.9224100313639713,0.9060442790190102,0.9224100313639713,True,2,10044,12830,d__Bacteria;p__Bacillota;c__Clostridia;o__Lachnospirales;f__Lachnospiraceae;g__JAFBIY01;s__JAFBIY01 sp021531975
40000,0.0025756600128783,0.007142857142857143,0.00128783000643915,0.0012470771628994544,8.0,8.0,5.0,/group/ctbrowngrp5/sourmash-db.new/gtdb-rs226/gtdb-rs226-k51.dna.rocksdb,GCA_945987595.1 uncultured bacterium,ba02e8b93b7e9d5d0748658ae8e80105,0.014285714285714285,20000,110,11250000,outputs.mapping/bams.cds.rand/SRR5976181.x.s__JALFVM01 sp022787145.fastq.gz,SRR5976181.x.s__JALFVM01 sp022787145,13f540bc,15530000,51,DNA,10000,1553,True,0.889678526674049,0.9200715609934823,0.9048750438337656,0.9200715609934823,True,16,10060,12830,d__Bacteria;p__Bacillota;c__Clostridia;o__Lachnospirales;f__Lachnospiraceae;g__W0P33-017;s__W0P33-017 sp022771765
60000,0.0038634900193174502,0.01098901098901099,0.00128783000643915,0.002182385035074045,14.0,14.0,8.0,/group/ctbrowngrp5/sourmash-db.new/gtdb-rs226/gtdb-rs226-k51.dna.rocksdb,GCA_028722585.1 Lachnospiraceae bacterium,3fb3d80f0a443a27b46afca3dba6576f,0.03296703296703297,20000,111,11230000,outputs.mapping/bams.cds.rand/SRR5976181.x.s__JALFVM01 sp022787145.fastq.gz,SRR5976181.x.s__JALFVM01 sp022787145,13f540bc,15530000,51,DNA,10000,1553,True,0.8967799262273172,0.9352823579284587,0.9160311420778879,0.9352823579284587,True,28,10088,12830,d__Bacteria;p__Bacillota;c__Clostridia;o__Lachnospirales;f__Lachnospiraceae;g__UBA2868;s__UBA2868 sp004552595
20000,0.00128783000643915,0.007547169811320755,0.00128783000643915,0.0003117692907248636,2.0,2.0,1.0,/group/ctbrowngrp5/sourmash-db.new/gtdb-rs226/gtdb-rs226-k51.dna.rocksdb,GCA_945877305.1 uncultured Bacteroidales bacterium,0c9037ac245be6fd19b7d86685343e15,0.007547169811320755,20000,112,11210000,outputs.mapping/bams.cds.rand/SRR5976181.x.s__JALFVM01 sp022787145.fastq.gz,SRR5976181.x.s__JALFVM01 sp022787145,13f540bc,15530000,51,DNA,10000,1553,True,0.8776685970753191,0.9086317830822983,0.8931501900788087,0.9086317830822983,True,4,10092,12830,d__Bacteria;p__Bacteroidota;c__Bacteroidia;o__Bacteroidales;f__UBA932;g__Cryptobacteroides;s__Cryptobacteroides sp022777585
20000,0.00128783000643915,0.008658008658008658,0.00128783000643915,0.0003897116134060795,2.5,2.5,1.5,/group/ctbrowngrp5/sourmash-db.new/gtdb-rs226/gtdb-rs226-k51.dna.rocksdb,GCA_958437805.1 uncultured Eubacteriales bacterium,3baa987ad2de5f306507cd985da112b5,0.008658008658008658,20000,113,11190000,outputs.mapping/bams.cds.rand/SRR5976181.x.s__JALFVM01 sp022787145.fastq.gz,SRR5976181.x.s__JALFVM01 sp022787145,13f540bc,15530000,51,DNA,10000,1553,True,0.8776685970753191,0.9110814745136516,0.8943750357944853,0.9110814745136516,True,5,10097,12830,d__Bacteria;p__Bacillota;c__Clostridia;o__Oscillospirales;f__UBA644;g__UBA644;s__UBA644 sp900547165
50000,0.003219575016097875,0.008032128514056224,0.00128783000643915,0.0003117692907248636,2.0,2.0,1.0,/group/ctbrowngrp5/sourmash-db.new/gtdb-rs226/gtdb-rs226-k51.dna.rocksdb,GCA_945913035.1 uncultured Lachnospiraceae bacterium,a02b8b1755705a18eacc9ed0c26ba9d2,0.020080321285140562,20000,114,11170000,outputs.mapping/bams.cds.rand/SRR5976181.x.s__JALFVM01 sp022787145.fastq.gz,SRR5976181.x.s__JALFVM01 sp022787145,13f540bc,15530000,51,DNA,10000,1553,True,0.893579722201037,0.9262345850931617,0.9099071536470993,0.9262345850931617,True,4,10101,12830,d__Bacteria;p__Bacillota;c__Clostridia;o__Lachnospirales;f__Lachnospiraceae;g__CAG-194;s__CAG-194 sp000432915
20000,0.00128783000643915,0.008695652173913044,0.00128783000643915,0.003975058456742011,25.5,25.5,23.5,/group/ctbrowngrp5/sourmash-db.new/gtdb-rs226/gtdb-rs226-k51.dna.rocksdb,GCA_945623225.1 uncultured Butyrivibrio sp.,2ac9c01314c1b3d42b85db402bd74260,0.008695652173913044,20000,115,11150000,outputs.mapping/bams.cds.rand/SRR5976181.x.s__JALFVM01 sp022787145.fastq.gz,SRR5976181.x.s__JALFVM01 sp022787145,13f540bc,15530000,51,DNA,10000,1553,True,0.8776685970753191,0.9111589805028507,0.8944137887890848,0.9111589805028507,True,51,10152,12830,d__Bacteria;p__Bacillota;c__Clostridia;o__Lachnospirales;f__Lachnospiraceae;g__Butyrivibrio_A;s__Butyrivibrio_A sp016297265
30000,0.0019317450096587251,0.006097560975609756,0.00128783000643915,0.0002338269680436477,1.5,1.5,0.5,/group/ctbrowngrp5/sourmash-db.new/gtdb-rs226/gtdb-rs226-k51.dna.rocksdb,GCA_022773965.1 Lachnospiraceae bacterium,8da97a9192c3505456cacd3cea851a94,0.009146341463414634,20000,116,11130000,outputs.mapping/bams.cds.rand/SRR5976181.x.s__JALFVM01 sp022787145.fastq.gz,SRR5976181.x.s__JALFVM01 sp022787145,13f540bc,15530000,51,DNA,10000,1553,True,0.884674133565548,0.9120622043585074,0.8983681689620278,0.9120622043585074,True,3,10155,12830,d__Bacteria;p__Bacillota;c__Clostridia;o__Lachnospirales;f__Lachnospiraceae;g__W0P33-017;s__W0P33-017 sp022773965
50000,0.003219575016097875,0.005390835579514825,0.00128783000643915,0.000779423226812159,5.0,5.0,3.0,/group/ctbrowngrp5/sourmash-db.new/gtdb-rs226/gtdb-rs226-k51.dna.rocksdb,GCF_021531135.1 Segatella hominis,fbfb9fa1cd55529571913ff882c8b132,0.013477088948787063,20000,117,11110000,outputs.mapping/bams.cds.rand/SRR5976181.x.s__JALFVM01 sp022787145.fastq.gz,SRR5976181.x.s__JALFVM01 sp022787145,13f540bc,15530000,51,DNA,10000,1553,True,0.893579722201037,0.9190209541195856,0.9063003381603113,0.9190209541195856,True,10,10165,12830,d__Bacteria;p__Bacteroidota;c__Bacteroidia;o__Bacteroidales;f__Bacteroidaceae;g__Prevotella;s__Prevotella sp945863825
20000,0.00128783000643915,0.00816326530612245,0.00128783000643915,0.0002338269680436477,1.5,1.5,0.5,/group/ctbrowngrp5/sourmash-db.new/gtdb-rs226/gtdb-rs226-k51.dna.rocksdb,GCA_963622585.1 bacterium,61c4cf4abf8e01a4e3e3284b553b458f,0.00816326530612245,20000,118,11090000,outputs.mapping/bams.cds.rand/SRR5976181.x.s__JALFVM01 sp022787145.fastq.gz,SRR5976181.x.s__JALFVM01 sp022787145,13f540bc,15530000,51,DNA,10000,1553,True,0.8776685970753191,0.9100309337997604,0.8938497654375397,0.9100309337997604,True,3,10168,12830,d__Bacteria;p__Bacillota;c__Clostridia;o__Oscillospirales;f__Oscillospiraceae;g__Evtepia;s__Evtepia excrementipullorum
20000,0.00128783000643915,0.006920415224913495,0.00128783000643915,0.0003897116134060795,2.5,2.5,1.5,/group/ctbrowngrp5/sourmash-db.new/gtdb-rs226/gtdb-rs226-k51.dna.rocksdb,GCA_945871575.1 uncultured Lachnobacterium sp.,bb5228f4df890347084dc5779551efb2,0.006920415224913495,20000,119,11070000,outputs.mapping/bams.cds.rand/SRR5976181.x.s__JALFVM01 sp022787145.fastq.gz,SRR5976181.x.s__JALFVM01 sp022787145,13f540bc,15530000,51,DNA,10000,1553,True,0.8776685970753191,0.907088477090657,0.892378537082988,0.907088477090657,True,5,10173,12830,d__Bacteria;p__Bacillota;c__Clostridia;o__Lachnospirales;f__Lachnospiraceae;g__Agathobacter;s__Agathobacter sp900548765
90000,0.005795235028976175,0.006688963210702341,0.00128783000643915,0.0009353078721745908,6.0,6.0,5.0,/group/ctbrowngrp5/sourmash-db.new/gtdb-rs226/gtdb-rs226-k51.dna.rocksdb,GCA_036727505.1 Clostridiales bacterium,ce5cc05a191f0b425f6b3aadd8ba739f,0.030100334448160536,20000,120,11050000,outputs.mapping/bams.cds.rand/SRR5976181.x.s__JALFVM01 sp022787145.fastq.gz,SRR5976181.x.s__JALFVM01 sp022787145,13f540bc,15530000,51,DNA,10000,1553,True,0.9039380090365066,0.933615525392668,0.9187767672145872,0.933615525392668,False,12,10185,12830,d__Bacteria;p__Bacillota;c__Clostridia;o__Oscillospirales;f__Acutalibacteraceae;g__Ruminococcoides;s__Ruminococcoides intestinalis
80000,0.0051513200257566,0.00749063670411985,0.00128783000643915,0.0002338269680436477,1.5,1.5,0.5,/group/ctbrowngrp5/sourmash-db.new/gtdb-rs226/gtdb-rs226-k51.dna.rocksdb,GCA_034089445.1 Bariatricus sp.,9d20418ff58b4b6be00dd7d677cf98ec,0.0299625468164794,20000,121,11030000,outputs.mapping/bams.cds.rand/SRR5976181.x.s__JALFVM01 sp022787145.fastq.gz,SRR5976181.x.s__JALFVM01 sp022787145,13f540bc,15530000,51,DNA,10000,1553,True,0.9018527989522904,0.9335315381767568,0.9176921685645236,0.9335315381767568,False,3,10188,12830,d__Bacteria;p__Bacillota;c__Clostridia;o__Lachnospirales;f__Lachnospiraceae;g__Bariatricus;s__Bariatricus sp004560705
50000,0.003219575016097875,0.009615384615384616,0.00128783000643915,0.0002338269680436477,1.5,1.5,0.5,/group/ctbrowngrp5/sourmash-db.new/gtdb-rs226/gtdb-rs226-k51.dna.rocksdb,GCA_945949755.1 uncultured Lachnospiraceae bacterium,20448333db67dd4c08c91943534708b0,0.02403846153846154,20000,122,11010000,outputs.mapping/bams.cds.rand/SRR5976181.x.s__JALFVM01 sp022787145.fastq.gz,SRR5976181.x.s__JALFVM01 sp022787145,13f540bc,15530000,51,DNA,10000,1553,True,0.893579722201037,0.9295078715420865,0.9115437968715617,0.9295078715420865,True,3,10191,12830,d__Bacteria;p__Bacillota;c__Clostridia;o__Lachnospirales;f__Lachnospiraceae;g__Agathobacter;s__Agathobacter sp945868435
20000,0.00128783000643915,0.005571030640668524,0.00128783000643915,0.0003897116134060795,2.5,2.5,1.5,/group/ctbrowngrp5/sourmash-db.new/gtdb-rs226/gtdb-rs226-k51.dna.rocksdb,GCA_029011435.1 Oscillospiraceae bacterium,e17bdae51f3ccd12d7ea0f13b3ccec58,0.005571030640668524,20000,123,10990000,outputs.mapping/bams.cds.rand/SRR5976181.x.s__JALFVM01 sp022787145.fastq.gz,SRR5976181.x.s__JALFVM01 sp022787145,13f540bc,15530000,51,DNA,10000,1553,True,0.8776685970753191,0.9032389511725633,0.8904537741239411,0.9032389511725633,True,5,10196,12830,d__Bacteria;p__Bacillota;c__Clostridia;o__Oscillospirales;f__Ruminococcaceae;g__HUN007;s__HUN007 sp945876405
20000,0.00128783000643915,0.006211180124223602,0.00128783000643915,0.00303975058456742,19.5,19.5,17.5,/group/ctbrowngrp5/sourmash-db.new/gtdb-rs226/gtdb-rs226-k51.dna.rocksdb,GCA_945829235.1 uncultured Clostridia bacterium,027f8866c01de0ca4a880ef92a3c6059,0.006211180124223602,20000,124,10970000,outputs.mapping/bams.cds.rand/SRR5976181.x.s__JALFVM01 sp022787145.fastq.gz,SRR5976181.x.s__JALFVM01 sp022787145,13f540bc,15530000,51,DNA,10000,1553,True,0.8776685970753191,0.9051674002771832,0.8914179986762512,0.9051674002771832,True,39,10235,12830,d__Bacteria;p__Bacillota;c__Clostridia;o__Oscillospirales;f__Ruminococcaceae;g__CAG-115;s__CAG-115 sp945829235
20000,0.00128783000643915,0.006269592476489028,0.00128783000643915,0.0001558846453624318,1.0,1.0,0.0,/group/ctbrowngrp5/sourmash-db.new/gtdb-rs226/gtdb-rs226-k51.dna.rocksdb,GCA_022781515.1 Lachnospiraceae bacterium,6d7c17c94b4ad04753ffd58f7174f32c,0.006269592476489028,20000,125,10950000,outputs.mapping/bams.cds.rand/SRR5976181.x.s__JALFVM01 sp022787145.fastq.gz,SRR5976181.x.s__JALFVM01 sp022787145,13f540bc,15530000,51,DNA,10000,1553,True,0.8776685970753191,0.905333548222742,0.8915010726490306,0.905333548222742,True,2,10237,12830,d__Bacteria;p__Bacillota;c__Clostridia;o__Lachnospirales;f__Lachnospiraceae;g__TWA4;s__TWA4 sp022781515
30000,0.0019317450096587251,0.005037783375314861,0.00128783000643915,0.0004676539360872954,3.0,3.0,1.0,/group/ctbrowngrp5/sourmash-db.new/gtdb-rs226/gtdb-rs226-k51.dna.rocksdb,GCF_014174405.1 Variimorphobacter saccharofermentans,2945750e053bc70101d6a3e8c29512a0,0.007556675062972292,20000,126,10930000,outputs.mapping/bams.cds.rand/SRR5976181.x.s__JALFVM01 sp022787145.fastq.gz,SRR5976181.x.s__JALFVM01 sp022787145,13f540bc,15530000,51,DNA,10000,1553,True,0.884674133565548,0.9086542079176347,0.8966641707415914,0.9086542079176347,True,6,10243,12830,d__Bacteria;p__Bacillota;c__Clostridia;o__Lachnospirales;f__Lachnospiraceae;g__Mobilitalea;s__Mobilitalea saccharofermentans
20000,0.00128783000643915,0.01652892561983471,0.00128783000643915,0.0001558846453624318,1.0,1.0,0.0,/group/ctbrowngrp5/sourmash-db.new/gtdb-rs226/gtdb-rs226-k51.dna.rocksdb,GCA_021628645.1 Clostridiales bacterium,b2697774c8419f47cceee2ecf8644f2b,0.01652892561983471,20000,127,10910000,outputs.mapping/bams.cds.rand/SRR5976181.x.s__JALFVM01 sp022787145.fastq.gz,SRR5976181.x.s__JALFVM01 sp022787145,13f540bc,15530000,51,DNA,10000,1553,True,0.8776685970753191,0.9227065851930429,0.900187591134181,0.9227065851930429,True,2,10245,12830,d__Bacteria;p__Bacillota;c__Clostridia;o__Christensenellales;f__Borkfalkiaceae;g__UBA1259;s__UBA1259 sp905210545
20000,0.00128783000643915,0.008547008547008548,0.00128783000643915,0.0018706157443491816,12.0,12.0,10.0,/group/ctbrowngrp5/sourmash-db.new/gtdb-rs226/gtdb-rs226-k51.dna.rocksdb,GCA_902472755.1 uncultured Bacteroides sp.,c05bf258e14b04298f1152f9101f69e1,0.008547008547008548,20000,128,10890000,outputs.mapping/bams.cds.rand/SRR5976181.x.s__JALFVM01 sp022787145.fastq.gz,SRR5976181.x.s__JALFVM01 sp022787145,13f540bc,15530000,51,DNA,10000,1553,True,0.8776685970753191,0.9108509928265499,0.8942597949509346,0.9108509928265499,True,24,10269,12830,d__Bacteria;p__Bacteroidota;c__Bacteroidia;o__Bacteroidales;f__UBA932;g__Cryptobacteroides;s__Cryptobacteroides sp900546925
30000,0.0019317450096587251,0.006622516556291391,0.00128783000643915,0.0003117692907248636,2.0,2.0,0.0,/group/ctbrowngrp5/sourmash-db.new/gtdb-rs226/gtdb-rs226-k51.dna.rocksdb,GCA_003458745.1 Coprococcus eutactus,1c38bd141054ac07f81635c28f117873,0.009933774834437087,20000,129,10870000,outputs.mapping/bams.cds.rand/SRR5976181.x.s__JALFVM01 sp022787145.fastq.gz,SRR5976181.x.s__JALFVM01 sp022787145,13f540bc,15530000,51,DNA,10000,1553,True,0.884674133565548,0.9135403441435254,0.8991072388545367,0.9135403441435254,True,4,10273,12830,d__Bacteria;p__Bacillota;c__Clostridia;o__Lachnospirales;f__Lachnospiraceae;g__Coprococcus;s__Coprococcus eutactus
20000,0.00128783000643915,0.008888888888888889,0.00128783000643915,0.0002338269680436477,1.5,1.5,0.5,/group/ctbrowngrp5/sourmash-db.new/gtdb-rs226/gtdb-rs226-k51.dna.rocksdb,GCA_945912215.1 uncultured Clostridia bacterium,5e916bded231376a6a63122a30d8fcea,0.008888888888888889,20000,130,10850000,outputs.mapping/bams.cds.rand/SRR5976181.x.s__JALFVM01 sp022787145.fastq.gz,SRR5976181.x.s__JALFVM01 sp022787145,13f540bc,15530000,51,DNA,10000,1553,True,0.8776685970753191,0.9115517372501132,0.8946101671627161,0.9115517372501132,True,3,10276,12830,d__Bacteria;p__Bacillota;c__Clostridia;o__Oscillospirales;f__Oscillospiraceae;g__Faecousia;s__Faecousia sp022786995
20000,0.00128783000643915,0.00909090909090909,0.00128783000643915,0.0004676539360872954,3.0,3.0,2.0,/group/ctbrowngrp5/sourmash-db.new/gtdb-rs226/gtdb-rs226-k51.dna.rocksdb,GCA_948767555.1 Duncaniella muris,2002747ebbc1653df31dea1344e64d1a,0.00909090909090909,20000,131,10830000,outputs.mapping/bams.cds.rand/SRR5976181.x.s__JALFVM01 sp022787145.fastq.gz,SRR5976181.x.s__JALFVM01 sp022787145,13f540bc,15530000,51,DNA,10000,1553,True,0.8776685970753191,0.9119534957754483,0.8948110464253837,0.9119534957754483,True,6,10282,12830,d__Bacteria;p__Bacteroidota;c__Bacteroidia;o__Bacteroidales;f__Muribaculaceae;g__Duncaniella;s__Duncaniella muris
30000,0.0019317450096587251,0.008064516129032258,0.00128783000643915,0.0007014809041309431,4.5,4.5,3.5,/group/ctbrowngrp5/sourmash-db.new/gtdb-rs226/gtdb-rs226-k51.dna.rocksdb,GCA_945910165.1 uncultured Lachnobacterium sp.,cc6e5cd6bbed0eb987cf64dff04fa916,0.012096774193548387,20000,132,10810000,outputs.mapping/bams.cds.rand/SRR5976181.x.s__JALFVM01 sp022787145.fastq.gz,SRR5976181.x.s__JALFVM01 sp022787145,13f540bc,15530000,51,DNA,10000,1553,True,0.884674133565548,0.9170759107029064,0.9008750221342272,0.9170759107029064,True,9,10291,12830,d__Bacteria;p__Bacillota;c__Clostridia;o__Lachnospirales;f__Lachnospiraceae;g__Agathobacter;s__Agathobacter sp900549895
20000,0.00128783000643915,0.009615384615384616,0.00128783000643915,0.0005455962587685113,3.5,3.5,1.5,/group/ctbrowngrp5/sourmash-db.new/gtdb-rs226/gtdb-rs226-k51.dna.rocksdb,GCA_004556665.1 Clostridiales bacterium,8f016efb1a36e1c8cecd70bb6edece7c,0.009615384615384616,20000,133,10790000,outputs.mapping/bams.cds.rand/SRR5976181.x.s__JALFVM01 sp022787145.fastq.gz,SRR5976181.x.s__JALFVM01 sp022787145,13f540bc,15530000,51,DNA,10000,1553,True,0.8776685970753191,0.9129570079962835,0.8953128025358013,0.9129570079962835,True,7,10298,12830,d__Bacteria;p__Bacillota;c__Clostridia;o__Oscillospirales;f__Oscillospiraceae;g__Apopatocola;s__Apopatocola sp004557735
20000,0.00128783000643915,0.005934718100890208,0.00128783000643915,0.0001558846453624318,1.0,1.0,0.0,/group/ctbrowngrp5/sourmash-db.new/gtdb-rs226/gtdb-rs226-k51.dna.rocksdb,GCA_034099945.1 Lachnospiraceae bacterium,8186cbd321bcea1a4c4b5348366cbbb9,0.005934718100890208,20000,134,10770000,outputs.mapping/bams.cds.rand/SRR5976181.x.s__JALFVM01 sp022787145.fastq.gz,SRR5976181.x.s__JALFVM01 sp022787145,13f540bc,15530000,51,DNA,10000,1553,True,0.8776685970753191,0.9043596525606069,0.891014124817963,0.9043596525606069,True,2,10300,12830,d__Bacteria;p__Bacillota;c__Clostridia;o__Lachnospirales;f__Lachnospiraceae;g__JAGZHZ01;s__JAGZHZ01 sp022788205
70000,0.004507405022537025,0.011494252873563218,0.00128783000643915,0.001558846453624318,10.0,10.0,9.0,/group/ctbrowngrp5/sourmash-db.new/gtdb-rs226/gtdb-rs226-k51.dna.rocksdb,GCA_945965555.1 uncultured Clostridia bacterium,ad0e42e3fad74d815d07b5d9ee266cbc,0.040229885057471264,20000,135,10750000,outputs.mapping/bams.cds.rand/SRR5976181.x.s__JALFVM01 sp022787145.fastq.gz,SRR5976181.x.s__JALFVM01 sp022787145,13f540bc,15530000,51,DNA,10000,1553,True,0.8994946000368468,0.938940801383236,0.9192177007100414,0.938940801383236,False,20,10320,12830,d__Bacteria;p__Bacillota;c__Clostridia;o__Christensenellales;f__CAG-138;g__RGIG1693;s__RGIG1693 sp016293975
50000,0.003219575016097875,0.004319654427645789,0.00128783000643915,0.0013250194855806703,8.5,8.5,5.5,/group/ctbrowngrp5/sourmash-db.new/gtdb-rs226/gtdb-rs226-k51.dna.rocksdb,GCF_000371625.1 Clostridium butyricum 60E.3,d01495ab31760e2371faf8a140e232f5,0.01079913606911447,20000,136,10730000,outputs.mapping/bams.cds.rand/SRR5976181.x.s__JALFVM01 sp022787145.fastq.gz,SRR5976181.x.s__JALFVM01 sp022787145,13f540bc,15530000,51,DNA,10000,1553,True,0.893579722201037,0.915037726719065,0.904308724460051,0.915037726719065,True,17,10337,12830,d__Bacteria;p__Bacillota;c__Clostridia;o__Clostridiales;f__Clostridiaceae;g__Clostridium;s__Clostridium butyricum
20000,0.00128783000643915,0.01015228426395939,0.00128783000643915,0.007872174590802805,50.5,50.5,48.5,/group/ctbrowngrp5/sourmash-db.new/gtdb-rs226/gtdb-rs226-k51.dna.rocksdb,GCA_945963155.1 uncultured Veillonellaceae bacterium,356b40004b2f6c5b30f2d12eb95c8a0f,0.01015228426395939,20000,137,10710000,outputs.mapping/bams.cds.rand/SRR5976181.x.s__JALFVM01 sp022787145.fastq.gz,SRR5976181.x.s__JALFVM01 sp022787145,13f540bc,15530000,51,DNA,10000,1553,True,0.8776685970753191,0.9139301719160373,0.8957993844956782,0.9139301719160373,True,101,10438,12830,d__Bacteria;p__Bacillota;c__Negativicutes;o__Selenomonadales;f__Selenomonadaceae;g__Anaerovibrio;s__Anaerovibrio sp900548165
10000,0.000643915003219575,0.006211180124223602,0.000643915003219575,0.0002338269680436477,3.0,3.0,0.0,/group/ctbrowngrp5/sourmash-db.new/gtdb-rs226/gtdb-rs226-k51.dna.rocksdb,GCA_029226325.1 Bacillota bacterium,7f10a60d6bb7317cd47cdaede8100a99,0.006211180124223602,10000,138,10700000,outputs.mapping/bams.cds.rand/SRR5976181.x.s__JALFVM01 sp022787145.fastq.gz,SRR5976181.x.s__JALFVM01 sp022787145,13f540bc,15530000,51,DNA,10000,1553,True,0.8658207916648684,0.9051674002771832,0.8854940959710258,0.9051674002771832,True,3,10441,12830,d__Bacteria;p__Bacillota;c__Clostridia;o__Peptostreptococcales;f__Anaerovoracaceae;g__Lentihominibacter;s__Lentihominibacter sp022780965
20000,0.00128783000643915,0.002840909090909091,0.000643915003219575,7.79423226812159e-05,1.0,1.0,0.0,/group/ctbrowngrp5/sourmash-db.new/gtdb-rs226/gtdb-rs226-k51.dna.rocksdb,GCF_027697445.1 Mediterraneibacter gnavus,236040bd67007dd4d08974fe81001a8d,0.005681818181818182,10000,139,10690000,outputs.mapping/bams.cds.rand/SRR5976181.x.s__JALFVM01 sp022787145.fastq.gz,SRR5976181.x.s__JALFVM01 sp022787145,13f540bc,15530000,51,DNA,10000,1553,True,0.8776685970753191,0.9035877610647627,0.8906281790700409,0.9035877610647627,True,1,10442,12830,d__Bacteria;p__Bacillota;c__Clostridia;o__Lachnospirales;f__Lachnospiraceae;g__Ruminococcus_B;s__Ruminococcus_B gnavus
10000,0.000643915003219575,0.004291845493562232,0.000643915003219575,7.79423226812159e-05,1.0,1.0,0.0,/group/ctbrowngrp5/sourmash-db.new/gtdb-rs226/gtdb-rs226-k51.dna.rocksdb,GCA_937990125.1 uncultured Collinsella sp.,3704d3ea31e981f4e54d1673bc96bf60,0.004291845493562232,10000,140,10680000,outputs.mapping/bams.cds.rand/SRR5976181.x.s__JALFVM01 sp022787145.fastq.gz,SRR5976181.x.s__JALFVM01 sp022787145,13f540bc,15530000,51,DNA,10000,1553,True,0.8658207916648684,0.8986307105512661,0.8822257511080672,0.8986307105512661,True,1,10443,12830,d__Bacteria;p__Actinomycetota;c__Coriobacteriia;o__Coriobacteriales;f__Coriobacteriaceae;g__Collinsella;s__Collinsella sp900754435
10000,0.000643915003219575,0.003875968992248062,0.000643915003219575,7.79423226812159e-05,1.0,1.0,0.0,/group/ctbrowngrp5/sourmash-db.new/gtdb-rs226/gtdb-rs226-k51.dna.rocksdb,GCA_014359945.1 Desulfomicrobiaceae bacterium,b5422d123fc0b29eea240e4e6a607cf7,0.003875968992248062,10000,141,10670000,outputs.mapping/bams.cds.rand/SRR5976181.x.s__JALFVM01 sp022787145.fastq.gz,SRR5976181.x.s__JALFVM01 sp022787145,13f540bc,15530000,51,DNA,10000,1553,True,0.8658207916648684,0.8968366321005671,0.8813287118827178,0.8968366321005671,True,1,10444,12830,d__Bacteria;p__Desulfobacterota_I;c__Desulfovibrionia;o__Desulfovibrionales;f__Desulfomicrobiaceae;g__Thermodesulfomicrobium;s__Thermodesulfomicrobium sp003530935
10000,0.000643915003219575,0.0038910505836575876,0.000643915003219575,0.0001558846453624318,2.0,2.0,0.0,/group/ctbrowngrp5/sourmash-db.new/gtdb-rs226/gtdb-rs226-k51.dna.rocksdb,GCA_902782345.1 uncultured Sarcina sp.,b17c3e45c843a0849c57476e8d3702e4,0.0038910505836575876,10000,142,10660000,outputs.mapping/bams.cds.rand/SRR5976181.x.s__JALFVM01 sp022787145.fastq.gz,SRR5976181.x.s__JALFVM01 sp022787145,13f540bc,15530000,51,DNA,10000,1553,True,0.8658207916648684,0.8969049261729743,0.8813628589189213,0.8969049261729743,True,2,10446,12830,d__Bacteria;p__Bacillota;c__Clostridia;o__Lachnospirales;f__Lachnospiraceae;g__Wujia;s__Wujia hominis
10000,0.000643915003219575,0.004366812227074236,0.000643915003219575,7.79423226812159e-05,1.0,1.0,0.0,/group/ctbrowngrp5/sourmash-db.new/gtdb-rs226/gtdb-rs226-k51.dna.rocksdb,GCA_934842325.1 Faecalibacterium prausnitzii,2f816eb35c8b91a967c167a764fba069,0.004366812227074236,10000,143,10650000,outputs.mapping/bams.cds.rand/SRR5976181.x.s__JALFVM01 sp022787145.fastq.gz,SRR5976181.x.s__JALFVM01 sp022787145,13f540bc,15530000,51,DNA,10000,1553,True,0.8658207916648684,0.8989358818428389,0.8823783367538536,0.8989358818428389,True,1,10447,12830,d__Bacteria;p__Bacillota;c__Clostridia;o__Oscillospirales;f__Ruminococcaceae;g__Faecalibacterium;s__Faecalibacterium prausnitzii
20000,0.00128783000643915,0.004016064257028112,0.000643915003219575,7.79423226812159e-05,1.0,1.0,0.0,/group/ctbrowngrp5/sourmash-db.new/gtdb-rs226/gtdb-rs226-k51.dna.rocksdb,GCA_029012065.1 Clostridium sp.,b44b527e2c183d797d1ea260d9c8b950,0.008032128514056224,10000,144,10640000,outputs.mapping/bams.cds.rand/SRR5976181.x.s__JALFVM01 sp022787145.fastq.gz,SRR5976181.x.s__JALFVM01 sp022787145,13f540bc,15530000,51,DNA,10000,1553,True,0.8776685970753191,0.9097420058492147,0.8937053014622669,0.9097420058492147,True,1,10448,12830,d__Bacteria;p__Bacillota;c__Clostridia;o__Lachnospirales;f__Lachnospiraceae;g__Otoolea;s__Otoolea sp016302185
20000,0.00128783000643915,0.004273504273504274,0.000643915003219575,0.0003117692907248636,4.0,4.0,0.0,/group/ctbrowngrp5/sourmash-db.new/gtdb-rs226/gtdb-rs226-k51.dna.rocksdb,GCA_036306965.1 Acutalibacteraceae bacterium,7f0dc7d2e25cde27b722ed2653abc236,0.008547008547008548,10000,145,10630000,outputs.mapping/bams.cds.rand/SRR5976181.x.s__JALFVM01 sp022787145.fastq.gz,SRR5976181.x.s__JALFVM01 sp022787145,13f540bc,15530000,51,DNA,10000,1553,True,0.8776685970753191,0.9108509928265499,0.8942597949509346,0.9108509928265499,True,4,10452,12830,d__Bacteria;p__Bacillota;c__Clostridia;o__Oscillospirales;f__Acutalibacteraceae;g__CAG-964;s__CAG-964 sp036306965
10000,0.000643915003219575,0.0032679738562091504,0.000643915003219575,7.79423226812159e-05,1.0,1.0,0.0,/group/ctbrowngrp5/sourmash-db.new/gtdb-rs226/gtdb-rs226-k51.dna.rocksdb,GCA_023451575.1 Bacteroidota bacterium,e6b605e8eb6868a1e2efa28e03829309,0.0032679738562091504,10000,146,10620000,outputs.mapping/bams.cds.rand/SRR5976181.x.s__JALFVM01 sp022787145.fastq.gz,SRR5976181.x.s__JALFVM01 sp022787145,13f540bc,15530000,51,DNA,10000,1553,True,0.8658207916648684,0.8938411904895232,0.8798309910771958,0.8938411904895232,True,1,10453,12830,d__Bacteria;p__Bacteroidota;c__Bacteroidia;o__Bacteroidales;f__Bacteroidaceae;g__Prevotella;s__Prevotella sp900313215
20000,0.00128783000643915,0.0029411764705882353,0.000643915003219575,0.000779423226812159,10.0,10.0,0.0,/group/ctbrowngrp5/sourmash-db.new/gtdb-rs226/gtdb-rs226-k51.dna.rocksdb,GCA_023439945.1 Bacillota bacterium,de1ea2a50af74b85ae3b3f8442c8a0ea,0.0058823529411764705,10000,147,10610000,outputs.mapping/bams.cds.rand/SRR5976181.x.s__JALFVM01 sp022787145.fastq.gz,SRR5976181.x.s__JALFVM01 sp022787145,13f540bc,15530000,51,DNA,10000,1553,True,0.8776685970753191,0.9042025082392618,0.8909355526572904,0.9042025082392618,True,10,10463,12830,d__Bacteria;p__Bacillota;c__Clostridia;o__Lachnospirales;f__Lachnospiraceae;g__Dorea;s__Dorea formicigenerans
10000,0.000643915003219575,0.0035335689045936395,0.000643915003219575,0.0001558846453624318,2.0,2.0,0.0,/group/ctbrowngrp5/sourmash-db.new/gtdb-rs226/gtdb-rs226-k51.dna.rocksdb,GCA_001604035.1 Clostridiales bacterium Firm_05,ab5ac23c7ef47a75ff07b6e549bde1c6,0.0035335689045936395,10000,148,10600000,outputs.mapping/bams.cds.rand/SRR5976181.x.s__JALFVM01 sp022787145.fastq.gz,SRR5976181.x.s__JALFVM01 sp022787145,13f540bc,15530000,51,DNA,10000,1553,True,0.8658207916648684,0.8952117135678687,0.8805162526163686,0.8952117135678687,True,2,10465,12830,d__Bacteria;p__Bacillota;c__Clostridia;o__Oscillospirales;f__Ruminococcaceae;g__Ruminococcus;s__Ruminococcus sp001604035
50000,0.003219575016097875,0.0024630541871921183,0.000643915003219575,7.79423226812159e-05,1.0,1.0,0.0,/group/ctbrowngrp5/sourmash-db.new/gtdb-rs226/gtdb-rs226-k51.dna.rocksdb,GCF_013301625.1 Blautia wexlerae,59ca8ebce7f7dc036ad230d6c994627b,0.012315270935960592,10000,149,10590000,outputs.mapping/bams.cds.rand/SRR5976181.x.s__JALFVM01 sp022787145.fastq.gz,SRR5976181.x.s__JALFVM01 sp022787145,13f540bc,15530000,51,DNA,10000,1553,True,0.893579722201037,0.917397864629951,0.905488793415494,0.917397864629951,True,1,10466,12830,d__Bacteria;p__Bacillota;c__Clostridia;o__Lachnospirales;f__Lachnospiraceae;g__Blautia_A;s__Blautia_A wexlerae
20000,0.00128783000643915,0.0037735849056603774,0.000643915003219575,0.0005455962587685113,7.0,7.0,0.0,/group/ctbrowngrp5/sourmash-db.new/gtdb-rs226/gtdb-rs226-k51.dna.rocksdb,GCF_018918025.1 Oscillibacter sp. MSJ-31,b4b9b3d4ee70eb2a856753f090684864,0.007547169811320755,10000,150,10580000,outputs.mapping/bams.cds.rand/SRR5976181.x.s__JALFVM01 sp022787145.fastq.gz,SRR5976181.x.s__JALFVM01 sp022787145,13f540bc,15530000,51,DNA,10000,1553,True,0.8776685970753191,0.9086317830822983,0.8931501900788087,0.9086317830822983,True,7,10473,12830,d__Bacteria;p__Bacillota;c__Clostridia;o__Oscillospirales;f__Oscillospiraceae;g__Hominicoprocola;s__Hominicoprocola sp900317525
30000,0.0019317450096587251,0.003484320557491289,0.000643915003219575,0.0001558846453624318,2.0,2.0,0.0,/group/ctbrowngrp5/sourmash-db.new/gtdb-rs226/gtdb-rs226-k51.dna.rocksdb,GCA_027684195.1 Lachnospiraceae bacterium AF22-4AC,a35074dd6ce4e08b4a97556ddbe73827,0.010452961672473868,10000,151,10570000,outputs.mapping/bams.cds.rand/SRR5976181.x.s__JALFVM01 sp022787145.fastq.gz,SRR5976181.x.s__JALFVM01 sp022787145,13f540bc,15530000,51,DNA,10000,1553,True,0.884674133565548,0.9144533516772876,0.8995637426214178,0.9144533516772876,True,2,10475,12830,d__Bacteria;p__Bacillota;c__Clostridia;o__Lachnospirales;f__Lachnospiraceae;g__Coprococcus;s__Coprococcus sp000154245
10000,0.000643915003219575,0.010526315789473684,0.000643915003219575,0.0001558846453624318,2.0,2.0,0.0,/group/ctbrowngrp5/sourmash-db.new/gtdb-rs226/gtdb-rs226-k51.dna.rocksdb,GCA_944350255.1 Candidatus Caccopulliclostridium gallistercoris,0a336fd0ee5111b1e16d0172dac309ec,0.010526315789473684,10000,152,10560000,outputs.mapping/bams.cds.rand/SRR5976181.x.s__JALFVM01 sp022787145.fastq.gz,SRR5976181.x.s__JALFVM01 sp022787145,13f540bc,15530000,51,DNA,10000,1553,True,0.8658207916648684,0.9145787486024968,0.8901997701336826,0.9145787486024968,True,2,10477,12830,d__Bacteria;p__Bacillota;c__Clostridia;o__Christensenellales;f__UBA1242;g__Caccopulliclostridium;s__Caccopulliclostridium gallistercoris
10000,0.000643915003219575,0.004807692307692308,0.000643915003219575,0.0003117692907248636,4.0,4.0,0.0,/group/ctbrowngrp5/sourmash-db.new/gtdb-rs226/gtdb-rs226-k51.dna.rocksdb,GCA_036775775.1 Lachnospiraceae bacterium,33f30ca3d5f9ccc3355177889365b1e5,0.004807692307692308,10000,153,10550000,outputs.mapping/bams.cds.rand/SRR5976181.x.s__JALFVM01 sp022787145.fastq.gz,SRR5976181.x.s__JALFVM01 sp022787145,13f540bc,15530000,51,DNA,10000,1553,True,0.8658207916648684,0.9006328380135685,0.8832268148392184,0.9006328380135685,True,4,10481,12830,d__Bacteria;p__Bacillota;c__Clostridia;o__Lachnospirales;f__Lachnospiraceae;g__Butyrivibrio_A;s__Butyrivibrio_A sp000431815
50000,0.003219575016097875,0.003205128205128205,0.000643915003219575,7.79423226812159e-05,1.0,1.0,0.0,/group/ctbrowngrp5/sourmash-db.new/gtdb-rs226/gtdb-rs226-k51.dna.rocksdb,GCA_003477405.1 Ruminococcaceae bacterium AM07-15,a557ffa873f8062f83bdc69d54a790b1,0.016025641025641024,10000,154,10540000,outputs.mapping/bams.cds.rand/SRR5976181.x.s__JALFVM01 sp022787145.fastq.gz,SRR5976181.x.s__JALFVM01 sp022787145,13f540bc,15530000,51,DNA,10000,1553,True,0.893579722201037,0.922147306713771,0.907863514457404,0.922147306713771,True,1,10482,12830,d__Bacteria;p__Bacillota;c__Clostridia;o__Oscillospirales;f__Butyricicoccaceae;g__Pseudobutyricicoccus;s__Pseudobutyricicoccus sp003477405
10000,0.000643915003219575,0.006535947712418301,0.000643915003219575,7.79423226812159e-05,1.0,1.0,0.0,/group/ctbrowngrp5/sourmash-db.new/gtdb-rs226/gtdb-rs226-k51.dna.rocksdb,GCA_945931585.1 uncultured Clostridia bacterium,f088b1a55189ec5602a37ccf43aea363,0.006535947712418301,10000,155,10530000,outputs.mapping/bams.cds.rand/SRR5976181.x.s__JALFVM01 sp022787145.fastq.gz,SRR5976181.x.s__JALFVM01 sp022787145,13f540bc,15530000,51,DNA,10000,1553,True,0.8658207916648684,0.9060724242444924,0.8859466079546804,0.9060724242444924,True,1,10483,12830,d__Bacteria;p__Bacillota;c__Clostridia;o__Oscillospirales;f__Butyricicoccaceae;g__Butyricicoccus_A;s__Butyricicoccus_A sp945872165
30000,0.0019317450096587251,0.002398081534772182,0.000643915003219575,7.79423226812159e-05,1.0,1.0,0.0,/group/ctbrowngrp5/sourmash-db.new/gtdb-rs226/gtdb-rs226-k51.dna.rocksdb,GCA_017621545.1 Lachnospiraceae bacterium,10b78ac2c0831b03e5eb887abaf5b2dd,0.007194244604316547,10000,156,10520000,outputs.mapping/bams.cds.rand/SRR5976181.x.s__JALFVM01 sp022787145.fastq.gz,SRR5976181.x.s__JALFVM01 sp022787145,13f540bc,15530000,51,DNA,10000,1553,True,0.884674133565548,0.9077789375722995,0.8962265355689238,0.9077789375722995,True,1,10484,12830,d__Bacteria;p__Bacillota;c__Clostridia;o__Lachnospirales;f__Lachnospiraceae;g__COE1;s__COE1 sp017622845
10000,0.000643915003219575,0.0025906735751295338,0.000643915003219575,0.0006235385814497272,8.0,8.0,0.0,/group/ctbrowngrp5/sourmash-db.new/gtdb-rs226/gtdb-rs226-k51.dna.rocksdb,GCF_022970215.1 Clostridioides difficile,ba69f8669d1fd7d9ca73cef640edb382,0.0025906735751295338,10000,157,10510000,outputs.mapping/bams.cds.rand/SRR5976181.x.s__JALFVM01 sp022787145.fastq.gz,SRR5976181.x.s__JALFVM01 sp022787145,13f540bc,15530000,51,DNA,10000,1553,True,0.8658207916648684,0.8897799225290423,0.8778003570969553,0.8897799225290423,True,8,10492,12830,d__Bacteria;p__Bacillota;c__Clostridia;o__Peptostreptococcales;f__Peptostreptococcaceae;g__Clostridioides;s__Clostridioides difficile
40000,0.0025756600128783,0.0025974025974025974,0.000643915003219575,0.0001558846453624318,2.0,2.0,0.0,/group/ctbrowngrp5/sourmash-db.new/gtdb-rs226/gtdb-rs226-k51.dna.rocksdb,GCF_039837555.1 Blautia wexlerae,10fe3de07974b79348bff1ab2eef3cf1,0.01038961038961039,10000,158,10500000,outputs.mapping/bams.cds.rand/SRR5976181.x.s__JALFVM01 sp022787145.fastq.gz,SRR5976181.x.s__JALFVM01 sp022787145,13f540bc,15530000,51,DNA,10000,1553,True,0.889678526674049,0.9143443580936708,0.9020114423838599,0.9143443580936708,True,2,10494,12830,d__Bacteria;p__Bacillota;c__Clostridia;o__Lachnospirales;f__Lachnospiraceae;g__Blautia_A;s__Blautia_A wexlerae
10000,0.000643915003219575,0.004524886877828055,0.000643915003219575,0.0001558846453624318,2.0,2.0,0.0,/group/ctbrowngrp5/sourmash-db.new/gtdb-rs226/gtdb-rs226-k51.dna.rocksdb,GCA_036841865.1 Oscillospiraceae bacterium,4588c56d3b31e2952dd6b54916276a2f,0.004524886877828055,10000,159,10490000,outputs.mapping/bams.cds.rand/SRR5976181.x.s__JALFVM01 sp022787145.fastq.gz,SRR5976181.x.s__JALFVM01 sp022787145,13f540bc,15530000,51,DNA,10000,1553,True,0.8658207916648684,0.8995628755480881,0.8826918336064782,0.8995628755480881,True,2,10496,12830,d__Bacteria;p__Bacillota;c__Clostridia;o__Oscillospirales;f__Oscillospiraceae;g__Faecousia;s__Faecousia sp000434635
40000,0.0025756600128783,0.004048582995951417,0.000643915003219575,0.0001558846453624318,2.0,2.0,0.0,/group/ctbrowngrp5/sourmash-db.new/gtdb-rs226/gtdb-rs226-k51.dna.rocksdb,GCF_004768785.1 Caproiciproducens galactitolivorans,c389fdf361675fd4744080a8fd599863,0.016194331983805668,10000,160,10480000,outputs.mapping/bams.cds.rand/SRR5976181.x.s__JALFVM01 sp022787145.fastq.gz,SRR5976181.x.s__JALFVM01 sp022787145,13f540bc,15530000,51,DNA,10000,1553,True,0.889678526674049,0.9223366610731755,0.9060075938736123,0.9223366610731755,True,2,10498,12830,d__Bacteria;p__Bacillota;c__Clostridia;o__Oscillospirales;f__Acutalibacteraceae;g__Caproiciproducens;s__Caproiciproducens galactitolivorans
10000,0.000643915003219575,0.0053475935828877,0.000643915003219575,0.0003897116134060795,5.0,5.0,0.0,/group/ctbrowngrp5/sourmash-db.new/gtdb-rs226/gtdb-rs226-k51.dna.rocksdb,GCA_902475505.1 uncultured Eubacteriales bacterium,85f69e20dff65c649bf698a1e607adbd,0.0053475935828877,10000,161,10470000,outputs.mapping/bams.cds.rand/SRR5976181.x.s__JALFVM01 sp022787145.fastq.gz,SRR5976181.x.s__JALFVM01 sp022787145,13f540bc,15530000,51,DNA,10000,1553,True,0.8658207916648684,0.9025142881157426,0.8841675398903055,0.9025142881157426,True,5,10503,12830,d__Bacteria;p__Bacillota;c__Clostridia;o__Oscillospirales;f__Oscillospiraceae;g__Limivicinus;s__Limivicinus sp934573735
90000,0.005795235028976175,0.0022675736961451248,0.000643915003219575,7.79423226812159e-05,1.0,1.0,0.0,/group/ctbrowngrp5/sourmash-db.new/gtdb-rs226/gtdb-rs226-k51.dna.rocksdb,GCF_020554705.1 Eubacterium callanderi,4e1e4c35ffe0a7d72cd51dac18fd1b18,0.02040816326530612,10000,162,10460000,outputs.mapping/bams.cds.rand/SRR5976181.x.s__JALFVM01 sp022787145.fastq.gz,SRR5976181.x.s__JALFVM01 sp022787145,13f540bc,15530000,51,DNA,10000,1553,True,0.9039380090365066,0.9265287509760987,0.9152333800063026,0.9265287509760987,False,1,10504,12830,d__Bacteria;p__Bacillota;c__Clostridia;o__Eubacteriales;f__Eubacteriaceae;g__Eubacterium;s__Eubacterium callanderi
10000,0.000643915003219575,0.0037593984962406013,0.000643915003219575,0.0007014809041309431,9.0,9.0,0.0,/group/ctbrowngrp5/sourmash-db.new/gtdb-rs226/gtdb-rs226-k51.dna.rocksdb,GCA_948832005.1 uncultured Ruminiclostridium sp.,4fcaa900e8c8ac027eb35c41d194dc17,0.0037593984962406013,10000,163,10450000,outputs.mapping/bams.cds.rand/SRR5976181.x.s__JALFVM01 sp022787145.fastq.gz,SRR5976181.x.s__JALFVM01 sp022787145,13f540bc,15530000,51,DNA,10000,1553,True,0.8658207916648684,0.896299803565827,0.8810602976153477,0.896299803565827,True,9,10513,12830,d__Bacteria;p__Bacillota;c__Clostridia;o__Oscillospirales;f__Ruminococcaceae;g__Ruminiclostridium_E;s__Ruminiclostridium_E sp910585505
10000,0.000643915003219575,0.00411522633744856,0.000643915003219575,0.0001558846453624318,2.0,2.0,0.0,/group/ctbrowngrp5/sourmash-db.new/gtdb-rs226/gtdb-rs226-k51.dna.rocksdb,GCA_034086765.1 Lachnospiraceae bacterium,5405a0205cc895b0e6d5894e9d56d4a9,0.00411522633744856,10000,164,10440000,outputs.mapping/bams.cds.rand/SRR5976181.x.s__JALFVM01 sp022787145.fastq.gz,SRR5976181.x.s__JALFVM01 sp022787145,13f540bc,15530000,51,DNA,10000,1553,True,0.8658207916648684,0.8978905616220562,0.8818556766434622,0.8978905616220562,True,2,10515,12830,d__Bacteria;p__Bacillota;c__Clostridia;o__Lachnospirales;f__Lachnospiraceae;g__Bovifimicola;s__Bovifimicola sp900314555
10000,0.000643915003219575,0.003125,0.000643915003219575,7.79423226812159e-05,1.0,1.0,0.0,/group/ctbrowngrp5/sourmash-db.new/gtdb-rs226/gtdb-rs226-k51.dna.rocksdb,GCF_902755565.1 Ruminococcus flavefaciens,dc1030a3523ff231db0bb029b7960bcc,0.003125,10000,165,10430000,outputs.mapping/bams.cds.rand/SRR5976181.x.s__JALFVM01 sp022787145.fastq.gz,SRR5976181.x.s__JALFVM01 sp022787145,13f540bc,15530000,51,DNA,10000,1553,True,0.8658207916648684,0.8930574796651336,0.879439135665001,0.8930574796651336,True,1,10516,12830,d__Bacteria;p__Bacillota;c__Clostridia;o__Oscillospirales;f__Ruminococcaceae;g__Ruminococcus;s__Ruminococcus flavefaciens_E
10000,0.000643915003219575,0.0056179775280898875,0.000643915003219575,0.0002338269680436477,3.0,3.0,0.0,/group/ctbrowngrp5/sourmash-db.new/gtdb-rs226/gtdb-rs226-k51.dna.rocksdb,GCA_945920375.1 uncultured Clostridia bacterium,90440f85cc2f5915115470554fd89ac6,0.0056179775280898875,10000,166,10420000,outputs.mapping/bams.cds.rand/SRR5976181.x.s__JALFVM01 sp022787145.fastq.gz,SRR5976181.x.s__JALFVM01 sp022787145,13f540bc,15530000,51,DNA,10000,1553,True,0.8658207916648684,0.9033875844208873,0.8846041880428779,0.9033875844208873,True,3,10519,12830,d__Bacteria;p__Bacillota;c__Clostridia;o__Lachnospirales;f__Lachnospiraceae;g__Fimimorpha;s__Fimimorpha sp022778745
10000,0.000643915003219575,0.003105590062111801,0.000643915003219575,0.0006235385814497272,8.0,8.0,0.0,/group/ctbrowngrp5/sourmash-db.new/gtdb-rs226/gtdb-rs226-k51.dna.rocksdb,GCA_022788165.1 Bacteroidales bacterium,79ca3d926185b30c7e7a3fc7a509e01e,0.003105590062111801,10000,167,10410000,outputs.mapping/bams.cds.rand/SRR5976181.x.s__JALFVM01 sp022787145.fastq.gz,SRR5976181.x.s__JALFVM01 sp022787145,13f540bc,15530000,51,DNA,10000,1553,True,0.8658207916648684,0.8929483836026613,0.8793845876337648,0.8929483836026613,True,8,10527,12830,d__Bacteria;p__Bacteroidota;c__Bacteroidia;o__Bacteroidales;f__Bacteroidaceae;g__Alloprevotella;s__Alloprevotella sp004555055
10000,0.000643915003219575,0.003952569169960474,0.000643915003219575,0.0001558846453624318,2.0,2.0,0.0,/group/ctbrowngrp5/sourmash-db.new/gtdb-rs226/gtdb-rs226-k51.dna.rocksdb,GCA_034114025.1 Candidatus Cryptobacteroides sp.,e7a62e54ca1aa9669dc1ebcd3d0e3b86,0.003952569169960474,10000,168,10400000,outputs.mapping/bams.cds.rand/SRR5976181.x.s__JALFVM01 sp022787145.fastq.gz,SRR5976181.x.s__JALFVM01 sp022787145,13f540bc,15530000,51,DNA,10000,1553,True,0.8658207916648684,0.8971808389049852,0.8815008152849269,0.8971808389049852,True,2,10529,12830,d__Bacteria;p__Bacteroidota;c__Bacteroidia;o__Bacteroidales;f__UBA932;g__Cryptobacteroides;s__Cryptobacteroides sp034089285
20000,0.00128783000643915,0.0049504950495049506,0.000643915003219575,7.79423226812159e-05,1.0,1.0,0.0,/group/ctbrowngrp5/sourmash-db.new/gtdb-rs226/gtdb-rs226-k51.dna.rocksdb,GCF_901971765.1 Limosilactobacillus reuteri,c6584976189db17036f52cc77976f9eb,0.009900990099009901,10000,169,10390000,outputs.mapping/bams.cds.rand/SRR5976181.x.s__JALFVM01 sp022787145.fastq.gz,SRR5976181.x.s__JALFVM01 sp022787145,13f540bc,15530000,51,DNA,10000,1553,True,0.8776685970753191,0.9134811309483124,0.8955748640118157,0.9134811309483124,True,1,10530,12830,d__Bacteria;p__Bacillota;c__Bacilli;o__Lactobacillales;f__Lactobacillaceae;g__Limosilactobacillus;s__Limosilactobacillus reuteri
20000,0.00128783000643915,0.002857142857142857,0.000643915003219575,7.79423226812159e-05,1.0,1.0,0.0,/group/ctbrowngrp5/sourmash-db.new/gtdb-rs226/gtdb-rs226-k51.dna.rocksdb,GCF_013304975.1 Blautia massiliensis (ex Durand et al. 2017),003683e908a9b767f8dcdb9a811407a9,0.005714285714285714,10000,170,10380000,outputs.mapping/bams.cds.rand/SRR5976181.x.s__JALFVM01 sp022787145.fastq.gz,SRR5976181.x.s__JALFVM01 sp022787145,13f540bc,15530000,51,DNA,10000,1553,True,0.8776685970753191,0.9036887208642069,0.8906786589697631,0.9036887208642069,True,1,10531,12830,d__Bacteria;p__Bacillota;c__Clostridia;o__Lachnospirales;f__Lachnospiraceae;g__Blautia_A;s__Blautia_A fusiformis
10000,0.000643915003219575,0.0038461538461538464,0.000643915003219575,0.0003897116134060795,5.0,5.0,0.0,/group/ctbrowngrp5/sourmash-db.new/gtdb-rs226/gtdb-rs226-k51.dna.rocksdb,GCA_028705855.1 Limnochordia bacterium,60459d4db0f55ccd599d6fdcf99ccc5f,0.0038461538461538464,10000,171,10370000,outputs.mapping/bams.cds.rand/SRR5976181.x.s__JALFVM01 sp022787145.fastq.gz,SRR5976181.x.s__JALFVM01 sp022787145,13f540bc,15530000,51,DNA,10000,1553,True,0.8658207916648684,0.896700849952713,0.8812608208087906,0.896700849952713,True,5,10536,12830,d__Bacteria;p__Bacillota;c__Limnochordia;o__DUMW01;f__DUMW01;g__JALNWK01;s__JALNWK01 sp023230925
10000,0.000643915003219575,0.007142857142857143,0.000643915003219575,7.79423226812159e-05,1.0,1.0,0.0,/group/ctbrowngrp5/sourmash-db.new/gtdb-rs226/gtdb-rs226-k51.dna.rocksdb,GCA_034099225.1 Campylobacter sp.,18e3b4b2357d449012c60d397d7a26c4,0.007142857142857143,10000,172,10360000,outputs.mapping/bams.cds.rand/SRR5976181.x.s__JALFVM01 sp022787145.fastq.gz,SRR5976181.x.s__JALFVM01 sp022787145,13f540bc,15530000,51,DNA,10000,1553,True,0.8658207916648684,0.9076513503870351,0.8867360710259518,0.9076513503870351,True,1,10537,12830,d__Bacteria;p__Campylobacterota;c__Campylobacteria;o__Campylobacterales;f__Campylobacteraceae;g__Campylobacter;s__Campylobacter sp945928165
30000,0.0019317450096587251,0.0034129692832764505,0.000643915003219575,7.79423226812159e-05,1.0,1.0,0.0,/group/ctbrowngrp5/sourmash-db.new/gtdb-rs226/gtdb-rs226-k51.dna.rocksdb,GCA_041337755.1 Lachnospiraceae bacterium,3a67917559d8e8e5bd499df0c79b1c83,0.010238907849829351,10000,173,10350000,outputs.mapping/bams.cds.rand/SRR5976181.x.s__JALFVM01 sp022787145.fastq.gz,SRR5976181.x.s__JALFVM01 sp022787145,13f540bc,15530000,51,DNA,10000,1553,True,0.884674133565548,0.9140824386962166,0.8993782861308823,0.9140824386962166,True,1,10538,12830,d__Bacteria;p__Bacillota;c__Clostridia;o__Lachnospirales;f__Lachnospiraceae;g__Pilosibacter;s__Pilosibacter sp900066785
10000,0.000643915003219575,0.005780346820809248,0.000643915003219575,0.0006235385814497272,8.0,8.0,0.0,/group/ctbrowngrp5/sourmash-db.new/gtdb-rs226/gtdb-rs226-k51.dna.rocksdb,GCA_031549605.1 Oscillospiraceae bacterium,e569e4849b1225488a75f7a283855cc9,0.005780346820809248,10000,174,10340000,outputs.mapping/bams.cds.rand/SRR5976181.x.s__JALFVM01 sp022787145.fastq.gz,SRR5976181.x.s__JALFVM01 sp022787145,13f540bc,15530000,51,DNA,10000,1553,True,0.8658207916648684,0.9038924171716131,0.8848566044182407,0.9038924171716131,True,8,10546,12830,d__Bacteria;p__Bacillota;c__Clostridia;o__Oscillospirales;f__UBA929;g__WRAI01;s__WRAI01 sp031549605
10000,0.000643915003219575,0.005076142131979695,0.000643915003219575,0.0002338269680436477,3.0,3.0,0.0,/group/ctbrowngrp5/sourmash-db.new/gtdb-rs226/gtdb-rs226-k51.dna.rocksdb,GCA_945833935.1 uncultured bacterium,aedcd3828044476405fe1ee1f6c72f91,0.005076142131979695,10000,175,10330000,outputs.mapping/bams.cds.rand/SRR5976181.x.s__JALFVM01 sp022787145.fastq.gz,SRR5976181.x.s__JALFVM01 sp022787145,13f540bc,15530000,51,DNA,10000,1553,True,0.8658207916648684,0.9015928650194664,0.8837068283421674,0.9015928650194664,True,3,10549,12830,d__Bacteria;p__Bacteroidota;c__Bacteroidia;o__Bacteroidales;f__Paludibacteraceae;g__UBA4363;s__UBA4363 sp017937025
10000,0.000643915003219575,0.005050505050505051,0.000643915003219575,7.79423226812159e-05,1.0,1.0,0.0,/group/ctbrowngrp5/sourmash-db.new/gtdb-rs226/gtdb-rs226-k51.dna.rocksdb,GCA_017536545.1 bacterium,6a85b91f1b13625c99a4d75f7dabc875,0.005050505050505051,10000,176,10320000,outputs.mapping/bams.cds.rand/SRR5976181.x.s__JALFVM01 sp022787145.fastq.gz,SRR5976181.x.s__JALFVM01 sp022787145,13f540bc,15530000,51,DNA,10000,1553,True,0.8658207916648684,0.901503358934848,0.8836620752998582,0.901503358934848,True,1,10550,12830,d__Bacteria;p__Cyanobacteriota;c__Vampirovibrionia;o__Gastranaerophilales;f__Gastranaerophilaceae;g__Zag111;s__Zag111 sp017536545
10000,0.000643915003219575,0.0038461538461538464,0.000643915003219575,7.79423226812159e-05,1.0,1.0,0.0,/group/ctbrowngrp5/sourmash-db.new/gtdb-rs226/gtdb-rs226-k51.dna.rocksdb,GCA_038211425.1 Candidatus Limnocylindria bacterium,b6d89644025723a1d0150e825f001981,0.0038461538461538464,10000,177,10310000,outputs.mapping/bams.cds.rand/SRR5976181.x.s__JALFVM01 sp022787145.fastq.gz,SRR5976181.x.s__JALFVM01 sp022787145,13f540bc,15530000,51,DNA,10000,1553,True,0.8658207916648684,0.896700849952713,0.8812608208087906,0.896700849952713,True,1,10551,12830,d__Bacteria;p__Chloroflexota;c__Limnocylindria;o__P2-11E;f__P2-11E;g__JALYKU01;s__JALYKU01 sp038211425
10000,0.000643915003219575,0.001422475106685633,0.000643915003219575,0.0003897116134060795,5.0,5.0,0.0,/group/ctbrowngrp5/sourmash-db.new/gtdb-rs226/gtdb-rs226-k51.dna.rocksdb,GCF_028435945.1 Pseudomonas aeruginosa,04359910a96fab91ab19462b19baba79,0.001422475106685633,10000,178,10300000,outputs.mapping/bams.cds.rand/SRR5976181.x.s__JALFVM01 sp022787145.fastq.gz,SRR5976181.x.s__JALFVM01 sp022787145,13f540bc,15530000,51,DNA,10000,1553,True,0.8658207916648684,0.8793815438671498,0.872601167766009,0.8793815438671498,True,5,10556,12830,d__Bacteria;p__Pseudomonadota;c__Gammaproteobacteria;o__Pseudomonadales;f__Pseudomonadaceae;g__Pseudomonas;s__Pseudomonas aeruginosa
20000,0.00128783000643915,0.0053475935828877,0.000643915003219575,0.0014029618082618861,18.0,18.0,0.0,/group/ctbrowngrp5/sourmash-db.new/gtdb-rs226/gtdb-rs226-k51.dna.rocksdb,GCA_905188155.1 uncultured Oscillospiraceae bacterium,41bacacd276d83b6faadb42fbb00b554,0.0106951871657754,10000,179,10290000,outputs.mapping/bams.cds.rand/SRR5976181.x.s__JALFVM01 sp022787145.fastq.gz,SRR5976181.x.s__JALFVM01 sp022787145,13f540bc,15530000,51,DNA,10000,1553,True,0.8776685970753191,0.9148642036741179,0.8962664003747185,0.9148642036741179,True,18,10574,12830,d__Bacteria;p__Bacillota;c__Clostridia;o__Oscillospirales;f__Oscillospiraceae;g__Vescimonas;s__Vescimonas sp900554275
70000,0.004507405022537025,0.0026666666666666666,0.000643915003219575,0.0003117692907248636,4.0,4.0,0.0,/group/ctbrowngrp5/sourmash-db.new/gtdb-rs226/gtdb-rs226-k51.dna.rocksdb,GCF_002160765.1 Lachnoclostridium sp. An138,33ee6295597bb4afdf6be870bb2dce0d,0.018666666666666668,10000,180,10280000,outputs.mapping/bams.cds.rand/SRR5976181.x.s__JALFVM01 sp022787145.fastq.gz,SRR5976181.x.s__JALFVM01 sp022787145,13f540bc,15530000,51,DNA,10000,1553,True,0.8994946000368468,0.9249097305360438,0.9122021652864453,0.9249097305360438,False,4,10578,12830,d__Bacteria;p__Bacillota;c__Clostridia;o__Lachnospirales;f__Lachnospiraceae;g__Laedolimicola;s__Laedolimicola faecalis
20000,0.00128783000643915,0.002325581395348837,0.000643915003219575,0.003975058456742011,51.0,51.0,0.0,/group/ctbrowngrp5/sourmash-db.new/gtdb-rs226/gtdb-rs226-k51.dna.rocksdb,GCA_948971875.1 uncultured Kineothrix sp.,6ca565598475daaf48b58be9d6c3f921,0.004651162790697674,10000,181,10270000,outputs.mapping/bams.cds.rand/SRR5976181.x.s__JALFVM01 sp022787145.fastq.gz,SRR5976181.x.s__JALFVM01 sp022787145,13f540bc,15530000,51,DNA,10000,1553,True,0.8776685970753191,0.90004850019656,0.8888585486359395,0.90004850019656,True,51,10629,12830,d__Bacteria;p__Bacillota;c__Clostridia;o__Lachnospirales;f__Lachnospiraceae;g__Kineothrix;s__Kineothrix sp910579935
10000,0.000643915003219575,0.002890173410404624,0.000643915003219575,0.0002338269680436477,3.0,3.0,0.0,/group/ctbrowngrp5/sourmash-db.new/gtdb-rs226/gtdb-rs226-k51.dna.rocksdb,GCA_036311965.1 Bacteroidales bacterium,601414fd70b4252a586f7c13a86c4872,0.002890173410404624,10000,182,10260000,outputs.mapping/bams.cds.rand/SRR5976181.x.s__JALFVM01 sp022787145.fastq.gz,SRR5976181.x.s__JALFVM01 sp022787145,13f540bc,15530000,51,DNA,10000,1553,True,0.8658207916648684,0.8916906117221329,0.8787557016935006,0.8916906117221329,True,3,10632,12830,d__Bacteria;p__Bacteroidota;c__Bacteroidia;o__Bacteroidales;f__UBA932;g__Cryptobacteroides;s__Cryptobacteroides sp000433355
10000,0.000643915003219575,0.006802721088435374,0.000643915003219575,0.0001558846453624318,2.0,2.0,0.0,/group/ctbrowngrp5/sourmash-db.new/gtdb-rs226/gtdb-rs226-k51.dna.rocksdb,GCA_945983015.1 uncultured Bacteroidales bacterium,c67b3fc5a653a2ba5e09c2cfefd1b7b0,0.006802721088435374,10000,183,10250000,outputs.mapping/bams.cds.rand/SRR5976181.x.s__JALFVM01 sp022787145.fastq.gz,SRR5976181.x.s__JALFVM01 sp022787145,13f540bc,15530000,51,DNA,10000,1553,True,0.8658207916648684,0.906783442890104,0.8863021172774862,0.906783442890104,True,2,10634,12830,d__Bacteria;p__Bacteroidota;c__Bacteroidia;o__Bacteroidales;f__UBA932;g__Cryptobacteroides;s__Cryptobacteroides sp945983015
10000,0.000643915003219575,0.003003003003003003,0.000643915003219575,0.0003117692907248636,4.0,4.0,0.0,/group/ctbrowngrp5/sourmash-db.new/gtdb-rs226/gtdb-rs226-k51.dna.rocksdb,GCA_034113255.1 Parabacteroides sp.,cf53d928ecbd78e8fa315c79e0399cd2,0.003003003003003003,10000,184,10240000,outputs.mapping/bams.cds.rand/SRR5976181.x.s__JALFVM01 sp022787145.fastq.gz,SRR5976181.x.s__JALFVM01 sp022787145,13f540bc,15530000,51,DNA,10000,1553,True,0.8658207916648684,0.8923604403934454,0.879090616029157,0.8923604403934454,True,4,10638,12830,d__Bacteria;p__Bacteroidota;c__Bacteroidia;o__Bacteroidales;f__Tannerellaceae;g__Parabacteroides;s__Parabacteroides sp004562445
10000,0.000643915003219575,0.0036101083032490976,0.000643915003219575,7.79423226812159e-05,1.0,1.0,0.0,/group/ctbrowngrp5/sourmash-db.new/gtdb-rs226/gtdb-rs226-k51.dna.rocksdb,GCA_946058395.1 uncultured Bacteroidales bacterium,8ab7f721aac4f8d2c07266a675d02cb9,0.0036101083032490976,10000,185,10230000,outputs.mapping/bams.cds.rand/SRR5976181.x.s__JALFVM01 sp022787145.fastq.gz,SRR5976181.x.s__JALFVM01 sp022787145,13f540bc,15530000,51,DNA,10000,1553,True,0.8658207916648684,0.8955879463753921,0.8807043690201302,0.8955879463753921,True,1,10639,12830,d__Bacteria;p__Bacteroidota;c__Bacteroidia;o__Bacteroidales;f__Marinilabiliaceae;g__W3P20-009;s__W3P20-009 sp004552385
10000,0.000643915003219575,0.006666666666666667,0.000643915003219575,0.0010132501948558067,13.0,13.0,0.0,/group/ctbrowngrp5/sourmash-db.new/gtdb-rs226/gtdb-rs226-k51.dna.rocksdb,GCA_945915065.1 uncultured Clostridia bacterium,6d1f4f942ff3960496b8a9d2b1bcec92,0.006666666666666667,10000,186,10220000,outputs.mapping/bams.cds.rand/SRR5976181.x.s__JALFVM01 sp022787145.fastq.gz,SRR5976181.x.s__JALFVM01 sp022787145,13f540bc,15530000,51,DNA,10000,1553,True,0.8658207916648684,0.9064243085270774,0.8861225500959728,0.9064243085270774,True,13,10652,12830,d__Bacteria;p__Bacillota;c__Clostridia;o__Oscillospirales;f__Oscillospiraceae;g__Vescimonas;s__Vescimonas sp945915065
30000,0.0019317450096587251,0.0027247956403269754,0.000643915003219575,7.79423226812159e-05,1.0,1.0,0.0,/group/ctbrowngrp5/sourmash-db.new/gtdb-rs226/gtdb-rs226-k51.dna.rocksdb,GCA_030526405.1 Lachnospiraceae bacterium,e9b118175bcd0d25e2d8b0dd91100708,0.008174386920980926,10000,187,10210000,outputs.mapping/bams.cds.rand/SRR5976181.x.s__JALFVM01 sp022787145.fastq.gz,SRR5976181.x.s__JALFVM01 sp022787145,13f540bc,15530000,51,DNA,10000,1553,True,0.884674133565548,0.9100552278565777,0.8973646807110629,0.9100552278565777,True,1,10653,12830,d__Bacteria;p__Bacillota;c__Clostridia;o__Lachnospirales;f__Lachnospiraceae;g__JAKSRN01;s__JAKSRN01 sp030526405
30000,0.0019317450096587251,0.003355704697986577,0.000643915003219575,0.0003117692907248636,4.0,4.0,0.0,/group/ctbrowngrp5/sourmash-db.new/gtdb-rs226/gtdb-rs226-k51.dna.rocksdb,GCA_019409775.1 bacterium,149f926f7747a8629bfb307a5a84e10d,0.010067114093959731,10000,188,10200000,outputs.mapping/bams.cds.rand/SRR5976181.x.s__JALFVM01 sp022787145.fastq.gz,SRR5976181.x.s__JALFVM01 sp022787145,13f540bc,15530000,51,DNA,10000,1553,True,0.884674133565548,0.9137792129825895,0.8992266732740688,0.9137792129825895,True,4,10657,12830,d__Bacteria;p__Bacteroidota;c__Bacteroidia;o__Bacteroidales;f__Bacteroidaceae;g__Prevotella;s__Prevotella sp900546535
10000,0.000643915003219575,0.004329004329004329,0.000643915003219575,7.79423226812159e-05,1.0,1.0,0.0,/group/ctbrowngrp5/sourmash-db.new/gtdb-rs226/gtdb-rs226-k51.dna.rocksdb,GCA_004562025.1 bacterium,1b11c5454710562ef12c66f4607fbc93,0.004329004329004329,10000,189,10190000,outputs.mapping/bams.cds.rand/SRR5976181.x.s__JALFVM01 sp022787145.fastq.gz,SRR5976181.x.s__JALFVM01 sp022787145,13f540bc,15530000,51,DNA,10000,1553,True,0.8658207916648684,0.8987826226929593,0.8823017071789139,0.8987826226929593,True,1,10658,12830,d__Bacteria;p__Bacteroidota;c__Bacteroidia;o__Bacteroidales;f__Bacteroidaceae;g__Prevotella;s__Prevotella sp004556065
10000,0.000643915003219575,0.003968253968253968,0.000643915003219575,7.79423226812159e-05,1.0,1.0,0.0,/group/ctbrowngrp5/sourmash-db.new/gtdb-rs226/gtdb-rs226-k51.dna.rocksdb,GCA_021624805.1 Oscillospiraceae bacterium,e11552f1fcebfc8293d65bac21a47242,0.003968253968253968,10000,190,10180000,outputs.mapping/bams.cds.rand/SRR5976181.x.s__JALFVM01 sp022787145.fastq.gz,SRR5976181.x.s__JALFVM01 sp022787145,13f540bc,15530000,51,DNA,10000,1553,True,0.8658207916648684,0.8972505121216641,0.8815356518932662,0.8972505121216641,True,1,10659,12830,d__Bacteria;p__Bacillota;c__Clostridia;o__Oscillospirales;f__Oscillospiraceae;g__CAG-170;s__CAG-170 sp000432135
10000,0.000643915003219575,0.0045045045045045045,0.000643915003219575,0.0001558846453624318,2.0,2.0,0.0,/group/ctbrowngrp5/sourmash-db.new/gtdb-rs226/gtdb-rs226-k51.dna.rocksdb,GCA_022780895.1 bacterium,7acf1a9d79c2207615b0e4188835b24a,0.0045045045045045045,10000,191,10170000,outputs.mapping/bams.cds.rand/SRR5976181.x.s__JALFVM01 sp022787145.fastq.gz,SRR5976181.x.s__JALFVM01 sp022787145,13f540bc,15530000,51,DNA,10000,1553,True,0.8658207916648684,0.8994832469384727,0.8826520193016705,0.8994832469384727,True,2,10661,12830,d__Bacteria;p__Bacillota;c__Clostridia;o__Oscillospirales;f__Ruminococcaceae;g__Gemmiger;s__Gemmiger sp004561545
20000,0.00128783000643915,0.0029498525073746312,0.000643915003219575,0.0001558846453624318,2.0,2.0,0.0,/group/ctbrowngrp5/sourmash-db.new/gtdb-rs226/gtdb-rs226-k51.dna.rocksdb,GCF_964248845.1 [Ruminococcus] torques,23ae9c6a41ba1a29c278bf2c7bf27b1d,0.0058997050147492625,10000,192,10160000,outputs.mapping/bams.cds.rand/SRR5976181.x.s__JALFVM01 sp022787145.fastq.gz,SRR5976181.x.s__JALFVM01 sp022787145,13f540bc,15530000,51,DNA,10000,1553,True,0.8776685970753191,0.9042547320559273,0.8909616645656232,0.9042547320559273,True,2,10663,12830,d__Bacteria;p__Bacillota;c__Clostridia;o__Lachnospirales;f__Lachnospiraceae;g__Mediterraneibacter;s__Mediterraneibacter faecis
10000,0.000643915003219575,0.005649717514124294,0.000643915003219575,0.0002338269680436477,3.0,3.0,0.0,/group/ctbrowngrp5/sourmash-db.new/gtdb-rs226/gtdb-rs226-k51.dna.rocksdb,GCA_945836055.1 uncultured Clostridia bacterium,df6f5a9850421f481a3a5d262701267f,0.005649717514124294,10000,193,10150000,outputs.mapping/bams.cds.rand/SRR5976181.x.s__JALFVM01 sp022787145.fastq.gz,SRR5976181.x.s__JALFVM01 sp022787145,13f540bc,15530000,51,DNA,10000,1553,True,0.8658207916648684,0.9034873844621032,0.8846540880634858,0.9034873844621032,True,3,10666,12830,d__Bacteria;p__Bacillota;c__Clostridia;o__Oscillospirales;f__Oscillospiraceae;g__Faecousia;s__Faecousia sp945836055
100000,0.00643915003219575,0.0021141649048625794,0.000643915003219575,0.0008573655494933749,11.0,11.0,0.0,/group/ctbrowngrp5/sourmash-db.new/gtdb-rs226/gtdb-rs226-k51.dna.rocksdb,GCF_039060295.1 Ruminococcus sp. 2227st1_E6_2227SCRN_220401,3b736584ca7d51c5e97ffcc914537695,0.021141649048625793,10000,194,10140000,outputs.mapping/bams.cds.rand/SRR5976181.x.s__JALFVM01 sp022787145.fastq.gz,SRR5976181.x.s__JALFVM01 sp022787145,13f540bc,15530000,51,DNA,10000,1553,True,0.905807378050009,0.9271704580476597,0.9164889180488344,0.9271704580476597,False,11,10677,12830,d__Bacteria;p__Bacillota;c__Clostridia;o__Lachnospirales;f__Lachnospiraceae;g__Blautia_A;s__Blautia_A faecis
10000,0.000643915003219575,0.003484320557491289,0.000643915003219575,7.79423226812159e-05,1.0,1.0,0.0,/group/ctbrowngrp5/sourmash-db.new/gtdb-rs226/gtdb-rs226-k51.dna.rocksdb,GCA_945497555.1 uncultured Prevotellaceae bacterium,8bf2c1e5bd842ee93aaaf5e4e525c891,0.003484320557491289,10000,195,10130000,outputs.mapping/bams.cds.rand/SRR5976181.x.s__JALFVM01 sp022787145.fastq.gz,SRR5976181.x.s__JALFVM01 sp022787145,13f540bc,15530000,51,DNA,10000,1553,True,0.8658207916648684,0.8949653831278861,0.8803930873963772,0.8949653831278861,True,1,10678,12830,d__Bacteria;p__Bacteroidota;c__Bacteroidia;o__Bacteroidales;f__Bacteroidaceae;g__Physcousia;s__Physcousia sp945865175
10000,0.000643915003219575,0.005555555555555556,0.000643915003219575,7.79423226812159e-05,1.0,1.0,0.0,/group/ctbrowngrp5/sourmash-db.new/gtdb-rs226/gtdb-rs226-k51.dna.rocksdb,GCA_022783405.1 Faecalibacterium prausnitzii,a92ac9a02982bfc263f799515ecb8f97,0.005555555555555556,10000,196,10120000,outputs.mapping/bams.cds.rand/SRR5976181.x.s__JALFVM01 sp022787145.fastq.gz,SRR5976181.x.s__JALFVM01 sp022787145,13f540bc,15530000,51,DNA,10000,1553,True,0.8658207916648684,0.9031896880401206,0.8845052398524944,0.9031896880401206,True,1,10679,12830,d__Bacteria;p__Bacillota;c__Clostridia;o__Oscillospirales;f__Ruminococcaceae;g__Faecalibacterium;s__Faecalibacterium duncaniae
60000,0.0038634900193174502,0.00267379679144385,0.000643915003219575,0.0001558846453624318,2.0,2.0,0.0,/group/ctbrowngrp5/sourmash-db.new/gtdb-rs226/gtdb-rs226-k51.dna.rocksdb,GCF_017851155.1 Blautia sp.,4978c6980d38c1a477b48c96ad79fc0a,0.016042780748663103,10000,197,10110000,outputs.mapping/bams.cds.rand/SRR5976181.x.s__JALFVM01 sp022787145.fastq.gz,SRR5976181.x.s__JALFVM01 sp022787145,13f540bc,15530000,51,DNA,10000,1553,True,0.8967799262273172,0.9221666348922344,0.9094732805597758,0.9221666348922344,True,2,10681,12830,d__Bacteria;p__Bacillota;c__Clostridia;o__Lachnospirales;f__Lachnospiraceae;g__Oliverpabstia;s__Oliverpabstia faecicola
10000,0.000643915003219575,0.003875968992248062,0.000643915003219575,0.0006235385814497272,8.0,8.0,0.0,/group/ctbrowngrp5/sourmash-db.new/gtdb-rs226/gtdb-rs226-k51.dna.rocksdb,GCA_034177035.1 Prevotella sp.,c860a72a6e068cfd7d23c369c0943c97,0.003875968992248062,10000,198,10100000,outputs.mapping/bams.cds.rand/SRR5976181.x.s__JALFVM01 sp022787145.fastq.gz,SRR5976181.x.s__JALFVM01 sp022787145,13f540bc,15530000,51,DNA,10000,1553,True,0.8658207916648684,0.8968366321005671,0.8813287118827178,0.8968366321005671,True,8,10689,12830,d__Bacteria;p__Bacteroidota;c__Bacteroidia;o__Bacteroidales;f__Bacteroidaceae;g__Prevotella;s__Prevotella sp002251365
10000,0.000643915003219575,0.0043859649122807015,0.000643915003219575,0.0001558846453624318,2.0,2.0,0.0,/group/ctbrowngrp5/sourmash-db.new/gtdb-rs226/gtdb-rs226-k51.dna.rocksdb,GCA_945982185.1 uncultured Spirochaetales bacterium,22b011fbd80754f21642aacf6e5ce596,0.0043859649122807015,10000,199,10090000,outputs.mapping/bams.cds.rand/SRR5976181.x.s__JALFVM01 sp022787145.fastq.gz,SRR5976181.x.s__JALFVM01 sp022787145,13f540bc,15530000,51,DNA,10000,1553,True,0.8658207916648684,0.8990130239792933,0.8824169078220808,0.8990130239792933,True,2,10691,12830,d__Bacteria;p__Spirochaetota;c__Spirochaetia;o__Sphaerochaetales;f__Sphaerochaetaceae;g__Bullifex;s__Bullifex sp022788185
50000,0.003219575016097875,0.0031847133757961785,0.000643915003219575,0.0002338269680436477,3.0,3.0,0.0,/group/ctbrowngrp5/sourmash-db.new/gtdb-rs226/gtdb-rs226-k51.dna.rocksdb,GCA_902375945.1 Clostridiaceae bacterium,cc83538e580742ca11ee9ed5266d8f53,0.01592356687898089,10000,200,10080000,outputs.mapping/bams.cds.rand/SRR5976181.x.s__JALFVM01 sp022787145.fastq.gz,SRR5976181.x.s__JALFVM01 sp022787145,13f540bc,15530000,51,DNA,10000,1553,True,0.893579722201037,0.9220317779687348,0.907805750084886,0.9220317779687348,True,3,10694,12830,d__Bacteria;p__Bacillota;c__Clostridia;o__Lachnospirales;f__Lachnospiraceae;g__Enterocloster;s__Enterocloster sp001517625
10000,0.000643915003219575,0.006711409395973154,0.000643915003219575,7.79423226812159e-05,1.0,1.0,0.0,/group/ctbrowngrp5/sourmash-db.new/gtdb-rs226/gtdb-rs226-k51.dna.rocksdb,GCA_034175285.1 Eubacteriales bacterium,62ea660068f9fd1ac64731888a516488,0.006711409395973154,10000,201,10070000,outputs.mapping/bams.cds.rand/SRR5976181.x.s__JALFVM01 sp022787145.fastq.gz,SRR5976181.x.s__JALFVM01 sp022787145,13f540bc,15530000,51,DNA,10000,1553,True,0.8658207916648684,0.9065431998816279,0.8861819957732482,0.9065431998816279,True,1,10695,12830,d__Bacteria;p__Bacillota;c__Clostridia;o__Christensenellales;f__CAG-138;g__SFEL01;s__SFEL01 sp004557245
10000,0.000643915003219575,0.003048780487804878,0.000643915003219575,0.0004676539360872954,6.0,6.0,0.0,/group/ctbrowngrp5/sourmash-db.new/gtdb-rs226/gtdb-rs226-k51.dna.rocksdb,GCF_013304925.1 Blautia schinkii,fc10e800f06d720d4421f1977e55ac9f,0.003048780487804878,10000,202,10060000,outputs.mapping/bams.cds.rand/SRR5976181.x.s__JALFVM01 sp022787145.fastq.gz,SRR5976181.x.s__JALFVM01 sp022787145,13f540bc,15530000,51,DNA,10000,1553,True,0.8658207916648684,0.8926251936886522,0.8792229926767603,0.8926251936886522,True,6,10701,12830,d__Bacteria;p__Bacillota;c__Clostridia;o__Lachnospirales;f__Lachnospiraceae;g__Blautia_A;s__Blautia_A schinkii_B
10000,0.000643915003219575,0.0038910505836575876,0.000643915003219575,7.79423226812159e-05,1.0,1.0,0.0,/group/ctbrowngrp5/sourmash-db.new/gtdb-rs226/gtdb-rs226-k51.dna.rocksdb,GCA_037067245.1 Lachnospiraceae bacterium,c15047b8c5ccabc13dd462507ce2bfea,0.0038910505836575876,10000,203,10050000,outputs.mapping/bams.cds.rand/SRR5976181.x.s__JALFVM01 sp022787145.fastq.gz,SRR5976181.x.s__JALFVM01 sp022787145,13f540bc,15530000,51,DNA,10000,1553,True,0.8658207916648684,0.8969049261729743,0.8813628589189213,0.8969049261729743,True,1,10702,12830,d__Bacteria;p__Bacillota;c__Clostridia;o__Lachnospirales;f__Lachnospiraceae;g__Butyribacter;s__Butyribacter sp003529475
10000,0.000643915003219575,0.006578947368421052,0.000643915003219575,7.79423226812159e-05,1.0,1.0,0.0,/group/ctbrowngrp5/sourmash-db.new/gtdb-rs226/gtdb-rs226-k51.dna.rocksdb,GCA_934438175.1 uncultured Eubacteriales bacterium,6fdd68c8cf98a638ff661f099c74fdad,0.006578947368421052,10000,204,10040000,outputs.mapping/bams.cds.rand/SRR5976181.x.s__JALFVM01 sp022787145.fastq.gz,SRR5976181.x.s__JALFVM01 sp022787145,13f540bc,15530000,51,DNA,10000,1553,True,0.8658207916648684,0.9061889313384778,0.8860048615016731,0.9061889313384778,True,1,10703,12830,d__Bacteria;p__Bacillota;c__Clostridia;o__Oscillospirales;f__UBA644;g__CAKSBH01;s__CAKSBH01 sp934438175
10000,0.000643915003219575,0.006060606060606061,0.000643915003219575,7.79423226812159e-05,1.0,1.0,0.0,/group/ctbrowngrp5/sourmash-db.new/gtdb-rs226/gtdb-rs226-k51.dna.rocksdb,GCA_016296045.1 Oscillospiraceae bacterium,abb3a112d6f59e8785ba363ef536b4f9,0.006060606060606061,10000,205,10030000,outputs.mapping/bams.cds.rand/SRR5976181.x.s__JALFVM01 sp022787145.fastq.gz,SRR5976181.x.s__JALFVM01 sp022787145,13f540bc,15530000,51,DNA,10000,1553,True,0.8658207916648684,0.9047319401204887,0.8852763658926786,0.9047319401204887,True,1,10704,12830,d__Bacteria;p__Bacillota;c__Clostridia;o__Oscillospirales;f__Oscillospiraceae;g__Faecousia;s__Faecousia sp016296045
40000,0.0025756600128783,0.004347826086956522,0.000643915003219575,0.0001558846453624318,2.0,2.0,0.0,/group/ctbrowngrp5/sourmash-db.new/gtdb-rs226/gtdb-rs226-k51.dna.rocksdb,GCA_946614955.1 uncultured Clostridia bacterium,8cd5f84e3e6ec8ead76569542d6185bb,0.017391304347826087,10000,206,10020000,outputs.mapping/bams.cds.rand/SRR5976181.x.s__JALFVM01 sp022787145.fastq.gz,SRR5976181.x.s__JALFVM01 sp022787145,13f540bc,15530000,51,DNA,10000,1553,True,0.889678526674049,0.9236271891701714,0.9066528579221103,0.9236271891701714,True,2,10706,12830,d__Bacteria;p__Bacillota;c__Clostridia;o__Oscillospirales;f__Ruminococcaceae;g__UBA3818;s__UBA3818 sp002369315
10000,0.000643915003219575,0.0022172949002217295,0.000643915003219575,0.0028838659392049883,37.0,37.0,0.0,/group/ctbrowngrp5/sourmash-db.new/gtdb-rs226/gtdb-rs226-k51.dna.rocksdb,GCA_007113705.1 Acinetobacter baumannii,d580900fe3dc7f16aea62533f625dd80,0.0022172949002217295,10000,207,10010000,outputs.mapping/bams.cds.rand/SRR5976181.x.s__JALFVM01 sp022787145.fastq.gz,SRR5976181.x.s__JALFVM01 sp022787145,13f540bc,15530000,51,DNA,10000,1553,True,0.8658207916648684,0.8870688371893617,0.8764448144271151,0.8870688371893617,True,37,10743,12830,d__Bacteria;p__Pseudomonadota;c__Gammaproteobacteria;o__Pseudomonadales;f__Moraxellaceae;g__Acinetobacter;s__Acinetobacter baumannii
10000,0.000643915003219575,0.0018832391713747645,0.000643915003219575,7.79423226812159e-05,1.0,1.0,0.0,/group/ctbrowngrp5/sourmash-db.new/gtdb-rs226/gtdb-rs226-k51.dna.rocksdb,GCF_004368405.1 Olivibacter sp. XZL3,18c97ededa1ae0050885263db02d6da4,0.0018832391713747645,10000,208,10000000,outputs.mapping/bams.cds.rand/SRR5976181.x.s__JALFVM01 sp022787145.fastq.gz,SRR5976181.x.s__JALFVM01 sp022787145,13f540bc,15530000,51,DNA,10000,1553,True,0.8658207916648684,0.8842331122776517,0.87502695197126,0.8842331122776517,True,1,10744,12830,d__Bacteria;p__Bacteroidota;c__Bacteroidia;o__Sphingobacteriales;f__Sphingobacteriaceae;g__Olivibacter;s__Olivibacter sp004368405
20000,0.00128783000643915,0.0027624309392265192,0.000643915003219575,7.79423226812159e-05,1.0,1.0,0.0,/group/ctbrowngrp5/sourmash-db.new/gtdb-rs226/gtdb-rs226-k51.dna.rocksdb,GCA_022835155.1 Oscillospiraceae bacterium,2d1e1c69a20b3e54e124c3279094b22b,0.0055248618784530384,10000,209,9990000,outputs.mapping/bams.cds.rand/SRR5976181.x.s__JALFVM01 sp022787145.fastq.gz,SRR5976181.x.s__JALFVM01 sp022787145,13f540bc,15530000,51,DNA,10000,1553,True,0.8776685970753191,0.9030915789811151,0.8903800880282171,0.9030915789811151,True,1,10745,12830,d__Bacteria;p__Bacillota;c__Clostridia;o__Oscillospirales;f__Ruminococcaceae;g__Anaerotruncus;s__Anaerotruncus massiliensis
10000,0.000643915003219575,0.006097560975609756,0.000643915003219575,0.000779423226812159,10.0,10.0,0.0,/group/ctbrowngrp5/sourmash-db.new/gtdb-rs226/gtdb-rs226-k51.dna.rocksdb,GCA_945949335.1 uncultured Clostridia bacterium,837b6e3d2215f7d08174dc3dff5fd762,0.006097560975609756,10000,210,9980000,outputs.mapping/bams.cds.rand/SRR5976181.x.s__JALFVM01 sp022787145.fastq.gz,SRR5976181.x.s__JALFVM01 sp022787145,13f540bc,15530000,51,DNA,10000,1553,True,0.8658207916648684,0.9048397878646056,0.885330289764737,0.9048397878646056,True,10,10755,12830,d__Bacteria;p__Bacillota;c__Clostridia;o__Oscillospirales;f__Oscillospiraceae;g__Vescimonas;s__Vescimonas sp900757415
10000,0.000643915003219575,0.0033112582781456954,0.000643915003219575,7.79423226812159e-05,1.0,1.0,0.0,/group/ctbrowngrp5/sourmash-db.new/gtdb-rs226/gtdb-rs226-k51.dna.rocksdb,GCA_018378905.1 Clostridiales bacterium,2b3658f948b6ec74b793e7e07637ea7f,0.0033112582781456954,10000,211,9970000,outputs.mapping/bams.cds.rand/SRR5976181.x.s__JALFVM01 sp022787145.fastq.gz,SRR5976181.x.s__JALFVM01 sp022787145,13f540bc,15530000,51,DNA,10000,1553,True,0.8658207916648684,0.8940718327507637,0.879946312207816,0.8940718327507637,True,1,10756,12830,d__Bacteria;p__Bacillota;c__Clostridia;o__Lachnospirales;f__Lachnospiraceae;g__Anaerobutyricum;s__Anaerobutyricum stercoripullorum
60000,0.0038634900193174502,0.004016064257028112,0.000643915003219575,7.79423226812159e-05,1.0,1.0,0.0,/group/ctbrowngrp5/sourmash-db.new/gtdb-rs226/gtdb-rs226-k51.dna.rocksdb,GCA_958353315.1 uncultured Butyricicoccus sp.,40b18dc3e976ec6f5bceb3caa4923d65,0.024096385542168676,10000,212,9960000,outputs.mapping/bams.cds.rand/SRR5976181.x.s__JALFVM01 sp022787145.fastq.gz,SRR5976181.x.s__JALFVM01 sp022787145,13f540bc,15530000,51,DNA,10000,1553,True,0.8967799262273172,0.9295517369654019,0.9131658315963596,0.9295517369654019,True,1,10757,12830,d__Bacteria;p__Bacillota;c__Clostridia;o__Oscillospirales;f__Butyricicoccaceae;g__Butyricicoccus_A;s__Butyricicoccus_A intestinisimiae
20000,0.00128783000643915,0.0031446540880503146,0.000643915003219575,7.79423226812159e-05,1.0,1.0,0.0,/group/ctbrowngrp5/sourmash-db.new/gtdb-rs226/gtdb-rs226-k51.dna.rocksdb,GCF_902386895.1 Lachnoclostridium edouardi,6cd528a06abe977385d995605d696f97,0.006289308176100629,10000,213,9950000,outputs.mapping/bams.cds.rand/SRR5976181.x.s__JALFVM01 sp022787145.fastq.gz,SRR5976181.x.s__JALFVM01 sp022787145,13f540bc,15530000,51,DNA,10000,1553,True,0.8776685970753191,0.9053892851119669,0.891528941093643,0.9053892851119669,True,1,10758,12830,d__Bacteria;p__Bacillota;c__Clostridia;o__Lachnospirales;f__Lachnospiraceae;g__Lachnoclostridium_A;s__Lachnoclostridium_A edouardi
20000,0.00128783000643915,0.004524886877828055,0.000643915003219575,7.79423226812159e-05,1.0,1.0,0.0,/group/ctbrowngrp5/sourmash-db.new/gtdb-rs226/gtdb-rs226-k51.dna.rocksdb,GCA_958434515.1 uncultured Eubacteriales bacterium,acb3a930f30254319b401acd3ffa9f34,0.00904977375565611,10000,214,9940000,outputs.mapping/bams.cds.rand/SRR5976181.x.s__JALFVM01 sp022787145.fastq.gz,SRR5976181.x.s__JALFVM01 sp022787145,13f540bc,15530000,51,DNA,10000,1553,True,0.8776685970753191,0.9118724042710765,0.8947705006731979,0.9118724042710765,True,1,10759,12830,d__Bacteria;p__Bacillota;c__Clostridia;o__Oscillospirales;f__CAG-272;g__CAG-448;s__CAG-448 sp003150135
10000,0.000643915003219575,0.00303951367781155,0.000643915003219575,7.79423226812159e-05,1.0,1.0,0.0,/group/ctbrowngrp5/sourmash-db.new/gtdb-rs226/gtdb-rs226-k51.dna.rocksdb,GCA_947568195.1 uncultured Lachnospiraceae bacterium,99c20463e716edd1c5ac9d6719a53b19,0.00303951367781155,10000,215,9930000,outputs.mapping/bams.cds.rand/SRR5976181.x.s__JALFVM01 sp022787145.fastq.gz,SRR5976181.x.s__JALFVM01 sp022787145,13f540bc,15530000,51,DNA,10000,1553,True,0.8658207916648684,0.8925719153143703,0.8791963534896193,0.8925719153143703,True,1,10760,12830,d__Bacteria;p__Bacillota;c__Clostridia;o__Lachnospirales;f__Lachnospiraceae;g__Petralouisia;s__Petralouisia sp009774455
30000,0.0019317450096587251,0.0035714285714285713,0.000643915003219575,0.0016367887763055339,21.0,21.0,0.0,/group/ctbrowngrp5/sourmash-db.new/gtdb-rs226/gtdb-rs226-k51.dna.rocksdb,GCA_945830075.1 uncultured Treponema sp.,283477bca38378eeed3f606a9d5f7832,0.010714285714285714,10000,216,9920000,outputs.mapping/bams.cds.rand/SRR5976181.x.s__JALFVM01 sp022787145.fastq.gz,SRR5976181.x.s__JALFVM01 sp022787145,13f540bc,15530000,51,DNA,10000,1553,True,0.884674133565548,0.9148962087273368,0.8997851711464424,0.9148962087273368,True,21,10781,12830,d__Bacteria;p__Spirochaetota;c__Spirochaetia;o__Treponematales;f__Treponemataceae;g__Treponema_D;s__Treponema_D sp016293915
20000,0.00128783000643915,0.004048582995951417,0.000643915003219575,0.0012470771628994544,16.0,16.0,0.0,/group/ctbrowngrp5/sourmash-db.new/gtdb-rs226/gtdb-rs226-k51.dna.rocksdb,GCF_000436015.1 Prevotella sp. CAG:592,eed5d2bb8a90b5558e2616f691ac1e7c,0.008097165991902834,10000,217,9910000,outputs.mapping/bams.cds.rand/SRR5976181.x.s__JALFVM01 sp022787145.fastq.gz,SRR5976181.x.s__JALFVM01 sp022787145,13f540bc,15530000,51,DNA,10000,1553,True,0.8776685970753191,0.9098858734755169,0.893777235275418,0.9098858734755169,True,16,10797,12830,d__Bacteria;p__Bacteroidota;c__Bacteroidia;o__Bacteroidales;f__Bacteroidaceae;g__Prevotella;s__Prevotella pectinovora
10000,0.000643915003219575,0.004,0.000643915003219575,7.79423226812159e-05,1.0,1.0,0.0,/group/ctbrowngrp5/sourmash-db.new/gtdb-rs226/gtdb-rs226-k51.dna.rocksdb,GCA_034104805.1 Gemmiger qucibialis,858d4e9d9469f78abb13b805c7f9789b,0.004,10000,218,9900000,outputs.mapping/bams.cds.rand/SRR5976181.x.s__JALFVM01 sp022787145.fastq.gz,SRR5976181.x.s__JALFVM01 sp022787145,13f540bc,15530000,51,DNA,10000,1553,True,0.8658207916648684,0.8973907082557256,0.881605749960297,0.8973907082557256,True,1,10798,12830,d__Bacteria;p__Bacillota;c__Clostridia;o__Oscillospirales;f__Ruminococcaceae;g__Gemmiger;s__Gemmiger qucibialis
10000,0.000643915003219575,0.004201680672268907,0.000643915003219575,0.0002338269680436477,3.0,3.0,0.0,/group/ctbrowngrp5/sourmash-db.new/gtdb-rs226/gtdb-rs226-k51.dna.rocksdb,GCA_945932635.1 uncultured Bacteroides sp.,c82f2d937d8d36616dda46f92ea2597c,0.004201680672268907,10000,219,9890000,outputs.mapping/bams.cds.rand/SRR5976181.x.s__JALFVM01 sp022787145.fastq.gz,SRR5976181.x.s__JALFVM01 sp022787145,13f540bc,15530000,51,DNA,10000,1553,True,0.8658207916648684,0.8982566722388579,0.8820387319518631,0.8982566722388579,True,3,10801,12830,d__Bacteria;p__Bacteroidota;c__Bacteroidia;o__Bacteroidales;f__UBA932;g__Cryptobacteroides;s__Cryptobacteroides sp000434935
10000,0.000643915003219575,0.0035087719298245615,0.000643915003219575,7.79423226812159e-05,1.0,1.0,0.0,/group/ctbrowngrp5/sourmash-db.new/gtdb-rs226/gtdb-rs226-k51.dna.rocksdb,GCA_905209075.1 uncultured Lachnospiraceae bacterium,950d9c0b512d68f03a07823ff6a832b0,0.0035087719298245615,10000,220,9880000,outputs.mapping/bams.cds.rand/SRR5976181.x.s__JALFVM01 sp022787145.fastq.gz,SRR5976181.x.s__JALFVM01 sp022787145,13f540bc,15530000,51,DNA,10000,1553,True,0.8658207916648684,0.8950881077119309,0.8804544496883997,0.8950881077119309,True,1,10802,12830,d__Bacteria;p__Bacillota;c__Clostridia;o__Lachnospirales;f__Lachnospiraceae;g__Agathobacter;s__Agathobacter sp905209075
30000,0.0019317450096587251,0.003355704697986577,0.000643915003219575,0.0001558846453624318,2.0,2.0,0.0,/group/ctbrowngrp5/sourmash-db.new/gtdb-rs226/gtdb-rs226-k51.dna.rocksdb,GCA_022776845.1 Prevotella sp.,ac221b7645d0b6be20f9cfbc5e56f38f,0.010067114093959731,10000,221,9870000,outputs.mapping/bams.cds.rand/SRR5976181.x.s__JALFVM01 sp022787145.fastq.gz,SRR5976181.x.s__JALFVM01 sp022787145,13f540bc,15530000,51,DNA,10000,1553,True,0.884674133565548,0.9137792129825895,0.8992266732740688,0.9137792129825895,True,2,10804,12830,d__Bacteria;p__Bacteroidota;c__Bacteroidia;o__Bacteroidales;f__Bacteroidaceae;g__Prevotella;s__Prevotella sp900548195
20000,0.00128783000643915,0.0045662100456621,0.000643915003219575,7.79423226812159e-05,1.0,1.0,0.0,/group/ctbrowngrp5/sourmash-db.new/gtdb-rs226/gtdb-rs226-k51.dna.rocksdb,GCA_945946715.1 uncultured Clostridium sp.,7eedd57069a9596eedb10a7de8a8d2ba,0.0091324200913242,10000,222,9860000,outputs.mapping/bams.cds.rand/SRR5976181.x.s__JALFVM01 sp022787145.fastq.gz,SRR5976181.x.s__JALFVM01 sp022787145,13f540bc,15530000,51,DNA,10000,1553,True,0.8776685970753191,0.91203496397918,0.8948517805272496,0.91203496397918,True,1,10805,12830,d__Bacteria;p__Bacillota;c__Clostridia;o__Lachnospirales;f__Lachnospiraceae;g__CAG-632;s__CAG-632 sp945946715
10000,0.000643915003219575,0.0058823529411764705,0.000643915003219575,7.79423226812159e-05,1.0,1.0,0.0,/group/ctbrowngrp5/sourmash-db.new/gtdb-rs226/gtdb-rs226-k51.dna.rocksdb,GCA_945828505.1 uncultured Firmicutes bacterium,35f61392a99e98fc37650ede541c4b38,0.0058823529411764705,10000,223,9850000,outputs.mapping/bams.cds.rand/SRR5976181.x.s__JALFVM01 sp022787145.fastq.gz,SRR5976181.x.s__JALFVM01 sp022787145,13f540bc,15530000,51,DNA,10000,1553,True,0.8658207916648684,0.9042025082392618,0.885011649952065,0.9042025082392618,True,1,10806,12830,d__Bacteria;p__Bacillota;c__Clostridia;o__Peptostreptococcales;f__Anaerovoracaceae;g__Lentihominibacter;s__Lentihominibacter sp022775805
10000,0.000643915003219575,0.004366812227074236,0.000643915003219575,0.0001558846453624318,2.0,2.0,0.0,/group/ctbrowngrp5/sourmash-db.new/gtdb-rs226/gtdb-rs226-k51.dna.rocksdb,GCA_017379555.1 Selenomonadaceae bacterium,c6a828a075ffc942a72343693c71280b,0.004366812227074236,10000,224,9840000,outputs.mapping/bams.cds.rand/SRR5976181.x.s__JALFVM01 sp022787145.fastq.gz,SRR5976181.x.s__JALFVM01 sp022787145,13f540bc,15530000,51,DNA,10000,1553,True,0.8658207916648684,0.8989358818428389,0.8823783367538536,0.8989358818428389,True,2,10808,12830,d__Bacteria;p__Bacillota;c__Negativicutes;o__Selenomonadales;f__Selenomonadaceae;g__Anaerovibrio;s__Anaerovibrio slackiae
20000,0.00128783000643915,0.002824858757062147,0.000643915003219575,7.79423226812159e-05,1.0,1.0,0.0,/group/ctbrowngrp5/sourmash-db.new/gtdb-rs226/gtdb-rs226-k51.dna.rocksdb,GCA_003481565.1 Firmicutes bacterium OM08-11AC,4d1e2d9779a7e7d7a57cbacab716e129,0.005649717514124294,10000,225,9830000,outputs.mapping/bams.cds.rand/SRR5976181.x.s__JALFVM01 sp022787145.fastq.gz,SRR5976181.x.s__JALFVM01 sp022787145,13f540bc,15530000,51,DNA,10000,1553,True,0.8776685970753191,0.9034873844621032,0.8905779907687111,0.9034873844621032,True,1,10809,12830,d__Bacteria;p__Bacillota;c__Clostridia;o__Lachnospirales;f__Lachnospiraceae;g__Acetatifactor;s__Acetatifactor intestinalis
20000,0.00128783000643915,0.005,0.000643915003219575,0.0001558846453624318,2.0,2.0,0.0,/group/ctbrowngrp5/sourmash-db.new/gtdb-rs226/gtdb-rs226-k51.dna.rocksdb,GCA_004551965.1 Bacteroidales bacterium,ba34461ad72649a5157c2bbf5cb4ef6c,0.01,10000,226,9820000,outputs.mapping/bams.cds.rand/SRR5976181.x.s__JALFVM01 sp022787145.fastq.gz,SRR5976181.x.s__JALFVM01 sp022787145,13f540bc,15530000,51,DNA,10000,1553,True,0.8776685970753191,0.9136593726391776,0.8956639848572483,0.9136593726391776,True,2,10811,12830,d__Bacteria;p__Bacteroidota;c__Bacteroidia;o__Bacteroidales;f__UBA932;g__Cryptobacteroides;s__Cryptobacteroides sp004552965
20000,0.00128783000643915,0.003472222222222222,0.000643915003219575,7.79423226812159e-05,1.0,1.0,0.0,/group/ctbrowngrp5/sourmash-db.new/gtdb-rs226/gtdb-rs226-k51.dna.rocksdb,GCA_034113005.1 Prevotella sp.,989ede7c421093100e0954c349271864,0.006944444444444444,10000,227,9810000,outputs.mapping/bams.cds.rand/SRR5976181.x.s__JALFVM01 sp022787145.fastq.gz,SRR5976181.x.s__JALFVM01 sp022787145,13f540bc,15530000,51,DNA,10000,1553,True,0.8776685970753191,0.9071501293291512,0.8924093632022352,0.9071501293291512,True,1,10812,12830,d__Bacteria;p__Bacteroidota;c__Bacteroidia;o__Bacteroidales;f__Bacteroidaceae;g__Prevotella;s__Prevotella sp004556065
10000,0.000643915003219575,0.00684931506849315,0.000643915003219575,7.79423226812159e-05,1.0,1.0,0.0,/group/ctbrowngrp5/sourmash-db.new/gtdb-rs226/gtdb-rs226-k51.dna.rocksdb,GCA_945965405.1 Ruminococcus bromii,258f4d1b16a1f582d69a218f0bc28b73,0.00684931506849315,10000,228,9800000,outputs.mapping/bams.cds.rand/SRR5976181.x.s__JALFVM01 sp022787145.fastq.gz,SRR5976181.x.s__JALFVM01 sp022787145,13f540bc,15530000,51,DNA,10000,1553,True,0.8658207916648684,0.9069048171321926,0.8863628043985305,0.9069048171321926,True,1,10813,12830,d__Bacteria;p__Bacillota;c__Clostridia;o__Oscillospirales;f__Acutalibacteraceae;g__Hominenteromicrobium;s__Hominenteromicrobium sp004555625
10000,0.000643915003219575,0.0055248618784530384,0.000643915003219575,0.0003897116134060795,5.0,5.0,0.0,/group/ctbrowngrp5/sourmash-db.new/gtdb-rs226/gtdb-rs226-k51.dna.rocksdb,GCA_022782385.1 Oscillospiraceae bacterium,c600d5d0bb9a87ab224ea2b0c3585ab6,0.0055248618784530384,10000,229,9790000,outputs.mapping/bams.cds.rand/SRR5976181.x.s__JALFVM01 sp022787145.fastq.gz,SRR5976181.x.s__JALFVM01 sp022787145,13f540bc,15530000,51,DNA,10000,1553,True,0.8658207916648684,0.9030915789811151,0.8844561853229918,0.9030915789811151,True,5,10818,12830,d__Bacteria;p__Bacillota;c__Clostridia;o__Oscillospirales;f__Ruminococcaceae;g__UMGS1668;s__UMGS1668 sp004556975
10000,0.000643915003219575,0.005263157894736842,0.000643915003219575,7.79423226812159e-05,1.0,1.0,0.0,/group/ctbrowngrp5/sourmash-db.new/gtdb-rs226/gtdb-rs226-k51.dna.rocksdb,GCA_037343645.1 Angelakisella sp.,3c58f8f4532db3df43e429ee7a53d554,0.005263157894736842,10000,230,9780000,outputs.mapping/bams.cds.rand/SRR5976181.x.s__JALFVM01 sp022787145.fastq.gz,SRR5976181.x.s__JALFVM01 sp022787145,13f540bc,15530000,51,DNA,10000,1553,True,0.8658207916648684,0.9022326864532024,0.8840267390590354,0.9022326864532024,True,1,10819,12830,d__Bacteria;p__Bacillota;c__Clostridia;o__Oscillospirales;f__Ruminococcaceae;g__Angelakisella;s__Angelakisella sp900547385
10000,0.000643915003219575,0.004132231404958678,0.000643915003219575,7.79423226812159e-05,1.0,1.0,0.0,/group/ctbrowngrp5/sourmash-db.new/gtdb-rs226/gtdb-rs226-k51.dna.rocksdb,GCF_034104325.1 Treponema sp.,173331e44728bf8385b6e2d2062990bc,0.004132231404958678,10000,231,9770000,outputs.mapping/bams.cds.rand/SRR5976181.x.s__JALFVM01 sp022787145.fastq.gz,SRR5976181.x.s__JALFVM01 sp022787145,13f540bc,15530000,51,DNA,10000,1553,True,0.8658207916648684,0.8979631654737237,0.881891978569296,0.8979631654737237,True,1,10820,12830,d__Bacteria;p__Spirochaetota;c__Spirochaetia;o__Treponematales;f__Treponemataceae;g__Treponema_D;s__Treponema_D sp018384055
10000,0.000643915003219575,0.006134969325153374,0.000643915003219575,7.79423226812159e-05,1.0,1.0,0.0,/group/ctbrowngrp5/sourmash-db.new/gtdb-rs226/gtdb-rs226-k51.dna.rocksdb,GCA_029100805.1 Eubacteriales bacterium,12fe8b6824e9dc3d7b4e2ca622c6e2f7,0.006134969325153374,10000,232,9760000,outputs.mapping/bams.cds.rand/SRR5976181.x.s__JALFVM01 sp022787145.fastq.gz,SRR5976181.x.s__JALFVM01 sp022787145,13f540bc,15530000,51,DNA,10000,1553,True,0.8658207916648684,0.9049483082061326,0.8853845499355004,0.9049483082061326,True,1,10821,12830,d__Bacteria;p__Bacillota;c__Clostridia;o__Oscillospirales;f__Acutalibacteraceae;g__Eubacterium_R;s__Eubacterium_R sp945980375
20000,0.00128783000643915,0.004048582995951417,0.000643915003219575,0.0005455962587685113,7.0,7.0,0.0,/group/ctbrowngrp5/sourmash-db.new/gtdb-rs226/gtdb-rs226-k51.dna.rocksdb,GCA_004556375.1 [Eubacterium] saphenum,6f73b817ea1983fcbfdb3300020d0b82,0.008097165991902834,10000,233,9750000,outputs.mapping/bams.cds.rand/SRR5976181.x.s__JALFVM01 sp022787145.fastq.gz,SRR5976181.x.s__JALFVM01 sp022787145,13f540bc,15530000,51,DNA,10000,1553,True,0.8776685970753191,0.9098858734755169,0.893777235275418,0.9098858734755169,True,7,10828,12830,d__Bacteria;p__Bacillota;c__Clostridia;o__Peptostreptococcales;f__Anaerovoracaceae;g__Hornefia;s__Hornefia butyriciproducens
10000,0.000643915003219575,0.004901960784313725,0.000643915003219575,0.0001558846453624318,2.0,2.0,0.0,/group/ctbrowngrp5/sourmash-db.new/gtdb-rs226/gtdb-rs226-k51.dna.rocksdb,GCA_946410415.1 uncultured Clostridia bacterium,b4e2bebc4084a63436308f78b253fee3,0.004901960784313725,10000,234,9740000,outputs.mapping/bams.cds.rand/SRR5976181.x.s__JALFVM01 sp022787145.fastq.gz,SRR5976181.x.s__JALFVM01 sp022787145,13f540bc,15530000,51,DNA,10000,1553,True,0.8658207916648684,0.9009758163577729,0.8833983040113207,0.9009758163577729,True,2,10830,12830,d__Bacteria;p__Bacillota;c__Clostridia;o__Oscillospirales;f__Ruminococcaceae;g__SFJ001;s__SFJ001 sp004555865
10000,0.000643915003219575,0.004484304932735426,0.000643915003219575,7.79423226812159e-05,1.0,1.0,0.0,/group/ctbrowngrp5/sourmash-db.new/gtdb-rs226/gtdb-rs226-k51.dna.rocksdb,GCA_034169085.1 Candidatus Cryptobacteroides sp.,362454f529ad739568b16e459560dd3c,0.004484304932735426,10000,235,9730000,outputs.mapping/bams.cds.rand/SRR5976181.x.s__JALFVM01 sp022787145.fastq.gz,SRR5976181.x.s__JALFVM01 sp022787145,13f540bc,15530000,51,DNA,10000,1553,True,0.8658207916648684,0.8994039832126721,0.8826123874387702,0.8994039832126721,True,1,10831,12830,d__Bacteria;p__Bacteroidota;c__Bacteroidia;o__Bacteroidales;f__UBA932;g__Cryptobacteroides;s__Cryptobacteroides sp000434935
10000,0.000643915003219575,0.0036101083032490976,0.000643915003219575,7.79423226812159e-05,1.0,1.0,0.0,/group/ctbrowngrp5/sourmash-db.new/gtdb-rs226/gtdb-rs226-k51.dna.rocksdb,GCA_945868305.1 uncultured Lachnospiraceae bacterium,35208213bf8a7b155d53181edfea45f0,0.0036101083032490976,10000,236,9720000,outputs.mapping/bams.cds.rand/SRR5976181.x.s__JALFVM01 sp022787145.fastq.gz,SRR5976181.x.s__JALFVM01 sp022787145,13f540bc,15530000,51,DNA,10000,1553,True,0.8658207916648684,0.8955879463753921,0.8807043690201302,0.8955879463753921,True,1,10832,12830,d__Bacteria;p__Bacillota;c__Clostridia;o__Lachnospirales;f__Lachnospiraceae;g__Roseburia_D;s__Roseburia_D sp945868305
10000,0.000643915003219575,0.0033444816053511705,0.000643915003219575,7.79423226812159e-05,1.0,1.0,0.0,/group/ctbrowngrp5/sourmash-db.new/gtdb-rs226/gtdb-rs226-k51.dna.rocksdb,GCA_945831055.1 uncultured Prevotella sp.,596f75092c7cdd3ad2c022985e198274,0.0033444816053511705,10000,237,9710000,outputs.mapping/bams.cds.rand/SRR5976181.x.s__JALFVM01 sp022787145.fastq.gz,SRR5976181.x.s__JALFVM01 sp022787145,13f540bc,15530000,51,DNA,10000,1553,True,0.8658207916648684,0.8942468678440603,0.8800338297544643,0.8942468678440603,True,1,10833,12830,d__Bacteria;p__Bacteroidota;c__Bacteroidia;o__Bacteroidales;f__Bacteroidaceae;g__Prevotella;s__Prevotella sp905193385
40000,0.0025756600128783,0.0037735849056603774,0.000643915003219575,0.0001558846453624318,2.0,2.0,0.0,/group/ctbrowngrp5/sourmash-db.new/gtdb-rs226/gtdb-rs226-k51.dna.rocksdb,GCA_963931365.1 uncultured Eubacteriales bacterium,91706e9b54a7969bf36acafe40db30a4,0.01509433962264151,10000,238,9700000,outputs.mapping/bams.cds.rand/SRR5976181.x.s__JALFVM01 sp022787145.fastq.gz,SRR5976181.x.s__JALFVM01 sp022787145,13f540bc,15530000,51,DNA,10000,1553,True,0.889678526674049,0.9210654098320206,0.9053719682530348,0.9210654098320206,True,2,10835,12830,d__Bacteria;p__Bacillota;c__Clostridia;o__Oscillospirales;f__Oscillospiraceae;g__Faecousia;s__Faecousia faecigallinarum
40000,0.0025756600128783,0.003236245954692557,0.000643915003219575,7.79423226812159e-05,1.0,1.0,0.0,/group/ctbrowngrp5/sourmash-db.new/gtdb-rs226/gtdb-rs226-k51.dna.rocksdb,GCF_021531175.1 Xylanibacter brevis,edb583b5c0130283c6bc456e556e69b7,0.012944983818770227,10000,239,9690000,outputs.mapping/bams.cds.rand/SRR5976181.x.s__JALFVM01 sp022787145.fastq.gz,SRR5976181.x.s__JALFVM01 sp022787145,13f540bc,15530000,51,DNA,10000,1553,True,0.889678526674049,0.9182953445318202,0.9039869356029346,0.9182953445318202,True,1,10836,12830,d__Bacteria;p__Bacteroidota;c__Bacteroidia;o__Bacteroidales;f__Bacteroidaceae;g__Prevotella;s__Prevotella sp002251295
10000,0.000643915003219575,0.0035211267605633804,0.000643915003219575,0.0003117692907248636,4.0,4.0,0.0,/group/ctbrowngrp5/sourmash-db.new/gtdb-rs226/gtdb-rs226-k51.dna.rocksdb,GCF_018917435.1 Intestinibacter bartlettii,06a1e298df7ab81906158273d3a2b850,0.0035211267605633804,10000,240,9680000,outputs.mapping/bams.cds.rand/SRR5976181.x.s__JALFVM01 sp022787145.fastq.gz,SRR5976181.x.s__JALFVM01 sp022787145,13f540bc,15530000,51,DNA,10000,1553,True,0.8658207916648684,0.8951497996982114,0.8804852956815399,0.8951497996982114,True,4,10840,12830,d__Bacteria;p__Bacillota;c__Clostridia;o__Peptostreptococcales;f__Peptostreptococcaceae;g__Intestinibacter;s__Intestinibacter bartlettii_A
10000,0.000643915003219575,0.005,0.000643915003219575,0.0001558846453624318,2.0,2.0,0.0,/group/ctbrowngrp5/sourmash-db.new/gtdb-rs226/gtdb-rs226-k51.dna.rocksdb,GCA_001916305.1 Coprococcus sp. CAG:131_42_139,709fb8f613f64f141620df32fc19b2bf,0.005,10000,241,9670000,outputs.mapping/bams.cds.rand/SRR5976181.x.s__JALFVM01 sp022787145.fastq.gz,SRR5976181.x.s__JALFVM01 sp022787145,13f540bc,15530000,51,DNA,10000,1553,True,0.8658207916648684,0.9013257213104922,0.8835732564876803,0.9013257213104922,True,2,10842,12830,d__Bacteria;p__Bacillota;c__Clostridia;o__Lachnospirales;f__Lachnospiraceae;g__Coprococcus;s__Coprococcus aceti
10000,0.000643915003219575,0.004098360655737705,0.000643915003219575,7.79423226812159e-05,1.0,1.0,0.0,/group/ctbrowngrp5/sourmash-db.new/gtdb-rs226/gtdb-rs226-k51.dna.rocksdb,GCA_945913405.1 uncultured Clostridia bacterium,091c626f7d24dc948f8f71413b1d2478,0.004098360655737705,10000,242,9660000,outputs.mapping/bams.cds.rand/SRR5976181.x.s__JALFVM01 sp022787145.fastq.gz,SRR5976181.x.s__JALFVM01 sp022787145,13f540bc,15530000,51,DNA,10000,1553,True,0.8658207916648684,0.8978182617731918,0.8818195267190301,0.8978182617731918,True,1,10843,12830,d__Bacteria;p__Bacillota;c__Clostridia;o__Oscillospirales;f__Oscillospiraceae;g__Faecousia;s__Faecousia sp022786965
10000,0.000643915003219575,0.0036231884057971015,0.000643915003219575,0.0001558846453624318,2.0,2.0,0.0,/group/ctbrowngrp5/sourmash-db.new/gtdb-rs226/gtdb-rs226-k51.dna.rocksdb,GCA_937921795.1 uncultured Lachnospiraceae bacterium,d3b7000b8f70e7d2f73098c44d49c49c,0.0036231884057971015,10000,243,9650000,outputs.mapping/bams.cds.rand/SRR5976181.x.s__JALFVM01 sp022787145.fastq.gz,SRR5976181.x.s__JALFVM01 sp022787145,13f540bc,15530000,51,DNA,10000,1553,True,0.8658207916648684,0.8956514588158029,0.8807361252403356,0.8956514588158029,True,2,10845,12830,d__Bacteria;p__Bacillota;c__Clostridia;o__Lachnospirales;f__Lachnospiraceae;g__Hominisplanchenecus_A;s__Hominisplanchenecus_A sp900752065
20000,0.00128783000643915,0.0029850746268656717,0.000643915003219575,7.79423226812159e-05,1.0,1.0,0.0,/group/ctbrowngrp5/sourmash-db.new/gtdb-rs226/gtdb-rs226-k51.dna.rocksdb,GCA_019409095.1 Prevotella sp.,2c344e6080ad6f20014bb128d796ef8b,0.005970149253731343,10000,244,9640000,outputs.mapping/bams.cds.rand/SRR5976181.x.s__JALFVM01 sp022787145.fastq.gz,SRR5976181.x.s__JALFVM01 sp022787145,13f540bc,15530000,51,DNA,10000,1553,True,0.8776685970753191,0.9044652098785981,0.8910669034769586,0.9044652098785981,True,1,10846,12830,d__Bacteria;p__Bacteroidota;c__Bacteroidia;o__Bacteroidales;f__Bacteroidaceae;g__Prevotella;s__Prevotella copri_C
10000,0.000643915003219575,0.004081632653061225,0.000643915003219575,7.79423226812159e-05,1.0,1.0,0.0,/group/ctbrowngrp5/sourmash-db.new/gtdb-rs226/gtdb-rs226-k51.dna.rocksdb,GCA_034094075.1 Prevotella sp.,380c3de1b8ef759b60d005ed758e1029,0.004081632653061225,10000,245,9630000,outputs.mapping/bams.cds.rand/SRR5976181.x.s__JALFVM01 sp022787145.fastq.gz,SRR5976181.x.s__JALFVM01 sp022787145,13f540bc,15530000,51,DNA,10000,1553,True,0.8658207916648684,0.897746263416111,0.8817835275404897,0.897746263416111,True,1,10847,12830,d__Bacteria;p__Bacteroidota;c__Bacteroidia;o__Bacteroidales;f__Bacteroidaceae;g__Prevotella;s__Prevotella sp022769285
10000,0.000643915003219575,0.003968253968253968,0.000643915003219575,0.0005455962587685113,7.0,7.0,0.0,/group/ctbrowngrp5/sourmash-db.new/gtdb-rs226/gtdb-rs226-k51.dna.rocksdb,GCA_945876775.1 uncultured Bacteroidales bacterium,d8f5ebc5e9180031bb6a8cb1cb6be687,0.003968253968253968,10000,246,9620000,outputs.mapping/bams.cds.rand/SRR5976181.x.s__JALFVM01 sp022787145.fastq.gz,SRR5976181.x.s__JALFVM01 sp022787145,13f540bc,15530000,51,DNA,10000,1553,True,0.8658207916648684,0.8972505121216641,0.8815356518932662,0.8972505121216641,True,7,10854,12830,d__Bacteria;p__Bacteroidota;c__Bacteroidia;o__Bacteroidales;f__UBA932;g__Cryptobacteroides;s__Cryptobacteroides sp034089285
10000,0.000643915003219575,0.0036101083032490976,0.000643915003219575,7.79423226812159e-05,1.0,1.0,0.0,/group/ctbrowngrp5/sourmash-db.new/gtdb-rs226/gtdb-rs226-k51.dna.rocksdb,GCA_937950565.1 uncultured Lachnospiraceae bacterium,372eec0cdee3610c30d8bbc25c977408,0.0036101083032490976,10000,247,9610000,outputs.mapping/bams.cds.rand/SRR5976181.x.s__JALFVM01 sp022787145.fastq.gz,SRR5976181.x.s__JALFVM01 sp022787145,13f540bc,15530000,51,DNA,10000,1553,True,0.8658207916648684,0.8955879463753921,0.8807043690201302,0.8955879463753921,True,1,10855,12830,d__Bacteria;p__Bacillota;c__Clostridia;o__Lachnospirales;f__Lachnospiraceae;g__UBA7109;s__UBA7109 sp937950565
10000,0.000643915003219575,0.003676470588235294,0.000643915003219575,0.0002338269680436477,3.0,3.0,0.0,/group/ctbrowngrp5/sourmash-db.new/gtdb-rs226/gtdb-rs226-k51.dna.rocksdb,GCA_958368405.1 uncultured Eubacteriales bacterium,18cdf6815754921c618bef5da0223904,0.003676470588235294,10000,248,9600000,outputs.mapping/bams.cds.rand/SRR5976181.x.s__JALFVM01 sp022787145.fastq.gz,SRR5976181.x.s__JALFVM01 sp022787145,13f540bc,15530000,51,DNA,10000,1553,True,0.8658207916648684,0.8959078766119833,0.8808643341384259,0.8959078766119833,True,3,10858,12830,d__Bacteria;p__Bacillota;c__Clostridia;o__Oscillospirales;f__Ruminococcaceae;g__Negativibacillus;s__Negativibacillus massiliensis
10000,0.000643915003219575,0.00546448087431694,0.000643915003219575,0.0002338269680436477,3.0,3.0,0.0,/group/ctbrowngrp5/sourmash-db.new/gtdb-rs226/gtdb-rs226-k51.dna.rocksdb,GCA_037293675.1 bacterium,7f356c3c1fa2e4595e09aa63c308956a,0.00546448087431694,10000,249,9590000,outputs.mapping/bams.cds.rand/SRR5976181.x.s__JALFVM01 sp022787145.fastq.gz,SRR5976181.x.s__JALFVM01 sp022787145,13f540bc,15530000,51,DNA,10000,1553,True,0.8658207916648684,0.9028970081176741,0.8843588998912713,0.9028970081176741,True,3,10861,12830,d__Bacteria;p__Bacillota;c__Clostridia;o__Oscillospirales;f__Oscillospiraceae;g__Faecousia;s__Faecousia sp900546075
10000,0.000643915003219575,0.00510204081632653,0.000643915003219575,7.79423226812159e-05,1.0,1.0,0.0,/group/ctbrowngrp5/sourmash-db.new/gtdb-rs226/gtdb-rs226-k51.dna.rocksdb,GCA_034174505.1 Paludibacteraceae bacterium,11bc8548da4fe69a25c860aaad1e8c65,0.00510204081632653,10000,250,9580000,outputs.mapping/bams.cds.rand/SRR5976181.x.s__JALFVM01 sp022787145.fastq.gz,SRR5976181.x.s__JALFVM01 sp022787145,13f540bc,15530000,51,DNA,10000,1553,True,0.8658207916648684,0.9016828355623467,0.8837518136136076,0.9016828355623467,True,1,10862,12830,d__Bacteria;p__Bacteroidota;c__Bacteroidia;o__Bacteroidales;f__Paludibacteraceae;g__Colicola;s__Colicola sp016302585
10000,0.000643915003219575,0.00558659217877095,0.000643915003219575,0.0006235385814497272,8.0,8.0,0.0,/group/ctbrowngrp5/sourmash-db.new/gtdb-rs226/gtdb-rs226-k51.dna.rocksdb,GCA_034087465.1 Candidatus Cryptobacteroides sp.,f108772c3858ab4698036c82db40ca88,0.00558659217877095,10000,251,9570000,outputs.mapping/bams.cds.rand/SRR5976181.x.s__JALFVM01 sp022787145.fastq.gz,SRR5976181.x.s__JALFVM01 sp022787145,13f540bc,15530000,51,DNA,10000,1553,True,0.8658207916648684,0.9032883544180165,0.8845545730414424,0.9032883544180165,True,8,10870,12830,d__Bacteria;p__Bacteroidota;c__Bacteroidia;o__Bacteroidales;f__UBA932;g__Cryptobacteroides;s__Cryptobacteroides sp004554455
10000,0.000643915003219575,0.005405405405405406,0.000643915003219575,0.0005455962587685113,7.0,7.0,0.0,/group/ctbrowngrp5/sourmash-db.new/gtdb-rs226/gtdb-rs226-k51.dna.rocksdb,GCA_945831455.1 uncultured Prevotella sp.,f9e2608e706c796a7267cf39fde2cf08,0.005405405405405406,10000,252,9560000,outputs.mapping/bams.cds.rand/SRR5976181.x.s__JALFVM01 sp022787145.fastq.gz,SRR5976181.x.s__JALFVM01 sp022787145,13f540bc,15530000,51,DNA,10000,1553,True,0.8658207916648684,0.9027045934360562,0.8842626925504623,0.9027045934360562,True,7,10877,12830,d__Bacteria;p__Bacteroidota;c__Bacteroidia;o__Bacteroidales;f__Bacteroidaceae;g__Prevotella;s__Prevotella sp002299275
40000,0.0025756600128783,0.002976190476190476,0.000643915003219575,0.0003117692907248636,4.0,4.0,0.0,/group/ctbrowngrp5/sourmash-db.new/gtdb-rs226/gtdb-rs226-k51.dna.rocksdb,GCA_034103585.1 Lachnospiraceae bacterium,2e04eb7ce8ff6d4552e1ef579447561e,0.011904761904761904,10000,253,9550000,outputs.mapping/bams.cds.rand/SRR5976181.x.s__JALFVM01 sp022787145.fastq.gz,SRR5976181.x.s__JALFVM01 sp022787145,13f540bc,15530000,51,DNA,10000,1553,True,0.889678526674049,0.9167882396034238,0.9032333831387365,0.9167882396034238,True,4,10881,12830,d__Bacteria;p__Bacillota;c__Clostridia;o__Lachnospirales;f__Lachnospiraceae;g__W0P33-017;s__W0P33-017 sp028727105
10000,0.000643915003219575,0.0058823529411764705,0.000643915003219575,7.79423226812159e-05,1.0,1.0,0.0,/group/ctbrowngrp5/sourmash-db.new/gtdb-rs226/gtdb-rs226-k51.dna.rocksdb,GCA_945833725.1 uncultured Treponema sp.,aae36905a6cd18e7899bff51e665fae9,0.0058823529411764705,10000,254,9540000,outputs.mapping/bams.cds.rand/SRR5976181.x.s__JALFVM01 sp022787145.fastq.gz,SRR5976181.x.s__JALFVM01 sp022787145,13f540bc,15530000,51,DNA,10000,1553,True,0.8658207916648684,0.9042025082392618,0.885011649952065,0.9042025082392618,True,1,10882,12830,d__Bacteria;p__Spirochaetota;c__Spirochaetia;o__Treponematales;f__Treponemataceae;g__Treponema_D;s__Treponema_D sp945833725
10000,0.000643915003219575,0.006134969325153374,0.000643915003219575,7.79423226812159e-05,1.0,1.0,0.0,/group/ctbrowngrp5/sourmash-db.new/gtdb-rs226/gtdb-rs226-k51.dna.rocksdb,GCA_959026155.1 uncultured Eubacteriales bacterium,6a0ea442792009d82b18a42cefb88592,0.006134969325153374,10000,255,9530000,outputs.mapping/bams.cds.rand/SRR5976181.x.s__JALFVM01 sp022787145.fastq.gz,SRR5976181.x.s__JALFVM01 sp022787145,13f540bc,15530000,51,DNA,10000,1553,True,0.8658207916648684,0.9049483082061326,0.8853845499355004,0.9049483082061326,True,1,10883,12830,d__Bacteria;p__Bacillota;c__Clostridia;o__Oscillospirales;f__CAG-382;g__Coliplasma;s__Coliplasma sp900554405
20000,0.00128783000643915,0.0043859649122807015,0.000643915003219575,0.0001558846453624318,2.0,2.0,0.0,/group/ctbrowngrp5/sourmash-db.new/gtdb-rs226/gtdb-rs226-k51.dna.rocksdb,GCA_958440795.1 uncultured Eubacteriales bacterium,1f4345738b43a115b3313aa16f42f4f0,0.008771929824561403,10000,256,9520000,outputs.mapping/bams.cds.rand/SRR5976181.x.s__JALFVM01 sp022787145.fastq.gz,SRR5976181.x.s__JALFVM01 sp022787145,13f540bc,15530000,51,DNA,10000,1553,True,0.8776685970753191,0.911315028588222,0.8944918128317705,0.911315028588222,True,2,10885,12830,d__Bacteria;p__Bacillota;c__Clostridia;o__Oscillospirales;f__Oscillospiraceae;g__CAG-170;s__CAG-170 sp002404795
10000,0.000643915003219575,0.005235602094240838,0.000643915003219575,0.0001558846453624318,2.0,2.0,0.0,/group/ctbrowngrp5/sourmash-db.new/gtdb-rs226/gtdb-rs226-k51.dna.rocksdb,GCA_021620185.1 Oscillospiraceae bacterium,e1cda0ca3af3ad1ffc37f101df057c1a,0.005235602094240838,10000,257,9510000,outputs.mapping/bams.cds.rand/SRR5976181.x.s__JALFVM01 sp022787145.fastq.gz,SRR5976181.x.s__JALFVM01 sp022787145,13f540bc,15530000,51,DNA,10000,1553,True,0.8658207916648684,0.9021398257330133,0.8839803086989408,0.9021398257330133,True,2,10887,12830,d__Bacteria;p__Bacillota;c__Clostridia;o__Oscillospirales;f__Acutalibacteraceae;g__CAG-177;s__CAG-177 sp003514385
10000,0.000643915003219575,0.003236245954692557,0.000643915003219575,7.79423226812159e-05,1.0,1.0,0.0,/group/ctbrowngrp5/sourmash-db.new/gtdb-rs226/gtdb-rs226-k51.dna.rocksdb,GCF_016236005.1 Clostridium perfringens,8c38d53591e4856cf7091238ee602e71,0.003236245954692557,10000,258,9500000,outputs.mapping/bams.cds.rand/SRR5976181.x.s__JALFVM01 sp022787145.fastq.gz,SRR5976181.x.s__JALFVM01 sp022787145,13f540bc,15530000,51,DNA,10000,1553,True,0.8658207916648684,0.8936702172154328,0.8797455044401505,0.8936702172154328,True,1,10888,12830,d__Bacteria;p__Bacillota;c__Clostridia;o__Clostridiales;f__Clostridiaceae;g__Sarcina;s__Sarcina perfringens
10000,0.000643915003219575,0.006756756756756757,0.000643915003219575,0.0002338269680436477,3.0,3.0,0.0,/group/ctbrowngrp5/sourmash-db.new/gtdb-rs226/gtdb-rs226-k51.dna.rocksdb,GCA_028724825.1 Clostridiales bacterium,fef410982f4543b7d9eec75afd21663d,0.006756756756756757,10000,259,9490000,outputs.mapping/bams.cds.rand/SRR5976181.x.s__JALFVM01 sp022787145.fastq.gz,SRR5976181.x.s__JALFVM01 sp022787145,13f540bc,15530000,51,DNA,10000,1553,True,0.8658207916648684,0.9066629076096819,0.8862418496372751,0.9066629076096819,True,3,10891,12830,d__Bacteria;p__Bacillota;c__Clostridia;o__Christensenellales;f__CAG-138;g__SFEL01;s__SFEL01 sp004557245
20000,0.00128783000643915,0.004291845493562232,0.000643915003219575,0.0001558846453624318,2.0,2.0,0.0,/group/ctbrowngrp5/sourmash-db.new/gtdb-rs226/gtdb-rs226-k51.dna.rocksdb,GCA_012513435.1 Clostridiales bacterium,102890781e708986a6715fc7420f20f8,0.008583690987124463,10000,260,9480000,outputs.mapping/bams.cds.rand/SRR5976181.x.s__JALFVM01 sp022787145.fastq.gz,SRR5976181.x.s__JALFVM01 sp022787145,13f540bc,15530000,51,DNA,10000,1553,True,0.8776685970753191,0.9109274836213538,0.8942980403483365,0.9109274836213538,True,2,10893,12830,d__Bacteria;p__Bacillota;c__Clostridia;o__Peptostreptococcales;f__Anaerovoracaceae;g__Lentihominibacter;s__Lentihominibacter sp012513435
30000,0.0019317450096587251,0.0033222591362126247,0.000643915003219575,0.004676539360872954,60.0,60.0,0.0,/group/ctbrowngrp5/sourmash-db.new/gtdb-rs226/gtdb-rs226-k51.dna.rocksdb,GCA_022771625.1 Prevotella sp.,f94923f2da488c81c7acffe33fea799e,0.009966777408637873,10000,261,9470000,outputs.mapping/bams.cds.rand/SRR5976181.x.s__JALFVM01 sp022787145.fastq.gz,SRR5976181.x.s__JALFVM01 sp022787145,13f540bc,15530000,51,DNA,10000,1553,True,0.884674133565548,0.9135997575918425,0.8991369455786953,0.9135997575918425,True,60,10953,12830,d__Bacteria;p__Bacteroidota;c__Bacteroidia;o__Bacteroidales;f__Bacteroidaceae;g__Prevotella;s__Prevotella sp022771625
10000,0.000643915003219575,0.00423728813559322,0.000643915003219575,7.79423226812159e-05,1.0,1.0,0.0,/group/ctbrowngrp5/sourmash-db.new/gtdb-rs226/gtdb-rs226-k51.dna.rocksdb,GCA_034089285.1 Candidatus Cryptobacteroides sp.,3439569af4613a03d1b257bfeb3174cc,0.00423728813559322,10000,262,9460000,outputs.mapping/bams.cds.rand/SRR5976181.x.s__JALFVM01 sp022787145.fastq.gz,SRR5976181.x.s__JALFVM01 sp022787145,13f540bc,15530000,51,DNA,10000,1553,True,0.8658207916648684,0.8984053172829363,0.8821130544739023,0.8984053172829363,True,1,10954,12830,d__Bacteria;p__Bacteroidota;c__Bacteroidia;o__Bacteroidales;f__UBA932;g__Cryptobacteroides;s__Cryptobacteroides sp034089285
40000,0.0025756600128783,0.004424778761061947,0.000643915003219575,7.79423226812159e-05,1.0,1.0,0.0,/group/ctbrowngrp5/sourmash-db.new/gtdb-rs226/gtdb-rs226-k51.dna.rocksdb,GCF_000945975.1 Streptococcus suis,8e02ebaf5f68d6991fac4f4f505cd476,0.017699115044247787,10000,263,9450000,outputs.mapping/bams.cds.rand/SRR5976181.x.s__JALFVM01 sp022787145.fastq.gz,SRR5976181.x.s__JALFVM01 sp022787145,13f540bc,15530000,51,DNA,10000,1553,True,0.889678526674049,0.9239449771884983,0.9068117519312737,0.9239449771884983,True,1,10955,12830,d__Bacteria;p__Bacillota;c__Bacilli;o__Lactobacillales;f__Streptococcaceae;g__Streptococcus;s__Streptococcus suis_W
10000,0.000643915003219575,0.004672897196261682,0.000643915003219575,0.0003117692907248636,4.0,4.0,0.0,/group/ctbrowngrp5/sourmash-db.new/gtdb-rs226/gtdb-rs226-k51.dna.rocksdb,GCA_934589235.1 uncultured Dysosmobacter sp.,c8b936eda56b95ba861f116639d29b8d,0.004672897196261682,10000,264,9440000,outputs.mapping/bams.cds.rand/SRR5976181.x.s__JALFVM01 sp022787145.fastq.gz,SRR5976181.x.s__JALFVM01 sp022787145,13f540bc,15530000,51,DNA,10000,1553,True,0.8658207916648684,0.9001307792101635,0.882975785437516,0.9001307792101635,True,4,10959,12830,d__Bacteria;p__Bacillota;c__Clostridia;o__Oscillospirales;f__Oscillospiraceae;g__Oscillibacter;s__Oscillibacter segnis
10000,0.000643915003219575,0.0029850746268656717,0.000643915003219575,7.79423226812159e-05,1.0,1.0,0.0,/group/ctbrowngrp5/sourmash-db.new/gtdb-rs226/gtdb-rs226-k51.dna.rocksdb,GCA_014804305.1 Lachnospiraceae bacterium,b1888cc41b8173dd15deb179ab674c68,0.0029850746268656717,10000,265,9430000,outputs.mapping/bams.cds.rand/SRR5976181.x.s__JALFVM01 sp022787145.fastq.gz,SRR5976181.x.s__JALFVM01 sp022787145,13f540bc,15530000,51,DNA,10000,1553,True,0.8658207916648684,0.8922556721978914,0.8790382319313799,0.8922556721978914,True,1,10960,12830,d__Bacteria;p__Bacillota;c__Clostridia;o__Lachnospirales;f__Lachnospiraceae;g__Merdinaster;s__Merdinaster sp014804425
10000,0.000643915003219575,0.003355704697986577,0.000643915003219575,0.0001558846453624318,2.0,2.0,0.0,/group/ctbrowngrp5/sourmash-db.new/gtdb-rs226/gtdb-rs226-k51.dna.rocksdb,GCA_028727605.1 Lachnospiraceae bacterium,4d9d268e1fbc3820f9108df96e950778,0.003355704697986577,10000,266,9420000,outputs.mapping/bams.cds.rand/SRR5976181.x.s__JALFVM01 sp022787145.fastq.gz,SRR5976181.x.s__JALFVM01 sp022787145,13f540bc,15530000,51,DNA,10000,1553,True,0.8658207916648684,0.8943056110421093,0.8800632013534888,0.8943056110421093,True,2,10962,12830,d__Bacteria;p__Bacillota;c__Clostridia;o__Lachnospirales;f__Lachnospiraceae;g__Fusicatenibacter;s__Fusicatenibacter sp028727605
60000,0.0038634900193174502,0.002512562814070352,0.000643915003219575,7.79423226812159e-05,1.0,1.0,0.0,/group/ctbrowngrp5/sourmash-db.new/gtdb-rs226/gtdb-rs226-k51.dna.rocksdb,GCA_004556655.1 Lachnospiraceae bacterium,a06449d157aac9233dd04a949482b8be,0.01507537688442211,10000,267,9410000,outputs.mapping/bams.cds.rand/SRR5976181.x.s__JALFVM01 sp022787145.fastq.gz,SRR5976181.x.s__JALFVM01 sp022787145,13f540bc,15530000,51,DNA,10000,1553,True,0.8967799262273172,0.9210427072727769,0.9089113167500471,0.9210427072727769,True,1,10963,12830,d__Bacteria;p__Bacillota;c__Clostridia;o__Lachnospirales;f__Lachnospiraceae;g__Oliverpabstia;s__Oliverpabstia sp004556655
50000,0.003219575016097875,0.0027624309392265192,0.000643915003219575,0.0003117692907248636,4.0,4.0,0.0,/group/ctbrowngrp5/sourmash-db.new/gtdb-rs226/gtdb-rs226-k51.dna.rocksdb,GCF_015552275.1 Holdemania sp. 1001302B_160321_E10,91fa4ed59f9ea1df24e0e2923f8728d8,0.013812154696132596,10000,268,9400000,outputs.mapping/bams.cds.rand/SRR5976181.x.s__JALFVM01 sp022787145.fastq.gz,SRR5976181.x.s__JALFVM01 sp022787145,13f540bc,15530000,51,DNA,10000,1553,True,0.893579722201037,0.9194635936128721,0.9065216579069546,0.9194635936128721,True,4,10967,12830,d__Bacteria;p__Bacillota;c__Bacilli;o__Erysipelotrichales;f__Erysipelotrichaceae;g__Holdemania;s__Holdemania sp900120005
10000,0.000643915003219575,0.0017543859649122807,0.000643915003219575,7.79423226812159e-05,1.0,1.0,0.0,/group/ctbrowngrp5/sourmash-db.new/gtdb-rs226/gtdb-rs226-k51.dna.rocksdb,GCF_001940505.1 Serratia marcescens,012b0879bf954fd8e1e39652173822a9,0.0017543859649122807,10000,269,9390000,outputs.mapping/bams.cds.rand/SRR5976181.x.s__JALFVM01 sp022787145.fastq.gz,SRR5976181.x.s__JALFVM01 sp022787145,13f540bc,15530000,51,DNA,10000,1553,True,0.8658207916648684,0.8830051532109743,0.8744129724379213,0.8830051532109743,True,1,10968,12830,d__Bacteria;p__Pseudomonadota;c__Gammaproteobacteria;o__Enterobacterales;f__Enterobacteriaceae;g__Serratia;s__Serratia nematodiphila
10000,0.000643915003219575,0.004807692307692308,0.000643915003219575,0.0001558846453624318,2.0,2.0,0.0,/group/ctbrowngrp5/sourmash-db.new/gtdb-rs226/gtdb-rs226-k51.dna.rocksdb,GCA_029010615.1 Oscillospiraceae bacterium,6a9e47a56dd20862962391ad4b7566f2,0.004807692307692308,10000,270,9380000,outputs.mapping/bams.cds.rand/SRR5976181.x.s__JALFVM01 sp022787145.fastq.gz,SRR5976181.x.s__JALFVM01 sp022787145,13f540bc,15530000,51,DNA,10000,1553,True,0.8658207916648684,0.9006328380135685,0.8832268148392184,0.9006328380135685,True,2,10970,12830,d__Bacteria;p__Bacillota;c__Clostridia;o__Oscillospirales;f__Ruminococcaceae;g__Ruminococcus;s__Ruminococcus sp016295545
10000,0.000643915003219575,0.003663003663003663,0.000643915003219575,7.79423226812159e-05,1.0,1.0,0.0,/group/ctbrowngrp5/sourmash-db.new/gtdb-rs226/gtdb-rs226-k51.dna.rocksdb,GCA_016303085.1 Acetatifactor sp.,adc1dc1736aa0165d04e2400d31df7c7,0.003663003663003663,10000,271,9370000,outputs.mapping/bams.cds.rand/SRR5976181.x.s__JALFVM01 sp022787145.fastq.gz,SRR5976181.x.s__JALFVM01 sp022787145,13f540bc,15530000,51,DNA,10000,1553,True,0.8658207916648684,0.8958434134603346,0.8808321025626015,0.8958434134603346,True,1,10971,12830,d__Bacteria;p__Bacillota;c__Clostridia;o__Lachnospirales;f__Lachnospiraceae;g__Acetatifactor;s__Acetatifactor sp016303085
10000,0.000643915003219575,0.0033444816053511705,0.000643915003219575,0.00857365549493375,110.0,110.0,0.0,/group/ctbrowngrp5/sourmash-db.new/gtdb-rs226/gtdb-rs226-k51.dna.rocksdb,GCF_041842785.1 Bacteroides heparinolyticus,f4b2487f45ec41eee4617dc944475f81,0.0033444816053511705,10000,272,9360000,outputs.mapping/bams.cds.rand/SRR5976181.x.s__JALFVM01 sp022787145.fastq.gz,SRR5976181.x.s__JALFVM01 sp022787145,13f540bc,15530000,51,DNA,10000,1553,True,0.8658207916648684,0.8942468678440603,0.8800338297544643,0.8942468678440603,True,110,11081,12830,d__Bacteria;p__Bacteroidota;c__Bacteroidia;o__Bacteroidales;f__Bacteroidaceae;g__Bacteroides;s__Bacteroides heparinolyticus
10000,0.000643915003219575,0.00392156862745098,0.000643915003219575,0.0001558846453624318,2.0,2.0,0.0,/group/ctbrowngrp5/sourmash-db.new/gtdb-rs226/gtdb-rs226-k51.dna.rocksdb,GCA_902788765.1 uncultured Erysipelotrichaceae bacterium,253b39ae42ac8002f4768f76d659e3a2,0.00392156862745098,10000,273,9350000,outputs.mapping/bams.cds.rand/SRR5976181.x.s__JALFVM01 sp022787145.fastq.gz,SRR5976181.x.s__JALFVM01 sp022787145,13f540bc,15530000,51,DNA,10000,1553,True,0.8658207916648684,0.8970423309200757,0.881431561292472,0.8970423309200757,True,2,11083,12830,d__Bacteria;p__Bacillota;c__Bacilli;o__Erysipelotrichales;f__Coprobacillaceae;g__Intestinibaculum;s__Intestinibaculum porci
10000,0.000643915003219575,0.005291005291005291,0.000643915003219575,0.0002338269680436477,3.0,3.0,0.0,/group/ctbrowngrp5/sourmash-db.new/gtdb-rs226/gtdb-rs226-k51.dna.rocksdb,GCA_945489235.1 uncultured Erysipelotrichaceae bacterium,b720a0cfc215e2939761dc3177ae0d24,0.005291005291005291,10000,274,9340000,outputs.mapping/bams.cds.rand/SRR5976181.x.s__JALFVM01 sp022787145.fastq.gz,SRR5976181.x.s__JALFVM01 sp022787145,13f540bc,15530000,51,DNA,10000,1553,True,0.8658207916648684,0.9023260468401526,0.8840734192525105,0.9023260468401526,True,3,11086,12830,d__Bacteria;p__Bacillota;c__Bacilli;o__Erysipelotrichales;f__Erysipelotrichaceae;g__Bulleidia;s__Bulleidia sp016293365
10000,0.000643915003219575,0.0038314176245210726,0.000643915003219575,0.0001558846453624318,2.0,2.0,0.0,/group/ctbrowngrp5/sourmash-db.new/gtdb-rs226/gtdb-rs226-k51.dna.rocksdb,GCF_902496205.1 uncultured Alistipes sp.,c85d4ee9a331997bebc6b0483c31efb2,0.0038314176245210726,10000,275,9330000,outputs.mapping/bams.cds.rand/SRR5976181.x.s__JALFVM01 sp022787145.fastq.gz,SRR5976181.x.s__JALFVM01 sp022787145,13f540bc,15530000,51,DNA,10000,1553,True,0.8658207916648684,0.8966333577089488,0.8812270746869086,0.8966333577089488,True,2,11088,12830,d__Bacteria;p__Bacteroidota;c__Bacteroidia;o__Bacteroidales;f__Rikenellaceae;g__Alistipes;s__Alistipes excrementigallinarum
10000,0.000643915003219575,0.0035335689045936395,0.000643915003219575,7.79423226812159e-05,1.0,1.0,0.0,/group/ctbrowngrp5/sourmash-db.new/gtdb-rs226/gtdb-rs226-k51.dna.rocksdb,GCA_934270675.1 uncultured Coprococcus sp.,06e0e4ad776a530c7ad87c45df4c7033,0.0035335689045936395,10000,276,9320000,outputs.mapping/bams.cds.rand/SRR5976181.x.s__JALFVM01 sp022787145.fastq.gz,SRR5976181.x.s__JALFVM01 sp022787145,13f540bc,15530000,51,DNA,10000,1553,True,0.8658207916648684,0.8952117135678687,0.8805162526163686,0.8952117135678687,True,1,11089,12830,d__Bacteria;p__Bacillota;c__Clostridia;o__Lachnospirales;f__Lachnospiraceae;g__Coprococcus;s__Coprococcus sp900548215
10000,0.000643915003219575,0.004484304932735426,0.000643915003219575,0.0035074045206547155,45.0,45.0,0.0,/group/ctbrowngrp5/sourmash-db.new/gtdb-rs226/gtdb-rs226-k51.dna.rocksdb,GCA_900768695.1 uncultured Anaerovibrio sp.,d40fd8aa060e3d200d67d6a6618a6192,0.004484304932735426,10000,277,9310000,outputs.mapping/bams.cds.rand/SRR5976181.x.s__JALFVM01 sp022787145.fastq.gz,SRR5976181.x.s__JALFVM01 sp022787145,13f540bc,15530000,51,DNA,10000,1553,True,0.8658207916648684,0.8994039832126721,0.8826123874387702,0.8994039832126721,True,45,11134,12830,d__Bacteria;p__Bacillota;c__Negativicutes;o__Selenomonadales;f__Selenomonadaceae;g__Anaerovibrio;s__Anaerovibrio sp900768695
10000,0.000643915003219575,0.005917159763313609,0.000643915003219575,0.0001558846453624318,2.0,2.0,0.0,/group/ctbrowngrp5/sourmash-db.new/gtdb-rs226/gtdb-rs226-k51.dna.rocksdb,GCA_945996025.1 uncultured Clostridia bacterium,cc78f0c6d875683dbf75a5a9e6db7c09,0.005917159763313609,10000,278,9300000,outputs.mapping/bams.cds.rand/SRR5976181.x.s__JALFVM01 sp022787145.fastq.gz,SRR5976181.x.s__JALFVM01 sp022787145,13f540bc,15530000,51,DNA,10000,1553,True,0.8658207916648684,0.9043071131825837,0.885063952423726,0.9043071131825837,True,2,11136,12830,d__Bacteria;p__Bacillota;c__Clostridia;o__Peptostreptococcales;f__Anaerovoracaceae;g__CAG-238;s__CAG-238 sp022787405
30000,0.0019317450096587251,0.002770083102493075,0.000643915003219575,0.0003897116134060795,5.0,5.0,0.0,/group/ctbrowngrp5/sourmash-db.new/gtdb-rs226/gtdb-rs226-k51.dna.rocksdb,GCA_034180265.1 Lachnospiraceae bacterium,01856f1493fd8dad274f74a209cc92f8,0.008310249307479225,10000,279,9290000,outputs.mapping/bams.cds.rand/SRR5976181.x.s__JALFVM01 sp022787145.fastq.gz,SRR5976181.x.s__JALFVM01 sp022787145,13f540bc,15530000,51,DNA,10000,1553,True,0.884674133565548,0.9103494175542499,0.8975117755598989,0.9103494175542499,True,5,11141,12830,d__Bacteria;p__Bacillota;c__Clostridia;o__Lachnospirales;f__Lachnospiraceae;g__Agathobacter;s__Agathobacter faecis
10000,0.000643915003219575,0.0051813471502590676,0.000643915003219575,0.0002338269680436477,3.0,3.0,0.0,/group/ctbrowngrp5/sourmash-db.new/gtdb-rs226/gtdb-rs226-k51.dna.rocksdb,GCA_030842505.1 Oscillospiraceae bacterium,9a5ce6b6259b55c6e6385e8216e9cb01,0.0051813471502590676,10000,280,9280000,outputs.mapping/bams.cds.rand/SRR5976181.x.s__JALFVM01 sp022787145.fastq.gz,SRR5976181.x.s__JALFVM01 sp022787145,13f540bc,15530000,51,DNA,10000,1553,True,0.8658207916648684,0.9019555822980565,0.8838881869814624,0.9019555822980565,True,3,11144,12830,d__Bacteria;p__Bacillota;c__Clostridia;o__Oscillospirales;f__Oscillospiraceae;g__CAG-103;s__CAG-103 sp000432375
10000,0.000643915003219575,0.0047169811320754715,0.000643915003219575,7.79423226812159e-05,1.0,1.0,0.0,/group/ctbrowngrp5/sourmash-db.new/gtdb-rs226/gtdb-rs226-k51.dna.rocksdb,GCA_022779345.1 Oscillospiraceae bacterium,8cd216cb75e7a2c82c6e8f359b18a07b,0.0047169811320754715,10000,281,9270000,outputs.mapping/bams.cds.rand/SRR5976181.x.s__JALFVM01 sp022787145.fastq.gz,SRR5976181.x.s__JALFVM01 sp022787145,13f540bc,15530000,51,DNA,10000,1553,True,0.8658207916648684,0.9002965198455473,0.8830586557552078,0.9002965198455473,True,1,11145,12830,d__Bacteria;p__Bacillota;c__Clostridia;o__Oscillospirales;f__Oscillospiraceae;g__HGM13010;s__HGM13010 sp022779345
10000,0.000643915003219575,0.004405286343612335,0.000643915003219575,0.0003897116134060795,5.0,5.0,0.0,/group/ctbrowngrp5/sourmash-db.new/gtdb-rs226/gtdb-rs226-k51.dna.rocksdb,GCA_959023425.1 uncultured Ruminococcus sp.,63f328a2f7bd0164c7e46ef47e837f86,0.004405286343612335,10000,282,9260000,outputs.mapping/bams.cds.rand/SRR5976181.x.s__JALFVM01 sp022787145.fastq.gz,SRR5976181.x.s__JALFVM01 sp022787145,13f540bc,15530000,51,DNA,10000,1553,True,0.8658207916648684,0.8990905118668127,0.8824556517658405,0.8990905118668127,True,5,11150,12830,d__Bacteria;p__Bacillota;c__Clostridia;o__Oscillospirales;f__CAG-382;g__UBA1206;s__UBA1206 sp000433115
10000,0.000643915003219575,0.003076923076923077,0.000643915003219575,7.79423226812159e-05,1.0,1.0,0.0,/group/ctbrowngrp5/sourmash-db.new/gtdb-rs226/gtdb-rs226-k51.dna.rocksdb,GCA_945830725.1 uncultured Lachnospiraceae bacterium,592779fc2f61d523deda80bc747b240a,0.003076923076923077,10000,283,9250000,outputs.mapping/bams.cds.rand/SRR5976181.x.s__JALFVM01 sp022787145.fastq.gz,SRR5976181.x.s__JALFVM01 sp022787145,13f540bc,15530000,51,DNA,10000,1553,True,0.8658207916648684,0.8927860281881085,0.8793034099264885,0.8927860281881085,True,1,11151,12830,d__Bacteria;p__Bacillota;c__Clostridia;o__Lachnospirales;f__Lachnospiraceae;g__CAG-791;s__CAG-791 sp022483465
10000,0.000643915003219575,0.004405286343612335,0.000643915003219575,7.79423226812159e-05,1.0,1.0,0.0,/group/ctbrowngrp5/sourmash-db.new/gtdb-rs226/gtdb-rs226-k51.dna.rocksdb,GCA_946061355.1 uncultured bacterium,0d6103e89e3a7b2aeea8ea260e719c54,0.004405286343612335,10000,284,9240000,outputs.mapping/bams.cds.rand/SRR5976181.x.s__JALFVM01 sp022787145.fastq.gz,SRR5976181.x.s__JALFVM01 sp022787145,13f540bc,15530000,51,DNA,10000,1553,True,0.8658207916648684,0.8990905118668127,0.8824556517658405,0.8990905118668127,True,1,11152,12830,d__Bacteria;p__Bacillota;c__Clostridia;o__Lachnospirales;f__Lachnospiraceae;g__VSOB01;s__VSOB01 sp946061355
30000,0.0019317450096587251,0.0034482758620689655,0.000643915003219575,7.79423226812159e-05,1.0,1.0,0.0,/group/ctbrowngrp5/sourmash-db.new/gtdb-rs226/gtdb-rs226-k51.dna.rocksdb,GCA_022787925.1 bacterium,bd93debb64ced1e22de1668d56f0500a,0.010344827586206896,10000,285,9230000,outputs.mapping/bams.cds.rand/SRR5976181.x.s__JALFVM01 sp022787145.fastq.gz,SRR5976181.x.s__JALFVM01 sp022787145,13f540bc,15530000,51,DNA,10000,1553,True,0.884674133565548,0.9142669171027965,0.8994705253341723,0.9142669171027965,True,1,11153,12830,d__Bacteria;p__Bacillota;c__Clostridia;o__Oscillospirales;f__Oscillospiraceae;g__Faecousia;s__Faecousia sp004562395
30000,0.0019317450096587251,0.003745318352059925,0.000643915003219575,0.0001558846453624318,2.0,2.0,0.0,/group/ctbrowngrp5/sourmash-db.new/gtdb-rs226/gtdb-rs226-k51.dna.rocksdb,GCA_945877915.1 uncultured Anaerostipes sp.,d66ab7fb2264c17fa50b173e97b89ee4,0.011235955056179775,10000,286,9220000,outputs.mapping/bams.cds.rand/SRR5976181.x.s__JALFVM01 sp022787145.fastq.gz,SRR5976181.x.s__JALFVM01 sp022787145,13f540bc,15530000,51,DNA,10000,1553,True,0.884674133565548,0.9157494500788544,0.9002117918222012,0.9157494500788544,True,2,11155,12830,d__Bacteria;p__Bacillota;c__Clostridia;o__Lachnospirales;f__Lachnospiraceae;g__Fimousia;s__Fimousia sp001940245
10000,0.000643915003219575,0.004098360655737705,0.000643915003219575,0.0003117692907248636,4.0,4.0,0.0,/group/ctbrowngrp5/sourmash-db.new/gtdb-rs226/gtdb-rs226-k51.dna.rocksdb,GCF_902362575.1 Catenibacterium mitsuokai,c152f5a66b9ecf767b94aef6757699e6,0.004098360655737705,10000,287,9210000,outputs.mapping/bams.cds.rand/SRR5976181.x.s__JALFVM01 sp022787145.fastq.gz,SRR5976181.x.s__JALFVM01 sp022787145,13f540bc,15530000,51,DNA,10000,1553,True,0.8658207916648684,0.8978182617731918,0.8818195267190301,0.8978182617731918,True,4,11159,12830,d__Bacteria;p__Bacillota;c__Bacilli;o__Erysipelotrichales;f__Coprobacillaceae;g__Catenibacterium;s__Catenibacterium mitsuokai_A
30000,0.0019317450096587251,0.001834862385321101,0.000643915003219575,0.0001558846453624318,2.0,2.0,0.0,/group/ctbrowngrp5/sourmash-db.new/gtdb-rs226/gtdb-rs226-k51.dna.rocksdb,GCF_040920645.1 [Clostridium] symbiosum,db21519e5a34cfadc62169eda7c5d84e,0.005504587155963303,10000,288,9200000,outputs.mapping/bams.cds.rand/SRR5976181.x.s__JALFVM01 sp022787145.fastq.gz,SRR5976181.x.s__JALFVM01 sp022787145,13f540bc,15530000,51,DNA,10000,1553,True,0.884674133565548,0.9030264794968282,0.8938503065311881,0.9030264794968282,True,2,11161,12830,d__Bacteria;p__Bacillota;c__Clostridia;o__Lachnospirales;f__Lachnospiraceae;g__Otoolea;s__Otoolea symbiosa
10000,0.000643915003219575,0.0049504950495049506,0.000643915003219575,7.79423226812159e-05,1.0,1.0,0.0,/group/ctbrowngrp5/sourmash-db.new/gtdb-rs226/gtdb-rs226-k51.dna.rocksdb,GCA_022788225.1 Oscillospiraceae bacterium,cf613eb02d7c9e61d632760906443e6c,0.0049504950495049506,10000,289,9190000,outputs.mapping/bams.cds.rand/SRR5976181.x.s__JALFVM01 sp022787145.fastq.gz,SRR5976181.x.s__JALFVM01 sp022787145,13f540bc,15530000,51,DNA,10000,1553,True,0.8658207916648684,0.9011498857361002,0.8834853387004843,0.9011498857361002,True,1,11162,12830,d__Bacteria;p__Bacillota;c__Clostridia;o__Oscillospirales;f__Ruminococcaceae;g__Porcipelethomonas;s__Porcipelethomonas sp022788225
10000,0.000643915003219575,0.004166666666666667,0.000643915003219575,7.79423226812159e-05,1.0,1.0,0.0,/group/ctbrowngrp5/sourmash-db.new/gtdb-rs226/gtdb-rs226-k51.dna.rocksdb,GCA_945866265.1 uncultured Lachnospiraceae bacterium,4fc1131031060b179fb290c66a239ab5,0.004166666666666667,10000,290,9180000,outputs.mapping/bams.cds.rand/SRR5976181.x.s__JALFVM01 sp022787145.fastq.gz,SRR5976181.x.s__JALFVM01 sp022787145,13f540bc,15530000,51,DNA,10000,1553,True,0.8658207916648684,0.8981092953870639,0.881965043525966,0.8981092953870639,True,1,11163,12830,d__Bacteria;p__Bacillota;c__Clostridia;o__Lachnospirales;f__Lachnospiraceae;g__Acetatifactor;s__Acetatifactor sp018385425
20000,0.00128783000643915,0.0027624309392265192,0.000643915003219575,7.79423226812159e-05,1.0,1.0,0.0,/group/ctbrowngrp5/sourmash-db.new/gtdb-rs226/gtdb-rs226-k51.dna.rocksdb,GCA_034102685.1 Blautia sp.,58e7b9cad46da50357dbe65ff4ff01d0,0.0055248618784530384,10000,291,9170000,outputs.mapping/bams.cds.rand/SRR5976181.x.s__JALFVM01 sp022787145.fastq.gz,SRR5976181.x.s__JALFVM01 sp022787145,13f540bc,15530000,51,DNA,10000,1553,True,0.8776685970753191,0.9030915789811151,0.8903800880282171,0.9030915789811151,True,1,11164,12830,d__Bacteria;p__Bacillota;c__Clostridia;o__Lachnospirales;f__Lachnospiraceae;g__Blautia_A;s__Blautia_A sp022770365
10000,0.000643915003219575,0.0036496350364963502,0.000643915003219575,0.0001558846453624318,2.0,2.0,0.0,/group/ctbrowngrp5/sourmash-db.new/gtdb-rs226/gtdb-rs226-k51.dna.rocksdb,GCA_945949955.1 uncultured Lachnospiraceae bacterium,79bded3eae47f7c004db2c661b8c945c,0.0036496350364963502,10000,292,9160000,outputs.mapping/bams.cds.rand/SRR5976181.x.s__JALFVM01 sp022787145.fastq.gz,SRR5976181.x.s__JALFVM01 sp022787145,13f540bc,15530000,51,DNA,10000,1553,True,0.8658207916648684,0.895779190619195,0.8807999911420317,0.895779190619195,True,2,11166,12830,d__Bacteria;p__Bacillota;c__Clostridia;o__Lachnospirales;f__Lachnospiraceae;g__Acetatifactor;s__Acetatifactor sp022769665
10000,0.000643915003219575,0.00546448087431694,0.000643915003219575,0.0003897116134060795,5.0,5.0,0.0,/group/ctbrowngrp5/sourmash-db.new/gtdb-rs226/gtdb-rs226-k51.dna.rocksdb,GCA_037374625.1 Angelakisella sp.,311c0546377232a6ae5f2d8b199db07f,0.00546448087431694,10000,293,9150000,outputs.mapping/bams.cds.rand/SRR5976181.x.s__JALFVM01 sp022787145.fastq.gz,SRR5976181.x.s__JALFVM01 sp022787145,13f540bc,15530000,51,DNA,10000,1553,True,0.8658207916648684,0.9028970081176741,0.8843588998912713,0.9028970081176741,True,5,11171,12830,d__Bacteria;p__Bacillota;c__Clostridia;o__Oscillospirales;f__Ruminococcaceae;g__Angelakisella;s__Angelakisella sp900547385
10000,0.000643915003219575,0.004201680672268907,0.000643915003219575,7.79423226812159e-05,1.0,1.0,0.0,/group/ctbrowngrp5/sourmash-db.new/gtdb-rs226/gtdb-rs226-k51.dna.rocksdb,GCA_022784865.1 Clostridiales bacterium,3590bfeded770df1212b595fa106ed1c,0.004201680672268907,10000,294,9140000,outputs.mapping/bams.cds.rand/SRR5976181.x.s__JALFVM01 sp022787145.fastq.gz,SRR5976181.x.s__JALFVM01 sp022787145,13f540bc,15530000,51,DNA,10000,1553,True,0.8658207916648684,0.8982566722388579,0.8820387319518631,0.8982566722388579,True,1,11172,12830,d__Bacteria;p__Bacillota;c__Clostridia;o__Oscillospirales;f__Oscillospiraceae;g__Faecousia;s__Faecousia sp016302405
10000,0.000643915003219575,0.0033783783783783786,0.000643915003219575,0.0002338269680436477,3.0,3.0,0.0,/group/ctbrowngrp5/sourmash-db.new/gtdb-rs226/gtdb-rs226-k51.dna.rocksdb,GCA_017621905.1 Roseburia sp.,15a4314dded9be86880fe9f968faee63,0.0033783783783783786,10000,295,9130000,outputs.mapping/bams.cds.rand/SRR5976181.x.s__JALFVM01 sp022787145.fastq.gz,SRR5976181.x.s__JALFVM01 sp022787145,13f540bc,15530000,51,DNA,10000,1553,True,0.8658207916648684,0.8944237028141261,0.8801222472394972,0.8944237028141261,True,3,11175,12830,d__Bacteria;p__Bacillota;c__Clostridia;o__Lachnospirales;f__Lachnospiraceae;g__Roseburia;s__Roseburia sp017621905
10000,0.000643915003219575,0.005263157894736842,0.000643915003219575,7.79423226812159e-05,1.0,1.0,0.0,/group/ctbrowngrp5/sourmash-db.new/gtdb-rs226/gtdb-rs226-k51.dna.rocksdb,GCA_946002025.1 uncultured Lachnospiraceae bacterium,ef3c5c51ce0e1d316f1d986f14bef82d,0.005263157894736842,10000,296,9120000,outputs.mapping/bams.cds.rand/SRR5976181.x.s__JALFVM01 sp022787145.fastq.gz,SRR5976181.x.s__JALFVM01 sp022787145,13f540bc,15530000,51,DNA,10000,1553,True,0.8658207916648684,0.9022326864532024,0.8840267390590354,0.9022326864532024,True,1,11176,12830,d__Bacteria;p__Bacillota;c__Clostridia;o__Lachnospirales;f__Lachnospiraceae;g__Schaedlerella;s__Schaedlerella sp945827765
50000,0.003219575016097875,0.003355704697986577,0.000643915003219575,0.0001558846453624318,2.0,2.0,0.0,/group/ctbrowngrp5/sourmash-db.new/gtdb-rs226/gtdb-rs226-k51.dna.rocksdb,GCF_020561835.1 Dorea formicigenerans,59d303c1bc3c052a1aca62cb95305570,0.016778523489932886,10000,297,9110000,outputs.mapping/bams.cds.rand/SRR5976181.x.s__JALFVM01 sp022787145.fastq.gz,SRR5976181.x.s__JALFVM01 sp022787145,13f540bc,15530000,51,DNA,10000,1553,True,0.893579722201037,0.9229777884418785,0.9082787553214577,0.9229777884418785,True,2,11178,12830,d__Bacteria;p__Bacillota;c__Clostridia;o__Lachnospirales;f__Lachnospiraceae;g__Dorea;s__Dorea formicigenerans
10000,0.000643915003219575,0.005128205128205128,0.000643915003219575,0.0002338269680436477,3.0,3.0,0.0,/group/ctbrowngrp5/sourmash-db.new/gtdb-rs226/gtdb-rs226-k51.dna.rocksdb,GCA_015057275.1 Lachnospiraceae bacterium,6d0b567e661cfb8231f7a863e67a65b3,0.005128205128205128,10000,298,9100000,outputs.mapping/bams.cds.rand/SRR5976181.x.s__JALFVM01 sp022787145.fastq.gz,SRR5976181.x.s__JALFVM01 sp022787145,13f540bc,15530000,51,DNA,10000,1553,True,0.8658207916648684,0.9017732753618344,0.8837970335133514,0.9017732753618344,True,3,11181,12830,d__Bacteria;p__Bacillota;c__Clostridia;o__Lachnospirales;f__Lachnospiraceae;g__SIG308;s__SIG308 sp015057275
10000,0.000643915003219575,0.005405405405405406,0.000643915003219575,7.79423226812159e-05,1.0,1.0,0.0,/group/ctbrowngrp5/sourmash-db.new/gtdb-rs226/gtdb-rs226-k51.dna.rocksdb,GCA_945837645.1 uncultured Clostridium sp.,1fafac1203a8bafefa5546405213c5e5,0.005405405405405406,10000,299,9090000,outputs.mapping/bams.cds.rand/SRR5976181.x.s__JALFVM01 sp022787145.fastq.gz,SRR5976181.x.s__JALFVM01 sp022787145,13f540bc,15530000,51,DNA,10000,1553,True,0.8658207916648684,0.9027045934360562,0.8842626925504623,0.9027045934360562,True,1,11182,12830,d__Bacteria;p__Bacillota;c__Clostridia;o__Lachnospirales;f__Lachnospiraceae;g__SUG393;s__SUG393 sp022788065
10000,0.000643915003219575,0.00641025641025641,0.000643915003219575,0.0048324240062353856,62.0,62.0,0.0,/group/ctbrowngrp5/sourmash-db.new/gtdb-rs226/gtdb-rs226-k51.dna.rocksdb,GCA_028726045.1 Peptoniphilaceae bacterium,6615d8d0e6a6cd80df59872283a7e6dc,0.00641025641025641,10000,300,9080000,outputs.mapping/bams.cds.rand/SRR5976181.x.s__JALFVM01 sp022787145.fastq.gz,SRR5976181.x.s__JALFVM01 sp022787145,13f540bc,15530000,51,DNA,10000,1553,True,0.8658207916648684,0.9057275057526144,0.8857741487087414,0.9057275057526144,True,62,11244,12830,d__Bacteria;p__Bacillota;c__Clostridia;o__Tissierellales;f__Peptoniphilaceae;g__JALFST01;s__JALFST01 sp022779285
20000,0.00128783000643915,0.0030211480362537764,0.000643915003219575,0.0003117692907248636,4.0,4.0,0.0,/group/ctbrowngrp5/sourmash-db.new/gtdb-rs226/gtdb-rs226-k51.dna.rocksdb,GCF_934364705.1 uncultured Blautia sp.,5cde2e1722589ec415986b240a150ccd,0.006042296072507553,10000,301,9070000,outputs.mapping/bams.cds.rand/SRR5976181.x.s__JALFVM01 sp022787145.fastq.gz,SRR5976181.x.s__JALFVM01 sp022787145,13f540bc,15530000,51,DNA,10000,1553,True,0.8776685970753191,0.9046782659018088,0.891173431488564,0.9046782659018088,True,4,11248,12830,d__Bacteria;p__Bacillota;c__Clostridia;o__Lachnospirales;f__Lachnospiraceae;g__Blautia_A;s__Blautia_A faecis
30000,0.0019317450096587251,0.004545454545454545,0.000643915003219575,7.79423226812159e-05,1.0,1.0,0.0,/group/ctbrowngrp5/sourmash-db.new/gtdb-rs226/gtdb-rs226-k51.dna.rocksdb,GCA_004557655.1 Clostridiales bacterium,b15598abb27a3ddb3b41bf9e0b3a99e8,0.013636363636363636,10000,302,9060000,outputs.mapping/bams.cds.rand/SRR5976181.x.s__JALFVM01 sp022787145.fastq.gz,SRR5976181.x.s__JALFVM01 sp022787145,13f540bc,15530000,51,DNA,10000,1553,True,0.884674133565548,0.9192326937703817,0.9019534136679649,0.9192326937703817,True,1,11249,12830,d__Bacteria;p__Bacillota;c__Clostridia;o__Oscillospirales;f__Oscillospiraceae;g__Vescimonas;s__Vescimonas sp004557655
30000,0.0019317450096587251,0.0037735849056603774,0.000643915003219575,7.79423226812159e-05,1.0,1.0,0.0,/group/ctbrowngrp5/sourmash-db.new/gtdb-rs226/gtdb-rs226-k51.dna.rocksdb,GCA_945940335.1 uncultured Clostridia bacterium,3cb94158a79e2e0792f27730d1dc4cf9,0.011320754716981131,10000,303,9050000,outputs.mapping/bams.cds.rand/SRR5976181.x.s__JALFVM01 sp022787145.fastq.gz,SRR5976181.x.s__JALFVM01 sp022787145,13f540bc,15530000,51,DNA,10000,1553,True,0.884674133565548,0.9158844672204532,0.9002793003930006,0.9158844672204532,True,1,11250,12830,d__Bacteria;p__Bacillota;c__Clostridia;o__Oscillospirales;f__Oscillospiraceae;g__Faecousia;s__Faecousia sp945940335
10000,0.000643915003219575,0.006289308176100629,0.000643915003219575,0.0012470771628994544,16.0,16.0,0.0,/group/ctbrowngrp5/sourmash-db.new/gtdb-rs226/gtdb-rs226-k51.dna.rocksdb,GCA_034086705.1 Eubacteriales bacterium,89903deee54246dba13249b5a7a994ec,0.006289308176100629,10000,304,9040000,outputs.mapping/bams.cds.rand/SRR5976181.x.s__JALFVM01 sp022787145.fastq.gz,SRR5976181.x.s__JALFVM01 sp022787145,13f540bc,15530000,51,DNA,10000,1553,True,0.8658207916648684,0.9053892851119669,0.8856050383884176,0.9053892851119669,True,16,11266,12830,d__Bacteria;p__Bacillota;c__Clostridia;o__Oscillospirales;f__CAG-272;g__UMGS1225;s__UMGS1225 sp034086705
30000,0.0019317450096587251,0.005076142131979695,0.000643915003219575,7.79423226812159e-05,1.0,1.0,0.0,/group/ctbrowngrp5/sourmash-db.new/gtdb-rs226/gtdb-rs226-k51.dna.rocksdb,GCA_034167515.1 Lachnospiraceae bacterium,f3dc280f93a02311f43da2648bd014a9,0.015228426395939087,10000,305,9030000,outputs.mapping/bams.cds.rand/SRR5976181.x.s__JALFVM01 sp022787145.fastq.gz,SRR5976181.x.s__JALFVM01 sp022787145,13f540bc,15530000,51,DNA,10000,1553,True,0.884674133565548,0.9212251477078276,0.9029496406366878,0.9212251477078276,True,1,11267,12830,d__Bacteria;p__Bacillota;c__Clostridia;o__Lachnospirales;f__Lachnospiraceae;g__UBA2868;s__UBA2868 sp004552595
10000,0.000643915003219575,0.005319148936170213,0.000643915003219575,7.79423226812159e-05,1.0,1.0,0.0,/group/ctbrowngrp5/sourmash-db.new/gtdb-rs226/gtdb-rs226-k51.dna.rocksdb,GCA_946002055.1 uncultured Roseburia sp.,4cd5eb99fa4265e10ebcec1215ad059c,0.005319148936170213,10000,306,9020000,outputs.mapping/bams.cds.rand/SRR5976181.x.s__JALFVM01 sp022787145.fastq.gz,SRR5976181.x.s__JALFVM01 sp022787145,13f540bc,15530000,51,DNA,10000,1553,True,0.8658207916648684,0.9024199122476589,0.8841203519562637,0.9024199122476589,True,1,11268,12830,d__Bacteria;p__Bacillota;c__Clostridia;o__Lachnospirales;f__Lachnospiraceae;g__Pararoseburia;s__Pararoseburia sp946002055
20000,0.00128783000643915,0.0056179775280898875,0.000643915003219575,7.79423226812159e-05,1.0,1.0,0.0,/group/ctbrowngrp5/sourmash-db.new/gtdb-rs226/gtdb-rs226-k51.dna.rocksdb,GCA_018056665.1 Lachnospiraceae bacterium,2045b781c94efebac65858851fb275ca,0.011235955056179775,10000,307,9010000,outputs.mapping/bams.cds.rand/SRR5976181.x.s__JALFVM01 sp022787145.fastq.gz,SRR5976181.x.s__JALFVM01 sp022787145,13f540bc,15530000,51,DNA,10000,1553,True,0.8776685970753191,0.9157494500788544,0.8967090235770867,0.9157494500788544,True,1,11269,12830,d__Bacteria;p__Bacillota;c__Clostridia;o__Lachnospirales;f__Lachnospiraceae;g__Colinaster;s__Colinaster sp018056665
20000,0.00128783000643915,0.002551020408163265,0.000643915003219575,0.0003117692907248636,4.0,4.0,0.0,/group/ctbrowngrp5/sourmash-db.new/gtdb-rs226/gtdb-rs226-k51.dna.rocksdb,GCA_004558155.1 Enterocloster bolteae,87eff603129428307f640aa27499ca4a,0.00510204081632653,10000,308,9000000,outputs.mapping/bams.cds.rand/SRR5976181.x.s__JALFVM01 sp022787145.fastq.gz,SRR5976181.x.s__JALFVM01 sp022787145,13f540bc,15530000,51,DNA,10000,1553,True,0.8776685970753191,0.9016828355623467,0.8896757163188329,0.9016828355623467,True,4,11273,12830,d__Bacteria;p__Bacillota;c__Clostridia;o__Lachnospirales;f__Lachnospiraceae;g__Enterocloster;s__Enterocloster clostridioformis
10000,0.000643915003219575,0.004608294930875576,0.000643915003219575,0.0003117692907248636,4.0,4.0,0.0,/group/ctbrowngrp5/sourmash-db.new/gtdb-rs226/gtdb-rs226-k51.dna.rocksdb,GCF_034173135.1 Candidatus Cryptobacteroides sp.,6756d90b8f276aa8afb40267e81d3788,0.004608294930875576,10000,309,8990000,outputs.mapping/bams.cds.rand/SRR5976181.x.s__JALFVM01 sp022787145.fastq.gz,SRR5976181.x.s__JALFVM01 sp022787145,13f540bc,15530000,51,DNA,10000,1553,True,0.8658207916648684,0.8998851063638268,0.8828529490143475,0.8998851063638268,True,4,11277,12830,d__Bacteria;p__Bacteroidota;c__Bacteroidia;o__Bacteroidales;f__UBA932;g__Cryptobacteroides;s__Cryptobacteroides sp004552965
10000,0.000643915003219575,0.0038022813688212928,0.000643915003219575,7.79423226812159e-05,1.0,1.0,0.0,/group/ctbrowngrp5/sourmash-db.new/gtdb-rs226/gtdb-rs226-k51.dna.rocksdb,GCA_030540435.1 Eubacteriales bacterium,80b2090f96a0e0abe7ebbeb27918a3a2,0.0038022813688212928,10000,310,8980000,outputs.mapping/bams.cds.rand/SRR5976181.x.s__JALFVM01 sp022787145.fastq.gz,SRR5976181.x.s__JALFVM01 sp022787145,13f540bc,15530000,51,DNA,10000,1553,True,0.8658207916648684,0.896499160640959,0.8811599761529136,0.896499160640959,True,1,11278,12830,d__Bacteria;p__Bacillota;c__Clostridia;o__Oscillospirales;f__Butyricicoccaceae;g__Butyricicoccus_A;s__Butyricicoccus_A sp030540435
20000,0.00128783000643915,0.003401360544217687,0.000643915003219575,0.0003897116134060795,5.0,5.0,0.0,/group/ctbrowngrp5/sourmash-db.new/gtdb-rs226/gtdb-rs226-k51.dna.rocksdb,GCF_905204425.1 uncultured Prevotella sp.,e5129119fb25144acc9a711a923978a1,0.006802721088435374,10000,311,8970000,outputs.mapping/bams.cds.rand/SRR5976181.x.s__JALFVM01 sp022787145.fastq.gz,SRR5976181.x.s__JALFVM01 sp022787145,13f540bc,15530000,51,DNA,10000,1553,True,0.8776685970753191,0.906783442890104,0.8922260199827116,0.906783442890104,True,5,11283,12830,d__Bacteria;p__Bacteroidota;c__Bacteroidia;o__Bacteroidales;f__Bacteroidaceae;g__Prevotella;s__Prevotella pectinovora
30000,0.0019317450096587251,0.0032679738562091504,0.000643915003219575,0.0003897116134060795,5.0,5.0,0.0,/group/ctbrowngrp5/sourmash-db.new/gtdb-rs226/gtdb-rs226-k51.dna.rocksdb,GCF_947625655.1 uncultured Dysosmobacter sp.,0af7d9ce8738c92c6f48ca30d22c7307,0.00980392156862745,10000,312,8960000,outputs.mapping/bams.cds.rand/SRR5976181.x.s__JALFVM01 sp022787145.fastq.gz,SRR5976181.x.s__JALFVM01 sp022787145,13f540bc,15530000,51,DNA,10000,1553,True,0.884674133565548,0.9133046796219629,0.8989894065937555,0.9133046796219629,True,5,11288,12830,d__Bacteria;p__Bacillota;c__Clostridia;o__Oscillospirales;f__Oscillospiraceae;g__Oscillibacter;s__Oscillibacter sp947625655
30000,0.0019317450096587251,0.00411522633744856,0.000643915003219575,0.0006235385814497272,8.0,8.0,0.0,/group/ctbrowngrp5/sourmash-db.new/gtdb-rs226/gtdb-rs226-k51.dna.rocksdb,GCA_028722105.1 Prevotella sp.,82420eabe08f3220077a6fae6dc817a9,0.012345679012345678,10000,313,8950000,outputs.mapping/bams.cds.rand/SRR5976181.x.s__JALFVM01 sp022787145.fastq.gz,SRR5976181.x.s__JALFVM01 sp022787145,13f540bc,15530000,51,DNA,10000,1553,True,0.884674133565548,0.9174422262512953,0.9010581799084216,0.9174422262512953,True,8,11296,12830,d__Bacteria;p__Bacteroidota;c__Bacteroidia;o__Bacteroidales;f__Bacteroidaceae;g__Prevotella;s__Prevotella sp002251295
70000,0.004507405022537025,0.0035460992907801418,0.000643915003219575,7.79423226812159e-05,1.0,1.0,0.0,/group/ctbrowngrp5/sourmash-db.new/gtdb-rs226/gtdb-rs226-k51.dna.rocksdb,GCA_029225525.1 Clostridiales bacterium,7730a3ee293dcb64da1f3ac4eaf4a0bf,0.024822695035460994,10000,314,8940000,outputs.mapping/bams.cds.rand/SRR5976181.x.s__JALFVM01 sp022787145.fastq.gz,SRR5976181.x.s__JALFVM01 sp022787145,13f540bc,15530000,51,DNA,10000,1553,True,0.8994946000368468,0.9300931580734552,0.914793879055151,0.9300931580734552,False,1,11297,12830,d__Bacteria;p__Bacillota;c__Clostridia;o__Lachnospirales;f__Lachnospiraceae;g__JALFVM01;s__JALFVM01 sp022787145
10000,0.000643915003219575,0.0037735849056603774,0.000643915003219575,7.79423226812159e-05,1.0,1.0,0.0,/group/ctbrowngrp5/sourmash-db.new/gtdb-rs226/gtdb-rs226-k51.dna.rocksdb,GCA_019118505.1 Candidatus Oscillibacter excrementavium,d72069186e2778f3a670a1c2f5027ec8,0.0037735849056603774,10000,315,8930000,outputs.mapping/bams.cds.rand/SRR5976181.x.s__JALFVM01 sp022787145.fastq.gz,SRR5976181.x.s__JALFVM01 sp022787145,13f540bc,15530000,51,DNA,10000,1553,True,0.8658207916648684,0.8963660000844977,0.881093395874683,0.8963660000844977,True,1,11298,12830,d__Bacteria;p__Bacillota;c__Clostridia;o__Oscillospirales;f__Oscillospiraceae;g__Oscillibacter;s__Oscillibacter excrementavium
10000,0.000643915003219575,0.008333333333333333,0.000643915003219575,0.0001558846453624318,2.0,2.0,0.0,/group/ctbrowngrp5/sourmash-db.new/gtdb-rs226/gtdb-rs226-k51.dna.rocksdb,GCA_934131425.1 uncultured Bacilli bacterium,a58877af80ba583c21f1ce60605a1bf4,0.008333333333333333,10000,316,8920000,outputs.mapping/bams.cds.rand/SRR5976181.x.s__JALFVM01 sp022787145.fastq.gz,SRR5976181.x.s__JALFVM01 sp022787145,13f540bc,15530000,51,DNA,10000,1553,True,0.8658207916648684,0.9103989334640178,0.888109862564443,0.9103989334640178,True,2,11300,12830,d__Bacteria;p__Bacillota;c__Bacilli;o__RF39;f__UBA660;g__CAG-1193;s__CAG-1193 sp000436255
20000,0.00128783000643915,0.0041841004184100415,0.000643915003219575,0.0004676539360872954,6.0,6.0,0.0,/group/ctbrowngrp5/sourmash-db.new/gtdb-rs226/gtdb-rs226-k51.dna.rocksdb,GCA_945895835.1 uncultured Clostridia bacterium,c2ef00dfd2569b89d5f0f8feff499e81,0.008368200836820083,10000,317,8910000,outputs.mapping/bams.cds.rand/SRR5976181.x.s__JALFVM01 sp022787145.fastq.gz,SRR5976181.x.s__JALFVM01 sp022787145,13f540bc,15530000,51,DNA,10000,1553,True,0.8776685970753191,0.9104734709010283,0.8940710339881737,0.9104734709010283,True,6,11306,12830,d__Bacteria;p__Bacillota;c__Clostridia;o__Oscillospirales;f__Oscillospiraceae;g__Vescimonas;s__Vescimonas sp934591815
30000,0.0019317450096587251,0.006097560975609756,0.000643915003219575,7.79423226812159e-05,1.0,1.0,0.0,/group/ctbrowngrp5/sourmash-db.new/gtdb-rs226/gtdb-rs226-k51.dna.rocksdb,GCA_016292905.1 Bacillota bacterium,81f43184925e2389c48048c16f0fdf09,0.018292682926829267,10000,318,8900000,outputs.mapping/bams.cds.rand/SRR5976181.x.s__JALFVM01 sp022787145.fastq.gz,SRR5976181.x.s__JALFVM01 sp022787145,13f540bc,15530000,51,DNA,10000,1553,True,0.884674133565548,0.9245427726510381,0.9046084531082931,0.9245427726510381,True,1,11307,12830,d__Bacteria;p__Bacillota;c__Clostridia;o__Peptostreptococcales;f__Anaerovoracaceae;g__UMGS973;s__UMGS973 sp016293805
40000,0.0025756600128783,0.005780346820809248,0.000643915003219575,7.79423226812159e-05,1.0,1.0,0.0,/group/ctbrowngrp5/sourmash-db.new/gtdb-rs226/gtdb-rs226-k51.dna.rocksdb,GCA_963557795.1 uncultured Clostridia bacterium,3e39c9a7f7f5587738d539a159b680c8,0.023121387283236993,10000,319,8890000,outputs.mapping/bams.cds.rand/SRR5976181.x.s__JALFVM01 sp022787145.fastq.gz,SRR5976181.x.s__JALFVM01 sp022787145,13f540bc,15530000,51,DNA,10000,1553,True,0.889678526674049,0.9287992177165868,0.909238872195318,0.9287992177165868,True,1,11308,12830,d__Bacteria;p__Bacillota;c__Clostridia;o__Oscillospirales;f__Acutalibacteraceae;g__Scybalenecus;s__Scybalenecus sp900540085
40000,0.0025756600128783,0.003676470588235294,0.000643915003219575,0.0001558846453624318,2.0,2.0,0.0,/group/ctbrowngrp5/sourmash-db.new/gtdb-rs226/gtdb-rs226-k51.dna.rocksdb,GCA_945871195.1 uncultured Blautia sp.,13faaa07a55ccf7c564673fc2d959dc7,0.014705882352941176,10000,320,8880000,outputs.mapping/bams.cds.rand/SRR5976181.x.s__JALFVM01 sp022787145.fastq.gz,SRR5976181.x.s__JALFVM01 sp022787145,13f540bc,15530000,51,DNA,10000,1553,True,0.889678526674049,0.9205946627444187,0.9051365947092338,0.9205946627444187,True,2,11310,12830,d__Bacteria;p__Bacillota;c__Clostridia;o__Lachnospirales;f__Lachnospiraceae;g__Oliverpabstia;s__Oliverpabstia intestinalis
10000,0.000643915003219575,0.0055248618784530384,0.000643915003219575,0.0001558846453624318,2.0,2.0,0.0,/group/ctbrowngrp5/sourmash-db.new/gtdb-rs226/gtdb-rs226-k51.dna.rocksdb,GCA_945868745.1 uncultured Bacteroidales bacterium,f4c401fada44ea0813075d0c071804e0,0.0055248618784530384,10000,321,8870000,outputs.mapping/bams.cds.rand/SRR5976181.x.s__JALFVM01 sp022787145.fastq.gz,SRR5976181.x.s__JALFVM01 sp022787145,13f540bc,15530000,51,DNA,10000,1553,True,0.8658207916648684,0.9030915789811151,0.8844561853229918,0.9030915789811151,True,2,11312,12830,d__Bacteria;p__Bacteroidota;c__Bacteroidia;o__Bacteroidales;f__UBA932;g__Cryptobacteroides;s__Cryptobacteroides sp945868745
40000,0.0025756600128783,0.0035460992907801418,0.000643915003219575,7.79423226812159e-05,1.0,1.0,0.0,/group/ctbrowngrp5/sourmash-db.new/gtdb-rs226/gtdb-rs226-k51.dna.rocksdb,GCA_016297945.1 Lachnospiraceae bacterium,e20b9079c4f902879613bb31f24183c7,0.014184397163120567,10000,322,8860000,outputs.mapping/bams.cds.rand/SRR5976181.x.s__JALFVM01 sp022787145.fastq.gz,SRR5976181.x.s__JALFVM01 sp022787145,13f540bc,15530000,51,DNA,10000,1553,True,0.889678526674049,0.9199431664298017,0.9048108465519253,0.9199431664298017,True,1,11313,12830,d__Bacteria;p__Bacillota;c__Clostridia;o__Lachnospirales;f__Lachnospiraceae;g__UBA2882;s__UBA2882 sp016297945
30000,0.0019317450096587251,0.002898550724637681,0.000643915003219575,7.79423226812159e-05,1.0,1.0,0.0,/group/ctbrowngrp5/sourmash-db.new/gtdb-rs226/gtdb-rs226-k51.dna.rocksdb,GCA_937934525.1 Blautia obeum,0cd10316b4ceaab01d507ce56146283f,0.008695652173913044,10000,323,8850000,outputs.mapping/bams.cds.rand/SRR5976181.x.s__JALFVM01 sp022787145.fastq.gz,SRR5976181.x.s__JALFVM01 sp022787145,13f540bc,15530000,51,DNA,10000,1553,True,0.884674133565548,0.9111589805028507,0.8979165570341994,0.9111589805028507,True,1,11314,12830,d__Bacteria;p__Bacillota;c__Clostridia;o__Lachnospirales;f__Lachnospiraceae;g__Blautia_A;s__Blautia_A obeum
20000,0.00128783000643915,0.005025125628140704,0.000643915003219575,7.79423226812159e-05,1.0,1.0,0.0,/group/ctbrowngrp5/sourmash-db.new/gtdb-rs226/gtdb-rs226-k51.dna.rocksdb,GCA_945912975.1 uncultured Prevotella sp.,afdafc6e6c8ce0b713a3e3ea555e8cce,0.010050251256281407,10000,324,8840000,outputs.mapping/bams.cds.rand/SRR5976181.x.s__JALFVM01 sp022787145.fastq.gz,SRR5976181.x.s__JALFVM01 sp022787145,13f540bc,15530000,51,DNA,10000,1553,True,0.8776685970753191,0.9137491761859651,0.8957088866306421,0.9137491761859651,True,1,11315,12830,d__Bacteria;p__Bacteroidota;c__Bacteroidia;o__Bacteroidales;f__Bacteroidaceae;g__Prevotella;s__Prevotella sp945637645
20000,0.00128783000643915,0.003278688524590164,0.000643915003219575,7.79423226812159e-05,1.0,1.0,0.0,/group/ctbrowngrp5/sourmash-db.new/gtdb-rs226/gtdb-rs226-k51.dna.rocksdb,GCA_902473455.1 uncultured Lachnospiraceae bacterium,e1271a7429f353a17ec63d968d861656,0.006557377049180328,10000,325,8830000,outputs.mapping/bams.cds.rand/SRR5976181.x.s__JALFVM01 sp022787145.fastq.gz,SRR5976181.x.s__JALFVM01 sp022787145,13f540bc,15530000,51,DNA,10000,1553,True,0.8776685970753191,0.9061305804211921,0.8918995887482556,0.9061305804211921,True,1,11316,12830,d__Bacteria;p__Bacillota;c__Clostridia;o__Lachnospirales;f__Lachnospiraceae;g__Acetatifactor;s__Acetatifactor sp900760705
10000,0.000643915003219575,0.005128205128205128,0.000643915003219575,0.000779423226812159,10.0,10.0,0.0,/group/ctbrowngrp5/sourmash-db.new/gtdb-rs226/gtdb-rs226-k51.dna.rocksdb,GCA_945947125.1 uncultured Spirochaetales bacterium,aed92f9b3ea48a4ff1eb383abdd6914b,0.005128205128205128,10000,326,8820000,outputs.mapping/bams.cds.rand/SRR5976181.x.s__JALFVM01 sp022787145.fastq.gz,SRR5976181.x.s__JALFVM01 sp022787145,13f540bc,15530000,51,DNA,10000,1553,True,0.8658207916648684,0.9017732753618344,0.8837970335133514,0.9017732753618344,True,10,11326,12830,d__Bacteria;p__Spirochaetota;c__Spirochaetia;o__Sphaerochaetales;f__Sphaerochaetaceae;g__Ornithospirochaeta;s__Ornithospirochaeta sp022785155
10000,0.000643915003219575,0.004166666666666667,0.000643915003219575,7.79423226812159e-05,1.0,1.0,0.0,/group/ctbrowngrp5/sourmash-db.new/gtdb-rs226/gtdb-rs226-k51.dna.rocksdb,GCA_016296575.1 Treponema sp.,bb905f50d317401a8d8a7109007baeba,0.004166666666666667,10000,327,8810000,outputs.mapping/bams.cds.rand/SRR5976181.x.s__JALFVM01 sp022787145.fastq.gz,SRR5976181.x.s__JALFVM01 sp022787145,13f540bc,15530000,51,DNA,10000,1553,True,0.8658207916648684,0.8981092953870639,0.881965043525966,0.8981092953870639,True,1,11327,12830,d__Bacteria;p__Spirochaetota;c__Spirochaetia;o__Treponematales;f__Treponemataceae;g__Treponema_D;s__Treponema_D sp016296575
10000,0.000643915003219575,0.0032679738562091504,0.000643915003219575,7.79423226812159e-05,1.0,1.0,0.0,/group/ctbrowngrp5/sourmash-db.new/gtdb-rs226/gtdb-rs226-k51.dna.rocksdb,GCF_040097685.1 Fusicatenibacter saccharivorans,1c6a2f84b8bc488d1b149cc24869351d,0.0032679738562091504,10000,328,8800000,outputs.mapping/bams.cds.rand/SRR5976181.x.s__JALFVM01 sp022787145.fastq.gz,SRR5976181.x.s__JALFVM01 sp022787145,13f540bc,15530000,51,DNA,10000,1553,True,0.8658207916648684,0.8938411904895232,0.8798309910771958,0.8938411904895232,True,1,11328,12830,d__Bacteria;p__Bacillota;c__Clostridia;o__Lachnospirales;f__Lachnospiraceae;g__Fusicatenibacter;s__Fusicatenibacter saccharivorans
20000,0.00128783000643915,0.0029239766081871343,0.000643915003219575,0.0002338269680436477,3.0,3.0,0.0,/group/ctbrowngrp5/sourmash-db.new/gtdb-rs226/gtdb-rs226-k51.dna.rocksdb,GCF_947631635.1 uncultured Dysosmobacter sp.,556b775dd60b253dee395469107db211,0.005847953216374269,10000,329,8790000,outputs.mapping/bams.cds.rand/SRR5976181.x.s__JALFVM01 sp022787145.fastq.gz,SRR5976181.x.s__JALFVM01 sp022787145,13f540bc,15530000,51,DNA,10000,1553,True,0.8776685970753191,0.9040985288120411,0.8908835629436801,0.9040985288120411,True,3,11331,12830,d__Bacteria;p__Bacillota;c__Clostridia;o__Oscillospirales;f__Oscillospiraceae;g__Oscillibacter;s__Oscillibacter sp947631635
10000,0.000643915003219575,0.0025974025974025974,0.000643915003219575,0.0001558846453624318,2.0,2.0,0.0,/group/ctbrowngrp5/sourmash-db.new/gtdb-rs226/gtdb-rs226-k51.dna.rocksdb,GCA_918278025.1 Bacteroidaceae bacterium,34d8c56b045d8997187edae4797c9c25,0.0025974025974025974,10000,330,8780000,outputs.mapping/bams.cds.rand/SRR5976181.x.s__JALFVM01 sp022787145.fastq.gz,SRR5976181.x.s__JALFVM01 sp022787145,13f540bc,15530000,51,DNA,10000,1553,True,0.8658207916648684,0.8898251809431468,0.8778229863040076,0.8898251809431468,True,2,11333,12830,d__Bacteria;p__Bacteroidota;c__Bacteroidia;o__Bacteroidales;f__F082;g__Limimorpha;s__Limimorpha sp017645275
40000,0.0025756600128783,0.0047169811320754715,0.000643915003219575,0.0005455962587685113,7.0,7.0,0.0,/group/ctbrowngrp5/sourmash-db.new/gtdb-rs226/gtdb-rs226-k51.dna.rocksdb,GCA_022782265.1 Clostridiales bacterium,31aab65637cfad4860b98f4ebd39364d,0.018867924528301886,10000,331,8770000,outputs.mapping/bams.cds.rand/SRR5976181.x.s__JALFVM01 sp022787145.fastq.gz,SRR5976181.x.s__JALFVM01 sp022787145,13f540bc,15530000,51,DNA,10000,1553,True,0.889678526674049,0.9251042352607212,0.907391380967385,0.9251042352607212,True,7,11340,12830,d__Bacteria;p__Bacillota;c__Clostridia;o__Oscillospirales;f__Oscillospiraceae;g__Limivicinus;s__Limivicinus sp022782265
10000,0.000643915003219575,0.0044444444444444444,0.000643915003219575,0.0002338269680436477,3.0,3.0,0.0,/group/ctbrowngrp5/sourmash-db.new/gtdb-rs226/gtdb-rs226-k51.dna.rocksdb,GCA_034172485.1 Candidatus Ornithospirochaeta sp.,003b8de0e19bdf2e8002fa472cf0fbe6,0.0044444444444444444,10000,332,8760000,outputs.mapping/bams.cds.rand/SRR5976181.x.s__JALFVM01 sp022787145.fastq.gz,SRR5976181.x.s__JALFVM01 sp022787145,13f540bc,15530000,51,DNA,10000,1553,True,0.8658207916648684,0.8992465372686094,0.8825336644667389,0.8992465372686094,True,3,11343,12830,d__Bacteria;p__Spirochaetota;c__Spirochaetia;o__Sphaerochaetales;f__Sphaerochaetaceae;g__Ornithospirochaeta;s__Ornithospirochaeta sp016302165
10000,0.000643915003219575,0.0030303030303030303,0.000643915003219575,7.79423226812159e-05,1.0,1.0,0.0,/group/ctbrowngrp5/sourmash-db.new/gtdb-rs226/gtdb-rs226-k51.dna.rocksdb,GCA_022766945.1 Fusicatenibacter sp.,dc2c0cc596c1b991100a1abe313a6a97,0.0030303030303030303,10000,333,8750000,outputs.mapping/bams.cds.rand/SRR5976181.x.s__JALFVM01 sp022787145.fastq.gz,SRR5976181.x.s__JALFVM01 sp022787145,13f540bc,15530000,51,DNA,10000,1553,True,0.8658207916648684,0.8925188018005276,0.8791697967326979,0.8925188018005276,True,1,11344,12830,d__Bacteria;p__Bacillota;c__Clostridia;o__Lachnospirales;f__Lachnospiraceae;g__Fusicatenibacter;s__Fusicatenibacter sp022766945
10000,0.000643915003219575,0.004219409282700422,0.000643915003219575,0.0001558846453624318,2.0,2.0,0.0,/group/ctbrowngrp5/sourmash-db.new/gtdb-rs226/gtdb-rs226-k51.dna.rocksdb,GCA_021531865.1 Butyricicoccus pullicaecorum,a17df5797ac6f0f4bb6bdd57ef75e4db,0.004219409282700422,10000,334,8740000,outputs.mapping/bams.cds.rand/SRR5976181.x.s__JALFVM01 sp022787145.fastq.gz,SRR5976181.x.s__JALFVM01 sp022787145,13f540bc,15530000,51,DNA,10000,1553,True,0.8658207916648684,0.898330834887376,0.8820758132761222,0.898330834887376,True,2,11346,12830,d__Bacteria;p__Bacillota;c__Clostridia;o__Oscillospirales;f__Butyricicoccaceae;g__Butyricicoccus;s__Butyricicoccus sp004552245
10000,0.000643915003219575,0.0031645569620253164,0.000643915003219575,7.79423226812159e-05,1.0,1.0,0.0,/group/ctbrowngrp5/sourmash-db.new/gtdb-rs226/gtdb-rs226-k51.dna.rocksdb,GCA_945910965.1 uncultured Bacteroidales bacterium,3273532f8e16e8a398bb6bafe2c23fca,0.0031645569620253164,10000,335,8730000,outputs.mapping/bams.cds.rand/SRR5976181.x.s__JALFVM01 sp022787145.fastq.gz,SRR5976181.x.s__JALFVM01 sp022787145,13f540bc,15530000,51,DNA,10000,1553,True,0.8658207916648684,0.8932777730178594,0.8795492823413639,0.8932777730178594,True,1,11347,12830,d__Bacteria;p__Bacteroidota;c__Bacteroidia;o__Bacteroidales;f__Bacteroidaceae;g__Alloprevotella;s__Alloprevotella sp004555055
10000,0.000643915003219575,0.007407407407407408,0.000643915003219575,7.79423226812159e-05,1.0,1.0,0.0,/group/ctbrowngrp5/sourmash-db.new/gtdb-rs226/gtdb-rs226-k51.dna.rocksdb,GCA_017626135.1 Clostridia bacterium,178874d3ae20bee67586c42170fc52e6,0.007407407407407408,10000,336,8720000,outputs.mapping/bams.cds.rand/SRR5976181.x.s__JALFVM01 sp022787145.fastq.gz,SRR5976181.x.s__JALFVM01 sp022787145,13f540bc,15530000,51,DNA,10000,1553,True,0.8658207916648684,0.9082988192772692,0.8870598054710688,0.9082988192772692,True,1,11348,12830,d__Bacteria;p__Bacillota;c__Clostridia;o__Christensenellales;f__Borkfalkiaceae;g__Scatosoma;s__Scatosoma sp017626135
60000,0.0038634900193174502,0.002680965147453083,0.000643915003219575,0.0012470771628994544,16.0,16.0,0.0,/group/ctbrowngrp5/sourmash-db.new/gtdb-rs226/gtdb-rs226-k51.dna.rocksdb,GCA_004554075.1 Treponema sp.,c1b576559310fababd5ec90cbc576bf5,0.0160857908847185,10000,337,8710000,outputs.mapping/bams.cds.rand/SRR5976181.x.s__JALFVM01 sp022787145.fastq.gz,SRR5976181.x.s__JALFVM01 sp022787145,13f540bc,15530000,51,DNA,10000,1553,True,0.8967799262273172,0.9222150477012202,0.9094974869642687,0.9222150477012202,True,16,11364,12830,d__Bacteria;p__Spirochaetota;c__Spirochaetia;o__Treponematales;f__Treponemataceae;g__Treponema_D;s__Treponema_D sp004554075
10000,0.000643915003219575,0.003436426116838488,0.000643915003219575,7.79423226812159e-05,1.0,1.0,0.0,/group/ctbrowngrp5/sourmash-db.new/gtdb-rs226/gtdb-rs226-k51.dna.rocksdb,GCF_041333095.1 Intestinibacter bartlettii,dd98e2dacbf5138c06fb57ec9ba6a71f,0.003436426116838488,10000,338,8700000,outputs.mapping/bams.cds.rand/SRR5976181.x.s__JALFVM01 sp022787145.fastq.gz,SRR5976181.x.s__JALFVM01 sp022787145,13f540bc,15530000,51,DNA,10000,1553,True,0.8658207916648684,0.8947225285960692,0.8802716601304688,0.8947225285960692,True,1,11365,12830,d__Bacteria;p__Bacillota;c__Clostridia;o__Peptostreptococcales;f__Peptostreptococcaceae;g__Intestinibacter;s__Intestinibacter bartlettii
10000,0.000643915003219575,0.003745318352059925,0.000643915003219575,7.79423226812159e-05,1.0,1.0,0.0,/group/ctbrowngrp5/sourmash-db.new/gtdb-rs226/gtdb-rs226-k51.dna.rocksdb,GCA_902796105.1 uncultured Lachnospiraceae bacterium,015595dbb690638194c200ec88b80158,0.003745318352059925,10000,339,8690000,outputs.mapping/bams.cds.rand/SRR5976181.x.s__JALFVM01 sp022787145.fastq.gz,SRR5976181.x.s__JALFVM01 sp022787145,13f540bc,15530000,51,DNA,10000,1553,True,0.8658207916648684,0.8962338603010542,0.8810273259829613,0.8962338603010542,True,1,11366,12830,d__Bacteria;p__Bacillota;c__Clostridia;o__Lachnospirales;f__Lachnospiraceae;g__Acetatifactor;s__Acetatifactor sp902796105
20000,0.00128783000643915,0.003472222222222222,0.000643915003219575,0.0003117692907248636,4.0,4.0,0.0,/group/ctbrowngrp5/sourmash-db.new/gtdb-rs226/gtdb-rs226-k51.dna.rocksdb,GCA_945915995.1 uncultured Clostridia bacterium,30b05fa6b454528eca9ea1d29967bc3c,0.006944444444444444,10000,340,8680000,outputs.mapping/bams.cds.rand/SRR5976181.x.s__JALFVM01 sp022787145.fastq.gz,SRR5976181.x.s__JALFVM01 sp022787145,13f540bc,15530000,51,DNA,10000,1553,True,0.8776685970753191,0.9071501293291512,0.8924093632022352,0.9071501293291512,True,4,11370,12830,d__Bacteria;p__Bacillota;c__Clostridia;o__Oscillospirales;f__Ruminococcaceae;g__Negativibacillus;s__Negativibacillus massiliensis
30000,0.0019317450096587251,0.004032258064516129,0.000643915003219575,0.0001558846453624318,2.0,2.0,0.0,/group/ctbrowngrp5/sourmash-db.new/gtdb-rs226/gtdb-rs226-k51.dna.rocksdb,GCA_021153185.1 Lachnospiraceae bacterium,13ebf572603196a81c87f269fcffcf06,0.012096774193548387,10000,341,8670000,outputs.mapping/bams.cds.rand/SRR5976181.x.s__JALFVM01 sp022787145.fastq.gz,SRR5976181.x.s__JALFVM01 sp022787145,13f540bc,15530000,51,DNA,10000,1553,True,0.884674133565548,0.9170759107029064,0.9008750221342272,0.9170759107029064,True,2,11372,12830,d__Bacteria;p__Bacillota;c__Clostridia;o__Lachnospirales;f__Lachnospiraceae;g__SIG333;s__SIG333 sp021153185
60000,0.0038634900193174502,0.004310344827586207,0.000643915003219575,7.79423226812159e-05,1.0,1.0,0.0,/group/ctbrowngrp5/sourmash-db.new/gtdb-rs226/gtdb-rs226-k51.dna.rocksdb,GCA_946056035.1 uncultured Lachnospiraceae bacterium,d2ecc019c123bded34080a95dbab7853,0.02586206896551724,10000,342,8660000,outputs.mapping/bams.cds.rand/SRR5976181.x.s__JALFVM01 sp022787145.fastq.gz,SRR5976181.x.s__JALFVM01 sp022787145,13f540bc,15530000,51,DNA,10000,1553,True,0.8967799262273172,0.9308415277984536,0.9138107270128855,0.9308415277984536,True,1,11373,12830,d__Bacteria;p__Bacillota;c__Clostridia;o__Lachnospirales;f__Lachnospiraceae;g__Suilimivivens;s__Suilimivivens sp017622575
30000,0.0019317450096587251,0.003484320557491289,0.000643915003219575,0.0003897116134060795,5.0,5.0,0.0,/group/ctbrowngrp5/sourmash-db.new/gtdb-rs226/gtdb-rs226-k51.dna.rocksdb,GCA_945830505.1 uncultured Clostridia bacterium,15e12f3e219cd71609bbc435637dc6c0,0.010452961672473868,10000,343,8650000,outputs.mapping/bams.cds.rand/SRR5976181.x.s__JALFVM01 sp022787145.fastq.gz,SRR5976181.x.s__JALFVM01 sp022787145,13f540bc,15530000,51,DNA,10000,1553,True,0.884674133565548,0.9144533516772876,0.8995637426214178,0.9144533516772876,True,5,11378,12830,d__Bacteria;p__Bacillota;c__Clostridia;o__Oscillospirales;f__Oscillospiraceae;g__Faecousia;s__Faecousia sp945875335
40000,0.0025756600128783,0.0028735632183908046,0.000643915003219575,7.79423226812159e-05,1.0,1.0,0.0,/group/ctbrowngrp5/sourmash-db.new/gtdb-rs226/gtdb-rs226-k51.dna.rocksdb,GCA_032565235.1 Clostridium sp.,7ef8c3f3d1bf907ba74c95b5885f0bc1,0.011494252873563218,10000,344,8640000,outputs.mapping/bams.cds.rand/SRR5976181.x.s__JALFVM01 sp022787145.fastq.gz,SRR5976181.x.s__JALFVM01 sp022787145,13f540bc,15530000,51,DNA,10000,1553,True,0.889678526674049,0.9161576465862531,0.902918086630151,0.9161576465862531,True,1,11379,12830,d__Bacteria;p__Bacillota;c__Clostridia;o__Oscillospirales;f__Acutalibacteraceae;g__Faecalispora;s__Faecalispora jeddahensis
10000,0.000643915003219575,0.004524886877828055,0.000643915003219575,7.79423226812159e-05,1.0,1.0,0.0,/group/ctbrowngrp5/sourmash-db.new/gtdb-rs226/gtdb-rs226-k51.dna.rocksdb,GCA_963650935.1 bacterium,5cf77dce1a8f7431f7da1749665623bf,0.004524886877828055,10000,345,8630000,outputs.mapping/bams.cds.rand/SRR5976181.x.s__JALFVM01 sp022787145.fastq.gz,SRR5976181.x.s__JALFVM01 sp022787145,13f540bc,15530000,51,DNA,10000,1553,True,0.8658207916648684,0.8995628755480881,0.8826918336064782,0.8995628755480881,True,1,11380,12830,d__Bacteria;p__Bacillota;c__Clostridia;o__Lachnospirales;f__Lachnospiraceae;g__Butyrivibrio_A;s__Butyrivibrio_A crossota
10000,0.000643915003219575,0.0036496350364963502,0.000643915003219575,7.79423226812159e-05,1.0,1.0,0.0,/group/ctbrowngrp5/sourmash-db.new/gtdb-rs226/gtdb-rs226-k51.dna.rocksdb,GCA_945920195.1 uncultured Lachnospiraceae bacterium,f877cd44ae385eb150c28357a987bdc4,0.0036496350364963502,10000,346,8620000,outputs.mapping/bams.cds.rand/SRR5976181.x.s__JALFVM01 sp022787145.fastq.gz,SRR5976181.x.s__JALFVM01 sp022787145,13f540bc,15530000,51,DNA,10000,1553,True,0.8658207916648684,0.895779190619195,0.8807999911420317,0.895779190619195,True,1,11381,12830,d__Bacteria;p__Bacillota;c__Clostridia;o__Lachnospirales;f__Lachnospiraceae;g__UBA2882;s__UBA2882 sp017626095
10000,0.000643915003219575,0.0041841004184100415,0.000643915003219575,0.0001558846453624318,2.0,2.0,0.0,/group/ctbrowngrp5/sourmash-db.new/gtdb-rs226/gtdb-rs226-k51.dna.rocksdb,GCA_902795185.1 Oscillospiraceae bacterium,eb082e7d27bfd0d29fd5b4d83d29f8ab,0.0041841004184100415,10000,347,8610000,outputs.mapping/bams.cds.rand/SRR5976181.x.s__JALFVM01 sp022787145.fastq.gz,SRR5976181.x.s__JALFVM01 sp022787145,13f540bc,15530000,51,DNA,10000,1553,True,0.8658207916648684,0.8981828266298771,0.8820018091473727,0.8981828266298771,True,2,11383,12830,d__Bacteria;p__Bacillota;c__Clostridia;o__Oscillospirales;f__Oscillospiraceae;g__Limivicinus;s__Limivicinus sp900316205
40000,0.0025756600128783,0.003278688524590164,0.000643915003219575,7.79423226812159e-05,1.0,1.0,0.0,/group/ctbrowngrp5/sourmash-db.new/gtdb-rs226/gtdb-rs226-k51.dna.rocksdb,GCA_964250615.1 Clostridia bacterium UC5.1-1D4,cf0fca0f6be1f4f82e217359a6de00ae,0.013114754098360656,10000,348,8600000,outputs.mapping/bams.cds.rand/SRR5976181.x.s__JALFVM01 sp022787145.fastq.gz,SRR5976181.x.s__JALFVM01 sp022787145,13f540bc,15530000,51,DNA,10000,1553,True,0.889678526674049,0.9185299809630129,0.9041042538185309,0.9185299809630129,True,1,11384,12830,d__Bacteria;p__Bacillota;c__Clostridia;o__Lachnospirales;f__Lachnospiraceae;g__Blautia;s__Blautia sp900556555
10000,0.000643915003219575,0.0053475935828877,0.000643915003219575,7.79423226812159e-05,1.0,1.0,0.0,/group/ctbrowngrp5/sourmash-db.new/gtdb-rs226/gtdb-rs226-k51.dna.rocksdb,GCA_900316665.1 uncultured Lachnospiraceae bacterium,8a1f960d0d3ab118ab948f784289e5ab,0.0053475935828877,10000,349,8590000,outputs.mapping/bams.cds.rand/SRR5976181.x.s__JALFVM01 sp022787145.fastq.gz,SRR5976181.x.s__JALFVM01 sp022787145,13f540bc,15530000,51,DNA,10000,1553,True,0.8658207916648684,0.9025142881157426,0.8841675398903055,0.9025142881157426,True,1,11385,12830,d__Bacteria;p__Bacillota;c__Clostridia;o__Lachnospirales;f__Lachnospiraceae;g__UBA629;s__UBA629 sp900316665
40000,0.0025756600128783,0.004830917874396135,0.000643915003219575,0.0004676539360872954,6.0,6.0,0.0,/group/ctbrowngrp5/sourmash-db.new/gtdb-rs226/gtdb-rs226-k51.dna.rocksdb,GCA_945877825.1 uncultured Lachnospiraceae bacterium,5d89ca24a7d1f9d3f163e73a383fad2b,0.01932367149758454,10000,350,8580000,outputs.mapping/bams.cds.rand/SRR5976181.x.s__JALFVM01 sp022787145.fastq.gz,SRR5976181.x.s__JALFVM01 sp022787145,13f540bc,15530000,51,DNA,10000,1553,True,0.889678526674049,0.9255372759573212,0.907607901315685,0.9255372759573212,True,6,11391,12830,d__Bacteria;p__Bacillota;c__Clostridia;o__Lachnospirales;f__Lachnospiraceae;g__UBA2868;s__UBA2868 sp004552595
10000,0.000643915003219575,0.003745318352059925,0.000643915003219575,0.0001558846453624318,2.0,2.0,0.0,/group/ctbrowngrp5/sourmash-db.new/gtdb-rs226/gtdb-rs226-k51.dna.rocksdb,GCA_945833775.1 uncultured Lachnospiraceae bacterium,2f0e58abb343cf85774a2abe02ab6d7b,0.003745318352059925,10000,351,8570000,outputs.mapping/bams.cds.rand/SRR5976181.x.s__JALFVM01 sp022787145.fastq.gz,SRR5976181.x.s__JALFVM01 sp022787145,13f540bc,15530000,51,DNA,10000,1553,True,0.8658207916648684,0.8962338603010542,0.8810273259829613,0.8962338603010542,True,2,11393,12830,d__Bacteria;p__Bacillota;c__Clostridia;o__Lachnospirales;f__Lachnospiraceae;g__Acetatifactor;s__Acetatifactor sp945833775
20000,0.00128783000643915,0.004784688995215311,0.000643915003219575,0.0003897116134060795,5.0,5.0,0.0,/group/ctbrowngrp5/sourmash-db.new/gtdb-rs226/gtdb-rs226-k51.dna.rocksdb,GCA_945950105.1 uncultured Clostridia bacterium,37c64f2711468d02fc470538c8bf1572,0.009569377990430622,10000,352,8560000,outputs.mapping/bams.cds.rand/SRR5976181.x.s__JALFVM01 sp022787145.fastq.gz,SRR5976181.x.s__JALFVM01 sp022787145,13f540bc,15530000,51,DNA,10000,1553,True,0.8776685970753191,0.9128711551885609,0.89526987613194,0.9128711551885609,True,5,11398,12830,d__Bacteria;p__Bacillota;c__Clostridia;o__Oscillospirales;f__Ruminococcaceae;g__UBA3818;s__UBA3818 sp002369315
10000,0.000643915003219575,0.005988023952095809,0.000643915003219575,7.79423226812159e-05,1.0,1.0,0.0,/group/ctbrowngrp5/sourmash-db.new/gtdb-rs226/gtdb-rs226-k51.dna.rocksdb,GCA_945835565.1 uncultured Bacteroidales bacterium,9f28120c584e9ab4f7364a98038c85db,0.005988023952095809,10000,353,8550000,outputs.mapping/bams.cds.rand/SRR5976181.x.s__JALFVM01 sp022787145.fastq.gz,SRR5976181.x.s__JALFVM01 sp022787145,13f540bc,15530000,51,DNA,10000,1553,True,0.8658207916648684,0.9045182297439633,0.8851695107044159,0.9045182297439633,True,1,11399,12830,d__Bacteria;p__Bacteroidota;c__Bacteroidia;o__Bacteroidales;f__UBA932;g__Cryptobacteroides;s__Cryptobacteroides sp004554455
10000,0.000643915003219575,0.00625,0.000643915003219575,0.0003897116134060795,5.0,5.0,0.0,/group/ctbrowngrp5/sourmash-db.new/gtdb-rs226/gtdb-rs226-k51.dna.rocksdb,GCA_946007325.1 uncultured Clostridia bacterium,806665ce895e899665f6fa79163f0f71,0.00625,10000,354,8540000,outputs.mapping/bams.cds.rand/SRR5976181.x.s__JALFVM01 sp022787145.fastq.gz,SRR5976181.x.s__JALFVM01 sp022787145,13f540bc,15530000,51,DNA,10000,1553,True,0.8658207916648684,0.9052779891993,0.8855493904320841,0.9052779891993,True,5,11404,12830,d__Bacteria;p__Bacillota;c__Clostridia;o__Oscillospirales;f__Oscillospiraceae;g__Vescimonas;s__Vescimonas sp945878665
10000,0.000643915003219575,0.0035842293906810036,0.000643915003219575,0.0001558846453624318,2.0,2.0,0.0,/group/ctbrowngrp5/sourmash-db.new/gtdb-rs226/gtdb-rs226-k51.dna.rocksdb,GCA_945836135.1 uncultured Clostridia bacterium,3968af1d2cde80999e7655d49ec71ca7,0.0035842293906810036,10000,355,8530000,outputs.mapping/bams.cds.rand/SRR5976181.x.s__JALFVM01 sp022787145.fastq.gz,SRR5976181.x.s__JALFVM01 sp022787145,13f540bc,15530000,51,DNA,10000,1553,True,0.8658207916648684,0.8954616198633102,0.8806412057640893,0.8954616198633102,True,2,11406,12830,d__Bacteria;p__Bacillota;c__Clostridia;o__Lachnospirales;f__Lachnospiraceae;g__CAG-882;s__CAG-882 sp945836135
10000,0.000643915003219575,0.004484304932735426,0.000643915003219575,7.79423226812159e-05,1.0,1.0,0.0,/group/ctbrowngrp5/sourmash-db.new/gtdb-rs226/gtdb-rs226-k51.dna.rocksdb,GCA_946059305.1 uncultured Bacteroidales bacterium,30d3532c5ca297735f5b51d7709de67c,0.004484304932735426,10000,356,8520000,outputs.mapping/bams.cds.rand/SRR5976181.x.s__JALFVM01 sp022787145.fastq.gz,SRR5976181.x.s__JALFVM01 sp022787145,13f540bc,15530000,51,DNA,10000,1553,True,0.8658207916648684,0.8994039832126721,0.8826123874387702,0.8994039832126721,True,1,11407,12830,d__Bacteria;p__Bacteroidota;c__Bacteroidia;o__Bacteroidales;f__Paludibacteraceae;g__Colicola;s__Colicola sp946059305
10000,0.000643915003219575,0.005208333333333333,0.000643915003219575,7.79423226812159e-05,1.0,1.0,0.0,/group/ctbrowngrp5/sourmash-db.new/gtdb-rs226/gtdb-rs226-k51.dna.rocksdb,GCA_963640395.1 Oscillospiraceae bacterium,8f3b2e66c18c83abf1c515ed29aa1a00,0.005208333333333333,10000,357,8510000,outputs.mapping/bams.cds.rand/SRR5976181.x.s__JALFVM01 sp022787145.fastq.gz,SRR5976181.x.s__JALFVM01 sp022787145,13f540bc,15530000,51,DNA,10000,1553,True,0.8658207916648684,0.9020474594102066,0.8839341255375375,0.9020474594102066,True,1,11408,12830,d__Bacteria;p__Bacillota;c__Clostridia;o__Lachnospirales;f__Lachnospiraceae;g__W0P33-017;s__W0P33-017 sp963640395
10000,0.000643915003219575,0.0045045045045045045,0.000643915003219575,7.79423226812159e-05,1.0,1.0,0.0,/group/ctbrowngrp5/sourmash-db.new/gtdb-rs226/gtdb-rs226-k51.dna.rocksdb,GCA_934591805.1 uncultured Oscillospiraceae bacterium,8debc5a8d30bd9b70d3e293504c7defe,0.0045045045045045045,10000,358,8500000,outputs.mapping/bams.cds.rand/SRR5976181.x.s__JALFVM01 sp022787145.fastq.gz,SRR5976181.x.s__JALFVM01 sp022787145,13f540bc,15530000,51,DNA,10000,1553,True,0.8658207916648684,0.8994832469384727,0.8826520193016705,0.8994832469384727,True,1,11409,12830,d__Bacteria;p__Bacillota;c__Clostridia;o__Oscillospirales;f__Oscillospiraceae;g__Limivicinus;s__Limivicinus sp900546515
60000,0.0038634900193174502,0.002457002457002457,0.000643915003219575,0.0001558846453624318,2.0,2.0,0.0,/group/ctbrowngrp5/sourmash-db.new/gtdb-rs226/gtdb-rs226-k51.dna.rocksdb,GCF_002161285.1 Blautia sp. An81,a2c1e0928b5cbda18943c1275470f869,0.014742014742014743,10000,359,8490000,outputs.mapping/bams.cds.rand/SRR5976181.x.s__JALFVM01 sp022787145.fastq.gz,SRR5976181.x.s__JALFVM01 sp022787145,13f540bc,15530000,51,DNA,10000,1553,True,0.8967799262273172,0.9206389604599691,0.9087094433436431,0.9206389604599691,True,2,11411,12830,d__Bacteria;p__Bacillota;c__Clostridia;o__Lachnospirales;f__Lachnospiraceae;g__Blautia;s__Blautia ornithocaccae
70000,0.004507405022537025,0.003424657534246575,0.000643915003219575,7.79423226812159e-05,1.0,1.0,0.0,/group/ctbrowngrp5/sourmash-db.new/gtdb-rs226/gtdb-rs226-k51.dna.rocksdb,GCF_001940245.1 Anaerostipes sp. 992a,10f984c21c4f4aba09771b028dfed08d,0.023972602739726026,10000,360,8480000,outputs.mapping/bams.cds.rand/SRR5976181.x.s__JALFVM01 sp022787145.fastq.gz,SRR5976181.x.s__JALFVM01 sp022787145,13f540bc,15530000,51,DNA,10000,1553,True,0.8994946000368468,0.929457871087309,0.9144762355620779,0.929457871087309,False,1,11412,12830,d__Bacteria;p__Bacillota;c__Clostridia;o__Lachnospirales;f__Lachnospiraceae;g__Fimousia;s__Fimousia sp001940245
10000,0.000643915003219575,0.007633587786259542,0.000643915003219575,7.79423226812159e-05,1.0,1.0,0.0,/group/ctbrowngrp5/sourmash-db.new/gtdb-rs226/gtdb-rs226-k51.dna.rocksdb,GCA_934122175.1 uncultured Clostridia bacterium,0e2fe41c4146e9106ed88fe191fba38a,0.007633587786259542,10000,361,8470000,outputs.mapping/bams.cds.rand/SRR5976181.x.s__JALFVM01 sp022787145.fastq.gz,SRR5976181.x.s__JALFVM01 sp022787145,13f540bc,15530000,51,DNA,10000,1553,True,0.8658207916648684,0.908834650149845,0.8873277209073567,0.908834650149845,True,1,11413,12830,d__Bacteria;p__Bacillota;c__Clostridia;o__TANB77;f__CAG-465;g__CAG-465;s__CAG-465 sp905204915
10000,0.000643915003219575,0.0048543689320388345,0.000643915003219575,0.0001558846453624318,2.0,2.0,0.0,/group/ctbrowngrp5/sourmash-db.new/gtdb-rs226/gtdb-rs226-k51.dna.rocksdb,GCA_029099685.1 Clostridia bacterium,eacec8a9e1390f0e87ce6c1645533748,0.0048543689320388345,10000,362,8460000,outputs.mapping/bams.cds.rand/SRR5976181.x.s__JALFVM01 sp022787145.fastq.gz,SRR5976181.x.s__JALFVM01 sp022787145,13f540bc,15530000,51,DNA,10000,1553,True,0.8658207916648684,0.900803478377785,0.8833121350213267,0.900803478377785,True,2,11415,12830,d__Bacteria;p__Bacillota;c__Clostridia;o__Oscillospirales;f__Butyricicoccaceae;g__UBA4644;s__UBA4644 sp029099685
40000,0.0025756600128783,0.0035842293906810036,0.000643915003219575,7.79423226812159e-05,1.0,1.0,0.0,/group/ctbrowngrp5/sourmash-db.new/gtdb-rs226/gtdb-rs226-k51.dna.rocksdb,GCA_029012365.1 Lachnospiraceae bacterium,d9f29b71705f925d65f59a113150654a,0.014336917562724014,10000,363,8450000,outputs.mapping/bams.cds.rand/SRR5976181.x.s__JALFVM01 sp022787145.fastq.gz,SRR5976181.x.s__JALFVM01 sp022787145,13f540bc,15530000,51,DNA,10000,1553,True,0.889678526674049,0.9201361093688241,0.9049073180214365,0.9201361093688241,True,1,11416,12830,d__Bacteria;p__Bacillota;c__Clostridia;o__Lachnospirales;f__Lachnospiraceae;g__SIG307;s__SIG307 sp029012365
10000,0.000643915003219575,0.0035842293906810036,0.000643915003219575,0.0002338269680436477,3.0,3.0,0.0,/group/ctbrowngrp5/sourmash-db.new/gtdb-rs226/gtdb-rs226-k51.dna.rocksdb,GCA_030539285.1 Eubacteriales bacterium,6957d276be02c412be3a7f224cd5c61a,0.0035842293906810036,10000,364,8440000,outputs.mapping/bams.cds.rand/SRR5976181.x.s__JALFVM01 sp022787145.fastq.gz,SRR5976181.x.s__JALFVM01 sp022787145,13f540bc,15530000,51,DNA,10000,1553,True,0.8658207916648684,0.8954616198633102,0.8806412057640893,0.8954616198633102,True,3,11419,12830,d__Bacteria;p__Bacillota;c__Clostridia;o__Oscillospirales;f__Oscillospiraceae;g__Faecousia;s__Faecousia sp030539285
10000,0.000643915003219575,0.004291845493562232,0.000643915003219575,7.79423226812159e-05,1.0,1.0,0.0,/group/ctbrowngrp5/sourmash-db.new/gtdb-rs226/gtdb-rs226-k51.dna.rocksdb,GCA_029100885.1 Clostridiales bacterium,bb6696a98095c527fb11331d0d5ce6d5,0.004291845493562232,10000,365,8430000,outputs.mapping/bams.cds.rand/SRR5976181.x.s__JALFVM01 sp022787145.fastq.gz,SRR5976181.x.s__JALFVM01 sp022787145,13f540bc,15530000,51,DNA,10000,1553,True,0.8658207916648684,0.8986307105512661,0.8822257511080672,0.8986307105512661,True,1,11420,12830,d__Bacteria;p__Bacillota;c__Clostridia;o__Lachnospirales;f__Lachnospiraceae;g__Avilachnospira;s__Avilachnospira sp029100885
20000,0.00128783000643915,0.005,0.000643915003219575,0.0006235385814497272,8.0,8.0,0.0,/group/ctbrowngrp5/sourmash-db.new/gtdb-rs226/gtdb-rs226-k51.dna.rocksdb,GCA_004552135.1 Bacteroidales bacterium,a7d44adc74bf2a4bdcbed7985303d2cb,0.01,10000,366,8420000,outputs.mapping/bams.cds.rand/SRR5976181.x.s__JALFVM01 sp022787145.fastq.gz,SRR5976181.x.s__JALFVM01 sp022787145,13f540bc,15530000,51,DNA,10000,1553,True,0.8776685970753191,0.9136593726391776,0.8956639848572483,0.9136593726391776,True,8,11428,12830,d__Bacteria;p__Bacteroidota;c__Bacteroidia;o__Bacteroidales;f__UBA932;g__Cryptobacteroides;s__Cryptobacteroides sp004554455
10000,0.000643915003219575,0.0031645569620253164,0.000643915003219575,0.0002338269680436477,3.0,3.0,0.0,/group/ctbrowngrp5/sourmash-db.new/gtdb-rs226/gtdb-rs226-k51.dna.rocksdb,GCA_902778155.1 Oscillospiraceae bacterium,58c5ba79fec50f0365e06c50268cab4b,0.0031645569620253164,10000,367,8410000,outputs.mapping/bams.cds.rand/SRR5976181.x.s__JALFVM01 sp022787145.fastq.gz,SRR5976181.x.s__JALFVM01 sp022787145,13f540bc,15530000,51,DNA,10000,1553,True,0.8658207916648684,0.8932777730178594,0.8795492823413639,0.8932777730178594,True,3,11431,12830,d__Bacteria;p__Bacillota;c__Clostridia;o__Oscillospirales;f__Oscillospiraceae;g__Limivicinus;s__Limivicinus sp902778665
20000,0.00128783000643915,0.0043859649122807015,0.000643915003219575,0.0002338269680436477,3.0,3.0,0.0,/group/ctbrowngrp5/sourmash-db.new/gtdb-rs226/gtdb-rs226-k51.dna.rocksdb,GCA_902802515.1 uncultured Lachnospiraceae bacterium,ba67ce117a77759cb10862507a360c66,0.008771929824561403,10000,368,8400000,outputs.mapping/bams.cds.rand/SRR5976181.x.s__JALFVM01 sp022787145.fastq.gz,SRR5976181.x.s__JALFVM01 sp022787145,13f540bc,15530000,51,DNA,10000,1553,True,0.8776685970753191,0.911315028588222,0.8944918128317705,0.911315028588222,True,3,11434,12830,d__Bacteria;p__Bacillota;c__Clostridia;o__Lachnospirales;f__Lachnospiraceae;g__Merdiplasma;s__Merdiplasma sp902802515
20000,0.00128783000643915,0.003389830508474576,0.000643915003219575,0.0001558846453624318,2.0,2.0,0.0,/group/ctbrowngrp5/sourmash-db.new/gtdb-rs226/gtdb-rs226-k51.dna.rocksdb,GCA_022764085.1 Prevotella sp.,368d7462247983ce3c9d815f25fcecca,0.006779661016949152,10000,369,8390000,outputs.mapping/bams.cds.rand/SRR5976181.x.s__JALFVM01 sp022787145.fastq.gz,SRR5976181.x.s__JALFVM01 sp022787145,13f540bc,15530000,51,DNA,10000,1553,True,0.8776685970753191,0.9067230710982402,0.8921958340867797,0.9067230710982402,True,2,11436,12830,d__Bacteria;p__Bacteroidota;c__Bacteroidia;o__Bacteroidales;f__Bacteroidaceae;g__Prevotella;s__Prevotella sp022764085
40000,0.0025756600128783,0.002770083102493075,0.000643915003219575,7.79423226812159e-05,1.0,1.0,0.0,/group/ctbrowngrp5/sourmash-db.new/gtdb-rs226/gtdb-rs226-k51.dna.rocksdb,GCF_022773175.1 Blautia sp.,c0d5f5a2ddcc47af637d94899fac95d6,0.0110803324099723,10000,370,8380000,outputs.mapping/bams.cds.rand/SRR5976181.x.s__JALFVM01 sp022787145.fastq.gz,SRR5976181.x.s__JALFVM01 sp022787145,13f540bc,15530000,51,DNA,10000,1553,True,0.889678526674049,0.9154990496941375,0.9025887881840933,0.9154990496941375,True,1,11437,12830,d__Bacteria;p__Bacillota;c__Clostridia;o__Lachnospirales;f__Lachnospiraceae;g__Blautia_A;s__Blautia_A sp018919065
