intersect_bp,f_orig_query,f_match,f_unique_to_query,f_unique_weighted,average_abund,median_abund,std_abund,filename,name,md5,f_match_orig,unique_intersect_bp,gather_result_rank,remaining_bp,query_filename,query_name,query_md5,query_bp,ksize,moltype,scaled,query_n_hashes,query_abundance,query_containment_ani,match_containment_ani,average_containment_ani,max_containment_ani,potential_false_negative,n_unique_weighted_found,sum_weighted_found,total_weighted_hashes,lineage
2360000,0.10451727192205491,0.7866666666666666,0.10451727192205491,0.29366627649889454,9.567796610169491,9.0,5.229445337213476,/group/ctbrowngrp5/sourmash-db.new/gtdb-rs226/gtdb-rs226-k51.dna.rocksdb,GCA_945948455.1 uncultured Prevotella sp.,75ea4ec6a517e2b386a8ef2fb8446d9d,0.7866666666666666,2360000,0,20220000,outputs.mapping/bams.cds.rand/SRR7182028.x.s__Prevotella sp002251295.fastq.gz,SRR7182028.x.s__Prevotella sp002251295,bc49b5b3,22580000,51,DNA,10000,2258,True,0.956683741706624,0.9953061356844306,0.9759949386955273,0.9953061356844306,False,2258,2258,7689,d__Bacteria;p__Bacteroidota;c__Bacteroidia;o__Bacteroidales;f__Bacteroidaceae;g__Prevotella;s__Prevotella sp002251295
2350000,0.10407440212577503,0.19931271477663232,0.025686448184233834,0.0844062947067239,11.189655172413794,6.0,31.791593389226684,/group/ctbrowngrp5/sourmash-db.new/gtdb-rs226/gtdb-rs226-k51.dna.rocksdb,GCF_002251295.1 Prevotella sp. P5-50,e0b4f5e74144729f3a8f0c0fb991e304,0.8075601374570447,580000,1,19640000,outputs.mapping/bams.cds.rand/SRR7182028.x.s__Prevotella sp002251295.fastq.gz,SRR7182028.x.s__Prevotella sp002251295,bc49b5b3,22580000,51,DNA,10000,2258,True,0.9566040909549305,0.9958178333844202,0.9762109621696753,0.9958178333844202,False,649,2907,7689,d__Bacteria;p__Bacteroidota;c__Bacteroidia;o__Bacteroidales;f__Bacteroidaceae;g__Prevotella;s__Prevotella sp002251295
400000,0.01771479185119575,0.1314878892733564,0.01682905225863596,0.039146833138249446,7.921052631578948,5.0,7.142834388566843,/group/ctbrowngrp5/sourmash-db.new/gtdb-rs226/gtdb-rs226-k51.dna.rocksdb,GCF_041323955.1 Prevotella pectinovora,d4417892e6e0300f4e4c442e8535c801,0.1384083044982699,380000,2,19260000,outputs.mapping/bams.cds.rand/SRR7182028.x.s__Prevotella sp002251295.fastq.gz,SRR7182028.x.s__Prevotella sp002251295,bc49b5b3,22580000,51,DNA,10000,2258,True,0.9239610167870942,0.9619667080222418,0.942963862404668,0.9619667080222418,False,301,3208,7689,d__Bacteria;p__Bacteroidota;c__Bacteroidia;o__Bacteroidales;f__Bacteroidaceae;g__Prevotella;s__Prevotella pectinovora
350000,0.01550044286979628,0.10828025477707007,0.015057573073516387,0.05033164260632072,11.382352941176471,8.5,10.85740383301089,/group/ctbrowngrp5/sourmash-db.new/gtdb-rs226/gtdb-rs226-k51.dna.rocksdb,GCA_022773545.1 Prevotella sp.,4afae2f71eaa979d43e819866f0bc649,0.11146496815286625,340000,3,18920000,outputs.mapping/bams.cds.rand/SRR7182028.x.s__Prevotella sp002251295.fastq.gz,SRR7182028.x.s__Prevotella sp002251295,bc49b5b3,22580000,51,DNA,10000,2258,True,0.9215450084648593,0.9578917638954896,0.9397183861801744,0.9578917638954896,False,387,3595,7689,d__Bacteria;p__Bacteroidota;c__Bacteroidia;o__Bacteroidales;f__Bacteroidaceae;g__Prevotella;s__Prevotella sp022771625
330000,0.014614703277236492,0.0903954802259887,0.0141718334809566,0.012875536480686695,3.09375,2.0,2.0820569006393654,/group/ctbrowngrp5/sourmash-db.new/gtdb-rs226/gtdb-rs226-k51.dna.rocksdb,GCF_009695805.1 Segatella copri,6f25906e0e1c5453cea90d748e2b732d,0.09322033898305085,320000,4,18600000,outputs.mapping/bams.cds.rand/SRR7182028.x.s__Prevotella sp002251295.fastq.gz,SRR7182028.x.s__Prevotella sp002251295,bc49b5b3,22580000,51,DNA,10000,2258,True,0.9204824025638972,0.9545404281415379,0.9375114153527175,0.9545404281415379,False,99,3694,7689,d__Bacteria;p__Bacteroidota;c__Bacteroidia;o__Bacteroidales;f__Bacteroidaceae;g__Prevotella;s__Prevotella copri
2080000,0.09211691762621789,0.11363636363636363,0.013286093888396812,0.016907270126154245,4.333333333333333,3.0,3.977715704047013,/group/ctbrowngrp5/sourmash-db.new/gtdb-rs226/gtdb-rs226-k51.dna.rocksdb,GCA_946007345.1 uncultured Prevotella sp.,c98e5ad5cc1d8cd33b9f36ad463e6014,0.7878787878787878,300000,5,18300000,outputs.mapping/bams.cds.rand/SRR7182028.x.s__Prevotella sp002251295.fastq.gz,SRR7182028.x.s__Prevotella sp002251295,bc49b5b3,22580000,51,DNA,10000,2258,True,0.9543175911762807,0.9953361835751511,0.9748268873757159,0.9953361835751511,False,130,3824,7689,d__Bacteria;p__Bacteroidota;c__Bacteroidia;o__Bacteroidales;f__Bacteroidaceae;g__Prevotella;s__Prevotella sp002251295
200000,0.008857395925597875,0.06375838926174497,0.00841452612931798,0.010144362075692548,4.105263157894737,3.0,4.037909006066659,/group/ctbrowngrp5/sourmash-db.new/gtdb-rs226/gtdb-rs226-k51.dna.rocksdb,GCA_022776845.1 Prevotella sp.,ac221b7645d0b6be20f9cfbc5e56f38f,0.06711409395973154,190000,6,18110000,outputs.mapping/bams.cds.rand/SRR7182028.x.s__Prevotella sp002251295.fastq.gz,SRR7182028.x.s__Prevotella sp002251295,bc49b5b3,22580000,51,DNA,10000,2258,True,0.9114883017210494,0.9484104873421485,0.929949394531599,0.9484104873421485,False,78,3902,7689,d__Bacteria;p__Bacteroidota;c__Bacteroidia;o__Bacteroidales;f__Bacteroidaceae;g__Prevotella;s__Prevotella sp900548195
2300000,0.10186005314437556,0.0625,0.00841452612931798,0.008713746911171804,3.526315789473684,2.0,2.5208273715427465,/group/ctbrowngrp5/sourmash-db.new/gtdb-rs226/gtdb-rs226-k51.dna.rocksdb,GCF_002251345.1 Prevotella sp. P4-119,5e07594a2f6724d3eaf956fa9b02a7a1,0.756578947368421,190000,7,17920000,outputs.mapping/bams.cds.rand/SRR7182028.x.s__Prevotella sp002251295.fastq.gz,SRR7182028.x.s__Prevotella sp002251295,bc49b5b3,22580000,51,DNA,10000,2258,True,0.9562007853313278,0.994545354575082,0.9753730699532048,0.994545354575082,False,67,3969,7689,d__Bacteria;p__Bacteroidota;c__Bacteroidia;o__Bacteroidales;f__Bacteroidaceae;g__Prevotella;s__Prevotella sp002251295
230000,0.010186005314437556,0.06291390728476821,0.00841452612931798,0.007803355442840421,3.1578947368421053,3.0,1.598129100072524,/group/ctbrowngrp5/sourmash-db.new/gtdb-rs226/gtdb-rs226-k51.dna.rocksdb,GCA_963635295.1 bacterium,960410e321971d4c6430ce973736f86e,0.076158940397351,190000,8,17730000,outputs.mapping/bams.cds.rand/SRR7182028.x.s__Prevotella sp002251295.fastq.gz,SRR7182028.x.s__Prevotella sp002251295,bc49b5b3,22580000,51,DNA,10000,2258,True,0.9139895975769269,0.95076450257924,0.9323770500780835,0.95076450257924,False,60,4029,7689,d__Bacteria;p__Bacteroidota;c__Bacteroidia;o__Bacteroidales;f__Bacteroidaceae;g__Prevotella;s__Prevotella sp905193385
1490000,0.06598759964570416,0.047619047619047616,0.006643046944198406,0.009103914683313825,4.666666666666667,2.0,5.7232469416892675,/group/ctbrowngrp5/sourmash-db.new/gtdb-rs226/gtdb-rs226-k51.dna.rocksdb,GCA_902478025.1 uncultured Prevotella sp.,73bc3d5c58cafaf6447a91b81ed5a090,0.473015873015873,150000,9,17580000,outputs.mapping/bams.cds.rand/SRR7182028.x.s__Prevotella sp002251295.fastq.gz,SRR7182028.x.s__Prevotella sp002251295,bc49b5b3,22580000,51,DNA,10000,2258,True,0.9480957560760417,0.9854282628289814,0.9667620094525116,0.9854282628289814,False,70,4099,7689,d__Bacteria;p__Bacteroidota;c__Bacteroidia;o__Bacteroidales;f__Bacteroidaceae;g__Prevotella;s__Prevotella sp002251295
2200000,0.09743135518157661,0.052434456928838954,0.006200177147918512,0.005462348809988295,3.0,3.0,1.8516401995451028,/group/ctbrowngrp5/sourmash-db.new/gtdb-rs226/gtdb-rs226-k51.dna.rocksdb,GCA_900314235.1 uncultured Prevotellaceae bacterium,e804f376a4eca488d1437c123143a92e,0.8239700374531835,140000,10,17440000,outputs.mapping/bams.cds.rand/SRR7182028.x.s__Prevotella sp002251295.fastq.gz,SRR7182028.x.s__Prevotella sp002251295,bc49b5b3,22580000,51,DNA,10000,2258,True,0.9553677207823843,0.9962107051727672,0.9757892129775758,0.9962107051727672,False,42,4141,7689,d__Bacteria;p__Bacteroidota;c__Bacteroidia;o__Bacteroidales;f__Bacteroidaceae;g__Prevotella;s__Prevotella sp002251295
210000,0.009300265721877768,0.03571428571428571,0.006200177147918512,0.0074131876706984,4.071428571428571,2.0,4.165578089092381,/group/ctbrowngrp5/sourmash-db.new/gtdb-rs226/gtdb-rs226-k51.dna.rocksdb,GCF_002251365.1 Prevotella sp. P3-122,5ae49ef05423941dec413a8aae927173,0.05357142857142857,140000,11,17300000,outputs.mapping/bams.cds.rand/SRR7182028.x.s__Prevotella sp002251295.fastq.gz,SRR7182028.x.s__Prevotella sp002251295,bc49b5b3,22580000,51,DNA,10000,2258,True,0.9123607123684111,0.9442285377154541,0.9282946250419326,0.9442285377154541,False,57,4198,7689,d__Bacteria;p__Bacteroidota;c__Bacteroidia;o__Bacteroidales;f__Bacteroidaceae;g__Prevotella;s__Prevotella sp002251365
210000,0.009300265721877768,0.035422343324250684,0.005757307351638618,0.005722460658082976,3.3846153846153846,2.0,3.0518206807503647,/group/ctbrowngrp5/sourmash-db.new/gtdb-rs226/gtdb-rs226-k51.dna.rocksdb,GCA_019409265.1 Prevotella sp.,936ee25b1e0de50672aa9b827fa8d3d7,0.05722070844686648,130000,12,17170000,outputs.mapping/bams.cds.rand/SRR7182028.x.s__Prevotella sp002251295.fastq.gz,SRR7182028.x.s__Prevotella sp002251295,bc49b5b3,22580000,51,DNA,10000,2258,True,0.9123607123684111,0.9454494175616238,0.9289050649650175,0.9454494175616238,False,44,4242,7689,d__Bacteria;p__Bacteroidota;c__Bacteroidia;o__Bacteroidales;f__Bacteroidaceae;g__Prevotella;s__Prevotella sinensis
190000,0.00841452612931798,0.03076923076923077,0.005314437555358724,0.011574977240213292,7.416666666666667,3.0,11.600706396116095,/group/ctbrowngrp5/sourmash-db.new/gtdb-rs226/gtdb-rs226-k51.dna.rocksdb,GCF_002251435.1 Prevotella sp. P2-180,c5f49e122048abf7e20aaf9064685581,0.04871794871794872,120000,13,17050000,outputs.mapping/bams.cds.rand/SRR7182028.x.s__Prevotella sp002251295.fastq.gz,SRR7182028.x.s__Prevotella sp002251295,bc49b5b3,22580000,51,DNA,10000,2258,True,0.9105720324148476,0.9424719025109023,0.926521967462875,0.9424719025109023,False,89,4331,7689,d__Bacteria;p__Bacteroidota;c__Bacteroidia;o__Bacteroidales;f__Bacteroidaceae;g__Prevotella;s__Prevotella sp002251435
250000,0.011071744906997343,0.027989821882951654,0.00487156775907883,0.010794641695929249,7.545454545454546,6.0,6.787202347247305,/group/ctbrowngrp5/sourmash-db.new/gtdb-rs226/gtdb-rs226-k51.dna.rocksdb,GCA_003463005.1 Segatella copri,9bbe27b04688442e47ce8e4c2d42d6de,0.06361323155216285,110000,14,16940000,outputs.mapping/bams.cds.rand/SRR7182028.x.s__Prevotella sp002251295.fastq.gz,SRR7182028.x.s__Prevotella sp002251295,bc49b5b3,22580000,51,DNA,10000,2258,True,0.9154851320130756,0.9474147596059893,0.9314499458095324,0.9474147596059893,False,83,4414,7689,d__Bacteria;p__Bacteroidota;c__Bacteroidia;o__Bacteroidales;f__Bacteroidaceae;g__Prevotella;s__Prevotella copri_I
280000,0.012400354295837024,0.039568345323741004,0.00487156775907883,0.015996878657822865,11.181818181818182,8.0,9.925341137422677,/group/ctbrowngrp5/sourmash-db.new/gtdb-rs226/gtdb-rs226-k51.dna.rocksdb,GCA_034093855.1 Prevotella sp.,322898e40c38147ed94a54a2883571ab,0.10071942446043165,110000,15,16830000,outputs.mapping/bams.cds.rand/SRR7182028.x.s__Prevotella sp002251295.fastq.gz,SRR7182028.x.s__Prevotella sp002251295,bc49b5b3,22580000,51,DNA,10000,2258,True,0.91752172192912,0.9559896726118254,0.9367556972704727,0.9559896726118254,False,123,4537,7689,d__Bacteria;p__Bacteroidota;c__Bacteroidia;o__Bacteroidales;f__Bacteroidaceae;g__Prevotella;s__Prevotella sp022771625
100000,0.0044286979627989375,0.02976190476190476,0.0044286979627989375,0.0031213421771361686,2.4,1.5,2.1999999999999997,/group/ctbrowngrp5/sourmash-db.new/gtdb-rs226/gtdb-rs226-k51.dna.rocksdb,GCA_963558525.1 uncultured Prevotella sp.,32c601d6131bc6ccad67d0ede487bbac,0.02976190476190476,100000,16,16730000,outputs.mapping/bams.cds.rand/SRR7182028.x.s__Prevotella sp002251295.fastq.gz,SRR7182028.x.s__Prevotella sp002251295,bc49b5b3,22580000,51,DNA,10000,2258,True,0.8991839580671014,0.9334085589844816,0.9162962585257914,0.9334085589844816,False,24,4561,7689,d__Bacteria;p__Bacteroidota;c__Bacteroidia;o__Bacteroidales;f__Bacteroidaceae;g__Prevotella;s__Prevotella sp900543975
2200000,0.09743135518157661,0.030303030303030304,0.003985828166519044,0.004942125113798933,4.222222222222222,4.0,2.1487866228681907,/group/ctbrowngrp5/sourmash-db.new/gtdb-rs226/gtdb-rs226-k51.dna.rocksdb,GCF_002251405.1 Prevotella sp. P4-98,e3b5e9139714e20a6798faa3e2a2f2f0,0.7407407407407407,90000,17,16640000,outputs.mapping/bams.cds.rand/SRR7182028.x.s__Prevotella sp002251295.fastq.gz,SRR7182028.x.s__Prevotella sp002251295,bc49b5b3,22580000,51,DNA,10000,2258,True,0.9553677207823843,0.9941328754211496,0.9747502981017669,0.9941328754211496,False,38,4599,7689,d__Bacteria;p__Bacteroidota;c__Bacteroidia;o__Bacteroidales;f__Bacteroidaceae;g__Prevotella;s__Prevotella sp002251295
170000,0.007528786536758193,0.02710843373493976,0.003985828166519044,0.0023410066328521262,2.0,1.0,2.160246899469287,/group/ctbrowngrp5/sourmash-db.new/gtdb-rs226/gtdb-rs226-k51.dna.rocksdb,GCA_945831135.1 uncultured Prevotella sp.,6de0f2b0a500e5308925254b1e6a96e9,0.05120481927710843,90000,18,16550000,outputs.mapping/bams.cds.rand/SRR7182028.x.s__Prevotella sp002251295.fastq.gz,SRR7182028.x.s__Prevotella sp002251295,bc49b5b3,22580000,51,DNA,10000,2258,True,0.9085883345032814,0.9433923915997751,0.9259903630515283,0.9433923915997751,False,18,4617,7689,d__Bacteria;p__Bacteroidota;c__Bacteroidia;o__Bacteroidales;f__Bacteroidaceae;g__Prevotella;s__Prevotella sp945637645
2330000,0.10318866253321524,0.025889967637540454,0.00354295837023915,0.00377162179737287,3.625,2.0,3.1598061649411346,/group/ctbrowngrp5/sourmash-db.new/gtdb-rs226/gtdb-rs226-k51.dna.rocksdb,GCF_021531175.1 Xylanibacter brevis,edb583b5c0130283c6bc456e556e69b7,0.7540453074433657,80000,19,16470000,outputs.mapping/bams.cds.rand/SRR7182028.x.s__Prevotella sp002251295.fastq.gz,SRR7182028.x.s__Prevotella sp002251295,bc49b5b3,22580000,51,DNA,10000,2258,True,0.956443787660129,0.9944799423416207,0.9754618650008748,0.9944799423416207,False,29,4646,7689,d__Bacteria;p__Bacteroidota;c__Bacteroidia;o__Bacteroidales;f__Bacteroidaceae;g__Prevotella;s__Prevotella sp002251295
290000,0.012843224092116917,0.022222222222222223,0.00354295837023915,0.0024710625568994666,2.375,1.0,2.394655507583502,/group/ctbrowngrp5/sourmash-db.new/gtdb-rs226/gtdb-rs226-k51.dna.rocksdb,GCA_027682955.1 Segatella copri,e7bfb9feb4d6aa2ae1307c750d6f62a6,0.08055555555555556,80000,20,16390000,outputs.mapping/bams.cds.rand/SRR7182028.x.s__Prevotella sp002251295.fastq.gz,SRR7182028.x.s__Prevotella sp002251295,bc49b5b3,22580000,51,DNA,10000,2258,True,0.9181532538418937,0.9518113780641422,0.934982315953018,0.9518113780641422,False,19,4665,7689,d__Bacteria;p__Bacteroidota;c__Bacteroidia;o__Bacteroidales;f__Bacteroidaceae;g__Prevotella;s__Prevotella copri
80000,0.00354295837023915,0.02318840579710145,0.00354295837023915,0.0036415658733255298,3.5,2.0,3.570714214271425,/group/ctbrowngrp5/sourmash-db.new/gtdb-rs226/gtdb-rs226-k51.dna.rocksdb,GCA_945865175.1 uncultured Prevotellaceae bacterium,86ece979011842a6be4e2fbe70132a49,0.02318840579710145,80000,21,16310000,outputs.mapping/bams.cds.rand/SRR7182028.x.s__Prevotella sp002251295.fastq.gz,SRR7182028.x.s__Prevotella sp002251295,bc49b5b3,22580000,51,DNA,10000,2258,True,0.8952582955347084,0.9288519305353092,0.9120551130350087,0.9288519305353092,False,28,4693,7689,d__Bacteria;p__Bacteroidota;c__Bacteroidia;o__Bacteroidales;f__Bacteroidaceae;g__Physcousia;s__Physcousia sp945865175
80000,0.00354295837023915,0.02973977695167286,0.00354295837023915,0.001040447392378723,1.0,1.0,0.0,/group/ctbrowngrp5/sourmash-db.new/gtdb-rs226/gtdb-rs226-k51.dna.rocksdb,GCA_934675105.1 uncultured Muribaculaceae bacterium,06e5f08deca91ecc333696134fba04f1,0.02973977695167286,80000,22,16230000,outputs.mapping/bams.cds.rand/SRR7182028.x.s__Prevotella sp002251295.fastq.gz,SRR7182028.x.s__Prevotella sp002251295,bc49b5b3,22580000,51,DNA,10000,2258,True,0.8952582955347084,0.9333949464921089,0.9143266210134087,0.9333949464921089,False,8,4701,7689,d__Bacteria;p__Bacteroidota;c__Bacteroidia;o__Bacteroidales;f__Muribaculaceae;g__Sodaliphilus;s__Sodaliphilus sp004557565
340000,0.015057573073516387,0.03007518796992481,0.00354295837023915,0.0036415658733255298,3.5,3.0,2.598076211353316,/group/ctbrowngrp5/sourmash-db.new/gtdb-rs226/gtdb-rs226-k51.dna.rocksdb,GCF_959026275.1 uncultured Prevotella sp.,e156dde5754428b440de7223f819ff8c,0.12781954887218044,80000,23,16150000,outputs.mapping/bams.cds.rand/SRR7182028.x.s__Prevotella sp002251295.fastq.gz,SRR7182028.x.s__Prevotella sp002251295,bc49b5b3,22580000,51,DNA,10000,2258,True,0.9210213667069791,0.9604666721940779,0.9407440194505285,0.9604666721940779,False,28,4729,7689,d__Bacteria;p__Bacteroidota;c__Bacteroidia;o__Bacteroidales;f__Bacteroidaceae;g__Prevotella;s__Prevotella pectinovora
1900000,0.0841452612931798,0.031818181818181815,0.003100088573959256,0.002080894784757446,2.2857142857142856,3.0,0.880630571852711,/group/ctbrowngrp5/sourmash-db.new/gtdb-rs226/gtdb-rs226-k51.dna.rocksdb,GCA_945878185.1 uncultured Prevotella sp.,098075f86217ce7a4b2940e2e58ed845,0.8636363636363636,70000,24,16080000,outputs.mapping/bams.cds.rand/SRR7182028.x.s__Prevotella sp002251295.fastq.gz,SRR7182028.x.s__Prevotella sp002251295,bc49b5b3,22580000,51,DNA,10000,2258,True,0.9526253852386302,0.997129549717769,0.9748774674781996,0.997129549717769,False,16,4745,7689,d__Bacteria;p__Bacteroidota;c__Bacteroidia;o__Bacteroidales;f__Bacteroidaceae;g__Prevotella;s__Prevotella sp002251295
200000,0.008857395925597875,0.015306122448979591,0.002657218777679362,0.008323579139029784,10.666666666666666,10.5,6.574360974438674,/group/ctbrowngrp5/sourmash-db.new/gtdb-rs226/gtdb-rs226-k51.dna.rocksdb,GCA_034116325.1 Prevotella sp.,e4dc07bb9206f79f367a8777c6d769f4,0.05102040816326531,60000,25,16020000,outputs.mapping/bams.cds.rand/SRR7182028.x.s__Prevotella sp002251295.fastq.gz,SRR7182028.x.s__Prevotella sp002251295,bc49b5b3,22580000,51,DNA,10000,2258,True,0.9114883017210494,0.9433256546576038,0.9274069781893266,0.9433256546576038,False,64,4809,7689,d__Bacteria;p__Bacteroidota;c__Bacteroidia;o__Bacteroidales;f__Bacteroidaceae;g__Prevotella;s__Prevotella sp022764085
250000,0.011071744906997343,0.01634877384196185,0.002657218777679362,0.0039016777214202106,5.0,2.5,6.3508529610858835,/group/ctbrowngrp5/sourmash-db.new/gtdb-rs226/gtdb-rs226-k51.dna.rocksdb,GCF_026015265.1 Segatella copri,619acd031784d0ee3b8122d1092eae72,0.0681198910081744,60000,26,15960000,outputs.mapping/bams.cds.rand/SRR7182028.x.s__Prevotella sp002251295.fastq.gz,SRR7182028.x.s__Prevotella sp002251295,bc49b5b3,22580000,51,DNA,10000,2258,True,0.9154851320130756,0.9486871509418763,0.9320861414774759,0.9486871509418763,False,30,4839,7689,d__Bacteria;p__Bacteroidota;c__Bacteroidia;o__Bacteroidales;f__Bacteroidaceae;g__Prevotella;s__Prevotella copri_C
90000,0.003985828166519044,0.018018018018018018,0.002657218777679362,0.006762908050461699,8.666666666666666,3.5,8.825468196582484,/group/ctbrowngrp5/sourmash-db.new/gtdb-rs226/gtdb-rs226-k51.dna.rocksdb,GCA_021531755.1 Hoylesella loescheii,7e25ba414832a9076446d9998e872a21,0.02702702702702703,60000,27,15900000,outputs.mapping/bams.cds.rand/SRR7182028.x.s__Prevotella sp002251295.fastq.gz,SRR7182028.x.s__Prevotella sp002251295,bc49b5b3,22580000,51,DNA,10000,2258,True,0.8973282582026691,0.9316460491565735,0.9144871536796213,0.9316460491565735,False,52,4891,7689,d__Bacteria;p__Bacteroidota;c__Bacteroidia;o__Bacteroidales;f__Bacteroidaceae;g__Prevotella;s__Prevotella sp004556065
220000,0.00974313551815766,0.017341040462427744,0.002657218777679362,0.0015606710885680843,2.0,2.0,1.0,/group/ctbrowngrp5/sourmash-db.new/gtdb-rs226/gtdb-rs226-k51.dna.rocksdb,GCF_021531355.1 Leyella stercorea,54ca2f53dc3b2581e6ad7338841f2186,0.06358381502890173,60000,28,15840000,outputs.mapping/bams.cds.rand/SRR7182028.x.s__Prevotella sp002251295.fastq.gz,SRR7182028.x.s__Prevotella sp002251295,bc49b5b3,22580000,51,DNA,10000,2258,True,0.9131933084046893,0.9474061672488734,0.9302997378267813,0.9474061672488734,False,12,4903,7689,d__Bacteria;p__Bacteroidota;c__Bacteroidia;o__Bacteroidales;f__Bacteroidaceae;g__Prevotella;s__Prevotella sp900552515
140000,0.006200177147918512,0.019169329073482427,0.002657218777679362,0.0031213421771361686,4.0,2.5,4.163331998932265,/group/ctbrowngrp5/sourmash-db.new/gtdb-rs226/gtdb-rs226-k51.dna.rocksdb,GCA_021153355.1 Prevotellaceae bacterium,c747dee20708c7538abac743129762fb,0.04472843450479233,60000,29,15780000,outputs.mapping/bams.cds.rand/SRR7182028.x.s__Prevotella sp002251295.fastq.gz,SRR7182028.x.s__Prevotella sp002251295,bc49b5b3,22580000,51,DNA,10000,2258,True,0.9051359320563793,0.940894341749106,0.9230151369027426,0.940894341749106,False,24,4927,7689,d__Bacteria;p__Bacteroidota;c__Bacteroidia;o__Bacteroidales;f__Bacteroidaceae;g__Prevotella;s__Prevotella sp900548195
1230000,0.05447298494242692,0.017482517482517484,0.0022143489813994687,0.00377162179737287,5.8,3.0,6.241794613730893,/group/ctbrowngrp5/sourmash-db.new/gtdb-rs226/gtdb-rs226-k51.dna.rocksdb,GCA_963597995.1 Coprococcus comes,541e3d9b1f516a2f482dfc6daaad29e4,0.43006993006993005,50000,30,15730000,outputs.mapping/bams.cds.rand/SRR7182028.x.s__Prevotella sp002251295.fastq.gz,SRR7182028.x.s__Prevotella sp002251295,bc49b5b3,22580000,51,DNA,10000,2258,True,0.9445375734153668,0.9835908765775362,0.9640642249964515,0.9835908765775362,False,29,4956,7689,d__Bacteria;p__Bacteroidota;c__Bacteroidia;o__Bacteroidales;f__Bacteroidaceae;g__Prevotella;s__Prevotella sp002251295
240000,0.010628875110717449,0.014619883040935672,0.0022143489813994687,0.0074131876706984,11.4,2.0,19.31424344881259,/group/ctbrowngrp5/sourmash-db.new/gtdb-rs226/gtdb-rs226-k51.dna.rocksdb,GCA_034114445.1 Prevotella sp.,b5b49d68a615afcf9d6852954d51be84,0.07017543859649122,50000,31,15680000,outputs.mapping/bams.cds.rand/SRR7182028.x.s__Prevotella sp002251295.fastq.gz,SRR7182028.x.s__Prevotella sp002251295,bc49b5b3,22580000,51,DNA,10000,2258,True,0.914752642283624,0.9492403245239865,0.9319964834038053,0.9492403245239865,False,57,5013,7689,d__Bacteria;p__Bacteroidota;c__Bacteroidia;o__Bacteroidales;f__Bacteroidaceae;g__Prevotella;s__Prevotella sp022771625
60000,0.002657218777679362,0.02702702702702703,0.0022143489813994687,0.00351150994927819,5.4,2.0,6.3118935352238,/group/ctbrowngrp5/sourmash-db.new/gtdb-rs226/gtdb-rs226-k51.dna.rocksdb,GCA_945831455.1 uncultured Prevotella sp.,f9e2608e706c796a7267cf39fde2cf08,0.032432432432432434,50000,32,15630000,outputs.mapping/bams.cds.rand/SRR7182028.x.s__Prevotella sp002251295.fastq.gz,SRR7182028.x.s__Prevotella sp002251295,bc49b5b3,22580000,51,DNA,10000,2258,True,0.8902225165311946,0.9349825812683754,0.912602548899785,0.9349825812683754,True,27,5040,7689,d__Bacteria;p__Bacteroidota;c__Bacteroidia;o__Bacteroidales;f__Bacteroidaceae;g__Prevotella;s__Prevotella sp002299275
50000,0.0022143489813994687,0.01968503937007874,0.0022143489813994687,0.003251398101183509,5.0,2.0,6.0332412515993425,/group/ctbrowngrp5/sourmash-db.new/gtdb-rs226/gtdb-rs226-k51.dna.rocksdb,GCA_030540445.1 Bacteroidales bacterium,ccb95ba6bd0d0ec82e0c175a75f875ed,0.01968503937007874,50000,33,15580000,outputs.mapping/bams.cds.rand/SRR7182028.x.s__Prevotella sp002251295.fastq.gz,SRR7182028.x.s__Prevotella sp002251295,bc49b5b3,22580000,51,DNA,10000,2258,True,0.8870457129494358,0.9258735806982249,0.9064596468238304,0.9258735806982249,True,25,5065,7689,d__Bacteria;p__Bacteroidota;c__Bacteroidia;o__Bacteroidales;f__Muribaculaceae;g__CALZFJ01;s__CALZFJ01 sp945645715
90000,0.003985828166519044,0.01488095238095238,0.0022143489813994687,0.0016907270126154247,2.6,2.0,1.624807680927192,/group/ctbrowngrp5/sourmash-db.new/gtdb-rs226/gtdb-rs226-k51.dna.rocksdb,GCA_021531385.1 Parabacteroides distasonis,d3e199d1efb1024fa13bd8312ed706fa,0.026785714285714284,50000,34,15530000,outputs.mapping/bams.cds.rand/SRR7182028.x.s__Prevotella sp002251295.fastq.gz,SRR7182028.x.s__Prevotella sp002251295,bc49b5b3,22580000,51,DNA,10000,2258,True,0.8973282582026691,0.9314822277584545,0.9144052429805618,0.9314822277584545,False,13,5078,7689,d__Bacteria;p__Bacteroidota;c__Bacteroidia;o__Bacteroidales;f__Tannerellaceae;g__Parabacteroides;s__Parabacteroides distasonis_C
2190000,0.09698848538529672,0.013422818791946308,0.001771479185119575,0.0013005592404734035,2.5,1.5,2.0615528128088303,/group/ctbrowngrp5/sourmash-db.new/gtdb-rs226/gtdb-rs226-k51.dna.rocksdb,GCA_021531195.1 Xylanibacter brevis,0dfb71efc6b6aab26f5e21fb08385525,0.7348993288590604,40000,35,15490000,outputs.mapping/bams.cds.rand/SRR7182028.x.s__Prevotella sp002251295.fastq.gz,SRR7182028.x.s__Prevotella sp002251295,bc49b5b3,22580000,51,DNA,10000,2258,True,0.9552823818478154,0.9939785596885542,0.9746304707681848,0.9939785596885542,False,10,5088,7689,d__Bacteria;p__Bacteroidota;c__Bacteroidia;o__Bacteroidales;f__Bacteroidaceae;g__Prevotella;s__Prevotella sp002251295
330000,0.014614703277236492,0.011204481792717087,0.001771479185119575,0.0024710625568994666,4.75,3.5,3.897114317029974,/group/ctbrowngrp5/sourmash-db.new/gtdb-rs226/gtdb-rs226-k51.dna.rocksdb,GCF_036938235.1 Segatella copri,325bb3d595b9ee96ec4edc2aed5c772c,0.09243697478991597,40000,36,15450000,outputs.mapping/bams.cds.rand/SRR7182028.x.s__Prevotella sp002251295.fastq.gz,SRR7182028.x.s__Prevotella sp002251295,bc49b5b3,22580000,51,DNA,10000,2258,True,0.9204824025638972,0.9543824953006629,0.9374324489322801,0.9543824953006629,False,19,5107,7689,d__Bacteria;p__Bacteroidota;c__Bacteroidia;o__Bacteroidales;f__Bacteroidaceae;g__Prevotella;s__Prevotella copri
160000,0.0070859167404783,0.012269938650306749,0.001771479185119575,0.0019508388607101053,3.75,2.5,2.48746859276655,/group/ctbrowngrp5/sourmash-db.new/gtdb-rs226/gtdb-rs226-k51.dna.rocksdb,GCA_004553185.1 Bacteroidales bacterium,a0fc8596b30503fcde751b93e4aac32e,0.049079754601226995,40000,37,15410000,outputs.mapping/bams.cds.rand/SRR7182028.x.s__Prevotella sp002251295.fastq.gz,SRR7182028.x.s__Prevotella sp002251295,bc49b5b3,22580000,51,DNA,10000,2258,True,0.9075089208138627,0.9426086466386668,0.9250587837262647,0.9426086466386668,False,15,5122,7689,d__Bacteria;p__Bacteroidota;c__Bacteroidia;o__Bacteroidales;f__Bacteroidaceae;g__Prevotella;s__Prevotella sp002251365
110000,0.00487156775907883,0.014925373134328358,0.001771479185119575,0.0023410066328521262,4.5,1.5,5.5,/group/ctbrowngrp5/sourmash-db.new/gtdb-rs226/gtdb-rs226-k51.dna.rocksdb,GCA_022780235.1 Prevotella sp.,ef532976629cbe61f487881b32ce5a88,0.041044776119402986,40000,38,15370000,outputs.mapping/bams.cds.rand/SRR7182028.x.s__Prevotella sp002251295.fastq.gz,SRR7182028.x.s__Prevotella sp002251295,bc49b5b3,22580000,51,DNA,10000,2258,True,0.9008659485604861,0.9393100699642537,0.9200880092623699,0.9393100699642537,False,18,5140,7689,d__Bacteria;p__Bacteroidota;c__Bacteroidia;o__Bacteroidales;f__Bacteroidaceae;g__Prevotella;s__Prevotella sp002251435
110000,0.00487156775907883,0.01606425702811245,0.001771479185119575,0.0019508388607101053,3.75,2.5,2.48746859276655,/group/ctbrowngrp5/sourmash-db.new/gtdb-rs226/gtdb-rs226-k51.dna.rocksdb,GCA_034119085.1 Prevotella sp.,61dacafd28009b2945a52aa33d2b299b,0.04417670682730924,40000,39,15330000,outputs.mapping/bams.cds.rand/SRR7182028.x.s__Prevotella sp002251295.fastq.gz,SRR7182028.x.s__Prevotella sp002251295,bc49b5b3,22580000,51,DNA,10000,2258,True,0.9008659485604861,0.9406653861333112,0.9207656673468987,0.9406653861333112,False,15,5155,7689,d__Bacteria;p__Bacteroidota;c__Bacteroidia;o__Bacteroidales;f__Bacteroidaceae;g__Prevotella;s__Prevotella sp900543975
260000,0.011514614703277236,0.013289036544850499,0.001771479185119575,0.004942125113798933,9.5,7.5,6.34428877022476,/group/ctbrowngrp5/sourmash-db.new/gtdb-rs226/gtdb-rs226-k51.dna.rocksdb,GCA_022771625.1 Prevotella sp.,f94923f2da488c81c7acffe33fea799e,0.08637873754152824,40000,40,15290000,outputs.mapping/bams.cds.rand/SRR7182028.x.s__Prevotella sp002251295.fastq.gz,SRR7182028.x.s__Prevotella sp002251295,bc49b5b3,22580000,51,DNA,10000,2258,True,0.9161894416160353,0.9531148418306016,0.9346521417233185,0.9531148418306016,False,38,5193,7689,d__Bacteria;p__Bacteroidota;c__Bacteroidia;o__Bacteroidales;f__Bacteroidaceae;g__Prevotella;s__Prevotella sp022771625
60000,0.002657218777679362,0.010230179028132993,0.001771479185119575,0.001430615164520744,2.75,2.0,1.299038105676658,/group/ctbrowngrp5/sourmash-db.new/gtdb-rs226/gtdb-rs226-k51.dna.rocksdb,GCA_022721995.1 Prevotella sp.,e01bff5aeceed8d7e73e2d19589c3a38,0.015345268542199489,40000,41,15250000,outputs.mapping/bams.cds.rand/SRR7182028.x.s__Prevotella sp002251295.fastq.gz,SRR7182028.x.s__Prevotella sp002251295,bc49b5b3,22580000,51,DNA,10000,2258,True,0.8902225165311946,0.9213632216933203,0.9057928691122574,0.9213632216933203,True,11,5204,7689,d__Bacteria;p__Bacteroidota;c__Bacteroidia;o__Bacteroidales;f__Bacteroidaceae;g__Prevotella;s__Prevotella hominis
110000,0.00487156775907883,0.0149812734082397,0.001771479185119575,0.001430615164520744,2.75,1.5,2.48746859276655,/group/ctbrowngrp5/sourmash-db.new/gtdb-rs226/gtdb-rs226-k51.dna.rocksdb,GCA_034118985.1 Prevotella sp.,d9c8e40686e895146f7e1a16b42d38e7,0.04119850187265917,40000,42,15210000,outputs.mapping/bams.cds.rand/SRR7182028.x.s__Prevotella sp002251295.fastq.gz,SRR7182028.x.s__Prevotella sp002251295,bc49b5b3,22580000,51,DNA,10000,2258,True,0.9008659485604861,0.9393789243231081,0.920122436441797,0.9393789243231081,False,11,5215,7689,d__Bacteria;p__Bacteroidota;c__Bacteroidia;o__Bacteroidales;f__Bacteroidaceae;g__Prevotella;s__Prevotella sp002251365
80000,0.00354295837023915,0.016194331983805668,0.001771479185119575,0.001040447392378723,2.0,2.0,1.0,/group/ctbrowngrp5/sourmash-db.new/gtdb-rs226/gtdb-rs226-k51.dna.rocksdb,GCA_034087245.1 Sodaliphilus sp.,27ac943e5ca1b9a7dabaa34dd4bf290e,0.032388663967611336,40000,43,15170000,outputs.mapping/bams.cds.rand/SRR7182028.x.s__Prevotella sp002251295.fastq.gz,SRR7182028.x.s__Prevotella sp002251295,bc49b5b3,22580000,51,DNA,10000,2258,True,0.8952582955347084,0.9349578240072595,0.915108059770984,0.9349578240072595,False,8,5223,7689,d__Bacteria;p__Bacteroidota;c__Bacteroidia;o__Bacteroidales;f__Muribaculaceae;g__Sodaliphilus;s__Sodaliphilus sp004557565
50000,0.0022143489813994687,0.016129032258064516,0.001771479185119575,0.0005202236961893615,1.0,1.0,0.0,/group/ctbrowngrp5/sourmash-db.new/gtdb-rs226/gtdb-rs226-k51.dna.rocksdb,GCA_946408905.1 uncultured Bacteroidales bacterium,52e37738527b250906a675fb889e909b,0.020161290322580645,40000,44,15130000,outputs.mapping/bams.cds.rand/SRR7182028.x.s__Prevotella sp002251295.fastq.gz,SRR7182028.x.s__Prevotella sp002251295,bc49b5b3,22580000,51,DNA,10000,2258,True,0.8870457129494358,0.9263076724311715,0.9066766926903036,0.9263076724311715,True,4,5227,7689,d__Bacteria;p__Bacteroidota;c__Bacteroidia;o__Bacteroidales;f__Bacteroidaceae;g__Alloprevotella;s__Alloprevotella sp004552155
2080000,0.09211691762621789,0.016877637130801686,0.001771479185119575,0.0027311744049941474,5.25,1.0,7.361215932167728,/group/ctbrowngrp5/sourmash-db.new/gtdb-rs226/gtdb-rs226-k51.dna.rocksdb,GCA_945939635.1 uncultured Prevotella sp.,d55ea84e10bd40945ba02335f3e4d5ea,0.8776371308016878,40000,45,15090000,outputs.mapping/bams.cds.rand/SRR7182028.x.s__Prevotella sp002251295.fastq.gz,SRR7182028.x.s__Prevotella sp002251295,bc49b5b3,22580000,51,DNA,10000,2258,True,0.9543175911762807,0.9974440159973849,0.9758808035868327,0.9974440159973849,False,21,5248,7689,d__Bacteria;p__Bacteroidota;c__Bacteroidia;o__Bacteroidales;f__Bacteroidaceae;g__Prevotella;s__Prevotella sp002251295
2110000,0.09344552701505757,0.015503875968992248,0.001771479185119575,0.0019508388607101053,3.75,1.0,4.763139720814412,/group/ctbrowngrp5/sourmash-db.new/gtdb-rs226/gtdb-rs226-k51.dna.rocksdb,GCA_036309865.1 Prevotella sp.,506c6438f3a35768262426ef1b601daf,0.8178294573643411,40000,46,15050000,outputs.mapping/bams.cds.rand/SRR7182028.x.s__Prevotella sp002251295.fastq.gz,SRR7182028.x.s__Prevotella sp002251295,bc49b5b3,22580000,51,DNA,10000,2258,True,0.9545855872153568,0.9960645983549511,0.975325092785154,0.9960645983549511,False,15,5263,7689,d__Bacteria;p__Bacteroidota;c__Bacteroidia;o__Bacteroidales;f__Bacteroidaceae;g__Prevotella;s__Prevotella sp002251295
90000,0.003985828166519044,0.010067114093959731,0.001328609388839681,0.0003901677721420211,1.0,1.0,0.0,/group/ctbrowngrp5/sourmash-db.new/gtdb-rs226/gtdb-rs226-k51.dna.rocksdb,GCA_019409775.1 bacterium,149f926f7747a8629bfb307a5a84e10d,0.030201342281879196,30000,47,15020000,outputs.mapping/bams.cds.rand/SRR7182028.x.s__Prevotella sp002251295.fastq.gz,SRR7182028.x.s__Prevotella sp002251295,bc49b5b3,22580000,51,DNA,10000,2258,True,0.8973282582026691,0.9336768547231716,0.9155025564629204,0.9336768547231716,False,3,5266,7689,d__Bacteria;p__Bacteroidota;c__Bacteroidia;o__Bacteroidales;f__Bacteroidaceae;g__Prevotella;s__Prevotella sp900546535
170000,0.007528786536758193,0.009230769230769232,0.001328609388839681,0.0003901677721420211,1.0,1.0,0.0,/group/ctbrowngrp5/sourmash-db.new/gtdb-rs226/gtdb-rs226-k51.dna.rocksdb,GCA_034115605.1 Prevotella sp.,71e2ebfa22d8805797cfd978fe98c329,0.052307692307692305,30000,48,14990000,outputs.mapping/bams.cds.rand/SRR7182028.x.s__Prevotella sp002251295.fastq.gz,SRR7182028.x.s__Prevotella sp002251295,bc49b5b3,22580000,51,DNA,10000,2258,True,0.9085883345032814,0.9437866600532713,0.9261874972782763,0.9437866600532713,False,3,5269,7689,d__Bacteria;p__Bacteroidota;c__Bacteroidia;o__Bacteroidales;f__Bacteroidaceae;g__Prevotella;s__Prevotella sp900548195
30000,0.001328609388839681,0.015,0.001328609388839681,0.0015606710885680843,4.0,2.0,3.559026084010437,/group/ctbrowngrp5/sourmash-db.new/gtdb-rs226/gtdb-rs226-k51.dna.rocksdb,GCA_004551965.1 Bacteroidales bacterium,ba34461ad72649a5157c2bbf5cb4ef6c,0.015,30000,49,14960000,outputs.mapping/bams.cds.rand/SRR7182028.x.s__Prevotella sp002251295.fastq.gz,SRR7182028.x.s__Prevotella sp002251295,bc49b5b3,22580000,51,DNA,10000,2258,True,0.878205243516061,0.9209521869155373,0.8995787152157991,0.9209521869155373,True,12,5281,7689,d__Bacteria;p__Bacteroidota;c__Bacteroidia;o__Bacteroidales;f__UBA932;g__Cryptobacteroides;s__Cryptobacteroides sp004552965
60000,0.002657218777679362,0.01282051282051282,0.001328609388839681,0.001040447392378723,2.6666666666666665,2.0,0.9428090415820634,/group/ctbrowngrp5/sourmash-db.new/gtdb-rs226/gtdb-rs226-k51.dna.rocksdb,GCA_037421985.1 Prevotella sp.,04c718c1e2a5551738d29b8090ead323,0.02564102564102564,30000,50,14930000,outputs.mapping/bams.cds.rand/SRR7182028.x.s__Prevotella sp002251295.fastq.gz,SRR7182028.x.s__Prevotella sp002251295,bc49b5b3,22580000,51,DNA,10000,2258,True,0.8902225165311946,0.9306848722547763,0.9104536943929854,0.9306848722547763,True,8,5289,7689,d__Bacteria;p__Bacteroidota;c__Bacteroidia;o__Bacteroidales;f__Bacteroidaceae;g__Prevotella;s__Prevotella sp900552515
70000,0.003100088573959256,0.009523809523809525,0.001328609388839681,0.0011705033164260631,3.0,1.0,2.8284271247461903,/group/ctbrowngrp5/sourmash-db.new/gtdb-rs226/gtdb-rs226-k51.dna.rocksdb,GCA_963602675.1 bacterium,c52e94ee1cdb20b761604b3f5594c769,0.022222222222222223,30000,51,14900000,outputs.mapping/bams.cds.rand/SRR7182028.x.s__Prevotella sp002251295.fastq.gz,SRR7182028.x.s__Prevotella sp002251295,bc49b5b3,22580000,51,DNA,10000,2258,True,0.8929173401769998,0.9280771248488988,0.9104972325129492,0.9280771248488988,False,9,5298,7689,d__Bacteria;p__Bacteroidota;c__Bacteroidia;o__Bacteroidales;f__Bacteroidaceae;g__Prevotella;s__Prevotella sp000434975
30000,0.001328609388839681,0.012096774193548387,0.001328609388839681,0.0003901677721420211,1.0,1.0,0.0,/group/ctbrowngrp5/sourmash-db.new/gtdb-rs226/gtdb-rs226-k51.dna.rocksdb,GCA_945899915.1 uncultured bacterium,60341614869a77d41dc61cd1d7f60aa3,0.012096774193548387,30000,52,14870000,outputs.mapping/bams.cds.rand/SRR7182028.x.s__Prevotella sp002251295.fastq.gz,SRR7182028.x.s__Prevotella sp002251295,bc49b5b3,22580000,51,DNA,10000,2258,True,0.878205243516061,0.9170759107029064,0.8976405771094838,0.9170759107029064,True,3,5301,7689,d__Bacteria;p__Bacteroidota;c__Bacteroidia;o__Bacteroidales;f__Muribaculaceae;g__SFRY01;s__SFRY01 sp004562065
1910000,0.0845881310894597,0.013636363636363636,0.001328609388839681,0.0006502796202367018,1.6666666666666667,1.0,0.9428090415820634,/group/ctbrowngrp5/sourmash-db.new/gtdb-rs226/gtdb-rs226-k51.dna.rocksdb,GCA_946062005.1 uncultured Prevotella sp.,497c7330b6bc71cc7b8c6100f00bd4e1,0.8681818181818182,30000,53,14840000,outputs.mapping/bams.cds.rand/SRR7182028.x.s__Prevotella sp002251295.fastq.gz,SRR7182028.x.s__Prevotella sp002251295,bc49b5b3,22580000,51,DNA,10000,2258,True,0.9527234426315312,0.9972321880953989,0.9749778153634651,0.9972321880953989,False,5,5306,7689,d__Bacteria;p__Bacteroidota;c__Bacteroidia;o__Bacteroidales;f__Bacteroidaceae;g__Prevotella;s__Prevotella sp002251295
40000,0.001771479185119575,0.012711864406779662,0.001328609388839681,0.0005202236961893615,1.3333333333333333,1.0,0.4714045207910317,/group/ctbrowngrp5/sourmash-db.new/gtdb-rs226/gtdb-rs226-k51.dna.rocksdb,GCA_028721035.1 Prevotellaceae bacterium,bac5a57c09fce94ad436e47d34b8a90f,0.01694915254237288,30000,54,14810000,outputs.mapping/bams.cds.rand/SRR7182028.x.s__Prevotella sp002251295.fastq.gz,SRR7182028.x.s__Prevotella sp002251295,bc49b5b3,22580000,51,DNA,10000,2258,True,0.8831730436378847,0.9231609205173658,0.9031669820776252,0.9231609205173658,True,4,5310,7689,d__Bacteria;p__Bacteroidota;c__Bacteroidia;o__Bacteroidales;f__Bacteroidaceae;g__Prevotella;s__Prevotella sp022782305
220000,0.00974313551815766,0.007425742574257425,0.001328609388839681,0.001430615164520744,3.6666666666666665,3.0,2.494438257849294,/group/ctbrowngrp5/sourmash-db.new/gtdb-rs226/gtdb-rs226-k51.dna.rocksdb,GCA_958351835.1 Segatella copri,da2b5b33058662d70463cd705ca856b7,0.054455445544554455,30000,55,14780000,outputs.mapping/bams.cds.rand/SRR7182028.x.s__Prevotella sp002251295.fastq.gz,SRR7182028.x.s__Prevotella sp002251295,bc49b5b3,22580000,51,DNA,10000,2258,True,0.9131933084046893,0.9445316092301114,0.9288624588174004,0.9445316092301114,False,11,5321,7689,d__Bacteria;p__Bacteroidota;c__Bacteroidia;o__Bacteroidales;f__Bacteroidaceae;g__Prevotella;s__Prevotella copri_B
50000,0.0022143489813994687,0.01020408163265306,0.001328609388839681,0.0007803355442840422,2.0,1.0,1.4142135623730951,/group/ctbrowngrp5/sourmash-db.new/gtdb-rs226/gtdb-rs226-k51.dna.rocksdb,GCA_949288215.1 uncultured Prevotellaceae bacterium,3e4f5dc5f4c2b8bd15ed73d4ce0020c5,0.017006802721088437,30000,56,14750000,outputs.mapping/bams.cds.rand/SRR7182028.x.s__Prevotella sp002251295.fastq.gz,SRR7182028.x.s__Prevotella sp002251295,bc49b5b3,22580000,51,DNA,10000,2258,True,0.8870457129494358,0.9232223867805799,0.9051340498650078,0.9232223867805799,True,6,5327,7689,d__Bacteria;p__Bacteroidota;c__Bacteroidia;o__Bacteroidales;f__Bacteroidaceae;g__Prevotella;s__Prevotella sp944320195
70000,0.003100088573959256,0.008450704225352112,0.001328609388839681,0.0005202236961893615,1.3333333333333333,1.0,0.4714045207910317,/group/ctbrowngrp5/sourmash-db.new/gtdb-rs226/gtdb-rs226-k51.dna.rocksdb,GCA_022775105.1 Prevotella sp.,d142cef95775a625232b6647ba123562,0.01971830985915493,30000,57,14720000,outputs.mapping/bams.cds.rand/SRR7182028.x.s__Prevotella sp002251295.fastq.gz,SRR7182028.x.s__Prevotella sp002251295,bc49b5b3,22580000,51,DNA,10000,2258,True,0.8929173401769998,0.9259042387710941,0.9094107894740469,0.9259042387710941,False,4,5331,7689,d__Bacteria;p__Bacteroidota;c__Bacteroidia;o__Bacteroidales;f__Bacteroidaceae;g__Prevotella;s__Prevotella sp022775105
230000,0.010186005314437556,0.007177033492822967,0.001328609388839681,0.0015606710885680843,4.0,2.0,2.8284271247461903,/group/ctbrowngrp5/sourmash-db.new/gtdb-rs226/gtdb-rs226-k51.dna.rocksdb,GCF_009494595.1 Segatella copri,95d9f8e349d8f334c5e034964bdd03fe,0.05502392344497608,30000,58,14690000,outputs.mapping/bams.cds.rand/SRR7182028.x.s__Prevotella sp002251295.fastq.gz,SRR7182028.x.s__Prevotella sp002251295,bc49b5b3,22580000,51,DNA,10000,2258,True,0.9139895975769269,0.9447239652306191,0.929356781403773,0.9447239652306191,False,12,5343,7689,d__Bacteria;p__Bacteroidota;c__Bacteroidia;o__Bacteroidales;f__Bacteroidaceae;g__Prevotella;s__Prevotella copri_K
110000,0.00487156775907883,0.008771929824561403,0.001328609388839681,0.0027311744049941474,7.0,4.0,6.48074069840786,/group/ctbrowngrp5/sourmash-db.new/gtdb-rs226/gtdb-rs226-k51.dna.rocksdb,GCA_945615845.1 uncultured Prevotella sp.,b998c02fc4400a4a29f7377a46583476,0.03216374269005848,30000,59,14660000,outputs.mapping/bams.cds.rand/SRR7182028.x.s__Prevotella sp002251295.fastq.gz,SRR7182028.x.s__Prevotella sp002251295,bc49b5b3,22580000,51,DNA,10000,2258,True,0.9008659485604861,0.9348300795604857,0.9178480140604859,0.9348300795604857,False,21,5364,7689,d__Bacteria;p__Bacteroidota;c__Bacteroidia;o__Bacteroidales;f__Bacteroidaceae;g__Prevotella;s__Prevotella sp002251245
2060000,0.0912311780336581,0.01090909090909091,0.001328609388839681,0.0005202236961893615,1.3333333333333333,1.0,0.4714045207910317,/group/ctbrowngrp5/sourmash-db.new/gtdb-rs226/gtdb-rs226-k51.dna.rocksdb,GCA_021152025.1 Prevotellaceae bacterium,50f2c093ef27f02ebe8f161d8481cd17,0.7490909090909091,30000,60,14630000,outputs.mapping/bams.cds.rand/SRR7182028.x.s__Prevotella sp002251295.fastq.gz,SRR7182028.x.s__Prevotella sp002251295,bc49b5b3,22580000,51,DNA,10000,2258,True,0.9541368135646869,0.9943514071832981,0.9742441103739925,0.9943514071832981,False,4,5368,7689,d__Bacteria;p__Bacteroidota;c__Bacteroidia;o__Bacteroidales;f__Bacteroidaceae;g__Prevotella;s__Prevotella sp002251295
110000,0.00487156775907883,0.009230769230769232,0.001328609388839681,0.0011705033164260631,3.0,3.0,1.632993161855452,/group/ctbrowngrp5/sourmash-db.new/gtdb-rs226/gtdb-rs226-k51.dna.rocksdb,GCA_016292465.1 Bacteroidaceae bacterium,2f4ff216378f58cd2c29e9ca08d2a459,0.033846153846153845,30000,61,14600000,outputs.mapping/bams.cds.rand/SRR7182028.x.s__Prevotella sp002251295.fastq.gz,SRR7182028.x.s__Prevotella sp002251295,bc49b5b3,22580000,51,DNA,10000,2258,True,0.9008659485604861,0.9357651121642842,0.9183155303623851,0.9357651121642842,False,9,5377,7689,d__Bacteria;p__Bacteroidota;c__Bacteroidia;o__Bacteroidales;f__Bacteroidaceae;g__Prevotella;s__Prevotella sp004556065
30000,0.001328609388839681,0.014354066985645933,0.001328609388839681,0.004421901417609572,11.333333333333334,6.0,8.993825042154695,/group/ctbrowngrp5/sourmash-db.new/gtdb-rs226/gtdb-rs226-k51.dna.rocksdb,GCA_022783765.1 Bacteroidales bacterium,6a78da7738fa076ce5fb6f6c770fa164,0.014354066985645933,30000,62,14570000,outputs.mapping/bams.cds.rand/SRR7182028.x.s__Prevotella sp002251295.fastq.gz,SRR7182028.x.s__Prevotella sp002251295,bc49b5b3,22580000,51,DNA,10000,2258,True,0.878205243516061,0.9201576779260288,0.8991814607210449,0.9201576779260288,True,34,5411,7689,d__Bacteria;p__Bacteroidota;c__Bacteroidia;o__Bacteroidales;f__P3;g__Onthomorpha;s__Onthomorpha sp004551865
70000,0.003100088573959256,0.011406844106463879,0.001328609388839681,0.0006502796202367018,1.6666666666666667,1.0,0.9428090415820634,/group/ctbrowngrp5/sourmash-db.new/gtdb-rs226/gtdb-rs226-k51.dna.rocksdb,GCA_946060885.1 uncultured Bacteroidales bacterium,eb75b61305cc150b585fc8bfcf11d91b,0.026615969581749048,30000,63,14540000,outputs.mapping/bams.cds.rand/SRR7182028.x.s__Prevotella sp002251295.fastq.gz,SRR7182028.x.s__Prevotella sp002251295,bc49b5b3,22580000,51,DNA,10000,2258,True,0.8929173401769998,0.9313661229866129,0.9121417315818063,0.9313661229866129,False,5,5416,7689,d__Bacteria;p__Bacteroidota;c__Bacteroidia;o__Bacteroidales;f__F082;g__Limimorpha;s__Limimorpha sp900769945
1270000,0.0562444641275465,0.009708737864077669,0.001328609388839681,0.002210950708804786,5.666666666666667,4.0,2.357022603955158,/group/ctbrowngrp5/sourmash-db.new/gtdb-rs226/gtdb-rs226-k51.dna.rocksdb,GCA_934277165.1 uncultured Prevotella sp.,dc3334e1792543bd6d6a260411bc09a2,0.4110032362459547,30000,64,14510000,outputs.mapping/bams.cds.rand/SRR7182028.x.s__Prevotella sp002251295.fastq.gz,SRR7182028.x.s__Prevotella sp002251295,bc49b5b3,22580000,51,DNA,10000,2258,True,0.9451304610228558,0.9827167038041507,0.9639235824135033,0.9827167038041507,False,17,5433,7689,d__Bacteria;p__Bacteroidota;c__Bacteroidia;o__Bacteroidales;f__Bacteroidaceae;g__Prevotella;s__Prevotella sp002251295
20000,0.0008857395925597874,0.008583690987124463,0.0008857395925597874,0.0039016777214202106,15.0,15.0,13.0,/group/ctbrowngrp5/sourmash-db.new/gtdb-rs226/gtdb-rs226-k51.dna.rocksdb,GCA_040930005.1 Erysipelotrichaceae bacterium 1033st1_E7_1033SCRN_220408,fb12c6d106ff67f7d8c41d7e54dfed16,0.008583690987124463,20000,65,14490000,outputs.mapping/bams.cds.rand/SRR7182028.x.s__Prevotella sp002251295.fastq.gz,SRR7182028.x.s__Prevotella sp002251295,bc49b5b3,22580000,51,DNA,10000,2258,True,0.8712509327185177,0.9109274836213538,0.8910892081699358,0.9109274836213538,True,30,5463,7689,d__Bacteria;p__Bacillota;c__Bacilli;o__Erysipelotrichales;f__Erysipelotrichaceae;g__Holdemanella;s__Holdemanella sp900556915
50000,0.0022143489813994687,0.007547169811320755,0.0008857395925597874,0.00026011184809468074,1.0,1.0,0.0,/group/ctbrowngrp5/sourmash-db.new/gtdb-rs226/gtdb-rs226-k51.dna.rocksdb,GCA_945830345.1 uncultured Prevotella sp.,26da2c8d540db94c942d89ab72ab7682,0.018867924528301886,20000,66,14470000,outputs.mapping/bams.cds.rand/SRR7182028.x.s__Prevotella sp002251295.fastq.gz,SRR7182028.x.s__Prevotella sp002251295,bc49b5b3,22580000,51,DNA,10000,2258,True,0.8870457129494358,0.9251042352607212,0.9060749741050784,0.9251042352607212,True,2,5465,7689,d__Bacteria;p__Bacteroidota;c__Bacteroidia;o__Bacteroidales;f__Bacteroidaceae;g__Prevotella;s__Prevotella sp945830345
40000,0.001771479185119575,0.003372681281618887,0.0008857395925597874,0.0006502796202367018,2.5,2.5,1.5,/group/ctbrowngrp5/sourmash-db.new/gtdb-rs226/gtdb-rs226-k51.dna.rocksdb,GCA_034125845.1 Bacteroides thetaiotaomicron,26bf7a2ab1c2e29fca7fa841a25181b7,0.006745362563237774,20000,67,14450000,outputs.mapping/bams.cds.rand/SRR7182028.x.s__Prevotella sp002251295.fastq.gz,SRR7182028.x.s__Prevotella sp002251295,bc49b5b3,22580000,51,DNA,10000,2258,True,0.8831730436378847,0.9066329035351983,0.8949029735865415,0.9066329035351983,True,5,5470,7689,d__Bacteria;p__Bacteroidota;c__Bacteroidia;o__Bacteroidales;f__Bacteroidaceae;g__Bacteroides;s__Bacteroides thetaiotaomicron
20000,0.0008857395925597874,0.008130081300813009,0.0008857395925597874,0.00026011184809468074,1.0,1.0,0.0,/group/ctbrowngrp5/sourmash-db.new/gtdb-rs226/gtdb-rs226-k51.dna.rocksdb,GCA_945929835.1 uncultured Bacteroidales bacterium,c46ca7fd69f4edeb42c532c741e7b707,0.008130081300813009,20000,68,14430000,outputs.mapping/bams.cds.rand/SRR7182028.x.s__Prevotella sp002251295.fastq.gz,SRR7182028.x.s__Prevotella sp002251295,bc49b5b3,22580000,51,DNA,10000,2258,True,0.8712509327185177,0.9099582533276309,0.8906045930230744,0.9099582533276309,True,2,5472,7689,d__Bacteria;p__Bacteroidota;c__Bacteroidia;o__Bacteroidales;f__Bacteroidaceae;g__Alloprevotella;s__Alloprevotella sp022772475
70000,0.003100088573959256,0.0071174377224199285,0.0008857395925597874,0.0003901677721420211,1.5,1.5,0.5,/group/ctbrowngrp5/sourmash-db.new/gtdb-rs226/gtdb-rs226-k51.dna.rocksdb,GCA_022770185.1 Prevotella sp.,233597460e38494daf7d5b0c8e844464,0.02491103202846975,20000,69,14410000,outputs.mapping/bams.cds.rand/SRR7182028.x.s__Prevotella sp002251295.fastq.gz,SRR7182028.x.s__Prevotella sp002251295,bc49b5b3,22580000,51,DNA,10000,2258,True,0.8929173401769998,0.9301579459068241,0.911537643041912,0.9301579459068241,False,3,5475,7689,d__Bacteria;p__Bacteroidota;c__Bacteroidia;o__Bacteroidales;f__Bacteroidaceae;g__Prevotella;s__Prevotella sp000434975
40000,0.001771479185119575,0.007905138339920948,0.0008857395925597874,0.0003901677721420211,1.5,1.5,0.5,/group/ctbrowngrp5/sourmash-db.new/gtdb-rs226/gtdb-rs226-k51.dna.rocksdb,GCA_034086715.1 Mediterranea sp.,1beb0b20db8bd1f63aaee79519f9051a,0.015810276679841896,20000,70,14390000,outputs.mapping/bams.cds.rand/SRR7182028.x.s__Prevotella sp002251295.fastq.gz,SRR7182028.x.s__Prevotella sp002251295,bc49b5b3,22580000,51,DNA,10000,2258,True,0.8831730436378847,0.9219027015767639,0.9025378726073243,0.9219027015767639,True,3,5478,7689,d__Bacteria;p__Bacteroidota;c__Bacteroidia;o__Bacteroidales;f__Bacteroidaceae;g__Bacteroides;s__Bacteroides sp945879145
20000,0.0008857395925597874,0.01,0.0008857395925597874,0.0019508388607101053,7.5,7.5,6.5,/group/ctbrowngrp5/sourmash-db.new/gtdb-rs226/gtdb-rs226-k51.dna.rocksdb,GCA_945639275.1 uncultured bacterium,af935560a044cfa70c074a6e32bcbe35,0.01,20000,71,14370000,outputs.mapping/bams.cds.rand/SRR7182028.x.s__Prevotella sp002251295.fastq.gz,SRR7182028.x.s__Prevotella sp002251295,bc49b5b3,22580000,51,DNA,10000,2258,True,0.8712509327185177,0.9136593726391776,0.8924551526788477,0.9136593726391776,True,15,5493,7689,d__Bacteria;p__Bacteroidota;c__Bacteroidia;o__Bacteroidales;f__Bacteroidaceae;g__Prevotella;s__Prevotella sp004555245
20000,0.0008857395925597874,0.008333333333333333,0.0008857395925597874,0.0003901677721420211,1.5,1.5,0.5,/group/ctbrowngrp5/sourmash-db.new/gtdb-rs226/gtdb-rs226-k51.dna.rocksdb,GCA_945917325.1 uncultured bacterium,d78e589d0f88ede14a47c795349275d2,0.008333333333333333,20000,72,14350000,outputs.mapping/bams.cds.rand/SRR7182028.x.s__Prevotella sp002251295.fastq.gz,SRR7182028.x.s__Prevotella sp002251295,bc49b5b3,22580000,51,DNA,10000,2258,True,0.8712509327185177,0.9103989334640178,0.8908249330912678,0.9103989334640178,True,3,5496,7689,d__Bacteria;p__Bacteroidota;c__Bacteroidia;o__Bacteroidales;f__Bacteroidaceae;g__Physcousia;s__Physcousia sp004559785
30000,0.001328609388839681,0.007067137809187279,0.0008857395925597874,0.0003901677721420211,1.5,1.5,0.5,/group/ctbrowngrp5/sourmash-db.new/gtdb-rs226/gtdb-rs226-k51.dna.rocksdb,GCA_037270845.1 Prevotella sp.,540d10bfd40e0f6b10c5f1acd30e0460,0.01060070671378092,20000,73,14330000,outputs.mapping/bams.cds.rand/SRR7182028.x.s__Prevotella sp002251295.fastq.gz,SRR7182028.x.s__Prevotella sp002251295,bc49b5b3,22580000,51,DNA,10000,2258,True,0.878205243516061,0.9147050459893903,0.8964551447527256,0.9147050459893903,True,3,5499,7689,d__Bacteria;p__Bacteroidota;c__Bacteroidia;o__Bacteroidales;f__Bacteroidaceae;g__Prevotella;s__Prevotella sp900543975
1780000,0.07883082373782108,0.007874015748031496,0.0008857395925597874,0.0009103914683313824,3.5,3.5,2.5,/group/ctbrowngrp5/sourmash-db.new/gtdb-rs226/gtdb-rs226-k51.dna.rocksdb,GCA_002481045.1 Prevotella sp. UBA7779,96c5ded852f7451900003b5282aca6fa,0.7007874015748031,20000,74,14310000,outputs.mapping/bams.cds.rand/SRR7182028.x.s__Prevotella sp002251295.fastq.gz,SRR7182028.x.s__Prevotella sp002251295,bc49b5b3,22580000,51,DNA,10000,2258,True,0.9514075412696071,0.9930526624266526,0.9722301018481299,0.9930526624266526,False,7,5506,7689,d__Bacteria;p__Bacteroidota;c__Bacteroidia;o__Bacteroidales;f__Bacteroidaceae;g__Prevotella;s__Prevotella sp002251295
30000,0.001328609388839681,0.00823045267489712,0.0008857395925597874,0.00026011184809468074,1.0,1.0,0.0,/group/ctbrowngrp5/sourmash-db.new/gtdb-rs226/gtdb-rs226-k51.dna.rocksdb,GCA_948502195.1 uncultured Prevotella sp.,8a833c09110cb9dc3e49953fa6c81741,0.012345679012345678,20000,75,14290000,outputs.mapping/bams.cds.rand/SRR7182028.x.s__Prevotella sp002251295.fastq.gz,SRR7182028.x.s__Prevotella sp002251295,bc49b5b3,22580000,51,DNA,10000,2258,True,0.878205243516061,0.9174422262512953,0.8978237348836782,0.9174422262512953,True,2,5508,7689,d__Bacteria;p__Bacteroidota;c__Bacteroidia;o__Bacteroidales;f__Bacteroidaceae;g__Prevotella;s__Prevotella sp002933775
320000,0.0141718334809566,0.006756756756756757,0.0008857395925597874,0.0027311744049941474,10.5,10.5,0.5,/group/ctbrowngrp5/sourmash-db.new/gtdb-rs226/gtdb-rs226-k51.dna.rocksdb,GCF_000834015.1 Prevotella pectinovora,998bf93c9b97aad01e78f3ba768ae63b,0.10810810810810811,20000,76,14270000,outputs.mapping/bams.cds.rand/SRR7182028.x.s__Prevotella sp002251295.fastq.gz,SRR7182028.x.s__Prevotella sp002251295,bc49b5b3,22580000,51,DNA,10000,2258,True,0.9199271824282275,0.9573176024122857,0.9386223924202566,0.9573176024122857,False,21,5529,7689,d__Bacteria;p__Bacteroidota;c__Bacteroidia;o__Bacteroidales;f__Bacteroidaceae;g__Prevotella;s__Prevotella pectinovora
2160000,0.09565987599645705,0.008064516129032258,0.0008857395925597874,0.002080894784757446,8.0,8.0,4.0,/group/ctbrowngrp5/sourmash-db.new/gtdb-rs226/gtdb-rs226-k51.dna.rocksdb,GCA_946405155.1 uncultured Prevotella sp.,4c448c0361f8bc8359e30f5716d87ace,0.8709677419354839,20000,77,14250000,outputs.mapping/bams.cds.rand/SRR7182028.x.s__Prevotella sp002251295.fastq.gz,SRR7182028.x.s__Prevotella sp002251295,bc49b5b3,22580000,51,DNA,10000,2258,True,0.9550240536921659,0.9972948354035953,0.9761594445478806,0.9972948354035953,False,16,5545,7689,d__Bacteria;p__Bacteroidota;c__Bacteroidia;o__Bacteroidales;f__Bacteroidaceae;g__Prevotella;s__Prevotella sp002251295
30000,0.001328609388839681,0.00819672131147541,0.0008857395925597874,0.0007803355442840422,3.0,3.0,1.0,/group/ctbrowngrp5/sourmash-db.new/gtdb-rs226/gtdb-rs226-k51.dna.rocksdb,GCA_034094255.1 Candidatus Cryptobacteroides sp.,2e1ae71b62ee2bda991f8b93e275fa98,0.012295081967213115,20000,78,14230000,outputs.mapping/bams.cds.rand/SRR7182028.x.s__Prevotella sp002251295.fastq.gz,SRR7182028.x.s__Prevotella sp002251295,bc49b5b3,22580000,51,DNA,10000,2258,True,0.878205243516061,0.917368352065359,0.89778679779071,0.917368352065359,True,6,5551,7689,d__Bacteria;p__Bacteroidota;c__Bacteroidia;o__Bacteroidales;f__UBA932;g__Cryptobacteroides;s__Cryptobacteroides sp034089285
40000,0.001771479185119575,0.006493506493506494,0.0008857395925597874,0.0009103914683313824,3.5,3.5,1.5,/group/ctbrowngrp5/sourmash-db.new/gtdb-rs226/gtdb-rs226-k51.dna.rocksdb,GCA_036309205.1 Bacteroidales bacterium,d5e8047811166dbcf22ac758bb1dd025,0.012987012987012988,20000,79,14210000,outputs.mapping/bams.cds.rand/SRR7182028.x.s__Prevotella sp002251295.fastq.gz,SRR7182028.x.s__Prevotella sp002251295,bc49b5b3,22580000,51,DNA,10000,2258,True,0.8831730436378847,0.9183537120490333,0.900763377843459,0.9183537120490333,True,7,5558,7689,d__Bacteria;p__Bacteroidota;c__Bacteroidia;o__Bacteroidales;f__UBA3663;g__Liminaster;s__Liminaster sp004557315
20000,0.0008857395925597874,0.012738853503184714,0.0008857395925597874,0.0015606710885680843,6.0,6.0,3.0,/group/ctbrowngrp5/sourmash-db.new/gtdb-rs226/gtdb-rs226-k51.dna.rocksdb,GCA_034169745.1 Candidatus Egerieousia sp.,1d3469191fa62c27865dcfbd157c9a9b,0.012738853503184714,20000,80,14190000,outputs.mapping/bams.cds.rand/SRR7182028.x.s__Prevotella sp002251295.fastq.gz,SRR7182028.x.s__Prevotella sp002251295,bc49b5b3,22580000,51,DNA,10000,2258,True,0.8712509327185177,0.9180063662918759,0.8946286495051968,0.9180063662918759,True,12,5570,7689,d__Bacteria;p__Bacteroidota;c__Bacteroidia;o__Bacteroidales;f__UBA932;g__Egerieousia;s__Egerieousia sp004561775
30000,0.001328609388839681,0.008333333333333333,0.0008857395925597874,0.0005202236961893615,2.0,2.0,1.0,/group/ctbrowngrp5/sourmash-db.new/gtdb-rs226/gtdb-rs226-k51.dna.rocksdb,GCA_945995445.1 uncultured Bacteroidales bacterium,e4ce279f1cdfc56cac7a42f37c5c96f1,0.0125,20000,81,14170000,outputs.mapping/bams.cds.rand/SRR7182028.x.s__Prevotella sp002251295.fastq.gz,SRR7182028.x.s__Prevotella sp002251295,bc49b5b3,22580000,51,DNA,10000,2258,True,0.878205243516061,0.9176657229678244,0.8979354832419427,0.9176657229678244,True,4,5574,7689,d__Bacteria;p__Bacteroidota;c__Bacteroidia;o__Bacteroidales;f__Bacteroidaceae;g__Alloprevotella;s__Alloprevotella sp004552155
110000,0.00487156775907883,0.0071174377224199285,0.0008857395925597874,0.0009103914683313824,3.5,3.5,1.5,/group/ctbrowngrp5/sourmash-db.new/gtdb-rs226/gtdb-rs226-k51.dna.rocksdb,GCA_022768725.1 Prevotella sp.,dd0c38e8bd3e859048d9d3b7b6abd04a,0.03914590747330961,20000,82,14150000,outputs.mapping/bams.cds.rand/SRR7182028.x.s__Prevotella sp002251295.fastq.gz,SRR7182028.x.s__Prevotella sp002251295,bc49b5b3,22580000,51,DNA,10000,2258,True,0.9008659485604861,0.9384380642493974,0.9196520064049417,0.9384380642493974,False,7,5581,7689,d__Bacteria;p__Bacteroidota;c__Bacteroidia;o__Bacteroidales;f__Bacteroidaceae;g__Prevotella;s__Prevotella sp900548195
190000,0.00841452612931798,0.007905138339920948,0.0008857395925597874,0.0003901677721420211,1.5,1.5,0.5,/group/ctbrowngrp5/sourmash-db.new/gtdb-rs226/gtdb-rs226-k51.dna.rocksdb,GCA_028721205.1 Prevotellaceae bacterium,d4f1bfaa9e4ea1560d95c7fb4367e5fa,0.07509881422924901,20000,83,14130000,outputs.mapping/bams.cds.rand/SRR7182028.x.s__Prevotella sp002251295.fastq.gz,SRR7182028.x.s__Prevotella sp002251295,bc49b5b3,22580000,51,DNA,10000,2258,True,0.9105720324148476,0.9505032141896808,0.9305376233022642,0.9505032141896808,False,3,5584,7689,d__Bacteria;p__Bacteroidota;c__Bacteroidia;o__Bacteroidales;f__Bacteroidaceae;g__Prevotella;s__Prevotella sp022771625
160000,0.0070859167404783,0.007326007326007326,0.0008857395925597874,0.0006502796202367018,2.5,2.5,0.5,/group/ctbrowngrp5/sourmash-db.new/gtdb-rs226/gtdb-rs226-k51.dna.rocksdb,GCF_022771965.1 Prevotella sp.,fb16e6f6b81299e9a6641b96905a0301,0.05860805860805861,20000,84,14110000,outputs.mapping/bams.cds.rand/SRR7182028.x.s__Prevotella sp002251295.fastq.gz,SRR7182028.x.s__Prevotella sp002251295,bc49b5b3,22580000,51,DNA,10000,2258,True,0.9075089208138627,0.9458936298294942,0.9267012753216785,0.9458936298294942,False,5,5589,7689,d__Bacteria;p__Bacteroidota;c__Bacteroidia;o__Bacteroidales;f__Bacteroidaceae;g__Prevotella;s__Prevotella sp905193385
20000,0.0008857395925597874,0.009345794392523364,0.0008857395925597874,0.0016907270126154247,6.5,6.5,0.5,/group/ctbrowngrp5/sourmash-db.new/gtdb-rs226/gtdb-rs226-k51.dna.rocksdb,GCA_910577155.1 uncultured Mailhella sp.,2cc9e643771f9dd740d1008e682db4e0,0.009345794392523364,20000,85,14090000,outputs.mapping/bams.cds.rand/SRR7182028.x.s__Prevotella sp002251295.fastq.gz,SRR7182028.x.s__Prevotella sp002251295,bc49b5b3,22580000,51,DNA,10000,2258,True,0.8712509327185177,0.9124480790702567,0.8918495058943872,0.9124480790702567,True,13,5602,7689,d__Bacteria;p__Desulfobacterota_I;c__Desulfovibrionia;o__Desulfovibrionales;f__Desulfovibrionaceae;g__Taurinivorans;s__Taurinivorans sp910577155
130000,0.005757307351638618,0.005050505050505051,0.0008857395925597874,0.0013005592404734035,5.0,5.0,3.0,/group/ctbrowngrp5/sourmash-db.new/gtdb-rs226/gtdb-rs226-k51.dna.rocksdb,GCA_945982685.1 uncultured Prevotella sp.,f1413d1d3c3a99c1363e9832573a9709,0.03282828282828283,20000,86,14070000,outputs.mapping/bams.cds.rand/SRR7182028.x.s__Prevotella sp002251295.fastq.gz,SRR7182028.x.s__Prevotella sp002251295,bc49b5b3,22580000,51,DNA,10000,2258,True,0.9038216364335916,0.9352050144503172,0.9195133254419544,0.9352050144503172,False,10,5612,7689,d__Bacteria;p__Bacteroidota;c__Bacteroidia;o__Bacteroidales;f__Bacteroidaceae;g__Prevotella;s__Prevotella sp022764085
20000,0.0008857395925597874,0.0057306590257879654,0.0008857395925597874,0.0003901677721420211,1.5,1.5,0.5,/group/ctbrowngrp5/sourmash-db.new/gtdb-rs226/gtdb-rs226-k51.dna.rocksdb,GCA_028726945.1 bacterium,2f895b4c428705e4f573493f5ba9564d,0.0057306590257879654,20000,87,14050000,outputs.mapping/bams.cds.rand/SRR7182028.x.s__Prevotella sp002251295.fastq.gz,SRR7182028.x.s__Prevotella sp002251295,bc49b5b3,22580000,51,DNA,10000,2258,True,0.8712509327185177,0.9037394215675933,0.8874951771430555,0.9037394215675933,True,3,5615,7689,d__Bacteria;p__Bacteroidota;c__Bacteroidia;o__Bacteroidales;f__Tannerellaceae;g__Parabacteroides;s__Parabacteroides sp004562445
70000,0.003100088573959256,0.00796812749003984,0.0008857395925597874,0.00026011184809468074,1.0,1.0,0.0,/group/ctbrowngrp5/sourmash-db.new/gtdb-rs226/gtdb-rs226-k51.dna.rocksdb,GCA_021153305.1 Prevotellaceae bacterium,8c0054ab64afc8702926f1c58b2c8231,0.027888446215139442,20000,88,14030000,outputs.mapping/bams.cds.rand/SRR7182028.x.s__Prevotella sp002251295.fastq.gz,SRR7182028.x.s__Prevotella sp002251295,bc49b5b3,22580000,51,DNA,10000,2258,True,0.8929173401769998,0.9322193727273286,0.9125683564521642,0.9322193727273286,False,2,5617,7689,d__Bacteria;p__Bacteroidota;c__Bacteroidia;o__Bacteroidales;f__Bacteroidaceae;g__Prevotella;s__Prevotella sp900543975
20000,0.0008857395925597874,0.011235955056179775,0.0008857395925597874,0.0005202236961893615,2.0,2.0,1.0,/group/ctbrowngrp5/sourmash-db.new/gtdb-rs226/gtdb-rs226-k51.dna.rocksdb,GCA_945919275.1 uncultured Bacteroidales bacterium,5d9f42df77d7383a99eae393ce106d9e,0.011235955056179775,20000,89,14010000,outputs.mapping/bams.cds.rand/SRR7182028.x.s__Prevotella sp002251295.fastq.gz,SRR7182028.x.s__Prevotella sp002251295,bc49b5b3,22580000,51,DNA,10000,2258,True,0.8712509327185177,0.9157494500788544,0.8935001913986861,0.9157494500788544,True,4,5621,7689,d__Bacteria;p__Bacteroidota;c__Bacteroidia;o__Bacteroidales;f__UBA932;g__Cryptobacteroides;s__Cryptobacteroides sp945487035
2070000,0.091674047829938,0.00823045267489712,0.0008857395925597874,0.0003901677721420211,1.5,1.5,0.5,/group/ctbrowngrp5/sourmash-db.new/gtdb-rs226/gtdb-rs226-k51.dna.rocksdb,GCA_028722105.1 Prevotella sp.,82420eabe08f3220077a6fae6dc817a9,0.8518518518518519,20000,90,13990000,outputs.mapping/bams.cds.rand/SRR7182028.x.s__Prevotella sp002251295.fastq.gz,SRR7182028.x.s__Prevotella sp002251295,bc49b5b3,22580000,51,DNA,10000,2258,True,0.954227416420784,0.9968609635784932,0.9755441899996387,0.9968609635784932,False,3,5624,7689,d__Bacteria;p__Bacteroidota;c__Bacteroidia;o__Bacteroidales;f__Bacteroidaceae;g__Prevotella;s__Prevotella sp002251295
120000,0.005314437555358724,0.006944444444444444,0.0008857395925597874,0.0009103914683313824,3.5,3.5,2.5,/group/ctbrowngrp5/sourmash-db.new/gtdb-rs226/gtdb-rs226-k51.dna.rocksdb,GCA_945830495.1 uncultured Prevotella sp.,f75343380c7793d3a428c11ff830ce32,0.041666666666666664,20000,91,13970000,outputs.mapping/bams.cds.rand/SRR7182028.x.s__Prevotella sp002251295.fastq.gz,SRR7182028.x.s__Prevotella sp002251295,bc49b5b3,22580000,51,DNA,10000,2258,True,0.9024042327124178,0.9395870760883538,0.9209956544003858,0.9395870760883538,False,7,5631,7689,d__Bacteria;p__Bacteroidota;c__Bacteroidia;o__Bacteroidales;f__Bacteroidaceae;g__Prevotella;s__Prevotella sp945869265
20000,0.0008857395925597874,0.008264462809917356,0.0008857395925597874,0.00026011184809468074,1.0,1.0,0.0,/group/ctbrowngrp5/sourmash-db.new/gtdb-rs226/gtdb-rs226-k51.dna.rocksdb,GCA_945923765.1 uncultured Parabacteroides sp.,30181a8545505aba327da3302a27ad36,0.008264462809917356,20000,92,13950000,outputs.mapping/bams.cds.rand/SRR7182028.x.s__Prevotella sp002251295.fastq.gz,SRR7182028.x.s__Prevotella sp002251295,bc49b5b3,22580000,51,DNA,10000,2258,True,0.8712509327185177,0.9102508039235093,0.8907508683210135,0.9102508039235093,True,2,5633,7689,d__Bacteria;p__Bacteroidota;c__Bacteroidia;o__Bacteroidales;f__Tannerellaceae;g__Parabacteroides;s__Parabacteroides sp946055095
120000,0.005314437555358724,0.007722007722007722,0.0008857395925597874,0.00026011184809468074,1.0,1.0,0.0,/group/ctbrowngrp5/sourmash-db.new/gtdb-rs226/gtdb-rs226-k51.dna.rocksdb,GCA_037459095.1 Prevotella sp.,9db25bf8d7f28d77733dc5ce09ba6c42,0.04633204633204633,20000,93,13930000,outputs.mapping/bams.cds.rand/SRR7182028.x.s__Prevotella sp002251295.fastq.gz,SRR7182028.x.s__Prevotella sp002251295,bc49b5b3,22580000,51,DNA,10000,2258,True,0.9024042327124178,0.9415444188619294,0.9219743257871735,0.9415444188619294,False,2,5635,7689,d__Bacteria;p__Bacteroidota;c__Bacteroidia;o__Bacteroidales;f__Bacteroidaceae;g__Prevotella;s__Prevotella sp900546535
70000,0.003100088573959256,0.006369426751592357,0.0008857395925597874,0.0009103914683313824,3.5,3.5,2.5,/group/ctbrowngrp5/sourmash-db.new/gtdb-rs226/gtdb-rs226-k51.dna.rocksdb,GCA_945911865.1 uncultured Prevotella sp.,f54e8cac6bae258eaa68ba3281097887,0.022292993630573247,20000,94,13910000,outputs.mapping/bams.cds.rand/SRR7182028.x.s__Prevotella sp002251295.fastq.gz,SRR7182028.x.s__Prevotella sp002251295,bc49b5b3,22580000,51,DNA,10000,2258,True,0.8929173401769998,0.9281349886749785,0.9105261644259891,0.9281349886749785,False,7,5642,7689,d__Bacteria;p__Bacteroidota;c__Bacteroidia;o__Bacteroidales;f__Bacteroidaceae;g__Prevotella;s__Prevotella sp002251245
70000,0.003100088573959256,0.005012531328320802,0.0008857395925597874,0.0003901677721420211,1.5,1.5,0.5,/group/ctbrowngrp5/sourmash-db.new/gtdb-rs226/gtdb-rs226-k51.dna.rocksdb,GCA_959606135.1 uncultured Prevotella sp.,67bcbc893159ccb2b94ee7d3bee7a668,0.017543859649122806,20000,95,13890000,outputs.mapping/bams.cds.rand/SRR7182028.x.s__Prevotella sp002251295.fastq.gz,SRR7182028.x.s__Prevotella sp002251295,bc49b5b3,22580000,51,DNA,10000,2258,True,0.8929173401769998,0.9237853726019886,0.9083513563894942,0.9237853726019886,False,3,5645,7689,d__Bacteria;p__Bacteroidota;c__Bacteroidia;o__Bacteroidales;f__Bacteroidaceae;g__Prevotella;s__Prevotella hominis
70000,0.003100088573959256,0.004098360655737705,0.0008857395925597874,0.00026011184809468074,1.0,1.0,0.0,/group/ctbrowngrp5/sourmash-db.new/gtdb-rs226/gtdb-rs226-k51.dna.rocksdb,GCA_963596225.1 Clostridiales bacterium UBA4696,19e5c9e942d9b185ebe68ad0072d75b9,0.014344262295081968,20000,96,13870000,outputs.mapping/bams.cds.rand/SRR7182028.x.s__Prevotella sp002251295.fastq.gz,SRR7182028.x.s__Prevotella sp002251295,bc49b5b3,22580000,51,DNA,10000,2258,True,0.8929173401769998,0.9201453498172155,0.9065313449971076,0.9201453498172155,False,2,5647,7689,d__Bacteria;p__Bacteroidota;c__Bacteroidia;o__Bacteroidales;f__Bacteroidaceae;g__Bacteroides;s__Bacteroides uniformis
130000,0.005757307351638618,0.008,0.0008857395925597874,0.0003901677721420211,1.5,1.5,0.5,/group/ctbrowngrp5/sourmash-db.new/gtdb-rs226/gtdb-rs226-k51.dna.rocksdb,GCA_945912815.1 uncultured Prevotella sp.,fd72d59ad384a68bd04472699859e0fa,0.052,20000,97,13850000,outputs.mapping/bams.cds.rand/SRR7182028.x.s__Prevotella sp002251295.fastq.gz,SRR7182028.x.s__Prevotella sp002251295,bc49b5b3,22580000,51,DNA,10000,2258,True,0.9038216364335916,0.9436774883475049,0.9237495623905483,0.9436774883475049,False,3,5650,7689,d__Bacteria;p__Bacteroidota;c__Bacteroidia;o__Bacteroidales;f__Bacteroidaceae;g__Prevotella;s__Prevotella sinensis
180000,0.007971656333038087,0.00516795865633075,0.0008857395925597874,0.0003901677721420211,1.5,1.5,0.5,/group/ctbrowngrp5/sourmash-db.new/gtdb-rs226/gtdb-rs226-k51.dna.rocksdb,GCA_938023055.1 uncultured Prevotella sp.,fb4ffb74be3ac89aab6057bbc1c76914,0.046511627906976744,20000,98,13830000,outputs.mapping/bams.cds.rand/SRR7182028.x.s__Prevotella sp002251295.fastq.gz,SRR7182028.x.s__Prevotella sp002251295,bc49b5b3,22580000,51,DNA,10000,2258,True,0.9096072086446435,0.9416158400553336,0.9256115243499885,0.9416158400553336,False,3,5653,7689,d__Bacteria;p__Bacteroidota;c__Bacteroidia;o__Bacteroidales;f__Bacteroidaceae;g__Prevotella;s__Prevotella sp945863825
100000,0.0044286979627989375,0.007662835249042145,0.0008857395925597874,0.0006502796202367018,2.5,2.5,0.5,/group/ctbrowngrp5/sourmash-db.new/gtdb-rs226/gtdb-rs226-k51.dna.rocksdb,GCA_034093875.1 Prevotella sp.,0d7fea76f9aa02ba13b28f33e93fb3d7,0.038314176245210725,20000,99,13810000,outputs.mapping/bams.cds.rand/SRR7182028.x.s__Prevotella sp002251295.fastq.gz,SRR7182028.x.s__Prevotella sp002251295,bc49b5b3,22580000,51,DNA,10000,2258,True,0.8991839580671014,0.9380429745245557,0.9186134662958285,0.9380429745245557,False,5,5658,7689,d__Bacteria;p__Bacteroidota;c__Bacteroidia;o__Bacteroidales;f__Bacteroidaceae;g__Prevotella;s__Prevotella sp002251365
100000,0.0044286979627989375,0.00749063670411985,0.0008857395925597874,0.00026011184809468074,1.0,1.0,0.0,/group/ctbrowngrp5/sourmash-db.new/gtdb-rs226/gtdb-rs226-k51.dna.rocksdb,GCA_945996005.1 uncultured Bacteroidales bacterium,37cf040c90c7aeb0d5d7e388510b981d,0.03745318352059925,20000,100,13790000,outputs.mapping/bams.cds.rand/SRR7182028.x.s__Prevotella sp002251295.fastq.gz,SRR7182028.x.s__Prevotella sp002251295,bc49b5b3,22580000,51,DNA,10000,2258,True,0.8991839580671014,0.937625026950339,0.9184044925087202,0.937625026950339,False,2,5660,7689,d__Bacteria;p__Bacteroidota;c__Bacteroidia;o__Bacteroidales;f__Bacteroidaceae;g__Prevotella;s__Prevotella sp002251365
310000,0.013728963684676704,0.007575757575757576,0.0008857395925597874,0.001430615164520744,5.5,5.5,3.5,/group/ctbrowngrp5/sourmash-db.new/gtdb-rs226/gtdb-rs226-k51.dna.rocksdb,GCF_008680225.1 Prevotella sp. LMAG:51,0d801736f5debf09a3e2dd438a541476,0.11742424242424243,20000,101,13770000,outputs.mapping/bams.cds.rand/SRR7182028.x.s__Prevotella sp002251295.fastq.gz,SRR7182028.x.s__Prevotella sp002251295,bc49b5b3,22580000,51,DNA,10000,2258,True,0.9193546843574606,0.9588704969300542,0.9391125906437574,0.9588704969300542,False,11,5671,7689,d__Bacteria;p__Bacteroidota;c__Bacteroidia;o__Bacteroidales;f__Bacteroidaceae;g__Prevotella;s__Prevotella pectinovora
10000,0.0004428697962798937,0.0029940119760479044,0.0004428697962798937,0.00013005592404734037,1.0,1.0,0.0,/group/ctbrowngrp5/sourmash-db.new/gtdb-rs226/gtdb-rs226-k51.dna.rocksdb,GCA_900066895.1 uncultured Flavonifractor sp.,fee7d1e9fe800aabc9868f696baa0330,0.0029940119760479044,10000,102,13760000,outputs.mapping/bams.cds.rand/SRR7182028.x.s__Prevotella sp002251295.fastq.gz,SRR7182028.x.s__Prevotella sp002251295,bc49b5b3,22580000,51,DNA,10000,2258,True,0.8594897605073661,0.8923079763386086,0.8758988684229874,0.8923079763386086,True,1,5672,7689,d__Bacteria;p__Bacillota;c__Clostridia;o__Oscillospirales;f__Oscillospiraceae;g__Intestinimonas;s__Intestinimonas massiliensis
20000,0.0008857395925597874,0.003289473684210526,0.0004428697962798937,0.00013005592404734037,1.0,1.0,0.0,/group/ctbrowngrp5/sourmash-db.new/gtdb-rs226/gtdb-rs226-k51.dna.rocksdb,GCA_902476075.1 uncultured Prevotella sp.,83608c5e6c8049d2ba7ff4759e97c229,0.006578947368421052,10000,103,13750000,outputs.mapping/bams.cds.rand/SRR7182028.x.s__Prevotella sp002251295.fastq.gz,SRR7182028.x.s__Prevotella sp002251295,bc49b5b3,22580000,51,DNA,10000,2258,True,0.8712509327185177,0.9061889313384778,0.8887199320284977,0.9061889313384778,True,1,5673,7689,d__Bacteria;p__Bacteroidota;c__Bacteroidia;o__Bacteroidales;f__Bacteroidaceae;g__Prevotella;s__Prevotella sp000436915
10000,0.0004428697962798937,0.0049261083743842365,0.0004428697962798937,0.00377162179737287,29.0,29.0,0.0,/group/ctbrowngrp5/sourmash-db.new/gtdb-rs226/gtdb-rs226-k51.dna.rocksdb,GCF_000160515.1 Lactobacillus crispatus JV-V01,c35f6146c958411b71e0a800ec61027f,0.0049261083743842365,10000,104,13740000,outputs.mapping/bams.cds.rand/SRR7182028.x.s__Prevotella sp002251295.fastq.gz,SRR7182028.x.s__Prevotella sp002251295,bc49b5b3,22580000,51,DNA,10000,2258,True,0.8594897605073661,0.9010626324715498,0.880276196489458,0.9010626324715498,True,29,5702,7689,d__Bacteria;p__Bacillota;c__Bacilli;o__Lactobacillales;f__Lactobacillaceae;g__Lactobacillus;s__Lactobacillus crispatus
40000,0.001771479185119575,0.0019267822736030828,0.0004428697962798937,0.00013005592404734037,1.0,1.0,0.0,/group/ctbrowngrp5/sourmash-db.new/gtdb-rs226/gtdb-rs226-k51.dna.rocksdb,GCF_008572045.1 Phocaeicola dorei,36c6eb542a6f88af91cfc212fdcc803c,0.007707129094412331,10000,105,13730000,outputs.mapping/bams.cds.rand/SRR7182028.x.s__Prevotella sp002251295.fastq.gz,SRR7182028.x.s__Prevotella sp002251295,bc49b5b3,22580000,51,DNA,10000,2258,True,0.8831730436378847,0.9090055235818671,0.8960892836098759,0.9090055235818671,True,1,5703,7689,d__Bacteria;p__Bacteroidota;c__Bacteroidia;o__Bacteroidales;f__Bacteroidaceae;g__Phocaeicola;s__Phocaeicola dorei
10000,0.0004428697962798937,0.004166666666666667,0.0004428697962798937,0.00013005592404734037,1.0,1.0,0.0,/group/ctbrowngrp5/sourmash-db.new/gtdb-rs226/gtdb-rs226-k51.dna.rocksdb,GCA_023446195.1 Bacillota bacterium,e8e9ceeca62935818db408271de37ded,0.004166666666666667,10000,106,13720000,outputs.mapping/bams.cds.rand/SRR7182028.x.s__Prevotella sp002251295.fastq.gz,SRR7182028.x.s__Prevotella sp002251295,bc49b5b3,22580000,51,DNA,10000,2258,True,0.8594897605073661,0.8981092953870639,0.8787995279472149,0.8981092953870639,True,1,5704,7689,d__Bacteria;p__Bacillota;c__Clostridia;o__Lachnospirales;f__Lachnospiraceae;g__Agathobacter;s__Agathobacter faecis
10000,0.0004428697962798937,0.0027100271002710027,0.0004428697962798937,0.00013005592404734037,1.0,1.0,0.0,/group/ctbrowngrp5/sourmash-db.new/gtdb-rs226/gtdb-rs226-k51.dna.rocksdb,GCA_900318395.1 uncultured Prevotella sp.,b5367cf97806c5afc8860b47f1011eaa,0.0027100271002710027,10000,107,13710000,outputs.mapping/bams.cds.rand/SRR7182028.x.s__Prevotella sp002251295.fastq.gz,SRR7182028.x.s__Prevotella sp002251295,bc49b5b3,22580000,51,DNA,10000,2258,True,0.8594897605073661,0.8905660800805311,0.8750279202939486,0.8905660800805311,True,1,5705,7689,d__Bacteria;p__Bacteroidota;c__Bacteroidia;o__Bacteroidales;f__Bacteroidaceae;g__Prevotella;s__Prevotella sp900318395
20000,0.0008857395925597874,0.0036231884057971015,0.0004428697962798937,0.00026011184809468074,2.0,2.0,0.0,/group/ctbrowngrp5/sourmash-db.new/gtdb-rs226/gtdb-rs226-k51.dna.rocksdb,GCA_902762015.1 uncultured Prevotellaceae bacterium,c50a0a731ffd065809fe0694934f1571,0.007246376811594203,10000,108,13700000,outputs.mapping/bams.cds.rand/SRR7182028.x.s__Prevotella sp002251295.fastq.gz,SRR7182028.x.s__Prevotella sp002251295,bc49b5b3,22580000,51,DNA,10000,2258,True,0.8712509327185177,0.9079074641021062,0.889579198410312,0.9079074641021062,True,2,5707,7689,d__Bacteria;p__Bacteroidota;c__Bacteroidia;o__Bacteroidales;f__Bacteroidaceae;g__Prevotella;s__Prevotella sp902788605
20000,0.0008857395925597874,0.004098360655737705,0.0004428697962798937,0.00013005592404734037,1.0,1.0,0.0,/group/ctbrowngrp5/sourmash-db.new/gtdb-rs226/gtdb-rs226-k51.dna.rocksdb,GCA_002391185.1 Prevotella sp. UBA4376,e36dae168239b0281e94c95776ea2fad,0.00819672131147541,10000,109,13690000,outputs.mapping/bams.cds.rand/SRR7182028.x.s__Prevotella sp002251295.fastq.gz,SRR7182028.x.s__Prevotella sp002251295,bc49b5b3,22580000,51,DNA,10000,2258,True,0.8712509327185177,0.910103917375183,0.8906774250468503,0.910103917375183,True,1,5708,7689,d__Bacteria;p__Bacteroidota;c__Bacteroidia;o__Bacteroidales;f__Bacteroidaceae;g__Prevotella;s__Prevotella sp002391185
30000,0.001328609388839681,0.004629629629629629,0.0004428697962798937,0.00013005592404734037,1.0,1.0,0.0,/group/ctbrowngrp5/sourmash-db.new/gtdb-rs226/gtdb-rs226-k51.dna.rocksdb,GCA_022784065.1 Bacteroidales bacterium,51d671de84cc15ed053b550c5369dad1,0.013888888888888888,10000,110,13680000,outputs.mapping/bams.cds.rand/SRR7182028.x.s__Prevotella sp002251295.fastq.gz,SRR7182028.x.s__Prevotella sp002251295,bc49b5b3,22580000,51,DNA,10000,2258,True,0.878205243516061,0.9195634812766026,0.8988843623963318,0.9195634812766026,True,1,5709,7689,d__Bacteria;p__Bacteroidota;c__Bacteroidia;o__Bacteroidales;f__Bacteroidaceae;g__Alloprevotella;s__Alloprevotella sp022784065
10000,0.0004428697962798937,0.010526315789473684,0.0004428697962798937,0.0003901677721420211,3.0,3.0,0.0,/group/ctbrowngrp5/sourmash-db.new/gtdb-rs226/gtdb-rs226-k51.dna.rocksdb,GCA_944350255.1 Candidatus Caccopulliclostridium gallistercoris,0a336fd0ee5111b1e16d0172dac309ec,0.010526315789473684,10000,111,13670000,outputs.mapping/bams.cds.rand/SRR7182028.x.s__Prevotella sp002251295.fastq.gz,SRR7182028.x.s__Prevotella sp002251295,bc49b5b3,22580000,51,DNA,10000,2258,True,0.8594897605073661,0.9145787486024968,0.8870342545549315,0.9145787486024968,True,3,5712,7689,d__Bacteria;p__Bacillota;c__Clostridia;o__Christensenellales;f__UBA1242;g__Caccopulliclostridium;s__Caccopulliclostridium gallistercoris
10000,0.0004428697962798937,0.007874015748031496,0.0004428697962798937,0.00013005592404734037,1.0,1.0,0.0,/group/ctbrowngrp5/sourmash-db.new/gtdb-rs226/gtdb-rs226-k51.dna.rocksdb,GCA_946011525.1 uncultured Clostridia bacterium,23e2d5717f9c707503459f1c1057d89e,0.007874015748031496,10000,112,13660000,outputs.mapping/bams.cds.rand/SRR7182028.x.s__Prevotella sp002251295.fastq.gz,SRR7182028.x.s__Prevotella sp002251295,bc49b5b3,22580000,51,DNA,10000,2258,True,0.8594897605073661,0.9093874295165494,0.8844385950119578,0.9093874295165494,True,1,5713,7689,d__Bacteria;p__Bacillota;c__Clostridia;o__Oscillospirales;f__Oscillospiraceae;g__Vescimonas;s__Vescimonas sp003487665
10000,0.0004428697962798937,0.002631578947368421,0.0004428697962798937,0.00026011184809468074,2.0,2.0,0.0,/group/ctbrowngrp5/sourmash-db.new/gtdb-rs226/gtdb-rs226-k51.dna.rocksdb,GCA_902763305.1 uncultured Prevotellaceae bacterium,6eaeea2bd26f48fada0c9ba1c8c5409d,0.002631578947368421,10000,113,13650000,outputs.mapping/bams.cds.rand/SRR7182028.x.s__Prevotella sp002251295.fastq.gz,SRR7182028.x.s__Prevotella sp002251295,bc49b5b3,22580000,51,DNA,10000,2258,True,0.8594897605073661,0.8900532860056227,0.8747715232564944,0.8900532860056227,True,2,5715,7689,d__Bacteria;p__Bacteroidota;c__Bacteroidia;o__Bacteroidales;f__Bacteroidaceae;g__Prevotella;s__Prevotella sp902775475
30000,0.001328609388839681,0.0035587188612099642,0.0004428697962798937,0.00013005592404734037,1.0,1.0,0.0,/group/ctbrowngrp5/sourmash-db.new/gtdb-rs226/gtdb-rs226-k51.dna.rocksdb,GCA_037242625.1 Sodaliphilus sp.,c6f80bec79d399e71cf11da337ae9c2f,0.010676156583629894,10000,114,13640000,outputs.mapping/bams.cds.rand/SRR7182028.x.s__Prevotella sp002251295.fastq.gz,SRR7182028.x.s__Prevotella sp002251295,bc49b5b3,22580000,51,DNA,10000,2258,True,0.878205243516061,0.9148322567367506,0.8965187501264058,0.9148322567367506,True,1,5716,7689,d__Bacteria;p__Bacteroidota;c__Bacteroidia;o__Bacteroidales;f__Muribaculaceae;g__Sodaliphilus;s__Sodaliphilus sp004557565
10000,0.0004428697962798937,0.002061855670103093,0.0004428697962798937,0.0009103914683313824,7.0,7.0,0.0,/group/ctbrowngrp5/sourmash-db.new/gtdb-rs226/gtdb-rs226-k51.dna.rocksdb,GCA_902757795.1 uncultured Prevotellaceae bacterium,4384c7c2a272d31167012cd7a183d144,0.002061855670103093,10000,115,13630000,outputs.mapping/bams.cds.rand/SRR7182028.x.s__Prevotella sp002251295.fastq.gz,SRR7182028.x.s__Prevotella sp002251295,bc49b5b3,22580000,51,DNA,10000,2258,True,0.8594897605073661,0.8858055505306375,0.8726476555190018,0.8858055505306375,True,7,5723,7689,d__Bacteria;p__Bacteroidota;c__Bacteroidia;o__Bacteroidales;f__Bacteroidaceae;g__Prevotella;s__Prevotella sp900315075
10000,0.0004428697962798937,0.004273504273504274,0.0004428697962798937,0.00026011184809468074,2.0,2.0,0.0,/group/ctbrowngrp5/sourmash-db.new/gtdb-rs226/gtdb-rs226-k51.dna.rocksdb,GCA_034113185.1 Alloprevotella sp.,1fe92a167f6a6086e1b2c3fa479d8538,0.004273504273504274,10000,116,13620000,outputs.mapping/bams.cds.rand/SRR7182028.x.s__Prevotella sp002251295.fastq.gz,SRR7182028.x.s__Prevotella sp002251295,bc49b5b3,22580000,51,DNA,10000,2258,True,0.8594897605073661,0.8985552523193859,0.8790225064133761,0.8985552523193859,True,2,5725,7689,d__Bacteria;p__Bacteroidota;c__Bacteroidia;o__Bacteroidales;f__Bacteroidaceae;g__Alloprevotella;s__Alloprevotella sp004555425
10000,0.0004428697962798937,0.004878048780487805,0.0004428697962798937,0.00013005592404734037,1.0,1.0,0.0,/group/ctbrowngrp5/sourmash-db.new/gtdb-rs226/gtdb-rs226-k51.dna.rocksdb,GCF_021531795.1 Lacrimispora saccharolytica,b9f95aaa82634ee90dd5ff5803ed0dee,0.004878048780487805,10000,117,13610000,outputs.mapping/bams.cds.rand/SRR7182028.x.s__Prevotella sp002251295.fastq.gz,SRR7182028.x.s__Prevotella sp002251295,bc49b5b3,22580000,51,DNA,10000,2258,True,0.8594897605073661,0.9008894330777228,0.8801895967925445,0.9008894330777228,True,1,5726,7689,d__Bacteria;p__Bacillota;c__Clostridia;o__Lachnospirales;f__Lachnospiraceae;g__Colinaster;s__Colinaster sp018056665
20000,0.0008857395925597874,0.004,0.0004428697962798937,0.00013005592404734037,1.0,1.0,0.0,/group/ctbrowngrp5/sourmash-db.new/gtdb-rs226/gtdb-rs226-k51.dna.rocksdb,GCA_000433895.1 Prevotella sp. CAG:474,bc79a61e18a1ff53908b05b8387b3bfa,0.008,10000,118,13600000,outputs.mapping/bams.cds.rand/SRR7182028.x.s__Prevotella sp002251295.fastq.gz,SRR7182028.x.s__Prevotella sp002251295,bc49b5b3,22580000,51,DNA,10000,2258,True,0.8712509327185177,0.9096705132580012,0.8904607229882595,0.9096705132580012,True,1,5727,7689,d__Bacteria;p__Bacteroidota;c__Bacteroidia;o__Bacteroidales;f__Bacteroidaceae;g__Prevotella;s__Prevotella sp002251385
20000,0.0008857395925597874,0.002109704641350211,0.0004428697962798937,0.00013005592404734037,1.0,1.0,0.0,/group/ctbrowngrp5/sourmash-db.new/gtdb-rs226/gtdb-rs226-k51.dna.rocksdb,GCA_900766925.1 Lachnospiraceae bacterium,dd03feabaa3849fbef4c95c67fdcaa5b,0.004219409282700422,10000,119,13590000,outputs.mapping/bams.cds.rand/SRR7182028.x.s__Prevotella sp002251295.fastq.gz,SRR7182028.x.s__Prevotella sp002251295,bc49b5b3,22580000,51,DNA,10000,2258,True,0.8712509327185177,0.898330834887376,0.8847908838029468,0.898330834887376,True,1,5728,7689,d__Bacteria;p__Bacillota;c__Clostridia;o__Lachnospirales;f__Lachnospiraceae;g__Wujia;s__Wujia sp900766925
40000,0.001771479185119575,0.003205128205128205,0.0004428697962798937,0.00013005592404734037,1.0,1.0,0.0,/group/ctbrowngrp5/sourmash-db.new/gtdb-rs226/gtdb-rs226-k51.dna.rocksdb,GCA_905205205.1 uncultured Prevotella sp.,e6fbc522d1f31eb4452eea6d33576b5f,0.01282051282051282,10000,120,13580000,outputs.mapping/bams.cds.rand/SRR7182028.x.s__Prevotella sp002251295.fastq.gz,SRR7182028.x.s__Prevotella sp002251295,bc49b5b3,22580000,51,DNA,10000,2258,True,0.8831730436378847,0.9181213906608477,0.9006472171493662,0.9181213906608477,True,1,5729,7689,d__Bacteria;p__Bacteroidota;c__Bacteroidia;o__Bacteroidales;f__Bacteroidaceae;g__Prevotella;s__Prevotella lascolaii
30000,0.001328609388839681,0.001941747572815534,0.0004428697962798937,0.00013005592404734037,1.0,1.0,0.0,/group/ctbrowngrp5/sourmash-db.new/gtdb-rs226/gtdb-rs226-k51.dna.rocksdb,GCA_034128305.1 Parabacteroides distasonis,56685803b624a54faf0c5ad241af5e73,0.005825242718446602,10000,121,13570000,outputs.mapping/bams.cds.rand/SRR7182028.x.s__Prevotella sp002251295.fastq.gz,SRR7182028.x.s__Prevotella sp002251295,bc49b5b3,22580000,51,DNA,10000,2258,True,0.878205243516061,0.9040295530600652,0.8911173982880631,0.9040295530600652,True,1,5730,7689,d__Bacteria;p__Bacteroidota;c__Bacteroidia;o__Bacteroidales;f__Tannerellaceae;g__Parabacteroides;s__Parabacteroides distasonis
30000,0.001328609388839681,0.0045045045045045045,0.0004428697962798937,0.00013005592404734037,1.0,1.0,0.0,/group/ctbrowngrp5/sourmash-db.new/gtdb-rs226/gtdb-rs226-k51.dna.rocksdb,GCA_945995695.1 uncultured Bacteroidales bacterium,2373b7c6d9acae4e0ebc1d38f160eef9,0.013513513513513514,10000,122,13560000,outputs.mapping/bams.cds.rand/SRR7182028.x.s__Prevotella sp002251295.fastq.gz,SRR7182028.x.s__Prevotella sp002251295,bc49b5b3,22580000,51,DNA,10000,2258,True,0.878205243516061,0.919069592463689,0.8986374179898751,0.919069592463689,True,1,5731,7689,d__Bacteria;p__Bacteroidota;c__Bacteroidia;o__Bacteroidales;f__Bacteroidaceae;g__Alloprevotella;s__Alloprevotella sp004557185
10000,0.0004428697962798937,0.005780346820809248,0.0004428697962798937,0.00026011184809468074,2.0,2.0,0.0,/group/ctbrowngrp5/sourmash-db.new/gtdb-rs226/gtdb-rs226-k51.dna.rocksdb,GCA_031549605.1 Oscillospiraceae bacterium,e569e4849b1225488a75f7a283855cc9,0.005780346820809248,10000,123,13550000,outputs.mapping/bams.cds.rand/SRR7182028.x.s__Prevotella sp002251295.fastq.gz,SRR7182028.x.s__Prevotella sp002251295,bc49b5b3,22580000,51,DNA,10000,2258,True,0.8594897605073661,0.9038924171716131,0.8816910888394895,0.9038924171716131,True,2,5733,7689,d__Bacteria;p__Bacillota;c__Clostridia;o__Oscillospirales;f__UBA929;g__WRAI01;s__WRAI01 sp031549605
10000,0.0004428697962798937,0.005780346820809248,0.0004428697962798937,0.00026011184809468074,2.0,2.0,0.0,/group/ctbrowngrp5/sourmash-db.new/gtdb-rs226/gtdb-rs226-k51.dna.rocksdb,GCA_945497625.1 uncultured Bacteroidales bacterium,b93a440f7181be7b3c737eae56219231,0.005780346820809248,10000,124,13540000,outputs.mapping/bams.cds.rand/SRR7182028.x.s__Prevotella sp002251295.fastq.gz,SRR7182028.x.s__Prevotella sp002251295,bc49b5b3,22580000,51,DNA,10000,2258,True,0.8594897605073661,0.9038924171716131,0.8816910888394895,0.9038924171716131,True,2,5735,7689,d__Bacteria;p__Bacteroidota;c__Bacteroidia;o__Bacteroidales;f__Muribaculaceae;g__Lepagella;s__Lepagella sp004553095
10000,0.0004428697962798937,0.002506265664160401,0.0004428697962798937,0.00013005592404734037,1.0,1.0,0.0,/group/ctbrowngrp5/sourmash-db.new/gtdb-rs226/gtdb-rs226-k51.dna.rocksdb,GCF_039832495.1 Clostridium saudiense,0e13e256bd9ba4df7e64a1a3f60fd28b,0.002506265664160401,10000,125,13530000,outputs.mapping/bams.cds.rand/SRR7182028.x.s__Prevotella sp002251295.fastq.gz,SRR7182028.x.s__Prevotella sp002251295,bc49b5b3,22580000,51,DNA,10000,2258,True,0.8594897605073661,0.8892022059964727,0.8743459832519194,0.8892022059964727,True,1,5736,7689,d__Bacteria;p__Bacillota;c__Clostridia;o__Clostridiales;f__Clostridiaceae;g__Clostridium;s__Clostridium saudiense
10000,0.0004428697962798937,0.0032679738562091504,0.0004428697962798937,0.00013005592404734037,1.0,1.0,0.0,/group/ctbrowngrp5/sourmash-db.new/gtdb-rs226/gtdb-rs226-k51.dna.rocksdb,GCA_945926145.1 uncultured Bacteroidales bacterium,b8e6b7f6b24c414eeda9c4981ca5d7fc,0.0032679738562091504,10000,126,13520000,outputs.mapping/bams.cds.rand/SRR7182028.x.s__Prevotella sp002251295.fastq.gz,SRR7182028.x.s__Prevotella sp002251295,bc49b5b3,22580000,51,DNA,10000,2258,True,0.8594897605073661,0.8938411904895232,0.8766654754984446,0.8938411904895232,True,1,5737,7689,d__Bacteria;p__Bacteroidota;c__Bacteroidia;o__Bacteroidales;f__Bacteroidaceae;g__Prevotella;s__Prevotella sp900552675
20000,0.0008857395925597874,0.0034482758620689655,0.0004428697962798937,0.00013005592404734037,1.0,1.0,0.0,/group/ctbrowngrp5/sourmash-db.new/gtdb-rs226/gtdb-rs226-k51.dna.rocksdb,GCA_029218445.1 Prevotellaceae bacterium,8247cdf01f2cb2a8b4f2329c925ba299,0.006896551724137931,10000,127,13510000,outputs.mapping/bams.cds.rand/SRR7182028.x.s__Prevotella sp002251295.fastq.gz,SRR7182028.x.s__Prevotella sp002251295,bc49b5b3,22580000,51,DNA,10000,2258,True,0.8712509327185177,0.907027041982046,0.8891389873502819,0.907027041982046,True,1,5738,7689,d__Bacteria;p__Bacteroidota;c__Bacteroidia;o__Bacteroidales;f__Bacteroidaceae;g__Prevotella;s__Prevotella sp029218445
10000,0.0004428697962798937,0.0038022813688212928,0.0004428697962798937,0.00013005592404734037,1.0,1.0,0.0,/group/ctbrowngrp5/sourmash-db.new/gtdb-rs226/gtdb-rs226-k51.dna.rocksdb,GCA_946056155.1 uncultured Mediterranea sp.,a5258ab5ee52fc137a0e956575a337d0,0.0038022813688212928,10000,128,13500000,outputs.mapping/bams.cds.rand/SRR7182028.x.s__Prevotella sp002251295.fastq.gz,SRR7182028.x.s__Prevotella sp002251295,bc49b5b3,22580000,51,DNA,10000,2258,True,0.8594897605073661,0.896499160640959,0.8779944605741625,0.896499160640959,True,1,5739,7689,d__Bacteria;p__Bacteroidota;c__Bacteroidia;o__Bacteroidales;f__Bacteroidaceae;g__Bacteroides;s__Bacteroides sp946056155
20000,0.0008857395925597874,0.0036496350364963502,0.0004428697962798937,0.00013005592404734037,1.0,1.0,0.0,/group/ctbrowngrp5/sourmash-db.new/gtdb-rs226/gtdb-rs226-k51.dna.rocksdb,GCA_945787885.1 uncultured Bacteroidales bacterium,a91beb762a9a741256cc16a6438761c7,0.0072992700729927005,10000,129,13490000,outputs.mapping/bams.cds.rand/SRR7182028.x.s__Prevotella sp002251295.fastq.gz,SRR7182028.x.s__Prevotella sp002251295,bc49b5b3,22580000,51,DNA,10000,2258,True,0.8712509327185177,0.908036943774764,0.8896439382466408,0.908036943774764,True,1,5740,7689,d__Bacteria;p__Bacteroidota;c__Bacteroidia;o__Bacteroidales;f__Bacteroidaceae;g__Alloprevotella;s__Alloprevotella sp945787885
190000,0.00841452612931798,0.0038910505836575876,0.0004428697962798937,0.00013005592404734037,1.0,1.0,0.0,/group/ctbrowngrp5/sourmash-db.new/gtdb-rs226/gtdb-rs226-k51.dna.rocksdb,GCF_037361015.1 Prevotella pectinovora,5a4e082dd86c9a2dd9c29faa60b2493d,0.07392996108949416,10000,130,13480000,outputs.mapping/bams.cds.rand/SRR7182028.x.s__Prevotella sp002251295.fastq.gz,SRR7182028.x.s__Prevotella sp002251295,bc49b5b3,22580000,51,DNA,10000,2258,True,0.9105720324148476,0.9502109030666163,0.9303914677407319,0.9502109030666163,False,1,5741,7689,d__Bacteria;p__Bacteroidota;c__Bacteroidia;o__Bacteroidales;f__Bacteroidaceae;g__Prevotella;s__Prevotella pectinovora
10000,0.0004428697962798937,0.004545454545454545,0.0004428697962798937,0.00013005592404734037,1.0,1.0,0.0,/group/ctbrowngrp5/sourmash-db.new/gtdb-rs226/gtdb-rs226-k51.dna.rocksdb,GCA_948751085.1 uncultured Oscillospiraceae bacterium,ba40cdb1cebfa775676263524ca95551,0.004545454545454545,10000,131,13470000,outputs.mapping/bams.cds.rand/SRR7182028.x.s__Prevotella sp002251295.fastq.gz,SRR7182028.x.s__Prevotella sp002251295,bc49b5b3,22580000,51,DNA,10000,2258,True,0.8594897605073661,0.8996428723837347,0.8795663164455505,0.8996428723837347,True,1,5742,7689,d__Bacteria;p__Bacillota;c__Clostridia;o__Oscillospirales;f__Ruminococcaceae;g__Porcipelethomonas;s__Porcipelethomonas sp910588145
10000,0.0004428697962798937,0.00392156862745098,0.0004428697962798937,0.00013005592404734037,1.0,1.0,0.0,/group/ctbrowngrp5/sourmash-db.new/gtdb-rs226/gtdb-rs226-k51.dna.rocksdb,GCA_029010315.1 Bacteroidales bacterium,f99bffc09f7a574e269b0e04e03a72b4,0.00392156862745098,10000,132,13460000,outputs.mapping/bams.cds.rand/SRR7182028.x.s__Prevotella sp002251295.fastq.gz,SRR7182028.x.s__Prevotella sp002251295,bc49b5b3,22580000,51,DNA,10000,2258,True,0.8594897605073661,0.8970423309200757,0.8782660457137209,0.8970423309200757,True,1,5743,7689,d__Bacteria;p__Bacteroidota;c__Bacteroidia;o__Bacteroidales;f__Bacteroidaceae;g__Alloprevotella;s__Alloprevotella sp945869305
10000,0.0004428697962798937,0.0044444444444444444,0.0004428697962798937,0.00026011184809468074,2.0,2.0,0.0,/group/ctbrowngrp5/sourmash-db.new/gtdb-rs226/gtdb-rs226-k51.dna.rocksdb,GCA_902770415.1 uncultured Prevotellaceae bacterium,feb350fe85af2d187ba9b251d9d99216,0.0044444444444444444,10000,133,13450000,outputs.mapping/bams.cds.rand/SRR7182028.x.s__Prevotella sp002251295.fastq.gz,SRR7182028.x.s__Prevotella sp002251295,bc49b5b3,22580000,51,DNA,10000,2258,True,0.8594897605073661,0.8992465372686094,0.8793681488879878,0.8992465372686094,True,2,5745,7689,d__Bacteria;p__Bacteroidota;c__Bacteroidia;o__Bacteroidales;f__Bacteroidaceae;g__Prevotella;s__Prevotella sp900315095
70000,0.003100088573959256,0.00425531914893617,0.0004428697962798937,0.0007803355442840422,6.0,6.0,0.0,/group/ctbrowngrp5/sourmash-db.new/gtdb-rs226/gtdb-rs226-k51.dna.rocksdb,GCA_004554495.1 Bacteroidales bacterium,ee96a02261cff23da7f1832e323f86d6,0.029787234042553193,10000,134,13440000,outputs.mapping/bams.cds.rand/SRR7182028.x.s__Prevotella sp002251295.fastq.gz,SRR7182028.x.s__Prevotella sp002251295,bc49b5b3,22580000,51,DNA,10000,2258,True,0.8929173401769998,0.9334241287695567,0.9131707344732782,0.9334241287695567,False,6,5751,7689,d__Bacteria;p__Bacteroidota;c__Bacteroidia;o__Bacteroidales;f__Bacteroidaceae;g__Minthosoma;s__Minthosoma sp900316975
10000,0.0004428697962798937,0.002898550724637681,0.0004428697962798937,0.00013005592404734037,1.0,1.0,0.0,/group/ctbrowngrp5/sourmash-db.new/gtdb-rs226/gtdb-rs226-k51.dna.rocksdb,GCA_022738415.1 Bacillota bacterium,f7006a786c7a95bfca6078210a40e614,0.002898550724637681,10000,135,13430000,outputs.mapping/bams.cds.rand/SRR7182028.x.s__Prevotella sp002251295.fastq.gz,SRR7182028.x.s__Prevotella sp002251295,bc49b5b3,22580000,51,DNA,10000,2258,True,0.8594897605073661,0.8917412184891021,0.8756154894982342,0.8917412184891021,True,1,5752,7689,d__Bacteria;p__Bacillota;c__Clostridia;o__Lachnospirales;f__Lachnospiraceae;g__Acetatifactor;s__Acetatifactor intestinalis
20000,0.0008857395925597874,0.003745318352059925,0.0004428697962798937,0.00026011184809468074,2.0,2.0,0.0,/group/ctbrowngrp5/sourmash-db.new/gtdb-rs226/gtdb-rs226-k51.dna.rocksdb,GCA_902466535.1 uncultured Paraprevotella sp.,5aaf1d780937638678e2e9dfacb9da93,0.00749063670411985,10000,136,13420000,outputs.mapping/bams.cds.rand/SRR7182028.x.s__Prevotella sp002251295.fastq.gz,SRR7182028.x.s__Prevotella sp002251295,bc49b5b3,22580000,51,DNA,10000,2258,True,0.8712509327185177,0.9084978351112296,0.8898743839148737,0.9084978351112296,True,2,5754,7689,d__Bacteria;p__Bacteroidota;c__Bacteroidia;o__Bacteroidales;f__Bacteroidaceae;g__Paraprevotella;s__Paraprevotella sp900548345
20000,0.0008857395925597874,0.0031746031746031746,0.0004428697962798937,0.0005202236961893615,4.0,4.0,0.0,/group/ctbrowngrp5/sourmash-db.new/gtdb-rs226/gtdb-rs226-k51.dna.rocksdb,GCA_945923735.1 uncultured bacterium,0f4259bc023a37d65001503db53dbdfc,0.006349206349206349,10000,137,13410000,outputs.mapping/bams.cds.rand/SRR7182028.x.s__Prevotella sp002251295.fastq.gz,SRR7182028.x.s__Prevotella sp002251295,bc49b5b3,22580000,51,DNA,10000,2258,True,0.8712509327185177,0.9055575743428164,0.8884042535306671,0.9055575743428164,True,4,5758,7689,d__Bacteria;p__Bacteroidota;c__Bacteroidia;o__Bacteroidales;f__Bacteroidaceae;g__Prevotella;s__Prevotella sp004556065
20000,0.0008857395925597874,0.004830917874396135,0.0004428697962798937,0.0003901677721420211,3.0,3.0,0.0,/group/ctbrowngrp5/sourmash-db.new/gtdb-rs226/gtdb-rs226-k51.dna.rocksdb,GCA_018384935.1 Bacteroidales bacterium,1f9e25c75e7fee517a306c4e0bccf461,0.00966183574879227,10000,138,13400000,outputs.mapping/bams.cds.rand/SRR7182028.x.s__Prevotella sp002251295.fastq.gz,SRR7182028.x.s__Prevotella sp002251295,bc49b5b3,22580000,51,DNA,10000,2258,True,0.8712509327185177,0.9130432826867383,0.892147107702628,0.9130432826867383,True,3,5761,7689,d__Bacteria;p__Bacteroidota;c__Bacteroidia;o__Bacteroidales;f__F082;g__Limimorpha;s__Limimorpha sp900769945
10000,0.0004428697962798937,0.004524886877828055,0.0004428697962798937,0.00013005592404734037,1.0,1.0,0.0,/group/ctbrowngrp5/sourmash-db.new/gtdb-rs226/gtdb-rs226-k51.dna.rocksdb,GCA_945828535.1 uncultured Bacteroidales bacterium,95f7347274b3bf64efb7e7b1af77d159,0.004524886877828055,10000,139,13390000,outputs.mapping/bams.cds.rand/SRR7182028.x.s__Prevotella sp002251295.fastq.gz,SRR7182028.x.s__Prevotella sp002251295,bc49b5b3,22580000,51,DNA,10000,2258,True,0.8594897605073661,0.8995628755480881,0.8795263180277271,0.8995628755480881,True,1,5762,7689,d__Bacteria;p__Bacteroidota;c__Bacteroidia;o__Bacteroidales;f__Muribaculaceae;g__SFTJ01;s__SFTJ01 sp004557385
10000,0.0004428697962798937,0.004424778761061947,0.0004428697962798937,0.00013005592404734037,1.0,1.0,0.0,/group/ctbrowngrp5/sourmash-db.new/gtdb-rs226/gtdb-rs226-k51.dna.rocksdb,GCF_022777625.1 Treponema porcinum,bda6c0b2d92b2926c3784ea238f0fbb9,0.004424778761061947,10000,140,13380000,outputs.mapping/bams.cds.rand/SRR7182028.x.s__Prevotella sp002251295.fastq.gz,SRR7182028.x.s__Prevotella sp002251295,bc49b5b3,22580000,51,DNA,10000,2258,True,0.8594897605073661,0.8991683485884662,0.8793290545479162,0.8991683485884662,True,1,5763,7689,d__Bacteria;p__Spirochaetota;c__Spirochaetia;o__Treponematales;f__Treponemataceae;g__Treponema_D;s__Treponema_D porcinum
1980000,0.08768821966341896,0.004629629629629629,0.0004428697962798937,0.0018207829366627649,14.0,14.0,0.0,/group/ctbrowngrp5/sourmash-db.new/gtdb-rs226/gtdb-rs226-k51.dna.rocksdb,GCA_945622605.1 uncultured Prevotella sp.,06a498308bf57622aea27c225e441fef,0.9166666666666666,10000,141,13370000,outputs.mapping/bams.cds.rand/SRR7182028.x.s__Prevotella sp002251295.fastq.gz,SRR7182028.x.s__Prevotella sp002251295,bc49b5b3,22580000,51,DNA,10000,2258,True,0.9533960711171147,0.9982953491393675,0.9758457101282411,0.9982953491393675,False,14,5777,7689,d__Bacteria;p__Bacteroidota;c__Bacteroidia;o__Bacteroidales;f__Bacteroidaceae;g__Prevotella;s__Prevotella sp002251295
60000,0.002657218777679362,0.003484320557491289,0.0004428697962798937,0.00013005592404734037,1.0,1.0,0.0,/group/ctbrowngrp5/sourmash-db.new/gtdb-rs226/gtdb-rs226-k51.dna.rocksdb,GCA_945497555.1 uncultured Prevotellaceae bacterium,8bf2c1e5bd842ee93aaaf5e4e525c891,0.020905923344947737,10000,142,13360000,outputs.mapping/bams.cds.rand/SRR7182028.x.s__Prevotella sp002251295.fastq.gz,SRR7182028.x.s__Prevotella sp002251295,bc49b5b3,22580000,51,DNA,10000,2258,True,0.8902225165311946,0.9269666401913853,0.9085945783612899,0.9269666401913853,True,1,5778,7689,d__Bacteria;p__Bacteroidota;c__Bacteroidia;o__Bacteroidales;f__Bacteroidaceae;g__Physcousia;s__Physcousia sp945865175
10000,0.0004428697962798937,0.003703703703703704,0.0004428697962798937,0.00013005592404734037,1.0,1.0,0.0,/group/ctbrowngrp5/sourmash-db.new/gtdb-rs226/gtdb-rs226-k51.dna.rocksdb,GCA_946061575.1 uncultured Bacteroidales bacterium,b2edb0387ead0d9e58fb0f1f6a234862,0.003703703703703704,10000,143,13350000,outputs.mapping/bams.cds.rand/SRR7182028.x.s__Prevotella sp002251295.fastq.gz,SRR7182028.x.s__Prevotella sp002251295,bc49b5b3,22580000,51,DNA,10000,2258,True,0.8594897605073661,0.8960375310174413,0.8777636457624037,0.8960375310174413,True,1,5779,7689,d__Bacteria;p__Bacteroidota;c__Bacteroidia;o__Bacteroidales;f__Marinilabiliaceae;g__W3P20-009;s__W3P20-009 sp022768325
10000,0.0004428697962798937,0.003436426116838488,0.0004428697962798937,0.00026011184809468074,2.0,2.0,0.0,/group/ctbrowngrp5/sourmash-db.new/gtdb-rs226/gtdb-rs226-k51.dna.rocksdb,GCA_016291495.1 Prevotella sp.,a17947c33cb12336e3752fa75f8db30a,0.003436426116838488,10000,144,13340000,outputs.mapping/bams.cds.rand/SRR7182028.x.s__Prevotella sp002251295.fastq.gz,SRR7182028.x.s__Prevotella sp002251295,bc49b5b3,22580000,51,DNA,10000,2258,True,0.8594897605073661,0.8947225285960692,0.8771061445517176,0.8947225285960692,True,2,5781,7689,d__Bacteria;p__Bacteroidota;c__Bacteroidia;o__Bacteroidales;f__Bacteroidaceae;g__Prevotella;s__Prevotella sp016291495
10000,0.0004428697962798937,0.0037313432835820895,0.0004428697962798937,0.00013005592404734037,1.0,1.0,0.0,/group/ctbrowngrp5/sourmash-db.new/gtdb-rs226/gtdb-rs226-k51.dna.rocksdb,GCA_944366945.1 uncultured Clostridia bacterium,4db0e608be359ea342a7b4f482754a26,0.0037313432835820895,10000,145,13330000,outputs.mapping/bams.cds.rand/SRR7182028.x.s__Prevotella sp002251295.fastq.gz,SRR7182028.x.s__Prevotella sp002251295,bc49b5b3,22580000,51,DNA,10000,2258,True,0.8594897605073661,0.8961681683781925,0.8778289644427792,0.8961681683781925,True,1,5782,7689,d__Bacteria;p__Bacillota;c__Clostridia;o__Christensenellales;f__CAG-138;g__UBA1685;s__UBA1685 sp944366945
10000,0.0004428697962798937,0.004149377593360996,0.0004428697962798937,0.00013005592404734037,1.0,1.0,0.0,/group/ctbrowngrp5/sourmash-db.new/gtdb-rs226/gtdb-rs226-k51.dna.rocksdb,GCA_945927315.1 uncultured Bacteroidales bacterium,be7811a63c2bdd0f6632b68b04ed5593,0.004149377593360996,10000,146,13320000,outputs.mapping/bams.cds.rand/SRR7182028.x.s__Prevotella sp002251295.fastq.gz,SRR7182028.x.s__Prevotella sp002251295,bc49b5b3,22580000,51,DNA,10000,2258,True,0.8594897605073661,0.8980360758706126,0.8787629181889893,0.8980360758706126,True,1,5783,7689,d__Bacteria;p__Bacteroidota;c__Bacteroidia;o__Bacteroidales;f__Bacteroidaceae;g__Prevotella;s__Prevotella sp022788105
30000,0.001328609388839681,0.005,0.0004428697962798937,0.00013005592404734037,1.0,1.0,0.0,/group/ctbrowngrp5/sourmash-db.new/gtdb-rs226/gtdb-rs226-k51.dna.rocksdb,GCA_945487245.1 uncultured Prevotella sp.,99a7c0ef7e2076d674a3a445c2cfd9c8,0.015,10000,147,13310000,outputs.mapping/bams.cds.rand/SRR7182028.x.s__Prevotella sp002251295.fastq.gz,SRR7182028.x.s__Prevotella sp002251295,bc49b5b3,22580000,51,DNA,10000,2258,True,0.878205243516061,0.9209521869155373,0.8995787152157991,0.9209521869155373,True,1,5784,7689,d__Bacteria;p__Bacteroidota;c__Bacteroidia;o__Bacteroidales;f__Bacteroidaceae;g__Prevotella;s__Prevotella sp945863825
10000,0.0004428697962798937,0.0045871559633027525,0.0004428697962798937,0.0007803355442840422,6.0,6.0,0.0,/group/ctbrowngrp5/sourmash-db.new/gtdb-rs226/gtdb-rs226-k51.dna.rocksdb,GCA_946891875.1 Prevotella amnii,ab0f5b6280079969566550ec7c92c880,0.0045871559633027525,10000,148,13300000,outputs.mapping/bams.cds.rand/SRR7182028.x.s__Prevotella sp002251295.fastq.gz,SRR7182028.x.s__Prevotella sp002251295,bc49b5b3,22580000,51,DNA,10000,2258,True,0.8594897605073661,0.8998039843327351,0.8796468724200506,0.8998039843327351,True,6,5790,7689,d__Bacteria;p__Bacteroidota;c__Bacteroidia;o__Bacteroidales;f__Bacteroidaceae;g__Prevotella;s__Prevotella amnii
80000,0.00354295837023915,0.0038314176245210726,0.0004428697962798937,0.00013005592404734037,1.0,1.0,0.0,/group/ctbrowngrp5/sourmash-db.new/gtdb-rs226/gtdb-rs226-k51.dna.rocksdb,GCA_029101425.1 Prevotella sp.,31c005942580110e29f5fbd914d5b8d9,0.03065134099616858,10000,149,13290000,outputs.mapping/bams.cds.rand/SRR7182028.x.s__Prevotella sp002251295.fastq.gz,SRR7182028.x.s__Prevotella sp002251295,bc49b5b3,22580000,51,DNA,10000,2258,True,0.8952582955347084,0.9339476610730331,0.9146029783038707,0.9339476610730331,False,1,5791,7689,d__Bacteria;p__Bacteroidota;c__Bacteroidia;o__Bacteroidales;f__Bacteroidaceae;g__Prevotella;s__Prevotella sp002251435
10000,0.0004428697962798937,0.005405405405405406,0.0004428697962798937,0.00013005592404734037,1.0,1.0,0.0,/group/ctbrowngrp5/sourmash-db.new/gtdb-rs226/gtdb-rs226-k51.dna.rocksdb,GCA_004558595.1 Phascolarctobacterium sp.,82f5ae137c37969242b7840b4f05f8d0,0.005405405405405406,10000,150,13280000,outputs.mapping/bams.cds.rand/SRR7182028.x.s__Prevotella sp002251295.fastq.gz,SRR7182028.x.s__Prevotella sp002251295,bc49b5b3,22580000,51,DNA,10000,2258,True,0.8594897605073661,0.9027045934360562,0.8810971769717112,0.9027045934360562,True,1,5792,7689,d__Bacteria;p__Bacillota;c__Negativicutes;o__Acidaminococcales;f__Acidaminococcaceae;g__Phascolarctobacterium_A;s__Phascolarctobacterium_A sp004558595
10000,0.0004428697962798937,0.004219409282700422,0.0004428697962798937,0.00026011184809468074,2.0,2.0,0.0,/group/ctbrowngrp5/sourmash-db.new/gtdb-rs226/gtdb-rs226-k51.dna.rocksdb,GCA_945831405.1 uncultured Prevotellaceae bacterium,f7618324455eaf035eccc194dc802fa8,0.004219409282700422,10000,151,13270000,outputs.mapping/bams.cds.rand/SRR7182028.x.s__Prevotella sp002251295.fastq.gz,SRR7182028.x.s__Prevotella sp002251295,bc49b5b3,22580000,51,DNA,10000,2258,True,0.8594897605073661,0.898330834887376,0.8789102976973711,0.898330834887376,True,2,5794,7689,d__Bacteria;p__Bacteroidota;c__Bacteroidia;o__Bacteroidales;f__Bacteroidaceae;g__Physcousia;s__Physcousia sp900766785
10000,0.0004428697962798937,0.0040650406504065045,0.0004428697962798937,0.00013005592404734037,1.0,1.0,0.0,/group/ctbrowngrp5/sourmash-db.new/gtdb-rs226/gtdb-rs226-k51.dna.rocksdb,GCA_945947085.1 uncultured Bacteroidales bacterium,50b0dd20daa6c647ebc5f41032b0c7b5,0.0040650406504065045,10000,152,13260000,outputs.mapping/bams.cds.rand/SRR7182028.x.s__Prevotella sp002251295.fastq.gz,SRR7182028.x.s__Prevotella sp002251295,bc49b5b3,22580000,51,DNA,10000,2258,True,0.8594897605073661,0.8976745640706776,0.8785821622890219,0.8976745640706776,True,1,5795,7689,d__Bacteria;p__Bacteroidota;c__Bacteroidia;o__Bacteroidales;f__Bacteroidaceae;g__Prevotella;s__Prevotella sp004554665
10000,0.0004428697962798937,0.00425531914893617,0.0004428697962798937,0.0013005592404734035,10.0,10.0,0.0,/group/ctbrowngrp5/sourmash-db.new/gtdb-rs226/gtdb-rs226-k51.dna.rocksdb,GCA_004553285.1 Subdoligranulum variabile,88bd40466634bc6c8878e784fb41820e,0.00425531914893617,10000,153,13250000,outputs.mapping/bams.cds.rand/SRR7182028.x.s__Prevotella sp002251295.fastq.gz,SRR7182028.x.s__Prevotella sp002251295,bc49b5b3,22580000,51,DNA,10000,2258,True,0.8594897605073661,0.8984801221677612,0.8789849413375637,0.8984801221677612,True,10,5805,7689,d__Bacteria;p__Bacillota;c__Clostridia;o__Oscillospirales;f__Ruminococcaceae;g__Gemmiger;s__Gemmiger variabilis_A
10000,0.0004428697962798937,0.004739336492890996,0.0004428697962798937,0.00026011184809468074,2.0,2.0,0.0,/group/ctbrowngrp5/sourmash-db.new/gtdb-rs226/gtdb-rs226-k51.dna.rocksdb,GCA_034176175.1 Alloprevotella sp.,7d5d80bd68388a93a2f5797a0da9c35a,0.004739336492890996,10000,154,13240000,outputs.mapping/bams.cds.rand/SRR7182028.x.s__Prevotella sp002251295.fastq.gz,SRR7182028.x.s__Prevotella sp002251295,bc49b5b3,22580000,51,DNA,10000,2258,True,0.8594897605073661,0.900379988990409,0.8799348747488875,0.900379988990409,True,2,5807,7689,d__Bacteria;p__Bacteroidota;c__Bacteroidia;o__Bacteroidales;f__Bacteroidaceae;g__Alloprevotella;s__Alloprevotella sp945788445
10000,0.0004428697962798937,0.0038022813688212928,0.0004428697962798937,0.0003901677721420211,3.0,3.0,0.0,/group/ctbrowngrp5/sourmash-db.new/gtdb-rs226/gtdb-rs226-k51.dna.rocksdb,GCA_022776305.1 Lachnospiraceae bacterium,53c43c8f0fda61e91112b62695489b74,0.0038022813688212928,10000,155,13230000,outputs.mapping/bams.cds.rand/SRR7182028.x.s__Prevotella sp002251295.fastq.gz,SRR7182028.x.s__Prevotella sp002251295,bc49b5b3,22580000,51,DNA,10000,2258,True,0.8594897605073661,0.896499160640959,0.8779944605741625,0.896499160640959,True,3,5810,7689,d__Bacteria;p__Bacillota;c__Clostridia;o__Lachnospirales;f__Lachnospiraceae;g__Choladousia;s__Choladousia sp022776305
20000,0.0008857395925597874,0.003787878787878788,0.0004428697962798937,0.00013005592404734037,1.0,1.0,0.0,/group/ctbrowngrp5/sourmash-db.new/gtdb-rs226/gtdb-rs226-k51.dna.rocksdb,GCF_902495735.1 uncultured Prevotella sp.,ff41b1fe95f197d168d39508ba488bb5,0.007575757575757576,10000,156,13220000,outputs.mapping/bams.cds.rand/SRR7182028.x.s__Prevotella sp002251295.fastq.gz,SRR7182028.x.s__Prevotella sp002251295,bc49b5b3,22580000,51,DNA,10000,2258,True,0.8712509327185177,0.9086991441072096,0.8899750384128637,0.9086991441072096,True,1,5811,7689,d__Bacteria;p__Bacteroidota;c__Bacteroidia;o__Bacteroidales;f__Bacteroidaceae;g__Prevotella;s__Prevotella sp900548745
20000,0.0008857395925597874,0.004016064257028112,0.0004428697962798937,0.00013005592404734037,1.0,1.0,0.0,/group/ctbrowngrp5/sourmash-db.new/gtdb-rs226/gtdb-rs226-k51.dna.rocksdb,GCA_945910885.1 uncultured Bacteroidales bacterium,64bc5b814f022a4bcdfa813f8cfc0498,0.008032128514056224,10000,157,13210000,outputs.mapping/bams.cds.rand/SRR7182028.x.s__Prevotella sp002251295.fastq.gz,SRR7182028.x.s__Prevotella sp002251295,bc49b5b3,22580000,51,DNA,10000,2258,True,0.8712509327185177,0.9097420058492147,0.8904964692838662,0.9097420058492147,True,1,5812,7689,d__Bacteria;p__Bacteroidota;c__Bacteroidia;o__Bacteroidales;f__Bacteroidaceae;g__Alloprevotella;s__Alloprevotella sp004558535
10000,0.0004428697962798937,0.003745318352059925,0.0004428697962798937,0.00013005592404734037,1.0,1.0,0.0,/group/ctbrowngrp5/sourmash-db.new/gtdb-rs226/gtdb-rs226-k51.dna.rocksdb,GCA_022767065.1 Lachnospiraceae bacterium,e460f5c1db381aeff2cee2b9d7f1d459,0.003745318352059925,10000,158,13200000,outputs.mapping/bams.cds.rand/SRR7182028.x.s__Prevotella sp002251295.fastq.gz,SRR7182028.x.s__Prevotella sp002251295,bc49b5b3,22580000,51,DNA,10000,2258,True,0.8594897605073661,0.8962338603010542,0.8778618104042102,0.8962338603010542,True,1,5813,7689,d__Bacteria;p__Bacillota;c__Clostridia;o__Lachnospirales;f__Lachnospiraceae;g__Butyribacter;s__Butyribacter sp022764445
20000,0.0008857395925597874,0.0044444444444444444,0.0004428697962798937,0.00013005592404734037,1.0,1.0,0.0,/group/ctbrowngrp5/sourmash-db.new/gtdb-rs226/gtdb-rs226-k51.dna.rocksdb,GCA_022772905.1 Bacteroidales bacterium,31b31a1b89427ffe96bfaf31b5b8e701,0.008888888888888889,10000,159,13190000,outputs.mapping/bams.cds.rand/SRR7182028.x.s__Prevotella sp002251295.fastq.gz,SRR7182028.x.s__Prevotella sp002251295,bc49b5b3,22580000,51,DNA,10000,2258,True,0.8712509327185177,0.9115517372501132,0.8914013349843155,0.9115517372501132,True,1,5814,7689,d__Bacteria;p__Bacteroidota;c__Bacteroidia;o__Bacteroidales;f__Bacteroidaceae;g__Alloprevotella;s__Alloprevotella sp004555425
10000,0.0004428697962798937,0.004672897196261682,0.0004428697962798937,0.0003901677721420211,3.0,3.0,0.0,/group/ctbrowngrp5/sourmash-db.new/gtdb-rs226/gtdb-rs226-k51.dna.rocksdb,GCA_034093635.1 Bacteroidaceae bacterium,3a2699f1751b7865f3cf9a6bd72231fa,0.004672897196261682,10000,160,13180000,outputs.mapping/bams.cds.rand/SRR7182028.x.s__Prevotella sp002251295.fastq.gz,SRR7182028.x.s__Prevotella sp002251295,bc49b5b3,22580000,51,DNA,10000,2258,True,0.8594897605073661,0.9001307792101635,0.8798102698587649,0.9001307792101635,True,3,5817,7689,d__Bacteria;p__Bacteroidota;c__Bacteroidia;o__Bacteroidales;f__Bacteroidaceae;g__UBA6382;s__UBA6382 sp022763905
290000,0.012843224092116917,0.004048582995951417,0.0004428697962798937,0.0013005592404734035,10.0,10.0,0.0,/group/ctbrowngrp5/sourmash-db.new/gtdb-rs226/gtdb-rs226-k51.dna.rocksdb,GCF_000436015.1 Prevotella sp. CAG:592,eed5d2bb8a90b5558e2616f691ac1e7c,0.11740890688259109,10000,161,13170000,outputs.mapping/bams.cds.rand/SRR7182028.x.s__Prevotella sp002251295.fastq.gz,SRR7182028.x.s__Prevotella sp002251295,bc49b5b3,22580000,51,DNA,10000,2258,True,0.9181532538418937,0.9588680413226298,0.9385106475822618,0.9588680413226298,False,10,5827,7689,d__Bacteria;p__Bacteroidota;c__Bacteroidia;o__Bacteroidales;f__Bacteroidaceae;g__Prevotella;s__Prevotella pectinovora
40000,0.001771479185119575,0.0030959752321981426,0.0004428697962798937,0.00013005592404734037,1.0,1.0,0.0,/group/ctbrowngrp5/sourmash-db.new/gtdb-rs226/gtdb-rs226-k51.dna.rocksdb,GCF_934193235.1 uncultured Prevotella sp.,84422b50b76d2f33cfdda6029889acf9,0.01238390092879257,10000,162,13160000,outputs.mapping/bams.cds.rand/SRR7182028.x.s__Prevotella sp002251295.fastq.gz,SRR7182028.x.s__Prevotella sp002251295,bc49b5b3,22580000,51,DNA,10000,2258,True,0.8831730436378847,0.9174978355952487,0.9003354396165667,0.9174978355952487,True,1,5828,7689,d__Bacteria;p__Bacteroidota;c__Bacteroidia;o__Bacteroidales;f__Bacteroidaceae;g__Prevotella;s__Prevotella sp900548745
10000,0.0004428697962798937,0.004761904761904762,0.0004428697962798937,0.00013005592404734037,1.0,1.0,0.0,/group/ctbrowngrp5/sourmash-db.new/gtdb-rs226/gtdb-rs226-k51.dna.rocksdb,GCA_945979625.1 uncultured Prevotella sp.,2f920d39975bab53283c9a1379bb75e7,0.004761904761904762,10000,163,13150000,outputs.mapping/bams.cds.rand/SRR7182028.x.s__Prevotella sp002251295.fastq.gz,SRR7182028.x.s__Prevotella sp002251295,bc49b5b3,22580000,51,DNA,10000,2258,True,0.8594897605073661,0.900463862458667,0.8799768114830167,0.900463862458667,True,1,5829,7689,d__Bacteria;p__Bacteroidota;c__Bacteroidia;o__Bacteroidales;f__Bacteroidaceae;g__Prevotella;s__Prevotella sp002251245
10000,0.0004428697962798937,0.0030211480362537764,0.0004428697962798937,0.00013005592404734037,1.0,1.0,0.0,/group/ctbrowngrp5/sourmash-db.new/gtdb-rs226/gtdb-rs226-k51.dna.rocksdb,GCA_034103345.1 Prevotella sp.,6f4c0525dbc7e711f1a3c86b7cf21cb8,0.0030211480362537764,10000,164,13140000,outputs.mapping/bams.cds.rand/SRR7182028.x.s__Prevotella sp002251295.fastq.gz,SRR7182028.x.s__Prevotella sp002251295,bc49b5b3,22580000,51,DNA,10000,2258,True,0.8594897605073661,0.8924658521397282,0.8759778063235472,0.8924658521397282,True,1,5830,7689,d__Bacteria;p__Bacteroidota;c__Bacteroidia;o__Bacteroidales;f__Bacteroidaceae;g__Prevotella;s__Prevotella sp900317545
80000,0.00354295837023915,0.0035587188612099642,0.0004428697962798937,0.00013005592404734037,1.0,1.0,0.0,/group/ctbrowngrp5/sourmash-db.new/gtdb-rs226/gtdb-rs226-k51.dna.rocksdb,GCA_022780265.1 Prevotella sp.,8ab5b7f93db26eb09d12dfb790e7a268,0.028469750889679714,10000,165,13130000,outputs.mapping/bams.cds.rand/SRR7182028.x.s__Prevotella sp002251295.fastq.gz,SRR7182028.x.s__Prevotella sp002251295,bc49b5b3,22580000,51,DNA,10000,2258,True,0.8952582955347084,0.9325965347089568,0.9139274151218326,0.9325965347089568,False,1,5831,7689,d__Bacteria;p__Bacteroidota;c__Bacteroidia;o__Bacteroidales;f__Bacteroidaceae;g__Prevotella;s__Prevotella sp900548195
10000,0.0004428697962798937,0.002849002849002849,0.0004428697962798937,0.00013005592404734037,1.0,1.0,0.0,/group/ctbrowngrp5/sourmash-db.new/gtdb-rs226/gtdb-rs226-k51.dna.rocksdb,GCF_900115435.1 Prevotella sp. tf2-5,0e37a250b9f558e860621725223792f2,0.002849002849002849,10000,166,13120000,outputs.mapping/bams.cds.rand/SRR7182028.x.s__Prevotella sp002251295.fastq.gz,SRR7182028.x.s__Prevotella sp002251295,bc49b5b3,22580000,51,DNA,10000,2258,True,0.8594897605073661,0.8914397943560793,0.8754647774317228,0.8914397943560793,True,1,5832,7689,d__Bacteria;p__Bacteroidota;c__Bacteroidia;o__Bacteroidales;f__Bacteroidaceae;g__Prevotella;s__Prevotella sp900115435
10000,0.0004428697962798937,0.004132231404958678,0.0004428697962798937,0.00013005592404734037,1.0,1.0,0.0,/group/ctbrowngrp5/sourmash-db.new/gtdb-rs226/gtdb-rs226-k51.dna.rocksdb,GCA_945979855.1 uncultured Bacteroidales bacterium,ebae39d18bfa5283781b1b3720020271,0.004132231404958678,10000,167,13110000,outputs.mapping/bams.cds.rand/SRR7182028.x.s__Prevotella sp002251295.fastq.gz,SRR7182028.x.s__Prevotella sp002251295,bc49b5b3,22580000,51,DNA,10000,2258,True,0.8594897605073661,0.8979631654737237,0.8787264629905449,0.8979631654737237,True,1,5833,7689,d__Bacteria;p__Bacteroidota;c__Bacteroidia;o__Bacteroidales;f__UBA932;g__Cryptobacteroides;s__Cryptobacteroides sp000433355
10000,0.0004428697962798937,0.006134969325153374,0.0004428697962798937,0.00026011184809468074,2.0,2.0,0.0,/group/ctbrowngrp5/sourmash-db.new/gtdb-rs226/gtdb-rs226-k51.dna.rocksdb,GCA_945831105.1 uncultured Clostridia bacterium,1ba62f16c41c6ce244fe84e3517166cd,0.006134969325153374,10000,168,13100000,outputs.mapping/bams.cds.rand/SRR7182028.x.s__Prevotella sp002251295.fastq.gz,SRR7182028.x.s__Prevotella sp002251295,bc49b5b3,22580000,51,DNA,10000,2258,True,0.8594897605073661,0.9049483082061326,0.8822190343567493,0.9049483082061326,True,2,5835,7689,d__Bacteria;p__Bacillota;c__Clostridia;o__Oscillospirales;f__Oscillospiraceae;g__Limivicinus;s__Limivicinus sp003150355
60000,0.002657218777679362,0.0036101083032490976,0.0004428697962798937,0.00013005592404734037,1.0,1.0,0.0,/group/ctbrowngrp5/sourmash-db.new/gtdb-rs226/gtdb-rs226-k51.dna.rocksdb,GCA_028721285.1 Bacteroidales bacterium,a345182195700e1ac0f6a38e015d1b3a,0.021660649819494584,10000,169,13090000,outputs.mapping/bams.cds.rand/SRR7182028.x.s__Prevotella sp002251295.fastq.gz,SRR7182028.x.s__Prevotella sp002251295,bc49b5b3,22580000,51,DNA,10000,2258,True,0.8902225165311946,0.9276114644189216,0.908916990475058,0.9276114644189216,True,1,5836,7689,d__Bacteria;p__Bacteroidota;c__Bacteroidia;o__Bacteroidales;f__Bacteroidaceae;g__Prevotella;s__Prevotella sp004556065
20000,0.0008857395925597874,0.002898550724637681,0.0004428697962798937,0.00026011184809468074,2.0,2.0,0.0,/group/ctbrowngrp5/sourmash-db.new/gtdb-rs226/gtdb-rs226-k51.dna.rocksdb,GCA_024398965.1 Fibrobacter sp.,7a4c980d9f4ff6704ea65f836e2dfc08,0.005797101449275362,10000,170,13080000,outputs.mapping/bams.cds.rand/SRR7182028.x.s__Prevotella sp002251295.fastq.gz,SRR7182028.x.s__Prevotella sp002251295,bc49b5b3,22580000,51,DNA,10000,2258,True,0.8712509327185177,0.9039437164365371,0.8875973245775275,0.9039437164365371,True,2,5838,7689,d__Bacteria;p__Fibrobacterota;c__Fibrobacteria;o__Fibrobacterales;f__Fibrobacteraceae;g__Fibrobacter;s__Fibrobacter sp024398965
10000,0.0004428697962798937,0.00510204081632653,0.0004428697962798937,0.00013005592404734037,1.0,1.0,0.0,/group/ctbrowngrp5/sourmash-db.new/gtdb-rs226/gtdb-rs226-k51.dna.rocksdb,GCA_028725605.1 Clostridium sp.,b2330e5b8fb99d39d591d96f1e7bb741,0.00510204081632653,10000,171,13070000,outputs.mapping/bams.cds.rand/SRR7182028.x.s__Prevotella sp002251295.fastq.gz,SRR7182028.x.s__Prevotella sp002251295,bc49b5b3,22580000,51,DNA,10000,2258,True,0.8594897605073661,0.9016828355623467,0.8805862980348564,0.9016828355623467,True,1,5839,7689,d__Bacteria;p__Bacillota;c__Clostridia;o__Christensenellales;f__CAG-138;g__PeH17;s__PeH17 sp900542285
20000,0.0008857395925597874,0.004524886877828055,0.0004428697962798937,0.00013005592404734037,1.0,1.0,0.0,/group/ctbrowngrp5/sourmash-db.new/gtdb-rs226/gtdb-rs226-k51.dna.rocksdb,GCA_945837895.1 uncultured Parabacteroides sp.,ab1d4aacdc5b7b083d1d2c54f790c9b9,0.00904977375565611,10000,172,13060000,outputs.mapping/bams.cds.rand/SRR7182028.x.s__Prevotella sp002251295.fastq.gz,SRR7182028.x.s__Prevotella sp002251295,bc49b5b3,22580000,51,DNA,10000,2258,True,0.8712509327185177,0.9118724042710765,0.8915616684947971,0.9118724042710765,True,1,5840,7689,d__Bacteria;p__Bacteroidota;c__Bacteroidia;o__Bacteroidales;f__Tannerellaceae;g__Parabacteroides;s__Parabacteroides sp946055095
10000,0.0004428697962798937,0.003003003003003003,0.0004428697962798937,0.00026011184809468074,2.0,2.0,0.0,/group/ctbrowngrp5/sourmash-db.new/gtdb-rs226/gtdb-rs226-k51.dna.rocksdb,GCA_905233165.1 uncultured Prevotella sp.,2d5e92149863ad79658cca435cb4e60f,0.003003003003003003,10000,173,13050000,outputs.mapping/bams.cds.rand/SRR7182028.x.s__Prevotella sp002251295.fastq.gz,SRR7182028.x.s__Prevotella sp002251295,bc49b5b3,22580000,51,DNA,10000,2258,True,0.8594897605073661,0.8923604403934454,0.8759251004504058,0.8923604403934454,True,2,5842,7689,d__Bacteria;p__Bacteroidota;c__Bacteroidia;o__Bacteroidales;f__Bacteroidaceae;g__Prevotella;s__Prevotella sp905233165
10000,0.0004428697962798937,0.00558659217877095,0.0004428697962798937,0.0011705033164260631,9.0,9.0,0.0,/group/ctbrowngrp5/sourmash-db.new/gtdb-rs226/gtdb-rs226-k51.dna.rocksdb,GCA_927798335.1 uncultured Prevotellaceae bacterium,3b39980bcf9d4c8fa7317613a1ae8e0d,0.00558659217877095,10000,174,13040000,outputs.mapping/bams.cds.rand/SRR7182028.x.s__Prevotella sp002251295.fastq.gz,SRR7182028.x.s__Prevotella sp002251295,bc49b5b3,22580000,51,DNA,10000,2258,True,0.8594897605073661,0.9032883544180165,0.8813890574626912,0.9032883544180165,True,9,5851,7689,d__Bacteria;p__Bacteroidota;c__Bacteroidia;o__Bacteroidales;f__Bacteroidaceae;g__UBA6382;s__UBA6382 sp022763905
30000,0.001328609388839681,0.005813953488372093,0.0004428697962798937,0.0005202236961893615,4.0,4.0,0.0,/group/ctbrowngrp5/sourmash-db.new/gtdb-rs226/gtdb-rs226-k51.dna.rocksdb,GCA_028872615.1 Bacteroidales bacterium,03003979f8e6248ed073173605d2c7f7,0.01744186046511628,10000,175,13030000,outputs.mapping/bams.cds.rand/SRR7182028.x.s__Prevotella sp002251295.fastq.gz,SRR7182028.x.s__Prevotella sp002251295,bc49b5b3,22580000,51,DNA,10000,2258,True,0.878205243516061,0.9236797606220173,0.9009425020690391,0.9236797606220173,True,4,5855,7689,d__Bacteria;p__Bacteroidota;c__Bacteroidia;o__Bacteroidales;f__Bacteroidaceae;g__Prevotella;s__Prevotella sp004557285
90000,0.003985828166519044,0.0037174721189591076,0.0004428697962798937,0.00026011184809468074,2.0,2.0,0.0,/group/ctbrowngrp5/sourmash-db.new/gtdb-rs226/gtdb-rs226-k51.dna.rocksdb,GCA_029218625.1 Prevotella sp.,b13f4b17a6de4235129cdf91b6839c4c,0.03345724907063197,10000,176,13020000,outputs.mapping/bams.cds.rand/SRR7182028.x.s__Prevotella sp002251295.fastq.gz,SRR7182028.x.s__Prevotella sp002251295,bc49b5b3,22580000,51,DNA,10000,2258,True,0.8973282582026691,0.9355530864427115,0.9164406723226903,0.9355530864427115,False,2,5857,7689,d__Bacteria;p__Bacteroidota;c__Bacteroidia;o__Bacteroidales;f__Bacteroidaceae;g__Prevotella;s__Prevotella sp002251365
170000,0.007528786536758193,0.002583979328165375,0.0004428697962798937,0.00013005592404734037,1.0,1.0,0.0,/group/ctbrowngrp5/sourmash-db.new/gtdb-rs226/gtdb-rs226-k51.dna.rocksdb,GCF_036938135.1 Segatella copri,b93574f9f5a2acb3725b0d6af8a4b90b,0.04392764857881137,10000,177,13010000,outputs.mapping/bams.cds.rand/SRR7182028.x.s__Prevotella sp002251295.fastq.gz,SRR7182028.x.s__Prevotella sp002251295,bc49b5b3,22580000,51,DNA,10000,2258,True,0.9085883345032814,0.9405611122328058,0.9245747233680436,0.9405611122328058,False,1,5858,7689,d__Bacteria;p__Bacteroidota;c__Bacteroidia;o__Bacteroidales;f__Bacteroidaceae;g__Prevotella;s__Prevotella copri_C
10000,0.0004428697962798937,0.0064516129032258064,0.0004428697962798937,0.0006502796202367018,5.0,5.0,0.0,/group/ctbrowngrp5/sourmash-db.new/gtdb-rs226/gtdb-rs226-k51.dna.rocksdb,GCA_945788125.1 uncultured Bacteroidales bacterium,c21e1b7ff74ae67139aa0733680b63da,0.0064516129032258064,10000,178,13000000,outputs.mapping/bams.cds.rand/SRR7182028.x.s__Prevotella sp002251295.fastq.gz,SRR7182028.x.s__Prevotella sp002251295,bc49b5b3,22580000,51,DNA,10000,2258,True,0.8594897605073661,0.9058417214684041,0.8826657409878851,0.9058417214684041,True,5,5863,7689,d__Bacteria;p__Bacteroidota;c__Bacteroidia;o__Bacteroidales;f__F082;g__Limimorpha;s__Limimorpha sp900769945
20000,0.0008857395925597874,0.005263157894736842,0.0004428697962798937,0.00013005592404734037,1.0,1.0,0.0,/group/ctbrowngrp5/sourmash-db.new/gtdb-rs226/gtdb-rs226-k51.dna.rocksdb,GCA_022787205.1 Bacteroidales bacterium,01f684508e22f76a1f21de9c7ecc2133,0.010526315789473684,10000,179,12990000,outputs.mapping/bams.cds.rand/SRR7182028.x.s__Prevotella sp002251295.fastq.gz,SRR7182028.x.s__Prevotella sp002251295,bc49b5b3,22580000,51,DNA,10000,2258,True,0.8712509327185177,0.9145787486024968,0.8929148406605072,0.9145787486024968,True,1,5864,7689,d__Bacteria;p__Bacteroidota;c__Bacteroidia;o__Bacteroidales;f__UBA932;g__Cryptobacteroides;s__Cryptobacteroides sp004554455
20000,0.0008857395925597874,0.004201680672268907,0.0004428697962798937,0.00013005592404734037,1.0,1.0,0.0,/group/ctbrowngrp5/sourmash-db.new/gtdb-rs226/gtdb-rs226-k51.dna.rocksdb,GCA_028719725.1 Leyella stercorea,15d47478f1c5a793b66f5a46fa3704aa,0.008403361344537815,10000,180,12980000,outputs.mapping/bams.cds.rand/SRR7182028.x.s__Prevotella sp002251295.fastq.gz,SRR7182028.x.s__Prevotella sp002251295,bc49b5b3,22580000,51,DNA,10000,2258,True,0.8712509327185177,0.9105483270059616,0.8908996298622396,0.9105483270059616,True,1,5865,7689,d__Bacteria;p__Bacteroidota;c__Bacteroidia;o__Bacteroidales;f__Bacteroidaceae;g__Prevotella;s__Prevotella sp000434975
30000,0.001328609388839681,0.0034965034965034965,0.0004428697962798937,0.00013005592404734037,1.0,1.0,0.0,/group/ctbrowngrp5/sourmash-db.new/gtdb-rs226/gtdb-rs226-k51.dna.rocksdb,GCA_945995735.1 uncultured bacterium,bcda3203401d30de63dc78136650ca6f,0.01048951048951049,10000,181,12970000,outputs.mapping/bams.cds.rand/SRR7182028.x.s__Prevotella sp002251295.fastq.gz,SRR7182028.x.s__Prevotella sp002251295,bc49b5b3,22580000,51,DNA,10000,2258,True,0.878205243516061,0.9145159383777013,0.8963605909468811,0.9145159383777013,True,1,5866,7689,d__Bacteria;p__Bacteroidota;c__Bacteroidia;o__Bacteroidales;f__Bacteroidaceae;g__Prevotella;s__Prevotella sp004555245
20000,0.0008857395925597874,0.0028011204481792717,0.0004428697962798937,0.0011705033164260631,9.0,9.0,0.0,/group/ctbrowngrp5/sourmash-db.new/gtdb-rs226/gtdb-rs226-k51.dna.rocksdb,GCF_016900635.1 Mediterranea massiliensis,58836420ccea3c032313fc8bbbd7a813,0.0056022408963585435,10000,182,12960000,outputs.mapping/bams.cds.rand/SRR7182028.x.s__Prevotella sp002251295.fastq.gz,SRR7182028.x.s__Prevotella sp002251295,bc49b5b3,22580000,51,DNA,10000,2258,True,0.8712509327185177,0.9033378985680371,0.8872944156432774,0.9033378985680371,True,9,5875,7689,d__Bacteria;p__Bacteroidota;c__Bacteroidia;o__Bacteroidales;f__Bacteroidaceae;g__Bacteroides;s__Bacteroides massiliensis_E
20000,0.0008857395925597874,0.005235602094240838,0.0004428697962798937,0.0015606710885680843,12.0,12.0,0.0,/group/ctbrowngrp5/sourmash-db.new/gtdb-rs226/gtdb-rs226-k51.dna.rocksdb,GCA_900769945.1 Bacteroidales bacterium,27625e20f235d23cefbe4e377befaee5,0.010471204188481676,10000,183,12950000,outputs.mapping/bams.cds.rand/SRR7182028.x.s__Prevotella sp002251295.fastq.gz,SRR7182028.x.s__Prevotella sp002251295,bc49b5b3,22580000,51,DNA,10000,2258,True,0.8712509327185177,0.9144846171854688,0.8928677749519933,0.9144846171854688,True,12,5887,7689,d__Bacteria;p__Bacteroidota;c__Bacteroidia;o__Bacteroidales;f__F082;g__Limimorpha;s__Limimorpha sp900769945
120000,0.005314437555358724,0.00273224043715847,0.0004428697962798937,0.00013005592404734037,1.0,1.0,0.0,/group/ctbrowngrp5/sourmash-db.new/gtdb-rs226/gtdb-rs226-k51.dna.rocksdb,GCA_945963825.1 uncultured Prevotella sp.,c29731de801a8c3f46bff6fca7efcb94,0.03278688524590164,10000,184,12940000,outputs.mapping/bams.cds.rand/SRR7182028.x.s__Prevotella sp002251295.fastq.gz,SRR7182028.x.s__Prevotella sp002251295,bc49b5b3,22580000,51,DNA,10000,2258,True,0.9024042327124178,0.9351818761174336,0.9187930544149256,0.9351818761174336,False,1,5888,7689,d__Bacteria;p__Bacteroidota;c__Bacteroidia;o__Bacteroidales;f__Bacteroidaceae;g__Prevotella;s__Prevotella sp945863825
10000,0.0004428697962798937,0.004,0.0004428697962798937,0.00013005592404734037,1.0,1.0,0.0,/group/ctbrowngrp5/sourmash-db.new/gtdb-rs226/gtdb-rs226-k51.dna.rocksdb,GCA_902773555.1 uncultured Bacteroidales bacterium,d95512681db113ed9836f66381b080ed,0.004,10000,185,12930000,outputs.mapping/bams.cds.rand/SRR7182028.x.s__Prevotella sp002251295.fastq.gz,SRR7182028.x.s__Prevotella sp002251295,bc49b5b3,22580000,51,DNA,10000,2258,True,0.8594897605073661,0.8973907082557256,0.8784402343815458,0.8973907082557256,True,1,5889,7689,d__Bacteria;p__Bacteroidota;c__Bacteroidia;o__Bacteroidales;f__Bacteroidaceae;g__Physcousia;s__Physcousia sp902779845
60000,0.002657218777679362,0.003676470588235294,0.0004428697962798937,0.00026011184809468074,2.0,2.0,0.0,/group/ctbrowngrp5/sourmash-db.new/gtdb-rs226/gtdb-rs226-k51.dna.rocksdb,GCA_004553245.1 Bacteroidales bacterium,0619d4a72519c32a14509836e8d74c94,0.022058823529411766,10000,186,12920000,outputs.mapping/bams.cds.rand/SRR7182028.x.s__Prevotella sp002251295.fastq.gz,SRR7182028.x.s__Prevotella sp002251295,bc49b5b3,22580000,51,DNA,10000,2258,True,0.8902225165311946,0.9279428343937828,0.9090826754624887,0.9279428343937828,True,2,5891,7689,d__Bacteria;p__Bacteroidota;c__Bacteroidia;o__Bacteroidales;f__Bacteroidaceae;g__Prevotella;s__Prevotella sp900547005
40000,0.001771479185119575,0.003436426116838488,0.0004428697962798937,0.0011705033164260631,9.0,9.0,0.0,/group/ctbrowngrp5/sourmash-db.new/gtdb-rs226/gtdb-rs226-k51.dna.rocksdb,GCA_946007365.1 uncultured Prevotella sp.,954179a3c5db1067d9c5a1788173c0f2,0.013745704467353952,10000,187,12910000,outputs.mapping/bams.cds.rand/SRR7182028.x.s__Prevotella sp002251295.fastq.gz,SRR7182028.x.s__Prevotella sp002251295,bc49b5b3,22580000,51,DNA,10000,2258,True,0.8831730436378847,0.919376652404927,0.9012748480214059,0.919376652404927,True,9,5900,7689,d__Bacteria;p__Bacteroidota;c__Bacteroidia;o__Bacteroidales;f__Bacteroidaceae;g__Prevotella;s__Prevotella sp002251245
120000,0.005314437555358724,0.0036101083032490976,0.0004428697962798937,0.00013005592404734037,1.0,1.0,0.0,/group/ctbrowngrp5/sourmash-db.new/gtdb-rs226/gtdb-rs226-k51.dna.rocksdb,GCA_028720285.1 Segatella copri,e753ec8060e23835c6ecc038d77e3506,0.04332129963898917,10000,188,12900000,outputs.mapping/bams.cds.rand/SRR7182028.x.s__Prevotella sp002251295.fastq.gz,SRR7182028.x.s__Prevotella sp002251295,bc49b5b3,22580000,51,DNA,10000,2258,True,0.9024042327124178,0.9403048072362106,0.9213545199743142,0.9403048072362106,False,1,5901,7689,d__Bacteria;p__Bacteroidota;c__Bacteroidia;o__Bacteroidales;f__Bacteroidaceae;g__Prevotella;s__Prevotella sinensis
10000,0.0004428697962798937,0.003787878787878788,0.0004428697962798937,0.00026011184809468074,2.0,2.0,0.0,/group/ctbrowngrp5/sourmash-db.new/gtdb-rs226/gtdb-rs226-k51.dna.rocksdb,GCF_000765235.1 Oscillibacter sp. ER4,b86d494b379656b1b7a7b4d8bf763e29,0.003787878787878788,10000,189,12890000,outputs.mapping/bams.cds.rand/SRR7182028.x.s__Prevotella sp002251295.fastq.gz,SRR7182028.x.s__Prevotella sp002251295,bc49b5b3,22580000,51,DNA,10000,2258,True,0.8594897605073661,0.8964324517908826,0.8779611061491244,0.8964324517908826,True,2,5903,7689,d__Bacteria;p__Bacillota;c__Clostridia;o__Oscillospirales;f__Oscillospiraceae;g__Hominicoprocola;s__Hominicoprocola fusiformis
10000,0.0004428697962798937,0.0024449877750611247,0.0004428697962798937,0.00013005592404734037,1.0,1.0,0.0,/group/ctbrowngrp5/sourmash-db.new/gtdb-rs226/gtdb-rs226-k51.dna.rocksdb,GCA_021616595.1 Bacteroidales bacterium,58da32daf3e3c54075353a3fd64979fd,0.0024449877750611247,10000,190,12880000,outputs.mapping/bams.cds.rand/SRR7182028.x.s__Prevotella sp002251295.fastq.gz,SRR7182028.x.s__Prevotella sp002251295,bc49b5b3,22580000,51,DNA,10000,2258,True,0.8594897605073661,0.8887707209259825,0.8741302407166743,0.8887707209259825,True,1,5904,7689,d__Bacteria;p__Bacteroidota;c__Bacteroidia;o__Bacteroidales;f__UBA932;g__Cryptobacteroides;s__Cryptobacteroides sp000433355
10000,0.0004428697962798937,0.005235602094240838,0.0004428697962798937,0.00013005592404734037,1.0,1.0,0.0,/group/ctbrowngrp5/sourmash-db.new/gtdb-rs226/gtdb-rs226-k51.dna.rocksdb,GCA_022773825.1 Prevotella sp.,d0e6751a6bd7dfdbf0ac48620dec1f9c,0.005235602094240838,10000,191,12870000,outputs.mapping/bams.cds.rand/SRR7182028.x.s__Prevotella sp002251295.fastq.gz,SRR7182028.x.s__Prevotella sp002251295,bc49b5b3,22580000,51,DNA,10000,2258,True,0.8594897605073661,0.9021398257330133,0.8808147931201897,0.9021398257330133,True,1,5905,7689,d__Bacteria;p__Bacteroidota;c__Bacteroidia;o__Bacteroidales;f__Bacteroidaceae;g__Prevotella;s__Prevotella sp022773825
10000,0.0004428697962798937,0.0036900369003690036,0.0004428697962798937,0.00013005592404734037,1.0,1.0,0.0,/group/ctbrowngrp5/sourmash-db.new/gtdb-rs226/gtdb-rs226-k51.dna.rocksdb,GCA_945917985.1 uncultured Clostridium sp.,0ba0956380bdda8152e9ecb55628e1c5,0.0036900369003690036,10000,192,12860000,outputs.mapping/bams.cds.rand/SRR7182028.x.s__Prevotella sp002251295.fastq.gz,SRR7182028.x.s__Prevotella sp002251295,bc49b5b3,22580000,51,DNA,10000,2258,True,0.8594897605073661,0.8959725818618104,0.8777311711845883,0.8959725818618104,True,1,5906,7689,d__Bacteria;p__Bacillota;c__Clostridia;o__Lachnospirales;f__Lachnospiraceae;g__Suilimivivens;s__Suilimivivens sp945917985
10000,0.0004428697962798937,0.0053475935828877,0.0004428697962798937,0.0003901677721420211,3.0,3.0,0.0,/group/ctbrowngrp5/sourmash-db.new/gtdb-rs226/gtdb-rs226-k51.dna.rocksdb,GCA_022769255.1 Prevotella sp.,0751561c6613f8aea620facd253c4a7a,0.0053475935828877,10000,193,12850000,outputs.mapping/bams.cds.rand/SRR7182028.x.s__Prevotella sp002251295.fastq.gz,SRR7182028.x.s__Prevotella sp002251295,bc49b5b3,22580000,51,DNA,10000,2258,True,0.8594897605073661,0.9025142881157426,0.8810020243115544,0.9025142881157426,True,3,5909,7689,d__Bacteria;p__Bacteroidota;c__Bacteroidia;o__Bacteroidales;f__Bacteroidaceae;g__Prevotella;s__Prevotella sp900547005
20000,0.0008857395925597874,0.004329004329004329,0.0004428697962798937,0.00013005592404734037,1.0,1.0,0.0,/group/ctbrowngrp5/sourmash-db.new/gtdb-rs226/gtdb-rs226-k51.dna.rocksdb,GCA_029100245.1 Prevotellaceae bacterium,ca53876fa1a492705972878af579083c,0.008658008658008658,10000,194,12840000,outputs.mapping/bams.cds.rand/SRR7182028.x.s__Prevotella sp002251295.fastq.gz,SRR7182028.x.s__Prevotella sp002251295,bc49b5b3,22580000,51,DNA,10000,2258,True,0.8712509327185177,0.9110814745136516,0.8911662036160847,0.9110814745136516,True,1,5910,7689,d__Bacteria;p__Bacteroidota;c__Bacteroidia;o__Bacteroidales;f__Bacteroidaceae;g__Prevotella;s__Prevotella sp022788105
20000,0.0008857395925597874,0.003703703703703704,0.0004428697962798937,0.00013005592404734037,1.0,1.0,0.0,/group/ctbrowngrp5/sourmash-db.new/gtdb-rs226/gtdb-rs226-k51.dna.rocksdb,GCA_945837885.1 uncultured bacterium,72231e60932380e06d150dba1c90d203,0.007407407407407408,10000,195,12830000,outputs.mapping/bams.cds.rand/SRR7182028.x.s__Prevotella sp002251295.fastq.gz,SRR7182028.x.s__Prevotella sp002251295,bc49b5b3,22580000,51,DNA,10000,2258,True,0.8712509327185177,0.9082988192772692,0.8897748759978934,0.9082988192772692,True,1,5911,7689,d__Bacteria;p__Bacteroidota;c__Bacteroidia;o__Bacteroidales;f__Bacteroidaceae;g__Prevotella;s__Prevotella sp004556065
50000,0.0022143489813994687,0.002976190476190476,0.0004428697962798937,0.00026011184809468074,2.0,2.0,0.0,/group/ctbrowngrp5/sourmash-db.new/gtdb-rs226/gtdb-rs226-k51.dna.rocksdb,GCA_034100375.1 Prevotella sp.,288c657b8dd9fe641e2f2551024e4c5f,0.01488095238095238,10000,196,12820000,outputs.mapping/bams.cds.rand/SRR7182028.x.s__Prevotella sp002251295.fastq.gz,SRR7182028.x.s__Prevotella sp002251295,bc49b5b3,22580000,51,DNA,10000,2258,True,0.8870457129494358,0.9208083098561101,0.9039270114027729,0.9208083098561101,True,2,5913,7689,d__Bacteria;p__Bacteroidota;c__Bacteroidia;o__Bacteroidales;f__Bacteroidaceae;g__Prevotella;s__Prevotella sp004556065
10000,0.0004428697962798937,0.0035971223021582736,0.0004428697962798937,0.00013005592404734037,1.0,1.0,0.0,/group/ctbrowngrp5/sourmash-db.new/gtdb-rs226/gtdb-rs226-k51.dna.rocksdb,GCF_014281125.1 Lawsonibacter celer,6b84cef6d89ebcbe758f152b6f283d24,0.0035971223021582736,10000,197,12810000,outputs.mapping/bams.cds.rand/SRR7182028.x.s__Prevotella sp002251295.fastq.gz,SRR7182028.x.s__Prevotella sp002251295,bc49b5b3,22580000,51,DNA,10000,2258,True,0.8594897605073661,0.895524667288616,0.8775072138979911,0.895524667288616,True,1,5914,7689,d__Bacteria;p__Bacillota;c__Clostridia;o__Oscillospirales;f__Oscillospiraceae;g__Instestinimonas_A;s__Instestinimonas_A celer
10000,0.0004428697962798937,0.002680965147453083,0.0004428697962798937,0.0003901677721420211,3.0,3.0,0.0,/group/ctbrowngrp5/sourmash-db.new/gtdb-rs226/gtdb-rs226-k51.dna.rocksdb,GCA_945905935.1 uncultured Bacteroidales bacterium,aaa4a79b6a078c95a34ea91529cf4fde,0.002680965147453083,10000,198,12800000,outputs.mapping/bams.cds.rand/SRR7182028.x.s__Prevotella sp002251295.fastq.gz,SRR7182028.x.s__Prevotella sp002251295,bc49b5b3,22580000,51,DNA,10000,2258,True,0.8594897605073661,0.8903778277520528,0.8749337941297095,0.8903778277520528,True,3,5917,7689,d__Bacteria;p__Bacteroidota;c__Bacteroidia;o__Bacteroidales;f__Bacteroidaceae;g__Prevotella;s__Prevotella sp900770845
40000,0.001771479185119575,0.004608294930875576,0.0004428697962798937,0.0007803355442840422,6.0,6.0,0.0,/group/ctbrowngrp5/sourmash-db.new/gtdb-rs226/gtdb-rs226-k51.dna.rocksdb,GCA_021152245.1 Bacteroidia bacterium,f16be514215e5a17fe8473c329a40ede,0.018433179723502304,10000,199,12790000,outputs.mapping/bams.cds.rand/SRR7182028.x.s__Prevotella sp002251295.fastq.gz,SRR7182028.x.s__Prevotella sp002251295,bc49b5b3,22580000,51,DNA,10000,2258,True,0.8831730436378847,0.9246814852600344,0.9039272644489595,0.9246814852600344,True,6,5923,7689,d__Bacteria;p__Bacteroidota;c__Bacteroidia;o__Bacteroidales;f__UBA932;g__Cryptobacteroides;s__Cryptobacteroides sp900769905
10000,0.0004428697962798937,0.0035714285714285713,0.0004428697962798937,0.00026011184809468074,2.0,2.0,0.0,/group/ctbrowngrp5/sourmash-db.new/gtdb-rs226/gtdb-rs226-k51.dna.rocksdb,GCA_947167845.1 uncultured Prevotella sp.,4715d9fbf8f5a2cc6373848da193ab2a,0.0035714285714285713,10000,200,12780000,outputs.mapping/bams.cds.rand/SRR7182028.x.s__Prevotella sp002251295.fastq.gz,SRR7182028.x.s__Prevotella sp002251295,bc49b5b3,22580000,51,DNA,10000,2258,True,0.8594897605073661,0.8953988024255913,0.8774442814664787,0.8953988024255913,True,2,5925,7689,d__Bacteria;p__Bacteroidota;c__Bacteroidia;o__Bacteroidales;f__Bacteroidaceae;g__Prevotella;s__Prevotella sp947167845
40000,0.001771479185119575,0.0033333333333333335,0.0004428697962798937,0.00013005592404734037,1.0,1.0,0.0,/group/ctbrowngrp5/sourmash-db.new/gtdb-rs226/gtdb-rs226-k51.dna.rocksdb,GCA_958426835.1 uncultured Bacteroidales bacterium,2ba303ad982752b0c15f134a8087aaf6,0.013333333333333334,10000,201,12770000,outputs.mapping/bams.cds.rand/SRR7182028.x.s__Prevotella sp002251295.fastq.gz,SRR7182028.x.s__Prevotella sp002251295,bc49b5b3,22580000,51,DNA,10000,2258,True,0.8831730436378847,0.9188277284150211,0.9010003860264529,0.9188277284150211,True,1,5926,7689,d__Bacteria;p__Bacteroidota;c__Bacteroidia;o__Bacteroidales;f__Bacteroidaceae;g__Prevotella;s__Prevotella sp000434975
10000,0.0004428697962798937,0.003937007874015748,0.0004428697962798937,0.00026011184809468074,2.0,2.0,0.0,/group/ctbrowngrp5/sourmash-db.new/gtdb-rs226/gtdb-rs226-k51.dna.rocksdb,GCA_945877495.1 uncultured Alistipes sp.,00162689852cf9d2a2eab89e01e0157f,0.003937007874015748,10000,202,12760000,outputs.mapping/bams.cds.rand/SRR7182028.x.s__Prevotella sp002251295.fastq.gz,SRR7182028.x.s__Prevotella sp002251295,bc49b5b3,22580000,51,DNA,10000,2258,True,0.8594897605073661,0.8971114459123445,0.8783006032098553,0.8971114459123445,True,2,5928,7689,d__Bacteria;p__Bacteroidota;c__Bacteroidia;o__Bacteroidales;f__UBA932;g__Cryptobacteroides;s__Cryptobacteroides sp000431015
10000,0.0004428697962798937,0.0044444444444444444,0.0004428697962798937,0.00013005592404734037,1.0,1.0,0.0,/group/ctbrowngrp5/sourmash-db.new/gtdb-rs226/gtdb-rs226-k51.dna.rocksdb,GCA_029099025.1 Bacteroidales bacterium,3a73b445c330c7d0faaf49bf1bc9d63c,0.0044444444444444444,10000,203,12750000,outputs.mapping/bams.cds.rand/SRR7182028.x.s__Prevotella sp002251295.fastq.gz,SRR7182028.x.s__Prevotella sp002251295,bc49b5b3,22580000,51,DNA,10000,2258,True,0.8594897605073661,0.8992465372686094,0.8793681488879878,0.8992465372686094,True,1,5929,7689,d__Bacteria;p__Bacteroidota;c__Bacteroidia;o__Bacteroidales;f__UBA932;g__Cryptobacteroides;s__Cryptobacteroides sp022774085
10000,0.0004428697962798937,0.0031645569620253164,0.0004428697962798937,0.00026011184809468074,2.0,2.0,0.0,/group/ctbrowngrp5/sourmash-db.new/gtdb-rs226/gtdb-rs226-k51.dna.rocksdb,GCF_000296385.1 Lachnoanaerobaculum sp. OBRC5-5,990f478918e5c0a7574d2683b0e53d47,0.0031645569620253164,10000,204,12740000,outputs.mapping/bams.cds.rand/SRR7182028.x.s__Prevotella sp002251295.fastq.gz,SRR7182028.x.s__Prevotella sp002251295,bc49b5b3,22580000,51,DNA,10000,2258,True,0.8594897605073661,0.8932777730178594,0.8763837667626128,0.8932777730178594,True,2,5931,7689,d__Bacteria;p__Bacillota;c__Clostridia;o__Lachnospirales;f__Lachnospiraceae;g__Lachnoanaerobaculum;s__Lachnoanaerobaculum sp000296385
10000,0.0004428697962798937,0.0036496350364963502,0.0004428697962798937,0.00026011184809468074,2.0,2.0,0.0,/group/ctbrowngrp5/sourmash-db.new/gtdb-rs226/gtdb-rs226-k51.dna.rocksdb,GCA_945949955.1 uncultured Lachnospiraceae bacterium,79bded3eae47f7c004db2c661b8c945c,0.0036496350364963502,10000,205,12730000,outputs.mapping/bams.cds.rand/SRR7182028.x.s__Prevotella sp002251295.fastq.gz,SRR7182028.x.s__Prevotella sp002251295,bc49b5b3,22580000,51,DNA,10000,2258,True,0.8594897605073661,0.895779190619195,0.8776344755632806,0.895779190619195,True,2,5933,7689,d__Bacteria;p__Bacillota;c__Clostridia;o__Lachnospirales;f__Lachnospiraceae;g__Acetatifactor;s__Acetatifactor sp022769665
20000,0.0008857395925597874,0.0033003300330033004,0.0004428697962798937,0.00013005592404734037,1.0,1.0,0.0,/group/ctbrowngrp5/sourmash-db.new/gtdb-rs226/gtdb-rs226-k51.dna.rocksdb,GCF_022717795.1 Prevotella sp.,e4c034c2c4d1047a9d6598d59e68547c,0.006600660066006601,10000,206,12720000,outputs.mapping/bams.cds.rand/SRR7182028.x.s__Prevotella sp002251295.fastq.gz,SRR7182028.x.s__Prevotella sp002251295,bc49b5b3,22580000,51,DNA,10000,2258,True,0.8712509327185177,0.906247478292275,0.8887492055053964,0.906247478292275,True,1,5934,7689,d__Bacteria;p__Bacteroidota;c__Bacteroidia;o__Bacteroidales;f__Bacteroidaceae;g__Prevotella;s__Prevotella sp002265625
50000,0.0022143489813994687,0.0034129692832764505,0.0004428697962798937,0.00026011184809468074,2.0,2.0,0.0,/group/ctbrowngrp5/sourmash-db.new/gtdb-rs226/gtdb-rs226-k51.dna.rocksdb,GCA_034180905.1 Bacteroidaceae bacterium,d37bb538420e1e059b55cc20bb45f97d,0.017064846416382253,10000,207,12710000,outputs.mapping/bams.cds.rand/SRR7182028.x.s__Prevotella sp002251295.fastq.gz,SRR7182028.x.s__Prevotella sp002251295,bc49b5b3,22580000,51,DNA,10000,2258,True,0.8870457129494358,0.923284066582797,0.9051648897661164,0.923284066582797,True,2,5936,7689,d__Bacteria;p__Bacteroidota;c__Bacteroidia;o__Bacteroidales;f__Bacteroidaceae;g__Physcousia;s__Physcousia sp945865175
20000,0.0008857395925597874,0.0055248618784530384,0.0004428697962798937,0.00013005592404734037,1.0,1.0,0.0,/group/ctbrowngrp5/sourmash-db.new/gtdb-rs226/gtdb-rs226-k51.dna.rocksdb,GCA_945637645.1 uncultured Prevotella sp.,e577222dbd240ec49191362b2474232b,0.011049723756906077,10000,208,12700000,outputs.mapping/bams.cds.rand/SRR7182028.x.s__Prevotella sp002251295.fastq.gz,SRR7182028.x.s__Prevotella sp002251295,bc49b5b3,22580000,51,DNA,10000,2258,True,0.8712509327185177,0.9154493941301495,0.8933501634243336,0.9154493941301495,True,1,5937,7689,d__Bacteria;p__Bacteroidota;c__Bacteroidia;o__Bacteroidales;f__Bacteroidaceae;g__Prevotella;s__Prevotella sp945637645
1930000,0.08547387068201949,0.0041841004184100415,0.0004428697962798937,0.00013005592404734037,1.0,1.0,0.0,/group/ctbrowngrp5/sourmash-db.new/gtdb-rs226/gtdb-rs226-k51.dna.rocksdb,GCA_036773185.1 Bacteroidaceae bacterium,4172629cf79ffa98c5c60453ef7a5ac9,0.8075313807531381,10000,209,12690000,outputs.mapping/bams.cds.rand/SRR7182028.x.s__Prevotella sp002251295.fastq.gz,SRR7182028.x.s__Prevotella sp002251295,bc49b5b3,22580000,51,DNA,10000,2258,True,0.9529180564718127,0.995817138069519,0.9743675972706658,0.995817138069519,False,1,5938,7689,d__Bacteria;p__Bacteroidota;c__Bacteroidia;o__Bacteroidales;f__Bacteroidaceae;g__Prevotella;s__Prevotella sp002251295
20000,0.0008857395925597874,0.0037593984962406013,0.0004428697962798937,0.00013005592404734037,1.0,1.0,0.0,/group/ctbrowngrp5/sourmash-db.new/gtdb-rs226/gtdb-rs226-k51.dna.rocksdb,GCA_029219065.1 Prevotella sp.,c5f36e2c46fe780a0713098985c4272b,0.007518796992481203,10000,210,12680000,outputs.mapping/bams.cds.rand/SRR7182028.x.s__Prevotella sp002251295.fastq.gz,SRR7182028.x.s__Prevotella sp002251295,bc49b5b3,22580000,51,DNA,10000,2258,True,0.8712509327185177,0.9085646807370644,0.889907806727791,0.9085646807370644,True,1,5939,7689,d__Bacteria;p__Bacteroidota;c__Bacteroidia;o__Bacteroidales;f__Bacteroidaceae;g__Prevotella;s__Prevotella sp002251245
10000,0.0004428697962798937,0.005208333333333333,0.0004428697962798937,0.00013005592404734037,1.0,1.0,0.0,/group/ctbrowngrp5/sourmash-db.new/gtdb-rs226/gtdb-rs226-k51.dna.rocksdb,GCA_945828175.1 uncultured Bacteroidales bacterium,2ea23a57dd3429f65a8a47582dc05945,0.005208333333333333,10000,211,12670000,outputs.mapping/bams.cds.rand/SRR7182028.x.s__Prevotella sp002251295.fastq.gz,SRR7182028.x.s__Prevotella sp002251295,bc49b5b3,22580000,51,DNA,10000,2258,True,0.8594897605073661,0.9020474594102066,0.8807686099587864,0.9020474594102066,True,1,5940,7689,d__Bacteria;p__Bacteroidota;c__Bacteroidia;o__Bacteroidales;f__Muribaculaceae;g__CAG-873;s__CAG-873 sp945828175
70000,0.003100088573959256,0.003745318352059925,0.0004428697962798937,0.00013005592404734037,1.0,1.0,0.0,/group/ctbrowngrp5/sourmash-db.new/gtdb-rs226/gtdb-rs226-k51.dna.rocksdb,GCA_945868385.1 uncultured Prevotella sp.,93b9094c191d4a41560a89cdb9106402,0.026217228464419477,10000,212,12660000,outputs.mapping/bams.cds.rand/SRR7182028.x.s__Prevotella sp002251295.fastq.gz,SRR7182028.x.s__Prevotella sp002251295,bc49b5b3,22580000,51,DNA,10000,2258,True,0.8929173401769998,0.931090504492082,0.9120039223345409,0.931090504492082,False,1,5941,7689,d__Bacteria;p__Bacteroidota;c__Bacteroidia;o__Bacteroidales;f__Bacteroidaceae;g__Prevotella;s__Prevotella sp900548195
10000,0.0004428697962798937,0.0035087719298245615,0.0004428697962798937,0.00013005592404734037,1.0,1.0,0.0,/group/ctbrowngrp5/sourmash-db.new/gtdb-rs226/gtdb-rs226-k51.dna.rocksdb,GCA_034089085.1 Eubacteriales bacterium,9f74fe8ceb65900662d516910de3c04e,0.0035087719298245615,10000,213,12650000,outputs.mapping/bams.cds.rand/SRR7182028.x.s__Prevotella sp002251295.fastq.gz,SRR7182028.x.s__Prevotella sp002251295,bc49b5b3,22580000,51,DNA,10000,2258,True,0.8594897605073661,0.8950881077119309,0.8772889341096486,0.8950881077119309,True,1,5942,7689,d__Bacteria;p__Bacillota;c__Clostridia;o__Christensenellales;f__Aristaeellaceae;g__Firm-10;s__Firm-10 sp004552515
60000,0.002657218777679362,0.0047169811320754715,0.0004428697962798937,0.00013005592404734037,1.0,1.0,0.0,/group/ctbrowngrp5/sourmash-db.new/gtdb-rs226/gtdb-rs226-k51.dna.rocksdb,GCA_029013085.1 Prevotellaceae bacterium,471dc149785215fa08d1c59d71e2d0ef,0.02830188679245283,10000,214,12640000,outputs.mapping/bams.cds.rand/SRR7182028.x.s__Prevotella sp002251295.fastq.gz,SRR7182028.x.s__Prevotella sp002251295,bc49b5b3,22580000,51,DNA,10000,2258,True,0.8902225165311946,0.9324884022446837,0.9113554593879392,0.9324884022446837,True,1,5943,7689,d__Bacteria;p__Bacteroidota;c__Bacteroidia;o__Bacteroidales;f__Bacteroidaceae;g__Prevotella;s__Prevotella sp945637645
10000,0.0004428697962798937,0.005376344086021506,0.0004428697962798937,0.00026011184809468074,2.0,2.0,0.0,/group/ctbrowngrp5/sourmash-db.new/gtdb-rs226/gtdb-rs226-k51.dna.rocksdb,GCA_945831345.1 uncultured Mediterranea sp.,d434be56d5cbec8d6e9423aad721b066,0.005376344086021506,10000,215,12630000,outputs.mapping/bams.cds.rand/SRR7182028.x.s__Prevotella sp002251295.fastq.gz,SRR7182028.x.s__Prevotella sp002251295,bc49b5b3,22580000,51,DNA,10000,2258,True,0.8594897605073661,0.9026091799725088,0.8810494702399374,0.9026091799725088,True,2,5945,7689,d__Bacteria;p__Bacteroidota;c__Bacteroidia;o__Bacteroidales;f__Bacteroidaceae;g__Bacteroides;s__Bacteroides sp945836915
320000,0.0141718334809566,0.0036101083032490976,0.0004428697962798937,0.0009103914683313824,7.0,7.0,0.0,/group/ctbrowngrp5/sourmash-db.new/gtdb-rs226/gtdb-rs226-k51.dna.rocksdb,GCF_000833955.1 Prevotella pectinovora,f21257989e56fba1d557f96b9512fcd5,0.11552346570397112,10000,216,12620000,outputs.mapping/bams.cds.rand/SRR7182028.x.s__Prevotella sp002251295.fastq.gz,SRR7182028.x.s__Prevotella sp002251295,bc49b5b3,22580000,51,DNA,10000,2258,True,0.9199271824282275,0.9585637130097445,0.939245447718986,0.9585637130097445,False,7,5952,7689,d__Bacteria;p__Bacteroidota;c__Bacteroidia;o__Bacteroidales;f__Bacteroidaceae;g__Prevotella;s__Prevotella pectinovora
2140000,0.09477413640389726,0.004016064257028112,0.0004428697962798937,0.0005202236961893615,4.0,4.0,0.0,/group/ctbrowngrp5/sourmash-db.new/gtdb-rs226/gtdb-rs226-k51.dna.rocksdb,GCA_945875465.1 uncultured Prevotella sp.,cc4bfec01bc335f8fdee95c70e713a90,0.8594377510040161,10000,217,12610000,outputs.mapping/bams.cds.rand/SRR7182028.x.s__Prevotella sp002251295.fastq.gz,SRR7182028.x.s__Prevotella sp002251295,bc49b5b3,22580000,51,DNA,10000,2258,True,0.9548498733278973,0.9970342715567999,0.9759420724423487,0.9970342715567999,False,4,5956,7689,d__Bacteria;p__Bacteroidota;c__Bacteroidia;o__Bacteroidales;f__Bacteroidaceae;g__Prevotella;s__Prevotella sp002251295
10000,0.0004428697962798937,0.002857142857142857,0.0004428697962798937,0.0003901677721420211,3.0,3.0,0.0,/group/ctbrowngrp5/sourmash-db.new/gtdb-rs226/gtdb-rs226-k51.dna.rocksdb,GCA_019417385.1 Bacteroidales bacterium,387bdb1efa6478d4699b1d62f76c5e5d,0.002857142857142857,10000,218,12600000,outputs.mapping/bams.cds.rand/SRR7182028.x.s__Prevotella sp002251295.fastq.gz,SRR7182028.x.s__Prevotella sp002251295,bc49b5b3,22580000,51,DNA,10000,2258,True,0.8594897605073661,0.8914896651476225,0.8754897128274943,0.8914896651476225,True,3,5959,7689,d__Bacteria;p__Bacteroidota;c__Bacteroidia;o__Bacteroidales;f__UBA932;g__Cryptobacteroides;s__Cryptobacteroides sp000433355
20000,0.0008857395925597874,0.0025906735751295338,0.0004428697962798937,0.0007803355442840422,6.0,6.0,0.0,/group/ctbrowngrp5/sourmash-db.new/gtdb-rs226/gtdb-rs226-k51.dna.rocksdb,GCF_014837065.1 Phocaeicola intestinalis,759f9e6a61e59910b0d4fc88a4bf6015,0.0051813471502590676,10000,219,12590000,outputs.mapping/bams.cds.rand/SRR7182028.x.s__Prevotella sp002251295.fastq.gz,SRR7182028.x.s__Prevotella sp002251295,bc49b5b3,22580000,51,DNA,10000,2258,True,0.8712509327185177,0.9019555822980565,0.8866032575082872,0.9019555822980565,True,6,5965,7689,d__Bacteria;p__Bacteroidota;c__Bacteroidia;o__Bacteroidales;f__Bacteroidaceae;g__Phocaeicola;s__Phocaeicola intestinalis
2200000,0.09743135518157661,0.0033112582781456954,0.0004428697962798937,0.00013005592404734037,1.0,1.0,0.0,/group/ctbrowngrp5/sourmash-db.new/gtdb-rs226/gtdb-rs226-k51.dna.rocksdb,GCF_002251205.1 Prevotella sp. P3-92,b6283b5be50f1fe8b629965ddd8eecad,0.7284768211920529,10000,220,12580000,outputs.mapping/bams.cds.rand/SRR7182028.x.s__Prevotella sp002251295.fastq.gz,SRR7182028.x.s__Prevotella sp002251295,bc49b5b3,22580000,51,DNA,10000,2258,True,0.9553677207823843,0.993807498726456,0.9745876097544202,0.993807498726456,False,1,5966,7689,d__Bacteria;p__Bacteroidota;c__Bacteroidia;o__Bacteroidales;f__Bacteroidaceae;g__Prevotella;s__Prevotella sp002251295
2160000,0.09565987599645705,0.00390625,0.0004428697962798937,0.0011705033164260631,9.0,9.0,0.0,/group/ctbrowngrp5/sourmash-db.new/gtdb-rs226/gtdb-rs226-k51.dna.rocksdb,GCA_034114805.1 Prevotella sp.,ec122dc962b7b1967f2268fbccc7f3af,0.84375,10000,221,12570000,outputs.mapping/bams.cds.rand/SRR7182028.x.s__Prevotella sp002251295.fastq.gz,SRR7182028.x.s__Prevotella sp002251295,bc49b5b3,22580000,51,DNA,10000,2258,True,0.9550240536921659,0.9966741891392386,0.9758491214157022,0.9966741891392386,False,9,5975,7689,d__Bacteria;p__Bacteroidota;c__Bacteroidia;o__Bacteroidales;f__Bacteroidaceae;g__Prevotella;s__Prevotella sp002251295
20000,0.0008857395925597874,0.00625,0.0004428697962798937,0.00026011184809468074,2.0,2.0,0.0,/group/ctbrowngrp5/sourmash-db.new/gtdb-rs226/gtdb-rs226-k51.dna.rocksdb,GCA_016292375.1 Bacteroidaceae bacterium,4db7105029da4595e480a9e87004f913,0.0125,10000,222,12560000,outputs.mapping/bams.cds.rand/SRR7182028.x.s__Prevotella sp002251295.fastq.gz,SRR7182028.x.s__Prevotella sp002251295,bc49b5b3,22580000,51,DNA,10000,2258,True,0.8712509327185177,0.9176657229678244,0.894458327843171,0.9176657229678244,True,2,5977,7689,d__Bacteria;p__Bacteroidota;c__Bacteroidia;o__Bacteroidales;f__Bacteroidaceae;g__Prevotella;s__Prevotella sp004557285
40000,0.001771479185119575,0.00425531914893617,0.0004428697962798937,0.00013005592404734037,1.0,1.0,0.0,/group/ctbrowngrp5/sourmash-db.new/gtdb-rs226/gtdb-rs226-k51.dna.rocksdb,GCA_029013245.1 Prevotellaceae bacterium,72e1c0c96e4b4b0e1339d1a5a71aab3f,0.01702127659574468,10000,223,12550000,outputs.mapping/bams.cds.rand/SRR7182028.x.s__Prevotella sp002251295.fastq.gz,SRR7182028.x.s__Prevotella sp002251295,bc49b5b3,22580000,51,DNA,10000,2258,True,0.8831730436378847,0.9232377866545154,0.9032054151462001,0.9232377866545154,True,1,5978,7689,d__Bacteria;p__Bacteroidota;c__Bacteroidia;o__Bacteroidales;f__Bacteroidaceae;g__Prevotella;s__Prevotella sp945637645
20000,0.0008857395925597874,0.005,0.0004428697962798937,0.00026011184809468074,2.0,2.0,0.0,/group/ctbrowngrp5/sourmash-db.new/gtdb-rs226/gtdb-rs226-k51.dna.rocksdb,GCA_945836695.1 uncultured Prevotella sp.,54ba81bc3399602df0fe0c03141db969,0.01,10000,224,12540000,outputs.mapping/bams.cds.rand/SRR7182028.x.s__Prevotella sp002251295.fastq.gz,SRR7182028.x.s__Prevotella sp002251295,bc49b5b3,22580000,51,DNA,10000,2258,True,0.8712509327185177,0.9136593726391776,0.8924551526788477,0.9136593726391776,True,2,5980,7689,d__Bacteria;p__Bacteroidota;c__Bacteroidia;o__Bacteroidales;f__Bacteroidaceae;g__Prevotella;s__Prevotella sp900313215
80000,0.00354295837023915,0.002840909090909091,0.0004428697962798937,0.0005202236961893615,4.0,4.0,0.0,/group/ctbrowngrp5/sourmash-db.new/gtdb-rs226/gtdb-rs226-k51.dna.rocksdb,GCF_009495355.1 Segatella copri,df10afd343e2bcdc7863ba59d6ded0bf,0.022727272727272728,10000,225,12530000,outputs.mapping/bams.cds.rand/SRR7182028.x.s__Prevotella sp002251295.fastq.gz,SRR7182028.x.s__Prevotella sp002251295,bc49b5b3,22580000,51,DNA,10000,2258,True,0.8952582955347084,0.9284861667955484,0.9118722311651284,0.9284861667955484,False,4,5984,7689,d__Bacteria;p__Bacteroidota;c__Bacteroidia;o__Bacteroidales;f__Bacteroidaceae;g__Prevotella;s__Prevotella sp900313215
10000,0.0004428697962798937,0.002688172043010753,0.0004428697962798937,0.00013005592404734037,1.0,1.0,0.0,/group/ctbrowngrp5/sourmash-db.new/gtdb-rs226/gtdb-rs226-k51.dna.rocksdb,GCA_023230175.1 Candidatus Cloacimonadota bacterium,26a0ddfbfdad532ee09a74ef9727a05b,0.002688172043010753,10000,226,12520000,outputs.mapping/bams.cds.rand/SRR7182028.x.s__Prevotella sp002251295.fastq.gz,SRR7182028.x.s__Prevotella sp002251295,bc49b5b3,22580000,51,DNA,10000,2258,True,0.8594897605073661,0.8904246971715558,0.8749572288394609,0.8904246971715558,True,1,5985,7689,d__Bacteria;p__Cloacimonadota;c__Cloacimonadia;o__Cloacimonadales;f__WRIO01;g__JALNXV01;s__JALNXV01 sp023230175
20000,0.0008857395925597874,0.004830917874396135,0.0004428697962798937,0.00013005592404734037,1.0,1.0,0.0,/group/ctbrowngrp5/sourmash-db.new/gtdb-rs226/gtdb-rs226-k51.dna.rocksdb,GCA_945870285.1 uncultured Bacteroidales bacterium,70be8db0f4593e4db51c6957ef0a744d,0.00966183574879227,10000,227,12510000,outputs.mapping/bams.cds.rand/SRR7182028.x.s__Prevotella sp002251295.fastq.gz,SRR7182028.x.s__Prevotella sp002251295,bc49b5b3,22580000,51,DNA,10000,2258,True,0.8712509327185177,0.9130432826867383,0.892147107702628,0.9130432826867383,True,1,5986,7689,d__Bacteria;p__Bacteroidota;c__Bacteroidia;o__Bacteroidales;f__UBA932;g__Cryptobacteroides;s__Cryptobacteroides sp004554455
10000,0.0004428697962798937,0.003278688524590164,0.0004428697962798937,0.00013005592404734037,1.0,1.0,0.0,/group/ctbrowngrp5/sourmash-db.new/gtdb-rs226/gtdb-rs226-k51.dna.rocksdb,GCA_945927535.1 uncultured Bacteroidales bacterium,f03ca41e9be0fd7a3aa869f64cbbee55,0.003278688524590164,10000,228,12500000,outputs.mapping/bams.cds.rand/SRR7182028.x.s__Prevotella sp002251295.fastq.gz,SRR7182028.x.s__Prevotella sp002251295,bc49b5b3,22580000,51,DNA,10000,2258,True,0.8594897605073661,0.8938985616055892,0.8766941610564777,0.8938985616055892,True,1,5987,7689,d__Bacteria;p__Bacteroidota;c__Bacteroidia;o__Bacteroidales;f__Bacteroidaceae;g__Alloprevotella;s__Alloprevotella sp945787885
50000,0.0022143489813994687,0.0045662100456621,0.0004428697962798937,0.00026011184809468074,2.0,2.0,0.0,/group/ctbrowngrp5/sourmash-db.new/gtdb-rs226/gtdb-rs226-k51.dna.rocksdb,GCA_022772425.1 Prevotella sp.,c1741d29f2483c1cc7455a088a186ac9,0.0228310502283105,10000,229,12490000,outputs.mapping/bams.cds.rand/SRR7182028.x.s__Prevotella sp002251295.fastq.gz,SRR7182028.x.s__Prevotella sp002251295,bc49b5b3,22580000,51,DNA,10000,2258,True,0.8870457129494358,0.9285691119243834,0.9078074124369095,0.9285691119243834,True,2,5989,7689,d__Bacteria;p__Bacteroidota;c__Bacteroidia;o__Bacteroidales;f__Bacteroidaceae;g__Prevotella;s__Prevotella sp002299275
20000,0.0008857395925597874,0.004739336492890996,0.0004428697962798937,0.0003901677721420211,3.0,3.0,0.0,/group/ctbrowngrp5/sourmash-db.new/gtdb-rs226/gtdb-rs226-k51.dna.rocksdb,GCA_018384745.1 Caryophanon sp.,dd06a5ea864c576518223f9a142ff865,0.009478672985781991,10000,230,12480000,outputs.mapping/bams.cds.rand/SRR7182028.x.s__Prevotella sp002251295.fastq.gz,SRR7182028.x.s__Prevotella sp002251295,bc49b5b3,22580000,51,DNA,10000,2258,True,0.8712509327185177,0.9127006990122944,0.8919758158654061,0.9127006990122944,True,3,5992,7689,d__Bacteria;p__Bacillota;c__Bacilli;o__Bacillales_A;f__Planococcaceae;g__Caryophanon;s__Caryophanon sp018384745
160000,0.0070859167404783,0.0035335689045936395,0.0004428697962798937,0.00026011184809468074,2.0,2.0,0.0,/group/ctbrowngrp5/sourmash-db.new/gtdb-rs226/gtdb-rs226-k51.dna.rocksdb,GCF_902474095.1 uncultured Prevotella sp.,bb304d18f425b7f055bce2dbce2b6ac6,0.05653710247349823,10000,231,12470000,outputs.mapping/bams.cds.rand/SRR7182028.x.s__Prevotella sp002251295.fastq.gz,SRR7182028.x.s__Prevotella sp002251295,bc49b5b3,22580000,51,DNA,10000,2258,True,0.9075089208138627,0.9452266372554913,0.9263677790346769,0.9452266372554913,False,2,5994,7689,d__Bacteria;p__Bacteroidota;c__Bacteroidia;o__Bacteroidales;f__Bacteroidaceae;g__Prevotella;s__Prevotella sp905193385
230000,0.010186005314437556,0.002717391304347826,0.0004428697962798937,0.00013005592404734037,1.0,1.0,0.0,/group/ctbrowngrp5/sourmash-db.new/gtdb-rs226/gtdb-rs226-k51.dna.rocksdb,GCA_036312745.1 Segatella copri,8b76ff2c47519ef621e3f391cfb5939b,0.0625,10000,232,12460000,outputs.mapping/bams.cds.rand/SRR7182028.x.s__Prevotella sp002251295.fastq.gz,SRR7182028.x.s__Prevotella sp002251295,bc49b5b3,22580000,51,DNA,10000,2258,True,0.9139895975769269,0.9470868448726294,0.9305382212247781,0.9470868448726294,False,1,5995,7689,d__Bacteria;p__Bacteroidota;c__Bacteroidia;o__Bacteroidales;f__Bacteroidaceae;g__Prevotella;s__Prevotella copri_E
280000,0.012400354295837024,0.0029498525073746312,0.0004428697962798937,0.0007803355442840422,6.0,6.0,0.0,/group/ctbrowngrp5/sourmash-db.new/gtdb-rs226/gtdb-rs226-k51.dna.rocksdb,GCA_945914375.1 uncultured Prevotella sp.,37c1039f6d8d6a2b5de546a417bd9564,0.08259587020648967,10000,233,12450000,outputs.mapping/bams.cds.rand/SRR7182028.x.s__Prevotella sp002251295.fastq.gz,SRR7182028.x.s__Prevotella sp002251295,bc49b5b3,22580000,51,DNA,10000,2258,True,0.91752172192912,0.9522783019924282,0.9349000119607741,0.9522783019924282,False,6,6001,7689,d__Bacteria;p__Bacteroidota;c__Bacteroidia;o__Bacteroidales;f__Bacteroidaceae;g__Prevotella;s__Prevotella sp022771625
